x,y,STATION_NAME,CLIMATE_IDENTIFIER,ID,LOCAL_DATE,PROVINCE_CODE,LOCAL_YEAR,LOCAL_MONTH,LOCAL_DAY,MEAN_TEMPERATURE,MEAN_TEMPERATURE_FLAG,MIN_TEMPERATURE,MIN_TEMPERATURE_FLAG,MAX_TEMPERATURE,MAX_TEMPERATURE_FLAG,TOTAL_PRECIPITATION,TOTAL_PRECIPITATION_FLAG,TOTAL_RAIN,TOTAL_RAIN_FLAG,TOTAL_SNOW,TOTAL_SNOW_FLAG,SNOW_ON_GROUND,SNOW_ON_GROUND_FLAG,DIRECTION_MAX_GUST,DIRECTION_MAX_GUST_FLAG,SPEED_MAX_GUST,SPEED_MAX_GUST_FLAG,COOLING_DEGREE_DAYS,COOLING_DEGREE_DAYS_FLAG,HEATING_DEGREE_DAYS,HEATING_DEGREE_DAYS_FLAG,MIN_REL_HUMIDITY,MIN_REL_HUMIDITY_FLAG,MAX_REL_HUMIDITY,MAX_REL_HUMIDITY_FLAG
-52.78472222222222,47.51555555555556,ST JOHN'S WEST CDA CS,8403605,8403605.2000.3.1,2000-03-01 00:00:00,NL,2000,3,1,1.6,,0.6,,2.6,,0.9,,,,,,,,,,,,0,,16.4,,,,,
-52.78472222222222,47.51555555555556,ST JOHN'S WEST CDA CS,8403605,8403605.2000.3.2,2000-03-02 00:00:00,NL,2000,3,2,3.8,,0.1,,7.5,,4.7,,,,,,,,,,,,0,,14.2,,,,,
-52.78472222222222,47.51555555555556,ST JOHN'S WEST CDA CS,8403605,8403605.2000.3.3,2000-03-03 00:00:00,NL,2000,3,3,,M,1.2,,,M,,M,,,,,,,,,,,,M,,M,,,,
-52.78472222222222,47.51555555555556,ST JOHN'S WEST CDA CS,8403605,8403605.2000.3.4,2000-03-04 00:00:00,NL,2000,3,4,,M,,M,,M,,M,,,,,,,,,,,,M,,M,,,,
-52.78472222222222,47.51555555555556,ST JOHN'S WEST CDA CS,8403605,8403605.2000.3.5,2000-03-05 00:00:00,NL,2000,3,5,,M,,M,,M,,M,,,,,,,,,,,,M,,M,,,,
-52.78472222222222,47.51555555555556,ST JOHN'S WEST CDA CS,8403605,8403605.2000.3.6,2000-03-06 00:00:00,NL,2000,3,6,-0.2,,-0.4,,0,,0,,,,,,,,,,,,0,,18.2,,,,,
-52.78472222222222,47.51555555555556,ST JOHN'S WEST CDA CS,8403605,8403605.2000.3.7,2000-03-07 00:00:00,NL,2000,3,7,-1.6,,-2.4,,-0.8,,1.3,,,,,,,,,,,,0,,19.6,,,,,
-52.78472222222222,47.51555555555556,ST JOHN'S WEST CDA CS,8403605,8403605.2000.3.8,2000-03-08 00:00:00,NL,2000,3,8,-1.4,,-2.8,,0.1,,2.5,,,,,,,,,,,,0,,19.4,,,,,
-52.78472222222222,47.51555555555556,ST JOHN'S WEST CDA CS,8403605,8403605.2000.3.9,2000-03-09 00:00:00,NL,2000,3,9,1,,-1.5,,3.5,,2.4,,,,,,,,,,,,0,,17,,,,,
-52.78472222222222,47.51555555555556,ST JOHN'S WEST CDA CS,8403605,8403605.2000.3.10,2000-03-10 00:00:00,NL,2000,3,10,3.4,,-0.7,,7.5,,5.7,,,,,,,,,,,,0,,14.6,,,,,
-52.78472222222222,47.51555555555556,ST JOHN'S WEST CDA CS,8403605,8403605.2000.3.11,2000-03-11 00:00:00,NL,2000,3,11,-7.8,,-8.6,,-7,,0,,,,,,,,,,,,0,,25.8,,,,,
-52.78472222222222,47.51555555555556,ST JOHN'S WEST CDA CS,8403605,8403605.2000.3.12,2000-03-12 00:00:00,NL,2000,3,12,-3.9,,-8.2,,0.5,,0.5,,,,,,,,,,,,0,,21.9,,,,,
-52.78472222222222,47.51555555555556,ST JOHN'S WEST CDA CS,8403605,8403605.2000.3.13,2000-03-13 00:00:00,NL,2000,3,13,0.1,,-4.1,,4.3,,4.3,,,,,,,,,,,,0,,17.9,,,,,
-52.78472222222222,47.51555555555556,ST JOHN'S WEST CDA CS,8403605,8403605.2000.3.14,2000-03-14 00:00:00,NL,2000,3,14,0.4,,-0.4,,1.1,,0,T,,,,,,,,,,,0,,17.6,,,,,
-52.78472222222222,47.51555555555556,ST JOHN'S WEST CDA CS,8403605,8403605.2000.3.15,2000-03-15 00:00:00,NL,2000,3,15,-0.8,,-6.3,,4.7,,0.2,,,,,,,,,,,,0,,18.8,,,,,
-52.78472222222222,47.51555555555556,ST JOHN'S WEST CDA CS,8403605,8403605.2000.3.16,2000-03-16 00:00:00,NL,2000,3,16,5.3,,0.1,,10.4,,2.6,,,,,,,,,,,,0,,12.7,,,,,
-52.78472222222222,47.51555555555556,ST JOHN'S WEST CDA CS,8403605,8403605.2000.3.17,2000-03-17 00:00:00,NL,2000,3,17,4.5,,-2.5,,11.4,,55,,,,,,,,,,,,0,,13.5,,,,,
-52.78472222222222,47.51555555555556,ST JOHN'S WEST CDA CS,8403605,8403605.2000.3.18,2000-03-18 00:00:00,NL,2000,3,18,-5.3,,-6.7,,-3.9,,,M,,,,,,,,,,,0,,23.3,,,,,
-52.78472222222222,47.51555555555556,ST JOHN'S WEST CDA CS,8403605,8403605.2000.3.19,2000-03-19 00:00:00,NL,2000,3,19,-3.6,,-7.4,,0.2,,0,,,,,,,,,,,,0,,21.6,,,,,
-52.78472222222222,47.51555555555556,ST JOHN'S WEST CDA CS,8403605,8403605.2000.3.20,2000-03-20 00:00:00,NL,2000,3,20,-1.4,,-3.4,,0.6,,0,,,,,,,,,,,,0,,19.4,,,,,
-52.78472222222222,47.51555555555556,ST JOHN'S WEST CDA CS,8403605,8403605.2000.3.21,2000-03-21 00:00:00,NL,2000,3,21,0.5,,-1.1,,2.1,,0,,,,,,,,,,,,0,,17.5,,,,,
-52.78472222222222,47.51555555555556,ST JOHN'S WEST CDA CS,8403605,8403605.2000.3.22,2000-03-22 00:00:00,NL,2000,3,22,-1.5,,-4.5,,1.6,,0,T,,,,,,,,,,,0,,19.5,,,,,
-52.78472222222222,47.51555555555556,ST JOHN'S WEST CDA CS,8403605,8403605.2000.3.23,2000-03-23 00:00:00,NL,2000,3,23,-1.2,,-8.3,,6,,0,T,,,,,,,,,,,0,,19.2,,,,,
-52.78472222222222,47.51555555555556,ST JOHN'S WEST CDA CS,8403605,8403605.2000.3.24,2000-03-24 00:00:00,NL,2000,3,24,0.9,,-4.1,,5.8,,0.2,,,,,,,,,,,,0,,17.1,,,,,
-52.78472222222222,47.51555555555556,ST JOHN'S WEST CDA CS,8403605,8403605.2000.3.25,2000-03-25 00:00:00,NL,2000,3,25,-1.8,,-3.6,,0,,0,,,,,,,,,,,,0,,19.8,,,,,
-52.78472222222222,47.51555555555556,ST JOHN'S WEST CDA CS,8403605,8403605.2000.3.26,2000-03-26 00:00:00,NL,2000,3,26,0.4,,-2.7,,3.5,,3,,,,,,,,,,,,0,,17.6,,,,,
-52.78472222222222,47.51555555555556,ST JOHN'S WEST CDA CS,8403605,8403605.2000.3.27,2000-03-27 00:00:00,NL,2000,3,27,1.5,,-2.7,,5.6,,6.1,,,,,,,,,,,,0,,16.5,,,,,
-52.78472222222222,47.51555555555556,ST JOHN'S WEST CDA CS,8403605,8403605.2000.3.28,2000-03-28 00:00:00,NL,2000,3,28,3.5,,0.9,,6,,0,,,,,,,,,,,,0,,14.5,,,,,
-52.78472222222222,47.51555555555556,ST JOHN'S WEST CDA CS,8403605,8403605.2000.3.29,2000-03-29 00:00:00,NL,2000,3,29,0.6,,-3.2,,4.3,,1.2,,,,,,,,,,,,0,,17.4,,,,,
-52.78472222222222,47.51555555555556,ST JOHN'S WEST CDA CS,8403605,8403605.2000.3.30,2000-03-30 00:00:00,NL,2000,3,30,4,,-0.3,,8.2,,0,,,,,,,,,,,,0,,14,,,,,
-52.78472222222222,47.51555555555556,ST JOHN'S WEST CDA CS,8403605,8403605.2000.3.31,2000-03-31 00:00:00,NL,2000,3,31,8.1,,0.7,,15.5,,0.2,,,,,,,,,,,,0,,9.9,,,,,
-52.78472222222222,47.51555555555556,ST JOHN'S WEST CDA CS,8403605,8403605.2000.4.1,2000-04-01 00:00:00,NL,2000,4,1,7.3,,4.6,,9.9,,1,,,,,,4,,,,,,0,,10.7,,,,,
-52.78472222222222,47.51555555555556,ST JOHN'S WEST CDA CS,8403605,8403605.2000.4.2,2000-04-02 00:00:00,NL,2000,4,2,4,,0.1,,7.9,,0,,,,,,0,,,,,,0,,14,,,,,
-52.78472222222222,47.51555555555556,ST JOHN'S WEST CDA CS,8403605,8403605.2000.4.3,2000-04-03 00:00:00,NL,2000,4,3,4.8,,1.2,,8.3,,0.5,,,,,,1,,,,,,0,,13.2,,,,,
-52.78472222222222,47.51555555555556,ST JOHN'S WEST CDA CS,8403605,8403605.2000.4.4,2000-04-04 00:00:00,NL,2000,4,4,5.5,,-0.2,,11.2,,4.3,,,,,,0,,,,,,0,,12.5,,,,,
-52.78472222222222,47.51555555555556,ST JOHN'S WEST CDA CS,8403605,8403605.2000.4.5,2000-04-05 00:00:00,NL,2000,4,5,7.8,,0.6,,14.9,,7.3,,,,,,0,,,,,,0,,10.2,,,,,
-52.78472222222222,47.51555555555556,ST JOHN'S WEST CDA CS,8403605,8403605.2000.4.6,2000-04-06 00:00:00,NL,2000,4,6,5.9,,3.9,,7.8,,0,,,,,,1,,,,,,0,,12.1,,,,,
-52.78472222222222,47.51555555555556,ST JOHN'S WEST CDA CS,8403605,8403605.2000.4.7,2000-04-07 00:00:00,NL,2000,4,7,5.9,,0.7,,11,,0,,,,,,0,,,,,,0,,12.1,,,,,
-52.78472222222222,47.51555555555556,ST JOHN'S WEST CDA CS,8403605,8403605.2000.4.8,2000-04-08 00:00:00,NL,2000,4,8,3.8,,-1.7,,9.2,,0,,,,,,0,,,,,,0,,14.2,,,,,
-52.78472222222222,47.51555555555556,ST JOHN'S WEST CDA CS,8403605,8403605.2000.4.9,2000-04-09 00:00:00,NL,2000,4,9,4.4,,-1.7,,10.4,,0,,,,,,0,,,,,,0,,13.6,,,,,
-52.78472222222222,47.51555555555556,ST JOHN'S WEST CDA CS,8403605,8403605.2000.4.10,2000-04-10 00:00:00,NL,2000,4,10,3.5,,-0.1,,7,,6.5,,,,,,0,,,,,,0,,14.5,,,,,
-52.78472222222222,47.51555555555556,ST JOHN'S WEST CDA CS,8403605,8403605.2000.4.11,2000-04-11 00:00:00,NL,2000,4,11,3.7,,1,,6.3,,4.5,,,,,,0,,,,,,0,,14.3,,,,,
-52.78472222222222,47.51555555555556,ST JOHN'S WEST CDA CS,8403605,8403605.2000.4.12,2000-04-12 00:00:00,NL,2000,4,12,0.9,,-1.4,,3.2,,0,,,,,,0,,,,,,0,,17.1,,,,,
-52.78472222222222,47.51555555555556,ST JOHN'S WEST CDA CS,8403605,8403605.2000.4.13,2000-04-13 00:00:00,NL,2000,4,13,1.8,,-2.8,,6.3,,4.7,,,,,,1,,,,,,0,,16.2,,,,,
-52.78472222222222,47.51555555555556,ST JOHN'S WEST CDA CS,8403605,8403605.2000.4.14,2000-04-14 00:00:00,NL,2000,4,14,1.1,,-2,,4.1,,0,,,,,,1,,,,,,0,,16.9,,,,,
-52.78472222222222,47.51555555555556,ST JOHN'S WEST CDA CS,8403605,8403605.2000.4.15,2000-04-15 00:00:00,NL,2000,4,15,1.1,,-2.1,,4.2,,0.7,,,,,,0,,,,,,0,,16.9,,,,,
-52.78472222222222,47.51555555555556,ST JOHN'S WEST CDA CS,8403605,8403605.2000.4.16,2000-04-16 00:00:00,NL,2000,4,16,3.1,,0.9,,5.2,,0,,,,,,1,,,,,,0,,14.9,,,,,
-52.78472222222222,47.51555555555556,ST JOHN'S WEST CDA CS,8403605,8403605.2000.4.17,2000-04-17 00:00:00,NL,2000,4,17,-0.9,,-2.3,,0.6,,0.3,,,,,,1,,,,,,0,,18.9,,,,,
-52.78472222222222,47.51555555555556,ST JOHN'S WEST CDA CS,8403605,8403605.2000.4.18,2000-04-18 00:00:00,NL,2000,4,18,0.3,,-4.6,,5.1,,0,,,,,,0,,,,,,0,,17.7,,,,,
-52.78472222222222,47.51555555555556,ST JOHN'S WEST CDA CS,8403605,8403605.2000.4.19,2000-04-19 00:00:00,NL,2000,4,19,-0.4,,-6.4,,5.6,,0,,,,,,0,,,,,,0,,18.4,,,,,
-52.78472222222222,47.51555555555556,ST JOHN'S WEST CDA CS,8403605,8403605.2000.4.20,2000-04-20 00:00:00,NL,2000,4,20,-1.7,,-6.6,,3.2,,8.4,,,,,,1,,,,,,0,,19.7,,,,,
-52.78472222222222,47.51555555555556,ST JOHN'S WEST CDA CS,8403605,8403605.2000.4.21,2000-04-21 00:00:00,NL,2000,4,21,0,,-1.6,,1.6,,2.8,,,,,,9,,,,,,0,,18,,,,,
-52.78472222222222,47.51555555555556,ST JOHN'S WEST CDA CS,8403605,8403605.2000.4.22,2000-04-22 00:00:00,NL,2000,4,22,1.8,,-1.7,,5.2,,0,,,,,,5,,,,,,0,,16.2,,,,,
-52.78472222222222,47.51555555555556,ST JOHN'S WEST CDA CS,8403605,8403605.2000.4.23,2000-04-23 00:00:00,NL,2000,4,23,2.3,,-1.9,,6.5,,3,,,,,,1,,,,,,0,,15.7,,,,,
-52.78472222222222,47.51555555555556,ST JOHN'S WEST CDA CS,8403605,8403605.2000.4.24,2000-04-24 00:00:00,NL,2000,4,24,5.6,,0.7,,10.5,,5.6,,,,,,0,,,,,,0,,12.4,,,,,
-52.78472222222222,47.51555555555556,ST JOHN'S WEST CDA CS,8403605,8403605.2000.4.25,2000-04-25 00:00:00,NL,2000,4,25,9,,6.5,,11.4,,1.6,,,,,,1,,,,,,0,,9,,,,,
-52.78472222222222,47.51555555555556,ST JOHN'S WEST CDA CS,8403605,8403605.2000.4.26,2000-04-26 00:00:00,NL,2000,4,26,2,,-1.3,,5.3,,0.3,,,,,,2,,,,,,0,,16,,,,,
-52.78472222222222,47.51555555555556,ST JOHN'S WEST CDA CS,8403605,8403605.2000.4.27,2000-04-27 00:00:00,NL,2000,4,27,4.8,,-4,,13.5,,0.8,,,,,,1,,,,,,0,,13.2,,,,,
-52.78472222222222,47.51555555555556,ST JOHN'S WEST CDA CS,8403605,8403605.2000.4.28,2000-04-28 00:00:00,NL,2000,4,28,7.8,,2.6,,12.9,,5,,,,,,1,,,,,,0,,10.2,,,,,
-52.78472222222222,47.51555555555556,ST JOHN'S WEST CDA CS,8403605,8403605.2000.4.29,2000-04-29 00:00:00,NL,2000,4,29,4.8,,3.2,,6.3,,4.2,,,,,,1,,,,,,0,,13.2,,,,,
-52.78472222222222,47.51555555555556,ST JOHN'S WEST CDA CS,8403605,8403605.2000.4.30,2000-04-30 00:00:00,NL,2000,4,30,5.8,,0.2,,11.3,,9.6,,,,,,0,,,,,,0,,12.2,,,,,
-52.78472222222222,47.51555555555556,ST JOHN'S WEST CDA CS,8403605,8403605.2000.5.1,2000-05-01 00:00:00,NL,2000,5,1,4.1,,1.8,,6.4,,0.8,,,,,,0,,,,,,0,,13.9,,,,,
-52.78472222222222,47.51555555555556,ST JOHN'S WEST CDA CS,8403605,8403605.2000.5.2,2000-05-02 00:00:00,NL,2000,5,2,6.1,,1,,11.2,,10.1,,,,,,0,,,,,,0,,11.9,,,,,
-52.78472222222222,47.51555555555556,ST JOHN'S WEST CDA CS,8403605,8403605.2000.5.3,2000-05-03 00:00:00,NL,2000,5,3,5.8,,3,,8.6,,0,,,,,,0,,,,,,0,,12.2,,,,,
-52.78472222222222,47.51555555555556,ST JOHN'S WEST CDA CS,8403605,8403605.2000.5.4,2000-05-04 00:00:00,NL,2000,5,4,5.1,,-1.4,,11.5,,0,,,,,,0,,,,,,0,,12.9,,,,,
-52.78472222222222,47.51555555555556,ST JOHN'S WEST CDA CS,8403605,8403605.2000.5.5,2000-05-05 00:00:00,NL,2000,5,5,6.1,,-0.4,,12.5,,0.2,,,,,,0,,,,,,0,,11.9,,,,,
-52.78472222222222,47.51555555555556,ST JOHN'S WEST CDA CS,8403605,8403605.2000.5.6,2000-05-06 00:00:00,NL,2000,5,6,4.5,,2.5,,6.4,,0,,,,,,0,,,,,,0,,13.5,,,,,
-52.78472222222222,47.51555555555556,ST JOHN'S WEST CDA CS,8403605,8403605.2000.5.7,2000-05-07 00:00:00,NL,2000,5,7,1.5,,-2.9,,5.8,,0,,,,,,0,,,,,,0,,16.5,,,,,
-52.78472222222222,47.51555555555556,ST JOHN'S WEST CDA CS,8403605,8403605.2000.5.8,2000-05-08 00:00:00,NL,2000,5,8,0.4,,-3,,3.8,,5.3,,,,,,0,,,,,,0,,17.6,,,,,
-52.78472222222222,47.51555555555556,ST JOHN'S WEST CDA CS,8403605,8403605.2000.5.9,2000-05-09 00:00:00,NL,2000,5,9,3.4,,0.4,,6.4,,0,,,,,,0,,,,,,0,,14.6,,,,,
-52.78472222222222,47.51555555555556,ST JOHN'S WEST CDA CS,8403605,8403605.2000.5.10,2000-05-10 00:00:00,NL,2000,5,10,4.6,,0.7,,8.5,,0,,,,,,0,,,,,,0,,13.4,,,,,
-52.78472222222222,47.51555555555556,ST JOHN'S WEST CDA CS,8403605,8403605.2000.5.11,2000-05-11 00:00:00,NL,2000,5,11,4.2,,-3.2,,11.5,,0.7,,,,,,0,,,,,,0,,13.8,,,,,
-52.78472222222222,47.51555555555556,ST JOHN'S WEST CDA CS,8403605,8403605.2000.5.12,2000-05-12 00:00:00,NL,2000,5,12,4.5,,1.2,,7.8,,10.6,,,,,,0,,,,,,0,,13.5,,,,,
-52.78472222222222,47.51555555555556,ST JOHN'S WEST CDA CS,8403605,8403605.2000.5.13,2000-05-13 00:00:00,NL,2000,5,13,6.4,,3.8,,9,,2,,,,,,0,,,,,,0,,11.6,,,,,
-52.78472222222222,47.51555555555556,ST JOHN'S WEST CDA CS,8403605,8403605.2000.5.14,2000-05-14 00:00:00,NL,2000,5,14,9.8,,4,,15.6,,0,T,,,,,0,,,,,,0,,8.2,,,,,
-52.78472222222222,47.51555555555556,ST JOHN'S WEST CDA CS,8403605,8403605.2000.5.15,2000-05-15 00:00:00,NL,2000,5,15,13.4,,6,,20.8,,0,,,,,,0,,,,,,0,,4.6,,,,,
-52.78472222222222,47.51555555555556,ST JOHN'S WEST CDA CS,8403605,8403605.2000.5.16,2000-05-16 00:00:00,NL,2000,5,16,13.1,,8.6,,17.5,,4.2,,,,,,0,,,,,,0,,4.9,,,,,
-52.78472222222222,47.51555555555556,ST JOHN'S WEST CDA CS,8403605,8403605.2000.5.17,2000-05-17 00:00:00,NL,2000,5,17,12.6,,6.9,,18.2,,0,,,,,,0,,,,,,0,,5.4,,,,,
-52.78472222222222,47.51555555555556,ST JOHN'S WEST CDA CS,8403605,8403605.2000.5.18,2000-05-18 00:00:00,NL,2000,5,18,11.9,,6,,17.7,,0,,,,,,0,,,,,,0,,6.1,,,,,
-52.78472222222222,47.51555555555556,ST JOHN'S WEST CDA CS,8403605,8403605.2000.5.19,2000-05-19 00:00:00,NL,2000,5,19,12.4,,9.1,,15.6,,0.6,,,,,,0,,,,,,0,,5.6,,,,,
-52.78472222222222,47.51555555555556,ST JOHN'S WEST CDA CS,8403605,8403605.2000.5.20,2000-05-20 00:00:00,NL,2000,5,20,8.8,,5.1,,12.4,,0,,,,,,0,,,,,,0,,9.2,,,,,
-52.78472222222222,47.51555555555556,ST JOHN'S WEST CDA CS,8403605,8403605.2000.5.21,2000-05-21 00:00:00,NL,2000,5,21,6.1,,3.1,,9,,0,,,,,,0,,,,,,0,,11.9,,,,,
-52.78472222222222,47.51555555555556,ST JOHN'S WEST CDA CS,8403605,8403605.2000.5.22,2000-05-22 00:00:00,NL,2000,5,22,5.7,,-1.6,,13,,0,T,,,,,0,,,,,,0,,12.3,,,,,
-52.78472222222222,47.51555555555556,ST JOHN'S WEST CDA CS,8403605,8403605.2000.5.23,2000-05-23 00:00:00,NL,2000,5,23,7.2,,0.5,,13.9,,0.2,,,,,,0,,,,,,0,,10.8,,,,,
-52.78472222222222,47.51555555555556,ST JOHN'S WEST CDA CS,8403605,8403605.2000.5.24,2000-05-24 00:00:00,NL,2000,5,24,5.5,,3.8,,7.1,,13.5,,,,,,0,,,,,,0,,12.5,,,,,
-52.78472222222222,47.51555555555556,ST JOHN'S WEST CDA CS,8403605,8403605.2000.5.25,2000-05-25 00:00:00,NL,2000,5,25,9.1,,3.5,,14.6,,16.9,,,,,,0,,,,,,0,,8.9,,,,,
-52.78472222222222,47.51555555555556,ST JOHN'S WEST CDA CS,8403605,8403605.2000.5.26,2000-05-26 00:00:00,NL,2000,5,26,13.4,,10.2,,16.6,,1.4,,,,,,0,,,,,,0,,4.6,,,,,
-52.78472222222222,47.51555555555556,ST JOHN'S WEST CDA CS,8403605,8403605.2000.5.27,2000-05-27 00:00:00,NL,2000,5,27,12.9,,6.8,,18.9,,3.4,,,,,,0,,,,,,0,,5.1,,,,,
-52.78472222222222,47.51555555555556,ST JOHN'S WEST CDA CS,8403605,8403605.2000.5.28,2000-05-28 00:00:00,NL,2000,5,28,8,,5.8,,10.2,,0,,,,,,0,,,,,,0,,10,,,,,
-52.78472222222222,47.51555555555556,ST JOHN'S WEST CDA CS,8403605,8403605.2000.5.29,2000-05-29 00:00:00,NL,2000,5,29,4.5,,3.3,,5.7,,0.2,,,,,,0,,,,,,0,,13.5,,,,,
-52.78472222222222,47.51555555555556,ST JOHN'S WEST CDA CS,8403605,8403605.2000.5.30,2000-05-30 00:00:00,NL,2000,5,30,5.8,,-0.3,,11.8,,0,T,,,,,0,,,,,,0,,12.2,,,,,
-52.78472222222222,47.51555555555556,ST JOHN'S WEST CDA CS,8403605,8403605.2000.5.31,2000-05-31 00:00:00,NL,2000,5,31,9.1,,-1.2,,19.3,,0,,,,,,0,,,,,,0,,8.9,,,,,
-52.78472222222222,47.51555555555556,ST JOHN'S WEST CDA CS,8403605,8403605.2000.6.1,2000-06-01 00:00:00,NL,2000,6,1,11.9,,7.4,,16.3,,1.7,,,,,,0,,,,,,0,,6.1,,,,,
-52.78472222222222,47.51555555555556,ST JOHN'S WEST CDA CS,8403605,8403605.2000.6.2,2000-06-02 00:00:00,NL,2000,6,2,12.6,,6.3,,18.9,,0,T,,,,,0,,,,,,0,,5.4,,,,,
-52.78472222222222,47.51555555555556,ST JOHN'S WEST CDA CS,8403605,8403605.2000.6.3,2000-06-03 00:00:00,NL,2000,6,3,9.1,,6.2,,11.9,,11.9,,,,,,0,,,,,,0,,8.9,,,,,
-52.78472222222222,47.51555555555556,ST JOHN'S WEST CDA CS,8403605,8403605.2000.6.4,2000-06-04 00:00:00,NL,2000,6,4,9.8,,4.7,,14.8,,0,,,,,,0,,,,,,0,,8.2,,,,,
-52.78472222222222,47.51555555555556,ST JOHN'S WEST CDA CS,8403605,8403605.2000.6.5,2000-06-05 00:00:00,NL,2000,6,5,9.6,,4.8,,14.4,,0,,,,,,0,,,,,,0,,8.4,,,,,
-52.78472222222222,47.51555555555556,ST JOHN'S WEST CDA CS,8403605,8403605.2000.6.6,2000-06-06 00:00:00,NL,2000,6,6,7.2,,2.1,,12.2,,0,,,,,,0,,,,,,0,,10.8,,,,,
-52.78472222222222,47.51555555555556,ST JOHN'S WEST CDA CS,8403605,8403605.2000.6.7,2000-06-07 00:00:00,NL,2000,6,7,10.4,,2.9,,17.8,,24.7,,,,,,0,,,,,,0,,7.6,,,,,
-52.78472222222222,47.51555555555556,ST JOHN'S WEST CDA CS,8403605,8403605.2000.6.8,2000-06-08 00:00:00,NL,2000,6,8,11.8,,7.7,,15.9,,0,,,,,,0,,,,,,0,,6.2,,,,,
-52.78472222222222,47.51555555555556,ST JOHN'S WEST CDA CS,8403605,8403605.2000.6.9,2000-06-09 00:00:00,NL,2000,6,9,9.7,,2.8,,16.5,,2.2,,,,,,0,,,,,,0,,8.3,,,,,
-52.78472222222222,47.51555555555556,ST JOHN'S WEST CDA CS,8403605,8403605.2000.6.10,2000-06-10 00:00:00,NL,2000,6,10,10.6,,6.1,,15,,0.2,,,,,,0,,,,,,0,,7.4,,,,,
-52.78472222222222,47.51555555555556,ST JOHN'S WEST CDA CS,8403605,8403605.2000.6.11,2000-06-11 00:00:00,NL,2000,6,11,8.7,,3.5,,13.9,,0,,,,,,0,,,,,,0,,9.3,,,,,
-52.78472222222222,47.51555555555556,ST JOHN'S WEST CDA CS,8403605,8403605.2000.6.12,2000-06-12 00:00:00,NL,2000,6,12,7.6,,3.5,,11.7,,0,T,,,,,0,,,,,,0,,10.4,,,,,
-52.78472222222222,47.51555555555556,ST JOHN'S WEST CDA CS,8403605,8403605.2000.6.13,2000-06-13 00:00:00,NL,2000,6,13,6.4,,-0.3,,13,,0.9,,,,,,0,,,,,,0,,11.6,,,,,
-52.78472222222222,47.51555555555556,ST JOHN'S WEST CDA CS,8403605,8403605.2000.6.14,2000-06-14 00:00:00,NL,2000,6,14,10.6,,4,,17.2,,0,T,,,,,0,,,,,,0,,7.4,,,,,
-52.78472222222222,47.51555555555556,ST JOHN'S WEST CDA CS,8403605,8403605.2000.6.15,2000-06-15 00:00:00,NL,2000,6,15,14.1,,8.5,,19.6,,2.2,,,,,,0,,,,,,0,,3.9,,,,,
-52.78472222222222,47.51555555555556,ST JOHN'S WEST CDA CS,8403605,8403605.2000.6.16,2000-06-16 00:00:00,NL,2000,6,16,15,,10.7,,19.2,,9.2,,,,,,0,,,,,,0,,3,,,,,
-52.78472222222222,47.51555555555556,ST JOHN'S WEST CDA CS,8403605,8403605.2000.6.17,2000-06-17 00:00:00,NL,2000,6,17,20.1,,13.5,,26.6,,0,,,,,,0,,,,,,2.1,,0,,,,,
-52.78472222222222,47.51555555555556,ST JOHN'S WEST CDA CS,8403605,8403605.2000.6.18,2000-06-18 00:00:00,NL,2000,6,18,18.5,,11.7,,25.3,,0,,,,,,0,,,,,,0.5,,0,,,,,
-52.78472222222222,47.51555555555556,ST JOHN'S WEST CDA CS,8403605,8403605.2000.6.19,2000-06-19 00:00:00,NL,2000,6,19,11.4,,6.2,,16.6,,0,T,,,,,0,,,,,,0,,6.6,,,,,
-52.78472222222222,47.51555555555556,ST JOHN'S WEST CDA CS,8403605,8403605.2000.6.20,2000-06-20 00:00:00,NL,2000,6,20,14.8,,8.8,,20.8,,0,,,,,,0,,,,,,0,,3.2,,,,,
-52.78472222222222,47.51555555555556,ST JOHN'S WEST CDA CS,8403605,8403605.2000.6.21,2000-06-21 00:00:00,NL,2000,6,21,9.5,,6,,12.9,,0,,,,,,0,,,,,,0,,8.5,,,,,
-52.78472222222222,47.51555555555556,ST JOHN'S WEST CDA CS,8403605,8403605.2000.6.22,2000-06-22 00:00:00,NL,2000,6,22,12.8,,6.3,,19.3,,0.2,,,,,,0,,,,,,0,,5.2,,,,,
-52.78472222222222,47.51555555555556,ST JOHN'S WEST CDA CS,8403605,8403605.2000.6.23,2000-06-23 00:00:00,NL,2000,6,23,17,,11.3,,22.6,,0,T,,,,,0,,,,,,0,,1,,,,,
-52.78472222222222,47.51555555555556,ST JOHN'S WEST CDA CS,8403605,8403605.2000.6.24,2000-06-24 00:00:00,NL,2000,6,24,16.3,,12,,20.6,,0,,,,,,0,,,,,,0,,1.7,,,,,
-52.78472222222222,47.51555555555556,ST JOHN'S WEST CDA CS,8403605,8403605.2000.6.25,2000-06-25 00:00:00,NL,2000,6,25,15.1,,7.1,,23,,0,T,,,,,0,,,,,,0,,2.9,,,,,
-52.78472222222222,47.51555555555556,ST JOHN'S WEST CDA CS,8403605,8403605.2000.6.26,2000-06-26 00:00:00,NL,2000,6,26,17,,14.6,,19.3,,0.4,,,,,,0,,,,,,0,,1,,,,,
-52.78472222222222,47.51555555555556,ST JOHN'S WEST CDA CS,8403605,8403605.2000.6.27,2000-06-27 00:00:00,NL,2000,6,27,12.5,,9.6,,15.4,,0,,,,,,0,,,,,,0,,5.5,,,,,
-52.78472222222222,47.51555555555556,ST JOHN'S WEST CDA CS,8403605,8403605.2000.6.28,2000-06-28 00:00:00,NL,2000,6,28,10.7,,6.3,,15,,0.8,,,,,,0,,,,,,0,,7.3,,,,,
-52.78472222222222,47.51555555555556,ST JOHN'S WEST CDA CS,8403605,8403605.2000.6.29,2000-06-29 00:00:00,NL,2000,6,29,15.4,,9.1,,21.6,,2.6,,,,,,0,,,,,,0,,2.6,,,,,
-52.78472222222222,47.51555555555556,ST JOHN'S WEST CDA CS,8403605,8403605.2000.6.30,2000-06-30 00:00:00,NL,2000,6,30,13.3,,10.1,,16.4,,14.9,,,,,,0,,,,,,0,,4.7,,,,,
-52.78472222222222,47.51555555555556,ST JOHN'S WEST CDA CS,8403605,8403605.2000.7.1,2000-07-01 00:00:00,NL,2000,7,1,16.6,,11.4,,21.8,,0,,,,,,0,,,,,,0,,1.4,,,,,
-52.78472222222222,47.51555555555556,ST JOHN'S WEST CDA CS,8403605,8403605.2000.7.2,2000-07-02 00:00:00,NL,2000,7,2,16.5,,12.8,,20.1,,0.2,,,,,,0,,,,,,0,,1.5,,,,,
-52.78472222222222,47.51555555555556,ST JOHN'S WEST CDA CS,8403605,8403605.2000.7.3,2000-07-03 00:00:00,NL,2000,7,3,14.7,,7.5,,21.9,,0,,,,,,0,,,,,,0,,3.3,,,,,
-52.78472222222222,47.51555555555556,ST JOHN'S WEST CDA CS,8403605,8403605.2000.7.4,2000-07-04 00:00:00,NL,2000,7,4,16.6,,10.1,,23.1,,0,T,,,,,0,,,,,,0,,1.4,,,,,
-52.78472222222222,47.51555555555556,ST JOHN'S WEST CDA CS,8403605,8403605.2000.7.5,2000-07-05 00:00:00,NL,2000,7,5,18.6,,12.5,,24.6,,9.2,,,,,,0,,,,,,0.6,,0,,,,,
-52.78472222222222,47.51555555555556,ST JOHN'S WEST CDA CS,8403605,8403605.2000.7.6,2000-07-06 00:00:00,NL,2000,7,6,18.3,,13.5,,23.1,,1.1,,,,,,0,,,,,,0.3,,0,,,,,
-52.78472222222222,47.51555555555556,ST JOHN'S WEST CDA CS,8403605,8403605.2000.7.7,2000-07-07 00:00:00,NL,2000,7,7,14.3,,9.6,,18.9,,9.7,,,,,,0,,,,,,0,,3.7,,,,,
-52.78472222222222,47.51555555555556,ST JOHN'S WEST CDA CS,8403605,8403605.2000.7.8,2000-07-08 00:00:00,NL,2000,7,8,20.4,,16.3,,24.5,,3.7,,,,,,0,,,,,,2.4,,0,,,,,
-52.78472222222222,47.51555555555556,ST JOHN'S WEST CDA CS,8403605,8403605.2000.7.9,2000-07-09 00:00:00,NL,2000,7,9,18.6,,15.3,,21.8,,0,,,,,,0,,,,,,0.6,,0,,,,,
-52.78472222222222,47.51555555555556,ST JOHN'S WEST CDA CS,8403605,8403605.2000.7.10,2000-07-10 00:00:00,NL,2000,7,10,16.2,,11.8,,20.5,,0.7,,,,,,0,,,,,,0,,1.8,,,,,
-52.78472222222222,47.51555555555556,ST JOHN'S WEST CDA CS,8403605,8403605.2000.7.11,2000-07-11 00:00:00,NL,2000,7,11,14.8,,11.9,,17.6,,16.9,,,,,,0,,,,,,0,,3.2,,,,,
-52.78472222222222,47.51555555555556,ST JOHN'S WEST CDA CS,8403605,8403605.2000.7.12,2000-07-12 00:00:00,NL,2000,7,12,18.4,,14.2,,22.6,,0,T,,,,,0,,,,,,0.4,,0,,,,,
-52.78472222222222,47.51555555555556,ST JOHN'S WEST CDA CS,8403605,8403605.2000.7.13,2000-07-13 00:00:00,NL,2000,7,13,14,,10.8,,17.1,,2.9,,,,,,0,,,,,,0,,4,,,,,
-52.78472222222222,47.51555555555556,ST JOHN'S WEST CDA CS,8403605,8403605.2000.7.14,2000-07-14 00:00:00,NL,2000,7,14,13.8,,8.6,,19,,0.3,,,,,,0,,,,,,0,,4.2,,,,,
-52.78472222222222,47.51555555555556,ST JOHN'S WEST CDA CS,8403605,8403605.2000.7.15,2000-07-15 00:00:00,NL,2000,7,15,17.8,,11,,24.6,,0,,,,,,0,,,,,,0,,0.2,,,,,
-52.78472222222222,47.51555555555556,ST JOHN'S WEST CDA CS,8403605,8403605.2000.7.16,2000-07-16 00:00:00,NL,2000,7,16,19,,13,,24.9,,0,,,,,,0,,,,,,1,,0,,,,,
-52.78472222222222,47.51555555555556,ST JOHN'S WEST CDA CS,8403605,8403605.2000.7.17,2000-07-17 00:00:00,NL,2000,7,17,15.9,,10.2,,21.6,,0,,,,,,0,,,,,,0,,2.1,,,,,
-52.78472222222222,47.51555555555556,ST JOHN'S WEST CDA CS,8403605,8403605.2000.7.18,2000-07-18 00:00:00,NL,2000,7,18,16.2,,12.1,,20.2,,1.7,,,,,,0,,,,,,0,,1.8,,,,,
-52.78472222222222,47.51555555555556,ST JOHN'S WEST CDA CS,8403605,8403605.2000.7.19,2000-07-19 00:00:00,NL,2000,7,19,19.2,,16.7,,21.6,,2.5,,,,,,0,,,,,,1.2,,0,,,,,
-52.78472222222222,47.51555555555556,ST JOHN'S WEST CDA CS,8403605,8403605.2000.7.20,2000-07-20 00:00:00,NL,2000,7,20,18.5,,14.3,,22.7,,0,,,,,,0,,,,,,0.5,,0,,,,,
-52.78472222222222,47.51555555555556,ST JOHN'S WEST CDA CS,8403605,8403605.2000.7.21,2000-07-21 00:00:00,NL,2000,7,21,17.1,,12.2,,22,,0,,,,,,0,,,,,,0,,0.9,,,,,
-52.78472222222222,47.51555555555556,ST JOHN'S WEST CDA CS,8403605,8403605.2000.7.22,2000-07-22 00:00:00,NL,2000,7,22,14,,10.5,,17.4,,0,,,,,,0,,,,,,0,,4,,,,,
-52.78472222222222,47.51555555555556,ST JOHN'S WEST CDA CS,8403605,8403605.2000.7.23,2000-07-23 00:00:00,NL,2000,7,23,15.7,,11.3,,20,,3.6,,,,,,0,,,,,,0,,2.3,,,,,
-52.78472222222222,47.51555555555556,ST JOHN'S WEST CDA CS,8403605,8403605.2000.7.24,2000-07-24 00:00:00,NL,2000,7,24,16,,12.8,,19.1,,1.6,,,,,,0,,,,,,0,,2,,,,,
-52.78472222222222,47.51555555555556,ST JOHN'S WEST CDA CS,8403605,8403605.2000.7.25,2000-07-25 00:00:00,NL,2000,7,25,15.7,,14,,17.3,,0,,,,,,0,,,,,,0,,2.3,,,,,
-52.78472222222222,47.51555555555556,ST JOHN'S WEST CDA CS,8403605,8403605.2000.7.26,2000-07-26 00:00:00,NL,2000,7,26,14.2,,11.3,,17.1,,0,,,,,,0,,,,,,0,,3.8,,,,,
-52.78472222222222,47.51555555555556,ST JOHN'S WEST CDA CS,8403605,8403605.2000.7.27,2000-07-27 00:00:00,NL,2000,7,27,14.3,,10.5,,18.1,,0,,,,,,0,,,,,,0,,3.7,,,,,
-52.78472222222222,47.51555555555556,ST JOHN'S WEST CDA CS,8403605,8403605.2000.7.28,2000-07-28 00:00:00,NL,2000,7,28,16,,13.2,,18.7,,0,,,,,,0,,,,,,0,,2,,,,,
-52.78472222222222,47.51555555555556,ST JOHN'S WEST CDA CS,8403605,8403605.2000.7.29,2000-07-29 00:00:00,NL,2000,7,29,15.6,,11.1,,20.1,,0,,,,,,0,,,,,,0,,2.4,,,,,
-52.78472222222222,47.51555555555556,ST JOHN'S WEST CDA CS,8403605,8403605.2000.7.30,2000-07-30 00:00:00,NL,2000,7,30,13,,10.1,,15.9,,12.2,,,,,,0,,,,,,0,,5,,,,,
-52.78472222222222,47.51555555555556,ST JOHN'S WEST CDA CS,8403605,8403605.2000.7.31,2000-07-31 00:00:00,NL,2000,7,31,13.8,,13.5,,14.1,,29.8,,,,,,0,,,,,,0,,4.2,,,,,
-52.78472222222222,47.51555555555556,ST JOHN'S WEST CDA CS,8403605,8403605.2000.8.1,2000-08-01 00:00:00,NL,2000,8,1,14.2,,12.8,,15.6,,0.2,,,,,,0,,,,,,0,,3.8,,,,,
-52.78472222222222,47.51555555555556,ST JOHN'S WEST CDA CS,8403605,8403605.2000.8.2,2000-08-02 00:00:00,NL,2000,8,2,15.2,,12.2,,18.1,,0,,,,,,0,,,,,,0,,2.8,,,,,
-52.78472222222222,47.51555555555556,ST JOHN'S WEST CDA CS,8403605,8403605.2000.8.3,2000-08-03 00:00:00,NL,2000,8,3,14.6,,6.6,,22.6,,0,,,,,,0,,,,,,0,,3.4,,,,,
-52.78472222222222,47.51555555555556,ST JOHN'S WEST CDA CS,8403605,8403605.2000.8.4,2000-08-04 00:00:00,NL,2000,8,4,16.8,,9.4,,24.2,,0.3,,,,,,0,,,,,,0,,1.2,,,,,
-52.78472222222222,47.51555555555556,ST JOHN'S WEST CDA CS,8403605,8403605.2000.8.5,2000-08-05 00:00:00,NL,2000,8,5,21.9,,17.5,,26.3,,0,T,,,,,0,,,,,,3.9,,0,,,,,
-52.78472222222222,47.51555555555556,ST JOHN'S WEST CDA CS,8403605,8403605.2000.8.6,2000-08-06 00:00:00,NL,2000,8,6,20.2,,16.2,,24.1,,0,,,,,,0,,,,,,2.2,,0,,,,,
-52.78472222222222,47.51555555555556,ST JOHN'S WEST CDA CS,8403605,8403605.2000.8.7,2000-08-07 00:00:00,NL,2000,8,7,19.1,,13.2,,24.9,,11.6,,,,,,0,,,,,,1.1,,0,,,,,
-52.78472222222222,47.51555555555556,ST JOHN'S WEST CDA CS,8403605,8403605.2000.8.8,2000-08-08 00:00:00,NL,2000,8,8,17,,12.7,,21.3,,3.2,,,,,,0,,,,,,0,,1,,,,,
-52.78472222222222,47.51555555555556,ST JOHN'S WEST CDA CS,8403605,8403605.2000.8.9,2000-08-09 00:00:00,NL,2000,8,9,16.5,,15.4,,17.6,,0.2,,,,,,0,,,,,,0,,1.5,,,,,
-52.78472222222222,47.51555555555556,ST JOHN'S WEST CDA CS,8403605,8403605.2000.8.10,2000-08-10 00:00:00,NL,2000,8,10,15.7,,12.3,,19.1,,13.4,,,,,,0,,,,,,0,,2.3,,,,,
-52.78472222222222,47.51555555555556,ST JOHN'S WEST CDA CS,8403605,8403605.2000.8.11,2000-08-11 00:00:00,NL,2000,8,11,18.3,,13.9,,22.7,,0,,,,,,0,,,,,,0.3,,0,,,,,
-52.78472222222222,47.51555555555556,ST JOHN'S WEST CDA CS,8403605,8403605.2000.8.12,2000-08-12 00:00:00,NL,2000,8,12,14.7,,12.6,,16.8,,0.2,,,,,,0,,,,,,0,,3.3,,,,,
-52.78472222222222,47.51555555555556,ST JOHN'S WEST CDA CS,8403605,8403605.2000.8.13,2000-08-13 00:00:00,NL,2000,8,13,15.3,,10.9,,19.6,,0,,,,,,0,,,,,,0,,2.7,,,,,
-52.78472222222222,47.51555555555556,ST JOHN'S WEST CDA CS,8403605,8403605.2000.8.14,2000-08-14 00:00:00,NL,2000,8,14,14.3,,7.4,,21.2,,0,,,,,,0,,,,,,0,,3.7,,,,,
-52.78472222222222,47.51555555555556,ST JOHN'S WEST CDA CS,8403605,8403605.2000.8.15,2000-08-15 00:00:00,NL,2000,8,15,18,,13.3,,22.6,,0.7,,,,,,0,,,,,,0,,0,,,,,
-52.78472222222222,47.51555555555556,ST JOHN'S WEST CDA CS,8403605,8403605.2000.8.16,2000-08-16 00:00:00,NL,2000,8,16,22.2,,16,,28.3,,1,,,,,,0,,,,,,4.2,,0,,,,,
-52.78472222222222,47.51555555555556,ST JOHN'S WEST CDA CS,8403605,8403605.2000.8.17,2000-08-17 00:00:00,NL,2000,8,17,23.1,,18.6,,27.5,,0,,,,,,0,,,,,,5.1,,0,,,,,
-52.78472222222222,47.51555555555556,ST JOHN'S WEST CDA CS,8403605,8403605.2000.8.18,2000-08-18 00:00:00,NL,2000,8,18,20.7,,18,,23.3,,0,,,,,,0,,,,,,2.7,,0,,,,,
-52.78472222222222,47.51555555555556,ST JOHN'S WEST CDA CS,8403605,8403605.2000.8.19,2000-08-19 00:00:00,NL,2000,8,19,17.9,,14.3,,21.5,,2.8,,,,,,0,,,,,,0,,0.1,,,,,
-52.78472222222222,47.51555555555556,ST JOHN'S WEST CDA CS,8403605,8403605.2000.8.20,2000-08-20 00:00:00,NL,2000,8,20,20.9,,18.1,,23.6,,5.6,,,,,,0,,,,,,2.9,,0,,,,,
-52.78472222222222,47.51555555555556,ST JOHN'S WEST CDA CS,8403605,8403605.2000.8.21,2000-08-21 00:00:00,NL,2000,8,21,21.8,,19.1,,24.4,,0.3,,,,,,0,,,,,,3.8,,0,,,,,
-52.78472222222222,47.51555555555556,ST JOHN'S WEST CDA CS,8403605,8403605.2000.8.22,2000-08-22 00:00:00,NL,2000,8,22,17.9,,13.6,,22.1,,1.4,,,,,,0,,,,,,0,,0.1,,,,,
-52.78472222222222,47.51555555555556,ST JOHN'S WEST CDA CS,8403605,8403605.2000.8.23,2000-08-23 00:00:00,NL,2000,8,23,15.9,,11.5,,20.2,,0.2,,,,,,0,,,,,,0,,2.1,,,,,
-52.78472222222222,47.51555555555556,ST JOHN'S WEST CDA CS,8403605,8403605.2000.8.24,2000-08-24 00:00:00,NL,2000,8,24,18.4,,13.2,,23.6,,0,,,,,,0,,,,,,0.4,,0,,,,,
-52.78472222222222,47.51555555555556,ST JOHN'S WEST CDA CS,8403605,8403605.2000.8.25,2000-08-25 00:00:00,NL,2000,8,25,16.2,,13.4,,18.9,,6.9,,,,,,0,,,,,,0,,1.8,,,,,
-52.78472222222222,47.51555555555556,ST JOHN'S WEST CDA CS,8403605,8403605.2000.8.26,2000-08-26 00:00:00,NL,2000,8,26,19.2,,14.9,,23.4,,0,T,,,,,0,,,,,,1.2,,0,,,,,
-52.78472222222222,47.51555555555556,ST JOHN'S WEST CDA CS,8403605,8403605.2000.8.27,2000-08-27 00:00:00,NL,2000,8,27,19.7,,14.5,,24.9,,0,,,,,,0,,,,,,1.7,,0,,,,,
-52.78472222222222,47.51555555555556,ST JOHN'S WEST CDA CS,8403605,8403605.2000.8.28,2000-08-28 00:00:00,NL,2000,8,28,18.5,,14.6,,22.4,,18.5,,,,,,0,,,,,,0.5,,0,,,,,
-52.78472222222222,47.51555555555556,ST JOHN'S WEST CDA CS,8403605,8403605.2000.8.29,2000-08-29 00:00:00,NL,2000,8,29,13.1,,11.8,,14.3,,15.5,,,,,,0,,,,,,0,,4.9,,,,,
-52.78472222222222,47.51555555555556,ST JOHN'S WEST CDA CS,8403605,8403605.2000.8.30,2000-08-30 00:00:00,NL,2000,8,30,14.1,,9.6,,18.5,,0.2,,,,,,0,,,,,,0,,3.9,,,,,
-52.78472222222222,47.51555555555556,ST JOHN'S WEST CDA CS,8403605,8403605.2000.8.31,2000-08-31 00:00:00,NL,2000,8,31,15.8,,11.2,,20.3,,0.3,,,,,,0,,,,,,0,,2.2,,,,,
-52.78472222222222,47.51555555555556,ST JOHN'S WEST CDA CS,8403605,8403605.2000.9.1,2000-09-01 00:00:00,NL,2000,9,1,17.9,,15.6,,20.2,,1.7,,,,,,0,,,,,,0,,0.1,,,,,
-52.78472222222222,47.51555555555556,ST JOHN'S WEST CDA CS,8403605,8403605.2000.9.2,2000-09-02 00:00:00,NL,2000,9,2,13,,11.2,,14.8,,0,,,,,,0,,,,,,0,,5,,,,,
-52.78472222222222,47.51555555555556,ST JOHN'S WEST CDA CS,8403605,8403605.2000.9.3,2000-09-03 00:00:00,NL,2000,9,3,10.6,,6.5,,14.7,,0.3,,,,,,0,,,,,,0,,7.4,,,,,
-52.78472222222222,47.51555555555556,ST JOHN'S WEST CDA CS,8403605,8403605.2000.9.4,2000-09-04 00:00:00,NL,2000,9,4,12.3,,7.2,,17.4,,10.5,,,,,,0,,,,,,0,,5.7,,,,,
-52.78472222222222,47.51555555555556,ST JOHN'S WEST CDA CS,8403605,8403605.2000.9.5,2000-09-05 00:00:00,NL,2000,9,5,15.6,,12,,19.2,,2.4,,,,,,0,,,,,,0,,2.4,,,,,
-52.78472222222222,47.51555555555556,ST JOHN'S WEST CDA CS,8403605,8403605.2000.9.6,2000-09-06 00:00:00,NL,2000,9,6,11.7,,7.8,,15.5,,0,T,,,,,0,,,,,,0,,6.3,,,,,
-52.78472222222222,47.51555555555556,ST JOHN'S WEST CDA CS,8403605,8403605.2000.9.7,2000-09-07 00:00:00,NL,2000,9,7,11.6,,5.5,,17.6,,0,T,,,,,0,,,,,,0,,6.4,,,,,
-52.78472222222222,47.51555555555556,ST JOHN'S WEST CDA CS,8403605,8403605.2000.9.8,2000-09-08 00:00:00,NL,2000,9,8,14.7,,9.2,,20.2,,0,,,,,,0,,,,,,0,,3.3,,,,,
-52.78472222222222,47.51555555555556,ST JOHN'S WEST CDA CS,8403605,8403605.2000.9.9,2000-09-09 00:00:00,NL,2000,9,9,17.4,,13.6,,21.2,,0,,,,,,0,,,,,,0,,0.6,,,,,
-52.78472222222222,47.51555555555556,ST JOHN'S WEST CDA CS,8403605,8403605.2000.9.10,2000-09-10 00:00:00,NL,2000,9,10,13.3,,11.1,,15.4,,0.2,,,,,,0,,,,,,0,,4.7,,,,,
-52.78472222222222,47.51555555555556,ST JOHN'S WEST CDA CS,8403605,8403605.2000.9.11,2000-09-11 00:00:00,NL,2000,9,11,11.6,,4.5,,18.6,,0,,,,,,0,,,,,,0,,6.4,,,,,
-52.78472222222222,47.51555555555556,ST JOHN'S WEST CDA CS,8403605,8403605.2000.9.12,2000-09-12 00:00:00,NL,2000,9,12,15.1,,10.4,,19.7,,0,,,,,,0,,,,,,0,,2.9,,,,,
-52.78472222222222,47.51555555555556,ST JOHN'S WEST CDA CS,8403605,8403605.2000.9.13,2000-09-13 00:00:00,NL,2000,9,13,15.5,,10.8,,20.1,,0,T,,,,,0,,,,,,0,,2.5,,,,,
-52.78472222222222,47.51555555555556,ST JOHN'S WEST CDA CS,8403605,8403605.2000.9.14,2000-09-14 00:00:00,NL,2000,9,14,18.2,,12.1,,24.3,,0,,,,,,0,,,,,,0.2,,0,,,,,
-52.78472222222222,47.51555555555556,ST JOHN'S WEST CDA CS,8403605,8403605.2000.9.15,2000-09-15 00:00:00,NL,2000,9,15,16.1,,13.3,,18.9,,0,,,,,,0,,,,,,0,,1.9,,,,,
-52.78472222222222,47.51555555555556,ST JOHN'S WEST CDA CS,8403605,8403605.2000.9.16,2000-09-16 00:00:00,NL,2000,9,16,11.7,,6.4,,17,,2,,,,,,0,,,,,,0,,6.3,,,,,
-52.78472222222222,47.51555555555556,ST JOHN'S WEST CDA CS,8403605,8403605.2000.9.17,2000-09-17 00:00:00,NL,2000,9,17,15.3,,13.1,,17.5,,26.6,,,,,,0,,,,,,0,,2.7,,,,,
-52.78472222222222,47.51555555555556,ST JOHN'S WEST CDA CS,8403605,8403605.2000.9.18,2000-09-18 00:00:00,NL,2000,9,18,13.8,,9.1,,18.4,,0,,,,,,0,,,,,,0,,4.2,,,,,
-52.78472222222222,47.51555555555556,ST JOHN'S WEST CDA CS,8403605,8403605.2000.9.19,2000-09-19 00:00:00,NL,2000,9,19,12.9,,7.6,,18.2,,0,T,,,,,0,,,,,,0,,5.1,,,,,
-52.78472222222222,47.51555555555556,ST JOHN'S WEST CDA CS,8403605,8403605.2000.9.20,2000-09-20 00:00:00,NL,2000,9,20,17.3,,11.5,,23,,0,T,,,,,0,,,,,,0,,0.7,,,,,
-52.78472222222222,47.51555555555556,ST JOHN'S WEST CDA CS,8403605,8403605.2000.9.21,2000-09-21 00:00:00,NL,2000,9,21,18.2,,13.2,,23.2,,0,,,,,,0,,,,,,0.2,,0,,,,,
-52.78472222222222,47.51555555555556,ST JOHN'S WEST CDA CS,8403605,8403605.2000.9.22,2000-09-22 00:00:00,NL,2000,9,22,18.6,,16.2,,20.9,,0,,,,,,0,,,,,,0.6,,0,,,,,
-52.78472222222222,47.51555555555556,ST JOHN'S WEST CDA CS,8403605,8403605.2000.9.23,2000-09-23 00:00:00,NL,2000,9,23,12.2,,8.7,,15.6,,0,,,,,,0,,,,,,0,,5.8,,,,,
-52.78472222222222,47.51555555555556,ST JOHN'S WEST CDA CS,8403605,8403605.2000.9.24,2000-09-24 00:00:00,NL,2000,9,24,9.9,,2.5,,17.3,,16.5,,,,,,0,,,,,,0,,8.1,,,,,
-52.78472222222222,47.51555555555556,ST JOHN'S WEST CDA CS,8403605,8403605.2000.9.25,2000-09-25 00:00:00,NL,2000,9,25,12.8,,11.6,,13.9,,0,,,,,,0,,,,,,0,,5.2,,,,,
-52.78472222222222,47.51555555555556,ST JOHN'S WEST CDA CS,8403605,8403605.2000.9.26,2000-09-26 00:00:00,NL,2000,9,26,10.1,,7.2,,12.9,,0,,,,,,0,,,,,,0,,7.9,,,,,
-52.78472222222222,47.51555555555556,ST JOHN'S WEST CDA CS,8403605,8403605.2000.9.27,2000-09-27 00:00:00,NL,2000,9,27,9.4,,6.9,,11.9,,13.2,,,,,,0,,,,,,0,,8.6,,,,,
-52.78472222222222,47.51555555555556,ST JOHN'S WEST CDA CS,8403605,8403605.2000.9.28,2000-09-28 00:00:00,NL,2000,9,28,12.1,,9.4,,14.7,,0,,,,,,0,,,,,,0,,5.9,,,,,
-52.78472222222222,47.51555555555556,ST JOHN'S WEST CDA CS,8403605,8403605.2000.9.29,2000-09-29 00:00:00,NL,2000,9,29,11.2,,8.7,,13.7,,0.7,,,,,,0,,,,,,0,,6.8,,,,,
-52.78472222222222,47.51555555555556,ST JOHN'S WEST CDA CS,8403605,8403605.2000.9.30,2000-09-30 00:00:00,NL,2000,9,30,7.2,,2.8,,11.5,,0,,,,,,0,,,,,,0,,10.8,,,,,
-52.78472222222222,47.51555555555556,ST JOHN'S WEST CDA CS,8403605,8403605.2000.10.1,2000-10-01 00:00:00,NL,2000,10,1,8.5,,4.9,,12,,0,,,,,,0,,,,,,0,,9.5,,,,,
-52.78472222222222,47.51555555555556,ST JOHN'S WEST CDA CS,8403605,8403605.2000.10.2,2000-10-02 00:00:00,NL,2000,10,2,12.9,,7.6,,18.1,,0,,,,,,0,,,,,,0,,5.1,,,,,
-52.78472222222222,47.51555555555556,ST JOHN'S WEST CDA CS,8403605,8403605.2000.10.3,2000-10-03 00:00:00,NL,2000,10,3,15.2,,11.1,,19.3,,54.8,,,,,,0,,,,,,0,,2.8,,,,,
-52.78472222222222,47.51555555555556,ST JOHN'S WEST CDA CS,8403605,8403605.2000.10.4,2000-10-04 00:00:00,NL,2000,10,4,12,,10.4,,13.5,,3,,,,,,0,,,,,,0,,6,,,,,
-52.78472222222222,47.51555555555556,ST JOHN'S WEST CDA CS,8403605,8403605.2000.10.5,2000-10-05 00:00:00,NL,2000,10,5,10.5,,7.4,,13.6,,0.4,,,,,,0,,,,,,0,,7.5,,,,,
-52.78472222222222,47.51555555555556,ST JOHN'S WEST CDA CS,8403605,8403605.2000.10.6,2000-10-06 00:00:00,NL,2000,10,6,8.2,,4.5,,11.8,,3.1,,,,,,0,,,,,,0,,9.8,,,,,
-52.78472222222222,47.51555555555556,ST JOHN'S WEST CDA CS,8403605,8403605.2000.10.7,2000-10-07 00:00:00,NL,2000,10,7,13.3,,7.1,,19.4,,16.6,,,,,,0,,,,,,0,,4.7,,,,,
-52.78472222222222,47.51555555555556,ST JOHN'S WEST CDA CS,8403605,8403605.2000.10.8,2000-10-08 00:00:00,NL,2000,10,8,18.2,,16.6,,19.7,,7.6,,,,,,0,,,,,,0.2,,0,,,,,
-52.78472222222222,47.51555555555556,ST JOHN'S WEST CDA CS,8403605,8403605.2000.10.9,2000-10-09 00:00:00,NL,2000,10,9,9.7,,8.7,,10.7,,8.6,,,,,,0,,,,,,0,,8.3,,,,,
-52.78472222222222,47.51555555555556,ST JOHN'S WEST CDA CS,8403605,8403605.2000.10.10,2000-10-10 00:00:00,NL,2000,10,10,12.8,,7.9,,17.6,,9.5,,,,,,0,,,,,,0,,5.2,,,,,
-52.78472222222222,47.51555555555556,ST JOHN'S WEST CDA CS,8403605,8403605.2000.10.11,2000-10-11 00:00:00,NL,2000,10,11,12.9,,10.8,,14.9,,2.9,,,,,,0,,,,,,0,,5.1,,,,,
-52.78472222222222,47.51555555555556,ST JOHN'S WEST CDA CS,8403605,8403605.2000.10.12,2000-10-12 00:00:00,NL,2000,10,12,8.4,,5.4,,11.4,,0.3,,,,,,0,,,,,,0,,9.6,,,,,
-52.78472222222222,47.51555555555556,ST JOHN'S WEST CDA CS,8403605,8403605.2000.10.13,2000-10-13 00:00:00,NL,2000,10,13,10.9,,6.1,,15.6,,0,,,,,,0,,,,,,0,,7.1,,,,,
-52.78472222222222,47.51555555555556,ST JOHN'S WEST CDA CS,8403605,8403605.2000.10.14,2000-10-14 00:00:00,NL,2000,10,14,8.7,,3.7,,13.7,,0,T,,,,,0,,,,,,0,,9.3,,,,,
-52.78472222222222,47.51555555555556,ST JOHN'S WEST CDA CS,8403605,8403605.2000.10.15,2000-10-15 00:00:00,NL,2000,10,15,10.2,,6.3,,14,,1.7,,,,,,0,,,,,,0,,7.8,,,,,
-52.78472222222222,47.51555555555556,ST JOHN'S WEST CDA CS,8403605,8403605.2000.10.16,2000-10-16 00:00:00,NL,2000,10,16,4.5,,2.8,,6.2,,0,,,,,,0,,,,,,0,,13.5,,,,,
-52.78472222222222,47.51555555555556,ST JOHN'S WEST CDA CS,8403605,8403605.2000.10.17,2000-10-17 00:00:00,NL,2000,10,17,2.7,,-1.6,,6.9,,0,T,,,,,0,,,,,,0,,15.3,,,,,
-52.78472222222222,47.51555555555556,ST JOHN'S WEST CDA CS,8403605,8403605.2000.10.18,2000-10-18 00:00:00,NL,2000,10,18,6,,2.7,,9.2,,0,T,,,,,0,,,,,,0,,12,,,,,
-52.78472222222222,47.51555555555556,ST JOHN'S WEST CDA CS,8403605,8403605.2000.10.19,2000-10-19 00:00:00,NL,2000,10,19,8.8,,0.1,,17.5,,22.9,,,,,,0,,,,,,0,,9.2,,,,,
-52.78472222222222,47.51555555555556,ST JOHN'S WEST CDA CS,8403605,8403605.2000.10.20,2000-10-20 00:00:00,NL,2000,10,20,7,,5.8,,8.1,,0.8,,,,,,0,,,,,,0,,11,,,,,
-52.78472222222222,47.51555555555556,ST JOHN'S WEST CDA CS,8403605,8403605.2000.10.21,2000-10-21 00:00:00,NL,2000,10,21,9,,4,,14,,0,T,,,,,0,,,,,,0,,9,,,,,
-52.78472222222222,47.51555555555556,ST JOHN'S WEST CDA CS,8403605,8403605.2000.10.22,2000-10-22 00:00:00,NL,2000,10,22,11.9,,9.4,,14.3,,7,,,,,,0,,,,,,0,,6.1,,,,,
-52.78472222222222,47.51555555555556,ST JOHN'S WEST CDA CS,8403605,8403605.2000.10.23,2000-10-23 00:00:00,NL,2000,10,23,3.2,,1.2,,5.1,,0,,,,,,0,,,,,,0,,14.8,,,,,
-52.78472222222222,47.51555555555556,ST JOHN'S WEST CDA CS,8403605,8403605.2000.10.24,2000-10-24 00:00:00,NL,2000,10,24,4.7,,-1.9,,11.2,,0.8,,,,,,0,,,,,,0,,13.3,,,,,
-52.78472222222222,47.51555555555556,ST JOHN'S WEST CDA CS,8403605,8403605.2000.10.25,2000-10-25 00:00:00,NL,2000,10,25,8.5,,6.6,,10.3,,0,,,,,,0,,,,,,0,,9.5,,,,,
-52.78472222222222,47.51555555555556,ST JOHN'S WEST CDA CS,8403605,8403605.2000.10.26,2000-10-26 00:00:00,NL,2000,10,26,4.4,,0.1,,8.6,,0,,,,,,0,,,,,,0,,13.6,,,,,
-52.78472222222222,47.51555555555556,ST JOHN'S WEST CDA CS,8403605,8403605.2000.10.27,2000-10-27 00:00:00,NL,2000,10,27,8.8,,2.5,,15.1,,0.5,,,,,,0,,,,,,0,,9.2,,,,,
-52.78472222222222,47.51555555555556,ST JOHN'S WEST CDA CS,8403605,8403605.2000.10.28,2000-10-28 00:00:00,NL,2000,10,28,11.1,,6.5,,15.7,,33.2,,,,,,0,,,,,,0,,6.9,,,,,
-52.78472222222222,47.51555555555556,ST JOHN'S WEST CDA CS,8403605,8403605.2000.10.29,2000-10-29 00:00:00,NL,2000,10,29,5.3,,4.2,,6.3,,20,,,,,,0,,,,,,0,,12.7,,,,,
-52.78472222222222,47.51555555555556,ST JOHN'S WEST CDA CS,8403605,8403605.2000.10.30,2000-10-30 00:00:00,NL,2000,10,30,6.1,,4.6,,7.6,,0.5,,,,,,0,,,,,,0,,11.9,,,,,
-52.78472222222222,47.51555555555556,ST JOHN'S WEST CDA CS,8403605,8403605.2000.10.31,2000-10-31 00:00:00,NL,2000,10,31,6.7,,4.6,,8.7,,0.2,,,,,,0,,,,,,0,,11.3,,,,,
-52.78472222222222,47.51555555555556,ST JOHN'S WEST CDA CS,8403605,8403605.2000.11.1,2000-11-01 00:00:00,NL,2000,11,1,6,,4.7,,7.2,,3.7,,,,,,0,,,,,,0,,12,,,,,
-52.78472222222222,47.51555555555556,ST JOHN'S WEST CDA CS,8403605,8403605.2000.11.2,2000-11-02 00:00:00,NL,2000,11,2,6.6,,5.9,,7.2,,3.1,,,,,,0,,,,,,0,,11.4,,,,,
-52.78472222222222,47.51555555555556,ST JOHN'S WEST CDA CS,8403605,8403605.2000.11.3,2000-11-03 00:00:00,NL,2000,11,3,6.9,,5.8,,7.9,,1.2,,,,,,0,,,,,,0,,11.1,,,,,
-52.78472222222222,47.51555555555556,ST JOHN'S WEST CDA CS,8403605,8403605.2000.11.4,2000-11-04 00:00:00,NL,2000,11,4,5,,3.8,,6.2,,0.3,,,,,,0,,,,,,0,,13,,,,,
-52.78472222222222,47.51555555555556,ST JOHN'S WEST CDA CS,8403605,8403605.2000.11.5,2000-11-05 00:00:00,NL,2000,11,5,5.8,,3.9,,7.6,,22.7,,,,,,2,,,,,,0,,12.2,,,,,
-52.78472222222222,47.51555555555556,ST JOHN'S WEST CDA CS,8403605,8403605.2000.11.6,2000-11-06 00:00:00,NL,2000,11,6,9.1,,6.4,,11.7,,16.8,,,,,,1,,,,,,0,,8.9,,,,,
-52.78472222222222,47.51555555555556,ST JOHN'S WEST CDA CS,8403605,8403605.2000.11.7,2000-11-07 00:00:00,NL,2000,11,7,7.9,,7.2,,8.6,,0.4,,,,,,1,,,,,,0,,10.1,,,,,
-52.78472222222222,47.51555555555556,ST JOHN'S WEST CDA CS,8403605,8403605.2000.11.8,2000-11-08 00:00:00,NL,2000,11,8,6.1,,5.4,,6.7,,16.6,,,,,,2,,,,,,0,,11.9,,,,,
-52.78472222222222,47.51555555555556,ST JOHN'S WEST CDA CS,8403605,8403605.2000.11.9,2000-11-09 00:00:00,NL,2000,11,9,6.8,,5.3,,8.2,,7,,,,,,2,,,,,,0,,11.2,,,,,
-52.78472222222222,47.51555555555556,ST JOHN'S WEST CDA CS,8403605,8403605.2000.11.10,2000-11-10 00:00:00,NL,2000,11,10,8.5,,6.8,,10.2,,3.6,,,,,,3,,,,,,0,,9.5,,,,,
-52.78472222222222,47.51555555555556,ST JOHN'S WEST CDA CS,8403605,8403605.2000.11.11,2000-11-11 00:00:00,NL,2000,11,11,8.9,,6.8,,10.9,,15.4,,,,,,1,,,,,,0,,9.1,,,,,
-52.78472222222222,47.51555555555556,ST JOHN'S WEST CDA CS,8403605,8403605.2000.11.12,2000-11-12 00:00:00,NL,2000,11,12,12.2,,8.5,,15.9,,1.1,,,,,,2,,,,,,0,,5.8,,,,,
-52.78472222222222,47.51555555555556,ST JOHN'S WEST CDA CS,8403605,8403605.2000.11.13,2000-11-13 00:00:00,NL,2000,11,13,6.1,,5.3,,6.9,,0,,,,,,1,,,,,,0,,11.9,,,,,
-52.78472222222222,47.51555555555556,ST JOHN'S WEST CDA CS,8403605,8403605.2000.11.14,2000-11-14 00:00:00,NL,2000,11,14,5.1,,3.5,,6.7,,2.1,,,,,,0,,,,,,0,,12.9,,,,,
-52.78472222222222,47.51555555555556,ST JOHN'S WEST CDA CS,8403605,8403605.2000.11.15,2000-11-15 00:00:00,NL,2000,11,15,8.4,,4.8,,12,,7.5,,,,,,0,,,,,,0,,9.6,,,,,
-52.78472222222222,47.51555555555556,ST JOHN'S WEST CDA CS,8403605,8403605.2000.11.16,2000-11-16 00:00:00,NL,2000,11,16,8.8,,7.2,,10.3,,0,,,,,,1,,,,,,0,,9.2,,,,,
-52.78472222222222,47.51555555555556,ST JOHN'S WEST CDA CS,8403605,8403605.2000.11.17,2000-11-17 00:00:00,NL,2000,11,17,8.9,,5.3,,12.5,,29.5,,,,,,1,,,,,,0,,9.1,,,,,
-52.78472222222222,47.51555555555556,ST JOHN'S WEST CDA CS,8403605,8403605.2000.11.18,2000-11-18 00:00:00,NL,2000,11,18,10.8,,8.1,,13.5,,2.4,,,,,,1,,,,,,0,,7.2,,,,,
-52.78472222222222,47.51555555555556,ST JOHN'S WEST CDA CS,8403605,8403605.2000.11.19,2000-11-19 00:00:00,NL,2000,11,19,3.2,,0.7,,5.6,,0,,,,,,2,,,,,,0,,14.8,,,,,
-52.78472222222222,47.51555555555556,ST JOHN'S WEST CDA CS,8403605,8403605.2000.11.20,2000-11-20 00:00:00,NL,2000,11,20,-0.4,,-2.8,,2,,0,,,,,,2,,,,,,0,,18.4,,,,,
-52.78472222222222,47.51555555555556,ST JOHN'S WEST CDA CS,8403605,8403605.2000.11.21,2000-11-21 00:00:00,NL,2000,11,21,0.5,,-1.6,,2.6,,6.4,,,,,,1,,,,,,0,,17.5,,,,,
-52.78472222222222,47.51555555555556,ST JOHN'S WEST CDA CS,8403605,8403605.2000.11.22,2000-11-22 00:00:00,NL,2000,11,22,2.7,,0.1,,5.2,,1.4,,,,,,5,,,,,,0,,15.3,,,,,
-52.78472222222222,47.51555555555556,ST JOHN'S WEST CDA CS,8403605,8403605.2000.11.23,2000-11-23 00:00:00,NL,2000,11,23,1.2,,-0.6,,3,,5.5,,,,,,2,,,,,,0,,16.8,,,,,
-52.78472222222222,47.51555555555556,ST JOHN'S WEST CDA CS,8403605,8403605.2000.11.24,2000-11-24 00:00:00,NL,2000,11,24,-1.3,,-2.6,,0.1,,0.5,,,,,,14,,,,,,0,,19.3,,,,,
-52.78472222222222,47.51555555555556,ST JOHN'S WEST CDA CS,8403605,8403605.2000.11.25,2000-11-25 00:00:00,NL,2000,11,25,-4.3,,-7,,-1.5,,0,,,,,,10,,,,,,0,,22.3,,,,,
-52.78472222222222,47.51555555555556,ST JOHN'S WEST CDA CS,8403605,8403605.2000.11.26,2000-11-26 00:00:00,NL,2000,11,26,-3.3,,-6.3,,-0.2,,0,,,,,,9,,,,,,0,,21.3,,,,,
-52.78472222222222,47.51555555555556,ST JOHN'S WEST CDA CS,8403605,8403605.2000.11.27,2000-11-27 00:00:00,NL,2000,11,27,-2.4,,-8.6,,3.8,,29.5,,,,,,8,,,,,,0,,20.4,,,,,
-52.78472222222222,47.51555555555556,ST JOHN'S WEST CDA CS,8403605,8403605.2000.11.28,2000-11-28 00:00:00,NL,2000,11,28,0.9,,0.1,,1.6,,1.3,,,,,,13,,,,,,0,,17.1,,,,,
-52.78472222222222,47.51555555555556,ST JOHN'S WEST CDA CS,8403605,8403605.2000.11.29,2000-11-29 00:00:00,NL,2000,11,29,0.5,,-0.3,,1.2,,0.2,,,,,,8,,,,,,0,,17.5,,,,,
-52.78472222222222,47.51555555555556,ST JOHN'S WEST CDA CS,8403605,8403605.2000.11.30,2000-11-30 00:00:00,NL,2000,11,30,0.9,,-1.5,,3.2,,0.5,,,,,,8,,,,,,0,,17.1,,,,,
-52.78472222222222,47.51555555555556,ST JOHN'S WEST CDA CS,8403605,8403605.2000.12.1,2000-12-01 00:00:00,NL,2000,12,1,0.6,,-0.3,,1.4,,20.7,,,,,,7,,,,,,0,,17.4,,,,,
-52.78472222222222,47.51555555555556,ST JOHN'S WEST CDA CS,8403605,8403605.2000.12.2,2000-12-02 00:00:00,NL,2000,12,2,-0.1,,-0.3,,0.2,,7.6,,,,,,63,,,,,,0,,18.1,,,,,
-52.78472222222222,47.51555555555556,ST JOHN'S WEST CDA CS,8403605,8403605.2000.12.3,2000-12-03 00:00:00,NL,2000,12,3,-3.8,,-4.7,,-2.8,,0.8,,,,,,65,,,,,,0,,21.8,,,,,
-52.78472222222222,47.51555555555556,ST JOHN'S WEST CDA CS,8403605,8403605.2000.12.4,2000-12-04 00:00:00,NL,2000,12,4,-6.5,,-10.4,,-2.5,,0.3,,,,,,61,,,,,,0,,24.5,,,,,
-52.78472222222222,47.51555555555556,ST JOHN'S WEST CDA CS,8403605,8403605.2000.12.5,2000-12-05 00:00:00,NL,2000,12,5,-4.3,,-8.3,,-0.2,,0.4,,,,,,59,,,,,,0,,22.3,,,,,
-52.78472222222222,47.51555555555556,ST JOHN'S WEST CDA CS,8403605,8403605.2000.12.6,2000-12-06 00:00:00,NL,2000,12,6,-2,,-7.7,,3.8,,3.7,,,,,,57,,,,,,0,,20,,,,,
-52.78472222222222,47.51555555555556,ST JOHN'S WEST CDA CS,8403605,8403605.2000.12.7,2000-12-07 00:00:00,NL,2000,12,7,-0.4,,-3.7,,2.9,,38.3,,,,,,51,,,,,,0,,18.4,,,,,
-52.78472222222222,47.51555555555556,ST JOHN'S WEST CDA CS,8403605,8403605.2000.12.8,2000-12-08 00:00:00,NL,2000,12,8,-3.6,,-4.3,,-2.9,,0,,,,,,56,,,,,,0,,21.6,,,,,
-52.78472222222222,47.51555555555556,ST JOHN'S WEST CDA CS,8403605,8403605.2000.12.9,2000-12-09 00:00:00,NL,2000,12,9,-7.6,,-9.4,,-5.8,,0,,,,,,48,,,,,,0,,25.6,,,,,
-52.78472222222222,47.51555555555556,ST JOHN'S WEST CDA CS,8403605,8403605.2000.12.10,2000-12-10 00:00:00,NL,2000,12,10,-4,,-9.2,,1.2,,7.4,,,,,,47,,,,,,0,,22,,,,,
-52.78472222222222,47.51555555555556,ST JOHN'S WEST CDA CS,8403605,8403605.2000.12.11,2000-12-11 00:00:00,NL,2000,12,11,-1.2,,-3.7,,1.3,,0,,,,,,47,,,,,,0,,19.2,,,,,
-52.78472222222222,47.51555555555556,ST JOHN'S WEST CDA CS,8403605,8403605.2000.12.12,2000-12-12 00:00:00,NL,2000,12,12,3.4,,-2.1,,8.8,,24.1,,,,,,47,,,,,,0,,14.6,,,,,
-52.78472222222222,47.51555555555556,ST JOHN'S WEST CDA CS,8403605,8403605.2000.12.13,2000-12-13 00:00:00,NL,2000,12,13,-0.3,,-1.7,,1.2,,0,,,,,,36,,,,,,0,,18.3,,,,,
-52.78472222222222,47.51555555555556,ST JOHN'S WEST CDA CS,8403605,8403605.2000.12.14,2000-12-14 00:00:00,NL,2000,12,14,-3.8,,-9,,1.5,,11.3,,,,,,35,,,,,,0,,21.8,,,,,
-52.78472222222222,47.51555555555556,ST JOHN'S WEST CDA CS,8403605,8403605.2000.12.15,2000-12-15 00:00:00,NL,2000,12,15,0.5,,-4.3,,5.2,,1,,,,,,43,,,,,,0,,17.5,,,,,
-52.78472222222222,47.51555555555556,ST JOHN'S WEST CDA CS,8403605,8403605.2000.12.16,2000-12-16 00:00:00,NL,2000,12,16,-5.5,,-9.6,,-1.4,,0,,,,,,38,,,,,,0,,23.5,,,,,
-52.78472222222222,47.51555555555556,ST JOHN'S WEST CDA CS,8403605,8403605.2000.12.17,2000-12-17 00:00:00,NL,2000,12,17,-3.7,,-11.1,,3.7,,0.3,,,,,,38,,,,,,0,,21.7,,,,,
-52.78472222222222,47.51555555555556,ST JOHN'S WEST CDA CS,8403605,8403605.2000.12.18,2000-12-18 00:00:00,NL,2000,12,18,0.8,,-7.4,,9,,0.7,,,,,,36,,,,,,0,,17.2,,,,,
-52.78472222222222,47.51555555555556,ST JOHN'S WEST CDA CS,8403605,8403605.2000.12.19,2000-12-19 00:00:00,NL,2000,12,19,1,,0.6,,1.3,,0,,,,,,24,,,,,,0,,17,,,,,
-52.78472222222222,47.51555555555556,ST JOHN'S WEST CDA CS,8403605,8403605.2000.12.20,2000-12-20 00:00:00,NL,2000,12,20,4.1,,-1,,9.2,,5.5,,,,,,24,,,,,,0,,13.9,,,,,
-52.78472222222222,47.51555555555556,ST JOHN'S WEST CDA CS,8403605,8403605.2000.12.21,2000-12-21 00:00:00,NL,2000,12,21,-0.3,,-0.7,,0.2,,0,,,,,,19,,,,,,0,,18.3,,,,,
-52.78472222222222,47.51555555555556,ST JOHN'S WEST CDA CS,8403605,8403605.2000.12.22,2000-12-22 00:00:00,NL,2000,12,22,-0.3,,-2,,1.4,,5.8,,,,,,18,,,,,,0,,18.3,,,,,
-52.78472222222222,47.51555555555556,ST JOHN'S WEST CDA CS,8403605,8403605.2000.12.23,2000-12-23 00:00:00,NL,2000,12,23,-0.1,,-2.1,,2,,13.8,,,,,,23,,,,,,0,,18.1,,,,,
-52.78472222222222,47.51555555555556,ST JOHN'S WEST CDA CS,8403605,8403605.2000.12.24,2000-12-24 00:00:00,NL,2000,12,24,-5.4,,-5.9,,-4.9,,6.2,,,,,,22,,,,,,0,,23.4,,,,,
-52.78472222222222,47.51555555555556,ST JOHN'S WEST CDA CS,8403605,8403605.2000.12.25,2000-12-25 00:00:00,NL,2000,12,25,-4.7,,-6.4,,-3,,3.5,,,,,,30,,,,,,0,,22.7,,,,,
-52.78472222222222,47.51555555555556,ST JOHN'S WEST CDA CS,8403605,8403605.2000.12.26,2000-12-26 00:00:00,NL,2000,12,26,-3.3,,-5.8,,-0.8,,1.7,,,,,,33,,,,,,0,,21.3,,,,,
-52.78472222222222,47.51555555555556,ST JOHN'S WEST CDA CS,8403605,8403605.2000.12.27,2000-12-27 00:00:00,NL,2000,12,27,-2.9,,-6.6,,0.8,,1.8,,,,,,31,,,,,,0,,20.9,,,,,
-52.78472222222222,47.51555555555556,ST JOHN'S WEST CDA CS,8403605,8403605.2000.12.28,2000-12-28 00:00:00,NL,2000,12,28,-0.9,,-3.1,,1.4,,0,,,,,,31,,,,,,0,,18.9,,,,,
-52.78472222222222,47.51555555555556,ST JOHN'S WEST CDA CS,8403605,8403605.2000.12.29,2000-12-29 00:00:00,NL,2000,12,29,-2.2,,-5.2,,0.9,,0,,,,,,30,,,,,,0,,20.2,,,,,
-52.78472222222222,47.51555555555556,ST JOHN'S WEST CDA CS,8403605,8403605.2000.12.30,2000-12-30 00:00:00,NL,2000,12,30,-2.9,,-6.4,,0.7,,0,,,,,,30,,,,,,0,,20.9,,,,,
-52.78472222222222,47.51555555555556,ST JOHN'S WEST CDA CS,8403605,8403605.2000.12.31,2000-12-31 00:00:00,NL,2000,12,31,-0.6,,-2.5,,1.3,,11.9,,,,,,29,,,,,,0,,18.6,,,,,
-52.78472222222222,47.51555555555556,ST JOHN'S WEST CDA CS,8403605,8403605.2001.1.1,2001-01-01 00:00:00,NL,2001,1,1,0.3,,-1.4,,1.9,,0.5,,,,,,35,,,,,,0,,17.7,,,,,
-52.78472222222222,47.51555555555556,ST JOHN'S WEST CDA CS,8403605,8403605.2001.1.2,2001-01-02 00:00:00,NL,2001,1,2,-1.6,,-2.2,,-0.9,,0,,,,,,34,,,,,,0,,19.6,,,,,
-52.78472222222222,47.51555555555556,ST JOHN'S WEST CDA CS,8403605,8403605.2001.1.3,2001-01-03 00:00:00,NL,2001,1,3,-4.3,,-7.8,,-0.7,,0.6,,,,,,33,,,,,,0,,22.3,,,,,
-52.78472222222222,47.51555555555556,ST JOHN'S WEST CDA CS,8403605,8403605.2001.1.4,2001-01-04 00:00:00,NL,2001,1,4,-2.8,,-5.9,,0.4,,2.4,,,,,,33,,,,,,0,,20.8,,,,,
-52.78472222222222,47.51555555555556,ST JOHN'S WEST CDA CS,8403605,8403605.2001.1.5,2001-01-05 00:00:00,NL,2001,1,5,-0.6,,-3.6,,2.5,,8.1,,,,,,37,,,,,,0,,18.6,,,,,
-52.78472222222222,47.51555555555556,ST JOHN'S WEST CDA CS,8403605,8403605.2001.1.6,2001-01-06 00:00:00,NL,2001,1,6,-2.7,,-3.2,,-2.2,,0,,,,,,37,,,,,,0,,20.7,,,,,
-52.78472222222222,47.51555555555556,ST JOHN'S WEST CDA CS,8403605,8403605.2001.1.7,2001-01-07 00:00:00,NL,2001,1,7,-1.6,,-3.5,,0.4,,8.1,,,,,,36,,,,,,0,,19.6,,,,,
-52.78472222222222,47.51555555555556,ST JOHN'S WEST CDA CS,8403605,8403605.2001.1.8,2001-01-08 00:00:00,NL,2001,1,8,-0.5,,-1.8,,0.9,,0.3,,,,,,40,,,,,,0,,18.5,,,,,
-52.78472222222222,47.51555555555556,ST JOHN'S WEST CDA CS,8403605,8403605.2001.1.9,2001-01-09 00:00:00,NL,2001,1,9,-1.1,,-2.7,,0.5,,2.7,,,,,,39,,,,,,0,,19.1,,,,,
-52.78472222222222,47.51555555555556,ST JOHN'S WEST CDA CS,8403605,8403605.2001.1.10,2001-01-10 00:00:00,NL,2001,1,10,-1.1,,-1.7,,-0.4,,1.6,,,,,,41,,,,,,0,,19.1,,,,,
-52.78472222222222,47.51555555555556,ST JOHN'S WEST CDA CS,8403605,8403605.2001.1.11,2001-01-11 00:00:00,NL,2001,1,11,-4,,-5.1,,-2.9,,0,,,,,,41,,,,,,0,,22,,,,,
-52.78472222222222,47.51555555555556,ST JOHN'S WEST CDA CS,8403605,8403605.2001.1.12,2001-01-12 00:00:00,NL,2001,1,12,-6.6,,-10.2,,-3,,1.2,,,,,,40,,,,,,0,,24.6,,,,,
-52.78472222222222,47.51555555555556,ST JOHN'S WEST CDA CS,8403605,8403605.2001.1.13,2001-01-13 00:00:00,NL,2001,1,13,-5.2,,-7.5,,-2.8,,0,,,,,,43,,,,,,0,,23.2,,,,,
-52.78472222222222,47.51555555555556,ST JOHN'S WEST CDA CS,8403605,8403605.2001.1.14,2001-01-14 00:00:00,NL,2001,1,14,-6.7,,-12.9,,-0.4,,2.3,,,,,,42,,,,,,0,,24.7,,,,,
-52.78472222222222,47.51555555555556,ST JOHN'S WEST CDA CS,8403605,8403605.2001.1.15,2001-01-15 00:00:00,NL,2001,1,15,-8,,-9.2,,-6.7,,0,,,,,,43,,,,,,0,,26,,,,,
-52.78472222222222,47.51555555555556,ST JOHN'S WEST CDA CS,8403605,8403605.2001.1.16,2001-01-16 00:00:00,NL,2001,1,16,-5.9,,-13.1,,1.4,,18.4,,,,,,42,,,,,,0,,23.9,,,,,
-52.78472222222222,47.51555555555556,ST JOHN'S WEST CDA CS,8403605,8403605.2001.1.17,2001-01-17 00:00:00,NL,2001,1,17,-2.3,,-4,,-0.6,,1.1,,,,,,56,,,,,,0,,20.3,,,,,
-52.78472222222222,47.51555555555556,ST JOHN'S WEST CDA CS,8403605,8403605.2001.1.18,2001-01-18 00:00:00,NL,2001,1,18,-4.9,,-7.1,,-2.7,,2.5,,,,,,57,,,,,,0,,22.9,,,,,
-52.78472222222222,47.51555555555556,ST JOHN'S WEST CDA CS,8403605,8403605.2001.1.19,2001-01-19 00:00:00,NL,2001,1,19,-8.4,,-15.6,,-1.2,,7.8,,,,,,61,,,,,,0,,26.4,,,,,
-52.78472222222222,47.51555555555556,ST JOHN'S WEST CDA CS,8403605,8403605.2001.1.20,2001-01-20 00:00:00,NL,2001,1,20,-4.2,,-8.3,,0,,4.2,,,,,,68,,,,,,0,,22.2,,,,,
-52.78472222222222,47.51555555555556,ST JOHN'S WEST CDA CS,8403605,8403605.2001.1.21,2001-01-21 00:00:00,NL,2001,1,21,-8.4,,-11.6,,-5.1,,7.7,,,,,,68,,,,,,0,,26.4,,,,,
-52.78472222222222,47.51555555555556,ST JOHN'S WEST CDA CS,8403605,8403605.2001.1.22,2001-01-22 00:00:00,NL,2001,1,22,-7.3,,-9.3,,-5.2,,0,,,,,,79,,,,,,0,,25.3,,,,,
-52.78472222222222,47.51555555555556,ST JOHN'S WEST CDA CS,8403605,8403605.2001.1.23,2001-01-23 00:00:00,NL,2001,1,23,-7.3,,-12.1,,-2.4,,0,T,,,,,73,,,,,,0,,25.3,,,,,
-52.78472222222222,47.51555555555556,ST JOHN'S WEST CDA CS,8403605,8403605.2001.1.24,2001-01-24 00:00:00,NL,2001,1,24,-3.7,,-7,,-0.3,,1.2,,,,,,70,,,,,,0,,21.7,,,,,
-52.78472222222222,47.51555555555556,ST JOHN'S WEST CDA CS,8403605,8403605.2001.1.25,2001-01-25 00:00:00,NL,2001,1,25,-2.7,,-4,,-1.3,,0,T,,,,,70,,,,,,0,,20.7,,,,,
-52.78472222222222,47.51555555555556,ST JOHN'S WEST CDA CS,8403605,8403605.2001.1.26,2001-01-26 00:00:00,NL,2001,1,26,-5.2,,-6.6,,-3.8,,0,T,,,,,68,,,,,,0,,23.2,,,,,
-52.78472222222222,47.51555555555556,ST JOHN'S WEST CDA CS,8403605,8403605.2001.1.27,2001-01-27 00:00:00,NL,2001,1,27,-7.8,,-14.3,,-1.2,,9.3,,,,,,66,,,,,,0,,25.8,,,,,
-52.78472222222222,47.51555555555556,ST JOHN'S WEST CDA CS,8403605,8403605.2001.1.28,2001-01-28 00:00:00,NL,2001,1,28,-2.6,,-3.1,,-2.1,,1,,,,,,81,,,,,,0,,20.6,,,,,
-52.78472222222222,47.51555555555556,ST JOHN'S WEST CDA CS,8403605,8403605.2001.1.29,2001-01-29 00:00:00,NL,2001,1,29,-2.7,,-3.6,,-1.8,,20.2,,,,,,80,,,,,,0,,20.7,,,,,
-52.78472222222222,47.51555555555556,ST JOHN'S WEST CDA CS,8403605,8403605.2001.1.30,2001-01-30 00:00:00,NL,2001,1,30,-6.9,,-10,,-3.8,,2,,,,,,139,,,,,,0,,24.9,,,,,
-52.78472222222222,47.51555555555556,ST JOHN'S WEST CDA CS,8403605,8403605.2001.1.31,2001-01-31 00:00:00,NL,2001,1,31,-4.2,,-6,,-2.3,,10.1,,,,,,135,,,,,,0,,22.2,,,,,
-52.78472222222222,47.51555555555556,ST JOHN'S WEST CDA CS,8403605,8403605.2001.2.1,2001-02-01 00:00:00,NL,2001,2,1,-11.3,,-17.2,,-5.3,,1.5,,,,,,139,,,,,,0,,29.3,,,,,
-52.78472222222222,47.51555555555556,ST JOHN'S WEST CDA CS,8403605,8403605.2001.2.2,2001-02-02 00:00:00,NL,2001,2,2,-4.4,,-9,,0.2,,3.6,,,,,,136,,,,,,0,,22.4,,,,,
-52.78472222222222,47.51555555555556,ST JOHN'S WEST CDA CS,8403605,8403605.2001.2.3,2001-02-03 00:00:00,NL,2001,2,3,-5.6,,-7.4,,-3.7,,15.5,,,,,,136,,,,,,0,,23.6,,,,,
-52.78472222222222,47.51555555555556,ST JOHN'S WEST CDA CS,8403605,8403605.2001.2.4,2001-02-04 00:00:00,NL,2001,2,4,-8.9,,-10,,-7.8,,1.1,,,,,,135,,,,,,0,,26.9,,,,,
-52.78472222222222,47.51555555555556,ST JOHN'S WEST CDA CS,8403605,8403605.2001.2.5,2001-02-05 00:00:00,NL,2001,2,5,-10.4,,-14.5,,-6.2,,0.6,,,,,,132,,,,,,0,,28.4,,,,,
-52.78472222222222,47.51555555555556,ST JOHN'S WEST CDA CS,8403605,8403605.2001.2.6,2001-02-06 00:00:00,NL,2001,2,6,-7.8,,-16.2,,0.7,,25.7,,,,,,130,,,,,,0,,25.8,,,,,
-52.78472222222222,47.51555555555556,ST JOHN'S WEST CDA CS,8403605,8403605.2001.2.7,2001-02-07 00:00:00,NL,2001,2,7,-2.1,,-3.6,,-0.5,,1.1,,,,,,133,,,,,,0,,20.1,,,,,
-52.78472222222222,47.51555555555556,ST JOHN'S WEST CDA CS,8403605,8403605.2001.2.8,2001-02-08 00:00:00,NL,2001,2,8,-2.2,,-3.6,,-0.7,,9.3,,,,,,131,,,,,,0,,20.2,,,,,
-52.78472222222222,47.51555555555556,ST JOHN'S WEST CDA CS,8403605,8403605.2001.2.9,2001-02-09 00:00:00,NL,2001,2,9,-3.8,,-4.5,,-3.1,,1.4,,,,,,129,,,,,,0,,21.8,,,,,
-52.78472222222222,47.51555555555556,ST JOHN'S WEST CDA CS,8403605,8403605.2001.2.10,2001-02-10 00:00:00,NL,2001,2,10,-1.8,,-8,,4.5,,0,,,,,,127,,,,,,0,,19.8,,,,,
-52.78472222222222,47.51555555555556,ST JOHN'S WEST CDA CS,8403605,8403605.2001.2.11,2001-02-11 00:00:00,NL,2001,2,11,-5.8,,-7.5,,-4,,0.4,,,,,,123,,,,,,0,,23.8,,,,,
-52.78472222222222,47.51555555555556,ST JOHN'S WEST CDA CS,8403605,8403605.2001.2.12,2001-02-12 00:00:00,NL,2001,2,12,-7.5,,-9.6,,-5.3,,0,,,,,,121,,,,,,0,,25.5,,,,,
-52.78472222222222,47.51555555555556,ST JOHN'S WEST CDA CS,8403605,8403605.2001.2.13,2001-02-13 00:00:00,NL,2001,2,13,-7.1,,-11.3,,-2.9,,0,,,,,,119,,,,,,0,,25.1,,,,,
-52.78472222222222,47.51555555555556,ST JOHN'S WEST CDA CS,8403605,8403605.2001.2.14,2001-02-14 00:00:00,NL,2001,2,14,-5.4,,-8.3,,-2.4,,1.6,,,,,,118,,,,,,0,,23.4,,,,,
-52.78472222222222,47.51555555555556,ST JOHN'S WEST CDA CS,8403605,8403605.2001.2.15,2001-02-15 00:00:00,NL,2001,2,15,-2.1,,-8.1,,4,,46.2,,,,,,117,,,,,,0,,20.1,,,,,
-52.78472222222222,47.51555555555556,ST JOHN'S WEST CDA CS,8403605,8403605.2001.2.16,2001-02-16 00:00:00,NL,2001,2,16,-9.9,,-10.9,,-8.8,,0,,,,,,117,,,,,,0,,27.9,,,,,
-52.78472222222222,47.51555555555556,ST JOHN'S WEST CDA CS,8403605,8403605.2001.2.17,2001-02-17 00:00:00,NL,2001,2,17,-5.6,,-14.7,,3.5,,27.3,,,,,,114,,,,,,0,,23.6,,,,,
-52.78472222222222,47.51555555555556,ST JOHN'S WEST CDA CS,8403605,8403605.2001.2.18,2001-02-18 00:00:00,NL,2001,2,18,-3.7,,-5.3,,-2,,0,,,,,,122,,,,,,0,,21.7,,,,,
-52.78472222222222,47.51555555555556,ST JOHN'S WEST CDA CS,8403605,8403605.2001.2.19,2001-02-19 00:00:00,NL,2001,2,19,-9.4,,-15.5,,-3.3,,0,,,,,,120,,,,,,0,,27.4,,,,,
-52.78472222222222,47.51555555555556,ST JOHN'S WEST CDA CS,8403605,8403605.2001.2.20,2001-02-20 00:00:00,NL,2001,2,20,-6.4,,-12.3,,-0.4,,0,,,,,,119,,,,,,0,,24.4,,,,,
-52.78472222222222,47.51555555555556,ST JOHN'S WEST CDA CS,8403605,8403605.2001.2.21,2001-02-21 00:00:00,NL,2001,2,21,-0.7,,-5.4,,4,,5.3,,,,,,118,,,,,,0,,18.7,,,,,
-52.78472222222222,47.51555555555556,ST JOHN'S WEST CDA CS,8403605,8403605.2001.2.22,2001-02-22 00:00:00,NL,2001,2,22,-3.6,,-6.9,,-0.3,,0,,,,,,114,,,,,,0,,21.6,,,,,
-52.78472222222222,47.51555555555556,ST JOHN'S WEST CDA CS,8403605,8403605.2001.2.23,2001-02-23 00:00:00,NL,2001,2,23,-7.6,,-17.4,,2.3,,30.2,,,,,,113,,,,,,0,,25.6,,,,,
-52.78472222222222,47.51555555555556,ST JOHN'S WEST CDA CS,8403605,8403605.2001.2.24,2001-02-24 00:00:00,NL,2001,2,24,-3.8,,-7.9,,0.4,,0,,,,,,115,,,,,,0,,21.8,,,,,
-52.78472222222222,47.51555555555556,ST JOHN'S WEST CDA CS,8403605,8403605.2001.2.25,2001-02-25 00:00:00,NL,2001,2,25,-4.4,,-8.4,,-0.4,,0,,,,,,114,,,,,,0,,22.4,,,,,
-52.78472222222222,47.51555555555556,ST JOHN'S WEST CDA CS,8403605,8403605.2001.2.26,2001-02-26 00:00:00,NL,2001,2,26,0.8,,-4.6,,6.2,,4.8,,,,,,114,,,,,,0,,17.2,,,,,
-52.78472222222222,47.51555555555556,ST JOHN'S WEST CDA CS,8403605,8403605.2001.2.27,2001-02-27 00:00:00,NL,2001,2,27,2.4,,0.4,,4.4,,29.3,,,,,,112,,,,,,0,,15.6,,,,,
-52.78472222222222,47.51555555555556,ST JOHN'S WEST CDA CS,8403605,8403605.2001.2.28,2001-02-28 00:00:00,NL,2001,2,28,3.7,,1.5,,5.9,,5.6,,,,,,104,,,,,,0,,14.3,,,,,
-52.78472222222222,47.51555555555556,ST JOHN'S WEST CDA CS,8403605,8403605.2001.3.1,2001-03-01 00:00:00,NL,2001,3,1,-6.8,,-8.9,,-4.7,,0,,,,,,104,,,,,,0,,24.8,,,,,
-52.78472222222222,47.51555555555556,ST JOHN'S WEST CDA CS,8403605,8403605.2001.3.2,2001-03-02 00:00:00,NL,2001,3,2,-7.1,,-9.4,,-4.7,,0,T,,,,,103,,,,,,0,,25.1,,,,,
-52.78472222222222,47.51555555555556,ST JOHN'S WEST CDA CS,8403605,8403605.2001.3.3,2001-03-03 00:00:00,NL,2001,3,3,-3.5,,-8.1,,1.1,,10.7,,,,,,102,,,,,,0,,21.5,,,,,
-52.78472222222222,47.51555555555556,ST JOHN'S WEST CDA CS,8403605,8403605.2001.3.4,2001-03-04 00:00:00,NL,2001,3,4,-1.5,,-3.1,,0.1,,0,,,,,,106,,,,,,0,,19.5,,,,,
-52.78472222222222,47.51555555555556,ST JOHN'S WEST CDA CS,8403605,8403605.2001.3.5,2001-03-05 00:00:00,NL,2001,3,5,-1.3,,-2.8,,0.3,,0,,,,,,105,,,,,,0,,19.3,,,,,
-52.78472222222222,47.51555555555556,ST JOHN'S WEST CDA CS,8403605,8403605.2001.3.6,2001-03-06 00:00:00,NL,2001,3,6,-2.3,,-3.2,,-1.3,,0,,,,,,104,,,,,,0,,20.3,,,,,
-52.78472222222222,47.51555555555556,ST JOHN'S WEST CDA CS,8403605,8403605.2001.3.7,2001-03-07 00:00:00,NL,2001,3,7,-2.3,,-4.1,,-0.4,,0,,,,,,103,,,,,,0,,20.3,,,,,
-52.78472222222222,47.51555555555556,ST JOHN'S WEST CDA CS,8403605,8403605.2001.3.8,2001-03-08 00:00:00,NL,2001,3,8,-1.1,,-2.4,,0.3,,0,,,,,,103,,,,,,0,,19.1,,,,,
-52.78472222222222,47.51555555555556,ST JOHN'S WEST CDA CS,8403605,8403605.2001.3.9,2001-03-09 00:00:00,NL,2001,3,9,-1.2,,-3.7,,1.3,,0,,,,,,102,,,,,,0,,19.2,,,,,
-52.78472222222222,47.51555555555556,ST JOHN'S WEST CDA CS,8403605,8403605.2001.3.10,2001-03-10 00:00:00,NL,2001,3,10,-0.7,,-4.6,,3.2,,15.8,,,,,,102,,,,,,0,,18.7,,,,,
-52.78472222222222,47.51555555555556,ST JOHN'S WEST CDA CS,8403605,8403605.2001.3.11,2001-03-11 00:00:00,NL,2001,3,11,0.9,,-0.9,,2.6,,0,,,,,,100,,,,,,0,,17.1,,,,,
-52.78472222222222,47.51555555555556,ST JOHN'S WEST CDA CS,8403605,8403605.2001.3.12,2001-03-12 00:00:00,NL,2001,3,12,0.5,,-1.9,,2.9,,5.8,,,,,,99,,,,,,0,,17.5,,,,,
-52.78472222222222,47.51555555555556,ST JOHN'S WEST CDA CS,8403605,8403605.2001.3.13,2001-03-13 00:00:00,NL,2001,3,13,-3.2,,-4.7,,-1.7,,0,,,,,,108,,,,,,0,,21.2,,,,,
-52.78472222222222,47.51555555555556,ST JOHN'S WEST CDA CS,8403605,8403605.2001.3.14,2001-03-14 00:00:00,NL,2001,3,14,-2.9,,-8.4,,2.7,,27.3,,,,,,104,,,,,,0,,20.9,,,,,
-52.78472222222222,47.51555555555556,ST JOHN'S WEST CDA CS,8403605,8403605.2001.3.15,2001-03-15 00:00:00,NL,2001,3,15,0.8,,-1.5,,3.1,,0,,,,,,102,,,,,,0,,17.2,,,,,
-52.78472222222222,47.51555555555556,ST JOHN'S WEST CDA CS,8403605,8403605.2001.3.16,2001-03-16 00:00:00,NL,2001,3,16,-0.4,,-1.5,,0.8,,0.8,,,,,,99,,,,,,0,,18.4,,,,,
-52.78472222222222,47.51555555555556,ST JOHN'S WEST CDA CS,8403605,8403605.2001.3.17,2001-03-17 00:00:00,NL,2001,3,17,-0.9,,-2.6,,0.8,,3,,,,,,100,,,,,,0,,18.9,,,,,
-52.78472222222222,47.51555555555556,ST JOHN'S WEST CDA CS,8403605,8403605.2001.3.18,2001-03-18 00:00:00,NL,2001,3,18,0.1,,-1.7,,1.9,,2,,,,,,102,,,,,,0,,17.9,,,,,
-52.78472222222222,47.51555555555556,ST JOHN'S WEST CDA CS,8403605,8403605.2001.3.19,2001-03-19 00:00:00,NL,2001,3,19,0.7,,0.3,,1.1,,5.5,,,,,,98,,,,,,0,,17.3,,,,,
-52.78472222222222,47.51555555555556,ST JOHN'S WEST CDA CS,8403605,8403605.2001.3.20,2001-03-20 00:00:00,NL,2001,3,20,0.3,,0.1,,0.5,,1.5,,,,,,98,,,,,,0,,17.7,,,,,
-52.78472222222222,47.51555555555556,ST JOHN'S WEST CDA CS,8403605,8403605.2001.3.21,2001-03-21 00:00:00,NL,2001,3,21,-1.3,,-1.8,,-0.7,,0,,,,,,98,,,,,,0,,19.3,,,,,
-52.78472222222222,47.51555555555556,ST JOHN'S WEST CDA CS,8403605,8403605.2001.3.22,2001-03-22 00:00:00,NL,2001,3,22,-1.9,,-4.3,,0.6,,0,,,,,,98,,,,,,0,,19.9,,,,,
-52.78472222222222,47.51555555555556,ST JOHN'S WEST CDA CS,8403605,8403605.2001.3.23,2001-03-23 00:00:00,NL,2001,3,23,-4,,-9.3,,1.4,,10.8,,,,,,101,,,,,,0,,22,,,,,
-52.78472222222222,47.51555555555556,ST JOHN'S WEST CDA CS,8403605,8403605.2001.3.24,2001-03-24 00:00:00,NL,2001,3,24,2.2,,-3.1,,7.4,,8.3,,,,,,102,,,,,,0,,15.8,,,,,
-52.78472222222222,47.51555555555556,ST JOHN'S WEST CDA CS,8403605,8403605.2001.3.25,2001-03-25 00:00:00,NL,2001,3,25,2,,-0.2,,4.1,,2.5,,,,,,99,,,,,,0,,16,,,,,
-52.78472222222222,47.51555555555556,ST JOHN'S WEST CDA CS,8403605,8403605.2001.3.26,2001-03-26 00:00:00,NL,2001,3,26,1.9,,-1.3,,5,,0,,,,,,96,,,,,,0,,16.1,,,,,
-52.78472222222222,47.51555555555556,ST JOHN'S WEST CDA CS,8403605,8403605.2001.3.27,2001-03-27 00:00:00,NL,2001,3,27,1,,-2.9,,4.8,,0.9,,,,,,95,,,,,,0,,17,,,,,
-52.78472222222222,47.51555555555556,ST JOHN'S WEST CDA CS,8403605,8403605.2001.3.28,2001-03-28 00:00:00,NL,2001,3,28,-2,,-2.7,,-1.2,,1.9,,,,,,97,,,,,,0,,20,,,,,
-52.78472222222222,47.51555555555556,ST JOHN'S WEST CDA CS,8403605,8403605.2001.3.29,2001-03-29 00:00:00,NL,2001,3,29,-3.5,,-6.8,,-0.1,,1.1,,,,,,98,,,,,,0,,21.5,,,,,
-52.78472222222222,47.51555555555556,ST JOHN'S WEST CDA CS,8403605,8403605.2001.3.30,2001-03-30 00:00:00,NL,2001,3,30,-2.9,,-7.5,,1.8,,0,,,,,,99,,,,,,0,,20.9,,,,,
-52.78472222222222,47.51555555555556,ST JOHN'S WEST CDA CS,8403605,8403605.2001.3.31,2001-03-31 00:00:00,NL,2001,3,31,-5.6,,-11.3,,0.2,,,M,,,,,96,,,,,,0,,23.6,,,,,
-52.78472222222222,47.51555555555556,ST JOHN'S WEST CDA CS,8403605,8403605.2001.4.1,2001-04-01 00:00:00,NL,2001,4,1,-2,,-4.1,,0,,12.5,,,,,,96,,,,,,0,,20,,,,,
-52.78472222222222,47.51555555555556,ST JOHN'S WEST CDA CS,8403605,8403605.2001.4.2,2001-04-02 00:00:00,NL,2001,4,2,0,,-0.9,,0.8,,19.6,,,,,,95,,,,,,0,,18,,,,,
-52.78472222222222,47.51555555555556,ST JOHN'S WEST CDA CS,8403605,8403605.2001.4.3,2001-04-03 00:00:00,NL,2001,4,3,0.1,,-0.6,,0.8,,36.1,,,,,,175,,,,,,0,,17.9,,,,,
-52.78472222222222,47.51555555555556,ST JOHN'S WEST CDA CS,8403605,8403605.2001.4.4,2001-04-04 00:00:00,NL,2001,4,4,-0.3,,-0.6,,0,,3.6,,,,,,134,,,,,,0,,18.3,,,,,
-52.78472222222222,47.51555555555556,ST JOHN'S WEST CDA CS,8403605,8403605.2001.4.5,2001-04-05 00:00:00,NL,2001,4,5,-1.4,,-2.5,,-0.2,,0,,,,,,104,,,,,,0,,19.4,,,,,
-52.78472222222222,47.51555555555556,ST JOHN'S WEST CDA CS,8403605,8403605.2001.4.6,2001-04-06 00:00:00,NL,2001,4,6,-2.4,,-3.6,,-1.2,,3,,,,,,103,,,,,,0,,20.4,,,,,
-52.78472222222222,47.51555555555556,ST JOHN'S WEST CDA CS,8403605,8403605.2001.4.7,2001-04-07 00:00:00,NL,2001,4,7,-1.5,,-2.8,,-0.1,,2.2,,,,,,107,,,,,,0,,19.5,,,,,
-52.78472222222222,47.51555555555556,ST JOHN'S WEST CDA CS,8403605,8403605.2001.4.8,2001-04-08 00:00:00,NL,2001,4,8,-0.2,,-0.5,,0.1,,0.3,,,,,,103,,,,,,0,,18.2,,,,,
-52.78472222222222,47.51555555555556,ST JOHN'S WEST CDA CS,8403605,8403605.2001.4.9,2001-04-09 00:00:00,NL,2001,4,9,0.1,,-0.2,,0.3,,1.8,,,,,,102,,,,,,0,,17.9,,,,,
-52.78472222222222,47.51555555555556,ST JOHN'S WEST CDA CS,8403605,8403605.2001.4.10,2001-04-10 00:00:00,NL,2001,4,10,0.3,,0.1,,0.5,,0,,,,,,101,,,,,,0,,17.7,,,,,
-52.78472222222222,47.51555555555556,ST JOHN'S WEST CDA CS,8403605,8403605.2001.4.11,2001-04-11 00:00:00,NL,2001,4,11,0.2,,-0.3,,0.6,,1,,,,,,100,,,,,,0,,17.8,,,,,
-52.78472222222222,47.51555555555556,ST JOHN'S WEST CDA CS,8403605,8403605.2001.4.12,2001-04-12 00:00:00,NL,2001,4,12,-0.4,,-1.2,,0.4,,3.3,,,,,,100,,,,,,0,,18.4,,,,,
-52.78472222222222,47.51555555555556,ST JOHN'S WEST CDA CS,8403605,8403605.2001.4.13,2001-04-13 00:00:00,NL,2001,4,13,0.1,,-0.5,,0.7,,0.7,,,,,,101,,,,,,0,,17.9,,,,,
-52.78472222222222,47.51555555555556,ST JOHN'S WEST CDA CS,8403605,8403605.2001.4.14,2001-04-14 00:00:00,NL,2001,4,14,0,,-0.6,,0.6,,1.7,,,,,,99,,,,,,0,,18,,,,,
-52.78472222222222,47.51555555555556,ST JOHN'S WEST CDA CS,8403605,8403605.2001.4.15,2001-04-15 00:00:00,NL,2001,4,15,0.2,,-1.2,,1.6,,0.8,,,,,,99,,,,,,0,,17.8,,,,,
-52.78472222222222,47.51555555555556,ST JOHN'S WEST CDA CS,8403605,8403605.2001.4.16,2001-04-16 00:00:00,NL,2001,4,16,2.8,,0.8,,4.7,,0.2,,,,,,96,,,,,,0,,15.2,,,,,
-52.78472222222222,47.51555555555556,ST JOHN'S WEST CDA CS,8403605,8403605.2001.4.17,2001-04-17 00:00:00,NL,2001,4,17,2.2,,0.4,,3.9,,3.2,,,,,,91,,,,,,0,,15.8,,,,,
-52.78472222222222,47.51555555555556,ST JOHN'S WEST CDA CS,8403605,8403605.2001.4.18,2001-04-18 00:00:00,NL,2001,4,18,4.6,,0.4,,8.7,,12.3,,,,,,90,,,,,,0,,13.4,,,,,
-52.78472222222222,47.51555555555556,ST JOHN'S WEST CDA CS,8403605,8403605.2001.4.19,2001-04-19 00:00:00,NL,2001,4,19,3.7,,2.3,,5,,0,,,,,,80,,,,,,0,,14.3,,,,,
-52.78472222222222,47.51555555555556,ST JOHN'S WEST CDA CS,8403605,8403605.2001.4.20,2001-04-20 00:00:00,NL,2001,4,20,3.5,,-1.7,,8.6,,0,,,,,,78,,,,,,0,,14.5,,,,,
-52.78472222222222,47.51555555555556,ST JOHN'S WEST CDA CS,8403605,8403605.2001.4.21,2001-04-21 00:00:00,NL,2001,4,21,2.9,,-1.7,,7.5,,0,,,,,,74,,,,,,0,,15.1,,,,,
-52.78472222222222,47.51555555555556,ST JOHN'S WEST CDA CS,8403605,8403605.2001.4.22,2001-04-22 00:00:00,NL,2001,4,22,1.7,,-6.6,,10,,1.9,,,,,,70,,,,,,0,,16.3,,,,,
-52.78472222222222,47.51555555555556,ST JOHN'S WEST CDA CS,8403605,8403605.2001.4.23,2001-04-23 00:00:00,NL,2001,4,23,4.4,,2.9,,5.8,,0.2,,,,,,62,,,,,,0,,13.6,,,,,
-52.78472222222222,47.51555555555556,ST JOHN'S WEST CDA CS,8403605,8403605.2001.4.24,2001-04-24 00:00:00,NL,2001,4,24,4.3,,0.3,,8.3,,0.4,,,,,,59,,,,,,0,,13.7,,,,,
-52.78472222222222,47.51555555555556,ST JOHN'S WEST CDA CS,8403605,8403605.2001.4.25,2001-04-25 00:00:00,NL,2001,4,25,5.9,,1.6,,10.2,,0,,,,,,51,,,,,,0,,12.1,,,,,
-52.78472222222222,47.51555555555556,ST JOHN'S WEST CDA CS,8403605,8403605.2001.4.26,2001-04-26 00:00:00,NL,2001,4,26,5.8,,1.4,,10.2,,0,,,,,,42,,,,,,0,,12.2,,,,,
-52.78472222222222,47.51555555555556,ST JOHN'S WEST CDA CS,8403605,8403605.2001.4.27,2001-04-27 00:00:00,NL,2001,4,27,3.6,,-1.3,,8.5,,1.4,,,,,,37,,,,,,0,,14.4,,,,,
-52.78472222222222,47.51555555555556,ST JOHN'S WEST CDA CS,8403605,8403605.2001.4.28,2001-04-28 00:00:00,NL,2001,4,28,5.4,,1.8,,9,,1.1,,,,,,31,,,,,,0,,12.6,,,,,
-52.78472222222222,47.51555555555556,ST JOHN'S WEST CDA CS,8403605,8403605.2001.4.29,2001-04-29 00:00:00,NL,2001,4,29,2.5,,-0.4,,5.3,,1.7,,,,,,25,,,,,,0,,15.5,,,,,
-52.78472222222222,47.51555555555556,ST JOHN'S WEST CDA CS,8403605,8403605.2001.4.30,2001-04-30 00:00:00,NL,2001,4,30,-0.8,,-1.9,,0.3,,15,,,,,,26,,,,,,0,,18.8,,,,,
-52.78472222222222,47.51555555555556,ST JOHN'S WEST CDA CS,8403605,8403605.2001.5.1,2001-05-01 00:00:00,NL,2001,5,1,-0.4,,-3.6,,2.8,,1.8,,,,,,40,,,,,,0,,18.4,,,,,
-52.78472222222222,47.51555555555556,ST JOHN'S WEST CDA CS,8403605,8403605.2001.5.2,2001-05-02 00:00:00,NL,2001,5,2,0.8,,-1.4,,3,,0.4,,,,,,34,,,,,,0,,17.2,,,,,
-52.78472222222222,47.51555555555556,ST JOHN'S WEST CDA CS,8403605,8403605.2001.5.3,2001-05-03 00:00:00,NL,2001,5,3,4.4,,0,,8.7,,4.3,,,,,,31,,,,,,0,,13.6,,,,,
-52.78472222222222,47.51555555555556,ST JOHN'S WEST CDA CS,8403605,8403605.2001.5.4,2001-05-04 00:00:00,NL,2001,5,4,5.6,,2.9,,8.2,,0.7,,,,,,22,,,,,,0,,12.4,,,,,
-52.78472222222222,47.51555555555556,ST JOHN'S WEST CDA CS,8403605,8403605.2001.5.5,2001-05-05 00:00:00,NL,2001,5,5,2.5,,0,,4.9,,0,,,,,,19,,,,,,0,,15.5,,,,,
-52.78472222222222,47.51555555555556,ST JOHN'S WEST CDA CS,8403605,8403605.2001.5.6,2001-05-06 00:00:00,NL,2001,5,6,1,,-4.6,,6.5,,0,,,,,,18,,,,,,0,,17,,,,,
-52.78472222222222,47.51555555555556,ST JOHN'S WEST CDA CS,8403605,8403605.2001.5.7,2001-05-07 00:00:00,NL,2001,5,7,4.7,,-1.8,,11.1,,0.2,,,,,,16,,,,,,0,,13.3,,,,,
-52.78472222222222,47.51555555555556,ST JOHN'S WEST CDA CS,8403605,8403605.2001.5.8,2001-05-08 00:00:00,NL,2001,5,8,7.5,,0.4,,14.6,,0,,,,,,10,,,,,,0,,10.5,,,,,
-52.78472222222222,47.51555555555556,ST JOHN'S WEST CDA CS,8403605,8403605.2001.5.9,2001-05-09 00:00:00,NL,2001,5,9,10.8,,0.3,,21.3,,0,,,,,,3,,,,,,0,,7.2,,,,,
-52.78472222222222,47.51555555555556,ST JOHN'S WEST CDA CS,8403605,8403605.2001.5.10,2001-05-10 00:00:00,NL,2001,5,10,15.6,,8.4,,22.7,,0.2,,,,,,0,,,,,,0,,2.4,,,,,
-52.78472222222222,47.51555555555556,ST JOHN'S WEST CDA CS,8403605,8403605.2001.5.11,2001-05-11 00:00:00,NL,2001,5,11,7.2,,6.3,,8,,4.4,,,,,,0,,,,,,0,,10.8,,,,,
-52.78472222222222,47.51555555555556,ST JOHN'S WEST CDA CS,8403605,8403605.2001.5.12,2001-05-12 00:00:00,NL,2001,5,12,4.8,,3.4,,6.2,,9.5,,,,,,0,,,,,,0,,13.2,,,,,
-52.78472222222222,47.51555555555556,ST JOHN'S WEST CDA CS,8403605,8403605.2001.5.13,2001-05-13 00:00:00,NL,2001,5,13,5.8,,4.2,,7.3,,1.7,,,,,,0,,,,,,0,,12.2,,,,,
-52.78472222222222,47.51555555555556,ST JOHN'S WEST CDA CS,8403605,8403605.2001.5.14,2001-05-14 00:00:00,NL,2001,5,14,5.9,,1.7,,10.1,,0,,,,,,0,,,,,,0,,12.1,,,,,
-52.78472222222222,47.51555555555556,ST JOHN'S WEST CDA CS,8403605,8403605.2001.5.15,2001-05-15 00:00:00,NL,2001,5,15,6,,3.7,,8.3,,2.2,,,,,,0,,,,,,0,,12,,,,,
-52.78472222222222,47.51555555555556,ST JOHN'S WEST CDA CS,8403605,8403605.2001.5.16,2001-05-16 00:00:00,NL,2001,5,16,3.9,,3,,4.7,,3,,,,,,0,,,,,,0,,14.1,,,,,
-52.78472222222222,47.51555555555556,ST JOHN'S WEST CDA CS,8403605,8403605.2001.5.17,2001-05-17 00:00:00,NL,2001,5,17,4.8,,3.5,,6.1,,15.7,,,,,,0,,,,,,0,,13.2,,,,,
-52.78472222222222,47.51555555555556,ST JOHN'S WEST CDA CS,8403605,8403605.2001.5.18,2001-05-18 00:00:00,NL,2001,5,18,5.1,,3.8,,6.4,,0,,,,,,0,,,,,,0,,12.9,,,,,
-52.78472222222222,47.51555555555556,ST JOHN'S WEST CDA CS,8403605,8403605.2001.5.19,2001-05-19 00:00:00,NL,2001,5,19,2.8,,1.6,,4,,0,,,,,,0,,,,,,0,,15.2,,,,,
-52.78472222222222,47.51555555555556,ST JOHN'S WEST CDA CS,8403605,8403605.2001.5.20,2001-05-20 00:00:00,NL,2001,5,20,2.3,,-0.5,,5.1,,1.8,,,,,,0,,,,,,0,,15.7,,,,,
-52.78472222222222,47.51555555555556,ST JOHN'S WEST CDA CS,8403605,8403605.2001.5.21,2001-05-21 00:00:00,NL,2001,5,21,5,,-0.4,,10.3,,0,T,,,,,0,,,,,,0,,13,,,,,
-52.78472222222222,47.51555555555556,ST JOHN'S WEST CDA CS,8403605,8403605.2001.5.22,2001-05-22 00:00:00,NL,2001,5,22,3.4,,1.5,,5.3,,1.2,,,,,,0,,,,,,0,,14.6,,,,,
-52.78472222222222,47.51555555555556,ST JOHN'S WEST CDA CS,8403605,8403605.2001.5.23,2001-05-23 00:00:00,NL,2001,5,23,4.9,,1.3,,8.4,,0,,,,,,0,,,,,,0,,13.1,,,,,
-52.78472222222222,47.51555555555556,ST JOHN'S WEST CDA CS,8403605,8403605.2001.5.24,2001-05-24 00:00:00,NL,2001,5,24,1.7,,0.1,,3.3,,0.7,,,,,,0,,,,,,0,,16.3,,,,,
-52.78472222222222,47.51555555555556,ST JOHN'S WEST CDA CS,8403605,8403605.2001.5.25,2001-05-25 00:00:00,NL,2001,5,25,2.8,,1.6,,3.9,,0.3,,,,,,0,,,,,,0,,15.2,,,,,
-52.78472222222222,47.51555555555556,ST JOHN'S WEST CDA CS,8403605,8403605.2001.5.26,2001-05-26 00:00:00,NL,2001,5,26,3,,1.3,,4.6,,0,,,,,,0,,,,,,0,,15,,,,,
-52.78472222222222,47.51555555555556,ST JOHN'S WEST CDA CS,8403605,8403605.2001.5.27,2001-05-27 00:00:00,NL,2001,5,27,5.8,,0.2,,11.4,,0,,,,,,0,,,,,,0,,12.2,,,,,
-52.78472222222222,47.51555555555556,ST JOHN'S WEST CDA CS,8403605,8403605.2001.5.28,2001-05-28 00:00:00,NL,2001,5,28,7.7,,0.4,,14.9,,0.4,,,,,,0,,,,,,0,,10.3,,,,,
-52.78472222222222,47.51555555555556,ST JOHN'S WEST CDA CS,8403605,8403605.2001.5.29,2001-05-29 00:00:00,NL,2001,5,29,14.1,,6.5,,21.7,,1.4,,,,,,0,,,,,,0,,3.9,,,,,
-52.78472222222222,47.51555555555556,ST JOHN'S WEST CDA CS,8403605,8403605.2001.5.30,2001-05-30 00:00:00,NL,2001,5,30,13.5,,10.7,,16.2,,25.1,,,,,,0,,,,,,0,,4.5,,,,,
-52.78472222222222,47.51555555555556,ST JOHN'S WEST CDA CS,8403605,8403605.2001.5.31,2001-05-31 00:00:00,NL,2001,5,31,11.2,,9,,13.3,,3,,,,,,0,,,,,,0,,6.8,,,,,
-52.78472222222222,47.51555555555556,ST JOHN'S WEST CDA CS,8403605,8403605.2001.6.1,2001-06-01 00:00:00,NL,2001,6,1,8.7,,4.8,,12.6,,0,,,,,,0,,,,,,0,,9.3,,,,,
-52.78472222222222,47.51555555555556,ST JOHN'S WEST CDA CS,8403605,8403605.2001.6.2,2001-06-02 00:00:00,NL,2001,6,2,5.1,,3.4,,6.7,,6.9,,,,,,0,,,,,,0,,12.9,,,,,
-52.78472222222222,47.51555555555556,ST JOHN'S WEST CDA CS,8403605,8403605.2001.6.3,2001-06-03 00:00:00,NL,2001,6,3,10.2,,4.8,,15.5,,0.6,,,,,,0,,,,,,0,,7.8,,,,,
-52.78472222222222,47.51555555555556,ST JOHN'S WEST CDA CS,8403605,8403605.2001.6.4,2001-06-04 00:00:00,NL,2001,6,4,9.6,,5.3,,13.9,,0,,,,,,0,,,,,,0,,8.4,,,,,
-52.78472222222222,47.51555555555556,ST JOHN'S WEST CDA CS,8403605,8403605.2001.6.5,2001-06-05 00:00:00,NL,2001,6,5,9.8,,6.1,,13.4,,1.4,,,,,,0,,,,,,0,,8.2,,,,,
-52.78472222222222,47.51555555555556,ST JOHN'S WEST CDA CS,8403605,8403605.2001.6.6,2001-06-06 00:00:00,NL,2001,6,6,6.7,,5.2,,8.1,,11.2,,,,,,0,,,,,,0,,11.3,,,,,
-52.78472222222222,47.51555555555556,ST JOHN'S WEST CDA CS,8403605,8403605.2001.6.7,2001-06-07 00:00:00,NL,2001,6,7,7.6,,4.9,,10.3,,1.8,,,,,,0,,,,,,0,,10.4,,,,,
-52.78472222222222,47.51555555555556,ST JOHN'S WEST CDA CS,8403605,8403605.2001.6.8,2001-06-08 00:00:00,NL,2001,6,8,10.8,,6,,15.5,,0,,,,,,0,,,,,,0,,7.2,,,,,
-52.78472222222222,47.51555555555556,ST JOHN'S WEST CDA CS,8403605,8403605.2001.6.9,2001-06-09 00:00:00,NL,2001,6,9,9.2,,5.2,,13.2,,0.2,,,,,,0,,,,,,0,,8.8,,,,,
-52.78472222222222,47.51555555555556,ST JOHN'S WEST CDA CS,8403605,8403605.2001.6.10,2001-06-10 00:00:00,NL,2001,6,10,10.3,,3.3,,17.3,,1.4,,,,,,0,,,,,,0,,7.7,,,,,
-52.78472222222222,47.51555555555556,ST JOHN'S WEST CDA CS,8403605,8403605.2001.6.11,2001-06-11 00:00:00,NL,2001,6,11,9.6,,6.5,,12.7,,0.2,,,,,,0,,,,,,0,,8.4,,,,,
-52.78472222222222,47.51555555555556,ST JOHN'S WEST CDA CS,8403605,8403605.2001.6.12,2001-06-12 00:00:00,NL,2001,6,12,12.8,,5.9,,19.7,,0.2,,,,,,0,,,,,,0,,5.2,,,,,
-52.78472222222222,47.51555555555556,ST JOHN'S WEST CDA CS,8403605,8403605.2001.6.13,2001-06-13 00:00:00,NL,2001,6,13,17.3,,11.8,,22.8,,7.1,,,,,,0,,,,,,0,,0.7,,,,,
-52.78472222222222,47.51555555555556,ST JOHN'S WEST CDA CS,8403605,8403605.2001.6.14,2001-06-14 00:00:00,NL,2001,6,14,16.2,,13.2,,19.2,,0,,,,,,0,,,,,,0,,1.8,,,,,
-52.78472222222222,47.51555555555556,ST JOHN'S WEST CDA CS,8403605,8403605.2001.6.15,2001-06-15 00:00:00,NL,2001,6,15,15.8,,9.6,,21.9,,0,,,,,,0,,,,,,0,,2.2,,,,,
-52.78472222222222,47.51555555555556,ST JOHN'S WEST CDA CS,8403605,8403605.2001.6.16,2001-06-16 00:00:00,NL,2001,6,16,8.1,,5.5,,10.7,,0.4,,,,,,0,,,,,,0,,9.9,,,,,
-52.78472222222222,47.51555555555556,ST JOHN'S WEST CDA CS,8403605,8403605.2001.6.17,2001-06-17 00:00:00,NL,2001,6,17,12,,6.7,,17.3,,0.2,,,,,,0,,,,,,0,,6,,,,,
-52.78472222222222,47.51555555555556,ST JOHN'S WEST CDA CS,8403605,8403605.2001.6.18,2001-06-18 00:00:00,NL,2001,6,18,15.8,,9.3,,22.2,,0,T,,,,,0,,,,,,0,,2.2,,,,,
-52.78472222222222,47.51555555555556,ST JOHN'S WEST CDA CS,8403605,8403605.2001.6.19,2001-06-19 00:00:00,NL,2001,6,19,17.7,,13.9,,21.5,,0,,,,,,0,,,,,,0,,0.3,,,,,
-52.78472222222222,47.51555555555556,ST JOHN'S WEST CDA CS,8403605,8403605.2001.6.20,2001-06-20 00:00:00,NL,2001,6,20,15.9,,8.7,,23,,0.2,,,,,,0,,,,,,0,,2.1,,,,,
-52.78472222222222,47.51555555555556,ST JOHN'S WEST CDA CS,8403605,8403605.2001.6.21,2001-06-21 00:00:00,NL,2001,6,21,17.4,,14.4,,20.3,,0,,,,,,0,,,,,,0,,0.6,,,,,
-52.78472222222222,47.51555555555556,ST JOHN'S WEST CDA CS,8403605,8403605.2001.6.22,2001-06-22 00:00:00,NL,2001,6,22,15.3,,8,,22.5,,0,,,,,,0,,,,,,0,,2.7,,,,,
-52.78472222222222,47.51555555555556,ST JOHN'S WEST CDA CS,8403605,8403605.2001.6.23,2001-06-23 00:00:00,NL,2001,6,23,16.9,,10.5,,23.2,,0.2,,,,,,0,,,,,,0,,1.1,,,,,
-52.78472222222222,47.51555555555556,ST JOHN'S WEST CDA CS,8403605,8403605.2001.6.24,2001-06-24 00:00:00,NL,2001,6,24,15.6,,11.1,,20.1,,1.5,,,,,,0,,,,,,0,,2.4,,,,,
-52.78472222222222,47.51555555555556,ST JOHN'S WEST CDA CS,8403605,8403605.2001.6.25,2001-06-25 00:00:00,NL,2001,6,25,18.2,,14.9,,21.4,,0,,,,,,0,,,,,,0.2,,0,,,,,
-52.78472222222222,47.51555555555556,ST JOHN'S WEST CDA CS,8403605,8403605.2001.6.26,2001-06-26 00:00:00,NL,2001,6,26,11.5,,9.7,,13.2,,0,,,,,,0,,,,,,0,,6.5,,,,,
-52.78472222222222,47.51555555555556,ST JOHN'S WEST CDA CS,8403605,8403605.2001.6.27,2001-06-27 00:00:00,NL,2001,6,27,8.5,,2.8,,14.2,,0.2,,,,,,0,,,,,,0,,9.5,,,,,
-52.78472222222222,47.51555555555556,ST JOHN'S WEST CDA CS,8403605,8403605.2001.6.28,2001-06-28 00:00:00,NL,2001,6,28,16,,11.6,,20.4,,1.2,,,,,,0,,,,,,0,,2,,,,,
-52.78472222222222,47.51555555555556,ST JOHN'S WEST CDA CS,8403605,8403605.2001.6.29,2001-06-29 00:00:00,NL,2001,6,29,10,,6.5,,13.5,,0,,,,,,0,,,,,,0,,8,,,,,
-52.78472222222222,47.51555555555556,ST JOHN'S WEST CDA CS,8403605,8403605.2001.6.30,2001-06-30 00:00:00,NL,2001,6,30,12,,6.5,,17.4,,1.6,,,,,,0,,,,,,0,,6,,,,,
-52.78472222222222,47.51555555555556,ST JOHN'S WEST CDA CS,8403605,8403605.2001.7.1,2001-07-01 00:00:00,NL,2001,7,1,14.7,,11.7,,17.6,,0,,,,,,0,,,,,,0,,3.3,,,,,
-52.78472222222222,47.51555555555556,ST JOHN'S WEST CDA CS,8403605,8403605.2001.7.2,2001-07-02 00:00:00,NL,2001,7,2,16.3,,7.4,,25.2,,7.3,,,,,,0,,,,,,0,,1.7,,,,,
-52.78472222222222,47.51555555555556,ST JOHN'S WEST CDA CS,8403605,8403605.2001.7.3,2001-07-03 00:00:00,NL,2001,7,3,16.4,,12.9,,19.9,,0,,,,,,0,,,,,,0,,1.6,,,,,
-52.78472222222222,47.51555555555556,ST JOHN'S WEST CDA CS,8403605,8403605.2001.7.4,2001-07-04 00:00:00,NL,2001,7,4,14.8,,8.7,,20.8,,0,,,,,,0,,,,,,0,,3.2,,,,,
-52.78472222222222,47.51555555555556,ST JOHN'S WEST CDA CS,8403605,8403605.2001.7.5,2001-07-05 00:00:00,NL,2001,7,5,16.8,,12.3,,21.3,,5,,,,,,0,,,,,,0,,1.2,,,,,
-52.78472222222222,47.51555555555556,ST JOHN'S WEST CDA CS,8403605,8403605.2001.7.6,2001-07-06 00:00:00,NL,2001,7,6,17.6,,10.3,,24.8,,0,,,,,,0,,,,,,0,,0.4,,,,,
-52.78472222222222,47.51555555555556,ST JOHN'S WEST CDA CS,8403605,8403605.2001.7.7,2001-07-07 00:00:00,NL,2001,7,7,20.3,,16.7,,23.9,,0,,,,,,0,,,,,,2.3,,0,,,,,
-52.78472222222222,47.51555555555556,ST JOHN'S WEST CDA CS,8403605,8403605.2001.7.8,2001-07-08 00:00:00,NL,2001,7,8,17.6,,11.7,,23.4,,4.1,,,,,,0,,,,,,0,,0.4,,,,,
-52.78472222222222,47.51555555555556,ST JOHN'S WEST CDA CS,8403605,8403605.2001.7.9,2001-07-09 00:00:00,NL,2001,7,9,16,,11.5,,20.4,,0,,,,,,0,,,,,,0,,2,,,,,
-52.78472222222222,47.51555555555556,ST JOHN'S WEST CDA CS,8403605,8403605.2001.7.10,2001-07-10 00:00:00,NL,2001,7,10,14.2,,10.1,,18.2,,0,,,,,,0,,,,,,0,,3.8,,,,,
-52.78472222222222,47.51555555555556,ST JOHN'S WEST CDA CS,8403605,8403605.2001.7.11,2001-07-11 00:00:00,NL,2001,7,11,14.4,,11.2,,17.5,,0.6,,,,,,0,,,,,,0,,3.6,,,,,
-52.78472222222222,47.51555555555556,ST JOHN'S WEST CDA CS,8403605,8403605.2001.7.12,2001-07-12 00:00:00,NL,2001,7,12,16.9,,11.5,,22.2,,17.3,,,,,,0,,,,,,0,,1.1,,,,,
-52.78472222222222,47.51555555555556,ST JOHN'S WEST CDA CS,8403605,8403605.2001.7.13,2001-07-13 00:00:00,NL,2001,7,13,18.1,,12.6,,23.6,,0,,,,,,0,,,,,,0.1,,0,,,,,
-52.78472222222222,47.51555555555556,ST JOHN'S WEST CDA CS,8403605,8403605.2001.7.14,2001-07-14 00:00:00,NL,2001,7,14,16.8,,13,,20.6,,2.9,,,,,,0,,,,,,0,,1.2,,,,,
-52.78472222222222,47.51555555555556,ST JOHN'S WEST CDA CS,8403605,8403605.2001.7.15,2001-07-15 00:00:00,NL,2001,7,15,15.7,,13,,18.3,,7.4,,,,,,0,,,,,,0,,2.3,,,,,
-52.78472222222222,47.51555555555556,ST JOHN'S WEST CDA CS,8403605,8403605.2001.7.16,2001-07-16 00:00:00,NL,2001,7,16,12.9,,9.2,,16.6,,4.8,,,,,,0,,,,,,0,,5.1,,,,,
-52.78472222222222,47.51555555555556,ST JOHN'S WEST CDA CS,8403605,8403605.2001.7.17,2001-07-17 00:00:00,NL,2001,7,17,14.9,,12.4,,17.4,,0,,,,,,0,,,,,,0,,3.1,,,,,
-52.78472222222222,47.51555555555556,ST JOHN'S WEST CDA CS,8403605,8403605.2001.7.18,2001-07-18 00:00:00,NL,2001,7,18,13.1,,9.5,,16.6,,0.6,,,,,,0,,,,,,0,,4.9,,,,,
-52.78472222222222,47.51555555555556,ST JOHN'S WEST CDA CS,8403605,8403605.2001.7.19,2001-07-19 00:00:00,NL,2001,7,19,13.5,,7.2,,19.8,,0.2,,,,,,0,,,,,,0,,4.5,,,,,
-52.78472222222222,47.51555555555556,ST JOHN'S WEST CDA CS,8403605,8403605.2001.7.20,2001-07-20 00:00:00,NL,2001,7,20,16.1,,7.7,,24.5,,0,,,,,,0,,,,,,0,,1.9,,,,,
-52.78472222222222,47.51555555555556,ST JOHN'S WEST CDA CS,8403605,8403605.2001.7.21,2001-07-21 00:00:00,NL,2001,7,21,20,,11.4,,28.5,,0,,,,,,0,,,,,,2,,0,,,,,
-52.78472222222222,47.51555555555556,ST JOHN'S WEST CDA CS,8403605,8403605.2001.7.22,2001-07-22 00:00:00,NL,2001,7,22,20.4,,14.3,,26.5,,0,T,,,,,0,,,,,,2.4,,0,,,,,
-52.78472222222222,47.51555555555556,ST JOHN'S WEST CDA CS,8403605,8403605.2001.7.23,2001-07-23 00:00:00,NL,2001,7,23,17.8,,12.6,,22.9,,0.2,,,,,,0,,,,,,0,,0.2,,,,,
-52.78472222222222,47.51555555555556,ST JOHN'S WEST CDA CS,8403605,8403605.2001.7.24,2001-07-24 00:00:00,NL,2001,7,24,22,,15.8,,28.1,,0,,,,,,0,,,,,,4,,0,,,,,
-52.78472222222222,47.51555555555556,ST JOHN'S WEST CDA CS,8403605,8403605.2001.7.25,2001-07-25 00:00:00,NL,2001,7,25,20.2,,16,,24.3,,0,T,,,,,0,,,,,,2.2,,0,,,,,
-52.78472222222222,47.51555555555556,ST JOHN'S WEST CDA CS,8403605,8403605.2001.7.26,2001-07-26 00:00:00,NL,2001,7,26,18.3,,12.4,,24.2,,0,T,,,,,0,,,,,,0.3,,0,,,,,
-52.78472222222222,47.51555555555556,ST JOHN'S WEST CDA CS,8403605,8403605.2001.7.27,2001-07-27 00:00:00,NL,2001,7,27,16.1,,12,,20.2,,0,,,,,,0,,,,,,0,,1.9,,,,,
-52.78472222222222,47.51555555555556,ST JOHN'S WEST CDA CS,8403605,8403605.2001.7.28,2001-07-28 00:00:00,NL,2001,7,28,12.2,,5.6,,18.8,,0,T,,,,,0,,,,,,0,,5.8,,,,,
-52.78472222222222,47.51555555555556,ST JOHN'S WEST CDA CS,8403605,8403605.2001.7.29,2001-07-29 00:00:00,NL,2001,7,29,14.6,,7.1,,22,,0,T,,,,,0,,,,,,0,,3.4,,,,,
-52.78472222222222,47.51555555555556,ST JOHN'S WEST CDA CS,8403605,8403605.2001.7.30,2001-07-30 00:00:00,NL,2001,7,30,18.3,,12.1,,24.4,,0,,,,,,0,,,,,,0.3,,0,,,,,
-52.78472222222222,47.51555555555556,ST JOHN'S WEST CDA CS,8403605,8403605.2001.7.31,2001-07-31 00:00:00,NL,2001,7,31,20.5,,14,,26.9,,0,,,,,,0,,,,,,2.5,,0,,,,,
-52.78472222222222,47.51555555555556,ST JOHN'S WEST CDA CS,8403605,8403605.2001.8.1,2001-08-01 00:00:00,NL,2001,8,1,17.5,,12.8,,22.1,,0.3,,,,,,0,,,,,,0,,0.5,,,,,
-52.78472222222222,47.51555555555556,ST JOHN'S WEST CDA CS,8403605,8403605.2001.8.2,2001-08-02 00:00:00,NL,2001,8,2,17.3,,12.3,,22.3,,0.4,,,,,,0,,,,,,0,,0.7,,,,,
-52.78472222222222,47.51555555555556,ST JOHN'S WEST CDA CS,8403605,8403605.2001.8.3,2001-08-03 00:00:00,NL,2001,8,3,19.2,,13.3,,25,,0.2,,,,,,0,,,,,,1.2,,0,,,,,
-52.78472222222222,47.51555555555556,ST JOHN'S WEST CDA CS,8403605,8403605.2001.8.4,2001-08-04 00:00:00,NL,2001,8,4,18.9,,12.1,,25.6,,0,,,,,,0,,,,,,0.9,,0,,,,,
-52.78472222222222,47.51555555555556,ST JOHN'S WEST CDA CS,8403605,8403605.2001.8.5,2001-08-05 00:00:00,NL,2001,8,5,18.5,,13.6,,23.3,,0,,,,,,0,,,,,,0.5,,0,,,,,
-52.78472222222222,47.51555555555556,ST JOHN'S WEST CDA CS,8403605,8403605.2001.8.6,2001-08-06 00:00:00,NL,2001,8,6,20.1,,12.6,,27.5,,0,,,,,,0,,,,,,2.1,,0,,,,,
-52.78472222222222,47.51555555555556,ST JOHN'S WEST CDA CS,8403605,8403605.2001.8.7,2001-08-07 00:00:00,NL,2001,8,7,21.6,,16.3,,26.8,,0,T,,,,,0,,,,,,3.6,,0,,,,,
-52.78472222222222,47.51555555555556,ST JOHN'S WEST CDA CS,8403605,8403605.2001.8.8,2001-08-08 00:00:00,NL,2001,8,8,20.4,,17.5,,23.2,,0.7,,,,,,0,,,,,,2.4,,0,,,,,
-52.78472222222222,47.51555555555556,ST JOHN'S WEST CDA CS,8403605,8403605.2001.8.9,2001-08-09 00:00:00,NL,2001,8,9,18.9,,13.6,,24.1,,0.2,,,,,,0,,,,,,0.9,,0,,,,,
-52.78472222222222,47.51555555555556,ST JOHN'S WEST CDA CS,8403605,8403605.2001.8.10,2001-08-10 00:00:00,NL,2001,8,10,20.5,,14.3,,26.7,,0,,,,,,0,,,,,,2.5,,0,,,,,
-52.78472222222222,47.51555555555556,ST JOHN'S WEST CDA CS,8403605,8403605.2001.8.11,2001-08-11 00:00:00,NL,2001,8,11,22.7,,19,,26.3,,0,,,,,,0,,,,,,4.7,,0,,,,,
-52.78472222222222,47.51555555555556,ST JOHN'S WEST CDA CS,8403605,8403605.2001.8.12,2001-08-12 00:00:00,NL,2001,8,12,19.3,,13.5,,25.1,,0,,,,,,0,,,,,,1.3,,0,,,,,
-52.78472222222222,47.51555555555556,ST JOHN'S WEST CDA CS,8403605,8403605.2001.8.13,2001-08-13 00:00:00,NL,2001,8,13,17.2,,11.3,,23.1,,0.3,,,,,,0,,,,,,0,,0.8,,,,,
-52.78472222222222,47.51555555555556,ST JOHN'S WEST CDA CS,8403605,8403605.2001.8.14,2001-08-14 00:00:00,NL,2001,8,14,19.2,,13.8,,24.6,,3.7,,,,,,0,,,,,,1.2,,0,,,,,
-52.78472222222222,47.51555555555556,ST JOHN'S WEST CDA CS,8403605,8403605.2001.8.15,2001-08-15 00:00:00,NL,2001,8,15,19.1,,17.8,,20.4,,1.4,,,,,,0,,,,,,1.1,,0,,,,,
-52.78472222222222,47.51555555555556,ST JOHN'S WEST CDA CS,8403605,8403605.2001.8.16,2001-08-16 00:00:00,NL,2001,8,16,18.4,,12.7,,24.1,,0,,,,,,0,,,,,,0.4,,0,,,,,
-52.78472222222222,47.51555555555556,ST JOHN'S WEST CDA CS,8403605,8403605.2001.8.17,2001-08-17 00:00:00,NL,2001,8,17,21.8,,16.4,,27.1,,0,,,,,,0,,,,,,3.8,,0,,,,,
-52.78472222222222,47.51555555555556,ST JOHN'S WEST CDA CS,8403605,8403605.2001.8.18,2001-08-18 00:00:00,NL,2001,8,18,20.5,,15.8,,25.1,,3.3,,,,,,0,,,,,,2.5,,0,,,,,
-52.78472222222222,47.51555555555556,ST JOHN'S WEST CDA CS,8403605,8403605.2001.8.19,2001-08-19 00:00:00,NL,2001,8,19,19.1,,15.1,,23.1,,2.2,,,,,,0,,,,,,1.1,,0,,,,,
-52.78472222222222,47.51555555555556,ST JOHN'S WEST CDA CS,8403605,8403605.2001.8.20,2001-08-20 00:00:00,NL,2001,8,20,14.8,,12.5,,17,,3.4,,,,,,0,,,,,,0,,3.2,,,,,
-52.78472222222222,47.51555555555556,ST JOHN'S WEST CDA CS,8403605,8403605.2001.8.21,2001-08-21 00:00:00,NL,2001,8,21,16.3,,14,,18.6,,0,,,,,,0,,,,,,0,,1.7,,,,,
-52.78472222222222,47.51555555555556,ST JOHN'S WEST CDA CS,8403605,8403605.2001.8.22,2001-08-22 00:00:00,NL,2001,8,22,17.1,,13.8,,20.3,,0,,,,,,0,,,,,,0,,0.9,,,,,
-52.78472222222222,47.51555555555556,ST JOHN'S WEST CDA CS,8403605,8403605.2001.8.23,2001-08-23 00:00:00,NL,2001,8,23,20.7,,16.6,,24.8,,0,T,,,,,0,,,,,,2.7,,0,,,,,
-52.78472222222222,47.51555555555556,ST JOHN'S WEST CDA CS,8403605,8403605.2001.8.24,2001-08-24 00:00:00,NL,2001,8,24,19.1,,16.5,,21.7,,17.5,,,,,,0,,,,,,1.1,,0,,,,,
-52.78472222222222,47.51555555555556,ST JOHN'S WEST CDA CS,8403605,8403605.2001.8.25,2001-08-25 00:00:00,NL,2001,8,25,11.4,,8.5,,14.2,,0.2,,,,,,0,,,,,,0,,6.6,,,,,
-52.78472222222222,47.51555555555556,ST JOHN'S WEST CDA CS,8403605,8403605.2001.8.26,2001-08-26 00:00:00,NL,2001,8,26,12.4,,5.2,,19.6,,0.2,,,,,,0,,,,,,0,,5.6,,,,,
-52.78472222222222,47.51555555555556,ST JOHN'S WEST CDA CS,8403605,8403605.2001.8.27,2001-08-27 00:00:00,NL,2001,8,27,18.6,,13.9,,23.3,,0,,,,,,0,,,,,,0.6,,0,,,,,
-52.78472222222222,47.51555555555556,ST JOHN'S WEST CDA CS,8403605,8403605.2001.8.28,2001-08-28 00:00:00,NL,2001,8,28,17.9,,16.4,,19.3,,15.7,,,,,,0,,,,,,0,,0.1,,,,,
-52.78472222222222,47.51555555555556,ST JOHN'S WEST CDA CS,8403605,8403605.2001.8.29,2001-08-29 00:00:00,NL,2001,8,29,19.1,,16.4,,21.8,,0,,,,,,0,,,,,,1.1,,0,,,,,
-52.78472222222222,47.51555555555556,ST JOHN'S WEST CDA CS,8403605,8403605.2001.8.30,2001-08-30 00:00:00,NL,2001,8,30,14.1,,12.2,,16,,0,T,,,,,0,,,,,,0,,3.9,,,,,
-52.78472222222222,47.51555555555556,ST JOHN'S WEST CDA CS,8403605,8403605.2001.8.31,2001-08-31 00:00:00,NL,2001,8,31,13.7,,7,,20.4,,0,T,,,,,0,,,,,,0,,4.3,,,,,
-52.78472222222222,47.51555555555556,ST JOHN'S WEST CDA CS,8403605,8403605.2001.9.1,2001-09-01 00:00:00,NL,2001,9,1,18.8,,14.6,,22.9,,4.2,,,,,,0,,,,,,0.8,,0,,,,,
-52.78472222222222,47.51555555555556,ST JOHN'S WEST CDA CS,8403605,8403605.2001.9.2,2001-09-02 00:00:00,NL,2001,9,2,17.6,,15.4,,19.8,,7.3,,,,,,0,,,,,,0,,0.4,,,,,
-52.78472222222222,47.51555555555556,ST JOHN'S WEST CDA CS,8403605,8403605.2001.9.3,2001-09-03 00:00:00,NL,2001,9,3,13.9,,10.1,,17.6,,0,,,,,,0,,,,,,0,,4.1,,,,,
-52.78472222222222,47.51555555555556,ST JOHN'S WEST CDA CS,8403605,8403605.2001.9.4,2001-09-04 00:00:00,NL,2001,9,4,11.2,,3.6,,18.8,,0,,,,,,0,,,,,,0,,6.8,,,,,
-52.78472222222222,47.51555555555556,ST JOHN'S WEST CDA CS,8403605,8403605.2001.9.5,2001-09-05 00:00:00,NL,2001,9,5,11.5,,3.8,,19.1,,6.7,,,,,,0,,,,,,0,,6.5,,,,,
-52.78472222222222,47.51555555555556,ST JOHN'S WEST CDA CS,8403605,8403605.2001.9.6,2001-09-06 00:00:00,NL,2001,9,6,13.6,,10.8,,16.3,,1,,,,,,0,,,,,,0,,4.4,,,,,
-52.78472222222222,47.51555555555556,ST JOHN'S WEST CDA CS,8403605,8403605.2001.9.7,2001-09-07 00:00:00,NL,2001,9,7,11.6,,9.1,,14,,0.4,,,,,,0,,,,,,0,,6.4,,,,,
-52.78472222222222,47.51555555555556,ST JOHN'S WEST CDA CS,8403605,8403605.2001.9.8,2001-09-08 00:00:00,NL,2001,9,8,13.5,,5.1,,21.8,,0.4,,,,,,0,,,,,,0,,4.5,,,,,
-52.78472222222222,47.51555555555556,ST JOHN'S WEST CDA CS,8403605,8403605.2001.9.9,2001-09-09 00:00:00,NL,2001,9,9,20.7,,15.4,,26,,0,T,,,,,0,,,,,,2.7,,0,,,,,
-52.78472222222222,47.51555555555556,ST JOHN'S WEST CDA CS,8403605,8403605.2001.9.10,2001-09-10 00:00:00,NL,2001,9,10,23.5,,16.8,,30.1,,0,,,,,,0,,,,,,5.5,,0,,,,,
-52.78472222222222,47.51555555555556,ST JOHN'S WEST CDA CS,8403605,8403605.2001.9.11,2001-09-11 00:00:00,NL,2001,9,11,22.2,,15.2,,29.2,,0,,,,,,0,,,,,,4.2,,0,,,,,
-52.78472222222222,47.51555555555556,ST JOHN'S WEST CDA CS,8403605,8403605.2001.9.12,2001-09-12 00:00:00,NL,2001,9,12,18.3,,13.9,,22.6,,0,,,,,,0,,,,,,0.3,,0,,,,,
-52.78472222222222,47.51555555555556,ST JOHN'S WEST CDA CS,8403605,8403605.2001.9.13,2001-09-13 00:00:00,NL,2001,9,13,14,,10.6,,17.3,,0.7,,,,,,0,,,,,,0,,4,,,,,
-52.78472222222222,47.51555555555556,ST JOHN'S WEST CDA CS,8403605,8403605.2001.9.14,2001-09-14 00:00:00,NL,2001,9,14,15.2,,13.7,,16.7,,47.4,,,,,,0,,,,,,0,,2.8,,,,,
-52.78472222222222,47.51555555555556,ST JOHN'S WEST CDA CS,8403605,8403605.2001.9.15,2001-09-15 00:00:00,NL,2001,9,15,15,,13.2,,16.7,,0,,,,,,0,,,,,,0,,3,,,,,
-52.78472222222222,47.51555555555556,ST JOHN'S WEST CDA CS,8403605,8403605.2001.9.16,2001-09-16 00:00:00,NL,2001,9,16,10.6,,4.9,,16.3,,0,,,,,,0,,,,,,0,,7.4,,,,,
-52.78472222222222,47.51555555555556,ST JOHN'S WEST CDA CS,8403605,8403605.2001.9.17,2001-09-17 00:00:00,NL,2001,9,17,13,,7,,18.9,,0,,,,,,0,,,,,,0,,5,,,,,
-52.78472222222222,47.51555555555556,ST JOHN'S WEST CDA CS,8403605,8403605.2001.9.18,2001-09-18 00:00:00,NL,2001,9,18,11.9,,6.8,,16.9,,106.3,,,,,,0,,,,,,0,,6.1,,,,,
-52.78472222222222,47.51555555555556,ST JOHN'S WEST CDA CS,8403605,8403605.2001.9.19,2001-09-19 00:00:00,NL,2001,9,19,12.5,,11.7,,13.2,,21.4,,,,,,0,,,,,,0,,5.5,,,,,
-52.78472222222222,47.51555555555556,ST JOHN'S WEST CDA CS,8403605,8403605.2001.9.20,2001-09-20 00:00:00,NL,2001,9,20,11.2,,5.3,,17,,0,,,,,,0,,,,,,0,,6.8,,,,,
-52.78472222222222,47.51555555555556,ST JOHN'S WEST CDA CS,8403605,8403605.2001.9.21,2001-09-21 00:00:00,NL,2001,9,21,12.9,,8.7,,17,,0,,,,,,0,,,,,,0,,5.1,,,,,
-52.78472222222222,47.51555555555556,ST JOHN'S WEST CDA CS,8403605,8403605.2001.9.22,2001-09-22 00:00:00,NL,2001,9,22,12.5,,7.2,,17.8,,0.3,,,,,,0,,,,,,0,,5.5,,,,,
-52.78472222222222,47.51555555555556,ST JOHN'S WEST CDA CS,8403605,8403605.2001.9.23,2001-09-23 00:00:00,NL,2001,9,23,15.6,,9.5,,21.7,,14.4,,,,,,0,,,,,,0,,2.4,,,,,
-52.78472222222222,47.51555555555556,ST JOHN'S WEST CDA CS,8403605,8403605.2001.9.24,2001-09-24 00:00:00,NL,2001,9,24,18.2,,15.9,,20.5,,0,,,,,,0,,,,,,0.2,,0,,,,,
-52.78472222222222,47.51555555555556,ST JOHN'S WEST CDA CS,8403605,8403605.2001.9.25,2001-09-25 00:00:00,NL,2001,9,25,16.9,,11.6,,22.2,,0,,,,,,0,,,,,,0,,1.1,,,,,
-52.78472222222222,47.51555555555556,ST JOHN'S WEST CDA CS,8403605,8403605.2001.9.26,2001-09-26 00:00:00,NL,2001,9,26,10.1,,8.6,,11.6,,13.1,,,,,,0,,,,,,0,,7.9,,,,,
-52.78472222222222,47.51555555555556,ST JOHN'S WEST CDA CS,8403605,8403605.2001.9.27,2001-09-27 00:00:00,NL,2001,9,27,12.5,,9,,15.9,,23.2,,,,,,0,,,,,,0,,5.5,,,,,
-52.78472222222222,47.51555555555556,ST JOHN'S WEST CDA CS,8403605,8403605.2001.9.28,2001-09-28 00:00:00,NL,2001,9,28,7.5,,5.5,,9.4,,0.4,,,,,,0,,,,,,0,,10.5,,,,,
-52.78472222222222,47.51555555555556,ST JOHN'S WEST CDA CS,8403605,8403605.2001.9.29,2001-09-29 00:00:00,NL,2001,9,29,6.2,,2.5,,9.8,,5.4,,,,,,0,,,,,,0,,11.8,,,,,
-52.78472222222222,47.51555555555556,ST JOHN'S WEST CDA CS,8403605,8403605.2001.9.30,2001-09-30 00:00:00,NL,2001,9,30,9.3,,5,,13.6,,0,,,,,,0,,,,,,0,,8.7,,,,,
-52.78472222222222,47.51555555555556,ST JOHN'S WEST CDA CS,8403605,8403605.2001.10.1,2001-10-01 00:00:00,NL,2001,10,1,,M,9,,,M,0,,,,,,0,,,,,,,M,,M,,,,
-52.78472222222222,47.51555555555556,ST JOHN'S WEST CDA CS,8403605,8403605.2001.10.2,2001-10-02 00:00:00,NL,2001,10,2,,M,,M,,M,0,,,,,,0,,,,,,,M,,M,,,,
-52.78472222222222,47.51555555555556,ST JOHN'S WEST CDA CS,8403605,8403605.2001.10.3,2001-10-03 00:00:00,NL,2001,10,3,,M,,M,,M,0,,,,,,0,,,,,,,M,,M,,,,
-52.78472222222222,47.51555555555556,ST JOHN'S WEST CDA CS,8403605,8403605.2001.10.4,2001-10-04 00:00:00,NL,2001,10,4,,M,,M,15.3,,0,,,,,,0,,,,,,,M,,M,,,,
-52.78472222222222,47.51555555555556,ST JOHN'S WEST CDA CS,8403605,8403605.2001.10.5,2001-10-05 00:00:00,NL,2001,10,5,14.1,,10.7,,17.4,,0,,,,,,0,,,,,,0,,3.9,,,,,
-52.78472222222222,47.51555555555556,ST JOHN'S WEST CDA CS,8403605,8403605.2001.10.6,2001-10-06 00:00:00,NL,2001,10,6,14.3,,9.9,,18.7,,0,T,,,,,0,,,,,,0,,3.7,,,,,
-52.78472222222222,47.51555555555556,ST JOHN'S WEST CDA CS,8403605,8403605.2001.10.7,2001-10-07 00:00:00,NL,2001,10,7,16.3,,13.1,,19.4,,9.9,,,,,,0,,,,,,0,,1.7,,,,,
-52.78472222222222,47.51555555555556,ST JOHN'S WEST CDA CS,8403605,8403605.2001.10.8,2001-10-08 00:00:00,NL,2001,10,8,9.6,,5.7,,13.5,,0,,,,,,0,,,,,,0,,8.4,,,,,
-52.78472222222222,47.51555555555556,ST JOHN'S WEST CDA CS,8403605,8403605.2001.10.9,2001-10-09 00:00:00,NL,2001,10,9,6.8,,4.1,,9.5,,0,,,,,,0,,,,,,0,,11.2,,,,,
-52.78472222222222,47.51555555555556,ST JOHN'S WEST CDA CS,8403605,8403605.2001.10.10,2001-10-10 00:00:00,NL,2001,10,10,8.3,,2.2,,14.4,,0,,,,,,0,,,,,,0,,9.7,,,,,
-52.78472222222222,47.51555555555556,ST JOHN'S WEST CDA CS,8403605,8403605.2001.10.11,2001-10-11 00:00:00,NL,2001,10,11,10.9,,6.5,,15.2,,0,T,,,,,0,,,,,,0,,7.1,,,,,
-52.78472222222222,47.51555555555556,ST JOHN'S WEST CDA CS,8403605,8403605.2001.10.12,2001-10-12 00:00:00,NL,2001,10,12,14.5,,9.2,,19.8,,0,,,,,,0,,,,,,0,,3.5,,,,,
-52.78472222222222,47.51555555555556,ST JOHN'S WEST CDA CS,8403605,8403605.2001.10.13,2001-10-13 00:00:00,NL,2001,10,13,7.6,,7.1,,8,,0,,,,,,0,,,,,,0,,10.4,,,,,
-52.78472222222222,47.51555555555556,ST JOHN'S WEST CDA CS,8403605,8403605.2001.10.14,2001-10-14 00:00:00,NL,2001,10,14,7.5,,3.4,,11.5,,0,T,,,,,0,,,,,,0,,10.5,,,,,
-52.78472222222222,47.51555555555556,ST JOHN'S WEST CDA CS,8403605,8403605.2001.10.15,2001-10-15 00:00:00,NL,2001,10,15,10.1,,2.5,,17.6,,0,,,,,,0,,,,,,0,,7.9,,,,,
-52.78472222222222,47.51555555555556,ST JOHN'S WEST CDA CS,8403605,8403605.2001.10.16,2001-10-16 00:00:00,NL,2001,10,16,15.2,,12.3,,18.1,,0,T,,,,,0,,,,,,0,,2.8,,,,,
-52.78472222222222,47.51555555555556,ST JOHN'S WEST CDA CS,8403605,8403605.2001.10.17,2001-10-17 00:00:00,NL,2001,10,17,9.5,,2.9,,16,,1.4,,,,,,0,,,,,,0,,8.5,,,,,
-52.78472222222222,47.51555555555556,ST JOHN'S WEST CDA CS,8403605,8403605.2001.10.18,2001-10-18 00:00:00,NL,2001,10,18,13.3,,9.8,,16.7,,1.1,,,,,,0,,,,,,0,,4.7,,,,,
-52.78472222222222,47.51555555555556,ST JOHN'S WEST CDA CS,8403605,8403605.2001.10.19,2001-10-19 00:00:00,NL,2001,10,19,9.2,,6.6,,11.8,,0,T,,,,,0,,,,,,0,,8.8,,,,,
-52.78472222222222,47.51555555555556,ST JOHN'S WEST CDA CS,8403605,8403605.2001.10.20,2001-10-20 00:00:00,NL,2001,10,20,10.2,,5.6,,14.8,,0.6,,,,,,0,,,,,,0,,7.8,,,,,
-52.78472222222222,47.51555555555556,ST JOHN'S WEST CDA CS,8403605,8403605.2001.10.21,2001-10-21 00:00:00,NL,2001,10,21,11.7,,7.9,,15.4,,0,,,,,,0,,,,,,0,,6.3,,,,,
-52.78472222222222,47.51555555555556,ST JOHN'S WEST CDA CS,8403605,8403605.2001.10.22,2001-10-22 00:00:00,NL,2001,10,22,9.6,,6.5,,12.7,,0.6,,,,,,0,,,,,,0,,8.4,,,,,
-52.78472222222222,47.51555555555556,ST JOHN'S WEST CDA CS,8403605,8403605.2001.10.23,2001-10-23 00:00:00,NL,2001,10,23,6.2,,4.8,,7.5,,0,,,,,,0,,,,,,0,,11.8,,,,,
-52.78472222222222,47.51555555555556,ST JOHN'S WEST CDA CS,8403605,8403605.2001.10.24,2001-10-24 00:00:00,NL,2001,10,24,5.2,,-0.1,,10.4,,2.2,,,,,,0,,,,,,0,,12.8,,,,,
-52.78472222222222,47.51555555555556,ST JOHN'S WEST CDA CS,8403605,8403605.2001.10.25,2001-10-25 00:00:00,NL,2001,10,25,9.7,,3.9,,15.4,,0,,,,,,0,,,,,,0,,8.3,,,,,
-52.78472222222222,47.51555555555556,ST JOHN'S WEST CDA CS,8403605,8403605.2001.10.26,2001-10-26 00:00:00,NL,2001,10,26,12.1,,5.1,,19.1,,3.3,,,,,,0,,,,,,0,,5.9,,,,,
-52.78472222222222,47.51555555555556,ST JOHN'S WEST CDA CS,8403605,8403605.2001.10.27,2001-10-27 00:00:00,NL,2001,10,27,13.1,,9.2,,17,,0,,,,,,0,,,,,,0,,4.9,,,,,
-52.78472222222222,47.51555555555556,ST JOHN'S WEST CDA CS,8403605,8403605.2001.10.28,2001-10-28 00:00:00,NL,2001,10,28,8.3,,4.8,,11.8,,0,T,,,,,0,,,,,,0,,9.7,,,,,
-52.78472222222222,47.51555555555556,ST JOHN'S WEST CDA CS,8403605,8403605.2001.10.29,2001-10-29 00:00:00,NL,2001,10,29,6.8,,1.1,,12.5,,4.4,,,,,,0,,,,,,0,,11.2,,,,,
-52.78472222222222,47.51555555555556,ST JOHN'S WEST CDA CS,8403605,8403605.2001.10.30,2001-10-30 00:00:00,NL,2001,10,30,6.6,,5.5,,7.7,,21.7,,,,,,0,,,,,,0,,11.4,,,,,
-52.78472222222222,47.51555555555556,ST JOHN'S WEST CDA CS,8403605,8403605.2001.10.31,2001-10-31 00:00:00,NL,2001,10,31,1.8,,0.6,,3,,0.5,,,,,,0,,,,,,0,,16.2,,,,,
-52.78472222222222,47.51555555555556,ST JOHN'S WEST CDA CS,8403605,8403605.2001.11.1,2001-11-01 00:00:00,NL,2001,11,1,0.2,,-2.9,,3.2,,0,T,,,,,0,,,,,,0,,17.8,,,,,
-52.78472222222222,47.51555555555556,ST JOHN'S WEST CDA CS,8403605,8403605.2001.11.2,2001-11-02 00:00:00,NL,2001,11,2,3.4,,-3.9,,10.6,,0.2,,,,,,0,,,,,,0,,14.6,,,,,
-52.78472222222222,47.51555555555556,ST JOHN'S WEST CDA CS,8403605,8403605.2001.11.3,2001-11-03 00:00:00,NL,2001,11,3,10.6,,7.3,,13.8,,0,,,,,,0,,,,,,0,,7.4,,,,,
-52.78472222222222,47.51555555555556,ST JOHN'S WEST CDA CS,8403605,8403605.2001.11.4,2001-11-04 00:00:00,NL,2001,11,4,12.7,,6,,19.3,,0,T,,,,,0,,,,,,0,,5.3,,,,,
-52.78472222222222,47.51555555555556,ST JOHN'S WEST CDA CS,8403605,8403605.2001.11.5,2001-11-05 00:00:00,NL,2001,11,5,8.9,,4.5,,13.2,,15.9,,,,,,0,,,,,,0,,9.1,,,,,
-52.78472222222222,47.51555555555556,ST JOHN'S WEST CDA CS,8403605,8403605.2001.11.6,2001-11-06 00:00:00,NL,2001,11,6,12.4,,9.7,,15,,8.8,,,,,,0,,,,,,0,,5.6,,,,,
-52.78472222222222,47.51555555555556,ST JOHN'S WEST CDA CS,8403605,8403605.2001.11.7,2001-11-07 00:00:00,NL,2001,11,7,12.8,,10.9,,14.7,,9.8,,,,,,0,,,,,,0,,5.2,,,,,
-52.78472222222222,47.51555555555556,ST JOHN'S WEST CDA CS,8403605,8403605.2001.11.8,2001-11-08 00:00:00,NL,2001,11,8,4.4,,3.7,,5.1,,0.2,,,,,,0,,,,,,0,,13.6,,,,,
-52.78472222222222,47.51555555555556,ST JOHN'S WEST CDA CS,8403605,8403605.2001.11.9,2001-11-09 00:00:00,NL,2001,11,9,3.1,,0.7,,5.5,,0,T,,,,,0,,,,,,0,,14.9,,,,,
-52.78472222222222,47.51555555555556,ST JOHN'S WEST CDA CS,8403605,8403605.2001.11.10,2001-11-10 00:00:00,NL,2001,11,10,3.5,,-0.5,,7.5,,1.1,,,,,,0,,,,,,0,,14.5,,,,,
-52.78472222222222,47.51555555555556,ST JOHN'S WEST CDA CS,8403605,8403605.2001.11.11,2001-11-11 00:00:00,NL,2001,11,11,5.3,,0.4,,10.2,,14.4,,,,,,0,,,,,,0,,12.7,,,,,
-52.78472222222222,47.51555555555556,ST JOHN'S WEST CDA CS,8403605,8403605.2001.11.12,2001-11-12 00:00:00,NL,2001,11,12,4.7,,3.6,,5.7,,0,,,,,,0,,,,,,0,,13.3,,,,,
-52.78472222222222,47.51555555555556,ST JOHN'S WEST CDA CS,8403605,8403605.2001.11.13,2001-11-13 00:00:00,NL,2001,11,13,1.2,,-1,,3.3,,2,,,,,,0,,,,,,0,,16.8,,,,,
-52.78472222222222,47.51555555555556,ST JOHN'S WEST CDA CS,8403605,8403605.2001.11.14,2001-11-14 00:00:00,NL,2001,11,14,-1.6,,-2.7,,-0.4,,1.1,,,,,,,M,,,,,0,,19.6,,,,,
-52.78472222222222,47.51555555555556,ST JOHN'S WEST CDA CS,8403605,8403605.2001.11.15,2001-11-15 00:00:00,NL,2001,11,15,0.8,,-5.4,,6.9,,0.8,,,,,,,M,,,,,0,,17.2,,,,,
-52.78472222222222,47.51555555555556,ST JOHN'S WEST CDA CS,8403605,8403605.2001.11.16,2001-11-16 00:00:00,NL,2001,11,16,7.6,,1.9,,13.3,,1.5,,,,,,,M,,,,,0,,10.4,,,,,
-52.78472222222222,47.51555555555556,ST JOHN'S WEST CDA CS,8403605,8403605.2001.11.17,2001-11-17 00:00:00,NL,2001,11,17,-0.5,,-2,,1,,0,T,,,,,,M,,,,,0,,18.5,,,,,
-52.78472222222222,47.51555555555556,ST JOHN'S WEST CDA CS,8403605,8403605.2001.11.18,2001-11-18 00:00:00,NL,2001,11,18,-1.7,,-5.5,,2.2,,0,T,,,,,0,,,,,,0,,19.7,,,,,
-52.78472222222222,47.51555555555556,ST JOHN'S WEST CDA CS,8403605,8403605.2001.11.19,2001-11-19 00:00:00,NL,2001,11,19,2,,-2.7,,6.6,,0,T,,,,,0,,,,,,0,,16,,,,,
-52.78472222222222,47.51555555555556,ST JOHN'S WEST CDA CS,8403605,8403605.2001.11.20,2001-11-20 00:00:00,NL,2001,11,20,4,,-0.6,,8.6,,0,T,,,,,0,,,,,,0,,14,,,,,
-52.78472222222222,47.51555555555556,ST JOHN'S WEST CDA CS,8403605,8403605.2001.11.21,2001-11-21 00:00:00,NL,2001,11,21,6.6,,1.1,,12,,0.6,,,,,,0,,,,,,0,,11.4,,,,,
-52.78472222222222,47.51555555555556,ST JOHN'S WEST CDA CS,8403605,8403605.2001.11.22,2001-11-22 00:00:00,NL,2001,11,22,1.4,,-0.1,,2.8,,0,,,,,,0,,,,,,0,,16.6,,,,,
-52.78472222222222,47.51555555555556,ST JOHN'S WEST CDA CS,8403605,8403605.2001.11.23,2001-11-23 00:00:00,NL,2001,11,23,0.2,,-2,,2.4,,0.3,,,,,,0,,,,,,0,,17.8,,,,,
-52.78472222222222,47.51555555555556,ST JOHN'S WEST CDA CS,8403605,8403605.2001.11.24,2001-11-24 00:00:00,NL,2001,11,24,-3.2,,-7.1,,0.7,,0.2,,,,,,0,,,,,,0,,21.2,,,,,
-52.78472222222222,47.51555555555556,ST JOHN'S WEST CDA CS,8403605,8403605.2001.11.25,2001-11-25 00:00:00,NL,2001,11,25,-1.1,,-7.7,,5.6,,0.2,,,,,,0,,,,,,0,,19.1,,,,,
-52.78472222222222,47.51555555555556,ST JOHN'S WEST CDA CS,8403605,8403605.2001.11.26,2001-11-26 00:00:00,NL,2001,11,26,3.4,,-3.2,,9.9,,2.1,,,,,,0,,,,,,0,,14.6,,,,,
-52.78472222222222,47.51555555555556,ST JOHN'S WEST CDA CS,8403605,8403605.2001.11.27,2001-11-27 00:00:00,NL,2001,11,27,6.1,,1.7,,10.5,,0,,,,,,0,,,,,,0,,11.9,,,,,
-52.78472222222222,47.51555555555556,ST JOHN'S WEST CDA CS,8403605,8403605.2001.11.28,2001-11-28 00:00:00,NL,2001,11,28,1.7,,1.1,,2.3,,4.7,,,,,,0,,,,,,0,,16.3,,,,,
-52.78472222222222,47.51555555555556,ST JOHN'S WEST CDA CS,8403605,8403605.2001.11.29,2001-11-29 00:00:00,NL,2001,11,29,-5.7,,-6.2,,-5.2,,0,,,,,,5,E,,,,,0,,23.7,,,,,
-52.78472222222222,47.51555555555556,ST JOHN'S WEST CDA CS,8403605,8403605.2001.11.30,2001-11-30 00:00:00,NL,2001,11,30,-2.2,,-7.7,,3.3,,3.6,,,,,,4,E,,,,,0,,20.2,,,,,
-52.78472222222222,47.51555555555556,ST JOHN'S WEST CDA CS,8403605,8403605.2001.12.1,2001-12-01 00:00:00,NL,2001,12,1,6.3,,0.1,,12.4,,1.8,,,,,,,M,,,,,0,,11.7,,,,,
-52.78472222222222,47.51555555555556,ST JOHN'S WEST CDA CS,8403605,8403605.2001.12.2,2001-12-02 00:00:00,NL,2001,12,2,6,,4.1,,7.9,,0,,,,,,,M,,,,,0,,12,,,,,
-52.78472222222222,47.51555555555556,ST JOHN'S WEST CDA CS,8403605,8403605.2001.12.3,2001-12-03 00:00:00,NL,2001,12,3,0.2,,-0.7,,1.1,,0,T,,,,,,M,,,,,0,,17.8,,,,,
-52.78472222222222,47.51555555555556,ST JOHN'S WEST CDA CS,8403605,8403605.2001.12.4,2001-12-04 00:00:00,NL,2001,12,4,1.4,,-1.7,,4.4,,1.2,,,,,,1,,,,,,0,,16.6,,,,,
-52.78472222222222,47.51555555555556,ST JOHN'S WEST CDA CS,8403605,8403605.2001.12.5,2001-12-05 00:00:00,NL,2001,12,5,-3.2,,-4.7,,-1.7,,0,,,,,,1,,,,,,0,,21.2,,,,,
-52.78472222222222,47.51555555555556,ST JOHN'S WEST CDA CS,8403605,8403605.2001.12.6,2001-12-06 00:00:00,NL,2001,12,6,-0.8,,-8.6,,7.1,,8.5,,,,,,0,,,,,,0,,18.8,,,,,
-52.78472222222222,47.51555555555556,ST JOHN'S WEST CDA CS,8403605,8403605.2001.12.7,2001-12-07 00:00:00,NL,2001,12,7,4.5,,0.3,,8.7,,0,T,,,,,1,,,,,,0,,13.5,,,,,
-52.78472222222222,47.51555555555556,ST JOHN'S WEST CDA CS,8403605,8403605.2001.12.8,2001-12-08 00:00:00,NL,2001,12,8,0.6,,-0.9,,2,,0,,,,,,0,,,,,,0,,17.4,,,,,
-52.78472222222222,47.51555555555556,ST JOHN'S WEST CDA CS,8403605,8403605.2001.12.9,2001-12-09 00:00:00,NL,2001,12,9,-1.9,,-2.9,,-0.9,,0,,,,,,0,,,,,,0,,19.9,,,,,
-52.78472222222222,47.51555555555556,ST JOHN'S WEST CDA CS,8403605,8403605.2001.12.10,2001-12-10 00:00:00,NL,2001,12,10,-0.6,,-2.8,,1.7,,0,T,,,,,0,,,,,,0,,18.6,,,,,
-52.78472222222222,47.51555555555556,ST JOHN'S WEST CDA CS,8403605,8403605.2001.12.11,2001-12-11 00:00:00,NL,2001,12,11,1,,-4.3,,6.3,,0,,,,,,1,,,,,,0,,17,,,,,
-52.78472222222222,47.51555555555556,ST JOHN'S WEST CDA CS,8403605,8403605.2001.12.12,2001-12-12 00:00:00,NL,2001,12,12,-1.5,,-2.6,,-0.3,,0,,,,,,1,,,,,,0,,19.5,,,,,
-52.78472222222222,47.51555555555556,ST JOHN'S WEST CDA CS,8403605,8403605.2001.12.13,2001-12-13 00:00:00,NL,2001,12,13,-3.4,,-7,,0.2,,0,,,,,,0,,,,,,0,,21.4,,,,,
-52.78472222222222,47.51555555555556,ST JOHN'S WEST CDA CS,8403605,8403605.2001.12.14,2001-12-14 00:00:00,NL,2001,12,14,-1.1,,-5.4,,3.2,,2.8,,,,,,0,,,,,,0,,19.1,,,,,
-52.78472222222222,47.51555555555556,ST JOHN'S WEST CDA CS,8403605,8403605.2001.12.15,2001-12-15 00:00:00,NL,2001,12,15,1.2,,0.7,,1.6,,0.4,,,,,,1,,,,,,0,,16.8,,,,,
-52.78472222222222,47.51555555555556,ST JOHN'S WEST CDA CS,8403605,8403605.2001.12.16,2001-12-16 00:00:00,NL,2001,12,16,-2.4,,-5,,0.2,,5.4,,,,,,5,,,,,,0,,20.4,,,,,
-52.78472222222222,47.51555555555556,ST JOHN'S WEST CDA CS,8403605,8403605.2001.12.17,2001-12-17 00:00:00,NL,2001,12,17,-1.7,,-3.6,,0.2,,2,,,,,,9,,,,,,0,,19.7,,,,,
-52.78472222222222,47.51555555555556,ST JOHN'S WEST CDA CS,8403605,8403605.2001.12.18,2001-12-18 00:00:00,NL,2001,12,18,2.5,,-2.3,,7.2,,8.9,,,,,,11,,,,,,0,,15.5,,,,,
-52.78472222222222,47.51555555555556,ST JOHN'S WEST CDA CS,8403605,8403605.2001.12.19,2001-12-19 00:00:00,NL,2001,12,19,4.2,,0.6,,7.8,,,M,,,,,0,,,,,,0,,13.8,,,,,
-52.78472222222222,47.51555555555556,ST JOHN'S WEST CDA CS,8403605,8403605.2001.12.20,2001-12-20 00:00:00,NL,2001,12,20,2,,0.6,,3.3,,0,,,,,,1,,,,,,0,,16,,,,,
-52.78472222222222,47.51555555555556,ST JOHN'S WEST CDA CS,8403605,8403605.2001.12.21,2001-12-21 00:00:00,NL,2001,12,21,3.6,,0.1,,7,,1.5,,,,,,1,,,,,,0,,14.4,,,,,
-52.78472222222222,47.51555555555556,ST JOHN'S WEST CDA CS,8403605,8403605.2001.12.22,2001-12-22 00:00:00,NL,2001,12,22,4.5,,2.2,,6.7,,0,,,,,,,M,,,,,0,,13.5,,,,,
-52.78472222222222,47.51555555555556,ST JOHN'S WEST CDA CS,8403605,8403605.2001.12.23,2001-12-23 00:00:00,NL,2001,12,23,3.7,,1.3,,6,,0.8,,,,,,,M,,,,,0,,14.3,,,,,
-52.78472222222222,47.51555555555556,ST JOHN'S WEST CDA CS,8403605,8403605.2001.12.24,2001-12-24 00:00:00,NL,2001,12,24,4.6,,1.5,,7.6,,0,,,,,,,M,,,,,0,,13.4,,,,,
-52.78472222222222,47.51555555555556,ST JOHN'S WEST CDA CS,8403605,8403605.2001.12.25,2001-12-25 00:00:00,NL,2001,12,25,5.8,,4.1,,7.5,,0.2,,,,,,,M,,,,,0,,12.2,,,,,
-52.78472222222222,47.51555555555556,ST JOHN'S WEST CDA CS,8403605,8403605.2001.12.26,2001-12-26 00:00:00,NL,2001,12,26,6.3,,4.5,,8.1,,0,,,,,,,M,,,,,0,,11.7,,,,,
-52.78472222222222,47.51555555555556,ST JOHN'S WEST CDA CS,8403605,8403605.2001.12.27,2001-12-27 00:00:00,NL,2001,12,27,5.2,,2.8,,7.5,,,M,,,,,,M,,,,,0,,12.8,,,,,
-52.78472222222222,47.51555555555556,ST JOHN'S WEST CDA CS,8403605,8403605.2001.12.28,2001-12-28 00:00:00,NL,2001,12,28,1.7,,0.3,,3.1,,,M,,,,,,M,,,,,0,,16.3,,,,,
-52.78472222222222,47.51555555555556,ST JOHN'S WEST CDA CS,8403605,8403605.2001.12.29,2001-12-29 00:00:00,NL,2001,12,29,1.4,,-2.4,,5.1,,8.2,,,,,,0,,,,,,0,,16.6,,,,,
-52.78472222222222,47.51555555555556,ST JOHN'S WEST CDA CS,8403605,8403605.2001.12.30,2001-12-30 00:00:00,NL,2001,12,30,0.4,,-0.8,,1.5,,1.1,,,,,,0,,,,,,0,,17.6,,,,,
-52.78472222222222,47.51555555555556,ST JOHN'S WEST CDA CS,8403605,8403605.2001.12.31,2001-12-31 00:00:00,NL,2001,12,31,-1,,-1.7,,-0.3,,1.1,,,,,,10,,,,,,0,,19,,,,,
-52.78472222222222,47.51555555555556,ST JOHN'S WEST CDA CS,8403605,8403605.2002.1.1,2002-01-01 00:00:00,NL,2002,1,1,-3.6,,-5.5,,-1.7,,,M,,,,,10,,,,,,0,,21.6,,,,,
-52.78472222222222,47.51555555555556,ST JOHN'S WEST CDA CS,8403605,8403605.2002.1.2,2002-01-02 00:00:00,NL,2002,1,2,-6.3,,-8.7,,-3.8,,,M,,,,,13,,,,,,0,,24.3,,,,,
-52.78472222222222,47.51555555555556,ST JOHN'S WEST CDA CS,8403605,8403605.2002.1.3,2002-01-03 00:00:00,NL,2002,1,3,-2.9,,-5.4,,-0.3,,,M,,,,,9,,,,,,0,,20.9,,,,,
-52.78472222222222,47.51555555555556,ST JOHN'S WEST CDA CS,8403605,8403605.2002.1.4,2002-01-04 00:00:00,NL,2002,1,4,-6,,-9.1,,-2.9,,,M,,,,,9,,,,,,0,,24,,,,,
-52.78472222222222,47.51555555555556,ST JOHN'S WEST CDA CS,8403605,8403605.2002.1.5,2002-01-05 00:00:00,NL,2002,1,5,-7.8,,-11.4,,-4.1,,0,,,,,,8,,,,,,0,,25.8,,,,,
-52.78472222222222,47.51555555555556,ST JOHN'S WEST CDA CS,8403605,8403605.2002.1.6,2002-01-06 00:00:00,NL,2002,1,6,-4,,-7.7,,-0.2,,0,,,,,,7,,,,,,0,,22,,,,,
-52.78472222222222,47.51555555555556,ST JOHN'S WEST CDA CS,8403605,8403605.2002.1.7,2002-01-07 00:00:00,NL,2002,1,7,2.1,,-4.8,,9,,9.7,,,,,,8,,,,,,0,,15.9,,,,,
-52.78472222222222,47.51555555555556,ST JOHN'S WEST CDA CS,8403605,8403605.2002.1.8,2002-01-08 00:00:00,NL,2002,1,8,-0.5,,-1,,0,,2.8,,,,,,1,,,,,,0,,18.5,,,,,
-52.78472222222222,47.51555555555556,ST JOHN'S WEST CDA CS,8403605,8403605.2002.1.9,2002-01-09 00:00:00,NL,2002,1,9,-2.1,,-5.5,,1.4,,0.8,,,,,,4,,,,,,0,,20.1,,,,,
-52.78472222222222,47.51555555555556,ST JOHN'S WEST CDA CS,8403605,8403605.2002.1.10,2002-01-10 00:00:00,NL,2002,1,10,-0.1,,-3,,2.9,,3.7,,,,,,4,,,,,,0,,18.1,,,,,
-52.78472222222222,47.51555555555556,ST JOHN'S WEST CDA CS,8403605,8403605.2002.1.11,2002-01-11 00:00:00,NL,2002,1,11,-0.1,,-0.6,,0.5,,1,,,,,,3,,,,,,0,,18.1,,,,,
-52.78472222222222,47.51555555555556,ST JOHN'S WEST CDA CS,8403605,8403605.2002.1.12,2002-01-12 00:00:00,NL,2002,1,12,-3.4,,-4.7,,-2,,0.5,,,,,,4,,,,,,0,,21.4,,,,,
-52.78472222222222,47.51555555555556,ST JOHN'S WEST CDA CS,8403605,8403605.2002.1.13,2002-01-13 00:00:00,NL,2002,1,13,-0.1,,-5.8,,5.6,,1.5,,,,,,13,,,,,,0,,18.1,,,,,
-52.78472222222222,47.51555555555556,ST JOHN'S WEST CDA CS,8403605,8403605.2002.1.14,2002-01-14 00:00:00,NL,2002,1,14,1.4,,-2,,4.8,,,M,,,,,6,,,,,,0,,16.6,,,,,
-52.78472222222222,47.51555555555556,ST JOHN'S WEST CDA CS,8403605,8403605.2002.1.15,2002-01-15 00:00:00,NL,2002,1,15,-4.8,,-6.4,,-3.1,,1.8,,,,,,3,,,,,,0,,22.8,,,,,
-52.78472222222222,47.51555555555556,ST JOHN'S WEST CDA CS,8403605,8403605.2002.1.16,2002-01-16 00:00:00,NL,2002,1,16,-5,,-9.6,,-0.4,,7.1,,,,,,,M,,,,,0,,23,,,,,
-52.78472222222222,47.51555555555556,ST JOHN'S WEST CDA CS,8403605,8403605.2002.1.17,2002-01-17 00:00:00,NL,2002,1,17,-5.2,,-7.3,,-3.1,,,M,,,,,,M,,,,,0,,23.2,,,,,
-52.78472222222222,47.51555555555556,ST JOHN'S WEST CDA CS,8403605,8403605.2002.1.18,2002-01-18 00:00:00,NL,2002,1,18,-6.2,,-10.2,,-2.2,,,M,,,,,,M,,,,,0,,24.2,,,,,
-52.78472222222222,47.51555555555556,ST JOHN'S WEST CDA CS,8403605,8403605.2002.1.19,2002-01-19 00:00:00,NL,2002,1,19,-6.2,,-8.9,,-3.4,,0.4,,,,,,,M,,,,,0,,24.2,,,,,
-52.78472222222222,47.51555555555556,ST JOHN'S WEST CDA CS,8403605,8403605.2002.1.20,2002-01-20 00:00:00,NL,2002,1,20,-10.3,,-14.1,,-6.5,,0,,,,,,39,,,,,,0,,28.3,,,,,
-52.78472222222222,47.51555555555556,ST JOHN'S WEST CDA CS,8403605,8403605.2002.1.21,2002-01-21 00:00:00,NL,2002,1,21,-5.8,,-9.5,,-2,,,M,,,,,35,,,,,,0,,23.8,,,,,
-52.78472222222222,47.51555555555556,ST JOHN'S WEST CDA CS,8403605,8403605.2002.1.22,2002-01-22 00:00:00,NL,2002,1,22,-4.5,,-9.2,,0.2,,4.2,,,,,,,M,,,,,0,,22.5,,,,,
-52.78472222222222,47.51555555555556,ST JOHN'S WEST CDA CS,8403605,8403605.2002.1.23,2002-01-23 00:00:00,NL,2002,1,23,-8.3,,-9.5,,-7.1,,,M,,,,,,M,,,,,0,,26.3,,,,,
-52.78472222222222,47.51555555555556,ST JOHN'S WEST CDA CS,8403605,8403605.2002.1.24,2002-01-24 00:00:00,NL,2002,1,24,-9.7,,-13.1,,-6.3,,0,,,,,,,M,,,,,0,,27.7,,,,,
-52.78472222222222,47.51555555555556,ST JOHN'S WEST CDA CS,8403605,8403605.2002.1.25,2002-01-25 00:00:00,NL,2002,1,25,-9.1,,-10.8,,-7.4,,0,,,,,,,M,,,,,0,,27.1,,,,,
-52.78472222222222,47.51555555555556,ST JOHN'S WEST CDA CS,8403605,8403605.2002.1.26,2002-01-26 00:00:00,NL,2002,1,26,-10.2,,-13.1,,-7.2,,,M,,,,,,M,,,,,0,,28.2,,,,,
-52.78472222222222,47.51555555555556,ST JOHN'S WEST CDA CS,8403605,8403605.2002.1.27,2002-01-27 00:00:00,NL,2002,1,27,-11.1,,-12.1,,-10,,,M,,,,,,M,,,,,0,,29.1,,,,,
-52.78472222222222,47.51555555555556,ST JOHN'S WEST CDA CS,8403605,8403605.2002.1.28,2002-01-28 00:00:00,NL,2002,1,28,-7.1,,-13,,-1.1,,0.6,,,,,,,M,,,,,0,,25.1,,,,,
-52.78472222222222,47.51555555555556,ST JOHN'S WEST CDA CS,8403605,8403605.2002.1.29,2002-01-29 00:00:00,NL,2002,1,29,-4.6,,-9.7,,0.6,,0,,,,,,,M,,,,,0,,22.6,,,,,
-52.78472222222222,47.51555555555556,ST JOHN'S WEST CDA CS,8403605,8403605.2002.1.30,2002-01-30 00:00:00,NL,2002,1,30,-9.5,,-10.4,,-8.6,,0,T,,,,,,M,,,,,0,,27.5,,,,,
-52.78472222222222,47.51555555555556,ST JOHN'S WEST CDA CS,8403605,8403605.2002.1.31,2002-01-31 00:00:00,NL,2002,1,31,-14.4,,-16.5,,-12.3,,0,,,,,,,M,,,,,0,,32.4,,,,,
-52.78472222222222,47.51555555555556,ST JOHN'S WEST CDA CS,8403605,8403605.2002.2.1,2002-02-01 00:00:00,NL,2002,2,1,-11.8,,-17.8,,-5.7,,0.8,,,,,,82,,,,,,0,,29.8,,,,,
-52.78472222222222,47.51555555555556,ST JOHN'S WEST CDA CS,8403605,8403605.2002.2.2,2002-02-02 00:00:00,NL,2002,2,2,-4.9,,-10.1,,0.4,,1.6,,,,,,,M,,,,,0,,22.9,,,,,
-52.78472222222222,47.51555555555556,ST JOHN'S WEST CDA CS,8403605,8403605.2002.2.3,2002-02-03 00:00:00,NL,2002,2,3,-7.8,,-9.7,,-5.8,,,M,,,,,,M,,,,,0,,25.8,,,,,
-52.78472222222222,47.51555555555556,ST JOHN'S WEST CDA CS,8403605,8403605.2002.2.4,2002-02-04 00:00:00,NL,2002,2,4,-7.4,,-11.4,,-3.3,,0.3,,,,,,,M,,,,,0,,25.4,,,,,
-52.78472222222222,47.51555555555556,ST JOHN'S WEST CDA CS,8403605,8403605.2002.2.5,2002-02-05 00:00:00,NL,2002,2,5,-4.9,,-8.3,,-1.5,,3,,,,,,,M,,,,,0,,22.9,,,,,
-52.78472222222222,47.51555555555556,ST JOHN'S WEST CDA CS,8403605,8403605.2002.2.6,2002-02-06 00:00:00,NL,2002,2,6,-2.6,,-3.2,,-1.9,,,M,,,,,,M,,,,,0,,20.6,,,,,
-52.78472222222222,47.51555555555556,ST JOHN'S WEST CDA CS,8403605,8403605.2002.2.7,2002-02-07 00:00:00,NL,2002,2,7,-9.8,,-10.4,,-9.2,,,M,,,,,,M,,,,,0,,27.8,,,,,
-52.78472222222222,47.51555555555556,ST JOHN'S WEST CDA CS,8403605,8403605.2002.2.8,2002-02-08 00:00:00,NL,2002,2,8,-11.8,,-15.2,,-8.3,,2.2,,,,,,,M,,,,,0,,29.8,,,,,
-52.78472222222222,47.51555555555556,ST JOHN'S WEST CDA CS,8403605,8403605.2002.2.9,2002-02-09 00:00:00,NL,2002,2,9,-6.8,,-10.8,,-2.8,,0.2,,,,,,,M,,,,,0,,24.8,,,,,
-52.78472222222222,47.51555555555556,ST JOHN'S WEST CDA CS,8403605,8403605.2002.2.10,2002-02-10 00:00:00,NL,2002,2,10,-5.4,,-10.4,,-0.3,,,M,,,,,,M,,,,,0,,23.4,,,,,
-52.78472222222222,47.51555555555556,ST JOHN'S WEST CDA CS,8403605,8403605.2002.2.11,2002-02-11 00:00:00,NL,2002,2,11,0.4,,-5.5,,6.3,,13.4,,,,,,,M,,,,,0,,17.6,,,,,
-52.78472222222222,47.51555555555556,ST JOHN'S WEST CDA CS,8403605,8403605.2002.2.12,2002-02-12 00:00:00,NL,2002,2,12,-8.9,,-14.8,,-2.9,,,M,,,,,85,,,,,,0,,26.9,,,,,
-52.78472222222222,47.51555555555556,ST JOHN'S WEST CDA CS,8403605,8403605.2002.2.13,2002-02-13 00:00:00,NL,2002,2,13,-7.3,,-16.2,,1.6,,4.2,,,,,,82,,,,,,0,,25.3,,,,,
-52.78472222222222,47.51555555555556,ST JOHN'S WEST CDA CS,8403605,8403605.2002.2.14,2002-02-14 00:00:00,NL,2002,2,14,-6.2,,-7.1,,-5.2,,,M,,,,,85,,,,,,0,,24.2,,,,,
-52.78472222222222,47.51555555555556,ST JOHN'S WEST CDA CS,8403605,8403605.2002.2.15,2002-02-15 00:00:00,NL,2002,2,15,-6.1,,-15.3,,3.1,,,M,,,,,84,,,,,,0,,24.1,,,,,
-52.78472222222222,47.51555555555556,ST JOHN'S WEST CDA CS,8403605,8403605.2002.2.16,2002-02-16 00:00:00,NL,2002,2,16,1.2,,-2.8,,5.2,,,M,,,,,83,,,,,,0,,16.8,,,,,
-52.78472222222222,47.51555555555556,ST JOHN'S WEST CDA CS,8403605,8403605.2002.2.17,2002-02-17 00:00:00,NL,2002,2,17,2.9,,1.4,,4.4,,,M,,,,,76,,,,,,0,,15.1,,,,,
-52.78472222222222,47.51555555555556,ST JOHN'S WEST CDA CS,8403605,8403605.2002.2.18,2002-02-18 00:00:00,NL,2002,2,18,-1.4,,-2.1,,-0.6,,,M,,,,,70,,,,,,0,,19.4,,,,,
-52.78472222222222,47.51555555555556,ST JOHN'S WEST CDA CS,8403605,8403605.2002.2.19,2002-02-19 00:00:00,NL,2002,2,19,-0.6,,-3.4,,2.2,,,M,,,,,69,,,,,,0,,18.6,,,,,
-52.78472222222222,47.51555555555556,ST JOHN'S WEST CDA CS,8403605,8403605.2002.2.20,2002-02-20 00:00:00,NL,2002,2,20,0.6,,0.2,,1,,,M,,,,,68,,,,,,0,,17.4,,,,,
-52.78472222222222,47.51555555555556,ST JOHN'S WEST CDA CS,8403605,8403605.2002.2.21,2002-02-21 00:00:00,NL,2002,2,21,-1.5,,-3.1,,0.2,,,M,,,,,67,,,,,,0,,19.5,,,,,
-52.78472222222222,47.51555555555556,ST JOHN'S WEST CDA CS,8403605,8403605.2002.2.22,2002-02-22 00:00:00,NL,2002,2,22,0.5,,-2.2,,3.1,,,M,,,,,65,,,,,,0,,17.5,,,,,
-52.78472222222222,47.51555555555556,ST JOHN'S WEST CDA CS,8403605,8403605.2002.2.23,2002-02-23 00:00:00,NL,2002,2,23,1.4,,0,,2.8,,0,T,,,,,64,,,,,,0,,16.6,,,,,
-52.78472222222222,47.51555555555556,ST JOHN'S WEST CDA CS,8403605,8403605.2002.2.24,2002-02-24 00:00:00,NL,2002,2,24,-2.3,,-2.6,,-2,,,M,,,,,63,,,,,,0,,20.3,,,,,
-52.78472222222222,47.51555555555556,ST JOHN'S WEST CDA CS,8403605,8403605.2002.2.25,2002-02-25 00:00:00,NL,2002,2,25,-6.4,,-8.1,,-4.6,,,M,,,,,63,,,,,,0,,24.4,,,,,
-52.78472222222222,47.51555555555556,ST JOHN'S WEST CDA CS,8403605,8403605.2002.2.26,2002-02-26 00:00:00,NL,2002,2,26,-5.8,,-12.1,,0.6,,,M,,,,,62,,,,,,0,,23.8,,,,,
-52.78472222222222,47.51555555555556,ST JOHN'S WEST CDA CS,8403605,8403605.2002.2.27,2002-02-27 00:00:00,NL,2002,2,27,-0.9,,-5.9,,4.2,,0.7,,,,,,62,,,,,,0,,18.9,,,,,
-52.78472222222222,47.51555555555556,ST JOHN'S WEST CDA CS,8403605,8403605.2002.2.28,2002-02-28 00:00:00,NL,2002,2,28,1.8,,-1.7,,5.3,,7.8,,,,,,60,,,,,,0,,16.2,,,,,
-52.78472222222222,47.51555555555556,ST JOHN'S WEST CDA CS,8403605,8403605.2002.3.1,2002-03-01 00:00:00,NL,2002,3,1,-0.4,,-2.1,,1.3,,,M,,,,,57,,,,,,0,,18.4,,,,,
-52.78472222222222,47.51555555555556,ST JOHN'S WEST CDA CS,8403605,8403605.2002.3.2,2002-03-02 00:00:00,NL,2002,3,2,-3.6,,-7.4,,0.2,,,M,,,,,56,,,,,,0,,21.6,,,,,
-52.78472222222222,47.51555555555556,ST JOHN'S WEST CDA CS,8403605,8403605.2002.3.3,2002-03-03 00:00:00,NL,2002,3,3,-0.6,,-8.3,,7.1,,3.7,,,,,,56,,,,,,0,,18.6,,,,,
-52.78472222222222,47.51555555555556,ST JOHN'S WEST CDA CS,8403605,8403605.2002.3.4,2002-03-04 00:00:00,NL,2002,3,4,4.2,,-2,,10.4,,,M,,,,,,M,,,,,0,,13.8,,,,,
-52.78472222222222,47.51555555555556,ST JOHN'S WEST CDA CS,8403605,8403605.2002.3.5,2002-03-05 00:00:00,NL,2002,3,5,-1.5,,-2.7,,-0.3,,,M,,,,,36,,,,,,0,,19.5,,,,,
-52.78472222222222,47.51555555555556,ST JOHN'S WEST CDA CS,8403605,8403605.2002.3.6,2002-03-06 00:00:00,NL,2002,3,6,-6.4,,-10,,-2.8,,,M,,,,,36,,,,,,0,,24.4,,,,,
-52.78472222222222,47.51555555555556,ST JOHN'S WEST CDA CS,8403605,8403605.2002.3.7,2002-03-07 00:00:00,NL,2002,3,7,-7.7,,-12.6,,-2.7,,,M,,,,,36,,,,,,0,,25.7,,,,,
-52.78472222222222,47.51555555555556,ST JOHN'S WEST CDA CS,8403605,8403605.2002.3.8,2002-03-08 00:00:00,NL,2002,3,8,-2.1,,-5.4,,1.3,,,M,,,,,36,,,,,,0,,20.1,,,,,
-52.78472222222222,47.51555555555556,ST JOHN'S WEST CDA CS,8403605,8403605.2002.3.9,2002-03-09 00:00:00,NL,2002,3,9,-8.8,,-13.9,,-3.6,,,M,,,,,35,,,,,,0,,26.8,,,,,
-52.78472222222222,47.51555555555556,ST JOHN'S WEST CDA CS,8403605,8403605.2002.3.10,2002-03-10 00:00:00,NL,2002,3,10,-0.3,,-9.3,,8.8,,5,,,,,,35,,,,,,0,,18.3,,,,,
-52.78472222222222,47.51555555555556,ST JOHN'S WEST CDA CS,8403605,8403605.2002.3.11,2002-03-11 00:00:00,NL,2002,3,11,2.8,,-0.5,,6.1,,,M,,,,,30,,,,,,0,,15.2,,,,,
-52.78472222222222,47.51555555555556,ST JOHN'S WEST CDA CS,8403605,8403605.2002.3.12,2002-03-12 00:00:00,NL,2002,3,12,-4,,-7.2,,-0.7,,,M,,,,,29,,,,,,0,,22,,,,,
-52.78472222222222,47.51555555555556,ST JOHN'S WEST CDA CS,8403605,8403605.2002.3.13,2002-03-13 00:00:00,NL,2002,3,13,-1.7,,-5,,1.6,,0,,,,,,29,,,,,,0,,19.7,,,,,
-52.78472222222222,47.51555555555556,ST JOHN'S WEST CDA CS,8403605,8403605.2002.3.14,2002-03-14 00:00:00,NL,2002,3,14,0.5,,-5.8,,6.8,,8.8,,,,,,30,,,,,,0,,17.5,,,,,
-52.78472222222222,47.51555555555556,ST JOHN'S WEST CDA CS,8403605,8403605.2002.3.15,2002-03-15 00:00:00,NL,2002,3,15,-4.4,,-6.3,,-2.4,,,M,,,,,26,,,,,,0,,22.4,,,,,
-52.78472222222222,47.51555555555556,ST JOHN'S WEST CDA CS,8403605,8403605.2002.3.16,2002-03-16 00:00:00,NL,2002,3,16,-4.3,,-7.5,,-1.1,,,M,,,,,25,,,,,,0,,22.3,,,,,
-52.78472222222222,47.51555555555556,ST JOHN'S WEST CDA CS,8403605,8403605.2002.3.17,2002-03-17 00:00:00,NL,2002,3,17,-2.1,,-3.5,,-0.6,,5.4,,,,,,25,,,,,,0,,20.1,,,,,
-52.78472222222222,47.51555555555556,ST JOHN'S WEST CDA CS,8403605,8403605.2002.3.18,2002-03-18 00:00:00,NL,2002,3,18,-3,,-3.2,,-2.8,,1.3,,,,,,62,,,,,,0,,21,,,,,
-52.78472222222222,47.51555555555556,ST JOHN'S WEST CDA CS,8403605,8403605.2002.3.19,2002-03-19 00:00:00,NL,2002,3,19,-4.5,,-4.8,,-4.1,,,M,,,,,66,,,,,,0,,22.5,,,,,
-52.78472222222222,47.51555555555556,ST JOHN'S WEST CDA CS,8403605,8403605.2002.3.20,2002-03-20 00:00:00,NL,2002,3,20,-4,,-5.4,,-2.5,,,M,,,,,63,,,,,,0,,22,,,,,
-52.78472222222222,47.51555555555556,ST JOHN'S WEST CDA CS,8403605,8403605.2002.3.21,2002-03-21 00:00:00,NL,2002,3,21,-2.2,,-6.5,,2.2,,1,,,,,,61,,,,,,0,,20.2,,,,,
-52.78472222222222,47.51555555555556,ST JOHN'S WEST CDA CS,8403605,8403605.2002.3.22,2002-03-22 00:00:00,NL,2002,3,22,-1.7,,-4.5,,1.2,,3.3,,,,,,59,,,,,,0,,19.7,,,,,
-52.78472222222222,47.51555555555556,ST JOHN'S WEST CDA CS,8403605,8403605.2002.3.23,2002-03-23 00:00:00,NL,2002,3,23,-2.9,,-5.5,,-0.2,,,M,,,,,58,,,,,,0,,20.9,,,,,
-52.78472222222222,47.51555555555556,ST JOHN'S WEST CDA CS,8403605,8403605.2002.3.24,2002-03-24 00:00:00,NL,2002,3,24,-1.7,,-6.6,,3.2,,,M,,,,,63,,,,,,0,,19.7,,,,,
-52.78472222222222,47.51555555555556,ST JOHN'S WEST CDA CS,8403605,8403605.2002.3.25,2002-03-25 00:00:00,NL,2002,3,25,-2.2,,-5,,0.6,,,M,,,,,60,,,,,,0,,20.2,,,,,
-52.78472222222222,47.51555555555556,ST JOHN'S WEST CDA CS,8403605,8403605.2002.3.26,2002-03-26 00:00:00,NL,2002,3,26,-4.3,,-10,,1.4,,,M,,,,,57,,,,,,0,,22.3,,,,,
-52.78472222222222,47.51555555555556,ST JOHN'S WEST CDA CS,8403605,8403605.2002.3.27,2002-03-27 00:00:00,NL,2002,3,27,-1.1,,-9.1,,7,,0.8,,,,,,57,,,,,,0,,19.1,,,,,
-52.78472222222222,47.51555555555556,ST JOHN'S WEST CDA CS,8403605,8403605.2002.3.28,2002-03-28 00:00:00,NL,2002,3,28,4.5,,-1.5,,10.4,,6.5,,,,,,53,,,,,,0,,13.5,,,,,
-52.78472222222222,47.51555555555556,ST JOHN'S WEST CDA CS,8403605,8403605.2002.3.29,2002-03-29 00:00:00,NL,2002,3,29,7.2,,4.9,,9.4,,,M,,,,,24,,,,,,0,,10.8,,,,,
-52.78472222222222,47.51555555555556,ST JOHN'S WEST CDA CS,8403605,8403605.2002.3.30,2002-03-30 00:00:00,NL,2002,3,30,0.3,,-0.8,,1.3,,,M,,,,,22,,,,,,0,,17.7,,,,,
-52.78472222222222,47.51555555555556,ST JOHN'S WEST CDA CS,8403605,8403605.2002.3.31,2002-03-31 00:00:00,NL,2002,3,31,1.4,,-2.5,,5.2,,0,T,,,,,22,,,,,,0,,16.6,,,,,
-52.78472222222222,47.51555555555556,ST JOHN'S WEST CDA CS,8403605,8403605.2002.4.1,2002-04-01 00:00:00,NL,2002,4,1,4.8,,1.2,,8.3,,,,,,,,20,,,,,,0,,13.2,,,,,
-52.78472222222222,47.51555555555556,ST JOHN'S WEST CDA CS,8403605,8403605.2002.4.2,2002-04-02 00:00:00,NL,2002,4,2,5,,0,,10,,,,,,,,18,,,,,,0,,13,,,,,
-52.78472222222222,47.51555555555556,ST JOHN'S WEST CDA CS,8403605,8403605.2002.4.3,2002-04-03 00:00:00,NL,2002,4,3,3.9,,0,,7.7,,,,,,,,12,,,,,,0,,14.1,,,,,
-52.78472222222222,47.51555555555556,ST JOHN'S WEST CDA CS,8403605,8403605.2002.4.4,2002-04-04 00:00:00,NL,2002,4,4,7.8,,0.4,,15.2,,,,,,,,8,,,,,,0,,10.2,,,,,
-52.78472222222222,47.51555555555556,ST JOHN'S WEST CDA CS,8403605,8403605.2002.4.5,2002-04-05 00:00:00,NL,2002,4,5,3,,-0.8,,6.7,,,,,,,,0,,,,,,0,,15,,,,,
-52.78472222222222,47.51555555555556,ST JOHN'S WEST CDA CS,8403605,8403605.2002.4.6,2002-04-06 00:00:00,NL,2002,4,6,0.4,,-2,,2.8,,,,,,,,0,,,,,,0,,17.6,,,,,
-52.78472222222222,47.51555555555556,ST JOHN'S WEST CDA CS,8403605,8403605.2002.4.7,2002-04-07 00:00:00,NL,2002,4,7,0,,-0.9,,0.9,,,,,,,,2,,,,,,0,,18,,,,,
-52.78472222222222,47.51555555555556,ST JOHN'S WEST CDA CS,8403605,8403605.2002.4.8,2002-04-08 00:00:00,NL,2002,4,8,0.3,,-2,,2.5,,,,,,,,0,,,,,,0,,17.7,,,,,
-52.78472222222222,47.51555555555556,ST JOHN'S WEST CDA CS,8403605,8403605.2002.4.9,2002-04-09 00:00:00,NL,2002,4,9,2.1,,-2.5,,6.6,,,,,,,,0,,,,,,0,,15.9,,,,,
-52.78472222222222,47.51555555555556,ST JOHN'S WEST CDA CS,8403605,8403605.2002.4.10,2002-04-10 00:00:00,NL,2002,4,10,3.3,,-1.3,,7.9,,,,,,,,0,,,,,,0,,14.7,,,,,
-52.78472222222222,47.51555555555556,ST JOHN'S WEST CDA CS,8403605,8403605.2002.4.11,2002-04-11 00:00:00,NL,2002,4,11,2.6,,1.1,,4.1,,,,,,,,0,,,,,,0,,15.4,,,,,
-52.78472222222222,47.51555555555556,ST JOHN'S WEST CDA CS,8403605,8403605.2002.4.12,2002-04-12 00:00:00,NL,2002,4,12,1.3,,-5.2,,7.7,,,,,,,,0,,,,,,0,,16.7,,,,,
-52.78472222222222,47.51555555555556,ST JOHN'S WEST CDA CS,8403605,8403605.2002.4.13,2002-04-13 00:00:00,NL,2002,4,13,3.8,,-0.1,,7.7,,,,,,,,0,,,,,,0,,14.2,,,,,
-52.78472222222222,47.51555555555556,ST JOHN'S WEST CDA CS,8403605,8403605.2002.4.14,2002-04-14 00:00:00,NL,2002,4,14,4.2,,2.2,,6.2,,,,,,,,1,,,,,,0,,13.8,,,,,
-52.78472222222222,47.51555555555556,ST JOHN'S WEST CDA CS,8403605,8403605.2002.4.15,2002-04-15 00:00:00,NL,2002,4,15,0.4,,-2,,2.7,,,,,,,,1,,,,,,0,,17.6,,,,,
-52.78472222222222,47.51555555555556,ST JOHN'S WEST CDA CS,8403605,8403605.2002.4.16,2002-04-16 00:00:00,NL,2002,4,16,0.7,,-2.5,,3.8,,,,,,,,5,,,,,,0,,17.3,,,,,
-52.78472222222222,47.51555555555556,ST JOHN'S WEST CDA CS,8403605,8403605.2002.4.17,2002-04-17 00:00:00,NL,2002,4,17,1,,-2.7,,4.6,,,,,,,,0,,,,,,0,,17,,,,,
-52.78472222222222,47.51555555555556,ST JOHN'S WEST CDA CS,8403605,8403605.2002.4.18,2002-04-18 00:00:00,NL,2002,4,18,-2.2,,-5.4,,1,,,,,,,,1,,,,,,0,,20.2,,,,,
-52.78472222222222,47.51555555555556,ST JOHN'S WEST CDA CS,8403605,8403605.2002.4.19,2002-04-19 00:00:00,NL,2002,4,19,-0.4,,-3.5,,2.8,,,,,,,,0,,,,,,0,,18.4,,,,,
-52.78472222222222,47.51555555555556,ST JOHN'S WEST CDA CS,8403605,8403605.2002.4.20,2002-04-20 00:00:00,NL,2002,4,20,3.7,,-0.2,,7.5,,,,,,,,2,,,,,,0,,14.3,,,,,
-52.78472222222222,47.51555555555556,ST JOHN'S WEST CDA CS,8403605,8403605.2002.4.21,2002-04-21 00:00:00,NL,2002,4,21,0.3,,-2.8,,3.4,,,,,,,,0,,,,,,0,,17.7,,,,,
-52.78472222222222,47.51555555555556,ST JOHN'S WEST CDA CS,8403605,8403605.2002.4.22,2002-04-22 00:00:00,NL,2002,4,22,1.3,,-2.4,,5,,,,,,,,2,,,,,,0,,16.7,,,,,
-52.78472222222222,47.51555555555556,ST JOHN'S WEST CDA CS,8403605,8403605.2002.4.23,2002-04-23 00:00:00,NL,2002,4,23,0.4,,-1.7,,2.5,,,,,,,,0,,,,,,0,,17.6,,,,,
-52.78472222222222,47.51555555555556,ST JOHN'S WEST CDA CS,8403605,8403605.2002.4.24,2002-04-24 00:00:00,NL,2002,4,24,-0.4,,-1.8,,1,,,,,,,,21,,,,,,0,,18.4,,,,,
-52.78472222222222,47.51555555555556,ST JOHN'S WEST CDA CS,8403605,8403605.2002.4.25,2002-04-25 00:00:00,NL,2002,4,25,1,,-0.9,,2.9,,,,,,,,24,,,,,,0,,17,,,,,
-52.78472222222222,47.51555555555556,ST JOHN'S WEST CDA CS,8403605,8403605.2002.4.26,2002-04-26 00:00:00,NL,2002,4,26,3.5,,-1.3,,8.3,,,,,,,,20,,,,,,0,,14.5,,,,,
-52.78472222222222,47.51555555555556,ST JOHN'S WEST CDA CS,8403605,8403605.2002.4.27,2002-04-27 00:00:00,NL,2002,4,27,2.8,,-0.4,,5.9,,,,,,,,12,,,,,,0,,15.2,,,,,
-52.78472222222222,47.51555555555556,ST JOHN'S WEST CDA CS,8403605,8403605.2002.4.28,2002-04-28 00:00:00,NL,2002,4,28,2.3,,0.6,,3.9,,,,,,,,7,,,,,,0,,15.7,,,,,
-52.78472222222222,47.51555555555556,ST JOHN'S WEST CDA CS,8403605,8403605.2002.4.29,2002-04-29 00:00:00,NL,2002,4,29,4.3,,-1.3,,9.8,,,,,,,,3,,,,,,0,,13.7,,,,,
-52.78472222222222,47.51555555555556,ST JOHN'S WEST CDA CS,8403605,8403605.2002.4.30,2002-04-30 00:00:00,NL,2002,4,30,7.6,,-0.4,,15.5,,,,,,,,1,,,,,,0,,10.4,,,,,
-52.78472222222222,47.51555555555556,ST JOHN'S WEST CDA CS,8403605,8403605.2002.5.1,2002-05-01 00:00:00,NL,2002,5,1,5,,1.4,,8.5,,,,,,,,0,,,,,,0,,13,,,,,
-52.78472222222222,47.51555555555556,ST JOHN'S WEST CDA CS,8403605,8403605.2002.5.2,2002-05-02 00:00:00,NL,2002,5,2,5.2,,-0.4,,10.7,,,,,,,,0,,,,,,0,,12.8,,,,,
-52.78472222222222,47.51555555555556,ST JOHN'S WEST CDA CS,8403605,8403605.2002.5.3,2002-05-03 00:00:00,NL,2002,5,3,4.3,,0.2,,8.4,,,,,,,,7,,,,,,0,,13.7,,,,,
-52.78472222222222,47.51555555555556,ST JOHN'S WEST CDA CS,8403605,8403605.2002.5.4,2002-05-04 00:00:00,NL,2002,5,4,4.8,,2.2,,7.3,,,,,,,,0,,,,,,0,,13.2,,,,,
-52.78472222222222,47.51555555555556,ST JOHN'S WEST CDA CS,8403605,8403605.2002.5.5,2002-05-05 00:00:00,NL,2002,5,5,4.6,,0.2,,9,,,,,,,,0,,,,,,0,,13.4,,,,,
-52.78472222222222,47.51555555555556,ST JOHN'S WEST CDA CS,8403605,8403605.2002.5.6,2002-05-06 00:00:00,NL,2002,5,6,5.6,,-1.2,,12.4,,,,,,,,0,,,,,,0,,12.4,,,,,
-52.78472222222222,47.51555555555556,ST JOHN'S WEST CDA CS,8403605,8403605.2002.5.7,2002-05-07 00:00:00,NL,2002,5,7,6,,-1.2,,13.1,,,,,,,,0,,,,,,0,,12,,,,,
-52.78472222222222,47.51555555555556,ST JOHN'S WEST CDA CS,8403605,8403605.2002.5.8,2002-05-08 00:00:00,NL,2002,5,8,7.1,,1,,13.1,,,,,,,,0,,,,,,0,,10.9,,,,,
-52.78472222222222,47.51555555555556,ST JOHN'S WEST CDA CS,8403605,8403605.2002.5.9,2002-05-09 00:00:00,NL,2002,5,9,5.2,,0.9,,9.5,,,,,,,,0,,,,,,0,,12.8,,,,,
-52.78472222222222,47.51555555555556,ST JOHN'S WEST CDA CS,8403605,8403605.2002.5.10,2002-05-10 00:00:00,NL,2002,5,10,6,,-1.8,,13.8,,,,,,,,0,,,,,,0,,12,,,,,
-52.78472222222222,47.51555555555556,ST JOHN'S WEST CDA CS,8403605,8403605.2002.5.11,2002-05-11 00:00:00,NL,2002,5,11,9.5,,2.7,,16.3,,,,,,,,0,,,,,,0,,8.5,,,,,
-52.78472222222222,47.51555555555556,ST JOHN'S WEST CDA CS,8403605,8403605.2002.5.12,2002-05-12 00:00:00,NL,2002,5,12,8.6,,3.4,,13.7,,,,,,,,0,,,,,,0,,9.4,,,,,
-52.78472222222222,47.51555555555556,ST JOHN'S WEST CDA CS,8403605,8403605.2002.5.13,2002-05-13 00:00:00,NL,2002,5,13,3.9,,1.4,,6.4,,,,,,,,0,,,,,,0,,14.1,,,,,
-52.78472222222222,47.51555555555556,ST JOHN'S WEST CDA CS,8403605,8403605.2002.5.14,2002-05-14 00:00:00,NL,2002,5,14,2.8,,-2.8,,8.4,,,,,,,,0,,,,,,0,,15.2,,,,,
-52.78472222222222,47.51555555555556,ST JOHN'S WEST CDA CS,8403605,8403605.2002.5.15,2002-05-15 00:00:00,NL,2002,5,15,3.6,,0.1,,7,,,,,,,,0,,,,,,0,,14.4,,,,,
-52.78472222222222,47.51555555555556,ST JOHN'S WEST CDA CS,8403605,8403605.2002.5.16,2002-05-16 00:00:00,NL,2002,5,16,5.5,,1.3,,9.6,,,,,,,,0,,,,,,0,,12.5,,,,,
-52.78472222222222,47.51555555555556,ST JOHN'S WEST CDA CS,8403605,8403605.2002.5.17,2002-05-17 00:00:00,NL,2002,5,17,7.7,,2.7,,12.6,,,,,,,,0,,,,,,0,,10.3,,,,,
-52.78472222222222,47.51555555555556,ST JOHN'S WEST CDA CS,8403605,8403605.2002.5.18,2002-05-18 00:00:00,NL,2002,5,18,9.6,,5.4,,13.8,,,,,,,,0,,,,,,0,,8.4,,,,,
-52.78472222222222,47.51555555555556,ST JOHN'S WEST CDA CS,8403605,8403605.2002.5.19,2002-05-19 00:00:00,NL,2002,5,19,5.8,,2.7,,8.9,,,,,,,,0,,,,,,0,,12.2,,,,,
-52.78472222222222,47.51555555555556,ST JOHN'S WEST CDA CS,8403605,8403605.2002.5.20,2002-05-20 00:00:00,NL,2002,5,20,7.6,,2.3,,12.8,,,,,,,,0,,,,,,0,,10.4,,,,,
-52.78472222222222,47.51555555555556,ST JOHN'S WEST CDA CS,8403605,8403605.2002.5.21,2002-05-21 00:00:00,NL,2002,5,21,6.1,,4.4,,7.8,,,,,,,,0,,,,,,0,,11.9,,,,,
-52.78472222222222,47.51555555555556,ST JOHN'S WEST CDA CS,8403605,8403605.2002.5.22,2002-05-22 00:00:00,NL,2002,5,22,8.5,,2.8,,14.2,,,,,,,,0,,,,,,0,,9.5,,,,,
-52.78472222222222,47.51555555555556,ST JOHN'S WEST CDA CS,8403605,8403605.2002.5.23,2002-05-23 00:00:00,NL,2002,5,23,11,,3.4,,18.5,,,,,,,,0,,,,,,0,,7,,,,,
-52.78472222222222,47.51555555555556,ST JOHN'S WEST CDA CS,8403605,8403605.2002.5.24,2002-05-24 00:00:00,NL,2002,5,24,11.9,,5.6,,18.2,,,,,,,,0,,,,,,0,,6.1,,,,,
-52.78472222222222,47.51555555555556,ST JOHN'S WEST CDA CS,8403605,8403605.2002.5.25,2002-05-25 00:00:00,NL,2002,5,25,13.4,,11.9,,14.9,,,,,,,,0,,,,,,0,,4.6,,,,,
-52.78472222222222,47.51555555555556,ST JOHN'S WEST CDA CS,8403605,8403605.2002.5.26,2002-05-26 00:00:00,NL,2002,5,26,7.2,,0.5,,13.9,,,,,,,,0,,,,,,0,,10.8,,,,,
-52.78472222222222,47.51555555555556,ST JOHN'S WEST CDA CS,8403605,8403605.2002.5.27,2002-05-27 00:00:00,NL,2002,5,27,10,,5.4,,14.6,,,,,,,,0,,,,,,0,,8,,,,,
-52.78472222222222,47.51555555555556,ST JOHN'S WEST CDA CS,8403605,8403605.2002.5.28,2002-05-28 00:00:00,NL,2002,5,28,11.9,,7.5,,16.2,,,,,,,,0,,,,,,0,,6.1,,,,,
-52.78472222222222,47.51555555555556,ST JOHN'S WEST CDA CS,8403605,8403605.2002.5.29,2002-05-29 00:00:00,NL,2002,5,29,11.9,,6.2,,17.5,,,,,,,,0,,,,,,0,,6.1,,,,,
-52.78472222222222,47.51555555555556,ST JOHN'S WEST CDA CS,8403605,8403605.2002.5.30,2002-05-30 00:00:00,NL,2002,5,30,14.4,,9.3,,19.4,,,,,,,,0,,,,,,0,,3.6,,,,,
-52.78472222222222,47.51555555555556,ST JOHN'S WEST CDA CS,8403605,8403605.2002.5.31,2002-05-31 00:00:00,NL,2002,5,31,14.7,,10.7,,18.6,,,,,,,,0,,,,,,0,,3.3,,,,,
-52.78472222222222,47.51555555555556,ST JOHN'S WEST CDA CS,8403605,8403605.2002.6.1,2002-06-01 00:00:00,NL,2002,6,1,15.4,,12.4,,18.3,,6.1,,,,,,0,,,,,,0,,2.6,,,,,
-52.78472222222222,47.51555555555556,ST JOHN'S WEST CDA CS,8403605,8403605.2002.6.2,2002-06-02 00:00:00,NL,2002,6,2,17.1,,10.5,,23.7,,,M,,,,,0,,,,,,0,,0.9,,,,,
-52.78472222222222,47.51555555555556,ST JOHN'S WEST CDA CS,8403605,8403605.2002.6.3,2002-06-03 00:00:00,NL,2002,6,3,12.5,,9.5,,15.5,,0.8,,,,,,0,,,,,,0,,5.5,,,,,
-52.78472222222222,47.51555555555556,ST JOHN'S WEST CDA CS,8403605,8403605.2002.6.4,2002-06-04 00:00:00,NL,2002,6,4,9.5,,5,,13.9,,,M,,,,,0,,,,,,0,,8.5,,,,,
-52.78472222222222,47.51555555555556,ST JOHN'S WEST CDA CS,8403605,8403605.2002.6.5,2002-06-05 00:00:00,NL,2002,6,5,9.9,,2.5,,17.3,,,M,,,,,0,,,,,,0,,8.1,,,,,
-52.78472222222222,47.51555555555556,ST JOHN'S WEST CDA CS,8403605,8403605.2002.6.6,2002-06-06 00:00:00,NL,2002,6,6,10,,7.6,,12.4,,2.5,,,,,,0,,,,,,0,,8,,,,,
-52.78472222222222,47.51555555555556,ST JOHN'S WEST CDA CS,8403605,8403605.2002.6.7,2002-06-07 00:00:00,NL,2002,6,7,12.9,,9.5,,16.3,,,M,,,,,0,,,,,,0,,5.1,,,,,
-52.78472222222222,47.51555555555556,ST JOHN'S WEST CDA CS,8403605,8403605.2002.6.8,2002-06-08 00:00:00,NL,2002,6,8,8.3,,4.9,,11.6,,,M,,,,,0,,,,,,0,,9.7,,,,,
-52.78472222222222,47.51555555555556,ST JOHN'S WEST CDA CS,8403605,8403605.2002.6.9,2002-06-09 00:00:00,NL,2002,6,9,7,,0.3,,13.6,,,M,,,,,0,,,,,,0,,11,,,,,
-52.78472222222222,47.51555555555556,ST JOHN'S WEST CDA CS,8403605,8403605.2002.6.10,2002-06-10 00:00:00,NL,2002,6,10,5.7,,3.3,,8.1,,,M,,,,,0,,,,,,0,,12.3,,,,,
-52.78472222222222,47.51555555555556,ST JOHN'S WEST CDA CS,8403605,8403605.2002.6.11,2002-06-11 00:00:00,NL,2002,6,11,6.4,,3.2,,9.6,,,M,,,,,0,,,,,,0,,11.6,,,,,
-52.78472222222222,47.51555555555556,ST JOHN'S WEST CDA CS,8403605,8403605.2002.6.12,2002-06-12 00:00:00,NL,2002,6,12,7.2,,3.7,,10.7,,0,T,,,,,0,,,,,,0,,10.8,,,,,
-52.78472222222222,47.51555555555556,ST JOHN'S WEST CDA CS,8403605,8403605.2002.6.13,2002-06-13 00:00:00,NL,2002,6,13,7.5,,2.6,,12.3,,,M,,,,,0,,,,,,0,,10.5,,,,,
-52.78472222222222,47.51555555555556,ST JOHN'S WEST CDA CS,8403605,8403605.2002.6.14,2002-06-14 00:00:00,NL,2002,6,14,9.2,,3.9,,14.5,,,M,,,,,0,,,,,,0,,8.8,,,,,
-52.78472222222222,47.51555555555556,ST JOHN'S WEST CDA CS,8403605,8403605.2002.6.15,2002-06-15 00:00:00,NL,2002,6,15,7.2,,5,,9.4,,,M,,,,,0,,,,,,0,,10.8,,,,,
-52.78472222222222,47.51555555555556,ST JOHN'S WEST CDA CS,8403605,8403605.2002.6.16,2002-06-16 00:00:00,NL,2002,6,16,5.7,,4.9,,6.5,,1,,,,,,0,,,,,,0,,12.3,,,,,
-52.78472222222222,47.51555555555556,ST JOHN'S WEST CDA CS,8403605,8403605.2002.6.17,2002-06-17 00:00:00,NL,2002,6,17,8,,4.1,,11.9,,0.2,,,,,,0,,,,,,0,,10,,,,,
-52.78472222222222,47.51555555555556,ST JOHN'S WEST CDA CS,8403605,8403605.2002.6.18,2002-06-18 00:00:00,NL,2002,6,18,10.2,,5.1,,15.3,,0,T,,,,,0,,,,,,0,,7.8,,,,,
-52.78472222222222,47.51555555555556,ST JOHN'S WEST CDA CS,8403605,8403605.2002.6.19,2002-06-19 00:00:00,NL,2002,6,19,11.7,,5.2,,18.2,,,M,,,,,0,,,,,,0,,6.3,,,,,
-52.78472222222222,47.51555555555556,ST JOHN'S WEST CDA CS,8403605,8403605.2002.6.20,2002-06-20 00:00:00,NL,2002,6,20,13.9,,7.5,,20.2,,,M,,,,,0,,,,,,0,,4.1,,,,,
-52.78472222222222,47.51555555555556,ST JOHN'S WEST CDA CS,8403605,8403605.2002.6.21,2002-06-21 00:00:00,NL,2002,6,21,16.4,,7.9,,24.9,,,M,,,,,0,,,,,,0,,1.6,,,,,
-52.78472222222222,47.51555555555556,ST JOHN'S WEST CDA CS,8403605,8403605.2002.6.22,2002-06-22 00:00:00,NL,2002,6,22,17.6,,12.4,,22.7,,,M,,,,,0,,,,,,0,,0.4,,,,,
-52.78472222222222,47.51555555555556,ST JOHN'S WEST CDA CS,8403605,8403605.2002.6.23,2002-06-23 00:00:00,NL,2002,6,23,9.5,,5.8,,13.1,,,M,,,,,0,,,,,,0,,8.5,,,,,
-52.78472222222222,47.51555555555556,ST JOHN'S WEST CDA CS,8403605,8403605.2002.6.24,2002-06-24 00:00:00,NL,2002,6,24,8.8,,2.2,,15.3,,5.5,,,,,,0,,,,,,0,,9.2,,,,,
-52.78472222222222,47.51555555555556,ST JOHN'S WEST CDA CS,8403605,8403605.2002.6.25,2002-06-25 00:00:00,NL,2002,6,25,11.1,,7.4,,14.8,,,M,,,,,0,,,,,,0,,6.9,,,,,
-52.78472222222222,47.51555555555556,ST JOHN'S WEST CDA CS,8403605,8403605.2002.6.26,2002-06-26 00:00:00,NL,2002,6,26,13.9,,6.8,,21,,,M,,,,,0,,,,,,0,,4.1,,,,,
-52.78472222222222,47.51555555555556,ST JOHN'S WEST CDA CS,8403605,8403605.2002.6.27,2002-06-27 00:00:00,NL,2002,6,27,13.6,,5.6,,21.6,,13.2,,,,,,0,,,,,,0,,4.4,,,,,
-52.78472222222222,47.51555555555556,ST JOHN'S WEST CDA CS,8403605,8403605.2002.6.28,2002-06-28 00:00:00,NL,2002,6,28,17.6,,13,,22.1,,,M,,,,,0,,,,,,0,,0.4,,,,,
-52.78472222222222,47.51555555555556,ST JOHN'S WEST CDA CS,8403605,8403605.2002.6.29,2002-06-29 00:00:00,NL,2002,6,29,13.8,,11.4,,16.1,,5.8,,,,,,0,,,,,,0,,4.2,,,,,
-52.78472222222222,47.51555555555556,ST JOHN'S WEST CDA CS,8403605,8403605.2002.6.30,2002-06-30 00:00:00,NL,2002,6,30,15.6,,8.1,,23.1,,,M,,,,,0,,,,,,0,,2.4,,,,,
-52.78472222222222,47.51555555555556,ST JOHN'S WEST CDA CS,8403605,8403605.2002.7.1,2002-07-01 00:00:00,NL,2002,7,1,19.8,,15.2,,24.3,,,,,,,,0,,,,,,1.8,,0,,,,,
-52.78472222222222,47.51555555555556,ST JOHN'S WEST CDA CS,8403605,8403605.2002.7.2,2002-07-02 00:00:00,NL,2002,7,2,18.9,,14.4,,23.3,,,,,,,,0,,,,,,0.9,,0,,,,,
-52.78472222222222,47.51555555555556,ST JOHN'S WEST CDA CS,8403605,8403605.2002.7.3,2002-07-03 00:00:00,NL,2002,7,3,18.1,,10.1,,26,,,,,,,,0,,,,,,0.1,,0,,,,,
-52.78472222222222,47.51555555555556,ST JOHN'S WEST CDA CS,8403605,8403605.2002.7.4,2002-07-04 00:00:00,NL,2002,7,4,17.8,,14.9,,20.6,,,,,,,,0,,,,,,0,,0.2,,,,,
-52.78472222222222,47.51555555555556,ST JOHN'S WEST CDA CS,8403605,8403605.2002.7.5,2002-07-05 00:00:00,NL,2002,7,5,17,,9.4,,24.6,,,,,,,,0,,,,,,0,,1,,,,,
-52.78472222222222,47.51555555555556,ST JOHN'S WEST CDA CS,8403605,8403605.2002.7.6,2002-07-06 00:00:00,NL,2002,7,6,21.1,,14.4,,27.7,,,,,,,,0,,,,,,3.1,,0,,,,,
-52.78472222222222,47.51555555555556,ST JOHN'S WEST CDA CS,8403605,8403605.2002.7.7,2002-07-07 00:00:00,NL,2002,7,7,22.2,,15.4,,28.9,,,,,,,,0,,,,,,4.2,,0,,,,,
-52.78472222222222,47.51555555555556,ST JOHN'S WEST CDA CS,8403605,8403605.2002.7.8,2002-07-08 00:00:00,NL,2002,7,8,18,,13.5,,22.5,,,,,,,,0,,,,,,0,,0,,,,,
-52.78472222222222,47.51555555555556,ST JOHN'S WEST CDA CS,8403605,8403605.2002.7.9,2002-07-09 00:00:00,NL,2002,7,9,18.3,,13.7,,22.9,,,,,,,,0,,,,,,0.3,,0,,,,,
-52.78472222222222,47.51555555555556,ST JOHN'S WEST CDA CS,8403605,8403605.2002.7.10,2002-07-10 00:00:00,NL,2002,7,10,17.9,,14.8,,21,,,,,,,,0,,,,,,0,,0.1,,,,,
-52.78472222222222,47.51555555555556,ST JOHN'S WEST CDA CS,8403605,8403605.2002.7.11,2002-07-11 00:00:00,NL,2002,7,11,17.1,,13.3,,20.9,,,,,,,,0,,,,,,0,,0.9,,,,,
-52.78472222222222,47.51555555555556,ST JOHN'S WEST CDA CS,8403605,8403605.2002.7.12,2002-07-12 00:00:00,NL,2002,7,12,14,,10.3,,17.7,,,,,,,,0,,,,,,0,,4,,,,,
-52.78472222222222,47.51555555555556,ST JOHN'S WEST CDA CS,8403605,8403605.2002.7.13,2002-07-13 00:00:00,NL,2002,7,13,15.8,,8.6,,22.9,,,,,,,,0,,,,,,0,,2.2,,,,,
-52.78472222222222,47.51555555555556,ST JOHN'S WEST CDA CS,8403605,8403605.2002.7.14,2002-07-14 00:00:00,NL,2002,7,14,18.3,,12.4,,24.2,,,,,,,,0,,,,,,0.3,,0,,,,,
-52.78472222222222,47.51555555555556,ST JOHN'S WEST CDA CS,8403605,8403605.2002.7.15,2002-07-15 00:00:00,NL,2002,7,15,16.8,,10.6,,22.9,,,,,,,,0,,,,,,0,,1.2,,,,,
-52.78472222222222,47.51555555555556,ST JOHN'S WEST CDA CS,8403605,8403605.2002.7.16,2002-07-16 00:00:00,NL,2002,7,16,14.5,,9.9,,19,,,,,,,,0,,,,,,0,,3.5,,,,,
-52.78472222222222,47.51555555555556,ST JOHN'S WEST CDA CS,8403605,8403605.2002.7.17,2002-07-17 00:00:00,NL,2002,7,17,15.5,,11.1,,19.9,,,,,,,,0,,,,,,0,,2.5,,,,,
-52.78472222222222,47.51555555555556,ST JOHN'S WEST CDA CS,8403605,8403605.2002.7.18,2002-07-18 00:00:00,NL,2002,7,18,18.3,,13.3,,23.2,,,,,,,,0,,,,,,0.3,,0,,,,,
-52.78472222222222,47.51555555555556,ST JOHN'S WEST CDA CS,8403605,8403605.2002.7.19,2002-07-19 00:00:00,NL,2002,7,19,17.8,,12.1,,23.5,,,,,,,,0,,,,,,0,,0.2,,,,,
-52.78472222222222,47.51555555555556,ST JOHN'S WEST CDA CS,8403605,8403605.2002.7.20,2002-07-20 00:00:00,NL,2002,7,20,12.8,,9,,16.6,,,,,,,,0,,,,,,0,,5.2,,,,,
-52.78472222222222,47.51555555555556,ST JOHN'S WEST CDA CS,8403605,8403605.2002.7.21,2002-07-21 00:00:00,NL,2002,7,21,13.9,,10.4,,17.3,,,,,,,,0,,,,,,0,,4.1,,,,,
-52.78472222222222,47.51555555555556,ST JOHN'S WEST CDA CS,8403605,8403605.2002.7.22,2002-07-22 00:00:00,NL,2002,7,22,,M,,M,,M,,,,,,,0,,,,,,,M,,M,,,,
-52.78472222222222,47.51555555555556,ST JOHN'S WEST CDA CS,8403605,8403605.2002.7.23,2002-07-23 00:00:00,NL,2002,7,23,,M,,M,25,,,,,,,,0,,,,,,,M,,M,,,,
-52.78472222222222,47.51555555555556,ST JOHN'S WEST CDA CS,8403605,8403605.2002.7.24,2002-07-24 00:00:00,NL,2002,7,24,14.4,,13.3,,15.5,,,,,,,,0,,,,,,0,,3.6,,,,,
-52.78472222222222,47.51555555555556,ST JOHN'S WEST CDA CS,8403605,8403605.2002.7.25,2002-07-25 00:00:00,NL,2002,7,25,11.5,,8,,14.9,,,,,,,,0,,,,,,0,,6.5,,,,,
-52.78472222222222,47.51555555555556,ST JOHN'S WEST CDA CS,8403605,8403605.2002.7.26,2002-07-26 00:00:00,NL,2002,7,26,13.9,,8.4,,19.4,,,,,,,,0,,,,,,0,,4.1,,,,,
-52.78472222222222,47.51555555555556,ST JOHN'S WEST CDA CS,8403605,8403605.2002.7.27,2002-07-27 00:00:00,NL,2002,7,27,16.7,,9.3,,24.1,,,,,,,,0,,,,,,0,,1.3,,,,,
-52.78472222222222,47.51555555555556,ST JOHN'S WEST CDA CS,8403605,8403605.2002.7.28,2002-07-28 00:00:00,NL,2002,7,28,13.5,,8.4,,18.6,,,,,,,,0,,,,,,0,,4.5,,,,,
-52.78472222222222,47.51555555555556,ST JOHN'S WEST CDA CS,8403605,8403605.2002.7.29,2002-07-29 00:00:00,NL,2002,7,29,15.5,,8.9,,22,,,,,,,,0,,,,,,0,,2.5,,,,,
-52.78472222222222,47.51555555555556,ST JOHN'S WEST CDA CS,8403605,8403605.2002.7.30,2002-07-30 00:00:00,NL,2002,7,30,18.3,,9.2,,27.4,,,,,,,,0,,,,,,0.3,,0,,,,,
-52.78472222222222,47.51555555555556,ST JOHN'S WEST CDA CS,8403605,8403605.2002.7.31,2002-07-31 00:00:00,NL,2002,7,31,16.8,,14.1,,19.4,,,,,,,,0,,,,,,0,,1.2,,,,,
-52.78472222222222,47.51555555555556,ST JOHN'S WEST CDA CS,8403605,8403605.2002.8.1,2002-08-01 00:00:00,NL,2002,8,1,15.1,,13.6,,16.5,,,M,,,,,0,,,,,,0,,2.9,,,,,
-52.78472222222222,47.51555555555556,ST JOHN'S WEST CDA CS,8403605,8403605.2002.8.2,2002-08-02 00:00:00,NL,2002,8,2,12.3,,10.2,,14.3,,0,,,,,,0,,,,,,0,,5.7,,,,,
-52.78472222222222,47.51555555555556,ST JOHN'S WEST CDA CS,8403605,8403605.2002.8.3,2002-08-03 00:00:00,NL,2002,8,3,14.7,,10,,19.3,,0,,,,,,0,,,,,,0,,3.3,,,,,
-52.78472222222222,47.51555555555556,ST JOHN'S WEST CDA CS,8403605,8403605.2002.8.4,2002-08-04 00:00:00,NL,2002,8,4,16.5,,10.2,,22.7,,0.2,,,,,,0,,,,,,0,,1.5,,,,,
-52.78472222222222,47.51555555555556,ST JOHN'S WEST CDA CS,8403605,8403605.2002.8.5,2002-08-05 00:00:00,NL,2002,8,5,21.3,,16.2,,26.4,,,M,,,,,0,,,,,,3.3,,0,,,,,
-52.78472222222222,47.51555555555556,ST JOHN'S WEST CDA CS,8403605,8403605.2002.8.6,2002-08-06 00:00:00,NL,2002,8,6,20.3,,17.4,,23.2,,0,,,,,,0,,,,,,2.3,,0,,,,,
-52.78472222222222,47.51555555555556,ST JOHN'S WEST CDA CS,8403605,8403605.2002.8.7,2002-08-07 00:00:00,NL,2002,8,7,20.1,,15.3,,24.9,,3.5,,,,,,0,,,,,,2.1,,0,,,,,
-52.78472222222222,47.51555555555556,ST JOHN'S WEST CDA CS,8403605,8403605.2002.8.8,2002-08-08 00:00:00,NL,2002,8,8,20.1,,17.6,,22.5,,13.2,,,,,,0,,,,,,2.1,,0,,,,,
-52.78472222222222,47.51555555555556,ST JOHN'S WEST CDA CS,8403605,8403605.2002.8.9,2002-08-09 00:00:00,NL,2002,8,9,20.4,,16.1,,24.6,,2.2,,,,,,0,,,,,,2.4,,0,,,,,
-52.78472222222222,47.51555555555556,ST JOHN'S WEST CDA CS,8403605,8403605.2002.8.10,2002-08-10 00:00:00,NL,2002,8,10,18.9,,14.9,,22.9,,,M,,,,,0,,,,,,0.9,,0,,,,,
-52.78472222222222,47.51555555555556,ST JOHN'S WEST CDA CS,8403605,8403605.2002.8.11,2002-08-11 00:00:00,NL,2002,8,11,19.5,,13.7,,25.3,,0,,,,,,0,,,,,,1.5,,0,,,,,
-52.78472222222222,47.51555555555556,ST JOHN'S WEST CDA CS,8403605,8403605.2002.8.12,2002-08-12 00:00:00,NL,2002,8,12,23.5,,17.1,,29.9,,,M,,,,,0,,,,,,5.5,,0,,,,,
-52.78472222222222,47.51555555555556,ST JOHN'S WEST CDA CS,8403605,8403605.2002.8.13,2002-08-13 00:00:00,NL,2002,8,13,17.8,,14.2,,21.3,,0,,,,,,0,,,,,,0,,0.2,,,,,
-52.78472222222222,47.51555555555556,ST JOHN'S WEST CDA CS,8403605,8403605.2002.8.14,2002-08-14 00:00:00,NL,2002,8,14,19.8,,17.3,,22.3,,,M,,,,,0,,,,,,1.8,,0,,,,,
-52.78472222222222,47.51555555555556,ST JOHN'S WEST CDA CS,8403605,8403605.2002.8.15,2002-08-15 00:00:00,NL,2002,8,15,21.2,,14.9,,27.5,,0,T,,,,,0,,,,,,3.2,,0,,,,,
-52.78472222222222,47.51555555555556,ST JOHN'S WEST CDA CS,8403605,8403605.2002.8.16,2002-08-16 00:00:00,NL,2002,8,16,23.5,,15.1,,31.8,,,M,,,,,0,,,,,,5.5,,0,,,,,
-52.78472222222222,47.51555555555556,ST JOHN'S WEST CDA CS,8403605,8403605.2002.8.17,2002-08-17 00:00:00,NL,2002,8,17,21.7,,16.6,,26.8,,0,,,,,,0,,,,,,3.7,,0,,,,,
-52.78472222222222,47.51555555555556,ST JOHN'S WEST CDA CS,8403605,8403605.2002.8.18,2002-08-18 00:00:00,NL,2002,8,18,23.7,,19.6,,27.8,,,M,,,,,0,,,,,,5.7,,0,,,,,
-52.78472222222222,47.51555555555556,ST JOHN'S WEST CDA CS,8403605,8403605.2002.8.19,2002-08-19 00:00:00,NL,2002,8,19,19.3,,12.3,,26.3,,,M,,,,,0,,,,,,1.3,,0,,,,,
-52.78472222222222,47.51555555555556,ST JOHN'S WEST CDA CS,8403605,8403605.2002.8.20,2002-08-20 00:00:00,NL,2002,8,20,22.8,,18.7,,26.8,,5.3,,,,,,0,,,,,,4.8,,0,,,,,
-52.78472222222222,47.51555555555556,ST JOHN'S WEST CDA CS,8403605,8403605.2002.8.21,2002-08-21 00:00:00,NL,2002,8,21,21.2,,17.8,,24.6,,,M,,,,,0,,,,,,3.2,,0,,,,,
-52.78472222222222,47.51555555555556,ST JOHN'S WEST CDA CS,8403605,8403605.2002.8.22,2002-08-22 00:00:00,NL,2002,8,22,19,,12.3,,25.6,,,M,,,,,0,,,,,,1,,0,,,,,
-52.78472222222222,47.51555555555556,ST JOHN'S WEST CDA CS,8403605,8403605.2002.8.23,2002-08-23 00:00:00,NL,2002,8,23,17.7,,12.2,,23.1,,0,,,,,,0,,,,,,0,,0.3,,,,,
-52.78472222222222,47.51555555555556,ST JOHN'S WEST CDA CS,8403605,8403605.2002.8.24,2002-08-24 00:00:00,NL,2002,8,24,14.9,,8.1,,21.6,,,M,,,,,0,,,,,,0,,3.1,,,,,
-52.78472222222222,47.51555555555556,ST JOHN'S WEST CDA CS,8403605,8403605.2002.8.25,2002-08-25 00:00:00,NL,2002,8,25,15,,10.2,,19.8,,16.2,,,,,,0,,,,,,0,,3,,,,,
-52.78472222222222,47.51555555555556,ST JOHN'S WEST CDA CS,8403605,8403605.2002.8.26,2002-08-26 00:00:00,NL,2002,8,26,19.1,,15.7,,22.4,,0,T,,,,,0,,,,,,1.1,,0,,,,,
-52.78472222222222,47.51555555555556,ST JOHN'S WEST CDA CS,8403605,8403605.2002.8.27,2002-08-27 00:00:00,NL,2002,8,27,19.7,,14.5,,24.9,,,M,,,,,0,,,,,,1.7,,0,,,,,
-52.78472222222222,47.51555555555556,ST JOHN'S WEST CDA CS,8403605,8403605.2002.8.28,2002-08-28 00:00:00,NL,2002,8,28,14.4,,12.5,,16.3,,,M,,,,,0,,,,,,0,,3.6,,,,,
-52.78472222222222,47.51555555555556,ST JOHN'S WEST CDA CS,8403605,8403605.2002.8.29,2002-08-29 00:00:00,NL,2002,8,29,12.3,,7.3,,17.2,,0,T,,,,,0,,,,,,0,,5.7,,,,,
-52.78472222222222,47.51555555555556,ST JOHN'S WEST CDA CS,8403605,8403605.2002.8.30,2002-08-30 00:00:00,NL,2002,8,30,16.4,,12.5,,20.2,,2.5,,,,,,0,,,,,,0,,1.6,,,,,
-52.78472222222222,47.51555555555556,ST JOHN'S WEST CDA CS,8403605,8403605.2002.8.31,2002-08-31 00:00:00,NL,2002,8,31,10.1,,7,,13.2,,0.2,,,,,,0,,,,,,0,,7.9,,,,,
-52.78472222222222,47.51555555555556,ST JOHN'S WEST CDA CS,8403605,8403605.2002.9.1,2002-09-01 00:00:00,NL,2002,9,1,11.2,,2.5,,19.8,,0,T,,,,,0,,,,,,0,,6.8,,,,,
-52.78472222222222,47.51555555555556,ST JOHN'S WEST CDA CS,8403605,8403605.2002.9.2,2002-09-02 00:00:00,NL,2002,9,2,18.8,,13,,24.5,,,M,,,,,0,,,,,,0.8,,0,,,,,
-52.78472222222222,47.51555555555556,ST JOHN'S WEST CDA CS,8403605,8403605.2002.9.3,2002-09-03 00:00:00,NL,2002,9,3,18.8,,13.8,,23.7,,,M,,,,,0,,,,,,0.8,,0,,,,,
-52.78472222222222,47.51555555555556,ST JOHN'S WEST CDA CS,8403605,8403605.2002.9.4,2002-09-04 00:00:00,NL,2002,9,4,18.1,,11.8,,24.3,,7.8,,,,,,0,,,,,,0.1,,0,,,,,
-52.78472222222222,47.51555555555556,ST JOHN'S WEST CDA CS,8403605,8403605.2002.9.5,2002-09-05 00:00:00,NL,2002,9,5,19.1,,16,,22.1,,32,,,,,,0,,,,,,1.1,,0,,,,,
-52.78472222222222,47.51555555555556,ST JOHN'S WEST CDA CS,8403605,8403605.2002.9.6,2002-09-06 00:00:00,NL,2002,9,6,20.1,,17.9,,22.3,,0.4,,,,,,0,,,,,,2.1,,0,,,,,
-52.78472222222222,47.51555555555556,ST JOHN'S WEST CDA CS,8403605,8403605.2002.9.7,2002-09-07 00:00:00,NL,2002,9,7,12.2,,10.5,,13.9,,0,,,,,,0,,,,,,0,,5.8,,,,,
-52.78472222222222,47.51555555555556,ST JOHN'S WEST CDA CS,8403605,8403605.2002.9.8,2002-09-08 00:00:00,NL,2002,9,8,10.3,,5.6,,14.9,,11.9,,,,,,0,,,,,,0,,7.7,,,,,
-52.78472222222222,47.51555555555556,ST JOHN'S WEST CDA CS,8403605,8403605.2002.9.9,2002-09-09 00:00:00,NL,2002,9,9,12.1,,10.1,,14.1,,2.2,,,,,,0,,,,,,0,,5.9,,,,,
-52.78472222222222,47.51555555555556,ST JOHN'S WEST CDA CS,8403605,8403605.2002.9.10,2002-09-10 00:00:00,NL,2002,9,10,11.4,,6.6,,16.2,,2.5,,,,,,0,,,,,,0,,6.6,,,,,
-52.78472222222222,47.51555555555556,ST JOHN'S WEST CDA CS,8403605,8403605.2002.9.11,2002-09-11 00:00:00,NL,2002,9,11,16.9,,12.4,,21.3,,6,,,,,,0,,,,,,0,,1.1,,,,,
-52.78472222222222,47.51555555555556,ST JOHN'S WEST CDA CS,8403605,8403605.2002.9.12,2002-09-12 00:00:00,NL,2002,9,12,17.9,,13.3,,22.4,,0,T,,,,,0,,,,,,0,,0.1,,,,,
-52.78472222222222,47.51555555555556,ST JOHN'S WEST CDA CS,8403605,8403605.2002.9.13,2002-09-13 00:00:00,NL,2002,9,13,12.6,,9.1,,16.1,,0.8,,,,,,0,,,,,,0,,5.4,,,,,
-52.78472222222222,47.51555555555556,ST JOHN'S WEST CDA CS,8403605,8403605.2002.9.14,2002-09-14 00:00:00,NL,2002,9,14,14.4,,11.3,,17.5,,0,,,,,,0,,,,,,0,,3.6,,,,,
-52.78472222222222,47.51555555555556,ST JOHN'S WEST CDA CS,8403605,8403605.2002.9.15,2002-09-15 00:00:00,NL,2002,9,15,13,,6.1,,19.8,,1.2,,,,,,0,,,,,,0,,5,,,,,
-52.78472222222222,47.51555555555556,ST JOHN'S WEST CDA CS,8403605,8403605.2002.9.16,2002-09-16 00:00:00,NL,2002,9,16,16.2,,12.2,,20.2,,12.3,,,,,,0,,,,,,0,,1.8,,,,,
-52.78472222222222,47.51555555555556,ST JOHN'S WEST CDA CS,8403605,8403605.2002.9.17,2002-09-17 00:00:00,NL,2002,9,17,17.2,,12.4,,21.9,,0,T,,,,,0,,,,,,0,,0.8,,,,,
-52.78472222222222,47.51555555555556,ST JOHN'S WEST CDA CS,8403605,8403605.2002.9.18,2002-09-18 00:00:00,NL,2002,9,18,12.7,,11.5,,13.8,,,M,,,,,0,,,,,,0,,5.3,,,,,
-52.78472222222222,47.51555555555556,ST JOHN'S WEST CDA CS,8403605,8403605.2002.9.19,2002-09-19 00:00:00,NL,2002,9,19,11.3,,6.3,,16.3,,0,,,,,,0,,,,,,0,,6.7,,,,,
-52.78472222222222,47.51555555555556,ST JOHN'S WEST CDA CS,8403605,8403605.2002.9.20,2002-09-20 00:00:00,NL,2002,9,20,10.7,,2.7,,18.6,,1.8,,,,,,0,,,,,,0,,7.3,,,,,
-52.78472222222222,47.51555555555556,ST JOHN'S WEST CDA CS,8403605,8403605.2002.9.21,2002-09-21 00:00:00,NL,2002,9,21,16.1,,13.7,,18.5,,,M,,,,,0,,,,,,0,,1.9,,,,,
-52.78472222222222,47.51555555555556,ST JOHN'S WEST CDA CS,8403605,8403605.2002.9.22,2002-09-22 00:00:00,NL,2002,9,22,13.7,,8.1,,19.2,,0,T,,,,,0,,,,,,0,,4.3,,,,,
-52.78472222222222,47.51555555555556,ST JOHN'S WEST CDA CS,8403605,8403605.2002.9.23,2002-09-23 00:00:00,NL,2002,9,23,16.5,,12.4,,20.6,,0,T,,,,,0,,,,,,0,,1.5,,,,,
-52.78472222222222,47.51555555555556,ST JOHN'S WEST CDA CS,8403605,8403605.2002.9.24,2002-09-24 00:00:00,NL,2002,9,24,19.7,,15.8,,23.6,,,M,,,,,0,,,,,,1.7,,0,,,,,
-52.78472222222222,47.51555555555556,ST JOHN'S WEST CDA CS,8403605,8403605.2002.9.25,2002-09-25 00:00:00,NL,2002,9,25,17.1,,16.2,,18,,0,T,,,,,0,,,,,,0,,0.9,,,,,
-52.78472222222222,47.51555555555556,ST JOHN'S WEST CDA CS,8403605,8403605.2002.9.26,2002-09-26 00:00:00,NL,2002,9,26,9.6,,7.4,,11.7,,,M,,,,,0,,,,,,0,,8.4,,,,,
-52.78472222222222,47.51555555555556,ST JOHN'S WEST CDA CS,8403605,8403605.2002.9.27,2002-09-27 00:00:00,NL,2002,9,27,10.7,,5.1,,16.2,,0.4,,,,,,0,,,,,,0,,7.3,,,,,
-52.78472222222222,47.51555555555556,ST JOHN'S WEST CDA CS,8403605,8403605.2002.9.28,2002-09-28 00:00:00,NL,2002,9,28,13.1,,6.2,,19.9,,14.5,,,,,,0,,,,,,0,,4.9,,,,,
-52.78472222222222,47.51555555555556,ST JOHN'S WEST CDA CS,8403605,8403605.2002.9.29,2002-09-29 00:00:00,NL,2002,9,29,10.3,,8.2,,12.3,,,M,,,,,0,,,,,,0,,7.7,,,,,
-52.78472222222222,47.51555555555556,ST JOHN'S WEST CDA CS,8403605,8403605.2002.9.30,2002-09-30 00:00:00,NL,2002,9,30,8.6,,5.7,,11.4,,,M,,,,,0,,,,,,0,,9.4,,,,,
-52.78472222222222,47.51555555555556,ST JOHN'S WEST CDA CS,8403605,8403605.2002.10.1,2002-10-01 00:00:00,NL,2002,10,1,9.4,,3.6,,15.1,,4.6,,,,,,0,,,,,,0,,8.6,,,,,
-52.78472222222222,47.51555555555556,ST JOHN'S WEST CDA CS,8403605,8403605.2002.10.2,2002-10-02 00:00:00,NL,2002,10,2,14.1,,10.3,,17.8,,2.8,,,,,,0,,,,,,0,,3.9,,,,,
-52.78472222222222,47.51555555555556,ST JOHN'S WEST CDA CS,8403605,8403605.2002.10.3,2002-10-03 00:00:00,NL,2002,10,3,11.3,,8.2,,14.3,,3.2,,,,,,0,,,,,,0,,6.7,,,,,
-52.78472222222222,47.51555555555556,ST JOHN'S WEST CDA CS,8403605,8403605.2002.10.4,2002-10-04 00:00:00,NL,2002,10,4,5.8,,2.3,,9.2,,0,,,,,,0,,,,,,0,,12.2,,,,,
-52.78472222222222,47.51555555555556,ST JOHN'S WEST CDA CS,8403605,8403605.2002.10.5,2002-10-05 00:00:00,NL,2002,10,5,9.2,,1.3,,17,,4.8,,,,,,0,,,,,,0,,8.8,,,,,
-52.78472222222222,47.51555555555556,ST JOHN'S WEST CDA CS,8403605,8403605.2002.10.6,2002-10-06 00:00:00,NL,2002,10,6,12.8,,9.2,,16.4,,,,,,,,0,,,,,,0,,5.2,,,,,
-52.78472222222222,47.51555555555556,ST JOHN'S WEST CDA CS,8403605,8403605.2002.10.7,2002-10-07 00:00:00,NL,2002,10,7,11.9,,3.9,,19.9,,25.6,,,,,,0,,,,,,0,,6.1,,,,,
-52.78472222222222,47.51555555555556,ST JOHN'S WEST CDA CS,8403605,8403605.2002.10.8,2002-10-08 00:00:00,NL,2002,10,8,13.1,,6.6,,19.6,,,,,,,,0,,,,,,0,,4.9,,,,,
-52.78472222222222,47.51555555555556,ST JOHN'S WEST CDA CS,8403605,8403605.2002.10.9,2002-10-09 00:00:00,NL,2002,10,9,7.1,,4.2,,9.9,,0,T,,,,,0,,,,,,0,,10.9,,,,,
-52.78472222222222,47.51555555555556,ST JOHN'S WEST CDA CS,8403605,8403605.2002.10.10,2002-10-10 00:00:00,NL,2002,10,10,5.2,,2.2,,8.1,,0,T,,,,,0,,,,,,0,,12.8,,,,,
-52.78472222222222,47.51555555555556,ST JOHN'S WEST CDA CS,8403605,8403605.2002.10.11,2002-10-11 00:00:00,NL,2002,10,11,4.2,,-1.4,,9.7,,0,,,,,,0,,,,,,0,,13.8,,,,,
-52.78472222222222,47.51555555555556,ST JOHN'S WEST CDA CS,8403605,8403605.2002.10.12,2002-10-12 00:00:00,NL,2002,10,12,6.6,,2.2,,10.9,,0,,,,,,0,,,,,,0,,11.4,,,,,
-52.78472222222222,47.51555555555556,ST JOHN'S WEST CDA CS,8403605,8403605.2002.10.13,2002-10-13 00:00:00,NL,2002,10,13,7.3,,2,,12.6,,0,,,,,,0,,,,,,0,,10.7,,,,,
-52.78472222222222,47.51555555555556,ST JOHN'S WEST CDA CS,8403605,8403605.2002.10.14,2002-10-14 00:00:00,NL,2002,10,14,8.2,,1.9,,14.4,,0.2,,,,,,0,,,,,,0,,9.8,,,,,
-52.78472222222222,47.51555555555556,ST JOHN'S WEST CDA CS,8403605,8403605.2002.10.15,2002-10-15 00:00:00,NL,2002,10,15,9.3,,7.6,,11,,0,T,,,,,0,,,,,,0,,8.7,,,,,
-52.78472222222222,47.51555555555556,ST JOHN'S WEST CDA CS,8403605,8403605.2002.10.16,2002-10-16 00:00:00,NL,2002,10,16,6,,3.1,,8.9,,,,,,,,0,,,,,,0,,12,,,,,
-52.78472222222222,47.51555555555556,ST JOHN'S WEST CDA CS,8403605,8403605.2002.10.17,2002-10-17 00:00:00,NL,2002,10,17,7.5,,6.1,,8.9,,0.3,,,,,,0,,,,,,0,,10.5,,,,,
-52.78472222222222,47.51555555555556,ST JOHN'S WEST CDA CS,8403605,8403605.2002.10.18,2002-10-18 00:00:00,NL,2002,10,18,9.4,,7.5,,11.3,,9,,,,,,0,,,,,,0,,8.6,,,,,
-52.78472222222222,47.51555555555556,ST JOHN'S WEST CDA CS,8403605,8403605.2002.10.19,2002-10-19 00:00:00,NL,2002,10,19,10.7,,8.4,,12.9,,1.1,,,,,,0,,,,,,0,,7.3,,,,,
-52.78472222222222,47.51555555555556,ST JOHN'S WEST CDA CS,8403605,8403605.2002.10.20,2002-10-20 00:00:00,NL,2002,10,20,6.9,,3.9,,9.9,,3.4,,,,,,0,,,,,,0,,11.1,,,,,
-52.78472222222222,47.51555555555556,ST JOHN'S WEST CDA CS,8403605,8403605.2002.10.21,2002-10-21 00:00:00,NL,2002,10,21,7.7,,5.6,,9.7,,0,,,,,,0,,,,,,0,,10.3,,,,,
-52.78472222222222,47.51555555555556,ST JOHN'S WEST CDA CS,8403605,8403605.2002.10.22,2002-10-22 00:00:00,NL,2002,10,22,5.9,,3.1,,8.6,,0.3,,,,,,0,,,,,,0,,12.1,,,,,
-52.78472222222222,47.51555555555556,ST JOHN'S WEST CDA CS,8403605,8403605.2002.10.23,2002-10-23 00:00:00,NL,2002,10,23,6.2,,5,,7.4,,4.7,,,,,,0,,,,,,0,,11.8,,,,,
-52.78472222222222,47.51555555555556,ST JOHN'S WEST CDA CS,8403605,8403605.2002.10.24,2002-10-24 00:00:00,NL,2002,10,24,4.7,,3.5,,5.8,,4.1,,,,,,0,,,,,,0,,13.3,,,,,
-52.78472222222222,47.51555555555556,ST JOHN'S WEST CDA CS,8403605,8403605.2002.10.25,2002-10-25 00:00:00,NL,2002,10,25,5.2,,3.7,,6.7,,0.2,,,,,,0,,,,,,0,,12.8,,,,,
-52.78472222222222,47.51555555555556,ST JOHN'S WEST CDA CS,8403605,8403605.2002.10.26,2002-10-26 00:00:00,NL,2002,10,26,1.9,,-0.9,,4.7,,0.9,,,,,,0,,,,,,0,,16.1,,,,,
-52.78472222222222,47.51555555555556,ST JOHN'S WEST CDA CS,8403605,8403605.2002.10.27,2002-10-27 00:00:00,NL,2002,10,27,3.1,,-3.7,,9.8,,47.6,,,,,,0,,,,,,0,,14.9,,,,,
-52.78472222222222,47.51555555555556,ST JOHN'S WEST CDA CS,8403605,8403605.2002.10.28,2002-10-28 00:00:00,NL,2002,10,28,6.9,,4.7,,9,,1.5,,,,,,0,,,,,,0,,11.1,,,,,
-52.78472222222222,47.51555555555556,ST JOHN'S WEST CDA CS,8403605,8403605.2002.10.29,2002-10-29 00:00:00,NL,2002,10,29,4.3,,3.1,,5.5,,4.5,,,,,,0,,,,,,0,,13.7,,,,,
-52.78472222222222,47.51555555555556,ST JOHN'S WEST CDA CS,8403605,8403605.2002.10.30,2002-10-30 00:00:00,NL,2002,10,30,4,,2.3,,5.7,,4.1,,,,,,0,,,,,,0,,14,,,,,
-52.78472222222222,47.51555555555556,ST JOHN'S WEST CDA CS,8403605,8403605.2002.10.31,2002-10-31 00:00:00,NL,2002,10,31,5.1,,3.1,,7,,0,,,,,,0,,,,,,0,,12.9,,,,,
-52.78472222222222,47.51555555555556,ST JOHN'S WEST CDA CS,8403605,8403605.2002.11.1,2002-11-01 00:00:00,NL,2002,11,1,3.9,,1.7,,6,,0,T,,,,,0,,,,,,0,,14.1,,,,,
-52.78472222222222,47.51555555555556,ST JOHN'S WEST CDA CS,8403605,8403605.2002.11.2,2002-11-02 00:00:00,NL,2002,11,2,1.7,,-2.5,,5.9,,15.6,,,,,,,M,,,,,0,,16.3,,,,,
-52.78472222222222,47.51555555555556,ST JOHN'S WEST CDA CS,8403605,8403605.2002.11.3,2002-11-03 00:00:00,NL,2002,11,3,2.5,,1,,3.9,,4.8,,,,,,13,,,,,,0,,15.5,,,,,
-52.78472222222222,47.51555555555556,ST JOHN'S WEST CDA CS,8403605,8403605.2002.11.4,2002-11-04 00:00:00,NL,2002,11,4,1.1,,-0.1,,2.3,,0,,,,,,10,,,,,,0,,16.9,,,,,
-52.78472222222222,47.51555555555556,ST JOHN'S WEST CDA CS,8403605,8403605.2002.11.5,2002-11-05 00:00:00,NL,2002,11,5,0.3,,-1.2,,1.7,,1.8,,,,,,9,,,,,,0,,17.7,,,,,
-52.78472222222222,47.51555555555556,ST JOHN'S WEST CDA CS,8403605,8403605.2002.11.6,2002-11-06 00:00:00,NL,2002,11,6,1.5,,0.1,,2.8,,1.6,,,,,,14,,,,,,0,,16.5,,,,,
-52.78472222222222,47.51555555555556,ST JOHN'S WEST CDA CS,8403605,8403605.2002.11.7,2002-11-07 00:00:00,NL,2002,11,7,2.2,,1.5,,2.8,,17.1,,,,,,13,,,,,,0,,15.8,,,,,
-52.78472222222222,47.51555555555556,ST JOHN'S WEST CDA CS,8403605,8403605.2002.11.8,2002-11-08 00:00:00,NL,2002,11,8,2.6,,1.2,,3.9,,0.2,,,,,,12,,,,,,0,,15.4,,,,,
-52.78472222222222,47.51555555555556,ST JOHN'S WEST CDA CS,8403605,8403605.2002.11.9,2002-11-09 00:00:00,NL,2002,11,9,2.6,,-1.9,,7,,0,,,,,,10,,,,,,0,,15.4,,,,,
-52.78472222222222,47.51555555555556,ST JOHN'S WEST CDA CS,8403605,8403605.2002.11.10,2002-11-10 00:00:00,NL,2002,11,10,3.2,,-2.3,,8.7,,0.6,,,,,,,M,,,,,0,,14.8,,,,,
-52.78472222222222,47.51555555555556,ST JOHN'S WEST CDA CS,8403605,8403605.2002.11.11,2002-11-11 00:00:00,NL,2002,11,11,10.8,,5.1,,16.5,,2,,,,,,,M,,,,,0,,7.2,,,,,
-52.78472222222222,47.51555555555556,ST JOHN'S WEST CDA CS,8403605,8403605.2002.11.12,2002-11-12 00:00:00,NL,2002,11,12,14,,13.2,,14.7,,,M,,,,,0,,,,,,0,,4,,,,,
-52.78472222222222,47.51555555555556,ST JOHN'S WEST CDA CS,8403605,8403605.2002.11.13,2002-11-13 00:00:00,NL,2002,11,13,10.3,,3.7,,16.8,,12.6,,,,,,,M,,,,,0,,7.7,,,,,
-52.78472222222222,47.51555555555556,ST JOHN'S WEST CDA CS,8403605,8403605.2002.11.14,2002-11-14 00:00:00,NL,2002,11,14,11.7,,4.5,,18.8,,2.9,,,,,,,M,,,,,0,,6.3,,,,,
-52.78472222222222,47.51555555555556,ST JOHN'S WEST CDA CS,8403605,8403605.2002.11.15,2002-11-15 00:00:00,NL,2002,11,15,8.1,,3.5,,12.7,,3.8,,,,,,0,,,,,,0,,9.9,,,,,
-52.78472222222222,47.51555555555556,ST JOHN'S WEST CDA CS,8403605,8403605.2002.11.16,2002-11-16 00:00:00,NL,2002,11,16,6.7,,2.9,,10.4,,,M,,,,,,M,,,,,0,,11.3,,,,,
-52.78472222222222,47.51555555555556,ST JOHN'S WEST CDA CS,8403605,8403605.2002.11.17,2002-11-17 00:00:00,NL,2002,11,17,-1.6,,-4.2,,1.1,,13,,,,,,,M,,,,,0,,19.6,,,,,
-52.78472222222222,47.51555555555556,ST JOHN'S WEST CDA CS,8403605,8403605.2002.11.18,2002-11-18 00:00:00,NL,2002,11,18,4.6,,-1.9,,11,,13.8,,,,,,8,,,,,,0,,13.4,,,,,
-52.78472222222222,47.51555555555556,ST JOHN'S WEST CDA CS,8403605,8403605.2002.11.19,2002-11-19 00:00:00,NL,2002,11,19,,M,,M,,M,,M,,,,,3,,,,,,,M,,M,,,,
-52.78472222222222,47.51555555555556,ST JOHN'S WEST CDA CS,8403605,8403605.2002.11.20,2002-11-20 00:00:00,NL,2002,11,20,,M,,M,,M,,M,,,,,,M,,,,,,M,,M,,,,
-52.78472222222222,47.51555555555556,ST JOHN'S WEST CDA CS,8403605,8403605.2002.11.21,2002-11-21 00:00:00,NL,2002,11,21,,M,,M,,M,,M,,,,,,M,,,,,,M,,M,,,,
-52.78472222222222,47.51555555555556,ST JOHN'S WEST CDA CS,8403605,8403605.2002.11.22,2002-11-22 00:00:00,NL,2002,11,22,,M,,M,,M,,M,,,,,,M,,,,,,M,,M,,,,
-52.78472222222222,47.51555555555556,ST JOHN'S WEST CDA CS,8403605,8403605.2002.11.23,2002-11-23 00:00:00,NL,2002,11,23,,M,,M,,M,,M,,,,,,M,,,,,,M,,M,,,,
-52.78472222222222,47.51555555555556,ST JOHN'S WEST CDA CS,8403605,8403605.2002.11.24,2002-11-24 00:00:00,NL,2002,11,24,,M,,M,,M,,M,,,,,,M,,,,,,M,,M,,,,
-52.78472222222222,47.51555555555556,ST JOHN'S WEST CDA CS,8403605,8403605.2002.11.25,2002-11-25 00:00:00,NL,2002,11,25,2.9,,1.3,,4.5,,5.2,,,,,,,M,,,,,0,,15.1,,,,,
-52.78472222222222,47.51555555555556,ST JOHN'S WEST CDA CS,8403605,8403605.2002.11.26,2002-11-26 00:00:00,NL,2002,11,26,3.7,,1.9,,5.5,,3.1,,,,,,,M,,,,,0,,14.3,,,,,
-52.78472222222222,47.51555555555556,ST JOHN'S WEST CDA CS,8403605,8403605.2002.11.27,2002-11-27 00:00:00,NL,2002,11,27,2.7,,1.3,,4.1,,0,T,,,,,,M,,,,,0,,15.3,,,,,
-52.78472222222222,47.51555555555556,ST JOHN'S WEST CDA CS,8403605,8403605.2002.11.28,2002-11-28 00:00:00,NL,2002,11,28,0.6,,-0.1,,1.3,,9.7,,,,,,,M,,,,,0,,17.4,,,,,
-52.78472222222222,47.51555555555556,ST JOHN'S WEST CDA CS,8403605,8403605.2002.11.29,2002-11-29 00:00:00,NL,2002,11,29,-0.9,,-3.3,,1.5,,0.6,,,,,,14,,,,,,0,,18.9,,,,,
-52.78472222222222,47.51555555555556,ST JOHN'S WEST CDA CS,8403605,8403605.2002.11.30,2002-11-30 00:00:00,NL,2002,11,30,0.8,,-3.4,,5,,8,,,,,,13,,,,,,0,,17.2,,,,,
-52.78472222222222,47.51555555555556,ST JOHN'S WEST CDA CS,8403605,8403605.2002.12.1,2002-12-01 00:00:00,NL,2002,12,1,6,,0.9,,11.1,,2.8,,,,,,7,,,,,,0,,12,,,,,
-52.78472222222222,47.51555555555556,ST JOHN'S WEST CDA CS,8403605,8403605.2002.12.2,2002-12-02 00:00:00,NL,2002,12,2,3.3,,2.3,,4.2,,1.8,,,,,,2,,,,,,0,,14.7,,,,,
-52.78472222222222,47.51555555555556,ST JOHN'S WEST CDA CS,8403605,8403605.2002.12.3,2002-12-03 00:00:00,NL,2002,12,3,3.5,,-1.3,,8.2,,22.5,,,,,,2,,,,,,0,,14.5,,,,,
-52.78472222222222,47.51555555555556,ST JOHN'S WEST CDA CS,8403605,8403605.2002.12.4,2002-12-04 00:00:00,NL,2002,12,4,-1.8,,-3.8,,0.3,,,M,,,,,5,,,,,,0,,19.8,,,,,
-52.78472222222222,47.51555555555556,ST JOHN'S WEST CDA CS,8403605,8403605.2002.12.5,2002-12-05 00:00:00,NL,2002,12,5,-3.1,,-5.4,,-0.8,,,M,,,,,8,,,,,,0,,21.1,,,,,
-52.78472222222222,47.51555555555556,ST JOHN'S WEST CDA CS,8403605,8403605.2002.12.6,2002-12-06 00:00:00,NL,2002,12,6,-1.2,,-2.4,,0.1,,,M,,,,,6,,,,,,0,,19.2,,,,,
-52.78472222222222,47.51555555555556,ST JOHN'S WEST CDA CS,8403605,8403605.2002.12.7,2002-12-07 00:00:00,NL,2002,12,7,-2.7,,-4.4,,-1,,,M,,,,,35,,,,,,0,,20.7,,,,,
-52.78472222222222,47.51555555555556,ST JOHN'S WEST CDA CS,8403605,8403605.2002.12.8,2002-12-08 00:00:00,NL,2002,12,8,-2.5,,-10.1,,5.1,,,M,,,,,32,,,,,,0,,20.5,,,,,
-52.78472222222222,47.51555555555556,ST JOHN'S WEST CDA CS,8403605,8403605.2002.12.9,2002-12-09 00:00:00,NL,2002,12,9,-0.5,,-5.5,,4.5,,,M,,,,,21,,,,,,0,,18.5,,,,,
-52.78472222222222,47.51555555555556,ST JOHN'S WEST CDA CS,8403605,8403605.2002.12.10,2002-12-10 00:00:00,NL,2002,12,10,-3.7,,-10,,2.7,,,M,,,,,18,,,,,,0,,21.7,,,,,
-52.78472222222222,47.51555555555556,ST JOHN'S WEST CDA CS,8403605,8403605.2002.12.11,2002-12-11 00:00:00,NL,2002,12,11,-0.5,,-2,,1.1,,,M,,,,,19,,,,,,0,,18.5,,,,,
-52.78472222222222,47.51555555555556,ST JOHN'S WEST CDA CS,8403605,8403605.2002.12.12,2002-12-12 00:00:00,NL,2002,12,12,-7.2,,-11.3,,-3.1,,,M,,,,,18,,,,,,0,,25.2,,,,,
-52.78472222222222,47.51555555555556,ST JOHN'S WEST CDA CS,8403605,8403605.2002.12.13,2002-12-13 00:00:00,NL,2002,12,13,-2.1,,-7.8,,3.6,,,M,,,,,18,,,,,,0,,20.1,,,,,
-52.78472222222222,47.51555555555556,ST JOHN'S WEST CDA CS,8403605,8403605.2002.12.14,2002-12-14 00:00:00,NL,2002,12,14,-2.6,,-7.5,,2.3,,,M,,,,,16,,,,,,0,,20.6,,,,,
-52.78472222222222,47.51555555555556,ST JOHN'S WEST CDA CS,8403605,8403605.2002.12.15,2002-12-15 00:00:00,NL,2002,12,15,1.7,,-3.6,,7,,,M,,,,,,M,,,,,0,,16.3,,,,,
-52.78472222222222,47.51555555555556,ST JOHN'S WEST CDA CS,8403605,8403605.2002.12.16,2002-12-16 00:00:00,NL,2002,12,16,2.6,,1.9,,3.3,,,M,,,,,,M,,,,,0,,15.4,,,,,
-52.78472222222222,47.51555555555556,ST JOHN'S WEST CDA CS,8403605,8403605.2002.12.17,2002-12-17 00:00:00,NL,2002,12,17,-0.6,,-1.4,,0.2,,,M,,,,,,M,,,,,0,,18.6,,,,,
-52.78472222222222,47.51555555555556,ST JOHN'S WEST CDA CS,8403605,8403605.2002.12.18,2002-12-18 00:00:00,NL,2002,12,18,-1.4,,-3.5,,0.7,,,M,,,,,,M,,,,,0,,19.4,,,,,
-52.78472222222222,47.51555555555556,ST JOHN'S WEST CDA CS,8403605,8403605.2002.12.19,2002-12-19 00:00:00,NL,2002,12,19,-0.3,,-2.8,,2.3,,,M,,,,,,M,,,,,0,,18.3,,,,,
-52.78472222222222,47.51555555555556,ST JOHN'S WEST CDA CS,8403605,8403605.2002.12.20,2002-12-20 00:00:00,NL,2002,12,20,1.6,,0.5,,2.6,,0,,,,,,,M,,,,,0,,16.4,,,,,
-52.78472222222222,47.51555555555556,ST JOHN'S WEST CDA CS,8403605,8403605.2002.12.21,2002-12-21 00:00:00,NL,2002,12,21,2.3,,1.7,,2.9,,5.3,,,,,,,M,,,,,0,,15.7,,,,,
-52.78472222222222,47.51555555555556,ST JOHN'S WEST CDA CS,8403605,8403605.2002.12.22,2002-12-22 00:00:00,NL,2002,12,22,2.5,,0.9,,4.1,,0,,,,,,,M,,,,,0,,15.5,,,,,
-52.78472222222222,47.51555555555556,ST JOHN'S WEST CDA CS,8403605,8403605.2002.12.23,2002-12-23 00:00:00,NL,2002,12,23,-0.9,,-3.5,,1.7,,0,,,,,,,M,,,,,0,,18.9,,,,,
-52.78472222222222,47.51555555555556,ST JOHN'S WEST CDA CS,8403605,8403605.2002.12.24,2002-12-24 00:00:00,NL,2002,12,24,0.9,,-1.7,,3.5,,1.5,,,,,,,M,,,,,0,,17.1,,,,,
-52.78472222222222,47.51555555555556,ST JOHN'S WEST CDA CS,8403605,8403605.2002.12.25,2002-12-25 00:00:00,NL,2002,12,25,-1,,-2.2,,0.3,,0,,,,,,,M,,,,,0,,19,,,,,
-52.78472222222222,47.51555555555556,ST JOHN'S WEST CDA CS,8403605,8403605.2002.12.26,2002-12-26 00:00:00,NL,2002,12,26,-3.2,,-8.1,,1.7,,21.5,,,,,,,M,,,,,0,,21.2,,,,,
-52.78472222222222,47.51555555555556,ST JOHN'S WEST CDA CS,8403605,8403605.2002.12.27,2002-12-27 00:00:00,NL,2002,12,27,1.2,,0.3,,2.1,,1,,,,,,,M,,,,,0,,16.8,,,,,
-52.78472222222222,47.51555555555556,ST JOHN'S WEST CDA CS,8403605,8403605.2002.12.28,2002-12-28 00:00:00,NL,2002,12,28,-4.4,,-5.1,,-3.6,,,M,,,,,,M,,,,,0,,22.4,,,,,
-52.78472222222222,47.51555555555556,ST JOHN'S WEST CDA CS,8403605,8403605.2002.12.29,2002-12-29 00:00:00,NL,2002,12,29,-3,,-6.1,,0.1,,0,,,,,,,M,,,,,0,,21,,,,,
-52.78472222222222,47.51555555555556,ST JOHN'S WEST CDA CS,8403605,8403605.2002.12.30,2002-12-30 00:00:00,NL,2002,12,30,-2.8,,-6.1,,0.6,,5.6,,,,,,,M,,,,,0,,20.8,,,,,
-52.78472222222222,47.51555555555556,ST JOHN'S WEST CDA CS,8403605,8403605.2002.12.31,2002-12-31 00:00:00,NL,2002,12,31,-0.1,,-1.1,,0.9,,2,,,,,,,M,,,,,0,,18.1,,,,,
-52.78472222222222,47.51555555555556,ST JOHN'S WEST CDA CS,8403605,8403605.2003.1.1,2003-01-01 00:00:00,NL,2003,1,1,-0.2,,-1.7,,1.4,,3.6,,,,,,85,,,,,,0,,18.2,,,,,
-52.78472222222222,47.51555555555556,ST JOHN'S WEST CDA CS,8403605,8403605.2003.1.2,2003-01-02 00:00:00,NL,2003,1,2,,M,,M,,M,,M,,,,,87,,,,,,,M,,M,,,,
-52.78472222222222,47.51555555555556,ST JOHN'S WEST CDA CS,8403605,8403605.2003.1.3,2003-01-03 00:00:00,NL,2003,1,3,,M,,M,,M,,M,,,,,,M,,,,,,M,,M,,,,
-52.78472222222222,47.51555555555556,ST JOHN'S WEST CDA CS,8403605,8403605.2003.1.4,2003-01-04 00:00:00,NL,2003,1,4,-5.5,,-8.3,,-2.6,,1,,,,,,85,,,,,,0,,23.5,,,,,
-52.78472222222222,47.51555555555556,ST JOHN'S WEST CDA CS,8403605,8403605.2003.1.5,2003-01-05 00:00:00,NL,2003,1,5,-4,,-6,,-2,,0.4,,,,,,86,,,,,,0,,22,,,,,
-52.78472222222222,47.51555555555556,ST JOHN'S WEST CDA CS,8403605,8403605.2003.1.6,2003-01-06 00:00:00,NL,2003,1,6,-4.5,,-8.4,,-0.5,,1.1,,,,,,84,,,,,,0,,22.5,,,,,
-52.78472222222222,47.51555555555556,ST JOHN'S WEST CDA CS,8403605,8403605.2003.1.7,2003-01-07 00:00:00,NL,2003,1,7,0.6,,-5.5,,6.7,,26.9,,,,,,,M,,,,,0,,17.4,,,,,
-52.78472222222222,47.51555555555556,ST JOHN'S WEST CDA CS,8403605,8403605.2003.1.8,2003-01-08 00:00:00,NL,2003,1,8,3.1,,0.8,,5.4,,13.3,,,,,,,M,,,,,0,,14.9,,,,,
-52.78472222222222,47.51555555555556,ST JOHN'S WEST CDA CS,8403605,8403605.2003.1.9,2003-01-09 00:00:00,NL,2003,1,9,1.4,,-0.3,,3.1,,1.9,,,,,,,M,,,,,0,,16.6,,,,,
-52.78472222222222,47.51555555555556,ST JOHN'S WEST CDA CS,8403605,8403605.2003.1.10,2003-01-10 00:00:00,NL,2003,1,10,-0.8,,-3.9,,2.3,,4.9,,,,,,80,,,,,,0,,18.8,,,,,
-52.78472222222222,47.51555555555556,ST JOHN'S WEST CDA CS,8403605,8403605.2003.1.11,2003-01-11 00:00:00,NL,2003,1,11,-1.3,,-5.1,,2.5,,1.1,,,,,,,M,,,,,0,,19.3,,,,,
-52.78472222222222,47.51555555555556,ST JOHN'S WEST CDA CS,8403605,8403605.2003.1.12,2003-01-12 00:00:00,NL,2003,1,12,-5.2,,-7.2,,-3.1,,0.3,,,,,,81,,,,,,0,,23.2,,,,,
-52.78472222222222,47.51555555555556,ST JOHN'S WEST CDA CS,8403605,8403605.2003.1.13,2003-01-13 00:00:00,NL,2003,1,13,-4.4,,-7.8,,-1,,0.3,,,,,,81,,,,,,0,,22.4,,,,,
-52.78472222222222,47.51555555555556,ST JOHN'S WEST CDA CS,8403605,8403605.2003.1.14,2003-01-14 00:00:00,NL,2003,1,14,-0.7,,-4.1,,2.8,,3.4,,,,,,79,,,,,,0,,18.7,,,,,
-52.78472222222222,47.51555555555556,ST JOHN'S WEST CDA CS,8403605,8403605.2003.1.15,2003-01-15 00:00:00,NL,2003,1,15,-5.4,,-6.7,,-4.1,,0,,,,,,83,,,,,,0,,23.4,,,,,
-52.78472222222222,47.51555555555556,ST JOHN'S WEST CDA CS,8403605,8403605.2003.1.16,2003-01-16 00:00:00,NL,2003,1,16,-4.9,,-6.3,,-3.4,,5.8,,,,,,80,,,,,,0,,22.9,,,,,
-52.78472222222222,47.51555555555556,ST JOHN'S WEST CDA CS,8403605,8403605.2003.1.17,2003-01-17 00:00:00,NL,2003,1,17,-5.5,,-8.8,,-2.2,,14.1,,,,,,92,,,,,,0,,23.5,,,,,
-52.78472222222222,47.51555555555556,ST JOHN'S WEST CDA CS,8403605,8403605.2003.1.18,2003-01-18 00:00:00,NL,2003,1,18,-5,,-7.1,,-2.9,,0.2,,,,,,,M,,,,,0,,23,,,,,
-52.78472222222222,47.51555555555556,ST JOHN'S WEST CDA CS,8403605,8403605.2003.1.19,2003-01-19 00:00:00,NL,2003,1,19,-8.9,,-15.7,,-2.1,,14.3,,,,,,,M,,,,,0,,26.9,,,,,
-52.78472222222222,47.51555555555556,ST JOHN'S WEST CDA CS,8403605,8403605.2003.1.20,2003-01-20 00:00:00,NL,2003,1,20,-5.8,,-12.6,,1,,8,,,,,,,M,,,,,0,,23.8,,,,,
-52.78472222222222,47.51555555555556,ST JOHN'S WEST CDA CS,8403605,8403605.2003.1.21,2003-01-21 00:00:00,NL,2003,1,21,-3.3,,-4.6,,-2,,1.2,,,,,,,M,,,,,0,,21.3,,,,,
-52.78472222222222,47.51555555555556,ST JOHN'S WEST CDA CS,8403605,8403605.2003.1.22,2003-01-22 00:00:00,NL,2003,1,22,-7.2,,-8.1,,-6.3,,,M,,,,,,M,,,,,0,,25.2,,,,,
-52.78472222222222,47.51555555555556,ST JOHN'S WEST CDA CS,8403605,8403605.2003.1.23,2003-01-23 00:00:00,NL,2003,1,23,-5.9,,-10.4,,-1.3,,0.2,,,,,,,M,,,,,0,,23.9,,,,,
-52.78472222222222,47.51555555555556,ST JOHN'S WEST CDA CS,8403605,8403605.2003.1.24,2003-01-24 00:00:00,NL,2003,1,24,-3.8,,-7.4,,-0.1,,51.6,,,,,,111,,,,,,0,,21.8,,,,,
-52.78472222222222,47.51555555555556,ST JOHN'S WEST CDA CS,8403605,8403605.2003.1.25,2003-01-25 00:00:00,NL,2003,1,25,-2.1,,-3.4,,-0.8,,0.6,,,,,,,M,,,,,0,,20.1,,,,,
-52.78472222222222,47.51555555555556,ST JOHN'S WEST CDA CS,8403605,8403605.2003.1.26,2003-01-26 00:00:00,NL,2003,1,26,-2.4,,-7.3,,2.5,,6.1,,,,,,,M,,,,,0,,20.4,,,,,
-52.78472222222222,47.51555555555556,ST JOHN'S WEST CDA CS,8403605,8403605.2003.1.27,2003-01-27 00:00:00,NL,2003,1,27,-1.1,,-5.9,,3.8,,0.6,,,,,,,M,,,,,0,,19.1,,,,,
-52.78472222222222,47.51555555555556,ST JOHN'S WEST CDA CS,8403605,8403605.2003.1.28,2003-01-28 00:00:00,NL,2003,1,28,3.9,,1.9,,5.8,,19.1,,,,,,,M,,,,,0,,14.1,,,,,
-52.78472222222222,47.51555555555556,ST JOHN'S WEST CDA CS,8403605,8403605.2003.1.29,2003-01-29 00:00:00,NL,2003,1,29,-1.8,,-3.1,,-0.5,,0,T,,,,,,M,,,,,0,,19.8,,,,,
-52.78472222222222,47.51555555555556,ST JOHN'S WEST CDA CS,8403605,8403605.2003.1.30,2003-01-30 00:00:00,NL,2003,1,30,-1.7,,-4.7,,1.3,,5.1,,,,,,,M,,,,,0,,19.7,,,,,
-52.78472222222222,47.51555555555556,ST JOHN'S WEST CDA CS,8403605,8403605.2003.1.31,2003-01-31 00:00:00,NL,2003,1,31,-4.4,,-10.3,,1.5,,6.9,,,,,,,M,,,,,0,,22.4,,,,,
-52.78472222222222,47.51555555555556,ST JOHN'S WEST CDA CS,8403605,8403605.2003.2.1,2003-02-01 00:00:00,NL,2003,2,1,3.8,,-0.4,,7.9,,11.4,,,,,,,,,,,,0,,14.2,,,,,
-52.78472222222222,47.51555555555556,ST JOHN'S WEST CDA CS,8403605,8403605.2003.2.2,2003-02-02 00:00:00,NL,2003,2,2,6.1,,4.1,,8,,12.6,,,,,,,,,,,,0,,11.9,,,,,
-52.78472222222222,47.51555555555556,ST JOHN'S WEST CDA CS,8403605,8403605.2003.2.3,2003-02-03 00:00:00,NL,2003,2,3,5.8,,5.1,,6.4,,2,,,,,,,,,,,,0,,12.2,,,,,
-52.78472222222222,47.51555555555556,ST JOHN'S WEST CDA CS,8403605,8403605.2003.2.4,2003-02-04 00:00:00,NL,2003,2,4,0.7,,0.3,,1.1,,,M,,,,,,,,,,,0,,17.3,,,,,
-52.78472222222222,47.51555555555556,ST JOHN'S WEST CDA CS,8403605,8403605.2003.2.5,2003-02-05 00:00:00,NL,2003,2,5,2.5,,-1.9,,6.8,,5.5,,,,,,,,,,,,0,,15.5,,,,,
-52.78472222222222,47.51555555555556,ST JOHN'S WEST CDA CS,8403605,8403605.2003.2.6,2003-02-06 00:00:00,NL,2003,2,6,-3.2,,-4.3,,-2.1,,0.8,,,,,,,,,,,,0,,21.2,,,,,
-52.78472222222222,47.51555555555556,ST JOHN'S WEST CDA CS,8403605,8403605.2003.2.7,2003-02-07 00:00:00,NL,2003,2,7,-6.5,,-9,,-3.9,,4.6,,,,,,,,,,,,0,,24.5,,,,,
-52.78472222222222,47.51555555555556,ST JOHN'S WEST CDA CS,8403605,8403605.2003.2.8,2003-02-08 00:00:00,NL,2003,2,8,-6,,-8.9,,-3.1,,14.3,,,,,,,,,,,,0,,24,,,,,
-52.78472222222222,47.51555555555556,ST JOHN'S WEST CDA CS,8403605,8403605.2003.2.9,2003-02-09 00:00:00,NL,2003,2,9,-4,,-8.4,,0.5,,0.8,,,,,,,,,,,,0,,22,,,,,
-52.78472222222222,47.51555555555556,ST JOHN'S WEST CDA CS,8403605,8403605.2003.2.10,2003-02-10 00:00:00,NL,2003,2,10,-2.9,,-4.6,,-1.2,,22.8,,,,,,,,,,,,0,,20.9,,,,,
-52.78472222222222,47.51555555555556,ST JOHN'S WEST CDA CS,8403605,8403605.2003.2.11,2003-02-11 00:00:00,NL,2003,2,11,-3.5,,-11,,4,,26,,,,,,,,,,,,0,,21.5,,,,,
-52.78472222222222,47.51555555555556,ST JOHN'S WEST CDA CS,8403605,8403605.2003.2.12,2003-02-12 00:00:00,NL,2003,2,12,-6.3,,-11.9,,-0.6,,3,,,,,,,,,,,,0,,24.3,,,,,
-52.78472222222222,47.51555555555556,ST JOHN'S WEST CDA CS,8403605,8403605.2003.2.13,2003-02-13 00:00:00,NL,2003,2,13,-5.3,,-10.3,,-0.3,,0.5,,,,,,,,,,,,0,,23.3,,,,,
-52.78472222222222,47.51555555555556,ST JOHN'S WEST CDA CS,8403605,8403605.2003.2.14,2003-02-14 00:00:00,NL,2003,2,14,-10.1,,-11.5,,-8.6,,,M,,,,,,,,,,,0,,28.1,,,,,
-52.78472222222222,47.51555555555556,ST JOHN'S WEST CDA CS,8403605,8403605.2003.2.15,2003-02-15 00:00:00,NL,2003,2,15,-13.4,,-16,,-10.8,,,M,,,,,,,,,,,0,,31.4,,,,,
-52.78472222222222,47.51555555555556,ST JOHN'S WEST CDA CS,8403605,8403605.2003.2.16,2003-02-16 00:00:00,NL,2003,2,16,-12,,-17.5,,-6.4,,1,,,,,,,,,,,,0,,30,,,,,
-52.78472222222222,47.51555555555556,ST JOHN'S WEST CDA CS,8403605,8403605.2003.2.17,2003-02-17 00:00:00,NL,2003,2,17,-13.5,,-14.9,,-12,,,M,,,,,,,,,,,0,,31.5,,,,,
-52.78472222222222,47.51555555555556,ST JOHN'S WEST CDA CS,8403605,8403605.2003.2.18,2003-02-18 00:00:00,NL,2003,2,18,-11,,-17.9,,-4,,0.4,,,,,,,,,,,,0,,29,,,,,
-52.78472222222222,47.51555555555556,ST JOHN'S WEST CDA CS,8403605,8403605.2003.2.19,2003-02-19 00:00:00,NL,2003,2,19,-10.8,,-14.4,,-7.1,,,M,,,,,,,,,,,0,,28.8,,,,,
-52.78472222222222,47.51555555555556,ST JOHN'S WEST CDA CS,8403605,8403605.2003.2.20,2003-02-20 00:00:00,NL,2003,2,20,-7,,-13.2,,-0.7,,1.1,,,,,,,,,,,,0,,25,,,,,
-52.78472222222222,47.51555555555556,ST JOHN'S WEST CDA CS,8403605,8403605.2003.2.21,2003-02-21 00:00:00,NL,2003,2,21,0.1,,-3.4,,3.6,,,M,,,,,,,,,,,0,,17.9,,,,,
-52.78472222222222,47.51555555555556,ST JOHN'S WEST CDA CS,8403605,8403605.2003.2.22,2003-02-22 00:00:00,NL,2003,2,22,-7.2,,-10.3,,-4,,,M,,,,,,,,,,,0,,25.2,,,,,
-52.78472222222222,47.51555555555556,ST JOHN'S WEST CDA CS,8403605,8403605.2003.2.23,2003-02-23 00:00:00,NL,2003,2,23,-3.9,,-11.2,,3.5,,15.7,,,,,,,,,,,,0,,21.9,,,,,
-52.78472222222222,47.51555555555556,ST JOHN'S WEST CDA CS,8403605,8403605.2003.2.24,2003-02-24 00:00:00,NL,2003,2,24,0.3,,-4.1,,4.6,,,M,,,,,,,,,,,0,,17.7,,,,,
-52.78472222222222,47.51555555555556,ST JOHN'S WEST CDA CS,8403605,8403605.2003.2.25,2003-02-25 00:00:00,NL,2003,2,25,-2.8,,-5.4,,-0.1,,,M,,,,,,,,,,,0,,20.8,,,,,
-52.78472222222222,47.51555555555556,ST JOHN'S WEST CDA CS,8403605,8403605.2003.2.26,2003-02-26 00:00:00,NL,2003,2,26,-7.1,,-10.1,,-4,,0,T,,,,,,,,,,,0,,25.1,,,,,
-52.78472222222222,47.51555555555556,ST JOHN'S WEST CDA CS,8403605,8403605.2003.2.27,2003-02-27 00:00:00,NL,2003,2,27,-9.8,,-12.2,,-7.4,,,M,,,,,,,,,,,0,,27.8,,,,,
-52.78472222222222,47.51555555555556,ST JOHN'S WEST CDA CS,8403605,8403605.2003.2.28,2003-02-28 00:00:00,NL,2003,2,28,-8.6,,-11.9,,-5.2,,,M,,,,,,,,,,,0,,26.6,,,,,
-52.78472222222222,47.51555555555556,ST JOHN'S WEST CDA CS,8403605,8403605.2003.3.1,2003-03-01 00:00:00,NL,2003,3,1,-8.9,,-13,,-4.8,,,M,,,,,103,,,,,,0,,26.9,,,,,
-52.78472222222222,47.51555555555556,ST JOHN'S WEST CDA CS,8403605,8403605.2003.3.2,2003-03-02 00:00:00,NL,2003,3,2,-5.1,,-12.4,,2.2,,,M,,,,,102,,,,,,0,,23.1,,,,,
-52.78472222222222,47.51555555555556,ST JOHN'S WEST CDA CS,8403605,8403605.2003.3.3,2003-03-03 00:00:00,NL,2003,3,3,-3,,-10.2,,4.2,,28.3,,,,,,,M,,,,,0,,21,,,,,
-52.78472222222222,47.51555555555556,ST JOHN'S WEST CDA CS,8403605,8403605.2003.3.4,2003-03-04 00:00:00,NL,2003,3,4,-8.7,,-10.2,,-7.2,,0.4,,,,,,102,,,,,,0,,26.7,,,,,
-52.78472222222222,47.51555555555556,ST JOHN'S WEST CDA CS,8403605,8403605.2003.3.5,2003-03-05 00:00:00,NL,2003,3,5,-5.9,,-9.7,,-2,,3.8,,,,,,,M,,,,,0,,23.9,,,,,
-52.78472222222222,47.51555555555556,ST JOHN'S WEST CDA CS,8403605,8403605.2003.3.6,2003-03-06 00:00:00,NL,2003,3,6,-4.2,,-10.8,,2.4,,11.2,,,,,,,M,,,,,0,,22.2,,,,,
-52.78472222222222,47.51555555555556,ST JOHN'S WEST CDA CS,8403605,8403605.2003.3.7,2003-03-07 00:00:00,NL,2003,3,7,-11.6,,-13.3,,-9.8,,4.9,,,,,,,M,,,,,0,,29.6,,,,,
-52.78472222222222,47.51555555555556,ST JOHN'S WEST CDA CS,8403605,8403605.2003.3.8,2003-03-08 00:00:00,NL,2003,3,8,-9.5,,-15.5,,-3.4,,,M,,,,,,M,,,,,0,,27.5,,,,,
-52.78472222222222,47.51555555555556,ST JOHN'S WEST CDA CS,8403605,8403605.2003.3.9,2003-03-09 00:00:00,NL,2003,3,9,-1.6,,-8.3,,5.1,,4.7,,,,,,108,,,,,,0,,19.6,,,,,
-52.78472222222222,47.51555555555556,ST JOHN'S WEST CDA CS,8403605,8403605.2003.3.10,2003-03-10 00:00:00,NL,2003,3,10,0.9,,-2.1,,3.9,,,M,,,,,,M,,,,,0,,17.1,,,,,
-52.78472222222222,47.51555555555556,ST JOHN'S WEST CDA CS,8403605,8403605.2003.3.11,2003-03-11 00:00:00,NL,2003,3,11,-7.1,,-11,,-3.1,,,M,,,,,104,,,,,,0,,25.1,,,,,
-52.78472222222222,47.51555555555556,ST JOHN'S WEST CDA CS,8403605,8403605.2003.3.12,2003-03-12 00:00:00,NL,2003,3,12,-1.7,,-7.2,,3.8,,11.4,,,,,,103,,,,,,0,,19.7,,,,,
-52.78472222222222,47.51555555555556,ST JOHN'S WEST CDA CS,8403605,8403605.2003.3.13,2003-03-13 00:00:00,NL,2003,3,13,2.4,,1.7,,3.1,,,M,,,,,,M,,,,,0,,15.6,,,,,
-52.78472222222222,47.51555555555556,ST JOHN'S WEST CDA CS,8403605,8403605.2003.3.14,2003-03-14 00:00:00,NL,2003,3,14,-7,,-9.4,,-4.6,,,M,,,,,,M,,,,,0,,25,,,,,
-52.78472222222222,47.51555555555556,ST JOHN'S WEST CDA CS,8403605,8403605.2003.3.15,2003-03-15 00:00:00,NL,2003,3,15,-11.6,,-14,,-9.1,,,M,,,,,,M,,,,,0,,29.6,,,,,
-52.78472222222222,47.51555555555556,ST JOHN'S WEST CDA CS,8403605,8403605.2003.3.16,2003-03-16 00:00:00,NL,2003,3,16,-12.1,,-15.1,,-9.1,,,M,,,,,140,,,,,,0,,30.1,,,,,
-52.78472222222222,47.51555555555556,ST JOHN'S WEST CDA CS,8403605,8403605.2003.3.17,2003-03-17 00:00:00,NL,2003,3,17,-11.5,,-19,,-4,,,M,,,,,136,,,,,,0,,29.5,,,,,
-52.78472222222222,47.51555555555556,ST JOHN'S WEST CDA CS,8403605,8403605.2003.3.18,2003-03-18 00:00:00,NL,2003,3,18,-9.5,,-14.5,,-4.4,,,M,,,,,134,,,,,,0,,27.5,,,,,
-52.78472222222222,47.51555555555556,ST JOHN'S WEST CDA CS,8403605,8403605.2003.3.19,2003-03-19 00:00:00,NL,2003,3,19,-5.5,,-8,,-3,,,M,,,,,,M,,,,,0,,23.5,,,,,
-52.78472222222222,47.51555555555556,ST JOHN'S WEST CDA CS,8403605,8403605.2003.3.20,2003-03-20 00:00:00,NL,2003,3,20,-6,,-11.9,,-0.1,,,M,,,,,136,,,,,,0,,24,,,,,
-52.78472222222222,47.51555555555556,ST JOHN'S WEST CDA CS,8403605,8403605.2003.3.21,2003-03-21 00:00:00,NL,2003,3,21,1.3,,-4.7,,7.2,,22.9,,,,,,129,,,,,,0,,16.7,,,,,
-52.78472222222222,47.51555555555556,ST JOHN'S WEST CDA CS,8403605,8403605.2003.3.22,2003-03-22 00:00:00,NL,2003,3,22,3.8,,1.6,,6,,0,T,,,,,,M,,,,,0,,14.2,,,,,
-52.78472222222222,47.51555555555556,ST JOHN'S WEST CDA CS,8403605,8403605.2003.3.23,2003-03-23 00:00:00,NL,2003,3,23,-1.2,,-4,,1.7,,,M,,,,,116,,,,,,0,,19.2,,,,,
-52.78472222222222,47.51555555555556,ST JOHN'S WEST CDA CS,8403605,8403605.2003.3.24,2003-03-24 00:00:00,NL,2003,3,24,-4.8,,-9.1,,-0.4,,0,,,,,,,M,,,,,0,,22.8,,,,,
-52.78472222222222,47.51555555555556,ST JOHN'S WEST CDA CS,8403605,8403605.2003.3.25,2003-03-25 00:00:00,NL,2003,3,25,-0.7,,-5.4,,4.1,,0,T,,,,,116,,,,,,0,,18.7,,,,,
-52.78472222222222,47.51555555555556,ST JOHN'S WEST CDA CS,8403605,8403605.2003.3.26,2003-03-26 00:00:00,NL,2003,3,26,1,,-5.4,,7.3,,,M,,,,,,M,,,,,0,,17,,,,,
-52.78472222222222,47.51555555555556,ST JOHN'S WEST CDA CS,8403605,8403605.2003.3.27,2003-03-27 00:00:00,NL,2003,3,27,3.7,,0.1,,7.3,,2.3,,,,,,115,,,,,,0,,14.3,,,,,
-52.78472222222222,47.51555555555556,ST JOHN'S WEST CDA CS,8403605,8403605.2003.3.28,2003-03-28 00:00:00,NL,2003,3,28,2.6,,-0.1,,5.3,,0.6,,,,,,110,,,,,,0,,15.4,,,,,
-52.78472222222222,47.51555555555556,ST JOHN'S WEST CDA CS,8403605,8403605.2003.3.29,2003-03-29 00:00:00,NL,2003,3,29,1.2,,-3.3,,5.7,,,M,,,,,107,,,,,,0,,16.8,,,,,
-52.78472222222222,47.51555555555556,ST JOHN'S WEST CDA CS,8403605,8403605.2003.3.30,2003-03-30 00:00:00,NL,2003,3,30,5,,-0.6,,10.6,,,M,,,,,102,,,,,,0,,13,,,,,
-52.78472222222222,47.51555555555556,ST JOHN'S WEST CDA CS,8403605,8403605.2003.3.31,2003-03-31 00:00:00,NL,2003,3,31,9.9,,7.7,,12.1,,,M,,,,,83,,,,,,0,,8.1,,,,,
-52.78472222222222,47.51555555555556,ST JOHN'S WEST CDA CS,8403605,8403605.2003.4.1,2003-04-01 00:00:00,NL,2003,4,1,4.8,,3,,6.5,,0,,,,,,63,,,,,,0,,13.2,,,,,
-52.78472222222222,47.51555555555556,ST JOHN'S WEST CDA CS,8403605,8403605.2003.4.2,2003-04-02 00:00:00,NL,2003,4,2,-0.6,,-3.5,,2.4,,,M,,,,,62,,,,,,0,,18.6,,,,,
-52.78472222222222,47.51555555555556,ST JOHN'S WEST CDA CS,8403605,8403605.2003.4.3,2003-04-03 00:00:00,NL,2003,4,3,-2.3,,-7.2,,2.6,,0,,,,,,62,,,,,,0,,20.3,,,,,
-52.78472222222222,47.51555555555556,ST JOHN'S WEST CDA CS,8403605,8403605.2003.4.4,2003-04-04 00:00:00,NL,2003,4,4,-6,,-8,,-4,,0,T,,,,,61,,,,,,0,,24,,,,,
-52.78472222222222,47.51555555555556,ST JOHN'S WEST CDA CS,8403605,8403605.2003.4.5,2003-04-05 00:00:00,NL,2003,4,5,-2.9,,-9,,3.2,,10.5,,,,,,61,,,,,,0,,20.9,,,,,
-52.78472222222222,47.51555555555556,ST JOHN'S WEST CDA CS,8403605,8403605.2003.4.6,2003-04-06 00:00:00,NL,2003,4,6,2.7,,-2.7,,8.1,,7.4,,,,,,68,,,,,,0,,15.3,,,,,
-52.78472222222222,47.51555555555556,ST JOHN'S WEST CDA CS,8403605,8403605.2003.4.7,2003-04-07 00:00:00,NL,2003,4,7,0,,-1.6,,1.6,,1,,,,,,63,,,,,,0,,18,,,,,
-52.78472222222222,47.51555555555556,ST JOHN'S WEST CDA CS,8403605,8403605.2003.4.8,2003-04-08 00:00:00,NL,2003,4,8,-4,,-7.6,,-0.4,,0,T,,,,,62,,,,,,0,,22,,,,,
-52.78472222222222,47.51555555555556,ST JOHN'S WEST CDA CS,8403605,8403605.2003.4.9,2003-04-09 00:00:00,NL,2003,4,9,-3,,-9.4,,3.5,,0,,,,,,63,,,,,,0,,21,,,,,
-52.78472222222222,47.51555555555556,ST JOHN'S WEST CDA CS,8403605,8403605.2003.4.10,2003-04-10 00:00:00,NL,2003,4,10,-1.7,,-6.9,,3.6,,0,,,,,,61,,,,,,0,,19.7,,,,,
-52.78472222222222,47.51555555555556,ST JOHN'S WEST CDA CS,8403605,8403605.2003.4.11,2003-04-11 00:00:00,NL,2003,4,11,2.7,,-5.2,,10.5,,,M,,,,,60,,,,,,0,,15.3,,,,,
-52.78472222222222,47.51555555555556,ST JOHN'S WEST CDA CS,8403605,8403605.2003.4.12,2003-04-12 00:00:00,NL,2003,4,12,4.4,,-0.5,,9.2,,13.6,,,,,,56,,,,,,0,,13.6,,,,,
-52.78472222222222,47.51555555555556,ST JOHN'S WEST CDA CS,8403605,8403605.2003.4.13,2003-04-13 00:00:00,NL,2003,4,13,3.2,,0.9,,5.4,,5.7,,,,,,51,,,,,,0,,14.8,,,,,
-52.78472222222222,47.51555555555556,ST JOHN'S WEST CDA CS,8403605,8403605.2003.4.14,2003-04-14 00:00:00,NL,2003,4,14,-1,,-2.4,,0.4,,1.7,,,,,,59,,,,,,0,,19,,,,,
-52.78472222222222,47.51555555555556,ST JOHN'S WEST CDA CS,8403605,8403605.2003.4.15,2003-04-15 00:00:00,NL,2003,4,15,-1.5,,-7.7,,4.7,,0.5,,,,,,60,,,,,,0,,19.5,,,,,
-52.78472222222222,47.51555555555556,ST JOHN'S WEST CDA CS,8403605,8403605.2003.4.16,2003-04-16 00:00:00,NL,2003,4,16,3.5,,1.1,,5.9,,4.2,,,,,,56,,,,,,0,,14.5,,,,,
-52.78472222222222,47.51555555555556,ST JOHN'S WEST CDA CS,8403605,8403605.2003.4.17,2003-04-17 00:00:00,NL,2003,4,17,-3.7,,-7.2,,-0.2,,0.2,,,,,,54,,,,,,0,,21.7,,,,,
-52.78472222222222,47.51555555555556,ST JOHN'S WEST CDA CS,8403605,8403605.2003.4.18,2003-04-18 00:00:00,NL,2003,4,18,-0.4,,-5.5,,4.8,,0,T,,,,,55,,,,,,0,,18.4,,,,,
-52.78472222222222,47.51555555555556,ST JOHN'S WEST CDA CS,8403605,8403605.2003.4.19,2003-04-19 00:00:00,NL,2003,4,19,0.3,,-6.5,,7,,0,T,,,,,53,,,,,,0,,17.7,,,,,
-52.78472222222222,47.51555555555556,ST JOHN'S WEST CDA CS,8403605,8403605.2003.4.20,2003-04-20 00:00:00,NL,2003,4,20,4.5,,-0.3,,9.3,,0,,,,,,48,,,,,,0,,13.5,,,,,
-52.78472222222222,47.51555555555556,ST JOHN'S WEST CDA CS,8403605,8403605.2003.4.21,2003-04-21 00:00:00,NL,2003,4,21,3.8,,-1.8,,9.3,,,M,,,,,46,,,,,,0,,14.2,,,,,
-52.78472222222222,47.51555555555556,ST JOHN'S WEST CDA CS,8403605,8403605.2003.4.22,2003-04-22 00:00:00,NL,2003,4,22,2.1,,-1.9,,6,,,M,,,,,44,,,,,,0,,15.9,,,,,
-52.78472222222222,47.51555555555556,ST JOHN'S WEST CDA CS,8403605,8403605.2003.4.23,2003-04-23 00:00:00,NL,2003,4,23,2.8,,-1.5,,7.1,,0,,,,,,40,,,,,,0,,15.2,,,,,
-52.78472222222222,47.51555555555556,ST JOHN'S WEST CDA CS,8403605,8403605.2003.4.24,2003-04-24 00:00:00,NL,2003,4,24,3.8,,0.5,,7.1,,,M,,,,,37,,,,,,0,,14.2,,,,,
-52.78472222222222,47.51555555555556,ST JOHN'S WEST CDA CS,8403605,8403605.2003.4.25,2003-04-25 00:00:00,NL,2003,4,25,4.6,,1.2,,7.9,,0,,,,,,32,,,,,,0,,13.4,,,,,
-52.78472222222222,47.51555555555556,ST JOHN'S WEST CDA CS,8403605,8403605.2003.4.26,2003-04-26 00:00:00,NL,2003,4,26,5.3,,1.1,,9.4,,0,,,,,,27,,,,,,0,,12.7,,,,,
-52.78472222222222,47.51555555555556,ST JOHN'S WEST CDA CS,8403605,8403605.2003.4.27,2003-04-27 00:00:00,NL,2003,4,27,5.8,,-1.5,,13,,9.3,,,,,,22,,,,,,0,,12.2,,,,,
-52.78472222222222,47.51555555555556,ST JOHN'S WEST CDA CS,8403605,8403605.2003.4.28,2003-04-28 00:00:00,NL,2003,4,28,8.2,,2,,14.4,,0.2,,,,,,14,,,,,,0,,9.8,,,,,
-52.78472222222222,47.51555555555556,ST JOHN'S WEST CDA CS,8403605,8403605.2003.4.29,2003-04-29 00:00:00,NL,2003,4,29,9.9,,2.7,,17,,0,T,,,,,3,,,,,,0,,8.1,,,,,
-52.78472222222222,47.51555555555556,ST JOHN'S WEST CDA CS,8403605,8403605.2003.4.30,2003-04-30 00:00:00,NL,2003,4,30,8.6,,3.1,,14.1,,,M,,,,,0,,,,,,0,,9.4,,,,,
-52.78472222222222,47.51555555555556,ST JOHN'S WEST CDA CS,8403605,8403605.2003.5.1,2003-05-01 00:00:00,NL,2003,5,1,4.8,,0.4,,9.2,,0,T,,,,,0,,,,,,0,,13.2,,,,,
-52.78472222222222,47.51555555555556,ST JOHN'S WEST CDA CS,8403605,8403605.2003.5.2,2003-05-02 00:00:00,NL,2003,5,2,6,,0.1,,11.9,,0,,,,,,0,,,,,,0,,12,,,,,
-52.78472222222222,47.51555555555556,ST JOHN'S WEST CDA CS,8403605,8403605.2003.5.3,2003-05-03 00:00:00,NL,2003,5,3,7.5,,1.7,,13.2,,28.2,,,,,,0,,,,,,0,,10.5,,,,,
-52.78472222222222,47.51555555555556,ST JOHN'S WEST CDA CS,8403605,8403605.2003.5.4,2003-05-04 00:00:00,NL,2003,5,4,7.6,,2.1,,13.1,,0.2,,,,,,0,,,,,,0,,10.4,,,,,
-52.78472222222222,47.51555555555556,ST JOHN'S WEST CDA CS,8403605,8403605.2003.5.5,2003-05-05 00:00:00,NL,2003,5,5,5.9,,-1,,12.8,,0,,,,,,0,,,,,,0,,12.1,,,,,
-52.78472222222222,47.51555555555556,ST JOHN'S WEST CDA CS,8403605,8403605.2003.5.6,2003-05-06 00:00:00,NL,2003,5,6,6.7,,0.3,,13.1,,0,T,,,,,0,,,,,,0,,11.3,,,,,
-52.78472222222222,47.51555555555556,ST JOHN'S WEST CDA CS,8403605,8403605.2003.5.7,2003-05-07 00:00:00,NL,2003,5,7,7.9,,0.9,,14.9,,0,,,,,,0,,,,,,0,,10.1,,,,,
-52.78472222222222,47.51555555555556,ST JOHN'S WEST CDA CS,8403605,8403605.2003.5.8,2003-05-08 00:00:00,NL,2003,5,8,5.3,,1.5,,9.1,,,M,,,,,0,,,,,,0,,12.7,,,,,
-52.78472222222222,47.51555555555556,ST JOHN'S WEST CDA CS,8403605,8403605.2003.5.9,2003-05-09 00:00:00,NL,2003,5,9,5.7,,4,,7.3,,70.6,,,,,,0,,,,,,0,,12.3,,,,,
-52.78472222222222,47.51555555555556,ST JOHN'S WEST CDA CS,8403605,8403605.2003.5.10,2003-05-10 00:00:00,NL,2003,5,10,5.2,,4.2,,6.2,,3.3,,,,,,0,,,,,,0,,12.8,,,,,
-52.78472222222222,47.51555555555556,ST JOHN'S WEST CDA CS,8403605,8403605.2003.5.11,2003-05-11 00:00:00,NL,2003,5,11,4.4,,2.8,,5.9,,16.4,,,,,,0,,,,,,0,,13.6,,,,,
-52.78472222222222,47.51555555555556,ST JOHN'S WEST CDA CS,8403605,8403605.2003.5.12,2003-05-12 00:00:00,NL,2003,5,12,6.1,,2.2,,9.9,,0.2,,,,,,0,,,,,,0,,11.9,,,,,
-52.78472222222222,47.51555555555556,ST JOHN'S WEST CDA CS,8403605,8403605.2003.5.13,2003-05-13 00:00:00,NL,2003,5,13,9.9,,5.3,,14.4,,0,T,,,,,0,,,,,,0,,8.1,,,,,
-52.78472222222222,47.51555555555556,ST JOHN'S WEST CDA CS,8403605,8403605.2003.5.14,2003-05-14 00:00:00,NL,2003,5,14,12.1,,6.1,,18.1,,9.9,,,,,,0,,,,,,0,,5.9,,,,,
-52.78472222222222,47.51555555555556,ST JOHN'S WEST CDA CS,8403605,8403605.2003.5.15,2003-05-15 00:00:00,NL,2003,5,15,4.5,,3.2,,5.7,,0,T,,,,,0,,,,,,0,,13.5,,,,,
-52.78472222222222,47.51555555555556,ST JOHN'S WEST CDA CS,8403605,8403605.2003.5.16,2003-05-16 00:00:00,NL,2003,5,16,6.3,,1.1,,11.4,,0.2,,,,,,0,,,,,,0,,11.7,,,,,
-52.78472222222222,47.51555555555556,ST JOHN'S WEST CDA CS,8403605,8403605.2003.5.17,2003-05-17 00:00:00,NL,2003,5,17,9.4,,2.1,,16.7,,0,,,,,,0,,,,,,0,,8.6,,,,,
-52.78472222222222,47.51555555555556,ST JOHN'S WEST CDA CS,8403605,8403605.2003.5.18,2003-05-18 00:00:00,NL,2003,5,18,5.5,,3.1,,7.8,,0,,,,,,0,,,,,,0,,12.5,,,,,
-52.78472222222222,47.51555555555556,ST JOHN'S WEST CDA CS,8403605,8403605.2003.5.19,2003-05-19 00:00:00,NL,2003,5,19,7.3,,2,,12.6,,0,T,,,,,0,,,,,,0,,10.7,,,,,
-52.78472222222222,47.51555555555556,ST JOHN'S WEST CDA CS,8403605,8403605.2003.5.20,2003-05-20 00:00:00,NL,2003,5,20,3.5,,1,,6,,0,,,,,,0,,,,,,0,,14.5,,,,,
-52.78472222222222,47.51555555555556,ST JOHN'S WEST CDA CS,8403605,8403605.2003.5.21,2003-05-21 00:00:00,NL,2003,5,21,7.1,,3.1,,11,,0,,,,,,0,,,,,,0,,10.9,,,,,
-52.78472222222222,47.51555555555556,ST JOHN'S WEST CDA CS,8403605,8403605.2003.5.22,2003-05-22 00:00:00,NL,2003,5,22,6.6,,0.5,,12.7,,0,,,,,,0,,,,,,0,,11.4,,,,,
-52.78472222222222,47.51555555555556,ST JOHN'S WEST CDA CS,8403605,8403605.2003.5.23,2003-05-23 00:00:00,NL,2003,5,23,5.2,,0.2,,10.2,,0,,,,,,0,,,,,,0,,12.8,,,,,
-52.78472222222222,47.51555555555556,ST JOHN'S WEST CDA CS,8403605,8403605.2003.5.24,2003-05-24 00:00:00,NL,2003,5,24,5.3,,0.9,,9.6,,0,,,,,,0,,,,,,0,,12.7,,,,,
-52.78472222222222,47.51555555555556,ST JOHN'S WEST CDA CS,8403605,8403605.2003.5.25,2003-05-25 00:00:00,NL,2003,5,25,7.8,,1.3,,14.3,,0,,,,,,0,,,,,,0,,10.2,,,,,
-52.78472222222222,47.51555555555556,ST JOHN'S WEST CDA CS,8403605,8403605.2003.5.26,2003-05-26 00:00:00,NL,2003,5,26,7.8,,5.4,,10.2,,1.8,,,,,,0,,,,,,0,,10.2,,,,,
-52.78472222222222,47.51555555555556,ST JOHN'S WEST CDA CS,8403605,8403605.2003.5.27,2003-05-27 00:00:00,NL,2003,5,27,12.2,,2.9,,21.5,,0.2,,,,,,0,,,,,,0,,5.8,,,,,
-52.78472222222222,47.51555555555556,ST JOHN'S WEST CDA CS,8403605,8403605.2003.5.28,2003-05-28 00:00:00,NL,2003,5,28,10.2,,8.9,,11.5,,0,,,,,,0,,,,,,0,,7.8,,,,,
-52.78472222222222,47.51555555555556,ST JOHN'S WEST CDA CS,8403605,8403605.2003.5.29,2003-05-29 00:00:00,NL,2003,5,29,5.6,,2.9,,8.3,,2.4,,,,,,0,,,,,,0,,12.4,,,,,
-52.78472222222222,47.51555555555556,ST JOHN'S WEST CDA CS,8403605,8403605.2003.5.30,2003-05-30 00:00:00,NL,2003,5,30,10.7,,2.5,,18.9,,2.2,,,,,,0,,,,,,0,,7.3,,,,,
-52.78472222222222,47.51555555555556,ST JOHN'S WEST CDA CS,8403605,8403605.2003.5.31,2003-05-31 00:00:00,NL,2003,5,31,9.5,,6.6,,12.4,,1.1,,,,,,0,,,,,,0,,8.5,,,,,
-52.78472222222222,47.51555555555556,ST JOHN'S WEST CDA CS,8403605,8403605.2003.6.1,2003-06-01 00:00:00,NL,2003,6,1,14.1,,8.4,,19.7,,5.3,,,,,,0,,,,,,0,,3.9,,,,,
-52.78472222222222,47.51555555555556,ST JOHN'S WEST CDA CS,8403605,8403605.2003.6.2,2003-06-02 00:00:00,NL,2003,6,2,12.7,,5.7,,19.6,,5.3,,,,,,0,,,,,,0,,5.3,,,,,
-52.78472222222222,47.51555555555556,ST JOHN'S WEST CDA CS,8403605,8403605.2003.6.3,2003-06-03 00:00:00,NL,2003,6,3,,M,8.4,,,M,,M,,,,,0,,,,,,,M,,M,,,,
-52.78472222222222,47.51555555555556,ST JOHN'S WEST CDA CS,8403605,8403605.2003.6.4,2003-06-04 00:00:00,NL,2003,6,4,,M,,M,11.9,,0.4,,,,,,0,,,,,,,M,,M,,,,
-52.78472222222222,47.51555555555556,ST JOHN'S WEST CDA CS,8403605,8403605.2003.6.5,2003-06-05 00:00:00,NL,2003,6,5,11.2,,5.1,,17.3,,0,,,,,,0,,,,,,0,,6.8,,,,,
-52.78472222222222,47.51555555555556,ST JOHN'S WEST CDA CS,8403605,8403605.2003.6.6,2003-06-06 00:00:00,NL,2003,6,6,9,,2.5,,15.5,,4.4,,,,,,0,,,,,,0,,9,,,,,
-52.78472222222222,47.51555555555556,ST JOHN'S WEST CDA CS,8403605,8403605.2003.6.7,2003-06-07 00:00:00,NL,2003,6,7,11.1,,6.4,,15.7,,0,,,,,,0,,,,,,0,,6.9,,,,,
-52.78472222222222,47.51555555555556,ST JOHN'S WEST CDA CS,8403605,8403605.2003.6.8,2003-06-08 00:00:00,NL,2003,6,8,9.6,,3.6,,15.5,,0,,,,,,0,,,,,,0,,8.4,,,,,
-52.78472222222222,47.51555555555556,ST JOHN'S WEST CDA CS,8403605,8403605.2003.6.9,2003-06-09 00:00:00,NL,2003,6,9,8.2,,1.7,,14.7,,0,,,,,,0,,,,,,0,,9.8,,,,,
-52.78472222222222,47.51555555555556,ST JOHN'S WEST CDA CS,8403605,8403605.2003.6.10,2003-06-10 00:00:00,NL,2003,6,10,8.6,,2.5,,14.7,,1.6,,,,,,0,,,,,,0,,9.4,,,,,
-52.78472222222222,47.51555555555556,ST JOHN'S WEST CDA CS,8403605,8403605.2003.6.11,2003-06-11 00:00:00,NL,2003,6,11,13.6,,7.6,,19.5,,0,,,,,,0,,,,,,0,,4.4,,,,,
-52.78472222222222,47.51555555555556,ST JOHN'S WEST CDA CS,8403605,8403605.2003.6.12,2003-06-12 00:00:00,NL,2003,6,12,12.7,,7.6,,17.8,,18.3,,,,,,0,,,,,,0,,5.3,,,,,
-52.78472222222222,47.51555555555556,ST JOHN'S WEST CDA CS,8403605,8403605.2003.6.13,2003-06-13 00:00:00,NL,2003,6,13,7.6,,6.4,,8.8,,3.3,,,,,,0,,,,,,0,,10.4,,,,,
-52.78472222222222,47.51555555555556,ST JOHN'S WEST CDA CS,8403605,8403605.2003.6.14,2003-06-14 00:00:00,NL,2003,6,14,10,,5.3,,14.7,,0,T,,,,,0,,,,,,0,,8,,,,,
-52.78472222222222,47.51555555555556,ST JOHN'S WEST CDA CS,8403605,8403605.2003.6.15,2003-06-15 00:00:00,NL,2003,6,15,6.5,,4.6,,8.3,,0,,,,,,0,,,,,,0,,11.5,,,,,
-52.78472222222222,47.51555555555556,ST JOHN'S WEST CDA CS,8403605,8403605.2003.6.16,2003-06-16 00:00:00,NL,2003,6,16,7.3,,3.7,,10.8,,0.2,,,,,,0,,,,,,0,,10.7,,,,,
-52.78472222222222,47.51555555555556,ST JOHN'S WEST CDA CS,8403605,8403605.2003.6.17,2003-06-17 00:00:00,NL,2003,6,17,10.6,,2.6,,18.6,,0.7,,,,,,0,,,,,,0,,7.4,,,,,
-52.78472222222222,47.51555555555556,ST JOHN'S WEST CDA CS,8403605,8403605.2003.6.18,2003-06-18 00:00:00,NL,2003,6,18,17.1,,10.1,,24,,0.2,,,,,,0,,,,,,0,,0.9,,,,,
-52.78472222222222,47.51555555555556,ST JOHN'S WEST CDA CS,8403605,8403605.2003.6.19,2003-06-19 00:00:00,NL,2003,6,19,17.1,,8.2,,25.9,,0,,,,,,0,,,,,,0,,0.9,,,,,
-52.78472222222222,47.51555555555556,ST JOHN'S WEST CDA CS,8403605,8403605.2003.6.20,2003-06-20 00:00:00,NL,2003,6,20,17.4,,14.8,,19.9,,25.7,,,,,,0,,,,,,0,,0.6,,,,,
-52.78472222222222,47.51555555555556,ST JOHN'S WEST CDA CS,8403605,8403605.2003.6.21,2003-06-21 00:00:00,NL,2003,6,21,19.9,,12.2,,27.6,,0,,,,,,0,,,,,,1.9,,0,,,,,
-52.78472222222222,47.51555555555556,ST JOHN'S WEST CDA CS,8403605,8403605.2003.6.22,2003-06-22 00:00:00,NL,2003,6,22,20.9,,15.7,,26.1,,0,,,,,,0,,,,,,2.9,,0,,,,,
-52.78472222222222,47.51555555555556,ST JOHN'S WEST CDA CS,8403605,8403605.2003.6.23,2003-06-23 00:00:00,NL,2003,6,23,16.6,,10.6,,22.5,,0,,,,,,0,,,,,,0,,1.4,,,,,
-52.78472222222222,47.51555555555556,ST JOHN'S WEST CDA CS,8403605,8403605.2003.6.24,2003-06-24 00:00:00,NL,2003,6,24,9.8,,4.2,,15.4,,0,,,,,,0,,,,,,0,,8.2,,,,,
-52.78472222222222,47.51555555555556,ST JOHN'S WEST CDA CS,8403605,8403605.2003.6.25,2003-06-25 00:00:00,NL,2003,6,25,10.4,,2.5,,18.2,,0,,,,,,0,,,,,,0,,7.6,,,,,
-52.78472222222222,47.51555555555556,ST JOHN'S WEST CDA CS,8403605,8403605.2003.6.26,2003-06-26 00:00:00,NL,2003,6,26,16,,8.3,,23.7,,0,,,,,,0,,,,,,0,,2,,,,,
-52.78472222222222,47.51555555555556,ST JOHN'S WEST CDA CS,8403605,8403605.2003.6.27,2003-06-27 00:00:00,NL,2003,6,27,18.6,,10.2,,27,,0,,,,,,0,,,,,,0.6,,0,,,,,
-52.78472222222222,47.51555555555556,ST JOHN'S WEST CDA CS,8403605,8403605.2003.6.28,2003-06-28 00:00:00,NL,2003,6,28,20.9,,15.5,,26.2,,0,,,,,,0,,,,,,2.9,,0,,,,,
-52.78472222222222,47.51555555555556,ST JOHN'S WEST CDA CS,8403605,8403605.2003.6.29,2003-06-29 00:00:00,NL,2003,6,29,21.5,,15.2,,27.8,,0,,,,,,0,,,,,,3.5,,0,,,,,
-52.78472222222222,47.51555555555556,ST JOHN'S WEST CDA CS,8403605,8403605.2003.6.30,2003-06-30 00:00:00,NL,2003,6,30,11.1,,7.6,,14.6,,0.3,,,,,,0,,,,,,0,,6.9,,,,,
-52.78472222222222,47.51555555555556,ST JOHN'S WEST CDA CS,8403605,8403605.2003.7.1,2003-07-01 00:00:00,NL,2003,7,1,11.1,,3.8,,18.4,,4.6,,,,,,0,,,,,,0,,6.9,,,,,
-52.78472222222222,47.51555555555556,ST JOHN'S WEST CDA CS,8403605,8403605.2003.7.2,2003-07-02 00:00:00,NL,2003,7,2,14.8,,7.5,,22,,0.6,,,,,,0,,,,,,0,,3.2,,,,,
-52.78472222222222,47.51555555555556,ST JOHN'S WEST CDA CS,8403605,8403605.2003.7.3,2003-07-03 00:00:00,NL,2003,7,3,16.8,,11.6,,21.9,,0,T,,,,,0,,,,,,0,,1.2,,,,,
-52.78472222222222,47.51555555555556,ST JOHN'S WEST CDA CS,8403605,8403605.2003.7.4,2003-07-04 00:00:00,NL,2003,7,4,19,,13.6,,24.4,,0.3,,,,,,0,,,,,,1,,0,,,,,
-52.78472222222222,47.51555555555556,ST JOHN'S WEST CDA CS,8403605,8403605.2003.7.5,2003-07-05 00:00:00,NL,2003,7,5,19,,15.3,,22.7,,6.4,,,,,,0,,,,,,1,,0,,,,,
-52.78472222222222,47.51555555555556,ST JOHN'S WEST CDA CS,8403605,8403605.2003.7.6,2003-07-06 00:00:00,NL,2003,7,6,18.7,,15.6,,21.8,,1.9,,,,,,0,,,,,,0.7,,0,,,,,
-52.78472222222222,47.51555555555556,ST JOHN'S WEST CDA CS,8403605,8403605.2003.7.7,2003-07-07 00:00:00,NL,2003,7,7,19.3,,15.4,,23.1,,0.5,,,,,,0,,,,,,1.3,,0,,,,,
-52.78472222222222,47.51555555555556,ST JOHN'S WEST CDA CS,8403605,8403605.2003.7.8,2003-07-08 00:00:00,NL,2003,7,8,12.6,,8.6,,16.5,,,M,,,,,0,,,,,,0,,5.4,,,,,
-52.78472222222222,47.51555555555556,ST JOHN'S WEST CDA CS,8403605,8403605.2003.7.9,2003-07-09 00:00:00,NL,2003,7,9,12.7,,7.6,,17.8,,4.2,,,,,,0,,,,,,0,,5.3,,,,,
-52.78472222222222,47.51555555555556,ST JOHN'S WEST CDA CS,8403605,8403605.2003.7.10,2003-07-10 00:00:00,NL,2003,7,10,15.4,,10.1,,20.7,,,M,,,,,0,,,,,,0,,2.6,,,,,
-52.78472222222222,47.51555555555556,ST JOHN'S WEST CDA CS,8403605,8403605.2003.7.11,2003-07-11 00:00:00,NL,2003,7,11,16.1,,12.4,,19.8,,0,,,,,,0,,,,,,0,,1.9,,,,,
-52.78472222222222,47.51555555555556,ST JOHN'S WEST CDA CS,8403605,8403605.2003.7.12,2003-07-12 00:00:00,NL,2003,7,12,16.1,,8.5,,23.7,,2.9,,,,,,0,,,,,,0,,1.9,,,,,
-52.78472222222222,47.51555555555556,ST JOHN'S WEST CDA CS,8403605,8403605.2003.7.13,2003-07-13 00:00:00,NL,2003,7,13,19.4,,9.6,,29.1,,,M,,,,,0,,,,,,1.4,,0,,,,,
-52.78472222222222,47.51555555555556,ST JOHN'S WEST CDA CS,8403605,8403605.2003.7.14,2003-07-14 00:00:00,NL,2003,7,14,23.2,,17,,29.4,,,M,,,,,0,,,,,,5.2,,0,,,,,
-52.78472222222222,47.51555555555556,ST JOHN'S WEST CDA CS,8403605,8403605.2003.7.15,2003-07-15 00:00:00,NL,2003,7,15,24,,19.4,,28.6,,,M,,,,,0,,,,,,6,,0,,,,,
-52.78472222222222,47.51555555555556,ST JOHN'S WEST CDA CS,8403605,8403605.2003.7.16,2003-07-16 00:00:00,NL,2003,7,16,24.5,,19.6,,29.3,,24.3,,,,,,0,,,,,,6.5,,0,,,,,
-52.78472222222222,47.51555555555556,ST JOHN'S WEST CDA CS,8403605,8403605.2003.7.17,2003-07-17 00:00:00,NL,2003,7,17,22.4,,18.4,,26.4,,30.2,,,,,,0,,,,,,4.4,,0,,,,,
-52.78472222222222,47.51555555555556,ST JOHN'S WEST CDA CS,8403605,8403605.2003.7.18,2003-07-18 00:00:00,NL,2003,7,18,24.6,,20.6,,28.6,,0.2,,,,,,0,,,,,,6.6,,0,,,,,
-52.78472222222222,47.51555555555556,ST JOHN'S WEST CDA CS,8403605,8403605.2003.7.19,2003-07-19 00:00:00,NL,2003,7,19,24.7,,20.6,,28.8,,5,,,,,,0,,,,,,6.7,,0,,,,,
-52.78472222222222,47.51555555555556,ST JOHN'S WEST CDA CS,8403605,8403605.2003.7.20,2003-07-20 00:00:00,NL,2003,7,20,21.5,,17.4,,25.5,,0,,,,,,0,,,,,,3.5,,0,,,,,
-52.78472222222222,47.51555555555556,ST JOHN'S WEST CDA CS,8403605,8403605.2003.7.21,2003-07-21 00:00:00,NL,2003,7,21,22.8,,17.8,,27.8,,0,,,,,,0,,,,,,4.8,,0,,,,,
-52.78472222222222,47.51555555555556,ST JOHN'S WEST CDA CS,8403605,8403605.2003.7.22,2003-07-22 00:00:00,NL,2003,7,22,,M,,M,,M,,M,,,,,0,,,,,,,M,,M,,,,
-52.78472222222222,47.51555555555556,ST JOHN'S WEST CDA CS,8403605,8403605.2003.7.23,2003-07-23 00:00:00,NL,2003,7,23,,M,,M,,M,,M,,,,,0,,,,,,,M,,M,,,,
-52.78472222222222,47.51555555555556,ST JOHN'S WEST CDA CS,8403605,8403605.2003.7.24,2003-07-24 00:00:00,NL,2003,7,24,,M,,M,,M,,M,,,,,0,,,,,,,M,,M,,,,
-52.78472222222222,47.51555555555556,ST JOHN'S WEST CDA CS,8403605,8403605.2003.7.25,2003-07-25 00:00:00,NL,2003,7,25,21.3,,14.4,,28.2,,,M,,,,,0,,,,,,3.3,,0,,,,,
-52.78472222222222,47.51555555555556,ST JOHN'S WEST CDA CS,8403605,8403605.2003.7.26,2003-07-26 00:00:00,NL,2003,7,26,22.3,,19.5,,25.1,,0,T,,,,,0,,,,,,4.3,,0,,,,,
-52.78472222222222,47.51555555555556,ST JOHN'S WEST CDA CS,8403605,8403605.2003.7.27,2003-07-27 00:00:00,NL,2003,7,27,19.9,,18.2,,21.6,,8,,,,,,0,,,,,,1.9,,0,,,,,
-52.78472222222222,47.51555555555556,ST JOHN'S WEST CDA CS,8403605,8403605.2003.7.28,2003-07-28 00:00:00,NL,2003,7,28,20.7,,17.7,,23.6,,0.7,,,,,,0,,,,,,2.7,,0,,,,,
-52.78472222222222,47.51555555555556,ST JOHN'S WEST CDA CS,8403605,8403605.2003.7.29,2003-07-29 00:00:00,NL,2003,7,29,19,,15.9,,22.1,,,M,,,,,0,,,,,,1,,0,,,,,
-52.78472222222222,47.51555555555556,ST JOHN'S WEST CDA CS,8403605,8403605.2003.7.30,2003-07-30 00:00:00,NL,2003,7,30,17.8,,12.7,,22.9,,,M,,,,,0,,,,,,0,,0.2,,,,,
-52.78472222222222,47.51555555555556,ST JOHN'S WEST CDA CS,8403605,8403605.2003.7.31,2003-07-31 00:00:00,NL,2003,7,31,,M,,M,,M,,M,,,,,0,,,,,,,M,,M,,,,
-52.78472222222222,47.51555555555556,ST JOHN'S WEST CDA CS,8403605,8403605.2003.8.1,2003-08-01 00:00:00,NL,2003,8,1,20,,13.3,,26.6,,0,,,,,,0,,,,,,2,,0,,,,,
-52.78472222222222,47.51555555555556,ST JOHN'S WEST CDA CS,8403605,8403605.2003.8.2,2003-08-02 00:00:00,NL,2003,8,2,21.5,,16.3,,26.7,,0,,,,,,0,,,,,,3.5,,0,,,,,
-52.78472222222222,47.51555555555556,ST JOHN'S WEST CDA CS,8403605,8403605.2003.8.3,2003-08-03 00:00:00,NL,2003,8,3,19.3,,15.7,,22.9,,0.7,,,,,,0,,,,,,1.3,,0,,,,,
-52.78472222222222,47.51555555555556,ST JOHN'S WEST CDA CS,8403605,8403605.2003.8.4,2003-08-04 00:00:00,NL,2003,8,4,12.8,,11.7,,13.9,,0.4,,,,,,0,,,,,,0,,5.2,,,,,
-52.78472222222222,47.51555555555556,ST JOHN'S WEST CDA CS,8403605,8403605.2003.8.5,2003-08-05 00:00:00,NL,2003,8,5,12.7,,8.9,,16.5,,0,,,,,,0,,,,,,0,,5.3,,,,,
-52.78472222222222,47.51555555555556,ST JOHN'S WEST CDA CS,8403605,8403605.2003.8.6,2003-08-06 00:00:00,NL,2003,8,6,13,,7.7,,18.3,,0,T,,,,,0,,,,,,0,,5,,,,,
-52.78472222222222,47.51555555555556,ST JOHN'S WEST CDA CS,8403605,8403605.2003.8.7,2003-08-07 00:00:00,NL,2003,8,7,15,,8.3,,21.6,,0,,,,,,0,,,,,,0,,3,,,,,
-52.78472222222222,47.51555555555556,ST JOHN'S WEST CDA CS,8403605,8403605.2003.8.8,2003-08-08 00:00:00,NL,2003,8,8,17.7,,10.7,,24.6,,0,T,,,,,0,,,,,,0,,0.3,,,,,
-52.78472222222222,47.51555555555556,ST JOHN'S WEST CDA CS,8403605,8403605.2003.8.9,2003-08-09 00:00:00,NL,2003,8,9,17.8,,14,,21.5,,0,,,,,,0,,,,,,0,,0.2,,,,,
-52.78472222222222,47.51555555555556,ST JOHN'S WEST CDA CS,8403605,8403605.2003.8.10,2003-08-10 00:00:00,NL,2003,8,10,18.5,,10.4,,26.5,,2.2,,,,,,0,,,,,,0.5,,0,,,,,
-52.78472222222222,47.51555555555556,ST JOHN'S WEST CDA CS,8403605,8403605.2003.8.11,2003-08-11 00:00:00,NL,2003,8,11,19.8,,15.8,,23.7,,0,,,,,,0,,,,,,1.8,,0,,,,,
-52.78472222222222,47.51555555555556,ST JOHN'S WEST CDA CS,8403605,8403605.2003.8.12,2003-08-12 00:00:00,NL,2003,8,12,16.7,,14,,19.4,,0.2,,,,,,0,,,,,,0,,1.3,,,,,
-52.78472222222222,47.51555555555556,ST JOHN'S WEST CDA CS,8403605,8403605.2003.8.13,2003-08-13 00:00:00,NL,2003,8,13,17.3,,9.3,,25.2,,0,,,,,,0,,,,,,0,,0.7,,,,,
-52.78472222222222,47.51555555555556,ST JOHN'S WEST CDA CS,8403605,8403605.2003.8.14,2003-08-14 00:00:00,NL,2003,8,14,17.1,,11.1,,23,,0.3,,,,,,0,,,,,,0,,0.9,,,,,
-52.78472222222222,47.51555555555556,ST JOHN'S WEST CDA CS,8403605,8403605.2003.8.15,2003-08-15 00:00:00,NL,2003,8,15,17.4,,14.7,,20.1,,0.2,,,,,,0,,,,,,0,,0.6,,,,,
-52.78472222222222,47.51555555555556,ST JOHN'S WEST CDA CS,8403605,8403605.2003.8.16,2003-08-16 00:00:00,NL,2003,8,16,17.8,,13.8,,21.7,,0,,,,,,0,,,,,,0,,0.2,,,,,
-52.78472222222222,47.51555555555556,ST JOHN'S WEST CDA CS,8403605,8403605.2003.8.17,2003-08-17 00:00:00,NL,2003,8,17,21.2,,16.3,,26,,14.3,,,,,,0,,,,,,3.2,,0,,,,,
-52.78472222222222,47.51555555555556,ST JOHN'S WEST CDA CS,8403605,8403605.2003.8.18,2003-08-18 00:00:00,NL,2003,8,18,20.7,,18,,23.4,,7.5,,,,,,0,,,,,,2.7,,0,,,,,
-52.78472222222222,47.51555555555556,ST JOHN'S WEST CDA CS,8403605,8403605.2003.8.19,2003-08-19 00:00:00,NL,2003,8,19,17.6,,13.1,,22,,0,T,,,,,0,,,,,,0,,0.4,,,,,
-52.78472222222222,47.51555555555556,ST JOHN'S WEST CDA CS,8403605,8403605.2003.8.20,2003-08-20 00:00:00,NL,2003,8,20,20.1,,13.1,,27.1,,0,,,,,,0,,,,,,2.1,,0,,,,,
-52.78472222222222,47.51555555555556,ST JOHN'S WEST CDA CS,8403605,8403605.2003.8.21,2003-08-21 00:00:00,NL,2003,8,21,15.2,,11.9,,18.5,,0,,,,,,0,,,,,,0,,2.8,,,,,
-52.78472222222222,47.51555555555556,ST JOHN'S WEST CDA CS,8403605,8403605.2003.8.22,2003-08-22 00:00:00,NL,2003,8,22,17.5,,10.7,,24.3,,0,,,,,,0,,,,,,0,,0.5,,,,,
-52.78472222222222,47.51555555555556,ST JOHN'S WEST CDA CS,8403605,8403605.2003.8.23,2003-08-23 00:00:00,NL,2003,8,23,20.8,,15.1,,26.4,,0,,,,,,0,,,,,,2.8,,0,,,,,
-52.78472222222222,47.51555555555556,ST JOHN'S WEST CDA CS,8403605,8403605.2003.8.24,2003-08-24 00:00:00,NL,2003,8,24,22.5,,19.3,,25.7,,0,T,,,,,0,,,,,,4.5,,0,,,,,
-52.78472222222222,47.51555555555556,ST JOHN'S WEST CDA CS,8403605,8403605.2003.8.25,2003-08-25 00:00:00,NL,2003,8,25,17.7,,15.6,,19.8,,,M,,,,,0,,,,,,0,,0.3,,,,,
-52.78472222222222,47.51555555555556,ST JOHN'S WEST CDA CS,8403605,8403605.2003.8.26,2003-08-26 00:00:00,NL,2003,8,26,16.3,,12.9,,19.7,,0,,,,,,0,,,,,,0,,1.7,,,,,
-52.78472222222222,47.51555555555556,ST JOHN'S WEST CDA CS,8403605,8403605.2003.8.27,2003-08-27 00:00:00,NL,2003,8,27,16.2,,10.9,,21.4,,12.8,,,,,,0,,,,,,0,,1.8,,,,,
-52.78472222222222,47.51555555555556,ST JOHN'S WEST CDA CS,8403605,8403605.2003.8.28,2003-08-28 00:00:00,NL,2003,8,28,20.8,,19.2,,22.4,,0,,,,,,0,,,,,,2.8,,0,,,,,
-52.78472222222222,47.51555555555556,ST JOHN'S WEST CDA CS,8403605,8403605.2003.8.29,2003-08-29 00:00:00,NL,2003,8,29,16.8,,12.4,,21.1,,0,,,,,,0,,,,,,0,,1.2,,,,,
-52.78472222222222,47.51555555555556,ST JOHN'S WEST CDA CS,8403605,8403605.2003.8.30,2003-08-30 00:00:00,NL,2003,8,30,16,,11.6,,20.3,,10.8,,,,,,0,,,,,,0,,2,,,,,
-52.78472222222222,47.51555555555556,ST JOHN'S WEST CDA CS,8403605,8403605.2003.8.31,2003-08-31 00:00:00,NL,2003,8,31,18.7,,16.1,,21.2,,0,,,,,,0,,,,,,0.7,,0,,,,,
-52.78472222222222,47.51555555555556,ST JOHN'S WEST CDA CS,8403605,8403605.2003.9.1,2003-09-01 00:00:00,NL,2003,9,1,15.7,,10,,21.4,,0,,,,,,0,,,,,,0,,2.3,,,,,
-52.78472222222222,47.51555555555556,ST JOHN'S WEST CDA CS,8403605,8403605.2003.9.2,2003-09-02 00:00:00,NL,2003,9,2,16.9,,13.8,,20,,0,,,,,,0,,,,,,0,,1.1,,,,,
-52.78472222222222,47.51555555555556,ST JOHN'S WEST CDA CS,8403605,8403605.2003.9.3,2003-09-03 00:00:00,NL,2003,9,3,14,,7.7,,20.2,,0,,,,,,0,,,,,,0,,4,,,,,
-52.78472222222222,47.51555555555556,ST JOHN'S WEST CDA CS,8403605,8403605.2003.9.4,2003-09-04 00:00:00,NL,2003,9,4,15.2,,9.5,,20.8,,26.1,,,,,,0,,,,,,0,,2.8,,,,,
-52.78472222222222,47.51555555555556,ST JOHN'S WEST CDA CS,8403605,8403605.2003.9.5,2003-09-05 00:00:00,NL,2003,9,5,17.4,,11.9,,22.8,,3.1,,,,,,0,,,,,,0,,0.6,,,,,
-52.78472222222222,47.51555555555556,ST JOHN'S WEST CDA CS,8403605,8403605.2003.9.6,2003-09-06 00:00:00,NL,2003,9,6,20.3,,19,,21.6,,0.4,,,,,,0,,,,,,2.3,,0,,,,,
-52.78472222222222,47.51555555555556,ST JOHN'S WEST CDA CS,8403605,8403605.2003.9.7,2003-09-07 00:00:00,NL,2003,9,7,16.2,,12.6,,19.7,,0,,,,,,0,,,,,,0,,1.8,,,,,
-52.78472222222222,47.51555555555556,ST JOHN'S WEST CDA CS,8403605,8403605.2003.9.8,2003-09-08 00:00:00,NL,2003,9,8,17.1,,12.9,,21.2,,2.2,,,,,,0,,,,,,0,,0.9,,,,,
-52.78472222222222,47.51555555555556,ST JOHN'S WEST CDA CS,8403605,8403605.2003.9.9,2003-09-09 00:00:00,NL,2003,9,9,12.1,,10.3,,13.9,,2.3,,,,,,0,,,,,,0,,5.9,,,,,
-52.78472222222222,47.51555555555556,ST JOHN'S WEST CDA CS,8403605,8403605.2003.9.10,2003-09-10 00:00:00,NL,2003,9,10,11.3,,4.5,,18,,5.8,,,,,,0,,,,,,0,,6.7,,,,,
-52.78472222222222,47.51555555555556,ST JOHN'S WEST CDA CS,8403605,8403605.2003.9.11,2003-09-11 00:00:00,NL,2003,9,11,11,,7.9,,14.1,,0.3,,,,,,0,,,,,,0,,7,,,,,
-52.78472222222222,47.51555555555556,ST JOHN'S WEST CDA CS,8403605,8403605.2003.9.12,2003-09-12 00:00:00,NL,2003,9,12,14.4,,8.5,,20.3,,0,T,,,,,0,,,,,,0,,3.6,,,,,
-52.78472222222222,47.51555555555556,ST JOHN'S WEST CDA CS,8403605,8403605.2003.9.13,2003-09-13 00:00:00,NL,2003,9,13,21.1,,15.2,,26.9,,0,,,,,,0,,,,,,3.1,,0,,,,,
-52.78472222222222,47.51555555555556,ST JOHN'S WEST CDA CS,8403605,8403605.2003.9.14,2003-09-14 00:00:00,NL,2003,9,14,20.8,,13.7,,27.9,,0,,,,,,0,,,,,,2.8,,0,,,,,
-52.78472222222222,47.51555555555556,ST JOHN'S WEST CDA CS,8403605,8403605.2003.9.15,2003-09-15 00:00:00,NL,2003,9,15,22,,16.2,,27.7,,0,,,,,,0,,,,,,4,,0,,,,,
-52.78472222222222,47.51555555555556,ST JOHN'S WEST CDA CS,8403605,8403605.2003.9.16,2003-09-16 00:00:00,NL,2003,9,16,22.9,,15.4,,30.4,,0,,,,,,0,,,,,,4.9,,0,,,,,
-52.78472222222222,47.51555555555556,ST JOHN'S WEST CDA CS,8403605,8403605.2003.9.17,2003-09-17 00:00:00,NL,2003,9,17,21.6,,16.2,,27,,0,,,,,,0,,,,,,3.6,,0,,,,,
-52.78472222222222,47.51555555555556,ST JOHN'S WEST CDA CS,8403605,8403605.2003.9.18,2003-09-18 00:00:00,NL,2003,9,18,18.9,,16,,21.8,,0,,,,,,0,,,,,,0.9,,0,,,,,
-52.78472222222222,47.51555555555556,ST JOHN'S WEST CDA CS,8403605,8403605.2003.9.19,2003-09-19 00:00:00,NL,2003,9,19,13.1,,10.1,,16.1,,0,,,,,,0,,,,,,0,,4.9,,,,,
-52.78472222222222,47.51555555555556,ST JOHN'S WEST CDA CS,8403605,8403605.2003.9.20,2003-09-20 00:00:00,NL,2003,9,20,10.7,,8.4,,12.9,,0.2,,,,,,0,,,,,,0,,7.3,,,,,
-52.78472222222222,47.51555555555556,ST JOHN'S WEST CDA CS,8403605,8403605.2003.9.21,2003-09-21 00:00:00,NL,2003,9,21,12.2,,8.9,,15.4,,0,,,,,,0,,,,,,0,,5.8,,,,,
-52.78472222222222,47.51555555555556,ST JOHN'S WEST CDA CS,8403605,8403605.2003.9.22,2003-09-22 00:00:00,NL,2003,9,22,12,,5.9,,18.1,,0,,,,,,0,,,,,,0,,6,,,,,
-52.78472222222222,47.51555555555556,ST JOHN'S WEST CDA CS,8403605,8403605.2003.9.23,2003-09-23 00:00:00,NL,2003,9,23,14.2,,11.2,,17.1,,0,,,,,,0,,,,,,0,,3.8,,,,,
-52.78472222222222,47.51555555555556,ST JOHN'S WEST CDA CS,8403605,8403605.2003.9.24,2003-09-24 00:00:00,NL,2003,9,24,12.3,,7.3,,17.2,,0,,,,,,0,,,,,,0,,5.7,,,,,
-52.78472222222222,47.51555555555556,ST JOHN'S WEST CDA CS,8403605,8403605.2003.9.25,2003-09-25 00:00:00,NL,2003,9,25,16.1,,13.3,,18.8,,0.3,,,,,,0,,,,,,0,,1.9,,,,,
-52.78472222222222,47.51555555555556,ST JOHN'S WEST CDA CS,8403605,8403605.2003.9.26,2003-09-26 00:00:00,NL,2003,9,26,18.4,,15.1,,21.6,,0,,,,,,0,,,,,,0.4,,0,,,,,
-52.78472222222222,47.51555555555556,ST JOHN'S WEST CDA CS,8403605,8403605.2003.9.27,2003-09-27 00:00:00,NL,2003,9,27,18.3,,13,,23.5,,0,,,,,,0,,,,,,0.3,,0,,,,,
-52.78472222222222,47.51555555555556,ST JOHN'S WEST CDA CS,8403605,8403605.2003.9.28,2003-09-28 00:00:00,NL,2003,9,28,16.6,,10.9,,22.2,,0,,,,,,0,,,,,,0,,1.4,,,,,
-52.78472222222222,47.51555555555556,ST JOHN'S WEST CDA CS,8403605,8403605.2003.9.29,2003-09-29 00:00:00,NL,2003,9,29,15.9,,13.3,,18.4,,0,,,,,,0,,,,,,0,,2.1,,,,,
-52.78472222222222,47.51555555555556,ST JOHN'S WEST CDA CS,8403605,8403605.2003.9.30,2003-09-30 00:00:00,NL,2003,9,30,19,,15.3,,22.7,,0,,,,,,0,,,,,,1,,0,,,,,
-52.78472222222222,47.51555555555556,ST JOHN'S WEST CDA CS,8403605,8403605.2003.10.1,2003-10-01 00:00:00,NL,2003,10,1,19.5,,16.4,,22.5,,0,,,,,,0,,,,,,1.5,,0,,,,,
-52.78472222222222,47.51555555555556,ST JOHN'S WEST CDA CS,8403605,8403605.2003.10.2,2003-10-02 00:00:00,NL,2003,10,2,19.3,,16.3,,22.3,,0,,,,,,0,,,,,,1.3,,0,,,,,
-52.78472222222222,47.51555555555556,ST JOHN'S WEST CDA CS,8403605,8403605.2003.10.3,2003-10-03 00:00:00,NL,2003,10,3,17.4,,16.4,,18.4,,11.5,,,,,,0,,,,,,0,,0.6,,,,,
-52.78472222222222,47.51555555555556,ST JOHN'S WEST CDA CS,8403605,8403605.2003.10.4,2003-10-04 00:00:00,NL,2003,10,4,14.2,,10.1,,18.3,,3,,,,,,0,,,,,,0,,3.8,,,,,
-52.78472222222222,47.51555555555556,ST JOHN'S WEST CDA CS,8403605,8403605.2003.10.5,2003-10-05 00:00:00,NL,2003,10,5,16.2,,11.9,,20.5,,4,,,,,,0,,,,,,0,,1.8,,,,,
-52.78472222222222,47.51555555555556,ST JOHN'S WEST CDA CS,8403605,8403605.2003.10.6,2003-10-06 00:00:00,NL,2003,10,6,18.2,,16.7,,19.6,,58.2,,,,,,0,,,,,,0.2,,0,,,,,
-52.78472222222222,47.51555555555556,ST JOHN'S WEST CDA CS,8403605,8403605.2003.10.7,2003-10-07 00:00:00,NL,2003,10,7,9.4,,7.3,,11.5,,5.3,,,,,,0,,,,,,0,,8.6,,,,,
-52.78472222222222,47.51555555555556,ST JOHN'S WEST CDA CS,8403605,8403605.2003.10.8,2003-10-08 00:00:00,NL,2003,10,8,10.9,,6.8,,14.9,,0,,,,,,0,,,,,,0,,7.1,,,,,
-52.78472222222222,47.51555555555556,ST JOHN'S WEST CDA CS,8403605,8403605.2003.10.9,2003-10-09 00:00:00,NL,2003,10,9,12.3,,9.2,,15.4,,2,,,,,,0,,,,,,0,,5.7,,,,,
-52.78472222222222,47.51555555555556,ST JOHN'S WEST CDA CS,8403605,8403605.2003.10.10,2003-10-10 00:00:00,NL,2003,10,10,10.5,,6.8,,14.2,,0,,,,,,0,,,,,,0,,7.5,,,,,
-52.78472222222222,47.51555555555556,ST JOHN'S WEST CDA CS,8403605,8403605.2003.10.11,2003-10-11 00:00:00,NL,2003,10,11,12.4,,5.5,,19.3,,0,,,,,,0,,,,,,0,,5.6,,,,,
-52.78472222222222,47.51555555555556,ST JOHN'S WEST CDA CS,8403605,8403605.2003.10.12,2003-10-12 00:00:00,NL,2003,10,12,16,,14.2,,17.7,,0,,,,,,0,,,,,,0,,2,,,,,
-52.78472222222222,47.51555555555556,ST JOHN'S WEST CDA CS,8403605,8403605.2003.10.13,2003-10-13 00:00:00,NL,2003,10,13,12.1,,6.7,,17.4,,14.4,,,,,,0,,,,,,0,,5.9,,,,,
-52.78472222222222,47.51555555555556,ST JOHN'S WEST CDA CS,8403605,8403605.2003.10.14,2003-10-14 00:00:00,NL,2003,10,14,15.2,,13.1,,17.2,,0,,,,,,0,,,,,,0,,2.8,,,,,
-52.78472222222222,47.51555555555556,ST JOHN'S WEST CDA CS,8403605,8403605.2003.10.15,2003-10-15 00:00:00,NL,2003,10,15,10.7,,7.5,,13.9,,0,,,,,,0,,,,,,0,,7.3,,,,,
-52.78472222222222,47.51555555555556,ST JOHN'S WEST CDA CS,8403605,8403605.2003.10.16,2003-10-16 00:00:00,NL,2003,10,16,10.9,,8.5,,13.2,,2,,,,,,0,,,,,,0,,7.1,,,,,
-52.78472222222222,47.51555555555556,ST JOHN'S WEST CDA CS,8403605,8403605.2003.10.17,2003-10-17 00:00:00,NL,2003,10,17,11,,7.3,,14.6,,0,,,,,,0,,,,,,0,,7,,,,,
-52.78472222222222,47.51555555555556,ST JOHN'S WEST CDA CS,8403605,8403605.2003.10.18,2003-10-18 00:00:00,NL,2003,10,18,7.5,,1.8,,13.2,,2.3,,,,,,0,,,,,,0,,10.5,,,,,
-52.78472222222222,47.51555555555556,ST JOHN'S WEST CDA CS,8403605,8403605.2003.10.19,2003-10-19 00:00:00,NL,2003,10,19,12.9,,9.8,,15.9,,15.4,,,,,,0,,,,,,0,,5.1,,,,,
-52.78472222222222,47.51555555555556,ST JOHN'S WEST CDA CS,8403605,8403605.2003.10.20,2003-10-20 00:00:00,NL,2003,10,20,8.8,,6.1,,11.4,,0,,,,,,0,,,,,,0,,9.2,,,,,
-52.78472222222222,47.51555555555556,ST JOHN'S WEST CDA CS,8403605,8403605.2003.10.21,2003-10-21 00:00:00,NL,2003,10,21,8.9,,3.8,,13.9,,5.8,,,,,,0,,,,,,0,,9.1,,,,,
-52.78472222222222,47.51555555555556,ST JOHN'S WEST CDA CS,8403605,8403605.2003.10.22,2003-10-22 00:00:00,NL,2003,10,22,10.8,,4.2,,17.3,,0,T,,,,,0,,,,,,0,,7.2,,,,,
-52.78472222222222,47.51555555555556,ST JOHN'S WEST CDA CS,8403605,8403605.2003.10.23,2003-10-23 00:00:00,NL,2003,10,23,16.1,,14.3,,17.9,,13.1,,,,,,0,,,,,,0,,1.9,,,,,
-52.78472222222222,47.51555555555556,ST JOHN'S WEST CDA CS,8403605,8403605.2003.10.24,2003-10-24 00:00:00,NL,2003,10,24,17.8,,15.9,,19.7,,3.5,,,,,,0,,,,,,0,,0.2,,,,,
-52.78472222222222,47.51555555555556,ST JOHN'S WEST CDA CS,8403605,8403605.2003.10.25,2003-10-25 00:00:00,NL,2003,10,25,8.5,,6.3,,10.7,,0.4,,,,,,0,,,,,,0,,9.5,,,,,
-52.78472222222222,47.51555555555556,ST JOHN'S WEST CDA CS,8403605,8403605.2003.10.26,2003-10-26 00:00:00,NL,2003,10,26,7,,3.4,,10.6,,0,T,,,,,0,,,,,,0,,11,,,,,
-52.78472222222222,47.51555555555556,ST JOHN'S WEST CDA CS,8403605,8403605.2003.10.27,2003-10-27 00:00:00,NL,2003,10,27,9.5,,3.4,,15.6,,0,,,,,,0,,,,,,0,,8.5,,,,,
-52.78472222222222,47.51555555555556,ST JOHN'S WEST CDA CS,8403605,8403605.2003.10.28,2003-10-28 00:00:00,NL,2003,10,28,15.7,,12.4,,19,,0.3,,,,,,0,,,,,,0,,2.3,,,,,
-52.78472222222222,47.51555555555556,ST JOHN'S WEST CDA CS,8403605,8403605.2003.10.29,2003-10-29 00:00:00,NL,2003,10,29,18.2,,16.2,,20.1,,0.3,,,,,,0,,,,,,0.2,,0,,,,,
-52.78472222222222,47.51555555555556,ST JOHN'S WEST CDA CS,8403605,8403605.2003.10.30,2003-10-30 00:00:00,NL,2003,10,30,20.7,,19,,22.3,,1,,,,,,0,,,,,,2.7,,0,,,,,
-52.78472222222222,47.51555555555556,ST JOHN'S WEST CDA CS,8403605,8403605.2003.10.31,2003-10-31 00:00:00,NL,2003,10,31,11.6,,10.1,,13,,0,,,,,,0,,,,,,0,,6.4,,,,,
-52.78472222222222,47.51555555555556,ST JOHN'S WEST CDA CS,8403605,8403605.2003.11.1,2003-11-01 00:00:00,NL,2003,11,1,8.5,,3.7,,13.2,,0.8,,,,,,0,,,,,,0,,9.5,,,,,
-52.78472222222222,47.51555555555556,ST JOHN'S WEST CDA CS,8403605,8403605.2003.11.2,2003-11-02 00:00:00,NL,2003,11,2,7.5,,6.2,,8.7,,0,T,,,,,0,,,,,,0,,10.5,,,,,
-52.78472222222222,47.51555555555556,ST JOHN'S WEST CDA CS,8403605,8403605.2003.11.3,2003-11-03 00:00:00,NL,2003,11,3,3.9,,1.5,,6.3,,,M,,,,,0,,,,,,0,,14.1,,,,,
-52.78472222222222,47.51555555555556,ST JOHN'S WEST CDA CS,8403605,8403605.2003.11.4,2003-11-04 00:00:00,NL,2003,11,4,1.2,,-0.2,,2.6,,6.6,,,,,,0,,,,,,0,,16.8,,,,,
-52.78472222222222,47.51555555555556,ST JOHN'S WEST CDA CS,8403605,8403605.2003.11.5,2003-11-05 00:00:00,NL,2003,11,5,3.5,,-0.1,,7,,12.5,,,,,,4,,,,,,0,,14.5,,,,,
-52.78472222222222,47.51555555555556,ST JOHN'S WEST CDA CS,8403605,8403605.2003.11.6,2003-11-06 00:00:00,NL,2003,11,6,7,,1.5,,12.5,,3.5,,,,,,0,,,,,,0,,11,,,,,
-52.78472222222222,47.51555555555556,ST JOHN'S WEST CDA CS,8403605,8403605.2003.11.7,2003-11-07 00:00:00,NL,2003,11,7,5.4,,3.1,,7.7,,0,,,,,,0,,,,,,0,,12.6,,,,,
-52.78472222222222,47.51555555555556,ST JOHN'S WEST CDA CS,8403605,8403605.2003.11.8,2003-11-08 00:00:00,NL,2003,11,8,4.6,,-0.3,,9.5,,7.1,,,,,,0,,,,,,0,,13.4,,,,,
-52.78472222222222,47.51555555555556,ST JOHN'S WEST CDA CS,8403605,8403605.2003.11.9,2003-11-09 00:00:00,NL,2003,11,9,0.6,,-1.5,,2.6,,1.1,,,,,,2,,,,,,0,,17.4,,,,,
-52.78472222222222,47.51555555555556,ST JOHN'S WEST CDA CS,8403605,8403605.2003.11.10,2003-11-10 00:00:00,NL,2003,11,10,1,,-0.1,,2.1,,0,T,,,,,1,,,,,,0,,17,,,,,
-52.78472222222222,47.51555555555556,ST JOHN'S WEST CDA CS,8403605,8403605.2003.11.11,2003-11-11 00:00:00,NL,2003,11,11,-0.7,,-2.1,,0.7,,0,T,,,,,0,,,,,,0,,18.7,,,,,
-52.78472222222222,47.51555555555556,ST JOHN'S WEST CDA CS,8403605,8403605.2003.11.12,2003-11-12 00:00:00,NL,2003,11,12,1.6,,-2.1,,5.3,,0.7,,,,,,0,,,,,,0,,16.4,,,,,
-52.78472222222222,47.51555555555556,ST JOHN'S WEST CDA CS,8403605,8403605.2003.11.13,2003-11-13 00:00:00,NL,2003,11,13,6.7,,2.7,,10.7,,15.1,,,,,,0,,,,,,0,,11.3,,,,,
-52.78472222222222,47.51555555555556,ST JOHN'S WEST CDA CS,8403605,8403605.2003.11.14,2003-11-14 00:00:00,NL,2003,11,14,8,,4.5,,11.5,,10.9,,,,,,0,,,,,,0,,10,,,,,
-52.78472222222222,47.51555555555556,ST JOHN'S WEST CDA CS,8403605,8403605.2003.11.15,2003-11-15 00:00:00,NL,2003,11,15,4.7,,3.2,,6.1,,0.9,,,,,,0,,,,,,0,,13.3,,,,,
-52.78472222222222,47.51555555555556,ST JOHN'S WEST CDA CS,8403605,8403605.2003.11.16,2003-11-16 00:00:00,NL,2003,11,16,4,,1.7,,6.3,,1.5,,,,,,0,,,,,,0,,14,,,,,
-52.78472222222222,47.51555555555556,ST JOHN'S WEST CDA CS,8403605,8403605.2003.11.17,2003-11-17 00:00:00,NL,2003,11,17,4.1,,2.2,,6,,0,,,,,,0,,,,,,0,,13.9,,,,,
-52.78472222222222,47.51555555555556,ST JOHN'S WEST CDA CS,8403605,8403605.2003.11.18,2003-11-18 00:00:00,NL,2003,11,18,0.7,,-1.4,,2.8,,0,,,,,,0,,,,,,0,,17.3,,,,,
-52.78472222222222,47.51555555555556,ST JOHN'S WEST CDA CS,8403605,8403605.2003.11.19,2003-11-19 00:00:00,NL,2003,11,19,3.6,,0.8,,6.3,,,M,,,,,0,,,,,,0,,14.4,,,,,
-52.78472222222222,47.51555555555556,ST JOHN'S WEST CDA CS,8403605,8403605.2003.11.20,2003-11-20 00:00:00,NL,2003,11,20,5.9,,2.7,,9.1,,0,,,,,,0,,,,,,0,,12.1,,,,,
-52.78472222222222,47.51555555555556,ST JOHN'S WEST CDA CS,8403605,8403605.2003.11.21,2003-11-21 00:00:00,NL,2003,11,21,9.5,,5.4,,13.5,,0.6,,,,,,0,,,,,,0,,8.5,,,,,
-52.78472222222222,47.51555555555556,ST JOHN'S WEST CDA CS,8403605,8403605.2003.11.22,2003-11-22 00:00:00,NL,2003,11,22,12,,9.5,,14.5,,11.8,,,,,,0,,,,,,0,,6,,,,,
-52.78472222222222,47.51555555555556,ST JOHN'S WEST CDA CS,8403605,8403605.2003.11.23,2003-11-23 00:00:00,NL,2003,11,23,4.3,,3.7,,4.8,,19.6,,,,,,0,,,,,,0,,13.7,,,,,
-52.78472222222222,47.51555555555556,ST JOHN'S WEST CDA CS,8403605,8403605.2003.11.24,2003-11-24 00:00:00,NL,2003,11,24,3.4,,2.7,,4,,0.3,,,,,,0,,,,,,0,,14.6,,,,,
-52.78472222222222,47.51555555555556,ST JOHN'S WEST CDA CS,8403605,8403605.2003.11.25,2003-11-25 00:00:00,NL,2003,11,25,7.5,,3.1,,11.9,,7.8,,,,,,0,,,,,,0,,10.5,,,,,
-52.78472222222222,47.51555555555556,ST JOHN'S WEST CDA CS,8403605,8403605.2003.11.26,2003-11-26 00:00:00,NL,2003,11,26,8,,7.3,,8.7,,,M,,,,,0,,,,,,0,,10,,,,,
-52.78472222222222,47.51555555555556,ST JOHN'S WEST CDA CS,8403605,8403605.2003.11.27,2003-11-27 00:00:00,NL,2003,11,27,2.8,,0.6,,5,,,M,,,,,0,,,,,,0,,15.2,,,,,
-52.78472222222222,47.51555555555556,ST JOHN'S WEST CDA CS,8403605,8403605.2003.11.28,2003-11-28 00:00:00,NL,2003,11,28,1.1,,-2.3,,4.5,,0.4,,,,,,0,,,,,,0,,16.9,,,,,
-52.78472222222222,47.51555555555556,ST JOHN'S WEST CDA CS,8403605,8403605.2003.11.29,2003-11-29 00:00:00,NL,2003,11,29,9,,2.3,,15.7,,10.8,,,,,,0,,,,,,0,,9,,,,,
-52.78472222222222,47.51555555555556,ST JOHN'S WEST CDA CS,8403605,8403605.2003.11.30,2003-11-30 00:00:00,NL,2003,11,30,6.1,,4.7,,7.4,,4.2,,,,,,0,,,,,,0,,11.9,,,,,
-52.78472222222222,47.51555555555556,ST JOHN'S WEST CDA CS,8403605,8403605.2003.12.1,2003-12-01 00:00:00,NL,2003,12,1,7,,1.8,,12.2,,10.4,,,,,,0,,,,,,0,,11,,,,,
-52.78472222222222,47.51555555555556,ST JOHN'S WEST CDA CS,8403605,8403605.2003.12.2,2003-12-02 00:00:00,NL,2003,12,2,5.1,,4.3,,5.9,,0,,,,,,0,,,,,,0,,12.9,,,,,
-52.78472222222222,47.51555555555556,ST JOHN'S WEST CDA CS,8403605,8403605.2003.12.3,2003-12-03 00:00:00,NL,2003,12,3,0.5,,-0.9,,1.9,,7.9,,,,,,0,,,,,,0,,17.5,,,,,
-52.78472222222222,47.51555555555556,ST JOHN'S WEST CDA CS,8403605,8403605.2003.12.4,2003-12-04 00:00:00,NL,2003,12,4,0.8,,-1.3,,2.9,,0.2,,,,,,7,,,,,,0,,17.2,,,,,
-52.78472222222222,47.51555555555556,ST JOHN'S WEST CDA CS,8403605,8403605.2003.12.5,2003-12-05 00:00:00,NL,2003,12,5,0.6,,-2.2,,3.4,,0,T,,,,,5,,,,,,0,,17.4,,,,,
-52.78472222222222,47.51555555555556,ST JOHN'S WEST CDA CS,8403605,8403605.2003.12.6,2003-12-06 00:00:00,NL,2003,12,6,-2.8,,-7.8,,2.3,,1,,,,,,5,,,,,,0,,20.8,,,,,
-52.78472222222222,47.51555555555556,ST JOHN'S WEST CDA CS,8403605,8403605.2003.12.7,2003-12-07 00:00:00,NL,2003,12,7,0,,-2.6,,2.6,,26.1,,,,,,4,,,,,,0,,18,,,,,
-52.78472222222222,47.51555555555556,ST JOHN'S WEST CDA CS,8403605,8403605.2003.12.8,2003-12-08 00:00:00,NL,2003,12,8,2,,0.9,,3.1,,26.7,,,,,,0,,,,,,0,,16,,,,,
-52.78472222222222,47.51555555555556,ST JOHN'S WEST CDA CS,8403605,8403605.2003.12.9,2003-12-09 00:00:00,NL,2003,12,9,1.9,,1.4,,2.4,,11.6,,,,,,0,,,,,,0,,16.1,,,,,
-52.78472222222222,47.51555555555556,ST JOHN'S WEST CDA CS,8403605,8403605.2003.12.10,2003-12-10 00:00:00,NL,2003,12,10,2,,1.7,,2.2,,0.9,,,,,,0,,,,,,0,,16,,,,,
-52.78472222222222,47.51555555555556,ST JOHN'S WEST CDA CS,8403605,8403605.2003.12.11,2003-12-11 00:00:00,NL,2003,12,11,0.7,,-0.5,,1.9,,0,T,,,,,0,,,,,,0,,17.3,,,,,
-52.78472222222222,47.51555555555556,ST JOHN'S WEST CDA CS,8403605,8403605.2003.12.12,2003-12-12 00:00:00,NL,2003,12,12,1.9,,-4.1,,7.9,,4.3,,,,,,0,,,,,,0,,16.1,,,,,
-52.78472222222222,47.51555555555556,ST JOHN'S WEST CDA CS,8403605,8403605.2003.12.13,2003-12-13 00:00:00,NL,2003,12,13,3.2,,2.2,,4.2,,0.2,,,,,,0,,,,,,0,,14.8,,,,,
-52.78472222222222,47.51555555555556,ST JOHN'S WEST CDA CS,8403605,8403605.2003.12.14,2003-12-14 00:00:00,NL,2003,12,14,-2.7,,-4.6,,-0.7,,0,T,,,,,0,,,,,,0,,20.7,,,,,
-52.78472222222222,47.51555555555556,ST JOHN'S WEST CDA CS,8403605,8403605.2003.12.15,2003-12-15 00:00:00,NL,2003,12,15,-2.6,,-6.1,,0.9,,18,,,,,,0,,,,,,0,,20.6,,,,,
-52.78472222222222,47.51555555555556,ST JOHN'S WEST CDA CS,8403605,8403605.2003.12.16,2003-12-16 00:00:00,NL,2003,12,16,-1.1,,-4.9,,2.8,,,M,,,,,5,,,,,,0,,19.1,,,,,
-52.78472222222222,47.51555555555556,ST JOHN'S WEST CDA CS,8403605,8403605.2003.12.17,2003-12-17 00:00:00,NL,2003,12,17,2.6,,1.2,,4,,0.9,,,,,,11,,,,,,0,,15.4,,,,,
-52.78472222222222,47.51555555555556,ST JOHN'S WEST CDA CS,8403605,8403605.2003.12.18,2003-12-18 00:00:00,NL,2003,12,18,4,,2.1,,5.8,,2.9,,,,,,8,,,,,,0,,14,,,,,
-52.78472222222222,47.51555555555556,ST JOHN'S WEST CDA CS,8403605,8403605.2003.12.19,2003-12-19 00:00:00,NL,2003,12,19,4.4,,2.6,,6.2,,8.7,,,,,,8,,,,,,0,,13.6,,,,,
-52.78472222222222,47.51555555555556,ST JOHN'S WEST CDA CS,8403605,8403605.2003.12.20,2003-12-20 00:00:00,NL,2003,12,20,6.7,,1.9,,11.4,,10.3,,,,,,8,,,,,,0,,11.3,,,,,
-52.78472222222222,47.51555555555556,ST JOHN'S WEST CDA CS,8403605,8403605.2003.12.21,2003-12-21 00:00:00,NL,2003,12,21,1.9,,1,,2.7,,9.9,,,,,,7,,,,,,0,,16.1,,,,,
-52.78472222222222,47.51555555555556,ST JOHN'S WEST CDA CS,8403605,8403605.2003.12.22,2003-12-22 00:00:00,NL,2003,12,22,-1.5,,-4.3,,1.4,,2.9,,,,,,16,,,,,,0,,19.5,,,,,
-52.78472222222222,47.51555555555556,ST JOHN'S WEST CDA CS,8403605,8403605.2003.12.23,2003-12-23 00:00:00,NL,2003,12,23,-3,,-8.4,,2.5,,0,,,,,,15,,,,,,0,,21,,,,,
-52.78472222222222,47.51555555555556,ST JOHN'S WEST CDA CS,8403605,8403605.2003.12.24,2003-12-24 00:00:00,NL,2003,12,24,4.6,,0.1,,9.1,,5.7,,,,,,14,,,,,,0,,13.4,,,,,
-52.78472222222222,47.51555555555556,ST JOHN'S WEST CDA CS,8403605,8403605.2003.12.25,2003-12-25 00:00:00,NL,2003,12,25,7.4,,0.5,,14.3,,1.2,,,,,,7,,,,,,0,,10.6,,,,,
-52.78472222222222,47.51555555555556,ST JOHN'S WEST CDA CS,8403605,8403605.2003.12.26,2003-12-26 00:00:00,NL,2003,12,26,12.2,,10.9,,13.5,,1.5,,,,,,6,,,,,,0,,5.8,,,,,
-52.78472222222222,47.51555555555556,ST JOHN'S WEST CDA CS,8403605,8403605.2003.12.27,2003-12-27 00:00:00,NL,2003,12,27,2.8,,0,,5.5,,3.4,,,,,,7,,,,,,0,,15.2,,,,,
-52.78472222222222,47.51555555555556,ST JOHN'S WEST CDA CS,8403605,8403605.2003.12.28,2003-12-28 00:00:00,NL,2003,12,28,2.3,,1.7,,2.9,,8.9,E,,,,,5,,,,,,0,,15.7,,,,,
-52.78472222222222,47.51555555555556,ST JOHN'S WEST CDA CS,8403605,8403605.2003.12.29,2003-12-29 00:00:00,NL,2003,12,29,2.4,,1.7,,3,,,M,,,,,5,,,,,,0,,15.6,,,,,
-52.78472222222222,47.51555555555556,ST JOHN'S WEST CDA CS,8403605,8403605.2003.12.30,2003-12-30 00:00:00,NL,2003,12,30,3.5,,0.3,,6.6,,,M,,,,,6,,,,,,0,,14.5,,,,,
-52.78472222222222,47.51555555555556,ST JOHN'S WEST CDA CS,8403605,8403605.2003.12.31,2003-12-31 00:00:00,NL,2003,12,31,2.7,,0.2,,5.2,,,M,,,,,5,,,,,,0,,15.3,,,,,
-52.78472222222222,47.51555555555556,ST JOHN'S WEST CDA CS,8403605,8403605.2004.1.1,2004-01-01 00:00:00,NL,2004,1,1,-0.3,,-0.7,,0.1,,0,T,,,,,11,,,,,,0,,18.3,,,,,
-52.78472222222222,47.51555555555556,ST JOHN'S WEST CDA CS,8403605,8403605.2004.1.2,2004-01-02 00:00:00,NL,2004,1,2,-0.8,,-2.7,,1.2,,0,,,,,,12,,,,,,0,,18.8,,,,,
-52.78472222222222,47.51555555555556,ST JOHN'S WEST CDA CS,8403605,8403605.2004.1.3,2004-01-03 00:00:00,NL,2004,1,3,-3.5,,-4.2,,-2.8,,0,T,,,,,11,,,,,,0,,21.5,,,,,
-52.78472222222222,47.51555555555556,ST JOHN'S WEST CDA CS,8403605,8403605.2004.1.4,2004-01-04 00:00:00,NL,2004,1,4,-1.2,,-6.3,,4,,0.2,,,,,,11,,,,,,0,,19.2,,,,,
-52.78472222222222,47.51555555555556,ST JOHN'S WEST CDA CS,8403605,8403605.2004.1.5,2004-01-05 00:00:00,NL,2004,1,5,-0.2,,-1,,0.7,,0,,,,,,10,,,,,,0,,18.2,,,,,
-52.78472222222222,47.51555555555556,ST JOHN'S WEST CDA CS,8403605,8403605.2004.1.6,2004-01-06 00:00:00,NL,2004,1,6,-1.3,,-3.3,,0.8,,0,T,,,,,10,,,,,,0,,19.3,,,,,
-52.78472222222222,47.51555555555556,ST JOHN'S WEST CDA CS,8403605,8403605.2004.1.7,2004-01-07 00:00:00,NL,2004,1,7,-0.4,,-2.9,,2.2,,0,,,,,,10,,,,,,0,,18.4,,,,,
-52.78472222222222,47.51555555555556,ST JOHN'S WEST CDA CS,8403605,8403605.2004.1.8,2004-01-08 00:00:00,NL,2004,1,8,-6.8,,-8.5,,-5.1,,0.4,,,,,,14,,,,,,0,,24.8,,,,,
-52.78472222222222,47.51555555555556,ST JOHN'S WEST CDA CS,8403605,8403605.2004.1.9,2004-01-09 00:00:00,NL,2004,1,9,-8.3,,-12.5,,-4.1,,0,,,,,,23,,,,,,0,,26.3,,,,,
-52.78472222222222,47.51555555555556,ST JOHN'S WEST CDA CS,8403605,8403605.2004.1.10,2004-01-10 00:00:00,NL,2004,1,10,-5.3,,-7.1,,-3.5,,0,,,,,,16,,,,,,0,,23.3,,,,,
-52.78472222222222,47.51555555555556,ST JOHN'S WEST CDA CS,8403605,8403605.2004.1.11,2004-01-11 00:00:00,NL,2004,1,11,-7.8,,-9.7,,-5.8,,0,,,,,,17,,,,,,0,,25.8,,,,,
-52.78472222222222,47.51555555555556,ST JOHN'S WEST CDA CS,8403605,8403605.2004.1.12,2004-01-12 00:00:00,NL,2004,1,12,-6,,-11.1,,-0.9,,,M,,,,,16,,,,,,0,,24,,,,,
-52.78472222222222,47.51555555555556,ST JOHN'S WEST CDA CS,8403605,8403605.2004.1.13,2004-01-13 00:00:00,NL,2004,1,13,-5.6,,-11.8,,0.6,,2.7,,,,,,20,,,,,,0,,23.6,,,,,
-52.78472222222222,47.51555555555556,ST JOHN'S WEST CDA CS,8403605,8403605.2004.1.14,2004-01-14 00:00:00,NL,2004,1,14,-2.7,,-6.6,,1.3,,11.9,,,,,,22,,,,,,0,,20.7,,,,,
-52.78472222222222,47.51555555555556,ST JOHN'S WEST CDA CS,8403605,8403605.2004.1.15,2004-01-15 00:00:00,NL,2004,1,15,-2.3,,-10.6,,6,,37.3,,,,,,31,,,,,,0,,20.3,,,,,
-52.78472222222222,47.51555555555556,ST JOHN'S WEST CDA CS,8403605,8403605.2004.1.16,2004-01-16 00:00:00,NL,2004,1,16,-0.9,,-7.2,,5.5,,0,,,,,,27,,,,,,0,,18.9,,,,,
-52.78472222222222,47.51555555555556,ST JOHN'S WEST CDA CS,8403605,8403605.2004.1.17,2004-01-17 00:00:00,NL,2004,1,17,-3.2,,-6.4,,0.1,,4,,,,,,25,,,,,,0,,21.2,,,,,
-52.78472222222222,47.51555555555556,ST JOHN'S WEST CDA CS,8403605,8403605.2004.1.18,2004-01-18 00:00:00,NL,2004,1,18,-4.5,,-9,,0.1,,3,,,,,,28,,,,,,0,,22.5,,,,,
-52.78472222222222,47.51555555555556,ST JOHN'S WEST CDA CS,8403605,8403605.2004.1.19,2004-01-19 00:00:00,NL,2004,1,19,-0.8,,-2.3,,0.7,,0,,,,,,34,,,,,,0,,18.8,,,,,
-52.78472222222222,47.51555555555556,ST JOHN'S WEST CDA CS,8403605,8403605.2004.1.20,2004-01-20 00:00:00,NL,2004,1,20,0.2,,-1.9,,2.2,,0.5,,,,,,33,,,,,,0,,17.8,,,,,
-52.78472222222222,47.51555555555556,ST JOHN'S WEST CDA CS,8403605,8403605.2004.1.21,2004-01-21 00:00:00,NL,2004,1,21,-2.4,,-5.3,,0.6,,2.4,,,,,,33,,,,,,0,,20.4,,,,,
-52.78472222222222,47.51555555555556,ST JOHN'S WEST CDA CS,8403605,8403605.2004.1.22,2004-01-22 00:00:00,NL,2004,1,22,-2.7,,-5.7,,0.3,,0,,,,,,31,,,,,,0,,20.7,,,,,
-52.78472222222222,47.51555555555556,ST JOHN'S WEST CDA CS,8403605,8403605.2004.1.23,2004-01-23 00:00:00,NL,2004,1,23,-1.2,,-6.6,,4.3,,22.2,,,,,,31,,,,,,0,,19.2,,,,,
-52.78472222222222,47.51555555555556,ST JOHN'S WEST CDA CS,8403605,8403605.2004.1.24,2004-01-24 00:00:00,NL,2004,1,24,-4.3,,-5.1,,-3.4,,0,,,,,,31,,,,,,0,,22.3,,,,,
-52.78472222222222,47.51555555555556,ST JOHN'S WEST CDA CS,8403605,8403605.2004.1.25,2004-01-25 00:00:00,NL,2004,1,25,-5.3,,-11.8,,1.3,,17.6,,,,,,30,,,,,,0,,23.3,,,,,
-52.78472222222222,47.51555555555556,ST JOHN'S WEST CDA CS,8403605,8403605.2004.1.26,2004-01-26 00:00:00,NL,2004,1,26,-4.2,,-6,,-2.4,,7.5,,,,,,60,,,,,,0,,22.2,,,,,
-52.78472222222222,47.51555555555556,ST JOHN'S WEST CDA CS,8403605,8403605.2004.1.27,2004-01-27 00:00:00,NL,2004,1,27,-2.7,,-4.2,,-1.2,,2,,,,,,70,,,,,,0,,20.7,,,,,
-52.78472222222222,47.51555555555556,ST JOHN'S WEST CDA CS,8403605,8403605.2004.1.28,2004-01-28 00:00:00,NL,2004,1,28,-4,,-7,,-0.9,,0.4,,,,,,68,,,,,,0,,22,,,,,
-52.78472222222222,47.51555555555556,ST JOHN'S WEST CDA CS,8403605,8403605.2004.1.29,2004-01-29 00:00:00,NL,2004,1,29,-1.3,,-3.1,,0.5,,0.2,,,,,,65,,,,,,0,,19.3,,,,,
-52.78472222222222,47.51555555555556,ST JOHN'S WEST CDA CS,8403605,8403605.2004.1.30,2004-01-30 00:00:00,NL,2004,1,30,-2.7,,-4.9,,-0.4,,0,,,,,,62,,,,,,0,,20.7,,,,,
-52.78472222222222,47.51555555555556,ST JOHN'S WEST CDA CS,8403605,8403605.2004.1.31,2004-01-31 00:00:00,NL,2004,1,31,-2.5,,-6.5,,1.6,,3.9,,,,,,61,,,,,,0,,20.5,,,,,
-52.78472222222222,47.51555555555556,ST JOHN'S WEST CDA CS,8403605,8403605.2004.2.1,2004-02-01 00:00:00,NL,2004,2,1,-1.3,,-4.1,,1.5,,5.5,,,,,,61,,,,,,0,,19.3,,,,,
-52.78472222222222,47.51555555555556,ST JOHN'S WEST CDA CS,8403605,8403605.2004.2.2,2004-02-02 00:00:00,NL,2004,2,2,0.8,,0.5,,1,,0.3,,,,,,62,,,,,,0,,17.2,,,,,
-52.78472222222222,47.51555555555556,ST JOHN'S WEST CDA CS,8403605,8403605.2004.2.3,2004-02-03 00:00:00,NL,2004,2,3,-3.6,,-4.6,,-2.6,,0,T,,,,,59,,,,,,0,,21.6,,,,,
-52.78472222222222,47.51555555555556,ST JOHN'S WEST CDA CS,8403605,8403605.2004.2.4,2004-02-04 00:00:00,NL,2004,2,4,-4,,-10.4,,2.5,,3.5,,,,,,58,,,,,,0,,22,,,,,
-52.78472222222222,47.51555555555556,ST JOHN'S WEST CDA CS,8403605,8403605.2004.2.5,2004-02-05 00:00:00,NL,2004,2,5,0.2,,-2.5,,2.9,,0,,,,,,58,,,,,,0,,17.8,,,,,
-52.78472222222222,47.51555555555556,ST JOHN'S WEST CDA CS,8403605,8403605.2004.2.6,2004-02-06 00:00:00,NL,2004,2,6,-5.2,,-8.4,,-1.9,,0,T,,,,,56,,,,,,0,,23.2,,,,,
-52.78472222222222,47.51555555555556,ST JOHN'S WEST CDA CS,8403605,8403605.2004.2.7,2004-02-07 00:00:00,NL,2004,2,7,1.2,,-4.5,,6.9,,13,,,,,,55,,,,,,0,,16.8,,,,,
-52.78472222222222,47.51555555555556,ST JOHN'S WEST CDA CS,8403605,8403605.2004.2.8,2004-02-08 00:00:00,NL,2004,2,8,0.9,,-1.5,,3.3,,0.6,,,,,,51,,,,,,0,,17.1,,,,,
-52.78472222222222,47.51555555555556,ST JOHN'S WEST CDA CS,8403605,8403605.2004.2.9,2004-02-09 00:00:00,NL,2004,2,9,-3.3,,-4.1,,-2.4,,1,,,,,,51,,,,,,0,,21.3,,,,,
-52.78472222222222,47.51555555555556,ST JOHN'S WEST CDA CS,8403605,8403605.2004.2.10,2004-02-10 00:00:00,NL,2004,2,10,-2.9,,-6.1,,0.4,,0,,,,,,50,,,,,,0,,20.9,,,,,
-52.78472222222222,47.51555555555556,ST JOHN'S WEST CDA CS,8403605,8403605.2004.2.11,2004-02-11 00:00:00,NL,2004,2,11,-1.5,,-5.4,,2.5,,1.9,,,,,,49,,,,,,0,,19.5,,,,,
-52.78472222222222,47.51555555555556,ST JOHN'S WEST CDA CS,8403605,8403605.2004.2.12,2004-02-12 00:00:00,NL,2004,2,12,-3.8,,-4.2,,-3.3,,1,,,,,,52,,,,,,0,,21.8,,,,,
-52.78472222222222,47.51555555555556,ST JOHN'S WEST CDA CS,8403605,8403605.2004.2.13,2004-02-13 00:00:00,NL,2004,2,13,-4.4,,-8.7,,-0.1,,2,,,,,,56,,,,,,0,,22.4,,,,,
-52.78472222222222,47.51555555555556,ST JOHN'S WEST CDA CS,8403605,8403605.2004.2.14,2004-02-14 00:00:00,NL,2004,2,14,-2.9,,-7.8,,2.1,,0,T,,,,,55,,,,,,0,,20.9,,,,,
-52.78472222222222,47.51555555555556,ST JOHN'S WEST CDA CS,8403605,8403605.2004.2.15,2004-02-15 00:00:00,NL,2004,2,15,1.1,,-2.7,,4.8,,0,,,,,,53,,,,,,0,,16.9,,,,,
-52.78472222222222,47.51555555555556,ST JOHN'S WEST CDA CS,8403605,8403605.2004.2.16,2004-02-16 00:00:00,NL,2004,2,16,-11.3,,-14,,-8.6,,0.4,,,,,,51,,,,,,0,,29.3,,,,,
-52.78472222222222,47.51555555555556,ST JOHN'S WEST CDA CS,8403605,8403605.2004.2.17,2004-02-17 00:00:00,NL,2004,2,17,-9.9,,-12.7,,-7.1,,0,,,,,,49,,,,,,0,,27.9,,,,,
-52.78472222222222,47.51555555555556,ST JOHN'S WEST CDA CS,8403605,8403605.2004.2.18,2004-02-18 00:00:00,NL,2004,2,18,-6.4,,-11.7,,-1,,0,T,,,,,49,,,,,,0,,24.4,,,,,
-52.78472222222222,47.51555555555556,ST JOHN'S WEST CDA CS,8403605,8403605.2004.2.19,2004-02-19 00:00:00,NL,2004,2,19,-0.3,,-4.5,,4,,24.9,,,,,,49,,,,,,0,,18.3,,,,,
-52.78472222222222,47.51555555555556,ST JOHN'S WEST CDA CS,8403605,8403605.2004.2.20,2004-02-20 00:00:00,NL,2004,2,20,2.4,,-0.8,,5.6,,0.6,,,,,,45,,,,,,0,,15.6,,,,,
-52.78472222222222,47.51555555555556,ST JOHN'S WEST CDA CS,8403605,8403605.2004.2.21,2004-02-21 00:00:00,NL,2004,2,21,-0.8,,-2.2,,0.7,,0.6,,,,,,45,,,,,,0,,18.8,,,,,
-52.78472222222222,47.51555555555556,ST JOHN'S WEST CDA CS,8403605,8403605.2004.2.22,2004-02-22 00:00:00,NL,2004,2,22,-0.8,,-4.1,,2.5,,11.1,,,,,,45,,,,,,0,,18.8,,,,,
-52.78472222222222,47.51555555555556,ST JOHN'S WEST CDA CS,8403605,8403605.2004.2.23,2004-02-23 00:00:00,NL,2004,2,23,3.3,,-1.5,,8.1,,0.4,,,,,,48,,,,,,0,,14.7,,,,,
-52.78472222222222,47.51555555555556,ST JOHN'S WEST CDA CS,8403605,8403605.2004.2.24,2004-02-24 00:00:00,NL,2004,2,24,1.7,,-0.4,,3.8,,0.2,,,,,,44,,,,,,0,,16.3,,,,,
-52.78472222222222,47.51555555555556,ST JOHN'S WEST CDA CS,8403605,8403605.2004.2.25,2004-02-25 00:00:00,NL,2004,2,25,0.5,,-0.7,,1.6,,9.8,,,,,,42,,,,,,0,,17.5,,,,,
-52.78472222222222,47.51555555555556,ST JOHN'S WEST CDA CS,8403605,8403605.2004.2.26,2004-02-26 00:00:00,NL,2004,2,26,1.2,,-0.7,,3.1,,12.3,,,,,,,M,,,,,0,,16.8,,,,,
-52.78472222222222,47.51555555555556,ST JOHN'S WEST CDA CS,8403605,8403605.2004.2.27,2004-02-27 00:00:00,NL,2004,2,27,0.6,,-0.5,,1.7,,2.7,,,,,,42,,,,,,0,,17.4,,,,,
-52.78472222222222,47.51555555555556,ST JOHN'S WEST CDA CS,8403605,8403605.2004.2.28,2004-02-28 00:00:00,NL,2004,2,28,-0.1,,-1.6,,1.5,,1.3,,,,,,45,,,,,,0,,18.1,,,,,
-52.78472222222222,47.51555555555556,ST JOHN'S WEST CDA CS,8403605,8403605.2004.2.29,2004-02-29 00:00:00,NL,2004,2,29,-3,,-4.1,,-1.8,,0.5,,,,,,45,,,,,,0,,21,,,,,
-52.78472222222222,47.51555555555556,ST JOHN'S WEST CDA CS,8403605,8403605.2004.3.1,2004-03-01 00:00:00,NL,2004,3,1,-3.7,,-6.8,,-0.6,,0.2,,,,,,45,,,,,,0,,21.7,,,,,
-52.78472222222222,47.51555555555556,ST JOHN'S WEST CDA CS,8403605,8403605.2004.3.2,2004-03-02 00:00:00,NL,2004,3,2,-1.8,,-6.8,,3.3,,0.2,,,,,,44,,,,,,0,,19.8,,,,,
-52.78472222222222,47.51555555555556,ST JOHN'S WEST CDA CS,8403605,8403605.2004.3.3,2004-03-03 00:00:00,NL,2004,3,3,-1,,-4.2,,2.3,,18.6,,,,,,44,,,,,,0,,19,,,,,
-52.78472222222222,47.51555555555556,ST JOHN'S WEST CDA CS,8403605,8403605.2004.3.4,2004-03-04 00:00:00,NL,2004,3,4,1.3,,0.7,,1.8,,0.4,,,,,,45,,,,,,0,,16.7,,,,,
-52.78472222222222,47.51555555555556,ST JOHN'S WEST CDA CS,8403605,8403605.2004.3.5,2004-03-05 00:00:00,NL,2004,3,5,-0.9,,-2,,0.2,,0,,,,,,46,,,,,,0,,18.9,,,,,
-52.78472222222222,47.51555555555556,ST JOHN'S WEST CDA CS,8403605,8403605.2004.3.6,2004-03-06 00:00:00,NL,2004,3,6,-1.4,,-3.3,,0.5,,24.4,,,,,,45,,,,,,0,,19.4,,,,,
-52.78472222222222,47.51555555555556,ST JOHN'S WEST CDA CS,8403605,8403605.2004.3.7,2004-03-07 00:00:00,NL,2004,3,7,-0.4,,-1.6,,0.9,,14.6,,,,,,58,,,,,,0,,18.4,,,,,
-52.78472222222222,47.51555555555556,ST JOHN'S WEST CDA CS,8403605,8403605.2004.3.8,2004-03-08 00:00:00,NL,2004,3,8,-1.8,,-2.2,,-1.4,,0,,,,,,124,,,,,,0,,19.8,,,,,
-52.78472222222222,47.51555555555556,ST JOHN'S WEST CDA CS,8403605,8403605.2004.3.9,2004-03-09 00:00:00,NL,2004,3,9,-2.1,,-3.7,,-0.4,,1.2,,,,,,113,,,,,,0,,20.1,,,,,
-52.78472222222222,47.51555555555556,ST JOHN'S WEST CDA CS,8403605,8403605.2004.3.10,2004-03-10 00:00:00,NL,2004,3,10,-3.4,,-5.6,,-1.2,,0,,,,,,104,,,,,,0,,21.4,,,,,
-52.78472222222222,47.51555555555556,ST JOHN'S WEST CDA CS,8403605,8403605.2004.3.11,2004-03-11 00:00:00,NL,2004,3,11,-0.2,,-5.4,,5.1,,17.4,,,,,,102,,,,,,0,,18.2,,,,,
-52.78472222222222,47.51555555555556,ST JOHN'S WEST CDA CS,8403605,8403605.2004.3.12,2004-03-12 00:00:00,NL,2004,3,12,0.7,,-4.3,,5.7,,9.3,,,,,,97,,,,,,0,,17.3,,,,,
-52.78472222222222,47.51555555555556,ST JOHN'S WEST CDA CS,8403605,8403605.2004.3.13,2004-03-13 00:00:00,NL,2004,3,13,1.1,,-0.3,,2.5,,0.2,,,,,,85,,,,,,0,,16.9,,,,,
-52.78472222222222,47.51555555555556,ST JOHN'S WEST CDA CS,8403605,8403605.2004.3.14,2004-03-14 00:00:00,NL,2004,3,14,-0.7,,-1.3,,-0.1,,0,,,,,,85,,,,,,0,,18.7,,,,,
-52.78472222222222,47.51555555555556,ST JOHN'S WEST CDA CS,8403605,8403605.2004.3.15,2004-03-15 00:00:00,NL,2004,3,15,-0.9,,-5.5,,3.8,,1.1,,,,,,84,,,,,,0,,18.9,,,,,
-52.78472222222222,47.51555555555556,ST JOHN'S WEST CDA CS,8403605,8403605.2004.3.16,2004-03-16 00:00:00,NL,2004,3,16,1.4,,-1.4,,4.2,,0,,,,,,84,,,,,,0,,16.6,,,,,
-52.78472222222222,47.51555555555556,ST JOHN'S WEST CDA CS,8403605,8403605.2004.3.17,2004-03-17 00:00:00,NL,2004,3,17,-4.1,,-5.9,,-2.2,,3.3,,,,,,83,,,,,,0,,22.1,,,,,
-52.78472222222222,47.51555555555556,ST JOHN'S WEST CDA CS,8403605,8403605.2004.3.18,2004-03-18 00:00:00,NL,2004,3,18,-2.9,,-6,,0.2,,4.2,,,,,,83,,,,,,0,,20.9,,,,,
-52.78472222222222,47.51555555555556,ST JOHN'S WEST CDA CS,8403605,8403605.2004.3.19,2004-03-19 00:00:00,NL,2004,3,19,-0.5,,-1.7,,0.8,,0,,,,,,92,,,,,,0,,18.5,,,,,
-52.78472222222222,47.51555555555556,ST JOHN'S WEST CDA CS,8403605,8403605.2004.3.20,2004-03-20 00:00:00,NL,2004,3,20,-1.5,,-6.1,,3.2,,11.3,,,,,,91,,,,,,0,,19.5,,,,,
-52.78472222222222,47.51555555555556,ST JOHN'S WEST CDA CS,8403605,8403605.2004.3.21,2004-03-21 00:00:00,NL,2004,3,21,7.1,,0,,14.2,,1.9,,,,,,87,,,,,,0,,10.9,,,,,
-52.78472222222222,47.51555555555556,ST JOHN'S WEST CDA CS,8403605,8403605.2004.3.22,2004-03-22 00:00:00,NL,2004,3,22,4.4,,2.1,,6.7,,3.7,,,,,,79,,,,,,0,,13.6,,,,,
-52.78472222222222,47.51555555555556,ST JOHN'S WEST CDA CS,8403605,8403605.2004.3.23,2004-03-23 00:00:00,NL,2004,3,23,1.2,,-0.2,,2.6,,10.2,,,,,,74,,,,,,0,,16.8,,,,,
-52.78472222222222,47.51555555555556,ST JOHN'S WEST CDA CS,8403605,8403605.2004.3.24,2004-03-24 00:00:00,NL,2004,3,24,-4.1,,-5.8,,-2.3,,2.2,,,,,,84,,,,,,0,,22.1,,,,,
-52.78472222222222,47.51555555555556,ST JOHN'S WEST CDA CS,8403605,8403605.2004.3.25,2004-03-25 00:00:00,NL,2004,3,25,-3.6,,-9.2,,2.1,,0,,,,,,82,,,,,,0,,21.6,,,,,
-52.78472222222222,47.51555555555556,ST JOHN'S WEST CDA CS,8403605,8403605.2004.3.26,2004-03-26 00:00:00,NL,2004,3,26,1.1,,-4.3,,6.4,,0,,,,,,80,,,,,,0,,16.9,,,,,
-52.78472222222222,47.51555555555556,ST JOHN'S WEST CDA CS,8403605,8403605.2004.3.27,2004-03-27 00:00:00,NL,2004,3,27,2.4,,-3.9,,8.7,,3.6,,,,,,77,,,,,,0,,15.6,,,,,
-52.78472222222222,47.51555555555556,ST JOHN'S WEST CDA CS,8403605,8403605.2004.3.28,2004-03-28 00:00:00,NL,2004,3,28,-2.1,,-3.7,,-0.4,,3,,,,,,80,,,,,,0,,20.1,,,,,
-52.78472222222222,47.51555555555556,ST JOHN'S WEST CDA CS,8403605,8403605.2004.3.29,2004-03-29 00:00:00,NL,2004,3,29,-1.3,,-6.3,,3.7,,0,,,,,,77,,,,,,0,,19.3,,,,,
-52.78472222222222,47.51555555555556,ST JOHN'S WEST CDA CS,8403605,8403605.2004.3.30,2004-03-30 00:00:00,NL,2004,3,30,2.3,,-5.6,,10.1,,0.3,,,,,,76,,,,,,0,,15.7,,,,,
-52.78472222222222,47.51555555555556,ST JOHN'S WEST CDA CS,8403605,8403605.2004.3.31,2004-03-31 00:00:00,NL,2004,3,31,5.9,,-0.3,,12.1,,0,T,,,,,72,,,,,,0,,12.1,,,,,
-52.78472222222222,47.51555555555556,ST JOHN'S WEST CDA CS,8403605,8403605.2004.4.1,2004-04-01 00:00:00,NL,2004,4,1,2.7,,-0.4,,5.7,,0,,,,,,69,,,,,,0,,15.3,,,,,
-52.78472222222222,47.51555555555556,ST JOHN'S WEST CDA CS,8403605,8403605.2004.4.2,2004-04-02 00:00:00,NL,2004,4,2,0.9,,-2.3,,4,,0.2,,,,,,69,,,,,,0,,17.1,,,,,
-52.78472222222222,47.51555555555556,ST JOHN'S WEST CDA CS,8403605,8403605.2004.4.3,2004-04-03 00:00:00,NL,2004,4,3,0.9,,-3.8,,5.5,,0.2,,,,,,67,,,,,,0,,17.1,,,,,
-52.78472222222222,47.51555555555556,ST JOHN'S WEST CDA CS,8403605,8403605.2004.4.4,2004-04-04 00:00:00,NL,2004,4,4,3.7,,0.3,,7,,5.4,,,,,,64,,,,,,0,,14.3,,,,,
-52.78472222222222,47.51555555555556,ST JOHN'S WEST CDA CS,8403605,8403605.2004.4.5,2004-04-05 00:00:00,NL,2004,4,5,6.5,,4.1,,8.9,,4.5,,,,,,55,,,,,,0,,11.5,,,,,
-52.78472222222222,47.51555555555556,ST JOHN'S WEST CDA CS,8403605,8403605.2004.4.6,2004-04-06 00:00:00,NL,2004,4,6,5.7,,4.4,,6.9,,13.8,,,,,,46,,,,,,0,,12.3,,,,,
-52.78472222222222,47.51555555555556,ST JOHN'S WEST CDA CS,8403605,8403605.2004.4.7,2004-04-07 00:00:00,NL,2004,4,7,2.2,,0.8,,3.6,,13.2,,,,,,44,,,,,,0,,15.8,,,,,
-52.78472222222222,47.51555555555556,ST JOHN'S WEST CDA CS,8403605,8403605.2004.4.8,2004-04-08 00:00:00,NL,2004,4,8,4.8,,1.1,,8.4,,0,T,,,,,45,,,,,,0,,13.2,,,,,
-52.78472222222222,47.51555555555556,ST JOHN'S WEST CDA CS,8403605,8403605.2004.4.9,2004-04-09 00:00:00,NL,2004,4,9,3.4,,-0.9,,7.7,,10.7,,,,,,43,,,,,,0,,14.6,,,,,
-52.78472222222222,47.51555555555556,ST JOHN'S WEST CDA CS,8403605,8403605.2004.4.10,2004-04-10 00:00:00,NL,2004,4,10,5.5,,2.7,,8.3,,4.7,,,,,,38,,,,,,0,,12.5,,,,,
-52.78472222222222,47.51555555555556,ST JOHN'S WEST CDA CS,8403605,8403605.2004.4.11,2004-04-11 00:00:00,NL,2004,4,11,5,,1.7,,8.2,,0,T,,,,,32,,,,,,0,,13,,,,,
-52.78472222222222,47.51555555555556,ST JOHN'S WEST CDA CS,8403605,8403605.2004.4.12,2004-04-12 00:00:00,NL,2004,4,12,4.3,,-0.9,,9.5,,0,,,,,,25,,,,,,0,,13.7,,,,,
-52.78472222222222,47.51555555555556,ST JOHN'S WEST CDA CS,8403605,8403605.2004.4.13,2004-04-13 00:00:00,NL,2004,4,13,5.8,,1,,10.6,,0.3,,,,,,21,,,,,,0,,12.2,,,,,
-52.78472222222222,47.51555555555556,ST JOHN'S WEST CDA CS,8403605,8403605.2004.4.14,2004-04-14 00:00:00,NL,2004,4,14,8.9,,2.4,,15.3,,1.4,,,,,,15,,,,,,0,,9.1,,,,,
-52.78472222222222,47.51555555555556,ST JOHN'S WEST CDA CS,8403605,8403605.2004.4.15,2004-04-15 00:00:00,NL,2004,4,15,12.2,,5.3,,19.1,,3,,,,,,5,,,,,,0,,5.8,,,,,
-52.78472222222222,47.51555555555556,ST JOHN'S WEST CDA CS,8403605,8403605.2004.4.16,2004-04-16 00:00:00,NL,2004,4,16,5.1,,2.3,,7.8,,15.8,,,,,,5,,,,,,0,,12.9,,,,,
-52.78472222222222,47.51555555555556,ST JOHN'S WEST CDA CS,8403605,8403605.2004.4.17,2004-04-17 00:00:00,NL,2004,4,17,8.7,,2,,15.4,,0.6,,,,,,5,,,,,,0,,9.3,,,,,
-52.78472222222222,47.51555555555556,ST JOHN'S WEST CDA CS,8403605,8403605.2004.4.18,2004-04-18 00:00:00,NL,2004,4,18,6.4,,4.5,,8.2,,1,,,,,,6,,,,,,0,,11.6,,,,,
-52.78472222222222,47.51555555555556,ST JOHN'S WEST CDA CS,8403605,8403605.2004.4.19,2004-04-19 00:00:00,NL,2004,4,19,3,,-1,,6.9,,3.6,,,,,,6,,,,,,0,,15,,,,,
-52.78472222222222,47.51555555555556,ST JOHN'S WEST CDA CS,8403605,8403605.2004.4.20,2004-04-20 00:00:00,NL,2004,4,20,6,,0,,12,,0.3,,,,,,6,,,,,,0,,12,,,,,
-52.78472222222222,47.51555555555556,ST JOHN'S WEST CDA CS,8403605,8403605.2004.4.21,2004-04-21 00:00:00,NL,2004,4,21,3.1,,0.1,,6,,0.2,,,,,,6,,,,,,0,,14.9,,,,,
-52.78472222222222,47.51555555555556,ST JOHN'S WEST CDA CS,8403605,8403605.2004.4.22,2004-04-22 00:00:00,NL,2004,4,22,6.5,,1.1,,11.9,,3.6,,,,,,6,,,,,,0,,11.5,,,,,
-52.78472222222222,47.51555555555556,ST JOHN'S WEST CDA CS,8403605,8403605.2004.4.23,2004-04-23 00:00:00,NL,2004,4,23,8.1,,3.9,,12.2,,0,,,,,,6,,,,,,0,,9.9,,,,,
-52.78472222222222,47.51555555555556,ST JOHN'S WEST CDA CS,8403605,8403605.2004.4.24,2004-04-24 00:00:00,NL,2004,4,24,3.1,,-1.9,,8.1,,16,,,,,,6,,,,,,0,,14.9,,,,,
-52.78472222222222,47.51555555555556,ST JOHN'S WEST CDA CS,8403605,8403605.2004.4.25,2004-04-25 00:00:00,NL,2004,4,25,0.4,,-1.7,,2.5,,7.9,,,,,,38,,,,,,0,,17.6,,,,,
-52.78472222222222,47.51555555555556,ST JOHN'S WEST CDA CS,8403605,8403605.2004.4.26,2004-04-26 00:00:00,NL,2004,4,26,1.8,,0.5,,3.1,,0.8,,,,,,49,,,,,,0,,16.2,,,,,
-52.78472222222222,47.51555555555556,ST JOHN'S WEST CDA CS,8403605,8403605.2004.4.27,2004-04-27 00:00:00,NL,2004,4,27,4.1,,-2.4,,10.6,,0.3,,,,,,45,,,,,,0,,13.9,,,,,
-52.78472222222222,47.51555555555556,ST JOHN'S WEST CDA CS,8403605,8403605.2004.4.28,2004-04-28 00:00:00,NL,2004,4,28,7.7,,1.6,,13.7,,0.3,,,,,,30,,,,,,0,,10.3,,,,,
-52.78472222222222,47.51555555555556,ST JOHN'S WEST CDA CS,8403605,8403605.2004.4.29,2004-04-29 00:00:00,NL,2004,4,29,5.7,,3.7,,7.6,,0.2,,,,,,16,,,,,,0,,12.3,,,,,
-52.78472222222222,47.51555555555556,ST JOHN'S WEST CDA CS,8403605,8403605.2004.4.30,2004-04-30 00:00:00,NL,2004,4,30,7.6,,2.7,,12.4,,0.2,,,,,,12,,,,,,0,,10.4,,,,,
-52.78472222222222,47.51555555555556,ST JOHN'S WEST CDA CS,8403605,8403605.2004.5.1,2004-05-01 00:00:00,NL,2004,5,1,7,,0.9,,13,,0,,,,,,,M,,,,,0,,11,,,,,
-52.78472222222222,47.51555555555556,ST JOHN'S WEST CDA CS,8403605,8403605.2004.5.2,2004-05-02 00:00:00,NL,2004,5,2,9.8,,3.8,,15.7,,0,,,,,,,M,,,,,0,,8.2,,,,,
-52.78472222222222,47.51555555555556,ST JOHN'S WEST CDA CS,8403605,8403605.2004.5.3,2004-05-03 00:00:00,NL,2004,5,3,11,,3.8,,18.1,,0,,,,,,,M,,,,,0,,7,,,,,
-52.78472222222222,47.51555555555556,ST JOHN'S WEST CDA CS,8403605,8403605.2004.5.4,2004-05-04 00:00:00,NL,2004,5,4,6.4,,0.5,,12.2,,,M,,,,,0,,,,,,0,,11.6,,,,,
-52.78472222222222,47.51555555555556,ST JOHN'S WEST CDA CS,8403605,8403605.2004.5.5,2004-05-05 00:00:00,NL,2004,5,5,9.4,,4.5,,14.3,,,M,,,,,0,,,,,,0,,8.6,,,,,
-52.78472222222222,47.51555555555556,ST JOHN'S WEST CDA CS,8403605,8403605.2004.5.6,2004-05-06 00:00:00,NL,2004,5,6,9.8,,1.1,,18.5,,0,,,,,,0,,,,,,0,,8.2,,,,,
-52.78472222222222,47.51555555555556,ST JOHN'S WEST CDA CS,8403605,8403605.2004.5.7,2004-05-07 00:00:00,NL,2004,5,7,8,,2.4,,13.6,,0,,,,,,0,,,,,,0,,10,,,,,
-52.78472222222222,47.51555555555556,ST JOHN'S WEST CDA CS,8403605,8403605.2004.5.8,2004-05-08 00:00:00,NL,2004,5,8,5.7,,3.9,,7.4,,0,,,,,,0,,,,,,0,,12.3,,,,,
-52.78472222222222,47.51555555555556,ST JOHN'S WEST CDA CS,8403605,8403605.2004.5.9,2004-05-09 00:00:00,NL,2004,5,9,6.4,,0.7,,12.1,,0,,,,,,0,,,,,,0,,11.6,,,,,
-52.78472222222222,47.51555555555556,ST JOHN'S WEST CDA CS,8403605,8403605.2004.5.10,2004-05-10 00:00:00,NL,2004,5,10,8.5,,4.3,,12.7,,0,,,,,,0,,,,,,0,,9.5,,,,,
-52.78472222222222,47.51555555555556,ST JOHN'S WEST CDA CS,8403605,8403605.2004.5.11,2004-05-11 00:00:00,NL,2004,5,11,5.8,,-0.8,,12.3,,,M,,,,,0,,,,,,0,,12.2,,,,,
-52.78472222222222,47.51555555555556,ST JOHN'S WEST CDA CS,8403605,8403605.2004.5.12,2004-05-12 00:00:00,NL,2004,5,12,7.5,,4.4,,10.5,,0,,,,,,0,,,,,,0,,10.5,,,,,
-52.78472222222222,47.51555555555556,ST JOHN'S WEST CDA CS,8403605,8403605.2004.5.13,2004-05-13 00:00:00,NL,2004,5,13,5.3,,1,,9.5,,,M,,,,,0,,,,,,0,,12.7,,,,,
-52.78472222222222,47.51555555555556,ST JOHN'S WEST CDA CS,8403605,8403605.2004.5.14,2004-05-14 00:00:00,NL,2004,5,14,9.2,,2.4,,15.9,,0,,,,,,0,,,,,,0,,8.8,,,,,
-52.78472222222222,47.51555555555556,ST JOHN'S WEST CDA CS,8403605,8403605.2004.5.15,2004-05-15 00:00:00,NL,2004,5,15,7.1,,-0.4,,14.6,,,M,,,,,0,,,,,,0,,10.9,,,,,
-52.78472222222222,47.51555555555556,ST JOHN'S WEST CDA CS,8403605,8403605.2004.5.16,2004-05-16 00:00:00,NL,2004,5,16,6.2,,4.7,,7.6,,0,,,,,,0,,,,,,0,,11.8,,,,,
-52.78472222222222,47.51555555555556,ST JOHN'S WEST CDA CS,8403605,8403605.2004.5.17,2004-05-17 00:00:00,NL,2004,5,17,6.4,,0.3,,12.4,,0,,,,,,0,,,,,,0,,11.6,,,,,
-52.78472222222222,47.51555555555556,ST JOHN'S WEST CDA CS,8403605,8403605.2004.5.18,2004-05-18 00:00:00,NL,2004,5,18,6.8,,-0.7,,14.2,,0,,,,,,0,,,,,,0,,11.2,,,,,
-52.78472222222222,47.51555555555556,ST JOHN'S WEST CDA CS,8403605,8403605.2004.5.19,2004-05-19 00:00:00,NL,2004,5,19,6.7,,2.5,,10.9,,,M,,,,,0,,,,,,0,,11.3,,,,,
-52.78472222222222,47.51555555555556,ST JOHN'S WEST CDA CS,8403605,8403605.2004.5.20,2004-05-20 00:00:00,NL,2004,5,20,9.8,,4.3,,15.2,,0,,,,,,0,,,,,,0,,8.2,,,,,
-52.78472222222222,47.51555555555556,ST JOHN'S WEST CDA CS,8403605,8403605.2004.5.21,2004-05-21 00:00:00,NL,2004,5,21,9.7,,2.9,,16.4,,0,,,,,,0,,,,,,0,,8.3,,,,,
-52.78472222222222,47.51555555555556,ST JOHN'S WEST CDA CS,8403605,8403605.2004.5.22,2004-05-22 00:00:00,NL,2004,5,22,9.7,,6,,13.4,,0,,,,,,0,,,,,,0,,8.3,,,,,
-52.78472222222222,47.51555555555556,ST JOHN'S WEST CDA CS,8403605,8403605.2004.5.23,2004-05-23 00:00:00,NL,2004,5,23,8.8,,1.1,,16.5,,0,,,,,,0,,,,,,0,,9.2,,,,,
-52.78472222222222,47.51555555555556,ST JOHN'S WEST CDA CS,8403605,8403605.2004.5.24,2004-05-24 00:00:00,NL,2004,5,24,6.4,,3.5,,9.3,,0,,,,,,0,,,,,,0,,11.6,,,,,
-52.78472222222222,47.51555555555556,ST JOHN'S WEST CDA CS,8403605,8403605.2004.5.25,2004-05-25 00:00:00,NL,2004,5,25,6.3,,-0.7,,13.3,,0,,,,,,0,,,,,,0,,11.7,,,,,
-52.78472222222222,47.51555555555556,ST JOHN'S WEST CDA CS,8403605,8403605.2004.5.26,2004-05-26 00:00:00,NL,2004,5,26,5.9,,0.1,,11.6,,0,,,,,,0,,,,,,0,,12.1,,,,,
-52.78472222222222,47.51555555555556,ST JOHN'S WEST CDA CS,8403605,8403605.2004.5.27,2004-05-27 00:00:00,NL,2004,5,27,7,,0.9,,13.1,,0,,,,,,0,,,,,,0,,11,,,,,
-52.78472222222222,47.51555555555556,ST JOHN'S WEST CDA CS,8403605,8403605.2004.5.28,2004-05-28 00:00:00,NL,2004,5,28,6.7,,4.8,,8.5,,4.2,,,,,,0,,,,,,0,,11.3,,,,,
-52.78472222222222,47.51555555555556,ST JOHN'S WEST CDA CS,8403605,8403605.2004.5.29,2004-05-29 00:00:00,NL,2004,5,29,5.7,,4,,7.3,,3.7,,,,,,0,,,,,,0,,12.3,,,,,
-52.78472222222222,47.51555555555556,ST JOHN'S WEST CDA CS,8403605,8403605.2004.5.30,2004-05-30 00:00:00,NL,2004,5,30,8.2,,5,,11.3,,2.5,,,,,,0,,,,,,0,,9.8,,,,,
-52.78472222222222,47.51555555555556,ST JOHN'S WEST CDA CS,8403605,8403605.2004.5.31,2004-05-31 00:00:00,NL,2004,5,31,6.1,,3.1,,9.1,,7.1,,,,,,0,,,,,,0,,11.9,,,,,
-52.78472222222222,47.51555555555556,ST JOHN'S WEST CDA CS,8403605,8403605.2004.6.1,2004-06-01 00:00:00,NL,2004,6,1,7.5,,3.7,,11.2,,0,,,,,,0,,,,,,0,,10.5,,,,,
-52.78472222222222,47.51555555555556,ST JOHN'S WEST CDA CS,8403605,8403605.2004.6.2,2004-06-02 00:00:00,NL,2004,6,2,8.4,,5.6,,11.2,,0,,,,,,0,,,,,,0,,9.6,,,,,
-52.78472222222222,47.51555555555556,ST JOHN'S WEST CDA CS,8403605,8403605.2004.6.3,2004-06-03 00:00:00,NL,2004,6,3,11.7,,6.3,,17,,4.2,,,,,,0,,,,,,0,,6.3,,,,,
-52.78472222222222,47.51555555555556,ST JOHN'S WEST CDA CS,8403605,8403605.2004.6.4,2004-06-04 00:00:00,NL,2004,6,4,10.7,,5.9,,15.4,,1.2,,,,,,0,,,,,,0,,7.3,,,,,
-52.78472222222222,47.51555555555556,ST JOHN'S WEST CDA CS,8403605,8403605.2004.6.5,2004-06-05 00:00:00,NL,2004,6,5,7,,5,,8.9,,1.8,,,,,,0,,,,,,0,,11,,,,,
-52.78472222222222,47.51555555555556,ST JOHN'S WEST CDA CS,8403605,8403605.2004.6.6,2004-06-06 00:00:00,NL,2004,6,6,9.3,,4.3,,14.2,,0.2,,,,,,0,,,,,,0,,8.7,,,,,
-52.78472222222222,47.51555555555556,ST JOHN'S WEST CDA CS,8403605,8403605.2004.6.7,2004-06-07 00:00:00,NL,2004,6,7,10.9,,1.8,,19.9,,0,,,,,,0,,,,,,0,,7.1,,,,,
-52.78472222222222,47.51555555555556,ST JOHN'S WEST CDA CS,8403605,8403605.2004.6.8,2004-06-08 00:00:00,NL,2004,6,8,7.8,,3.8,,11.8,,1,,,,,,0,,,,,,0,,10.2,,,,,
-52.78472222222222,47.51555555555556,ST JOHN'S WEST CDA CS,8403605,8403605.2004.6.9,2004-06-09 00:00:00,NL,2004,6,9,9,,3.9,,14.1,,5.5,,,,,,0,,,,,,0,,9,,,,,
-52.78472222222222,47.51555555555556,ST JOHN'S WEST CDA CS,8403605,8403605.2004.6.10,2004-06-10 00:00:00,NL,2004,6,10,11.1,,6.3,,15.9,,0,,,,,,0,,,,,,0,,6.9,,,,,
-52.78472222222222,47.51555555555556,ST JOHN'S WEST CDA CS,8403605,8403605.2004.6.11,2004-06-11 00:00:00,NL,2004,6,11,10.2,,6,,14.3,,0,,,,,,0,,,,,,0,,7.8,,,,,
-52.78472222222222,47.51555555555556,ST JOHN'S WEST CDA CS,8403605,8403605.2004.6.12,2004-06-12 00:00:00,NL,2004,6,12,9.4,,5.1,,13.6,,0,,,,,,0,,,,,,0,,8.6,,,,,
-52.78472222222222,47.51555555555556,ST JOHN'S WEST CDA CS,8403605,8403605.2004.6.13,2004-06-13 00:00:00,NL,2004,6,13,10.8,,5.2,,16.4,,0.5,,,,,,0,,,,,,0,,7.2,,,,,
-52.78472222222222,47.51555555555556,ST JOHN'S WEST CDA CS,8403605,8403605.2004.6.14,2004-06-14 00:00:00,NL,2004,6,14,13,,4.5,,21.5,,0,,,,,,0,,,,,,0,,5,,,,,
-52.78472222222222,47.51555555555556,ST JOHN'S WEST CDA CS,8403605,8403605.2004.6.15,2004-06-15 00:00:00,NL,2004,6,15,14.5,,7.2,,21.7,,0.6,,,,,,0,,,,,,0,,3.5,,,,,
-52.78472222222222,47.51555555555556,ST JOHN'S WEST CDA CS,8403605,8403605.2004.6.16,2004-06-16 00:00:00,NL,2004,6,16,11.2,,7,,15.4,,1.6,,,,,,0,,,,,,0,,6.8,,,,,
-52.78472222222222,47.51555555555556,ST JOHN'S WEST CDA CS,8403605,8403605.2004.6.17,2004-06-17 00:00:00,NL,2004,6,17,14.6,,9.7,,19.4,,0.4,,,,,,0,,,,,,0,,3.4,,,,,
-52.78472222222222,47.51555555555556,ST JOHN'S WEST CDA CS,8403605,8403605.2004.6.18,2004-06-18 00:00:00,NL,2004,6,18,10.4,,7.9,,12.8,,2.2,,,,,,0,,,,,,0,,7.6,,,,,
-52.78472222222222,47.51555555555556,ST JOHN'S WEST CDA CS,8403605,8403605.2004.6.19,2004-06-19 00:00:00,NL,2004,6,19,11,,7.1,,14.8,,0,,,,,,0,,,,,,0,,7,,,,,
-52.78472222222222,47.51555555555556,ST JOHN'S WEST CDA CS,8403605,8403605.2004.6.20,2004-06-20 00:00:00,NL,2004,6,20,8.9,,2.9,,14.9,,0.3,,,,,,0,,,,,,0,,9.1,,,,,
-52.78472222222222,47.51555555555556,ST JOHN'S WEST CDA CS,8403605,8403605.2004.6.21,2004-06-21 00:00:00,NL,2004,6,21,10.6,,7.7,,13.4,,0.3,,,,,,0,,,,,,0,,7.4,,,,,
-52.78472222222222,47.51555555555556,ST JOHN'S WEST CDA CS,8403605,8403605.2004.6.22,2004-06-22 00:00:00,NL,2004,6,22,11.8,,9.3,,14.3,,4.7,,,,,,0,,,,,,0,,6.2,,,,,
-52.78472222222222,47.51555555555556,ST JOHN'S WEST CDA CS,8403605,8403605.2004.6.23,2004-06-23 00:00:00,NL,2004,6,23,8.6,,6.3,,10.8,,0.2,,,,,,0,,,,,,0,,9.4,,,,,
-52.78472222222222,47.51555555555556,ST JOHN'S WEST CDA CS,8403605,8403605.2004.6.24,2004-06-24 00:00:00,NL,2004,6,24,9.6,,6.2,,12.9,,0,T,,,,,0,,,,,,0,,8.4,,,,,
-52.78472222222222,47.51555555555556,ST JOHN'S WEST CDA CS,8403605,8403605.2004.6.25,2004-06-25 00:00:00,NL,2004,6,25,12.2,,4.3,,20,,0.2,,,,,,0,,,,,,0,,5.8,,,,,
-52.78472222222222,47.51555555555556,ST JOHN'S WEST CDA CS,8403605,8403605.2004.6.26,2004-06-26 00:00:00,NL,2004,6,26,14.7,,10,,19.4,,0.7,,,,,,0,,,,,,0,,3.3,,,,,
-52.78472222222222,47.51555555555556,ST JOHN'S WEST CDA CS,8403605,8403605.2004.6.27,2004-06-27 00:00:00,NL,2004,6,27,14.9,,11.7,,18,,7.8,,,,,,0,,,,,,0,,3.1,,,,,
-52.78472222222222,47.51555555555556,ST JOHN'S WEST CDA CS,8403605,8403605.2004.6.28,2004-06-28 00:00:00,NL,2004,6,28,16.1,,10.9,,21.2,,0.8,,,,,,0,,,,,,0,,1.9,,,,,
-52.78472222222222,47.51555555555556,ST JOHN'S WEST CDA CS,8403605,8403605.2004.6.29,2004-06-29 00:00:00,NL,2004,6,29,17.9,,12.1,,23.6,,0,,,,,,0,,,,,,0,,0.1,,,,,
-52.78472222222222,47.51555555555556,ST JOHN'S WEST CDA CS,8403605,8403605.2004.6.30,2004-06-30 00:00:00,NL,2004,6,30,16.3,,11.3,,21.2,,0.6,,,,,,0,,,,,,0,,1.7,,,,,
-52.78472222222222,47.51555555555556,ST JOHN'S WEST CDA CS,8403605,8403605.2004.7.1,2004-07-01 00:00:00,NL,2004,7,1,13.7,,10.7,,16.7,,2.5,,,,,,0,,,,,,0,,4.3,,,,,
-52.78472222222222,47.51555555555556,ST JOHN'S WEST CDA CS,8403605,8403605.2004.7.2,2004-07-02 00:00:00,NL,2004,7,2,15.2,,10.8,,19.6,,0,,,,,,0,,,,,,0,,2.8,,,,,
-52.78472222222222,47.51555555555556,ST JOHN'S WEST CDA CS,8403605,8403605.2004.7.3,2004-07-03 00:00:00,NL,2004,7,3,14.6,,9.8,,19.3,,0.3,,,,,,0,,,,,,0,,3.4,,,,,
-52.78472222222222,47.51555555555556,ST JOHN'S WEST CDA CS,8403605,8403605.2004.7.4,2004-07-04 00:00:00,NL,2004,7,4,12.8,,10.4,,15.1,,1.5,,,,,,0,,,,,,0,,5.2,,,,,
-52.78472222222222,47.51555555555556,ST JOHN'S WEST CDA CS,8403605,8403605.2004.7.5,2004-07-05 00:00:00,NL,2004,7,5,10.9,,9.8,,11.9,,1.1,,,,,,0,,,,,,0,,7.1,,,,,
-52.78472222222222,47.51555555555556,ST JOHN'S WEST CDA CS,8403605,8403605.2004.7.6,2004-07-06 00:00:00,NL,2004,7,6,17.1,,9.9,,24.3,,0.5,,,,,,0,,,,,,0,,0.9,,,,,
-52.78472222222222,47.51555555555556,ST JOHN'S WEST CDA CS,8403605,8403605.2004.7.7,2004-07-07 00:00:00,NL,2004,7,7,15.9,,12.8,,18.9,,0.4,,,,,,0,,,,,,0,,2.1,,,,,
-52.78472222222222,47.51555555555556,ST JOHN'S WEST CDA CS,8403605,8403605.2004.7.8,2004-07-08 00:00:00,NL,2004,7,8,16.5,,11.5,,21.4,,0,,,,,,0,,,,,,0,,1.5,,,,,
-52.78472222222222,47.51555555555556,ST JOHN'S WEST CDA CS,8403605,8403605.2004.7.9,2004-07-09 00:00:00,NL,2004,7,9,13,,10.7,,15.3,,1.5,,,,,,0,,,,,,0,,5,,,,,
-52.78472222222222,47.51555555555556,ST JOHN'S WEST CDA CS,8403605,8403605.2004.7.10,2004-07-10 00:00:00,NL,2004,7,10,16.8,,10.1,,23.4,,1.5,,,,,,0,,,,,,0,,1.2,,,,,
-52.78472222222222,47.51555555555556,ST JOHN'S WEST CDA CS,8403605,8403605.2004.7.11,2004-07-11 00:00:00,NL,2004,7,11,16.2,,15,,17.3,,0.4,,,,,,0,,,,,,0,,1.8,,,,,
-52.78472222222222,47.51555555555556,ST JOHN'S WEST CDA CS,8403605,8403605.2004.7.12,2004-07-12 00:00:00,NL,2004,7,12,14.3,,10.1,,18.4,,0.2,,,,,,0,,,,,,0,,3.7,,,,,
-52.78472222222222,47.51555555555556,ST JOHN'S WEST CDA CS,8403605,8403605.2004.7.13,2004-07-13 00:00:00,NL,2004,7,13,15.7,,7.9,,23.4,,0,T,,,,,0,,,,,,0,,2.3,,,,,
-52.78472222222222,47.51555555555556,ST JOHN'S WEST CDA CS,8403605,8403605.2004.7.14,2004-07-14 00:00:00,NL,2004,7,14,18.1,,9.1,,27,,0,,,,,,0,,,,,,0.1,,0,,,,,
-52.78472222222222,47.51555555555556,ST JOHN'S WEST CDA CS,8403605,8403605.2004.7.15,2004-07-15 00:00:00,NL,2004,7,15,14.4,,8.5,,20.2,,0,L,,,,,0,,,,,,0,,3.6,,,,,
-52.78472222222222,47.51555555555556,ST JOHN'S WEST CDA CS,8403605,8403605.2004.7.16,2004-07-16 00:00:00,NL,2004,7,16,19.6,,12.9,,26.2,,0,L,,,,,0,,,,,,1.6,,0,,,,,
-52.78472222222222,47.51555555555556,ST JOHN'S WEST CDA CS,8403605,8403605.2004.7.17,2004-07-17 00:00:00,NL,2004,7,17,24,,19.4,,28.6,,0,,,,,,0,,,,,,6,,0,,,,,
-52.78472222222222,47.51555555555556,ST JOHN'S WEST CDA CS,8403605,8403605.2004.7.18,2004-07-18 00:00:00,NL,2004,7,18,20.6,,16.6,,24.5,,0,,,,,,0,,,,,,2.6,,0,,,,,
-52.78472222222222,47.51555555555556,ST JOHN'S WEST CDA CS,8403605,8403605.2004.7.19,2004-07-19 00:00:00,NL,2004,7,19,17.3,,11.2,,23.3,,10,E,,,,,0,,,,,,0,,0.7,,,,,
-52.78472222222222,47.51555555555556,ST JOHN'S WEST CDA CS,8403605,8403605.2004.7.20,2004-07-20 00:00:00,NL,2004,7,20,21.5,,17.2,,25.8,,3.2,E,,,,,0,,,,,,3.5,,0,,,,,
-52.78472222222222,47.51555555555556,ST JOHN'S WEST CDA CS,8403605,8403605.2004.7.21,2004-07-21 00:00:00,NL,2004,7,21,22.2,,18.4,,26,,0.2,E,,,,,0,,,,,,4.2,,0,,,,,
-52.78472222222222,47.51555555555556,ST JOHN'S WEST CDA CS,8403605,8403605.2004.7.22,2004-07-22 00:00:00,NL,2004,7,22,22.3,,17.8,,26.8,,0,L,,,,,0,,,,,,4.3,,0,,,,,
-52.78472222222222,47.51555555555556,ST JOHN'S WEST CDA CS,8403605,8403605.2004.7.23,2004-07-23 00:00:00,NL,2004,7,23,24.4,,19.7,,29,,0,,,,,,0,,,,,,6.4,,0,,,,,
-52.78472222222222,47.51555555555556,ST JOHN'S WEST CDA CS,8403605,8403605.2004.7.24,2004-07-24 00:00:00,NL,2004,7,24,25.3,,21.1,,29.5,,0,L,,,,,0,,,,,,7.3,,0,,,,,
-52.78472222222222,47.51555555555556,ST JOHN'S WEST CDA CS,8403605,8403605.2004.7.25,2004-07-25 00:00:00,NL,2004,7,25,21.1,,19.3,,22.8,,19.1,E,,,,,0,,,,,,3.1,,0,,,,,
-52.78472222222222,47.51555555555556,ST JOHN'S WEST CDA CS,8403605,8403605.2004.7.26,2004-07-26 00:00:00,NL,2004,7,26,18,,14.2,,21.7,,0,L,,,,,0,,,,,,0,,0,,,,,
-52.78472222222222,47.51555555555556,ST JOHN'S WEST CDA CS,8403605,8403605.2004.7.27,2004-07-27 00:00:00,NL,2004,7,27,19.4,,13.1,,25.7,,0,,,,,,0,,,,,,1.4,,0,,,,,
-52.78472222222222,47.51555555555556,ST JOHN'S WEST CDA CS,8403605,8403605.2004.7.28,2004-07-28 00:00:00,NL,2004,7,28,19.4,,12.1,,26.6,,0,,,,,,0,,,,,,1.4,,0,,,,,
-52.78472222222222,47.51555555555556,ST JOHN'S WEST CDA CS,8403605,8403605.2004.7.29,2004-07-29 00:00:00,NL,2004,7,29,21.2,,15.7,,26.7,,0.5,E,,,,,0,,,,,,3.2,,0,,,,,
-52.78472222222222,47.51555555555556,ST JOHN'S WEST CDA CS,8403605,8403605.2004.7.30,2004-07-30 00:00:00,NL,2004,7,30,22.4,,17.6,,27.2,,0,,,,,,0,,,,,,4.4,,0,,,,,
-52.78472222222222,47.51555555555556,ST JOHN'S WEST CDA CS,8403605,8403605.2004.7.31,2004-07-31 00:00:00,NL,2004,7,31,24.1,,16.9,,31.3,,0,L,,,,,0,,,,,,6.1,,0,,,,,
-52.78472222222222,47.51555555555556,ST JOHN'S WEST CDA CS,8403605,8403605.2004.8.1,2004-08-01 00:00:00,NL,2004,8,1,21.9,,18.2,,25.5,,0,,,,,,0,,,,,,3.9,,0,,,,,
-52.78472222222222,47.51555555555556,ST JOHN'S WEST CDA CS,8403605,8403605.2004.8.2,2004-08-02 00:00:00,NL,2004,8,2,25,,20,,29.9,,0,,,,,,0,,,,,,7,,0,,,,,
-52.78472222222222,47.51555555555556,ST JOHN'S WEST CDA CS,8403605,8403605.2004.8.3,2004-08-03 00:00:00,NL,2004,8,3,21.5,,14.6,,28.4,,0,,,,,,0,,,,,,3.5,,0,,,,,
-52.78472222222222,47.51555555555556,ST JOHN'S WEST CDA CS,8403605,8403605.2004.8.4,2004-08-04 00:00:00,NL,2004,8,4,19.7,,14.7,,24.7,,0.2,,,,,,0,,,,,,1.7,,0,,,,,
-52.78472222222222,47.51555555555556,ST JOHN'S WEST CDA CS,8403605,8403605.2004.8.5,2004-08-05 00:00:00,NL,2004,8,5,20.8,,17.3,,24.3,,0,,,,,,0,,,,,,2.8,,0,,,,,
-52.78472222222222,47.51555555555556,ST JOHN'S WEST CDA CS,8403605,8403605.2004.8.6,2004-08-06 00:00:00,NL,2004,8,6,19.6,,14.4,,24.8,,0,,,,,,0,,,,,,1.6,,0,,,,,
-52.78472222222222,47.51555555555556,ST JOHN'S WEST CDA CS,8403605,8403605.2004.8.7,2004-08-07 00:00:00,NL,2004,8,7,22.9,,16.2,,29.5,,0,,,,,,0,,,,,,4.9,,0,,,,,
-52.78472222222222,47.51555555555556,ST JOHN'S WEST CDA CS,8403605,8403605.2004.8.8,2004-08-08 00:00:00,NL,2004,8,8,25.2,,22.3,,28.1,,0,,,,,,0,,,,,,7.2,,0,,,,,
-52.78472222222222,47.51555555555556,ST JOHN'S WEST CDA CS,8403605,8403605.2004.8.9,2004-08-09 00:00:00,NL,2004,8,9,19.7,,15.1,,24.2,,0,,,,,,0,,,,,,1.7,,0,,,,,
-52.78472222222222,47.51555555555556,ST JOHN'S WEST CDA CS,8403605,8403605.2004.8.10,2004-08-10 00:00:00,NL,2004,8,10,18.4,,12.9,,23.8,,0,,,,,,0,,,,,,0.4,,0,,,,,
-52.78472222222222,47.51555555555556,ST JOHN'S WEST CDA CS,8403605,8403605.2004.8.11,2004-08-11 00:00:00,NL,2004,8,11,20.4,,14.4,,26.4,,0,,,,,,0,,,,,,2.4,,0,,,,,
-52.78472222222222,47.51555555555556,ST JOHN'S WEST CDA CS,8403605,8403605.2004.8.12,2004-08-12 00:00:00,NL,2004,8,12,20.9,,12.7,,29.1,,0,,,,,,0,,,,,,2.9,,0,,,,,
-52.78472222222222,47.51555555555556,ST JOHN'S WEST CDA CS,8403605,8403605.2004.8.13,2004-08-13 00:00:00,NL,2004,8,13,22.4,,16.9,,27.8,,0,,,,,,0,,,,,,4.4,,0,,,,,
-52.78472222222222,47.51555555555556,ST JOHN'S WEST CDA CS,8403605,8403605.2004.8.14,2004-08-14 00:00:00,NL,2004,8,14,21.8,,16.9,,26.6,,0,,,,,,0,,,,,,3.8,,0,,,,,
-52.78472222222222,47.51555555555556,ST JOHN'S WEST CDA CS,8403605,8403605.2004.8.15,2004-08-15 00:00:00,NL,2004,8,15,24.5,,21,,27.9,,0,,,,,,0,,,,,,6.5,,0,,,,,
-52.78472222222222,47.51555555555556,ST JOHN'S WEST CDA CS,8403605,8403605.2004.8.16,2004-08-16 00:00:00,NL,2004,8,16,20.4,,14.7,,26.1,,0,,,,,,0,,,,,,2.4,,0,,,,,
-52.78472222222222,47.51555555555556,ST JOHN'S WEST CDA CS,8403605,8403605.2004.8.17,2004-08-17 00:00:00,NL,2004,8,17,17.6,,15.6,,19.6,,8.9,,,,,,0,,,,,,0,,0.4,,,,,
-52.78472222222222,47.51555555555556,ST JOHN'S WEST CDA CS,8403605,8403605.2004.8.18,2004-08-18 00:00:00,NL,2004,8,18,18.3,,16.4,,20.1,,0.4,,,,,,0,,,,,,0.3,,0,,,,,
-52.78472222222222,47.51555555555556,ST JOHN'S WEST CDA CS,8403605,8403605.2004.8.19,2004-08-19 00:00:00,NL,2004,8,19,18.6,,14.5,,22.6,,0,,,,,,0,,,,,,0.6,,0,,,,,
-52.78472222222222,47.51555555555556,ST JOHN'S WEST CDA CS,8403605,8403605.2004.8.20,2004-08-20 00:00:00,NL,2004,8,20,18.5,,11.5,,25.4,,1.3,,,,,,0,,,,,,0.5,,0,,,,,
-52.78472222222222,47.51555555555556,ST JOHN'S WEST CDA CS,8403605,8403605.2004.8.21,2004-08-21 00:00:00,NL,2004,8,21,19.9,,16.8,,23,,1.2,,,,,,0,,,,,,1.9,,0,,,,,
-52.78472222222222,47.51555555555556,ST JOHN'S WEST CDA CS,8403605,8403605.2004.8.22,2004-08-22 00:00:00,NL,2004,8,22,22.8,,20.1,,25.4,,0.5,,,,,,0,,,,,,4.8,,0,,,,,
-52.78472222222222,47.51555555555556,ST JOHN'S WEST CDA CS,8403605,8403605.2004.8.23,2004-08-23 00:00:00,NL,2004,8,23,20.1,,17.1,,23,,28.4,,,,,,0,,,,,,2.1,,0,,,,,
-52.78472222222222,47.51555555555556,ST JOHN'S WEST CDA CS,8403605,8403605.2004.8.24,2004-08-24 00:00:00,NL,2004,8,24,22.1,,20,,24.1,,7.4,,,,,,0,,,,,,4.1,,0,,,,,
-52.78472222222222,47.51555555555556,ST JOHN'S WEST CDA CS,8403605,8403605.2004.8.25,2004-08-25 00:00:00,NL,2004,8,25,15.6,,14.8,,16.4,,0,,,,,,0,,,,,,0,,2.4,,,,,
-52.78472222222222,47.51555555555556,ST JOHN'S WEST CDA CS,8403605,8403605.2004.8.26,2004-08-26 00:00:00,NL,2004,8,26,12.9,,11.8,,13.9,,0,,,,,,0,,,,,,0,,5.1,,,,,
-52.78472222222222,47.51555555555556,ST JOHN'S WEST CDA CS,8403605,8403605.2004.8.27,2004-08-27 00:00:00,NL,2004,8,27,15.8,,11.8,,19.7,,0,,,,,,0,,,,,,0,,2.2,,,,,
-52.78472222222222,47.51555555555556,ST JOHN'S WEST CDA CS,8403605,8403605.2004.8.28,2004-08-28 00:00:00,NL,2004,8,28,18.9,,12.8,,24.9,,0.2,,,,,,0,,,,,,0.9,,0,,,,,
-52.78472222222222,47.51555555555556,ST JOHN'S WEST CDA CS,8403605,8403605.2004.8.29,2004-08-29 00:00:00,NL,2004,8,29,16.7,,15.3,,18,,0,T,,,,,0,,,,,,0,,1.3,,,,,
-52.78472222222222,47.51555555555556,ST JOHN'S WEST CDA CS,8403605,8403605.2004.8.30,2004-08-30 00:00:00,NL,2004,8,30,11.6,,6.7,,16.4,,18.6,,,,,,0,,,,,,0,,6.4,,,,,
-52.78472222222222,47.51555555555556,ST JOHN'S WEST CDA CS,8403605,8403605.2004.8.31,2004-08-31 00:00:00,NL,2004,8,31,16.8,,11.5,,22,,9.1,,,,,,0,,,,,,0,,1.2,,,,,
-52.78472222222222,47.51555555555556,ST JOHN'S WEST CDA CS,8403605,8403605.2004.9.1,2004-09-01 00:00:00,NL,2004,9,1,19.3,,18.5,,20.1,,5.2,,,,,,0,,,,,,1.3,,0,,,,,
-52.78472222222222,47.51555555555556,ST JOHN'S WEST CDA CS,8403605,8403605.2004.9.2,2004-09-02 00:00:00,NL,2004,9,2,15.9,,13.3,,18.4,,0,,,,,,0,,,,,,0,,2.1,,,,,
-52.78472222222222,47.51555555555556,ST JOHN'S WEST CDA CS,8403605,8403605.2004.9.3,2004-09-03 00:00:00,NL,2004,9,3,12,,7.2,,16.7,,0.5,,,,,,0,,,,,,0,,6,,,,,
-52.78472222222222,47.51555555555556,ST JOHN'S WEST CDA CS,8403605,8403605.2004.9.4,2004-09-04 00:00:00,NL,2004,9,4,10.5,,8.3,,12.6,,19.5,,,,,,0,,,,,,0,,7.5,,,,,
-52.78472222222222,47.51555555555556,ST JOHN'S WEST CDA CS,8403605,8403605.2004.9.5,2004-09-05 00:00:00,NL,2004,9,5,10.4,,8.3,,12.4,,5.4,,,,,,0,,,,,,0,,7.6,,,,,
-52.78472222222222,47.51555555555556,ST JOHN'S WEST CDA CS,8403605,8403605.2004.9.6,2004-09-06 00:00:00,NL,2004,9,6,11.1,,5.3,,16.8,,0,T,,,,,0,,,,,,0,,6.9,,,,,
-52.78472222222222,47.51555555555556,ST JOHN'S WEST CDA CS,8403605,8403605.2004.9.7,2004-09-07 00:00:00,NL,2004,9,7,13.4,,8.3,,18.5,,0.2,,,,,,0,,,,,,0,,4.6,,,,,
-52.78472222222222,47.51555555555556,ST JOHN'S WEST CDA CS,8403605,8403605.2004.9.8,2004-09-08 00:00:00,NL,2004,9,8,18.5,,13.3,,23.6,,0,T,,,,,0,,,,,,0.5,,0,,,,,
-52.78472222222222,47.51555555555556,ST JOHN'S WEST CDA CS,8403605,8403605.2004.9.9,2004-09-09 00:00:00,NL,2004,9,9,18.2,,14.5,,21.8,,0.5,,,,,,0,,,,,,0.2,,0,,,,,
-52.78472222222222,47.51555555555556,ST JOHN'S WEST CDA CS,8403605,8403605.2004.9.10,2004-09-10 00:00:00,NL,2004,9,10,16.8,,11.4,,22.1,,14.5,,,,,,0,,,,,,0,,1.2,,,,,
-52.78472222222222,47.51555555555556,ST JOHN'S WEST CDA CS,8403605,8403605.2004.9.11,2004-09-11 00:00:00,NL,2004,9,11,13.1,,11.3,,14.8,,0.2,,,,,,0,,,,,,0,,4.9,,,,,
-52.78472222222222,47.51555555555556,ST JOHN'S WEST CDA CS,8403605,8403605.2004.9.12,2004-09-12 00:00:00,NL,2004,9,12,10.9,,4.1,,17.6,,0,T,,,,,0,,,,,,0,,7.1,,,,,
-52.78472222222222,47.51555555555556,ST JOHN'S WEST CDA CS,8403605,8403605.2004.9.13,2004-09-13 00:00:00,NL,2004,9,13,16.2,,10.7,,21.6,,0.9,,,,,,0,,,,,,0,,1.8,,,,,
-52.78472222222222,47.51555555555556,ST JOHN'S WEST CDA CS,8403605,8403605.2004.9.14,2004-09-14 00:00:00,NL,2004,9,14,10.9,,9.1,,12.6,,0.7,,,,,,0,,,,,,0,,7.1,,,,,
-52.78472222222222,47.51555555555556,ST JOHN'S WEST CDA CS,8403605,8403605.2004.9.15,2004-09-15 00:00:00,NL,2004,9,15,11.6,,3.6,,19.6,,0.4,,,,,,0,,,,,,0,,6.4,,,,,
-52.78472222222222,47.51555555555556,ST JOHN'S WEST CDA CS,8403605,8403605.2004.9.16,2004-09-16 00:00:00,NL,2004,9,16,19.8,,15.1,,24.4,,0,T,,,,,0,,,,,,1.8,,0,,,,,
-52.78472222222222,47.51555555555556,ST JOHN'S WEST CDA CS,8403605,8403605.2004.9.17,2004-09-17 00:00:00,NL,2004,9,17,18.8,,13.9,,23.6,,0.6,,,,,,0,,,,,,0.8,,0,,,,,
-52.78472222222222,47.51555555555556,ST JOHN'S WEST CDA CS,8403605,8403605.2004.9.18,2004-09-18 00:00:00,NL,2004,9,18,19.3,,17.8,,20.7,,31.9,,,,,,0,,,,,,1.3,,0,,,,,
-52.78472222222222,47.51555555555556,ST JOHN'S WEST CDA CS,8403605,8403605.2004.9.19,2004-09-19 00:00:00,NL,2004,9,19,17.9,,13.6,,22.1,,44.9,,,,,,0,,,,,,0,,0.1,,,,,
-52.78472222222222,47.51555555555556,ST JOHN'S WEST CDA CS,8403605,8403605.2004.9.20,2004-09-20 00:00:00,NL,2004,9,20,14.8,,11.5,,18,,2,,,,,,0,,,,,,0,,3.2,,,,,
-52.78472222222222,47.51555555555556,ST JOHN'S WEST CDA CS,8403605,8403605.2004.9.21,2004-09-21 00:00:00,NL,2004,9,21,10.7,,7.6,,13.8,,6,,,,,,0,,,,,,0,,7.3,,,,,
-52.78472222222222,47.51555555555556,ST JOHN'S WEST CDA CS,8403605,8403605.2004.9.22,2004-09-22 00:00:00,NL,2004,9,22,7.8,,5.7,,9.9,,5.6,,,,,,0,,,,,,0,,10.2,,,,,
-52.78472222222222,47.51555555555556,ST JOHN'S WEST CDA CS,8403605,8403605.2004.9.23,2004-09-23 00:00:00,NL,2004,9,23,9.1,,6.1,,12,,0.4,,,,,,0,,,,,,0,,8.9,,,,,
-52.78472222222222,47.51555555555556,ST JOHN'S WEST CDA CS,8403605,8403605.2004.9.24,2004-09-24 00:00:00,NL,2004,9,24,10.1,,7.1,,13,,0,T,,,,,0,,,,,,0,,7.9,,,,,
-52.78472222222222,47.51555555555556,ST JOHN'S WEST CDA CS,8403605,8403605.2004.9.25,2004-09-25 00:00:00,NL,2004,9,25,11.5,,4.5,,18.5,,0,T,,,,,0,,,,,,0,,6.5,,,,,
-52.78472222222222,47.51555555555556,ST JOHN'S WEST CDA CS,8403605,8403605.2004.9.26,2004-09-26 00:00:00,NL,2004,9,26,13.5,,7.7,,19.3,,0,T,,,,,0,,,,,,0,,4.5,,,,,
-52.78472222222222,47.51555555555556,ST JOHN'S WEST CDA CS,8403605,8403605.2004.9.27,2004-09-27 00:00:00,NL,2004,9,27,11.8,,7.7,,15.9,,0,,,,,,0,,,,,,0,,6.2,,,,,
-52.78472222222222,47.51555555555556,ST JOHN'S WEST CDA CS,8403605,8403605.2004.9.28,2004-09-28 00:00:00,NL,2004,9,28,13,,5.7,,20.3,,11.8,,,,,,0,,,,,,0,,5,,,,,
-52.78472222222222,47.51555555555556,ST JOHN'S WEST CDA CS,8403605,8403605.2004.9.29,2004-09-29 00:00:00,NL,2004,9,29,10.7,,9.7,,11.6,,0.2,,,,,,0,,,,,,0,,7.3,,,,,
-52.78472222222222,47.51555555555556,ST JOHN'S WEST CDA CS,8403605,8403605.2004.9.30,2004-09-30 00:00:00,NL,2004,9,30,9.4,,5.4,,13.3,,47.3,,,,,,0,,,,,,0,,8.6,,,,,
-52.78472222222222,47.51555555555556,ST JOHN'S WEST CDA CS,8403605,8403605.2004.10.1,2004-10-01 00:00:00,NL,2004,10,1,9.2,,8.5,,9.8,,5.5,,,,,,0,,,,,,0,,8.8,,,,,
-52.78472222222222,47.51555555555556,ST JOHN'S WEST CDA CS,8403605,8403605.2004.10.2,2004-10-02 00:00:00,NL,2004,10,2,9.1,,7.5,,10.7,,0.2,,,,,,0,,,,,,0,,8.9,,,,,
-52.78472222222222,47.51555555555556,ST JOHN'S WEST CDA CS,8403605,8403605.2004.10.3,2004-10-03 00:00:00,NL,2004,10,3,9.4,,6.9,,11.9,,0,,,,,,0,,,,,,0,,8.6,,,,,
-52.78472222222222,47.51555555555556,ST JOHN'S WEST CDA CS,8403605,8403605.2004.10.4,2004-10-04 00:00:00,NL,2004,10,4,10.4,,8.3,,12.4,,0,T,,,,,0,,,,,,0,,7.6,,,,,
-52.78472222222222,47.51555555555556,ST JOHN'S WEST CDA CS,8403605,8403605.2004.10.5,2004-10-05 00:00:00,NL,2004,10,5,12.2,,9.5,,14.9,,5.4,,,,,,0,,,,,,0,,5.8,,,,,
-52.78472222222222,47.51555555555556,ST JOHN'S WEST CDA CS,8403605,8403605.2004.10.6,2004-10-06 00:00:00,NL,2004,10,6,13.2,,11.7,,14.6,,0,,,,,,0,,,,,,0,,4.8,,,,,
-52.78472222222222,47.51555555555556,ST JOHN'S WEST CDA CS,8403605,8403605.2004.10.7,2004-10-07 00:00:00,NL,2004,10,7,8.9,,5.9,,11.9,,0,,,,,,0,,,,,,0,,9.1,,,,,
-52.78472222222222,47.51555555555556,ST JOHN'S WEST CDA CS,8403605,8403605.2004.10.8,2004-10-08 00:00:00,NL,2004,10,8,9.9,,3.7,,16.1,,0,,,,,,0,,,,,,0,,8.1,,,,,
-52.78472222222222,47.51555555555556,ST JOHN'S WEST CDA CS,8403605,8403605.2004.10.9,2004-10-09 00:00:00,NL,2004,10,9,15.1,,9.7,,20.4,,0,,,,,,0,,,,,,0,,2.9,,,,,
-52.78472222222222,47.51555555555556,ST JOHN'S WEST CDA CS,8403605,8403605.2004.10.10,2004-10-10 00:00:00,NL,2004,10,10,14.8,,10.7,,18.9,,0,,,,,,0,,,,,,0,,3.2,,,,,
-52.78472222222222,47.51555555555556,ST JOHN'S WEST CDA CS,8403605,8403605.2004.10.11,2004-10-11 00:00:00,NL,2004,10,11,12.5,,10.5,,14.5,,4.8,,,,,,0,,,,,,0,,5.5,,,,,
-52.78472222222222,47.51555555555556,ST JOHN'S WEST CDA CS,8403605,8403605.2004.10.12,2004-10-12 00:00:00,NL,2004,10,12,12.6,,9.5,,15.7,,29,,,,,,0,,,,,,0,,5.4,,,,,
-52.78472222222222,47.51555555555556,ST JOHN'S WEST CDA CS,8403605,8403605.2004.10.13,2004-10-13 00:00:00,NL,2004,10,13,15.3,,13.7,,16.9,,1,,,,,,0,,,,,,0,,2.7,,,,,
-52.78472222222222,47.51555555555556,ST JOHN'S WEST CDA CS,8403605,8403605.2004.10.14,2004-10-14 00:00:00,NL,2004,10,14,16,,13.6,,18.3,,0,,,,,,0,,,,,,0,,2,,,,,
-52.78472222222222,47.51555555555556,ST JOHN'S WEST CDA CS,8403605,8403605.2004.10.15,2004-10-15 00:00:00,NL,2004,10,15,12.4,,11,,13.8,,0.2,,,,,,0,,,,,,0,,5.6,,,,,
-52.78472222222222,47.51555555555556,ST JOHN'S WEST CDA CS,8403605,8403605.2004.10.16,2004-10-16 00:00:00,NL,2004,10,16,8.5,,7.5,,9.5,,0.6,,,,,,0,,,,,,0,,9.5,,,,,
-52.78472222222222,47.51555555555556,ST JOHN'S WEST CDA CS,8403605,8403605.2004.10.17,2004-10-17 00:00:00,NL,2004,10,17,9.3,,6.8,,11.7,,10.9,,,,,,0,,,,,,0,,8.7,,,,,
-52.78472222222222,47.51555555555556,ST JOHN'S WEST CDA CS,8403605,8403605.2004.10.18,2004-10-18 00:00:00,NL,2004,10,18,11.1,,9.6,,12.5,,30.2,,,,,,0,,,,,,0,,6.9,,,,,
-52.78472222222222,47.51555555555556,ST JOHN'S WEST CDA CS,8403605,8403605.2004.10.19,2004-10-19 00:00:00,NL,2004,10,19,13.2,,11.7,,14.7,,12.9,,,,,,0,,,,,,0,,4.8,,,,,
-52.78472222222222,47.51555555555556,ST JOHN'S WEST CDA CS,8403605,8403605.2004.10.20,2004-10-20 00:00:00,NL,2004,10,20,8.5,,7.1,,9.9,,6.2,,,,,,0,,,,,,0,,9.5,,,,,
-52.78472222222222,47.51555555555556,ST JOHN'S WEST CDA CS,8403605,8403605.2004.10.21,2004-10-21 00:00:00,NL,2004,10,21,7.9,,6.9,,8.9,,0.9,,,,,,0,,,,,,0,,10.1,,,,,
-52.78472222222222,47.51555555555556,ST JOHN'S WEST CDA CS,8403605,8403605.2004.10.22,2004-10-22 00:00:00,NL,2004,10,22,4.6,,4.3,,4.9,,0,,,,,,0,,,,,,0,,13.4,,,,,
-52.78472222222222,47.51555555555556,ST JOHN'S WEST CDA CS,8403605,8403605.2004.10.23,2004-10-23 00:00:00,NL,2004,10,23,4.9,,3.7,,6,,0,,,,,,0,,,,,,0,,13.1,,,,,
-52.78472222222222,47.51555555555556,ST JOHN'S WEST CDA CS,8403605,8403605.2004.10.24,2004-10-24 00:00:00,NL,2004,10,24,6.4,,4.7,,8,,0,,,,,,0,,,,,,0,,11.6,,,,,
-52.78472222222222,47.51555555555556,ST JOHN'S WEST CDA CS,8403605,8403605.2004.10.25,2004-10-25 00:00:00,NL,2004,10,25,6.5,,-0.1,,13,,0,,,,,,0,,,,,,0,,11.5,,,,,
-52.78472222222222,47.51555555555556,ST JOHN'S WEST CDA CS,8403605,8403605.2004.10.26,2004-10-26 00:00:00,NL,2004,10,26,8.2,,6.5,,9.8,,0,,,,,,0,,,,,,0,,9.8,,,,,
-52.78472222222222,47.51555555555556,ST JOHN'S WEST CDA CS,8403605,8403605.2004.10.27,2004-10-27 00:00:00,NL,2004,10,27,9.2,,7.9,,10.5,,4.6,,,,,,0,,,,,,0,,8.8,,,,,
-52.78472222222222,47.51555555555556,ST JOHN'S WEST CDA CS,8403605,8403605.2004.10.28,2004-10-28 00:00:00,NL,2004,10,28,8.7,,8.1,,9.3,,28.4,,,,,,0,,,,,,0,,9.3,,,,,
-52.78472222222222,47.51555555555556,ST JOHN'S WEST CDA CS,8403605,8403605.2004.10.29,2004-10-29 00:00:00,NL,2004,10,29,1.7,,1.3,,2.1,,15.1,,,,,,0,,,,,,0,,16.3,,,,,
-52.78472222222222,47.51555555555556,ST JOHN'S WEST CDA CS,8403605,8403605.2004.10.30,2004-10-30 00:00:00,NL,2004,10,30,2.6,,0.2,,4.9,,2.3,,,,,,0,,,,,,0,,15.4,,,,,
-52.78472222222222,47.51555555555556,ST JOHN'S WEST CDA CS,8403605,8403605.2004.10.31,2004-10-31 00:00:00,NL,2004,10,31,6.7,,0.5,,12.8,,1,,,,,,0,,,,,,0,,11.3,,,,,
-52.78472222222222,47.51555555555556,ST JOHN'S WEST CDA CS,8403605,8403605.2004.11.1,2004-11-01 00:00:00,NL,2004,11,1,9.2,,6,,12.4,,0.3,,,,,,0,,,,,,0,,8.8,,,,,
-52.78472222222222,47.51555555555556,ST JOHN'S WEST CDA CS,8403605,8403605.2004.11.2,2004-11-02 00:00:00,NL,2004,11,2,5.6,,5,,6.2,,0,,,,,,0,,,,,,0,,12.4,,,,,
-52.78472222222222,47.51555555555556,ST JOHN'S WEST CDA CS,8403605,8403605.2004.11.3,2004-11-03 00:00:00,NL,2004,11,3,6.5,,5.5,,7.5,,10.8,E,,,,,0,,,,,,0,,11.5,,,,,
-52.78472222222222,47.51555555555556,ST JOHN'S WEST CDA CS,8403605,8403605.2004.11.4,2004-11-04 00:00:00,NL,2004,11,4,4.7,,3.7,,5.6,,10.4,,,,,,0,,,,,,0,,13.3,,,,,
-52.78472222222222,47.51555555555556,ST JOHN'S WEST CDA CS,8403605,8403605.2004.11.5,2004-11-05 00:00:00,NL,2004,11,5,4.5,,0.9,,8.1,,7.5,,,,,,0,,,,,,0,,13.5,,,,,
-52.78472222222222,47.51555555555556,ST JOHN'S WEST CDA CS,8403605,8403605.2004.11.6,2004-11-06 00:00:00,NL,2004,11,6,5.6,,1.5,,9.7,,0.3,,,,,,0,,,,,,0,,12.4,,,,,
-52.78472222222222,47.51555555555556,ST JOHN'S WEST CDA CS,8403605,8403605.2004.11.7,2004-11-07 00:00:00,NL,2004,11,7,7.4,,4.3,,10.5,,1.8,,,,,,0,,,,,,0,,10.6,,,,,
-52.78472222222222,47.51555555555556,ST JOHN'S WEST CDA CS,8403605,8403605.2004.11.8,2004-11-08 00:00:00,NL,2004,11,8,8.8,,2.1,,15.5,,9.5,,,,,,0,,,,,,0,,9.2,,,,,
-52.78472222222222,47.51555555555556,ST JOHN'S WEST CDA CS,8403605,8403605.2004.11.9,2004-11-09 00:00:00,NL,2004,11,9,3.8,,3.5,,4.1,,0,,,,,,,M,,,,,0,,14.2,,,,,
-52.78472222222222,47.51555555555556,ST JOHN'S WEST CDA CS,8403605,8403605.2004.11.10,2004-11-10 00:00:00,NL,2004,11,10,1.8,,0.8,,2.8,,0,,,,,,,M,,,,,0,,16.2,,,,,
-52.78472222222222,47.51555555555556,ST JOHN'S WEST CDA CS,8403605,8403605.2004.11.11,2004-11-11 00:00:00,NL,2004,11,11,-0.8,,-5.1,,3.5,,0,,,,,,0,,,,,,0,,18.8,,,,,
-52.78472222222222,47.51555555555556,ST JOHN'S WEST CDA CS,8403605,8403605.2004.11.12,2004-11-12 00:00:00,NL,2004,11,12,1,,-4.3,,6.2,,0,,,,,,0,,,,,,0,,17,,,,,
-52.78472222222222,47.51555555555556,ST JOHN'S WEST CDA CS,8403605,8403605.2004.11.13,2004-11-13 00:00:00,NL,2004,11,13,2.6,,2,,3.2,,0,,,,,,0,,,,,,0,,15.4,,,,,
-52.78472222222222,47.51555555555556,ST JOHN'S WEST CDA CS,8403605,8403605.2004.11.14,2004-11-14 00:00:00,NL,2004,11,14,3.3,,1.3,,5.3,,0,,,,,,0,,,,,,0,,14.7,,,,,
-52.78472222222222,47.51555555555556,ST JOHN'S WEST CDA CS,8403605,8403605.2004.11.15,2004-11-15 00:00:00,NL,2004,11,15,4.5,,2.9,,6,,40.5,,,,,,0,,,,,,0,,13.5,,,,,
-52.78472222222222,47.51555555555556,ST JOHN'S WEST CDA CS,8403605,8403605.2004.11.16,2004-11-16 00:00:00,NL,2004,11,16,6.5,,4.5,,8.5,,23.5,,,,,,0,,,,,,0,,11.5,,,,,
-52.78472222222222,47.51555555555556,ST JOHN'S WEST CDA CS,8403605,8403605.2004.11.17,2004-11-17 00:00:00,NL,2004,11,17,6.3,,5.7,,6.9,,2.5,,,,,,0,,,,,,0,,11.7,,,,,
-52.78472222222222,47.51555555555556,ST JOHN'S WEST CDA CS,8403605,8403605.2004.11.18,2004-11-18 00:00:00,NL,2004,11,18,5.2,,4.5,,5.9,,2.9,,,,,,0,,,,,,0,,12.8,,,,,
-52.78472222222222,47.51555555555556,ST JOHN'S WEST CDA CS,8403605,8403605.2004.11.19,2004-11-19 00:00:00,NL,2004,11,19,3.3,,1.9,,4.6,,1.8,,,,,,0,,,,,,0,,14.7,,,,,
-52.78472222222222,47.51555555555556,ST JOHN'S WEST CDA CS,8403605,8403605.2004.11.20,2004-11-20 00:00:00,NL,2004,11,20,3.8,,3,,4.5,,21.7,,,,,,0,,,,,,0,,14.2,,,,,
-52.78472222222222,47.51555555555556,ST JOHN'S WEST CDA CS,8403605,8403605.2004.11.21,2004-11-21 00:00:00,NL,2004,11,21,3.1,,2.2,,3.9,,1.2,,,,,,0,,,,,,0,,14.9,,,,,
-52.78472222222222,47.51555555555556,ST JOHN'S WEST CDA CS,8403605,8403605.2004.11.22,2004-11-22 00:00:00,NL,2004,11,22,2,,1.1,,2.9,,0,,,,,,0,,,,,,0,,16,,,,,
-52.78472222222222,47.51555555555556,ST JOHN'S WEST CDA CS,8403605,8403605.2004.11.23,2004-11-23 00:00:00,NL,2004,11,23,2.7,,-1.3,,6.6,,0.5,,,,,,0,,,,,,0,,15.3,,,,,
-52.78472222222222,47.51555555555556,ST JOHN'S WEST CDA CS,8403605,8403605.2004.11.24,2004-11-24 00:00:00,NL,2004,11,24,2.1,,-0.1,,4.3,,0,,,,,,0,,,,,,0,,15.9,,,,,
-52.78472222222222,47.51555555555556,ST JOHN'S WEST CDA CS,8403605,8403605.2004.11.25,2004-11-25 00:00:00,NL,2004,11,25,7,,-0.5,,14.4,,7.7,,,,,,0,,,,,,0,,11,,,,,
-52.78472222222222,47.51555555555556,ST JOHN'S WEST CDA CS,8403605,8403605.2004.11.26,2004-11-26 00:00:00,NL,2004,11,26,9.6,,5,,14.1,,20.6,,,,,,0,,,,,,0,,8.4,,,,,
-52.78472222222222,47.51555555555556,ST JOHN'S WEST CDA CS,8403605,8403605.2004.11.27,2004-11-27 00:00:00,NL,2004,11,27,2.8,,1.7,,3.9,,0,,,,,,0,,,,,,0,,15.2,,,,,
-52.78472222222222,47.51555555555556,ST JOHN'S WEST CDA CS,8403605,8403605.2004.11.28,2004-11-28 00:00:00,NL,2004,11,28,2.4,,0.1,,4.6,,0,,,,,,0,,,,,,0,,15.6,,,,,
-52.78472222222222,47.51555555555556,ST JOHN'S WEST CDA CS,8403605,8403605.2004.11.29,2004-11-29 00:00:00,NL,2004,11,29,4.1,,-2.6,,10.7,,7.2,,,,,,0,,,,,,0,,13.9,,,,,
-52.78472222222222,47.51555555555556,ST JOHN'S WEST CDA CS,8403605,8403605.2004.11.30,2004-11-30 00:00:00,NL,2004,11,30,8.4,,4.5,,12.2,,15.4,,,,,,0,,,,,,0,,9.6,,,,,
-52.78472222222222,47.51555555555556,ST JOHN'S WEST CDA CS,8403605,8403605.2004.12.1,2004-12-01 00:00:00,NL,2004,12,1,1.8,,-0.8,,4.3,,0.4,E,,,,,0,,,,,,0,,16.2,,,,,
-52.78472222222222,47.51555555555556,ST JOHN'S WEST CDA CS,8403605,8403605.2004.12.2,2004-12-02 00:00:00,NL,2004,12,2,2.8,,-1.5,,7,,4.4,,,,,,0,,,,,,0,,15.2,,,,,
-52.78472222222222,47.51555555555556,ST JOHN'S WEST CDA CS,8403605,8403605.2004.12.3,2004-12-03 00:00:00,NL,2004,12,3,1,,0.1,,1.8,,0.6,,,,,,0,,,,,,0,,17,,,,,
-52.78472222222222,47.51555555555556,ST JOHN'S WEST CDA CS,8403605,8403605.2004.12.4,2004-12-04 00:00:00,NL,2004,12,4,-2.4,,-4.2,,-0.6,,0,,,,,,0,,,,,,0,,20.4,,,,,
-52.78472222222222,47.51555555555556,ST JOHN'S WEST CDA CS,8403605,8403605.2004.12.5,2004-12-05 00:00:00,NL,2004,12,5,-0.8,,-5.3,,3.7,,5.2,,,,,,0,,,,,,0,,18.8,,,,,
-52.78472222222222,47.51555555555556,ST JOHN'S WEST CDA CS,8403605,8403605.2004.12.6,2004-12-06 00:00:00,NL,2004,12,6,-7.1,,-8,,-6.1,,0.8,,,,,,0,,,,,,0,,25.1,,,,,
-52.78472222222222,47.51555555555556,ST JOHN'S WEST CDA CS,8403605,8403605.2004.12.7,2004-12-07 00:00:00,NL,2004,12,7,-6.3,,-8.2,,-4.3,,0,T,,,,,0,,,,,,0,,24.3,,,,,
-52.78472222222222,47.51555555555556,ST JOHN'S WEST CDA CS,8403605,8403605.2004.12.8,2004-12-08 00:00:00,NL,2004,12,8,-3.9,,-10.4,,2.6,,25.6,,,,,,0,,,,,,0,,21.9,,,,,
-52.78472222222222,47.51555555555556,ST JOHN'S WEST CDA CS,8403605,8403605.2004.12.9,2004-12-09 00:00:00,NL,2004,12,9,1.2,,-0.4,,2.7,,2.1,,,,,,0,,,,,,0,,16.8,,,,,
-52.78472222222222,47.51555555555556,ST JOHN'S WEST CDA CS,8403605,8403605.2004.12.10,2004-12-10 00:00:00,NL,2004,12,10,0.9,,-0.1,,1.9,,0,,,,,,0,,,,,,0,,17.1,,,,,
-52.78472222222222,47.51555555555556,ST JOHN'S WEST CDA CS,8403605,8403605.2004.12.11,2004-12-11 00:00:00,NL,2004,12,11,1.3,,-2.7,,5.3,,22.9,,,,,,0,,,,,,0,,16.7,,,,,
-52.78472222222222,47.51555555555556,ST JOHN'S WEST CDA CS,8403605,8403605.2004.12.12,2004-12-12 00:00:00,NL,2004,12,12,6.8,,0.7,,12.8,,0.5,,,,,,0,,,,,,0,,11.2,,,,,
-52.78472222222222,47.51555555555556,ST JOHN'S WEST CDA CS,8403605,8403605.2004.12.13,2004-12-13 00:00:00,NL,2004,12,13,7.6,,4.3,,10.9,,13,,,,,,0,,,,,,0,,10.4,,,,,
-52.78472222222222,47.51555555555556,ST JOHN'S WEST CDA CS,8403605,8403605.2004.12.14,2004-12-14 00:00:00,NL,2004,12,14,6.4,,2.3,,10.5,,0.4,,,,,,0,,,,,,0,,11.6,,,,,
-52.78472222222222,47.51555555555556,ST JOHN'S WEST CDA CS,8403605,8403605.2004.12.15,2004-12-15 00:00:00,NL,2004,12,15,2.5,,1.3,,3.6,,11.7,,,,,,0,,,,,,0,,15.5,,,,,
-52.78472222222222,47.51555555555556,ST JOHN'S WEST CDA CS,8403605,8403605.2004.12.16,2004-12-16 00:00:00,NL,2004,12,16,-1.3,,-1.7,,-0.9,,0.6,E,,,,,0,,,,,,0,,19.3,,,,,
-52.78472222222222,47.51555555555556,ST JOHN'S WEST CDA CS,8403605,8403605.2004.12.17,2004-12-17 00:00:00,NL,2004,12,17,-0.1,,-4.7,,4.6,,2.9,,,,,,7,,,,,,0,,18.1,,,,,
-52.78472222222222,47.51555555555556,ST JOHN'S WEST CDA CS,8403605,8403605.2004.12.18,2004-12-18 00:00:00,NL,2004,12,18,1.1,,-1.6,,3.7,,0,,,,,,3,,,,,,0,,16.9,,,,,
-52.78472222222222,47.51555555555556,ST JOHN'S WEST CDA CS,8403605,8403605.2004.12.19,2004-12-19 00:00:00,NL,2004,12,19,3.1,,-4.6,,10.7,,11.3,,,,,,3,,,,,,0,,14.9,,,,,
-52.78472222222222,47.51555555555556,ST JOHN'S WEST CDA CS,8403605,8403605.2004.12.20,2004-12-20 00:00:00,NL,2004,12,20,8.6,,2.5,,14.7,,27.6,,,,,,0,,,,,,0,,9.4,,,,,
-52.78472222222222,47.51555555555556,ST JOHN'S WEST CDA CS,8403605,8403605.2004.12.21,2004-12-21 00:00:00,NL,2004,12,21,10.1,,8.7,,11.5,,3.9,,,,,,0,,,,,,0,,7.9,,,,,
-52.78472222222222,47.51555555555556,ST JOHN'S WEST CDA CS,8403605,8403605.2004.12.22,2004-12-22 00:00:00,NL,2004,12,22,2.3,,1.5,,3.1,,0,T,,,,,0,,,,,,0,,15.7,,,,,
-52.78472222222222,47.51555555555556,ST JOHN'S WEST CDA CS,8403605,8403605.2004.12.23,2004-12-23 00:00:00,NL,2004,12,23,3.3,,-0.7,,7.2,,0,,,,,,0,,,,,,0,,14.7,,,,,
-52.78472222222222,47.51555555555556,ST JOHN'S WEST CDA CS,8403605,8403605.2004.12.24,2004-12-24 00:00:00,NL,2004,12,24,6,,0.9,,11.1,,0.3,,,,,,0,,,,,,0,,12,,,,,
-52.78472222222222,47.51555555555556,ST JOHN'S WEST CDA CS,8403605,8403605.2004.12.25,2004-12-25 00:00:00,NL,2004,12,25,7,,2,,11.9,,13.3,,,,,,0,,,,,,0,,11,,,,,
-52.78472222222222,47.51555555555556,ST JOHN'S WEST CDA CS,8403605,8403605.2004.12.26,2004-12-26 00:00:00,NL,2004,12,26,-5.9,,-7.5,,-4.3,,6.3,,,,,,5,,,,,,0,,23.9,,,,,
-52.78472222222222,47.51555555555556,ST JOHN'S WEST CDA CS,8403605,8403605.2004.12.27,2004-12-27 00:00:00,NL,2004,12,27,0.1,,-10.1,,10.3,,23.4,,,,,,6,,,,,,0,,17.9,,,,,
-52.78472222222222,47.51555555555556,ST JOHN'S WEST CDA CS,8403605,8403605.2004.12.28,2004-12-28 00:00:00,NL,2004,12,28,-2.5,,-3.5,,-1.4,,0,,,,,,4,,,,,,0,,20.5,,,,,
-52.78472222222222,47.51555555555556,ST JOHN'S WEST CDA CS,8403605,8403605.2004.12.29,2004-12-29 00:00:00,NL,2004,12,29,-3.6,,-8.8,,1.7,,1.4,,,,,,5,,,,,,0,,21.6,,,,,
-52.78472222222222,47.51555555555556,ST JOHN'S WEST CDA CS,8403605,8403605.2004.12.30,2004-12-30 00:00:00,NL,2004,12,30,-5.6,,-6.5,,-4.6,,0,,,,,,6,,,,,,0,,23.6,,,,,
-52.78472222222222,47.51555555555556,ST JOHN'S WEST CDA CS,8403605,8403605.2004.12.31,2004-12-31 00:00:00,NL,2004,12,31,-2.9,,-9.1,,3.3,,0.6,,,,,,6,,,,,,0,,20.9,,,,,
-52.78472222222222,47.51555555555556,ST JOHN'S WEST CDA CS,8403605,8403605.2005.1.1,2005-01-01 00:00:00,NL,2005,1,1,2.4,,-3.1,,7.8,,5.5,,,,,,6,,,,,,0,,15.6,,,,,
-52.78472222222222,47.51555555555556,ST JOHN'S WEST CDA CS,8403605,8403605.2005.1.2,2005-01-02 00:00:00,NL,2005,1,2,-7.3,,-10.4,,-4.2,,0,,,,,,1,,,,,,0,,25.3,,,,,
-52.78472222222222,47.51555555555556,ST JOHN'S WEST CDA CS,8403605,8403605.2005.1.3,2005-01-03 00:00:00,NL,2005,1,3,-3.3,,-11.6,,5,,0,,,,,,,M,,,,,0,,21.3,,,,,
-52.78472222222222,47.51555555555556,ST JOHN'S WEST CDA CS,8403605,8403605.2005.1.4,2005-01-04 00:00:00,NL,2005,1,4,-2.9,,-3.5,,-2.2,,0,,,,,,1,,,,,,0,,20.9,,,,,
-52.78472222222222,47.51555555555556,ST JOHN'S WEST CDA CS,8403605,8403605.2005.1.5,2005-01-05 00:00:00,NL,2005,1,5,-3.4,,-6.3,,-0.5,,0,T,,,,,1,,,,,,0,,21.4,,,,,
-52.78472222222222,47.51555555555556,ST JOHN'S WEST CDA CS,8403605,8403605.2005.1.6,2005-01-06 00:00:00,NL,2005,1,6,-6.7,,-10.4,,-3,,0,,,,,,1,,,,,,0,,24.7,,,,,
-52.78472222222222,47.51555555555556,ST JOHN'S WEST CDA CS,8403605,8403605.2005.1.7,2005-01-07 00:00:00,NL,2005,1,7,-6.3,,-12.9,,0.3,,11.5,,,,,,1,,,,,,0,,24.3,,,,,
-52.78472222222222,47.51555555555556,ST JOHN'S WEST CDA CS,8403605,8403605.2005.1.8,2005-01-08 00:00:00,NL,2005,1,8,-2.1,,-2.9,,-1.3,,0,,,,,,11,,,,,,0,,20.1,,,,,
-52.78472222222222,47.51555555555556,ST JOHN'S WEST CDA CS,8403605,8403605.2005.1.9,2005-01-09 00:00:00,NL,2005,1,9,-5.7,,-8.1,,-3.3,,0,,,,,,10,,,,,,0,,23.7,,,,,
-52.78472222222222,47.51555555555556,ST JOHN'S WEST CDA CS,8403605,8403605.2005.1.10,2005-01-10 00:00:00,NL,2005,1,10,-5.6,,-12.4,,1.3,,9.8,,,,,,9,,,,,,0,,23.6,,,,,
-52.78472222222222,47.51555555555556,ST JOHN'S WEST CDA CS,8403605,8403605.2005.1.11,2005-01-11 00:00:00,NL,2005,1,11,-4,,-10.4,,2.4,,0,,,,,,19,,,,,,0,,22,,,,,
-52.78472222222222,47.51555555555556,ST JOHN'S WEST CDA CS,8403605,8403605.2005.1.12,2005-01-12 00:00:00,NL,2005,1,12,-6.6,,-6.9,,-6.2,,0,,,,,,13,,,,,,0,,24.6,,,,,
-52.78472222222222,47.51555555555556,ST JOHN'S WEST CDA CS,8403605,8403605.2005.1.13,2005-01-13 00:00:00,NL,2005,1,13,-2.2,,-10.5,,6.2,,1.9,,,,,,12,,,,,,0,,20.2,,,,,
-52.78472222222222,47.51555555555556,ST JOHN'S WEST CDA CS,8403605,8403605.2005.1.14,2005-01-14 00:00:00,NL,2005,1,14,4.3,,-4.2,,12.8,,0,,,,,,9,,,,,,0,,13.7,,,,,
-52.78472222222222,47.51555555555556,ST JOHN'S WEST CDA CS,8403605,8403605.2005.1.15,2005-01-15 00:00:00,NL,2005,1,15,4.8,,3.3,,6.3,,0,,,,,,1,,,,,,0,,13.2,,,,,
-52.78472222222222,47.51555555555556,ST JOHN'S WEST CDA CS,8403605,8403605.2005.1.16,2005-01-16 00:00:00,NL,2005,1,16,-5.8,,-7.5,,-4,,6.8,,,,,,1,,,,,,0,,23.8,,,,,
-52.78472222222222,47.51555555555556,ST JOHN'S WEST CDA CS,8403605,8403605.2005.1.17,2005-01-17 00:00:00,NL,2005,1,17,1.7,,-7.1,,10.5,,0.9,,,,,,4,,,,,,0,,16.3,,,,,
-52.78472222222222,47.51555555555556,ST JOHN'S WEST CDA CS,8403605,8403605.2005.1.18,2005-01-18 00:00:00,NL,2005,1,18,-2,,-2.2,,-1.7,,0,,,,,,1,,,,,,0,,20,,,,,
-52.78472222222222,47.51555555555556,ST JOHN'S WEST CDA CS,8403605,8403605.2005.1.19,2005-01-19 00:00:00,NL,2005,1,19,-5.3,,-8.2,,-2.3,,0,,,,,,1,,,,,,0,,23.3,,,,,
-52.78472222222222,47.51555555555556,ST JOHN'S WEST CDA CS,8403605,8403605.2005.1.20,2005-01-20 00:00:00,NL,2005,1,20,-4.5,,-9,,0.1,,0.8,,,,,,1,,,,,,0,,22.5,,,,,
-52.78472222222222,47.51555555555556,ST JOHN'S WEST CDA CS,8403605,8403605.2005.1.21,2005-01-21 00:00:00,NL,2005,1,21,-1,,-3.6,,1.7,,1,,,,,,2,,,,,,0,,19,,,,,
-52.78472222222222,47.51555555555556,ST JOHN'S WEST CDA CS,8403605,8403605.2005.1.22,2005-01-22 00:00:00,NL,2005,1,22,-4.3,,-6,,-2.6,,27.8,,,,,,2,,,,,,0,,22.3,,,,,
-52.78472222222222,47.51555555555556,ST JOHN'S WEST CDA CS,8403605,8403605.2005.1.23,2005-01-23 00:00:00,NL,2005,1,23,-6.3,,-12.4,,-0.2,,20.3,,,,,,109,,,,,,0,,24.3,,,,,
-52.78472222222222,47.51555555555556,ST JOHN'S WEST CDA CS,8403605,8403605.2005.1.24,2005-01-24 00:00:00,NL,2005,1,24,-3.6,,-11.4,,4.2,,30.7,,,,,,96,,,,,,0,,21.6,,,,,
-52.78472222222222,47.51555555555556,ST JOHN'S WEST CDA CS,8403605,8403605.2005.1.25,2005-01-25 00:00:00,NL,2005,1,25,-0.7,,-1.9,,0.6,,0.2,,,,,,77,,,,,,0,,18.7,,,,,
-52.78472222222222,47.51555555555556,ST JOHN'S WEST CDA CS,8403605,8403605.2005.1.26,2005-01-26 00:00:00,NL,2005,1,26,-2.7,,-6.2,,0.8,,0,,,,,,75,,,,,,0,,20.7,,,,,
-52.78472222222222,47.51555555555556,ST JOHN'S WEST CDA CS,8403605,8403605.2005.1.27,2005-01-27 00:00:00,NL,2005,1,27,-2.3,,-8.7,,4.1,,,M,,,,,71,,,,,,0,,20.3,,,,,
-52.78472222222222,47.51555555555556,ST JOHN'S WEST CDA CS,8403605,8403605.2005.1.28,2005-01-28 00:00:00,NL,2005,1,28,-5.4,,-6.6,,-4.1,,,M,,,,,82,,,,,,0,,23.4,,,,,
-52.78472222222222,47.51555555555556,ST JOHN'S WEST CDA CS,8403605,8403605.2005.1.29,2005-01-29 00:00:00,NL,2005,1,29,-7.2,,-9.1,,-5.3,,,M,,,,,84,,,,,,0,,25.2,,,,,
-52.78472222222222,47.51555555555556,ST JOHN'S WEST CDA CS,8403605,8403605.2005.1.30,2005-01-30 00:00:00,NL,2005,1,30,-6.1,,-8.6,,-3.6,,,M,,,,,83,,,,,,0,,24.1,,,,,
-52.78472222222222,47.51555555555556,ST JOHN'S WEST CDA CS,8403605,8403605.2005.1.31,2005-01-31 00:00:00,NL,2005,1,31,-5.6,,-6.3,,-4.9,,,M,,,,,81,,,,,,0,,23.6,,,,,
-52.78472222222222,47.51555555555556,ST JOHN'S WEST CDA CS,8403605,8403605.2005.2.1,2005-02-01 00:00:00,NL,2005,2,1,-3.5,,-6.8,,-0.2,,0,,,,,,79,,,,,,0,,21.5,,,,,
-52.78472222222222,47.51555555555556,ST JOHN'S WEST CDA CS,8403605,8403605.2005.2.2,2005-02-02 00:00:00,NL,2005,2,2,-6.2,,-12.1,,-0.2,,0,,,,,,77,,,,,,0,,24.2,,,,,
-52.78472222222222,47.51555555555556,ST JOHN'S WEST CDA CS,8403605,8403605.2005.2.3,2005-02-03 00:00:00,NL,2005,2,3,-6.9,,-13.8,,0,,0,,,,,,77,,,,,,0,,24.9,,,,,
-52.78472222222222,47.51555555555556,ST JOHN'S WEST CDA CS,8403605,8403605.2005.2.4,2005-02-04 00:00:00,NL,2005,2,4,-1,,-5.5,,3.5,,26.7,,,,,,76,,,,,,0,,19,,,,,
-52.78472222222222,47.51555555555556,ST JOHN'S WEST CDA CS,8403605,8403605.2005.2.5,2005-02-05 00:00:00,NL,2005,2,5,2.7,,1,,4.4,,8,,,,,,73,,,,,,0,,15.3,,,,,
-52.78472222222222,47.51555555555556,ST JOHN'S WEST CDA CS,8403605,8403605.2005.2.6,2005-02-06 00:00:00,NL,2005,2,6,-2.5,,-3.2,,-1.7,,0,,,,,,68,,,,,,0,,20.5,,,,,
-52.78472222222222,47.51555555555556,ST JOHN'S WEST CDA CS,8403605,8403605.2005.2.7,2005-02-07 00:00:00,NL,2005,2,7,-0.4,,-3.6,,2.9,,0,T,,,,,67,,,,,,0,,18.4,,,,,
-52.78472222222222,47.51555555555556,ST JOHN'S WEST CDA CS,8403605,8403605.2005.2.8,2005-02-08 00:00:00,NL,2005,2,8,1,,-2.5,,4.5,,0.3,,,,,,67,,,,,,0,,17,,,,,
-52.78472222222222,47.51555555555556,ST JOHN'S WEST CDA CS,8403605,8403605.2005.2.9,2005-02-09 00:00:00,NL,2005,2,9,1.8,,0,,3.5,,2.5,,,,,,65,,,,,,0,,16.2,,,,,
-52.78472222222222,47.51555555555556,ST JOHN'S WEST CDA CS,8403605,8403605.2005.2.10,2005-02-10 00:00:00,NL,2005,2,10,2.6,,0.9,,4.3,,0,,,,,,62,,,,,,0,,15.4,,,,,
-52.78472222222222,47.51555555555556,ST JOHN'S WEST CDA CS,8403605,8403605.2005.2.11,2005-02-11 00:00:00,NL,2005,2,11,3.1,,-1.7,,7.9,,10.8,,,,,,60,,,,,,0,,14.9,,,,,
-52.78472222222222,47.51555555555556,ST JOHN'S WEST CDA CS,8403605,8403605.2005.2.12,2005-02-12 00:00:00,NL,2005,2,12,5.3,,2.3,,8.3,,4,,,,,,49,,,,,,0,,12.7,,,,,
-52.78472222222222,47.51555555555556,ST JOHN'S WEST CDA CS,8403605,8403605.2005.2.13,2005-02-13 00:00:00,NL,2005,2,13,-0.3,,-1.3,,0.7,,14.7,,,,,,47,,,,,,0,,18.3,,,,,
-52.78472222222222,47.51555555555556,ST JOHN'S WEST CDA CS,8403605,8403605.2005.2.14,2005-02-14 00:00:00,NL,2005,2,14,-5,,-6.5,,-3.5,,,M,,,,,49,,,,,,0,,23,,,,,
-52.78472222222222,47.51555555555556,ST JOHN'S WEST CDA CS,8403605,8403605.2005.2.15,2005-02-15 00:00:00,NL,2005,2,15,-7.3,,-11.6,,-2.9,,1.4,,,,,,48,,,,,,0,,25.3,,,,,
-52.78472222222222,47.51555555555556,ST JOHN'S WEST CDA CS,8403605,8403605.2005.2.16,2005-02-16 00:00:00,NL,2005,2,16,-3.1,,-9.8,,3.7,,9.6,,,,,,48,,,,,,0,,21.1,,,,,
-52.78472222222222,47.51555555555556,ST JOHN'S WEST CDA CS,8403605,8403605.2005.2.17,2005-02-17 00:00:00,NL,2005,2,17,1.3,,-3.9,,6.5,,0.6,,,,,,47,,,,,,0,,16.7,,,,,
-52.78472222222222,47.51555555555556,ST JOHN'S WEST CDA CS,8403605,8403605.2005.2.18,2005-02-18 00:00:00,NL,2005,2,18,5.4,,2.8,,7.9,,8.9,,,,,,44,,,,,,0,,12.6,,,,,
-52.78472222222222,47.51555555555556,ST JOHN'S WEST CDA CS,8403605,8403605.2005.2.19,2005-02-19 00:00:00,NL,2005,2,19,-2.3,,-3.5,,-1,,0.2,,,,,,38,,,,,,0,,20.3,,,,,
-52.78472222222222,47.51555555555556,ST JOHN'S WEST CDA CS,8403605,8403605.2005.2.20,2005-02-20 00:00:00,NL,2005,2,20,-5,,-6,,-4,,0,T,,,,,38,,,,,,0,,23,,,,,
-52.78472222222222,47.51555555555556,ST JOHN'S WEST CDA CS,8403605,8403605.2005.2.21,2005-02-21 00:00:00,NL,2005,2,21,-9,,-9.4,,-8.6,,0.2,,,,,,37,,,,,,0,,27,,,,,
-52.78472222222222,47.51555555555556,ST JOHN'S WEST CDA CS,8403605,8403605.2005.2.22,2005-02-22 00:00:00,NL,2005,2,22,-8,,-11.7,,-4.3,,0.2,,,,,,41,,,,,,0,,26,,,,,
-52.78472222222222,47.51555555555556,ST JOHN'S WEST CDA CS,8403605,8403605.2005.2.23,2005-02-23 00:00:00,NL,2005,2,23,-7,,-13.5,,-0.5,,0.3,,,,,,40,,,,,,0,,25,,,,,
-52.78472222222222,47.51555555555556,ST JOHN'S WEST CDA CS,8403605,8403605.2005.2.24,2005-02-24 00:00:00,NL,2005,2,24,-1.3,,-3.4,,0.8,,5.3,,,,,,38,,,,,,0,,19.3,,,,,
-52.78472222222222,47.51555555555556,ST JOHN'S WEST CDA CS,8403605,8403605.2005.2.25,2005-02-25 00:00:00,NL,2005,2,25,0.2,,-1.1,,1.5,,22.5,,,,,,38,,,,,,0,,17.8,,,,,
-52.78472222222222,47.51555555555556,ST JOHN'S WEST CDA CS,8403605,8403605.2005.2.26,2005-02-26 00:00:00,NL,2005,2,26,0.9,,-1,,2.7,,2.9,,,,,,39,,,,,,0,,17.1,,,,,
-52.78472222222222,47.51555555555556,ST JOHN'S WEST CDA CS,8403605,8403605.2005.2.27,2005-02-27 00:00:00,NL,2005,2,27,-1.4,,-3.3,,0.6,,0.3,,,,,,39,,,,,,0,,19.4,,,,,
-52.78472222222222,47.51555555555556,ST JOHN'S WEST CDA CS,8403605,8403605.2005.2.28,2005-02-28 00:00:00,NL,2005,2,28,-4.1,,-6.8,,-1.4,,0.5,,,,,,39,,,,,,0,,22.1,,,,,
-52.78472222222222,47.51555555555556,ST JOHN'S WEST CDA CS,8403605,8403605.2005.3.1,2005-03-01 00:00:00,NL,2005,3,1,-5.3,,-12.1,,1.5,,5.9,,,,,,39,,,,,,0,,23.3,,,,,
-52.78472222222222,47.51555555555556,ST JOHN'S WEST CDA CS,8403605,8403605.2005.3.2,2005-03-02 00:00:00,NL,2005,3,2,0.4,,-3.4,,4.2,,26.8,,,,,,39,,,,,,0,,17.6,,,,,
-52.78472222222222,47.51555555555556,ST JOHN'S WEST CDA CS,8403605,8403605.2005.3.3,2005-03-03 00:00:00,NL,2005,3,3,3.9,,1.7,,6.1,,9,,,,,,37,,,,,,0,,14.1,,,,,
-52.78472222222222,47.51555555555556,ST JOHN'S WEST CDA CS,8403605,8403605.2005.3.4,2005-03-04 00:00:00,NL,2005,3,4,-0.7,,-1.2,,-0.1,,22.4,,,,,,47,,,,,,0,,18.7,,,,,
-52.78472222222222,47.51555555555556,ST JOHN'S WEST CDA CS,8403605,8403605.2005.3.5,2005-03-05 00:00:00,NL,2005,3,5,-6.7,,-10.6,,-2.7,,1.5,,,,,,75,,,,,,0,,24.7,,,,,
-52.78472222222222,47.51555555555556,ST JOHN'S WEST CDA CS,8403605,8403605.2005.3.6,2005-03-06 00:00:00,NL,2005,3,6,-5.2,,-10,,-0.4,,0,T,,,,,70,,,,,,0,,23.2,,,,,
-52.78472222222222,47.51555555555556,ST JOHN'S WEST CDA CS,8403605,8403605.2005.3.7,2005-03-07 00:00:00,NL,2005,3,7,-6.1,,-13.6,,1.5,,0,,,,,,67,,,,,,0,,24.1,,,,,
-52.78472222222222,47.51555555555556,ST JOHN'S WEST CDA CS,8403605,8403605.2005.3.8,2005-03-08 00:00:00,NL,2005,3,8,-0.4,,-5.4,,4.6,,0,T,,,,,65,,,,,,0,,18.4,,,,,
-52.78472222222222,47.51555555555556,ST JOHN'S WEST CDA CS,8403605,8403605.2005.3.9,2005-03-09 00:00:00,NL,2005,3,9,0.5,,-2.5,,3.5,,10.2,,,,,,62,,,,,,0,,17.5,,,,,
-52.78472222222222,47.51555555555556,ST JOHN'S WEST CDA CS,8403605,8403605.2005.3.10,2005-03-10 00:00:00,NL,2005,3,10,1.2,,0.1,,2.3,,0.5,,,,,,57,,,,,,0,,16.8,,,,,
-52.78472222222222,47.51555555555556,ST JOHN'S WEST CDA CS,8403605,8403605.2005.3.11,2005-03-11 00:00:00,NL,2005,3,11,-4.9,,-7.5,,-2.3,,3.3,,,,,,54,,,,,,0,,22.9,,,,,
-52.78472222222222,47.51555555555556,ST JOHN'S WEST CDA CS,8403605,8403605.2005.3.12,2005-03-12 00:00:00,NL,2005,3,12,-3,,-5.4,,-0.6,,2.5,,,,,,62,,,,,,0,,21,,,,,
-52.78472222222222,47.51555555555556,ST JOHN'S WEST CDA CS,8403605,8403605.2005.3.13,2005-03-13 00:00:00,NL,2005,3,13,-0.8,,-4.5,,2.9,,20,,,,,,62,,,,,,0,,18.8,,,,,
-52.78472222222222,47.51555555555556,ST JOHN'S WEST CDA CS,8403605,8403605.2005.3.14,2005-03-14 00:00:00,NL,2005,3,14,0.6,,-1.7,,2.9,,4.4,,,,,,60,,,,,,0,,17.4,,,,,
-52.78472222222222,47.51555555555556,ST JOHN'S WEST CDA CS,8403605,8403605.2005.3.15,2005-03-15 00:00:00,NL,2005,3,15,-0.2,,-1.1,,0.7,,0.7,,,,,,58,,,,,,0,,18.2,,,,,
-52.78472222222222,47.51555555555556,ST JOHN'S WEST CDA CS,8403605,8403605.2005.3.16,2005-03-16 00:00:00,NL,2005,3,16,0.6,,-1.1,,2.3,,0.5,,,,,,58,,,,,,0,,17.4,,,,,
-52.78472222222222,47.51555555555556,ST JOHN'S WEST CDA CS,8403605,8403605.2005.3.17,2005-03-17 00:00:00,NL,2005,3,17,0.6,,-1.6,,2.8,,2,,,,,,57,,,,,,0,,17.4,,,,,
-52.78472222222222,47.51555555555556,ST JOHN'S WEST CDA CS,8403605,8403605.2005.3.18,2005-03-18 00:00:00,NL,2005,3,18,0.6,,-1.7,,2.8,,1.8,,,,,,63,,,,,,0,,17.4,,,,,
-52.78472222222222,47.51555555555556,ST JOHN'S WEST CDA CS,8403605,8403605.2005.3.19,2005-03-19 00:00:00,NL,2005,3,19,0.3,,-1.2,,1.8,,0,T,,,,,60,,,,,,0,,17.7,,,,,
-52.78472222222222,47.51555555555556,ST JOHN'S WEST CDA CS,8403605,8403605.2005.3.20,2005-03-20 00:00:00,NL,2005,3,20,-0.1,,-3.7,,3.5,,3.2,,,,,,59,,,,,,0,,18.1,,,,,
-52.78472222222222,47.51555555555556,ST JOHN'S WEST CDA CS,8403605,8403605.2005.3.21,2005-03-21 00:00:00,NL,2005,3,21,0.1,,-0.3,,0.4,,2.8,,,,,,59,,,,,,0,,17.9,,,,,
-52.78472222222222,47.51555555555556,ST JOHN'S WEST CDA CS,8403605,8403605.2005.3.22,2005-03-22 00:00:00,NL,2005,3,22,-1.7,,-2.7,,-0.7,,0.5,,,,,,69,,,,,,0,,19.7,,,,,
-52.78472222222222,47.51555555555556,ST JOHN'S WEST CDA CS,8403605,8403605.2005.3.23,2005-03-23 00:00:00,NL,2005,3,23,-1.9,,-3,,-0.7,,0.2,,,,,,69,,,,,,0,,19.9,,,,,
-52.78472222222222,47.51555555555556,ST JOHN'S WEST CDA CS,8403605,8403605.2005.3.24,2005-03-24 00:00:00,NL,2005,3,24,-2.3,,-6.8,,2.3,,0,T,,,,,68,,,,,,0,,20.3,,,,,
-52.78472222222222,47.51555555555556,ST JOHN'S WEST CDA CS,8403605,8403605.2005.3.25,2005-03-25 00:00:00,NL,2005,3,25,-3.4,,-7.9,,1.2,,0.5,,,,,,68,,,,,,0,,21.4,,,,,
-52.78472222222222,47.51555555555556,ST JOHN'S WEST CDA CS,8403605,8403605.2005.3.26,2005-03-26 00:00:00,NL,2005,3,26,1.2,,-1.7,,4.1,,0.2,,,,,,67,,,,,,0,,16.8,,,,,
-52.78472222222222,47.51555555555556,ST JOHN'S WEST CDA CS,8403605,8403605.2005.3.27,2005-03-27 00:00:00,NL,2005,3,27,-2.4,,-5.1,,0.3,,0.7,,,,,,65,,,,,,0,,20.4,,,,,
-52.78472222222222,47.51555555555556,ST JOHN'S WEST CDA CS,8403605,8403605.2005.3.28,2005-03-28 00:00:00,NL,2005,3,28,-0.6,,-9.3,,8.1,,0.4,,,,,,65,,,,,,0,,18.6,,,,,
-52.78472222222222,47.51555555555556,ST JOHN'S WEST CDA CS,8403605,8403605.2005.3.29,2005-03-29 00:00:00,NL,2005,3,29,1.4,,-4.7,,7.4,,6.2,,,,,,64,,,,,,0,,16.6,,,,,
-52.78472222222222,47.51555555555556,ST JOHN'S WEST CDA CS,8403605,8403605.2005.3.30,2005-03-30 00:00:00,NL,2005,3,30,1.5,,0.4,,2.5,,94.9,,,,,,63,,,,,,0,,16.5,,,,,
-52.78472222222222,47.51555555555556,ST JOHN'S WEST CDA CS,8403605,8403605.2005.3.31,2005-03-31 00:00:00,NL,2005,3,31,1.4,,0.9,,1.9,,12.7,,,,,,65,,,,,,0,,16.6,,,,,
-52.78472222222222,47.51555555555556,ST JOHN'S WEST CDA CS,8403605,8403605.2005.4.1,2005-04-01 00:00:00,NL,2005,4,1,0.1,,-1.2,,1.3,,1.3,E,,,,,63,,,,,,0,,17.9,,,,,
-52.78472222222222,47.51555555555556,ST JOHN'S WEST CDA CS,8403605,8403605.2005.4.2,2005-04-02 00:00:00,NL,2005,4,2,1.8,,-2.5,,6,,0.4,E,,,,,62,,,,,,0,,16.2,,,,,
-52.78472222222222,47.51555555555556,ST JOHN'S WEST CDA CS,8403605,8403605.2005.4.3,2005-04-03 00:00:00,NL,2005,4,3,2.9,,-3.9,,9.7,,0.6,E,,,,,61,,,,,,0,,15.1,,,,,
-52.78472222222222,47.51555555555556,ST JOHN'S WEST CDA CS,8403605,8403605.2005.4.4,2005-04-04 00:00:00,NL,2005,4,4,5.5,,1.7,,9.3,,4.7,E,,,,,56,,,,,,0,,12.5,,,,,
-52.78472222222222,47.51555555555556,ST JOHN'S WEST CDA CS,8403605,8403605.2005.4.5,2005-04-05 00:00:00,NL,2005,4,5,5.4,,3.9,,6.8,,7.9,E,,,,,49,,,,,,0,,12.6,,,,,
-52.78472222222222,47.51555555555556,ST JOHN'S WEST CDA CS,8403605,8403605.2005.4.6,2005-04-06 00:00:00,NL,2005,4,6,5.8,,1.5,,10.1,,0.2,E,,,,,44,,,,,,0,,12.2,,,,,
-52.78472222222222,47.51555555555556,ST JOHN'S WEST CDA CS,8403605,8403605.2005.4.7,2005-04-07 00:00:00,NL,2005,4,7,5.8,,0.1,,11.5,,1.8,E,,,,,40,,,,,,0,,12.2,,,,,
-52.78472222222222,47.51555555555556,ST JOHN'S WEST CDA CS,8403605,8403605.2005.4.8,2005-04-08 00:00:00,NL,2005,4,8,5.3,,-0.5,,11.1,,5.4,E,,,,,36,,,,,,0,,12.7,,,,,
-52.78472222222222,47.51555555555556,ST JOHN'S WEST CDA CS,8403605,8403605.2005.4.9,2005-04-09 00:00:00,NL,2005,4,9,4,,2.3,,5.7,,1.6,E,,,,,21,,,,,,0,,14,,,,,
-52.78472222222222,47.51555555555556,ST JOHN'S WEST CDA CS,8403605,8403605.2005.4.10,2005-04-10 00:00:00,NL,2005,4,10,4.7,,0.3,,9,,0,T,,,,,21,,,,,,0,,13.3,,,,,
-52.78472222222222,47.51555555555556,ST JOHN'S WEST CDA CS,8403605,8403605.2005.4.11,2005-04-11 00:00:00,NL,2005,4,11,3.7,,-0.5,,7.9,,77.4,E,,,,,19,,,,,,0,,14.3,,,,,
-52.78472222222222,47.51555555555556,ST JOHN'S WEST CDA CS,8403605,8403605.2005.4.12,2005-04-12 00:00:00,NL,2005,4,12,4.2,,0.6,,7.7,,0.8,E,,,,,13,,,,,,0,,13.8,,,,,
-52.78472222222222,47.51555555555556,ST JOHN'S WEST CDA CS,8403605,8403605.2005.4.13,2005-04-13 00:00:00,NL,2005,4,13,5.2,,2.8,,7.6,,1.5,E,,,,,9,,,,,,0,,12.8,,,,,
-52.78472222222222,47.51555555555556,ST JOHN'S WEST CDA CS,8403605,8403605.2005.4.14,2005-04-14 00:00:00,NL,2005,4,14,2.5,,1.3,,3.7,,4.3,E,,,,,5,,,,,,0,,15.5,,,,,
-52.78472222222222,47.51555555555556,ST JOHN'S WEST CDA CS,8403605,8403605.2005.4.15,2005-04-15 00:00:00,NL,2005,4,15,-2.1,,-4.9,,0.7,,0,T,,,,,7,,,,,,0,,20.1,,,,,
-52.78472222222222,47.51555555555556,ST JOHN'S WEST CDA CS,8403605,8403605.2005.4.16,2005-04-16 00:00:00,NL,2005,4,16,1.8,,-6.7,,10.2,,0.7,E,,,,,5,,,,,,0,,16.2,,,,,
-52.78472222222222,47.51555555555556,ST JOHN'S WEST CDA CS,8403605,8403605.2005.4.17,2005-04-17 00:00:00,NL,2005,4,17,9.5,,1.1,,17.8,,0.2,E,,,,,0,,,,,,0,,8.5,,,,,
-52.78472222222222,47.51555555555556,ST JOHN'S WEST CDA CS,8403605,8403605.2005.4.18,2005-04-18 00:00:00,NL,2005,4,18,8.3,,0.7,,15.9,,0.4,E,,,,,0,,,,,,0,,9.7,,,,,
-52.78472222222222,47.51555555555556,ST JOHN'S WEST CDA CS,8403605,8403605.2005.4.19,2005-04-19 00:00:00,NL,2005,4,19,1.7,,-1.2,,4.5,,1.3,E,,,,,0,,,,,,0,,16.3,,,,,
-52.78472222222222,47.51555555555556,ST JOHN'S WEST CDA CS,8403605,8403605.2005.4.20,2005-04-20 00:00:00,NL,2005,4,20,5,,1.7,,8.2,,1.1,E,,,,,0,,,,,,0,,13,,,,,
-52.78472222222222,47.51555555555556,ST JOHN'S WEST CDA CS,8403605,8403605.2005.4.21,2005-04-21 00:00:00,NL,2005,4,21,2.3,,1,,3.6,,7.2,E,,,,,0,,,,,,0,,15.7,,,,,
-52.78472222222222,47.51555555555556,ST JOHN'S WEST CDA CS,8403605,8403605.2005.4.22,2005-04-22 00:00:00,NL,2005,4,22,3.1,,-2.1,,8.3,,1,E,,,,,0,,,,,,0,,14.9,,,,,
-52.78472222222222,47.51555555555556,ST JOHN'S WEST CDA CS,8403605,8403605.2005.4.23,2005-04-23 00:00:00,NL,2005,4,23,5.3,,-0.2,,10.8,,4.3,E,,,,,0,,,,,,0,,12.7,,,,,
-52.78472222222222,47.51555555555556,ST JOHN'S WEST CDA CS,8403605,8403605.2005.4.24,2005-04-24 00:00:00,NL,2005,4,24,8.1,,2.5,,13.6,,0.2,E,,,,,0,,,,,,0,,9.9,,,,,
-52.78472222222222,47.51555555555556,ST JOHN'S WEST CDA CS,8403605,8403605.2005.4.25,2005-04-25 00:00:00,NL,2005,4,25,4.2,,2,,6.3,,0.2,E,,,,,0,,,,,,0,,13.8,,,,,
-52.78472222222222,47.51555555555556,ST JOHN'S WEST CDA CS,8403605,8403605.2005.4.26,2005-04-26 00:00:00,NL,2005,4,26,1.5,,-0.3,,3.3,,0.2,E,,,,,0,,,,,,0,,16.5,,,,,
-52.78472222222222,47.51555555555556,ST JOHN'S WEST CDA CS,8403605,8403605.2005.4.27,2005-04-27 00:00:00,NL,2005,4,27,1.4,,-0.5,,3.3,,0.2,E,,,,,0,,,,,,0,,16.6,,,,,
-52.78472222222222,47.51555555555556,ST JOHN'S WEST CDA CS,8403605,8403605.2005.4.28,2005-04-28 00:00:00,NL,2005,4,28,2.1,,0.1,,4.1,,0.2,E,,,,,0,,,,,,0,,15.9,,,,,
-52.78472222222222,47.51555555555556,ST JOHN'S WEST CDA CS,8403605,8403605.2005.4.29,2005-04-29 00:00:00,NL,2005,4,29,2.6,,-1,,6.1,,0,T,,,,,0,,,,,,0,,15.4,,,,,
-52.78472222222222,47.51555555555556,ST JOHN'S WEST CDA CS,8403605,8403605.2005.4.30,2005-04-30 00:00:00,NL,2005,4,30,5.6,,0.6,,10.5,,0,T,,,,,0,,,,,,0,,12.4,,,,,
-52.78472222222222,47.51555555555556,ST JOHN'S WEST CDA CS,8403605,8403605.2005.5.1,2005-05-01 00:00:00,NL,2005,5,1,8.8,,2.7,,14.9,,0.4,E,,,,,0,,,,,,0,,9.2,,,,,
-52.78472222222222,47.51555555555556,ST JOHN'S WEST CDA CS,8403605,8403605.2005.5.2,2005-05-02 00:00:00,NL,2005,5,2,10.1,,4.6,,15.5,,3,E,,,,,0,,,,,,0,,7.9,,,,,
-52.78472222222222,47.51555555555556,ST JOHN'S WEST CDA CS,8403605,8403605.2005.5.3,2005-05-03 00:00:00,NL,2005,5,3,6.9,,3.5,,10.2,,2.7,E,,,,,0,,,,,,0,,11.1,,,,,
-52.78472222222222,47.51555555555556,ST JOHN'S WEST CDA CS,8403605,8403605.2005.5.4,2005-05-04 00:00:00,NL,2005,5,4,10.8,,2.2,,19.3,,0.3,E,,,,,0,,,,,,0,,7.2,,,,,
-52.78472222222222,47.51555555555556,ST JOHN'S WEST CDA CS,8403605,8403605.2005.5.5,2005-05-05 00:00:00,NL,2005,5,5,9.9,,4.9,,14.8,,0,T,,,,,0,,,,,,0,,8.1,,,,,
-52.78472222222222,47.51555555555556,ST JOHN'S WEST CDA CS,8403605,8403605.2005.5.6,2005-05-06 00:00:00,NL,2005,5,6,8.9,,4.5,,13.2,,0,T,,,,,0,,,,,,0,,9.1,,,,,
-52.78472222222222,47.51555555555556,ST JOHN'S WEST CDA CS,8403605,8403605.2005.5.7,2005-05-07 00:00:00,NL,2005,5,7,7.9,,1.1,,14.6,,0.3,E,,,,,0,,,,,,0,,10.1,,,,,
-52.78472222222222,47.51555555555556,ST JOHN'S WEST CDA CS,8403605,8403605.2005.5.8,2005-05-08 00:00:00,NL,2005,5,8,5,,0.6,,9.3,,0.6,E,,,,,0,,,,,,0,,13,,,,,
-52.78472222222222,47.51555555555556,ST JOHN'S WEST CDA CS,8403605,8403605.2005.5.9,2005-05-09 00:00:00,NL,2005,5,9,6,,3.9,,8,,0.4,E,,,,,0,,,,,,0,,12,,,,,
-52.78472222222222,47.51555555555556,ST JOHN'S WEST CDA CS,8403605,8403605.2005.5.10,2005-05-10 00:00:00,NL,2005,5,10,5.6,,3.7,,7.4,,4.4,E,,,,,0,,,,,,0,,12.4,,,,,
-52.78472222222222,47.51555555555556,ST JOHN'S WEST CDA CS,8403605,8403605.2005.5.11,2005-05-11 00:00:00,NL,2005,5,11,7,,4.7,,9.2,,8.1,E,,,,,0,,,,,,0,,11,,,,,
-52.78472222222222,47.51555555555556,ST JOHN'S WEST CDA CS,8403605,8403605.2005.5.12,2005-05-12 00:00:00,NL,2005,5,12,10.2,,6.9,,13.4,,1.1,E,,,,,0,,,,,,0,,7.8,,,,,
-52.78472222222222,47.51555555555556,ST JOHN'S WEST CDA CS,8403605,8403605.2005.5.13,2005-05-13 00:00:00,NL,2005,5,13,6,,3.9,,8.1,,2.6,E,,,,,0,,,,,,0,,12,,,,,
-52.78472222222222,47.51555555555556,ST JOHN'S WEST CDA CS,8403605,8403605.2005.5.14,2005-05-14 00:00:00,NL,2005,5,14,3.4,,1,,5.8,,0.3,E,,,,,0,,,,,,0,,14.6,,,,,
-52.78472222222222,47.51555555555556,ST JOHN'S WEST CDA CS,8403605,8403605.2005.5.15,2005-05-15 00:00:00,NL,2005,5,15,1,,-3.9,,5.9,,2.2,E,,,,,0,,,,,,0,,17,,,,,
-52.78472222222222,47.51555555555556,ST JOHN'S WEST CDA CS,8403605,8403605.2005.5.16,2005-05-16 00:00:00,NL,2005,5,16,7,,3.7,,10.2,,0.6,E,,,,,0,,,,,,0,,11,,,,,
-52.78472222222222,47.51555555555556,ST JOHN'S WEST CDA CS,8403605,8403605.2005.5.17,2005-05-17 00:00:00,NL,2005,5,17,6.5,,4.8,,8.2,,0.5,E,,,,,0,,,,,,0,,11.5,,,,,
-52.78472222222222,47.51555555555556,ST JOHN'S WEST CDA CS,8403605,8403605.2005.5.18,2005-05-18 00:00:00,NL,2005,5,18,8.3,,4.3,,12.3,,0.2,E,,,,,0,,,,,,0,,9.7,,,,,
-52.78472222222222,47.51555555555556,ST JOHN'S WEST CDA CS,8403605,8403605.2005.5.19,2005-05-19 00:00:00,NL,2005,5,19,5.1,,2,,8.2,,24.7,E,,,,,0,,,,,,0,,12.9,,,,,
-52.78472222222222,47.51555555555556,ST JOHN'S WEST CDA CS,8403605,8403605.2005.5.20,2005-05-20 00:00:00,NL,2005,5,20,5.5,,3.9,,7.1,,22.2,E,,,,,0,,,,,,0,,12.5,,,,,
-52.78472222222222,47.51555555555556,ST JOHN'S WEST CDA CS,8403605,8403605.2005.5.21,2005-05-21 00:00:00,NL,2005,5,21,6.6,,5.1,,8,,3.2,E,,,,,0,,,,,,0,,11.4,,,,,
-52.78472222222222,47.51555555555556,ST JOHN'S WEST CDA CS,8403605,8403605.2005.5.22,2005-05-22 00:00:00,NL,2005,5,22,6.6,,3.3,,9.9,,0.8,E,,,,,0,,,,,,0,,11.4,,,,,
-52.78472222222222,47.51555555555556,ST JOHN'S WEST CDA CS,8403605,8403605.2005.5.23,2005-05-23 00:00:00,NL,2005,5,23,4.7,,0.9,,8.5,,0.6,E,,,,,0,,,,,,0,,13.3,,,,,
-52.78472222222222,47.51555555555556,ST JOHN'S WEST CDA CS,8403605,8403605.2005.5.24,2005-05-24 00:00:00,NL,2005,5,24,7,,3.9,,10,,0.5,E,,,,,0,,,,,,0,,11,,,,,
-52.78472222222222,47.51555555555556,ST JOHN'S WEST CDA CS,8403605,8403605.2005.5.25,2005-05-25 00:00:00,NL,2005,5,25,7.3,,-0.2,,14.8,,0.2,E,,,,,0,,,,,,0,,10.7,,,,,
-52.78472222222222,47.51555555555556,ST JOHN'S WEST CDA CS,8403605,8403605.2005.5.26,2005-05-26 00:00:00,NL,2005,5,26,12.7,,4.1,,21.3,,0,T,,,,,0,,,,,,0,,5.3,,,,,
-52.78472222222222,47.51555555555556,ST JOHN'S WEST CDA CS,8403605,8403605.2005.5.27,2005-05-27 00:00:00,NL,2005,5,27,9.4,,4.7,,14,,17.2,E,,,,,0,,,,,,0,,8.6,,,,,
-52.78472222222222,47.51555555555556,ST JOHN'S WEST CDA CS,8403605,8403605.2005.5.28,2005-05-28 00:00:00,NL,2005,5,28,6.8,,6.3,,7.3,,5.3,E,,,,,0,,,,,,0,,11.2,,,,,
-52.78472222222222,47.51555555555556,ST JOHN'S WEST CDA CS,8403605,8403605.2005.5.29,2005-05-29 00:00:00,NL,2005,5,29,8.4,,5.6,,11.2,,0.7,E,,,,,0,,,,,,0,,9.6,,,,,
-52.78472222222222,47.51555555555556,ST JOHN'S WEST CDA CS,8403605,8403605.2005.5.30,2005-05-30 00:00:00,NL,2005,5,30,9.4,,5.5,,13.2,,1.2,E,,,,,0,,,,,,0,,8.6,,,,,
-52.78472222222222,47.51555555555556,ST JOHN'S WEST CDA CS,8403605,8403605.2005.5.31,2005-05-31 00:00:00,NL,2005,5,31,7.5,,3,,12,,0.6,E,,,,,0,,,,,,0,,10.5,,,,,
-52.78472222222222,47.51555555555556,ST JOHN'S WEST CDA CS,8403605,8403605.2005.6.1,2005-06-01 00:00:00,NL,2005,6,1,9.4,,4.7,,14,,0,T,,,,,0,,,,,,0,,8.6,,,,,
-52.78472222222222,47.51555555555556,ST JOHN'S WEST CDA CS,8403605,8403605.2005.6.2,2005-06-02 00:00:00,NL,2005,6,2,13.6,,4.4,,22.8,,0,,,,,,0,,,,,,0,,4.4,,,,,
-52.78472222222222,47.51555555555556,ST JOHN'S WEST CDA CS,8403605,8403605.2005.6.3,2005-06-03 00:00:00,NL,2005,6,3,18.3,,9.5,,27,,0,T,,,,,0,,,,,,0.3,,0,,,,,
-52.78472222222222,47.51555555555556,ST JOHN'S WEST CDA CS,8403605,8403605.2005.6.4,2005-06-04 00:00:00,NL,2005,6,4,12.8,,7.6,,17.9,,0,,,,,,0,,,,,,0,,5.2,,,,,
-52.78472222222222,47.51555555555556,ST JOHN'S WEST CDA CS,8403605,8403605.2005.6.5,2005-06-05 00:00:00,NL,2005,6,5,9.1,,3.1,,15.1,,0,,,,,,0,,,,,,0,,8.9,,,,,
-52.78472222222222,47.51555555555556,ST JOHN'S WEST CDA CS,8403605,8403605.2005.6.6,2005-06-06 00:00:00,NL,2005,6,6,8.9,,2.7,,15.1,,0,,,,,,0,,,,,,0,,9.1,,,,,
-52.78472222222222,47.51555555555556,ST JOHN'S WEST CDA CS,8403605,8403605.2005.6.7,2005-06-07 00:00:00,NL,2005,6,7,9.7,,2.6,,16.7,,22,E,,,,,0,,,,,,0,,8.3,,,,,
-52.78472222222222,47.51555555555556,ST JOHN'S WEST CDA CS,8403605,8403605.2005.6.8,2005-06-08 00:00:00,NL,2005,6,8,12,,8.1,,15.9,,2.5,E,,,,,0,,,,,,0,,6,,,,,
-52.78472222222222,47.51555555555556,ST JOHN'S WEST CDA CS,8403605,8403605.2005.6.9,2005-06-09 00:00:00,NL,2005,6,9,11.3,,6.8,,15.8,,0,,,,,,0,,,,,,0,,6.7,,,,,
-52.78472222222222,47.51555555555556,ST JOHN'S WEST CDA CS,8403605,8403605.2005.6.10,2005-06-10 00:00:00,NL,2005,6,10,12.7,,5.9,,19.5,,18.1,E,,,,,0,,,,,,0,,5.3,,,,,
-52.78472222222222,47.51555555555556,ST JOHN'S WEST CDA CS,8403605,8403605.2005.6.11,2005-06-11 00:00:00,NL,2005,6,11,11.5,,8.9,,14,,0.6,E,,,,,0,,,,,,0,,6.5,,,,,
-52.78472222222222,47.51555555555556,ST JOHN'S WEST CDA CS,8403605,8403605.2005.6.12,2005-06-12 00:00:00,NL,2005,6,12,11.7,,6.6,,16.7,,0,T,,,,,0,,,,,,0,,6.3,,,,,
-52.78472222222222,47.51555555555556,ST JOHN'S WEST CDA CS,8403605,8403605.2005.6.13,2005-06-13 00:00:00,NL,2005,6,13,7.8,,5.7,,9.8,,0.6,E,,,,,0,,,,,,0,,10.2,,,,,
-52.78472222222222,47.51555555555556,ST JOHN'S WEST CDA CS,8403605,8403605.2005.6.14,2005-06-14 00:00:00,NL,2005,6,14,6.4,,5.1,,7.6,,3.5,E,,,,,0,,,,,,0,,11.6,,,,,
-52.78472222222222,47.51555555555556,ST JOHN'S WEST CDA CS,8403605,8403605.2005.6.15,2005-06-15 00:00:00,NL,2005,6,15,7.8,,6.4,,9.1,,0.5,E,,,,,0,,,,,,0,,10.2,,,,,
-52.78472222222222,47.51555555555556,ST JOHN'S WEST CDA CS,8403605,8403605.2005.6.16,2005-06-16 00:00:00,NL,2005,6,16,8.2,,6.2,,10.1,,0.6,E,,,,,0,,,,,,0,,9.8,,,,,
-52.78472222222222,47.51555555555556,ST JOHN'S WEST CDA CS,8403605,8403605.2005.6.17,2005-06-17 00:00:00,NL,2005,6,17,8.4,,5.6,,11.1,,8.2,E,,,,,0,,,,,,0,,9.6,,,,,
-52.78472222222222,47.51555555555556,ST JOHN'S WEST CDA CS,8403605,8403605.2005.6.18,2005-06-18 00:00:00,NL,2005,6,18,6.8,,6.1,,7.5,,3.2,E,,,,,0,,,,,,0,,11.2,,,,,
-52.78472222222222,47.51555555555556,ST JOHN'S WEST CDA CS,8403605,8403605.2005.6.19,2005-06-19 00:00:00,NL,2005,6,19,7.8,,5.5,,10.1,,0.5,E,,,,,0,,,,,,0,,10.2,,,,,
-52.78472222222222,47.51555555555556,ST JOHN'S WEST CDA CS,8403605,8403605.2005.6.20,2005-06-20 00:00:00,NL,2005,6,20,12.7,,4,,21.3,,0,,,,,,0,,,,,,0,,5.3,,,,,
-52.78472222222222,47.51555555555556,ST JOHN'S WEST CDA CS,8403605,8403605.2005.6.21,2005-06-21 00:00:00,NL,2005,6,21,14.9,,8.8,,20.9,,0,T,,,,,0,,,,,,0,,3.1,,,,,
-52.78472222222222,47.51555555555556,ST JOHN'S WEST CDA CS,8403605,8403605.2005.6.22,2005-06-22 00:00:00,NL,2005,6,22,16,,10.4,,21.5,,5.3,E,,,,,0,,,,,,0,,2,,,,,
-52.78472222222222,47.51555555555556,ST JOHN'S WEST CDA CS,8403605,8403605.2005.6.23,2005-06-23 00:00:00,NL,2005,6,23,14,,12.1,,15.8,,6.3,E,,,,,0,,,,,,0,,4,,,,,
-52.78472222222222,47.51555555555556,ST JOHN'S WEST CDA CS,8403605,8403605.2005.6.24,2005-06-24 00:00:00,NL,2005,6,24,15.4,,11.3,,19.5,,0.7,E,,,,,0,,,,,,0,,2.6,,,,,
-52.78472222222222,47.51555555555556,ST JOHN'S WEST CDA CS,8403605,8403605.2005.6.25,2005-06-25 00:00:00,NL,2005,6,25,16.9,,9.1,,24.7,,0.2,E,,,,,0,,,,,,0,,1.1,,,,,
-52.78472222222222,47.51555555555556,ST JOHN'S WEST CDA CS,8403605,8403605.2005.6.26,2005-06-26 00:00:00,NL,2005,6,26,14.2,,10.9,,17.4,,0,,,,,,0,,,,,,0,,3.8,,,,,
-52.78472222222222,47.51555555555556,ST JOHN'S WEST CDA CS,8403605,8403605.2005.6.27,2005-06-27 00:00:00,NL,2005,6,27,11.7,,2.4,,20.9,,0,,,,,,0,,,,,,0,,6.3,,,,,
-52.78472222222222,47.51555555555556,ST JOHN'S WEST CDA CS,8403605,8403605.2005.6.28,2005-06-28 00:00:00,NL,2005,6,28,14.3,,7.3,,21.3,,0.4,E,,,,,0,,,,,,0,,3.7,,,,,
-52.78472222222222,47.51555555555556,ST JOHN'S WEST CDA CS,8403605,8403605.2005.6.29,2005-06-29 00:00:00,NL,2005,6,29,18.4,,13.8,,23,,12.8,E,,,,,0,,,,,,0.4,,0,,,,,
-52.78472222222222,47.51555555555556,ST JOHN'S WEST CDA CS,8403605,8403605.2005.6.30,2005-06-30 00:00:00,NL,2005,6,30,11.4,,7.5,,15.3,,1,E,,,,,0,,,,,,0,,6.6,,,,,
-52.78472222222222,47.51555555555556,ST JOHN'S WEST CDA CS,8403605,8403605.2005.7.1,2005-07-01 00:00:00,NL,2005,7,1,14.1,,6.1,,22,,0.8,E,,,,,0,,,,,,0,,3.9,,,,,
-52.78472222222222,47.51555555555556,ST JOHN'S WEST CDA CS,8403605,8403605.2005.7.2,2005-07-02 00:00:00,NL,2005,7,2,17.2,,8.6,,25.8,,3.9,E,,,,,0,,,,,,0,,0.8,,,,,
-52.78472222222222,47.51555555555556,ST JOHN'S WEST CDA CS,8403605,8403605.2005.7.3,2005-07-03 00:00:00,NL,2005,7,3,20.5,,18.9,,22,,4.8,E,,,,,0,,,,,,2.5,,0,,,,,
-52.78472222222222,47.51555555555556,ST JOHN'S WEST CDA CS,8403605,8403605.2005.7.4,2005-07-04 00:00:00,NL,2005,7,4,18.3,,12.9,,23.6,,0.7,E,,,,,0,,,,,,0.3,,0,,,,,
-52.78472222222222,47.51555555555556,ST JOHN'S WEST CDA CS,8403605,8403605.2005.7.5,2005-07-05 00:00:00,NL,2005,7,5,19,,10.7,,27.3,,0,,,,,,0,,,,,,1,,0,,,,,
-52.78472222222222,47.51555555555556,ST JOHN'S WEST CDA CS,8403605,8403605.2005.7.6,2005-07-06 00:00:00,NL,2005,7,6,18.2,,10.5,,25.8,,0,,,,,,0,,,,,,0.2,,0,,,,,
-52.78472222222222,47.51555555555556,ST JOHN'S WEST CDA CS,8403605,8403605.2005.7.7,2005-07-07 00:00:00,NL,2005,7,7,12.9,,9.8,,15.9,,0.6,E,,,,,0,,,,,,0,,5.1,,,,,
-52.78472222222222,47.51555555555556,ST JOHN'S WEST CDA CS,8403605,8403605.2005.7.8,2005-07-08 00:00:00,NL,2005,7,8,14.6,,6.3,,22.9,,0,T,,,,,0,,,,,,0,,3.4,,,,,
-52.78472222222222,47.51555555555556,ST JOHN'S WEST CDA CS,8403605,8403605.2005.7.9,2005-07-09 00:00:00,NL,2005,7,9,18.6,,12.1,,25,,0.2,E,,,,,0,,,,,,0.6,,0,,,,,
-52.78472222222222,47.51555555555556,ST JOHN'S WEST CDA CS,8403605,8403605.2005.7.10,2005-07-10 00:00:00,NL,2005,7,10,18.3,,11.3,,25.2,,0.5,E,,,,,0,,,,,,0.3,,0,,,,,
-52.78472222222222,47.51555555555556,ST JOHN'S WEST CDA CS,8403605,8403605.2005.7.11,2005-07-11 00:00:00,NL,2005,7,11,17.2,,13.4,,20.9,,0.3,E,,,,,0,,,,,,0,,0.8,,,,,
-52.78472222222222,47.51555555555556,ST JOHN'S WEST CDA CS,8403605,8403605.2005.7.12,2005-07-12 00:00:00,NL,2005,7,12,19.4,,14.7,,24,,0.4,E,,,,,0,,,,,,1.4,,0,,,,,
-52.78472222222222,47.51555555555556,ST JOHN'S WEST CDA CS,8403605,8403605.2005.7.13,2005-07-13 00:00:00,NL,2005,7,13,20.9,,15.8,,25.9,,1.3,E,,,,,0,,,,,,2.9,,0,,,,,
-52.78472222222222,47.51555555555556,ST JOHN'S WEST CDA CS,8403605,8403605.2005.7.14,2005-07-14 00:00:00,NL,2005,7,14,19.2,,14.8,,23.6,,0.6,E,,,,,0,,,,,,1.2,,0,,,,,
-52.78472222222222,47.51555555555556,ST JOHN'S WEST CDA CS,8403605,8403605.2005.7.15,2005-07-15 00:00:00,NL,2005,7,15,19.5,,13.7,,25.2,,0.2,E,,,,,0,,,,,,1.5,,0,,,,,
-52.78472222222222,47.51555555555556,ST JOHN'S WEST CDA CS,8403605,8403605.2005.7.16,2005-07-16 00:00:00,NL,2005,7,16,17.7,,14.3,,21,,5.4,E,,,,,0,,,,,,0,,0.3,,,,,
-52.78472222222222,47.51555555555556,ST JOHN'S WEST CDA CS,8403605,8403605.2005.7.17,2005-07-17 00:00:00,NL,2005,7,17,17.6,,14.6,,20.6,,0.6,E,,,,,0,,,,,,0,,0.4,,,,,
-52.78472222222222,47.51555555555556,ST JOHN'S WEST CDA CS,8403605,8403605.2005.7.18,2005-07-18 00:00:00,NL,2005,7,18,21.2,,15.4,,27,,0.2,E,,,,,0,,,,,,3.2,,0,,,,,
-52.78472222222222,47.51555555555556,ST JOHN'S WEST CDA CS,8403605,8403605.2005.7.19,2005-07-19 00:00:00,NL,2005,7,19,20.1,,12.5,,27.6,,6.1,E,,,,,0,,,,,,2.1,,0,,,,,
-52.78472222222222,47.51555555555556,ST JOHN'S WEST CDA CS,8403605,8403605.2005.7.20,2005-07-20 00:00:00,NL,2005,7,20,24,,19.9,,28,,0.6,E,,,,,0,,,,,,6,,0,,,,,
-52.78472222222222,47.51555555555556,ST JOHN'S WEST CDA CS,8403605,8403605.2005.7.21,2005-07-21 00:00:00,NL,2005,7,21,23.9,,19.6,,28.2,,0.2,E,,,,,0,,,,,,5.9,,0,,,,,
-52.78472222222222,47.51555555555556,ST JOHN'S WEST CDA CS,8403605,8403605.2005.7.22,2005-07-22 00:00:00,NL,2005,7,22,22.8,,17.8,,27.8,,0.5,E,,,,,0,,,,,,4.8,,0,,,,,
-52.78472222222222,47.51555555555556,ST JOHN'S WEST CDA CS,8403605,8403605.2005.7.23,2005-07-23 00:00:00,NL,2005,7,23,20.3,,13.3,,27.2,,0.2,E,,,,,0,,,,,,2.3,,0,,,,,
-52.78472222222222,47.51555555555556,ST JOHN'S WEST CDA CS,8403605,8403605.2005.7.24,2005-07-24 00:00:00,NL,2005,7,24,17,,16.4,,17.6,,10.7,E,,,,,0,,,,,,0,,1,,,,,
-52.78472222222222,47.51555555555556,ST JOHN'S WEST CDA CS,8403605,8403605.2005.7.25,2005-07-25 00:00:00,NL,2005,7,25,17.7,,14.2,,21.1,,0,,,,,,0,,,,,,0,,0.3,,,,,
-52.78472222222222,47.51555555555556,ST JOHN'S WEST CDA CS,8403605,8403605.2005.7.26,2005-07-26 00:00:00,NL,2005,7,26,16.3,,13.7,,18.8,,1.6,E,,,,,0,,,,,,0,,1.7,,,,,
-52.78472222222222,47.51555555555556,ST JOHN'S WEST CDA CS,8403605,8403605.2005.7.27,2005-07-27 00:00:00,NL,2005,7,27,19.5,,15.2,,23.7,,1.6,E,,,,,0,,,,,,1.5,,0,,,,,
-52.78472222222222,47.51555555555556,ST JOHN'S WEST CDA CS,8403605,8403605.2005.7.28,2005-07-28 00:00:00,NL,2005,7,28,22.6,,19.6,,25.6,,0.4,E,,,,,0,,,,,,4.6,,0,,,,,
-52.78472222222222,47.51555555555556,ST JOHN'S WEST CDA CS,8403605,8403605.2005.7.29,2005-07-29 00:00:00,NL,2005,7,29,19.7,,16,,23.3,,17.6,E,,,,,0,,,,,,1.7,,0,,,,,
-52.78472222222222,47.51555555555556,ST JOHN'S WEST CDA CS,8403605,8403605.2005.7.30,2005-07-30 00:00:00,NL,2005,7,30,21,,16.1,,25.8,,2.6,E,,,,,0,,,,,,3,,0,,,,,
-52.78472222222222,47.51555555555556,ST JOHN'S WEST CDA CS,8403605,8403605.2005.7.31,2005-07-31 00:00:00,NL,2005,7,31,17.3,,11.1,,23.5,,0.3,E,,,,,0,,,,,,0,,0.7,,,,,
-52.78472222222222,47.51555555555556,ST JOHN'S WEST CDA CS,8403605,8403605.2005.8.1,2005-08-01 00:00:00,NL,2005,8,1,16.7,,10.7,,22.6,,0.4,E,,,,,0,,,,,,0,,1.3,,,,,
-52.78472222222222,47.51555555555556,ST JOHN'S WEST CDA CS,8403605,8403605.2005.8.2,2005-08-02 00:00:00,NL,2005,8,2,14.4,,9.1,,19.6,,0.2,E,,,,,0,,,,,,0,,3.6,,,,,
-52.78472222222222,47.51555555555556,ST JOHN'S WEST CDA CS,8403605,8403605.2005.8.3,2005-08-03 00:00:00,NL,2005,8,3,15.9,,11.8,,19.9,,3,E,,,,,0,,,,,,0,,2.1,,,,,
-52.78472222222222,47.51555555555556,ST JOHN'S WEST CDA CS,8403605,8403605.2005.8.4,2005-08-04 00:00:00,NL,2005,8,4,18.8,,15.4,,22.1,,1.5,E,,,,,0,,,,,,0.8,,0,,,,,
-52.78472222222222,47.51555555555556,ST JOHN'S WEST CDA CS,8403605,8403605.2005.8.5,2005-08-05 00:00:00,NL,2005,8,5,15.9,,13.2,,18.5,,0.6,E,,,,,0,,,,,,0,,2.1,,,,,
-52.78472222222222,47.51555555555556,ST JOHN'S WEST CDA CS,8403605,8403605.2005.8.6,2005-08-06 00:00:00,NL,2005,8,6,19,,14,,23.9,,0.6,E,,,,,0,,,,,,1,,0,,,,,
-52.78472222222222,47.51555555555556,ST JOHN'S WEST CDA CS,8403605,8403605.2005.8.7,2005-08-07 00:00:00,NL,2005,8,7,19.5,,13.7,,25.2,,0.3,E,,,,,0,,,,,,1.5,,0,,,,,
-52.78472222222222,47.51555555555556,ST JOHN'S WEST CDA CS,8403605,8403605.2005.8.8,2005-08-08 00:00:00,NL,2005,8,8,20.1,,12.7,,27.5,,0.4,E,,,,,0,,,,,,2.1,,0,,,,,
-52.78472222222222,47.51555555555556,ST JOHN'S WEST CDA CS,8403605,8403605.2005.8.9,2005-08-09 00:00:00,NL,2005,8,9,20.7,,15.3,,26,,0,T,,,,,0,,,,,,2.7,,0,,,,,
-52.78472222222222,47.51555555555556,ST JOHN'S WEST CDA CS,8403605,8403605.2005.8.10,2005-08-10 00:00:00,NL,2005,8,10,19.3,,13,,25.5,,0.3,E,,,,,0,,,,,,1.3,,0,,,,,
-52.78472222222222,47.51555555555556,ST JOHN'S WEST CDA CS,8403605,8403605.2005.8.11,2005-08-11 00:00:00,NL,2005,8,11,22.7,,19.2,,26.2,,3,E,,,,,0,,,,,,4.7,,0,,,,,
-52.78472222222222,47.51555555555556,ST JOHN'S WEST CDA CS,8403605,8403605.2005.8.12,2005-08-12 00:00:00,NL,2005,8,12,21.9,,19.2,,24.6,,0.4,E,,,,,0,,,,,,3.9,,0,,,,,
-52.78472222222222,47.51555555555556,ST JOHN'S WEST CDA CS,8403605,8403605.2005.8.13,2005-08-13 00:00:00,NL,2005,8,13,17.9,,12.5,,23.3,,0,,,,,,0,,,,,,0,,0.1,,,,,
-52.78472222222222,47.51555555555556,ST JOHN'S WEST CDA CS,8403605,8403605.2005.8.14,2005-08-14 00:00:00,NL,2005,8,14,19.4,,13.9,,24.8,,0.5,E,,,,,0,,,,,,1.4,,0,,,,,
-52.78472222222222,47.51555555555556,ST JOHN'S WEST CDA CS,8403605,8403605.2005.8.15,2005-08-15 00:00:00,NL,2005,8,15,18.7,,15.2,,22.2,,0.4,E,,,,,0,,,,,,0.7,,0,,,,,
-52.78472222222222,47.51555555555556,ST JOHN'S WEST CDA CS,8403605,8403605.2005.8.16,2005-08-16 00:00:00,NL,2005,8,16,18.1,,11.8,,24.3,,0.2,E,,,,,0,,,,,,0.1,,0,,,,,
-52.78472222222222,47.51555555555556,ST JOHN'S WEST CDA CS,8403605,8403605.2005.8.17,2005-08-17 00:00:00,NL,2005,8,17,15.3,,11.1,,19.4,,3.5,E,,,,,0,,,,,,0,,2.7,,,,,
-52.78472222222222,47.51555555555556,ST JOHN'S WEST CDA CS,8403605,8403605.2005.8.18,2005-08-18 00:00:00,NL,2005,8,18,19.1,,15.4,,22.7,,0.6,E,,,,,0,,,,,,1.1,,0,,,,,
-52.78472222222222,47.51555555555556,ST JOHN'S WEST CDA CS,8403605,8403605.2005.8.19,2005-08-19 00:00:00,NL,2005,8,19,15.6,,10,,21.1,,0.3,E,,,,,0,,,,,,0,,2.4,,,,,
-52.78472222222222,47.51555555555556,ST JOHN'S WEST CDA CS,8403605,8403605.2005.8.20,2005-08-20 00:00:00,NL,2005,8,20,16,,10.2,,21.7,,0.2,E,,,,,0,,,,,,0,,2,,,,,
-52.78472222222222,47.51555555555556,ST JOHN'S WEST CDA CS,8403605,8403605.2005.8.21,2005-08-21 00:00:00,NL,2005,8,21,17,,11.3,,22.6,,4.1,E,,,,,0,,,,,,0,,1,,,,,
-52.78472222222222,47.51555555555556,ST JOHN'S WEST CDA CS,8403605,8403605.2005.8.22,2005-08-22 00:00:00,NL,2005,8,22,21.3,,17.4,,25.2,,19.8,E,,,,,0,,,,,,3.3,,0,,,,,
-52.78472222222222,47.51555555555556,ST JOHN'S WEST CDA CS,8403605,8403605.2005.8.23,2005-08-23 00:00:00,NL,2005,8,23,20.9,,18.6,,23.1,,1.1,E,,,,,0,,,,,,2.9,,0,,,,,
-52.78472222222222,47.51555555555556,ST JOHN'S WEST CDA CS,8403605,8403605.2005.8.24,2005-08-24 00:00:00,NL,2005,8,24,20,,16.8,,23.2,,45.5,E,,,,,0,,,,,,2,,0,,,,,
-52.78472222222222,47.51555555555556,ST JOHN'S WEST CDA CS,8403605,8403605.2005.8.25,2005-08-25 00:00:00,NL,2005,8,25,15.1,,14.5,,15.7,,23,E,,,,,0,,,,,,0,,2.9,,,,,
-52.78472222222222,47.51555555555556,ST JOHN'S WEST CDA CS,8403605,8403605.2005.8.26,2005-08-26 00:00:00,NL,2005,8,26,14.6,,13.7,,15.5,,16,E,,,,,0,,,,,,0,,3.4,,,,,
-52.78472222222222,47.51555555555556,ST JOHN'S WEST CDA CS,8403605,8403605.2005.8.27,2005-08-27 00:00:00,NL,2005,8,27,16.3,,11.3,,21.3,,0.8,E,,,,,0,,,,,,0,,1.7,,,,,
-52.78472222222222,47.51555555555556,ST JOHN'S WEST CDA CS,8403605,8403605.2005.8.28,2005-08-28 00:00:00,NL,2005,8,28,20.5,,15.5,,25.4,,0.5,E,,,,,0,,,,,,2.5,,0,,,,,
-52.78472222222222,47.51555555555556,ST JOHN'S WEST CDA CS,8403605,8403605.2005.8.29,2005-08-29 00:00:00,NL,2005,8,29,18.7,,15.4,,21.9,,0.6,E,,,,,0,,,,,,0.7,,0,,,,,
-52.78472222222222,47.51555555555556,ST JOHN'S WEST CDA CS,8403605,8403605.2005.8.30,2005-08-30 00:00:00,NL,2005,8,30,19.4,,13.3,,25.5,,1.2,E,,,,,0,,,,,,1.4,,0,,,,,
-52.78472222222222,47.51555555555556,ST JOHN'S WEST CDA CS,8403605,8403605.2005.8.31,2005-08-31 00:00:00,NL,2005,8,31,21.6,,17.4,,25.8,,1.3,E,,,,,0,,,,,,3.6,,0,,,,,
-52.78472222222222,47.51555555555556,ST JOHN'S WEST CDA CS,8403605,8403605.2005.9.1,2005-09-01 00:00:00,NL,2005,9,1,21.8,,18,,25.6,,0.9,E,,,,,0,,,,,,3.8,,0,,,,,
-52.78472222222222,47.51555555555556,ST JOHN'S WEST CDA CS,8403605,8403605.2005.9.2,2005-09-02 00:00:00,NL,2005,9,2,21.7,,18.4,,24.9,,6.6,E,,,,,0,,,,,,3.7,,0,,,,,
-52.78472222222222,47.51555555555556,ST JOHN'S WEST CDA CS,8403605,8403605.2005.9.3,2005-09-03 00:00:00,NL,2005,9,3,22.9,,20.8,,24.9,,1.3,E,,,,,0,,,,,,4.9,,0,,,,,
-52.78472222222222,47.51555555555556,ST JOHN'S WEST CDA CS,8403605,8403605.2005.9.4,2005-09-04 00:00:00,NL,2005,9,4,19.9,,14.1,,25.7,,0.6,E,,,,,0,,,,,,1.9,,0,,,,,
-52.78472222222222,47.51555555555556,ST JOHN'S WEST CDA CS,8403605,8403605.2005.9.5,2005-09-05 00:00:00,NL,2005,9,5,15.4,,10.3,,20.4,,0,,,,,,0,,,,,,0,,2.6,,,,,
-52.78472222222222,47.51555555555556,ST JOHN'S WEST CDA CS,8403605,8403605.2005.9.6,2005-09-06 00:00:00,NL,2005,9,6,14.1,,8.9,,19.3,,0,,,,,,0,,,,,,0,,3.9,,,,,
-52.78472222222222,47.51555555555556,ST JOHN'S WEST CDA CS,8403605,8403605.2005.9.7,2005-09-07 00:00:00,NL,2005,9,7,17.2,,10.8,,23.5,,0,,,,,,0,,,,,,0,,0.8,,,,,
-52.78472222222222,47.51555555555556,ST JOHN'S WEST CDA CS,8403605,8403605.2005.9.8,2005-09-08 00:00:00,NL,2005,9,8,20.4,,15.4,,25.3,,0,,,,,,0,,,,,,2.4,,0,,,,,
-52.78472222222222,47.51555555555556,ST JOHN'S WEST CDA CS,8403605,8403605.2005.9.9,2005-09-09 00:00:00,NL,2005,9,9,18.4,,13.3,,23.5,,0.6,E,,,,,0,,,,,,0.4,,0,,,,,
-52.78472222222222,47.51555555555556,ST JOHN'S WEST CDA CS,8403605,8403605.2005.9.10,2005-09-10 00:00:00,NL,2005,9,10,17,,14.3,,19.7,,32.8,E,,,,,0,,,,,,0,,1,,,,,
-52.78472222222222,47.51555555555556,ST JOHN'S WEST CDA CS,8403605,8403605.2005.9.11,2005-09-11 00:00:00,NL,2005,9,11,11.4,,11.1,,11.7,,13,E,,,,,0,,,,,,0,,6.6,,,,,
-52.78472222222222,47.51555555555556,ST JOHN'S WEST CDA CS,8403605,8403605.2005.9.12,2005-09-12 00:00:00,NL,2005,9,12,10.4,,9.1,,11.6,,4,E,,,,,0,,,,,,0,,7.6,,,,,
-52.78472222222222,47.51555555555556,ST JOHN'S WEST CDA CS,8403605,8403605.2005.9.13,2005-09-13 00:00:00,NL,2005,9,13,10.9,,8.9,,12.8,,1,E,,,,,0,,,,,,0,,7.1,,,,,
-52.78472222222222,47.51555555555556,ST JOHN'S WEST CDA CS,8403605,8403605.2005.9.14,2005-09-14 00:00:00,NL,2005,9,14,13.5,,10.9,,16,,0,,,,,,0,,,,,,0,,4.5,,,,,
-52.78472222222222,47.51555555555556,ST JOHN'S WEST CDA CS,8403605,8403605.2005.9.15,2005-09-15 00:00:00,NL,2005,9,15,16,,8.4,,23.6,,0.7,E,,,,,0,,,,,,0,,2,,,,,
-52.78472222222222,47.51555555555556,ST JOHN'S WEST CDA CS,8403605,8403605.2005.9.16,2005-09-16 00:00:00,NL,2005,9,16,17.3,,13.7,,20.8,,1.6,E,,,,,0,,,,,,0,,0.7,,,,,
-52.78472222222222,47.51555555555556,ST JOHN'S WEST CDA CS,8403605,8403605.2005.9.17,2005-09-17 00:00:00,NL,2005,9,17,11.6,,10.6,,12.5,,5,E,,,,,0,,,,,,0,,6.4,,,,,
-52.78472222222222,47.51555555555556,ST JOHN'S WEST CDA CS,8403605,8403605.2005.9.18,2005-09-18 00:00:00,NL,2005,9,18,14,,10,,17.9,,41,E,,,,,0,,,,,,0,,4,,,,,
-52.78472222222222,47.51555555555556,ST JOHN'S WEST CDA CS,8403605,8403605.2005.9.19,2005-09-19 00:00:00,NL,2005,9,19,13.5,,10.4,,16.5,,6.1,E,,,,,0,,,,,,0,,4.5,,,,,
-52.78472222222222,47.51555555555556,ST JOHN'S WEST CDA CS,8403605,8403605.2005.9.20,2005-09-20 00:00:00,NL,2005,9,20,15.6,,11.8,,19.3,,0.4,E,,,,,0,,,,,,0,,2.4,,,,,
-52.78472222222222,47.51555555555556,ST JOHN'S WEST CDA CS,8403605,8403605.2005.9.21,2005-09-21 00:00:00,NL,2005,9,21,13.1,,10,,16.1,,8.2,E,,,,,0,,,,,,0,,4.9,,,,,
-52.78472222222222,47.51555555555556,ST JOHN'S WEST CDA CS,8403605,8403605.2005.9.22,2005-09-22 00:00:00,NL,2005,9,22,14,,11.9,,16.1,,0.5,E,,,,,0,,,,,,0,,4,,,,,
-52.78472222222222,47.51555555555556,ST JOHN'S WEST CDA CS,8403605,8403605.2005.9.23,2005-09-23 00:00:00,NL,2005,9,23,15.9,,12.2,,19.6,,2.3,E,,,,,0,,,,,,0,,2.1,,,,,
-52.78472222222222,47.51555555555556,ST JOHN'S WEST CDA CS,8403605,8403605.2005.9.24,2005-09-24 00:00:00,NL,2005,9,24,13.4,,10.6,,16.1,,3.5,E,,,,,0,,,,,,0,,4.6,,,,,
-52.78472222222222,47.51555555555556,ST JOHN'S WEST CDA CS,8403605,8403605.2005.9.25,2005-09-25 00:00:00,NL,2005,9,25,11,,7.7,,14.3,,0.2,E,,,,,0,,,,,,0,,7,,,,,
-52.78472222222222,47.51555555555556,ST JOHN'S WEST CDA CS,8403605,8403605.2005.9.26,2005-09-26 00:00:00,NL,2005,9,26,12.7,,7.5,,17.9,,0.7,E,,,,,0,,,,,,0,,5.3,,,,,
-52.78472222222222,47.51555555555556,ST JOHN'S WEST CDA CS,8403605,8403605.2005.9.27,2005-09-27 00:00:00,NL,2005,9,27,18.1,,15,,21.1,,1.6,E,,,,,0,,,,,,0.1,,0,,,,,
-52.78472222222222,47.51555555555556,ST JOHN'S WEST CDA CS,8403605,8403605.2005.9.28,2005-09-28 00:00:00,NL,2005,9,28,11.5,,9.3,,13.7,,0.4,E,,,,,0,,,,,,0,,6.5,,,,,
-52.78472222222222,47.51555555555556,ST JOHN'S WEST CDA CS,8403605,8403605.2005.9.29,2005-09-29 00:00:00,NL,2005,9,29,10.1,,2.9,,17.3,,0.2,E,,,,,0,,,,,,0,,7.9,,,,,
-52.78472222222222,47.51555555555556,ST JOHN'S WEST CDA CS,8403605,8403605.2005.9.30,2005-09-30 00:00:00,NL,2005,9,30,13.7,,9.9,,17.4,,11.8,E,,,,,0,,,,,,0,,4.3,,,,,
-52.78472222222222,47.51555555555556,ST JOHN'S WEST CDA CS,8403605,8403605.2005.10.1,2005-10-01 00:00:00,NL,2005,10,1,12.8,,9.8,,15.8,,0.7,E,,,,,0,,,,,,0,,5.2,,,,,
-52.78472222222222,47.51555555555556,ST JOHN'S WEST CDA CS,8403605,8403605.2005.10.2,2005-10-02 00:00:00,NL,2005,10,2,12.1,,6.3,,17.9,,0.6,E,,,,,0,,,,,,0,,5.9,,,,,
-52.78472222222222,47.51555555555556,ST JOHN'S WEST CDA CS,8403605,8403605.2005.10.3,2005-10-03 00:00:00,NL,2005,10,3,12.2,,9.2,,15.2,,0.4,E,,,,,0,,,,,,0,,5.8,,,,,
-52.78472222222222,47.51555555555556,ST JOHN'S WEST CDA CS,8403605,8403605.2005.10.4,2005-10-04 00:00:00,NL,2005,10,4,13.6,,5.3,,21.8,,0,T,,,,,0,,,,,,0,,4.4,,,,,
-52.78472222222222,47.51555555555556,ST JOHN'S WEST CDA CS,8403605,8403605.2005.10.5,2005-10-05 00:00:00,NL,2005,10,5,12,,8.1,,15.9,,0.9,E,,,,,0,,,,,,0,,6,,,,,
-52.78472222222222,47.51555555555556,ST JOHN'S WEST CDA CS,8403605,8403605.2005.10.6,2005-10-06 00:00:00,NL,2005,10,6,8.9,,7.7,,10,,0.2,E,,,,,0,,,,,,0,,9.1,,,,,
-52.78472222222222,47.51555555555556,ST JOHN'S WEST CDA CS,8403605,8403605.2005.10.7,2005-10-07 00:00:00,NL,2005,10,7,12.7,,6.3,,19.1,,3.6,E,,,,,0,,,,,,0,,5.3,,,,,
-52.78472222222222,47.51555555555556,ST JOHN'S WEST CDA CS,8403605,8403605.2005.10.8,2005-10-08 00:00:00,NL,2005,10,8,16.3,,13.4,,19.1,,18.4,E,,,,,0,,,,,,0,,1.7,,,,,
-52.78472222222222,47.51555555555556,ST JOHN'S WEST CDA CS,8403605,8403605.2005.10.9,2005-10-09 00:00:00,NL,2005,10,9,8,,7.2,,8.8,,0.2,E,,,,,0,,,,,,0,,10,,,,,
-52.78472222222222,47.51555555555556,ST JOHN'S WEST CDA CS,8403605,8403605.2005.10.10,2005-10-10 00:00:00,NL,2005,10,10,7.9,,5.2,,10.5,,7.8,E,,,,,0,,,,,,0,,10.1,,,,,
-52.78472222222222,47.51555555555556,ST JOHN'S WEST CDA CS,8403605,8403605.2005.10.11,2005-10-11 00:00:00,NL,2005,10,11,9.1,,2.8,,15.4,,5.1,E,,,,,0,,,,,,0,,8.9,,,,,
-52.78472222222222,47.51555555555556,ST JOHN'S WEST CDA CS,8403605,8403605.2005.10.12,2005-10-12 00:00:00,NL,2005,10,12,7.1,,5.7,,8.4,,0.5,E,,,,,0,,,,,,0,,10.9,,,,,
-52.78472222222222,47.51555555555556,ST JOHN'S WEST CDA CS,8403605,8403605.2005.10.13,2005-10-13 00:00:00,NL,2005,10,13,7.8,,4.9,,10.6,,0.7,E,,,,,0,,,,,,0,,10.2,,,,,
-52.78472222222222,47.51555555555556,ST JOHN'S WEST CDA CS,8403605,8403605.2005.10.14,2005-10-14 00:00:00,NL,2005,10,14,7.9,,3.6,,12.1,,0.4,E,,,,,0,,,,,,0,,10.1,,,,,
-52.78472222222222,47.51555555555556,ST JOHN'S WEST CDA CS,8403605,8403605.2005.10.15,2005-10-15 00:00:00,NL,2005,10,15,5.2,,0.7,,9.7,,7.1,E,,,,,0,,,,,,0,,12.8,,,,,
-52.78472222222222,47.51555555555556,ST JOHN'S WEST CDA CS,8403605,8403605.2005.10.16,2005-10-16 00:00:00,NL,2005,10,16,9.6,,6.1,,13,,15.8,E,,,,,0,,,,,,0,,8.4,,,,,
-52.78472222222222,47.51555555555556,ST JOHN'S WEST CDA CS,8403605,8403605.2005.10.17,2005-10-17 00:00:00,NL,2005,10,17,11,,7.1,,14.8,,6.7,E,,,,,0,,,,,,0,,7,,,,,
-52.78472222222222,47.51555555555556,ST JOHN'S WEST CDA CS,8403605,8403605.2005.10.18,2005-10-18 00:00:00,NL,2005,10,18,12.4,,8.9,,15.9,,1,E,,,,,0,,,,,,0,,5.6,,,,,
-52.78472222222222,47.51555555555556,ST JOHN'S WEST CDA CS,8403605,8403605.2005.10.19,2005-10-19 00:00:00,NL,2005,10,19,12.4,,9.1,,15.7,,0.5,E,,,,,0,,,,,,0,,5.6,,,,,
-52.78472222222222,47.51555555555556,ST JOHN'S WEST CDA CS,8403605,8403605.2005.10.20,2005-10-20 00:00:00,NL,2005,10,20,11.4,,8.1,,14.7,,0.7,E,,,,,0,,,,,,0,,6.6,,,,,
-52.78472222222222,47.51555555555556,ST JOHN'S WEST CDA CS,8403605,8403605.2005.10.21,2005-10-21 00:00:00,NL,2005,10,21,10.3,,8.5,,12,,0,,,,,,0,,,,,,0,,7.7,,,,,
-52.78472222222222,47.51555555555556,ST JOHN'S WEST CDA CS,8403605,8403605.2005.10.22,2005-10-22 00:00:00,NL,2005,10,22,9.1,,7.9,,10.2,,2.6,E,,,,,0,,,,,,0,,8.9,,,,,
-52.78472222222222,47.51555555555556,ST JOHN'S WEST CDA CS,8403605,8403605.2005.10.23,2005-10-23 00:00:00,NL,2005,10,23,7.4,,6.3,,8.4,,6.1,E,,,,,0,,,,,,0,,10.6,,,,,
-52.78472222222222,47.51555555555556,ST JOHN'S WEST CDA CS,8403605,8403605.2005.10.24,2005-10-24 00:00:00,NL,2005,10,24,7,,5.7,,8.3,,1.3,E,,,,,0,,,,,,0,,11,,,,,
-52.78472222222222,47.51555555555556,ST JOHN'S WEST CDA CS,8403605,8403605.2005.10.25,2005-10-25 00:00:00,NL,2005,10,25,6.9,,6.2,,7.6,,4.7,E,,,,,0,,,,,,0,,11.1,,,,,
-52.78472222222222,47.51555555555556,ST JOHN'S WEST CDA CS,8403605,8403605.2005.10.26,2005-10-26 00:00:00,NL,2005,10,26,7.3,,5.9,,8.6,,10.2,E,,,,,0,,,,,,0,,10.7,,,,,
-52.78472222222222,47.51555555555556,ST JOHN'S WEST CDA CS,8403605,8403605.2005.10.27,2005-10-27 00:00:00,NL,2005,10,27,7,,6.2,,7.7,,1,E,,,,,0,,,,,,0,,11,,,,,
-52.78472222222222,47.51555555555556,ST JOHN'S WEST CDA CS,8403605,8403605.2005.10.28,2005-10-28 00:00:00,NL,2005,10,28,6,,3.8,,8.1,,0,,,,,,0,,,,,,0,,12,,,,,
-52.78472222222222,47.51555555555556,ST JOHN'S WEST CDA CS,8403605,8403605.2005.10.29,2005-10-29 00:00:00,NL,2005,10,29,7.9,,5,,10.7,,0,T,,,,,0,,,,,,0,,10.1,,,,,
-52.78472222222222,47.51555555555556,ST JOHN'S WEST CDA CS,8403605,8403605.2005.10.30,2005-10-30 00:00:00,NL,2005,10,30,6.1,,4.4,,7.8,,0.4,E,,,,,0,,,,,,0,,11.9,,,,,
-52.78472222222222,47.51555555555556,ST JOHN'S WEST CDA CS,8403605,8403605.2005.10.31,2005-10-31 00:00:00,NL,2005,10,31,6.3,,4.2,,8.3,,0.6,E,,,,,0,,,,,,0,,11.7,,,,,
-52.78472222222222,47.51555555555556,ST JOHN'S WEST CDA CS,8403605,8403605.2005.11.1,2005-11-01 00:00:00,NL,2005,11,1,5,,0.1,,9.8,,,M,,,,,0,,,,,,0,,13,,,,,
-52.78472222222222,47.51555555555556,ST JOHN'S WEST CDA CS,8403605,8403605.2005.11.2,2005-11-02 00:00:00,NL,2005,11,2,12,,6.4,,17.6,,,M,,,,,0,,,,,,0,,6,,,,,
-52.78472222222222,47.51555555555556,ST JOHN'S WEST CDA CS,8403605,8403605.2005.11.3,2005-11-03 00:00:00,NL,2005,11,3,4.6,,3.6,,5.5,,,M,,,,,0,,,,,,0,,13.4,,,,,
-52.78472222222222,47.51555555555556,ST JOHN'S WEST CDA CS,8403605,8403605.2005.11.4,2005-11-04 00:00:00,NL,2005,11,4,4.3,,2.8,,5.7,,0,,,,,,0,,,,,,0,,13.7,,,,,
-52.78472222222222,47.51555555555556,ST JOHN'S WEST CDA CS,8403605,8403605.2005.11.5,2005-11-05 00:00:00,NL,2005,11,5,0.1,,-3.5,,3.6,,,M,,,,,0,,,,,,0,,17.9,,,,,
-52.78472222222222,47.51555555555556,ST JOHN'S WEST CDA CS,8403605,8403605.2005.11.6,2005-11-06 00:00:00,NL,2005,11,6,2.2,,0.9,,3.5,,0,,,,,,0,,,,,,0,,15.8,,,,,
-52.78472222222222,47.51555555555556,ST JOHN'S WEST CDA CS,8403605,8403605.2005.11.7,2005-11-07 00:00:00,NL,2005,11,7,4.4,,-4.4,,13.1,,,M,,,,,0,,,,,,0,,13.6,,,,,
-52.78472222222222,47.51555555555556,ST JOHN'S WEST CDA CS,8403605,8403605.2005.11.8,2005-11-08 00:00:00,NL,2005,11,8,6.6,,5.2,,7.9,,0,L,,,,,0,,,,,,0,,11.4,,,,,
-52.78472222222222,47.51555555555556,ST JOHN'S WEST CDA CS,8403605,8403605.2005.11.9,2005-11-09 00:00:00,NL,2005,11,9,4.4,,2.3,,6.5,,,M,,,,,0,,,,,,0,,13.6,,,,,
-52.78472222222222,47.51555555555556,ST JOHN'S WEST CDA CS,8403605,8403605.2005.11.10,2005-11-10 00:00:00,NL,2005,11,10,4.5,,-1.7,,10.7,,0,,,,,,0,,,,,,0,,13.5,,,,,
-52.78472222222222,47.51555555555556,ST JOHN'S WEST CDA CS,8403605,8403605.2005.11.11,2005-11-11 00:00:00,NL,2005,11,11,9.8,,5.4,,14.1,,,M,,,,,0,,,,,,0,,8.2,,,,,
-52.78472222222222,47.51555555555556,ST JOHN'S WEST CDA CS,8403605,8403605.2005.11.12,2005-11-12 00:00:00,NL,2005,11,12,4.6,,2.8,,6.3,,,M,,,,,0,,,,,,0,,13.4,,,,,
-52.78472222222222,47.51555555555556,ST JOHN'S WEST CDA CS,8403605,8403605.2005.11.13,2005-11-13 00:00:00,NL,2005,11,13,3.2,,2.2,,4.2,,,M,,,,,0,,,,,,0,,14.8,,,,,
-52.78472222222222,47.51555555555556,ST JOHN'S WEST CDA CS,8403605,8403605.2005.11.14,2005-11-14 00:00:00,NL,2005,11,14,6.2,,1.6,,10.7,,0,L,,,,,0,,,,,,0,,11.8,,,,,
-52.78472222222222,47.51555555555556,ST JOHN'S WEST CDA CS,8403605,8403605.2005.11.15,2005-11-15 00:00:00,NL,2005,11,15,6.5,,4.3,,8.6,,0,,,,,,0,,,,,,0,,11.5,,,,,
-52.78472222222222,47.51555555555556,ST JOHN'S WEST CDA CS,8403605,8403605.2005.11.16,2005-11-16 00:00:00,NL,2005,11,16,3.8,,1.6,,5.9,,,M,,,,,0,,,,,,0,,14.2,,,,,
-52.78472222222222,47.51555555555556,ST JOHN'S WEST CDA CS,8403605,8403605.2005.11.17,2005-11-17 00:00:00,NL,2005,11,17,8.1,,-1.4,,17.5,,0,L,,,,,0,,,,,,0,,9.9,,,,,
-52.78472222222222,47.51555555555556,ST JOHN'S WEST CDA CS,8403605,8403605.2005.11.18,2005-11-18 00:00:00,NL,2005,11,18,10.7,,6.1,,15.3,,0,L,,,,,0,,,,,,0,,7.3,,,,,
-52.78472222222222,47.51555555555556,ST JOHN'S WEST CDA CS,8403605,8403605.2005.11.19,2005-11-19 00:00:00,NL,2005,11,19,1.1,,-2.3,,4.4,,0,,,,,,0,,,,,,0,,16.9,,,,,
-52.78472222222222,47.51555555555556,ST JOHN'S WEST CDA CS,8403605,8403605.2005.11.20,2005-11-20 00:00:00,NL,2005,11,20,1.8,,-1.9,,5.5,,0,,,,,,0,,,,,,0,,16.2,,,,,
-52.78472222222222,47.51555555555556,ST JOHN'S WEST CDA CS,8403605,8403605.2005.11.21,2005-11-21 00:00:00,NL,2005,11,21,3.6,,-0.1,,7.3,,,M,,,,,0,,,,,,0,,14.4,,,,,
-52.78472222222222,47.51555555555556,ST JOHN'S WEST CDA CS,8403605,8403605.2005.11.22,2005-11-22 00:00:00,NL,2005,11,22,9.1,,5.6,,12.5,,0,,,,,,0,,,,,,0,,8.9,,,,,
-52.78472222222222,47.51555555555556,ST JOHN'S WEST CDA CS,8403605,8403605.2005.11.23,2005-11-23 00:00:00,NL,2005,11,23,9.1,,6.6,,11.5,,,M,,,,,0,,,,,,0,,8.9,,,,,
-52.78472222222222,47.51555555555556,ST JOHN'S WEST CDA CS,8403605,8403605.2005.11.24,2005-11-24 00:00:00,NL,2005,11,24,10.2,,8.5,,11.9,,0,L,,,,,0,,,,,,0,,7.8,,,,,
-52.78472222222222,47.51555555555556,ST JOHN'S WEST CDA CS,8403605,8403605.2005.11.25,2005-11-25 00:00:00,NL,2005,11,25,10.8,,8.1,,13.5,,,M,,,,,0,,,,,,0,,7.2,,,,,
-52.78472222222222,47.51555555555556,ST JOHN'S WEST CDA CS,8403605,8403605.2005.11.26,2005-11-26 00:00:00,NL,2005,11,26,7.2,,3.8,,10.5,,,M,,,,,0,,,,,,0,,10.8,,,,,
-52.78472222222222,47.51555555555556,ST JOHN'S WEST CDA CS,8403605,8403605.2005.11.27,2005-11-27 00:00:00,NL,2005,11,27,2.6,,2.2,,2.9,,0,L,,,,,0,,,,,,0,,15.4,,,,,
-52.78472222222222,47.51555555555556,ST JOHN'S WEST CDA CS,8403605,8403605.2005.11.28,2005-11-28 00:00:00,NL,2005,11,28,1.9,,0.7,,3.1,,0,,,,,,0,,,,,,0,,16.1,,,,,
-52.78472222222222,47.51555555555556,ST JOHN'S WEST CDA CS,8403605,8403605.2005.11.29,2005-11-29 00:00:00,NL,2005,11,29,-0.1,,-4.9,,4.8,,0,,,,,,0,,,,,,0,,18.1,,,,,
-52.78472222222222,47.51555555555556,ST JOHN'S WEST CDA CS,8403605,8403605.2005.11.30,2005-11-30 00:00:00,NL,2005,11,30,5.1,,0.1,,10,,0,,,,,,0,,,,,,0,,12.9,,,,,
-52.78472222222222,47.51555555555556,ST JOHN'S WEST CDA CS,8403605,8403605.2005.12.1,2005-12-01 00:00:00,NL,2005,12,1,7.2,,0.7,,13.7,,14,,,,,,0,,,,,,0,,10.8,,,,,
-52.78472222222222,47.51555555555556,ST JOHN'S WEST CDA CS,8403605,8403605.2005.12.2,2005-12-02 00:00:00,NL,2005,12,2,5.2,,1.1,,9.3,,21.1,,,,,,0,,,,,,0,,12.8,,,,,
-52.78472222222222,47.51555555555556,ST JOHN'S WEST CDA CS,8403605,8403605.2005.12.3,2005-12-03 00:00:00,NL,2005,12,3,8.6,,5.7,,11.5,,1,,,,,,0,,,,,,0,,9.4,,,,,
-52.78472222222222,47.51555555555556,ST JOHN'S WEST CDA CS,8403605,8403605.2005.12.4,2005-12-04 00:00:00,NL,2005,12,4,3.5,,1.3,,5.7,,6.7,,,,,,0,,,,,,0,,14.5,,,,,
-52.78472222222222,47.51555555555556,ST JOHN'S WEST CDA CS,8403605,8403605.2005.12.5,2005-12-05 00:00:00,NL,2005,12,5,3.5,,1.1,,5.8,,15.7,,,,,,0,,,,,,0,,14.5,,,,,
-52.78472222222222,47.51555555555556,ST JOHN'S WEST CDA CS,8403605,8403605.2005.12.6,2005-12-06 00:00:00,NL,2005,12,6,-0.3,,-1.7,,1.1,,11.5,,,,,,6,,,,,,0,,18.3,,,,,
-52.78472222222222,47.51555555555556,ST JOHN'S WEST CDA CS,8403605,8403605.2005.12.7,2005-12-07 00:00:00,NL,2005,12,7,-0.5,,-2.4,,1.5,,0,,,,,,16,,,,,,0,,18.5,,,,,
-52.78472222222222,47.51555555555556,ST JOHN'S WEST CDA CS,8403605,8403605.2005.12.8,2005-12-08 00:00:00,NL,2005,12,8,-2.3,,-3.7,,-0.9,,0,,,,,,10,,,,,,0,,20.3,,,,,
-52.78472222222222,47.51555555555556,ST JOHN'S WEST CDA CS,8403605,8403605.2005.12.9,2005-12-09 00:00:00,NL,2005,12,9,-2.4,,-7.2,,2.5,,3,,,,,,8,,,,,,0,,20.4,,,,,
-52.78472222222222,47.51555555555556,ST JOHN'S WEST CDA CS,8403605,8403605.2005.12.10,2005-12-10 00:00:00,NL,2005,12,10,1.3,,-3.1,,5.6,,27.3,,,,,,6,,,,,,0,,16.7,,,,,
-52.78472222222222,47.51555555555556,ST JOHN'S WEST CDA CS,8403605,8403605.2005.12.11,2005-12-11 00:00:00,NL,2005,12,11,2,,-0.7,,4.7,,0,,,,,,7,,,,,,0,,16,,,,,
-52.78472222222222,47.51555555555556,ST JOHN'S WEST CDA CS,8403605,8403605.2005.12.12,2005-12-12 00:00:00,NL,2005,12,12,3.8,,-2.2,,9.8,,23.2,,,,,,4,,,,,,0,,14.2,,,,,
-52.78472222222222,47.51555555555556,ST JOHN'S WEST CDA CS,8403605,8403605.2005.12.13,2005-12-13 00:00:00,NL,2005,12,13,4.2,,0.9,,7.4,,3.6,,,,,,0,,,,,,0,,13.8,,,,,
-52.78472222222222,47.51555555555556,ST JOHN'S WEST CDA CS,8403605,8403605.2005.12.14,2005-12-14 00:00:00,NL,2005,12,14,6.9,,3.3,,10.5,,18.3,,,,,,0,,,,,,0,,11.1,,,,,
-52.78472222222222,47.51555555555556,ST JOHN'S WEST CDA CS,8403605,8403605.2005.12.15,2005-12-15 00:00:00,NL,2005,12,15,5,,4.5,,5.5,,0,T,,,,,0,,,,,,0,,13,,,,,
-52.78472222222222,47.51555555555556,ST JOHN'S WEST CDA CS,8403605,8403605.2005.12.16,2005-12-16 00:00:00,NL,2005,12,16,1.4,,0.5,,2.3,,0.2,,,,,,0,,,,,,0,,16.6,,,,,
-52.78472222222222,47.51555555555556,ST JOHN'S WEST CDA CS,8403605,8403605.2005.12.17,2005-12-17 00:00:00,NL,2005,12,17,4,,-0.2,,8.2,,5.7,,,,,,0,,,,,,0,,14,,,,,
-52.78472222222222,47.51555555555556,ST JOHN'S WEST CDA CS,8403605,8403605.2005.12.18,2005-12-18 00:00:00,NL,2005,12,18,2.4,,1.6,,3.1,,0.3,,,,,,0,,,,,,0,,15.6,,,,,
-52.78472222222222,47.51555555555556,ST JOHN'S WEST CDA CS,8403605,8403605.2005.12.19,2005-12-19 00:00:00,NL,2005,12,19,-1.1,,-4.2,,2,,0.8,,,,,,0,,,,,,0,,19.1,,,,,
-52.78472222222222,47.51555555555556,ST JOHN'S WEST CDA CS,8403605,8403605.2005.12.20,2005-12-20 00:00:00,NL,2005,12,20,0.7,,-2.1,,3.5,,0.3,,,,,,0,,,,,,0,,17.3,,,,,
-52.78472222222222,47.51555555555556,ST JOHN'S WEST CDA CS,8403605,8403605.2005.12.21,2005-12-21 00:00:00,NL,2005,12,21,-1,,-3.1,,1.1,,0.8,,,,,,1,,,,,,0,,19,,,,,
-52.78472222222222,47.51555555555556,ST JOHN'S WEST CDA CS,8403605,8403605.2005.12.22,2005-12-22 00:00:00,NL,2005,12,22,-7.9,,-13,,-2.8,,0.2,,,,,,2,,,,,,0,,25.9,,,,,
-52.78472222222222,47.51555555555556,ST JOHN'S WEST CDA CS,8403605,8403605.2005.12.23,2005-12-23 00:00:00,NL,2005,12,23,-3.7,,-9.7,,2.3,,0.9,,,,,,3,,,,,,0,,21.7,,,,,
-52.78472222222222,47.51555555555556,ST JOHN'S WEST CDA CS,8403605,8403605.2005.12.24,2005-12-24 00:00:00,NL,2005,12,24,-2.9,,-3.7,,-2,,0.2,,,,,,3,,,,,,0,,20.9,,,,,
-52.78472222222222,47.51555555555556,ST JOHN'S WEST CDA CS,8403605,8403605.2005.12.25,2005-12-25 00:00:00,NL,2005,12,25,-2.3,,-6.3,,1.8,,0.2,,,,,,2,,,,,,0,,20.3,,,,,
-52.78472222222222,47.51555555555556,ST JOHN'S WEST CDA CS,8403605,8403605.2005.12.26,2005-12-26 00:00:00,NL,2005,12,26,2.3,,-1.7,,6.3,,26.3,,,,,,3,,,,,,0,,15.7,,,,,
-52.78472222222222,47.51555555555556,ST JOHN'S WEST CDA CS,8403605,8403605.2005.12.27,2005-12-27 00:00:00,NL,2005,12,27,4.7,,0.5,,8.9,,8.7,,,,,,5,,,,,,0,,13.3,,,,,
-52.78472222222222,47.51555555555556,ST JOHN'S WEST CDA CS,8403605,8403605.2005.12.28,2005-12-28 00:00:00,NL,2005,12,28,2.1,,1.7,,2.5,,2,,,,,,1,,,,,,0,,15.9,,,,,
-52.78472222222222,47.51555555555556,ST JOHN'S WEST CDA CS,8403605,8403605.2005.12.29,2005-12-29 00:00:00,NL,2005,12,29,3.7,,0.4,,7,,0.6,,,,,,0,,,,,,0,,14.3,,,,,
-52.78472222222222,47.51555555555556,ST JOHN'S WEST CDA CS,8403605,8403605.2005.12.30,2005-12-30 00:00:00,NL,2005,12,30,5.6,,1,,10.2,,5.1,,,,,,0,,,,,,0,,12.4,,,,,
-52.78472222222222,47.51555555555556,ST JOHN'S WEST CDA CS,8403605,8403605.2005.12.31,2005-12-31 00:00:00,NL,2005,12,31,8.2,,5.4,,10.9,,3.5,,,,,,0,,,,,,0,,9.8,,,,,
-52.78472222222222,47.51555555555556,ST JOHN'S WEST CDA CS,8403605,8403605.2006.1.1,2006-01-01 00:00:00,NL,2006,1,1,-0.4,,-0.9,,0.2,,1.4,E,,,,,0,,,,,,0,,18.4,,,,,
-52.78472222222222,47.51555555555556,ST JOHN'S WEST CDA CS,8403605,8403605.2006.1.2,2006-01-02 00:00:00,NL,2006,1,2,-0.5,,-1.7,,0.7,,2.8,E,,,,,1,,,,,,0,,18.5,,,,,
-52.78472222222222,47.51555555555556,ST JOHN'S WEST CDA CS,8403605,8403605.2006.1.3,2006-01-03 00:00:00,NL,2006,1,3,-3.9,,-4.5,,-3.3,,0,,,,,,13,,,,,,0,,21.9,,,,,
-52.78472222222222,47.51555555555556,ST JOHN'S WEST CDA CS,8403605,8403605.2006.1.4,2006-01-04 00:00:00,NL,2006,1,4,-5.1,,-12.7,,2.5,,42.7,E,,,,,12,,,,,,0,,23.1,,,,,
-52.78472222222222,47.51555555555556,ST JOHN'S WEST CDA CS,8403605,8403605.2006.1.5,2006-01-05 00:00:00,NL,2006,1,5,-2.4,,-7.2,,2.4,,17.2,E,,,,,12,,,,,,0,,20.4,,,,,
-52.78472222222222,47.51555555555556,ST JOHN'S WEST CDA CS,8403605,8403605.2006.1.6,2006-01-06 00:00:00,NL,2006,1,6,2.5,,-1.5,,6.5,,10.3,E,,,,,14,,,,,,0,,15.5,,,,,
-52.78472222222222,47.51555555555556,ST JOHN'S WEST CDA CS,8403605,8403605.2006.1.7,2006-01-07 00:00:00,NL,2006,1,7,5.9,,-0.7,,12.5,,6.1,E,,,,,9,,,,,,0,,12.1,,,,,
-52.78472222222222,47.51555555555556,ST JOHN'S WEST CDA CS,8403605,8403605.2006.1.8,2006-01-08 00:00:00,NL,2006,1,8,1.6,,1.3,,1.9,,0,,,,,,0,,,,,,0,,16.4,,,,,
-52.78472222222222,47.51555555555556,ST JOHN'S WEST CDA CS,8403605,8403605.2006.1.9,2006-01-09 00:00:00,NL,2006,1,9,0,,-2.5,,2.5,,3.4,E,,,,,1,,,,,,0,,18,,,,,
-52.78472222222222,47.51555555555556,ST JOHN'S WEST CDA CS,8403605,8403605.2006.1.10,2006-01-10 00:00:00,NL,2006,1,10,0.4,,-3.9,,4.6,,3.1,E,,,,,1,,,,,,0,,17.6,,,,,
-52.78472222222222,47.51555555555556,ST JOHN'S WEST CDA CS,8403605,8403605.2006.1.11,2006-01-11 00:00:00,NL,2006,1,11,-1.1,,-3.5,,1.3,,0,,,,,,1,,,,,,0,,19.1,,,,,
-52.78472222222222,47.51555555555556,ST JOHN'S WEST CDA CS,8403605,8403605.2006.1.12,2006-01-12 00:00:00,NL,2006,1,12,1.5,,-5.6,,8.6,,14,E,,,,,1,,,,,,0,,16.5,,,,,
-52.78472222222222,47.51555555555556,ST JOHN'S WEST CDA CS,8403605,8403605.2006.1.13,2006-01-13 00:00:00,NL,2006,1,13,1.9,,0.3,,3.4,,0.3,E,,,,,1,,,,,,0,,16.1,,,,,
-52.78472222222222,47.51555555555556,ST JOHN'S WEST CDA CS,8403605,8403605.2006.1.14,2006-01-14 00:00:00,NL,2006,1,14,2.9,,-3.4,,9.1,,0.7,E,,,,,1,,,,,,0,,15.1,,,,,
-52.78472222222222,47.51555555555556,ST JOHN'S WEST CDA CS,8403605,8403605.2006.1.15,2006-01-15 00:00:00,NL,2006,1,15,10.7,,5.3,,16.1,,3.6,E,,,,,0,,,,,,0,,7.3,,,,,
-52.78472222222222,47.51555555555556,ST JOHN'S WEST CDA CS,8403605,8403605.2006.1.16,2006-01-16 00:00:00,NL,2006,1,16,10.3,,9.6,,10.9,,10.4,E,,,,,0,,,,,,0,,7.7,,,,,
-52.78472222222222,47.51555555555556,ST JOHN'S WEST CDA CS,8403605,8403605.2006.1.17,2006-01-17 00:00:00,NL,2006,1,17,1.3,,0.5,,2.1,,1.7,E,,,,,0,,,,,,0,,16.7,,,,,
-52.78472222222222,47.51555555555556,ST JOHN'S WEST CDA CS,8403605,8403605.2006.1.18,2006-01-18 00:00:00,NL,2006,1,18,-1.3,,-5.1,,2.6,,0.5,E,,,,,1,,,,,,0,,19.3,,,,,
-52.78472222222222,47.51555555555556,ST JOHN'S WEST CDA CS,8403605,8403605.2006.1.19,2006-01-19 00:00:00,NL,2006,1,19,0.1,,-6.4,,6.6,,10.2,E,,,,,0,,,,,,0,,17.9,,,,,
-52.78472222222222,47.51555555555556,ST JOHN'S WEST CDA CS,8403605,8403605.2006.1.20,2006-01-20 00:00:00,NL,2006,1,20,-0.5,,-2.2,,1.2,,4.2,E,,,,,1,,,,,,0,,18.5,,,,,
-52.78472222222222,47.51555555555556,ST JOHN'S WEST CDA CS,8403605,8403605.2006.1.21,2006-01-21 00:00:00,NL,2006,1,21,2.8,,-1.5,,7,,8.5,E,,,,,6,,,,,,0,,15.2,,,,,
-52.78472222222222,47.51555555555556,ST JOHN'S WEST CDA CS,8403605,8403605.2006.1.22,2006-01-22 00:00:00,NL,2006,1,22,0.7,,-3.5,,4.9,,2,E,,,,,1,,,,,,0,,17.3,,,,,
-52.78472222222222,47.51555555555556,ST JOHN'S WEST CDA CS,8403605,8403605.2006.1.23,2006-01-23 00:00:00,NL,2006,1,23,-9.8,,-11.9,,-7.6,,0,,,,,,1,,,,,,0,,27.8,,,,,
-52.78472222222222,47.51555555555556,ST JOHN'S WEST CDA CS,8403605,8403605.2006.1.24,2006-01-24 00:00:00,NL,2006,1,24,-6.6,,-10.6,,-2.6,,0.2,E,,,,,1,,,,,,0,,24.6,,,,,
-52.78472222222222,47.51555555555556,ST JOHN'S WEST CDA CS,8403605,8403605.2006.1.25,2006-01-25 00:00:00,NL,2006,1,25,-1.6,,-4.7,,1.5,,20.6,E,,,,,1,,,,,,0,,19.6,,,,,
-52.78472222222222,47.51555555555556,ST JOHN'S WEST CDA CS,8403605,8403605.2006.1.26,2006-01-26 00:00:00,NL,2006,1,26,2,,-1.3,,5.3,,6.6,E,,,,,8,,,,,,0,,16,,,,,
-52.78472222222222,47.51555555555556,ST JOHN'S WEST CDA CS,8403605,8403605.2006.1.27,2006-01-27 00:00:00,NL,2006,1,27,-3.8,,-4.4,,-3.1,,0.7,E,,,,,6,,,,,,0,,21.8,,,,,
-52.78472222222222,47.51555555555556,ST JOHN'S WEST CDA CS,8403605,8403605.2006.1.28,2006-01-28 00:00:00,NL,2006,1,28,-2.2,,-4.4,,0.1,,0,T,,,,,7,,,,,,0,,20.2,,,,,
-52.78472222222222,47.51555555555556,ST JOHN'S WEST CDA CS,8403605,8403605.2006.1.29,2006-01-29 00:00:00,NL,2006,1,29,-1.2,,-2.5,,0.2,,0.4,E,,,,,6,,,,,,0,,19.2,,,,,
-52.78472222222222,47.51555555555556,ST JOHN'S WEST CDA CS,8403605,8403605.2006.1.30,2006-01-30 00:00:00,NL,2006,1,30,-1.7,,-3.2,,-0.1,,0.2,E,,,,,8,,,,,,0,,19.7,,,,,
-52.78472222222222,47.51555555555556,ST JOHN'S WEST CDA CS,8403605,8403605.2006.1.31,2006-01-31 00:00:00,NL,2006,1,31,-3,,-4.5,,-1.5,,1.6,E,,,,,8,,,,,,0,,21,,,,,
-52.78472222222222,47.51555555555556,ST JOHN'S WEST CDA CS,8403605,8403605.2006.2.1,2006-02-01 00:00:00,NL,2006,2,1,-2.4,,-5.4,,0.7,,29.5,E,,,,,,,,,,,0,,20.4,,,,,
-52.78472222222222,47.51555555555556,ST JOHN'S WEST CDA CS,8403605,8403605.2006.2.2,2006-02-02 00:00:00,NL,2006,2,2,-0.5,,-1.1,,0.1,,2.9,E,,,,,,,,,,,0,,18.5,,,,,
-52.78472222222222,47.51555555555556,ST JOHN'S WEST CDA CS,8403605,8403605.2006.2.3,2006-02-03 00:00:00,NL,2006,2,3,-1.8,,-2.6,,-1,,0.6,E,,,,,,,,,,,0,,19.8,,,,,
-52.78472222222222,47.51555555555556,ST JOHN'S WEST CDA CS,8403605,8403605.2006.2.4,2006-02-04 00:00:00,NL,2006,2,4,-2.5,,-9.6,,4.6,,2.1,E,,,,,,,,,,,0,,20.5,,,,,
-52.78472222222222,47.51555555555556,ST JOHN'S WEST CDA CS,8403605,8403605.2006.2.5,2006-02-05 00:00:00,NL,2006,2,5,2,,0.3,,3.7,,2.1,E,,,,,,,,,,,0,,16,,,,,
-52.78472222222222,47.51555555555556,ST JOHN'S WEST CDA CS,8403605,8403605.2006.2.6,2006-02-06 00:00:00,NL,2006,2,6,3.5,,-1.3,,8.2,,5.4,E,,,,,,,,,,,0,,14.5,,,,,
-52.78472222222222,47.51555555555556,ST JOHN'S WEST CDA CS,8403605,8403605.2006.2.7,2006-02-07 00:00:00,NL,2006,2,7,2.4,,-0.3,,5.1,,1,E,,,,,,,,,,,0,,15.6,,,,,
-52.78472222222222,47.51555555555556,ST JOHN'S WEST CDA CS,8403605,8403605.2006.2.8,2006-02-08 00:00:00,NL,2006,2,8,0.5,,-2.5,,3.5,,1.6,E,,,,,,,,,,,0,,17.5,,,,,
-52.78472222222222,47.51555555555556,ST JOHN'S WEST CDA CS,8403605,8403605.2006.2.9,2006-02-09 00:00:00,NL,2006,2,9,-3,,-7.7,,1.8,,0.5,E,,,,,,,,,,,0,,21,,,,,
-52.78472222222222,47.51555555555556,ST JOHN'S WEST CDA CS,8403605,8403605.2006.2.10,2006-02-10 00:00:00,NL,2006,2,10,-2.6,,-4.7,,-0.5,,17.2,E,,,,,,,,,,,0,,20.6,,,,,
-52.78472222222222,47.51555555555556,ST JOHN'S WEST CDA CS,8403605,8403605.2006.2.11,2006-02-11 00:00:00,NL,2006,2,11,-4.2,,-4.7,,-3.7,,1.9,E,,,,,,,,,,,0,,22.2,,,,,
-52.78472222222222,47.51555555555556,ST JOHN'S WEST CDA CS,8403605,8403605.2006.2.12,2006-02-12 00:00:00,NL,2006,2,12,-0.6,,-7.6,,6.4,,14.7,E,,,,,,,,,,,0,,18.6,,,,,
-52.78472222222222,47.51555555555556,ST JOHN'S WEST CDA CS,8403605,8403605.2006.2.13,2006-02-13 00:00:00,NL,2006,2,13,0.9,,-4.7,,6.4,,3.8,E,,,,,,,,,,,0,,17.1,,,,,
-52.78472222222222,47.51555555555556,ST JOHN'S WEST CDA CS,8403605,8403605.2006.2.14,2006-02-14 00:00:00,NL,2006,2,14,-1.1,,-2.9,,0.8,,1.5,E,,,,,,,,,,,0,,19.1,,,,,
-52.78472222222222,47.51555555555556,ST JOHN'S WEST CDA CS,8403605,8403605.2006.2.15,2006-02-15 00:00:00,NL,2006,2,15,-0.8,,-4.7,,3.1,,0.7,E,,,,,,,,,,,0,,18.8,,,,,
-52.78472222222222,47.51555555555556,ST JOHN'S WEST CDA CS,8403605,8403605.2006.2.16,2006-02-16 00:00:00,NL,2006,2,16,1.5,,-2.8,,5.7,,1,E,,,,,,,,,,,0,,16.5,,,,,
-52.78472222222222,47.51555555555556,ST JOHN'S WEST CDA CS,8403605,8403605.2006.2.17,2006-02-17 00:00:00,NL,2006,2,17,1.1,,-6.3,,8.5,,10.7,E,,,,,,,,,,,0,,16.9,,,,,
-52.78472222222222,47.51555555555556,ST JOHN'S WEST CDA CS,8403605,8403605.2006.2.18,2006-02-18 00:00:00,NL,2006,2,18,0.8,,-2.3,,3.8,,3.1,E,,,,,,,,,,,0,,17.2,,,,,
-52.78472222222222,47.51555555555556,ST JOHN'S WEST CDA CS,8403605,8403605.2006.2.19,2006-02-19 00:00:00,NL,2006,2,19,-5.9,,-7.6,,-4.2,,0.6,E,,,,,,,,,,,0,,23.9,,,,,
-52.78472222222222,47.51555555555556,ST JOHN'S WEST CDA CS,8403605,8403605.2006.2.20,2006-02-20 00:00:00,NL,2006,2,20,-7.2,,-10.3,,-4.1,,0.8,E,,,,,,,,,,,0,,25.2,,,,,
-52.78472222222222,47.51555555555556,ST JOHN'S WEST CDA CS,8403605,8403605.2006.2.21,2006-02-21 00:00:00,NL,2006,2,21,-6.3,,-11.7,,-0.8,,0.8,E,,,,,,,,,,,0,,24.3,,,,,
-52.78472222222222,47.51555555555556,ST JOHN'S WEST CDA CS,8403605,8403605.2006.2.22,2006-02-22 00:00:00,NL,2006,2,22,-2.3,,-3.2,,-1.3,,0.8,E,,,,,,,,,,,0,,20.3,,,,,
-52.78472222222222,47.51555555555556,ST JOHN'S WEST CDA CS,8403605,8403605.2006.2.23,2006-02-23 00:00:00,NL,2006,2,23,-7.4,,-9.7,,-5,,0.5,E,,,,,,,,,,,0,,25.4,,,,,
-52.78472222222222,47.51555555555556,ST JOHN'S WEST CDA CS,8403605,8403605.2006.2.24,2006-02-24 00:00:00,NL,2006,2,24,-7,,-12,,-1.9,,19.9,E,,,,,,,,,,,0,,25,,,,,
-52.78472222222222,47.51555555555556,ST JOHN'S WEST CDA CS,8403605,8403605.2006.2.25,2006-02-25 00:00:00,NL,2006,2,25,-2.7,,-4.5,,-0.9,,55.9,E,,,,,,,,,,,0,,20.7,,,,,
-52.78472222222222,47.51555555555556,ST JOHN'S WEST CDA CS,8403605,8403605.2006.2.26,2006-02-26 00:00:00,NL,2006,2,26,-2.7,,-4.9,,-0.5,,5.8,E,,,,,,,,,,,0,,20.7,,,,,
-52.78472222222222,47.51555555555556,ST JOHN'S WEST CDA CS,8403605,8403605.2006.2.27,2006-02-27 00:00:00,NL,2006,2,27,-6.9,,-12.7,,-1,,0.9,E,,,,,,,,,,,0,,24.9,,,,,
-52.78472222222222,47.51555555555556,ST JOHN'S WEST CDA CS,8403605,8403605.2006.2.28,2006-02-28 00:00:00,NL,2006,2,28,-7.4,,-14,,-0.7,,5.2,E,,,,,,,,,,,0,,25.4,,,,,
-52.78472222222222,47.51555555555556,ST JOHN'S WEST CDA CS,8403605,8403605.2006.3.1,2006-03-01 00:00:00,NL,2006,3,1,-7.4,,-15.5,,0.8,,18.2,E,,,,,,,,,,,0,,25.4,,,,,
-52.78472222222222,47.51555555555556,ST JOHN'S WEST CDA CS,8403605,8403605.2006.3.2,2006-03-02 00:00:00,NL,2006,3,2,-4.5,,-5.4,,-3.5,,1.4,E,,,,,,,,,,,0,,22.5,,,,,
-52.78472222222222,47.51555555555556,ST JOHN'S WEST CDA CS,8403605,8403605.2006.3.3,2006-03-03 00:00:00,NL,2006,3,3,-3.9,,-6.8,,-0.9,,4.9,E,,,,,,,,,,,0,,21.9,,,,,
-52.78472222222222,47.51555555555556,ST JOHN'S WEST CDA CS,8403605,8403605.2006.3.4,2006-03-04 00:00:00,NL,2006,3,4,-3.3,,-6.9,,0.4,,15.3,E,,,,,,,,,,,0,,21.3,,,,,
-52.78472222222222,47.51555555555556,ST JOHN'S WEST CDA CS,8403605,8403605.2006.3.5,2006-03-05 00:00:00,NL,2006,3,5,-3.6,,-7.7,,0.5,,1.2,E,,,,,,,,,,,0,,21.6,,,,,
-52.78472222222222,47.51555555555556,ST JOHN'S WEST CDA CS,8403605,8403605.2006.3.6,2006-03-06 00:00:00,NL,2006,3,6,0.8,,-0.9,,2.5,,14.3,E,,,,,,,,,,,0,,17.2,,,,,
-52.78472222222222,47.51555555555556,ST JOHN'S WEST CDA CS,8403605,8403605.2006.3.7,2006-03-07 00:00:00,NL,2006,3,7,-0.2,,-1.5,,1.1,,2.2,E,,,,,,,,,,,0,,18.2,,,,,
-52.78472222222222,47.51555555555556,ST JOHN'S WEST CDA CS,8403605,8403605.2006.3.8,2006-03-08 00:00:00,NL,2006,3,8,0.7,,-2.9,,4.2,,10.1,E,,,,,,,,,,,0,,17.3,,,,,
-52.78472222222222,47.51555555555556,ST JOHN'S WEST CDA CS,8403605,8403605.2006.3.9,2006-03-09 00:00:00,NL,2006,3,9,-1.7,,-2.7,,-0.7,,2.5,E,,,,,,,,,,,0,,19.7,,,,,
-52.78472222222222,47.51555555555556,ST JOHN'S WEST CDA CS,8403605,8403605.2006.3.10,2006-03-10 00:00:00,NL,2006,3,10,-1.1,,-2.5,,0.4,,5.9,E,,,,,,,,,,,0,,19.1,,,,,
-52.78472222222222,47.51555555555556,ST JOHN'S WEST CDA CS,8403605,8403605.2006.3.11,2006-03-11 00:00:00,NL,2006,3,11,-3,,-7.8,,1.9,,6.8,E,,,,,,,,,,,0,,21,,,,,
-52.78472222222222,47.51555555555556,ST JOHN'S WEST CDA CS,8403605,8403605.2006.3.12,2006-03-12 00:00:00,NL,2006,3,12,1.4,,-0.3,,3.1,,0.3,E,,,,,,,,,,,0,,16.6,,,,,
-52.78472222222222,47.51555555555556,ST JOHN'S WEST CDA CS,8403605,8403605.2006.3.13,2006-03-13 00:00:00,NL,2006,3,13,0.4,,-1.7,,2.4,,4.4,E,,,,,,,,,,,0,,17.6,,,,,
-52.78472222222222,47.51555555555556,ST JOHN'S WEST CDA CS,8403605,8403605.2006.3.14,2006-03-14 00:00:00,NL,2006,3,14,0.1,,-2.1,,2.3,,0.5,E,,,,,,,,,,,0,,17.9,,,,,
-52.78472222222222,47.51555555555556,ST JOHN'S WEST CDA CS,8403605,8403605.2006.3.15,2006-03-15 00:00:00,NL,2006,3,15,0.7,,-1.6,,2.9,,5.7,E,,,,,,,,,,,0,,17.3,,,,,
-52.78472222222222,47.51555555555556,ST JOHN'S WEST CDA CS,8403605,8403605.2006.3.16,2006-03-16 00:00:00,NL,2006,3,16,2.3,,-0.9,,5.5,,2.7,E,,,,,,,,,,,0,,15.7,,,,,
-52.78472222222222,47.51555555555556,ST JOHN'S WEST CDA CS,8403605,8403605.2006.3.17,2006-03-17 00:00:00,NL,2006,3,17,1.8,,0.3,,3.2,,0.7,E,,,,,,,,,,,0,,16.2,,,,,
-52.78472222222222,47.51555555555556,ST JOHN'S WEST CDA CS,8403605,8403605.2006.3.18,2006-03-18 00:00:00,NL,2006,3,18,-2.5,,-6.3,,1.3,,7.1,E,,,,,,,,,,,0,,20.5,,,,,
-52.78472222222222,47.51555555555556,ST JOHN'S WEST CDA CS,8403605,8403605.2006.3.19,2006-03-19 00:00:00,NL,2006,3,19,-0.5,,-2.9,,2,,7.2,E,,,,,,,,,,,0,,18.5,,,,,
-52.78472222222222,47.51555555555556,ST JOHN'S WEST CDA CS,8403605,8403605.2006.3.20,2006-03-20 00:00:00,NL,2006,3,20,1.6,,0.4,,2.7,,0.7,E,,,,,,,,,,,0,,16.4,,,,,
-52.78472222222222,47.51555555555556,ST JOHN'S WEST CDA CS,8403605,8403605.2006.3.21,2006-03-21 00:00:00,NL,2006,3,21,0.5,,-2.5,,3.5,,0.5,E,,,,,,,,,,,0,,17.5,,,,,
-52.78472222222222,47.51555555555556,ST JOHN'S WEST CDA CS,8403605,8403605.2006.3.22,2006-03-22 00:00:00,NL,2006,3,22,1.8,,-3,,6.5,,0.6,E,,,,,,,,,,,0,,16.2,,,,,
-52.78472222222222,47.51555555555556,ST JOHN'S WEST CDA CS,8403605,8403605.2006.3.23,2006-03-23 00:00:00,NL,2006,3,23,-0.7,,-3.9,,2.6,,1.3,E,,,,,,,,,,,0,,18.7,,,,,
-52.78472222222222,47.51555555555556,ST JOHN'S WEST CDA CS,8403605,8403605.2006.3.24,2006-03-24 00:00:00,NL,2006,3,24,2.4,,0.7,,4.1,,1.4,E,,,,,,,,,,,0,,15.6,,,,,
-52.78472222222222,47.51555555555556,ST JOHN'S WEST CDA CS,8403605,8403605.2006.3.25,2006-03-25 00:00:00,NL,2006,3,25,2.1,,-0.3,,4.5,,0.5,E,,,,,,,,,,,0,,15.9,,,,,
-52.78472222222222,47.51555555555556,ST JOHN'S WEST CDA CS,8403605,8403605.2006.3.26,2006-03-26 00:00:00,NL,2006,3,26,2.4,,0.1,,4.6,,5.9,E,,,,,,,,,,,0,,15.6,,,,,
-52.78472222222222,47.51555555555556,ST JOHN'S WEST CDA CS,8403605,8403605.2006.3.27,2006-03-27 00:00:00,NL,2006,3,27,-0.6,,-1.4,,0.3,,15,E,,,,,,,,,,,0,,18.6,,,,,
-52.78472222222222,47.51555555555556,ST JOHN'S WEST CDA CS,8403605,8403605.2006.3.28,2006-03-28 00:00:00,NL,2006,3,28,-1,,-1.8,,-0.2,,21.2,E,,,,,,,,,,,0,,19,,,,,
-52.78472222222222,47.51555555555556,ST JOHN'S WEST CDA CS,8403605,8403605.2006.3.29,2006-03-29 00:00:00,NL,2006,3,29,-1.2,,-3.1,,0.8,,4.3,E,,,,,,,,,,,0,,19.2,,,,,
-52.78472222222222,47.51555555555556,ST JOHN'S WEST CDA CS,8403605,8403605.2006.3.30,2006-03-30 00:00:00,NL,2006,3,30,2.1,,-0.1,,4.2,,0.3,E,,,,,,,,,,,0,,15.9,,,,,
-52.78472222222222,47.51555555555556,ST JOHN'S WEST CDA CS,8403605,8403605.2006.3.31,2006-03-31 00:00:00,NL,2006,3,31,3.2,,0.6,,5.7,,1,E,,,,,,,,,,,0,,14.8,,,,,
-52.78472222222222,47.51555555555556,ST JOHN'S WEST CDA CS,8403605,8403605.2006.4.1,2006-04-01 00:00:00,NL,2006,4,1,5.2,,0.6,,9.8,,0.4,E,,,,,,M,,,,,0,,12.8,,,,,
-52.78472222222222,47.51555555555556,ST JOHN'S WEST CDA CS,8403605,8403605.2006.4.2,2006-04-02 00:00:00,NL,2006,4,2,4.5,,1.5,,7.5,,6.4,E,,,,,,M,,,,,0,,13.5,,,,,
-52.78472222222222,47.51555555555556,ST JOHN'S WEST CDA CS,8403605,8403605.2006.4.3,2006-04-03 00:00:00,NL,2006,4,3,3.7,,2.1,,5.3,,0.6,E,,,,,,M,,,,,0,,14.3,,,,,
-52.78472222222222,47.51555555555556,ST JOHN'S WEST CDA CS,8403605,8403605.2006.4.4,2006-04-04 00:00:00,NL,2006,4,4,2.3,,0.7,,3.9,,0.4,E,,,,,,M,,,,,0,,15.7,,,,,
-52.78472222222222,47.51555555555556,ST JOHN'S WEST CDA CS,8403605,8403605.2006.4.5,2006-04-05 00:00:00,NL,2006,4,5,1.1,,-0.5,,2.7,,0.5,E,,,,,,M,,,,,0,,16.9,,,,,
-52.78472222222222,47.51555555555556,ST JOHN'S WEST CDA CS,8403605,8403605.2006.4.6,2006-04-06 00:00:00,NL,2006,4,6,1.8,,-1.3,,4.9,,24.3,E,,,,,,M,,,,,0,,16.2,,,,,
-52.78472222222222,47.51555555555556,ST JOHN'S WEST CDA CS,8403605,8403605.2006.4.7,2006-04-07 00:00:00,NL,2006,4,7,4.9,,2.1,,7.6,,1.2,E,,,,,,M,,,,,0,,13.1,,,,,
-52.78472222222222,47.51555555555556,ST JOHN'S WEST CDA CS,8403605,8403605.2006.4.8,2006-04-08 00:00:00,NL,2006,4,8,5.3,,1.5,,9,,18.4,E,,,,,,M,,,,,0,,12.7,,,,,
-52.78472222222222,47.51555555555556,ST JOHN'S WEST CDA CS,8403605,8403605.2006.4.9,2006-04-09 00:00:00,NL,2006,4,9,5.7,,4.3,,7,,5.6,E,,,,,,M,,,,,0,,12.3,,,,,
-52.78472222222222,47.51555555555556,ST JOHN'S WEST CDA CS,8403605,8403605.2006.4.10,2006-04-10 00:00:00,NL,2006,4,10,5.7,,2.5,,8.8,,3.9,E,,,,,,M,,,,,0,,12.3,,,,,
-52.78472222222222,47.51555555555556,ST JOHN'S WEST CDA CS,8403605,8403605.2006.4.11,2006-04-11 00:00:00,NL,2006,4,11,5.4,,1,,9.8,,0.9,E,,,,,,M,,,,,0,,12.6,,,,,
-52.78472222222222,47.51555555555556,ST JOHN'S WEST CDA CS,8403605,8403605.2006.4.12,2006-04-12 00:00:00,NL,2006,4,12,3.5,,0.3,,6.6,,0.7,E,,,,,,M,,,,,0,,14.5,,,,,
-52.78472222222222,47.51555555555556,ST JOHN'S WEST CDA CS,8403605,8403605.2006.4.13,2006-04-13 00:00:00,NL,2006,4,13,4,,-3,,10.9,,0.8,E,,,,,,M,,,,,0,,14,,,,,
-52.78472222222222,47.51555555555556,ST JOHN'S WEST CDA CS,8403605,8403605.2006.4.14,2006-04-14 00:00:00,NL,2006,4,14,3.2,,-4.1,,10.5,,3.5,E,,,,,0,,,,,,0,,14.8,,,,,
-52.78472222222222,47.51555555555556,ST JOHN'S WEST CDA CS,8403605,8403605.2006.4.15,2006-04-15 00:00:00,NL,2006,4,15,4.2,,0.5,,7.8,,22.7,E,,,,,0,,,,,,0,,13.8,,,,,
-52.78472222222222,47.51555555555556,ST JOHN'S WEST CDA CS,8403605,8403605.2006.4.16,2006-04-16 00:00:00,NL,2006,4,16,6.1,,4.1,,8.1,,2,E,,,,,0,,,,,,0,,11.9,,,,,
-52.78472222222222,47.51555555555556,ST JOHN'S WEST CDA CS,8403605,8403605.2006.4.17,2006-04-17 00:00:00,NL,2006,4,17,5.8,,2.3,,9.3,,8.3,E,,,,,0,,,,,,0,,12.2,,,,,
-52.78472222222222,47.51555555555556,ST JOHN'S WEST CDA CS,8403605,8403605.2006.4.18,2006-04-18 00:00:00,NL,2006,4,18,9.2,,3,,15.4,,21.3,E,,,,,0,,,,,,0,,8.8,,,,,
-52.78472222222222,47.51555555555556,ST JOHN'S WEST CDA CS,8403605,8403605.2006.4.19,2006-04-19 00:00:00,NL,2006,4,19,4.7,,2,,7.3,,20.1,E,,,,,0,,,,,,0,,13.3,,,,,
-52.78472222222222,47.51555555555556,ST JOHN'S WEST CDA CS,8403605,8403605.2006.4.20,2006-04-20 00:00:00,NL,2006,4,20,3.9,,2.5,,5.3,,1.5,E,,,,,0,,,,,,0,,14.1,,,,,
-52.78472222222222,47.51555555555556,ST JOHN'S WEST CDA CS,8403605,8403605.2006.4.21,2006-04-21 00:00:00,NL,2006,4,21,1.6,,1,,2.1,,34.5,E,,,,,0,,,,,,0,,16.4,,,,,
-52.78472222222222,47.51555555555556,ST JOHN'S WEST CDA CS,8403605,8403605.2006.4.22,2006-04-22 00:00:00,NL,2006,4,22,1.9,,0.7,,3.1,,7.2,E,,,,,0,,,,,,0,,16.1,,,,,
-52.78472222222222,47.51555555555556,ST JOHN'S WEST CDA CS,8403605,8403605.2006.4.23,2006-04-23 00:00:00,NL,2006,4,23,4.8,,2.1,,7.5,,1.4,E,,,,,0,,,,,,0,,13.2,,,,,
-52.78472222222222,47.51555555555556,ST JOHN'S WEST CDA CS,8403605,8403605.2006.4.24,2006-04-24 00:00:00,NL,2006,4,24,5.9,,-0.9,,12.6,,0.8,E,,,,,0,,,,,,0,,12.1,,,,,
-52.78472222222222,47.51555555555556,ST JOHN'S WEST CDA CS,8403605,8403605.2006.4.25,2006-04-25 00:00:00,NL,2006,4,25,5,,-0.4,,10.3,,7.1,E,,,,,0,,,,,,0,,13,,,,,
-52.78472222222222,47.51555555555556,ST JOHN'S WEST CDA CS,8403605,8403605.2006.4.26,2006-04-26 00:00:00,NL,2006,4,26,7.4,,2.9,,11.9,,11.6,E,,,,,0,,,,,,0,,10.6,,,,,
-52.78472222222222,47.51555555555556,ST JOHN'S WEST CDA CS,8403605,8403605.2006.4.27,2006-04-27 00:00:00,NL,2006,4,27,4.8,,-2.4,,11.9,,0.7,E,,,,,0,,,,,,0,,13.2,,,,,
-52.78472222222222,47.51555555555556,ST JOHN'S WEST CDA CS,8403605,8403605.2006.4.28,2006-04-28 00:00:00,NL,2006,4,28,5,,2,,8,,1.1,E,,,,,0,,,,,,0,,13,,,,,
-52.78472222222222,47.51555555555556,ST JOHN'S WEST CDA CS,8403605,8403605.2006.4.29,2006-04-29 00:00:00,NL,2006,4,29,5.6,,0.9,,10.2,,9.7,E,,,,,0,,,,,,0,,12.4,,,,,
-52.78472222222222,47.51555555555556,ST JOHN'S WEST CDA CS,8403605,8403605.2006.4.30,2006-04-30 00:00:00,NL,2006,4,30,7.8,,3.2,,12.4,,1.6,E,,,,,0,,,,,,0,,10.2,,,,,
-52.78472222222222,47.51555555555556,ST JOHN'S WEST CDA CS,8403605,8403605.2006.5.1,2006-05-01 00:00:00,NL,2006,5,1,7.2,,-0.4,,14.7,,1.1,E,,,,,0,,,,,,0,,10.8,,,,,
-52.78472222222222,47.51555555555556,ST JOHN'S WEST CDA CS,8403605,8403605.2006.5.2,2006-05-02 00:00:00,NL,2006,5,2,11.3,,2.3,,20.3,,0.5,E,,,,,0,,,,,,0,,6.7,,,,,
-52.78472222222222,47.51555555555556,ST JOHN'S WEST CDA CS,8403605,8403605.2006.5.3,2006-05-03 00:00:00,NL,2006,5,3,11.1,,3.1,,19,,1,E,,,,,0,,,,,,0,,6.9,,,,,
-52.78472222222222,47.51555555555556,ST JOHN'S WEST CDA CS,8403605,8403605.2006.5.4,2006-05-04 00:00:00,NL,2006,5,4,12.8,,4.9,,20.6,,2.1,E,,,,,0,,,,,,0,,5.2,,,,,
-52.78472222222222,47.51555555555556,ST JOHN'S WEST CDA CS,8403605,8403605.2006.5.5,2006-05-05 00:00:00,NL,2006,5,5,12,,6.5,,17.4,,1.9,E,,,,,0,,,,,,0,,6,,,,,
-52.78472222222222,47.51555555555556,ST JOHN'S WEST CDA CS,8403605,8403605.2006.5.6,2006-05-06 00:00:00,NL,2006,5,6,15.1,,9.8,,20.4,,0,T,,,,,0,,,,,,0,,2.9,,,,,
-52.78472222222222,47.51555555555556,ST JOHN'S WEST CDA CS,8403605,8403605.2006.5.7,2006-05-07 00:00:00,NL,2006,5,7,12.2,,8.7,,15.6,,0,,,,,,0,,,,,,0,,5.8,,,,,
-52.78472222222222,47.51555555555556,ST JOHN'S WEST CDA CS,8403605,8403605.2006.5.8,2006-05-08 00:00:00,NL,2006,5,8,12.2,,8.2,,16.2,,0,,,,,,0,,,,,,0,,5.8,,,,,
-52.78472222222222,47.51555555555556,ST JOHN'S WEST CDA CS,8403605,8403605.2006.5.9,2006-05-09 00:00:00,NL,2006,5,9,7.7,,6.1,,9.3,,0,,,,,,0,,,,,,0,,10.3,,,,,
-52.78472222222222,47.51555555555556,ST JOHN'S WEST CDA CS,8403605,8403605.2006.5.10,2006-05-10 00:00:00,NL,2006,5,10,5.7,,0.2,,11.2,,0.2,E,,,,,0,,,,,,0,,12.3,,,,,
-52.78472222222222,47.51555555555556,ST JOHN'S WEST CDA CS,8403605,8403605.2006.5.11,2006-05-11 00:00:00,NL,2006,5,11,5.2,,0.1,,10.3,,0,T,,,,,0,,,,,,0,,12.8,,,,,
-52.78472222222222,47.51555555555556,ST JOHN'S WEST CDA CS,8403605,8403605.2006.5.12,2006-05-12 00:00:00,NL,2006,5,12,4.7,,3.4,,5.9,,0.3,E,,,,,0,,,,,,0,,13.3,,,,,
-52.78472222222222,47.51555555555556,ST JOHN'S WEST CDA CS,8403605,8403605.2006.5.13,2006-05-13 00:00:00,NL,2006,5,13,5.9,,4.9,,6.8,,0.6,E,,,,,0,,,,,,0,,12.1,,,,,
-52.78472222222222,47.51555555555556,ST JOHN'S WEST CDA CS,8403605,8403605.2006.5.14,2006-05-14 00:00:00,NL,2006,5,14,7.5,,2.9,,12.1,,1.1,E,,,,,0,,,,,,0,,10.5,,,,,
-52.78472222222222,47.51555555555556,ST JOHN'S WEST CDA CS,8403605,8403605.2006.5.15,2006-05-15 00:00:00,NL,2006,5,15,14,,3.5,,24.4,,0.5,E,,,,,0,,,,,,0,,4,,,,,
-52.78472222222222,47.51555555555556,ST JOHN'S WEST CDA CS,8403605,8403605.2006.5.16,2006-05-16 00:00:00,NL,2006,5,16,9.6,,5.9,,13.3,,0.9,E,,,,,0,,,,,,0,,8.4,,,,,
-52.78472222222222,47.51555555555556,ST JOHN'S WEST CDA CS,8403605,8403605.2006.5.17,2006-05-17 00:00:00,NL,2006,5,17,5,,3.1,,6.9,,5.6,E,,,,,0,,,,,,0,,13,,,,,
-52.78472222222222,47.51555555555556,ST JOHN'S WEST CDA CS,8403605,8403605.2006.5.18,2006-05-18 00:00:00,NL,2006,5,18,7.2,,5,,9.3,,0.5,E,,,,,0,,,,,,0,,10.8,,,,,
-52.78472222222222,47.51555555555556,ST JOHN'S WEST CDA CS,8403605,8403605.2006.5.19,2006-05-19 00:00:00,NL,2006,5,19,8.2,,4.6,,11.7,,0.5,E,,,,,0,,,,,,0,,9.8,,,,,
-52.78472222222222,47.51555555555556,ST JOHN'S WEST CDA CS,8403605,8403605.2006.5.20,2006-05-20 00:00:00,NL,2006,5,20,7.7,,4.3,,11.1,,16.7,E,,,,,0,,,,,,0,,10.3,,,,,
-52.78472222222222,47.51555555555556,ST JOHN'S WEST CDA CS,8403605,8403605.2006.5.21,2006-05-21 00:00:00,NL,2006,5,21,10.4,,6.1,,14.6,,21.1,E,,,,,0,,,,,,0,,7.6,,,,,
-52.78472222222222,47.51555555555556,ST JOHN'S WEST CDA CS,8403605,8403605.2006.5.22,2006-05-22 00:00:00,NL,2006,5,22,11,,6.7,,15.2,,10.9,E,,,,,0,,,,,,0,,7,,,,,
-52.78472222222222,47.51555555555556,ST JOHN'S WEST CDA CS,8403605,8403605.2006.5.23,2006-05-23 00:00:00,NL,2006,5,23,10.7,,6.5,,14.8,,1.4,E,,,,,0,,,,,,0,,7.3,,,,,
-52.78472222222222,47.51555555555556,ST JOHN'S WEST CDA CS,8403605,8403605.2006.5.24,2006-05-24 00:00:00,NL,2006,5,24,7,,5.4,,8.6,,0.8,E,,,,,0,,,,,,0,,11,,,,,
-52.78472222222222,47.51555555555556,ST JOHN'S WEST CDA CS,8403605,8403605.2006.5.25,2006-05-25 00:00:00,NL,2006,5,25,7.7,,2.9,,12.4,,0.7,E,,,,,0,,,,,,0,,10.3,,,,,
-52.78472222222222,47.51555555555556,ST JOHN'S WEST CDA CS,8403605,8403605.2006.5.26,2006-05-26 00:00:00,NL,2006,5,26,8,,1.5,,14.5,,1,E,,,,,0,,,,,,0,,10,,,,,
-52.78472222222222,47.51555555555556,ST JOHN'S WEST CDA CS,8403605,8403605.2006.5.27,2006-05-27 00:00:00,NL,2006,5,27,7.9,,4,,11.7,,4.3,E,,,,,0,,,,,,0,,10.1,,,,,
-52.78472222222222,47.51555555555556,ST JOHN'S WEST CDA CS,8403605,8403605.2006.5.28,2006-05-28 00:00:00,NL,2006,5,28,11.2,,7.1,,15.2,,0.7,E,,,,,0,,,,,,0,,6.8,,,,,
-52.78472222222222,47.51555555555556,ST JOHN'S WEST CDA CS,8403605,8403605.2006.5.29,2006-05-29 00:00:00,NL,2006,5,29,11.5,,6.6,,16.3,,0.3,E,,,,,0,,,,,,0,,6.5,,,,,
-52.78472222222222,47.51555555555556,ST JOHN'S WEST CDA CS,8403605,8403605.2006.5.30,2006-05-30 00:00:00,NL,2006,5,30,7.4,,3.1,,11.7,,0,,,,,,0,,,,,,0,,10.6,,,,,
-52.78472222222222,47.51555555555556,ST JOHN'S WEST CDA CS,8403605,8403605.2006.5.31,2006-05-31 00:00:00,NL,2006,5,31,9.4,,3.4,,15.4,,0.4,E,,,,,0,,,,,,0,,8.6,,,,,
-52.78472222222222,47.51555555555556,ST JOHN'S WEST CDA CS,8403605,8403605.2006.6.1,2006-06-01 00:00:00,NL,2006,6,1,7,,1.5,,12.5,,2.2,E,,,,,0,,,,,,0,,11,,,,,
-52.78472222222222,47.51555555555556,ST JOHN'S WEST CDA CS,8403605,8403605.2006.6.2,2006-06-02 00:00:00,NL,2006,6,2,12.1,,8.9,,15.2,,0.2,E,,,,,0,,,,,,0,,5.9,,,,,
-52.78472222222222,47.51555555555556,ST JOHN'S WEST CDA CS,8403605,8403605.2006.6.3,2006-06-03 00:00:00,NL,2006,6,3,12.7,,8.3,,17,,3.7,E,,,,,0,,,,,,0,,5.3,,,,,
-52.78472222222222,47.51555555555556,ST JOHN'S WEST CDA CS,8403605,8403605.2006.6.4,2006-06-04 00:00:00,NL,2006,6,4,11.7,,6.9,,16.5,,2.3,E,,,,,0,,,,,,0,,6.3,,,,,
-52.78472222222222,47.51555555555556,ST JOHN'S WEST CDA CS,8403605,8403605.2006.6.5,2006-06-05 00:00:00,NL,2006,6,5,13.9,,7.2,,20.6,,2.5,E,,,,,0,,,,,,0,,4.1,,,,,
-52.78472222222222,47.51555555555556,ST JOHN'S WEST CDA CS,8403605,8403605.2006.6.6,2006-06-06 00:00:00,NL,2006,6,6,11.4,,9.8,,13,,0.5,E,,,,,0,,,,,,0,,6.6,,,,,
-52.78472222222222,47.51555555555556,ST JOHN'S WEST CDA CS,8403605,8403605.2006.6.7,2006-06-07 00:00:00,NL,2006,6,7,7.9,,5,,10.7,,0.5,E,,,,,0,,,,,,0,,10.1,,,,,
-52.78472222222222,47.51555555555556,ST JOHN'S WEST CDA CS,8403605,8403605.2006.6.8,2006-06-08 00:00:00,NL,2006,6,8,9.9,,6,,13.7,,0.3,E,,,,,0,,,,,,0,,8.1,,,,,
-52.78472222222222,47.51555555555556,ST JOHN'S WEST CDA CS,8403605,8403605.2006.6.9,2006-06-09 00:00:00,NL,2006,6,9,9.4,,4,,14.8,,0,,,,,,0,,,,,,0,,8.6,,,,,
-52.78472222222222,47.51555555555556,ST JOHN'S WEST CDA CS,8403605,8403605.2006.6.10,2006-06-10 00:00:00,NL,2006,6,10,12.2,,8.7,,15.7,,14.8,E,,,,,0,,,,,,0,,5.8,,,,,
-52.78472222222222,47.51555555555556,ST JOHN'S WEST CDA CS,8403605,8403605.2006.6.11,2006-06-11 00:00:00,NL,2006,6,11,16,,10.1,,21.8,,0.5,E,,,,,0,,,,,,0,,2,,,,,
-52.78472222222222,47.51555555555556,ST JOHN'S WEST CDA CS,8403605,8403605.2006.6.12,2006-06-12 00:00:00,NL,2006,6,12,16.2,,11.9,,20.4,,3.4,E,,,,,0,,,,,,0,,1.8,,,,,
-52.78472222222222,47.51555555555556,ST JOHN'S WEST CDA CS,8403605,8403605.2006.6.13,2006-06-13 00:00:00,NL,2006,6,13,15.4,,10.2,,20.5,,0.2,E,,,,,0,,,,,,0,,2.6,,,,,
-52.78472222222222,47.51555555555556,ST JOHN'S WEST CDA CS,8403605,8403605.2006.6.14,2006-06-14 00:00:00,NL,2006,6,14,14.2,,9.8,,18.6,,0.5,E,,,,,0,,,,,,0,,3.8,,,,,
-52.78472222222222,47.51555555555556,ST JOHN'S WEST CDA CS,8403605,8403605.2006.6.15,2006-06-15 00:00:00,NL,2006,6,15,17,,11.5,,22.4,,18.4,E,,,,,0,,,,,,0,,1,,,,,
-52.78472222222222,47.51555555555556,ST JOHN'S WEST CDA CS,8403605,8403605.2006.6.16,2006-06-16 00:00:00,NL,2006,6,16,15.4,,10.3,,20.4,,1.5,E,,,,,0,,,,,,0,,2.6,,,,,
-52.78472222222222,47.51555555555556,ST JOHN'S WEST CDA CS,8403605,8403605.2006.6.17,2006-06-17 00:00:00,NL,2006,6,17,17.2,,9.1,,25.2,,0.7,E,,,,,0,,,,,,0,,0.8,,,,,
-52.78472222222222,47.51555555555556,ST JOHN'S WEST CDA CS,8403605,8403605.2006.6.18,2006-06-18 00:00:00,NL,2006,6,18,19.3,,12.9,,25.6,,1.3,E,,,,,0,,,,,,1.3,,0,,,,,
-52.78472222222222,47.51555555555556,ST JOHN'S WEST CDA CS,8403605,8403605.2006.6.19,2006-06-19 00:00:00,NL,2006,6,19,20.1,,15,,25.2,,0.9,E,,,,,0,,,,,,2.1,,0,,,,,
-52.78472222222222,47.51555555555556,ST JOHN'S WEST CDA CS,8403605,8403605.2006.6.20,2006-06-20 00:00:00,NL,2006,6,20,19.5,,15.5,,23.5,,2.2,E,,,,,0,,,,,,1.5,,0,,,,,
-52.78472222222222,47.51555555555556,ST JOHN'S WEST CDA CS,8403605,8403605.2006.6.21,2006-06-21 00:00:00,NL,2006,6,21,20.4,,15,,25.7,,1.5,E,,,,,0,,,,,,2.4,,0,,,,,
-52.78472222222222,47.51555555555556,ST JOHN'S WEST CDA CS,8403605,8403605.2006.6.22,2006-06-22 00:00:00,NL,2006,6,22,21.4,,17.5,,25.3,,0.5,E,,,,,0,,,,,,3.4,,0,,,,,
-52.78472222222222,47.51555555555556,ST JOHN'S WEST CDA CS,8403605,8403605.2006.6.23,2006-06-23 00:00:00,NL,2006,6,23,18.2,,12.3,,24.1,,3.5,E,,,,,0,,,,,,0.2,,0,,,,,
-52.78472222222222,47.51555555555556,ST JOHN'S WEST CDA CS,8403605,8403605.2006.6.24,2006-06-24 00:00:00,NL,2006,6,24,19.9,,18,,21.8,,6.3,E,,,,,0,,,,,,1.9,,0,,,,,
-52.78472222222222,47.51555555555556,ST JOHN'S WEST CDA CS,8403605,8403605.2006.6.25,2006-06-25 00:00:00,NL,2006,6,25,19,,16.8,,21.2,,1.7,E,,,,,0,,,,,,1,,0,,,,,
-52.78472222222222,47.51555555555556,ST JOHN'S WEST CDA CS,8403605,8403605.2006.6.26,2006-06-26 00:00:00,NL,2006,6,26,19.9,,16.5,,23.2,,16.7,E,,,,,0,,,,,,1.9,,0,,,,,
-52.78472222222222,47.51555555555556,ST JOHN'S WEST CDA CS,8403605,8403605.2006.6.27,2006-06-27 00:00:00,NL,2006,6,27,20.3,,14.8,,25.8,,1.1,E,,,,,0,,,,,,2.3,,0,,,,,
-52.78472222222222,47.51555555555556,ST JOHN'S WEST CDA CS,8403605,8403605.2006.6.28,2006-06-28 00:00:00,NL,2006,6,28,22.2,,18.4,,25.9,,1.5,E,,,,,0,,,,,,4.2,,0,,,,,
-52.78472222222222,47.51555555555556,ST JOHN'S WEST CDA CS,8403605,8403605.2006.6.29,2006-06-29 00:00:00,NL,2006,6,29,21.9,,17.1,,26.6,,0.7,E,,,,,0,,,,,,3.9,,0,,,,,
-52.78472222222222,47.51555555555556,ST JOHN'S WEST CDA CS,8403605,8403605.2006.6.30,2006-06-30 00:00:00,NL,2006,6,30,22.2,,17.5,,26.8,,1.5,E,,,,,0,,,,,,4.2,,0,,,,,
-52.78472222222222,47.51555555555556,ST JOHN'S WEST CDA CS,8403605,8403605.2006.7.1,2006-07-01 00:00:00,NL,2006,7,1,23,,19.8,,26.2,,1.3,E,,,,,0,,,,,,5,,0,,,,,
-52.78472222222222,47.51555555555556,ST JOHN'S WEST CDA CS,8403605,8403605.2006.7.2,2006-07-02 00:00:00,NL,2006,7,2,17.9,,14.4,,21.3,,3,E,,,,,0,,,,,,0,,0.1,,,,,
-52.78472222222222,47.51555555555556,ST JOHN'S WEST CDA CS,8403605,8403605.2006.7.3,2006-07-03 00:00:00,NL,2006,7,3,18.5,,15.2,,21.8,,4.2,E,,,,,0,,,,,,0.5,,0,,,,,
-52.78472222222222,47.51555555555556,ST JOHN'S WEST CDA CS,8403605,8403605.2006.7.4,2006-07-04 00:00:00,NL,2006,7,4,18.4,,13.4,,23.4,,0,,,,,,0,,,,,,0.4,,0,,,,,
-52.78472222222222,47.51555555555556,ST JOHN'S WEST CDA CS,8403605,8403605.2006.7.5,2006-07-05 00:00:00,NL,2006,7,5,20.5,,16.1,,24.8,,1.2,E,,,,,0,,,,,,2.5,,0,,,,,
-52.78472222222222,47.51555555555556,ST JOHN'S WEST CDA CS,8403605,8403605.2006.7.6,2006-07-06 00:00:00,NL,2006,7,6,19.9,,14.3,,25.4,,3.7,E,,,,,0,,,,,,1.9,,0,,,,,
-52.78472222222222,47.51555555555556,ST JOHN'S WEST CDA CS,8403605,8403605.2006.7.7,2006-07-07 00:00:00,NL,2006,7,7,20.2,,16.3,,24,,0,,,,,,0,,,,,,2.2,,0,,,,,
-52.78472222222222,47.51555555555556,ST JOHN'S WEST CDA CS,8403605,8403605.2006.7.8,2006-07-08 00:00:00,NL,2006,7,8,18.1,,11.1,,25.1,,0,,,,,,0,,,,,,0.1,,0,,,,,
-52.78472222222222,47.51555555555556,ST JOHN'S WEST CDA CS,8403605,8403605.2006.7.9,2006-07-09 00:00:00,NL,2006,7,9,22.1,,15.9,,28.3,,0.7,E,,,,,0,,,,,,4.1,,0,,,,,
-52.78472222222222,47.51555555555556,ST JOHN'S WEST CDA CS,8403605,8403605.2006.7.10,2006-07-10 00:00:00,NL,2006,7,10,23.4,,18,,28.8,,0.9,E,,,,,0,,,,,,5.4,,0,,,,,
-52.78472222222222,47.51555555555556,ST JOHN'S WEST CDA CS,8403605,8403605.2006.7.11,2006-07-11 00:00:00,NL,2006,7,11,21.2,,16.9,,25.4,,7.6,E,,,,,0,,,,,,3.2,,0,,,,,
-52.78472222222222,47.51555555555556,ST JOHN'S WEST CDA CS,8403605,8403605.2006.7.12,2006-07-12 00:00:00,NL,2006,7,12,20,,15.1,,24.8,,3.7,E,,,,,0,,,,,,2,,0,,,,,
-52.78472222222222,47.51555555555556,ST JOHN'S WEST CDA CS,8403605,8403605.2006.7.13,2006-07-13 00:00:00,NL,2006,7,13,12.9,,8.8,,17,,0.7,E,,,,,0,,,,,,0,,5.1,,,,,
-52.78472222222222,47.51555555555556,ST JOHN'S WEST CDA CS,8403605,8403605.2006.7.14,2006-07-14 00:00:00,NL,2006,7,14,12.2,,11.2,,13.1,,2.7,E,,,,,0,,,,,,0,,5.8,,,,,
-52.78472222222222,47.51555555555556,ST JOHN'S WEST CDA CS,8403605,8403605.2006.7.15,2006-07-15 00:00:00,NL,2006,7,15,13,,11.1,,14.8,,2.9,E,,,,,0,,,,,,0,,5,,,,,
-52.78472222222222,47.51555555555556,ST JOHN'S WEST CDA CS,8403605,8403605.2006.7.16,2006-07-16 00:00:00,NL,2006,7,16,15,,12.3,,17.6,,0.8,E,,,,,0,,,,,,0,,3,,,,,
-52.78472222222222,47.51555555555556,ST JOHN'S WEST CDA CS,8403605,8403605.2006.7.17,2006-07-17 00:00:00,NL,2006,7,17,18.8,,13.1,,24.5,,0,,,,,,0,,,,,,0.8,,0,,,,,
-52.78472222222222,47.51555555555556,ST JOHN'S WEST CDA CS,8403605,8403605.2006.7.18,2006-07-18 00:00:00,NL,2006,7,18,22.4,,17.6,,27.2,,0.9,E,,,,,0,,,,,,4.4,,0,,,,,
-52.78472222222222,47.51555555555556,ST JOHN'S WEST CDA CS,8403605,8403605.2006.7.19,2006-07-19 00:00:00,NL,2006,7,19,22.8,,17.6,,27.9,,0.4,E,,,,,0,,,,,,4.8,,0,,,,,
-52.78472222222222,47.51555555555556,ST JOHN'S WEST CDA CS,8403605,8403605.2006.7.20,2006-07-20 00:00:00,NL,2006,7,20,20.4,,15.1,,25.6,,0,,,,,,0,,,,,,2.4,,0,,,,,
-52.78472222222222,47.51555555555556,ST JOHN'S WEST CDA CS,8403605,8403605.2006.7.21,2006-07-21 00:00:00,NL,2006,7,21,22.2,,15.2,,29.1,,0,,,,,,0,,,,,,4.2,,0,,,,,
-52.78472222222222,47.51555555555556,ST JOHN'S WEST CDA CS,8403605,8403605.2006.7.22,2006-07-22 00:00:00,NL,2006,7,22,17.4,,11.6,,23.2,,0,,,,,,0,,,,,,0,,0.6,,,,,
-52.78472222222222,47.51555555555556,ST JOHN'S WEST CDA CS,8403605,8403605.2006.7.23,2006-07-23 00:00:00,NL,2006,7,23,18.6,,15.9,,21.3,,6.2,E,,,,,0,,,,,,0.6,,0,,,,,
-52.78472222222222,47.51555555555556,ST JOHN'S WEST CDA CS,8403605,8403605.2006.7.24,2006-07-24 00:00:00,NL,2006,7,24,21.9,,17.2,,26.6,,2,E,,,,,0,,,,,,3.9,,0,,,,,
-52.78472222222222,47.51555555555556,ST JOHN'S WEST CDA CS,8403605,8403605.2006.7.25,2006-07-25 00:00:00,NL,2006,7,25,18,,15.1,,20.9,,0,,,,,,0,,,,,,0,,0,,,,,
-52.78472222222222,47.51555555555556,ST JOHN'S WEST CDA CS,8403605,8403605.2006.7.26,2006-07-26 00:00:00,NL,2006,7,26,18.1,,12.7,,23.5,,0,,,,,,0,,,,,,0.1,,0,,,,,
-52.78472222222222,47.51555555555556,ST JOHN'S WEST CDA CS,8403605,8403605.2006.7.27,2006-07-27 00:00:00,NL,2006,7,27,19.5,,16.7,,22.2,,0.7,E,,,,,0,,,,,,1.5,,0,,,,,
-52.78472222222222,47.51555555555556,ST JOHN'S WEST CDA CS,8403605,8403605.2006.7.28,2006-07-28 00:00:00,NL,2006,7,28,15,,14.2,,15.8,,1.2,E,,,,,0,,,,,,0,,3,,,,,
-52.78472222222222,47.51555555555556,ST JOHN'S WEST CDA CS,8403605,8403605.2006.7.29,2006-07-29 00:00:00,NL,2006,7,29,19,,13.9,,24.1,,13.1,E,,,,,0,,,,,,1,,0,,,,,
-52.78472222222222,47.51555555555556,ST JOHN'S WEST CDA CS,8403605,8403605.2006.7.30,2006-07-30 00:00:00,NL,2006,7,30,22.2,,16,,28.3,,1.3,E,,,,,0,,,,,,4.2,,0,,,,,
-52.78472222222222,47.51555555555556,ST JOHN'S WEST CDA CS,8403605,8403605.2006.7.31,2006-07-31 00:00:00,NL,2006,7,31,19.8,,14.5,,25,,0.9,E,,,,,0,,,,,,1.8,,0,,,,,
-52.78472222222222,47.51555555555556,ST JOHN'S WEST CDA CS,8403605,8403605.2006.8.1,2006-08-01 00:00:00,NL,2006,8,1,17.4,,13,,21.8,,0.8,E,,,,,0,,,,,,0,,0.6,,,,,
-52.78472222222222,47.51555555555556,ST JOHN'S WEST CDA CS,8403605,8403605.2006.8.2,2006-08-02 00:00:00,NL,2006,8,2,15.5,,11.4,,19.5,,13.5,E,,,,,0,,,,,,0,,2.5,,,,,
-52.78472222222222,47.51555555555556,ST JOHN'S WEST CDA CS,8403605,8403605.2006.8.3,2006-08-03 00:00:00,NL,2006,8,3,15.5,,14.1,,16.8,,0,,,,,,0,,,,,,0,,2.5,,,,,
-52.78472222222222,47.51555555555556,ST JOHN'S WEST CDA CS,8403605,8403605.2006.8.4,2006-08-04 00:00:00,NL,2006,8,4,13.3,,10.9,,15.6,,0,,,,,,0,,,,,,0,,4.7,,,,,
-52.78472222222222,47.51555555555556,ST JOHN'S WEST CDA CS,8403605,8403605.2006.8.5,2006-08-05 00:00:00,NL,2006,8,5,15,,11.8,,18.1,,7.2,E,,,,,0,,,,,,0,,3,,,,,
-52.78472222222222,47.51555555555556,ST JOHN'S WEST CDA CS,8403605,8403605.2006.8.6,2006-08-06 00:00:00,NL,2006,8,6,19.6,,14.5,,24.7,,0,,,,,,0,,,,,,1.6,,0,,,,,
-52.78472222222222,47.51555555555556,ST JOHN'S WEST CDA CS,8403605,8403605.2006.8.7,2006-08-07 00:00:00,NL,2006,8,7,18.3,,10.7,,25.8,,0,,,,,,0,,,,,,0.3,,0,,,,,
-52.78472222222222,47.51555555555556,ST JOHN'S WEST CDA CS,8403605,8403605.2006.8.8,2006-08-08 00:00:00,NL,2006,8,8,18.7,,13.5,,23.9,,0,,,,,,0,,,,,,0.7,,0,,,,,
-52.78472222222222,47.51555555555556,ST JOHN'S WEST CDA CS,8403605,8403605.2006.8.9,2006-08-09 00:00:00,NL,2006,8,9,17.8,,16.1,,19.4,,3.9,E,,,,,0,,,,,,0,,0.2,,,,,
-52.78472222222222,47.51555555555556,ST JOHN'S WEST CDA CS,8403605,8403605.2006.8.10,2006-08-10 00:00:00,NL,2006,8,10,17.3,,14.5,,20,,35.8,E,,,,,0,,,,,,0,,0.7,,,,,
-52.78472222222222,47.51555555555556,ST JOHN'S WEST CDA CS,8403605,8403605.2006.8.11,2006-08-11 00:00:00,NL,2006,8,11,17.9,,11.4,,24.4,,1.3,E,,,,,0,,,,,,0,,0.1,,,,,
-52.78472222222222,47.51555555555556,ST JOHN'S WEST CDA CS,8403605,8403605.2006.8.12,2006-08-12 00:00:00,NL,2006,8,12,18.2,,15.9,,20.5,,3.6,E,,,,,0,,,,,,0.2,,0,,,,,
-52.78472222222222,47.51555555555556,ST JOHN'S WEST CDA CS,8403605,8403605.2006.8.13,2006-08-13 00:00:00,NL,2006,8,13,17.2,,12.7,,21.7,,0,,,,,,0,,,,,,0,,0.8,,,,,
-52.78472222222222,47.51555555555556,ST JOHN'S WEST CDA CS,8403605,8403605.2006.8.14,2006-08-14 00:00:00,NL,2006,8,14,17,,12.1,,21.8,,0,,,,,,0,,,,,,0,,1,,,,,
-52.78472222222222,47.51555555555556,ST JOHN'S WEST CDA CS,8403605,8403605.2006.8.15,2006-08-15 00:00:00,NL,2006,8,15,17.8,,12.6,,23,,0,,,,,,0,,,,,,0,,0.2,,,,,
-52.78472222222222,47.51555555555556,ST JOHN'S WEST CDA CS,8403605,8403605.2006.8.16,2006-08-16 00:00:00,NL,2006,8,16,18.6,,14.1,,23,,4.3,E,,,,,0,,,,,,0.6,,0,,,,,
-52.78472222222222,47.51555555555556,ST JOHN'S WEST CDA CS,8403605,8403605.2006.8.17,2006-08-17 00:00:00,NL,2006,8,17,20.4,,16.7,,24,,0.5,E,,,,,0,,,,,,2.4,,0,,,,,
-52.78472222222222,47.51555555555556,ST JOHN'S WEST CDA CS,8403605,8403605.2006.8.18,2006-08-18 00:00:00,NL,2006,8,18,18,,14.7,,21.3,,0,,,,,,0,,,,,,0,,0,,,,,
-52.78472222222222,47.51555555555556,ST JOHN'S WEST CDA CS,8403605,8403605.2006.8.19,2006-08-19 00:00:00,NL,2006,8,19,18.9,,13.1,,24.6,,0.6,E,,,,,0,,,,,,0.9,,0,,,,,
-52.78472222222222,47.51555555555556,ST JOHN'S WEST CDA CS,8403605,8403605.2006.8.20,2006-08-20 00:00:00,NL,2006,8,20,18.5,,16.1,,20.9,,2.3,E,,,,,0,,,,,,0.5,,0,,,,,
-52.78472222222222,47.51555555555556,ST JOHN'S WEST CDA CS,8403605,8403605.2006.8.21,2006-08-21 00:00:00,NL,2006,8,21,19.1,,17.2,,21,,9.3,E,,,,,0,,,,,,1.1,,0,,,,,
-52.78472222222222,47.51555555555556,ST JOHN'S WEST CDA CS,8403605,8403605.2006.8.22,2006-08-22 00:00:00,NL,2006,8,22,19.8,,16.7,,22.8,,5.4,E,,,,,0,,,,,,1.8,,0,,,,,
-52.78472222222222,47.51555555555556,ST JOHN'S WEST CDA CS,8403605,8403605.2006.8.23,2006-08-23 00:00:00,NL,2006,8,23,20.8,,15.9,,25.6,,0.7,E,,,,,0,,,,,,2.8,,0,,,,,
-52.78472222222222,47.51555555555556,ST JOHN'S WEST CDA CS,8403605,8403605.2006.8.24,2006-08-24 00:00:00,NL,2006,8,24,19,,14.2,,23.8,,0,,,,,,0,,,,,,1,,0,,,,,
-52.78472222222222,47.51555555555556,ST JOHN'S WEST CDA CS,8403605,8403605.2006.8.25,2006-08-25 00:00:00,NL,2006,8,25,17,,12.4,,21.5,,0,,,,,,0,,,,,,0,,1,,,,,
-52.78472222222222,47.51555555555556,ST JOHN'S WEST CDA CS,8403605,8403605.2006.8.26,2006-08-26 00:00:00,NL,2006,8,26,14.7,,9.7,,19.6,,0,,,,,,0,,,,,,0,,3.3,,,,,
-52.78472222222222,47.51555555555556,ST JOHN'S WEST CDA CS,8403605,8403605.2006.8.27,2006-08-27 00:00:00,NL,2006,8,27,13,,11.1,,14.9,,0.3,E,,,,,0,,,,,,0,,5,,,,,
-52.78472222222222,47.51555555555556,ST JOHN'S WEST CDA CS,8403605,8403605.2006.8.28,2006-08-28 00:00:00,NL,2006,8,28,12.3,,10.3,,14.2,,0.5,E,,,,,0,,,,,,0,,5.7,,,,,
-52.78472222222222,47.51555555555556,ST JOHN'S WEST CDA CS,8403605,8403605.2006.8.29,2006-08-29 00:00:00,NL,2006,8,29,14.7,,8.5,,20.8,,0,,,,,,0,,,,,,0,,3.3,,,,,
-52.78472222222222,47.51555555555556,ST JOHN'S WEST CDA CS,8403605,8403605.2006.8.30,2006-08-30 00:00:00,NL,2006,8,30,13.6,,9.7,,17.4,,14.9,E,,,,,0,,,,,,0,,4.4,,,,,
-52.78472222222222,47.51555555555556,ST JOHN'S WEST CDA CS,8403605,8403605.2006.8.31,2006-08-31 00:00:00,NL,2006,8,31,14.6,,13.1,,16.1,,25.2,E,,,,,0,,,,,,0,,3.4,,,,,
-52.78472222222222,47.51555555555556,ST JOHN'S WEST CDA CS,8403605,8403605.2006.9.1,2006-09-01 00:00:00,NL,2006,9,1,13.2,,11.8,,14.5,,4.8,E,,,,,0,,,,,,0,,4.8,,,,,
-52.78472222222222,47.51555555555556,ST JOHN'S WEST CDA CS,8403605,8403605.2006.9.2,2006-09-02 00:00:00,NL,2006,9,2,12.9,,9.5,,16.2,,1,E,,,,,0,,,,,,0,,5.1,,,,,
-52.78472222222222,47.51555555555556,ST JOHN'S WEST CDA CS,8403605,8403605.2006.9.3,2006-09-03 00:00:00,NL,2006,9,3,16.1,,8.1,,24,,0.7,E,,,,,0,,,,,,0,,1.9,,,,,
-52.78472222222222,47.51555555555556,ST JOHN'S WEST CDA CS,8403605,8403605.2006.9.4,2006-09-04 00:00:00,NL,2006,9,4,19.2,,13.3,,25,,1.6,E,,,,,0,,,,,,1.2,,0,,,,,
-52.78472222222222,47.51555555555556,ST JOHN'S WEST CDA CS,8403605,8403605.2006.9.5,2006-09-05 00:00:00,NL,2006,9,5,17.1,,14,,20.1,,2.9,E,,,,,0,,,,,,0,,0.9,,,,,
-52.78472222222222,47.51555555555556,ST JOHN'S WEST CDA CS,8403605,8403605.2006.9.6,2006-09-06 00:00:00,NL,2006,9,6,18.4,,14.5,,22.2,,0.8,E,,,,,0,,,,,,0.4,,0,,,,,
-52.78472222222222,47.51555555555556,ST JOHN'S WEST CDA CS,8403605,8403605.2006.9.7,2006-09-07 00:00:00,NL,2006,9,7,16.6,,15.1,,18,,3.4,E,,,,,0,,,,,,0,,1.4,,,,,
-52.78472222222222,47.51555555555556,ST JOHN'S WEST CDA CS,8403605,8403605.2006.9.8,2006-09-08 00:00:00,NL,2006,9,8,17.4,,12.7,,22,,0.9,E,,,,,0,,,,,,0,,0.6,,,,,
-52.78472222222222,47.51555555555556,ST JOHN'S WEST CDA CS,8403605,8403605.2006.9.9,2006-09-09 00:00:00,NL,2006,9,9,16.5,,13.1,,19.9,,0,,,,,,0,,,,,,0,,1.5,,,,,
-52.78472222222222,47.51555555555556,ST JOHN'S WEST CDA CS,8403605,8403605.2006.9.10,2006-09-10 00:00:00,NL,2006,9,10,19,,15.9,,22.1,,2.1,E,,,,,0,,,,,,1,,0,,,,,
-52.78472222222222,47.51555555555556,ST JOHN'S WEST CDA CS,8403605,8403605.2006.9.11,2006-09-11 00:00:00,NL,2006,9,11,12,,9.7,,14.3,,0,,,,,,0,,,,,,0,,6,,,,,
-52.78472222222222,47.51555555555556,ST JOHN'S WEST CDA CS,8403605,8403605.2006.9.12,2006-09-12 00:00:00,NL,2006,9,12,11.4,,5.1,,17.7,,28.2,E,,,,,0,,,,,,0,,6.6,,,,,
-52.78472222222222,47.51555555555556,ST JOHN'S WEST CDA CS,8403605,8403605.2006.9.13,2006-09-13 00:00:00,NL,2006,9,13,14.2,,11.1,,17.2,,25.1,E,,,,,0,,,,,,0,,3.8,,,,,
-52.78472222222222,47.51555555555556,ST JOHN'S WEST CDA CS,8403605,8403605.2006.9.14,2006-09-14 00:00:00,NL,2006,9,14,16.6,,11.5,,21.6,,0,,,,,,0,,,,,,0,,1.4,,,,,
-52.78472222222222,47.51555555555556,ST JOHN'S WEST CDA CS,8403605,8403605.2006.9.15,2006-09-15 00:00:00,NL,2006,9,15,16.9,,12.5,,21.3,,0,,,,,,0,,,,,,0,,1.1,,,,,
-52.78472222222222,47.51555555555556,ST JOHN'S WEST CDA CS,8403605,8403605.2006.9.16,2006-09-16 00:00:00,NL,2006,9,16,16.2,,10,,22.3,,0,,,,,,0,,,,,,0,,1.8,,,,,
-52.78472222222222,47.51555555555556,ST JOHN'S WEST CDA CS,8403605,8403605.2006.9.17,2006-09-17 00:00:00,NL,2006,9,17,12.5,,7.8,,17.1,,0,,,,,,0,,,,,,0,,5.5,,,,,
-52.78472222222222,47.51555555555556,ST JOHN'S WEST CDA CS,8403605,8403605.2006.9.18,2006-09-18 00:00:00,NL,2006,9,18,9.8,,9,,10.6,,0.9,E,,,,,0,,,,,,0,,8.2,,,,,
-52.78472222222222,47.51555555555556,ST JOHN'S WEST CDA CS,8403605,8403605.2006.9.19,2006-09-19 00:00:00,NL,2006,9,19,10.9,,7.2,,14.5,,1.1,E,,,,,0,,,,,,0,,7.1,,,,,
-52.78472222222222,47.51555555555556,ST JOHN'S WEST CDA CS,8403605,8403605.2006.9.20,2006-09-20 00:00:00,NL,2006,9,20,16.7,,10.1,,23.3,,2,E,,,,,0,,,,,,0,,1.3,,,,,
-52.78472222222222,47.51555555555556,ST JOHN'S WEST CDA CS,8403605,8403605.2006.9.21,2006-09-21 00:00:00,NL,2006,9,21,19.8,,17.3,,22.3,,0,,,,,,0,,,,,,1.8,,0,,,,,
-52.78472222222222,47.51555555555556,ST JOHN'S WEST CDA CS,8403605,8403605.2006.9.22,2006-09-22 00:00:00,NL,2006,9,22,14.9,,12.4,,17.4,,0,,,,,,0,,,,,,0,,3.1,,,,,
-52.78472222222222,47.51555555555556,ST JOHN'S WEST CDA CS,8403605,8403605.2006.9.23,2006-09-23 00:00:00,NL,2006,9,23,11.4,,7.1,,15.7,,0,,,,,,0,,,,,,0,,6.6,,,,,
-52.78472222222222,47.51555555555556,ST JOHN'S WEST CDA CS,8403605,8403605.2006.9.24,2006-09-24 00:00:00,NL,2006,9,24,13.1,,8.4,,17.8,,14.4,E,,,,,0,,,,,,0,,4.9,,,,,
-52.78472222222222,47.51555555555556,ST JOHN'S WEST CDA CS,8403605,8403605.2006.9.25,2006-09-25 00:00:00,NL,2006,9,25,14.9,,11.3,,18.5,,0.8,E,,,,,0,,,,,,0,,3.1,,,,,
-52.78472222222222,47.51555555555556,ST JOHN'S WEST CDA CS,8403605,8403605.2006.9.26,2006-09-26 00:00:00,NL,2006,9,26,13.1,,9.2,,16.9,,0,,,,,,0,,,,,,0,,4.9,,,,,
-52.78472222222222,47.51555555555556,ST JOHN'S WEST CDA CS,8403605,8403605.2006.9.27,2006-09-27 00:00:00,NL,2006,9,27,14,,9.9,,18.1,,0,,,,,,0,,,,,,0,,4,,,,,
-52.78472222222222,47.51555555555556,ST JOHN'S WEST CDA CS,8403605,8403605.2006.9.28,2006-09-28 00:00:00,NL,2006,9,28,12.7,,7.9,,17.5,,0,,,,,,0,,,,,,0,,5.3,,,,,
-52.78472222222222,47.51555555555556,ST JOHN'S WEST CDA CS,8403605,8403605.2006.9.29,2006-09-29 00:00:00,NL,2006,9,29,13,,8.9,,17,,0,,,,,,0,,,,,,0,,5,,,,,
-52.78472222222222,47.51555555555556,ST JOHN'S WEST CDA CS,8403605,8403605.2006.9.30,2006-09-30 00:00:00,NL,2006,9,30,14.2,,11.2,,17.2,,2.3,E,,,,,0,,,,,,0,,3.8,,,,,
-52.78472222222222,47.51555555555556,ST JOHN'S WEST CDA CS,8403605,8403605.2006.10.1,2006-10-01 00:00:00,NL,2006,10,1,13.7,,10.5,,16.9,,1.2,E,,,,,0,,,,,,0,,4.3,,,,,
-52.78472222222222,47.51555555555556,ST JOHN'S WEST CDA CS,8403605,8403605.2006.10.2,2006-10-02 00:00:00,NL,2006,10,2,12,,10.2,,13.8,,16.2,E,,,,,0,,,,,,0,,6,,,,,
-52.78472222222222,47.51555555555556,ST JOHN'S WEST CDA CS,8403605,8403605.2006.10.3,2006-10-03 00:00:00,NL,2006,10,3,14.1,,11.7,,16.4,,3.2,E,,,,,0,,,,,,0,,3.9,,,,,
-52.78472222222222,47.51555555555556,ST JOHN'S WEST CDA CS,8403605,8403605.2006.10.4,2006-10-04 00:00:00,NL,2006,10,4,13.6,,11.3,,15.9,,0,,,,,,0,,,,,,0,,4.4,,,,,
-52.78472222222222,47.51555555555556,ST JOHN'S WEST CDA CS,8403605,8403605.2006.10.5,2006-10-05 00:00:00,NL,2006,10,5,15.6,,11.5,,19.7,,3,E,,,,,0,,,,,,0,,2.4,,,,,
-52.78472222222222,47.51555555555556,ST JOHN'S WEST CDA CS,8403605,8403605.2006.10.6,2006-10-06 00:00:00,NL,2006,10,6,8.2,,4.9,,11.4,,0,,,,,,0,,,,,,0,,9.8,,,,,
-52.78472222222222,47.51555555555556,ST JOHN'S WEST CDA CS,8403605,8403605.2006.10.7,2006-10-07 00:00:00,NL,2006,10,7,7.6,,1.3,,13.8,,0,,,,,,0,,,,,,0,,10.4,,,,,
-52.78472222222222,47.51555555555556,ST JOHN'S WEST CDA CS,8403605,8403605.2006.10.8,2006-10-08 00:00:00,NL,2006,10,8,11,,8.5,,13.5,,0,,,,,,0,,,,,,0,,7,,,,,
-52.78472222222222,47.51555555555556,ST JOHN'S WEST CDA CS,8403605,8403605.2006.10.9,2006-10-09 00:00:00,NL,2006,10,9,11.7,,7.4,,16,,0,,,,,,0,,,,,,0,,6.3,,,,,
-52.78472222222222,47.51555555555556,ST JOHN'S WEST CDA CS,8403605,8403605.2006.10.10,2006-10-10 00:00:00,NL,2006,10,10,13.8,,11.9,,15.7,,0,,,,,,0,,,,,,0,,4.2,,,,,
-52.78472222222222,47.51555555555556,ST JOHN'S WEST CDA CS,8403605,8403605.2006.10.11,2006-10-11 00:00:00,NL,2006,10,11,8.2,,5.6,,10.8,,0,,,,,,0,,,,,,0,,9.8,,,,,
-52.78472222222222,47.51555555555556,ST JOHN'S WEST CDA CS,8403605,8403605.2006.10.12,2006-10-12 00:00:00,NL,2006,10,12,8.9,,6.5,,11.3,,0,,,,,,0,,,,,,0,,9.1,,,,,
-52.78472222222222,47.51555555555556,ST JOHN'S WEST CDA CS,8403605,8403605.2006.10.13,2006-10-13 00:00:00,NL,2006,10,13,13,,7.7,,18.3,,12.2,E,,,,,0,,,,,,0,,5,,,,,
-52.78472222222222,47.51555555555556,ST JOHN'S WEST CDA CS,8403605,8403605.2006.10.14,2006-10-14 00:00:00,NL,2006,10,14,16.2,,12,,20.3,,3,E,,,,,0,,,,,,0,,1.8,,,,,
-52.78472222222222,47.51555555555556,ST JOHN'S WEST CDA CS,8403605,8403605.2006.10.15,2006-10-15 00:00:00,NL,2006,10,15,15.5,,13.5,,17.4,,0,,,,,,0,,,,,,0,,2.5,,,,,
-52.78472222222222,47.51555555555556,ST JOHN'S WEST CDA CS,8403605,8403605.2006.10.16,2006-10-16 00:00:00,NL,2006,10,16,10,,9.3,,10.7,,0,,,,,,0,,,,,,0,,8,,,,,
-52.78472222222222,47.51555555555556,ST JOHN'S WEST CDA CS,8403605,8403605.2006.10.17,2006-10-17 00:00:00,NL,2006,10,17,7.1,,3.3,,10.9,,0,,,,,,0,,,,,,0,,10.9,,,,,
-52.78472222222222,47.51555555555556,ST JOHN'S WEST CDA CS,8403605,8403605.2006.10.18,2006-10-18 00:00:00,NL,2006,10,18,6,,2.3,,9.7,,0,,,,,,0,,,,,,0,,12,,,,,
-52.78472222222222,47.51555555555556,ST JOHN'S WEST CDA CS,8403605,8403605.2006.10.19,2006-10-19 00:00:00,NL,2006,10,19,6.7,,4.7,,8.7,,0,,,,,,0,,,,,,0,,11.3,,,,,
-52.78472222222222,47.51555555555556,ST JOHN'S WEST CDA CS,8403605,8403605.2006.10.20,2006-10-20 00:00:00,NL,2006,10,20,6.5,,3.1,,9.8,,2.1,E,,,,,0,,,,,,0,,11.5,,,,,
-52.78472222222222,47.51555555555556,ST JOHN'S WEST CDA CS,8403605,8403605.2006.10.21,2006-10-21 00:00:00,NL,2006,10,21,8.4,,7,,9.8,,40,E,,,,,0,,,,,,0,,9.6,,,,,
-52.78472222222222,47.51555555555556,ST JOHN'S WEST CDA CS,8403605,8403605.2006.10.22,2006-10-22 00:00:00,NL,2006,10,22,9.4,,8.7,,10,,13.6,E,,,,,0,,,,,,0,,8.6,,,,,
-52.78472222222222,47.51555555555556,ST JOHN'S WEST CDA CS,8403605,8403605.2006.10.23,2006-10-23 00:00:00,NL,2006,10,23,9.2,,7.7,,10.7,,6.8,E,,,,,0,,,,,,0,,8.8,,,,,
-52.78472222222222,47.51555555555556,ST JOHN'S WEST CDA CS,8403605,8403605.2006.10.24,2006-10-24 00:00:00,NL,2006,10,24,11.6,,9.2,,14,,22.8,E,,,,,0,,,,,,0,,6.4,,,,,
-52.78472222222222,47.51555555555556,ST JOHN'S WEST CDA CS,8403605,8403605.2006.10.25,2006-10-25 00:00:00,NL,2006,10,25,9.8,,8.2,,11.3,,1.2,E,,,,,0,,,,,,0,,8.2,,,,,
-52.78472222222222,47.51555555555556,ST JOHN'S WEST CDA CS,8403605,8403605.2006.10.26,2006-10-26 00:00:00,NL,2006,10,26,8.3,,5.8,,10.7,,1.1,E,,,,,0,,,,,,0,,9.7,,,,,
-52.78472222222222,47.51555555555556,ST JOHN'S WEST CDA CS,8403605,8403605.2006.10.27,2006-10-27 00:00:00,NL,2006,10,27,6.5,,5.3,,7.7,,2.1,E,,,,,0,,,,,,0,,11.5,,,,,
-52.78472222222222,47.51555555555556,ST JOHN'S WEST CDA CS,8403605,8403605.2006.10.28,2006-10-28 00:00:00,NL,2006,10,28,5.6,,4.3,,6.9,,0,,,,,,0,,,,,,0,,12.4,,,,,
-52.78472222222222,47.51555555555556,ST JOHN'S WEST CDA CS,8403605,8403605.2006.10.29,2006-10-29 00:00:00,NL,2006,10,29,6.7,,0.7,,12.6,,20.3,E,,,,,0,,,,,,0,,11.3,,,,,
-52.78472222222222,47.51555555555556,ST JOHN'S WEST CDA CS,8403605,8403605.2006.10.30,2006-10-30 00:00:00,NL,2006,10,30,8.5,,5.7,,11.2,,1.1,E,,,,,0,,,,,,0,,9.5,,,,,
-52.78472222222222,47.51555555555556,ST JOHN'S WEST CDA CS,8403605,8403605.2006.10.31,2006-10-31 00:00:00,NL,2006,10,31,6.1,,3.9,,8.3,,1.1,E,,,,,0,,,,,,0,,11.9,,,,,
-52.78472222222222,47.51555555555556,ST JOHN'S WEST CDA CS,8403605,8403605.2006.11.1,2006-11-01 00:00:00,NL,2006,11,1,7,,2.8,,11.1,,4.6,E,,,,,0,,,,,,0,,11,,,,,
-52.78472222222222,47.51555555555556,ST JOHN'S WEST CDA CS,8403605,8403605.2006.11.2,2006-11-02 00:00:00,NL,2006,11,2,11.8,,6.9,,16.7,,7.3,E,,,,,0,,,,,,0,,6.2,,,,,
-52.78472222222222,47.51555555555556,ST JOHN'S WEST CDA CS,8403605,8403605.2006.11.3,2006-11-03 00:00:00,NL,2006,11,3,12.7,,8.7,,16.7,,25,E,,,,,0,,,,,,0,,5.3,,,,,
-52.78472222222222,47.51555555555556,ST JOHN'S WEST CDA CS,8403605,8403605.2006.11.4,2006-11-04 00:00:00,NL,2006,11,4,3.8,,0.5,,7,,0,,,,,,0,,,,,,0,,14.2,,,,,
-52.78472222222222,47.51555555555556,ST JOHN'S WEST CDA CS,8403605,8403605.2006.11.5,2006-11-05 00:00:00,NL,2006,11,5,3.1,,-1.1,,7.3,,0,,,,,,0,,,,,,0,,14.9,,,,,
-52.78472222222222,47.51555555555556,ST JOHN'S WEST CDA CS,8403605,8403605.2006.11.6,2006-11-06 00:00:00,NL,2006,11,6,2.3,,-1.7,,6.3,,2,E,,,,,0,,,,,,0,,15.7,,,,,
-52.78472222222222,47.51555555555556,ST JOHN'S WEST CDA CS,8403605,8403605.2006.11.7,2006-11-07 00:00:00,NL,2006,11,7,1.7,,-2.3,,5.7,,0,,,,,,,M,,,,,0,,16.3,,,,,
-52.78472222222222,47.51555555555556,ST JOHN'S WEST CDA CS,8403605,8403605.2006.11.8,2006-11-08 00:00:00,NL,2006,11,8,4.4,,-2.1,,10.9,,0,,,,,,,M,,,,,0,,13.6,,,,,
-52.78472222222222,47.51555555555556,ST JOHN'S WEST CDA CS,8403605,8403605.2006.11.9,2006-11-09 00:00:00,NL,2006,11,9,8.6,,5.3,,11.8,,11.9,E,,,,,,M,,,,,0,,9.4,,,,,
-52.78472222222222,47.51555555555556,ST JOHN'S WEST CDA CS,8403605,8403605.2006.11.10,2006-11-10 00:00:00,NL,2006,11,10,12,,8.9,,15.1,,20.2,E,,,,,,M,,,,,0,,6,,,,,
-52.78472222222222,47.51555555555556,ST JOHN'S WEST CDA CS,8403605,8403605.2006.11.11,2006-11-11 00:00:00,NL,2006,11,11,8.9,,7.1,,10.7,,0,,,,,,,M,,,,,0,,9.1,,,,,
-52.78472222222222,47.51555555555556,ST JOHN'S WEST CDA CS,8403605,8403605.2006.11.12,2006-11-12 00:00:00,NL,2006,11,12,5.8,,0.9,,10.7,,0,,,,,,,M,,,,,0,,12.2,,,,,
-52.78472222222222,47.51555555555556,ST JOHN'S WEST CDA CS,8403605,8403605.2006.11.13,2006-11-13 00:00:00,NL,2006,11,13,2.7,,2.1,,3.3,,0,,,,,,,M,,,,,0,,15.3,,,,,
-52.78472222222222,47.51555555555556,ST JOHN'S WEST CDA CS,8403605,8403605.2006.11.14,2006-11-14 00:00:00,NL,2006,11,14,2.6,,-2.7,,7.9,,1.1,E,,,,,,M,,,,,0,,15.4,,,,,
-52.78472222222222,47.51555555555556,ST JOHN'S WEST CDA CS,8403605,8403605.2006.11.15,2006-11-15 00:00:00,NL,2006,11,15,8.4,,2.4,,14.3,,1.4,E,,,,,,M,,,,,0,,9.6,,,,,
-52.78472222222222,47.51555555555556,ST JOHN'S WEST CDA CS,8403605,8403605.2006.11.16,2006-11-16 00:00:00,NL,2006,11,16,13,,10.7,,15.3,,0,,,,,,,M,,,,,0,,5,,,,,
-52.78472222222222,47.51555555555556,ST JOHN'S WEST CDA CS,8403605,8403605.2006.11.17,2006-11-17 00:00:00,NL,2006,11,17,13.3,,8.5,,18,,0.7,E,,,,,,M,,,,,0,,4.7,,,,,
-52.78472222222222,47.51555555555556,ST JOHN'S WEST CDA CS,8403605,8403605.2006.11.18,2006-11-18 00:00:00,NL,2006,11,18,15.9,,13.8,,17.9,,0.8,E,,,,,,M,,,,,0,,2.1,,,,,
-52.78472222222222,47.51555555555556,ST JOHN'S WEST CDA CS,8403605,8403605.2006.11.19,2006-11-19 00:00:00,NL,2006,11,19,16.9,,14.7,,19.1,,2.9,E,,,,,,M,,,,,0,,1.1,,,,,
-52.78472222222222,47.51555555555556,ST JOHN'S WEST CDA CS,8403605,8403605.2006.11.20,2006-11-20 00:00:00,NL,2006,11,20,12.7,,9.8,,15.6,,0,,,,,,,M,,,,,0,,5.3,,,,,
-52.78472222222222,47.51555555555556,ST JOHN'S WEST CDA CS,8403605,8403605.2006.11.21,2006-11-21 00:00:00,NL,2006,11,21,7.2,,5.9,,8.4,,1.6,E,,,,,,M,,,,,0,,10.8,,,,,
-52.78472222222222,47.51555555555556,ST JOHN'S WEST CDA CS,8403605,8403605.2006.11.22,2006-11-22 00:00:00,NL,2006,11,22,3.3,,-0.2,,6.7,,0,,,,,,,M,,,,,0,,14.7,,,,,
-52.78472222222222,47.51555555555556,ST JOHN'S WEST CDA CS,8403605,8403605.2006.11.23,2006-11-23 00:00:00,NL,2006,11,23,2.4,,-0.9,,5.6,,0,,,,,,,M,,,,,0,,15.6,,,,,
-52.78472222222222,47.51555555555556,ST JOHN'S WEST CDA CS,8403605,8403605.2006.11.24,2006-11-24 00:00:00,NL,2006,11,24,5.5,,1.5,,9.5,,17.4,E,,,,,,M,,,,,0,,12.5,,,,,
-52.78472222222222,47.51555555555556,ST JOHN'S WEST CDA CS,8403605,8403605.2006.11.25,2006-11-25 00:00:00,NL,2006,11,25,-0.2,,-1.1,,0.8,,0,,,,,,,M,,,,,0,,18.2,,,,,
-52.78472222222222,47.51555555555556,ST JOHN'S WEST CDA CS,8403605,8403605.2006.11.26,2006-11-26 00:00:00,NL,2006,11,26,1,,-4.1,,6,,0.8,E,,,,,,M,,,,,0,,17,,,,,
-52.78472222222222,47.51555555555556,ST JOHN'S WEST CDA CS,8403605,8403605.2006.11.27,2006-11-27 00:00:00,NL,2006,11,27,5.3,,3.9,,6.7,,0,,,,,,,M,,,,,0,,12.7,,,,,
-52.78472222222222,47.51555555555556,ST JOHN'S WEST CDA CS,8403605,8403605.2006.11.28,2006-11-28 00:00:00,NL,2006,11,28,-0.6,,-1.2,,0.1,,0,,,,,,,M,,,,,0,,18.6,,,,,
-52.78472222222222,47.51555555555556,ST JOHN'S WEST CDA CS,8403605,8403605.2006.11.29,2006-11-29 00:00:00,NL,2006,11,29,-3,,-4.7,,-1.2,,0,,,,,,,M,,,,,0,,21,,,,,
-52.78472222222222,47.51555555555556,ST JOHN'S WEST CDA CS,8403605,8403605.2006.11.30,2006-11-30 00:00:00,NL,2006,11,30,3.3,,-4.7,,11.3,,8.5,E,,,,,,M,,,,,0,,14.7,,,,,
-52.78472222222222,47.51555555555556,ST JOHN'S WEST CDA CS,8403605,8403605.2006.12.1,2006-12-01 00:00:00,NL,2006,12,1,6.2,,1.3,,11,,9.4,E,,,,,0,,,,,,0,,11.8,,,,,
-52.78472222222222,47.51555555555556,ST JOHN'S WEST CDA CS,8403605,8403605.2006.12.2,2006-12-02 00:00:00,NL,2006,12,2,3.9,,-1.1,,8.9,,11.2,E,,,,,0,,,,,,0,,14.1,,,,,
-52.78472222222222,47.51555555555556,ST JOHN'S WEST CDA CS,8403605,8403605.2006.12.3,2006-12-03 00:00:00,NL,2006,12,3,0.3,,-0.2,,0.8,,2.5,E,,,,,0,,,,,,0,,17.7,,,,,
-52.78472222222222,47.51555555555556,ST JOHN'S WEST CDA CS,8403605,8403605.2006.12.4,2006-12-04 00:00:00,NL,2006,12,4,-1.5,,-6.8,,3.8,,19.5,E,,,,,1,,,,,,0,,19.5,,,,,
-52.78472222222222,47.51555555555556,ST JOHN'S WEST CDA CS,8403605,8403605.2006.12.5,2006-12-05 00:00:00,NL,2006,12,5,0.4,,-0.4,,1.1,,6.8,E,,,,,20,,,,,,0,,17.6,,,,,
-52.78472222222222,47.51555555555556,ST JOHN'S WEST CDA CS,8403605,8403605.2006.12.6,2006-12-06 00:00:00,NL,2006,12,6,-2.5,,-4,,-1,,2.6,E,,,,,20,,,,,,0,,20.5,,,,,
-52.78472222222222,47.51555555555556,ST JOHN'S WEST CDA CS,8403605,8403605.2006.12.7,2006-12-07 00:00:00,NL,2006,12,7,-0.2,,-8.2,,7.8,,2.6,E,,,,,20,,,,,,0,,18.2,,,,,
-52.78472222222222,47.51555555555556,ST JOHN'S WEST CDA CS,8403605,8403605.2006.12.8,2006-12-08 00:00:00,NL,2006,12,8,7.6,,2.7,,12.4,,41.5,E,,,,,6,,,,,,0,,10.4,,,,,
-52.78472222222222,47.51555555555556,ST JOHN'S WEST CDA CS,8403605,8403605.2006.12.9,2006-12-09 00:00:00,NL,2006,12,9,-3.4,,-4.6,,-2.1,,1,E,,,,,0,,,,,,0,,21.4,,,,,
-52.78472222222222,47.51555555555556,ST JOHN'S WEST CDA CS,8403605,8403605.2006.12.10,2006-12-10 00:00:00,NL,2006,12,10,0.6,,-5,,6.2,,0.8,E,,,,,0,,,,,,0,,17.4,,,,,
-52.78472222222222,47.51555555555556,ST JOHN'S WEST CDA CS,8403605,8403605.2006.12.11,2006-12-11 00:00:00,NL,2006,12,11,3.4,,2.2,,4.5,,0.8,E,,,,,0,,,,,,0,,14.6,,,,,
-52.78472222222222,47.51555555555556,ST JOHN'S WEST CDA CS,8403605,8403605.2006.12.12,2006-12-12 00:00:00,NL,2006,12,12,-4.7,,-6.5,,-2.8,,0,,,,,,0,,,,,,0,,22.7,,,,,
-52.78472222222222,47.51555555555556,ST JOHN'S WEST CDA CS,8403605,8403605.2006.12.13,2006-12-13 00:00:00,NL,2006,12,13,-0.3,,-4.6,,4.1,,1.1,E,,,,,0,,,,,,0,,18.3,,,,,
-52.78472222222222,47.51555555555556,ST JOHN'S WEST CDA CS,8403605,8403605.2006.12.14,2006-12-14 00:00:00,NL,2006,12,14,4.1,,-0.5,,8.7,,2.4,E,,,,,0,,,,,,0,,13.9,,,,,
-52.78472222222222,47.51555555555556,ST JOHN'S WEST CDA CS,8403605,8403605.2006.12.15,2006-12-15 00:00:00,NL,2006,12,15,6.9,,5.5,,8.3,,2.3,E,,,,,0,,,,,,0,,11.1,,,,,
-52.78472222222222,47.51555555555556,ST JOHN'S WEST CDA CS,8403605,8403605.2006.12.16,2006-12-16 00:00:00,NL,2006,12,16,6.6,,3.1,,10,,17.7,E,,,,,0,,,,,,0,,11.4,,,,,
-52.78472222222222,47.51555555555556,ST JOHN'S WEST CDA CS,8403605,8403605.2006.12.17,2006-12-17 00:00:00,NL,2006,12,17,4.9,,3.4,,6.3,,0.4,E,,,,,0,,,,,,0,,13.1,,,,,
-52.78472222222222,47.51555555555556,ST JOHN'S WEST CDA CS,8403605,8403605.2006.12.18,2006-12-18 00:00:00,NL,2006,12,18,3.4,,1,,5.8,,0,,,,,,0,,,,,,0,,14.6,,,,,
-52.78472222222222,47.51555555555556,ST JOHN'S WEST CDA CS,8403605,8403605.2006.12.19,2006-12-19 00:00:00,NL,2006,12,19,-3.3,,-5.2,,-1.3,,2.2,E,,,,,0,,,,,,0,,21.3,,,,,
-52.78472222222222,47.51555555555556,ST JOHN'S WEST CDA CS,8403605,8403605.2006.12.20,2006-12-20 00:00:00,NL,2006,12,20,-3,,-5.2,,-0.7,,0,,,,,,5,,,,,,0,,21,,,,,
-52.78472222222222,47.51555555555556,ST JOHN'S WEST CDA CS,8403605,8403605.2006.12.21,2006-12-21 00:00:00,NL,2006,12,21,-3,,-7.6,,1.7,,5.4,E,,,,,3,,,,,,0,,21,,,,,
-52.78472222222222,47.51555555555556,ST JOHN'S WEST CDA CS,8403605,8403605.2006.12.22,2006-12-22 00:00:00,NL,2006,12,22,-2.2,,-3.6,,-0.7,,3.6,E,,,,,9,,,,,,0,,20.2,,,,,
-52.78472222222222,47.51555555555556,ST JOHN'S WEST CDA CS,8403605,8403605.2006.12.23,2006-12-23 00:00:00,NL,2006,12,23,-1.6,,-5.6,,2.5,,0,,,,,,7,,,,,,0,,19.6,,,,,
-52.78472222222222,47.51555555555556,ST JOHN'S WEST CDA CS,8403605,8403605.2006.12.24,2006-12-24 00:00:00,NL,2006,12,24,1.7,,-3,,6.4,,10.3,E,,,,,6,,,,,,0,,16.3,,,,,
-52.78472222222222,47.51555555555556,ST JOHN'S WEST CDA CS,8403605,8403605.2006.12.25,2006-12-25 00:00:00,NL,2006,12,25,2.5,,1.8,,3.1,,2.3,E,,,,,0,,,,,,0,,15.5,,,,,
-52.78472222222222,47.51555555555556,ST JOHN'S WEST CDA CS,8403605,8403605.2006.12.26,2006-12-26 00:00:00,NL,2006,12,26,0.8,,-1,,2.6,,8,E,,,,,0,,,,,,0,,17.2,,,,,
-52.78472222222222,47.51555555555556,ST JOHN'S WEST CDA CS,8403605,8403605.2006.12.27,2006-12-27 00:00:00,NL,2006,12,27,0.3,,-0.4,,0.9,,0,,,,,,4,,,,,,0,,17.7,,,,,
-52.78472222222222,47.51555555555556,ST JOHN'S WEST CDA CS,8403605,8403605.2006.12.28,2006-12-28 00:00:00,NL,2006,12,28,-5.4,,-6.7,,-4,,1.7,E,,,,,3,,,,,,0,,23.4,,,,,
-52.78472222222222,47.51555555555556,ST JOHN'S WEST CDA CS,8403605,8403605.2006.12.29,2006-12-29 00:00:00,NL,2006,12,29,-7,,-8,,-5.9,,0.9,E,,,,,4,,,,,,0,,25,,,,,
-52.78472222222222,47.51555555555556,ST JOHN'S WEST CDA CS,8403605,8403605.2006.12.30,2006-12-30 00:00:00,NL,2006,12,30,-7.1,,-10.4,,-3.8,,0,,,,,,4,,,,,,0,,25.1,,,,,
-52.78472222222222,47.51555555555556,ST JOHN'S WEST CDA CS,8403605,8403605.2006.12.31,2006-12-31 00:00:00,NL,2006,12,31,-4.5,,-8.6,,-0.3,,1.4,E,,,,,4,,,,,,0,,22.5,,,,,
-52.78472222222222,47.51555555555556,ST JOHN'S WEST CDA CS,8403605,8403605.2007.1.1,2007-01-01 00:00:00,NL,2007,1,1,-3.5,,-5.4,,-1.5,,0,,,,,,8,,,,,,0,,21.5,,,,,
-52.78472222222222,47.51555555555556,ST JOHN'S WEST CDA CS,8403605,8403605.2007.1.2,2007-01-02 00:00:00,NL,2007,1,2,1.3,,-4.5,,7.1,,11.8,E,,,,,6,,,,,,0,,16.7,,,,,
-52.78472222222222,47.51555555555556,ST JOHN'S WEST CDA CS,8403605,8403605.2007.1.3,2007-01-03 00:00:00,NL,2007,1,3,-0.1,,-2,,1.9,,0,,,,,,2,,,,,,0,,18.1,,,,,
-52.78472222222222,47.51555555555556,ST JOHN'S WEST CDA CS,8403605,8403605.2007.1.4,2007-01-04 00:00:00,NL,2007,1,4,0.4,,-4.1,,4.9,,0,,,,,,2,,,,,,0,,17.6,,,,,
-52.78472222222222,47.51555555555556,ST JOHN'S WEST CDA CS,8403605,8403605.2007.1.5,2007-01-05 00:00:00,NL,2007,1,5,4,,0.6,,7.4,,1.8,E,,,,,0,,,,,,0,,14,,,,,
-52.78472222222222,47.51555555555556,ST JOHN'S WEST CDA CS,8403605,8403605.2007.1.6,2007-01-06 00:00:00,NL,2007,1,6,8,,2.5,,13.4,,23.4,E,,,,,0,,,,,,0,,10,,,,,
-52.78472222222222,47.51555555555556,ST JOHN'S WEST CDA CS,8403605,8403605.2007.1.7,2007-01-07 00:00:00,NL,2007,1,7,6.3,,4.3,,8.3,,0,,,,,,0,,,,,,0,,11.7,,,,,
-52.78472222222222,47.51555555555556,ST JOHN'S WEST CDA CS,8403605,8403605.2007.1.8,2007-01-08 00:00:00,NL,2007,1,8,6.8,,1.5,,12,,11.3,E,,,,,0,,,,,,0,,11.2,,,,,
-52.78472222222222,47.51555555555556,ST JOHN'S WEST CDA CS,8403605,8403605.2007.1.9,2007-01-09 00:00:00,NL,2007,1,9,6.1,,0.8,,11.3,,0,,,,,,0,,,,,,0,,11.9,,,,,
-52.78472222222222,47.51555555555556,ST JOHN'S WEST CDA CS,8403605,8403605.2007.1.10,2007-01-10 00:00:00,NL,2007,1,10,2.4,,1,,3.7,,0,,,,,,0,,,,,,0,,15.6,,,,,
-52.78472222222222,47.51555555555556,ST JOHN'S WEST CDA CS,8403605,8403605.2007.1.11,2007-01-11 00:00:00,NL,2007,1,11,-0.5,,-1,,0.1,,2,E,,,,,13,,,,,,0,,18.5,,,,,
-52.78472222222222,47.51555555555556,ST JOHN'S WEST CDA CS,8403605,8403605.2007.1.12,2007-01-12 00:00:00,NL,2007,1,12,-0.4,,-3.5,,2.7,,2.7,E,,,,,8,,,,,,0,,18.4,,,,,
-52.78472222222222,47.51555555555556,ST JOHN'S WEST CDA CS,8403605,8403605.2007.1.13,2007-01-13 00:00:00,NL,2007,1,13,1.1,,-0.3,,2.4,,3,E,,,,,3,,,,,,0,,16.9,,,,,
-52.78472222222222,47.51555555555556,ST JOHN'S WEST CDA CS,8403605,8403605.2007.1.14,2007-01-14 00:00:00,NL,2007,1,14,-3.4,,-4.9,,-1.9,,0,,,,,,6,,,,,,0,,21.4,,,,,
-52.78472222222222,47.51555555555556,ST JOHN'S WEST CDA CS,8403605,8403605.2007.1.15,2007-01-15 00:00:00,NL,2007,1,15,-5.2,,-7.2,,-3.2,,0.7,E,,,,,6,,,,,,0,,23.2,,,,,
-52.78472222222222,47.51555555555556,ST JOHN'S WEST CDA CS,8403605,8403605.2007.1.16,2007-01-16 00:00:00,NL,2007,1,16,-4.9,,-8.6,,-1.1,,2.1,E,,,,,9,,,,,,0,,22.9,,,,,
-52.78472222222222,47.51555555555556,ST JOHN'S WEST CDA CS,8403605,8403605.2007.1.17,2007-01-17 00:00:00,NL,2007,1,17,-12.5,,-13.3,,-11.6,,0,,,,,,12,,,,,,0,,30.5,,,,,
-52.78472222222222,47.51555555555556,ST JOHN'S WEST CDA CS,8403605,8403605.2007.1.18,2007-01-18 00:00:00,NL,2007,1,18,-10,,-15.8,,-4.1,,0,,,,,,12,,,,,,0,,28,,,,,
-52.78472222222222,47.51555555555556,ST JOHN'S WEST CDA CS,8403605,8403605.2007.1.19,2007-01-19 00:00:00,NL,2007,1,19,-5.3,,-13.5,,2.9,,0,,,,,,10,,,,,,0,,23.3,,,,,
-52.78472222222222,47.51555555555556,ST JOHN'S WEST CDA CS,8403605,8403605.2007.1.20,2007-01-20 00:00:00,NL,2007,1,20,2,,-0.7,,4.7,,17.3,E,,,,,10,,,,,,0,,16,,,,,
-52.78472222222222,47.51555555555556,ST JOHN'S WEST CDA CS,8403605,8403605.2007.1.21,2007-01-21 00:00:00,NL,2007,1,21,-0.2,,-1.7,,1.3,,18.9,E,,,,,5,,,,,,0,,18.2,,,,,
-52.78472222222222,47.51555555555556,ST JOHN'S WEST CDA CS,8403605,8403605.2007.1.22,2007-01-22 00:00:00,NL,2007,1,22,-4.4,,-6,,-2.7,,0,,,,,,21,,,,,,0,,22.4,,,,,
-52.78472222222222,47.51555555555556,ST JOHN'S WEST CDA CS,8403605,8403605.2007.1.23,2007-01-23 00:00:00,NL,2007,1,23,-6.1,,-11.5,,-0.7,,11.1,E,,,,,20,,,,,,0,,24.1,,,,,
-52.78472222222222,47.51555555555556,ST JOHN'S WEST CDA CS,8403605,8403605.2007.1.24,2007-01-24 00:00:00,NL,2007,1,24,-1.2,,-4.9,,2.5,,12.9,E,,,,,60,,,,,,0,,19.2,,,,,
-52.78472222222222,47.51555555555556,ST JOHN'S WEST CDA CS,8403605,8403605.2007.1.25,2007-01-25 00:00:00,NL,2007,1,25,-0.3,,-0.9,,0.4,,0,,,,,,44,,,,,,0,,18.3,,,,,
-52.78472222222222,47.51555555555556,ST JOHN'S WEST CDA CS,8403605,8403605.2007.1.26,2007-01-26 00:00:00,NL,2007,1,26,-2.2,,-6.5,,2.1,,27,E,,,,,41,,,,,,0,,20.2,,,,,
-52.78472222222222,47.51555555555556,ST JOHN'S WEST CDA CS,8403605,8403605.2007.1.27,2007-01-27 00:00:00,NL,2007,1,27,0.3,,-0.5,,1.1,,0,,,,,,53,,,,,,0,,17.7,,,,,
-52.78472222222222,47.51555555555556,ST JOHN'S WEST CDA CS,8403605,8403605.2007.1.28,2007-01-28 00:00:00,NL,2007,1,28,-2.4,,-3.3,,-1.5,,0,,,,,,52,,,,,,0,,20.4,,,,,
-52.78472222222222,47.51555555555556,ST JOHN'S WEST CDA CS,8403605,8403605.2007.1.29,2007-01-29 00:00:00,NL,2007,1,29,-4.4,,-7.6,,-1.1,,8.7,E,,,,,51,,,,,,0,,22.4,,,,,
-52.78472222222222,47.51555555555556,ST JOHN'S WEST CDA CS,8403605,8403605.2007.1.30,2007-01-30 00:00:00,NL,2007,1,30,-6.3,,-7.8,,-4.7,,0,,,,,,56,,,,,,0,,24.3,,,,,
-52.78472222222222,47.51555555555556,ST JOHN'S WEST CDA CS,8403605,8403605.2007.1.31,2007-01-31 00:00:00,NL,2007,1,31,-5.3,,-8.4,,-2.2,,0,,,,,,56,,,,,,0,,23.3,,,,,
-52.78472222222222,47.51555555555556,ST JOHN'S WEST CDA CS,8403605,8403605.2007.2.1,2007-02-01 00:00:00,NL,2007,2,1,-8.3,,-11.2,,-5.3,,0,,,,,,54,,,,,,0,,26.3,,,,,
-52.78472222222222,47.51555555555556,ST JOHN'S WEST CDA CS,8403605,8403605.2007.2.2,2007-02-02 00:00:00,NL,2007,2,2,-5,,-15.6,,5.7,,58.7,E,,,,,52,,,,,,0,,23,,,,,
-52.78472222222222,47.51555555555556,ST JOHN'S WEST CDA CS,8403605,8403605.2007.2.3,2007-02-03 00:00:00,NL,2007,2,3,2.5,,-0.7,,5.6,,5.7,E,,,,,51,,,,,,0,,15.5,,,,,
-52.78472222222222,47.51555555555556,ST JOHN'S WEST CDA CS,8403605,8403605.2007.2.4,2007-02-04 00:00:00,NL,2007,2,4,-3.3,,-5.2,,-1.4,,1.2,E,,,,,44,,,,,,0,,21.3,,,,,
-52.78472222222222,47.51555555555556,ST JOHN'S WEST CDA CS,8403605,8403605.2007.2.5,2007-02-05 00:00:00,NL,2007,2,5,-5.7,,-8.6,,-2.8,,6.2,E,,,,,45,,,,,,0,,23.7,,,,,
-52.78472222222222,47.51555555555556,ST JOHN'S WEST CDA CS,8403605,8403605.2007.2.6,2007-02-06 00:00:00,NL,2007,2,6,-9.8,,-12.3,,-7.3,,0,,,,,,58,,,,,,0,,27.8,,,,,
-52.78472222222222,47.51555555555556,ST JOHN'S WEST CDA CS,8403605,8403605.2007.2.7,2007-02-07 00:00:00,NL,2007,2,7,-9.9,,-14.1,,-5.6,,0,,,,,,54,,,,,,0,,27.9,,,,,
-52.78472222222222,47.51555555555556,ST JOHN'S WEST CDA CS,8403605,8403605.2007.2.8,2007-02-08 00:00:00,NL,2007,2,8,-9.2,,-12.7,,-5.7,,0,,,,,,52,,,,,,0,,27.2,,,,,
-52.78472222222222,47.51555555555556,ST JOHN'S WEST CDA CS,8403605,8403605.2007.2.9,2007-02-09 00:00:00,NL,2007,2,9,-9.8,,-15.9,,-3.7,,0,,,,,,51,,,,,,0,,27.8,,,,,
-52.78472222222222,47.51555555555556,ST JOHN'S WEST CDA CS,8403605,8403605.2007.2.10,2007-02-10 00:00:00,NL,2007,2,10,-9,,-16.4,,-1.6,,0,,,,,,50,,,,,,0,,27,,,,,
-52.78472222222222,47.51555555555556,ST JOHN'S WEST CDA CS,8403605,8403605.2007.2.11,2007-02-11 00:00:00,NL,2007,2,11,-9.1,,-14.3,,-3.9,,0,,,,,,52,,,,,,0,,27.1,,,,,
-52.78472222222222,47.51555555555556,ST JOHN'S WEST CDA CS,8403605,8403605.2007.2.12,2007-02-12 00:00:00,NL,2007,2,12,-6.4,,-8.9,,-3.8,,0,,,,,,49,,,,,,0,,24.4,,,,,
-52.78472222222222,47.51555555555556,ST JOHN'S WEST CDA CS,8403605,8403605.2007.2.13,2007-02-13 00:00:00,NL,2007,2,13,-4.5,,-7.5,,-1.4,,0,,,,,,47,,,,,,0,,22.5,,,,,
-52.78472222222222,47.51555555555556,ST JOHN'S WEST CDA CS,8403605,8403605.2007.2.14,2007-02-14 00:00:00,NL,2007,2,14,-2.1,,-4.4,,0.2,,0,,,,,,47,,,,,,0,,20.1,,,,,
-52.78472222222222,47.51555555555556,ST JOHN'S WEST CDA CS,8403605,8403605.2007.2.15,2007-02-15 00:00:00,NL,2007,2,15,-2,,-6.2,,2.2,,19.1,E,,,,,47,,,,,,0,,20,,,,,
-52.78472222222222,47.51555555555556,ST JOHN'S WEST CDA CS,8403605,8403605.2007.2.16,2007-02-16 00:00:00,NL,2007,2,16,0.5,,-1.3,,2.2,,0.8,E,,,,,50,,,,,,0,,17.5,,,,,
-52.78472222222222,47.51555555555556,ST JOHN'S WEST CDA CS,8403605,8403605.2007.2.17,2007-02-17 00:00:00,NL,2007,2,17,-5.3,,-7.2,,-3.4,,0,,,,,,55,,,,,,0,,23.3,,,,,
-52.78472222222222,47.51555555555556,ST JOHN'S WEST CDA CS,8403605,8403605.2007.2.18,2007-02-18 00:00:00,NL,2007,2,18,-7,,-13.1,,-0.8,,5.8,E,,,,,50,,,,,,0,,25,,,,,
-52.78472222222222,47.51555555555556,ST JOHN'S WEST CDA CS,8403605,8403605.2007.2.19,2007-02-19 00:00:00,NL,2007,2,19,-2.3,,-3.7,,-0.8,,38,E,,,,,63,,,,,,0,,20.3,,,,,
-52.78472222222222,47.51555555555556,ST JOHN'S WEST CDA CS,8403605,8403605.2007.2.20,2007-02-20 00:00:00,NL,2007,2,20,-1.9,,-4,,0.3,,2.7,E,,,,,128,,,,,,0,,19.9,,,,,
-52.78472222222222,47.51555555555556,ST JOHN'S WEST CDA CS,8403605,8403605.2007.2.21,2007-02-21 00:00:00,NL,2007,2,21,-3.7,,-6.9,,-0.4,,0,,,,,,117,,,,,,0,,21.7,,,,,
-52.78472222222222,47.51555555555556,ST JOHN'S WEST CDA CS,8403605,8403605.2007.2.22,2007-02-22 00:00:00,NL,2007,2,22,-4.7,,-7.7,,-1.6,,0,,,,,,115,,,,,,0,,22.7,,,,,
-52.78472222222222,47.51555555555556,ST JOHN'S WEST CDA CS,8403605,8403605.2007.2.23,2007-02-23 00:00:00,NL,2007,2,23,-7.6,,-14.1,,-1.1,,13.3,E,,,,,114,,,,,,0,,25.6,,,,,
-52.78472222222222,47.51555555555556,ST JOHN'S WEST CDA CS,8403605,8403605.2007.2.24,2007-02-24 00:00:00,NL,2007,2,24,-2.5,,-4.4,,-0.5,,0,,,,,,136,,,,,,0,,20.5,,,,,
-52.78472222222222,47.51555555555556,ST JOHN'S WEST CDA CS,8403605,8403605.2007.2.25,2007-02-25 00:00:00,NL,2007,2,25,-2,,-4.4,,0.5,,0,,,,,,125,,,,,,0,,20,,,,,
-52.78472222222222,47.51555555555556,ST JOHN'S WEST CDA CS,8403605,8403605.2007.2.26,2007-02-26 00:00:00,NL,2007,2,26,-0.5,,-1.6,,0.6,,0,,,,,,125,,,,,,0,,18.5,,,,,
-52.78472222222222,47.51555555555556,ST JOHN'S WEST CDA CS,8403605,8403605.2007.2.27,2007-02-27 00:00:00,NL,2007,2,27,-1.1,,-1.7,,-0.4,,0,,,,,,117,,,,,,0,,19.1,,,,,
-52.78472222222222,47.51555555555556,ST JOHN'S WEST CDA CS,8403605,8403605.2007.2.28,2007-02-28 00:00:00,NL,2007,2,28,-1.9,,-2.8,,-0.9,,0,,,,,,117,E,,,,,0,,19.9,,,,,
-52.78472222222222,47.51555555555556,ST JOHN'S WEST CDA CS,8403605,8403605.2007.3.1,2007-03-01 00:00:00,NL,2007,3,1,-3,,-4.4,,-1.6,,0,,,,,,70,E,,,,,0,,21,,,,,
-52.78472222222222,47.51555555555556,ST JOHN'S WEST CDA CS,8403605,8403605.2007.3.2,2007-03-02 00:00:00,NL,2007,3,2,-2.9,,-4.8,,-1,,0,,,,,,70,E,,,,,0,,20.9,,,,,
-52.78472222222222,47.51555555555556,ST JOHN'S WEST CDA CS,8403605,8403605.2007.3.3,2007-03-03 00:00:00,NL,2007,3,3,-5.1,,-9.5,,-0.7,,8.8,E,,,,,69,E,,,,,0,,23.1,,,,,
-52.78472222222222,47.51555555555556,ST JOHN'S WEST CDA CS,8403605,8403605.2007.3.4,2007-03-04 00:00:00,NL,2007,3,4,-1.9,,-4.4,,0.7,,0,,,,,,70,E,,,,,0,,19.9,,,,,
-52.78472222222222,47.51555555555556,ST JOHN'S WEST CDA CS,8403605,8403605.2007.3.5,2007-03-05 00:00:00,NL,2007,3,5,-1.6,,-1.8,,-1.4,,0,,,,,,69,E,,,,,0,,19.6,,,,,
-52.78472222222222,47.51555555555556,ST JOHN'S WEST CDA CS,8403605,8403605.2007.3.6,2007-03-06 00:00:00,NL,2007,3,6,-1.8,,-3.1,,-0.5,,0,,,,,,70,E,,,,,0,,19.8,,,,,
-52.78472222222222,47.51555555555556,ST JOHN'S WEST CDA CS,8403605,8403605.2007.3.7,2007-03-07 00:00:00,NL,2007,3,7,-4.7,,-5.1,,-4.3,,0,,,,,,70,E,,,,,0,,22.7,,,,,
-52.78472222222222,47.51555555555556,ST JOHN'S WEST CDA CS,8403605,8403605.2007.3.8,2007-03-08 00:00:00,NL,2007,3,8,-9.4,,-11.2,,-7.6,,0,,,,,,69,E,,,,,0,,27.4,,,,,
-52.78472222222222,47.51555555555556,ST JOHN'S WEST CDA CS,8403605,8403605.2007.3.9,2007-03-09 00:00:00,NL,2007,3,9,-10.5,,-12.2,,-8.7,,0,,,,,,69,E,,,,,0,,28.5,,,,,
-52.78472222222222,47.51555555555556,ST JOHN'S WEST CDA CS,8403605,8403605.2007.3.10,2007-03-10 00:00:00,NL,2007,3,10,-6.2,,-9.7,,-2.6,,0,,,,,,68,E,,,,,0,,24.2,,,,,
-52.78472222222222,47.51555555555556,ST JOHN'S WEST CDA CS,8403605,8403605.2007.3.11,2007-03-11 00:00:00,NL,2007,3,11,-0.8,,-6.7,,5.2,,2.5,E,,,,,68,E,,,,,0,,18.8,,,,,
-52.78472222222222,47.51555555555556,ST JOHN'S WEST CDA CS,8403605,8403605.2007.3.12,2007-03-12 00:00:00,NL,2007,3,12,3,,2,,3.9,,22.3,E,,,,,62,E,,,,,0,,15,,,,,
-52.78472222222222,47.51555555555556,ST JOHN'S WEST CDA CS,8403605,8403605.2007.3.13,2007-03-13 00:00:00,NL,2007,3,13,-2.5,,-6.1,,1.1,,0,,,,,,58,E,,,,,0,,20.5,,,,,
-52.78472222222222,47.51555555555556,ST JOHN'S WEST CDA CS,8403605,8403605.2007.3.14,2007-03-14 00:00:00,NL,2007,3,14,0.8,,-7.1,,8.7,,0,,,,,,57,E,,,,,0,,17.2,,,,,
-52.78472222222222,47.51555555555556,ST JOHN'S WEST CDA CS,8403605,8403605.2007.3.15,2007-03-15 00:00:00,NL,2007,3,15,7.1,,3.9,,10.3,,0,,,,,,51,E,,,,,0,,10.9,,,,,
-52.78472222222222,47.51555555555556,ST JOHN'S WEST CDA CS,8403605,8403605.2007.3.16,2007-03-16 00:00:00,NL,2007,3,16,5,,3.9,,6.1,,0,,,,,,43,E,,,,,0,,13,,,,,
-52.78472222222222,47.51555555555556,ST JOHN'S WEST CDA CS,8403605,8403605.2007.3.17,2007-03-17 00:00:00,NL,2007,3,17,0.2,,-4.7,,5.1,,0,,,,,,42,E,,,,,0,,17.8,,,,,
-52.78472222222222,47.51555555555556,ST JOHN'S WEST CDA CS,8403605,8403605.2007.3.18,2007-03-18 00:00:00,NL,2007,3,18,5,,-0.3,,10.2,,0.7,E,,,,,41,E,,,,,0,,13,,,,,
-52.78472222222222,47.51555555555556,ST JOHN'S WEST CDA CS,8403605,8403605.2007.3.19,2007-03-19 00:00:00,NL,2007,3,19,2.4,,0.5,,4.2,,0,,,,,,38,E,,,,,0,,15.6,,,,,
-52.78472222222222,47.51555555555556,ST JOHN'S WEST CDA CS,8403605,8403605.2007.3.20,2007-03-20 00:00:00,NL,2007,3,20,-1.5,,-6.5,,3.6,,13.5,E,,,,,38,E,,,,,0,,19.5,,,,,
-52.78472222222222,47.51555555555556,ST JOHN'S WEST CDA CS,8403605,8403605.2007.3.21,2007-03-21 00:00:00,NL,2007,3,21,-1.4,,-4.8,,2,,0.7,E,,,,,38,E,,,,,0,,19.4,,,,,
-52.78472222222222,47.51555555555556,ST JOHN'S WEST CDA CS,8403605,8403605.2007.3.22,2007-03-22 00:00:00,NL,2007,3,22,-2.8,,-10.6,,5,,0,,,,,,38,E,,,,,0,,20.8,,,,,
-52.78472222222222,47.51555555555556,ST JOHN'S WEST CDA CS,8403605,8403605.2007.3.23,2007-03-23 00:00:00,NL,2007,3,23,3.2,,-0.9,,7.3,,0,,,,,,37,E,,,,,0,,14.8,,,,,
-52.78472222222222,47.51555555555556,ST JOHN'S WEST CDA CS,8403605,8403605.2007.3.24,2007-03-24 00:00:00,NL,2007,3,24,-2.4,,-3.1,,-1.6,,0,,,,,,35,E,,,,,0,,20.4,,,,,
-52.78472222222222,47.51555555555556,ST JOHN'S WEST CDA CS,8403605,8403605.2007.3.25,2007-03-25 00:00:00,NL,2007,3,25,-4.1,,-5.9,,-2.2,,0,,,,,,35,E,,,,,0,,22.1,,,,,
-52.78472222222222,47.51555555555556,ST JOHN'S WEST CDA CS,8403605,8403605.2007.3.26,2007-03-26 00:00:00,NL,2007,3,26,-1.8,,-3.7,,0.1,,9,E,,,,,35,E,,,,,0,,19.8,,,,,
-52.78472222222222,47.51555555555556,ST JOHN'S WEST CDA CS,8403605,8403605.2007.3.27,2007-03-27 00:00:00,NL,2007,3,27,-0.8,,-2.6,,1.1,,9.9,E,,,,,43,E,,,,,0,,18.8,,,,,
-52.78472222222222,47.51555555555556,ST JOHN'S WEST CDA CS,8403605,8403605.2007.3.28,2007-03-28 00:00:00,NL,2007,3,28,4,,-0.7,,8.7,,0,,,,,,42,E,,,,,0,,14,,,,,
-52.78472222222222,47.51555555555556,ST JOHN'S WEST CDA CS,8403605,8403605.2007.3.29,2007-03-29 00:00:00,NL,2007,3,29,0.5,,-1,,2,,0,,,,,,39,E,,,,,0,,17.5,,,,,
-52.78472222222222,47.51555555555556,ST JOHN'S WEST CDA CS,8403605,8403605.2007.3.30,2007-03-30 00:00:00,NL,2007,3,30,1.4,,-1.5,,4.2,,0,,,,,,40,E,,,,,0,,16.6,,,,,
-52.78472222222222,47.51555555555556,ST JOHN'S WEST CDA CS,8403605,8403605.2007.3.31,2007-03-31 00:00:00,NL,2007,3,31,1.7,,-0.6,,4,,0,,,,,,38,E,,,,,0,,16.3,,,,,
-52.78472222222222,47.51555555555556,ST JOHN'S WEST CDA CS,8403605,8403605.2007.4.1,2007-04-01 00:00:00,NL,2007,4,1,-2.6,,-3.4,,-1.7,,0,,,,,,74,,,,,,0,,20.6,,,,,
-52.78472222222222,47.51555555555556,ST JOHN'S WEST CDA CS,8403605,8403605.2007.4.2,2007-04-02 00:00:00,NL,2007,4,2,-3,,-5.8,,-0.1,,0,,,,,,74,,,,,,0,,21,,,,,
-52.78472222222222,47.51555555555556,ST JOHN'S WEST CDA CS,8403605,8403605.2007.4.3,2007-04-03 00:00:00,NL,2007,4,3,-1.4,,-5.1,,2.3,,13.5,E,,,,,73,,,,,,0,,19.4,,,,,
-52.78472222222222,47.51555555555556,ST JOHN'S WEST CDA CS,8403605,8403605.2007.4.4,2007-04-04 00:00:00,NL,2007,4,4,1.3,,-0.3,,2.8,,2.7,E,,,,,73,,,,,,0,,16.7,,,,,
-52.78472222222222,47.51555555555556,ST JOHN'S WEST CDA CS,8403605,8403605.2007.4.5,2007-04-05 00:00:00,NL,2007,4,5,2.8,,1.3,,4.2,,0,,,,,,69,,,,,,0,,15.2,,,,,
-52.78472222222222,47.51555555555556,ST JOHN'S WEST CDA CS,8403605,8403605.2007.4.6,2007-04-06 00:00:00,NL,2007,4,6,3.6,,0.2,,6.9,,0,,,,,,66,,,,,,0,,14.4,,,,,
-52.78472222222222,47.51555555555556,ST JOHN'S WEST CDA CS,8403605,8403605.2007.4.7,2007-04-07 00:00:00,NL,2007,4,7,3.9,,-0.2,,7.9,,8.7,E,,,,,64,,,,,,0,,14.1,,,,,
-52.78472222222222,47.51555555555556,ST JOHN'S WEST CDA CS,8403605,8403605.2007.4.8,2007-04-08 00:00:00,NL,2007,4,8,4,,0.6,,7.3,,0,,,,,,62,,,,,,0,,14,,,,,
-52.78472222222222,47.51555555555556,ST JOHN'S WEST CDA CS,8403605,8403605.2007.4.9,2007-04-09 00:00:00,NL,2007,4,9,2.5,,0.2,,4.7,,0,,,,,,59,,,,,,0,,15.5,,,,,
-52.78472222222222,47.51555555555556,ST JOHN'S WEST CDA CS,8403605,8403605.2007.4.10,2007-04-10 00:00:00,NL,2007,4,10,1.1,,-1.1,,3.3,,0,,,,,,57,,,,,,0,,16.9,,,,,
-52.78472222222222,47.51555555555556,ST JOHN'S WEST CDA CS,8403605,8403605.2007.4.11,2007-04-11 00:00:00,NL,2007,4,11,0.1,,-4.4,,4.5,,0,,,,,,56,,,,,,0,,17.9,,,,,
-52.78472222222222,47.51555555555556,ST JOHN'S WEST CDA CS,8403605,8403605.2007.4.12,2007-04-12 00:00:00,NL,2007,4,12,-0.4,,-5.4,,4.7,,0,,,,,,55,,,,,,0,,18.4,,,,,
-52.78472222222222,47.51555555555556,ST JOHN'S WEST CDA CS,8403605,8403605.2007.4.13,2007-04-13 00:00:00,NL,2007,4,13,0.3,,-4.2,,4.8,,0,,,,,,54,,,,,,0,,17.7,,,,,
-52.78472222222222,47.51555555555556,ST JOHN'S WEST CDA CS,8403605,8403605.2007.4.14,2007-04-14 00:00:00,NL,2007,4,14,-0.2,,-1.6,,1.3,,0,,,,,,51,,,,,,0,,18.2,,,,,
-52.78472222222222,47.51555555555556,ST JOHN'S WEST CDA CS,8403605,8403605.2007.4.15,2007-04-15 00:00:00,NL,2007,4,15,2.2,,-0.8,,5.1,,0,,,,,,50,,,,,,0,,15.8,,,,,
-52.78472222222222,47.51555555555556,ST JOHN'S WEST CDA CS,8403605,8403605.2007.4.16,2007-04-16 00:00:00,NL,2007,4,16,2.2,,0.5,,3.8,,0,,,,,,46,,,,,,0,,15.8,,,,,
-52.78472222222222,47.51555555555556,ST JOHN'S WEST CDA CS,8403605,8403605.2007.4.17,2007-04-17 00:00:00,NL,2007,4,17,2.3,,0.7,,3.9,,4.2,E,,,,,43,,,,,,0,,15.7,,,,,
-52.78472222222222,47.51555555555556,ST JOHN'S WEST CDA CS,8403605,8403605.2007.4.18,2007-04-18 00:00:00,NL,2007,4,18,1.6,,1.1,,2.1,,4.3,E,,,,,39,,,,,,0,,16.4,,,,,
-52.78472222222222,47.51555555555556,ST JOHN'S WEST CDA CS,8403605,8403605.2007.4.19,2007-04-19 00:00:00,NL,2007,4,19,1.6,,0.9,,2.3,,3.3,E,,,,,38,,,,,,0,,16.4,,,,,
-52.78472222222222,47.51555555555556,ST JOHN'S WEST CDA CS,8403605,8403605.2007.4.20,2007-04-20 00:00:00,NL,2007,4,20,0.8,,-0.4,,1.9,,0,,,,,,33,,,,,,0,,17.2,,,,,
-52.78472222222222,47.51555555555556,ST JOHN'S WEST CDA CS,8403605,8403605.2007.4.21,2007-04-21 00:00:00,NL,2007,4,21,-0.4,,-3.5,,2.8,,0,,,,,,34,,,,,,0,,18.4,,,,,
-52.78472222222222,47.51555555555556,ST JOHN'S WEST CDA CS,8403605,8403605.2007.4.22,2007-04-22 00:00:00,NL,2007,4,22,1.8,,-2.2,,5.7,,0,,,,,,34,,,,,,0,,16.2,,,,,
-52.78472222222222,47.51555555555556,ST JOHN'S WEST CDA CS,8403605,8403605.2007.4.23,2007-04-23 00:00:00,NL,2007,4,23,3.5,,-4,,10.9,,0,,,,,,31,,,,,,0,,14.5,,,,,
-52.78472222222222,47.51555555555556,ST JOHN'S WEST CDA CS,8403605,8403605.2007.4.24,2007-04-24 00:00:00,NL,2007,4,24,8.7,,3.1,,14.3,,0,,,,,,27,,,,,,0,,9.3,,,,,
-52.78472222222222,47.51555555555556,ST JOHN'S WEST CDA CS,8403605,8403605.2007.4.25,2007-04-25 00:00:00,NL,2007,4,25,4.4,,1.1,,7.6,,0,,,,,,11,,,,,,0,,13.6,,,,,
-52.78472222222222,47.51555555555556,ST JOHN'S WEST CDA CS,8403605,8403605.2007.4.26,2007-04-26 00:00:00,NL,2007,4,26,2.2,,-3.3,,7.6,,0,,,,,,5,,,,,,0,,15.8,,,,,
-52.78472222222222,47.51555555555556,ST JOHN'S WEST CDA CS,8403605,8403605.2007.4.27,2007-04-27 00:00:00,NL,2007,4,27,4.2,,-1.9,,10.3,,0,,,,,,0,,,,,,0,,13.8,,,,,
-52.78472222222222,47.51555555555556,ST JOHN'S WEST CDA CS,8403605,8403605.2007.4.28,2007-04-28 00:00:00,NL,2007,4,28,2,,-3,,6.9,,12.6,E,,,,,0,,,,,,0,,16,,,,,
-52.78472222222222,47.51555555555556,ST JOHN'S WEST CDA CS,8403605,8403605.2007.4.29,2007-04-29 00:00:00,NL,2007,4,29,2.1,,0.7,,3.5,,0,,,,,,0,,,,,,0,,15.9,,,,,
-52.78472222222222,47.51555555555556,ST JOHN'S WEST CDA CS,8403605,8403605.2007.4.30,2007-04-30 00:00:00,NL,2007,4,30,3.2,,1.4,,4.9,,8.5,E,,,,,0,,,,,,0,,14.8,,,,,
-52.78472222222222,47.51555555555556,ST JOHN'S WEST CDA CS,8403605,8403605.2007.5.1,2007-05-01 00:00:00,NL,2007,5,1,4.7,,1.5,,7.8,,8.8,E,,,,,,M,,,,,0,,13.3,,,,,
-52.78472222222222,47.51555555555556,ST JOHN'S WEST CDA CS,8403605,8403605.2007.5.2,2007-05-02 00:00:00,NL,2007,5,2,5.1,,2.1,,8,,0.7,E,,,,,,M,,,,,0,,12.9,,,,,
-52.78472222222222,47.51555555555556,ST JOHN'S WEST CDA CS,8403605,8403605.2007.5.3,2007-05-03 00:00:00,NL,2007,5,3,5.7,,2.3,,9.1,,0,,,,,,,M,,,,,0,,12.3,,,,,
-52.78472222222222,47.51555555555556,ST JOHN'S WEST CDA CS,8403605,8403605.2007.5.4,2007-05-04 00:00:00,NL,2007,5,4,4.2,,2.1,,6.3,,0.4,E,,,,,,M,,,,,0,,13.8,,,,,
-52.78472222222222,47.51555555555556,ST JOHN'S WEST CDA CS,8403605,8403605.2007.5.5,2007-05-05 00:00:00,NL,2007,5,5,4,,1.3,,6.6,,0.5,E,,,,,,M,,,,,0,,14,,,,,
-52.78472222222222,47.51555555555556,ST JOHN'S WEST CDA CS,8403605,8403605.2007.5.6,2007-05-06 00:00:00,NL,2007,5,6,3.9,,1.6,,6.1,,0.6,E,,,,,,M,,,,,0,,14.1,,,,,
-52.78472222222222,47.51555555555556,ST JOHN'S WEST CDA CS,8403605,8403605.2007.5.7,2007-05-07 00:00:00,NL,2007,5,7,6.3,,0.7,,11.8,,0.3,E,,,,,,M,,,,,0,,11.7,,,,,
-52.78472222222222,47.51555555555556,ST JOHN'S WEST CDA CS,8403605,8403605.2007.5.8,2007-05-08 00:00:00,NL,2007,5,8,7.4,,-0.3,,15.1,,2.5,E,,,,,,M,,,,,0,,10.6,,,,,
-52.78472222222222,47.51555555555556,ST JOHN'S WEST CDA CS,8403605,8403605.2007.5.9,2007-05-09 00:00:00,NL,2007,5,9,13.2,,6,,20.3,,0,,,,,,,M,,,,,0,,4.8,,,,,
-52.78472222222222,47.51555555555556,ST JOHN'S WEST CDA CS,8403605,8403605.2007.5.10,2007-05-10 00:00:00,NL,2007,5,10,11.3,,6.8,,15.7,,0.4,E,,,,,,M,,,,,0,,6.7,,,,,
-52.78472222222222,47.51555555555556,ST JOHN'S WEST CDA CS,8403605,8403605.2007.5.11,2007-05-11 00:00:00,NL,2007,5,11,8.4,,0.2,,16.5,,0.3,E,,,,,0,,,,,,0,,9.6,,,,,
-52.78472222222222,47.51555555555556,ST JOHN'S WEST CDA CS,8403605,8403605.2007.5.12,2007-05-12 00:00:00,NL,2007,5,12,12,,5.3,,18.6,,2,E,,,,,0,,,,,,0,,6,,,,,
-52.78472222222222,47.51555555555556,ST JOHN'S WEST CDA CS,8403605,8403605.2007.5.13,2007-05-13 00:00:00,NL,2007,5,13,2.4,,0.1,,4.6,,0,,,,,,0,,,,,,0,,15.6,,,,,
-52.78472222222222,47.51555555555556,ST JOHN'S WEST CDA CS,8403605,8403605.2007.5.14,2007-05-14 00:00:00,NL,2007,5,14,2.3,,-0.3,,4.8,,0,,,,,,0,,,,,,0,,15.7,,,,,
-52.78472222222222,47.51555555555556,ST JOHN'S WEST CDA CS,8403605,8403605.2007.5.15,2007-05-15 00:00:00,NL,2007,5,15,4.7,,-1.5,,10.9,,0,,,,,,0,,,,,,0,,13.3,,,,,
-52.78472222222222,47.51555555555556,ST JOHN'S WEST CDA CS,8403605,8403605.2007.5.16,2007-05-16 00:00:00,NL,2007,5,16,8.8,,4.7,,12.8,,0.7,E,,,,,0,,,,,,0,,9.2,,,,,
-52.78472222222222,47.51555555555556,ST JOHN'S WEST CDA CS,8403605,8403605.2007.5.17,2007-05-17 00:00:00,NL,2007,5,17,2.1,,-2.6,,6.7,,7,E,,,,,0,,,,,,0,,15.9,,,,,
-52.78472222222222,47.51555555555556,ST JOHN'S WEST CDA CS,8403605,8403605.2007.5.18,2007-05-18 00:00:00,NL,2007,5,18,8.8,,1.3,,16.3,,1.2,E,,,,,0,,,,,,0,,9.2,,,,,
-52.78472222222222,47.51555555555556,ST JOHN'S WEST CDA CS,8403605,8403605.2007.5.19,2007-05-19 00:00:00,NL,2007,5,19,11.4,,1.7,,21,,0.3,E,,,,,0,,,,,,0,,6.6,,,,,
-52.78472222222222,47.51555555555556,ST JOHN'S WEST CDA CS,8403605,8403605.2007.5.20,2007-05-20 00:00:00,NL,2007,5,20,16.4,,10.5,,22.2,,1.2,E,,,,,0,,,,,,0,,1.6,,,,,
-52.78472222222222,47.51555555555556,ST JOHN'S WEST CDA CS,8403605,8403605.2007.5.21,2007-05-21 00:00:00,NL,2007,5,21,15.6,,11.3,,19.8,,0,,,,,,0,,,,,,0,,2.4,,,,,
-52.78472222222222,47.51555555555556,ST JOHN'S WEST CDA CS,8403605,8403605.2007.5.22,2007-05-22 00:00:00,NL,2007,5,22,9.9,,7.1,,12.6,,1.1,E,,,,,0,,,,,,0,,8.1,,,,,
-52.78472222222222,47.51555555555556,ST JOHN'S WEST CDA CS,8403605,8403605.2007.5.23,2007-05-23 00:00:00,NL,2007,5,23,4.2,,1.3,,7,,0.3,E,,,,,0,,,,,,0,,13.8,,,,,
-52.78472222222222,47.51555555555556,ST JOHN'S WEST CDA CS,8403605,8403605.2007.5.24,2007-05-24 00:00:00,NL,2007,5,24,7.4,,1.3,,13.4,,0,,,,,,0,,,,,,0,,10.6,,,,,
-52.78472222222222,47.51555555555556,ST JOHN'S WEST CDA CS,8403605,8403605.2007.5.25,2007-05-25 00:00:00,NL,2007,5,25,8.8,,4.2,,13.4,,8,E,,,,,0,,,,,,0,,9.2,,,,,
-52.78472222222222,47.51555555555556,ST JOHN'S WEST CDA CS,8403605,8403605.2007.5.26,2007-05-26 00:00:00,NL,2007,5,26,7,,3.3,,10.7,,8.7,E,,,,,0,,,,,,0,,11,,,,,
-52.78472222222222,47.51555555555556,ST JOHN'S WEST CDA CS,8403605,8403605.2007.5.27,2007-05-27 00:00:00,NL,2007,5,27,9.1,,6,,12.1,,0,,,,,,0,,,,,,0,,8.9,,,,,
-52.78472222222222,47.51555555555556,ST JOHN'S WEST CDA CS,8403605,8403605.2007.5.28,2007-05-28 00:00:00,NL,2007,5,28,7,,0.2,,13.8,,0,,,,,,0,,,,,,0,,11,,,,,
-52.78472222222222,47.51555555555556,ST JOHN'S WEST CDA CS,8403605,8403605.2007.5.29,2007-05-29 00:00:00,NL,2007,5,29,5.8,,5,,6.6,,13.4,E,,,,,0,,,,,,0,,12.2,,,,,
-52.78472222222222,47.51555555555556,ST JOHN'S WEST CDA CS,8403605,8403605.2007.5.30,2007-05-30 00:00:00,NL,2007,5,30,4.2,,3.3,,5,,0.3,E,,,,,0,,,,,,0,,13.8,,,,,
-52.78472222222222,47.51555555555556,ST JOHN'S WEST CDA CS,8403605,8403605.2007.5.31,2007-05-31 00:00:00,NL,2007,5,31,4.2,,1.4,,7,,0,,,,,,0,,,,,,0,,13.8,,,,,
-52.78472222222222,47.51555555555556,ST JOHN'S WEST CDA CS,8403605,8403605.2007.6.1,2007-06-01 00:00:00,NL,2007,6,1,7.7,,1.9,,13.5,,4.8,,,,,,0,,,,,,0,,10.3,,,,,
-52.78472222222222,47.51555555555556,ST JOHN'S WEST CDA CS,8403605,8403605.2007.6.2,2007-06-02 00:00:00,NL,2007,6,2,8.7,,6.5,,10.9,,1.6,,,,,,0,,,,,,0,,9.3,,,,,
-52.78472222222222,47.51555555555556,ST JOHN'S WEST CDA CS,8403605,8403605.2007.6.3,2007-06-03 00:00:00,NL,2007,6,3,6.4,,0.8,,11.9,,0,,,,,,0,,,,,,0,,11.6,,,,,
-52.78472222222222,47.51555555555556,ST JOHN'S WEST CDA CS,8403605,8403605.2007.6.4,2007-06-04 00:00:00,NL,2007,6,4,7.8,,-0.5,,16,,0,T,,,,,0,,,,,,0,,10.2,,,,,
-52.78472222222222,47.51555555555556,ST JOHN'S WEST CDA CS,8403605,8403605.2007.6.5,2007-06-05 00:00:00,NL,2007,6,5,11.6,,1.8,,21.4,,2.5,,,,,,0,,,,,,0,,6.4,,,,,
-52.78472222222222,47.51555555555556,ST JOHN'S WEST CDA CS,8403605,8403605.2007.6.6,2007-06-06 00:00:00,NL,2007,6,6,16.7,,7.9,,25.4,,0,,,,,,0,,,,,,0,,1.3,,,,,
-52.78472222222222,47.51555555555556,ST JOHN'S WEST CDA CS,8403605,8403605.2007.6.7,2007-06-07 00:00:00,NL,2007,6,7,19.5,,14,,25,,0.4,,,,,,0,,,,,,1.5,,0,,,,,
-52.78472222222222,47.51555555555556,ST JOHN'S WEST CDA CS,8403605,8403605.2007.6.8,2007-06-08 00:00:00,NL,2007,6,8,17.6,,11.9,,23.3,,0,T,,,,,0,,,,,,0,,0.4,,,,,
-52.78472222222222,47.51555555555556,ST JOHN'S WEST CDA CS,8403605,8403605.2007.6.9,2007-06-09 00:00:00,NL,2007,6,9,17.3,,10.5,,24.1,,0,,,,,,0,,,,,,0,,0.7,,,,,
-52.78472222222222,47.51555555555556,ST JOHN'S WEST CDA CS,8403605,8403605.2007.6.10,2007-06-10 00:00:00,NL,2007,6,10,20.5,,15.3,,25.7,,0,,,,,,0,,,,,,2.5,,0,,,,,
-52.78472222222222,47.51555555555556,ST JOHN'S WEST CDA CS,8403605,8403605.2007.6.11,2007-06-11 00:00:00,NL,2007,6,11,16.6,,13,,20.2,,0,T,,,,,0,,,,,,0,,1.4,,,,,
-52.78472222222222,47.51555555555556,ST JOHN'S WEST CDA CS,8403605,8403605.2007.6.12,2007-06-12 00:00:00,NL,2007,6,12,7.7,,6.3,,9.1,,0.4,,,,,,0,,,,,,0,,10.3,,,,,
-52.78472222222222,47.51555555555556,ST JOHN'S WEST CDA CS,8403605,8403605.2007.6.13,2007-06-13 00:00:00,NL,2007,6,13,7.3,,6.1,,8.5,,0.3,,,,,,0,,,,,,0,,10.7,,,,,
-52.78472222222222,47.51555555555556,ST JOHN'S WEST CDA CS,8403605,8403605.2007.6.14,2007-06-14 00:00:00,NL,2007,6,14,11,,4.7,,17.2,,0.2,,,,,,0,,,,,,0,,7,,,,,
-52.78472222222222,47.51555555555556,ST JOHN'S WEST CDA CS,8403605,8403605.2007.6.15,2007-06-15 00:00:00,NL,2007,6,15,14.8,,5.8,,23.8,,0.8,,,,,,0,,,,,,0,,3.2,,,,,
-52.78472222222222,47.51555555555556,ST JOHN'S WEST CDA CS,8403605,8403605.2007.6.16,2007-06-16 00:00:00,NL,2007,6,16,17.8,,8.7,,26.9,,0,,,,,,0,,,,,,0,,0.2,,,,,
-52.78472222222222,47.51555555555556,ST JOHN'S WEST CDA CS,8403605,8403605.2007.6.17,2007-06-17 00:00:00,NL,2007,6,17,20.3,,14.7,,25.8,,0,,,,,,0,,,,,,2.3,,0,,,,,
-52.78472222222222,47.51555555555556,ST JOHN'S WEST CDA CS,8403605,8403605.2007.6.18,2007-06-18 00:00:00,NL,2007,6,18,17.1,,14.8,,19.3,,10.6,,,,,,0,,,,,,0,,0.9,,,,,
-52.78472222222222,47.51555555555556,ST JOHN'S WEST CDA CS,8403605,8403605.2007.6.19,2007-06-19 00:00:00,NL,2007,6,19,9.2,,8.5,,9.8,,0.3,,,,,,0,,,,,,0,,8.8,,,,,
-52.78472222222222,47.51555555555556,ST JOHN'S WEST CDA CS,8403605,8403605.2007.6.20,2007-06-20 00:00:00,NL,2007,6,20,9.1,,7,,11.2,,3.8,,,,,,0,,,,,,0,,8.9,,,,,
-52.78472222222222,47.51555555555556,ST JOHN'S WEST CDA CS,8403605,8403605.2007.6.21,2007-06-21 00:00:00,NL,2007,6,21,12.3,,7.5,,17.1,,0.4,,,,,,0,,,,,,0,,5.7,,,,,
-52.78472222222222,47.51555555555556,ST JOHN'S WEST CDA CS,8403605,8403605.2007.6.22,2007-06-22 00:00:00,NL,2007,6,22,14.2,,10.1,,18.3,,1.2,,,,,,0,,,,,,0,,3.8,,,,,
-52.78472222222222,47.51555555555556,ST JOHN'S WEST CDA CS,8403605,8403605.2007.6.23,2007-06-23 00:00:00,NL,2007,6,23,14.5,,11,,17.9,,5.6,,,,,,0,,,,,,0,,3.5,,,,,
-52.78472222222222,47.51555555555556,ST JOHN'S WEST CDA CS,8403605,8403605.2007.6.24,2007-06-24 00:00:00,NL,2007,6,24,14.6,,9.6,,19.6,,0.4,,,,,,0,,,,,,0,,3.4,,,,,
-52.78472222222222,47.51555555555556,ST JOHN'S WEST CDA CS,8403605,8403605.2007.6.25,2007-06-25 00:00:00,NL,2007,6,25,16.1,,10.1,,22,,0,,,,,,0,,,,,,0,,1.9,,,,,
-52.78472222222222,47.51555555555556,ST JOHN'S WEST CDA CS,8403605,8403605.2007.6.26,2007-06-26 00:00:00,NL,2007,6,26,17.9,,11.5,,24.2,,0,,,,,,0,,,,,,0,,0.1,,,,,
-52.78472222222222,47.51555555555556,ST JOHN'S WEST CDA CS,8403605,8403605.2007.6.27,2007-06-27 00:00:00,NL,2007,6,27,15.2,,10.7,,19.6,,0,,,,,,0,,,,,,0,,2.8,,,,,
-52.78472222222222,47.51555555555556,ST JOHN'S WEST CDA CS,8403605,8403605.2007.6.28,2007-06-28 00:00:00,NL,2007,6,28,12.5,,9,,15.9,,0.8,,,,,,0,,,,,,0,,5.5,,,,,
-52.78472222222222,47.51555555555556,ST JOHN'S WEST CDA CS,8403605,8403605.2007.6.29,2007-06-29 00:00:00,NL,2007,6,29,10.3,,8,,12.5,,0.7,,,,,,0,,,,,,0,,7.7,,,,,
-52.78472222222222,47.51555555555556,ST JOHN'S WEST CDA CS,8403605,8403605.2007.6.30,2007-06-30 00:00:00,NL,2007,6,30,14.9,,8.1,,21.7,,0.7,,,,,,0,,,,,,0,,3.1,,,,,
-52.78472222222222,47.51555555555556,ST JOHN'S WEST CDA CS,8403605,8403605.2007.7.1,2007-07-01 00:00:00,NL,2007,7,1,15.6,,11.6,,19.5,,0,,,,,,0,,,,,,0,,2.4,,,,,
-52.78472222222222,47.51555555555556,ST JOHN'S WEST CDA CS,8403605,8403605.2007.7.2,2007-07-02 00:00:00,NL,2007,7,2,12.5,,9.1,,15.9,,0,,,,,,0,,,,,,0,,5.5,,,,,
-52.78472222222222,47.51555555555556,ST JOHN'S WEST CDA CS,8403605,8403605.2007.7.3,2007-07-03 00:00:00,NL,2007,7,3,11.4,,8,,14.7,,0.6,,,,,,0,,,,,,0,,6.6,,,,,
-52.78472222222222,47.51555555555556,ST JOHN'S WEST CDA CS,8403605,8403605.2007.7.4,2007-07-04 00:00:00,NL,2007,7,4,15.1,,8.1,,22,,0,,,,,,0,,,,,,0,,2.9,,,,,
-52.78472222222222,47.51555555555556,ST JOHN'S WEST CDA CS,8403605,8403605.2007.7.5,2007-07-05 00:00:00,NL,2007,7,5,17.3,,10.5,,24,,0.7,E,,,,,0,,,,,,0,,0.7,,,,,
-52.78472222222222,47.51555555555556,ST JOHN'S WEST CDA CS,8403605,8403605.2007.7.6,2007-07-06 00:00:00,NL,2007,7,6,15.2,,12.1,,18.3,,31.5,E,,,,,0,,,,,,0,,2.8,,,,,
-52.78472222222222,47.51555555555556,ST JOHN'S WEST CDA CS,8403605,8403605.2007.7.7,2007-07-07 00:00:00,NL,2007,7,7,15.7,,13.3,,18.1,,8.9,E,,,,,0,,,,,,0,,2.3,,,,,
-52.78472222222222,47.51555555555556,ST JOHN'S WEST CDA CS,8403605,8403605.2007.7.8,2007-07-08 00:00:00,NL,2007,7,8,17.6,,13.5,,21.6,,8.6,E,,,,,0,,,,,,0,,0.4,,,,,
-52.78472222222222,47.51555555555556,ST JOHN'S WEST CDA CS,8403605,8403605.2007.7.9,2007-07-09 00:00:00,NL,2007,7,9,12.1,,8.1,,16,,4.8,E,,,,,0,,,,,,0,,5.9,,,,,
-52.78472222222222,47.51555555555556,ST JOHN'S WEST CDA CS,8403605,8403605.2007.7.10,2007-07-10 00:00:00,NL,2007,7,10,13.2,,6.1,,20.3,,0,,,,,,0,,,,,,0,,4.8,,,,,
-52.78472222222222,47.51555555555556,ST JOHN'S WEST CDA CS,8403605,8403605.2007.7.11,2007-07-11 00:00:00,NL,2007,7,11,16.6,,10.3,,22.8,,0,,,,,,0,,,,,,0,,1.4,,,,,
-52.78472222222222,47.51555555555556,ST JOHN'S WEST CDA CS,8403605,8403605.2007.7.12,2007-07-12 00:00:00,NL,2007,7,12,17.7,,11,,24.4,,0,,,,,,0,,,,,,0,,0.3,,,,,
-52.78472222222222,47.51555555555556,ST JOHN'S WEST CDA CS,8403605,8403605.2007.7.13,2007-07-13 00:00:00,NL,2007,7,13,20.4,,14.3,,26.5,,0,,,,,,0,,,,,,2.4,,0,,,,,
-52.78472222222222,47.51555555555556,ST JOHN'S WEST CDA CS,8403605,8403605.2007.7.14,2007-07-14 00:00:00,NL,2007,7,14,21.9,,16.8,,27,,0,,,,,,0,,,,,,3.9,,0,,,,,
-52.78472222222222,47.51555555555556,ST JOHN'S WEST CDA CS,8403605,8403605.2007.7.15,2007-07-15 00:00:00,NL,2007,7,15,21.6,,15.7,,27.4,,0,,,,,,0,,,,,,3.6,,0,,,,,
-52.78472222222222,47.51555555555556,ST JOHN'S WEST CDA CS,8403605,8403605.2007.7.16,2007-07-16 00:00:00,NL,2007,7,16,18.2,,13.1,,23.3,,8.5,E,,,,,0,,,,,,0.2,,0,,,,,
-52.78472222222222,47.51555555555556,ST JOHN'S WEST CDA CS,8403605,8403605.2007.7.17,2007-07-17 00:00:00,NL,2007,7,17,20.3,,17.3,,23.2,,3.8,E,,,,,0,,,,,,2.3,,0,,,,,
-52.78472222222222,47.51555555555556,ST JOHN'S WEST CDA CS,8403605,8403605.2007.7.18,2007-07-18 00:00:00,NL,2007,7,18,21.4,,14.9,,27.8,,9.6,E,,,,,0,,,,,,3.4,,0,,,,,
-52.78472222222222,47.51555555555556,ST JOHN'S WEST CDA CS,8403605,8403605.2007.7.19,2007-07-19 00:00:00,NL,2007,7,19,19.5,,16.3,,22.6,,8.8,E,,,,,0,,,,,,1.5,,0,,,,,
-52.78472222222222,47.51555555555556,ST JOHN'S WEST CDA CS,8403605,8403605.2007.7.20,2007-07-20 00:00:00,NL,2007,7,20,20.8,,17.9,,23.6,,1.5,E,,,,,0,,,,,,2.8,,0,,,,,
-52.78472222222222,47.51555555555556,ST JOHN'S WEST CDA CS,8403605,8403605.2007.7.21,2007-07-21 00:00:00,NL,2007,7,21,22.6,,19.4,,25.8,,1,E,,,,,0,,,,,,4.6,,0,,,,,
-52.78472222222222,47.51555555555556,ST JOHN'S WEST CDA CS,8403605,8403605.2007.7.22,2007-07-22 00:00:00,NL,2007,7,22,22.1,,20,,24.2,,9.6,E,,,,,0,,,,,,4.1,,0,,,,,
-52.78472222222222,47.51555555555556,ST JOHN'S WEST CDA CS,8403605,8403605.2007.7.23,2007-07-23 00:00:00,NL,2007,7,23,20.1,,13.7,,26.4,,0,,,,,,0,,,,,,2.1,,0,,,,,
-52.78472222222222,47.51555555555556,ST JOHN'S WEST CDA CS,8403605,8403605.2007.7.24,2007-07-24 00:00:00,NL,2007,7,24,21.2,,16.5,,25.8,,1.5,E,,,,,0,,,,,,3.2,,0,,,,,
-52.78472222222222,47.51555555555556,ST JOHN'S WEST CDA CS,8403605,8403605.2007.7.25,2007-07-25 00:00:00,NL,2007,7,25,23.4,,18.9,,27.8,,0,,,,,,0,,,,,,5.4,,0,,,,,
-52.78472222222222,47.51555555555556,ST JOHN'S WEST CDA CS,8403605,8403605.2007.7.26,2007-07-26 00:00:00,NL,2007,7,26,18.7,,14.5,,22.9,,1.6,E,,,,,0,,,,,,0.7,,0,,,,,
-52.78472222222222,47.51555555555556,ST JOHN'S WEST CDA CS,8403605,8403605.2007.7.27,2007-07-27 00:00:00,NL,2007,7,27,16.7,,12,,21.4,,0,,,,,,0,,,,,,0,,1.3,,,,,
-52.78472222222222,47.51555555555556,ST JOHN'S WEST CDA CS,8403605,8403605.2007.7.28,2007-07-28 00:00:00,NL,2007,7,28,21.6,,12.2,,30.9,,0,,,,,,0,,,,,,3.6,,0,,,,,
-52.78472222222222,47.51555555555556,ST JOHN'S WEST CDA CS,8403605,8403605.2007.7.29,2007-07-29 00:00:00,NL,2007,7,29,24.2,,18.4,,30,,0,,,,,,0,,,,,,6.2,,0,,,,,
-52.78472222222222,47.51555555555556,ST JOHN'S WEST CDA CS,8403605,8403605.2007.7.30,2007-07-30 00:00:00,NL,2007,7,30,23.6,,19.8,,27.3,,0,,,,,,0,,,,,,5.6,,0,,,,,
