x,y,STATION_NAME,CLIMATE_IDENTIFIER,ID,LOCAL_DATE,PROVINCE_CODE,LOCAL_YEAR,LOCAL_MONTH,LOCAL_DAY,MEAN_TEMPERATURE,MEAN_TEMPERATURE_FLAG,MIN_TEMPERATURE,MIN_TEMPERATURE_FLAG,MAX_TEMPERATURE,MAX_TEMPERATURE_FLAG,TOTAL_PRECIPITATION,TOTAL_PRECIPITATION_FLAG,TOTAL_RAIN,TOTAL_RAIN_FLAG,TOTAL_SNOW,TOTAL_SNOW_FLAG,SNOW_ON_GROUND,SNOW_ON_GROUND_FLAG,DIRECTION_MAX_GUST,DIRECTION_MAX_GUST_FLAG,SPEED_MAX_GUST,SPEED_MAX_GUST_FLAG,COOLING_DEGREE_DAYS,COOLING_DEGREE_DAYS_FLAG,HEATING_DEGREE_DAYS,HEATING_DEGREE_DAYS_FLAG,MIN_REL_HUMIDITY,MIN_REL_HUMIDITY_FLAG,MAX_REL_HUMIDITY,MAX_REL_HUMIDITY_FLAG
-52.7,47.56666666666667,ST JOHN'S,8403500,8403500.1933.2.6,1933-02-06 00:00:00,NL,1933,2,6,-0.6,,-1.1,,0,,3.8,,0,,3.8,,,,,,,,0,,18.6,,,,,
-52.7,47.56666666666667,ST JOHN'S,8403500,8403500.1933.2.7,1933-02-07 00:00:00,NL,1933,2,7,1.7,,0,,3.3,,4.1,,0,,4.1,,,,,,,,0,,16.3,,,,,
-52.7,47.56666666666667,ST JOHN'S,8403500,8403500.1933.2.8,1933-02-08 00:00:00,NL,1933,2,8,3.6,,-0.6,,7.8,,0,,0,,0,,,,,,,,0,,14.4,,,,,
-52.7,47.56666666666667,ST JOHN'S,8403500,8403500.1933.2.9,1933-02-09 00:00:00,NL,1933,2,9,4.2,,-0.6,,8.9,,10.4,,10.4,,0,,,,,,,,0,,13.8,,,,,
-52.7,47.56666666666667,ST JOHN'S,8403500,8403500.1933.2.10,1933-02-10 00:00:00,NL,1933,2,10,-7.5,,-8.3,,-6.7,,1.3,,0,,1.3,,,,,,,,0,,25.5,,,,,
-52.7,47.56666666666667,ST JOHN'S,8403500,8403500.1933.2.11,1933-02-11 00:00:00,NL,1933,2,11,-5,,-11.7,,1.7,,0,,0,,0,,,,,,,,0,,23,,,,,
-52.7,47.56666666666667,ST JOHN'S,8403500,8403500.1933.2.12,1933-02-12 00:00:00,NL,1933,2,12,-1.1,,-5,,2.8,,9.1,,9.1,,0,,,,,,,,0,,19.1,,,,,
-52.7,47.56666666666667,ST JOHN'S,8403500,8403500.1933.2.13,1933-02-13 00:00:00,NL,1933,2,13,-6.7,,-9.4,,-3.9,,0,,0,,0,,,,,,,,0,,24.7,,,,,
-52.7,47.56666666666667,ST JOHN'S,8403500,8403500.1933.2.14,1933-02-14 00:00:00,NL,1933,2,14,-3.3,,-7.2,,0.6,,0,,0,,0,,,,,,,,0,,21.3,,,,,
-52.7,47.56666666666667,ST JOHN'S,8403500,8403500.1933.2.15,1933-02-15 00:00:00,NL,1933,2,15,-1.4,,-3.9,,1.1,,3,,0,,3,,,,,,,,0,,19.4,,,,,
-52.7,47.56666666666667,ST JOHN'S,8403500,8403500.1933.2.16,1933-02-16 00:00:00,NL,1933,2,16,-3.4,,-6.7,,0,,5.3,,5.3,,0,,,,,,,,0,,21.4,,,,,
-52.7,47.56666666666667,ST JOHN'S,8403500,8403500.1933.2.17,1933-02-17 00:00:00,NL,1933,2,17,-5,,-9.4,,-0.6,,0,,0,,0,,,,,,,,0,,23,,,,,
-52.7,47.56666666666667,ST JOHN'S,8403500,8403500.1933.2.18,1933-02-18 00:00:00,NL,1933,2,18,-0.9,,-3.9,,2.2,,4.3,,4.1,,0.3,,,,,,,,0,,18.9,,,,,
-52.7,47.56666666666667,ST JOHN'S,8403500,8403500.1933.2.19,1933-02-19 00:00:00,NL,1933,2,19,-0.9,,-2.8,,1.1,,7.9,,7.9,,0,,,,,,,,0,,18.9,,,,,
-52.7,47.56666666666667,ST JOHN'S,8403500,8403500.1933.2.20,1933-02-20 00:00:00,NL,1933,2,20,-3.4,,-6.1,,-0.6,,0,,0,,0,,,,,,,,0,,21.4,,,,,
-52.7,47.56666666666667,ST JOHN'S,8403500,8403500.1933.2.21,1933-02-21 00:00:00,NL,1933,2,21,-4.2,,-8.9,,0.6,,0,,0,,0,,,,,,,,0,,22.2,,,,,
-52.7,47.56666666666667,ST JOHN'S,8403500,8403500.1933.2.22,1933-02-22 00:00:00,NL,1933,2,22,-2.2,,-4.4,,0,,7.6,,7.6,,0,,,,,,,,0,,20.2,,,,,
-52.7,47.56666666666667,ST JOHN'S,8403500,8403500.1933.2.23,1933-02-23 00:00:00,NL,1933,2,23,-7.3,,-7.8,,-6.7,,0,,0,,0,,,,,,,,0,,25.3,,,,,
-52.7,47.56666666666667,ST JOHN'S,8403500,8403500.1933.2.24,1933-02-24 00:00:00,NL,1933,2,24,-3.1,,-6.1,,0,,0,,0,,0,,,,,,,,0,,21.1,,,,,
-52.7,47.56666666666667,ST JOHN'S,8403500,8403500.1933.2.25,1933-02-25 00:00:00,NL,1933,2,25,-0.3,,-1.1,,0.6,,0.5,,0.5,,0,,,,,,,,0,,18.3,,,,,
-52.7,47.56666666666667,ST JOHN'S,8403500,8403500.1933.2.26,1933-02-26 00:00:00,NL,1933,2,26,0.3,,-0.6,,1.1,,3.6,,3.6,,0,,,,,,,,0,,17.7,,,,,
-52.7,47.56666666666667,ST JOHN'S,8403500,8403500.1933.2.27,1933-02-27 00:00:00,NL,1933,2,27,0.3,,-2.2,,2.8,,14.5,,14.5,,0,,,,,,,,0,,17.7,,,,,
-52.7,47.56666666666667,ST JOHN'S,8403500,8403500.1933.2.28,1933-02-28 00:00:00,NL,1933,2,28,0.6,,-0.6,,1.7,,1.8,,1.8,,0,,,,,,,,0,,17.4,,,,,
-52.7,47.56666666666667,ST JOHN'S,8403500,8403500.1933.3.1,1933-03-01 00:00:00,NL,1933,3,1,0.6,,0,,1.1,,4.8,,4.8,,0,,,,,,,,0,,17.4,,,,,
-52.7,47.56666666666667,ST JOHN'S,8403500,8403500.1933.3.2,1933-03-02 00:00:00,NL,1933,3,2,-2.5,,-5.6,,0.6,,0.8,,0.8,,0,,,,,,,,0,,20.5,,,,,
-52.7,47.56666666666667,ST JOHN'S,8403500,8403500.1933.3.3,1933-03-03 00:00:00,NL,1933,3,3,-1.4,,-2.2,,-0.6,,0.3,,0,,0.3,,,,,,,,0,,19.4,,,,,
-52.7,47.56666666666667,ST JOHN'S,8403500,8403500.1933.3.4,1933-03-04 00:00:00,NL,1933,3,4,-2,,-2.8,,-1.1,,0.3,,0,,0.3,,,,,,,,0,,20,,,,,
-52.7,47.56666666666667,ST JOHN'S,8403500,8403500.1933.3.5,1933-03-05 00:00:00,NL,1933,3,5,-1.1,,-2.2,,0,,11.7,,0,,11.7,,,,,,,,0,,19.1,,,,,
-52.7,47.56666666666667,ST JOHN'S,8403500,8403500.1933.3.6,1933-03-06 00:00:00,NL,1933,3,6,0,,-1.1,,1.1,,0,T,0,,0,T,,,,,,,0,,18,,,,,
-52.7,47.56666666666667,ST JOHN'S,8403500,8403500.1933.3.7,1933-03-07 00:00:00,NL,1933,3,7,-1.4,,-2.2,,-0.6,,0.3,,0,,0.3,,,,,,,,0,,19.4,,,,,
-52.7,47.56666666666667,ST JOHN'S,8403500,8403500.1933.3.8,1933-03-08 00:00:00,NL,1933,3,8,-2.5,,-6.7,,1.7,,0,,0,,0,,,,,,,,0,,20.5,,,,,
-52.7,47.56666666666667,ST JOHN'S,8403500,8403500.1933.3.9,1933-03-09 00:00:00,NL,1933,3,9,1.7,,-3.9,,7.2,,8.4,,8.4,,0,,,,,,,,0,,16.3,,,,,
-52.7,47.56666666666667,ST JOHN'S,8403500,8403500.1933.3.10,1933-03-10 00:00:00,NL,1933,3,10,0.3,,-1.1,,1.7,,3,,2.5,,0.5,,,,,,,,0,,17.7,,,,,
-52.7,47.56666666666667,ST JOHN'S,8403500,8403500.1933.3.11,1933-03-11 00:00:00,NL,1933,3,11,-6.7,,-8.3,,-5,,1,,0,,1,,,,,,,,0,,24.7,,,,,
-52.7,47.56666666666667,ST JOHN'S,8403500,8403500.1933.3.12,1933-03-12 00:00:00,NL,1933,3,12,-6.1,,-8.3,,-3.9,,0,,0,,0,,,,,,,,0,,24.1,,,,,
-52.7,47.56666666666667,ST JOHN'S,8403500,8403500.1933.3.13,1933-03-13 00:00:00,NL,1933,3,13,-6.7,,-10.6,,-2.8,,0,,0,,0,,,,,,,,0,,24.7,,,,,
-52.7,47.56666666666667,ST JOHN'S,8403500,8403500.1933.3.14,1933-03-14 00:00:00,NL,1933,3,14,-6.4,,-9.4,,-3.3,,0,,0,,0,,,,,,,,0,,24.4,,,,,
-52.7,47.56666666666667,ST JOHN'S,8403500,8403500.1933.3.15,1933-03-15 00:00:00,NL,1933,3,15,-5.3,,-9.4,,-1.1,,0,,0,,0,,,,,,,,0,,23.3,,,,,
-52.7,47.56666666666667,ST JOHN'S,8403500,8403500.1933.3.16,1933-03-16 00:00:00,NL,1933,3,16,-1.7,,-5,,1.7,,1,,0,,1,,,,,,,,0,,19.7,,,,,
-52.7,47.56666666666667,ST JOHN'S,8403500,8403500.1933.3.17,1933-03-17 00:00:00,NL,1933,3,17,-4.7,,-8.3,,-1.1,,0.3,,0,,0.3,,,,,,,,0,,22.7,,,,,
-52.7,47.56666666666667,ST JOHN'S,8403500,8403500.1933.3.18,1933-03-18 00:00:00,NL,1933,3,18,-3.4,,-5.6,,-1.1,,0,T,0,,0,T,,,,,,,0,,21.4,,,,,
-52.7,47.56666666666667,ST JOHN'S,8403500,8403500.1933.3.19,1933-03-19 00:00:00,NL,1933,3,19,-2,,-5.6,,1.7,,0.5,,0,,0.5,,,,,,,,0,,20,,,,,
-52.7,47.56666666666667,ST JOHN'S,8403500,8403500.1933.3.20,1933-03-20 00:00:00,NL,1933,3,20,-1.7,,-3.3,,0,,0,,0,,0,,,,,,,,0,,19.7,,,,,
-52.7,47.56666666666667,ST JOHN'S,8403500,8403500.1933.3.21,1933-03-21 00:00:00,NL,1933,3,21,-3.9,,-5,,-2.8,,0,T,0,,0,T,,,,,,,0,,21.9,,,,,
-52.7,47.56666666666667,ST JOHN'S,8403500,8403500.1933.3.22,1933-03-22 00:00:00,NL,1933,3,22,-3.4,,-6.1,,-0.6,,8.1,,0,,8.1,,,,,,,,0,,21.4,,,,,
-52.7,47.56666666666667,ST JOHN'S,8403500,8403500.1933.3.23,1933-03-23 00:00:00,NL,1933,3,23,-3.1,,-4.4,,-1.7,,0.5,,0,,0.5,,,,,,,,0,,21.1,,,,,
-52.7,47.56666666666667,ST JOHN'S,8403500,8403500.1933.3.24,1933-03-24 00:00:00,NL,1933,3,24,-4.8,,-6.7,,-2.8,,0,,0,,0,,,,,,,,0,,22.8,,,,,
-52.7,47.56666666666667,ST JOHN'S,8403500,8403500.1933.3.25,1933-03-25 00:00:00,NL,1933,3,25,-6.4,,-8.9,,-3.9,,0,,0,,0,,,,,,,,0,,24.4,,,,,
-52.7,47.56666666666667,ST JOHN'S,8403500,8403500.1933.3.26,1933-03-26 00:00:00,NL,1933,3,26,-5.8,,-9.4,,-2.2,,0,,0,,0,,,,,,,,0,,23.8,,,,,
-52.7,47.56666666666667,ST JOHN'S,8403500,8403500.1933.3.27,1933-03-27 00:00:00,NL,1933,3,27,-5,,-10.6,,0.6,,0,,0,,0,,,,,,,,0,,23,,,,,
-52.7,47.56666666666667,ST JOHN'S,8403500,8403500.1933.3.28,1933-03-28 00:00:00,NL,1933,3,28,-1.1,,-3.9,,1.7,,5.6,,0,,5.6,,,,,,,,0,,19.1,,,,,
-52.7,47.56666666666667,ST JOHN'S,8403500,8403500.1933.3.29,1933-03-29 00:00:00,NL,1933,3,29,1.4,,-0.6,,3.3,,0,,0,,0,,,,,,,,0,,16.6,,,,,
-52.7,47.56666666666667,ST JOHN'S,8403500,8403500.1933.3.30,1933-03-30 00:00:00,NL,1933,3,30,2.8,,-1.7,,7.2,,11.4,,11.4,,0,,,,,,,,0,,15.2,,,,,
-52.7,47.56666666666667,ST JOHN'S,8403500,8403500.1933.3.31,1933-03-31 00:00:00,NL,1933,3,31,-0.9,,-1.7,,0,,4.3,,4.3,,0,,,,,,,,0,,18.9,,,,,
-52.7,47.56666666666667,ST JOHN'S,8403500,8403500.1933.4.1,1933-04-01 00:00:00,NL,1933,4,1,-0.9,,-1.7,,0,,3.8,,3.8,,0,,,,,,,,0,,18.9,,,,,
-52.7,47.56666666666667,ST JOHN'S,8403500,8403500.1933.4.2,1933-04-02 00:00:00,NL,1933,4,2,-2,,-5,,1.1,,0,,0,,0,,,,,,,,0,,20,,,,,
-52.7,47.56666666666667,ST JOHN'S,8403500,8403500.1933.4.3,1933-04-03 00:00:00,NL,1933,4,3,-2.5,,-5.6,,0.6,,0,,0,,0,,,,,,,,0,,20.5,,,,,
-52.7,47.56666666666667,ST JOHN'S,8403500,8403500.1933.4.4,1933-04-04 00:00:00,NL,1933,4,4,-3.6,,-7.2,,0,,0,,0,,0,,,,,,,,0,,21.6,,,,,
-52.7,47.56666666666667,ST JOHN'S,8403500,8403500.1933.4.5,1933-04-05 00:00:00,NL,1933,4,5,-0.8,,-4.4,,2.8,,12.2,,12.2,,0,,,,,,,,0,,18.8,,,,,
-52.7,47.56666666666667,ST JOHN'S,8403500,8403500.1933.4.6,1933-04-06 00:00:00,NL,1933,4,6,0.6,,-1.1,,2.2,,0.5,,0.5,,0,,,,,,,,0,,17.4,,,,,
-52.7,47.56666666666667,ST JOHN'S,8403500,8403500.1933.4.7,1933-04-07 00:00:00,NL,1933,4,7,2.3,,0.6,,3.9,,0.8,,0.8,,0,,,,,,,,0,,15.7,,,,,
-52.7,47.56666666666667,ST JOHN'S,8403500,8403500.1933.4.8,1933-04-08 00:00:00,NL,1933,4,8,0.6,,-0.6,,1.7,,0,T,0,,0,T,,,,,,,0,,17.4,,,,,
-52.7,47.56666666666667,ST JOHN'S,8403500,8403500.1933.4.9,1933-04-09 00:00:00,NL,1933,4,9,0.3,,-1.1,,1.7,,0.8,,0.8,,0,,,,,,,,0,,17.7,,,,,
-52.7,47.56666666666667,ST JOHN'S,8403500,8403500.1933.4.10,1933-04-10 00:00:00,NL,1933,4,10,0.9,,0,,1.7,,10.9,,10.9,,0,,,,,,,,0,,17.1,,,,,
-52.7,47.56666666666667,ST JOHN'S,8403500,8403500.1933.4.11,1933-04-11 00:00:00,NL,1933,4,11,1.4,,-0.6,,3.3,,0,T,0,T,0,,,,,,,,0,,16.6,,,,,
-52.7,47.56666666666667,ST JOHN'S,8403500,8403500.1933.4.12,1933-04-12 00:00:00,NL,1933,4,12,-0.6,,-1.7,,0.6,,0.3,,0,,0.3,,,,,,,,0,,18.6,,,,,
-52.7,47.56666666666667,ST JOHN'S,8403500,8403500.1933.4.13,1933-04-13 00:00:00,NL,1933,4,13,0,,-2.2,,2.2,,0,,0,,0,,,,,,,,0,,18,,,,,
-52.7,47.56666666666667,ST JOHN'S,8403500,8403500.1933.4.14,1933-04-14 00:00:00,NL,1933,4,14,2.3,,-3.3,,7.8,,0,,0,,0,,,,,,,,0,,15.7,,,,,
-52.7,47.56666666666667,ST JOHN'S,8403500,8403500.1933.4.15,1933-04-15 00:00:00,NL,1933,4,15,2.3,,-3.3,,7.8,,0,,0,,0,,,,,,,,0,,15.7,,,,,
-52.7,47.56666666666667,ST JOHN'S,8403500,8403500.1933.4.16,1933-04-16 00:00:00,NL,1933,4,16,6.1,,1.1,,11.1,,0,,0,,0,,,,,,,,0,,11.9,,,,,
-52.7,47.56666666666667,ST JOHN'S,8403500,8403500.1933.4.17,1933-04-17 00:00:00,NL,1933,4,17,3.3,,-1.7,,8.3,,0,,0,,0,,,,,,,,0,,14.7,,,,,
-52.7,47.56666666666667,ST JOHN'S,8403500,8403500.1933.4.18,1933-04-18 00:00:00,NL,1933,4,18,2.5,,-1.7,,6.7,,0,,0,,0,,,,,,,,0,,15.5,,,,,
-52.7,47.56666666666667,ST JOHN'S,8403500,8403500.1933.4.19,1933-04-19 00:00:00,NL,1933,4,19,-2,,-3.9,,0,,0,,0,,0,,,,,,,,0,,20,,,,,
-52.7,47.56666666666667,ST JOHN'S,8403500,8403500.1933.4.20,1933-04-20 00:00:00,NL,1933,4,20,-2.8,,-5.6,,0,,0.3,,0,,0.3,,,,,,,,0,,20.8,,,,,
-52.7,47.56666666666667,ST JOHN'S,8403500,8403500.1933.4.21,1933-04-21 00:00:00,NL,1933,4,21,1.7,,-1.7,,5,,0.3,,0,,0.3,,,,,,,,0,,16.3,,,,,
-52.7,47.56666666666667,ST JOHN'S,8403500,8403500.1933.4.22,1933-04-22 00:00:00,NL,1933,4,22,4.7,,0,,9.4,,0,,0,,0,,,,,,,,0,,13.3,,,,,
-52.7,47.56666666666667,ST JOHN'S,8403500,8403500.1933.4.23,1933-04-23 00:00:00,NL,1933,4,23,5.9,,0.6,,11.1,,0.3,,0.3,,0,,,,,,,,0,,12.1,,,,,
-52.7,47.56666666666667,ST JOHN'S,8403500,8403500.1933.4.24,1933-04-24 00:00:00,NL,1933,4,24,0.6,,-5,,6.1,,0.5,,0.5,,0,,,,,,,,0,,17.4,,,,,
-52.7,47.56666666666667,ST JOHN'S,8403500,8403500.1933.4.25,1933-04-25 00:00:00,NL,1933,4,25,6.9,,-0.6,,14.4,,0,,0,,0,,,,,,,,0,,11.1,,,,,
-52.7,47.56666666666667,ST JOHN'S,8403500,8403500.1933.4.26,1933-04-26 00:00:00,NL,1933,4,26,10.6,,3.3,,17.8,,3.6,,3.6,,0,,,,,,,,0,,7.4,,,,,
-52.7,47.56666666666667,ST JOHN'S,8403500,8403500.1933.4.27,1933-04-27 00:00:00,NL,1933,4,27,7.8,,5.6,,10,,24.6,,24.6,,0,,,,,,,,0,,10.2,,,,,
-52.7,47.56666666666667,ST JOHN'S,8403500,8403500.1933.4.28,1933-04-28 00:00:00,NL,1933,4,28,5.6,,3.3,,7.8,,12.7,,12.7,,0,,,,,,,,0,,12.4,,,,,
-52.7,47.56666666666667,ST JOHN'S,8403500,8403500.1933.4.29,1933-04-29 00:00:00,NL,1933,4,29,5,,2.2,,7.8,,0.5,,0.5,,0,,,,,,,,0,,13,,,,,
-52.7,47.56666666666667,ST JOHN'S,8403500,8403500.1933.4.30,1933-04-30 00:00:00,NL,1933,4,30,7.5,,2.8,,12.2,,0,,0,,0,,,,,,,,0,,10.5,,,,,
-52.7,47.56666666666667,ST JOHN'S,8403500,8403500.1933.5.1,1933-05-01 00:00:00,NL,1933,5,1,6.7,,1.7,,11.7,,0,,0,,0,,,,,,,,0,,11.3,,,,,
-52.7,47.56666666666667,ST JOHN'S,8403500,8403500.1933.5.2,1933-05-02 00:00:00,NL,1933,5,2,9.2,,4.4,,13.9,,0,T,0,T,0,,,,,,,,0,,8.8,,,,,
-52.7,47.56666666666667,ST JOHN'S,8403500,8403500.1933.5.3,1933-05-03 00:00:00,NL,1933,5,3,14.2,,8.3,,20,,6.1,,6.1,,0,,,,,,,,0,,3.8,,,,,
-52.7,47.56666666666667,ST JOHN'S,8403500,8403500.1933.5.4,1933-05-04 00:00:00,NL,1933,5,4,11.7,,4.4,,18.9,,1.5,,1.5,,0,,,,,,,,0,,6.3,,,,,
-52.7,47.56666666666667,ST JOHN'S,8403500,8403500.1933.5.5,1933-05-05 00:00:00,NL,1933,5,5,3.1,,0,,6.1,,0.3,,0.3,,0,,,,,,,,0,,14.9,,,,,
-52.7,47.56666666666667,ST JOHN'S,8403500,8403500.1933.5.6,1933-05-06 00:00:00,NL,1933,5,6,2,,-1.1,,5,,0,,0,,0,,,,,,,,0,,16,,,,,
-52.7,47.56666666666667,ST JOHN'S,8403500,8403500.1933.5.7,1933-05-07 00:00:00,NL,1933,5,7,3.1,,-1.1,,7.2,,0,,0,,0,,,,,,,,0,,14.9,,,,,
-52.7,47.56666666666667,ST JOHN'S,8403500,8403500.1933.5.8,1933-05-08 00:00:00,NL,1933,5,8,1.1,,-2.2,,4.4,,0.3,,0,,0.3,,,,,,,,0,,16.9,,,,,
-52.7,47.56666666666667,ST JOHN'S,8403500,8403500.1933.5.9,1933-05-09 00:00:00,NL,1933,5,9,3.9,,0.6,,7.2,,0,,0,,0,,,,,,,,0,,14.1,,,,,
-52.7,47.56666666666667,ST JOHN'S,8403500,8403500.1933.5.10,1933-05-10 00:00:00,NL,1933,5,10,1.9,,-0.6,,4.4,,0,,0,,0,,,,,,,,0,,16.1,,,,,
-52.7,47.56666666666667,ST JOHN'S,8403500,8403500.1933.5.11,1933-05-11 00:00:00,NL,1933,5,11,0.9,,-1.1,,2.8,,0,,0,,0,,,,,,,,0,,17.1,,,,,
-52.7,47.56666666666667,ST JOHN'S,8403500,8403500.1933.5.12,1933-05-12 00:00:00,NL,1933,5,12,3.1,,-0.6,,6.7,,0,,0,,0,,,,,,,,0,,14.9,,,,,
-52.7,47.56666666666667,ST JOHN'S,8403500,8403500.1933.5.13,1933-05-13 00:00:00,NL,1933,5,13,2.5,,-0.6,,5.6,,16,,16,,0,,,,,,,,0,,15.5,,,,,
-52.7,47.56666666666667,ST JOHN'S,8403500,8403500.1933.5.14,1933-05-14 00:00:00,NL,1933,5,14,1.1,,-3.9,,6.1,,1,,1,,0,,,,,,,,0,,16.9,,,,,
-52.7,47.56666666666667,ST JOHN'S,8403500,8403500.1933.5.15,1933-05-15 00:00:00,NL,1933,5,15,4.5,,2.2,,6.7,,6.4,,6.4,,0,,,,,,,,0,,13.5,,,,,
-52.7,47.56666666666667,ST JOHN'S,8403500,8403500.1933.5.16,1933-05-16 00:00:00,NL,1933,5,16,5.3,,1.7,,8.9,,0.3,,0.3,,0,,,,,,,,0,,12.7,,,,,
-52.7,47.56666666666667,ST JOHN'S,8403500,8403500.1933.5.17,1933-05-17 00:00:00,NL,1933,5,17,3.9,,1.7,,6.1,,0,,0,,0,,,,,,,,0,,14.1,,,,,
-52.7,47.56666666666667,ST JOHN'S,8403500,8403500.1933.5.18,1933-05-18 00:00:00,NL,1933,5,18,8.1,,1.1,,15,,0,,0,,0,,,,,,,,0,,9.9,,,,,
-52.7,47.56666666666667,ST JOHN'S,8403500,8403500.1933.5.19,1933-05-19 00:00:00,NL,1933,5,19,4.2,,0.6,,7.8,,0,,0,,0,,,,,,,,0,,13.8,,,,,
-52.7,47.56666666666667,ST JOHN'S,8403500,8403500.1933.5.20,1933-05-20 00:00:00,NL,1933,5,20,8.9,,-1.1,,18.9,,0,,0,,0,,,,,,,,0,,9.1,,,,,
-52.7,47.56666666666667,ST JOHN'S,8403500,8403500.1933.5.21,1933-05-21 00:00:00,NL,1933,5,21,3.9,,0,,7.8,,0,,0,,0,,,,,,,,0,,14.1,,,,,
-52.7,47.56666666666667,ST JOHN'S,8403500,8403500.1933.5.22,1933-05-22 00:00:00,NL,1933,5,22,6.7,,-0.6,,13.9,,0,,0,,0,,,,,,,,0,,11.3,,,,,
-52.7,47.56666666666667,ST JOHN'S,8403500,8403500.1933.5.23,1933-05-23 00:00:00,NL,1933,5,23,9.2,,2.8,,15.6,,0,,0,,0,,,,,,,,0,,8.8,,,,,
-52.7,47.56666666666667,ST JOHN'S,8403500,8403500.1933.5.24,1933-05-24 00:00:00,NL,1933,5,24,7.3,,2.8,,11.7,,0,,0,,0,,,,,,,,0,,10.7,,,,,
-52.7,47.56666666666667,ST JOHN'S,8403500,8403500.1933.5.25,1933-05-25 00:00:00,NL,1933,5,25,3.9,,-0.6,,8.3,,4.3,,4.3,,0,,,,,,,,0,,14.1,,,,,
-52.7,47.56666666666667,ST JOHN'S,8403500,8403500.1933.5.26,1933-05-26 00:00:00,NL,1933,5,26,4.5,,0,,8.9,,1.3,,1.3,,0,,,,,,,,0,,13.5,,,,,
-52.7,47.56666666666667,ST JOHN'S,8403500,8403500.1933.5.27,1933-05-27 00:00:00,NL,1933,5,27,5.9,,1.1,,10.6,,0,,0,,0,,,,,,,,0,,12.1,,,,,
-52.7,47.56666666666667,ST JOHN'S,8403500,8403500.1933.5.28,1933-05-28 00:00:00,NL,1933,5,28,7.5,,2.2,,12.8,,0,,0,,0,,,,,,,,0,,10.5,,,,,
-52.7,47.56666666666667,ST JOHN'S,8403500,8403500.1933.5.29,1933-05-29 00:00:00,NL,1933,5,29,6.7,,0.6,,12.8,,0,,0,,0,,,,,,,,0,,11.3,,,,,
-52.7,47.56666666666667,ST JOHN'S,8403500,8403500.1933.5.30,1933-05-30 00:00:00,NL,1933,5,30,10,,3.3,,16.7,,0,,0,,0,,,,,,,,0,,8,,,,,
-52.7,47.56666666666667,ST JOHN'S,8403500,8403500.1933.5.31,1933-05-31 00:00:00,NL,1933,5,31,8.9,,2.8,,15,,0,,0,,0,,,,,,,,0,,9.1,,,,,
-52.7,47.56666666666667,ST JOHN'S,8403500,8403500.1933.6.1,1933-06-01 00:00:00,NL,1933,6,1,12.8,,6.1,,19.4,,0,,0,,0,,,,,,,,0,,5.2,,,,,
-52.7,47.56666666666667,ST JOHN'S,8403500,8403500.1933.6.2,1933-06-02 00:00:00,NL,1933,6,2,10,,6.1,,13.9,,11.9,,11.9,,0,,,,,,,,0,,8,,,,,
-52.7,47.56666666666667,ST JOHN'S,8403500,8403500.1933.6.3,1933-06-03 00:00:00,NL,1933,6,3,11.1,,4.4,,17.8,,0,,0,,0,,,,,,,,0,,6.9,,,,,
-52.7,47.56666666666667,ST JOHN'S,8403500,8403500.1933.6.4,1933-06-04 00:00:00,NL,1933,6,4,9.5,,5.6,,13.3,,0,,0,,0,,,,,,,,0,,8.5,,,,,
-52.7,47.56666666666667,ST JOHN'S,8403500,8403500.1933.6.5,1933-06-05 00:00:00,NL,1933,6,5,10.6,,5,,16.1,,0.3,,0.3,,0,,,,,,,,0,,7.4,,,,,
-52.7,47.56666666666667,ST JOHN'S,8403500,8403500.1933.6.6,1933-06-06 00:00:00,NL,1933,6,6,12,,3.9,,20,,0,,0,,0,,,,,,,,0,,6,,,,,
-52.7,47.56666666666667,ST JOHN'S,8403500,8403500.1933.6.7,1933-06-07 00:00:00,NL,1933,6,7,6.4,,3.9,,8.9,,0,T,0,T,0,,,,,,,,0,,11.6,,,,,
-52.7,47.56666666666667,ST JOHN'S,8403500,8403500.1933.6.8,1933-06-08 00:00:00,NL,1933,6,8,8.4,,0.6,,16.1,,0,,0,,0,,,,,,,,0,,9.6,,,,,
-52.7,47.56666666666667,ST JOHN'S,8403500,8403500.1933.6.9,1933-06-09 00:00:00,NL,1933,6,9,6.1,,3.3,,8.9,,4.1,,4.1,,0,,,,,,,,0,,11.9,,,,,
-52.7,47.56666666666667,ST JOHN'S,8403500,8403500.1933.6.10,1933-06-10 00:00:00,NL,1933,6,10,8.9,,0.6,,17.2,,0,,0,,0,,,,,,,,0,,9.1,,,,,
-52.7,47.56666666666667,ST JOHN'S,8403500,8403500.1933.6.11,1933-06-11 00:00:00,NL,1933,6,11,9.5,,6.1,,12.8,,0.3,,0.3,,0,,,,,,,,0,,8.5,,,,,
-52.7,47.56666666666667,ST JOHN'S,8403500,8403500.1933.6.12,1933-06-12 00:00:00,NL,1933,6,12,11.7,,5,,18.3,,0,,0,,0,,,,,,,,0,,6.3,,,,,
-52.7,47.56666666666667,ST JOHN'S,8403500,8403500.1933.6.13,1933-06-13 00:00:00,NL,1933,6,13,15,,9.4,,20.6,,0,,0,,0,,,,,,,,0,,3,,,,,
-52.7,47.56666666666667,ST JOHN'S,8403500,8403500.1933.6.14,1933-06-14 00:00:00,NL,1933,6,14,20.6,,14.4,,26.7,,0,,0,,0,,,,,,,,2.6,,0,,,,,
-52.7,47.56666666666667,ST JOHN'S,8403500,8403500.1933.6.15,1933-06-15 00:00:00,NL,1933,6,15,19.7,,14.4,,25,,0,,0,,0,,,,,,,,1.7,,0,,,,,
-52.7,47.56666666666667,ST JOHN'S,8403500,8403500.1933.6.16,1933-06-16 00:00:00,NL,1933,6,16,16.4,,11.7,,21.1,,0,,0,,0,,,,,,,,0,,1.6,,,,,
-52.7,47.56666666666667,ST JOHN'S,8403500,8403500.1933.6.17,1933-06-17 00:00:00,NL,1933,6,17,8.1,,6.1,,10,,9.9,,9.9,,0,,,,,,,,0,,9.9,,,,,
-52.7,47.56666666666667,ST JOHN'S,8403500,8403500.1933.6.18,1933-06-18 00:00:00,NL,1933,6,18,3.9,,2.8,,5,,0,,0,,0,,,,,,,,0,,14.1,,,,,
-52.7,47.56666666666667,ST JOHN'S,8403500,8403500.1933.6.19,1933-06-19 00:00:00,NL,1933,6,19,11.1,,3.3,,18.9,,18.8,,18.8,,0,,,,,,,,0,,6.9,,,,,
-52.7,47.56666666666667,ST JOHN'S,8403500,8403500.1933.6.20,1933-06-20 00:00:00,NL,1933,6,20,12.3,,7.8,,16.7,,0.8,,0.8,,0,,,,,,,,0,,5.7,,,,,
-52.7,47.56666666666667,ST JOHN'S,8403500,8403500.1933.6.21,1933-06-21 00:00:00,NL,1933,6,21,9.5,,5.6,,13.3,,0,,0,,0,,,,,,,,0,,8.5,,,,,
-52.7,47.56666666666667,ST JOHN'S,8403500,8403500.1933.6.22,1933-06-22 00:00:00,NL,1933,6,22,8.1,,2.8,,13.3,,1.3,,1.3,,0,,,,,,,,0,,9.9,,,,,
-52.7,47.56666666666667,ST JOHN'S,8403500,8403500.1933.6.23,1933-06-23 00:00:00,NL,1933,6,23,15.6,,7.2,,23.9,,0,,0,,0,,,,,,,,0,,2.4,,,,,
-52.7,47.56666666666667,ST JOHN'S,8403500,8403500.1933.6.24,1933-06-24 00:00:00,NL,1933,6,24,12.8,,8.3,,17.2,,1,,1,,0,,,,,,,,0,,5.2,,,,,
-52.7,47.56666666666667,ST JOHN'S,8403500,8403500.1933.6.25,1933-06-25 00:00:00,NL,1933,6,25,13.6,,7.8,,19.4,,0,,0,,0,,,,,,,,0,,4.4,,,,,
-52.7,47.56666666666667,ST JOHN'S,8403500,8403500.1933.6.26,1933-06-26 00:00:00,NL,1933,6,26,14.2,,6.1,,22.2,,0,,0,,0,,,,,,,,0,,3.8,,,,,
-52.7,47.56666666666667,ST JOHN'S,8403500,8403500.1933.6.27,1933-06-27 00:00:00,NL,1933,6,27,16.4,,11.7,,21.1,,0,,0,,0,,,,,,,,0,,1.6,,,,,
-52.7,47.56666666666667,ST JOHN'S,8403500,8403500.1933.6.28,1933-06-28 00:00:00,NL,1933,6,28,18.3,,14.4,,22.2,,0,,0,,0,,,,,,,,0.3,,0,,,,,
-52.7,47.56666666666667,ST JOHN'S,8403500,8403500.1933.6.29,1933-06-29 00:00:00,NL,1933,6,29,12.5,,10,,15,,1,,1,,0,,,,,,,,0,,5.5,,,,,
-52.7,47.56666666666667,ST JOHN'S,8403500,8403500.1933.6.30,1933-06-30 00:00:00,NL,1933,6,30,7,,5,,8.9,,0.3,,0.3,,0,,,,,,,,0,,11,,,,,
-52.7,47.56666666666667,ST JOHN'S,8403500,8403500.1933.7.1,1933-07-01 00:00:00,NL,1933,7,1,10.6,,3.3,,17.8,,11.9,,11.9,,0,,,,,,,,0,,7.4,,,,,
-52.7,47.56666666666667,ST JOHN'S,8403500,8403500.1933.7.2,1933-07-02 00:00:00,NL,1933,7,2,7.8,,4.4,,11.1,,0,,0,,0,,,,,,,,0,,10.2,,,,,
-52.7,47.56666666666667,ST JOHN'S,8403500,8403500.1933.7.3,1933-07-03 00:00:00,NL,1933,7,3,10.3,,3.9,,16.7,,0,,0,,0,,,,,,,,0,,7.7,,,,,
-52.7,47.56666666666667,ST JOHN'S,8403500,8403500.1933.7.4,1933-07-04 00:00:00,NL,1933,7,4,13.9,,6.1,,21.7,,0,,0,,0,,,,,,,,0,,4.1,,,,,
-52.7,47.56666666666667,ST JOHN'S,8403500,8403500.1933.7.5,1933-07-05 00:00:00,NL,1933,7,5,17,,11.1,,22.8,,0,,0,,0,,,,,,,,0,,1,,,,,
-52.7,47.56666666666667,ST JOHN'S,8403500,8403500.1933.7.6,1933-07-06 00:00:00,NL,1933,7,6,17.2,,11.1,,23.3,,0,,0,,0,,,,,,,,0,,0.8,,,,,
-52.7,47.56666666666667,ST JOHN'S,8403500,8403500.1933.7.7,1933-07-07 00:00:00,NL,1933,7,7,16.4,,13.3,,19.4,,0,,0,,0,,,,,,,,0,,1.6,,,,,
-52.7,47.56666666666667,ST JOHN'S,8403500,8403500.1933.7.8,1933-07-08 00:00:00,NL,1933,7,8,17,,10.6,,23.3,,0,,0,,0,,,,,,,,0,,1,,,,,
-52.7,47.56666666666667,ST JOHN'S,8403500,8403500.1933.7.9,1933-07-09 00:00:00,NL,1933,7,9,13.9,,11.7,,16.1,,1.8,,1.8,,0,,,,,,,,0,,4.1,,,,,
-52.7,47.56666666666667,ST JOHN'S,8403500,8403500.1933.7.10,1933-07-10 00:00:00,NL,1933,7,10,10.3,,7.2,,13.3,,3.8,,3.8,,0,,,,,,,,0,,7.7,,,,,
-52.7,47.56666666666667,ST JOHN'S,8403500,8403500.1933.7.11,1933-07-11 00:00:00,NL,1933,7,11,9.7,,7.2,,12.2,,0,,0,,0,,,,,,,,0,,8.3,,,,,
-52.7,47.56666666666667,ST JOHN'S,8403500,8403500.1933.7.12,1933-07-12 00:00:00,NL,1933,7,12,11.1,,7.2,,15,,0,,0,,0,,,,,,,,0,,6.9,,,,,
-52.7,47.56666666666667,ST JOHN'S,8403500,8403500.1933.7.13,1933-07-13 00:00:00,NL,1933,7,13,10.6,,6.1,,15,,21.1,,21.1,,0,,,,,,,,0,,7.4,,,,,
-52.7,47.56666666666667,ST JOHN'S,8403500,8403500.1933.7.14,1933-07-14 00:00:00,NL,1933,7,14,13.9,,7.2,,20.6,,0.3,,0.3,,0,,,,,,,,0,,4.1,,,,,
-52.7,47.56666666666667,ST JOHN'S,8403500,8403500.1933.7.15,1933-07-15 00:00:00,NL,1933,7,15,18.9,,11.7,,26.1,,0,,0,,0,,,,,,,,0.9,,0,,,,,
-52.7,47.56666666666667,ST JOHN'S,8403500,8403500.1933.7.16,1933-07-16 00:00:00,NL,1933,7,16,20.3,,15,,25.6,,0,,0,,0,,,,,,,,2.3,,0,,,,,
-52.7,47.56666666666667,ST JOHN'S,8403500,8403500.1933.7.17,1933-07-17 00:00:00,NL,1933,7,17,21.2,,15.6,,26.7,,0,,0,,0,,,,,,,,3.2,,0,,,,,
-52.7,47.56666666666667,ST JOHN'S,8403500,8403500.1933.7.18,1933-07-18 00:00:00,NL,1933,7,18,20.6,,15,,26.1,,0,,0,,0,,,,,,,,2.6,,0,,,,,
-52.7,47.56666666666667,ST JOHN'S,8403500,8403500.1933.7.19,1933-07-19 00:00:00,NL,1933,7,19,20,,13.3,,26.7,,0,,0,,0,,,,,,,,2,,0,,,,,
-52.7,47.56666666666667,ST JOHN'S,8403500,8403500.1933.7.20,1933-07-20 00:00:00,NL,1933,7,20,14.5,,10.6,,18.3,,0,,0,,0,,,,,,,,0,,3.5,,,,,
-52.7,47.56666666666667,ST JOHN'S,8403500,8403500.1933.7.21,1933-07-21 00:00:00,NL,1933,7,21,17.5,,12.8,,22.2,,0,,0,,0,,,,,,,,0,,0.5,,,,,
-52.7,47.56666666666667,ST JOHN'S,8403500,8403500.1933.7.22,1933-07-22 00:00:00,NL,1933,7,22,19.2,,11.7,,26.7,,0,,0,,0,,,,,,,,1.2,,0,,,,,
-52.7,47.56666666666667,ST JOHN'S,8403500,8403500.1933.7.23,1933-07-23 00:00:00,NL,1933,7,23,19.5,,12.2,,26.7,,0,,0,,0,,,,,,,,1.5,,0,,,,,
-52.7,47.56666666666667,ST JOHN'S,8403500,8403500.1933.7.24,1933-07-24 00:00:00,NL,1933,7,24,17.8,,12.2,,23.3,,0,,0,,0,,,,,,,,0,,0.2,,,,,
-52.7,47.56666666666667,ST JOHN'S,8403500,8403500.1933.7.25,1933-07-25 00:00:00,NL,1933,7,25,18.9,,15,,22.8,,4.1,,4.1,,0,,,,,,,,0.9,,0,,,,,
-52.7,47.56666666666667,ST JOHN'S,8403500,8403500.1933.7.26,1933-07-26 00:00:00,NL,1933,7,26,15.8,,12.2,,19.4,,0,,0,,0,,,,,,,,0,,2.2,,,,,
-52.7,47.56666666666667,ST JOHN'S,8403500,8403500.1933.7.27,1933-07-27 00:00:00,NL,1933,7,27,17.3,,10.6,,23.9,,0,,0,,0,,,,,,,,0,,0.7,,,,,
-52.7,47.56666666666667,ST JOHN'S,8403500,8403500.1933.7.28,1933-07-28 00:00:00,NL,1933,7,28,18.6,,13.9,,23.3,,0,,0,,0,,,,,,,,0.6,,0,,,,,
-52.7,47.56666666666667,ST JOHN'S,8403500,8403500.1933.7.29,1933-07-29 00:00:00,NL,1933,7,29,18.9,,12.8,,25,,0,,0,,0,,,,,,,,0.9,,0,,,,,
-52.7,47.56666666666667,ST JOHN'S,8403500,8403500.1933.7.30,1933-07-30 00:00:00,NL,1933,7,30,16.2,,15.6,,16.7,,16.8,,16.8,,0,,,,,,,,0,,1.8,,,,,
-52.7,47.56666666666667,ST JOHN'S,8403500,8403500.1933.7.31,1933-07-31 00:00:00,NL,1933,7,31,13.9,,9.4,,18.3,,0,,0,,0,,,,,,,,0,,4.1,,,,,
-52.7,47.56666666666667,ST JOHN'S,8403500,8403500.1933.8.1,1933-08-01 00:00:00,NL,1933,8,1,13.9,,8.9,,18.9,,0.3,,0.3,,0,,,,,,,,0,,4.1,,,,,
-52.7,47.56666666666667,ST JOHN'S,8403500,8403500.1933.8.2,1933-08-02 00:00:00,NL,1933,8,2,14.2,,10.6,,17.8,,1,,1,,0,,,,,,,,0,,3.8,,,,,
-52.7,47.56666666666667,ST JOHN'S,8403500,8403500.1933.8.3,1933-08-03 00:00:00,NL,1933,8,3,17.8,,13.3,,22.2,,0,,0,,0,,,,,,,,0,,0.2,,,,,
-52.7,47.56666666666667,ST JOHN'S,8403500,8403500.1933.8.4,1933-08-04 00:00:00,NL,1933,8,4,17.2,,13.3,,21.1,,0,,0,,0,,,,,,,,0,,0.8,,,,,
-52.7,47.56666666666667,ST JOHN'S,8403500,8403500.1933.8.5,1933-08-05 00:00:00,NL,1933,8,5,13.1,,11.1,,15,,31,,31,,0,,,,,,,,0,,4.9,,,,,
-52.7,47.56666666666667,ST JOHN'S,8403500,8403500.1933.8.6,1933-08-06 00:00:00,NL,1933,8,6,12.8,,10,,15.6,,0,,0,,0,,,,,,,,0,,5.2,,,,,
-52.7,47.56666666666667,ST JOHN'S,8403500,8403500.1933.8.7,1933-08-07 00:00:00,NL,1933,8,7,13.6,,8.3,,18.9,,0,,0,,0,,,,,,,,0,,4.4,,,,,
-52.7,47.56666666666667,ST JOHN'S,8403500,8403500.1933.8.8,1933-08-08 00:00:00,NL,1933,8,8,13.9,,10.6,,17.2,,0,,0,,0,,,,,,,,0,,4.1,,,,,
-52.7,47.56666666666667,ST JOHN'S,8403500,8403500.1933.8.9,1933-08-09 00:00:00,NL,1933,8,9,16.7,,12.2,,21.1,,0,,0,,0,,,,,,,,0,,1.3,,,,,
-52.7,47.56666666666667,ST JOHN'S,8403500,8403500.1933.8.10,1933-08-10 00:00:00,NL,1933,8,10,16.1,,12.2,,20,,0,,0,,0,,,,,,,,0,,1.9,,,,,
-52.7,47.56666666666667,ST JOHN'S,8403500,8403500.1933.8.11,1933-08-11 00:00:00,NL,1933,8,11,15.8,,8.3,,23.3,,0,,0,,0,,,,,,,,0,,2.2,,,,,
-52.7,47.56666666666667,ST JOHN'S,8403500,8403500.1933.8.12,1933-08-12 00:00:00,NL,1933,8,12,16.4,,12.8,,20,,11.9,,11.9,,0,,,,,,,,0,,1.6,,,,,
-52.7,47.56666666666667,ST JOHN'S,8403500,8403500.1933.8.13,1933-08-13 00:00:00,NL,1933,8,13,15.6,,11.1,,20,,26.9,,26.9,,0,,,,,,,,0,,2.4,,,,,
-52.7,47.56666666666667,ST JOHN'S,8403500,8403500.1933.8.14,1933-08-14 00:00:00,NL,1933,8,14,16.4,,13.3,,19.4,,0.3,,0.3,,0,,,,,,,,0,,1.6,,,,,
-52.7,47.56666666666667,ST JOHN'S,8403500,8403500.1933.8.15,1933-08-15 00:00:00,NL,1933,8,15,18.9,,14.4,,23.3,,3.6,,3.6,,0,,,,,,,,0.9,,0,,,,,
-52.7,47.56666666666667,ST JOHN'S,8403500,8403500.1933.8.16,1933-08-16 00:00:00,NL,1933,8,16,17.8,,12.2,,23.3,,0,,0,,0,,,,,,,,0,,0.2,,,,,
-52.7,47.56666666666667,ST JOHN'S,8403500,8403500.1933.8.17,1933-08-17 00:00:00,NL,1933,8,17,18.1,,12.2,,23.9,,0,,0,,0,,,,,,,,0.1,,0,,,,,
-52.7,47.56666666666667,ST JOHN'S,8403500,8403500.1933.8.18,1933-08-18 00:00:00,NL,1933,8,18,18.9,,12.2,,25.6,,0,,0,,0,,,,,,,,0.9,,0,,,,,
-52.7,47.56666666666667,ST JOHN'S,8403500,8403500.1933.8.19,1933-08-19 00:00:00,NL,1933,8,19,18.9,,12.8,,25,,0,,0,,0,,,,,,,,0.9,,0,,,,,
-52.7,47.56666666666667,ST JOHN'S,8403500,8403500.1933.8.20,1933-08-20 00:00:00,NL,1933,8,20,20,,13.3,,26.7,,0,,0,,0,,,,,,,,2,,0,,,,,
-52.7,47.56666666666667,ST JOHN'S,8403500,8403500.1933.8.21,1933-08-21 00:00:00,NL,1933,8,21,20,,17.8,,22.2,,8.4,,8.4,,0,,,,,,,,2,,0,,,,,
-52.7,47.56666666666667,ST JOHN'S,8403500,8403500.1933.8.22,1933-08-22 00:00:00,NL,1933,8,22,17,,12.8,,21.1,,0,,0,,0,,,,,,,,0,,1,,,,,
-52.7,47.56666666666667,ST JOHN'S,8403500,8403500.1933.8.23,1933-08-23 00:00:00,NL,1933,8,23,14.7,,12.2,,17.2,,1.8,,1.8,,0,,,,,,,,0,,3.3,,,,,
-52.7,47.56666666666667,ST JOHN'S,8403500,8403500.1933.8.24,1933-08-24 00:00:00,NL,1933,8,24,13.3,,9.4,,17.2,,5.8,,5.8,,0,,,,,,,,0,,4.7,,,,,
-52.7,47.56666666666667,ST JOHN'S,8403500,8403500.1933.8.25,1933-08-25 00:00:00,NL,1933,8,25,11.1,,9.4,,12.8,,1,,1,,0,,,,,,,,0,,6.9,,,,,
-52.7,47.56666666666667,ST JOHN'S,8403500,8403500.1933.8.26,1933-08-26 00:00:00,NL,1933,8,26,10.3,,6.7,,13.9,,0,,0,,0,,,,,,,,0,,7.7,,,,,
-52.7,47.56666666666667,ST JOHN'S,8403500,8403500.1933.8.27,1933-08-27 00:00:00,NL,1933,8,27,13.9,,12.2,,15.6,,0,,0,,0,,,,,,,,0,,4.1,,,,,
-52.7,47.56666666666667,ST JOHN'S,8403500,8403500.1933.8.28,1933-08-28 00:00:00,NL,1933,8,28,15,,11.1,,18.9,,16,,16,,0,,,,,,,,0,,3,,,,,
-52.7,47.56666666666667,ST JOHN'S,8403500,8403500.1933.8.29,1933-08-29 00:00:00,NL,1933,8,29,16.7,,13.3,,20,,0.3,,0.3,,0,,,,,,,,0,,1.3,,,,,
-52.7,47.56666666666667,ST JOHN'S,8403500,8403500.1933.8.30,1933-08-30 00:00:00,NL,1933,8,30,13.1,,11.1,,15,,27.2,,27.2,,0,,,,,,,,0,,4.9,,,,,
-52.7,47.56666666666667,ST JOHN'S,8403500,8403500.1933.8.31,1933-08-31 00:00:00,NL,1933,8,31,13.3,,8.3,,18.3,,0,,0,,0,,,,,,,,0,,4.7,,,,,
-52.7,47.56666666666667,ST JOHN'S,8403500,8403500.1934.11.1,1934-11-01 00:00:00,NL,1934,11,1,6.4,,2.2,,10.6,,0.5,,0.5,,0,,,,,,,,0,,11.6,,,,,
-52.7,47.56666666666667,ST JOHN'S,8403500,8403500.1934.11.2,1934-11-02 00:00:00,NL,1934,11,2,9.5,,5.6,,13.3,,3.6,,3.6,,0,,,,,,,,0,,8.5,,,,,
-52.7,47.56666666666667,ST JOHN'S,8403500,8403500.1934.11.3,1934-11-03 00:00:00,NL,1934,11,3,4.8,,1.7,,7.8,,1.5,,1.5,,0,T,,,,,,,0,,13.2,,,,,
-52.7,47.56666666666667,ST JOHN'S,8403500,8403500.1934.11.4,1934-11-04 00:00:00,NL,1934,11,4,4.2,,1.7,,6.7,,0,,0,,0,,,,,,,,0,,13.8,,,,,
-52.7,47.56666666666667,ST JOHN'S,8403500,8403500.1934.11.5,1934-11-05 00:00:00,NL,1934,11,5,8.6,,2.8,,14.4,,1,,1,,0,,,,,,,,0,,9.4,,,,,
-52.7,47.56666666666667,ST JOHN'S,8403500,8403500.1934.11.6,1934-11-06 00:00:00,NL,1934,11,6,15.6,,12.8,,18.3,,0,T,0,T,0,,,,,,,,0,,2.4,,,,,
-52.7,47.56666666666667,ST JOHN'S,8403500,8403500.1934.11.7,1934-11-07 00:00:00,NL,1934,11,7,13.4,,12.8,,13.9,,2.8,,2.8,,0,,,,,,,,0,,4.6,,,,,
-52.7,47.56666666666667,ST JOHN'S,8403500,8403500.1934.11.8,1934-11-08 00:00:00,NL,1934,11,8,11.9,,9.4,,14.4,,0,,0,,0,,,,,,,,0,,6.1,,,,,
-52.7,47.56666666666667,ST JOHN'S,8403500,8403500.1934.11.9,1934-11-09 00:00:00,NL,1934,11,9,8.9,,5.6,,12.2,,0.8,,0.8,,0,,,,,,,,0,,9.1,,,,,
-52.7,47.56666666666667,ST JOHN'S,8403500,8403500.1934.11.10,1934-11-10 00:00:00,NL,1934,11,10,8.7,,5.6,,11.7,,0.5,,0.5,,0,,,,,,,,0,,9.3,,,,,
-52.7,47.56666666666667,ST JOHN'S,8403500,8403500.1934.11.11,1934-11-11 00:00:00,NL,1934,11,11,5.3,,2.8,,7.8,,0,,0,,0,,,,,,,,0,,12.7,,,,,
-52.7,47.56666666666667,ST JOHN'S,8403500,8403500.1934.11.12,1934-11-12 00:00:00,NL,1934,11,12,7.5,,1.1,,13.9,,18,,18,,0,,,,,,,,0,,10.5,,,,,
-52.7,47.56666666666667,ST JOHN'S,8403500,8403500.1934.11.13,1934-11-13 00:00:00,NL,1934,11,13,11.9,,9.4,,14.4,,10.4,,10.4,,0,,,,,,,,0,,6.1,,,,,
-52.7,47.56666666666667,ST JOHN'S,8403500,8403500.1934.11.14,1934-11-14 00:00:00,NL,1934,11,14,6.4,,1.7,,11.1,,13.7,,13.7,,0,,,,,,,,0,,11.6,,,,,
-52.7,47.56666666666667,ST JOHN'S,8403500,8403500.1934.11.15,1934-11-15 00:00:00,NL,1934,11,15,4.8,,1.7,,7.8,,33.5,,33.5,,0,,,,,,,,0,,13.2,,,,,
-52.7,47.56666666666667,ST JOHN'S,8403500,8403500.1934.11.16,1934-11-16 00:00:00,NL,1934,11,16,5.6,,0.6,,10.6,,11.2,,11.2,,0,,,,,,,,0,,12.4,,,,,
-52.7,47.56666666666667,ST JOHN'S,8403500,8403500.1934.11.17,1934-11-17 00:00:00,NL,1934,11,17,1.1,,-1.1,,3.3,,2.5,,2.5,,0,,,,,,,,0,,16.9,,,,,
-52.7,47.56666666666667,ST JOHN'S,8403500,8403500.1934.11.18,1934-11-18 00:00:00,NL,1934,11,18,1.9,,-0.6,,4.4,,1,,1,,0,,,,,,,,0,,16.1,,,,,
-52.7,47.56666666666667,ST JOHN'S,8403500,8403500.1934.11.19,1934-11-19 00:00:00,NL,1934,11,19,2.8,,-0.6,,6.1,,8.9,,8.9,,0,,,,,,,,0,,15.2,,,,,
-52.7,47.56666666666667,ST JOHN'S,8403500,8403500.1934.11.20,1934-11-20 00:00:00,NL,1934,11,20,2,,-2.2,,6.1,,0,T,0,T,0,T,,,,,,,0,,16,,,,,
-52.7,47.56666666666667,ST JOHN'S,8403500,8403500.1934.11.21,1934-11-21 00:00:00,NL,1934,11,21,-3.1,,-3.9,,-2.2,,0,,0,,0,,,,,,,,0,,21.1,,,,,
-52.7,47.56666666666667,ST JOHN'S,8403500,8403500.1934.11.22,1934-11-22 00:00:00,NL,1934,11,22,-0.9,,-5,,3.3,,1.3,,1.3,,0,,,,,,,,0,,18.9,,,,,
-52.7,47.56666666666667,ST JOHN'S,8403500,8403500.1934.11.23,1934-11-23 00:00:00,NL,1934,11,23,5.3,,2.2,,8.3,,0,T,0,T,0,,,,,,,,0,,12.7,,,,,
-52.7,47.56666666666667,ST JOHN'S,8403500,8403500.1934.11.24,1934-11-24 00:00:00,NL,1934,11,24,8.1,,5,,11.1,,0,,0,,0,,,,,,,,0,,9.9,,,,,
-52.7,47.56666666666667,ST JOHN'S,8403500,8403500.1934.11.25,1934-11-25 00:00:00,NL,1934,11,25,6.4,,2.8,,10,,9.4,,9.4,,0,T,,,,,,,0,,11.6,,,,,
-52.7,47.56666666666667,ST JOHN'S,8403500,8403500.1934.11.26,1934-11-26 00:00:00,NL,1934,11,26,-2,,-2.8,,-1.1,,0.3,,0.3,,0,,,,,,,,0,,20,,,,,
-52.7,47.56666666666667,ST JOHN'S,8403500,8403500.1934.11.27,1934-11-27 00:00:00,NL,1934,11,27,-3.4,,-5,,-1.7,,0,,0,,0,,,,,,,,0,,21.4,,,,,
-52.7,47.56666666666667,ST JOHN'S,8403500,8403500.1934.11.28,1934-11-28 00:00:00,NL,1934,11,28,-2,,-5,,1.1,,0.3,,0.3,,0,T,,,,,,,0,,20,,,,,
-52.7,47.56666666666667,ST JOHN'S,8403500,8403500.1934.11.29,1934-11-29 00:00:00,NL,1934,11,29,0.3,,-1.1,,1.7,,0.8,,0.8,,0,,,,,,,,0,,17.7,,,,,
-52.7,47.56666666666667,ST JOHN'S,8403500,8403500.1934.11.30,1934-11-30 00:00:00,NL,1934,11,30,0.9,,-1.1,,2.8,,0.5,,0.5,,0,,,,,,,,0,,17.1,,,,,
-52.7,47.56666666666667,ST JOHN'S,8403500,8403500.1934.12.1,1934-12-01 00:00:00,NL,1934,12,1,1.1,,0,,2.2,,0.5,,0.5,,0,,,,,,,,0,,16.9,,,,,
-52.7,47.56666666666667,ST JOHN'S,8403500,8403500.1934.12.2,1934-12-02 00:00:00,NL,1934,12,2,3.6,,-1.7,,8.9,,4.6,,4.6,,0,,,,,,,,0,,14.4,,,,,
-52.7,47.56666666666667,ST JOHN'S,8403500,8403500.1934.12.3,1934-12-03 00:00:00,NL,1934,12,3,1.7,,-1.1,,4.4,,0,T,0,T,0,,,,,,,,0,,16.3,,,,,
-52.7,47.56666666666667,ST JOHN'S,8403500,8403500.1934.12.4,1934-12-04 00:00:00,NL,1934,12,4,-3.1,,-6.1,,0,,10.2,,0,,10.2,,,,,,,,0,,21.1,,,,,
-52.7,47.56666666666667,ST JOHN'S,8403500,8403500.1934.12.5,1934-12-05 00:00:00,NL,1934,12,5,-1.7,,-6.1,,2.8,,7.6,,0,T,7.6,,,,,,,,0,,19.7,,,,,
-52.7,47.56666666666667,ST JOHN'S,8403500,8403500.1934.12.6,1934-12-06 00:00:00,NL,1934,12,6,-3.1,,-4.4,,-1.7,,0,,0,,0,,,,,,,,0,,21.1,,,,,
-52.7,47.56666666666667,ST JOHN'S,8403500,8403500.1934.12.7,1934-12-07 00:00:00,NL,1934,12,7,-3.7,,-5.6,,-1.7,,0,T,0,,0,T,,,,,,,0,,21.7,,,,,
-52.7,47.56666666666667,ST JOHN'S,8403500,8403500.1934.12.8,1934-12-08 00:00:00,NL,1934,12,8,-3.1,,-5.6,,-0.6,,12.7,,0,,12.7,,,,,,,,0,,21.1,,,,,
-52.7,47.56666666666667,ST JOHN'S,8403500,8403500.1934.12.9,1934-12-09 00:00:00,NL,1934,12,9,-1.7,,-3.3,,0,,1.3,,0,,1.3,,,,,,,,0,,19.7,,,,,
-52.7,47.56666666666667,ST JOHN'S,8403500,8403500.1934.12.10,1934-12-10 00:00:00,NL,1934,12,10,-4.8,,-5.6,,-3.9,,1.5,,0,,1.5,,,,,,,,0,,22.8,,,,,
-52.7,47.56666666666667,ST JOHN'S,8403500,8403500.1934.12.11,1934-12-11 00:00:00,NL,1934,12,11,-4.5,,-6.1,,-2.8,,11.7,,0,,11.7,,,,,,,,0,,22.5,,,,,
-52.7,47.56666666666667,ST JOHN'S,8403500,8403500.1934.12.12,1934-12-12 00:00:00,NL,1934,12,12,-3.6,,-4.4,,-2.8,,17.8,,0,,17.8,,,,,,,,0,,21.6,,,,,
-52.7,47.56666666666667,ST JOHN'S,8403500,8403500.1934.12.13,1934-12-13 00:00:00,NL,1934,12,13,-3.4,,-6.7,,0,,0,,0,,0,,,,,,,,0,,21.4,,,,,
-52.7,47.56666666666667,ST JOHN'S,8403500,8403500.1934.12.14,1934-12-14 00:00:00,NL,1934,12,14,-3.4,,-8.9,,2.2,,5.1,,1,,4.1,,,,,,,,0,,21.4,,,,,
-52.7,47.56666666666667,ST JOHN'S,8403500,8403500.1934.12.15,1934-12-15 00:00:00,NL,1934,12,15,-2.3,,-3.9,,-0.6,,2,,0,,2,,,,,,,,0,,20.3,,,,,
-52.7,47.56666666666667,ST JOHN'S,8403500,8403500.1934.12.16,1934-12-16 00:00:00,NL,1934,12,16,-3.7,,-5.6,,-1.7,,0,,0,,0,,,,,,,,0,,21.7,,,,,
-52.7,47.56666666666667,ST JOHN'S,8403500,8403500.1934.12.17,1934-12-17 00:00:00,NL,1934,12,17,-1.9,,-4.4,,0.6,,0,T,0,T,0,,,,,,,,0,,19.9,,,,,
-52.7,47.56666666666667,ST JOHN'S,8403500,8403500.1934.12.18,1934-12-18 00:00:00,NL,1934,12,18,-5.9,,-7.8,,-3.9,,0,,0,,0,,,,,,,,0,,23.9,,,,,
-52.7,47.56666666666667,ST JOHN'S,8403500,8403500.1934.12.19,1934-12-19 00:00:00,NL,1934,12,19,-7.5,,-9.4,,-5.6,,0,,0,,0,,,,,,,,0,,25.5,,,,,
-52.7,47.56666666666667,ST JOHN'S,8403500,8403500.1934.12.20,1934-12-20 00:00:00,NL,1934,12,20,-2.8,,-10.6,,5,,17.8,,2.5,,15.2,,,,,,,,0,,20.8,,,,,
-52.7,47.56666666666667,ST JOHN'S,8403500,8403500.1934.12.21,1934-12-21 00:00:00,NL,1934,12,21,-4.5,,-7.2,,-1.7,,0,T,0,,0,T,,,,,,,0,,22.5,,,,,
-52.7,47.56666666666667,ST JOHN'S,8403500,8403500.1934.12.22,1934-12-22 00:00:00,NL,1934,12,22,-6.1,,-8.3,,-3.9,,0.3,,0,,0.3,,,,,,,,0,,24.1,,,,,
-52.7,47.56666666666667,ST JOHN'S,8403500,8403500.1934.12.23,1934-12-23 00:00:00,NL,1934,12,23,-5.9,,-8.9,,-2.8,,3.6,,0,,3.6,,,,,,,,0,,23.9,,,,,
-52.7,47.56666666666667,ST JOHN'S,8403500,8403500.1934.12.24,1934-12-24 00:00:00,NL,1934,12,24,-6.4,,-8.9,,-3.9,,0,,0,,0,,,,,,,,0,,24.4,,,,,
-52.7,47.56666666666667,ST JOHN'S,8403500,8403500.1934.12.25,1934-12-25 00:00:00,NL,1934,12,25,-6.7,,-8.9,,-4.4,,0,,0,,0,,,,,,,,0,,24.7,,,,,
-52.7,47.56666666666667,ST JOHN'S,8403500,8403500.1934.12.26,1934-12-26 00:00:00,NL,1934,12,26,-6.4,,-8.9,,-3.9,,0,,0,,0,,,,,,,,0,,24.4,,,,,
-52.7,47.56666666666667,ST JOHN'S,8403500,8403500.1934.12.27,1934-12-27 00:00:00,NL,1934,12,27,-4.5,,-7.2,,-1.7,,48.3,,0,,48.3,,,,,,,,0,,22.5,,,,,
-52.7,47.56666666666667,ST JOHN'S,8403500,8403500.1934.12.28,1934-12-28 00:00:00,NL,1934,12,28,-1.4,,-3.3,,0.6,,3.6,,0,,3.6,,,,,,,,0,,19.4,,,,,
-52.7,47.56666666666667,ST JOHN'S,8403500,8403500.1934.12.29,1934-12-29 00:00:00,NL,1934,12,29,-1.7,,-2.2,,-1.1,,0.3,,0,,0.3,,,,,,,,0,,19.7,,,,,
-52.7,47.56666666666667,ST JOHN'S,8403500,8403500.1934.12.30,1934-12-30 00:00:00,NL,1934,12,30,-0.9,,-2.8,,1.1,,3,,0,,3,,,,,,,,0,,18.9,,,,,
-52.7,47.56666666666667,ST JOHN'S,8403500,8403500.1934.12.31,1934-12-31 00:00:00,NL,1934,12,31,0,,-1.1,,1.1,,4.1,,0,,4.1,,,,,,,,0,,18,,,,,
-52.7,47.56666666666667,ST JOHN'S,8403500,8403500.1935.1.1,1935-01-01 00:00:00,NL,1935,1,1,-3.9,,-4.4,,-3.3,,0,,0,,0,,,,,,,,0,,21.9,,,,,
-52.7,47.56666666666667,ST JOHN'S,8403500,8403500.1935.1.2,1935-01-02 00:00:00,NL,1935,1,2,-2,,-5,,1.1,,20.8,,0,,20.8,,,,,,,,0,,20,,,,,
-52.7,47.56666666666667,ST JOHN'S,8403500,8403500.1935.1.3,1935-01-03 00:00:00,NL,1935,1,3,-2.5,,-5,,0,,0,T,0,,0,T,,,,,,,0,,20.5,,,,,
-52.7,47.56666666666667,ST JOHN'S,8403500,8403500.1935.1.4,1935-01-04 00:00:00,NL,1935,1,4,-0.6,,-6.7,,5.6,,6.6,,6.1,,0.5,,,,,,,,0,,18.6,,,,,
-52.7,47.56666666666667,ST JOHN'S,8403500,8403500.1935.1.5,1935-01-05 00:00:00,NL,1935,1,5,-9.2,,-11.7,,-6.7,,0,,0,,0,,,,,,,,0,,27.2,,,,,
-52.7,47.56666666666667,ST JOHN'S,8403500,8403500.1935.1.6,1935-01-06 00:00:00,NL,1935,1,6,-5.8,,-14.4,,2.8,,3,,3,,0,,,,,,,,0,,23.8,,,,,
-52.7,47.56666666666667,ST JOHN'S,8403500,8403500.1935.1.7,1935-01-07 00:00:00,NL,1935,1,7,3.6,,1.1,,6.1,,6.1,,6.1,,0,,,,,,,,0,,14.4,,,,,
-52.7,47.56666666666667,ST JOHN'S,8403500,8403500.1935.1.8,1935-01-08 00:00:00,NL,1935,1,8,4.7,,3.3,,6.1,,0,T,0,T,0,,,,,,,,0,,13.3,,,,,
-52.7,47.56666666666667,ST JOHN'S,8403500,8403500.1935.1.9,1935-01-09 00:00:00,NL,1935,1,9,1.4,,0.6,,2.2,,8.6,,4.8,,3.8,,,,,,,,0,,16.6,,,,,
-52.7,47.56666666666667,ST JOHN'S,8403500,8403500.1935.1.10,1935-01-10 00:00:00,NL,1935,1,10,3.6,,-1.7,,8.9,,7.6,,7.6,,0,,,,,,,,0,,14.4,,,,,
-52.7,47.56666666666667,ST JOHN'S,8403500,8403500.1935.1.11,1935-01-11 00:00:00,NL,1935,1,11,4.7,,0,,9.4,,11.4,,11.4,,0,,,,,,,,0,,13.3,,,,,
-52.7,47.56666666666667,ST JOHN'S,8403500,8403500.1935.1.12,1935-01-12 00:00:00,NL,1935,1,12,1.7,,0,,3.3,,7.9,,7.9,,0,T,,,,,,,0,,16.3,,,,,
-52.7,47.56666666666667,ST JOHN'S,8403500,8403500.1935.1.13,1935-01-13 00:00:00,NL,1935,1,13,-6.1,,-8.3,,-3.9,,0.5,,0,,0.5,,,,,,,,0,,24.1,,,,,
-52.7,47.56666666666667,ST JOHN'S,8403500,8403500.1935.1.14,1935-01-14 00:00:00,NL,1935,1,14,-3.1,,-5.6,,-0.6,,7.6,,0,,7.6,,,,,,,,0,,21.1,,,,,
-52.7,47.56666666666667,ST JOHN'S,8403500,8403500.1935.1.15,1935-01-15 00:00:00,NL,1935,1,15,-0.6,,-3.3,,2.2,,8.9,,0,,8.9,,,,,,,,0,,18.6,,,,,
-52.7,47.56666666666667,ST JOHN'S,8403500,8403500.1935.1.16,1935-01-16 00:00:00,NL,1935,1,16,-8.6,,-9.4,,-7.8,,0.5,,0,,0.5,,,,,,,,0,,26.6,,,,,
-52.7,47.56666666666667,ST JOHN'S,8403500,8403500.1935.1.17,1935-01-17 00:00:00,NL,1935,1,17,-13.4,,-15,,-11.7,,0,T,0,,0,T,,,,,,,0,,31.4,,,,,
-52.7,47.56666666666667,ST JOHN'S,8403500,8403500.1935.1.18,1935-01-18 00:00:00,NL,1935,1,18,-8.9,,-15.6,,-2.2,,0.5,,0,,0.5,,,,,,,,0,,26.9,,,,,
-52.7,47.56666666666667,ST JOHN'S,8403500,8403500.1935.1.19,1935-01-19 00:00:00,NL,1935,1,19,-3.9,,-5,,-2.8,,0,T,0,,0,T,,,,,,,0,,21.9,,,,,
-52.7,47.56666666666667,ST JOHN'S,8403500,8403500.1935.1.20,1935-01-20 00:00:00,NL,1935,1,20,-9.2,,-10,,-8.3,,0.5,,0,,0.5,,,,,,,,0,,27.2,,,,,
-52.7,47.56666666666667,ST JOHN'S,8403500,8403500.1935.1.21,1935-01-21 00:00:00,NL,1935,1,21,-7.5,,-10,,-5,,0,,0,,0,,,,,,,,0,,25.5,,,,,
-52.7,47.56666666666667,ST JOHN'S,8403500,8403500.1935.1.22,1935-01-22 00:00:00,NL,1935,1,22,-2.2,,-7.2,,2.8,,1.5,,1.5,,0,,,,,,,,0,,20.2,,,,,
-52.7,47.56666666666667,ST JOHN'S,8403500,8403500.1935.1.23,1935-01-23 00:00:00,NL,1935,1,23,-0.6,,-2.8,,1.7,,0,,0,,0,,,,,,,,0,,18.6,,,,,
-52.7,47.56666666666667,ST JOHN'S,8403500,8403500.1935.1.24,1935-01-24 00:00:00,NL,1935,1,24,1.7,,-2.8,,6.1,,1,,1,,0,,,,,,,,0,,16.3,,,,,
-52.7,47.56666666666667,ST JOHN'S,8403500,8403500.1935.1.25,1935-01-25 00:00:00,NL,1935,1,25,4.2,,3.3,,5,,8.6,,5.6,,3,,,,,,,,0,,13.8,,,,,
-52.7,47.56666666666667,ST JOHN'S,8403500,8403500.1935.1.26,1935-01-26 00:00:00,NL,1935,1,26,-5.3,,-7.2,,-3.3,,0,,0,,0,,,,,,,,0,,23.3,,,,,
-52.7,47.56666666666667,ST JOHN'S,8403500,8403500.1935.1.27,1935-01-27 00:00:00,NL,1935,1,27,-3.6,,-6.1,,-1.1,,2,,0,,2,,,,,,,,0,,21.6,,,,,
-52.7,47.56666666666667,ST JOHN'S,8403500,8403500.1935.1.28,1935-01-28 00:00:00,NL,1935,1,28,-8.3,,-12.2,,-4.4,,7.6,,0,,7.6,,,,,,,,0,,26.3,,,,,
-52.7,47.56666666666667,ST JOHN'S,8403500,8403500.1935.1.29,1935-01-29 00:00:00,NL,1935,1,29,-8.6,,-14.4,,-2.8,,0,T,0,,0,T,,,,,,,0,,26.6,,,,,
-52.7,47.56666666666667,ST JOHN'S,8403500,8403500.1935.1.30,1935-01-30 00:00:00,NL,1935,1,30,-3.3,,-7.2,,0.6,,10.2,,10.2,,0,,,,,,,,0,,21.3,,,,,
-52.7,47.56666666666667,ST JOHN'S,8403500,8403500.1935.1.31,1935-01-31 00:00:00,NL,1935,1,31,-10.9,,-12.8,,-8.9,,0,T,0,,0,T,,,,,,,0,,28.9,,,,,
-52.7,47.56666666666667,ST JOHN'S,8403500,8403500.1935.2.1,1935-02-01 00:00:00,NL,1935,2,1,-7.8,,-10.6,,-5,,0,,0,,0,,,,,,,,0,,25.8,,,,,
-52.7,47.56666666666667,ST JOHN'S,8403500,8403500.1935.2.2,1935-02-02 00:00:00,NL,1935,2,2,-5,,-11.1,,1.1,,0.3,,0,,0.3,,,,,,,,0,,23,,,,,
-52.7,47.56666666666667,ST JOHN'S,8403500,8403500.1935.2.3,1935-02-03 00:00:00,NL,1935,2,3,2.3,,-1.1,,5.6,,1.3,,1.3,,0,,,,,,,,0,,15.7,,,,,
-52.7,47.56666666666667,ST JOHN'S,8403500,8403500.1935.2.4,1935-02-04 00:00:00,NL,1935,2,4,6.7,,2.8,,10.6,,2,,2,,0,,,,,,,,0,,11.3,,,,,
-52.7,47.56666666666667,ST JOHN'S,8403500,8403500.1935.2.5,1935-02-05 00:00:00,NL,1935,2,5,2,,-4.4,,8.3,,2.5,,0,,2.5,,,,,,,,0,,16,,,,,
-52.7,47.56666666666667,ST JOHN'S,8403500,8403500.1935.2.6,1935-02-06 00:00:00,NL,1935,2,6,-14.5,,-15.6,,-13.3,,0,,0,,0,,,,,,,,0,,32.5,,,,,
-52.7,47.56666666666667,ST JOHN'S,8403500,8403500.1935.2.7,1935-02-07 00:00:00,NL,1935,2,7,-13.3,,-18.3,,-8.3,,0,,0,,0,,,,,,,,0,,31.3,,,,,
-52.7,47.56666666666667,ST JOHN'S,8403500,8403500.1935.2.8,1935-02-08 00:00:00,NL,1935,2,8,-8.3,,-13.3,,-3.3,,0,,0,,0,,,,,,,,0,,26.3,,,,,
-52.7,47.56666666666667,ST JOHN'S,8403500,8403500.1935.2.9,1935-02-09 00:00:00,NL,1935,2,9,-3.4,,-7.8,,1.1,,10.2,,0,,10.2,,,,,,,,0,,21.4,,,,,
-52.7,47.56666666666667,ST JOHN'S,8403500,8403500.1935.2.10,1935-02-10 00:00:00,NL,1935,2,10,-1.7,,-3.3,,0,,5.6,,0,,5.6,,,,,,,,0,,19.7,,,,,
-52.7,47.56666666666667,ST JOHN'S,8403500,8403500.1935.2.11,1935-02-11 00:00:00,NL,1935,2,11,-3.1,,-3.9,,-2.2,,1,,0,,1,,,,,,,,0,,21.1,,,,,
-52.7,47.56666666666667,ST JOHN'S,8403500,8403500.1935.2.12,1935-02-12 00:00:00,NL,1935,2,12,-8.9,,-13.9,,-3.9,,1,,0,,1,,,,,,,,0,,26.9,,,,,
-52.7,47.56666666666667,ST JOHN'S,8403500,8403500.1935.2.13,1935-02-13 00:00:00,NL,1935,2,13,-15.6,,-17.8,,-13.3,,0.5,,0,,0.5,,,,,,,,0,,33.6,,,,,
-52.7,47.56666666666667,ST JOHN'S,8403500,8403500.1935.2.14,1935-02-14 00:00:00,NL,1935,2,14,-11.1,,-17.8,,-4.4,,0,,0,,0,,,,,,,,0,,29.1,,,,,
-52.7,47.56666666666667,ST JOHN'S,8403500,8403500.1935.2.15,1935-02-15 00:00:00,NL,1935,2,15,-2.2,,-8.3,,3.9,,8.9,,8.9,,0,,,,,,,,0,,20.2,,,,,
-52.7,47.56666666666667,ST JOHN'S,8403500,8403500.1935.2.16,1935-02-16 00:00:00,NL,1935,2,16,-2,,-5,,1.1,,5.6,,0,,5.6,,,,,,,,0,,20,,,,,
-52.7,47.56666666666667,ST JOHN'S,8403500,8403500.1935.2.17,1935-02-17 00:00:00,NL,1935,2,17,-5.6,,-8.3,,-2.8,,35.6,,0,,35.6,,,,,,,,0,,23.6,,,,,
-52.7,47.56666666666667,ST JOHN'S,8403500,8403500.1935.2.18,1935-02-18 00:00:00,NL,1935,2,18,-5.3,,-8.9,,-1.7,,1.3,,0,,1.3,,,,,,,,0,,23.3,,,,,
-52.7,47.56666666666667,ST JOHN'S,8403500,8403500.1935.2.19,1935-02-19 00:00:00,NL,1935,2,19,-7.2,,-12.2,,-2.2,,3.8,,0,,3.8,,,,,,,,0,,25.2,,,,,
-52.7,47.56666666666667,ST JOHN'S,8403500,8403500.1935.2.20,1935-02-20 00:00:00,NL,1935,2,20,-3.9,,-7.8,,0,,10.2,,0,,10.2,,,,,,,,0,,21.9,,,,,
-52.7,47.56666666666667,ST JOHN'S,8403500,8403500.1935.2.21,1935-02-21 00:00:00,NL,1935,2,21,-7,,-11.1,,-2.8,,0,,0,,0,,,,,,,,0,,25,,,,,
-52.7,47.56666666666667,ST JOHN'S,8403500,8403500.1935.2.22,1935-02-22 00:00:00,NL,1935,2,22,-7.3,,-10.6,,-3.9,,0,T,0,,0,T,,,,,,,0,,25.3,,,,,
-52.7,47.56666666666667,ST JOHN'S,8403500,8403500.1935.2.23,1935-02-23 00:00:00,NL,1935,2,23,-17,,-22.2,,-11.7,,0,,0,,0,,,,,,,,0,,35,,,,,
-52.7,47.56666666666667,ST JOHN'S,8403500,8403500.1935.2.24,1935-02-24 00:00:00,NL,1935,2,24,-8.4,,-17.8,,1.1,,10.2,,0,,10.2,,,,,,,,0,,26.4,,,,,
-52.7,47.56666666666667,ST JOHN'S,8403500,8403500.1935.2.25,1935-02-25 00:00:00,NL,1935,2,25,-5.6,,-7.8,,-3.3,,0.3,,0,,0.3,,,,,,,,0,,23.6,,,,,
-52.7,47.56666666666667,ST JOHN'S,8403500,8403500.1935.2.26,1935-02-26 00:00:00,NL,1935,2,26,-6.4,,-8.3,,-4.4,,19.1,,0,,19.1,,,,,,,,0,,24.4,,,,,
-52.7,47.56666666666667,ST JOHN'S,8403500,8403500.1935.2.27,1935-02-27 00:00:00,NL,1935,2,27,-7.5,,-8.3,,-6.7,,15.2,,0,,15.2,,,,,,,,0,,25.5,,,,,
-52.7,47.56666666666667,ST JOHN'S,8403500,8403500.1935.2.28,1935-02-28 00:00:00,NL,1935,2,28,-10.6,,-11.7,,-9.4,,0,T,0,,0,T,,,,,,,0,,28.6,,,,,
-52.7,47.56666666666667,ST JOHN'S,8403500,8403500.1935.3.1,1935-03-01 00:00:00,NL,1935,3,1,-9.5,,-12.2,,-6.7,,0,,0,,0,,,,,,,,0,,27.5,,,,,
-52.7,47.56666666666667,ST JOHN'S,8403500,8403500.1935.3.2,1935-03-02 00:00:00,NL,1935,3,2,-7.5,,-13.9,,-1.1,,10.2,,0,,10.2,,,,,,,,0,,25.5,,,,,
-52.7,47.56666666666667,ST JOHN'S,8403500,8403500.1935.3.3,1935-03-03 00:00:00,NL,1935,3,3,-6.7,,-11.1,,-2.2,,5.1,,0,,5.1,,,,,,,,0,,24.7,,,,,
-52.7,47.56666666666667,ST JOHN'S,8403500,8403500.1935.3.4,1935-03-04 00:00:00,NL,1935,3,4,-7.2,,-12.2,,-2.2,,17.8,,0,,17.8,,,,,,,,0,,25.2,,,,,
-52.7,47.56666666666667,ST JOHN'S,8403500,8403500.1935.3.5,1935-03-05 00:00:00,NL,1935,3,5,-13.1,,-20,,-6.1,,0,,0,,0,,,,,,,,0,,31.1,,,,,
-52.7,47.56666666666667,ST JOHN'S,8403500,8403500.1935.3.6,1935-03-06 00:00:00,NL,1935,3,6,-7.3,,-8.9,,-5.6,,1,,0,,1,,,,,,,,0,,25.3,,,,,
-52.7,47.56666666666667,ST JOHN'S,8403500,8403500.1935.3.7,1935-03-07 00:00:00,NL,1935,3,7,-7.8,,-10.6,,-5,,1.5,,0,,1.5,,,,,,,,0,,25.8,,,,,
-52.7,47.56666666666667,ST JOHN'S,8403500,8403500.1935.3.8,1935-03-08 00:00:00,NL,1935,3,8,-8.7,,-10.6,,-6.7,,0.5,,0,,0.5,,,,,,,,0,,26.7,,,,,
-52.7,47.56666666666667,ST JOHN'S,8403500,8403500.1935.3.9,1935-03-09 00:00:00,NL,1935,3,9,-10.3,,-12.2,,-8.3,,0,,0,,0,,,,,,,,0,,28.3,,,,,
-52.7,47.56666666666667,ST JOHN'S,8403500,8403500.1935.3.10,1935-03-10 00:00:00,NL,1935,3,10,-11.1,,-15,,-7.2,,0,,0,,0,,,,,,,,0,,29.1,,,,,
-52.7,47.56666666666667,ST JOHN'S,8403500,8403500.1935.3.11,1935-03-11 00:00:00,NL,1935,3,11,-10.9,,-16.1,,-5.6,,7.6,,0,,7.6,,,,,,,,0,,28.9,,,,,
-52.7,47.56666666666667,ST JOHN'S,8403500,8403500.1935.3.12,1935-03-12 00:00:00,NL,1935,3,12,-3.1,,-6.7,,0.6,,7.6,,0,,7.6,,,,,,,,0,,21.1,,,,,
-52.7,47.56666666666667,ST JOHN'S,8403500,8403500.1935.3.13,1935-03-13 00:00:00,NL,1935,3,13,0.3,,-3.3,,3.9,,6.4,,5.1,,1.3,,,,,,,,0,,17.7,,,,,
-52.7,47.56666666666667,ST JOHN'S,8403500,8403500.1935.3.14,1935-03-14 00:00:00,NL,1935,3,14,-1.7,,-3.9,,0.6,,0,,0,,0,,,,,,,,0,,19.7,,,,,
-52.7,47.56666666666667,ST JOHN'S,8403500,8403500.1935.3.15,1935-03-15 00:00:00,NL,1935,3,15,-10.6,,-12.2,,-8.9,,0,,0,,0,,,,,,,,0,,28.6,,,,,
-52.7,47.56666666666667,ST JOHN'S,8403500,8403500.1935.3.16,1935-03-16 00:00:00,NL,1935,3,16,-7.8,,-15.6,,0,,0,T,0,T,0,,,,,,,,0,,25.8,,,,,
-52.7,47.56666666666667,ST JOHN'S,8403500,8403500.1935.3.17,1935-03-17 00:00:00,NL,1935,3,17,-2.5,,-5.6,,0.6,,0,,0,,0,,,,,,,,0,,20.5,,,,,
-52.7,47.56666666666667,ST JOHN'S,8403500,8403500.1935.3.18,1935-03-18 00:00:00,NL,1935,3,18,-1.1,,-7.8,,5.6,,0.5,,0,,0.5,,,,,,,,0,,19.1,,,,,
-52.7,47.56666666666667,ST JOHN'S,8403500,8403500.1935.3.19,1935-03-19 00:00:00,NL,1935,3,19,-9.8,,-17.8,,-1.7,,0,,0,,0,,,,,,,,0,,27.8,,,,,
-52.7,47.56666666666667,ST JOHN'S,8403500,8403500.1935.3.20,1935-03-20 00:00:00,NL,1935,3,20,-2,,-7.2,,3.3,,6.1,,0,,6.1,,,,,,,,0,,20,,,,,
-52.7,47.56666666666667,ST JOHN'S,8403500,8403500.1935.3.21,1935-03-21 00:00:00,NL,1935,3,21,-1.1,,-2.2,,0,,4.6,,0,,4.6,,,,,,,,0,,19.1,,,,,
-52.7,47.56666666666667,ST JOHN'S,8403500,8403500.1935.3.22,1935-03-22 00:00:00,NL,1935,3,22,-1.4,,-2.8,,0,,3,,0,,3,,,,,,,,0,,19.4,,,,,
-52.7,47.56666666666667,ST JOHN'S,8403500,8403500.1935.3.23,1935-03-23 00:00:00,NL,1935,3,23,-0.8,,-2.2,,0.6,,0,,0,,0,,,,,,,,0,,18.8,,,,,
-52.7,47.56666666666667,ST JOHN'S,8403500,8403500.1935.3.24,1935-03-24 00:00:00,NL,1935,3,24,-0.6,,-2.8,,1.7,,7.1,,0,,7.1,,,,,,,,0,,18.6,,,,,
-52.7,47.56666666666667,ST JOHN'S,8403500,8403500.1935.3.25,1935-03-25 00:00:00,NL,1935,3,25,-1.9,,-4.4,,0.6,,1.8,,0,,1.8,,,,,,,,0,,19.9,,,,,
-52.7,47.56666666666667,ST JOHN'S,8403500,8403500.1935.3.26,1935-03-26 00:00:00,NL,1935,3,26,-3.9,,-5.6,,-2.2,,0,,0,,0,,,,,,,,0,,21.9,,,,,
-52.7,47.56666666666667,ST JOHN'S,8403500,8403500.1935.3.27,1935-03-27 00:00:00,NL,1935,3,27,-3.4,,-3.9,,-2.8,,0,,0,,0,,,,,,,,0,,21.4,,,,,
-52.7,47.56666666666667,ST JOHN'S,8403500,8403500.1935.3.28,1935-03-28 00:00:00,NL,1935,3,28,-1.7,,-2.8,,-0.6,,2,,0,,2,,,,,,,,0,,19.7,,,,,
-52.7,47.56666666666667,ST JOHN'S,8403500,8403500.1935.3.29,1935-03-29 00:00:00,NL,1935,3,29,-0.3,,-2.2,,1.7,,20.3,,0,,20.3,,,,,,,,0,,18.3,,,,,
-52.7,47.56666666666667,ST JOHN'S,8403500,8403500.1935.3.30,1935-03-30 00:00:00,NL,1935,3,30,1.1,,-0.6,,2.8,,3.6,,0,,3.6,,,,,,,,0,,16.9,,,,,
-52.7,47.56666666666667,ST JOHN'S,8403500,8403500.1935.3.31,1935-03-31 00:00:00,NL,1935,3,31,-1.7,,-3.9,,0.6,,4.3,,4.3,,0,,,,,,,,0,,19.7,,,,,
-52.7,47.56666666666667,ST JOHN'S,8403500,8403500.1935.4.1,1935-04-01 00:00:00,NL,1935,4,1,-1.4,,-3.3,,0.6,,0,,0,,0,,,,,,,,0,,19.4,,,,,
-52.7,47.56666666666667,ST JOHN'S,8403500,8403500.1935.4.2,1935-04-02 00:00:00,NL,1935,4,2,-2.5,,-6.7,,1.7,,3.6,,0,,3.6,,,,,,,,0,,20.5,,,,,
-52.7,47.56666666666667,ST JOHN'S,8403500,8403500.1935.4.3,1935-04-03 00:00:00,NL,1935,4,3,-1.7,,-2.2,,-1.1,,21.8,,0,,21.8,,,,,,,,0,,19.7,,,,,
-52.7,47.56666666666667,ST JOHN'S,8403500,8403500.1935.4.4,1935-04-04 00:00:00,NL,1935,4,4,-5.3,,-6.1,,-4.4,,1,,0,,1,,,,,,,,0,,23.3,,,,,
-52.7,47.56666666666667,ST JOHN'S,8403500,8403500.1935.4.5,1935-04-05 00:00:00,NL,1935,4,5,-5,,-6.1,,-3.9,,1.5,,0,,1.5,,,,,,,,0,,23,,,,,
-52.7,47.56666666666667,ST JOHN'S,8403500,8403500.1935.4.6,1935-04-06 00:00:00,NL,1935,4,6,-4.5,,-6.1,,-2.8,,3,,0,,3,,,,,,,,0,,22.5,,,,,
-52.7,47.56666666666667,ST JOHN'S,8403500,8403500.1935.4.7,1935-04-07 00:00:00,NL,1935,4,7,-2.8,,-5.6,,0,,0,T,0,,0,T,,,,,,,0,,20.8,,,,,
-52.7,47.56666666666667,ST JOHN'S,8403500,8403500.1935.4.8,1935-04-08 00:00:00,NL,1935,4,8,-1.4,,-4.4,,1.7,,0,,0,,0,,,,,,,,0,,19.4,,,,,
-52.7,47.56666666666667,ST JOHN'S,8403500,8403500.1935.4.9,1935-04-09 00:00:00,NL,1935,4,9,-0.6,,-1.7,,0.6,,0,,0,,0,,,,,,,,0,,18.6,,,,,
-52.7,47.56666666666667,ST JOHN'S,8403500,8403500.1935.4.10,1935-04-10 00:00:00,NL,1935,4,10,0.3,,-2.2,,2.8,,0,,0,,0,,,,,,,,0,,17.7,,,,,
-52.7,47.56666666666667,ST JOHN'S,8403500,8403500.1935.4.11,1935-04-11 00:00:00,NL,1935,4,11,-3.1,,-4.4,,-1.7,,0,,0,,0,,,,,,,,0,,21.1,,,,,
-52.7,47.56666666666667,ST JOHN'S,8403500,8403500.1935.4.12,1935-04-12 00:00:00,NL,1935,4,12,-2.2,,-5,,0.6,,0,,0,,0,,,,,,,,0,,20.2,,,,,
-52.7,47.56666666666667,ST JOHN'S,8403500,8403500.1935.4.13,1935-04-13 00:00:00,NL,1935,4,13,-1.2,,-6.7,,4.4,,0,,0,,0,,,,,,,,0,,19.2,,,,,
-52.7,47.56666666666667,ST JOHN'S,8403500,8403500.1935.4.14,1935-04-14 00:00:00,NL,1935,4,14,0.3,,-2.8,,3.3,,22.1,,22.1,,0,,,,,,,,0,,17.7,,,,,
-52.7,47.56666666666667,ST JOHN'S,8403500,8403500.1935.4.15,1935-04-15 00:00:00,NL,1935,4,15,3.9,,1.1,,6.7,,11.7,,11.7,,0,,,,,,,,0,,14.1,,,,,
-52.7,47.56666666666667,ST JOHN'S,8403500,8403500.1935.4.16,1935-04-16 00:00:00,NL,1935,4,16,5.8,,2.2,,9.4,,0,,0,,0,,,,,,,,0,,12.2,,,,,
-52.7,47.56666666666667,ST JOHN'S,8403500,8403500.1935.4.17,1935-04-17 00:00:00,NL,1935,4,17,3.1,,0,,6.1,,1.8,,1.8,,0,,,,,,,,0,,14.9,,,,,
-52.7,47.56666666666667,ST JOHN'S,8403500,8403500.1935.4.18,1935-04-18 00:00:00,NL,1935,4,18,2.3,,0.6,,3.9,,3.8,,3.8,,0,,,,,,,,0,,15.7,,,,,
-52.7,47.56666666666667,ST JOHN'S,8403500,8403500.1935.4.19,1935-04-19 00:00:00,NL,1935,4,19,4.8,,0.6,,8.9,,4.3,,4.3,,0,,,,,,,,0,,13.2,,,,,
-52.7,47.56666666666667,ST JOHN'S,8403500,8403500.1935.4.20,1935-04-20 00:00:00,NL,1935,4,20,3.9,,0.6,,7.2,,3,,3,,0,,,,,,,,0,,14.1,,,,,
-52.7,47.56666666666667,ST JOHN'S,8403500,8403500.1935.4.21,1935-04-21 00:00:00,NL,1935,4,21,1.7,,0,,3.3,,0.3,,0.3,,0,,,,,,,,0,,16.3,,,,,
-52.7,47.56666666666667,ST JOHN'S,8403500,8403500.1935.4.22,1935-04-22 00:00:00,NL,1935,4,22,2,,0.6,,3.3,,1.8,,1.3,,0.5,,,,,,,,0,,16,,,,,
-52.7,47.56666666666667,ST JOHN'S,8403500,8403500.1935.4.23,1935-04-23 00:00:00,NL,1935,4,23,1.7,,0,,3.3,,0,T,0,T,0,T,,,,,,,0,,16.3,,,,,
-52.7,47.56666666666667,ST JOHN'S,8403500,8403500.1935.4.24,1935-04-24 00:00:00,NL,1935,4,24,1.9,,-0.6,,4.4,,0,T,0,T,0,,,,,,,,0,,16.1,,,,,
-52.7,47.56666666666667,ST JOHN'S,8403500,8403500.1935.4.25,1935-04-25 00:00:00,NL,1935,4,25,0.8,,-1.7,,3.3,,0.5,,0,,0.5,,,,,,,,0,,17.2,,,,,
-52.7,47.56666666666667,ST JOHN'S,8403500,8403500.1935.4.26,1935-04-26 00:00:00,NL,1935,4,26,0.8,,-1.7,,3.3,,0.5,,0,,0.5,,,,,,,,0,,17.2,,,,,
-52.7,47.56666666666667,ST JOHN'S,8403500,8403500.1935.4.27,1935-04-27 00:00:00,NL,1935,4,27,0,,-1.1,,1.1,,0.3,,0,T,0.3,,,,,,,,0,,18,,,,,
-52.7,47.56666666666667,ST JOHN'S,8403500,8403500.1935.4.28,1935-04-28 00:00:00,NL,1935,4,28,2.8,,0,,5.6,,0,,0,,0,,,,,,,,0,,15.2,,,,,
-52.7,47.56666666666667,ST JOHN'S,8403500,8403500.1935.4.29,1935-04-29 00:00:00,NL,1935,4,29,4.7,,-0.6,,10,,0,,0,,0,,,,,,,,0,,13.3,,,,,
-52.7,47.56666666666667,ST JOHN'S,8403500,8403500.1935.4.30,1935-04-30 00:00:00,NL,1935,4,30,7.5,,1.1,,13.9,,0,,0,,0,,,,,,,,0,,10.5,,,,,
-52.7,47.56666666666667,ST JOHN'S,8403500,8403500.1935.5.1,1935-05-01 00:00:00,NL,1935,5,1,4.8,,0.6,,8.9,,0,,0,,0,,,,,,,,0,,13.2,,,,,
-52.7,47.56666666666667,ST JOHN'S,8403500,8403500.1935.5.2,1935-05-02 00:00:00,NL,1935,5,2,4.8,,1.7,,7.8,,0,,0,,0,,,,,,,,0,,13.2,,,,,
-52.7,47.56666666666667,ST JOHN'S,8403500,8403500.1935.5.3,1935-05-03 00:00:00,NL,1935,5,3,4.5,,0.6,,8.3,,0.8,,0.8,,0,,,,,,,,0,,13.5,,,,,
-52.7,47.56666666666667,ST JOHN'S,8403500,8403500.1935.5.4,1935-05-04 00:00:00,NL,1935,5,4,2.3,,0.6,,3.9,,0,T,0,,0,T,,,,,,,0,,15.7,,,,,
-52.7,47.56666666666667,ST JOHN'S,8403500,8403500.1935.5.5,1935-05-05 00:00:00,NL,1935,5,5,0.8,,-1.7,,3.3,,0,,0,,0,,,,,,,,0,,17.2,,,,,
-52.7,47.56666666666667,ST JOHN'S,8403500,8403500.1935.5.6,1935-05-06 00:00:00,NL,1935,5,6,2.8,,-3.3,,8.9,,0,,0,,0,,,,,,,,0,,15.2,,,,,
-52.7,47.56666666666667,ST JOHN'S,8403500,8403500.1935.5.7,1935-05-07 00:00:00,NL,1935,5,7,4.8,,-2.2,,11.7,,0,T,0,T,0,,,,,,,,0,,13.2,,,,,
-52.7,47.56666666666667,ST JOHN'S,8403500,8403500.1935.5.8,1935-05-08 00:00:00,NL,1935,5,8,-1.1,,-4.4,,2.2,,0.3,,0.3,,0,T,,,,,,,0,,19.1,,,,,
-52.7,47.56666666666667,ST JOHN'S,8403500,8403500.1935.5.9,1935-05-09 00:00:00,NL,1935,5,9,0.3,,-2.2,,2.8,,3.3,,3.3,,0,,,,,,,,0,,17.7,,,,,
-52.7,47.56666666666667,ST JOHN'S,8403500,8403500.1935.5.10,1935-05-10 00:00:00,NL,1935,5,10,2.5,,0.6,,4.4,,0,,0,,0,,,,,,,,0,,15.5,,,,,
-52.7,47.56666666666667,ST JOHN'S,8403500,8403500.1935.5.11,1935-05-11 00:00:00,NL,1935,5,11,3.6,,-0.6,,7.8,,4.1,,0,,4.1,,,,,,,,0,,14.4,,,,,
-52.7,47.56666666666667,ST JOHN'S,8403500,8403500.1935.5.12,1935-05-12 00:00:00,NL,1935,5,12,1.4,,-0.6,,3.3,,0,,0,,0,,,,,,,,0,,16.6,,,,,
-52.7,47.56666666666667,ST JOHN'S,8403500,8403500.1935.5.13,1935-05-13 00:00:00,NL,1935,5,13,3.1,,0,,6.1,,5.1,,5.1,,0,,,,,,,,0,,14.9,,,,,
-52.7,47.56666666666667,ST JOHN'S,8403500,8403500.1935.5.14,1935-05-14 00:00:00,NL,1935,5,14,5.9,,0.6,,11.1,,0.5,,0.5,,0,,,,,,,,0,,12.1,,,,,
-52.7,47.56666666666667,ST JOHN'S,8403500,8403500.1935.5.15,1935-05-15 00:00:00,NL,1935,5,15,3.7,,1.7,,5.6,,32.3,,32.3,,0,,,,,,,,0,,14.3,,,,,
-52.7,47.56666666666667,ST JOHN'S,8403500,8403500.1935.5.16,1935-05-16 00:00:00,NL,1935,5,16,6.7,,1.7,,11.7,,0,,0,,0,,,,,,,,0,,11.3,,,,,
-52.7,47.56666666666667,ST JOHN'S,8403500,8403500.1935.5.17,1935-05-17 00:00:00,NL,1935,5,17,8.1,,1.7,,14.4,,3.6,,3.6,,0,,,,,,,,0,,9.9,,,,,
-52.7,47.56666666666667,ST JOHN'S,8403500,8403500.1935.5.18,1935-05-18 00:00:00,NL,1935,5,18,3.7,,1.7,,5.6,,19.1,,19.1,,0,,,,,,,,0,,14.3,,,,,
-52.7,47.56666666666667,ST JOHN'S,8403500,8403500.1935.5.19,1935-05-19 00:00:00,NL,1935,5,19,6.7,,1.7,,11.7,,0,T,0,T,0,,,,,,,,0,,11.3,,,,,
-52.7,47.56666666666667,ST JOHN'S,8403500,8403500.1935.5.20,1935-05-20 00:00:00,NL,1935,5,20,6.4,,1.1,,11.7,,0,,0,,0,,,,,,,,0,,11.6,,,,,
-52.7,47.56666666666667,ST JOHN'S,8403500,8403500.1935.5.21,1935-05-21 00:00:00,NL,1935,5,21,7.8,,1.7,,13.9,,6.6,,6.6,,0,,,,,,,,0,,10.2,,,,,
-52.7,47.56666666666667,ST JOHN'S,8403500,8403500.1935.5.22,1935-05-22 00:00:00,NL,1935,5,22,4.7,,2.2,,7.2,,22.9,,22.9,,0,,,,,,,,0,,13.3,,,,,
-52.7,47.56666666666667,ST JOHN'S,8403500,8403500.1935.5.23,1935-05-23 00:00:00,NL,1935,5,23,7,,2.2,,11.7,,0,,0,,0,,,,,,,,0,,11,,,,,
-52.7,47.56666666666667,ST JOHN'S,8403500,8403500.1935.5.24,1935-05-24 00:00:00,NL,1935,5,24,4.7,,1.1,,8.3,,10.7,,10.7,,0,T,,,,,,,0,,13.3,,,,,
-52.7,47.56666666666667,ST JOHN'S,8403500,8403500.1935.5.25,1935-05-25 00:00:00,NL,1935,5,25,3.7,,0.6,,6.7,,3,,3,,0,T,,,,,,,0,,14.3,,,,,
-52.7,47.56666666666667,ST JOHN'S,8403500,8403500.1935.5.26,1935-05-26 00:00:00,NL,1935,5,26,5.6,,1.1,,10,,2.5,,2.5,,0,,,,,,,,0,,12.4,,,,,
-52.7,47.56666666666667,ST JOHN'S,8403500,8403500.1935.5.27,1935-05-27 00:00:00,NL,1935,5,27,4.8,,1.7,,7.8,,0,,0,,0,,,,,,,,0,,13.2,,,,,
-52.7,47.56666666666667,ST JOHN'S,8403500,8403500.1935.5.28,1935-05-28 00:00:00,NL,1935,5,28,7.5,,1.7,,13.3,,1.5,,1.5,,0,,,,,,,,0,,10.5,,,,,
-52.7,47.56666666666667,ST JOHN'S,8403500,8403500.1935.5.29,1935-05-29 00:00:00,NL,1935,5,29,5,,2.8,,7.2,,11.9,,11.9,,0,,,,,,,,0,,13,,,,,
-52.7,47.56666666666667,ST JOHN'S,8403500,8403500.1935.5.30,1935-05-30 00:00:00,NL,1935,5,30,5.6,,2.2,,8.9,,0,,0,,0,,,,,,,,0,,12.4,,,,,
-52.7,47.56666666666667,ST JOHN'S,8403500,8403500.1935.5.31,1935-05-31 00:00:00,NL,1935,5,31,7.2,,1.1,,13.3,,0,,0,,0,,,,,,,,0,,10.8,,,,,
-52.7,47.56666666666667,ST JOHN'S,8403500,8403500.1935.6.1,1935-06-01 00:00:00,NL,1935,6,1,9.5,,3.3,,15.6,,0,,0,,0,,,,,,,,0,,8.5,,,,,
-52.7,47.56666666666667,ST JOHN'S,8403500,8403500.1935.6.2,1935-06-02 00:00:00,NL,1935,6,2,8.9,,5,,12.8,,0,,0,,0,,,,,,,,0,,9.1,,,,,
-52.7,47.56666666666667,ST JOHN'S,8403500,8403500.1935.6.3,1935-06-03 00:00:00,NL,1935,6,3,5.3,,2.2,,8.3,,0,T,0,T,0,,,,,,,,0,,12.7,,,,,
-52.7,47.56666666666667,ST JOHN'S,8403500,8403500.1935.6.4,1935-06-04 00:00:00,NL,1935,6,4,14.2,,4.4,,23.9,,0,,0,,0,,,,,,,,0,,3.8,,,,,
-52.7,47.56666666666667,ST JOHN'S,8403500,8403500.1935.6.5,1935-06-05 00:00:00,NL,1935,6,5,6.7,,4.4,,8.9,,6.1,,6.1,,0,,,,,,,,0,,11.3,,,,,
-52.7,47.56666666666667,ST JOHN'S,8403500,8403500.1935.6.6,1935-06-06 00:00:00,NL,1935,6,6,5,,3.3,,6.7,,0,T,0,T,0,,,,,,,,0,,13,,,,,
-52.7,47.56666666666667,ST JOHN'S,8403500,8403500.1935.6.7,1935-06-07 00:00:00,NL,1935,6,7,7.5,,3.3,,11.7,,0,,0,,0,,,,,,,,0,,10.5,,,,,
-52.7,47.56666666666667,ST JOHN'S,8403500,8403500.1935.6.8,1935-06-08 00:00:00,NL,1935,6,8,10.6,,3.3,,17.8,,0,,0,,0,,,,,,,,0,,7.4,,,,,
-52.7,47.56666666666667,ST JOHN'S,8403500,8403500.1935.6.9,1935-06-09 00:00:00,NL,1935,6,9,12.3,,6.7,,17.8,,0.8,,0.8,,0,,,,,,,,0,,5.7,,,,,
-52.7,47.56666666666667,ST JOHN'S,8403500,8403500.1935.6.10,1935-06-10 00:00:00,NL,1935,6,10,15,,8.9,,21.1,,0,,0,,0,,,,,,,,0,,3,,,,,
-52.7,47.56666666666667,ST JOHN'S,8403500,8403500.1935.6.11,1935-06-11 00:00:00,NL,1935,6,11,14.5,,10,,18.9,,0,T,0,T,0,,,,,,,,0,,3.5,,,,,
-52.7,47.56666666666667,ST JOHN'S,8403500,8403500.1935.6.12,1935-06-12 00:00:00,NL,1935,6,12,15.9,,10.6,,21.1,,4.8,,4.8,,0,,,,,,,,0,,2.1,,,,,
-52.7,47.56666666666667,ST JOHN'S,8403500,8403500.1935.6.13,1935-06-13 00:00:00,NL,1935,6,13,17.8,,12.2,,23.3,,0,,0,,0,,,,,,,,0,,0.2,,,,,
-52.7,47.56666666666667,ST JOHN'S,8403500,8403500.1935.6.14,1935-06-14 00:00:00,NL,1935,6,14,18.3,,13.3,,23.3,,0,T,0,T,0,,,,,,,,0.3,,0,,,,,
-52.7,47.56666666666667,ST JOHN'S,8403500,8403500.1935.6.15,1935-06-15 00:00:00,NL,1935,6,15,12,,7.2,,16.7,,15.5,,15.5,,0,,,,,,,,0,,6,,,,,
-52.7,47.56666666666667,ST JOHN'S,8403500,8403500.1935.6.16,1935-06-16 00:00:00,NL,1935,6,16,8.6,,7.2,,10,,6.6,,6.6,,0,,,,,,,,0,,9.4,,,,,
-52.7,47.56666666666667,ST JOHN'S,8403500,8403500.1935.6.17,1935-06-17 00:00:00,NL,1935,6,17,9.2,,6.1,,12.2,,12.4,,12.4,,0,,,,,,,,0,,8.8,,,,,
-52.7,47.56666666666667,ST JOHN'S,8403500,8403500.1935.6.18,1935-06-18 00:00:00,NL,1935,6,18,6.7,,5.6,,7.8,,1.8,,1.8,,0,,,,,,,,0,,11.3,,,,,
-52.7,47.56666666666667,ST JOHN'S,8403500,8403500.1935.6.19,1935-06-19 00:00:00,NL,1935,6,19,9.5,,5.6,,13.3,,0,,0,,0,,,,,,,,0,,8.5,,,,,
-52.7,47.56666666666667,ST JOHN'S,8403500,8403500.1935.6.20,1935-06-20 00:00:00,NL,1935,6,20,14.2,,10,,18.3,,0,,0,,0,,,,,,,,0,,3.8,,,,,
-52.7,47.56666666666667,ST JOHN'S,8403500,8403500.1935.6.21,1935-06-21 00:00:00,NL,1935,6,21,14.2,,10.6,,17.8,,0,,0,,0,,,,,,,,0,,3.8,,,,,
-52.7,47.56666666666667,ST JOHN'S,8403500,8403500.1935.6.22,1935-06-22 00:00:00,NL,1935,6,22,13.9,,6.7,,21.1,,0,,0,,0,,,,,,,,0,,4.1,,,,,
-52.7,47.56666666666667,ST JOHN'S,8403500,8403500.1935.6.23,1935-06-23 00:00:00,NL,1935,6,23,16.7,,11.1,,22.2,,18.5,,18.5,,0,,,,,,,,0,,1.3,,,,,
-52.7,47.56666666666667,ST JOHN'S,8403500,8403500.1935.6.24,1935-06-24 00:00:00,NL,1935,6,24,17.8,,13.3,,22.2,,4.6,,4.6,,0,,,,,,,,0,,0.2,,,,,
-52.7,47.56666666666667,ST JOHN'S,8403500,8403500.1935.6.25,1935-06-25 00:00:00,NL,1935,6,25,13.1,,7.8,,18.3,,7.1,,7.1,,0,,,,,,,,0,,4.9,,,,,
-52.7,47.56666666666667,ST JOHN'S,8403500,8403500.1935.6.26,1935-06-26 00:00:00,NL,1935,6,26,8.7,,6.7,,10.6,,12.4,,12.4,,0,,,,,,,,0,,9.3,,,,,
-52.7,47.56666666666667,ST JOHN'S,8403500,8403500.1935.6.27,1935-06-27 00:00:00,NL,1935,6,27,11.1,,7.2,,15,,0,,0,,0,,,,,,,,0,,6.9,,,,,
-52.7,47.56666666666667,ST JOHN'S,8403500,8403500.1935.6.28,1935-06-28 00:00:00,NL,1935,6,28,15,,8.9,,21.1,,0,,0,,0,,,,,,,,0,,3,,,,,
-52.7,47.56666666666667,ST JOHN'S,8403500,8403500.1935.6.29,1935-06-29 00:00:00,NL,1935,6,29,15.8,,8.3,,23.3,,0,,0,,0,,,,,,,,0,,2.2,,,,,
-52.7,47.56666666666667,ST JOHN'S,8403500,8403500.1935.6.30,1935-06-30 00:00:00,NL,1935,6,30,18.6,,12.8,,24.4,,1,,1,,0,,,,,,,,0.6,,0,,,,,
-52.7,47.56666666666667,ST JOHN'S,8403500,8403500.1935.7.1,1935-07-01 00:00:00,NL,1935,7,1,18.3,,14.4,,22.2,,0,T,0,T,0,,,,,,,,0.3,,0,,,,,
-52.7,47.56666666666667,ST JOHN'S,8403500,8403500.1935.7.2,1935-07-02 00:00:00,NL,1935,7,2,13.9,,8.9,,18.9,,1,,1,,0,,,,,,,,0,,4.1,,,,,
-52.7,47.56666666666667,ST JOHN'S,8403500,8403500.1935.7.3,1935-07-03 00:00:00,NL,1935,7,3,12.8,,8.3,,17.2,,0,,0,,0,,,,,,,,0,,5.2,,,,,
-52.7,47.56666666666667,ST JOHN'S,8403500,8403500.1935.7.4,1935-07-04 00:00:00,NL,1935,7,4,16.7,,8.9,,24.4,,0.5,,0.5,,0,,,,,,,,0,,1.3,,,,,
-52.7,47.56666666666667,ST JOHN'S,8403500,8403500.1935.7.5,1935-07-05 00:00:00,NL,1935,7,5,10.6,,6.7,,14.4,,3.8,,3.8,,0,,,,,,,,0,,7.4,,,,,
-52.7,47.56666666666667,ST JOHN'S,8403500,8403500.1935.7.6,1935-07-06 00:00:00,NL,1935,7,6,8.9,,6.7,,11.1,,0.3,,0.3,,0,,,,,,,,0,,9.1,,,,,
-52.7,47.56666666666667,ST JOHN'S,8403500,8403500.1935.7.7,1935-07-07 00:00:00,NL,1935,7,7,10.3,,7.2,,13.3,,0,,0,,0,,,,,,,,0,,7.7,,,,,
-52.7,47.56666666666667,ST JOHN'S,8403500,8403500.1935.7.8,1935-07-08 00:00:00,NL,1935,7,8,13.7,,6.7,,20.6,,0,T,0,T,0,,,,,,,,0,,4.3,,,,,
-52.7,47.56666666666667,ST JOHN'S,8403500,8403500.1935.7.9,1935-07-09 00:00:00,NL,1935,7,9,12.8,,8.9,,16.7,,15.2,,15.2,,0,,,,,,,,0,,5.2,,,,,
-52.7,47.56666666666667,ST JOHN'S,8403500,8403500.1935.7.10,1935-07-10 00:00:00,NL,1935,7,10,12.5,,8.3,,16.7,,2.3,,2.3,,0,,,,,,,,0,,5.5,,,,,
-52.7,47.56666666666667,ST JOHN'S,8403500,8403500.1935.7.11,1935-07-11 00:00:00,NL,1935,7,11,11.7,,4.4,,18.9,,0,T,0,T,0,,,,,,,,0,,6.3,,,,,
-52.7,47.56666666666667,ST JOHN'S,8403500,8403500.1935.7.12,1935-07-12 00:00:00,NL,1935,7,12,15.9,,10.6,,21.1,,3.6,,3.6,,0,,,,,,,,0,,2.1,,,,,
-52.7,47.56666666666667,ST JOHN'S,8403500,8403500.1935.7.13,1935-07-13 00:00:00,NL,1935,7,13,17.5,,13.9,,21.1,,2,,2,,0,,,,,,,,0,,0.5,,,,,
-52.7,47.56666666666667,ST JOHN'S,8403500,8403500.1935.7.14,1935-07-14 00:00:00,NL,1935,7,14,17.5,,12.2,,22.8,,0,,0,,0,,,,,,,,0,,0.5,,,,,
-52.7,47.56666666666667,ST JOHN'S,8403500,8403500.1935.7.15,1935-07-15 00:00:00,NL,1935,7,15,20,,11.1,,28.9,,0,,0,,0,,,,,,,,2,,0,,,,,
-52.7,47.56666666666667,ST JOHN'S,8403500,8403500.1935.7.16,1935-07-16 00:00:00,NL,1935,7,16,21.7,,16.1,,27.2,,0,,0,,0,,,,,,,,3.7,,0,,,,,
-52.7,47.56666666666667,ST JOHN'S,8403500,8403500.1935.7.17,1935-07-17 00:00:00,NL,1935,7,17,23.4,,20,,26.7,,0,,0,,0,,,,,,,,5.4,,0,,,,,
-52.7,47.56666666666667,ST JOHN'S,8403500,8403500.1935.7.18,1935-07-18 00:00:00,NL,1935,7,18,21.4,,16.1,,26.7,,0,,0,,0,,,,,,,,3.4,,0,,,,,
-52.7,47.56666666666667,ST JOHN'S,8403500,8403500.1935.7.19,1935-07-19 00:00:00,NL,1935,7,19,20,,16.1,,23.9,,1.3,,1.3,,0,,,,,,,,2,,0,,,,,
-52.7,47.56666666666667,ST JOHN'S,8403500,8403500.1935.7.20,1935-07-20 00:00:00,NL,1935,7,20,13.7,,10.6,,16.7,,0,T,0,T,0,,,,,,,,0,,4.3,,,,,
-52.7,47.56666666666667,ST JOHN'S,8403500,8403500.1935.7.21,1935-07-21 00:00:00,NL,1935,7,21,12.8,,5,,20.6,,0,,0,,0,,,,,,,,0,,5.2,,,,,
-52.7,47.56666666666667,ST JOHN'S,8403500,8403500.1935.7.22,1935-07-22 00:00:00,NL,1935,7,22,16.1,,10,,22.2,,0,,0,,0,,,,,,,,0,,1.9,,,,,
-52.7,47.56666666666667,ST JOHN'S,8403500,8403500.1935.7.23,1935-07-23 00:00:00,NL,1935,7,23,18.9,,14.4,,23.3,,3.3,,3.3,,0,,,,,,,,0.9,,0,,,,,
-52.7,47.56666666666667,ST JOHN'S,8403500,8403500.1935.7.24,1935-07-24 00:00:00,NL,1935,7,24,20.3,,17.8,,22.8,,5.3,,5.3,,0,,,,,,,,2.3,,0,,,,,
-52.7,47.56666666666667,ST JOHN'S,8403500,8403500.1935.7.25,1935-07-25 00:00:00,NL,1935,7,25,22,,16.1,,27.8,,0.3,,0.3,,0,,,,,,,,4,,0,,,,,
-52.7,47.56666666666667,ST JOHN'S,8403500,8403500.1935.7.26,1935-07-26 00:00:00,NL,1935,7,26,15.8,,14.4,,17.2,,6.4,,6.4,,0,,,,,,,,0,,2.2,,,,,
-52.7,47.56666666666667,ST JOHN'S,8403500,8403500.1935.7.27,1935-07-27 00:00:00,NL,1935,7,27,9.5,,5.6,,13.3,,0,T,0,T,0,,,,,,,,0,,8.5,,,,,
-52.7,47.56666666666667,ST JOHN'S,8403500,8403500.1935.7.28,1935-07-28 00:00:00,NL,1935,7,28,13.9,,8.9,,18.9,,1,,1,,0,,,,,,,,0,,4.1,,,,,
-52.7,47.56666666666667,ST JOHN'S,8403500,8403500.1935.7.29,1935-07-29 00:00:00,NL,1935,7,29,17.5,,10.6,,24.4,,0,,0,,0,,,,,,,,0,,0.5,,,,,
-52.7,47.56666666666667,ST JOHN'S,8403500,8403500.1935.7.30,1935-07-30 00:00:00,NL,1935,7,30,14.7,,12.2,,17.2,,1.3,,1.3,,0,,,,,,,,0,,3.3,,,,,
-52.7,47.56666666666667,ST JOHN'S,8403500,8403500.1935.7.31,1935-07-31 00:00:00,NL,1935,7,31,17,,11.7,,22.2,,0.3,,0.3,,0,,,,,,,,0,,1,,,,,
-52.7,47.56666666666667,ST JOHN'S,8403500,8403500.1935.8.1,1935-08-01 00:00:00,NL,1935,8,1,18.3,,14.4,,22.2,,21.1,,21.1,,0,,,,,,,,0.3,,0,,,,,
-52.7,47.56666666666667,ST JOHN'S,8403500,8403500.1935.8.2,1935-08-02 00:00:00,NL,1935,8,2,18.9,,13.9,,23.9,,3,,3,,0,,,,,,,,0.9,,0,,,,,
-52.7,47.56666666666667,ST JOHN'S,8403500,8403500.1935.8.3,1935-08-03 00:00:00,NL,1935,8,3,17.5,,14.4,,20.6,,0,,0,,0,,,,,,,,0,,0.5,,,,,
-52.7,47.56666666666667,ST JOHN'S,8403500,8403500.1935.8.4,1935-08-04 00:00:00,NL,1935,8,4,14.5,,12.2,,16.7,,0,,0,,0,,,,,,,,0,,3.5,,,,,
-52.7,47.56666666666667,ST JOHN'S,8403500,8403500.1935.8.5,1935-08-05 00:00:00,NL,1935,8,5,13.6,,10,,17.2,,0,,0,,0,,,,,,,,0,,4.4,,,,,
-52.7,47.56666666666667,ST JOHN'S,8403500,8403500.1935.8.6,1935-08-06 00:00:00,NL,1935,8,6,14.4,,9.4,,19.4,,14.2,,14.2,,0,,,,,,,,0,,3.6,,,,,
-52.7,47.56666666666667,ST JOHN'S,8403500,8403500.1935.8.7,1935-08-07 00:00:00,NL,1935,8,7,17.5,,12.2,,22.8,,9.4,,9.4,,0,,,,,,,,0,,0.5,,,,,
-52.7,47.56666666666667,ST JOHN'S,8403500,8403500.1935.8.8,1935-08-08 00:00:00,NL,1935,8,8,11.7,,10.6,,12.8,,0.8,,0.8,,0,,,,,,,,0,,6.3,,,,,
-52.7,47.56666666666667,ST JOHN'S,8403500,8403500.1935.8.9,1935-08-09 00:00:00,NL,1935,8,9,12,,8.9,,15,,0,,0,,0,,,,,,,,0,,6,,,,,
-52.7,47.56666666666667,ST JOHN'S,8403500,8403500.1935.8.10,1935-08-10 00:00:00,NL,1935,8,10,10.3,,8.3,,12.2,,3.3,,3.3,,0,,,,,,,,0,,7.7,,,,,
-52.7,47.56666666666667,ST JOHN'S,8403500,8403500.1935.8.11,1935-08-11 00:00:00,NL,1935,8,11,12.3,,10.6,,13.9,,13.7,,13.7,,0,,,,,,,,0,,5.7,,,,,
-52.7,47.56666666666667,ST JOHN'S,8403500,8403500.1935.8.12,1935-08-12 00:00:00,NL,1935,8,12,16.4,,11.7,,21.1,,0,,0,,0,,,,,,,,0,,1.6,,,,,
-52.7,47.56666666666667,ST JOHN'S,8403500,8403500.1935.8.13,1935-08-13 00:00:00,NL,1935,8,13,19.5,,15,,23.9,,0,,0,,0,,,,,,,,1.5,,0,,,,,
-52.7,47.56666666666667,ST JOHN'S,8403500,8403500.1935.8.14,1935-08-14 00:00:00,NL,1935,8,14,19.8,,16.7,,22.8,,0.5,,0.5,,0,,,,,,,,1.8,,0,,,,,
-52.7,47.56666666666667,ST JOHN'S,8403500,8403500.1935.8.15,1935-08-15 00:00:00,NL,1935,8,15,20.6,,16.1,,25,,0,,0,,0,,,,,,,,2.6,,0,,,,,
-52.7,47.56666666666667,ST JOHN'S,8403500,8403500.1935.8.16,1935-08-16 00:00:00,NL,1935,8,16,19.2,,13.3,,25,,0,,0,,0,,,,,,,,1.2,,0,,,,,
-52.7,47.56666666666667,ST JOHN'S,8403500,8403500.1935.8.17,1935-08-17 00:00:00,NL,1935,8,17,14.8,,10.6,,18.9,,0,,0,,0,,,,,,,,0,,3.2,,,,,
-52.7,47.56666666666667,ST JOHN'S,8403500,8403500.1935.8.18,1935-08-18 00:00:00,NL,1935,8,18,14.7,,10,,19.4,,0,,0,,0,,,,,,,,0,,3.3,,,,,
-52.7,47.56666666666667,ST JOHN'S,8403500,8403500.1935.8.19,1935-08-19 00:00:00,NL,1935,8,19,17.5,,11.1,,23.9,,0,,0,,0,,,,,,,,0,,0.5,,,,,
-52.7,47.56666666666667,ST JOHN'S,8403500,8403500.1935.8.20,1935-08-20 00:00:00,NL,1935,8,20,22,,12.2,,31.7,,0,,0,,0,,,,,,,,4,,0,,,,,
-52.7,47.56666666666667,ST JOHN'S,8403500,8403500.1935.8.21,1935-08-21 00:00:00,NL,1935,8,21,15.3,,11.1,,19.4,,0,,0,,0,,,,,,,,0,,2.7,,,,,
-52.7,47.56666666666667,ST JOHN'S,8403500,8403500.1935.8.22,1935-08-22 00:00:00,NL,1935,8,22,19.5,,13.3,,25.6,,0,,0,,0,,,,,,,,1.5,,0,,,,,
-52.7,47.56666666666667,ST JOHN'S,8403500,8403500.1935.8.23,1935-08-23 00:00:00,NL,1935,8,23,20.9,,16.1,,25.6,,0,T,0,T,0,,,,,,,,2.9,,0,,,,,
-52.7,47.56666666666667,ST JOHN'S,8403500,8403500.1935.8.24,1935-08-24 00:00:00,NL,1935,8,24,16.7,,15.6,,17.8,,16.3,,16.3,,0,,,,,,,,0,,1.3,,,,,
-52.7,47.56666666666667,ST JOHN'S,8403500,8403500.1935.8.25,1935-08-25 00:00:00,NL,1935,8,25,17.2,,13.3,,21.1,,0,,0,,0,,,,,,,,0,,0.8,,,,,
-52.7,47.56666666666667,ST JOHN'S,8403500,8403500.1935.8.26,1935-08-26 00:00:00,NL,1935,8,26,17.8,,13.3,,22.2,,0,,0,,0,,,,,,,,0,,0.2,,,,,
-52.7,47.56666666666667,ST JOHN'S,8403500,8403500.1935.8.27,1935-08-27 00:00:00,NL,1935,8,27,16.4,,10.6,,22.2,,0,,0,,0,,,,,,,,0,,1.6,,,,,
-52.7,47.56666666666667,ST JOHN'S,8403500,8403500.1935.8.28,1935-08-28 00:00:00,NL,1935,8,28,18.9,,14.4,,23.3,,0,,0,,0,,,,,,,,0.9,,0,,,,,
-52.7,47.56666666666667,ST JOHN'S,8403500,8403500.1935.8.29,1935-08-29 00:00:00,NL,1935,8,29,17.8,,13.9,,21.7,,3,,3,,0,,,,,,,,0,,0.2,,,,,
-52.7,47.56666666666667,ST JOHN'S,8403500,8403500.1935.8.30,1935-08-30 00:00:00,NL,1935,8,30,15.9,,11.1,,20.6,,2.8,,2.8,,0,,,,,,,,0,,2.1,,,,,
-52.7,47.56666666666667,ST JOHN'S,8403500,8403500.1935.8.31,1935-08-31 00:00:00,NL,1935,8,31,14.2,,11.1,,17.2,,2.5,,2.5,,0,,,,,,,,0,,3.8,,,,,
-52.7,47.56666666666667,ST JOHN'S,8403500,8403500.1935.9.1,1935-09-01 00:00:00,NL,1935,9,1,16.4,,12.2,,20.6,,0,,0,,0,,,,,,,,0,,1.6,,,,,
-52.7,47.56666666666667,ST JOHN'S,8403500,8403500.1935.9.2,1935-09-02 00:00:00,NL,1935,9,2,12.5,,9.4,,15.6,,0,,0,,0,,,,,,,,0,,5.5,,,,,
-52.7,47.56666666666667,ST JOHN'S,8403500,8403500.1935.9.3,1935-09-03 00:00:00,NL,1935,9,3,14.2,,10.6,,17.8,,1.5,,1.5,,0,,,,,,,,0,,3.8,,,,,
-52.7,47.56666666666667,ST JOHN'S,8403500,8403500.1935.9.4,1935-09-04 00:00:00,NL,1935,9,4,10.8,,7.2,,14.4,,4.1,,4.1,,0,,,,,,,,0,,7.2,,,,,
-52.7,47.56666666666667,ST JOHN'S,8403500,8403500.1935.9.5,1935-09-05 00:00:00,NL,1935,9,5,8.6,,6.1,,11.1,,0.5,,0.5,,0,,,,,,,,0,,9.4,,,,,
-52.7,47.56666666666667,ST JOHN'S,8403500,8403500.1935.9.6,1935-09-06 00:00:00,NL,1935,9,6,7.5,,3.3,,11.7,,24.1,,24.1,,0,,,,,,,,0,,10.5,,,,,
-52.7,47.56666666666667,ST JOHN'S,8403500,8403500.1935.9.7,1935-09-07 00:00:00,NL,1935,9,7,10.8,,9.4,,12.2,,2.5,,2.5,,0,,,,,,,,0,,7.2,,,,,
-52.7,47.56666666666667,ST JOHN'S,8403500,8403500.1935.9.8,1935-09-08 00:00:00,NL,1935,9,8,11.7,,7.2,,16.1,,5.1,,5.1,,0,,,,,,,,0,,6.3,,,,,
-52.7,47.56666666666667,ST JOHN'S,8403500,8403500.1935.9.9,1935-09-09 00:00:00,NL,1935,9,9,13.9,,10,,17.8,,0.3,,0.3,,0,,,,,,,,0,,4.1,,,,,
-52.7,47.56666666666667,ST JOHN'S,8403500,8403500.1935.9.10,1935-09-10 00:00:00,NL,1935,9,10,11.1,,8.3,,13.9,,31.5,,31.5,,0,,,,,,,,0,,6.9,,,,,
-52.7,47.56666666666667,ST JOHN'S,8403500,8403500.1935.9.11,1935-09-11 00:00:00,NL,1935,9,11,11.7,,7.2,,16.1,,0,,0,,0,,,,,,,,0,,6.3,,,,,
-52.7,47.56666666666667,ST JOHN'S,8403500,8403500.1935.9.12,1935-09-12 00:00:00,NL,1935,9,12,12.5,,8.9,,16.1,,3.3,,3.3,,0,,,,,,,,0,,5.5,,,,,
-52.7,47.56666666666667,ST JOHN'S,8403500,8403500.1935.9.13,1935-09-13 00:00:00,NL,1935,9,13,12.5,,9.4,,15.6,,0,,0,,0,,,,,,,,0,,5.5,,,,,
-52.7,47.56666666666667,ST JOHN'S,8403500,8403500.1935.9.14,1935-09-14 00:00:00,NL,1935,9,14,12.5,,9.4,,15.6,,0,T,0,T,0,,,,,,,,0,,5.5,,,,,
-52.7,47.56666666666667,ST JOHN'S,8403500,8403500.1935.9.15,1935-09-15 00:00:00,NL,1935,9,15,11.7,,7.8,,15.6,,0,,0,,0,,,,,,,,0,,6.3,,,,,
-52.7,47.56666666666667,ST JOHN'S,8403500,8403500.1935.9.16,1935-09-16 00:00:00,NL,1935,9,16,9.5,,7.8,,11.1,,38.1,,38.1,,0,,,,,,,,0,,8.5,,,,,
-52.7,47.56666666666667,ST JOHN'S,8403500,8403500.1935.9.17,1935-09-17 00:00:00,NL,1935,9,17,7.8,,6.7,,8.9,,23.4,,23.4,,0,,,,,,,,0,,10.2,,,,,
-52.7,47.56666666666667,ST JOHN'S,8403500,8403500.1935.9.18,1935-09-18 00:00:00,NL,1935,9,18,7.8,,5.6,,10,,0,,0,,0,,,,,,,,0,,10.2,,,,,
-52.7,47.56666666666667,ST JOHN'S,8403500,8403500.1935.9.19,1935-09-19 00:00:00,NL,1935,9,19,9.2,,3.9,,14.4,,1.8,,1.8,,0,,,,,,,,0,,8.8,,,,,
-52.7,47.56666666666667,ST JOHN'S,8403500,8403500.1935.9.20,1935-09-20 00:00:00,NL,1935,9,20,11.7,,9.4,,13.9,,20.8,,20.8,,0,,,,,,,,0,,6.3,,,,,
-52.7,47.56666666666667,ST JOHN'S,8403500,8403500.1935.9.21,1935-09-21 00:00:00,NL,1935,9,21,10.3,,9.4,,11.1,,2,,2,,0,,,,,,,,0,,7.7,,,,,
-52.7,47.56666666666667,ST JOHN'S,8403500,8403500.1935.9.22,1935-09-22 00:00:00,NL,1935,9,22,11.7,,9.4,,13.9,,0,T,0,T,0,,,,,,,,0,,6.3,,,,,
-52.7,47.56666666666667,ST JOHN'S,8403500,8403500.1935.9.23,1935-09-23 00:00:00,NL,1935,9,23,9.7,,7.2,,12.2,,9.7,,9.7,,0,,,,,,,,0,,8.3,,,,,
-52.7,47.56666666666667,ST JOHN'S,8403500,8403500.1935.9.24,1935-09-24 00:00:00,NL,1935,9,24,8.6,,7.2,,10,,2.5,,2.5,,0,,,,,,,,0,,9.4,,,,,
-52.7,47.56666666666667,ST JOHN'S,8403500,8403500.1935.9.25,1935-09-25 00:00:00,NL,1935,9,25,8.6,,6.1,,11.1,,0,,0,,0,,,,,,,,0,,9.4,,,,,
-52.7,47.56666666666667,ST JOHN'S,8403500,8403500.1935.9.26,1935-09-26 00:00:00,NL,1935,9,26,10.3,,6.1,,14.4,,3.6,,3.6,,0,,,,,,,,0,,7.7,,,,,
-52.7,47.56666666666667,ST JOHN'S,8403500,8403500.1935.9.27,1935-09-27 00:00:00,NL,1935,9,27,16.1,,12.2,,20,,0,,0,,0,,,,,,,,0,,1.9,,,,,
-52.7,47.56666666666667,ST JOHN'S,8403500,8403500.1935.9.28,1935-09-28 00:00:00,NL,1935,9,28,10,,8.9,,11.1,,16.8,,16.8,,0,,,,,,,,0,,8,,,,,
-52.7,47.56666666666667,ST JOHN'S,8403500,8403500.1935.9.29,1935-09-29 00:00:00,NL,1935,9,29,12.8,,6.7,,18.9,,31,,31,,0,,,,,,,,0,,5.2,,,,,
-52.7,47.56666666666667,ST JOHN'S,8403500,8403500.1935.9.30,1935-09-30 00:00:00,NL,1935,9,30,13.1,,9.4,,16.7,,0.5,,0.5,,0,,,,,,,,0,,4.9,,,,,
-52.7,47.56666666666667,ST JOHN'S,8403500,8403500.1935.10.1,1935-10-01 00:00:00,NL,1935,10,1,10,,5,,15,,28.4,,28.4,,0,,,,,,,,0,,8,,,,,
-52.7,47.56666666666667,ST JOHN'S,8403500,8403500.1935.10.2,1935-10-02 00:00:00,NL,1935,10,2,11.7,,7.8,,15.6,,0,,0,,0,,,,,,,,0,,6.3,,,,,
-52.7,47.56666666666667,ST JOHN'S,8403500,8403500.1935.10.3,1935-10-03 00:00:00,NL,1935,10,3,13.9,,10.6,,17.2,,0,,0,,0,,,,,,,,0,,4.1,,,,,
-52.7,47.56666666666667,ST JOHN'S,8403500,8403500.1935.10.4,1935-10-04 00:00:00,NL,1935,10,4,15.9,,10,,21.7,,2.3,,2.3,,0,,,,,,,,0,,2.1,,,,,
-52.7,47.56666666666667,ST JOHN'S,8403500,8403500.1935.10.5,1935-10-05 00:00:00,NL,1935,10,5,13.4,,10,,16.7,,2,,2,,0,,,,,,,,0,,4.6,,,,,
-52.7,47.56666666666667,ST JOHN'S,8403500,8403500.1935.10.6,1935-10-06 00:00:00,NL,1935,10,6,10.8,,7.2,,14.4,,0.3,,0.3,,0,,,,,,,,0,,7.2,,,,,
-52.7,47.56666666666667,ST JOHN'S,8403500,8403500.1935.10.7,1935-10-07 00:00:00,NL,1935,10,7,8.3,,7.2,,9.4,,13.5,,13.5,,0,,,,,,,,0,,9.7,,,,,
-52.7,47.56666666666667,ST JOHN'S,8403500,8403500.1935.10.8,1935-10-08 00:00:00,NL,1935,10,8,4.5,,2.8,,6.1,,3.6,,3.6,,0,,,,,,,,0,,13.5,,,,,
-52.7,47.56666666666667,ST JOHN'S,8403500,8403500.1935.10.9,1935-10-09 00:00:00,NL,1935,10,9,6.2,,0.6,,11.7,,0,,0,,0,,,,,,,,0,,11.8,,,,,
-52.7,47.56666666666667,ST JOHN'S,8403500,8403500.1935.10.10,1935-10-10 00:00:00,NL,1935,10,10,5.3,,3.3,,7.2,,2.5,,2.5,,0,,,,,,,,0,,12.7,,,,,
-52.7,47.56666666666667,ST JOHN'S,8403500,8403500.1935.10.11,1935-10-11 00:00:00,NL,1935,10,11,10.3,,5,,15.6,,0,,0,,0,,,,,,,,0,,7.7,,,,,
-52.7,47.56666666666667,ST JOHN'S,8403500,8403500.1935.10.12,1935-10-12 00:00:00,NL,1935,10,12,11.1,,7.2,,15,,6.6,,6.6,,0,,,,,,,,0,,6.9,,,,,
-52.7,47.56666666666667,ST JOHN'S,8403500,8403500.1935.10.13,1935-10-13 00:00:00,NL,1935,10,13,5.9,,5,,6.7,,0,,0,,0,,,,,,,,0,,12.1,,,,,
-52.7,47.56666666666667,ST JOHN'S,8403500,8403500.1935.10.14,1935-10-14 00:00:00,NL,1935,10,14,7,,3.3,,10.6,,7.6,,7.6,,0,,,,,,,,0,,11,,,,,
-52.7,47.56666666666667,ST JOHN'S,8403500,8403500.1935.10.15,1935-10-15 00:00:00,NL,1935,10,15,9.2,,5.6,,12.8,,18,,18,,0,,,,,,,,0,,8.8,,,,,
-52.7,47.56666666666667,ST JOHN'S,8403500,8403500.1935.10.16,1935-10-16 00:00:00,NL,1935,10,16,3.6,,2.2,,5,,73.4,,73.4,,0,,,,,,,,0,,14.4,,,,,
-52.7,47.56666666666667,ST JOHN'S,8403500,8403500.1935.10.17,1935-10-17 00:00:00,NL,1935,10,17,4.2,,2.2,,6.1,,0.3,,0.3,,0,,,,,,,,0,,13.8,,,,,
-52.7,47.56666666666667,ST JOHN'S,8403500,8403500.1935.10.18,1935-10-18 00:00:00,NL,1935,10,18,6.1,,-0.6,,12.8,,28.7,,28.7,,0,,,,,,,,0,,11.9,,,,,
-52.7,47.56666666666667,ST JOHN'S,8403500,8403500.1935.10.19,1935-10-19 00:00:00,NL,1935,10,19,9.7,,6.1,,13.3,,9.7,,9.7,,0,,,,,,,,0,,8.3,,,,,
-52.7,47.56666666666667,ST JOHN'S,8403500,8403500.1935.10.20,1935-10-20 00:00:00,NL,1935,10,20,9.7,,7.2,,12.2,,0,T,0,T,0,,,,,,,,0,,8.3,,,,,
-52.7,47.56666666666667,ST JOHN'S,8403500,8403500.1935.10.21,1935-10-21 00:00:00,NL,1935,10,21,7.2,,5,,9.4,,0,,0,,0,,,,,,,,0,,10.8,,,,,
-52.7,47.56666666666667,ST JOHN'S,8403500,8403500.1935.10.22,1935-10-22 00:00:00,NL,1935,10,22,8.1,,2.2,,13.9,,0,T,0,T,0,,,,,,,,0,,9.9,,,,,
-52.7,47.56666666666667,ST JOHN'S,8403500,8403500.1935.10.23,1935-10-23 00:00:00,NL,1935,10,23,12.5,,8.9,,16.1,,8.6,,8.6,,0,,,,,,,,0,,5.5,,,,,
-52.7,47.56666666666667,ST JOHN'S,8403500,8403500.1935.10.24,1935-10-24 00:00:00,NL,1935,10,24,14.5,,11.1,,17.8,,6.1,,6.1,,0,,,,,,,,0,,3.5,,,,,
-52.7,47.56666666666667,ST JOHN'S,8403500,8403500.1935.10.25,1935-10-25 00:00:00,NL,1935,10,25,4.7,,4.4,,5,,1.3,,1.3,,0,,,,,,,,0,,13.3,,,,,
-52.7,47.56666666666667,ST JOHN'S,8403500,8403500.1935.10.26,1935-10-26 00:00:00,NL,1935,10,26,5,,2.2,,7.8,,0.5,,0.5,,0,,,,,,,,0,,13,,,,,
-52.7,47.56666666666667,ST JOHN'S,8403500,8403500.1935.10.27,1935-10-27 00:00:00,NL,1935,10,27,2.2,,0,,4.4,,0,T,0,T,0,T,,,,,,,0,,15.8,,,,,
-52.7,47.56666666666667,ST JOHN'S,8403500,8403500.1935.10.28,1935-10-28 00:00:00,NL,1935,10,28,3.9,,-1.1,,8.9,,0,,0,,0,,,,,,,,0,,14.1,,,,,
-52.7,47.56666666666667,ST JOHN'S,8403500,8403500.1935.10.29,1935-10-29 00:00:00,NL,1935,10,29,10,,5,,15,,0,,0,,0,,,,,,,,0,,8,,,,,
-52.7,47.56666666666667,ST JOHN'S,8403500,8403500.1935.10.30,1935-10-30 00:00:00,NL,1935,10,30,3.1,,0.6,,5.6,,0,T,0,T,0,,,,,,,,0,,14.9,,,,,
-52.7,47.56666666666667,ST JOHN'S,8403500,8403500.1935.10.31,1935-10-31 00:00:00,NL,1935,10,31,3.1,,-1.7,,7.8,,0.5,,0.5,,0,T,,,,,,,0,,14.9,,,,,
-52.7,47.56666666666667,ST JOHN'S,8403500,8403500.1935.11.1,1935-11-01 00:00:00,NL,1935,11,1,9.2,,6.7,,11.7,,0,,0,,0,,,,,,,,0,,8.8,,,,,
-52.7,47.56666666666667,ST JOHN'S,8403500,8403500.1935.11.2,1935-11-02 00:00:00,NL,1935,11,2,12.5,,7.8,,17.2,,0.3,,0.3,,0,,,,,,,,0,,5.5,,,,,
-52.7,47.56666666666667,ST JOHN'S,8403500,8403500.1935.11.3,1935-11-03 00:00:00,NL,1935,11,3,8.3,,3.3,,13.3,,10.7,,10.7,,0,,,,,,,,0,,9.7,,,,,
-52.7,47.56666666666667,ST JOHN'S,8403500,8403500.1935.11.4,1935-11-04 00:00:00,NL,1935,11,4,2.2,,1.1,,3.3,,0,,0,,0,,,,,,,,0,,15.8,,,,,
-52.7,47.56666666666667,ST JOHN'S,8403500,8403500.1935.11.5,1935-11-05 00:00:00,NL,1935,11,5,6.4,,1.7,,11.1,,0,,0,,0,,,,,,,,0,,11.6,,,,,
-52.7,47.56666666666667,ST JOHN'S,8403500,8403500.1935.11.6,1935-11-06 00:00:00,NL,1935,11,6,10,,4.4,,15.6,,0,,0,,0,,,,,,,,0,,8,,,,,
-52.7,47.56666666666667,ST JOHN'S,8403500,8403500.1935.11.7,1935-11-07 00:00:00,NL,1935,11,7,9.7,,4.4,,15,,6.6,,6.6,,0,,,,,,,,0,,8.3,,,,,
-52.7,47.56666666666667,ST JOHN'S,8403500,8403500.1935.11.8,1935-11-08 00:00:00,NL,1935,11,8,9.5,,3.3,,15.6,,8.1,,8.1,,0,,,,,,,,0,,8.5,,,,,
-52.7,47.56666666666667,ST JOHN'S,8403500,8403500.1935.11.9,1935-11-09 00:00:00,NL,1935,11,9,8.1,,3.9,,12.2,,0,,0,,0,,,,,,,,0,,9.9,,,,,
-52.7,47.56666666666667,ST JOHN'S,8403500,8403500.1935.11.10,1935-11-10 00:00:00,NL,1935,11,10,0,,-2.2,,2.2,,0,,0,,0,,,,,,,,0,,18,,,,,
-52.7,47.56666666666667,ST JOHN'S,8403500,8403500.1935.11.11,1935-11-11 00:00:00,NL,1935,11,11,0.6,,-5,,6.1,,0.3,,0.3,,0,,,,,,,,0,,17.4,,,,,
-52.7,47.56666666666667,ST JOHN'S,8403500,8403500.1935.11.12,1935-11-12 00:00:00,NL,1935,11,12,5.6,,1.1,,10,,0,,0,,0,,,,,,,,0,,12.4,,,,,
-52.7,47.56666666666667,ST JOHN'S,8403500,8403500.1935.11.13,1935-11-13 00:00:00,NL,1935,11,13,2.5,,1.7,,3.3,,1.8,,1.8,,0,,,,,,,,0,,15.5,,,,,
-52.7,47.56666666666667,ST JOHN'S,8403500,8403500.1935.11.14,1935-11-14 00:00:00,NL,1935,11,14,2.5,,1.7,,3.3,,8.4,,8.4,,0,,,,,,,,0,,15.5,,,,,
-52.7,47.56666666666667,ST JOHN'S,8403500,8403500.1935.11.15,1935-11-15 00:00:00,NL,1935,11,15,3.1,,1.7,,4.4,,0,,0,,0,,,,,,,,0,,14.9,,,,,
-52.7,47.56666666666667,ST JOHN'S,8403500,8403500.1935.11.16,1935-11-16 00:00:00,NL,1935,11,16,0.8,,-0.6,,2.2,,0.5,,0,,0.5,,,,,,,,0,,17.2,,,,,
-52.7,47.56666666666667,ST JOHN'S,8403500,8403500.1935.11.17,1935-11-17 00:00:00,NL,1935,11,17,-5.6,,-7.2,,-3.9,,0,,0,,0,,,,,,,,0,,23.6,,,,,
-52.7,47.56666666666667,ST JOHN'S,8403500,8403500.1935.11.18,1935-11-18 00:00:00,NL,1935,11,18,-1.4,,-9.4,,6.7,,25.1,,24.6,,0.5,,,,,,,,0,,19.4,,,,,
-52.7,47.56666666666667,ST JOHN'S,8403500,8403500.1935.11.19,1935-11-19 00:00:00,NL,1935,11,19,4.8,,0.6,,8.9,,6.1,,6.1,,0,,,,,,,,0,,13.2,,,,,
-52.7,47.56666666666667,ST JOHN'S,8403500,8403500.1935.11.20,1935-11-20 00:00:00,NL,1935,11,20,2.5,,1.7,,3.3,,0,T,0,T,0,T,,,,,,,0,,15.5,,,,,
-52.7,47.56666666666667,ST JOHN'S,8403500,8403500.1935.11.21,1935-11-21 00:00:00,NL,1935,11,21,5,,1.1,,8.9,,2.5,,2.5,,0,,,,,,,,0,,13,,,,,
-52.7,47.56666666666667,ST JOHN'S,8403500,8403500.1935.11.22,1935-11-22 00:00:00,NL,1935,11,22,7.8,,4.4,,11.1,,14.7,,14.7,,0,,,,,,,,0,,10.2,,,,,
-52.7,47.56666666666667,ST JOHN'S,8403500,8403500.1935.11.23,1935-11-23 00:00:00,NL,1935,11,23,9.7,,5,,14.4,,22.9,,22.9,,0,,,,,,,,0,,8.3,,,,,
-52.7,47.56666666666667,ST JOHN'S,8403500,8403500.1935.11.24,1935-11-24 00:00:00,NL,1935,11,24,0.9,,-1.1,,2.8,,0,,0,,0,,,,,,,,0,,17.1,,,,,
-52.7,47.56666666666667,ST JOHN'S,8403500,8403500.1935.11.25,1935-11-25 00:00:00,NL,1935,11,25,1.4,,-1.7,,4.4,,25.1,,25.1,,0,,,,,,,,0,,16.6,,,,,
-52.7,47.56666666666667,ST JOHN'S,8403500,8403500.1935.11.26,1935-11-26 00:00:00,NL,1935,11,26,2,,0,,3.9,,12.2,,11.2,,1,,,,,,,,0,,16,,,,,
-52.7,47.56666666666667,ST JOHN'S,8403500,8403500.1935.11.27,1935-11-27 00:00:00,NL,1935,11,27,0,,-2.2,,2.2,,0.5,,0,,0.5,,,,,,,,0,,18,,,,,
-52.7,47.56666666666667,ST JOHN'S,8403500,8403500.1935.11.28,1935-11-28 00:00:00,NL,1935,11,28,4.2,,-0.6,,8.9,,0.8,,0.8,,0,,,,,,,,0,,13.8,,,,,
-52.7,47.56666666666667,ST JOHN'S,8403500,8403500.1935.11.29,1935-11-29 00:00:00,NL,1935,11,29,7.8,,1.1,,14.4,,1.8,,1.8,,0,,,,,,,,0,,10.2,,,,,
-52.7,47.56666666666667,ST JOHN'S,8403500,8403500.1935.11.30,1935-11-30 00:00:00,NL,1935,11,30,6.4,,1.7,,11.1,,2.5,,2.5,,0,,,,,,,,0,,11.6,,,,,
-52.7,47.56666666666667,ST JOHN'S,8403500,8403500.1935.12.1,1935-12-01 00:00:00,NL,1935,12,1,2.5,,1.7,,3.3,,0,,0,,0,,,,,,,,0,,15.5,,,,,
-52.7,47.56666666666667,ST JOHN'S,8403500,8403500.1935.12.2,1935-12-02 00:00:00,NL,1935,12,2,3.1,,0.6,,5.6,,6.1,,6.1,,0,,,,,,,,0,,14.9,,,,,
-52.7,47.56666666666667,ST JOHN'S,8403500,8403500.1935.12.3,1935-12-03 00:00:00,NL,1935,12,3,7.8,,4.4,,11.1,,5.6,,5.6,,0,,,,,,,,0,,10.2,,,,,
-52.7,47.56666666666667,ST JOHN'S,8403500,8403500.1935.12.4,1935-12-04 00:00:00,NL,1935,12,4,2.5,,0.6,,4.4,,22.6,,17,,5.6,,,,,,,,0,,15.5,,,,,
-52.7,47.56666666666667,ST JOHN'S,8403500,8403500.1935.12.5,1935-12-05 00:00:00,NL,1935,12,5,2.8,,-2.2,,7.8,,5.8,,4.8,,1,,,,,,,,0,,15.2,,,,,
-52.7,47.56666666666667,ST JOHN'S,8403500,8403500.1935.12.6,1935-12-06 00:00:00,NL,1935,12,6,-2.8,,-4.4,,-1.1,,3.6,,0,,3.6,,,,,,,,0,,20.8,,,,,
-52.7,47.56666666666667,ST JOHN'S,8403500,8403500.1935.12.7,1935-12-07 00:00:00,NL,1935,12,7,-3.1,,-5,,-1.1,,9.4,,0,,9.4,,,,,,,,0,,21.1,,,,,
-52.7,47.56666666666667,ST JOHN'S,8403500,8403500.1935.12.8,1935-12-08 00:00:00,NL,1935,12,8,-6.9,,-9.4,,-4.4,,0,,0,,0,,,,,,,,0,,24.9,,,,,
-52.7,47.56666666666667,ST JOHN'S,8403500,8403500.1935.12.9,1935-12-09 00:00:00,NL,1935,12,9,-3.4,,-7.8,,1.1,,0,,0,,0,,,,,,,,0,,21.4,,,,,
-52.7,47.56666666666667,ST JOHN'S,8403500,8403500.1935.12.10,1935-12-10 00:00:00,NL,1935,12,10,-3.4,,-10,,3.3,,18.3,,17.3,,1,,,,,,,,0,,21.4,,,,,
-52.7,47.56666666666667,ST JOHN'S,8403500,8403500.1935.12.11,1935-12-11 00:00:00,NL,1935,12,11,2.3,,0.6,,3.9,,3.8,,3.3,,0.5,,,,,,,,0,,15.7,,,,,
-52.7,47.56666666666667,ST JOHN'S,8403500,8403500.1935.12.12,1935-12-12 00:00:00,NL,1935,12,12,2.2,,0,,4.4,,45.5,,45.5,,0,,,,,,,,0,,15.8,,,,,
-52.7,47.56666666666667,ST JOHN'S,8403500,8403500.1935.12.13,1935-12-13 00:00:00,NL,1935,12,13,3.6,,2.8,,4.4,,10.7,,10.7,,0,,,,,,,,0,,14.4,,,,,
-52.7,47.56666666666667,ST JOHN'S,8403500,8403500.1935.12.14,1935-12-14 00:00:00,NL,1935,12,14,2,,1.1,,2.8,,0.8,,0.5,,0.3,,,,,,,,0,,16,,,,,
-52.7,47.56666666666667,ST JOHN'S,8403500,8403500.1935.12.15,1935-12-15 00:00:00,NL,1935,12,15,1.2,,0.6,,1.7,,1,,0,,1,,,,,,,,0,,16.8,,,,,
-52.7,47.56666666666667,ST JOHN'S,8403500,8403500.1935.12.16,1935-12-16 00:00:00,NL,1935,12,16,0.6,,-1.7,,2.8,,3.8,,3.8,,0,,,,,,,,0,,17.4,,,,,
-52.7,47.56666666666667,ST JOHN'S,8403500,8403500.1935.12.17,1935-12-17 00:00:00,NL,1935,12,17,2.8,,-2.2,,7.8,,0.5,,0.5,,0,,,,,,,,0,,15.2,,,,,
-52.7,47.56666666666667,ST JOHN'S,8403500,8403500.1935.12.18,1935-12-18 00:00:00,NL,1935,12,18,2.5,,0.6,,4.4,,0.5,,0,,0.5,,,,,,,,0,,15.5,,,,,
-52.7,47.56666666666667,ST JOHN'S,8403500,8403500.1935.12.19,1935-12-19 00:00:00,NL,1935,12,19,0.6,,0,,1.1,,0.3,,0,,0.3,,,,,,,,0,,17.4,,,,,
-52.7,47.56666666666667,ST JOHN'S,8403500,8403500.1935.12.20,1935-12-20 00:00:00,NL,1935,12,20,2.2,,0,,4.4,,19.1,,19.1,,0,,,,,,,,0,,15.8,,,,,
-52.7,47.56666666666667,ST JOHN'S,8403500,8403500.1935.12.21,1935-12-21 00:00:00,NL,1935,12,21,2.8,,0.6,,5,,1,,1,,0,,,,,,,,0,,15.2,,,,,
-52.7,47.56666666666667,ST JOHN'S,8403500,8403500.1935.12.22,1935-12-22 00:00:00,NL,1935,12,22,-1.7,,-3.3,,0,,2.3,,0,,2.3,,,,,,,,0,,19.7,,,,,
-52.7,47.56666666666667,ST JOHN'S,8403500,8403500.1935.12.23,1935-12-23 00:00:00,NL,1935,12,23,0,,-1.1,,1.1,,0.5,,0,,0.5,,,,,,,,0,,18,,,,,
-52.7,47.56666666666667,ST JOHN'S,8403500,8403500.1935.12.24,1935-12-24 00:00:00,NL,1935,12,24,0,,-1.1,,1.1,,21.1,,15,,6.1,,,,,,,,0,,18,,,,,
-52.7,47.56666666666667,ST JOHN'S,8403500,8403500.1935.12.25,1935-12-25 00:00:00,NL,1935,12,25,0.9,,0,,1.7,,6.4,,6.4,,0,,,,,,,,0,,17.1,,,,,
-52.7,47.56666666666667,ST JOHN'S,8403500,8403500.1935.12.26,1935-12-26 00:00:00,NL,1935,12,26,0,,-1.1,,1.1,,6.6,,0,,6.6,,,,,,,,0,,18,,,,,
-52.7,47.56666666666667,ST JOHN'S,8403500,8403500.1935.12.27,1935-12-27 00:00:00,NL,1935,12,27,0.3,,-2.2,,2.8,,3,,0.5,,2.5,,,,,,,,0,,17.7,,,,,
-52.7,47.56666666666667,ST JOHN'S,8403500,8403500.1935.12.28,1935-12-28 00:00:00,NL,1935,12,28,-0.3,,-1.7,,1.1,,2,,0,,2,,,,,,,,0,,18.3,,,,,
-52.7,47.56666666666667,ST JOHN'S,8403500,8403500.1935.12.29,1935-12-29 00:00:00,NL,1935,12,29,-2.2,,-3.3,,-1.1,,1,,0,,1,,,,,,,,0,,20.2,,,,,
-52.7,47.56666666666667,ST JOHN'S,8403500,8403500.1935.12.30,1935-12-30 00:00:00,NL,1935,12,30,-3.9,,-6.1,,-1.7,,0,,0,,0,,,,,,,,0,,21.9,,,,,
-52.7,47.56666666666667,ST JOHN'S,8403500,8403500.1935.12.31,1935-12-31 00:00:00,NL,1935,12,31,-4.7,,-7.2,,-2.2,,0.8,,0.3,,0.5,,,,,,,,0,,22.7,,,,,
-52.7,47.56666666666667,ST JOHN'S,8403500,8403500.1936.1.1,1936-01-01 00:00:00,NL,1936,1,1,-5.9,,-8.9,,-2.8,,1,,0,,1,,,,,,,,0,,23.9,,,,,
-52.7,47.56666666666667,ST JOHN'S,8403500,8403500.1936.1.2,1936-01-02 00:00:00,NL,1936,1,2,-10.6,,-14.4,,-6.7,,0,,0,,0,,,,,,,,0,,28.6,,,,,
-52.7,47.56666666666667,ST JOHN'S,8403500,8403500.1936.1.3,1936-01-03 00:00:00,NL,1936,1,3,-5,,-11.7,,1.7,,11.7,,11.2,,0.5,,,,,,,,0,,23,,,,,
-52.7,47.56666666666667,ST JOHN'S,8403500,8403500.1936.1.4,1936-01-04 00:00:00,NL,1936,1,4,1.4,,-2.2,,5,,4.1,,4.1,,0,,,,,,,,0,,16.6,,,,,
-52.7,47.56666666666667,ST JOHN'S,8403500,8403500.1936.1.5,1936-01-05 00:00:00,NL,1936,1,5,1.7,,-0.6,,3.9,,6.1,,6.1,,0,,,,,,,,0,,16.3,,,,,
-52.7,47.56666666666667,ST JOHN'S,8403500,8403500.1936.1.6,1936-01-06 00:00:00,NL,1936,1,6,0,,-1.1,,1.1,,0,,0,,0,,,,,,,,0,,18,,,,,
-52.7,47.56666666666667,ST JOHN'S,8403500,8403500.1936.1.7,1936-01-07 00:00:00,NL,1936,1,7,-1.4,,-3.9,,1.1,,3,,2.3,,0.8,,,,,,,,0,,19.4,,,,,
-52.7,47.56666666666667,ST JOHN'S,8403500,8403500.1936.1.8,1936-01-08 00:00:00,NL,1936,1,8,-0.6,,-2.8,,1.7,,2,,2,,0,,,,,,,,0,,18.6,,,,,
-52.7,47.56666666666667,ST JOHN'S,8403500,8403500.1936.1.9,1936-01-09 00:00:00,NL,1936,1,9,0.6,,-0.6,,1.7,,0.3,,0,,0.3,,,,,,,,0,,17.4,,,,,
-52.7,47.56666666666667,ST JOHN'S,8403500,8403500.1936.1.10,1936-01-10 00:00:00,NL,1936,1,10,-0.9,,-2.8,,1.1,,1,,0,,1,,,,,,,,0,,18.9,,,,,
-52.7,47.56666666666667,ST JOHN'S,8403500,8403500.1936.1.11,1936-01-11 00:00:00,NL,1936,1,11,0.3,,-2.2,,2.8,,16.8,,16.8,,0,,,,,,,,0,,17.7,,,,,
-52.7,47.56666666666667,ST JOHN'S,8403500,8403500.1936.1.12,1936-01-12 00:00:00,NL,1936,1,12,0.6,,-0.6,,1.7,,17.3,,0,,17.3,,,,,,,,0,,17.4,,,,,
-52.7,47.56666666666667,ST JOHN'S,8403500,8403500.1936.1.13,1936-01-13 00:00:00,NL,1936,1,13,-0.6,,-1.1,,0,,3.6,,1,,2.5,,,,,,,,0,,18.6,,,,,
-52.7,47.56666666666667,ST JOHN'S,8403500,8403500.1936.1.14,1936-01-14 00:00:00,NL,1936,1,14,-3.4,,-5,,-1.7,,4.6,,0,,4.6,,,,,,,,0,,21.4,,,,,
-52.7,47.56666666666667,ST JOHN'S,8403500,8403500.1936.1.15,1936-01-15 00:00:00,NL,1936,1,15,-3.9,,-5,,-2.8,,0,,0,,0,,,,,,,,0,,21.9,,,,,
-52.7,47.56666666666667,ST JOHN'S,8403500,8403500.1936.1.16,1936-01-16 00:00:00,NL,1936,1,16,-2.8,,-5.6,,0,,0.3,,0,,0.3,,,,,,,,0,,20.8,,,,,
-52.7,47.56666666666667,ST JOHN'S,8403500,8403500.1936.1.17,1936-01-17 00:00:00,NL,1936,1,17,-2,,-3.9,,0,,0,T,0,,0,T,,,,,,,0,,20,,,,,
-52.7,47.56666666666667,ST JOHN'S,8403500,8403500.1936.1.18,1936-01-18 00:00:00,NL,1936,1,18,-5.8,,-8.3,,-3.3,,0.3,,0,,0.3,,,,,,,,0,,23.8,,,,,
-52.7,47.56666666666667,ST JOHN'S,8403500,8403500.1936.1.19,1936-01-19 00:00:00,NL,1936,1,19,-6.4,,-8.9,,-3.9,,1,,0,,1,,,,,,,,0,,24.4,,,,,
-52.7,47.56666666666667,ST JOHN'S,8403500,8403500.1936.1.20,1936-01-20 00:00:00,NL,1936,1,20,-3.3,,-9.4,,2.8,,21.3,,21.3,,0,,,,,,,,0,,21.3,,,,,
-52.7,47.56666666666667,ST JOHN'S,8403500,8403500.1936.1.21,1936-01-21 00:00:00,NL,1936,1,21,-4.2,,-5.6,,-2.8,,0.5,,0,,0.5,,,,,,,,0,,22.2,,,,,
-52.7,47.56666666666667,ST JOHN'S,8403500,8403500.1936.1.22,1936-01-22 00:00:00,NL,1936,1,22,-4.2,,-5.6,,-2.8,,0,,0,,0,,,,,,,,0,,22.2,,,,,
-52.7,47.56666666666667,ST JOHN'S,8403500,8403500.1936.1.23,1936-01-23 00:00:00,NL,1936,1,23,-2,,-3.9,,0,,6.1,,0,,6.1,,,,,,,,0,,20,,,,,
-52.7,47.56666666666667,ST JOHN'S,8403500,8403500.1936.1.24,1936-01-24 00:00:00,NL,1936,1,24,-2.8,,-5.6,,0,,1.5,,0,,1.5,,,,,,,,0,,20.8,,,,,
-52.7,47.56666666666667,ST JOHN'S,8403500,8403500.1936.1.25,1936-01-25 00:00:00,NL,1936,1,25,-5,,-7.2,,-2.8,,7.6,,0,,7.6,,,,,,,,0,,23,,,,,
-52.7,47.56666666666667,ST JOHN'S,8403500,8403500.1936.1.26,1936-01-26 00:00:00,NL,1936,1,26,-4.7,,-9.4,,0,,0,,0,,0,,,,,,,,0,,22.7,,,,,
-52.7,47.56666666666667,ST JOHN'S,8403500,8403500.1936.1.27,1936-01-27 00:00:00,NL,1936,1,27,-5,,-7.8,,-2.2,,0.5,,0,,0.5,,,,,,,,0,,23,,,,,
-52.7,47.56666666666667,ST JOHN'S,8403500,8403500.1936.1.28,1936-01-28 00:00:00,NL,1936,1,28,-2.5,,-3.9,,-1.1,,22.4,,0,,22.4,,,,,,,,0,,20.5,,,,,
-52.7,47.56666666666667,ST JOHN'S,8403500,8403500.1936.1.29,1936-01-29 00:00:00,NL,1936,1,29,-1.1,,-2.2,,0,,26.4,,0,,26.4,,,,,,,,0,,19.1,,,,,
-52.7,47.56666666666667,ST JOHN'S,8403500,8403500.1936.1.30,1936-01-30 00:00:00,NL,1936,1,30,-1.1,,-2.2,,0,,11.2,,0,,11.2,,,,,,,,0,,19.1,,,,,
-52.7,47.56666666666667,ST JOHN'S,8403500,8403500.1936.1.31,1936-01-31 00:00:00,NL,1936,1,31,-1.1,,-3.3,,1.1,,8.9,,0,,8.9,,,,,,,,0,,19.1,,,,,
-52.7,47.56666666666667,ST JOHN'S,8403500,8403500.1936.2.1,1936-02-01 00:00:00,NL,1936,2,1,-3.4,,-5.6,,-1.1,,8.9,,0,,8.9,,,,,,,,0,,21.4,,,,,
-52.7,47.56666666666667,ST JOHN'S,8403500,8403500.1936.2.2,1936-02-02 00:00:00,NL,1936,2,2,-7,,-7.8,,-6.1,,3,,0,,3,,,,,,,,0,,25,,,,,
-52.7,47.56666666666667,ST JOHN'S,8403500,8403500.1936.2.3,1936-02-03 00:00:00,NL,1936,2,3,-7.8,,-9.4,,-6.1,,1,,0,,1,,,,,,,,0,,25.8,,,,,
-52.7,47.56666666666667,ST JOHN'S,8403500,8403500.1936.2.4,1936-02-04 00:00:00,NL,1936,2,4,-7.5,,-11.1,,-3.9,,0.3,,0,,0.3,,,,,,,,0,,25.5,,,,,
-52.7,47.56666666666667,ST JOHN'S,8403500,8403500.1936.2.5,1936-02-05 00:00:00,NL,1936,2,5,-5.9,,-8.9,,-2.8,,0,,0,,0,,,,,,,,0,,23.9,,,,,
-52.7,47.56666666666667,ST JOHN'S,8403500,8403500.1936.2.6,1936-02-06 00:00:00,NL,1936,2,6,-5.6,,-7.8,,-3.3,,1.5,,0,,1.5,,,,,,,,0,,23.6,,,,,
-52.7,47.56666666666667,ST JOHN'S,8403500,8403500.1936.2.7,1936-02-07 00:00:00,NL,1936,2,7,-8.4,,-15,,-1.7,,0,,0,,0,,,,,,,,0,,26.4,,,,,
-52.7,47.56666666666667,ST JOHN'S,8403500,8403500.1936.2.8,1936-02-08 00:00:00,NL,1936,2,8,-6.1,,-8.3,,-3.9,,0.5,,0,,0.5,,,,,,,,0,,24.1,,,,,
-52.7,47.56666666666667,ST JOHN'S,8403500,8403500.1936.2.9,1936-02-09 00:00:00,NL,1936,2,9,-9.7,,-11.1,,-8.3,,0.3,,0,,0.3,,,,,,,,0,,27.7,,,,,
-52.7,47.56666666666667,ST JOHN'S,8403500,8403500.1936.2.10,1936-02-10 00:00:00,NL,1936,2,10,-7,,-15.6,,1.7,,0.5,,0,,0.5,,,,,,,,0,,25,,,,,
-52.7,47.56666666666667,ST JOHN'S,8403500,8403500.1936.2.11,1936-02-11 00:00:00,NL,1936,2,11,-2.5,,-7.2,,2.2,,29,,8.1,,20.8,,,,,,,,0,,20.5,,,,,
-52.7,47.56666666666667,ST JOHN'S,8403500,8403500.1936.2.12,1936-02-12 00:00:00,NL,1936,2,12,-4.8,,-6.7,,-2.8,,3.6,,0.5,,3,,,,,,,,0,,22.8,,,,,
-52.7,47.56666666666667,ST JOHN'S,8403500,8403500.1936.2.13,1936-02-13 00:00:00,NL,1936,2,13,-8.9,,-10,,-7.8,,1.5,,0,,1.5,,,,,,,,0,,26.9,,,,,
-52.7,47.56666666666667,ST JOHN'S,8403500,8403500.1936.2.14,1936-02-14 00:00:00,NL,1936,2,14,-11.7,,-13.3,,-10,,2,,0,,2,,,,,,,,0,,29.7,,,,,
-52.7,47.56666666666667,ST JOHN'S,8403500,8403500.1936.2.15,1936-02-15 00:00:00,NL,1936,2,15,-11.4,,-16.1,,-6.7,,0,,0,,0,,,,,,,,0,,29.4,,,,,
-52.7,47.56666666666667,ST JOHN'S,8403500,8403500.1936.2.16,1936-02-16 00:00:00,NL,1936,2,16,-6.1,,-10,,-2.2,,0.8,,0,,0.8,,,,,,,,0,,24.1,,,,,
-52.7,47.56666666666667,ST JOHN'S,8403500,8403500.1936.2.17,1936-02-17 00:00:00,NL,1936,2,17,-3.4,,-6.7,,0,,0,,0,,0,,,,,,,,0,,21.4,,,,,
-52.7,47.56666666666667,ST JOHN'S,8403500,8403500.1936.2.18,1936-02-18 00:00:00,NL,1936,2,18,-3.4,,-7.8,,1.1,,0,,0,,0,,,,,,,,0,,21.4,,,,,
-52.7,47.56666666666667,ST JOHN'S,8403500,8403500.1936.2.19,1936-02-19 00:00:00,NL,1936,2,19,-1.4,,-5.6,,2.8,,0.5,,0,,0.5,,,,,,,,0,,19.4,,,,,
-52.7,47.56666666666667,ST JOHN'S,8403500,8403500.1936.2.20,1936-02-20 00:00:00,NL,1936,2,20,-7,,-8.9,,-5,,6.6,,0,,6.6,,,,,,,,0,,25,,,,,
-52.7,47.56666666666667,ST JOHN'S,8403500,8403500.1936.2.21,1936-02-21 00:00:00,NL,1936,2,21,-6.7,,-14.4,,1.1,,2,,0,,2,,,,,,,,0,,24.7,,,,,
-52.7,47.56666666666667,ST JOHN'S,8403500,8403500.1936.2.22,1936-02-22 00:00:00,NL,1936,2,22,2,,-3.9,,7.8,,1.5,,0,,1.5,,,,,,,,0,,16,,,,,
-52.7,47.56666666666667,ST JOHN'S,8403500,8403500.1936.2.23,1936-02-23 00:00:00,NL,1936,2,23,1.4,,-2.2,,5,,52.8,,0,,52.8,,,,,,,,0,,16.6,,,,,
-52.7,47.56666666666667,ST JOHN'S,8403500,8403500.1936.2.24,1936-02-24 00:00:00,NL,1936,2,24,-3.4,,-5,,-1.7,,0,,0,,0,,,,,,,,0,,21.4,,,,,
-52.7,47.56666666666667,ST JOHN'S,8403500,8403500.1936.2.25,1936-02-25 00:00:00,NL,1936,2,25,-2.2,,-4.4,,0,,2,,0,,2,,,,,,,,0,,20.2,,,,,
-52.7,47.56666666666667,ST JOHN'S,8403500,8403500.1936.2.26,1936-02-26 00:00:00,NL,1936,2,26,0,,-2.8,,2.8,,13.7,,0,,13.7,,,,,,,,0,,18,,,,,
-52.7,47.56666666666667,ST JOHN'S,8403500,8403500.1936.2.27,1936-02-27 00:00:00,NL,1936,2,27,-2.2,,-3.3,,-1.1,,2,,0,,2,,,,,,,,0,,20.2,,,,,
-52.7,47.56666666666667,ST JOHN'S,8403500,8403500.1936.2.28,1936-02-28 00:00:00,NL,1936,2,28,-0.3,,-4.4,,3.9,,0,,0,,0,,,,,,,,0,,18.3,,,,,
-52.7,47.56666666666667,ST JOHN'S,8403500,8403500.1936.2.29,1936-02-29 00:00:00,NL,1936,2,29,2.5,,1.1,,3.9,,3,,0,,3,,,,,,,,0,,15.5,,,,,
-52.7,47.56666666666667,ST JOHN'S,8403500,8403500.1936.3.1,1936-03-01 00:00:00,NL,1936,3,1,1.4,,-2.8,,5.6,,3,,2.3,,0.8,,,,,,,,0,,16.6,,,,,
-52.7,47.56666666666667,ST JOHN'S,8403500,8403500.1936.3.2,1936-03-02 00:00:00,NL,1936,3,2,-0.6,,-6.7,,5.6,,11.7,,11.7,,0,,,,,,,,0,,18.6,,,,,
-52.7,47.56666666666667,ST JOHN'S,8403500,8403500.1936.3.3,1936-03-03 00:00:00,NL,1936,3,3,-7.5,,-9.4,,-5.6,,0,,0,,0,,,,,,,,0,,25.5,,,,,
-52.7,47.56666666666667,ST JOHN'S,8403500,8403500.1936.3.4,1936-03-04 00:00:00,NL,1936,3,4,-5.3,,-9.4,,-1.1,,0.3,,0,,0.3,,,,,,,,0,,23.3,,,,,
-52.7,47.56666666666667,ST JOHN'S,8403500,8403500.1936.3.5,1936-03-05 00:00:00,NL,1936,3,5,-0.8,,-3.3,,1.7,,0,T,0,,0,T,,,,,,,0,,18.8,,,,,
-52.7,47.56666666666667,ST JOHN'S,8403500,8403500.1936.3.6,1936-03-06 00:00:00,NL,1936,3,6,1.4,,-2.2,,5,,2.5,,2.5,,0,,,,,,,,0,,16.6,,,,,
-52.7,47.56666666666667,ST JOHN'S,8403500,8403500.1936.3.7,1936-03-07 00:00:00,NL,1936,3,7,2.3,,-1.1,,5.6,,59.9,,59.9,,0,,,,,,,,0,,15.7,,,,,
-52.7,47.56666666666667,ST JOHN'S,8403500,8403500.1936.3.8,1936-03-08 00:00:00,NL,1936,3,8,2,,-1.7,,5.6,,14.5,,14.5,,0,,,,,,,,0,,16,,,,,
-52.7,47.56666666666667,ST JOHN'S,8403500,8403500.1936.3.9,1936-03-09 00:00:00,NL,1936,3,9,-4.2,,-6.1,,-2.2,,0,,0,,0,,,,,,,,0,,22.2,,,,,
-52.7,47.56666666666667,ST JOHN'S,8403500,8403500.1936.3.10,1936-03-10 00:00:00,NL,1936,3,10,-2.5,,-6.7,,1.7,,0.3,,0.3,,0,,,,,,,,0,,20.5,,,,,
-52.7,47.56666666666667,ST JOHN'S,8403500,8403500.1936.3.11,1936-03-11 00:00:00,NL,1936,3,11,0.6,,-1.1,,2.2,,0,,0,,0,,,,,,,,0,,17.4,,,,,
-52.7,47.56666666666667,ST JOHN'S,8403500,8403500.1936.3.12,1936-03-12 00:00:00,NL,1936,3,12,2.8,,0,,5.6,,0,,0,,0,,,,,,,,0,,15.2,,,,,
-52.7,47.56666666666667,ST JOHN'S,8403500,8403500.1936.3.13,1936-03-13 00:00:00,NL,1936,3,13,3.1,,-1.7,,7.8,,0,,0,,0,,,,,,,,0,,14.9,,,,,
-52.7,47.56666666666667,ST JOHN'S,8403500,8403500.1936.3.14,1936-03-14 00:00:00,NL,1936,3,14,5.3,,0,,10.6,,12.2,,12.2,,0,,,,,,,,0,,12.7,,,,,
-52.7,47.56666666666667,ST JOHN'S,8403500,8403500.1936.3.15,1936-03-15 00:00:00,NL,1936,3,15,4.5,,1.1,,7.8,,3,,3,,0,,,,,,,,0,,13.5,,,,,
-52.7,47.56666666666667,ST JOHN'S,8403500,8403500.1936.3.16,1936-03-16 00:00:00,NL,1936,3,16,0.8,,-1.7,,3.3,,0,,0,,0,,,,,,,,0,,17.2,,,,,
-52.7,47.56666666666667,ST JOHN'S,8403500,8403500.1936.3.17,1936-03-17 00:00:00,NL,1936,3,17,4.2,,-2.2,,10.6,,0,,0,,0,,,,,,,,0,,13.8,,,,,
-52.7,47.56666666666667,ST JOHN'S,8403500,8403500.1936.3.18,1936-03-18 00:00:00,NL,1936,3,18,9.7,,3.3,,16.1,,0,,0,,0,,,,,,,,0,,8.3,,,,,
-52.7,47.56666666666667,ST JOHN'S,8403500,8403500.1936.3.19,1936-03-19 00:00:00,NL,1936,3,19,8.1,,2.8,,13.3,,0,T,0,T,0,,,,,,,,0,,9.9,,,,,
-52.7,47.56666666666667,ST JOHN'S,8403500,8403500.1936.3.20,1936-03-20 00:00:00,NL,1936,3,20,5.6,,1.7,,9.4,,1,,1,,0,,,,,,,,0,,12.4,,,,,
-52.7,47.56666666666667,ST JOHN'S,8403500,8403500.1936.3.21,1936-03-21 00:00:00,NL,1936,3,21,12.2,,5,,19.4,,1,,1,,0,,,,,,,,0,,5.8,,,,,
-52.7,47.56666666666667,ST JOHN'S,8403500,8403500.1936.3.22,1936-03-22 00:00:00,NL,1936,3,22,9.2,,7.8,,10.6,,7.9,,7.9,,0,,,,,,,,0,,8.8,,,,,
-52.7,47.56666666666667,ST JOHN'S,8403500,8403500.1936.3.23,1936-03-23 00:00:00,NL,1936,3,23,5,,3.3,,6.7,,4.6,,4.6,,0,,,,,,,,0,,13,,,,,
-52.7,47.56666666666667,ST JOHN'S,8403500,8403500.1936.3.24,1936-03-24 00:00:00,NL,1936,3,24,5,,1.1,,8.9,,13.7,,13.7,,0,,,,,,,,0,,13,,,,,
-52.7,47.56666666666667,ST JOHN'S,8403500,8403500.1936.3.25,1936-03-25 00:00:00,NL,1936,3,25,1.7,,0.6,,2.8,,1,,1,,0,,,,,,,,0,,16.3,,,,,
-52.7,47.56666666666667,ST JOHN'S,8403500,8403500.1936.3.26,1936-03-26 00:00:00,NL,1936,3,26,1.7,,0.6,,2.8,,0.8,,0,,0.8,,,,,,,,0,,16.3,,,,,
-52.7,47.56666666666667,ST JOHN'S,8403500,8403500.1936.3.27,1936-03-27 00:00:00,NL,1936,3,27,-1.4,,-1.7,,-1.1,,0,T,0,,0,T,,,,,,,0,,19.4,,,,,
-52.7,47.56666666666667,ST JOHN'S,8403500,8403500.1936.3.28,1936-03-28 00:00:00,NL,1936,3,28,-1.1,,-2.8,,0.6,,7.1,,0,,7.1,,,,,,,,0,,19.1,,,,,
-52.7,47.56666666666667,ST JOHN'S,8403500,8403500.1936.3.29,1936-03-29 00:00:00,NL,1936,3,29,0.3,,-2.8,,3.3,,1.5,,0.3,,1.3,,,,,,,,0,,17.7,,,,,
-52.7,47.56666666666667,ST JOHN'S,8403500,8403500.1936.3.30,1936-03-30 00:00:00,NL,1936,3,30,0.6,,-1.1,,2.2,,1.8,,1.8,,0,,,,,,,,0,,17.4,,,,,
-52.7,47.56666666666667,ST JOHN'S,8403500,8403500.1936.3.31,1936-03-31 00:00:00,NL,1936,3,31,3.4,,0.6,,6.1,,0.3,,0.3,,0,,,,,,,,0,,14.6,,,,,
-52.7,47.56666666666667,ST JOHN'S,8403500,8403500.1936.4.1,1936-04-01 00:00:00,NL,1936,4,1,2.2,,-3.9,,8.3,,0,T,0,T,0,,,,,,,,0,,15.8,,,,,
-52.7,47.56666666666667,ST JOHN'S,8403500,8403500.1936.4.2,1936-04-02 00:00:00,NL,1936,4,2,-0.3,,-2.2,,1.7,,0.5,,0.5,,0,T,,,,,,,0,,18.3,,,,,
-52.7,47.56666666666667,ST JOHN'S,8403500,8403500.1936.4.3,1936-04-03 00:00:00,NL,1936,4,3,5.6,,-1.1,,12.2,,7.9,,7.9,,0,,,,,,,,0,,12.4,,,,,
-52.7,47.56666666666667,ST JOHN'S,8403500,8403500.1936.4.4,1936-04-04 00:00:00,NL,1936,4,4,6.7,,-0.6,,13.9,,1.5,,1.5,,0,,,,,,,,0,,11.3,,,,,
-52.7,47.56666666666667,ST JOHN'S,8403500,8403500.1936.4.5,1936-04-05 00:00:00,NL,1936,4,5,1.1,,-2.2,,4.4,,0,,0,,0,,,,,,,,0,,16.9,,,,,
-52.7,47.56666666666667,ST JOHN'S,8403500,8403500.1936.4.6,1936-04-06 00:00:00,NL,1936,4,6,2.2,,-0.6,,5,,0,T,0,T,0,,,,,,,,0,,15.8,,,,,
-52.7,47.56666666666667,ST JOHN'S,8403500,8403500.1936.4.7,1936-04-07 00:00:00,NL,1936,4,7,3.6,,0,,7.2,,27.2,,26.4,,0.8,,,,,,,,0,,14.4,,,,,
-52.7,47.56666666666667,ST JOHN'S,8403500,8403500.1936.4.8,1936-04-08 00:00:00,NL,1936,4,8,2,,-6.7,,10.6,,2,,0.3,,1.8,,,,,,,,0,,16,,,,,
-52.7,47.56666666666667,ST JOHN'S,8403500,8403500.1936.4.9,1936-04-09 00:00:00,NL,1936,4,9,-1.4,,-5.6,,2.8,,0,,0,,0,,,,,,,,0,,19.4,,,,,
-52.7,47.56666666666667,ST JOHN'S,8403500,8403500.1936.4.10,1936-04-10 00:00:00,NL,1936,4,10,2,,-2.8,,6.7,,0.3,,0,,0.3,,,,,,,,0,,16,,,,,
-52.7,47.56666666666667,ST JOHN'S,8403500,8403500.1936.4.11,1936-04-11 00:00:00,NL,1936,4,11,-2.5,,-6.7,,1.7,,0,T,0,,0,T,,,,,,,0,,20.5,,,,,
-52.7,47.56666666666667,ST JOHN'S,8403500,8403500.1936.4.12,1936-04-12 00:00:00,NL,1936,4,12,-1.4,,-2.8,,0,,0,,0,,0,,,,,,,,0,,19.4,,,,,
-52.7,47.56666666666667,ST JOHN'S,8403500,8403500.1936.4.13,1936-04-13 00:00:00,NL,1936,4,13,-0.6,,-1.7,,0.6,,20.3,,9.1,,11.2,,,,,,,,0,,18.6,,,,,
-52.7,47.56666666666667,ST JOHN'S,8403500,8403500.1936.4.14,1936-04-14 00:00:00,NL,1936,4,14,2,,0,,3.9,,0.8,,0.5,,0.3,,,,,,,,0,,16,,,,,
-52.7,47.56666666666667,ST JOHN'S,8403500,8403500.1936.4.15,1936-04-15 00:00:00,NL,1936,4,15,2,,0.6,,3.3,,0,,0,,0,,,,,,,,0,,16,,,,,
-52.7,47.56666666666667,ST JOHN'S,8403500,8403500.1936.4.16,1936-04-16 00:00:00,NL,1936,4,16,1.7,,-1.1,,4.4,,0.8,,0.8,,0,,,,,,,,0,,16.3,,,,,
-52.7,47.56666666666667,ST JOHN'S,8403500,8403500.1936.4.17,1936-04-17 00:00:00,NL,1936,4,17,4.7,,0,,9.4,,1,,1,,0,,,,,,,,0,,13.3,,,,,
-52.7,47.56666666666667,ST JOHN'S,8403500,8403500.1936.4.18,1936-04-18 00:00:00,NL,1936,4,18,5,,1.1,,8.9,,0,,0,,0,,,,,,,,0,,13,,,,,
-52.7,47.56666666666667,ST JOHN'S,8403500,8403500.1936.4.19,1936-04-19 00:00:00,NL,1936,4,19,4.5,,1.1,,7.8,,0,,0,,0,,,,,,,,0,,13.5,,,,,
-52.7,47.56666666666667,ST JOHN'S,8403500,8403500.1936.4.20,1936-04-20 00:00:00,NL,1936,4,20,4.4,,-0.6,,9.4,,0,,0,,0,,,,,,,,0,,13.6,,,,,
-52.7,47.56666666666667,ST JOHN'S,8403500,8403500.1936.4.21,1936-04-21 00:00:00,NL,1936,4,21,2.3,,-1.1,,5.6,,0.3,,0,,0.3,,,,,,,,0,,15.7,,,,,
-52.7,47.56666666666667,ST JOHN'S,8403500,8403500.1936.4.22,1936-04-22 00:00:00,NL,1936,4,22,1.7,,0,,3.3,,10.2,,10.2,,0,,,,,,,,0,,16.3,,,,,
-52.7,47.56666666666667,ST JOHN'S,8403500,8403500.1936.4.23,1936-04-23 00:00:00,NL,1936,4,23,4.2,,1.7,,6.7,,0.3,,0,,0.3,,,,,,,,0,,13.8,,,,,
-52.7,47.56666666666667,ST JOHN'S,8403500,8403500.1936.4.24,1936-04-24 00:00:00,NL,1936,4,24,4.8,,0.6,,8.9,,0.3,,0,,0.3,,,,,,,,0,,13.2,,,,,
-52.7,47.56666666666667,ST JOHN'S,8403500,8403500.1936.4.25,1936-04-25 00:00:00,NL,1936,4,25,-0.3,,-1.1,,0.6,,16.3,,0,,16.3,,,,,,,,0,,18.3,,,,,
-52.7,47.56666666666667,ST JOHN'S,8403500,8403500.1936.4.26,1936-04-26 00:00:00,NL,1936,4,26,3.9,,-0.6,,8.3,,0.3,,0.3,,0,,,,,,,,0,,14.1,,,,,
-52.7,47.56666666666667,ST JOHN'S,8403500,8403500.1936.4.27,1936-04-27 00:00:00,NL,1936,4,27,3.4,,-1.1,,7.8,,0.8,,0.8,,0,,,,,,,,0,,14.6,,,,,
-52.7,47.56666666666667,ST JOHN'S,8403500,8403500.1936.4.28,1936-04-28 00:00:00,NL,1936,4,28,5.9,,-1.1,,12.8,,0,,0,,0,,,,,,,,0,,12.1,,,,,
-52.7,47.56666666666667,ST JOHN'S,8403500,8403500.1936.4.29,1936-04-29 00:00:00,NL,1936,4,29,6.7,,4.4,,8.9,,1.5,,1.5,,0,,,,,,,,0,,11.3,,,,,
-52.7,47.56666666666667,ST JOHN'S,8403500,8403500.1936.4.30,1936-04-30 00:00:00,NL,1936,4,30,10.3,,6.1,,14.4,,0.8,,0.8,,0,,,,,,,,0,,7.7,,,,,
-52.7,47.56666666666667,ST JOHN'S,8403500,8403500.1936.5.1,1936-05-01 00:00:00,NL,1936,5,1,9.5,,5.6,,13.3,,0,,0,,0,,,,,,,,0,,8.5,,,,,
-52.7,47.56666666666667,ST JOHN'S,8403500,8403500.1936.5.2,1936-05-02 00:00:00,NL,1936,5,2,9.5,,3.9,,15,,3.6,,3.6,,0,,,,,,,,0,,8.5,,,,,
-52.7,47.56666666666667,ST JOHN'S,8403500,8403500.1936.5.3,1936-05-03 00:00:00,NL,1936,5,3,-0.6,,-1.1,,0,,3.6,,3.6,,0,,,,,,,,0,,18.6,,,,,
-52.7,47.56666666666667,ST JOHN'S,8403500,8403500.1936.5.4,1936-05-04 00:00:00,NL,1936,5,4,6.4,,-1.1,,13.9,,17.8,,17.8,,0,,,,,,,,0,,11.6,,,,,
-52.7,47.56666666666667,ST JOHN'S,8403500,8403500.1936.5.5,1936-05-05 00:00:00,NL,1936,5,5,8.1,,-0.6,,16.7,,8.6,,8.6,,0,T,,,,,,,0,,9.9,,,,,
-52.7,47.56666666666667,ST JOHN'S,8403500,8403500.1936.5.6,1936-05-06 00:00:00,NL,1936,5,6,2,,-1.1,,5,,0,,0,,0,,,,,,,,0,,16,,,,,
-52.7,47.56666666666667,ST JOHN'S,8403500,8403500.1936.5.7,1936-05-07 00:00:00,NL,1936,5,7,3.6,,-2.8,,10,,0,,0,,0,,,,,,,,0,,14.4,,,,,
-52.7,47.56666666666667,ST JOHN'S,8403500,8403500.1936.5.8,1936-05-08 00:00:00,NL,1936,5,8,5.9,,1.1,,10.6,,0,T,0,T,0,,,,,,,,0,,12.1,,,,,
-52.7,47.56666666666667,ST JOHN'S,8403500,8403500.1936.5.9,1936-05-09 00:00:00,NL,1936,5,9,0.6,,-1.1,,2.2,,20.3,,0.5,,19.8,,,,,,,,0,,17.4,,,,,
-52.7,47.56666666666667,ST JOHN'S,8403500,8403500.1936.5.10,1936-05-10 00:00:00,NL,1936,5,10,2.5,,-2.8,,7.8,,0,T,0,T,0,,,,,,,,0,,15.5,,,,,
-52.7,47.56666666666667,ST JOHN'S,8403500,8403500.1936.5.11,1936-05-11 00:00:00,NL,1936,5,11,3.6,,-1.1,,8.3,,2.5,,2.5,,0,,,,,,,,0,,14.4,,,,,
-52.7,47.56666666666667,ST JOHN'S,8403500,8403500.1936.5.12,1936-05-12 00:00:00,NL,1936,5,12,7,,1.7,,12.2,,0.5,,0.5,,0,,,,,,,,0,,11,,,,,
-52.7,47.56666666666667,ST JOHN'S,8403500,8403500.1936.5.13,1936-05-13 00:00:00,NL,1936,5,13,4.5,,0,,8.9,,1.8,,1.8,,0,,,,,,,,0,,13.5,,,,,
-52.7,47.56666666666667,ST JOHN'S,8403500,8403500.1936.5.14,1936-05-14 00:00:00,NL,1936,5,14,8.1,,-0.6,,16.7,,4.1,,4.1,,0,,,,,,,,0,,9.9,,,,,
-52.7,47.56666666666667,ST JOHN'S,8403500,8403500.1936.5.15,1936-05-15 00:00:00,NL,1936,5,15,11.2,,6.7,,15.6,,6.6,,6.6,,0,,,,,,,,0,,6.8,,,,,
-52.7,47.56666666666667,ST JOHN'S,8403500,8403500.1936.5.16,1936-05-16 00:00:00,NL,1936,5,16,4.2,,1.1,,7.2,,0.5,,0.5,,0,,,,,,,,0,,13.8,,,,,
-52.7,47.56666666666667,ST JOHN'S,8403500,8403500.1936.5.17,1936-05-17 00:00:00,NL,1936,5,17,6.7,,2.2,,11.1,,0,T,0,T,0,,,,,,,,0,,11.3,,,,,
-52.7,47.56666666666667,ST JOHN'S,8403500,8403500.1936.5.18,1936-05-18 00:00:00,NL,1936,5,18,5.9,,1.7,,10,,1.3,,1,,0.3,,,,,,,,0,,12.1,,,,,
-52.7,47.56666666666667,ST JOHN'S,8403500,8403500.1936.5.19,1936-05-19 00:00:00,NL,1936,5,19,7.5,,2.8,,12.2,,0,,0,,0,,,,,,,,0,,10.5,,,,,
-52.7,47.56666666666667,ST JOHN'S,8403500,8403500.1936.5.20,1936-05-20 00:00:00,NL,1936,5,20,13.1,,4.4,,21.7,,0,,0,,0,,,,,,,,0,,4.9,,,,,
-52.7,47.56666666666667,ST JOHN'S,8403500,8403500.1936.5.21,1936-05-21 00:00:00,NL,1936,5,21,12.2,,7.2,,17.2,,0,,0,,0,,,,,,,,0,,5.8,,,,,
-52.7,47.56666666666667,ST JOHN'S,8403500,8403500.1936.5.22,1936-05-22 00:00:00,NL,1936,5,22,3.4,,0,,6.7,,0,,0,,0,,,,,,,,0,,14.6,,,,,
-52.7,47.56666666666667,ST JOHN'S,8403500,8403500.1936.5.23,1936-05-23 00:00:00,NL,1936,5,23,1.7,,-2.2,,5.6,,0,,0,,0,,,,,,,,0,,16.3,,,,,
-52.7,47.56666666666667,ST JOHN'S,8403500,8403500.1936.5.24,1936-05-24 00:00:00,NL,1936,5,24,5.3,,1.1,,9.4,,0.5,,0.5,,0,,,,,,,,0,,12.7,,,,,
-52.7,47.56666666666667,ST JOHN'S,8403500,8403500.1936.5.25,1936-05-25 00:00:00,NL,1936,5,25,9.2,,3.3,,15,,7.6,,7.6,,0,,,,,,,,0,,8.8,,,,,
-52.7,47.56666666666667,ST JOHN'S,8403500,8403500.1936.5.26,1936-05-26 00:00:00,NL,1936,5,26,5.3,,3.9,,6.7,,4.1,,4.1,,0,,,,,,,,0,,12.7,,,,,
-52.7,47.56666666666667,ST JOHN'S,8403500,8403500.1936.5.27,1936-05-27 00:00:00,NL,1936,5,27,8.9,,4.4,,13.3,,0,,0,,0,,,,,,,,0,,9.1,,,,,
-52.7,47.56666666666667,ST JOHN'S,8403500,8403500.1936.5.28,1936-05-28 00:00:00,NL,1936,5,28,6.7,,3.3,,10,,18.3,,18.3,,0,,,,,,,,0,,11.3,,,,,
-52.7,47.56666666666667,ST JOHN'S,8403500,8403500.1936.5.29,1936-05-29 00:00:00,NL,1936,5,29,8.1,,4.4,,11.7,,1.5,,1.5,,0,,,,,,,,0,,9.9,,,,,
-52.7,47.56666666666667,ST JOHN'S,8403500,8403500.1936.5.30,1936-05-30 00:00:00,NL,1936,5,30,9.8,,5.6,,13.9,,49.5,,49.5,,0,,,,,,,,0,,8.2,,,,,
-52.7,47.56666666666667,ST JOHN'S,8403500,8403500.1936.5.31,1936-05-31 00:00:00,NL,1936,5,31,10,,3.3,,16.7,,0,T,0,T,0,,,,,,,,0,,8,,,,,
-52.7,47.56666666666667,ST JOHN'S,8403500,8403500.1936.6.1,1936-06-01 00:00:00,NL,1936,6,1,11.1,,5,,17.2,,0,,0,,0,,,,,,,,0,,6.9,,,,,
-52.7,47.56666666666667,ST JOHN'S,8403500,8403500.1936.6.2,1936-06-02 00:00:00,NL,1936,6,2,13.9,,6.7,,21.1,,0,,0,,0,,,,,,,,0,,4.1,,,,,
-52.7,47.56666666666667,ST JOHN'S,8403500,8403500.1936.6.3,1936-06-03 00:00:00,NL,1936,6,3,18.9,,13.3,,24.4,,0,,0,,0,,,,,,,,0.9,,0,,,,,
-52.7,47.56666666666667,ST JOHN'S,8403500,8403500.1936.6.4,1936-06-04 00:00:00,NL,1936,6,4,19.2,,13.9,,24.4,,0,,0,,0,,,,,,,,1.2,,0,,,,,
-52.7,47.56666666666667,ST JOHN'S,8403500,8403500.1936.6.5,1936-06-05 00:00:00,NL,1936,6,5,17.8,,12.2,,23.3,,2.5,,2.5,,0,,,,,,,,0,,0.2,,,,,
-52.7,47.56666666666667,ST JOHN'S,8403500,8403500.1936.6.6,1936-06-06 00:00:00,NL,1936,6,6,17.8,,15,,20.6,,0,T,0,T,0,,,,,,,,0,,0.2,,,,,
-52.7,47.56666666666667,ST JOHN'S,8403500,8403500.1936.6.7,1936-06-07 00:00:00,NL,1936,6,7,17.8,,12.8,,22.8,,0.3,,0.3,,0,,,,,,,,0,,0.2,,,,,
-52.7,47.56666666666667,ST JOHN'S,8403500,8403500.1936.6.8,1936-06-08 00:00:00,NL,1936,6,8,16.1,,12.2,,20,,0,,0,,0,,,,,,,,0,,1.9,,,,,
-52.7,47.56666666666667,ST JOHN'S,8403500,8403500.1936.6.9,1936-06-09 00:00:00,NL,1936,6,9,14.2,,6.7,,21.7,,2,,2,,0,,,,,,,,0,,3.8,,,,,
-52.7,47.56666666666667,ST JOHN'S,8403500,8403500.1936.6.10,1936-06-10 00:00:00,NL,1936,6,10,10,,6.1,,13.9,,0,T,0,T,0,,,,,,,,0,,8,,,,,
-52.7,47.56666666666667,ST JOHN'S,8403500,8403500.1936.6.11,1936-06-11 00:00:00,NL,1936,6,11,16.1,,8.9,,23.3,,0,,0,,0,,,,,,,,0,,1.9,,,,,
-52.7,47.56666666666667,ST JOHN'S,8403500,8403500.1936.6.12,1936-06-12 00:00:00,NL,1936,6,12,20.9,,16.7,,25,,0.8,,0.8,,0,,,,,,,,2.9,,0,,,,,
-52.7,47.56666666666667,ST JOHN'S,8403500,8403500.1936.6.13,1936-06-13 00:00:00,NL,1936,6,13,11.4,,7.2,,15.6,,0,T,0,T,0,,,,,,,,0,,6.6,,,,,
-52.7,47.56666666666667,ST JOHN'S,8403500,8403500.1936.6.14,1936-06-14 00:00:00,NL,1936,6,14,13.4,,8.9,,17.8,,0,,0,,0,,,,,,,,0,,4.6,,,,,
-52.7,47.56666666666667,ST JOHN'S,8403500,8403500.1936.6.15,1936-06-15 00:00:00,NL,1936,6,15,13.1,,6.7,,19.4,,0,,0,,0,,,,,,,,0,,4.9,,,,,
-52.7,47.56666666666667,ST JOHN'S,8403500,8403500.1936.6.16,1936-06-16 00:00:00,NL,1936,6,16,16.4,,12.2,,20.6,,2.5,,2.5,,0,,,,,,,,0,,1.6,,,,,
-52.7,47.56666666666667,ST JOHN'S,8403500,8403500.1936.6.17,1936-06-17 00:00:00,NL,1936,6,17,11.7,,8.9,,14.4,,14.7,,14.7,,0,,,,,,,,0,,6.3,,,,,
-52.7,47.56666666666667,ST JOHN'S,8403500,8403500.1936.6.18,1936-06-18 00:00:00,NL,1936,6,18,7.5,,5,,10,,0,T,0,T,0,,,,,,,,0,,10.5,,,,,
-52.7,47.56666666666667,ST JOHN'S,8403500,8403500.1936.6.19,1936-06-19 00:00:00,NL,1936,6,19,9.2,,5,,13.3,,0,,0,,0,,,,,,,,0,,8.8,,,,,
-52.7,47.56666666666667,ST JOHN'S,8403500,8403500.1936.6.20,1936-06-20 00:00:00,NL,1936,6,20,14.7,,4.4,,25,,0,,0,,0,,,,,,,,0,,3.3,,,,,
-52.7,47.56666666666667,ST JOHN'S,8403500,8403500.1936.6.21,1936-06-21 00:00:00,NL,1936,6,21,17,,10.6,,23.3,,0,,0,,0,,,,,,,,0,,1,,,,,
-52.7,47.56666666666667,ST JOHN'S,8403500,8403500.1936.6.22,1936-06-22 00:00:00,NL,1936,6,22,18.6,,13.3,,23.9,,0,T,0,T,0,,,,,,,,0.6,,0,,,,,
-52.7,47.56666666666667,ST JOHN'S,8403500,8403500.1936.6.23,1936-06-23 00:00:00,NL,1936,6,23,13.9,,9.4,,18.3,,0,,0,,0,,,,,,,,0,,4.1,,,,,
-52.7,47.56666666666667,ST JOHN'S,8403500,8403500.1936.6.24,1936-06-24 00:00:00,NL,1936,6,24,13.1,,8.9,,17.2,,0,,0,,0,,,,,,,,0,,4.9,,,,,
-52.7,47.56666666666667,ST JOHN'S,8403500,8403500.1936.6.25,1936-06-25 00:00:00,NL,1936,6,25,12.3,,7.8,,16.7,,14.7,,14.7,,0,,,,,,,,0,,5.7,,,,,
-52.7,47.56666666666667,ST JOHN'S,8403500,8403500.1936.6.26,1936-06-26 00:00:00,NL,1936,6,26,15,,8.9,,21.1,,0,,0,,0,,,,,,,,0,,3,,,,,
-52.7,47.56666666666667,ST JOHN'S,8403500,8403500.1936.6.27,1936-06-27 00:00:00,NL,1936,6,27,15.3,,11.7,,18.9,,0,,0,,0,,,,,,,,0,,2.7,,,,,
-52.7,47.56666666666667,ST JOHN'S,8403500,8403500.1936.6.28,1936-06-28 00:00:00,NL,1936,6,28,11.1,,8.3,,13.9,,1.5,,1.5,,0,,,,,,,,0,,6.9,,,,,
-52.7,47.56666666666667,ST JOHN'S,8403500,8403500.1936.6.29,1936-06-29 00:00:00,NL,1936,6,29,14.8,,8.9,,20.6,,0,,0,,0,,,,,,,,0,,3.2,,,,,
-52.7,47.56666666666667,ST JOHN'S,8403500,8403500.1936.6.30,1936-06-30 00:00:00,NL,1936,6,30,12.5,,8.9,,16.1,,1.5,,1.5,,0,,,,,,,,0,,5.5,,,,,
-52.7,47.56666666666667,ST JOHN'S,8403500,8403500.1936.7.1,1936-07-01 00:00:00,NL,1936,7,1,12.8,,8.3,,17.2,,0,T,0,T,0,,,,,,,,0,,5.2,,,,,
-52.7,47.56666666666667,ST JOHN'S,8403500,8403500.1936.7.2,1936-07-02 00:00:00,NL,1936,7,2,13.3,,9.4,,17.2,,0.3,,0.3,,0,,,,,,,,0,,4.7,,,,,
-52.7,47.56666666666667,ST JOHN'S,8403500,8403500.1936.7.3,1936-07-03 00:00:00,NL,1936,7,3,14.5,,6.7,,22.2,,0,,0,,0,,,,,,,,0,,3.5,,,,,
-52.7,47.56666666666667,ST JOHN'S,8403500,8403500.1936.7.4,1936-07-04 00:00:00,NL,1936,7,4,14.5,,8.9,,20,,0,,0,,0,,,,,,,,0,,3.5,,,,,
-52.7,47.56666666666667,ST JOHN'S,8403500,8403500.1936.7.5,1936-07-05 00:00:00,NL,1936,7,5,14.8,,10.6,,18.9,,0.3,,0.3,,0,,,,,,,,0,,3.2,,,,,
-52.7,47.56666666666667,ST JOHN'S,8403500,8403500.1936.7.6,1936-07-06 00:00:00,NL,1936,7,6,14.5,,10,,18.9,,0,,0,,0,,,,,,,,0,,3.5,,,,,
-52.7,47.56666666666667,ST JOHN'S,8403500,8403500.1936.7.7,1936-07-07 00:00:00,NL,1936,7,7,15.6,,10,,21.1,,0.5,,0.5,,0,,,,,,,,0,,2.4,,,,,
-52.7,47.56666666666667,ST JOHN'S,8403500,8403500.1936.7.8,1936-07-08 00:00:00,NL,1936,7,8,14.5,,10,,18.9,,0.5,,0.5,,0,,,,,,,,0,,3.5,,,,,
-52.7,47.56666666666667,ST JOHN'S,8403500,8403500.1936.7.9,1936-07-09 00:00:00,NL,1936,7,9,13.6,,7.2,,20,,0.3,,0.3,,0,,,,,,,,0,,4.4,,,,,
-52.7,47.56666666666667,ST JOHN'S,8403500,8403500.1936.7.10,1936-07-10 00:00:00,NL,1936,7,10,14.5,,7.2,,21.7,,0,,0,,0,,,,,,,,0,,3.5,,,,,
-52.7,47.56666666666667,ST JOHN'S,8403500,8403500.1936.7.11,1936-07-11 00:00:00,NL,1936,7,11,18.4,,11.1,,25.6,,0,,0,,0,,,,,,,,0.4,,0,,,,,
-52.7,47.56666666666667,ST JOHN'S,8403500,8403500.1936.7.12,1936-07-12 00:00:00,NL,1936,7,12,10.6,,7.8,,13.3,,0,,0,,0,,,,,,,,0,,7.4,,,,,
-52.7,47.56666666666667,ST JOHN'S,8403500,8403500.1936.7.13,1936-07-13 00:00:00,NL,1936,7,13,11.4,,5,,17.8,,0,,0,,0,,,,,,,,0,,6.6,,,,,
-52.7,47.56666666666667,ST JOHN'S,8403500,8403500.1936.7.14,1936-07-14 00:00:00,NL,1936,7,14,11.4,,6.7,,16.1,,2,,2,,0,,,,,,,,0,,6.6,,,,,
-52.7,47.56666666666667,ST JOHN'S,8403500,8403500.1936.7.15,1936-07-15 00:00:00,NL,1936,7,15,13.1,,9.4,,16.7,,7.1,,7.1,,0,,,,,,,,0,,4.9,,,,,
-52.7,47.56666666666667,ST JOHN'S,8403500,8403500.1936.7.16,1936-07-16 00:00:00,NL,1936,7,16,18.6,,14.4,,22.8,,0,,0,,0,,,,,,,,0.6,,0,,,,,
-52.7,47.56666666666667,ST JOHN'S,8403500,8403500.1936.7.17,1936-07-17 00:00:00,NL,1936,7,17,15.6,,11.7,,19.4,,0,T,0,T,0,,,,,,,,0,,2.4,,,,,
-52.7,47.56666666666667,ST JOHN'S,8403500,8403500.1936.7.18,1936-07-18 00:00:00,NL,1936,7,18,13.4,,8.9,,17.8,,0.3,,0.3,,0,,,,,,,,0,,4.6,,,,,
-52.7,47.56666666666667,ST JOHN'S,8403500,8403500.1936.7.19,1936-07-19 00:00:00,NL,1936,7,19,17.3,,10.6,,23.9,,0,T,0,T,0,,,,,,,,0,,0.7,,,,,
-52.7,47.56666666666667,ST JOHN'S,8403500,8403500.1936.7.20,1936-07-20 00:00:00,NL,1936,7,20,15.3,,11.7,,18.9,,0,T,0,T,0,,,,,,,,0,,2.7,,,,,
-52.7,47.56666666666667,ST JOHN'S,8403500,8403500.1936.7.21,1936-07-21 00:00:00,NL,1936,7,21,14.5,,10,,18.9,,0,T,0,T,0,,,,,,,,0,,3.5,,,,,
-52.7,47.56666666666667,ST JOHN'S,8403500,8403500.1936.7.22,1936-07-22 00:00:00,NL,1936,7,22,16.7,,11.7,,21.7,,0,,0,,0,,,,,,,,0,,1.3,,,,,
-52.7,47.56666666666667,ST JOHN'S,8403500,8403500.1936.7.23,1936-07-23 00:00:00,NL,1936,7,23,13.1,,10.6,,15.6,,0,T,0,T,0,,,,,,,,0,,4.9,,,,,
-52.7,47.56666666666667,ST JOHN'S,8403500,8403500.1936.7.24,1936-07-24 00:00:00,NL,1936,7,24,13.9,,7.2,,20.6,,0.3,,0.3,,0,,,,,,,,0,,4.1,,,,,
-52.7,47.56666666666667,ST JOHN'S,8403500,8403500.1936.7.25,1936-07-25 00:00:00,NL,1936,7,25,14.7,,10,,19.4,,1,,1,,0,,,,,,,,0,,3.3,,,,,
-52.7,47.56666666666667,ST JOHN'S,8403500,8403500.1936.7.26,1936-07-26 00:00:00,NL,1936,7,26,18.9,,16.1,,21.7,,14.7,,14.7,,0,,,,,,,,0.9,,0,,,,,
-52.7,47.56666666666667,ST JOHN'S,8403500,8403500.1936.7.27,1936-07-27 00:00:00,NL,1936,7,27,16.4,,15,,17.8,,11.7,,11.7,,0,,,,,,,,0,,1.6,,,,,
-52.7,47.56666666666667,ST JOHN'S,8403500,8403500.1936.7.28,1936-07-28 00:00:00,NL,1936,7,28,16.7,,11.1,,22.2,,0,,0,,0,,,,,,,,0,,1.3,,,,,
-52.7,47.56666666666667,ST JOHN'S,8403500,8403500.1936.7.29,1936-07-29 00:00:00,NL,1936,7,29,18.6,,11.1,,26.1,,0,,0,,0,,,,,,,,0.6,,0,,,,,
-52.7,47.56666666666667,ST JOHN'S,8403500,8403500.1936.7.30,1936-07-30 00:00:00,NL,1936,7,30,18.6,,15,,22.2,,18.3,,18.3,,0,,,,,,,,0.6,,0,,,,,
-52.7,47.56666666666667,ST JOHN'S,8403500,8403500.1936.7.31,1936-07-31 00:00:00,NL,1936,7,31,19.5,,15.6,,23.3,,0,,0,,0,,,,,,,,1.5,,0,,,,,
-52.7,47.56666666666667,ST JOHN'S,8403500,8403500.1936.8.1,1936-08-01 00:00:00,NL,1936,8,1,19.2,,14.4,,23.9,,0,,0,,0,,,,,,,,1.2,,0,,,,,
-52.7,47.56666666666667,ST JOHN'S,8403500,8403500.1936.8.2,1936-08-02 00:00:00,NL,1936,8,2,18.6,,12.8,,24.4,,0.5,,0.5,,0,,,,,,,,0.6,,0,,,,,
-52.7,47.56666666666667,ST JOHN'S,8403500,8403500.1936.8.3,1936-08-03 00:00:00,NL,1936,8,3,19.5,,15.6,,23.3,,0,T,0,T,0,,,,,,,,1.5,,0,,,,,
-52.7,47.56666666666667,ST JOHN'S,8403500,8403500.1936.8.4,1936-08-04 00:00:00,NL,1936,8,4,18.4,,12.8,,23.9,,0.5,,0.5,,0,,,,,,,,0.4,,0,,,,,
-52.7,47.56666666666667,ST JOHN'S,8403500,8403500.1936.8.5,1936-08-05 00:00:00,NL,1936,8,5,19.5,,16.1,,22.8,,0,T,0,T,0,,,,,,,,1.5,,0,,,,,
-52.7,47.56666666666667,ST JOHN'S,8403500,8403500.1936.8.6,1936-08-06 00:00:00,NL,1936,8,6,18.1,,14.4,,21.7,,0,,0,,0,,,,,,,,0.1,,0,,,,,
-52.7,47.56666666666667,ST JOHN'S,8403500,8403500.1936.8.7,1936-08-07 00:00:00,NL,1936,8,7,15.3,,11.7,,18.9,,0,T,0,T,0,,,,,,,,0,,2.7,,,,,
-52.7,47.56666666666667,ST JOHN'S,8403500,8403500.1936.8.8,1936-08-08 00:00:00,NL,1936,8,8,19.7,,16.1,,23.3,,0,,0,,0,,,,,,,,1.7,,0,,,,,
-52.7,47.56666666666667,ST JOHN'S,8403500,8403500.1936.8.9,1936-08-09 00:00:00,NL,1936,8,9,20,,13.9,,26.1,,0,,0,,0,,,,,,,,2,,0,,,,,
-52.7,47.56666666666667,ST JOHN'S,8403500,8403500.1936.8.10,1936-08-10 00:00:00,NL,1936,8,10,17.2,,12.2,,22.2,,42.2,,42.2,,0,,,,,,,,0,,0.8,,,,,
-52.7,47.56666666666667,ST JOHN'S,8403500,8403500.1936.8.11,1936-08-11 00:00:00,NL,1936,8,11,21.4,,15.6,,27.2,,0,,0,,0,,,,,,,,3.4,,0,,,,,
-52.7,47.56666666666667,ST JOHN'S,8403500,8403500.1936.8.12,1936-08-12 00:00:00,NL,1936,8,12,20.9,,16.7,,25,,0,T,0,T,0,,,,,,,,2.9,,0,,,,,
-52.7,47.56666666666667,ST JOHN'S,8403500,8403500.1936.8.13,1936-08-13 00:00:00,NL,1936,8,13,15.3,,13.9,,16.7,,11.4,,11.4,,0,,,,,,,,0,,2.7,,,,,
-52.7,47.56666666666667,ST JOHN'S,8403500,8403500.1936.8.14,1936-08-14 00:00:00,NL,1936,8,14,18.9,,15,,22.8,,0,,0,,0,,,,,,,,0.9,,0,,,,,
-52.7,47.56666666666667,ST JOHN'S,8403500,8403500.1936.8.15,1936-08-15 00:00:00,NL,1936,8,15,15.6,,11.1,,20,,0,T,0,T,0,,,,,,,,0,,2.4,,,,,
-52.7,47.56666666666667,ST JOHN'S,8403500,8403500.1936.8.16,1936-08-16 00:00:00,NL,1936,8,16,15.3,,11.7,,18.9,,17.3,,17.3,,0,,,,,,,,0,,2.7,,,,,
-52.7,47.56666666666667,ST JOHN'S,8403500,8403500.1936.8.17,1936-08-17 00:00:00,NL,1936,8,17,20.3,,16.7,,23.9,,0,,0,,0,,,,,,,,2.3,,0,,,,,
-52.7,47.56666666666667,ST JOHN'S,8403500,8403500.1936.8.18,1936-08-18 00:00:00,NL,1936,8,18,17,,15,,18.9,,0,,0,,0,,,,,,,,0,,1,,,,,
-52.7,47.56666666666667,ST JOHN'S,8403500,8403500.1936.8.19,1936-08-19 00:00:00,NL,1936,8,19,17,,11.7,,22.2,,0,,0,,0,,,,,,,,0,,1,,,,,
-52.7,47.56666666666667,ST JOHN'S,8403500,8403500.1936.8.20,1936-08-20 00:00:00,NL,1936,8,20,16.2,,11.7,,20.6,,0.5,,0.5,,0,,,,,,,,0,,1.8,,,,,
-52.7,47.56666666666667,ST JOHN'S,8403500,8403500.1936.8.21,1936-08-21 00:00:00,NL,1936,8,21,14.2,,10,,18.3,,0,,0,,0,,,,,,,,0,,3.8,,,,,
-52.7,47.56666666666667,ST JOHN'S,8403500,8403500.1936.8.22,1936-08-22 00:00:00,NL,1936,8,22,13.4,,10.6,,16.1,,0,,0,,0,,,,,,,,0,,4.6,,,,,
-52.7,47.56666666666667,ST JOHN'S,8403500,8403500.1936.8.23,1936-08-23 00:00:00,NL,1936,8,23,13.4,,8.9,,17.8,,0,,0,,0,,,,,,,,0,,4.6,,,,,
-52.7,47.56666666666667,ST JOHN'S,8403500,8403500.1936.8.24,1936-08-24 00:00:00,NL,1936,8,24,12.8,,11.1,,14.4,,29,,29,,0,,,,,,,,0,,5.2,,,,,
-52.7,47.56666666666667,ST JOHN'S,8403500,8403500.1936.8.25,1936-08-25 00:00:00,NL,1936,8,25,15,,12.2,,17.8,,1.5,,1.5,,0,,,,,,,,0,,3,,,,,
-52.7,47.56666666666667,ST JOHN'S,8403500,8403500.1936.8.26,1936-08-26 00:00:00,NL,1936,8,26,12.5,,11.1,,13.9,,7.4,,7.4,,0,,,,,,,,0,,5.5,,,,,
-52.7,47.56666666666667,ST JOHN'S,8403500,8403500.1936.8.27,1936-08-27 00:00:00,NL,1936,8,27,11.7,,10.6,,12.8,,0.5,,0.5,,0,,,,,,,,0,,6.3,,,,,
-52.7,47.56666666666667,ST JOHN'S,8403500,8403500.1936.8.28,1936-08-28 00:00:00,NL,1936,8,28,10,,8.3,,11.7,,5.1,,5.1,,0,,,,,,,,0,,8,,,,,
-52.7,47.56666666666667,ST JOHN'S,8403500,8403500.1936.8.29,1936-08-29 00:00:00,NL,1936,8,29,10.9,,7.8,,13.9,,3.6,,3.6,,0,,,,,,,,0,,7.1,,,,,
-52.7,47.56666666666667,ST JOHN'S,8403500,8403500.1936.8.30,1936-08-30 00:00:00,NL,1936,8,30,10.8,,7.2,,14.4,,0,T,0,T,0,,,,,,,,0,,7.2,,,,,
-52.7,47.56666666666667,ST JOHN'S,8403500,8403500.1936.8.31,1936-08-31 00:00:00,NL,1936,8,31,12,,5.6,,18.3,,25.1,,25.1,,0,,,,,,,,0,,6,,,,,
-52.7,47.56666666666667,ST JOHN'S,8403500,8403500.1936.9.1,1936-09-01 00:00:00,NL,1936,9,1,16.7,,12.2,,21.1,,1.5,,1.5,,0,,,,,,,,0,,1.3,,,,,
-52.7,47.56666666666667,ST JOHN'S,8403500,8403500.1936.9.2,1936-09-02 00:00:00,NL,1936,9,2,16.1,,12.8,,19.4,,0,T,0,T,0,,,,,,,,0,,1.9,,,,,
-52.7,47.56666666666667,ST JOHN'S,8403500,8403500.1936.9.3,1936-09-03 00:00:00,NL,1936,9,3,16.1,,11.1,,21.1,,0,,0,,0,,,,,,,,0,,1.9,,,,,
-52.7,47.56666666666667,ST JOHN'S,8403500,8403500.1936.9.4,1936-09-04 00:00:00,NL,1936,9,4,12.2,,9.4,,15,,16.3,,16.3,,0,,,,,,,,0,,5.8,,,,,
-52.7,47.56666666666667,ST JOHN'S,8403500,8403500.1936.9.5,1936-09-05 00:00:00,NL,1936,9,5,9.5,,8.3,,10.6,,1,,1,,0,,,,,,,,0,,8.5,,,,,
-52.7,47.56666666666667,ST JOHN'S,8403500,8403500.1936.9.6,1936-09-06 00:00:00,NL,1936,9,6,10.6,,8.3,,12.8,,1,,1,,0,,,,,,,,0,,7.4,,,,,
-52.7,47.56666666666667,ST JOHN'S,8403500,8403500.1936.9.7,1936-09-07 00:00:00,NL,1936,9,7,11.4,,6.7,,16.1,,0.5,,0.5,,0,,,,,,,,0,,6.6,,,,,
-52.7,47.56666666666667,ST JOHN'S,8403500,8403500.1936.9.8,1936-09-08 00:00:00,NL,1936,9,8,13.6,,9.4,,17.8,,0,,0,,0,,,,,,,,0,,4.4,,,,,
-52.7,47.56666666666667,ST JOHN'S,8403500,8403500.1936.9.9,1936-09-09 00:00:00,NL,1936,9,9,12.5,,7.8,,17.2,,0,,0,,0,,,,,,,,0,,5.5,,,,,
-52.7,47.56666666666667,ST JOHN'S,8403500,8403500.1936.9.10,1936-09-10 00:00:00,NL,1936,9,10,11.4,,7.2,,15.6,,5.1,,5.1,,0,,,,,,,,0,,6.6,,,,,
-52.7,47.56666666666667,ST JOHN'S,8403500,8403500.1936.9.11,1936-09-11 00:00:00,NL,1936,9,11,14.7,,10,,19.4,,0,T,0,T,0,,,,,,,,0,,3.3,,,,,
-52.7,47.56666666666667,ST JOHN'S,8403500,8403500.1936.9.12,1936-09-12 00:00:00,NL,1936,9,12,13.1,,8.9,,17.2,,2.5,,2.5,,0,,,,,,,,0,,4.9,,,,,
-52.7,47.56666666666667,ST JOHN'S,8403500,8403500.1936.9.13,1936-09-13 00:00:00,NL,1936,9,13,13.4,,8.9,,17.8,,1,,1,,0,,,,,,,,0,,4.6,,,,,
-52.7,47.56666666666667,ST JOHN'S,8403500,8403500.1936.9.14,1936-09-14 00:00:00,NL,1936,9,14,9.4,,4.4,,14.4,,4.3,,4.3,,0,,,,,,,,0,,8.6,,,,,
-52.7,47.56666666666667,ST JOHN'S,8403500,8403500.1936.9.15,1936-09-15 00:00:00,NL,1936,9,15,6.7,,4.4,,8.9,,0,,0,,0,,,,,,,,0,,11.3,,,,,
-52.7,47.56666666666667,ST JOHN'S,8403500,8403500.1936.9.16,1936-09-16 00:00:00,NL,1936,9,16,9.8,,3.9,,15.6,,3.8,,3.8,,0,,,,,,,,0,,8.2,,,,,
-52.7,47.56666666666667,ST JOHN'S,8403500,8403500.1936.9.17,1936-09-17 00:00:00,NL,1936,9,17,14.2,,11.7,,16.7,,0,T,0,T,0,,,,,,,,0,,3.8,,,,,
-52.7,47.56666666666667,ST JOHN'S,8403500,8403500.1936.9.18,1936-09-18 00:00:00,NL,1936,9,18,11.4,,8.3,,14.4,,0,,0,,0,,,,,,,,0,,6.6,,,,,
-52.7,47.56666666666667,ST JOHN'S,8403500,8403500.1936.9.19,1936-09-19 00:00:00,NL,1936,9,19,12.5,,8.9,,16.1,,28.7,,28.7,,0,,,,,,,,0,,5.5,,,,,
-52.7,47.56666666666667,ST JOHN'S,8403500,8403500.1936.9.20,1936-09-20 00:00:00,NL,1936,9,20,7.8,,6.7,,8.9,,17.8,,17.8,,0,,,,,,,,0,,10.2,,,,,
-52.7,47.56666666666667,ST JOHN'S,8403500,8403500.1936.9.21,1936-09-21 00:00:00,NL,1936,9,21,8.1,,6.1,,10,,0,,0,,0,,,,,,,,0,,9.9,,,,,
-52.7,47.56666666666667,ST JOHN'S,8403500,8403500.1936.9.22,1936-09-22 00:00:00,NL,1936,9,22,10.6,,4.4,,16.7,,0,,0,,0,,,,,,,,0,,7.4,,,,,
-52.7,47.56666666666667,ST JOHN'S,8403500,8403500.1936.9.23,1936-09-23 00:00:00,NL,1936,9,23,15.3,,11.1,,19.4,,0,,0,,0,,,,,,,,0,,2.7,,,,,
-52.7,47.56666666666667,ST JOHN'S,8403500,8403500.1936.9.24,1936-09-24 00:00:00,NL,1936,9,24,17,,11.1,,22.8,,0,,0,,0,,,,,,,,0,,1,,,,,
-52.7,47.56666666666667,ST JOHN'S,8403500,8403500.1936.9.25,1936-09-25 00:00:00,NL,1936,9,25,16.4,,12.8,,20,,1.8,,1.8,,0,,,,,,,,0,,1.6,,,,,
-52.7,47.56666666666667,ST JOHN'S,8403500,8403500.1936.9.26,1936-09-26 00:00:00,NL,1936,9,26,11.2,,6.7,,15.6,,16.5,,16.5,,0,,,,,,,,0,,6.8,,,,,
-52.7,47.56666666666667,ST JOHN'S,8403500,8403500.1936.9.27,1936-09-27 00:00:00,NL,1936,9,27,7.5,,5,,10,,0.8,,0.8,,0,,,,,,,,0,,10.5,,,,,
-52.7,47.56666666666667,ST JOHN'S,8403500,8403500.1936.9.28,1936-09-28 00:00:00,NL,1936,9,28,9.5,,5.6,,13.3,,7.6,,7.6,,0,,,,,,,,0,,8.5,,,,,
-52.7,47.56666666666667,ST JOHN'S,8403500,8403500.1936.9.29,1936-09-29 00:00:00,NL,1936,9,29,7.8,,6.1,,9.4,,0.5,,0.5,,0,,,,,,,,0,,10.2,,,,,
-52.7,47.56666666666667,ST JOHN'S,8403500,8403500.1936.9.30,1936-09-30 00:00:00,NL,1936,9,30,6.1,,2.8,,9.4,,0,T,0,T,0,,,,,,,,0,,11.9,,,,,
-52.7,47.56666666666667,ST JOHN'S,8403500,8403500.1936.10.1,1936-10-01 00:00:00,NL,1936,10,1,7.5,,2.8,,12.2,,0,,0,,0,,,,,,,,0,,10.5,,,,,
-52.7,47.56666666666667,ST JOHN'S,8403500,8403500.1936.10.2,1936-10-02 00:00:00,NL,1936,10,2,10.6,,6.1,,15,,0.3,,0.3,,0,,,,,,,,0,,7.4,,,,,
-52.7,47.56666666666667,ST JOHN'S,8403500,8403500.1936.10.3,1936-10-03 00:00:00,NL,1936,10,3,9.2,,5,,13.3,,0,,0,,0,,,,,,,,0,,8.8,,,,,
-52.7,47.56666666666667,ST JOHN'S,8403500,8403500.1936.10.4,1936-10-04 00:00:00,NL,1936,10,4,7.2,,4.4,,10,,0,,0,,0,,,,,,,,0,,10.8,,,,,
-52.7,47.56666666666667,ST JOHN'S,8403500,8403500.1936.10.5,1936-10-05 00:00:00,NL,1936,10,5,6.4,,2.2,,10.6,,6.4,,6.4,,0,,,,,,,,0,,11.6,,,,,
-52.7,47.56666666666667,ST JOHN'S,8403500,8403500.1936.10.6,1936-10-06 00:00:00,NL,1936,10,6,4.2,,0.6,,7.8,,0,,0,,0,,,,,,,,0,,13.8,,,,,
-52.7,47.56666666666667,ST JOHN'S,8403500,8403500.1936.10.7,1936-10-07 00:00:00,NL,1936,10,7,5.6,,-0.6,,11.7,,0,,0,,0,,,,,,,,0,,12.4,,,,,
-52.7,47.56666666666667,ST JOHN'S,8403500,8403500.1936.10.8,1936-10-08 00:00:00,NL,1936,10,8,10.3,,7.2,,13.3,,4.3,,4.3,,0,,,,,,,,0,,7.7,,,,,
-52.7,47.56666666666667,ST JOHN'S,8403500,8403500.1936.10.9,1936-10-09 00:00:00,NL,1936,10,9,10.8,,8.3,,13.3,,0,T,0,T,0,,,,,,,,0,,7.2,,,,,
-52.7,47.56666666666667,ST JOHN'S,8403500,8403500.1936.10.10,1936-10-10 00:00:00,NL,1936,10,10,9.7,,6.1,,13.3,,1.3,,1.3,,0,,,,,,,,0,,8.3,,,,,
-52.7,47.56666666666667,ST JOHN'S,8403500,8403500.1936.10.11,1936-10-11 00:00:00,NL,1936,10,11,12.3,,5.6,,18.9,,6.6,,6.6,,0,,,,,,,,0,,5.7,,,,,
-52.7,47.56666666666667,ST JOHN'S,8403500,8403500.1936.10.12,1936-10-12 00:00:00,NL,1936,10,12,16.1,,12.2,,20,,0.5,,0.5,,0,,,,,,,,0,,1.9,,,,,
-52.7,47.56666666666667,ST JOHN'S,8403500,8403500.1936.10.13,1936-10-13 00:00:00,NL,1936,10,13,6.7,,5.6,,7.8,,0,,0,,0,,,,,,,,0,,11.3,,,,,
-52.7,47.56666666666667,ST JOHN'S,8403500,8403500.1936.10.14,1936-10-14 00:00:00,NL,1936,10,14,4.8,,1.7,,7.8,,0,,0,,0,,,,,,,,0,,13.2,,,,,
-52.7,47.56666666666667,ST JOHN'S,8403500,8403500.1936.10.15,1936-10-15 00:00:00,NL,1936,10,15,3.4,,0,,6.7,,0,,0,,0,,,,,,,,0,,14.6,,,,,
-52.7,47.56666666666667,ST JOHN'S,8403500,8403500.1936.10.16,1936-10-16 00:00:00,NL,1936,10,16,7.5,,3.3,,11.7,,0,T,0,T,0,,,,,,,,0,,10.5,,,,,
-52.7,47.56666666666667,ST JOHN'S,8403500,8403500.1936.10.17,1936-10-17 00:00:00,NL,1936,10,17,11.2,,5.6,,16.7,,0,T,0,T,0,,,,,,,,0,,6.8,,,,,
-52.7,47.56666666666667,ST JOHN'S,8403500,8403500.1936.10.18,1936-10-18 00:00:00,NL,1936,10,18,11.7,,9.4,,13.9,,14.5,,14.5,,0,,,,,,,,0,,6.3,,,,,
-52.7,47.56666666666667,ST JOHN'S,8403500,8403500.1936.10.19,1936-10-19 00:00:00,NL,1936,10,19,12.2,,9.4,,15,,7.4,,7.4,,0,,,,,,,,0,,5.8,,,,,
-52.7,47.56666666666667,ST JOHN'S,8403500,8403500.1936.10.20,1936-10-20 00:00:00,NL,1936,10,20,7.5,,5.6,,9.4,,0,,0,,0,,,,,,,,0,,10.5,,,,,
-52.7,47.56666666666667,ST JOHN'S,8403500,8403500.1936.10.21,1936-10-21 00:00:00,NL,1936,10,21,6.7,,3.9,,9.4,,0,T,0,T,0,,,,,,,,0,,11.3,,,,,
-52.7,47.56666666666667,ST JOHN'S,8403500,8403500.1936.10.22,1936-10-22 00:00:00,NL,1936,10,22,11.1,,5,,17.2,,0,,0,,0,,,,,,,,0,,6.9,,,,,
-52.7,47.56666666666667,ST JOHN'S,8403500,8403500.1936.10.23,1936-10-23 00:00:00,NL,1936,10,23,17.3,,13.9,,20.6,,3,,3,,0,,,,,,,,0,,0.7,,,,,
-52.7,47.56666666666667,ST JOHN'S,8403500,8403500.1936.10.24,1936-10-24 00:00:00,NL,1936,10,24,13.1,,5.6,,20.6,,14.5,,14.5,,0,,,,,,,,0,,4.9,,,,,
-52.7,47.56666666666667,ST JOHN'S,8403500,8403500.1936.10.25,1936-10-25 00:00:00,NL,1936,10,25,4.2,,2.2,,6.1,,2.5,,2.5,,0,,,,,,,,0,,13.8,,,,,
-52.7,47.56666666666667,ST JOHN'S,8403500,8403500.1936.10.26,1936-10-26 00:00:00,NL,1936,10,26,4.2,,-0.6,,8.9,,1.5,,1.5,,0,,,,,,,,0,,13.8,,,,,
-52.7,47.56666666666667,ST JOHN'S,8403500,8403500.1936.10.27,1936-10-27 00:00:00,NL,1936,10,27,5,,0,,10,,2.8,,2.8,,0,T,,,,,,,0,,13,,,,,
-52.7,47.56666666666667,ST JOHN'S,8403500,8403500.1936.10.28,1936-10-28 00:00:00,NL,1936,10,28,0,,-2.2,,2.2,,0,,0,,0,,,,,,,,0,,18,,,,,
-52.7,47.56666666666667,ST JOHN'S,8403500,8403500.1936.10.29,1936-10-29 00:00:00,NL,1936,10,29,3.3,,-0.6,,7.2,,5.1,,5.1,,0,,,,,,,,0,,14.7,,,,,
-52.7,47.56666666666667,ST JOHN'S,8403500,8403500.1936.10.30,1936-10-30 00:00:00,NL,1936,10,30,5.9,,5,,6.7,,18.3,,18.3,,0,,,,,,,,0,,12.1,,,,,
-52.7,47.56666666666667,ST JOHN'S,8403500,8403500.1936.10.31,1936-10-31 00:00:00,NL,1936,10,31,6.7,,2.2,,11.1,,31.2,,31.2,,0,,,,,,,,0,,11.3,,,,,
-52.7,47.56666666666667,ST JOHN'S,8403500,8403500.1936.11.1,1936-11-01 00:00:00,NL,1936,11,1,5.8,,2.2,,9.4,,0.5,,0.5,,0,,,,,,,,0,,12.2,,,,,
-52.7,47.56666666666667,ST JOHN'S,8403500,8403500.1936.11.2,1936-11-02 00:00:00,NL,1936,11,2,3.1,,-0.6,,6.7,,0,,0,,0,,,,,,,,0,,14.9,,,,,
-52.7,47.56666666666667,ST JOHN'S,8403500,8403500.1936.11.3,1936-11-03 00:00:00,NL,1936,11,3,6.1,,-1.1,,13.3,,1.8,,1.8,,0,,,,,,,,0,,11.9,,,,,
-52.7,47.56666666666667,ST JOHN'S,8403500,8403500.1936.11.4,1936-11-04 00:00:00,NL,1936,11,4,9.2,,4.4,,13.9,,0,T,0,T,0,,,,,,,,0,,8.8,,,,,
-52.7,47.56666666666667,ST JOHN'S,8403500,8403500.1936.11.5,1936-11-05 00:00:00,NL,1936,11,5,10.3,,4.4,,16.1,,11.9,,11.9,,0,,,,,,,,0,,7.7,,,,,
-52.7,47.56666666666667,ST JOHN'S,8403500,8403500.1936.11.6,1936-11-06 00:00:00,NL,1936,11,6,2,,0.6,,3.3,,0,T,0,,0,T,,,,,,,0,,16,,,,,
-52.7,47.56666666666667,ST JOHN'S,8403500,8403500.1936.11.7,1936-11-07 00:00:00,NL,1936,11,7,0,,-3.3,,3.3,,0,,0,,0,,,,,,,,0,,18,,,,,
-52.7,47.56666666666667,ST JOHN'S,8403500,8403500.1936.11.8,1936-11-08 00:00:00,NL,1936,11,8,2.2,,-0.6,,5,,10.2,,10.2,,0,,,,,,,,0,,15.8,,,,,
-52.7,47.56666666666667,ST JOHN'S,8403500,8403500.1936.11.9,1936-11-09 00:00:00,NL,1936,11,9,4.8,,3.9,,5.6,,14.2,,14.2,,0,,,,,,,,0,,13.2,,,,,
-52.7,47.56666666666667,ST JOHN'S,8403500,8403500.1936.11.10,1936-11-10 00:00:00,NL,1936,11,10,2.5,,1.1,,3.9,,14.2,,14.2,,0,,,,,,,,0,,15.5,,,,,
-52.7,47.56666666666667,ST JOHN'S,8403500,8403500.1936.11.11,1936-11-11 00:00:00,NL,1936,11,11,2,,0,,3.9,,31.2,,31.2,,0,T,,,,,,,0,,16,,,,,
-52.7,47.56666666666667,ST JOHN'S,8403500,8403500.1936.11.12,1936-11-12 00:00:00,NL,1936,11,12,1.4,,-0.6,,3.3,,0,T,0,T,0,,,,,,,,0,,16.6,,,,,
-52.7,47.56666666666667,ST JOHN'S,8403500,8403500.1936.11.13,1936-11-13 00:00:00,NL,1936,11,13,4.5,,0,,8.9,,0,,0,,0,,,,,,,,0,,13.5,,,,,
-52.7,47.56666666666667,ST JOHN'S,8403500,8403500.1936.11.14,1936-11-14 00:00:00,NL,1936,11,14,-0.3,,-0.6,,0,,3.6,,1.8,,1.8,,,,,,,,0,,18.3,,,,,
-52.7,47.56666666666667,ST JOHN'S,8403500,8403500.1936.11.15,1936-11-15 00:00:00,NL,1936,11,15,2.5,,-2.8,,7.8,,14,,14,,0,,,,,,,,0,,15.5,,,,,
-52.7,47.56666666666667,ST JOHN'S,8403500,8403500.1936.11.16,1936-11-16 00:00:00,NL,1936,11,16,5,,3.3,,6.7,,16.3,,16.3,,0,,,,,,,,0,,13,,,,,
-52.7,47.56666666666667,ST JOHN'S,8403500,8403500.1936.11.17,1936-11-17 00:00:00,NL,1936,11,17,2.3,,0.6,,3.9,,2.5,,0,,2.5,,,,,,,,0,,15.7,,,,,
-52.7,47.56666666666667,ST JOHN'S,8403500,8403500.1936.11.18,1936-11-18 00:00:00,NL,1936,11,18,1.4,,-1.1,,3.9,,3.8,,0.8,,3,,,,,,,,0,,16.6,,,,,
-52.7,47.56666666666667,ST JOHN'S,8403500,8403500.1936.11.19,1936-11-19 00:00:00,NL,1936,11,19,-1.4,,-6.1,,3.3,,30.5,,0,,30.5,,,,,,,,0,,19.4,,,,,
-52.7,47.56666666666667,ST JOHN'S,8403500,8403500.1936.11.20,1936-11-20 00:00:00,NL,1936,11,20,-1.7,,-6.7,,3.3,,1.5,,1.5,,0,,,,,,,,0,,19.7,,,,,
-52.7,47.56666666666667,ST JOHN'S,8403500,8403500.1936.11.21,1936-11-21 00:00:00,NL,1936,11,21,3.6,,-1.1,,8.3,,5.1,,5.1,,0,,,,,,,,0,,14.4,,,,,
-52.7,47.56666666666667,ST JOHN'S,8403500,8403500.1936.11.22,1936-11-22 00:00:00,NL,1936,11,22,8.1,,4.4,,11.7,,1.5,,1.5,,0,,,,,,,,0,,9.9,,,,,
-52.7,47.56666666666667,ST JOHN'S,8403500,8403500.1936.11.23,1936-11-23 00:00:00,NL,1936,11,23,8.1,,5.6,,10.6,,9.7,,9.7,,0,,,,,,,,0,,9.9,,,,,
-52.7,47.56666666666667,ST JOHN'S,8403500,8403500.1936.11.24,1936-11-24 00:00:00,NL,1936,11,24,2,,1.1,,2.8,,3.8,,0,,3.8,,,,,,,,0,,16,,,,,
-52.7,47.56666666666667,ST JOHN'S,8403500,8403500.1936.11.25,1936-11-25 00:00:00,NL,1936,11,25,1.4,,0.6,,2.2,,4.6,,0.8,,3.8,,,,,,,,0,,16.6,,,,,
-52.7,47.56666666666667,ST JOHN'S,8403500,8403500.1936.11.26,1936-11-26 00:00:00,NL,1936,11,26,6.7,,0,,13.3,,10.7,,10.7,,0,,,,,,,,0,,11.3,,,,,
-52.7,47.56666666666667,ST JOHN'S,8403500,8403500.1936.11.27,1936-11-27 00:00:00,NL,1936,11,27,9.2,,8.3,,10,,6.1,,6.1,,0,,,,,,,,0,,8.8,,,,,
-52.7,47.56666666666667,ST JOHN'S,8403500,8403500.1936.11.28,1936-11-28 00:00:00,NL,1936,11,28,3.6,,2.8,,4.4,,5.8,,5.8,,0,,,,,,,,0,,14.4,,,,,
-52.7,47.56666666666667,ST JOHN'S,8403500,8403500.1936.11.29,1936-11-29 00:00:00,NL,1936,11,29,1.7,,-2.2,,5.6,,2,,2,,0,,,,,,,,0,,16.3,,,,,
-52.7,47.56666666666667,ST JOHN'S,8403500,8403500.1936.11.30,1936-11-30 00:00:00,NL,1936,11,30,4.8,,2.8,,6.7,,7.4,,7.4,,0,,,,,,,,0,,13.2,,,,,
-52.7,47.56666666666667,ST JOHN'S,8403500,8403500.1936.12.1,1936-12-01 00:00:00,NL,1936,12,1,2.2,,0,,4.4,,3.8,,0,,3.8,,,,,,,,0,,15.8,,,,,
-52.7,47.56666666666667,ST JOHN'S,8403500,8403500.1936.12.2,1936-12-02 00:00:00,NL,1936,12,2,-2.5,,-5,,0,,0,,0,,0,,,,,,,,0,,20.5,,,,,
-52.7,47.56666666666667,ST JOHN'S,8403500,8403500.1936.12.3,1936-12-03 00:00:00,NL,1936,12,3,0.3,,-7.8,,8.3,,29.2,,29.2,,0,,,,,,,,0,,17.7,,,,,
-52.7,47.56666666666667,ST JOHN'S,8403500,8403500.1936.12.4,1936-12-04 00:00:00,NL,1936,12,4,5.8,,2.2,,9.4,,0,T,0,T,0,T,,,,,,,0,,12.2,,,,,
-52.7,47.56666666666667,ST JOHN'S,8403500,8403500.1936.12.5,1936-12-05 00:00:00,NL,1936,12,5,0.6,,0,,1.1,,0,T,0,,0,T,,,,,,,0,,17.4,,,,,
-52.7,47.56666666666667,ST JOHN'S,8403500,8403500.1936.12.6,1936-12-06 00:00:00,NL,1936,12,6,-2.5,,-5,,0,,0,,0,,0,,,,,,,,0,,20.5,,,,,
-52.7,47.56666666666667,ST JOHN'S,8403500,8403500.1936.12.7,1936-12-07 00:00:00,NL,1936,12,7,-0.8,,-7.2,,5.6,,1.5,,1.5,,0,,,,,,,,0,,18.8,,,,,
-52.7,47.56666666666667,ST JOHN'S,8403500,8403500.1936.12.8,1936-12-08 00:00:00,NL,1936,12,8,0.3,,-2.8,,3.3,,0,T,0,T,0,,,,,,,,0,,17.7,,,,,
-52.7,47.56666666666667,ST JOHN'S,8403500,8403500.1936.12.9,1936-12-09 00:00:00,NL,1936,12,9,-6.4,,-7.8,,-5,,0,,0,,0,,,,,,,,0,,24.4,,,,,
-52.7,47.56666666666667,ST JOHN'S,8403500,8403500.1936.12.10,1936-12-10 00:00:00,NL,1936,12,10,-5.3,,-8.9,,-1.7,,0,,0,,0,,,,,,,,0,,23.3,,,,,
-52.7,47.56666666666667,ST JOHN'S,8403500,8403500.1936.12.11,1936-12-11 00:00:00,NL,1936,12,11,2.2,,-6.7,,11.1,,1,,1,,0,,,,,,,,0,,15.8,,,,,
-52.7,47.56666666666667,ST JOHN'S,8403500,8403500.1936.12.12,1936-12-12 00:00:00,NL,1936,12,12,9.4,,4.4,,14.4,,8.9,,8.9,,0,,,,,,,,0,,8.6,,,,,
-52.7,47.56666666666667,ST JOHN'S,8403500,8403500.1936.12.13,1936-12-13 00:00:00,NL,1936,12,13,1.1,,-2.2,,4.4,,11.7,,11.7,,0,T,,,,,,,0,,16.9,,,,,
-52.7,47.56666666666667,ST JOHN'S,8403500,8403500.1936.12.14,1936-12-14 00:00:00,NL,1936,12,14,2.5,,-1.1,,6.1,,0.3,,0,,0.3,,,,,,,,0,,15.5,,,,,
-52.7,47.56666666666667,ST JOHN'S,8403500,8403500.1936.12.15,1936-12-15 00:00:00,NL,1936,12,15,-2.3,,-5.6,,1.1,,3.6,,0.5,,3,,,,,,,,0,,20.3,,,,,
-52.7,47.56666666666667,ST JOHN'S,8403500,8403500.1936.12.16,1936-12-16 00:00:00,NL,1936,12,16,-2.2,,-3.3,,-1.1,,0.3,,0,,0.3,,,,,,,,0,,20.2,,,,,
-52.7,47.56666666666667,ST JOHN'S,8403500,8403500.1936.12.17,1936-12-17 00:00:00,NL,1936,12,17,0.8,,-7.8,,9.4,,20.3,,20.3,,0,,,,,,,,0,,17.2,,,,,
-52.7,47.56666666666667,ST JOHN'S,8403500,8403500.1936.12.18,1936-12-18 00:00:00,NL,1936,12,18,1.7,,-1.1,,4.4,,3,,0,T,3,,,,,,,,0,,16.3,,,,,
-52.7,47.56666666666667,ST JOHN'S,8403500,8403500.1936.12.19,1936-12-19 00:00:00,NL,1936,12,19,-3.9,,-6.1,,-1.7,,0,,0,,0,,,,,,,,0,,21.9,,,,,
-52.7,47.56666666666667,ST JOHN'S,8403500,8403500.1936.12.20,1936-12-20 00:00:00,NL,1936,12,20,1.1,,-2.8,,5,,0.8,,0.8,,0,,,,,,,,0,,16.9,,,,,
-52.7,47.56666666666667,ST JOHN'S,8403500,8403500.1936.12.21,1936-12-21 00:00:00,NL,1936,12,21,3.9,,0,,7.8,,10.2,,10.2,,0,,,,,,,,0,,14.1,,,,,
-52.7,47.56666666666667,ST JOHN'S,8403500,8403500.1936.12.22,1936-12-22 00:00:00,NL,1936,12,22,3.4,,1.1,,5.6,,5.3,,0.3,,5.1,,,,,,,,0,,14.6,,,,,
-52.7,47.56666666666667,ST JOHN'S,8403500,8403500.1936.12.23,1936-12-23 00:00:00,NL,1936,12,23,-2.8,,-3.9,,-1.7,,2.5,,0,,2.5,,,,,,,,0,,20.8,,,,,
-52.7,47.56666666666667,ST JOHN'S,8403500,8403500.1936.12.24,1936-12-24 00:00:00,NL,1936,12,24,-4.2,,-9.4,,1.1,,0,T,0,,0,T,,,,,,,0,,22.2,,,,,
-52.7,47.56666666666667,ST JOHN'S,8403500,8403500.1936.12.25,1936-12-25 00:00:00,NL,1936,12,25,-3.6,,-8.3,,1.1,,0.8,,0,,0.8,,,,,,,,0,,21.6,,,,,
-52.7,47.56666666666667,ST JOHN'S,8403500,8403500.1936.12.26,1936-12-26 00:00:00,NL,1936,12,26,-9.5,,-11.1,,-7.8,,0.3,,0,,0.3,,,,,,,,0,,27.5,,,,,
-52.7,47.56666666666667,ST JOHN'S,8403500,8403500.1936.12.27,1936-12-27 00:00:00,NL,1936,12,27,-5.3,,-12.8,,2.2,,9.9,,6.1,,3.8,,,,,,,,0,,23.3,,,,,
-52.7,47.56666666666667,ST JOHN'S,8403500,8403500.1936.12.28,1936-12-28 00:00:00,NL,1936,12,28,2,,-2.8,,6.7,,3,,3,,0,,,,,,,,0,,16,,,,,
-52.7,47.56666666666667,ST JOHN'S,8403500,8403500.1936.12.29,1936-12-29 00:00:00,NL,1936,12,29,-4.5,,-5.6,,-3.3,,0,T,0,,0,T,,,,,,,0,,22.5,,,,,
-52.7,47.56666666666667,ST JOHN'S,8403500,8403500.1936.12.30,1936-12-30 00:00:00,NL,1936,12,30,-9.5,,-10.6,,-8.3,,0,,0,,0,,,,,,,,0,,27.5,,,,,
-52.7,47.56666666666667,ST JOHN'S,8403500,8403500.1936.12.31,1936-12-31 00:00:00,NL,1936,12,31,-2.5,,-12.8,,7.8,,0.3,,0.3,,0,,,,,,,,0,,20.5,,,,,
-52.7,47.56666666666667,ST JOHN'S,8403500,8403500.1937.1.1,1937-01-01 00:00:00,NL,1937,1,1,5.3,,0,,10.6,,2.8,,2.8,,0,,,,,,,,0,,12.7,,,,,
-52.7,47.56666666666667,ST JOHN'S,8403500,8403500.1937.1.2,1937-01-02 00:00:00,NL,1937,1,2,-5,,-7.8,,-2.2,,0,,0,,0,,,,,,,,0,,23,,,,,
-52.7,47.56666666666667,ST JOHN'S,8403500,8403500.1937.1.3,1937-01-03 00:00:00,NL,1937,1,3,1.4,,-10.6,,13.3,,16.3,,16.3,,0,,,,,,,,0,,16.6,,,,,
-52.7,47.56666666666667,ST JOHN'S,8403500,8403500.1937.1.4,1937-01-04 00:00:00,NL,1937,1,4,6.4,,-1.1,,13.9,,11.2,,11.2,,0,,,,,,,,0,,11.6,,,,,
-52.7,47.56666666666667,ST JOHN'S,8403500,8403500.1937.1.5,1937-01-05 00:00:00,NL,1937,1,5,-0.3,,-1.7,,1.1,,0,T,0,,0,T,,,,,,,0,,18.3,,,,,
-52.7,47.56666666666667,ST JOHN'S,8403500,8403500.1937.1.6,1937-01-06 00:00:00,NL,1937,1,6,-1.4,,-3.9,,1.1,,2.5,,0.3,,2.3,,,,,,,,0,,19.4,,,,,
-52.7,47.56666666666667,ST JOHN'S,8403500,8403500.1937.1.7,1937-01-07 00:00:00,NL,1937,1,7,-5.9,,-11.7,,0,,5.1,,0,,5.1,,,,,,,,0,,23.9,,,,,
-52.7,47.56666666666667,ST JOHN'S,8403500,8403500.1937.1.8,1937-01-08 00:00:00,NL,1937,1,8,-3.6,,-8.3,,1.1,,1.3,,0,,1.3,,,,,,,,0,,21.6,,,,,
-52.7,47.56666666666667,ST JOHN'S,8403500,8403500.1937.1.9,1937-01-09 00:00:00,NL,1937,1,9,-4.2,,-11.7,,3.3,,4.6,,2.5,,2,,,,,,,,0,,22.2,,,,,
-52.7,47.56666666666667,ST JOHN'S,8403500,8403500.1937.1.10,1937-01-10 00:00:00,NL,1937,1,10,-5.9,,-10,,-1.7,,4.6,,0,,4.6,,,,,,,,0,,23.9,,,,,
-52.7,47.56666666666667,ST JOHN'S,8403500,8403500.1937.1.11,1937-01-11 00:00:00,NL,1937,1,11,-10.3,,-12.2,,-8.3,,0,T,0,,0,T,,,,,,,0,,28.3,,,,,
-52.7,47.56666666666667,ST JOHN'S,8403500,8403500.1937.1.12,1937-01-12 00:00:00,NL,1937,1,12,-5,,-11.1,,1.1,,0.8,,0,,0.8,,,,,,,,0,,23,,,,,
-52.7,47.56666666666667,ST JOHN'S,8403500,8403500.1937.1.13,1937-01-13 00:00:00,NL,1937,1,13,-2.3,,-5.6,,1.1,,0.3,,0,,0.3,,,,,,,,0,,20.3,,,,,
-52.7,47.56666666666667,ST JOHN'S,8403500,8403500.1937.1.14,1937-01-14 00:00:00,NL,1937,1,14,-3.4,,-15,,8.3,,4.8,,4.8,,0,,,,,,,,0,,21.4,,,,,
-52.7,47.56666666666667,ST JOHN'S,8403500,8403500.1937.1.15,1937-01-15 00:00:00,NL,1937,1,15,0.6,,-4.4,,5.6,,15.2,,15,,0.3,,,,,,,,0,,17.4,,,,,
-52.7,47.56666666666667,ST JOHN'S,8403500,8403500.1937.1.16,1937-01-16 00:00:00,NL,1937,1,16,-4.2,,-6.1,,-2.2,,2.5,,0,,2.5,,,,,,,,0,,22.2,,,,,
-52.7,47.56666666666667,ST JOHN'S,8403500,8403500.1937.1.17,1937-01-17 00:00:00,NL,1937,1,17,-9.2,,-13.3,,-5,,0,,0,,0,,,,,,,,0,,27.2,,,,,
-52.7,47.56666666666667,ST JOHN'S,8403500,8403500.1937.1.18,1937-01-18 00:00:00,NL,1937,1,18,-1.4,,-10,,7.2,,9.4,,8.9,,0.5,,,,,,,,0,,19.4,,,,,
-52.7,47.56666666666667,ST JOHN'S,8403500,8403500.1937.1.19,1937-01-19 00:00:00,NL,1937,1,19,2.5,,0.6,,4.4,,0.3,,0.3,,0,,,,,,,,0,,15.5,,,,,
-52.7,47.56666666666667,ST JOHN'S,8403500,8403500.1937.1.20,1937-01-20 00:00:00,NL,1937,1,20,-11.4,,-12.8,,-10,,0,,0,,0,,,,,,,,0,,29.4,,,,,
-52.7,47.56666666666667,ST JOHN'S,8403500,8403500.1937.1.21,1937-01-21 00:00:00,NL,1937,1,21,-8.6,,-14.4,,-2.8,,9.4,,0,,9.4,,,,,,,,0,,26.6,,,,,
-52.7,47.56666666666667,ST JOHN'S,8403500,8403500.1937.1.22,1937-01-22 00:00:00,NL,1937,1,22,-5.8,,-9.4,,-2.2,,0.8,,0,,0.8,,,,,,,,0,,23.8,,,,,
-52.7,47.56666666666667,ST JOHN'S,8403500,8403500.1937.1.23,1937-01-23 00:00:00,NL,1937,1,23,-11.1,,-12.2,,-10,,0,,0,,0,,,,,,,,0,,29.1,,,,,
-52.7,47.56666666666667,ST JOHN'S,8403500,8403500.1937.1.24,1937-01-24 00:00:00,NL,1937,1,24,-11.7,,-12.8,,-10.6,,0,,0,,0,,,,,,,,0,,29.7,,,,,
-52.7,47.56666666666667,ST JOHN'S,8403500,8403500.1937.1.25,1937-01-25 00:00:00,NL,1937,1,25,-8.4,,-12.8,,-3.9,,7.1,,0.3,,6.9,,,,,,,,0,,26.4,,,,,
-52.7,47.56666666666667,ST JOHN'S,8403500,8403500.1937.1.26,1937-01-26 00:00:00,NL,1937,1,26,-9.8,,-11.7,,-7.8,,1.3,,0,,1.3,,,,,,,,0,,27.8,,,,,
-52.7,47.56666666666667,ST JOHN'S,8403500,8403500.1937.1.27,1937-01-27 00:00:00,NL,1937,1,27,-10,,-15,,-5,,1.8,,0,,1.8,,,,,,,,0,,28,,,,,
-52.7,47.56666666666667,ST JOHN'S,8403500,8403500.1937.1.28,1937-01-28 00:00:00,NL,1937,1,28,-15,,-17.8,,-12.2,,0,T,0,,0,T,,,,,,,0,,33,,,,,
-52.7,47.56666666666667,ST JOHN'S,8403500,8403500.1937.1.29,1937-01-29 00:00:00,NL,1937,1,29,-12.8,,-17.2,,-8.3,,0,T,0,,0,T,,,,,,,0,,30.8,,,,,
-52.7,47.56666666666667,ST JOHN'S,8403500,8403500.1937.1.30,1937-01-30 00:00:00,NL,1937,1,30,-6.7,,-10.6,,-2.8,,4.6,,0,,4.6,,,,,,,,0,,24.7,,,,,
-52.7,47.56666666666667,ST JOHN'S,8403500,8403500.1937.1.31,1937-01-31 00:00:00,NL,1937,1,31,-5.3,,-7.8,,-2.8,,2,,0,,2,,,,,,,,0,,23.3,,,,,
-52.7,47.56666666666667,ST JOHN'S,8403500,8403500.1937.2.1,1937-02-01 00:00:00,NL,1937,2,1,-3.4,,-5,,-1.7,,0.3,,0,T,0.3,,,,,,,,0,,21.4,,,,,
-52.7,47.56666666666667,ST JOHN'S,8403500,8403500.1937.2.2,1937-02-02 00:00:00,NL,1937,2,2,-2,,-2.8,,-1.1,,1.8,,0,T,1.8,,,,,,,,0,,20,,,,,
-52.7,47.56666666666667,ST JOHN'S,8403500,8403500.1937.2.3,1937-02-03 00:00:00,NL,1937,2,3,-2.5,,-2.8,,-2.2,,2,,0.5,,1.5,,,,,,,,0,,20.5,,,,,
-52.7,47.56666666666667,ST JOHN'S,8403500,8403500.1937.2.4,1937-02-04 00:00:00,NL,1937,2,4,-5,,-6.7,,-3.3,,0.3,,0,T,0.3,,,,,,,,0,,23,,,,,
-52.7,47.56666666666667,ST JOHN'S,8403500,8403500.1937.2.5,1937-02-05 00:00:00,NL,1937,2,5,-8.9,,-11.7,,-6.1,,0.5,,0,,0.5,,,,,,,,0,,26.9,,,,,
-52.7,47.56666666666667,ST JOHN'S,8403500,8403500.1937.2.6,1937-02-06 00:00:00,NL,1937,2,6,-9.2,,-14.4,,-3.9,,0.3,,0,,0.3,,,,,,,,0,,27.2,,,,,
-52.7,47.56666666666667,ST JOHN'S,8403500,8403500.1937.2.7,1937-02-07 00:00:00,NL,1937,2,7,-2.5,,-7.2,,2.2,,17.8,,16,,1.8,,,,,,,,0,,20.5,,,,,
-52.7,47.56666666666667,ST JOHN'S,8403500,8403500.1937.2.8,1937-02-08 00:00:00,NL,1937,2,8,-0.3,,-1.7,,1.1,,5.1,,3.6,,1.5,,,,,,,,0,,18.3,,,,,
-52.7,47.56666666666667,ST JOHN'S,8403500,8403500.1937.2.9,1937-02-09 00:00:00,NL,1937,2,9,-0.3,,-1.7,,1.1,,0.3,,0,,0.3,,,,,,,,0,,18.3,,,,,
-52.7,47.56666666666667,ST JOHN'S,8403500,8403500.1937.2.10,1937-02-10 00:00:00,NL,1937,2,10,1.4,,0,,2.8,,1.8,,1.8,,0,,,,,,,,0,,16.6,,,,,
-52.7,47.56666666666667,ST JOHN'S,8403500,8403500.1937.2.11,1937-02-11 00:00:00,NL,1937,2,11,-5.3,,-7.2,,-3.3,,6.4,,0,,6.4,,,,,,,,0,,23.3,,,,,
-52.7,47.56666666666667,ST JOHN'S,8403500,8403500.1937.2.12,1937-02-12 00:00:00,NL,1937,2,12,-12.8,,-14.4,,-11.1,,0,,0,,0,,,,,,,,0,,30.8,,,,,
-52.7,47.56666666666667,ST JOHN'S,8403500,8403500.1937.2.13,1937-02-13 00:00:00,NL,1937,2,13,-7.8,,-15.6,,0,,2,,0,,2,,,,,,,,0,,25.8,,,,,
-52.7,47.56666666666667,ST JOHN'S,8403500,8403500.1937.2.14,1937-02-14 00:00:00,NL,1937,2,14,-4.7,,-8.3,,-1.1,,1,,1,,0,,,,,,,,0,,22.7,,,,,
-52.7,47.56666666666667,ST JOHN'S,8403500,8403500.1937.2.15,1937-02-15 00:00:00,NL,1937,2,15,-0.9,,-8.9,,7.2,,23.9,,23.6,,0.3,,,,,,,,0,,18.9,,,,,
-52.7,47.56666666666667,ST JOHN'S,8403500,8403500.1937.2.16,1937-02-16 00:00:00,NL,1937,2,16,-1.1,,-4.4,,2.2,,1,,0,,1,,,,,,,,0,,19.1,,,,,
-52.7,47.56666666666667,ST JOHN'S,8403500,8403500.1937.2.17,1937-02-17 00:00:00,NL,1937,2,17,-5.3,,-7.8,,-2.8,,22.4,,0,,22.4,,,,,,,,0,,23.3,,,,,
-52.7,47.56666666666667,ST JOHN'S,8403500,8403500.1937.2.18,1937-02-18 00:00:00,NL,1937,2,18,-3.7,,-5.6,,-1.7,,19.3,,0,T,19.3,,,,,,,,0,,21.7,,,,,
-52.7,47.56666666666667,ST JOHN'S,8403500,8403500.1937.2.19,1937-02-19 00:00:00,NL,1937,2,19,-1.4,,-2.8,,0,,15.7,,1.8,,14,,,,,,,,0,,19.4,,,,,
-52.7,47.56666666666667,ST JOHN'S,8403500,8403500.1937.2.20,1937-02-20 00:00:00,NL,1937,2,20,-0.3,,-1.1,,0.6,,5.6,,0.5,,5.1,,,,,,,,0,,18.3,,,,,
-52.7,47.56666666666667,ST JOHN'S,8403500,8403500.1937.2.21,1937-02-21 00:00:00,NL,1937,2,21,-0.3,,-1.1,,0.6,,3.3,,2.8,,0.5,,,,,,,,0,,18.3,,,,,
-52.7,47.56666666666667,ST JOHN'S,8403500,8403500.1937.2.22,1937-02-22 00:00:00,NL,1937,2,22,0,,-0.6,,0.6,,3.6,,3.6,,0,T,,,,,,,0,,18,,,,,
-52.7,47.56666666666667,ST JOHN'S,8403500,8403500.1937.2.23,1937-02-23 00:00:00,NL,1937,2,23,0.9,,0,,1.7,,0,T,0,T,0,,,,,,,,0,,17.1,,,,,
-52.7,47.56666666666667,ST JOHN'S,8403500,8403500.1937.2.24,1937-02-24 00:00:00,NL,1937,2,24,-2.3,,-3.9,,-0.6,,0,,0,,0,,,,,,,,0,,20.3,,,,,
-52.7,47.56666666666667,ST JOHN'S,8403500,8403500.1937.2.25,1937-02-25 00:00:00,NL,1937,2,25,-0.6,,-2.8,,1.7,,5.8,,0,,5.8,,,,,,,,0,,18.6,,,,,
-52.7,47.56666666666667,ST JOHN'S,8403500,8403500.1937.2.26,1937-02-26 00:00:00,NL,1937,2,26,1.4,,-1.7,,4.4,,8.9,,0,T,8.9,,,,,,,,0,,16.6,,,,,
-52.7,47.56666666666667,ST JOHN'S,8403500,8403500.1937.2.27,1937-02-27 00:00:00,NL,1937,2,27,-1.1,,-3.3,,1.1,,0.3,,0,,0.3,,,,,,,,0,,19.1,,,,,
-52.7,47.56666666666667,ST JOHN'S,8403500,8403500.1937.2.28,1937-02-28 00:00:00,NL,1937,2,28,-3.6,,-6.1,,-1.1,,2,,0,,2,,,,,,,,0,,21.6,,,,,
-52.7,47.56666666666667,ST JOHN'S,8403500,8403500.1937.3.1,1937-03-01 00:00:00,NL,1937,3,1,-5.9,,-10,,-1.7,,0,,0,,0,,,,,,,,0,,23.9,,,,,
-52.7,47.56666666666667,ST JOHN'S,8403500,8403500.1937.3.2,1937-03-02 00:00:00,NL,1937,3,2,-3.9,,-9.4,,1.7,,0,,0,,0,,,,,,,,0,,21.9,,,,,
-52.7,47.56666666666667,ST JOHN'S,8403500,8403500.1937.3.3,1937-03-03 00:00:00,NL,1937,3,3,-3.6,,-5,,-2.2,,14.7,,0,,14.7,,,,,,,,0,,21.6,,,,,
-52.7,47.56666666666667,ST JOHN'S,8403500,8403500.1937.3.4,1937-03-04 00:00:00,NL,1937,3,4,-6.7,,-7.8,,-5.6,,2,,0,T,2,,,,,,,,0,,24.7,,,,,
-52.7,47.56666666666667,ST JOHN'S,8403500,8403500.1937.3.5,1937-03-05 00:00:00,NL,1937,3,5,-7.5,,-15.6,,0.6,,10.9,,0,,10.9,,,,,,,,0,,25.5,,,,,
-52.7,47.56666666666667,ST JOHN'S,8403500,8403500.1937.3.6,1937-03-06 00:00:00,NL,1937,3,6,-2.8,,-6.1,,0.6,,0.3,,0,T,0.3,,,,,,,,0,,20.8,,,,,
-52.7,47.56666666666667,ST JOHN'S,8403500,8403500.1937.3.7,1937-03-07 00:00:00,NL,1937,3,7,-3.9,,-10,,2.2,,18.3,,3,,15.2,,,,,,,,0,,21.9,,,,,
-52.7,47.56666666666667,ST JOHN'S,8403500,8403500.1937.3.8,1937-03-08 00:00:00,NL,1937,3,8,-6.7,,-7.8,,-5.6,,0,T,0,,0,T,,,,,,,0,,24.7,,,,,
-52.7,47.56666666666667,ST JOHN'S,8403500,8403500.1937.3.9,1937-03-09 00:00:00,NL,1937,3,9,-3.9,,-7.2,,-0.6,,12.7,,7.6,,5.1,,,,,,,,0,,21.9,,,,,
-52.7,47.56666666666667,ST JOHN'S,8403500,8403500.1937.3.10,1937-03-10 00:00:00,NL,1937,3,10,-1.4,,-3.3,,0.6,,0,T,0,T,0,,,,,,,,0,,19.4,,,,,
-52.7,47.56666666666667,ST JOHN'S,8403500,8403500.1937.3.11,1937-03-11 00:00:00,NL,1937,3,11,-5,,-8.3,,-1.7,,2.5,,0,,2.5,,,,,,,,0,,23,,,,,
-52.7,47.56666666666667,ST JOHN'S,8403500,8403500.1937.3.12,1937-03-12 00:00:00,NL,1937,3,12,-3.6,,-8.9,,1.7,,1.3,,0,,1.3,,,,,,,,0,,21.6,,,,,
-52.7,47.56666666666667,ST JOHN'S,8403500,8403500.1937.3.13,1937-03-13 00:00:00,NL,1937,3,13,-1.4,,-2.8,,0,,3.3,,0,,3.3,,,,,,,,0,,19.4,,,,,
-52.7,47.56666666666667,ST JOHN'S,8403500,8403500.1937.3.14,1937-03-14 00:00:00,NL,1937,3,14,-1.7,,-3.9,,0.6,,0.5,,0,,0.5,,,,,,,,0,,19.7,,,,,
-52.7,47.56666666666667,ST JOHN'S,8403500,8403500.1937.3.15,1937-03-15 00:00:00,NL,1937,3,15,-2.5,,-5,,0,,0,T,0,,0,T,,,,,,,0,,20.5,,,,,
-52.7,47.56666666666667,ST JOHN'S,8403500,8403500.1937.3.16,1937-03-16 00:00:00,NL,1937,3,16,-2.8,,-6.1,,0.6,,0.3,,0.3,,0,,,,,,,,0,,20.8,,,,,
-52.7,47.56666666666667,ST JOHN'S,8403500,8403500.1937.3.17,1937-03-17 00:00:00,NL,1937,3,17,1.7,,-1.7,,5,,27.4,,27.4,,0,,,,,,,,0,,16.3,,,,,
-52.7,47.56666666666667,ST JOHN'S,8403500,8403500.1937.3.18,1937-03-18 00:00:00,NL,1937,3,18,4.5,,1.7,,7.2,,0,T,0,T,0,T,,,,,,,0,,13.5,,,,,
-52.7,47.56666666666667,ST JOHN'S,8403500,8403500.1937.3.19,1937-03-19 00:00:00,NL,1937,3,19,2.2,,0,,4.4,,10.4,,10.4,,0,,,,,,,,0,,15.8,,,,,
-52.7,47.56666666666667,ST JOHN'S,8403500,8403500.1937.3.20,1937-03-20 00:00:00,NL,1937,3,20,0.9,,-1.1,,2.8,,0,,0,,0,,,,,,,,0,,17.1,,,,,
-52.7,47.56666666666667,ST JOHN'S,8403500,8403500.1937.3.21,1937-03-21 00:00:00,NL,1937,3,21,-0.9,,-3.9,,2.2,,0,T,0,,0,T,,,,,,,0,,18.9,,,,,
-52.7,47.56666666666667,ST JOHN'S,8403500,8403500.1937.3.22,1937-03-22 00:00:00,NL,1937,3,22,-3.1,,-5.6,,-0.6,,15.2,,0,,15.2,,,,,,,,0,,21.1,,,,,
-52.7,47.56666666666667,ST JOHN'S,8403500,8403500.1937.3.23,1937-03-23 00:00:00,NL,1937,3,23,-1.1,,-2.8,,0.6,,5.1,,0,T,5.1,,,,,,,,0,,19.1,,,,,
-52.7,47.56666666666667,ST JOHN'S,8403500,8403500.1937.3.24,1937-03-24 00:00:00,NL,1937,3,24,-2.2,,-4.4,,0,,0.8,,0,,0.8,,,,,,,,0,,20.2,,,,,
-52.7,47.56666666666667,ST JOHN'S,8403500,8403500.1937.3.25,1937-03-25 00:00:00,NL,1937,3,25,-3.4,,-5.6,,-1.1,,0,T,0,,0,T,,,,,,,0,,21.4,,,,,
-52.7,47.56666666666667,ST JOHN'S,8403500,8403500.1937.3.26,1937-03-26 00:00:00,NL,1937,3,26,-3.9,,-5.6,,-2.2,,0,T,0,,0,T,,,,,,,0,,21.9,,,,,
-52.7,47.56666666666667,ST JOHN'S,8403500,8403500.1937.3.27,1937-03-27 00:00:00,NL,1937,3,27,-2.5,,-5,,0,,0,T,0,,0,T,,,,,,,0,,20.5,,,,,
-52.7,47.56666666666667,ST JOHN'S,8403500,8403500.1937.3.28,1937-03-28 00:00:00,NL,1937,3,28,0,,-2.8,,2.8,,0,T,0,,0,T,,,,,,,0,,18,,,,,
-52.7,47.56666666666667,ST JOHN'S,8403500,8403500.1937.3.29,1937-03-29 00:00:00,NL,1937,3,29,-0.6,,-1.7,,0.6,,10.2,,0,,10.2,,,,,,,,0,,18.6,,,,,
-52.7,47.56666666666667,ST JOHN'S,8403500,8403500.1937.3.30,1937-03-30 00:00:00,NL,1937,3,30,-0.3,,-2.2,,1.7,,2.5,,0,,2.5,,,,,,,,0,,18.3,,,,,
-52.7,47.56666666666667,ST JOHN'S,8403500,8403500.1937.3.31,1937-03-31 00:00:00,NL,1937,3,31,-0.6,,-2.2,,1.1,,1.3,,0,,1.3,,,,,,,,0,,18.6,,,,,
-52.7,47.56666666666667,ST JOHN'S,8403500,8403500.1937.4.1,1937-04-01 00:00:00,NL,1937,4,1,-0.6,,-1.7,,0.6,,0,T,0,,0,T,,,,,,,0,,18.6,,,,,
-52.7,47.56666666666667,ST JOHN'S,8403500,8403500.1937.4.2,1937-04-02 00:00:00,NL,1937,4,2,-2,,-2.8,,-1.1,,0,T,0,,0,T,,,,,,,0,,20,,,,,
-52.7,47.56666666666667,ST JOHN'S,8403500,8403500.1937.4.3,1937-04-03 00:00:00,NL,1937,4,3,-2.5,,-3.9,,-1.1,,0,T,0,,0,T,,,,,,,0,,20.5,,,,,
-52.7,47.56666666666667,ST JOHN'S,8403500,8403500.1937.4.4,1937-04-04 00:00:00,NL,1937,4,4,-3.1,,-3.9,,-2.2,,0,T,0,,0,T,,,,,,,0,,21.1,,,,,
-52.7,47.56666666666667,ST JOHN'S,8403500,8403500.1937.4.5,1937-04-05 00:00:00,NL,1937,4,5,-1.7,,-3.3,,0,,0,T,0,,0,T,,,,,,,0,,19.7,,,,,
-52.7,47.56666666666667,ST JOHN'S,8403500,8403500.1937.4.6,1937-04-06 00:00:00,NL,1937,4,6,0.3,,-1.7,,2.2,,1,,0,,1,,,,,,,,0,,17.7,,,,,
-52.7,47.56666666666667,ST JOHN'S,8403500,8403500.1937.4.7,1937-04-07 00:00:00,NL,1937,4,7,2.3,,-1.1,,5.6,,3.8,,3.8,,0,,,,,,,,0,,15.7,,,,,
-52.7,47.56666666666667,ST JOHN'S,8403500,8403500.1937.4.8,1937-04-08 00:00:00,NL,1937,4,8,3.1,,1.1,,5,,0,,0,,0,,,,,,,,0,,14.9,,,,,
-52.7,47.56666666666667,ST JOHN'S,8403500,8403500.1937.4.9,1937-04-09 00:00:00,NL,1937,4,9,2.3,,0.6,,3.9,,0,,0,,0,,,,,,,,0,,15.7,,,,,
-52.7,47.56666666666667,ST JOHN'S,8403500,8403500.1937.4.10,1937-04-10 00:00:00,NL,1937,4,10,0.6,,-1.7,,2.8,,5.1,,5.1,,0,T,,,,,,,0,,17.4,,,,,
-52.7,47.56666666666667,ST JOHN'S,8403500,8403500.1937.4.11,1937-04-11 00:00:00,NL,1937,4,11,0.8,,-1.7,,3.3,,0,T,0,,0,T,,,,,,,0,,17.2,,,,,
-52.7,47.56666666666667,ST JOHN'S,8403500,8403500.1937.4.12,1937-04-12 00:00:00,NL,1937,4,12,0,,-1.7,,1.7,,0,,0,,0,,,,,,,,0,,18,,,,,
-52.7,47.56666666666667,ST JOHN'S,8403500,8403500.1937.4.13,1937-04-13 00:00:00,NL,1937,4,13,-2,,-3.9,,0,,0,,0,,0,,,,,,,,0,,20,,,,,
-52.7,47.56666666666667,ST JOHN'S,8403500,8403500.1937.4.14,1937-04-14 00:00:00,NL,1937,4,14,3.4,,-4.4,,11.1,,0,,0,,0,,,,,,,,0,,14.6,,,,,
-52.7,47.56666666666667,ST JOHN'S,8403500,8403500.1937.4.15,1937-04-15 00:00:00,NL,1937,4,15,4.2,,0.6,,7.8,,0.5,,0.5,,0,,,,,,,,0,,13.8,,,,,
-52.7,47.56666666666667,ST JOHN'S,8403500,8403500.1937.4.16,1937-04-16 00:00:00,NL,1937,4,16,7.5,,3.9,,11.1,,0.5,,0.5,,0,,,,,,,,0,,10.5,,,,,
-52.7,47.56666666666667,ST JOHN'S,8403500,8403500.1937.4.17,1937-04-17 00:00:00,NL,1937,4,17,3.6,,2.2,,5,,0.3,,0.3,,0,T,,,,,,,0,,14.4,,,,,
-52.7,47.56666666666667,ST JOHN'S,8403500,8403500.1937.4.18,1937-04-18 00:00:00,NL,1937,4,18,-0.3,,-2.2,,1.7,,1,,0,,1,,,,,,,,0,,18.3,,,,,
-52.7,47.56666666666667,ST JOHN'S,8403500,8403500.1937.4.19,1937-04-19 00:00:00,NL,1937,4,19,-0.6,,-1.7,,0.6,,17.8,,0,,17.8,,,,,,,,0,,18.6,,,,,
-52.7,47.56666666666667,ST JOHN'S,8403500,8403500.1937.4.20,1937-04-20 00:00:00,NL,1937,4,20,0.3,,-1.7,,2.2,,0,T,0,,0,T,,,,,,,0,,17.7,,,,,
-52.7,47.56666666666667,ST JOHN'S,8403500,8403500.1937.4.21,1937-04-21 00:00:00,NL,1937,4,21,-1.4,,-2.2,,-0.6,,0,T,0,,0,T,,,,,,,0,,19.4,,,,,
-52.7,47.56666666666667,ST JOHN'S,8403500,8403500.1937.4.22,1937-04-22 00:00:00,NL,1937,4,22,-0.8,,-2.2,,0.6,,1.3,,0,,1.3,,,,,,,,0,,18.8,,,,,
-52.7,47.56666666666667,ST JOHN'S,8403500,8403500.1937.4.23,1937-04-23 00:00:00,NL,1937,4,23,-0.6,,-3.3,,2.2,,0,T,0,,0,T,,,,,,,0,,18.6,,,,,
-52.7,47.56666666666667,ST JOHN'S,8403500,8403500.1937.4.24,1937-04-24 00:00:00,NL,1937,4,24,-1.4,,-3.3,,0.6,,0.3,,0,,0.3,,,,,,,,0,,19.4,,,,,
-52.7,47.56666666666667,ST JOHN'S,8403500,8403500.1937.4.25,1937-04-25 00:00:00,NL,1937,4,25,0.6,,-1.7,,2.8,,0.5,,0.5,,0,T,,,,,,,0,,17.4,,,,,
-52.7,47.56666666666667,ST JOHN'S,8403500,8403500.1937.4.26,1937-04-26 00:00:00,NL,1937,4,26,1.7,,-0.6,,3.9,,0,T,0,T,0,T,,,,,,,0,,16.3,,,,,
-52.7,47.56666666666667,ST JOHN'S,8403500,8403500.1937.4.27,1937-04-27 00:00:00,NL,1937,4,27,1.7,,-0.6,,3.9,,0,T,0,,0,T,,,,,,,0,,16.3,,,,,
-52.7,47.56666666666667,ST JOHN'S,8403500,8403500.1937.4.28,1937-04-28 00:00:00,NL,1937,4,28,5.3,,-2.8,,13.3,,0,,0,,0,,,,,,,,0,,12.7,,,,,
-52.7,47.56666666666667,ST JOHN'S,8403500,8403500.1937.4.29,1937-04-29 00:00:00,NL,1937,4,29,-1.1,,-2.8,,0.6,,5.1,,0,,5.1,,,,,,,,0,,19.1,,,,,
-52.7,47.56666666666667,ST JOHN'S,8403500,8403500.1937.4.30,1937-04-30 00:00:00,NL,1937,4,30,0.3,,-3.3,,3.9,,0,,0,,0,,,,,,,,0,,17.7,,,,,
-52.7,47.56666666666667,ST JOHN'S,8403500,8403500.1937.5.1,1937-05-01 00:00:00,NL,1937,5,1,1.7,,-3.9,,7.2,,0,,0,,0,,,,,,,,0,,16.3,,,,,
-52.7,47.56666666666667,ST JOHN'S,8403500,8403500.1937.5.2,1937-05-02 00:00:00,NL,1937,5,2,4.7,,-3.9,,13.3,,0,,0,,0,,,,,,,,0,,13.3,,,,,
-52.7,47.56666666666667,ST JOHN'S,8403500,8403500.1937.5.3,1937-05-03 00:00:00,NL,1937,5,3,4.5,,1.1,,7.8,,0,,0,,0,,,,,,,,0,,13.5,,,,,
-52.7,47.56666666666667,ST JOHN'S,8403500,8403500.1937.5.4,1937-05-04 00:00:00,NL,1937,5,4,5.6,,1.7,,9.4,,0,T,0,,0,T,,,,,,,0,,12.4,,,,,
-52.7,47.56666666666667,ST JOHN'S,8403500,8403500.1937.5.5,1937-05-05 00:00:00,NL,1937,5,5,6.2,,1.7,,10.6,,0,,0,,0,,,,,,,,0,,11.8,,,,,
-52.7,47.56666666666667,ST JOHN'S,8403500,8403500.1937.5.6,1937-05-06 00:00:00,NL,1937,5,6,8.9,,1.1,,16.7,,0,,0,,0,,,,,,,,0,,9.1,,,,,
-52.7,47.56666666666667,ST JOHN'S,8403500,8403500.1937.5.7,1937-05-07 00:00:00,NL,1937,5,7,3.1,,-1.1,,7.2,,0,,0,,0,,,,,,,,0,,14.9,,,,,
-52.7,47.56666666666667,ST JOHN'S,8403500,8403500.1937.5.8,1937-05-08 00:00:00,NL,1937,5,8,3.6,,-0.6,,7.8,,0,T,0,T,0,,,,,,,,0,,14.4,,,,,
-52.7,47.56666666666667,ST JOHN'S,8403500,8403500.1937.5.9,1937-05-09 00:00:00,NL,1937,5,9,7.8,,1.7,,13.9,,3.3,,3.3,,0,,,,,,,,0,,10.2,,,,,
-52.7,47.56666666666667,ST JOHN'S,8403500,8403500.1937.5.10,1937-05-10 00:00:00,NL,1937,5,10,10.9,,6.1,,15.6,,8.4,,8.4,,0,,,,,,,,0,,7.1,,,,,
-52.7,47.56666666666667,ST JOHN'S,8403500,8403500.1937.5.11,1937-05-11 00:00:00,NL,1937,5,11,7.5,,2.2,,12.8,,0,,0,,0,,,,,,,,0,,10.5,,,,,
-52.7,47.56666666666667,ST JOHN'S,8403500,8403500.1937.5.12,1937-05-12 00:00:00,NL,1937,5,12,9.5,,5.6,,13.3,,0,,0,,0,,,,,,,,0,,8.5,,,,,
-52.7,47.56666666666667,ST JOHN'S,8403500,8403500.1937.5.13,1937-05-13 00:00:00,NL,1937,5,13,9.7,,2.2,,17.2,,0,,0,,0,,,,,,,,0,,8.3,,,,,
-52.7,47.56666666666667,ST JOHN'S,8403500,8403500.1937.5.14,1937-05-14 00:00:00,NL,1937,5,14,9.2,,1.1,,17.2,,0,,0,,0,,,,,,,,0,,8.8,,,,,
-52.7,47.56666666666667,ST JOHN'S,8403500,8403500.1937.5.15,1937-05-15 00:00:00,NL,1937,5,15,1.4,,0,,2.8,,0,,0,,0,,,,,,,,0,,16.6,,,,,
-52.7,47.56666666666667,ST JOHN'S,8403500,8403500.1937.5.16,1937-05-16 00:00:00,NL,1937,5,16,7.5,,0,,15,,0,T,0,T,0,,,,,,,,0,,10.5,,,,,
-52.7,47.56666666666667,ST JOHN'S,8403500,8403500.1937.5.17,1937-05-17 00:00:00,NL,1937,5,17,13.1,,5,,21.1,,0,T,0,T,0,,,,,,,,0,,4.9,,,,,
-52.7,47.56666666666667,ST JOHN'S,8403500,8403500.1937.5.18,1937-05-18 00:00:00,NL,1937,5,18,17.8,,12.8,,22.8,,1.3,,1.3,,0,,,,,,,,0,,0.2,,,,,
-52.7,47.56666666666667,ST JOHN'S,8403500,8403500.1937.5.19,1937-05-19 00:00:00,NL,1937,5,19,16.4,,12.2,,20.6,,10.7,,10.7,,0,,,,,,,,0,,1.6,,,,,
-52.7,47.56666666666667,ST JOHN'S,8403500,8403500.1937.5.20,1937-05-20 00:00:00,NL,1937,5,20,16.7,,12.2,,21.1,,0,,0,,0,,,,,,,,0,,1.3,,,,,
-52.7,47.56666666666667,ST JOHN'S,8403500,8403500.1937.5.21,1937-05-21 00:00:00,NL,1937,5,21,12,,6.7,,17.2,,0,T,0,T,0,,,,,,,,0,,6,,,,,
-52.7,47.56666666666667,ST JOHN'S,8403500,8403500.1937.5.22,1937-05-22 00:00:00,NL,1937,5,22,8.1,,5.6,,10.6,,1,,1,,0,,,,,,,,0,,9.9,,,,,
-52.7,47.56666666666667,ST JOHN'S,8403500,8403500.1937.5.23,1937-05-23 00:00:00,NL,1937,5,23,5.6,,2.8,,8.3,,0,T,0,T,0,,,,,,,,0,,12.4,,,,,
-52.7,47.56666666666667,ST JOHN'S,8403500,8403500.1937.5.24,1937-05-24 00:00:00,NL,1937,5,24,3.6,,1.1,,6.1,,0,T,0,T,0,,,,,,,,0,,14.4,,,,,
-52.7,47.56666666666667,ST JOHN'S,8403500,8403500.1937.5.25,1937-05-25 00:00:00,NL,1937,5,25,4.7,,2.2,,7.2,,0,,0,,0,,,,,,,,0,,13.3,,,,,
-52.7,47.56666666666667,ST JOHN'S,8403500,8403500.1937.5.26,1937-05-26 00:00:00,NL,1937,5,26,6.1,,4.4,,7.8,,0,,0,,0,,,,,,,,0,,11.9,,,,,
-52.7,47.56666666666667,ST JOHN'S,8403500,8403500.1937.5.27,1937-05-27 00:00:00,NL,1937,5,27,4.2,,0,,8.3,,0,,0,,0,,,,,,,,0,,13.8,,,,,
-52.7,47.56666666666667,ST JOHN'S,8403500,8403500.1937.5.28,1937-05-28 00:00:00,NL,1937,5,28,7.5,,2.8,,12.2,,0,,0,,0,,,,,,,,0,,10.5,,,,,
-52.7,47.56666666666667,ST JOHN'S,8403500,8403500.1937.5.29,1937-05-29 00:00:00,NL,1937,5,29,8.7,,6.7,,10.6,,7.6,,7.6,,0,,,,,,,,0,,9.3,,,,,
-52.7,47.56666666666667,ST JOHN'S,8403500,8403500.1937.5.30,1937-05-30 00:00:00,NL,1937,5,30,11.7,,7.2,,16.1,,1.5,,1.5,,0,,,,,,,,0,,6.3,,,,,
-52.7,47.56666666666667,ST JOHN'S,8403500,8403500.1937.5.31,1937-05-31 00:00:00,NL,1937,5,31,12.5,,9.4,,15.6,,2.5,,2.5,,0,,,,,,,,0,,5.5,,,,,
-52.7,47.56666666666667,ST JOHN'S,8403500,8403500.1937.6.1,1937-06-01 00:00:00,NL,1937,6,1,12.2,,8.3,,16.1,,15.5,,15.5,,0,,,,,,,,0,,5.8,,,,,
-52.7,47.56666666666667,ST JOHN'S,8403500,8403500.1937.6.2,1937-06-02 00:00:00,NL,1937,6,2,8.9,,6.1,,11.7,,0,T,0,T,0,,,,,,,,0,,9.1,,,,,
-52.7,47.56666666666667,ST JOHN'S,8403500,8403500.1937.6.3,1937-06-03 00:00:00,NL,1937,6,3,8.4,,5,,11.7,,0,,0,,0,,,,,,,,0,,9.6,,,,,
-52.7,47.56666666666667,ST JOHN'S,8403500,8403500.1937.6.4,1937-06-04 00:00:00,NL,1937,6,4,9.2,,3.3,,15,,1.8,,1.8,,0,,,,,,,,0,,8.8,,,,,
-52.7,47.56666666666667,ST JOHN'S,8403500,8403500.1937.6.5,1937-06-05 00:00:00,NL,1937,6,5,7.8,,6.1,,9.4,,4.6,,4.6,,0,,,,,,,,0,,10.2,,,,,
-52.7,47.56666666666667,ST JOHN'S,8403500,8403500.1937.6.6,1937-06-06 00:00:00,NL,1937,6,6,9.5,,7.2,,11.7,,40.4,,40.4,,0,,,,,,,,0,,8.5,,,,,
-52.7,47.56666666666667,ST JOHN'S,8403500,8403500.1937.6.7,1937-06-07 00:00:00,NL,1937,6,7,12,,7.8,,16.1,,2.3,,2.3,,0,,,,,,,,0,,6,,,,,
-52.7,47.56666666666667,ST JOHN'S,8403500,8403500.1937.6.8,1937-06-08 00:00:00,NL,1937,6,8,13.1,,7.2,,18.9,,0,,0,,0,,,,,,,,0,,4.9,,,,,
-52.7,47.56666666666667,ST JOHN'S,8403500,8403500.1937.6.9,1937-06-09 00:00:00,NL,1937,6,9,18.9,,11.1,,26.7,,1,,1,,0,,,,,,,,0.9,,0,,,,,
-52.7,47.56666666666667,ST JOHN'S,8403500,8403500.1937.6.10,1937-06-10 00:00:00,NL,1937,6,10,18.6,,12.8,,24.4,,0,,0,,0,,,,,,,,0.6,,0,,,,,
-52.7,47.56666666666667,ST JOHN'S,8403500,8403500.1937.6.11,1937-06-11 00:00:00,NL,1937,6,11,17.2,,13.3,,21.1,,24.9,,24.9,,0,,,,,,,,0,,0.8,,,,,
-52.7,47.56666666666667,ST JOHN'S,8403500,8403500.1937.6.12,1937-06-12 00:00:00,NL,1937,6,12,13.9,,10.6,,17.2,,0,,0,,0,,,,,,,,0,,4.1,,,,,
-52.7,47.56666666666667,ST JOHN'S,8403500,8403500.1937.6.13,1937-06-13 00:00:00,NL,1937,6,13,15,,10.6,,19.4,,0,,0,,0,,,,,,,,0,,3,,,,,
-52.7,47.56666666666667,ST JOHN'S,8403500,8403500.1937.6.14,1937-06-14 00:00:00,NL,1937,6,14,17.5,,11.7,,23.3,,0,,0,,0,,,,,,,,0,,0.5,,,,,
-52.7,47.56666666666667,ST JOHN'S,8403500,8403500.1937.6.15,1937-06-15 00:00:00,NL,1937,6,15,15.6,,11.1,,20,,8.4,,8.4,,0,,,,,,,,0,,2.4,,,,,
-52.7,47.56666666666667,ST JOHN'S,8403500,8403500.1937.6.16,1937-06-16 00:00:00,NL,1937,6,16,15,,11.7,,18.3,,0,,0,,0,,,,,,,,0,,3,,,,,
-52.7,47.56666666666667,ST JOHN'S,8403500,8403500.1937.6.17,1937-06-17 00:00:00,NL,1937,6,17,11.1,,6.1,,16.1,,0,,0,,0,,,,,,,,0,,6.9,,,,,
-52.7,47.56666666666667,ST JOHN'S,8403500,8403500.1937.6.18,1937-06-18 00:00:00,NL,1937,6,18,13.1,,7.8,,18.3,,0,T,0,T,0,,,,,,,,0,,4.9,,,,,
-52.7,47.56666666666667,ST JOHN'S,8403500,8403500.1937.6.19,1937-06-19 00:00:00,NL,1937,6,19,8.4,,7.8,,8.9,,58.2,,58.2,,0,,,,,,,,0,,9.6,,,,,
-52.7,47.56666666666667,ST JOHN'S,8403500,8403500.1937.6.20,1937-06-20 00:00:00,NL,1937,6,20,9.2,,7.8,,10.6,,2.5,,2.5,,0,,,,,,,,0,,8.8,,,,,
-52.7,47.56666666666667,ST JOHN'S,8403500,8403500.1937.6.21,1937-06-21 00:00:00,NL,1937,6,21,12.3,,7.8,,16.7,,0,T,0,T,0,,,,,,,,0,,5.7,,,,,
-52.7,47.56666666666667,ST JOHN'S,8403500,8403500.1937.6.22,1937-06-22 00:00:00,NL,1937,6,22,14.5,,10.6,,18.3,,0,,0,,0,,,,,,,,0,,3.5,,,,,
-52.7,47.56666666666667,ST JOHN'S,8403500,8403500.1937.6.23,1937-06-23 00:00:00,NL,1937,6,23,13.1,,10,,16.1,,1.3,,1.3,,0,,,,,,,,0,,4.9,,,,,
-52.7,47.56666666666667,ST JOHN'S,8403500,8403500.1937.6.24,1937-06-24 00:00:00,NL,1937,6,24,15.9,,12.8,,18.9,,0.3,,0.3,,0,,,,,,,,0,,2.1,,,,,
-52.7,47.56666666666667,ST JOHN'S,8403500,8403500.1937.6.25,1937-06-25 00:00:00,NL,1937,6,25,14.5,,11.1,,17.8,,0.8,,0.8,,0,,,,,,,,0,,3.5,,,,,
-52.7,47.56666666666667,ST JOHN'S,8403500,8403500.1937.6.26,1937-06-26 00:00:00,NL,1937,6,26,18.9,,10,,27.8,,0,,0,,0,,,,,,,,0.9,,0,,,,,
-52.7,47.56666666666667,ST JOHN'S,8403500,8403500.1937.6.27,1937-06-27 00:00:00,NL,1937,6,27,22,,16.7,,27.2,,0,,0,,0,,,,,,,,4,,0,,,,,
-52.7,47.56666666666667,ST JOHN'S,8403500,8403500.1937.6.28,1937-06-28 00:00:00,NL,1937,6,28,20.6,,16.7,,24.4,,0,T,0,T,0,,,,,,,,2.6,,0,,,,,
-52.7,47.56666666666667,ST JOHN'S,8403500,8403500.1937.6.29,1937-06-29 00:00:00,NL,1937,6,29,16.4,,13.3,,19.4,,0,T,0,T,0,,,,,,,,0,,1.6,,,,,
-52.7,47.56666666666667,ST JOHN'S,8403500,8403500.1937.6.30,1937-06-30 00:00:00,NL,1937,6,30,16.1,,13.9,,18.3,,0,T,0,T,0,,,,,,,,0,,1.9,,,,,
-52.7,47.56666666666667,ST JOHN'S,8403500,8403500.1937.7.1,1937-07-01 00:00:00,NL,1937,7,1,16.4,,13.3,,19.4,,0,T,0,T,0,,,,,,,,0,,1.6,,,,,
-52.7,47.56666666666667,ST JOHN'S,8403500,8403500.1937.7.2,1937-07-02 00:00:00,NL,1937,7,2,18.6,,13.3,,23.9,,1.8,,1.8,,0,,,,,,,,0.6,,0,,,,,
-52.7,47.56666666666667,ST JOHN'S,8403500,8403500.1937.7.3,1937-07-03 00:00:00,NL,1937,7,3,18.3,,13.3,,23.3,,0,T,0,T,0,,,,,,,,0.3,,0,,,,,
-52.7,47.56666666666667,ST JOHN'S,8403500,8403500.1937.7.4,1937-07-04 00:00:00,NL,1937,7,4,19.8,,13.9,,25.6,,0,,0,,0,,,,,,,,1.8,,0,,,,,
-52.7,47.56666666666667,ST JOHN'S,8403500,8403500.1937.7.5,1937-07-05 00:00:00,NL,1937,7,5,20,,14.4,,25.6,,0,,0,,0,,,,,,,,2,,0,,,,,
-52.7,47.56666666666667,ST JOHN'S,8403500,8403500.1937.7.6,1937-07-06 00:00:00,NL,1937,7,6,21.4,,16.1,,26.7,,0,,0,,0,,,,,,,,3.4,,0,,,,,
-52.7,47.56666666666667,ST JOHN'S,8403500,8403500.1937.7.7,1937-07-07 00:00:00,NL,1937,7,7,16.7,,13.9,,19.4,,0,,0,,0,,,,,,,,0,,1.3,,,,,
-52.7,47.56666666666667,ST JOHN'S,8403500,8403500.1937.7.8,1937-07-08 00:00:00,NL,1937,7,8,17.8,,13.9,,21.7,,28.7,,28.7,,0,,,,,,,,0,,0.2,,,,,
-52.7,47.56666666666667,ST JOHN'S,8403500,8403500.1937.7.9,1937-07-09 00:00:00,NL,1937,7,9,19.2,,13.3,,25,,0,T,0,T,0,,,,,,,,1.2,,0,,,,,
-52.7,47.56666666666667,ST JOHN'S,8403500,8403500.1937.7.10,1937-07-10 00:00:00,NL,1937,7,10,20,,14.4,,25.6,,0,T,0,T,0,,,,,,,,2,,0,,,,,
-52.7,47.56666666666667,ST JOHN'S,8403500,8403500.1937.7.11,1937-07-11 00:00:00,NL,1937,7,11,14.8,,11.7,,17.8,,0.3,,0.3,,0,,,,,,,,0,,3.2,,,,,
-52.7,47.56666666666667,ST JOHN'S,8403500,8403500.1937.7.12,1937-07-12 00:00:00,NL,1937,7,12,12.8,,9.4,,16.1,,2.5,,2.5,,0,,,,,,,,0,,5.2,,,,,
-52.7,47.56666666666667,ST JOHN'S,8403500,8403500.1937.7.13,1937-07-13 00:00:00,NL,1937,7,13,12.8,,6.7,,18.9,,0,,0,,0,,,,,,,,0,,5.2,,,,,
-52.7,47.56666666666667,ST JOHN'S,8403500,8403500.1937.7.14,1937-07-14 00:00:00,NL,1937,7,14,12,,7.8,,16.1,,0,,0,,0,,,,,,,,0,,6,,,,,
-52.7,47.56666666666667,ST JOHN'S,8403500,8403500.1937.7.15,1937-07-15 00:00:00,NL,1937,7,15,12,,7.8,,16.1,,0,,0,,0,,,,,,,,0,,6,,,,,
-52.7,47.56666666666667,ST JOHN'S,8403500,8403500.1937.7.16,1937-07-16 00:00:00,NL,1937,7,16,16.4,,12.8,,20,,0.5,,0.5,,0,,,,,,,,0,,1.6,,,,,
-52.7,47.56666666666667,ST JOHN'S,8403500,8403500.1937.7.17,1937-07-17 00:00:00,NL,1937,7,17,17.3,,12.8,,21.7,,5.3,,5.3,,0,,,,,,,,0,,0.7,,,,,
-52.7,47.56666666666667,ST JOHN'S,8403500,8403500.1937.7.18,1937-07-18 00:00:00,NL,1937,7,18,20.9,,15.6,,26.1,,0,T,0,T,0,,,,,,,,2.9,,0,,,,,
-52.7,47.56666666666667,ST JOHN'S,8403500,8403500.1937.7.19,1937-07-19 00:00:00,NL,1937,7,19,12.3,,11.7,,12.8,,0,T,0,T,0,,,,,,,,0,,5.7,,,,,
-52.7,47.56666666666667,ST JOHN'S,8403500,8403500.1937.7.20,1937-07-20 00:00:00,NL,1937,7,20,13.1,,11.1,,15,,3,,3,,0,,,,,,,,0,,4.9,,,,,
-52.7,47.56666666666667,ST JOHN'S,8403500,8403500.1937.7.21,1937-07-21 00:00:00,NL,1937,7,21,15.6,,7.8,,23.3,,0,T,0,T,0,,,,,,,,0,,2.4,,,,,
-52.7,47.56666666666667,ST JOHN'S,8403500,8403500.1937.7.22,1937-07-22 00:00:00,NL,1937,7,22,18.3,,13.3,,23.3,,0,,0,,0,,,,,,,,0.3,,0,,,,,
-52.7,47.56666666666667,ST JOHN'S,8403500,8403500.1937.7.23,1937-07-23 00:00:00,NL,1937,7,23,17,,12.2,,21.7,,0,,0,,0,,,,,,,,0,,1,,,,,
-52.7,47.56666666666667,ST JOHN'S,8403500,8403500.1937.7.24,1937-07-24 00:00:00,NL,1937,7,24,13.7,,11.7,,15.6,,0,T,0,T,0,,,,,,,,0,,4.3,,,,,
-52.7,47.56666666666667,ST JOHN'S,8403500,8403500.1937.7.25,1937-07-25 00:00:00,NL,1937,7,25,19.2,,12.8,,25.6,,0,,0,,0,,,,,,,,1.2,,0,,,,,
-52.7,47.56666666666667,ST JOHN'S,8403500,8403500.1937.7.26,1937-07-26 00:00:00,NL,1937,7,26,19.7,,16.1,,23.3,,0,T,0,T,0,,,,,,,,1.7,,0,,,,,
-52.7,47.56666666666667,ST JOHN'S,8403500,8403500.1937.7.27,1937-07-27 00:00:00,NL,1937,7,27,20.9,,15,,26.7,,0,,0,,0,,,,,,,,2.9,,0,,,,,
-52.7,47.56666666666667,ST JOHN'S,8403500,8403500.1937.7.28,1937-07-28 00:00:00,NL,1937,7,28,22.5,,19.4,,25.6,,0,T,0,T,0,,,,,,,,4.5,,0,,,,,
-52.7,47.56666666666667,ST JOHN'S,8403500,8403500.1937.7.29,1937-07-29 00:00:00,NL,1937,7,29,14.5,,11.1,,17.8,,0,T,0,T,0,,,,,,,,0,,3.5,,,,,
-52.7,47.56666666666667,ST JOHN'S,8403500,8403500.1937.7.30,1937-07-30 00:00:00,NL,1937,7,30,14.2,,9.4,,18.9,,0.5,,0.5,,0,,,,,,,,0,,3.8,,,,,
-52.7,47.56666666666667,ST JOHN'S,8403500,8403500.1937.7.31,1937-07-31 00:00:00,NL,1937,7,31,16.2,,10.6,,21.7,,0,,0,,0,,,,,,,,0,,1.8,,,,,
-52.7,47.56666666666667,ST JOHN'S,8403500,8403500.1937.8.1,1937-08-01 00:00:00,NL,1937,8,1,15,,13.3,,16.7,,0,,0,,0,,,,,,,,0,,3,,,,,
-52.7,47.56666666666667,ST JOHN'S,8403500,8403500.1937.8.2,1937-08-02 00:00:00,NL,1937,8,2,16.4,,10,,22.8,,0,T,0,T,0,,,,,,,,0,,1.6,,,,,
-52.7,47.56666666666667,ST JOHN'S,8403500,8403500.1937.8.3,1937-08-03 00:00:00,NL,1937,8,3,16.4,,13.3,,19.4,,2.5,,2.5,,0,,,,,,,,0,,1.6,,,,,
-52.7,47.56666666666667,ST JOHN'S,8403500,8403500.1937.8.4,1937-08-04 00:00:00,NL,1937,8,4,19.5,,16.7,,22.2,,1,,1,,0,,,,,,,,1.5,,0,,,,,
-52.7,47.56666666666667,ST JOHN'S,8403500,8403500.1937.8.5,1937-08-05 00:00:00,NL,1937,8,5,20.3,,16.7,,23.9,,3.8,,3.8,,0,,,,,,,,2.3,,0,,,,,
-52.7,47.56666666666667,ST JOHN'S,8403500,8403500.1937.8.6,1937-08-06 00:00:00,NL,1937,8,6,19.5,,16.7,,22.2,,0,T,0,T,0,,,,,,,,1.5,,0,,,,,
-52.7,47.56666666666667,ST JOHN'S,8403500,8403500.1937.8.7,1937-08-07 00:00:00,NL,1937,8,7,22.8,,16.7,,28.9,,0,,0,,0,,,,,,,,4.8,,0,,,,,
-52.7,47.56666666666667,ST JOHN'S,8403500,8403500.1937.8.8,1937-08-08 00:00:00,NL,1937,8,8,21.7,,13.3,,30,,0,,0,,0,,,,,,,,3.7,,0,,,,,
-52.7,47.56666666666667,ST JOHN'S,8403500,8403500.1937.8.9,1937-08-09 00:00:00,NL,1937,8,9,25.3,,18.9,,31.7,,7.9,,7.9,,0,,,,,,,,7.3,,0,,,,,
-52.7,47.56666666666667,ST JOHN'S,8403500,8403500.1937.8.10,1937-08-10 00:00:00,NL,1937,8,10,22.3,,17.8,,26.7,,0,T,0,T,0,,,,,,,,4.3,,0,,,,,
-52.7,47.56666666666667,ST JOHN'S,8403500,8403500.1937.8.11,1937-08-11 00:00:00,NL,1937,8,11,17.2,,14.4,,20,,2.3,,2.3,,0,,,,,,,,0,,0.8,,,,,
-52.7,47.56666666666667,ST JOHN'S,8403500,8403500.1937.8.12,1937-08-12 00:00:00,NL,1937,8,12,20.6,,13.9,,27.2,,0,,0,,0,,,,,,,,2.6,,0,,,,,
-52.7,47.56666666666667,ST JOHN'S,8403500,8403500.1937.8.13,1937-08-13 00:00:00,NL,1937,8,13,23.4,,20,,26.7,,1.5,,1.5,,0,,,,,,,,5.4,,0,,,,,
-52.7,47.56666666666667,ST JOHN'S,8403500,8403500.1937.8.14,1937-08-14 00:00:00,NL,1937,8,14,22.2,,19.4,,25,,8.1,,8.1,,0,,,,,,,,4.2,,0,,,,,
-52.7,47.56666666666667,ST JOHN'S,8403500,8403500.1937.8.15,1937-08-15 00:00:00,NL,1937,8,15,19.7,,17.2,,22.2,,0,,0,,0,,,,,,,,1.7,,0,,,,,
-52.7,47.56666666666667,ST JOHN'S,8403500,8403500.1937.8.16,1937-08-16 00:00:00,NL,1937,8,16,19.8,,13.9,,25.6,,0,,0,,0,,,,,,,,1.8,,0,,,,,
-52.7,47.56666666666667,ST JOHN'S,8403500,8403500.1937.8.17,1937-08-17 00:00:00,NL,1937,8,17,20.6,,15.6,,25.6,,0,,0,,0,,,,,,,,2.6,,0,,,,,
-52.7,47.56666666666667,ST JOHN'S,8403500,8403500.1937.8.18,1937-08-18 00:00:00,NL,1937,8,18,22,,18.3,,25.6,,0.3,,0.3,,0,,,,,,,,4,,0,,,,,
-52.7,47.56666666666667,ST JOHN'S,8403500,8403500.1937.8.19,1937-08-19 00:00:00,NL,1937,8,19,16.7,,12.8,,20.6,,0,,0,,0,,,,,,,,0,,1.3,,,,,
-52.7,47.56666666666667,ST JOHN'S,8403500,8403500.1937.8.20,1937-08-20 00:00:00,NL,1937,8,20,16.4,,13.3,,19.4,,11.7,,11.7,,0,,,,,,,,0,,1.6,,,,,
-52.7,47.56666666666667,ST JOHN'S,8403500,8403500.1937.8.21,1937-08-21 00:00:00,NL,1937,8,21,17.5,,15,,20,,1.3,,1.3,,0,,,,,,,,0,,0.5,,,,,
-52.7,47.56666666666667,ST JOHN'S,8403500,8403500.1937.8.22,1937-08-22 00:00:00,NL,1937,8,22,18.4,,13.9,,22.8,,0,,0,,0,,,,,,,,0.4,,0,,,,,
-52.7,47.56666666666667,ST JOHN'S,8403500,8403500.1937.8.23,1937-08-23 00:00:00,NL,1937,8,23,12.8,,8.3,,17.2,,8.1,,8.1,,0,,,,,,,,0,,5.2,,,,,
-52.7,47.56666666666667,ST JOHN'S,8403500,8403500.1937.8.24,1937-08-24 00:00:00,NL,1937,8,24,13.1,,10,,16.1,,0.5,,0.5,,0,,,,,,,,0,,4.9,,,,,
-52.7,47.56666666666667,ST JOHN'S,8403500,8403500.1937.8.25,1937-08-25 00:00:00,NL,1937,8,25,14.5,,10.6,,18.3,,0,T,0,T,0,,,,,,,,0,,3.5,,,,,
-52.7,47.56666666666667,ST JOHN'S,8403500,8403500.1937.8.26,1937-08-26 00:00:00,NL,1937,8,26,11.4,,6.1,,16.7,,0.5,,0.5,,0,,,,,,,,0,,6.6,,,,,
-52.7,47.56666666666667,ST JOHN'S,8403500,8403500.1937.8.27,1937-08-27 00:00:00,NL,1937,8,27,17,,11.1,,22.8,,14.5,,14.5,,0,,,,,,,,0,,1,,,,,
-52.7,47.56666666666667,ST JOHN'S,8403500,8403500.1937.8.28,1937-08-28 00:00:00,NL,1937,8,28,20,,16.7,,23.3,,0.5,,0.5,,0,,,,,,,,2,,0,,,,,
-52.7,47.56666666666667,ST JOHN'S,8403500,8403500.1937.8.29,1937-08-29 00:00:00,NL,1937,8,29,17.2,,12.2,,22.2,,0,,0,,0,,,,,,,,0,,0.8,,,,,
-52.7,47.56666666666667,ST JOHN'S,8403500,8403500.1937.8.30,1937-08-30 00:00:00,NL,1937,8,30,18.6,,13.9,,23.3,,1.3,,1.3,,0,,,,,,,,0.6,,0,,,,,
-52.7,47.56666666666667,ST JOHN'S,8403500,8403500.1937.8.31,1937-08-31 00:00:00,NL,1937,8,31,9.8,,8.9,,10.6,,2.3,,2.3,,0,,,,,,,,0,,8.2,,,,,
-52.7,47.56666666666667,ST JOHN'S,8403500,8403500.1937.9.1,1937-09-01 00:00:00,NL,1937,9,1,12.2,,8.3,,16.1,,9.4,,9.4,,0,,,,,,,,0,,5.8,,,,,
-52.7,47.56666666666667,ST JOHN'S,8403500,8403500.1937.9.2,1937-09-02 00:00:00,NL,1937,9,2,16.7,,11.7,,21.7,,0,T,0,T,0,,,,,,,,0,,1.3,,,,,
-52.7,47.56666666666667,ST JOHN'S,8403500,8403500.1937.9.3,1937-09-03 00:00:00,NL,1937,9,3,20,,17.2,,22.8,,0.3,,0.3,,0,,,,,,,,2,,0,,,,,
-52.7,47.56666666666667,ST JOHN'S,8403500,8403500.1937.9.4,1937-09-04 00:00:00,NL,1937,9,4,21.1,,17.8,,24.4,,7.4,,7.4,,0,,,,,,,,3.1,,0,,,,,
-52.7,47.56666666666667,ST JOHN'S,8403500,8403500.1937.9.5,1937-09-05 00:00:00,NL,1937,9,5,10.9,,10,,11.7,,11.9,,11.9,,0,,,,,,,,0,,7.1,,,,,
-52.7,47.56666666666667,ST JOHN'S,8403500,8403500.1937.9.6,1937-09-06 00:00:00,NL,1937,9,6,10.6,,7.8,,13.3,,0,,0,,0,,,,,,,,0,,7.4,,,,,
-52.7,47.56666666666667,ST JOHN'S,8403500,8403500.1937.9.7,1937-09-07 00:00:00,NL,1937,9,7,8.6,,4.4,,12.8,,0,,0,,0,,,,,,,,0,,9.4,,,,,
-52.7,47.56666666666667,ST JOHN'S,8403500,8403500.1937.9.8,1937-09-08 00:00:00,NL,1937,9,8,11.7,,5.6,,17.8,,1.3,,1.3,,0,,,,,,,,0,,6.3,,,,,
-52.7,47.56666666666667,ST JOHN'S,8403500,8403500.1937.9.9,1937-09-09 00:00:00,NL,1937,9,9,9.8,,7.8,,11.7,,4.8,,4.8,,0,,,,,,,,0,,8.2,,,,,
-52.7,47.56666666666667,ST JOHN'S,8403500,8403500.1937.9.10,1937-09-10 00:00:00,NL,1937,9,10,11.7,,5,,18.3,,0,,0,,0,,,,,,,,0,,6.3,,,,,
-52.7,47.56666666666667,ST JOHN'S,8403500,8403500.1937.9.11,1937-09-11 00:00:00,NL,1937,9,11,16.7,,11.7,,21.7,,0,,0,,0,,,,,,,,0,,1.3,,,,,
-52.7,47.56666666666667,ST JOHN'S,8403500,8403500.1937.9.12,1937-09-12 00:00:00,NL,1937,9,12,16.7,,12.8,,20.6,,4.3,,4.3,,0,,,,,,,,0,,1.3,,,,,
-52.7,47.56666666666667,ST JOHN'S,8403500,8403500.1937.9.13,1937-09-13 00:00:00,NL,1937,9,13,22,,17.8,,26.1,,0.8,,0.8,,0,,,,,,,,4,,0,,,,,
-52.7,47.56666666666667,ST JOHN'S,8403500,8403500.1937.9.14,1937-09-14 00:00:00,NL,1937,9,14,21.4,,17.8,,25,,0,,0,,0,,,,,,,,3.4,,0,,,,,
-52.7,47.56666666666667,ST JOHN'S,8403500,8403500.1937.9.15,1937-09-15 00:00:00,NL,1937,9,15,21.7,,17.2,,26.1,,0,,0,,0,,,,,,,,3.7,,0,,,,,
-52.7,47.56666666666667,ST JOHN'S,8403500,8403500.1937.9.16,1937-09-16 00:00:00,NL,1937,9,16,22,,18.3,,25.6,,0,,0,,0,,,,,,,,4,,0,,,,,
-52.7,47.56666666666667,ST JOHN'S,8403500,8403500.1937.9.17,1937-09-17 00:00:00,NL,1937,9,17,18.6,,16.1,,21.1,,0.3,,0.3,,0,,,,,,,,0.6,,0,,,,,
-52.7,47.56666666666667,ST JOHN'S,8403500,8403500.1937.9.18,1937-09-18 00:00:00,NL,1937,9,18,18.4,,15.6,,21.1,,0,T,0,T,0,,,,,,,,0.4,,0,,,,,
-52.7,47.56666666666667,ST JOHN'S,8403500,8403500.1937.9.19,1937-09-19 00:00:00,NL,1937,9,19,15.9,,13.9,,17.8,,0,T,0,T,0,,,,,,,,0,,2.1,,,,,
-52.7,47.56666666666667,ST JOHN'S,8403500,8403500.1937.9.20,1937-09-20 00:00:00,NL,1937,9,20,15.9,,12.8,,18.9,,8.9,,8.9,,0,,,,,,,,0,,2.1,,,,,
-52.7,47.56666666666667,ST JOHN'S,8403500,8403500.1937.9.21,1937-09-21 00:00:00,NL,1937,9,21,14.8,,11.7,,17.8,,0,T,0,T,0,,,,,,,,0,,3.2,,,,,
-52.7,47.56666666666667,ST JOHN'S,8403500,8403500.1937.9.22,1937-09-22 00:00:00,NL,1937,9,22,9.2,,6.7,,11.7,,0,T,0,T,0,,,,,,,,0,,8.8,,,,,
-52.7,47.56666666666667,ST JOHN'S,8403500,8403500.1937.9.23,1937-09-23 00:00:00,NL,1937,9,23,10.3,,4.4,,16.1,,0,,0,,0,,,,,,,,0,,7.7,,,,,
-52.7,47.56666666666667,ST JOHN'S,8403500,8403500.1937.9.24,1937-09-24 00:00:00,NL,1937,9,24,14.5,,8.9,,20,,0,T,0,T,0,,,,,,,,0,,3.5,,,,,
-52.7,47.56666666666667,ST JOHN'S,8403500,8403500.1937.9.25,1937-09-25 00:00:00,NL,1937,9,25,16.7,,10,,23.3,,0,T,0,T,0,,,,,,,,0,,1.3,,,,,
-52.7,47.56666666666667,ST JOHN'S,8403500,8403500.1937.9.26,1937-09-26 00:00:00,NL,1937,9,26,15.9,,11.1,,20.6,,0.8,,0.8,,0,,,,,,,,0,,2.1,,,,,
-52.7,47.56666666666667,ST JOHN'S,8403500,8403500.1937.9.27,1937-09-27 00:00:00,NL,1937,9,27,19.5,,16.7,,22.2,,0,,0,,0,,,,,,,,1.5,,0,,,,,
-52.7,47.56666666666667,ST JOHN'S,8403500,8403500.1937.9.28,1937-09-28 00:00:00,NL,1937,9,28,10,,7.8,,12.2,,4.1,,4.1,,0,,,,,,,,0,,8,,,,,
-52.7,47.56666666666667,ST JOHN'S,8403500,8403500.1937.9.29,1937-09-29 00:00:00,NL,1937,9,29,11.2,,5.6,,16.7,,58.4,,58.4,,0,,,,,,,,0,,6.8,,,,,
-52.7,47.56666666666667,ST JOHN'S,8403500,8403500.1937.9.30,1937-09-30 00:00:00,NL,1937,9,30,13.4,,8.9,,17.8,,0,T,0,T,0,,,,,,,,0,,4.6,,,,,
-52.7,47.56666666666667,ST JOHN'S,8403500,8403500.1937.10.1,1937-10-01 00:00:00,NL,1937,10,1,10,,6.7,,13.3,,1.3,,1.3,,0,,,,,,,,0,,8,,,,,
-52.7,47.56666666666667,ST JOHN'S,8403500,8403500.1937.10.2,1937-10-02 00:00:00,NL,1937,10,2,5,,2.8,,7.2,,34.5,,34.5,,0,T,,,,,,,0,,13,,,,,
-52.7,47.56666666666667,ST JOHN'S,8403500,8403500.1937.10.3,1937-10-03 00:00:00,NL,1937,10,3,2,,0,,3.9,,0.3,,0,,0.3,,,,,,,,0,,16,,,,,
-52.7,47.56666666666667,ST JOHN'S,8403500,8403500.1937.10.4,1937-10-04 00:00:00,NL,1937,10,4,2.5,,-1.1,,6.1,,0,T,0,,0,T,,,,,,,0,,15.5,,,,,
-52.7,47.56666666666667,ST JOHN'S,8403500,8403500.1937.10.5,1937-10-05 00:00:00,NL,1937,10,5,7,,1.1,,12.8,,1.3,,1.3,,0,T,,,,,,,0,,11,,,,,
-52.7,47.56666666666667,ST JOHN'S,8403500,8403500.1937.10.6,1937-10-06 00:00:00,NL,1937,10,6,9.2,,4.4,,13.9,,0,T,0,T,0,,,,,,,,0,,8.8,,,,,
-52.7,47.56666666666667,ST JOHN'S,8403500,8403500.1937.10.7,1937-10-07 00:00:00,NL,1937,10,7,12.8,,5.6,,20,,0.3,,0.3,,0,,,,,,,,0,,5.2,,,,,
-52.7,47.56666666666667,ST JOHN'S,8403500,8403500.1937.10.8,1937-10-08 00:00:00,NL,1937,10,8,14.8,,13.9,,15.6,,16.8,,16.8,,0,,,,,,,,0,,3.2,,,,,
-52.7,47.56666666666667,ST JOHN'S,8403500,8403500.1937.10.9,1937-10-09 00:00:00,NL,1937,10,9,9.7,,7.2,,12.2,,0,,0,,0,,,,,,,,0,,8.3,,,,,
-52.7,47.56666666666667,ST JOHN'S,8403500,8403500.1937.10.10,1937-10-10 00:00:00,NL,1937,10,10,6.4,,2.8,,10,,0,,0,,0,,,,,,,,0,,11.6,,,,,
-52.7,47.56666666666667,ST JOHN'S,8403500,8403500.1937.10.11,1937-10-11 00:00:00,NL,1937,10,11,7,,1.7,,12.2,,39.1,,39.1,,0,,,,,,,,0,,11,,,,,
-52.7,47.56666666666667,ST JOHN'S,8403500,8403500.1937.10.12,1937-10-12 00:00:00,NL,1937,10,12,8.9,,4.4,,13.3,,0,T,0,T,0,,,,,,,,0,,9.1,,,,,
-52.7,47.56666666666667,ST JOHN'S,8403500,8403500.1937.10.13,1937-10-13 00:00:00,NL,1937,10,13,10.6,,5.6,,15.6,,0,T,0,T,0,,,,,,,,0,,7.4,,,,,
-52.7,47.56666666666667,ST JOHN'S,8403500,8403500.1937.10.14,1937-10-14 00:00:00,NL,1937,10,14,13.1,,7.8,,18.3,,11.7,,11.7,,0,,,,,,,,0,,4.9,,,,,
-52.7,47.56666666666667,ST JOHN'S,8403500,8403500.1937.10.15,1937-10-15 00:00:00,NL,1937,10,15,6.4,,6.1,,6.7,,16,,16,,0,,,,,,,,0,,11.6,,,,,
-52.7,47.56666666666667,ST JOHN'S,8403500,8403500.1937.10.16,1937-10-16 00:00:00,NL,1937,10,16,4.2,,1.7,,6.7,,0,T,0,T,0,,,,,,,,0,,13.8,,,,,
-52.7,47.56666666666667,ST JOHN'S,8403500,8403500.1937.10.17,1937-10-17 00:00:00,NL,1937,10,17,4.2,,0.6,,7.8,,0,,0,,0,,,,,,,,0,,13.8,,,,,
-52.7,47.56666666666667,ST JOHN'S,8403500,8403500.1937.10.18,1937-10-18 00:00:00,NL,1937,10,18,5.3,,0.6,,10,,0,,0,,0,,,,,,,,0,,12.7,,,,,
-52.7,47.56666666666667,ST JOHN'S,8403500,8403500.1937.10.19,1937-10-19 00:00:00,NL,1937,10,19,6.7,,2.2,,11.1,,0,T,0,T,0,,,,,,,,0,,11.3,,,,,
-52.7,47.56666666666667,ST JOHN'S,8403500,8403500.1937.10.20,1937-10-20 00:00:00,NL,1937,10,20,10.6,,4.4,,16.7,,0,T,0,T,0,,,,,,,,0,,7.4,,,,,
-52.7,47.56666666666667,ST JOHN'S,8403500,8403500.1937.10.21,1937-10-21 00:00:00,NL,1937,10,21,11.7,,6.1,,17.2,,2.5,,2.5,,0,,,,,,,,0,,6.3,,,,,
-52.7,47.56666666666667,ST JOHN'S,8403500,8403500.1937.10.22,1937-10-22 00:00:00,NL,1937,10,22,16.4,,12.8,,20,,2.5,,2.5,,0,,,,,,,,0,,1.6,,,,,
-52.7,47.56666666666667,ST JOHN'S,8403500,8403500.1937.10.23,1937-10-23 00:00:00,NL,1937,10,23,10,,7.8,,12.2,,0.3,,0.3,,0,,,,,,,,0,,8,,,,,
-52.7,47.56666666666667,ST JOHN'S,8403500,8403500.1937.10.24,1937-10-24 00:00:00,NL,1937,10,24,14.7,,9.4,,20,,0,T,0,T,0,,,,,,,,0,,3.3,,,,,
-52.7,47.56666666666667,ST JOHN'S,8403500,8403500.1937.10.25,1937-10-25 00:00:00,NL,1937,10,25,18.7,,15.6,,21.7,,13,,13,,0,,,,,,,,0.7,,0,,,,,
-52.7,47.56666666666667,ST JOHN'S,8403500,8403500.1937.10.26,1937-10-26 00:00:00,NL,1937,10,26,8.9,,7.8,,10,,0.5,,0.5,,0,,,,,,,,0,,9.1,,,,,
-52.7,47.56666666666667,ST JOHN'S,8403500,8403500.1937.10.27,1937-10-27 00:00:00,NL,1937,10,27,7.3,,2.8,,11.7,,0,,0,,0,,,,,,,,0,,10.7,,,,,
-52.7,47.56666666666667,ST JOHN'S,8403500,8403500.1937.10.28,1937-10-28 00:00:00,NL,1937,10,28,6.7,,4.4,,8.9,,1.5,,1.5,,0,,,,,,,,0,,11.3,,,,,
-52.7,47.56666666666667,ST JOHN'S,8403500,8403500.1937.10.29,1937-10-29 00:00:00,NL,1937,10,29,12.2,,7.2,,17.2,,0.3,,0.3,,0,,,,,,,,0,,5.8,,,,,
-52.7,47.56666666666667,ST JOHN'S,8403500,8403500.1937.10.30,1937-10-30 00:00:00,NL,1937,10,30,13.1,,11.1,,15,,7.9,,7.9,,0,,,,,,,,0,,4.9,,,,,
-52.7,47.56666666666667,ST JOHN'S,8403500,8403500.1937.10.31,1937-10-31 00:00:00,NL,1937,10,31,6.7,,4.4,,8.9,,2,,2,,0,T,,,,,,,0,,11.3,,,,,
-52.7,47.56666666666667,ST JOHN'S,8403500,8403500.1937.11.1,1937-11-01 00:00:00,NL,1937,11,1,3.1,,1.7,,4.4,,0,T,0,T,0,T,,,,,,,0,,14.9,,,,,
-52.7,47.56666666666667,ST JOHN'S,8403500,8403500.1937.11.2,1937-11-02 00:00:00,NL,1937,11,2,2.5,,0,,5,,0.3,,0,,0.3,,,,,,,,0,,15.5,,,,,
-52.7,47.56666666666667,ST JOHN'S,8403500,8403500.1937.11.3,1937-11-03 00:00:00,NL,1937,11,3,6.1,,-1.7,,13.9,,6.4,,6.4,,0,,,,,,,,0,,11.9,,,,,
-52.7,47.56666666666667,ST JOHN'S,8403500,8403500.1937.11.4,1937-11-04 00:00:00,NL,1937,11,4,3.7,,1.7,,5.6,,0,,0,,0,,,,,,,,0,,14.3,,,,,
-52.7,47.56666666666667,ST JOHN'S,8403500,8403500.1937.11.5,1937-11-05 00:00:00,NL,1937,11,5,2,,-1.1,,5,,0,T,0,T,0,,,,,,,,0,,16,,,,,
-52.7,47.56666666666667,ST JOHN'S,8403500,8403500.1937.11.6,1937-11-06 00:00:00,NL,1937,11,6,6.4,,2.8,,10,,0,T,0,T,0,,,,,,,,0,,11.6,,,,,
-52.7,47.56666666666667,ST JOHN'S,8403500,8403500.1937.11.7,1937-11-07 00:00:00,NL,1937,11,7,7.5,,3.3,,11.7,,24.6,,24.6,,0,T,,,,,,,0,,10.5,,,,,
-52.7,47.56666666666667,ST JOHN'S,8403500,8403500.1937.11.8,1937-11-08 00:00:00,NL,1937,11,8,-1.4,,-3.3,,0.6,,0,,0,,0,,,,,,,,0,,19.4,,,,,
-52.7,47.56666666666667,ST JOHN'S,8403500,8403500.1937.11.9,1937-11-09 00:00:00,NL,1937,11,9,0,,-6.1,,6.1,,2,,2,,0,,,,,,,,0,,18,,,,,
-52.7,47.56666666666667,ST JOHN'S,8403500,8403500.1937.11.10,1937-11-10 00:00:00,NL,1937,11,10,6.4,,3.9,,8.9,,9.4,,9.4,,0,,,,,,,,0,,11.6,,,,,
-52.7,47.56666666666667,ST JOHN'S,8403500,8403500.1937.11.11,1937-11-11 00:00:00,NL,1937,11,11,3.1,,1.7,,4.4,,0.3,,0,T,0.3,,,,,,,,0,,14.9,,,,,
-52.7,47.56666666666667,ST JOHN'S,8403500,8403500.1937.11.12,1937-11-12 00:00:00,NL,1937,11,12,0,,-1.7,,1.7,,0.5,,0,,0.5,,,,,,,,0,,18,,,,,
-52.7,47.56666666666667,ST JOHN'S,8403500,8403500.1937.11.13,1937-11-13 00:00:00,NL,1937,11,13,-1.4,,-2.2,,-0.6,,0.3,,0,,0.3,,,,,,,,0,,19.4,,,,,
-52.7,47.56666666666667,ST JOHN'S,8403500,8403500.1937.11.14,1937-11-14 00:00:00,NL,1937,11,14,0.6,,-2.2,,3.3,,1,,1,,0,T,,,,,,,0,,17.4,,,,,
-52.7,47.56666666666667,ST JOHN'S,8403500,8403500.1937.11.15,1937-11-15 00:00:00,NL,1937,11,15,3.1,,0.6,,5.6,,1.3,,1.3,,0,,,,,,,,0,,14.9,,,,,
-52.7,47.56666666666667,ST JOHN'S,8403500,8403500.1937.11.16,1937-11-16 00:00:00,NL,1937,11,16,5.9,,5,,6.7,,0,,0,,0,,,,,,,,0,,12.1,,,,,
-52.7,47.56666666666667,ST JOHN'S,8403500,8403500.1937.11.17,1937-11-17 00:00:00,NL,1937,11,17,5.9,,5,,6.7,,0.8,,0.8,,0,,,,,,,,0,,12.1,,,,,
-52.7,47.56666666666667,ST JOHN'S,8403500,8403500.1937.11.18,1937-11-18 00:00:00,NL,1937,11,18,7.5,,4.4,,10.6,,3.3,,3.3,,0,,,,,,,,0,,10.5,,,,,
-52.7,47.56666666666667,ST JOHN'S,8403500,8403500.1937.11.19,1937-11-19 00:00:00,NL,1937,11,19,6.1,,4.4,,7.8,,0,T,0,T,0,,,,,,,,0,,11.9,,,,,
-52.7,47.56666666666667,ST JOHN'S,8403500,8403500.1937.11.20,1937-11-20 00:00:00,NL,1937,11,20,4.5,,1.7,,7.2,,0,,0,,0,,,,,,,,0,,13.5,,,,,
-52.7,47.56666666666667,ST JOHN'S,8403500,8403500.1937.11.21,1937-11-21 00:00:00,NL,1937,11,21,5.6,,1.1,,10,,1,,1,,0,,,,,,,,0,,12.4,,,,,
-52.7,47.56666666666667,ST JOHN'S,8403500,8403500.1937.11.22,1937-11-22 00:00:00,NL,1937,11,22,8.4,,5.6,,11.1,,6.1,,6.1,,0,,,,,,,,0,,9.6,,,,,
-52.7,47.56666666666667,ST JOHN'S,8403500,8403500.1937.11.23,1937-11-23 00:00:00,NL,1937,11,23,3.1,,1.7,,4.4,,0,T,0,,0,T,,,,,,,0,,14.9,,,,,
-52.7,47.56666666666667,ST JOHN'S,8403500,8403500.1937.11.24,1937-11-24 00:00:00,NL,1937,11,24,-1.4,,-2.2,,-0.6,,0.3,,0,,0.3,,,,,,,,0,,19.4,,,,,
-52.7,47.56666666666667,ST JOHN'S,8403500,8403500.1937.11.25,1937-11-25 00:00:00,NL,1937,11,25,-2,,-2.8,,-1.1,,1.3,,0,,1.3,,,,,,,,0,,20,,,,,
-52.7,47.56666666666667,ST JOHN'S,8403500,8403500.1937.11.26,1937-11-26 00:00:00,NL,1937,11,26,-3.1,,-5.6,,-0.6,,0.3,,0,,0.3,,,,,,,,0,,21.1,,,,,
-52.7,47.56666666666667,ST JOHN'S,8403500,8403500.1937.11.27,1937-11-27 00:00:00,NL,1937,11,27,-1.4,,-3.9,,1.1,,0,,0,,0,,,,,,,,0,,19.4,,,,,
-52.7,47.56666666666667,ST JOHN'S,8403500,8403500.1937.11.28,1937-11-28 00:00:00,NL,1937,11,28,-0.6,,-2.8,,1.7,,2.3,,0,,2.3,,,,,,,,0,,18.6,,,,,
-52.7,47.56666666666667,ST JOHN'S,8403500,8403500.1937.11.29,1937-11-29 00:00:00,NL,1937,11,29,2.2,,0,,4.4,,0,T,0,T,0,T,,,,,,,0,,15.8,,,,,
-52.7,47.56666666666667,ST JOHN'S,8403500,8403500.1937.11.30,1937-11-30 00:00:00,NL,1937,11,30,5.9,,2.8,,8.9,,2.8,,2.8,,0,,,,,,,,0,,12.1,,,,,
-52.7,47.56666666666667,ST JOHN'S,8403500,8403500.1937.12.1,1937-12-01 00:00:00,NL,1937,12,1,3.1,,0.6,,5.6,,0,,0,,0,,,,,,,,0,,14.9,,,,,
-52.7,47.56666666666667,ST JOHN'S,8403500,8403500.1937.12.2,1937-12-02 00:00:00,NL,1937,12,2,1.7,,-1.7,,5,,3.3,,0,,3.3,,,,,,,,0,,16.3,,,,,
-52.7,47.56666666666667,ST JOHN'S,8403500,8403500.1937.12.3,1937-12-03 00:00:00,NL,1937,12,3,-0.3,,-1.1,,0.6,,43.2,,17.8,,25.4,,,,,,,,0,,18.3,,,,,
-52.7,47.56666666666667,ST JOHN'S,8403500,8403500.1937.12.4,1937-12-04 00:00:00,NL,1937,12,4,0.6,,-0.6,,1.7,,29,,29,,0,,,,,,,,0,,17.4,,,,,
-52.7,47.56666666666667,ST JOHN'S,8403500,8403500.1937.12.5,1937-12-05 00:00:00,NL,1937,12,5,3.1,,1.1,,5,,13.2,,13.2,,0,,,,,,,,0,,14.9,,,,,
-52.7,47.56666666666667,ST JOHN'S,8403500,8403500.1937.12.6,1937-12-06 00:00:00,NL,1937,12,6,4.7,,3.3,,6.1,,35.6,,35.6,,0,,,,,,,,0,,13.3,,,,,
-52.7,47.56666666666667,ST JOHN'S,8403500,8403500.1937.12.7,1937-12-07 00:00:00,NL,1937,12,7,6.4,,5,,7.8,,18.8,,18.8,,0,,,,,,,,0,,11.6,,,,,
-52.7,47.56666666666667,ST JOHN'S,8403500,8403500.1937.12.8,1937-12-08 00:00:00,NL,1937,12,8,6.4,,3.9,,8.9,,11.7,,11.7,,0,,,,,,,,0,,11.6,,,,,
-52.7,47.56666666666667,ST JOHN'S,8403500,8403500.1937.12.9,1937-12-09 00:00:00,NL,1937,12,9,2.2,,-0.6,,5,,0,T,0,T,0,,,,,,,,0,,15.8,,,,,
-52.7,47.56666666666667,ST JOHN'S,8403500,8403500.1937.12.10,1937-12-10 00:00:00,NL,1937,12,10,5.6,,1.7,,9.4,,9.1,,9.1,,0,,,,,,,,0,,12.4,,,,,
-52.7,47.56666666666667,ST JOHN'S,8403500,8403500.1937.12.11,1937-12-11 00:00:00,NL,1937,12,11,8.9,,6.1,,11.7,,8.9,,8.9,,0,,,,,,,,0,,9.1,,,,,
-52.7,47.56666666666667,ST JOHN'S,8403500,8403500.1937.12.12,1937-12-12 00:00:00,NL,1937,12,12,5.3,,1.7,,8.9,,0.5,,0.5,,0,,,,,,,,0,,12.7,,,,,
-52.7,47.56666666666667,ST JOHN'S,8403500,8403500.1937.12.13,1937-12-13 00:00:00,NL,1937,12,13,3.4,,0,,6.7,,3,,3,,0,,,,,,,,0,,14.6,,,,,
-52.7,47.56666666666667,ST JOHN'S,8403500,8403500.1937.12.14,1937-12-14 00:00:00,NL,1937,12,14,0,,-1.7,,1.7,,0.5,,0,,0.5,,,,,,,,0,,18,,,,,
-52.7,47.56666666666667,ST JOHN'S,8403500,8403500.1937.12.15,1937-12-15 00:00:00,NL,1937,12,15,-2.8,,-6.1,,0.6,,3,,0,,3,,,,,,,,0,,20.8,,,,,
-52.7,47.56666666666667,ST JOHN'S,8403500,8403500.1937.12.16,1937-12-16 00:00:00,NL,1937,12,16,-6.1,,-8.3,,-3.9,,0.8,,0,,0.8,,,,,,,,0,,24.1,,,,,
-52.7,47.56666666666667,ST JOHN'S,8403500,8403500.1937.12.17,1937-12-17 00:00:00,NL,1937,12,17,-4.7,,-9.4,,0,,3,,0,,3,,,,,,,,0,,22.7,,,,,
-52.7,47.56666666666667,ST JOHN'S,8403500,8403500.1937.12.18,1937-12-18 00:00:00,NL,1937,12,18,-0.6,,-2.8,,1.7,,11.7,,4.1,,7.6,,,,,,,,0,,18.6,,,,,
-52.7,47.56666666666667,ST JOHN'S,8403500,8403500.1937.12.19,1937-12-19 00:00:00,NL,1937,12,19,1.2,,-3.3,,5.6,,0.3,,0.3,,0,,,,,,,,0,,16.8,,,,,
-52.7,47.56666666666667,ST JOHN'S,8403500,8403500.1937.12.20,1937-12-20 00:00:00,NL,1937,12,20,-1.4,,-2.2,,-0.6,,0,T,0,,0,T,,,,,,,0,,19.4,,,,,
-52.7,47.56666666666667,ST JOHN'S,8403500,8403500.1937.12.21,1937-12-21 00:00:00,NL,1937,12,21,-4.5,,-7.8,,-1.1,,0.3,,0,,0.3,,,,,,,,0,,22.5,,,,,
-52.7,47.56666666666667,ST JOHN'S,8403500,8403500.1937.12.22,1937-12-22 00:00:00,NL,1937,12,22,-7.2,,-11.1,,-3.3,,0,T,0,,0,T,,,,,,,0,,25.2,,,,,
-52.7,47.56666666666667,ST JOHN'S,8403500,8403500.1937.12.23,1937-12-23 00:00:00,NL,1937,12,23,-4.2,,-6.1,,-2.2,,7.6,,0,,7.6,,,,,,,,0,,22.2,,,,,
-52.7,47.56666666666667,ST JOHN'S,8403500,8403500.1937.12.24,1937-12-24 00:00:00,NL,1937,12,24,-3.9,,-5.6,,-2.2,,0,,0,,0,,,,,,,,0,,21.9,,,,,
-52.7,47.56666666666667,ST JOHN'S,8403500,8403500.1937.12.25,1937-12-25 00:00:00,NL,1937,12,25,-3.4,,-6.7,,0,,2,,0,,2,,,,,,,,0,,21.4,,,,,
-52.7,47.56666666666667,ST JOHN'S,8403500,8403500.1937.12.26,1937-12-26 00:00:00,NL,1937,12,26,-2,,-3.9,,0,,45.7,,0,,45.7,,,,,,,,0,,20,,,,,
-52.7,47.56666666666667,ST JOHN'S,8403500,8403500.1937.12.27,1937-12-27 00:00:00,NL,1937,12,27,-3.6,,-4.4,,-2.8,,17.8,,0,,17.8,,,,,,,,0,,21.6,,,,,
-52.7,47.56666666666667,ST JOHN'S,8403500,8403500.1937.12.28,1937-12-28 00:00:00,NL,1937,12,28,-3.9,,-5,,-2.8,,2,,0,,2,,,,,,,,0,,21.9,,,,,
-52.7,47.56666666666667,ST JOHN'S,8403500,8403500.1937.12.29,1937-12-29 00:00:00,NL,1937,12,29,-5.3,,-11.1,,0.6,,5.1,,0,,5.1,,,,,,,,0,,23.3,,,,,
-52.7,47.56666666666667,ST JOHN'S,8403500,8403500.1937.12.30,1937-12-30 00:00:00,NL,1937,12,30,-8.6,,-10,,-7.2,,1.8,,0,,1.8,,,,,,,,0,,26.6,,,,,
-52.7,47.56666666666667,ST JOHN'S,8403500,8403500.1937.12.31,1937-12-31 00:00:00,NL,1937,12,31,-5.9,,-8.9,,-2.8,,27.9,,0,,27.9,,,,,,,,0,,23.9,,,,,
-52.7,47.56666666666667,ST JOHN'S,8403500,8403500.1938.1.1,1938-01-01 00:00:00,NL,1938,1,1,-5,,-8.3,,-1.7,,15.2,,0,,15.2,,,,,,,,0,,23,,,,,
-52.7,47.56666666666667,ST JOHN'S,8403500,8403500.1938.1.2,1938-01-02 00:00:00,NL,1938,1,2,-3.1,,-10.6,,4.4,,17.8,,5.1,,12.7,,,,,,,,0,,21.1,,,,,
-52.7,47.56666666666667,ST JOHN'S,8403500,8403500.1938.1.3,1938-01-03 00:00:00,NL,1938,1,3,-0.3,,-7.2,,6.7,,3.6,,3.6,,0,T,,,,,,,0,,18.3,,,,,
-52.7,47.56666666666667,ST JOHN'S,8403500,8403500.1938.1.4,1938-01-04 00:00:00,NL,1938,1,4,-2,,-3.3,,-0.6,,0,,0,,0,,,,,,,,0,,20,,,,,
-52.7,47.56666666666667,ST JOHN'S,8403500,8403500.1938.1.5,1938-01-05 00:00:00,NL,1938,1,5,-2.5,,-7.8,,2.8,,4.3,,4.3,,0,,,,,,,,0,,20.5,,,,,
-52.7,47.56666666666667,ST JOHN'S,8403500,8403500.1938.1.6,1938-01-06 00:00:00,NL,1938,1,6,0.6,,-1.1,,2.2,,0,,0,,0,,,,,,,,0,,17.4,,,,,
-52.7,47.56666666666667,ST JOHN'S,8403500,8403500.1938.1.7,1938-01-07 00:00:00,NL,1938,1,7,-2.2,,-5,,0.6,,1.5,,1.5,,0,T,,,,,,,0,,20.2,,,,,
-52.7,47.56666666666667,ST JOHN'S,8403500,8403500.1938.1.8,1938-01-08 00:00:00,NL,1938,1,8,2,,-3.3,,7.2,,17.5,,17.5,,0,,,,,,,,0,,16,,,,,
-52.7,47.56666666666667,ST JOHN'S,8403500,8403500.1938.1.9,1938-01-09 00:00:00,NL,1938,1,9,0.6,,-2.8,,3.9,,0,T,0,,0,T,,,,,,,0,,17.4,,,,,
-52.7,47.56666666666667,ST JOHN'S,8403500,8403500.1938.1.10,1938-01-10 00:00:00,NL,1938,1,10,-6.7,,-9.4,,-3.9,,0.5,,0,,0.5,,,,,,,,0,,24.7,,,,,
-52.7,47.56666666666667,ST JOHN'S,8403500,8403500.1938.1.11,1938-01-11 00:00:00,NL,1938,1,11,-7.2,,-10,,-4.4,,0,T,0,,0,T,,,,,,,0,,25.2,,,,,
-52.7,47.56666666666667,ST JOHN'S,8403500,8403500.1938.1.12,1938-01-12 00:00:00,NL,1938,1,12,-8.4,,-10,,-6.7,,0,T,0,,0,T,,,,,,,0,,26.4,,,,,
-52.7,47.56666666666667,ST JOHN'S,8403500,8403500.1938.1.13,1938-01-13 00:00:00,NL,1938,1,13,-6.7,,-10,,-3.3,,0,T,0,,0,T,,,,,,,0,,24.7,,,,,
-52.7,47.56666666666667,ST JOHN'S,8403500,8403500.1938.1.14,1938-01-14 00:00:00,NL,1938,1,14,-5.9,,-11.1,,-0.6,,0.3,,0,T,0.3,,,,,,,,0,,23.9,,,,,
-52.7,47.56666666666667,ST JOHN'S,8403500,8403500.1938.1.15,1938-01-15 00:00:00,NL,1938,1,15,-2,,-2.8,,-1.1,,3.3,,0,T,3.3,,,,,,,,0,,20,,,,,
-52.7,47.56666666666667,ST JOHN'S,8403500,8403500.1938.1.16,1938-01-16 00:00:00,NL,1938,1,16,-3.9,,-4.4,,-3.3,,10.2,,0,,10.2,,,,,,,,0,,21.9,,,,,
-52.7,47.56666666666667,ST JOHN'S,8403500,8403500.1938.1.17,1938-01-17 00:00:00,NL,1938,1,17,-5.9,,-7.8,,-3.9,,0,T,0,,0,T,,,,,,,0,,23.9,,,,,
-52.7,47.56666666666667,ST JOHN'S,8403500,8403500.1938.1.18,1938-01-18 00:00:00,NL,1938,1,18,-12,,-13.9,,-10,,0,T,0,,0,T,,,,,,,0,,30,,,,,
-52.7,47.56666666666667,ST JOHN'S,8403500,8403500.1938.1.19,1938-01-19 00:00:00,NL,1938,1,19,-10.9,,-15,,-6.7,,0,,0,,0,,,,,,,,0,,28.9,,,,,
-52.7,47.56666666666667,ST JOHN'S,8403500,8403500.1938.1.20,1938-01-20 00:00:00,NL,1938,1,20,-7.5,,-8.9,,-6.1,,0,T,0,,0,T,,,,,,,0,,25.5,,,,,
-52.7,47.56666666666667,ST JOHN'S,8403500,8403500.1938.1.21,1938-01-21 00:00:00,NL,1938,1,21,-8.7,,-11.7,,-5.6,,0,T,0,,0,T,,,,,,,0,,26.7,,,,,
-52.7,47.56666666666667,ST JOHN'S,8403500,8403500.1938.1.22,1938-01-22 00:00:00,NL,1938,1,22,-11.7,,-12.8,,-10.6,,0.3,,0,,0.3,,,,,,,,0,,29.7,,,,,
-52.7,47.56666666666667,ST JOHN'S,8403500,8403500.1938.1.23,1938-01-23 00:00:00,NL,1938,1,23,-12.8,,-16.1,,-9.4,,0,T,0,,0,T,,,,,,,0,,30.8,,,,,
-52.7,47.56666666666667,ST JOHN'S,8403500,8403500.1938.1.24,1938-01-24 00:00:00,NL,1938,1,24,-8.1,,-13.3,,-2.8,,0,,0,,0,,,,,,,,0,,26.1,,,,,
-52.7,47.56666666666667,ST JOHN'S,8403500,8403500.1938.1.25,1938-01-25 00:00:00,NL,1938,1,25,-3.3,,-8.3,,1.7,,1,,1,,0,,,,,,,,0,,21.3,,,,,
-52.7,47.56666666666667,ST JOHN'S,8403500,8403500.1938.1.26,1938-01-26 00:00:00,NL,1938,1,26,0,,-6.7,,6.7,,1.5,,1.5,,0,,,,,,,,0,,18,,,,,
-52.7,47.56666666666667,ST JOHN'S,8403500,8403500.1938.1.27,1938-01-27 00:00:00,NL,1938,1,27,3.1,,2.2,,3.9,,0.8,,0.8,,0,T,,,,,,,0,,14.9,,,,,
-52.7,47.56666666666667,ST JOHN'S,8403500,8403500.1938.1.28,1938-01-28 00:00:00,NL,1938,1,28,1.4,,0,,2.8,,9.4,,8.4,,1,,,,,,,,0,,16.6,,,,,
-52.7,47.56666666666667,ST JOHN'S,8403500,8403500.1938.1.29,1938-01-29 00:00:00,NL,1938,1,29,-5.6,,-6.7,,-4.4,,4.1,,0,,4.1,,,,,,,,0,,23.6,,,,,
-52.7,47.56666666666667,ST JOHN'S,8403500,8403500.1938.1.30,1938-01-30 00:00:00,NL,1938,1,30,-5.3,,-10.6,,0,,0,,0,,0,,,,,,,,0,,23.3,,,,,
-52.7,47.56666666666667,ST JOHN'S,8403500,8403500.1938.1.31,1938-01-31 00:00:00,NL,1938,1,31,-1.1,,-10,,7.8,,3.6,,3.6,,0,,,,,,,,0,,19.1,,,,,
-52.7,47.56666666666667,ST JOHN'S,8403500,8403500.1938.2.1,1938-02-01 00:00:00,NL,1938,2,1,2,,-3.9,,7.8,,10.4,,4.1,,6.4,,,,,,,,0,,16,,,,,
-52.7,47.56666666666667,ST JOHN'S,8403500,8403500.1938.2.2,1938-02-02 00:00:00,NL,1938,2,2,-11.7,,-13.9,,-9.4,,0.5,,0,,0.5,,,,,,,,0,,29.7,,,,,
-52.7,47.56666666666667,ST JOHN'S,8403500,8403500.1938.2.3,1938-02-03 00:00:00,NL,1938,2,3,-15.6,,-17.8,,-13.3,,0,,0,,0,,,,,,,,0,,33.6,,,,,
-52.7,47.56666666666667,ST JOHN'S,8403500,8403500.1938.2.4,1938-02-04 00:00:00,NL,1938,2,4,-6.7,,-16.1,,2.8,,15.2,,5.1,,10.2,,,,,,,,0,,24.7,,,,,
-52.7,47.56666666666667,ST JOHN'S,8403500,8403500.1938.2.5,1938-02-05 00:00:00,NL,1938,2,5,-4.4,,-9.4,,0.6,,4.6,,0,,4.6,,,,,,,,0,,22.4,,,,,
-52.7,47.56666666666667,ST JOHN'S,8403500,8403500.1938.2.6,1938-02-06 00:00:00,NL,1938,2,6,-5.9,,-12.8,,1.1,,5.1,,0,,5.1,,,,,,,,0,,23.9,,,,,
-52.7,47.56666666666667,ST JOHN'S,8403500,8403500.1938.2.7,1938-02-07 00:00:00,NL,1938,2,7,-0.6,,-1.1,,0,,10.9,,7.1,,3.8,,,,,,,,0,,18.6,,,,,
-52.7,47.56666666666667,ST JOHN'S,8403500,8403500.1938.2.8,1938-02-08 00:00:00,NL,1938,2,8,-2.3,,-2.8,,-1.7,,3.8,,0,,3.8,,,,,,,,0,,20.3,,,,,
-52.7,47.56666666666667,ST JOHN'S,8403500,8403500.1938.2.9,1938-02-09 00:00:00,NL,1938,2,9,-5.8,,-7.2,,-4.4,,0,T,0,,0,T,,,,,,,0,,23.8,,,,,
-52.7,47.56666666666667,ST JOHN'S,8403500,8403500.1938.2.10,1938-02-10 00:00:00,NL,1938,2,10,-4.5,,-8.9,,0,,13.2,,0,,13.2,,,,,,,,0,,22.5,,,,,
-52.7,47.56666666666667,ST JOHN'S,8403500,8403500.1938.2.11,1938-02-11 00:00:00,NL,1938,2,11,-5.6,,-7.8,,-3.3,,3.8,,0,,3.8,,,,,,,,0,,23.6,,,,,
-52.7,47.56666666666667,ST JOHN'S,8403500,8403500.1938.2.12,1938-02-12 00:00:00,NL,1938,2,12,-10.6,,-11.7,,-9.4,,0.5,,0,,0.5,,,,,,,,0,,28.6,,,,,
-52.7,47.56666666666667,ST JOHN'S,8403500,8403500.1938.2.13,1938-02-13 00:00:00,NL,1938,2,13,-7.8,,-13.3,,-2.2,,0,T,0,,0,T,,,,,,,0,,25.8,,,,,
-52.7,47.56666666666667,ST JOHN'S,8403500,8403500.1938.2.14,1938-02-14 00:00:00,NL,1938,2,14,-11.1,,-13.3,,-8.9,,2.5,,0,,2.5,,,,,,,,0,,29.1,,,,,
-52.7,47.56666666666667,ST JOHN'S,8403500,8403500.1938.2.15,1938-02-15 00:00:00,NL,1938,2,15,-12.8,,-15.6,,-10,,3,,0,,3,,,,,,,,0,,30.8,,,,,
-52.7,47.56666666666667,ST JOHN'S,8403500,8403500.1938.2.16,1938-02-16 00:00:00,NL,1938,2,16,-13.1,,-13.9,,-12.2,,0,T,0,,0,T,,,,,,,0,,31.1,,,,,
-52.7,47.56666666666667,ST JOHN'S,8403500,8403500.1938.2.17,1938-02-17 00:00:00,NL,1938,2,17,-11.7,,-17.8,,-5.6,,1,,0,T,1,,,,,,,,0,,29.7,,,,,
-52.7,47.56666666666667,ST JOHN'S,8403500,8403500.1938.2.18,1938-02-18 00:00:00,NL,1938,2,18,-8.1,,-15,,-1.1,,2.8,,0.3,,2.5,,,,,,,,0,,26.1,,,,,
-52.7,47.56666666666667,ST JOHN'S,8403500,8403500.1938.2.19,1938-02-19 00:00:00,NL,1938,2,19,-1.7,,-4.4,,1.1,,2.3,,2.3,,0,,,,,,,,0,,19.7,,,,,
-52.7,47.56666666666667,ST JOHN'S,8403500,8403500.1938.2.20,1938-02-20 00:00:00,NL,1938,2,20,-0.9,,-1.7,,0,,0,T,0,T,0,,,,,,,,0,,18.9,,,,,
-52.7,47.56666666666667,ST JOHN'S,8403500,8403500.1938.2.21,1938-02-21 00:00:00,NL,1938,2,21,-7,,-8.9,,-5,,4.1,,0,T,4.1,,,,,,,,0,,25,,,,,
-52.7,47.56666666666667,ST JOHN'S,8403500,8403500.1938.2.22,1938-02-22 00:00:00,NL,1938,2,22,-10.6,,-11.1,,-10,,0,T,0,,0,T,,,,,,,0,,28.6,,,,,
-52.7,47.56666666666667,ST JOHN'S,8403500,8403500.1938.2.23,1938-02-23 00:00:00,NL,1938,2,23,-11.1,,-12.8,,-9.4,,0,T,0,,0,T,,,,,,,0,,29.1,,,,,
-52.7,47.56666666666667,ST JOHN'S,8403500,8403500.1938.2.24,1938-02-24 00:00:00,NL,1938,2,24,-12.2,,-15,,-9.4,,0,T,0,,0,T,,,,,,,0,,30.2,,,,,
-52.7,47.56666666666667,ST JOHN'S,8403500,8403500.1938.2.25,1938-02-25 00:00:00,NL,1938,2,25,-10.6,,-15,,-6.1,,2.8,,0,,2.8,,,,,,,,0,,28.6,,,,,
-52.7,47.56666666666667,ST JOHN'S,8403500,8403500.1938.2.26,1938-02-26 00:00:00,NL,1938,2,26,-6.1,,-7.8,,-4.4,,2,,0,,2,,,,,,,,0,,24.1,,,,,
-52.7,47.56666666666667,ST JOHN'S,8403500,8403500.1938.2.27,1938-02-27 00:00:00,NL,1938,2,27,-4.2,,-6.7,,-1.7,,0,T,0,,0,T,,,,,,,0,,22.2,,,,,
-52.7,47.56666666666667,ST JOHN'S,8403500,8403500.1938.2.28,1938-02-28 00:00:00,NL,1938,2,28,-2.5,,-10.6,,5.6,,8.6,,7.9,,0.8,,,,,,,,0,,20.5,,,,,
-52.7,47.56666666666667,ST JOHN'S,8403500,8403500.1938.3.1,1938-03-01 00:00:00,NL,1938,3,1,2.5,,-1.1,,6.1,,0.3,,0,,0.3,,,,,,,,0,,15.5,,,,,
-52.7,47.56666666666667,ST JOHN'S,8403500,8403500.1938.3.2,1938-03-02 00:00:00,NL,1938,3,2,-5.6,,-8.9,,-2.2,,0,T,0,,0,T,,,,,,,0,,23.6,,,,,
-52.7,47.56666666666667,ST JOHN'S,8403500,8403500.1938.3.3,1938-03-03 00:00:00,NL,1938,3,3,-1.4,,-7.2,,4.4,,3.3,,2,,1.3,,,,,,,,0,,19.4,,,,,
-52.7,47.56666666666667,ST JOHN'S,8403500,8403500.1938.3.4,1938-03-04 00:00:00,NL,1938,3,4,-14.8,,-16.7,,-12.8,,15.2,,0,,15.2,,,,,,,,0,,32.8,,,,,
-52.7,47.56666666666667,ST JOHN'S,8403500,8403500.1938.3.5,1938-03-05 00:00:00,NL,1938,3,5,-8.9,,-13.3,,-4.4,,0.3,,0,,0.3,,,,,,,,0,,26.9,,,,,
-52.7,47.56666666666667,ST JOHN'S,8403500,8403500.1938.3.6,1938-03-06 00:00:00,NL,1938,3,6,-3.7,,-11.7,,4.4,,3.6,,1.5,,2,,,,,,,,0,,21.7,,,,,
-52.7,47.56666666666667,ST JOHN'S,8403500,8403500.1938.3.7,1938-03-07 00:00:00,NL,1938,3,7,-2.3,,-3.9,,-0.6,,0.3,,0,,0.3,,,,,,,,0,,20.3,,,,,
-52.7,47.56666666666667,ST JOHN'S,8403500,8403500.1938.3.8,1938-03-08 00:00:00,NL,1938,3,8,-6.1,,-9.4,,-2.8,,0,T,0,,0,T,,,,,,,0,,24.1,,,,,
-52.7,47.56666666666667,ST JOHN'S,8403500,8403500.1938.3.9,1938-03-09 00:00:00,NL,1938,3,9,-8.6,,-13.3,,-3.9,,0.3,,0,,0.3,,,,,,,,0,,26.6,,,,,
-52.7,47.56666666666667,ST JOHN'S,8403500,8403500.1938.3.10,1938-03-10 00:00:00,NL,1938,3,10,-12.8,,-17.2,,-8.3,,0,T,0,,0,T,,,,,,,0,,30.8,,,,,
-52.7,47.56666666666667,ST JOHN'S,8403500,8403500.1938.3.11,1938-03-11 00:00:00,NL,1938,3,11,-11.4,,-17.2,,-5.6,,0,T,0,,0,T,,,,,,,0,,29.4,,,,,
-52.7,47.56666666666667,ST JOHN'S,8403500,8403500.1938.3.12,1938-03-12 00:00:00,NL,1938,3,12,-12,,-15.6,,-8.3,,0,,0,,0,,,,,,,,0,,30,,,,,
-52.7,47.56666666666667,ST JOHN'S,8403500,8403500.1938.3.13,1938-03-13 00:00:00,NL,1938,3,13,-7.2,,-12.2,,-2.2,,0,,0,,0,,,,,,,,0,,25.2,,,,,
-52.7,47.56666666666667,ST JOHN'S,8403500,8403500.1938.3.14,1938-03-14 00:00:00,NL,1938,3,14,-4.4,,-9.4,,0.6,,5.1,,0,,5.1,,,,,,,,0,,22.4,,,,,
-52.7,47.56666666666667,ST JOHN'S,8403500,8403500.1938.3.15,1938-03-15 00:00:00,NL,1938,3,15,-7.5,,-9.4,,-5.6,,0,,0,,0,,,,,,,,0,,25.5,,,,,
-52.7,47.56666666666667,ST JOHN'S,8403500,8403500.1938.3.16,1938-03-16 00:00:00,NL,1938,3,16,-5.3,,-10,,-0.6,,0,T,0,,0,T,,,,,,,0,,23.3,,,,,
-52.7,47.56666666666667,ST JOHN'S,8403500,8403500.1938.3.17,1938-03-17 00:00:00,NL,1938,3,17,-5.3,,-6.7,,-3.9,,0,T,0,,0,T,,,,,,,0,,23.3,,,,,
-52.7,47.56666666666667,ST JOHN'S,8403500,8403500.1938.3.18,1938-03-18 00:00:00,NL,1938,3,18,-2.5,,-7.8,,2.8,,8.9,,8.9,,0,,,,,,,,0,,20.5,,,,,
-52.7,47.56666666666667,ST JOHN'S,8403500,8403500.1938.3.19,1938-03-19 00:00:00,NL,1938,3,19,3.1,,-2.8,,8.9,,1.8,,1.8,,0,,,,,,,,0,,14.9,,,,,
-52.7,47.56666666666667,ST JOHN'S,8403500,8403500.1938.3.20,1938-03-20 00:00:00,NL,1938,3,20,5,,2.2,,7.8,,0,T,0,T,0,,,,,,,,0,,13,,,,,
-52.7,47.56666666666667,ST JOHN'S,8403500,8403500.1938.3.21,1938-03-21 00:00:00,NL,1938,3,21,1.1,,-0.6,,2.8,,4.1,,4.1,,0,,,,,,,,0,,16.9,,,,,
-52.7,47.56666666666667,ST JOHN'S,8403500,8403500.1938.3.22,1938-03-22 00:00:00,NL,1938,3,22,-0.9,,-1.7,,0,,7.9,,2,,5.8,,,,,,,,0,,18.9,,,,,
-52.7,47.56666666666667,ST JOHN'S,8403500,8403500.1938.3.23,1938-03-23 00:00:00,NL,1938,3,23,-1.7,,-2.8,,-0.6,,0,,0,,0,,,,,,,,0,,19.7,,,,,
-52.7,47.56666666666667,ST JOHN'S,8403500,8403500.1938.3.24,1938-03-24 00:00:00,NL,1938,3,24,1.4,,-4.4,,7.2,,0,,0,,0,,,,,,,,0,,16.6,,,,,
-52.7,47.56666666666667,ST JOHN'S,8403500,8403500.1938.3.25,1938-03-25 00:00:00,NL,1938,3,25,4.5,,1.7,,7.2,,8.1,,8.1,,0,,,,,,,,0,,13.5,,,,,
-52.7,47.56666666666667,ST JOHN'S,8403500,8403500.1938.3.26,1938-03-26 00:00:00,NL,1938,3,26,-1.7,,-2.8,,-0.6,,10.9,,0.8,,10.2,,,,,,,,0,,19.7,,,,,
-52.7,47.56666666666667,ST JOHN'S,8403500,8403500.1938.3.27,1938-03-27 00:00:00,NL,1938,3,27,-3.7,,-5.6,,-1.7,,30.5,,0,,30.5,,,,,,,,0,,21.7,,,,,
-52.7,47.56666666666667,ST JOHN'S,8403500,8403500.1938.3.28,1938-03-28 00:00:00,NL,1938,3,28,-2,,-2.2,,-1.7,,15.2,,0,,15.2,,,,,,,,0,,20,,,,,
-52.7,47.56666666666667,ST JOHN'S,8403500,8403500.1938.3.29,1938-03-29 00:00:00,NL,1938,3,29,-1.7,,-2.8,,-0.6,,0,T,0,,0,T,,,,,,,0,,19.7,,,,,
-52.7,47.56666666666667,ST JOHN'S,8403500,8403500.1938.3.30,1938-03-30 00:00:00,NL,1938,3,30,-5.3,,-7.2,,-3.3,,0,,0,,0,,,,,,,,0,,23.3,,,,,
-52.7,47.56666666666667,ST JOHN'S,8403500,8403500.1938.3.31,1938-03-31 00:00:00,NL,1938,3,31,-4.7,,-11.1,,1.7,,0,,0,,0,,,,,,,,0,,22.7,,,,,
-52.7,47.56666666666667,ST JOHN'S,8403500,8403500.1938.4.1,1938-04-01 00:00:00,NL,1938,4,1,-1.4,,-5.6,,2.8,,0,T,0,T,0,,,,,,,,0,,19.4,,,,,
-52.7,47.56666666666667,ST JOHN'S,8403500,8403500.1938.4.2,1938-04-02 00:00:00,NL,1938,4,2,0.6,,-1.7,,2.8,,2,,2,,0,,,,,,,,0,,17.4,,,,,
-52.7,47.56666666666667,ST JOHN'S,8403500,8403500.1938.4.3,1938-04-03 00:00:00,NL,1938,4,3,2.5,,-1.1,,6.1,,2.8,,2.8,,0,,,,,,,,0,,15.5,,,,,
-52.7,47.56666666666667,ST JOHN'S,8403500,8403500.1938.4.4,1938-04-04 00:00:00,NL,1938,4,4,1.7,,-0.6,,3.9,,0,,0,,0,,,,,,,,0,,16.3,,,,,
-52.7,47.56666666666667,ST JOHN'S,8403500,8403500.1938.4.5,1938-04-05 00:00:00,NL,1938,4,5,-0.6,,-4.4,,3.3,,4.6,,0,,4.6,,,,,,,,0,,18.6,,,,,
-52.7,47.56666666666667,ST JOHN'S,8403500,8403500.1938.4.6,1938-04-06 00:00:00,NL,1938,4,6,0.6,,-2.2,,3.3,,2,,0,,2,,,,,,,,0,,17.4,,,,,
-52.7,47.56666666666667,ST JOHN'S,8403500,8403500.1938.4.7,1938-04-07 00:00:00,NL,1938,4,7,-1.7,,-2.2,,-1.1,,0.5,,0,,0.5,,,,,,,,0,,19.7,,,,,
-52.7,47.56666666666667,ST JOHN'S,8403500,8403500.1938.4.8,1938-04-08 00:00:00,NL,1938,4,8,-3.9,,-6.1,,-1.7,,0,T,0,,0,T,,,,,,,0,,21.9,,,,,
-52.7,47.56666666666667,ST JOHN'S,8403500,8403500.1938.4.9,1938-04-09 00:00:00,NL,1938,4,9,-2.5,,-5,,0,,5.6,,0.5,,5.1,,,,,,,,0,,20.5,,,,,
-52.7,47.56666666666667,ST JOHN'S,8403500,8403500.1938.4.10,1938-04-10 00:00:00,NL,1938,4,10,2.2,,-3.9,,8.3,,6.6,,6.6,,0,T,,,,,,,0,,15.8,,,,,
-52.7,47.56666666666667,ST JOHN'S,8403500,8403500.1938.4.11,1938-04-11 00:00:00,NL,1938,4,11,-2.3,,-5.6,,1.1,,0,T,0,,0,T,,,,,,,0,,20.3,,,,,
-52.7,47.56666666666667,ST JOHN'S,8403500,8403500.1938.4.12,1938-04-12 00:00:00,NL,1938,4,12,-1.4,,-6.7,,3.9,,0,T,0,T,0,T,,,,,,,0,,19.4,,,,,
-52.7,47.56666666666667,ST JOHN'S,8403500,8403500.1938.4.13,1938-04-13 00:00:00,NL,1938,4,13,0.3,,-2.2,,2.8,,0,T,0,T,0,T,,,,,,,0,,17.7,,,,,
-52.7,47.56666666666667,ST JOHN'S,8403500,8403500.1938.4.14,1938-04-14 00:00:00,NL,1938,4,14,-0.9,,-2.8,,1.1,,0.5,,0.5,,0,,,,,,,,0,,18.9,,,,,
-52.7,47.56666666666667,ST JOHN'S,8403500,8403500.1938.4.15,1938-04-15 00:00:00,NL,1938,4,15,2.3,,-1.1,,5.6,,17,,17,,0,,,,,,,,0,,15.7,,,,,
-52.7,47.56666666666667,ST JOHN'S,8403500,8403500.1938.4.16,1938-04-16 00:00:00,NL,1938,4,16,-1.1,,-3.3,,1.1,,0,T,0,T,0,T,,,,,,,0,,19.1,,,,,
-52.7,47.56666666666667,ST JOHN'S,8403500,8403500.1938.4.17,1938-04-17 00:00:00,NL,1938,4,17,-0.9,,-5,,3.3,,0,,0,,0,,,,,,,,0,,18.9,,,,,
-52.7,47.56666666666667,ST JOHN'S,8403500,8403500.1938.4.18,1938-04-18 00:00:00,NL,1938,4,18,3.1,,-2.2,,8.3,,1,,1,,0,,,,,,,,0,,14.9,,,,,
-52.7,47.56666666666667,ST JOHN'S,8403500,8403500.1938.4.19,1938-04-19 00:00:00,NL,1938,4,19,8.1,,2.2,,13.9,,1.5,,1.5,,0,,,,,,,,0,,9.9,,,,,
-52.7,47.56666666666667,ST JOHN'S,8403500,8403500.1938.4.20,1938-04-20 00:00:00,NL,1938,4,20,11.1,,6.1,,16.1,,0.5,,0.5,,0,,,,,,,,0,,6.9,,,,,
-52.7,47.56666666666667,ST JOHN'S,8403500,8403500.1938.4.21,1938-04-21 00:00:00,NL,1938,4,21,12.2,,7.2,,17.2,,11.2,,11.2,,0,,,,,,,,0,,5.8,,,,,
-52.7,47.56666666666667,ST JOHN'S,8403500,8403500.1938.4.22,1938-04-22 00:00:00,NL,1938,4,22,3.9,,-0.6,,8.3,,4.8,,4.8,,0,,,,,,,,0,,14.1,,,,,
-52.7,47.56666666666667,ST JOHN'S,8403500,8403500.1938.4.23,1938-04-23 00:00:00,NL,1938,4,23,8.1,,0,,16.1,,4.6,,4.6,,0,,,,,,,,0,,9.9,,,,,
-52.7,47.56666666666667,ST JOHN'S,8403500,8403500.1938.4.24,1938-04-24 00:00:00,NL,1938,4,24,5.6,,2.8,,8.3,,0,,0,,0,,,,,,,,0,,12.4,,,,,
-52.7,47.56666666666667,ST JOHN'S,8403500,8403500.1938.4.25,1938-04-25 00:00:00,NL,1938,4,25,1.4,,-1.1,,3.9,,0.3,,0.3,,0,,,,,,,,0,,16.6,,,,,
-52.7,47.56666666666667,ST JOHN'S,8403500,8403500.1938.4.26,1938-04-26 00:00:00,NL,1938,4,26,0.6,,-1.1,,2.2,,8.9,,8.9,,0,,,,,,,,0,,17.4,,,,,
-52.7,47.56666666666667,ST JOHN'S,8403500,8403500.1938.4.27,1938-04-27 00:00:00,NL,1938,4,27,1.4,,-0.6,,3.3,,7.9,,2.8,,5.1,,,,,,,,0,,16.6,,,,,
-52.7,47.56666666666667,ST JOHN'S,8403500,8403500.1938.4.28,1938-04-28 00:00:00,NL,1938,4,28,0.6,,-2.2,,3.3,,2.5,,2.5,,0,T,,,,,,,0,,17.4,,,,,
-52.7,47.56666666666667,ST JOHN'S,8403500,8403500.1938.4.29,1938-04-29 00:00:00,NL,1938,4,29,-0.6,,-4.4,,3.3,,0,,0,,0,,,,,,,,0,,18.6,,,,,
-52.7,47.56666666666667,ST JOHN'S,8403500,8403500.1938.4.30,1938-04-30 00:00:00,NL,1938,4,30,0.6,,-3.3,,4.4,,10.2,,10.2,,0,,,,,,,,0,,17.4,,,,,
-52.7,47.56666666666667,ST JOHN'S,8403500,8403500.1938.5.1,1938-05-01 00:00:00,NL,1938,5,1,6.7,,0,,13.3,,1,,1,,0,,,,,,,,0,,11.3,,,,,
-52.7,47.56666666666667,ST JOHN'S,8403500,8403500.1938.5.2,1938-05-02 00:00:00,NL,1938,5,2,4.5,,1.1,,7.8,,0,T,0,T,0,,,,,,,,0,,13.5,,,,,
-52.7,47.56666666666667,ST JOHN'S,8403500,8403500.1938.5.3,1938-05-03 00:00:00,NL,1938,5,3,3.9,,-0.6,,8.3,,0,T,0,T,0,,,,,,,,0,,14.1,,,,,
-52.7,47.56666666666667,ST JOHN'S,8403500,8403500.1938.5.4,1938-05-04 00:00:00,NL,1938,5,4,2.8,,0,,5.6,,0.3,,0.3,,0,,,,,,,,0,,15.2,,,,,
-52.7,47.56666666666667,ST JOHN'S,8403500,8403500.1938.5.5,1938-05-05 00:00:00,NL,1938,5,5,0.9,,-2.2,,3.9,,2.5,,0,,2.5,,,,,,,,0,,17.1,,,,,
-52.7,47.56666666666667,ST JOHN'S,8403500,8403500.1938.5.6,1938-05-06 00:00:00,NL,1938,5,6,1.7,,-0.6,,3.9,,2.8,,1,,1.8,,,,,,,,0,,16.3,,,,,
-52.7,47.56666666666667,ST JOHN'S,8403500,8403500.1938.5.7,1938-05-07 00:00:00,NL,1938,5,7,4.2,,0.6,,7.8,,0,T,0,T,0,,,,,,,,0,,13.8,,,,,
-52.7,47.56666666666667,ST JOHN'S,8403500,8403500.1938.5.8,1938-05-08 00:00:00,NL,1938,5,8,3.9,,-1.1,,8.9,,10.7,,10.7,,0,,,,,,,,0,,14.1,,,,,
-52.7,47.56666666666667,ST JOHN'S,8403500,8403500.1938.5.9,1938-05-09 00:00:00,NL,1938,5,9,0.6,,-0.6,,1.7,,11.4,,3.8,,7.6,,,,,,,,0,,17.4,,,,,
-52.7,47.56666666666667,ST JOHN'S,8403500,8403500.1938.5.10,1938-05-10 00:00:00,NL,1938,5,10,5.3,,-0.6,,11.1,,0,,0,,0,,,,,,,,0,,12.7,,,,,
-52.7,47.56666666666667,ST JOHN'S,8403500,8403500.1938.5.11,1938-05-11 00:00:00,NL,1938,5,11,3.9,,1.7,,6.1,,0,,0,,0,,,,,,,,0,,14.1,,,,,
-52.7,47.56666666666667,ST JOHN'S,8403500,8403500.1938.5.12,1938-05-12 00:00:00,NL,1938,5,12,3.9,,1.1,,6.7,,0,,0,,0,,,,,,,,0,,14.1,,,,,
-52.7,47.56666666666667,ST JOHN'S,8403500,8403500.1938.5.13,1938-05-13 00:00:00,NL,1938,5,13,2.3,,0.6,,3.9,,1.8,,1.8,,0,,,,,,,,0,,15.7,,,,,
-52.7,47.56666666666667,ST JOHN'S,8403500,8403500.1938.5.14,1938-05-14 00:00:00,NL,1938,5,14,3.9,,1.7,,6.1,,1.8,,1.8,,0,,,,,,,,0,,14.1,,,,,
-52.7,47.56666666666667,ST JOHN'S,8403500,8403500.1938.5.15,1938-05-15 00:00:00,NL,1938,5,15,5.9,,1.7,,10,,0,,0,,0,,,,,,,,0,,12.1,,,,,
-52.7,47.56666666666667,ST JOHN'S,8403500,8403500.1938.5.16,1938-05-16 00:00:00,NL,1938,5,16,5.3,,1.1,,9.4,,8.1,,8.1,,0,,,,,,,,0,,12.7,,,,,
-52.7,47.56666666666667,ST JOHN'S,8403500,8403500.1938.5.17,1938-05-17 00:00:00,NL,1938,5,17,7.5,,1.1,,13.9,,0,T,0,T,0,,,,,,,,0,,10.5,,,,,
-52.7,47.56666666666667,ST JOHN'S,8403500,8403500.1938.5.18,1938-05-18 00:00:00,NL,1938,5,18,1.2,,0.6,,1.7,,0,T,0,T,0,,,,,,,,0,,16.8,,,,,
-52.7,47.56666666666667,ST JOHN'S,8403500,8403500.1938.5.19,1938-05-19 00:00:00,NL,1938,5,19,3.9,,-1.1,,8.9,,0,,0,,0,,,,,,,,0,,14.1,,,,,
-52.7,47.56666666666667,ST JOHN'S,8403500,8403500.1938.5.20,1938-05-20 00:00:00,NL,1938,5,20,8.1,,-0.6,,16.7,,0,,0,,0,,,,,,,,0,,9.9,,,,,
-52.7,47.56666666666667,ST JOHN'S,8403500,8403500.1938.5.21,1938-05-21 00:00:00,NL,1938,5,21,10,,5,,15,,2.5,,2.5,,0,,,,,,,,0,,8,,,,,
-52.7,47.56666666666667,ST JOHN'S,8403500,8403500.1938.5.22,1938-05-22 00:00:00,NL,1938,5,22,9.8,,3.9,,15.6,,0,,0,,0,,,,,,,,0,,8.2,,,,,
-52.7,47.56666666666667,ST JOHN'S,8403500,8403500.1938.5.23,1938-05-23 00:00:00,NL,1938,5,23,10.9,,1.7,,20,,0,,0,,0,,,,,,,,0,,7.1,,,,,
-52.7,47.56666666666667,ST JOHN'S,8403500,8403500.1938.5.24,1938-05-24 00:00:00,NL,1938,5,24,14.7,,8.3,,21.1,,0,,0,,0,,,,,,,,0,,3.3,,,,,
-52.7,47.56666666666667,ST JOHN'S,8403500,8403500.1938.5.25,1938-05-25 00:00:00,NL,1938,5,25,15.9,,7.8,,23.9,,0,,0,,0,,,,,,,,0,,2.1,,,,,
-52.7,47.56666666666667,ST JOHN'S,8403500,8403500.1938.5.26,1938-05-26 00:00:00,NL,1938,5,26,12.5,,6.1,,18.9,,0,T,0,T,0,,,,,,,,0,,5.5,,,,,
-52.7,47.56666666666667,ST JOHN'S,8403500,8403500.1938.5.27,1938-05-27 00:00:00,NL,1938,5,27,12.2,,6.1,,18.3,,0.3,,0.3,,0,,,,,,,,0,,5.8,,,,,
-52.7,47.56666666666667,ST JOHN'S,8403500,8403500.1938.5.28,1938-05-28 00:00:00,NL,1938,5,28,9.7,,5,,14.4,,0,T,0,T,0,,,,,,,,0,,8.3,,,,,
-52.7,47.56666666666667,ST JOHN'S,8403500,8403500.1938.5.29,1938-05-29 00:00:00,NL,1938,5,29,2.8,,0.6,,5,,0,T,0,T,0,,,,,,,,0,,15.2,,,,,
-52.7,47.56666666666667,ST JOHN'S,8403500,8403500.1938.5.30,1938-05-30 00:00:00,NL,1938,5,30,6.1,,0,,12.2,,0,,0,,0,,,,,,,,0,,11.9,,,,,
-52.7,47.56666666666667,ST JOHN'S,8403500,8403500.1938.5.31,1938-05-31 00:00:00,NL,1938,5,31,9.8,,3.9,,15.6,,0,,0,,0,,,,,,,,0,,8.2,,,,,
-52.7,47.56666666666667,ST JOHN'S,8403500,8403500.1938.6.1,1938-06-01 00:00:00,NL,1938,6,1,5,,0,,10,,0,,0,,0,,,,,,,,0,,13,,,,,
-52.7,47.56666666666667,ST JOHN'S,8403500,8403500.1938.6.2,1938-06-02 00:00:00,NL,1938,6,2,12.3,,3.9,,20.6,,0.3,,0.3,,0,,,,,,,,0,,5.7,,,,,
-52.7,47.56666666666667,ST JOHN'S,8403500,8403500.1938.6.3,1938-06-03 00:00:00,NL,1938,6,3,17.3,,8.9,,25.6,,0,,0,,0,,,,,,,,0,,0.7,,,,,
-52.7,47.56666666666667,ST JOHN'S,8403500,8403500.1938.6.4,1938-06-04 00:00:00,NL,1938,6,4,17.5,,13.9,,21.1,,0,,0,,0,,,,,,,,0,,0.5,,,,,
-52.7,47.56666666666667,ST JOHN'S,8403500,8403500.1938.6.5,1938-06-05 00:00:00,NL,1938,6,5,14.7,,8.3,,21.1,,0,,0,,0,,,,,,,,0,,3.3,,,,,
-52.7,47.56666666666667,ST JOHN'S,8403500,8403500.1938.6.6,1938-06-06 00:00:00,NL,1938,6,6,7.5,,5.6,,9.4,,5.1,,5.1,,0,,,,,,,,0,,10.5,,,,,
-52.7,47.56666666666667,ST JOHN'S,8403500,8403500.1938.6.7,1938-06-07 00:00:00,NL,1938,6,7,6.4,,5,,7.8,,1.8,,1.8,,0,,,,,,,,0,,11.6,,,,,
-52.7,47.56666666666667,ST JOHN'S,8403500,8403500.1938.6.8,1938-06-08 00:00:00,NL,1938,6,8,11.4,,4.4,,18.3,,0,T,0,T,0,,,,,,,,0,,6.6,,,,,
-52.7,47.56666666666667,ST JOHN'S,8403500,8403500.1938.6.9,1938-06-09 00:00:00,NL,1938,6,9,17.5,,9.4,,25.6,,1.8,,1.8,,0,,,,,,,,0,,0.5,,,,,
-52.7,47.56666666666667,ST JOHN'S,8403500,8403500.1938.6.10,1938-06-10 00:00:00,NL,1938,6,10,15.9,,10,,21.7,,0.8,,0.8,,0,,,,,,,,0,,2.1,,,,,
-52.7,47.56666666666667,ST JOHN'S,8403500,8403500.1938.6.11,1938-06-11 00:00:00,NL,1938,6,11,14.2,,9.4,,18.9,,0,,0,,0,,,,,,,,0,,3.8,,,,,
-52.7,47.56666666666667,ST JOHN'S,8403500,8403500.1938.6.12,1938-06-12 00:00:00,NL,1938,6,12,15.3,,10.6,,20,,0.3,,0.3,,0,,,,,,,,0,,2.7,,,,,
-52.7,47.56666666666667,ST JOHN'S,8403500,8403500.1938.6.13,1938-06-13 00:00:00,NL,1938,6,13,18.4,,11.7,,25,,1.3,,1.3,,0,,,,,,,,0.4,,0,,,,,
-52.7,47.56666666666667,ST JOHN'S,8403500,8403500.1938.6.14,1938-06-14 00:00:00,NL,1938,6,14,11.4,,8.9,,13.9,,0,T,0,T,0,,,,,,,,0,,6.6,,,,,
-52.7,47.56666666666667,ST JOHN'S,8403500,8403500.1938.6.15,1938-06-15 00:00:00,NL,1938,6,15,10,,2.2,,17.8,,0,,0,,0,,,,,,,,0,,8,,,,,
-52.7,47.56666666666667,ST JOHN'S,8403500,8403500.1938.6.16,1938-06-16 00:00:00,NL,1938,6,16,15.6,,5.6,,25.6,,0,,0,,0,,,,,,,,0,,2.4,,,,,
-52.7,47.56666666666667,ST JOHN'S,8403500,8403500.1938.6.17,1938-06-17 00:00:00,NL,1938,6,17,14.5,,6.1,,22.8,,10.7,,10.7,,0,,,,,,,,0,,3.5,,,,,
-52.7,47.56666666666667,ST JOHN'S,8403500,8403500.1938.6.18,1938-06-18 00:00:00,NL,1938,6,18,14.2,,7.2,,21.1,,7.6,,7.6,,0,,,,,,,,0,,3.8,,,,,
-52.7,47.56666666666667,ST JOHN'S,8403500,8403500.1938.6.19,1938-06-19 00:00:00,NL,1938,6,19,10.6,,8.9,,12.2,,0,T,0,T,0,,,,,,,,0,,7.4,,,,,
-52.7,47.56666666666667,ST JOHN'S,8403500,8403500.1938.6.20,1938-06-20 00:00:00,NL,1938,6,20,12.8,,6.1,,19.4,,0,,0,,0,,,,,,,,0,,5.2,,,,,
-52.7,47.56666666666667,ST JOHN'S,8403500,8403500.1938.6.21,1938-06-21 00:00:00,NL,1938,6,21,9.2,,7.2,,11.1,,1,,1,,0,,,,,,,,0,,8.8,,,,,
-52.7,47.56666666666667,ST JOHN'S,8403500,8403500.1938.6.22,1938-06-22 00:00:00,NL,1938,6,22,13.1,,5,,21.1,,0.3,,0.3,,0,,,,,,,,0,,4.9,,,,,
-52.7,47.56666666666667,ST JOHN'S,8403500,8403500.1938.6.23,1938-06-23 00:00:00,NL,1938,6,23,20.6,,14.4,,26.7,,0,,0,,0,,,,,,,,2.6,,0,,,,,
-52.7,47.56666666666667,ST JOHN'S,8403500,8403500.1938.6.24,1938-06-24 00:00:00,NL,1938,6,24,18.9,,13.3,,24.4,,0.5,,0.5,,0,,,,,,,,0.9,,0,,,,,
-52.7,47.56666666666667,ST JOHN'S,8403500,8403500.1938.6.25,1938-06-25 00:00:00,NL,1938,6,25,19.5,,15,,23.9,,0,T,0,T,0,,,,,,,,1.5,,0,,,,,
-52.7,47.56666666666667,ST JOHN'S,8403500,8403500.1938.6.26,1938-06-26 00:00:00,NL,1938,6,26,19.7,,15,,24.4,,2.5,,2.5,,0,,,,,,,,1.7,,0,,,,,
-52.7,47.56666666666667,ST JOHN'S,8403500,8403500.1938.6.27,1938-06-27 00:00:00,NL,1938,6,27,10.8,,9.4,,12.2,,0.3,,0.3,,0,,,,,,,,0,,7.2,,,,,
-52.7,47.56666666666667,ST JOHN'S,8403500,8403500.1938.6.28,1938-06-28 00:00:00,NL,1938,6,28,12,,8.3,,15.6,,1.3,,1.3,,0,,,,,,,,0,,6,,,,,
-52.7,47.56666666666667,ST JOHN'S,8403500,8403500.1938.6.29,1938-06-29 00:00:00,NL,1938,6,29,15.3,,8.3,,22.2,,7.9,,7.9,,0,,,,,,,,0,,2.7,,,,,
-52.7,47.56666666666667,ST JOHN'S,8403500,8403500.1938.6.30,1938-06-30 00:00:00,NL,1938,6,30,17.8,,12.2,,23.3,,1.3,,1.3,,0,,,,,,,,0,,0.2,,,,,
-52.7,47.56666666666667,ST JOHN'S,8403500,8403500.1938.7.1,1938-07-01 00:00:00,NL,1938,7,1,13.9,,8.9,,18.9,,0.8,,0.8,,0,,,,,,,,0,,4.1,,,,,
-52.7,47.56666666666667,ST JOHN'S,8403500,8403500.1938.7.2,1938-07-02 00:00:00,NL,1938,7,2,12.3,,8.9,,15.6,,10.9,,10.9,,0,,,,,,,,0,,5.7,,,,,
-52.7,47.56666666666667,ST JOHN'S,8403500,8403500.1938.7.3,1938-07-03 00:00:00,NL,1938,7,3,14.7,,9.4,,20,,4.6,,4.6,,0,,,,,,,,0,,3.3,,,,,
-52.7,47.56666666666667,ST JOHN'S,8403500,8403500.1938.7.4,1938-07-04 00:00:00,NL,1938,7,4,20,,15.6,,24.4,,1.8,,1.8,,0,,,,,,,,2,,0,,,,,
-52.7,47.56666666666667,ST JOHN'S,8403500,8403500.1938.7.5,1938-07-05 00:00:00,NL,1938,7,5,18.9,,14.4,,23.3,,2.3,,2.3,,0,,,,,,,,0.9,,0,,,,,
-52.7,47.56666666666667,ST JOHN'S,8403500,8403500.1938.7.6,1938-07-06 00:00:00,NL,1938,7,6,16.2,,10.6,,21.7,,0.3,,0.3,,0,,,,,,,,0,,1.8,,,,,
-52.7,47.56666666666667,ST JOHN'S,8403500,8403500.1938.7.7,1938-07-07 00:00:00,NL,1938,7,7,13.6,,11.1,,16.1,,0.8,,0.8,,0,,,,,,,,0,,4.4,,,,,
-52.7,47.56666666666667,ST JOHN'S,8403500,8403500.1938.7.8,1938-07-08 00:00:00,NL,1938,7,8,14.2,,10.6,,17.8,,4.3,,4.3,,0,,,,,,,,0,,3.8,,,,,
-52.7,47.56666666666667,ST JOHN'S,8403500,8403500.1938.7.9,1938-07-09 00:00:00,NL,1938,7,9,17.3,,10.6,,23.9,,0,,0,,0,,,,,,,,0,,0.7,,,,,
-52.7,47.56666666666667,ST JOHN'S,8403500,8403500.1938.7.10,1938-07-10 00:00:00,NL,1938,7,10,20.3,,15.6,,25,,0,T,0,T,0,,,,,,,,2.3,,0,,,,,
-52.7,47.56666666666667,ST JOHN'S,8403500,8403500.1938.7.11,1938-07-11 00:00:00,NL,1938,7,11,16.7,,8.9,,24.4,,0.8,,0.8,,0,,,,,,,,0,,1.3,,,,,
-52.7,47.56666666666667,ST JOHN'S,8403500,8403500.1938.7.12,1938-07-12 00:00:00,NL,1938,7,12,8.4,,6.7,,10,,0,T,0,T,0,,,,,,,,0,,9.6,,,,,
-52.7,47.56666666666667,ST JOHN'S,8403500,8403500.1938.7.13,1938-07-13 00:00:00,NL,1938,7,13,11.7,,6.7,,16.7,,0,T,0,T,0,,,,,,,,0,,6.3,,,,,
-52.7,47.56666666666667,ST JOHN'S,8403500,8403500.1938.7.14,1938-07-14 00:00:00,NL,1938,7,14,16.7,,11.1,,22.2,,0,,0,,0,,,,,,,,0,,1.3,,,,,
-52.7,47.56666666666667,ST JOHN'S,8403500,8403500.1938.7.15,1938-07-15 00:00:00,NL,1938,7,15,19.8,,13.9,,25.6,,0,T,0,T,0,,,,,,,,1.8,,0,,,,,
-52.7,47.56666666666667,ST JOHN'S,8403500,8403500.1938.7.16,1938-07-16 00:00:00,NL,1938,7,16,20.6,,17.8,,23.3,,0,,0,,0,,,,,,,,2.6,,0,,,,,
-52.7,47.56666666666667,ST JOHN'S,8403500,8403500.1938.7.17,1938-07-17 00:00:00,NL,1938,7,17,21.4,,15,,27.8,,0,,0,,0,,,,,,,,3.4,,0,,,,,
-52.7,47.56666666666667,ST JOHN'S,8403500,8403500.1938.7.18,1938-07-18 00:00:00,NL,1938,7,18,20.3,,15,,25.6,,0,T,0,T,0,,,,,,,,2.3,,0,,,,,
-52.7,47.56666666666667,ST JOHN'S,8403500,8403500.1938.7.19,1938-07-19 00:00:00,NL,1938,7,19,17.5,,16.1,,18.9,,2.5,,2.5,,0,,,,,,,,0,,0.5,,,,,
-52.7,47.56666666666667,ST JOHN'S,8403500,8403500.1938.7.20,1938-07-20 00:00:00,NL,1938,7,20,15.9,,12.8,,18.9,,3.6,,3.6,,0,,,,,,,,0,,2.1,,,,,
-52.7,47.56666666666667,ST JOHN'S,8403500,8403500.1938.7.21,1938-07-21 00:00:00,NL,1938,7,21,18.4,,12.8,,23.9,,0,T,0,T,0,,,,,,,,0.4,,0,,,,,
-52.7,47.56666666666667,ST JOHN'S,8403500,8403500.1938.7.22,1938-07-22 00:00:00,NL,1938,7,22,18.3,,13.3,,23.3,,7.1,,7.1,,0,,,,,,,,0.3,,0,,,,,
-52.7,47.56666666666667,ST JOHN'S,8403500,8403500.1938.7.23,1938-07-23 00:00:00,NL,1938,7,23,16.7,,12.2,,21.1,,0,T,0,T,0,,,,,,,,0,,1.3,,,,,
-52.7,47.56666666666667,ST JOHN'S,8403500,8403500.1938.7.24,1938-07-24 00:00:00,NL,1938,7,24,22,,17.8,,26.1,,0,,0,,0,,,,,,,,4,,0,,,,,
-52.7,47.56666666666667,ST JOHN'S,8403500,8403500.1938.7.25,1938-07-25 00:00:00,NL,1938,7,25,20.8,,18.3,,23.3,,0.3,,0.3,,0,,,,,,,,2.8,,0,,,,,
-52.7,47.56666666666667,ST JOHN'S,8403500,8403500.1938.7.26,1938-07-26 00:00:00,NL,1938,7,26,21.4,,16.7,,26.1,,0,T,0,T,0,,,,,,,,3.4,,0,,,,,
-52.7,47.56666666666667,ST JOHN'S,8403500,8403500.1938.7.27,1938-07-27 00:00:00,NL,1938,7,27,21.1,,17.8,,24.4,,1,,1,,0,,,,,,,,3.1,,0,,,,,
-52.7,47.56666666666667,ST JOHN'S,8403500,8403500.1938.7.28,1938-07-28 00:00:00,NL,1938,7,28,13.4,,11.1,,15.6,,0,T,0,T,0,,,,,,,,0,,4.6,,,,,
-52.7,47.56666666666667,ST JOHN'S,8403500,8403500.1938.7.29,1938-07-29 00:00:00,NL,1938,7,29,15,,7.8,,22.2,,0,,0,,0,,,,,,,,0,,3,,,,,
-52.7,47.56666666666667,ST JOHN'S,8403500,8403500.1938.7.30,1938-07-30 00:00:00,NL,1938,7,30,15.6,,9.4,,21.7,,0,T,0,T,0,,,,,,,,0,,2.4,,,,,
-52.7,47.56666666666667,ST JOHN'S,8403500,8403500.1938.7.31,1938-07-31 00:00:00,NL,1938,7,31,20.6,,16.7,,24.4,,0,T,0,T,0,,,,,,,,2.6,,0,,,,,
-52.7,47.56666666666667,ST JOHN'S,8403500,8403500.1938.8.1,1938-08-01 00:00:00,NL,1938,8,1,22.2,,16.1,,28.3,,0,,0,,0,,,,,,,,4.2,,0,,,,,
-52.7,47.56666666666667,ST JOHN'S,8403500,8403500.1938.8.2,1938-08-02 00:00:00,NL,1938,8,2,23.1,,17.8,,28.3,,7.9,,7.9,,0,,,,,,,,5.1,,0,,,,,
-52.7,47.56666666666667,ST JOHN'S,8403500,8403500.1938.8.3,1938-08-03 00:00:00,NL,1938,8,3,22,,18.9,,25,,10.2,,10.2,,0,,,,,,,,4,,0,,,,,
-52.7,47.56666666666667,ST JOHN'S,8403500,8403500.1938.8.4,1938-08-04 00:00:00,NL,1938,8,4,19.2,,15.6,,22.8,,0,,0,,0,,,,,,,,1.2,,0,,,,,
-52.7,47.56666666666667,ST JOHN'S,8403500,8403500.1938.8.5,1938-08-05 00:00:00,NL,1938,8,5,20,,12.8,,27.2,,0,,0,,0,,,,,,,,2,,0,,,,,
-52.7,47.56666666666667,ST JOHN'S,8403500,8403500.1938.8.6,1938-08-06 00:00:00,NL,1938,8,6,23.3,,18.3,,28.3,,0,,0,,0,,,,,,,,5.3,,0,,,,,
-52.7,47.56666666666667,ST JOHN'S,8403500,8403500.1938.8.7,1938-08-07 00:00:00,NL,1938,8,7,19.5,,15,,23.9,,0,,0,,0,,,,,,,,1.5,,0,,,,,
-52.7,47.56666666666667,ST JOHN'S,8403500,8403500.1938.8.8,1938-08-08 00:00:00,NL,1938,8,8,20.3,,15,,25.6,,0,,0,,0,,,,,,,,2.3,,0,,,,,
-52.7,47.56666666666667,ST JOHN'S,8403500,8403500.1938.8.9,1938-08-09 00:00:00,NL,1938,8,9,12.8,,8.9,,16.7,,0,T,0,T,0,,,,,,,,0,,5.2,,,,,
-52.7,47.56666666666667,ST JOHN'S,8403500,8403500.1938.8.10,1938-08-10 00:00:00,NL,1938,8,10,13.4,,12.8,,13.9,,3,,3,,0,,,,,,,,0,,4.6,,,,,
-52.7,47.56666666666667,ST JOHN'S,8403500,8403500.1938.8.11,1938-08-11 00:00:00,NL,1938,8,11,13.6,,12.2,,15,,1,,1,,0,,,,,,,,0,,4.4,,,,,
-52.7,47.56666666666667,ST JOHN'S,8403500,8403500.1938.8.12,1938-08-12 00:00:00,NL,1938,8,12,13.3,,12.2,,14.4,,18.5,,18.5,,0,,,,,,,,0,,4.7,,,,,
-52.7,47.56666666666667,ST JOHN'S,8403500,8403500.1938.8.13,1938-08-13 00:00:00,NL,1938,8,13,14.2,,12.2,,16.1,,0.5,,0.5,,0,,,,,,,,0,,3.8,,,,,
-52.7,47.56666666666667,ST JOHN'S,8403500,8403500.1938.8.14,1938-08-14 00:00:00,NL,1938,8,14,15.9,,10.6,,21.1,,2.5,,2.5,,0,,,,,,,,0,,2.1,,,,,
-52.7,47.56666666666667,ST JOHN'S,8403500,8403500.1938.8.15,1938-08-15 00:00:00,NL,1938,8,15,17,,11.7,,22.2,,0,,0,,0,,,,,,,,0,,1,,,,,
-52.7,47.56666666666667,ST JOHN'S,8403500,8403500.1938.8.16,1938-08-16 00:00:00,NL,1938,8,16,19.2,,12.8,,25.6,,0,,0,,0,,,,,,,,1.2,,0,,,,,
-52.7,47.56666666666667,ST JOHN'S,8403500,8403500.1938.8.17,1938-08-17 00:00:00,NL,1938,8,17,18.9,,14.4,,23.3,,1,,1,,0,,,,,,,,0.9,,0,,,,,
-52.7,47.56666666666667,ST JOHN'S,8403500,8403500.1938.8.18,1938-08-18 00:00:00,NL,1938,8,18,21.4,,13.9,,28.9,,1.5,,1.5,,0,,,,,,,,3.4,,0,,,,,
-52.7,47.56666666666667,ST JOHN'S,8403500,8403500.1938.8.19,1938-08-19 00:00:00,NL,1938,8,19,21.1,,20,,22.2,,27.4,,27.4,,0,,,,,,,,3.1,,0,,,,,
-52.7,47.56666666666667,ST JOHN'S,8403500,8403500.1938.8.20,1938-08-20 00:00:00,NL,1938,8,20,18.6,,13.9,,23.3,,0,T,0,T,0,,,,,,,,0.6,,0,,,,,
-52.7,47.56666666666667,ST JOHN'S,8403500,8403500.1938.8.21,1938-08-21 00:00:00,NL,1938,8,21,14.2,,10,,18.3,,0,,0,,0,,,,,,,,0,,3.8,,,,,
-52.7,47.56666666666667,ST JOHN'S,8403500,8403500.1938.8.22,1938-08-22 00:00:00,NL,1938,8,22,15.6,,9.4,,21.7,,0,T,0,T,0,,,,,,,,0,,2.4,,,,,
-52.7,47.56666666666667,ST JOHN'S,8403500,8403500.1938.8.23,1938-08-23 00:00:00,NL,1938,8,23,18.1,,16.1,,20,,1.5,,1.5,,0,,,,,,,,0.1,,0,,,,,
-52.7,47.56666666666667,ST JOHN'S,8403500,8403500.1938.8.24,1938-08-24 00:00:00,NL,1938,8,24,15.8,,12.2,,19.4,,0,,0,,0,,,,,,,,0,,2.2,,,,,
-52.7,47.56666666666667,ST JOHN'S,8403500,8403500.1938.8.25,1938-08-25 00:00:00,NL,1938,8,25,15,,11.7,,18.3,,11.2,,11.2,,0,,,,,,,,0,,3,,,,,
-52.7,47.56666666666667,ST JOHN'S,8403500,8403500.1938.8.26,1938-08-26 00:00:00,NL,1938,8,26,19.5,,15,,23.9,,45.7,,45.7,,0,,,,,,,,1.5,,0,,,,,
-52.7,47.56666666666667,ST JOHN'S,8403500,8403500.1938.8.27,1938-08-27 00:00:00,NL,1938,8,27,18.1,,15.6,,20.6,,0,T,0,T,0,,,,,,,,0.1,,0,,,,,
-52.7,47.56666666666667,ST JOHN'S,8403500,8403500.1938.8.28,1938-08-28 00:00:00,NL,1938,8,28,17.8,,14.4,,21.1,,0.3,,0.3,,0,,,,,,,,0,,0.2,,,,,
-52.7,47.56666666666667,ST JOHN'S,8403500,8403500.1938.8.29,1938-08-29 00:00:00,NL,1938,8,29,16.9,,14.4,,19.4,,0,,0,,0,,,,,,,,0,,1.1,,,,,
-52.7,47.56666666666667,ST JOHN'S,8403500,8403500.1938.8.30,1938-08-30 00:00:00,NL,1938,8,30,15.9,,10.6,,21.1,,1.3,,1.3,,0,,,,,,,,0,,2.1,,,,,
-52.7,47.56666666666667,ST JOHN'S,8403500,8403500.1938.8.31,1938-08-31 00:00:00,NL,1938,8,31,13.9,,12.8,,15,,28.7,,28.7,,0,,,,,,,,0,,4.1,,,,,
-52.7,47.56666666666667,ST JOHN'S,8403500,8403500.1938.9.1,1938-09-01 00:00:00,NL,1938,9,1,14.2,,11.7,,16.7,,0,,0,,0,,,,,,,,0,,3.8,,,,,
-52.7,47.56666666666667,ST JOHN'S,8403500,8403500.1938.9.2,1938-09-02 00:00:00,NL,1938,9,2,15.8,,12.2,,19.4,,3,,3,,0,,,,,,,,0,,2.2,,,,,
-52.7,47.56666666666667,ST JOHN'S,8403500,8403500.1938.9.3,1938-09-03 00:00:00,NL,1938,9,3,16.1,,12.8,,19.4,,0,T,0,T,0,,,,,,,,0,,1.9,,,,,
-52.7,47.56666666666667,ST JOHN'S,8403500,8403500.1938.9.4,1938-09-04 00:00:00,NL,1938,9,4,15,,12.2,,17.8,,28.7,,28.7,,0,,,,,,,,0,,3,,,,,
-52.7,47.56666666666667,ST JOHN'S,8403500,8403500.1938.9.5,1938-09-05 00:00:00,NL,1938,9,5,19.2,,14.4,,23.9,,0,T,0,T,0,,,,,,,,1.2,,0,,,,,
-52.7,47.56666666666667,ST JOHN'S,8403500,8403500.1938.9.6,1938-09-06 00:00:00,NL,1938,9,6,15,,11.1,,18.9,,0,T,0,T,0,,,,,,,,0,,3,,,,,
-52.7,47.56666666666667,ST JOHN'S,8403500,8403500.1938.9.7,1938-09-07 00:00:00,NL,1938,9,7,12.8,,7.2,,18.3,,0,,0,,0,,,,,,,,0,,5.2,,,,,
-52.7,47.56666666666667,ST JOHN'S,8403500,8403500.1938.9.8,1938-09-08 00:00:00,NL,1938,9,8,15.6,,11.7,,19.4,,6.9,,6.9,,0,,,,,,,,0,,2.4,,,,,
-52.7,47.56666666666667,ST JOHN'S,8403500,8403500.1938.9.9,1938-09-09 00:00:00,NL,1938,9,9,16.4,,13.3,,19.4,,5.8,,5.8,,0,,,,,,,,0,,1.6,,,,,
-52.7,47.56666666666667,ST JOHN'S,8403500,8403500.1938.9.10,1938-09-10 00:00:00,NL,1938,9,10,12.8,,10,,15.6,,0,T,0,T,0,,,,,,,,0,,5.2,,,,,
-52.7,47.56666666666667,ST JOHN'S,8403500,8403500.1938.9.11,1938-09-11 00:00:00,NL,1938,9,11,11.1,,8.9,,13.3,,0,,0,,0,,,,,,,,0,,6.9,,,,,
-52.7,47.56666666666667,ST JOHN'S,8403500,8403500.1938.9.12,1938-09-12 00:00:00,NL,1938,9,12,8.4,,5.6,,11.1,,0,,0,,0,,,,,,,,0,,9.6,,,,,
-52.7,47.56666666666667,ST JOHN'S,8403500,8403500.1938.9.13,1938-09-13 00:00:00,NL,1938,9,13,7.8,,3.3,,12.2,,0,T,0,T,0,,,,,,,,0,,10.2,,,,,
-52.7,47.56666666666667,ST JOHN'S,8403500,8403500.1938.9.14,1938-09-14 00:00:00,NL,1938,9,14,12.3,,5.6,,18.9,,1.8,,1.8,,0,,,,,,,,0,,5.7,,,,,
-52.7,47.56666666666667,ST JOHN'S,8403500,8403500.1938.9.15,1938-09-15 00:00:00,NL,1938,9,15,17.3,,13.9,,20.6,,0.3,,0.3,,0,,,,,,,,0,,0.7,,,,,
-52.7,47.56666666666667,ST JOHN'S,8403500,8403500.1938.9.16,1938-09-16 00:00:00,NL,1938,9,16,21.4,,17.2,,25.6,,0.8,,0.8,,0,,,,,,,,3.4,,0,,,,,
-52.7,47.56666666666667,ST JOHN'S,8403500,8403500.1938.9.17,1938-09-17 00:00:00,NL,1938,9,17,17,,12.2,,21.7,,0.5,,0.5,,0,,,,,,,,0,,1,,,,,
-52.7,47.56666666666667,ST JOHN'S,8403500,8403500.1938.9.18,1938-09-18 00:00:00,NL,1938,9,18,12,,8.3,,15.6,,0,,0,,0,,,,,,,,0,,6,,,,,
-52.7,47.56666666666667,ST JOHN'S,8403500,8403500.1938.9.19,1938-09-19 00:00:00,NL,1938,9,19,15,,10,,20,,0,,0,,0,,,,,,,,0,,3,,,,,
-52.7,47.56666666666667,ST JOHN'S,8403500,8403500.1938.9.20,1938-09-20 00:00:00,NL,1938,9,20,19.2,,15,,23.3,,0,,0,,0,,,,,,,,1.2,,0,,,,,
-52.7,47.56666666666667,ST JOHN'S,8403500,8403500.1938.9.21,1938-09-21 00:00:00,NL,1938,9,21,18.3,,14.4,,22.2,,0,T,0,T,0,,,,,,,,0.3,,0,,,,,
-52.7,47.56666666666667,ST JOHN'S,8403500,8403500.1938.9.22,1938-09-22 00:00:00,NL,1938,9,22,20.6,,16.1,,25,,0,T,0,T,0,,,,,,,,2.6,,0,,,,,
-52.7,47.56666666666667,ST JOHN'S,8403500,8403500.1938.9.23,1938-09-23 00:00:00,NL,1938,9,23,21.7,,18.9,,24.4,,2.5,,2.5,,0,,,,,,,,3.7,,0,,,,,
-52.7,47.56666666666667,ST JOHN'S,8403500,8403500.1938.9.24,1938-09-24 00:00:00,NL,1938,9,24,15.8,,13.3,,18.3,,1.5,,1.5,,0,,,,,,,,0,,2.2,,,,,
-52.7,47.56666666666667,ST JOHN'S,8403500,8403500.1938.9.25,1938-09-25 00:00:00,NL,1938,9,25,13.9,,10,,17.8,,0.3,,0.3,,0,,,,,,,,0,,4.1,,,,,
-52.7,47.56666666666667,ST JOHN'S,8403500,8403500.1938.9.26,1938-09-26 00:00:00,NL,1938,9,26,10.3,,7.2,,13.3,,0,T,0,T,0,,,,,,,,0,,7.7,,,,,
-52.7,47.56666666666667,ST JOHN'S,8403500,8403500.1938.9.27,1938-09-27 00:00:00,NL,1938,9,27,11.7,,5.6,,17.8,,0.3,,0.3,,0,,,,,,,,0,,6.3,,,,,
-52.7,47.56666666666667,ST JOHN'S,8403500,8403500.1938.9.28,1938-09-28 00:00:00,NL,1938,9,28,16.7,,13.3,,20,,0,T,0,T,0,,,,,,,,0,,1.3,,,,,
-52.7,47.56666666666667,ST JOHN'S,8403500,8403500.1938.9.29,1938-09-29 00:00:00,NL,1938,9,29,14.2,,10.6,,17.8,,0,T,0,T,0,,,,,,,,0,,3.8,,,,,
-52.7,47.56666666666667,ST JOHN'S,8403500,8403500.1938.9.30,1938-09-30 00:00:00,NL,1938,9,30,11.4,,7.8,,15,,9.9,,9.9,,0,,,,,,,,0,,6.6,,,,,
-52.7,47.56666666666667,ST JOHN'S,8403500,8403500.1938.10.1,1938-10-01 00:00:00,NL,1938,10,1,14.2,,7.2,,21.1,,17.8,,17.8,,0,,,,,,,,0,,3.8,,,,,
-52.7,47.56666666666667,ST JOHN'S,8403500,8403500.1938.10.2,1938-10-02 00:00:00,NL,1938,10,2,11.4,,10,,12.8,,1.8,,1.8,,0,,,,,,,,0,,6.6,,,,,
-52.7,47.56666666666667,ST JOHN'S,8403500,8403500.1938.10.3,1938-10-03 00:00:00,NL,1938,10,3,9.8,,7.8,,11.7,,0,,0,,0,,,,,,,,0,,8.2,,,,,
-52.7,47.56666666666667,ST JOHN'S,8403500,8403500.1938.10.4,1938-10-04 00:00:00,NL,1938,10,4,10.6,,6.1,,15,,0,T,0,T,0,,,,,,,,0,,7.4,,,,,
-52.7,47.56666666666667,ST JOHN'S,8403500,8403500.1938.10.5,1938-10-05 00:00:00,NL,1938,10,5,9.2,,6.1,,12.2,,7.1,,7.1,,0,,,,,,,,0,,8.8,,,,,
-52.7,47.56666666666667,ST JOHN'S,8403500,8403500.1938.10.6,1938-10-06 00:00:00,NL,1938,10,6,7.8,,7.2,,8.3,,1.8,,1.8,,0,,,,,,,,0,,10.2,,,,,
-52.7,47.56666666666667,ST JOHN'S,8403500,8403500.1938.10.7,1938-10-07 00:00:00,NL,1938,10,7,6.4,,5,,7.8,,1,,1,,0,,,,,,,,0,,11.6,,,,,
-52.7,47.56666666666667,ST JOHN'S,8403500,8403500.1938.10.8,1938-10-08 00:00:00,NL,1938,10,8,6.4,,2.8,,10,,0,,0,,0,,,,,,,,0,,11.6,,,,,
-52.7,47.56666666666667,ST JOHN'S,8403500,8403500.1938.10.9,1938-10-09 00:00:00,NL,1938,10,9,7.5,,1.1,,13.9,,32.8,,32.8,,0,,,,,,,,0,,10.5,,,,,
-52.7,47.56666666666667,ST JOHN'S,8403500,8403500.1938.10.10,1938-10-10 00:00:00,NL,1938,10,10,9.7,,6.1,,13.3,,18.3,,18.3,,0,,,,,,,,0,,8.3,,,,,
-52.7,47.56666666666667,ST JOHN'S,8403500,8403500.1938.10.11,1938-10-11 00:00:00,NL,1938,10,11,7.2,,5,,9.4,,0.5,,0.5,,0,,,,,,,,0,,10.8,,,,,
-52.7,47.56666666666667,ST JOHN'S,8403500,8403500.1938.10.12,1938-10-12 00:00:00,NL,1938,10,12,7.5,,2.2,,12.8,,0,T,0,T,0,,,,,,,,0,,10.5,,,,,
-52.7,47.56666666666667,ST JOHN'S,8403500,8403500.1938.10.13,1938-10-13 00:00:00,NL,1938,10,13,12.8,,6.1,,19.4,,0,,0,,0,,,,,,,,0,,5.2,,,,,
-52.7,47.56666666666667,ST JOHN'S,8403500,8403500.1938.10.14,1938-10-14 00:00:00,NL,1938,10,14,17,,11.1,,22.8,,0,,0,,0,,,,,,,,0,,1,,,,,
-52.7,47.56666666666667,ST JOHN'S,8403500,8403500.1938.10.15,1938-10-15 00:00:00,NL,1938,10,15,16.1,,12.8,,19.4,,0,,0,,0,,,,,,,,0,,1.9,,,,,
-52.7,47.56666666666667,ST JOHN'S,8403500,8403500.1938.10.16,1938-10-16 00:00:00,NL,1938,10,16,13.7,,10.6,,16.7,,0,,0,,0,,,,,,,,0,,4.3,,,,,
-52.7,47.56666666666667,ST JOHN'S,8403500,8403500.1938.10.17,1938-10-17 00:00:00,NL,1938,10,17,10.6,,7.8,,13.3,,21.3,,21.3,,0,,,,,,,,0,,7.4,,,,,
-52.7,47.56666666666667,ST JOHN'S,8403500,8403500.1938.10.18,1938-10-18 00:00:00,NL,1938,10,18,6.1,,4.4,,7.8,,1.8,,1.8,,0,,,,,,,,0,,11.9,,,,,
-52.7,47.56666666666667,ST JOHN'S,8403500,8403500.1938.10.19,1938-10-19 00:00:00,NL,1938,10,19,7.5,,2.8,,12.2,,8.6,,8.6,,0,,,,,,,,0,,10.5,,,,,
-52.7,47.56666666666667,ST JOHN'S,8403500,8403500.1938.10.20,1938-10-20 00:00:00,NL,1938,10,20,8.9,,5,,12.8,,0,,0,,0,,,,,,,,0,,9.1,,,,,
-52.7,47.56666666666667,ST JOHN'S,8403500,8403500.1938.10.21,1938-10-21 00:00:00,NL,1938,10,21,13.6,,8.3,,18.9,,11.9,,11.9,,0,,,,,,,,0,,4.4,,,,,
-52.7,47.56666666666667,ST JOHN'S,8403500,8403500.1938.10.22,1938-10-22 00:00:00,NL,1938,10,22,11.1,,7.2,,15,,6.4,,6.4,,0,,,,,,,,0,,6.9,,,,,
-52.7,47.56666666666667,ST JOHN'S,8403500,8403500.1938.10.23,1938-10-23 00:00:00,NL,1938,10,23,5,,1.7,,8.3,,0,,0,,0,,,,,,,,0,,13,,,,,
-52.7,47.56666666666667,ST JOHN'S,8403500,8403500.1938.10.24,1938-10-24 00:00:00,NL,1938,10,24,7,,2.2,,11.7,,0,,0,,0,,,,,,,,0,,11,,,,,
-52.7,47.56666666666667,ST JOHN'S,8403500,8403500.1938.10.25,1938-10-25 00:00:00,NL,1938,10,25,8.1,,4.4,,11.7,,13.7,,13.7,,0,,,,,,,,0,,9.9,,,,,
-52.7,47.56666666666667,ST JOHN'S,8403500,8403500.1938.10.26,1938-10-26 00:00:00,NL,1938,10,26,6.7,,3.9,,9.4,,0,,0,,0,,,,,,,,0,,11.3,,,,,
-52.7,47.56666666666667,ST JOHN'S,8403500,8403500.1938.10.27,1938-10-27 00:00:00,NL,1938,10,27,5,,0,,10,,0,,0,,0,,,,,,,,0,,13,,,,,
-52.7,47.56666666666667,ST JOHN'S,8403500,8403500.1938.10.28,1938-10-28 00:00:00,NL,1938,10,28,7.2,,3.3,,11.1,,0,,0,,0,,,,,,,,0,,10.8,,,,,
-52.7,47.56666666666667,ST JOHN'S,8403500,8403500.1938.10.29,1938-10-29 00:00:00,NL,1938,10,29,5.8,,4.4,,7.2,,6.4,,6.4,,0,,,,,,,,0,,12.2,,,,,
-52.7,47.56666666666667,ST JOHN'S,8403500,8403500.1938.10.30,1938-10-30 00:00:00,NL,1938,10,30,7.2,,6.1,,8.3,,1.5,,1.5,,0,,,,,,,,0,,10.8,,,,,
-52.7,47.56666666666667,ST JOHN'S,8403500,8403500.1938.10.31,1938-10-31 00:00:00,NL,1938,10,31,3.9,,2.2,,5.6,,0,T,0,T,0,,,,,,,,0,,14.1,,,,,
-52.7,47.56666666666667,ST JOHN'S,8403500,8403500.1938.11.1,1938-11-01 00:00:00,NL,1938,11,1,4.7,,3.3,,6.1,,31.2,,31.2,,0,,,,,,,,0,,13.3,,,,,
-52.7,47.56666666666667,ST JOHN'S,8403500,8403500.1938.11.2,1938-11-02 00:00:00,NL,1938,11,2,3.6,,2.2,,5,,10.9,,7.9,,3,,,,,,,,0,,14.4,,,,,
-52.7,47.56666666666667,ST JOHN'S,8403500,8403500.1938.11.3,1938-11-03 00:00:00,NL,1938,11,3,-0.6,,-1.7,,0.6,,3,,0,,3,,,,,,,,0,,18.6,,,,,
-52.7,47.56666666666667,ST JOHN'S,8403500,8403500.1938.11.4,1938-11-04 00:00:00,NL,1938,11,4,0.6,,-2.8,,3.9,,5.6,,1.3,,4.3,,,,,,,,0,,17.4,,,,,
-52.7,47.56666666666667,ST JOHN'S,8403500,8403500.1938.11.5,1938-11-05 00:00:00,NL,1938,11,5,3.3,,-0.6,,7.2,,0,,0,,0,,,,,,,,0,,14.7,,,,,
-52.7,47.56666666666667,ST JOHN'S,8403500,8403500.1938.11.6,1938-11-06 00:00:00,NL,1938,11,6,7.8,,3.9,,11.7,,0,T,0,T,0,,,,,,,,0,,10.2,,,,,
-52.7,47.56666666666667,ST JOHN'S,8403500,8403500.1938.11.7,1938-11-07 00:00:00,NL,1938,11,7,10.3,,7.8,,12.8,,0,,0,,0,,,,,,,,0,,7.7,,,,,
-52.7,47.56666666666667,ST JOHN'S,8403500,8403500.1938.11.8,1938-11-08 00:00:00,NL,1938,11,8,8.4,,6.7,,10,,2.8,,2.8,,0,,,,,,,,0,,9.6,,,,,
-52.7,47.56666666666667,ST JOHN'S,8403500,8403500.1938.11.9,1938-11-09 00:00:00,NL,1938,11,9,8.9,,5,,12.8,,2.5,,2.5,,0,,,,,,,,0,,9.1,,,,,
-52.7,47.56666666666667,ST JOHN'S,8403500,8403500.1938.11.10,1938-11-10 00:00:00,NL,1938,11,10,3.4,,1.7,,5,,2,,2,,0,T,,,,,,,0,,14.6,,,,,
-52.7,47.56666666666667,ST JOHN'S,8403500,8403500.1938.11.11,1938-11-11 00:00:00,NL,1938,11,11,3.1,,1.1,,5,,3.8,,3.8,,0,,,,,,,,0,,14.9,,,,,
-52.7,47.56666666666667,ST JOHN'S,8403500,8403500.1938.11.12,1938-11-12 00:00:00,NL,1938,11,12,2.3,,0.6,,3.9,,5.6,,5.6,,0,,,,,,,,0,,15.7,,,,,
-52.7,47.56666666666667,ST JOHN'S,8403500,8403500.1938.11.13,1938-11-13 00:00:00,NL,1938,11,13,1.9,,-0.6,,4.4,,2,,0.8,,1.3,,,,,,,,0,,16.1,,,,,
-52.7,47.56666666666667,ST JOHN'S,8403500,8403500.1938.11.14,1938-11-14 00:00:00,NL,1938,11,14,4.8,,-2.2,,11.7,,3,,3,,0,,,,,,,,0,,13.2,,,,,
-52.7,47.56666666666667,ST JOHN'S,8403500,8403500.1938.11.15,1938-11-15 00:00:00,NL,1938,11,15,3.6,,1.1,,6.1,,2.3,,0.8,,1.5,,,,,,,,0,,14.4,,,,,
-52.7,47.56666666666667,ST JOHN'S,8403500,8403500.1938.11.16,1938-11-16 00:00:00,NL,1938,11,16,0,,-1.7,,1.7,,0.3,,0,,0.3,,,,,,,,0,,18,,,,,
-52.7,47.56666666666667,ST JOHN'S,8403500,8403500.1938.11.17,1938-11-17 00:00:00,NL,1938,11,17,0.3,,-2.8,,3.3,,0.5,,0.5,,0,,,,,,,,0,,17.7,,,,,
-52.7,47.56666666666667,ST JOHN'S,8403500,8403500.1938.11.18,1938-11-18 00:00:00,NL,1938,11,18,2.2,,-2.8,,7.2,,2.8,,2.8,,0,,,,,,,,0,,15.8,,,,,
-52.7,47.56666666666667,ST JOHN'S,8403500,8403500.1938.11.19,1938-11-19 00:00:00,NL,1938,11,19,8.9,,2.8,,15,,6.6,,6.6,,0,,,,,,,,0,,9.1,,,,,
-52.7,47.56666666666667,ST JOHN'S,8403500,8403500.1938.11.20,1938-11-20 00:00:00,NL,1938,11,20,6.4,,2.8,,10,,13,,12.2,,0.8,,,,,,,,0,,11.6,,,,,
-52.7,47.56666666666667,ST JOHN'S,8403500,8403500.1938.11.21,1938-11-21 00:00:00,NL,1938,11,21,0.9,,0,,1.7,,0,T,0,,0,T,,,,,,,0,,17.1,,,,,
-52.7,47.56666666666667,ST JOHN'S,8403500,8403500.1938.11.22,1938-11-22 00:00:00,NL,1938,11,22,1.4,,-2.8,,5.6,,0,T,0,T,0,,,,,,,,0,,16.6,,,,,
-52.7,47.56666666666667,ST JOHN'S,8403500,8403500.1938.11.23,1938-11-23 00:00:00,NL,1938,11,23,3.6,,-2.2,,9.4,,0.3,,0.3,,0,,,,,,,,0,,14.4,,,,,
-52.7,47.56666666666667,ST JOHN'S,8403500,8403500.1938.11.24,1938-11-24 00:00:00,NL,1938,11,24,2,,-1.7,,5.6,,9.7,,8.4,,1.3,,,,,,,,0,,16,,,,,
-52.7,47.56666666666667,ST JOHN'S,8403500,8403500.1938.11.25,1938-11-25 00:00:00,NL,1938,11,25,8.7,,0.6,,16.7,,7.1,,7.1,,0,T,,,,,,,0,,9.3,,,,,
-52.7,47.56666666666667,ST JOHN'S,8403500,8403500.1938.11.26,1938-11-26 00:00:00,NL,1938,11,26,-1.4,,-2.2,,-0.6,,0.3,,0,,0.3,,,,,,,,0,,19.4,,,,,
-52.7,47.56666666666667,ST JOHN'S,8403500,8403500.1938.11.27,1938-11-27 00:00:00,NL,1938,11,27,0.3,,-8.3,,8.9,,18.3,,15.7,,2.5,,,,,,,,0,,17.7,,,,,
-52.7,47.56666666666667,ST JOHN'S,8403500,8403500.1938.11.28,1938-11-28 00:00:00,NL,1938,11,28,4.2,,-0.6,,8.9,,0,T,0,T,0,,,,,,,,0,,13.8,,,,,
-52.7,47.56666666666667,ST JOHN'S,8403500,8403500.1938.11.29,1938-11-29 00:00:00,NL,1938,11,29,-0.3,,-3.3,,2.8,,3.8,,0,,3.8,,,,,,,,0,,18.3,,,,,
-52.7,47.56666666666667,ST JOHN'S,8403500,8403500.1938.11.30,1938-11-30 00:00:00,NL,1938,11,30,1.1,,-3.9,,6.1,,1.3,,1.3,,0,,,,,,,,0,,16.9,,,,,
-52.7,47.56666666666667,ST JOHN'S,8403500,8403500.1938.12.1,1938-12-01 00:00:00,NL,1938,12,1,1.1,,-1.7,,3.9,,8.4,,2.8,,5.6,,,,,,,,0,,16.9,,,,,
-52.7,47.56666666666667,ST JOHN'S,8403500,8403500.1938.12.2,1938-12-02 00:00:00,NL,1938,12,2,-3.1,,-5,,-1.1,,1,,0,,1,,,,,,,,0,,21.1,,,,,
-52.7,47.56666666666667,ST JOHN'S,8403500,8403500.1938.12.3,1938-12-03 00:00:00,NL,1938,12,3,-3.1,,-5.6,,-0.6,,0.3,,0,,0.3,,,,,,,,0,,21.1,,,,,
-52.7,47.56666666666667,ST JOHN'S,8403500,8403500.1938.12.4,1938-12-04 00:00:00,NL,1938,12,4,2.5,,-2.2,,7.2,,2,,2,,0,,,,,,,,0,,15.5,,,,,
-52.7,47.56666666666667,ST JOHN'S,8403500,8403500.1938.12.5,1938-12-05 00:00:00,NL,1938,12,5,4.5,,2.8,,6.1,,0,T,0,T,0,,,,,,,,0,,13.5,,,,,
-52.7,47.56666666666667,ST JOHN'S,8403500,8403500.1938.12.6,1938-12-06 00:00:00,NL,1938,12,6,6.1,,0,,12.2,,8.6,,8.6,,0,,,,,,,,0,,11.9,,,,,
-52.7,47.56666666666667,ST JOHN'S,8403500,8403500.1938.12.7,1938-12-07 00:00:00,NL,1938,12,7,6.7,,6.1,,7.2,,0,T,0,T,0,,,,,,,,0,,11.3,,,,,
-52.7,47.56666666666667,ST JOHN'S,8403500,8403500.1938.12.8,1938-12-08 00:00:00,NL,1938,12,8,2.8,,1.7,,3.9,,0,,0,,0,,,,,,,,0,,15.2,,,,,
-52.7,47.56666666666667,ST JOHN'S,8403500,8403500.1938.12.9,1938-12-09 00:00:00,NL,1938,12,9,0.9,,0,,1.7,,5.1,,0,,5.1,,,,,,,,0,,17.1,,,,,
-52.7,47.56666666666667,ST JOHN'S,8403500,8403500.1938.12.10,1938-12-10 00:00:00,NL,1938,12,10,2,,-1.7,,5.6,,13.7,,13.2,,0.5,,,,,,,,0,,16,,,,,
-52.7,47.56666666666667,ST JOHN'S,8403500,8403500.1938.12.11,1938-12-11 00:00:00,NL,1938,12,11,3.1,,1.1,,5,,2.3,,2.3,,0,T,,,,,,,0,,14.9,,,,,
-52.7,47.56666666666667,ST JOHN'S,8403500,8403500.1938.12.12,1938-12-12 00:00:00,NL,1938,12,12,-0.9,,-1.7,,0,,3,,0,,3,,,,,,,,0,,18.9,,,,,
-52.7,47.56666666666667,ST JOHN'S,8403500,8403500.1938.12.13,1938-12-13 00:00:00,NL,1938,12,13,-2,,-3.9,,0,,15.2,,0,,15.2,,,,,,,,0,,20,,,,,
-52.7,47.56666666666667,ST JOHN'S,8403500,8403500.1938.12.14,1938-12-14 00:00:00,NL,1938,12,14,-1.4,,-5,,2.2,,1,,1,,0,,,,,,,,0,,19.4,,,,,
-52.7,47.56666666666667,ST JOHN'S,8403500,8403500.1938.12.15,1938-12-15 00:00:00,NL,1938,12,15,1.4,,-2.2,,5,,6.6,,6.4,,0.3,,,,,,,,0,,16.6,,,,,
-52.7,47.56666666666667,ST JOHN'S,8403500,8403500.1938.12.16,1938-12-16 00:00:00,NL,1938,12,16,-3.4,,-6.1,,-0.6,,0,T,0,,0,T,,,,,,,0,,21.4,,,,,
-52.7,47.56666666666667,ST JOHN'S,8403500,8403500.1938.12.17,1938-12-17 00:00:00,NL,1938,12,17,-2.5,,-5,,0,,0,,0,,0,,,,,,,,0,,20.5,,,,,
-52.7,47.56666666666667,ST JOHN'S,8403500,8403500.1938.12.18,1938-12-18 00:00:00,NL,1938,12,18,-2,,-5,,1.1,,3.6,,3.6,,0,,,,,,,,0,,20,,,,,
-52.7,47.56666666666667,ST JOHN'S,8403500,8403500.1938.12.19,1938-12-19 00:00:00,NL,1938,12,19,-1.1,,-2.2,,0,,0,T,0,T,0,T,,,,,,,0,,19.1,,,,,
-52.7,47.56666666666667,ST JOHN'S,8403500,8403500.1938.12.20,1938-12-20 00:00:00,NL,1938,12,20,-0.8,,-3.3,,1.7,,18.8,,17,,1.8,,,,,,,,0,,18.8,,,,,
-52.7,47.56666666666667,ST JOHN'S,8403500,8403500.1938.12.21,1938-12-21 00:00:00,NL,1938,12,21,1.4,,-0.6,,3.3,,5.6,,5.6,,0,,,,,,,,0,,16.6,,,,,
-52.7,47.56666666666667,ST JOHN'S,8403500,8403500.1938.12.22,1938-12-22 00:00:00,NL,1938,12,22,1.7,,1.1,,2.2,,2.8,,0.3,,2.5,,,,,,,,0,,16.3,,,,,
-52.7,47.56666666666667,ST JOHN'S,8403500,8403500.1938.12.23,1938-12-23 00:00:00,NL,1938,12,23,0.3,,0,,0.6,,9.4,,5.8,,3.6,,,,,,,,0,,17.7,,,,,
-52.7,47.56666666666667,ST JOHN'S,8403500,8403500.1938.12.24,1938-12-24 00:00:00,NL,1938,12,24,-1.1,,-1.1,,-1.1,,0.5,,0.5,,0,T,,,,,,,0,,19.1,,,,,
-52.7,47.56666666666667,ST JOHN'S,8403500,8403500.1938.12.25,1938-12-25 00:00:00,NL,1938,12,25,-2.5,,-3.9,,-1.1,,5.6,,0,,5.6,,,,,,,,0,,20.5,,,,,
-52.7,47.56666666666667,ST JOHN'S,8403500,8403500.1938.12.26,1938-12-26 00:00:00,NL,1938,12,26,-1.7,,-2.2,,-1.1,,0,T,0,T,0,T,,,,,,,0,,19.7,,,,,
-52.7,47.56666666666667,ST JOHN'S,8403500,8403500.1938.12.27,1938-12-27 00:00:00,NL,1938,12,27,-4.7,,-6.1,,-3.3,,0,,0,,0,,,,,,,,0,,22.7,,,,,
-52.7,47.56666666666667,ST JOHN'S,8403500,8403500.1938.12.28,1938-12-28 00:00:00,NL,1938,12,28,-2.5,,-5,,0,,10.9,,0,,10.9,,,,,,,,0,,20.5,,,,,
-52.7,47.56666666666667,ST JOHN'S,8403500,8403500.1938.12.29,1938-12-29 00:00:00,NL,1938,12,29,-5,,-7.2,,-2.8,,0.8,,0,,0.8,,,,,,,,0,,23,,,,,
-52.7,47.56666666666667,ST JOHN'S,8403500,8403500.1938.12.30,1938-12-30 00:00:00,NL,1938,12,30,-3.4,,-8.9,,2.2,,17.8,,2.5,,15.2,,,,,,,,0,,21.4,,,,,
-52.7,47.56666666666667,ST JOHN'S,8403500,8403500.1938.12.31,1938-12-31 00:00:00,NL,1938,12,31,-3.9,,-7.2,,-0.6,,0,T,0,,0,T,,,,,,,0,,21.9,,,,,
-52.7,47.56666666666667,ST JOHN'S,8403500,8403500.1939.1.1,1939-01-01 00:00:00,NL,1939,1,1,-6.7,,-13.3,,0,,27.9,,0,,27.9,,,,,,,,0,,24.7,,,,,
-52.7,47.56666666666667,ST JOHN'S,8403500,8403500.1939.1.2,1939-01-02 00:00:00,NL,1939,1,2,-1.4,,-5.6,,2.8,,23.1,,14.2,,8.9,,,,,,,,0,,19.4,,,,,
-52.7,47.56666666666667,ST JOHN'S,8403500,8403500.1939.1.3,1939-01-03 00:00:00,NL,1939,1,3,-4.2,,-6.1,,-2.2,,2.5,,0,,2.5,,,,,,,,0,,22.2,,,,,
-52.7,47.56666666666667,ST JOHN'S,8403500,8403500.1939.1.4,1939-01-04 00:00:00,NL,1939,1,4,-5.8,,-7.2,,-4.4,,1.8,,0,,1.8,,,,,,,,0,,23.8,,,,,
-52.7,47.56666666666667,ST JOHN'S,8403500,8403500.1939.1.5,1939-01-05 00:00:00,NL,1939,1,5,-5,,-11.7,,1.7,,2.8,,0,,2.8,,,,,,,,0,,23,,,,,
-52.7,47.56666666666667,ST JOHN'S,8403500,8403500.1939.1.6,1939-01-06 00:00:00,NL,1939,1,6,-1.1,,-2.2,,0,,0.3,,0,T,0.3,,,,,,,,0,,19.1,,,,,
-52.7,47.56666666666667,ST JOHN'S,8403500,8403500.1939.1.7,1939-01-07 00:00:00,NL,1939,1,7,0.3,,-3.3,,3.9,,0.3,,0.3,,0,T,,,,,,,0,,17.7,,,,,
-52.7,47.56666666666667,ST JOHN'S,8403500,8403500.1939.1.8,1939-01-08 00:00:00,NL,1939,1,8,3.4,,1.7,,5,,0.5,,0.5,,0,,,,,,,,0,,14.6,,,,,
-52.7,47.56666666666667,ST JOHN'S,8403500,8403500.1939.1.9,1939-01-09 00:00:00,NL,1939,1,9,0.9,,0,,1.7,,13.7,,0.5,,13.2,,,,,,,,0,,17.1,,,,,
-52.7,47.56666666666667,ST JOHN'S,8403500,8403500.1939.1.10,1939-01-10 00:00:00,NL,1939,1,10,-1.4,,-3.9,,1.1,,2.5,,0,,2.5,,,,,,,,0,,19.4,,,,,
-52.7,47.56666666666667,ST JOHN'S,8403500,8403500.1939.1.11,1939-01-11 00:00:00,NL,1939,1,11,0.9,,-2.2,,3.9,,1.3,,1.3,,0,T,,,,,,,0,,17.1,,,,,
-52.7,47.56666666666667,ST JOHN'S,8403500,8403500.1939.1.12,1939-01-12 00:00:00,NL,1939,1,12,-4.5,,-6.1,,-2.8,,6.1,,0,,6.1,,,,,,,,0,,22.5,,,,,
-52.7,47.56666666666667,ST JOHN'S,8403500,8403500.1939.1.13,1939-01-13 00:00:00,NL,1939,1,13,-6.1,,-8.9,,-3.3,,10.2,,0,,10.2,,,,,,,,0,,24.1,,,,,
-52.7,47.56666666666667,ST JOHN'S,8403500,8403500.1939.1.14,1939-01-14 00:00:00,NL,1939,1,14,-3.9,,-8.3,,0.6,,0,T,0,T,0,T,,,,,,,0,,21.9,,,,,
-52.7,47.56666666666667,ST JOHN'S,8403500,8403500.1939.1.15,1939-01-15 00:00:00,NL,1939,1,15,-0.6,,-1.7,,0.6,,0.8,,0,T,0.8,,,,,,,,0,,18.6,,,,,
-52.7,47.56666666666667,ST JOHN'S,8403500,8403500.1939.1.16,1939-01-16 00:00:00,NL,1939,1,16,-2.2,,-3.3,,-1.1,,0.5,,0,,0.5,,,,,,,,0,,20.2,,,,,
-52.7,47.56666666666667,ST JOHN'S,8403500,8403500.1939.1.17,1939-01-17 00:00:00,NL,1939,1,17,-5,,-7.8,,-2.2,,1.8,,0,T,1.8,,,,,,,,0,,23,,,,,
-52.7,47.56666666666667,ST JOHN'S,8403500,8403500.1939.1.18,1939-01-18 00:00:00,NL,1939,1,18,-5,,-7.8,,-2.2,,0,,0,,0,,,,,,,,0,,23,,,,,
-52.7,47.56666666666667,ST JOHN'S,8403500,8403500.1939.1.19,1939-01-19 00:00:00,NL,1939,1,19,-3.9,,-5.6,,-2.2,,0.8,,0,,0.8,,,,,,,,0,,21.9,,,,,
-52.7,47.56666666666667,ST JOHN'S,8403500,8403500.1939.1.20,1939-01-20 00:00:00,NL,1939,1,20,-5.9,,-6.7,,-5,,1.3,,0,,1.3,,,,,,,,0,,23.9,,,,,
-52.7,47.56666666666667,ST JOHN'S,8403500,8403500.1939.1.21,1939-01-21 00:00:00,NL,1939,1,21,-9.5,,-11.1,,-7.8,,0.3,,0,,0.3,,,,,,,,0,,27.5,,,,,
-52.7,47.56666666666667,ST JOHN'S,8403500,8403500.1939.1.22,1939-01-22 00:00:00,NL,1939,1,22,-6.7,,-11.7,,-1.7,,0,,0,,0,,,,,,,,0,,24.7,,,,,
-52.7,47.56666666666667,ST JOHN'S,8403500,8403500.1939.1.23,1939-01-23 00:00:00,NL,1939,1,23,-2,,-5.6,,1.7,,11.9,,6.4,,5.6,,,,,,,,0,,20,,,,,
-52.7,47.56666666666667,ST JOHN'S,8403500,8403500.1939.1.24,1939-01-24 00:00:00,NL,1939,1,24,-10.8,,-13.3,,-8.3,,0.8,,0,,0.8,,,,,,,,0,,28.8,,,,,
-52.7,47.56666666666667,ST JOHN'S,8403500,8403500.1939.1.25,1939-01-25 00:00:00,NL,1939,1,25,-3.9,,-12.2,,4.4,,39.9,,38.9,,1,,,,,,,,0,,21.9,,,,,
-52.7,47.56666666666667,ST JOHN'S,8403500,8403500.1939.1.26,1939-01-26 00:00:00,NL,1939,1,26,-3.1,,-7.8,,1.7,,1.3,,0,,1.3,,,,,,,,0,,21.1,,,,,
-52.7,47.56666666666667,ST JOHN'S,8403500,8403500.1939.1.27,1939-01-27 00:00:00,NL,1939,1,27,-6.4,,-8.9,,-3.9,,1,,0,,1,,,,,,,,0,,24.4,,,,,
-52.7,47.56666666666667,ST JOHN'S,8403500,8403500.1939.1.28,1939-01-28 00:00:00,NL,1939,1,28,-11.1,,-12.2,,-10,,0,T,0,,0,T,,,,,,,0,,29.1,,,,,
-52.7,47.56666666666667,ST JOHN'S,8403500,8403500.1939.1.29,1939-01-29 00:00:00,NL,1939,1,29,-6.4,,-12.8,,0,,1.5,,0,,1.5,,,,,,,,0,,24.4,,,,,
-52.7,47.56666666666667,ST JOHN'S,8403500,8403500.1939.1.30,1939-01-30 00:00:00,NL,1939,1,30,-9.8,,-13.9,,-5.6,,0,,0,,0,,,,,,,,0,,27.8,,,,,
-52.7,47.56666666666667,ST JOHN'S,8403500,8403500.1939.1.31,1939-01-31 00:00:00,NL,1939,1,31,-12.8,,-17.2,,-8.3,,0.5,,0,,0.5,,,,,,,,0,,30.8,,,,,
-52.7,47.56666666666667,ST JOHN'S,8403500,8403500.1939.2.1,1939-02-01 00:00:00,NL,1939,2,1,-12,,-13.3,,-10.6,,0.3,,0,,0.3,,,,,,,,0,,30,,,,,
-52.7,47.56666666666667,ST JOHN'S,8403500,8403500.1939.2.2,1939-02-02 00:00:00,NL,1939,2,2,-11.4,,-13.3,,-9.4,,0,,0,,0,,,,,,,,0,,29.4,,,,,
-52.7,47.56666666666667,ST JOHN'S,8403500,8403500.1939.2.3,1939-02-03 00:00:00,NL,1939,2,3,-10.6,,-15,,-6.1,,0,,0,,0,,,,,,,,0,,28.6,,,,,
-52.7,47.56666666666667,ST JOHN'S,8403500,8403500.1939.2.4,1939-02-04 00:00:00,NL,1939,2,4,-8.1,,-12.2,,-3.9,,2.8,,0,,2.8,,,,,,,,0,,26.1,,,,,
-52.7,47.56666666666667,ST JOHN'S,8403500,8403500.1939.2.5,1939-02-05 00:00:00,NL,1939,2,5,-10.6,,-12.2,,-8.9,,0.5,,0,,0.5,,,,,,,,0,,28.6,,,,,
-52.7,47.56666666666667,ST JOHN'S,8403500,8403500.1939.2.6,1939-02-06 00:00:00,NL,1939,2,6,-13.1,,-15,,-11.1,,0,T,0,,0,T,,,,,,,0,,31.1,,,,,
-52.7,47.56666666666667,ST JOHN'S,8403500,8403500.1939.2.7,1939-02-07 00:00:00,NL,1939,2,7,-10.8,,-14.4,,-7.2,,0.5,,0,,0.5,,,,,,,,0,,28.8,,,,,
-52.7,47.56666666666667,ST JOHN'S,8403500,8403500.1939.2.8,1939-02-08 00:00:00,NL,1939,2,8,-7.5,,-12.2,,-2.8,,7.9,,0,,7.9,,,,,,,,0,,25.5,,,,,
-52.7,47.56666666666667,ST JOHN'S,8403500,8403500.1939.2.9,1939-02-09 00:00:00,NL,1939,2,9,-6.7,,-7.8,,-5.6,,0,T,0,,0,T,,,,,,,0,,24.7,,,,,
-52.7,47.56666666666667,ST JOHN'S,8403500,8403500.1939.2.10,1939-02-10 00:00:00,NL,1939,2,10,-8.9,,-10.6,,-7.2,,0.3,,0,,0.3,,,,,,,,0,,26.9,,,,,
-52.7,47.56666666666667,ST JOHN'S,8403500,8403500.1939.2.11,1939-02-11 00:00:00,NL,1939,2,11,-5.6,,-13.3,,2.2,,4.8,,4.8,,0,T,,,,,,,0,,23.6,,,,,
-52.7,47.56666666666667,ST JOHN'S,8403500,8403500.1939.2.12,1939-02-12 00:00:00,NL,1939,2,12,-3.9,,-8.3,,0.6,,0,T,0,,0,T,,,,,,,0,,21.9,,,,,
-52.7,47.56666666666667,ST JOHN'S,8403500,8403500.1939.2.13,1939-02-13 00:00:00,NL,1939,2,13,-7,,-12.8,,-1.1,,1.5,,0,,1.5,,,,,,,,0,,25,,,,,
-52.7,47.56666666666667,ST JOHN'S,8403500,8403500.1939.2.14,1939-02-14 00:00:00,NL,1939,2,14,-7.5,,-12.8,,-2.2,,0,,0,,0,,,,,,,,0,,25.5,,,,,
-52.7,47.56666666666667,ST JOHN'S,8403500,8403500.1939.2.15,1939-02-15 00:00:00,NL,1939,2,15,-2,,-12.2,,8.3,,4.6,,4.3,,0.3,,,,,,,,0,,20,,,,,
-52.7,47.56666666666667,ST JOHN'S,8403500,8403500.1939.2.16,1939-02-16 00:00:00,NL,1939,2,16,6.7,,5,,8.3,,2.3,,2.3,,0,,,,,,,,0,,11.3,,,,,
-52.7,47.56666666666667,ST JOHN'S,8403500,8403500.1939.2.17,1939-02-17 00:00:00,NL,1939,2,17,-4.7,,-6.1,,-3.3,,0,T,0,,0,T,,,,,,,0,,22.7,,,,,
-52.7,47.56666666666667,ST JOHN'S,8403500,8403500.1939.2.18,1939-02-18 00:00:00,NL,1939,2,18,-3.1,,-7.2,,1.1,,2.8,,0.3,,2.5,,,,,,,,0,,21.1,,,,,
-52.7,47.56666666666667,ST JOHN'S,8403500,8403500.1939.2.19,1939-02-19 00:00:00,NL,1939,2,19,-7.2,,-12.2,,-2.2,,0.3,,0,,0.3,,,,,,,,0,,25.2,,,,,
-52.7,47.56666666666667,ST JOHN'S,8403500,8403500.1939.2.20,1939-02-20 00:00:00,NL,1939,2,20,-8.9,,-13.9,,-3.9,,10.4,,0,,10.4,,,,,,,,0,,26.9,,,,,
-52.7,47.56666666666667,ST JOHN'S,8403500,8403500.1939.2.21,1939-02-21 00:00:00,NL,1939,2,21,-4.8,,-7.8,,-1.7,,0.3,,0,,0.3,,,,,,,,0,,22.8,,,,,
-52.7,47.56666666666667,ST JOHN'S,8403500,8403500.1939.2.22,1939-02-22 00:00:00,NL,1939,2,22,0.6,,-8.3,,9.4,,4.3,,1.8,,2.5,,,,,,,,0,,17.4,,,,,
-52.7,47.56666666666667,ST JOHN'S,8403500,8403500.1939.2.23,1939-02-23 00:00:00,NL,1939,2,23,-1.4,,-6.7,,3.9,,0,T,0,T,0,T,,,,,,,0,,19.4,,,,,
-52.7,47.56666666666667,ST JOHN'S,8403500,8403500.1939.2.24,1939-02-24 00:00:00,NL,1939,2,24,-6.4,,-9.4,,-3.3,,0,T,0,,0,T,,,,,,,0,,24.4,,,,,
-52.7,47.56666666666667,ST JOHN'S,8403500,8403500.1939.2.25,1939-02-25 00:00:00,NL,1939,2,25,-3.9,,-9.4,,1.7,,1.5,,0,,1.5,,,,,,,,0,,21.9,,,,,
-52.7,47.56666666666667,ST JOHN'S,8403500,8403500.1939.2.26,1939-02-26 00:00:00,NL,1939,2,26,-7,,-11.1,,-2.8,,2.5,,0,,2.5,,,,,,,,0,,25,,,,,
-52.7,47.56666666666667,ST JOHN'S,8403500,8403500.1939.2.27,1939-02-27 00:00:00,NL,1939,2,27,0.6,,-5,,6.1,,8.9,,7.6,,1.3,,,,,,,,0,,17.4,,,,,
-52.7,47.56666666666667,ST JOHN'S,8403500,8403500.1939.2.28,1939-02-28 00:00:00,NL,1939,2,28,-7.2,,-8.3,,-6.1,,0,T,0,,0,T,,,,,,,0,,25.2,,,,,
-52.7,47.56666666666667,ST JOHN'S,8403500,8403500.1939.3.1,1939-03-01 00:00:00,NL,1939,3,1,-2.2,,-8.3,,3.9,,8.6,,1,,7.6,,,,,,,,0,,20.2,,,,,
-52.7,47.56666666666667,ST JOHN'S,8403500,8403500.1939.3.2,1939-03-02 00:00:00,NL,1939,3,2,-2.5,,-6.1,,1.1,,0.3,,0,,0.3,,,,,,,,0,,20.5,,,,,
-52.7,47.56666666666667,ST JOHN'S,8403500,8403500.1939.3.3,1939-03-03 00:00:00,NL,1939,3,3,-10,,-14.4,,-5.6,,3.8,,0,,3.8,,,,,,,,0,,28,,,,,
-52.7,47.56666666666667,ST JOHN'S,8403500,8403500.1939.3.4,1939-03-04 00:00:00,NL,1939,3,4,-6.4,,-11.1,,-1.7,,0,T,0,,0,T,,,,,,,0,,24.4,,,,,
-52.7,47.56666666666667,ST JOHN'S,8403500,8403500.1939.3.5,1939-03-05 00:00:00,NL,1939,3,5,-2,,-6.7,,2.8,,16.5,,0,,16.5,,,,,,,,0,,20,,,,,
-52.7,47.56666666666667,ST JOHN'S,8403500,8403500.1939.3.6,1939-03-06 00:00:00,NL,1939,3,6,0,,-1.1,,1.1,,17.8,,8.9,,8.9,,,,,,,,0,,18,,,,,
-52.7,47.56666666666667,ST JOHN'S,8403500,8403500.1939.3.7,1939-03-07 00:00:00,NL,1939,3,7,0,,-3.3,,3.3,,7.1,,5.1,,2,,,,,,,,0,,18,,,,,
-52.7,47.56666666666667,ST JOHN'S,8403500,8403500.1939.3.8,1939-03-08 00:00:00,NL,1939,3,8,-11.4,,-13.3,,-9.4,,10.2,,0,,10.2,,,,,,,,0,,29.4,,,,,
-52.7,47.56666666666667,ST JOHN'S,8403500,8403500.1939.3.9,1939-03-09 00:00:00,NL,1939,3,9,-12.8,,-14.4,,-11.1,,0,T,0,,0,T,,,,,,,0,,30.8,,,,,
-52.7,47.56666666666667,ST JOHN'S,8403500,8403500.1939.3.10,1939-03-10 00:00:00,NL,1939,3,10,-12,,-13.9,,-10,,0,T,0,,0,T,,,,,,,0,,30,,,,,
-52.7,47.56666666666667,ST JOHN'S,8403500,8403500.1939.3.11,1939-03-11 00:00:00,NL,1939,3,11,-14.2,,-18.3,,-10,,0.5,,0,,0.5,,,,,,,,0,,32.2,,,,,
-52.7,47.56666666666667,ST JOHN'S,8403500,8403500.1939.3.12,1939-03-12 00:00:00,NL,1939,3,12,-10.3,,-13.3,,-7.2,,0.3,,0,,0.3,,,,,,,,0,,28.3,,,,,
-52.7,47.56666666666667,ST JOHN'S,8403500,8403500.1939.3.13,1939-03-13 00:00:00,NL,1939,3,13,-9.2,,-14.4,,-3.9,,0,T,0,T,0,T,,,,,,,0,,27.2,,,,,
-52.7,47.56666666666667,ST JOHN'S,8403500,8403500.1939.3.14,1939-03-14 00:00:00,NL,1939,3,14,-4.2,,-8.3,,0,,10.7,,3,,7.6,,,,,,,,0,,22.2,,,,,
-52.7,47.56666666666667,ST JOHN'S,8403500,8403500.1939.3.15,1939-03-15 00:00:00,NL,1939,3,15,0,,-0.6,,0.6,,3.8,,0.8,,3,,,,,,,,0,,18,,,,,
-52.7,47.56666666666667,ST JOHN'S,8403500,8403500.1939.3.16,1939-03-16 00:00:00,NL,1939,3,16,-5,,-6.7,,-3.3,,0,,0,,0,,,,,,,,0,,23,,,,,
-52.7,47.56666666666667,ST JOHN'S,8403500,8403500.1939.3.17,1939-03-17 00:00:00,NL,1939,3,17,-3.9,,-10.6,,2.8,,1.8,,1.8,,0,,,,,,,,0,,21.9,,,,,
-52.7,47.56666666666667,ST JOHN'S,8403500,8403500.1939.3.18,1939-03-18 00:00:00,NL,1939,3,18,-1.1,,-3.3,,1.1,,0,,0,,0,,,,,,,,0,,19.1,,,,,
-52.7,47.56666666666667,ST JOHN'S,8403500,8403500.1939.3.19,1939-03-19 00:00:00,NL,1939,3,19,-2.5,,-6.1,,1.1,,0,T,0,T,0,,,,,,,,0,,20.5,,,,,
-52.7,47.56666666666667,ST JOHN'S,8403500,8403500.1939.3.20,1939-03-20 00:00:00,NL,1939,3,20,-3.6,,-5,,-2.2,,0,,0,,0,,,,,,,,0,,21.6,,,,,
-52.7,47.56666666666667,ST JOHN'S,8403500,8403500.1939.3.21,1939-03-21 00:00:00,NL,1939,3,21,-2.3,,-7.8,,3.3,,19.3,,18,,1.3,,,,,,,,0,,20.3,,,,,
-52.7,47.56666666666667,ST JOHN'S,8403500,8403500.1939.3.22,1939-03-22 00:00:00,NL,1939,3,22,0.6,,-3.3,,4.4,,0,T,0,,0,T,,,,,,,0,,17.4,,,,,
-52.7,47.56666666666667,ST JOHN'S,8403500,8403500.1939.3.23,1939-03-23 00:00:00,NL,1939,3,23,-1.4,,-3.3,,0.6,,1.5,,0.3,,1.3,,,,,,,,0,,19.4,,,,,
-52.7,47.56666666666667,ST JOHN'S,8403500,8403500.1939.3.24,1939-03-24 00:00:00,NL,1939,3,24,-2,,-3.3,,-0.6,,0.5,,0,,0.5,,,,,,,,0,,20,,,,,
-52.7,47.56666666666667,ST JOHN'S,8403500,8403500.1939.3.25,1939-03-25 00:00:00,NL,1939,3,25,-6.4,,-10.6,,-2.2,,2,,0,,2,,,,,,,,0,,24.4,,,,,
-52.7,47.56666666666667,ST JOHN'S,8403500,8403500.1939.3.26,1939-03-26 00:00:00,NL,1939,3,26,-9.8,,-13.9,,-5.6,,0.3,,0,,0.3,,,,,,,,0,,27.8,,,,,
-52.7,47.56666666666667,ST JOHN'S,8403500,8403500.1939.3.27,1939-03-27 00:00:00,NL,1939,3,27,-3.9,,-11.7,,3.9,,0,T,0,T,0,,,,,,,,0,,21.9,,,,,
-52.7,47.56666666666667,ST JOHN'S,8403500,8403500.1939.3.28,1939-03-28 00:00:00,NL,1939,3,28,-3.4,,-6.1,,-0.6,,5.1,,0,,5.1,,,,,,,,0,,21.4,,,,,
-52.7,47.56666666666667,ST JOHN'S,8403500,8403500.1939.3.29,1939-03-29 00:00:00,NL,1939,3,29,-4.2,,-5.6,,-2.8,,3,,0,,3,,,,,,,,0,,22.2,,,,,
-52.7,47.56666666666667,ST JOHN'S,8403500,8403500.1939.3.30,1939-03-30 00:00:00,NL,1939,3,30,-6.7,,-11.1,,-2.2,,1,,0,,1,,,,,,,,0,,24.7,,,,,
-52.7,47.56666666666667,ST JOHN'S,8403500,8403500.1939.3.31,1939-03-31 00:00:00,NL,1939,3,31,-0.3,,-5.6,,5,,4.8,,4.1,,0.8,,,,,,,,0,,18.3,,,,,
-52.7,47.56666666666667,ST JOHN'S,8403500,8403500.1939.4.1,1939-04-01 00:00:00,NL,1939,4,1,0,,-0.6,,0.6,,0,T,0,T,0,T,,,,,,,0,,18,,,,,
-52.7,47.56666666666667,ST JOHN'S,8403500,8403500.1939.4.2,1939-04-02 00:00:00,NL,1939,4,2,0.3,,-2.2,,2.8,,0,T,0,,0,T,,,,,,,0,,17.7,,,,,
-52.7,47.56666666666667,ST JOHN'S,8403500,8403500.1939.4.3,1939-04-03 00:00:00,NL,1939,4,3,-2,,-3.3,,-0.6,,0.3,,0,T,0.3,,,,,,,,0,,20,,,,,
-52.7,47.56666666666667,ST JOHN'S,8403500,8403500.1939.4.4,1939-04-04 00:00:00,NL,1939,4,4,-0.3,,-1.7,,1.1,,10.7,,1.8,,8.9,,,,,,,,0,,18.3,,,,,
-52.7,47.56666666666667,ST JOHN'S,8403500,8403500.1939.4.5,1939-04-05 00:00:00,NL,1939,4,5,1.7,,-1.1,,4.4,,0,T,0,,0,T,,,,,,,0,,16.3,,,,,
-52.7,47.56666666666667,ST JOHN'S,8403500,8403500.1939.4.6,1939-04-06 00:00:00,NL,1939,4,6,1.4,,-0.6,,3.3,,0,T,0,T,0,T,,,,,,,0,,16.6,,,,,
-52.7,47.56666666666667,ST JOHN'S,8403500,8403500.1939.4.7,1939-04-07 00:00:00,NL,1939,4,7,2.2,,-0.6,,5,,0.3,,0.3,,0,T,,,,,,,0,,15.8,,,,,
-52.7,47.56666666666667,ST JOHN'S,8403500,8403500.1939.4.8,1939-04-08 00:00:00,NL,1939,4,8,2.3,,-1.1,,5.6,,0,T,0,,0,T,,,,,,,0,,15.7,,,,,
-52.7,47.56666666666667,ST JOHN'S,8403500,8403500.1939.4.9,1939-04-09 00:00:00,NL,1939,4,9,-3.3,,-4.4,,-2.2,,13.7,,1,,12.7,,,,,,,,0,,21.3,,,,,
-52.7,47.56666666666667,ST JOHN'S,8403500,8403500.1939.4.10,1939-04-10 00:00:00,NL,1939,4,10,-2.3,,-5.6,,1.1,,1.5,,0,T,1.5,,,,,,,,0,,20.3,,,,,
-52.7,47.56666666666667,ST JOHN'S,8403500,8403500.1939.4.11,1939-04-11 00:00:00,NL,1939,4,11,1.1,,-0.6,,2.8,,0.8,,0,T,0.8,,,,,,,,0,,16.9,,,,,
-52.7,47.56666666666667,ST JOHN'S,8403500,8403500.1939.4.12,1939-04-12 00:00:00,NL,1939,4,12,0.3,,-1.7,,2.2,,7.6,,5.8,,1.8,,,,,,,,0,,17.7,,,,,
-52.7,47.56666666666667,ST JOHN'S,8403500,8403500.1939.4.13,1939-04-13 00:00:00,NL,1939,4,13,0.9,,-1.1,,2.8,,0.5,,0,T,0.5,,,,,,,,0,,17.1,,,,,
-52.7,47.56666666666667,ST JOHN'S,8403500,8403500.1939.4.14,1939-04-14 00:00:00,NL,1939,4,14,2.8,,-1.1,,6.7,,0,,0,,0,,,,,,,,0,,15.2,,,,,
-52.7,47.56666666666667,ST JOHN'S,8403500,8403500.1939.4.15,1939-04-15 00:00:00,NL,1939,4,15,1.4,,-2.2,,5,,14.7,,14.2,,0.5,,,,,,,,0,,16.6,,,,,
-52.7,47.56666666666667,ST JOHN'S,8403500,8403500.1939.4.16,1939-04-16 00:00:00,NL,1939,4,16,-3.7,,-6.7,,-0.6,,6.1,,0,T,6.1,,,,,,,,0,,21.7,,,,,
-52.7,47.56666666666667,ST JOHN'S,8403500,8403500.1939.4.17,1939-04-17 00:00:00,NL,1939,4,17,-2,,-7.2,,3.3,,0,T,0,T,0,,,,,,,,0,,20,,,,,
-52.7,47.56666666666667,ST JOHN'S,8403500,8403500.1939.4.18,1939-04-18 00:00:00,NL,1939,4,18,-0.6,,-5.6,,4.4,,0,,0,,0,,,,,,,,0,,18.6,,,,,
-52.7,47.56666666666667,ST JOHN'S,8403500,8403500.1939.4.19,1939-04-19 00:00:00,NL,1939,4,19,2.2,,-1.7,,6.1,,2.3,,1.8,,0.5,,,,,,,,0,,15.8,,,,,
-52.7,47.56666666666667,ST JOHN'S,8403500,8403500.1939.4.20,1939-04-20 00:00:00,NL,1939,4,20,4.7,,-0.6,,10,,5.3,,5.3,,0,,,,,,,,0,,13.3,,,,,
-52.7,47.56666666666667,ST JOHN'S,8403500,8403500.1939.4.21,1939-04-21 00:00:00,NL,1939,4,21,10,,5,,15,,0,,0,,0,,,,,,,,0,,8,,,,,
-52.7,47.56666666666667,ST JOHN'S,8403500,8403500.1939.4.22,1939-04-22 00:00:00,NL,1939,4,22,6.1,,2.2,,10,,0.8,,0.8,,0,,,,,,,,0,,11.9,,,,,
-52.7,47.56666666666667,ST JOHN'S,8403500,8403500.1939.4.23,1939-04-23 00:00:00,NL,1939,4,23,3.7,,0.6,,6.7,,0.5,,0.5,,0,,,,,,,,0,,14.3,,,,,
-52.7,47.56666666666667,ST JOHN'S,8403500,8403500.1939.4.24,1939-04-24 00:00:00,NL,1939,4,24,5,,1.1,,8.9,,0,,0,,0,,,,,,,,0,,13,,,,,
-52.7,47.56666666666667,ST JOHN'S,8403500,8403500.1939.4.25,1939-04-25 00:00:00,NL,1939,4,25,1.7,,-1.1,,4.4,,1.3,,0,,1.3,,,,,,,,0,,16.3,,,,,
-52.7,47.56666666666667,ST JOHN'S,8403500,8403500.1939.4.26,1939-04-26 00:00:00,NL,1939,4,26,1.1,,-2.2,,4.4,,0,T,0,,0,T,,,,,,,0,,16.9,,,,,
-52.7,47.56666666666667,ST JOHN'S,8403500,8403500.1939.4.27,1939-04-27 00:00:00,NL,1939,4,27,1.4,,-2.2,,5,,0,,0,,0,,,,,,,,0,,16.6,,,,,
-52.7,47.56666666666667,ST JOHN'S,8403500,8403500.1939.4.28,1939-04-28 00:00:00,NL,1939,4,28,1.4,,-3.9,,6.7,,0,,0,,0,,,,,,,,0,,16.6,,,,,
-52.7,47.56666666666667,ST JOHN'S,8403500,8403500.1939.4.29,1939-04-29 00:00:00,NL,1939,4,29,2,,-3.3,,7.2,,0,,0,,0,,,,,,,,0,,16,,,,,
-52.7,47.56666666666667,ST JOHN'S,8403500,8403500.1939.4.30,1939-04-30 00:00:00,NL,1939,4,30,0,,-2.2,,2.2,,27.7,,24.9,,2.8,,,,,,,,0,,18,,,,,
-52.7,47.56666666666667,ST JOHN'S,8403500,8403500.1939.5.1,1939-05-01 00:00:00,NL,1939,5,1,1.4,,-0.6,,3.3,,0,T,0,T,0,T,,,,,,,0,,16.6,,,,,
-52.7,47.56666666666667,ST JOHN'S,8403500,8403500.1939.5.2,1939-05-02 00:00:00,NL,1939,5,2,2.2,,-0.6,,5,,1.3,,0.8,,0.5,,,,,,,,0,,15.8,,,,,
-52.7,47.56666666666667,ST JOHN'S,8403500,8403500.1939.5.3,1939-05-03 00:00:00,NL,1939,5,3,3.6,,-1.1,,8.3,,0,,0,,0,,,,,,,,0,,14.4,,,,,
-52.7,47.56666666666667,ST JOHN'S,8403500,8403500.1939.5.4,1939-05-04 00:00:00,NL,1939,5,4,2.8,,-0.6,,6.1,,1.3,,0,,1.3,,,,,,,,0,,15.2,,,,,
-52.7,47.56666666666667,ST JOHN'S,8403500,8403500.1939.5.5,1939-05-05 00:00:00,NL,1939,5,5,0,,-0.6,,0.6,,19.8,,18.8,,1,,,,,,,,0,,18,,,,,
-52.7,47.56666666666667,ST JOHN'S,8403500,8403500.1939.5.6,1939-05-06 00:00:00,NL,1939,5,6,0.3,,-0.6,,1.1,,0.8,,0.8,,0,T,,,,,,,0,,17.7,,,,,
-52.7,47.56666666666667,ST JOHN'S,8403500,8403500.1939.5.7,1939-05-07 00:00:00,NL,1939,5,7,1.4,,-1.1,,3.9,,0,T,0,,0,T,,,,,,,0,,16.6,,,,,
-52.7,47.56666666666667,ST JOHN'S,8403500,8403500.1939.5.8,1939-05-08 00:00:00,NL,1939,5,8,1.1,,-2.2,,4.4,,0,T,0,,0,T,,,,,,,0,,16.9,,,,,
-52.7,47.56666666666667,ST JOHN'S,8403500,8403500.1939.5.9,1939-05-09 00:00:00,NL,1939,5,9,0.6,,-2.8,,3.9,,0,T,0,T,0,,,,,,,,0,,17.4,,,,,
-52.7,47.56666666666667,ST JOHN'S,8403500,8403500.1939.5.10,1939-05-10 00:00:00,NL,1939,5,10,4.5,,0.6,,8.3,,1.8,,1.8,,0,,,,,,,,0,,13.5,,,,,
-52.7,47.56666666666667,ST JOHN'S,8403500,8403500.1939.5.11,1939-05-11 00:00:00,NL,1939,5,11,10.6,,5,,16.1,,0,,0,,0,,,,,,,,0,,7.4,,,,,
-52.7,47.56666666666667,ST JOHN'S,8403500,8403500.1939.5.12,1939-05-12 00:00:00,NL,1939,5,12,13.7,,5.6,,21.7,,0.5,,0.5,,0,,,,,,,,0,,4.3,,,,,
-52.7,47.56666666666667,ST JOHN'S,8403500,8403500.1939.5.13,1939-05-13 00:00:00,NL,1939,5,13,4.5,,2.2,,6.7,,15.7,,15.7,,0,,,,,,,,0,,13.5,,,,,
-52.7,47.56666666666667,ST JOHN'S,8403500,8403500.1939.5.14,1939-05-14 00:00:00,NL,1939,5,14,4.5,,1.1,,7.8,,0,,0,,0,,,,,,,,0,,13.5,,,,,
-52.7,47.56666666666667,ST JOHN'S,8403500,8403500.1939.5.15,1939-05-15 00:00:00,NL,1939,5,15,5.3,,0,,10.6,,1.3,,1.3,,0,T,,,,,,,0,,12.7,,,,,
-52.7,47.56666666666667,ST JOHN'S,8403500,8403500.1939.5.16,1939-05-16 00:00:00,NL,1939,5,16,4.2,,0.6,,7.8,,20.6,,20.6,,0,,,,,,,,0,,13.8,,,,,
-52.7,47.56666666666667,ST JOHN'S,8403500,8403500.1939.5.17,1939-05-17 00:00:00,NL,1939,5,17,8.4,,1.7,,15,,0.3,,0.3,,0,,,,,,,,0,,9.6,,,,,
-52.7,47.56666666666667,ST JOHN'S,8403500,8403500.1939.5.18,1939-05-18 00:00:00,NL,1939,5,18,10.6,,2.2,,18.9,,0.3,,0.3,,0,,,,,,,,0,,7.4,,,,,
-52.7,47.56666666666667,ST JOHN'S,8403500,8403500.1939.5.19,1939-05-19 00:00:00,NL,1939,5,19,5.6,,1.7,,9.4,,0,,0,,0,,,,,,,,0,,12.4,,,,,
-52.7,47.56666666666667,ST JOHN'S,8403500,8403500.1939.5.20,1939-05-20 00:00:00,NL,1939,5,20,8.6,,3.9,,13.3,,1.8,,0,,1.8,,,,,,,,0,,9.4,,,,,
-52.7,47.56666666666667,ST JOHN'S,8403500,8403500.1939.5.21,1939-05-21 00:00:00,NL,1939,5,21,3.3,,-0.6,,7.2,,0,T,0,,0,T,,,,,,,0,,14.7,,,,,
-52.7,47.56666666666667,ST JOHN'S,8403500,8403500.1939.5.22,1939-05-22 00:00:00,NL,1939,5,22,6.7,,-0.6,,13.9,,0,,0,,0,,,,,,,,0,,11.3,,,,,
-52.7,47.56666666666667,ST JOHN'S,8403500,8403500.1939.5.23,1939-05-23 00:00:00,NL,1939,5,23,3.9,,-1.1,,8.9,,0,T,0,T,0,,,,,,,,0,,14.1,,,,,
-52.7,47.56666666666667,ST JOHN'S,8403500,8403500.1939.5.24,1939-05-24 00:00:00,NL,1939,5,24,6.4,,0.6,,12.2,,0,,0,,0,,,,,,,,0,,11.6,,,,,
-52.7,47.56666666666667,ST JOHN'S,8403500,8403500.1939.5.25,1939-05-25 00:00:00,NL,1939,5,25,11.4,,5.6,,17.2,,1.3,,0,,1.3,,,,,,,,0,,6.6,,,,,
-52.7,47.56666666666667,ST JOHN'S,8403500,8403500.1939.5.26,1939-05-26 00:00:00,NL,1939,5,26,2.8,,0,,5.6,,0,T,0,,0,T,,,,,,,0,,15.2,,,,,
-52.7,47.56666666666667,ST JOHN'S,8403500,8403500.1939.5.27,1939-05-27 00:00:00,NL,1939,5,27,3.3,,-1.7,,8.3,,0,,0,,0,,,,,,,,0,,14.7,,,,,
-52.7,47.56666666666667,ST JOHN'S,8403500,8403500.1939.5.28,1939-05-28 00:00:00,NL,1939,5,28,3.9,,0.6,,7.2,,16.3,,15.5,,0.8,,,,,,,,0,,14.1,,,,,
-52.7,47.56666666666667,ST JOHN'S,8403500,8403500.1939.5.29,1939-05-29 00:00:00,NL,1939,5,29,5.3,,1.1,,9.4,,0,T,0,,0,T,,,,,,,0,,12.7,,,,,
-52.7,47.56666666666667,ST JOHN'S,8403500,8403500.1939.5.30,1939-05-30 00:00:00,NL,1939,5,30,3.9,,0,,7.8,,4.3,,4.3,,0,,,,,,,,0,,14.1,,,,,
-52.7,47.56666666666667,ST JOHN'S,8403500,8403500.1939.5.31,1939-05-31 00:00:00,NL,1939,5,31,5.9,,0.6,,11.1,,2,,2,,0,,,,,,,,0,,12.1,,,,,
-52.7,47.56666666666667,ST JOHN'S,8403500,8403500.1939.6.1,1939-06-01 00:00:00,NL,1939,6,1,5,,1.7,,8.3,,0,T,0,T,0,,,,,,,,0,,13,,,,,
-52.7,47.56666666666667,ST JOHN'S,8403500,8403500.1939.6.2,1939-06-02 00:00:00,NL,1939,6,2,7.2,,3.3,,11.1,,0,T,0,T,0,,,,,,,,0,,10.8,,,,,
-52.7,47.56666666666667,ST JOHN'S,8403500,8403500.1939.6.3,1939-06-03 00:00:00,NL,1939,6,3,7.5,,3.3,,11.7,,0,,0,,0,,,,,,,,0,,10.5,,,,,
-52.7,47.56666666666667,ST JOHN'S,8403500,8403500.1939.6.4,1939-06-04 00:00:00,NL,1939,6,4,8.1,,2.2,,13.9,,0,,0,,0,,,,,,,,0,,9.9,,,,,
-52.7,47.56666666666667,ST JOHN'S,8403500,8403500.1939.6.5,1939-06-05 00:00:00,NL,1939,6,5,11.7,,7.2,,16.1,,0,T,0,T,0,,,,,,,,0,,6.3,,,,,
-52.7,47.56666666666667,ST JOHN'S,8403500,8403500.1939.6.6,1939-06-06 00:00:00,NL,1939,6,6,3.9,,1.7,,6.1,,14.2,,14.2,,0,,,,,,,,0,,14.1,,,,,
-52.7,47.56666666666667,ST JOHN'S,8403500,8403500.1939.6.7,1939-06-07 00:00:00,NL,1939,6,7,2.5,,1.7,,3.3,,6.4,,6.4,,0,,,,,,,,0,,15.5,,,,,
-52.7,47.56666666666667,ST JOHN'S,8403500,8403500.1939.6.8,1939-06-08 00:00:00,NL,1939,6,8,5.9,,1.7,,10,,0.3,,0.3,,0,,,,,,,,0,,12.1,,,,,
-52.7,47.56666666666667,ST JOHN'S,8403500,8403500.1939.6.9,1939-06-09 00:00:00,NL,1939,6,9,9.2,,3.9,,14.4,,0.3,,0.3,,0,,,,,,,,0,,8.8,,,,,
-52.7,47.56666666666667,ST JOHN'S,8403500,8403500.1939.6.10,1939-06-10 00:00:00,NL,1939,6,10,7.5,,4.4,,10.6,,15.7,,15.7,,0,,,,,,,,0,,10.5,,,,,
-52.7,47.56666666666667,ST JOHN'S,8403500,8403500.1939.6.11,1939-06-11 00:00:00,NL,1939,6,11,12,,3.9,,20,,0,T,0,T,0,,,,,,,,0,,6,,,,,
-52.7,47.56666666666667,ST JOHN'S,8403500,8403500.1939.6.12,1939-06-12 00:00:00,NL,1939,6,12,12.8,,4.4,,21.1,,3.8,,3.8,,0,,,,,,,,0,,5.2,,,,,
-52.7,47.56666666666667,ST JOHN'S,8403500,8403500.1939.6.13,1939-06-13 00:00:00,NL,1939,6,13,19.8,,13.9,,25.6,,0,,0,,0,,,,,,,,1.8,,0,,,,,
-52.7,47.56666666666667,ST JOHN'S,8403500,8403500.1939.6.14,1939-06-14 00:00:00,NL,1939,6,14,12.8,,6.1,,19.4,,18,,18,,0,,,,,,,,0,,5.2,,,,,
-52.7,47.56666666666667,ST JOHN'S,8403500,8403500.1939.6.15,1939-06-15 00:00:00,NL,1939,6,15,15.6,,9.4,,21.7,,3.6,,3.6,,0,,,,,,,,0,,2.4,,,,,
-52.7,47.56666666666667,ST JOHN'S,8403500,8403500.1939.6.16,1939-06-16 00:00:00,NL,1939,6,16,15.3,,8.3,,22.2,,1,,1,,0,,,,,,,,0,,2.7,,,,,
-52.7,47.56666666666667,ST JOHN'S,8403500,8403500.1939.6.17,1939-06-17 00:00:00,NL,1939,6,17,12.2,,9.4,,15,,1,,1,,0,,,,,,,,0,,5.8,,,,,
-52.7,47.56666666666667,ST JOHN'S,8403500,8403500.1939.6.18,1939-06-18 00:00:00,NL,1939,6,18,6.7,,2.8,,10.6,,0.3,,0.3,,0,T,,,,,,,0,,11.3,,,,,
-52.7,47.56666666666667,ST JOHN'S,8403500,8403500.1939.6.19,1939-06-19 00:00:00,NL,1939,6,19,6.1,,4.4,,7.8,,2.5,,2.5,,0,,,,,,,,0,,11.9,,,,,
-52.7,47.56666666666667,ST JOHN'S,8403500,8403500.1939.6.20,1939-06-20 00:00:00,NL,1939,6,20,3.9,,2.2,,5.6,,0,T,0,T,0,,,,,,,,0,,14.1,,,,,
-52.7,47.56666666666667,ST JOHN'S,8403500,8403500.1939.6.21,1939-06-21 00:00:00,NL,1939,6,21,2.2,,0,,4.4,,18,,18,,0,,,,,,,,0,,15.8,,,,,
-52.7,47.56666666666667,ST JOHN'S,8403500,8403500.1939.6.22,1939-06-22 00:00:00,NL,1939,6,22,4.2,,3.3,,5,,10.7,,10.7,,0,,,,,,,,0,,13.8,,,,,
-52.7,47.56666666666667,ST JOHN'S,8403500,8403500.1939.6.23,1939-06-23 00:00:00,NL,1939,6,23,5.3,,3.9,,6.7,,3.8,,3.8,,0,,,,,,,,0,,12.7,,,,,
-52.7,47.56666666666667,ST JOHN'S,8403500,8403500.1939.6.24,1939-06-24 00:00:00,NL,1939,6,24,6.1,,4.4,,7.8,,1.3,,1.3,,0,,,,,,,,0,,11.9,,,,,
-52.7,47.56666666666667,ST JOHN'S,8403500,8403500.1939.6.25,1939-06-25 00:00:00,NL,1939,6,25,6.4,,4.4,,8.3,,0.8,,0.8,,0,,,,,,,,0,,11.6,,,,,
-52.7,47.56666666666667,ST JOHN'S,8403500,8403500.1939.6.26,1939-06-26 00:00:00,NL,1939,6,26,4.5,,2.2,,6.7,,0.3,,0.3,,0,,,,,,,,0,,13.5,,,,,
-52.7,47.56666666666667,ST JOHN'S,8403500,8403500.1939.6.27,1939-06-27 00:00:00,NL,1939,6,27,3.9,,1.1,,6.7,,0,T,0,T,0,,,,,,,,0,,14.1,,,,,
-52.7,47.56666666666667,ST JOHN'S,8403500,8403500.1939.6.28,1939-06-28 00:00:00,NL,1939,6,28,5,,2.8,,7.2,,0,T,0,T,0,,,,,,,,0,,13,,,,,
-52.7,47.56666666666667,ST JOHN'S,8403500,8403500.1939.6.29,1939-06-29 00:00:00,NL,1939,6,29,5.3,,1.1,,9.4,,0,T,0,T,0,,,,,,,,0,,12.7,,,,,
-52.7,47.56666666666667,ST JOHN'S,8403500,8403500.1939.6.30,1939-06-30 00:00:00,NL,1939,6,30,10.6,,5,,16.1,,0,T,0,T,0,,,,,,,,0,,7.4,,,,,
-52.7,47.56666666666667,ST JOHN'S,8403500,8403500.1939.7.1,1939-07-01 00:00:00,NL,1939,7,1,16.4,,8.9,,23.9,,0,,0,,0,,,,,,,,0,,1.6,,,,,
-52.7,47.56666666666667,ST JOHN'S,8403500,8403500.1939.7.2,1939-07-02 00:00:00,NL,1939,7,2,15.8,,9.4,,22.2,,0,,0,,0,,,,,,,,0,,2.2,,,,,
-52.7,47.56666666666667,ST JOHN'S,8403500,8403500.1939.7.3,1939-07-03 00:00:00,NL,1939,7,3,15.3,,9.4,,21.1,,0,T,0,T,0,,,,,,,,0,,2.7,,,,,
-52.7,47.56666666666667,ST JOHN'S,8403500,8403500.1939.7.4,1939-07-04 00:00:00,NL,1939,7,4,10,,7.2,,12.8,,15.2,,15.2,,0,,,,,,,,0,,8,,,,,
-52.7,47.56666666666667,ST JOHN'S,8403500,8403500.1939.7.5,1939-07-05 00:00:00,NL,1939,7,5,14.2,,8.9,,19.4,,4.3,,4.3,,0,,,,,,,,0,,3.8,,,,,
-52.7,47.56666666666667,ST JOHN'S,8403500,8403500.1939.7.6,1939-07-06 00:00:00,NL,1939,7,6,11.4,,7.2,,15.6,,0,T,0,T,0,,,,,,,,0,,6.6,,,,,
-52.7,47.56666666666667,ST JOHN'S,8403500,8403500.1939.7.7,1939-07-07 00:00:00,NL,1939,7,7,12.8,,5,,20.6,,1.3,,1.3,,0,,,,,,,,0,,5.2,,,,,
-52.7,47.56666666666667,ST JOHN'S,8403500,8403500.1939.7.8,1939-07-08 00:00:00,NL,1939,7,8,16.7,,11.1,,22.2,,0,T,0,T,0,,,,,,,,0,,1.3,,,,,
-52.7,47.56666666666667,ST JOHN'S,8403500,8403500.1939.7.9,1939-07-09 00:00:00,NL,1939,7,9,16.1,,9.4,,22.8,,0,,0,,0,,,,,,,,0,,1.9,,,,,
-52.7,47.56666666666667,ST JOHN'S,8403500,8403500.1939.7.10,1939-07-10 00:00:00,NL,1939,7,10,10.3,,6.7,,13.9,,0,T,0,T,0,,,,,,,,0,,7.7,,,,,
-52.7,47.56666666666667,ST JOHN'S,8403500,8403500.1939.7.11,1939-07-11 00:00:00,NL,1939,7,11,13.1,,5,,21.1,,0,T,0,T,0,,,,,,,,0,,4.9,,,,,
-52.7,47.56666666666667,ST JOHN'S,8403500,8403500.1939.7.12,1939-07-12 00:00:00,NL,1939,7,12,19.7,,14.4,,25,,2.3,,2.3,,0,,,,,,,,1.7,,0,,,,,
-52.7,47.56666666666667,ST JOHN'S,8403500,8403500.1939.7.13,1939-07-13 00:00:00,NL,1939,7,13,15.8,,13.3,,18.3,,3.8,,3.8,,0,,,,,,,,0,,2.2,,,,,
-52.7,47.56666666666667,ST JOHN'S,8403500,8403500.1939.7.14,1939-07-14 00:00:00,NL,1939,7,14,16.2,,10.6,,21.7,,0,,0,,0,,,,,,,,0,,1.8,,,,,
-52.7,47.56666666666667,ST JOHN'S,8403500,8403500.1939.7.15,1939-07-15 00:00:00,NL,1939,7,15,16.1,,9.4,,22.8,,0,T,0,T,0,,,,,,,,0,,1.9,,,,,
-52.7,47.56666666666667,ST JOHN'S,8403500,8403500.1939.7.16,1939-07-16 00:00:00,NL,1939,7,16,18.1,,9.4,,26.7,,0,T,0,T,0,,,,,,,,0.1,,0,,,,,
-52.7,47.56666666666667,ST JOHN'S,8403500,8403500.1939.7.17,1939-07-17 00:00:00,NL,1939,7,17,17,,13.3,,20.6,,6.6,,6.6,,0,,,,,,,,0,,1,,,,,
-52.7,47.56666666666667,ST JOHN'S,8403500,8403500.1939.7.18,1939-07-18 00:00:00,NL,1939,7,18,18.3,,12.2,,24.4,,0,,0,,0,,,,,,,,0.3,,0,,,,,
-52.7,47.56666666666667,ST JOHN'S,8403500,8403500.1939.7.19,1939-07-19 00:00:00,NL,1939,7,19,15.3,,9.4,,21.1,,0,,0,,0,,,,,,,,0,,2.7,,,,,
-52.7,47.56666666666667,ST JOHN'S,8403500,8403500.1939.7.20,1939-07-20 00:00:00,NL,1939,7,20,15,,12.2,,17.8,,41.1,,41.1,,0,,,,,,,,0,,3,,,,,
-52.7,47.56666666666667,ST JOHN'S,8403500,8403500.1939.7.21,1939-07-21 00:00:00,NL,1939,7,21,14.7,,9.4,,20,,14.5,,14.5,,0,,,,,,,,0,,3.3,,,,,
-52.7,47.56666666666667,ST JOHN'S,8403500,8403500.1939.7.22,1939-07-22 00:00:00,NL,1939,7,22,14.5,,10,,18.9,,0,T,0,T,0,,,,,,,,0,,3.5,,,,,
-52.7,47.56666666666667,ST JOHN'S,8403500,8403500.1939.7.23,1939-07-23 00:00:00,NL,1939,7,23,18.9,,12.2,,25.6,,0,T,0,T,0,,,,,,,,0.9,,0,,,,,
-52.7,47.56666666666667,ST JOHN'S,8403500,8403500.1939.7.24,1939-07-24 00:00:00,NL,1939,7,24,21.4,,15.6,,27.2,,0,,0,,0,,,,,,,,3.4,,0,,,,,
-52.7,47.56666666666667,ST JOHN'S,8403500,8403500.1939.7.25,1939-07-25 00:00:00,NL,1939,7,25,7.8,,6.1,,9.4,,0,T,0,T,0,,,,,,,,0,,10.2,,,,,
-52.7,47.56666666666667,ST JOHN'S,8403500,8403500.1939.7.26,1939-07-26 00:00:00,NL,1939,7,26,7.5,,5.6,,9.4,,0,T,0,T,0,,,,,,,,0,,10.5,,,,,
-52.7,47.56666666666667,ST JOHN'S,8403500,8403500.1939.7.27,1939-07-27 00:00:00,NL,1939,7,27,14.5,,5.6,,23.3,,0,,0,,0,,,,,,,,0,,3.5,,,,,
-52.7,47.56666666666667,ST JOHN'S,8403500,8403500.1939.7.28,1939-07-28 00:00:00,NL,1939,7,28,19.2,,13.9,,24.4,,0,,0,,0,,,,,,,,1.2,,0,,,,,
-52.7,47.56666666666667,ST JOHN'S,8403500,8403500.1939.7.29,1939-07-29 00:00:00,NL,1939,7,29,16.4,,10,,22.8,,0,,0,,0,,,,,,,,0,,1.6,,,,,
-52.7,47.56666666666667,ST JOHN'S,8403500,8403500.1939.7.30,1939-07-30 00:00:00,NL,1939,7,30,18.1,,13.9,,22.2,,0,,0,,0,,,,,,,,0.1,,0,,,,,
-52.7,47.56666666666667,ST JOHN'S,8403500,8403500.1939.7.31,1939-07-31 00:00:00,NL,1939,7,31,19.2,,13.9,,24.4,,1,,1,,0,,,,,,,,1.2,,0,,,,,
-52.7,47.56666666666667,ST JOHN'S,8403500,8403500.1939.8.1,1939-08-01 00:00:00,NL,1939,8,1,19.2,,13.3,,25,,0,T,0,T,0,,,,,,,,1.2,,0,,,,,
-52.7,47.56666666666667,ST JOHN'S,8403500,8403500.1939.8.2,1939-08-02 00:00:00,NL,1939,8,2,18.1,,13.9,,22.2,,0.8,,0.8,,0,,,,,,,,0.1,,0,,,,,
-52.7,47.56666666666667,ST JOHN'S,8403500,8403500.1939.8.3,1939-08-03 00:00:00,NL,1939,8,3,13.1,,9.4,,16.7,,0,T,0,T,0,,,,,,,,0,,4.9,,,,,
-52.7,47.56666666666667,ST JOHN'S,8403500,8403500.1939.8.4,1939-08-04 00:00:00,NL,1939,8,4,15.6,,8.3,,22.8,,0,,0,,0,,,,,,,,0,,2.4,,,,,
-52.7,47.56666666666667,ST JOHN'S,8403500,8403500.1939.8.5,1939-08-05 00:00:00,NL,1939,8,5,18.9,,11.1,,26.7,,0,,0,,0,,,,,,,,0.9,,0,,,,,
-52.7,47.56666666666667,ST JOHN'S,8403500,8403500.1939.8.6,1939-08-06 00:00:00,NL,1939,8,6,21.7,,16.7,,26.7,,0.5,,0.5,,0,,,,,,,,3.7,,0,,,,,
-52.7,47.56666666666667,ST JOHN'S,8403500,8403500.1939.8.7,1939-08-07 00:00:00,NL,1939,8,7,21.4,,18.9,,23.9,,57.7,,57.7,,0,,,,,,,,3.4,,0,,,,,
-52.7,47.56666666666667,ST JOHN'S,8403500,8403500.1939.8.8,1939-08-08 00:00:00,NL,1939,8,8,20,,16.7,,23.3,,56.6,,56.6,,0,,,,,,,,2,,0,,,,,
-52.7,47.56666666666667,ST JOHN'S,8403500,8403500.1939.8.9,1939-08-09 00:00:00,NL,1939,8,9,12.5,,8.9,,16.1,,0,T,0,T,0,,,,,,,,0,,5.5,,,,,
-52.7,47.56666666666667,ST JOHN'S,8403500,8403500.1939.8.10,1939-08-10 00:00:00,NL,1939,8,10,15.6,,8.3,,22.8,,9.9,,9.9,,0,,,,,,,,0,,2.4,,,,,
-52.7,47.56666666666667,ST JOHN'S,8403500,8403500.1939.8.11,1939-08-11 00:00:00,NL,1939,8,11,19.5,,16.7,,22.2,,0,T,0,T,0,,,,,,,,1.5,,0,,,,,
-52.7,47.56666666666667,ST JOHN'S,8403500,8403500.1939.8.12,1939-08-12 00:00:00,NL,1939,8,12,15,,11.1,,18.9,,0,,0,,0,,,,,,,,0,,3,,,,,
-52.7,47.56666666666667,ST JOHN'S,8403500,8403500.1939.8.13,1939-08-13 00:00:00,NL,1939,8,13,17.3,,10.6,,23.9,,0,,0,,0,,,,,,,,0,,0.7,,,,,
-52.7,47.56666666666667,ST JOHN'S,8403500,8403500.1939.8.14,1939-08-14 00:00:00,NL,1939,8,14,20,,15,,25,,0,T,0,T,0,,,,,,,,2,,0,,,,,
-52.7,47.56666666666667,ST JOHN'S,8403500,8403500.1939.8.15,1939-08-15 00:00:00,NL,1939,8,15,15,,10,,20,,0,T,0,T,0,,,,,,,,0,,3,,,,,
-52.7,47.56666666666667,ST JOHN'S,8403500,8403500.1939.8.16,1939-08-16 00:00:00,NL,1939,8,16,10.6,,8.9,,12.2,,0.8,,0.8,,0,,,,,,,,0,,7.4,,,,,
-52.7,47.56666666666667,ST JOHN'S,8403500,8403500.1939.8.17,1939-08-17 00:00:00,NL,1939,8,17,13.7,,10.6,,16.7,,4.6,,4.6,,0,,,,,,,,0,,4.3,,,,,
-52.7,47.56666666666667,ST JOHN'S,8403500,8403500.1939.8.18,1939-08-18 00:00:00,NL,1939,8,18,16.7,,12.8,,20.6,,29.2,,29.2,,0,,,,,,,,0,,1.3,,,,,
-52.7,47.56666666666667,ST JOHN'S,8403500,8403500.1939.8.19,1939-08-19 00:00:00,NL,1939,8,19,15.3,,13.3,,17.2,,69.9,,69.9,,0,,,,,,,,0,,2.7,,,,,
-52.7,47.56666666666667,ST JOHN'S,8403500,8403500.1939.8.20,1939-08-20 00:00:00,NL,1939,8,20,15.3,,13.3,,17.2,,0,T,0,T,0,,,,,,,,0,,2.7,,,,,
-52.7,47.56666666666667,ST JOHN'S,8403500,8403500.1939.8.21,1939-08-21 00:00:00,NL,1939,8,21,15,,9.4,,20.6,,0,T,0,T,0,,,,,,,,0,,3,,,,,
-52.7,47.56666666666667,ST JOHN'S,8403500,8403500.1939.8.22,1939-08-22 00:00:00,NL,1939,8,22,17.3,,11.7,,22.8,,0,,0,,0,,,,,,,,0,,0.7,,,,,
-52.7,47.56666666666667,ST JOHN'S,8403500,8403500.1939.8.23,1939-08-23 00:00:00,NL,1939,8,23,20,,15.6,,24.4,,0,T,0,T,0,,,,,,,,2,,0,,,,,
-52.7,47.56666666666667,ST JOHN'S,8403500,8403500.1939.8.24,1939-08-24 00:00:00,NL,1939,8,24,18.4,,11.1,,25.6,,0,,0,,0,,,,,,,,0.4,,0,,,,,
-52.7,47.56666666666667,ST JOHN'S,8403500,8403500.1939.8.25,1939-08-25 00:00:00,NL,1939,8,25,10.8,,8.3,,13.3,,0,,0,,0,,,,,,,,0,,7.2,,,,,
-52.7,47.56666666666667,ST JOHN'S,8403500,8403500.1939.8.26,1939-08-26 00:00:00,NL,1939,8,26,10.9,,6.7,,15,,0,,0,,0,,,,,,,,0,,7.1,,,,,
-52.7,47.56666666666667,ST JOHN'S,8403500,8403500.1939.8.27,1939-08-27 00:00:00,NL,1939,8,27,14.7,,9.4,,20,,0,T,0,T,0,,,,,,,,0,,3.3,,,,,
-52.7,47.56666666666667,ST JOHN'S,8403500,8403500.1939.8.28,1939-08-28 00:00:00,NL,1939,8,28,11.7,,6.1,,17.2,,2.3,,2.3,,0,,,,,,,,0,,6.3,,,,,
-52.7,47.56666666666667,ST JOHN'S,8403500,8403500.1939.8.29,1939-08-29 00:00:00,NL,1939,8,29,11.1,,6.1,,16.1,,0,,0,,0,,,,,,,,0,,6.9,,,,,
-52.7,47.56666666666667,ST JOHN'S,8403500,8403500.1939.8.30,1939-08-30 00:00:00,NL,1939,8,30,12.5,,6.1,,18.9,,0.8,,0.8,,0,,,,,,,,0,,5.5,,,,,
-52.7,47.56666666666667,ST JOHN'S,8403500,8403500.1939.8.31,1939-08-31 00:00:00,NL,1939,8,31,9.7,,8.3,,11.1,,0,,0,,0,,,,,,,,0,,8.3,,,,,
-52.7,47.56666666666667,ST JOHN'S,8403500,8403500.1939.9.1,1939-09-01 00:00:00,NL,1939,9,1,7.8,,2.2,,13.3,,0,,0,,0,,,,,,,,0,,10.2,,,,,
-52.7,47.56666666666667,ST JOHN'S,8403500,8403500.1939.9.2,1939-09-02 00:00:00,NL,1939,9,2,8.1,,4.4,,11.7,,0,T,0,T,0,,,,,,,,0,,9.9,,,,,
-52.7,47.56666666666667,ST JOHN'S,8403500,8403500.1939.9.3,1939-09-03 00:00:00,NL,1939,9,3,12.3,,7.8,,16.7,,0,,0,,0,,,,,,,,0,,5.7,,,,,
-52.7,47.56666666666667,ST JOHN'S,8403500,8403500.1939.9.4,1939-09-04 00:00:00,NL,1939,9,4,15,,9.4,,20.6,,0,,0,,0,,,,,,,,0,,3,,,,,
-52.7,47.56666666666667,ST JOHN'S,8403500,8403500.1939.9.5,1939-09-05 00:00:00,NL,1939,9,5,18.9,,13.3,,24.4,,0.5,,0.5,,0,,,,,,,,0.9,,0,,,,,
-52.7,47.56666666666667,ST JOHN'S,8403500,8403500.1939.9.6,1939-09-06 00:00:00,NL,1939,9,6,19.2,,13.9,,24.4,,0,T,0,T,0,,,,,,,,1.2,,0,,,,,
-52.7,47.56666666666667,ST JOHN'S,8403500,8403500.1939.9.7,1939-09-07 00:00:00,NL,1939,9,7,16.7,,12.8,,20.6,,19.6,,19.6,,0,,,,,,,,0,,1.3,,,,,
-52.7,47.56666666666667,ST JOHN'S,8403500,8403500.1939.9.8,1939-09-08 00:00:00,NL,1939,9,8,14.7,,10,,19.4,,0,T,0,T,0,,,,,,,,0,,3.3,,,,,
-52.7,47.56666666666667,ST JOHN'S,8403500,8403500.1939.9.9,1939-09-09 00:00:00,NL,1939,9,9,13.9,,10,,17.8,,0,,0,,0,,,,,,,,0,,4.1,,,,,
-52.7,47.56666666666667,ST JOHN'S,8403500,8403500.1939.9.10,1939-09-10 00:00:00,NL,1939,9,10,12.8,,9.4,,16.1,,0,T,0,T,0,,,,,,,,0,,5.2,,,,,
-52.7,47.56666666666667,ST JOHN'S,8403500,8403500.1939.9.11,1939-09-11 00:00:00,NL,1939,9,11,12.5,,11.1,,13.9,,7.6,,7.6,,0,,,,,,,,0,,5.5,,,,,
-52.7,47.56666666666667,ST JOHN'S,8403500,8403500.1939.9.12,1939-09-12 00:00:00,NL,1939,9,12,15.8,,12.2,,19.4,,2,,2,,0,,,,,,,,0,,2.2,,,,,
-52.7,47.56666666666667,ST JOHN'S,8403500,8403500.1939.9.13,1939-09-13 00:00:00,NL,1939,9,13,14.2,,10,,18.3,,1.3,,1.3,,0,,,,,,,,0,,3.8,,,,,
-52.7,47.56666666666667,ST JOHN'S,8403500,8403500.1939.9.14,1939-09-14 00:00:00,NL,1939,9,14,11.4,,7.2,,15.6,,6.9,,6.9,,0,,,,,,,,0,,6.6,,,,,
-52.7,47.56666666666667,ST JOHN'S,8403500,8403500.1939.9.15,1939-09-15 00:00:00,NL,1939,9,15,14.2,,9.4,,18.9,,0,,0,,0,,,,,,,,0,,3.8,,,,,
-52.7,47.56666666666667,ST JOHN'S,8403500,8403500.1939.9.16,1939-09-16 00:00:00,NL,1939,9,16,11.4,,4.4,,18.3,,3.6,,3.6,,0,,,,,,,,0,,6.6,,,,,
-52.7,47.56666666666667,ST JOHN'S,8403500,8403500.1939.9.17,1939-09-17 00:00:00,NL,1939,9,17,17.5,,10,,25,,5.8,,5.8,,0,,,,,,,,0,,0.5,,,,,
-52.7,47.56666666666667,ST JOHN'S,8403500,8403500.1939.9.18,1939-09-18 00:00:00,NL,1939,9,18,5.9,,5,,6.7,,11.2,,11.2,,0,,,,,,,,0,,12.1,,,,,
-52.7,47.56666666666667,ST JOHN'S,8403500,8403500.1939.9.19,1939-09-19 00:00:00,NL,1939,9,19,8.1,,4.4,,11.7,,0,,0,,0,,,,,,,,0,,9.9,,,,,
-52.7,47.56666666666667,ST JOHN'S,8403500,8403500.1939.9.20,1939-09-20 00:00:00,NL,1939,9,20,12.5,,6.7,,18.3,,0,,0,,0,,,,,,,,0,,5.5,,,,,
-52.7,47.56666666666667,ST JOHN'S,8403500,8403500.1939.9.21,1939-09-21 00:00:00,NL,1939,9,21,13.1,,8.3,,17.8,,0,,0,,0,,,,,,,,0,,4.9,,,,,
-52.7,47.56666666666667,ST JOHN'S,8403500,8403500.1939.9.22,1939-09-22 00:00:00,NL,1939,9,22,11.1,,8.3,,13.9,,29,,29,,0,,,,,,,,0,,6.9,,,,,
-52.7,47.56666666666667,ST JOHN'S,8403500,8403500.1939.9.23,1939-09-23 00:00:00,NL,1939,9,23,10.6,,7.8,,13.3,,0,,0,,0,,,,,,,,0,,7.4,,,,,
-52.7,47.56666666666667,ST JOHN'S,8403500,8403500.1939.9.24,1939-09-24 00:00:00,NL,1939,9,24,10.9,,5,,16.7,,0,,0,,0,,,,,,,,0,,7.1,,,,,
-52.7,47.56666666666667,ST JOHN'S,8403500,8403500.1939.9.25,1939-09-25 00:00:00,NL,1939,9,25,7,,2.8,,11.1,,0,,0,,0,,,,,,,,0,,11,,,,,
-52.7,47.56666666666667,ST JOHN'S,8403500,8403500.1939.9.26,1939-09-26 00:00:00,NL,1939,9,26,11.1,,4.4,,17.8,,3.6,,3.6,,0,,,,,,,,0,,6.9,,,,,
-52.7,47.56666666666667,ST JOHN'S,8403500,8403500.1939.9.27,1939-09-27 00:00:00,NL,1939,9,27,7.5,,3.9,,11.1,,0,,0,,0,,,,,,,,0,,10.5,,,,,
-52.7,47.56666666666667,ST JOHN'S,8403500,8403500.1939.9.28,1939-09-28 00:00:00,NL,1939,9,28,8.1,,1.1,,15,,9.4,,9.4,,0,,,,,,,,0,,9.9,,,,,
-52.7,47.56666666666667,ST JOHN'S,8403500,8403500.1939.9.29,1939-09-29 00:00:00,NL,1939,9,29,7.5,,6.7,,8.3,,0,T,0,T,0,,,,,,,,0,,10.5,,,,,
-52.7,47.56666666666667,ST JOHN'S,8403500,8403500.1939.9.30,1939-09-30 00:00:00,NL,1939,9,30,8.9,,6.1,,11.7,,0,T,0,T,0,,,,,,,,0,,9.1,,,,,
-52.7,47.56666666666667,ST JOHN'S,8403500,8403500.1939.10.1,1939-10-01 00:00:00,NL,1939,10,1,13.1,,8.3,,17.8,,1.5,,1.5,,0,,,,,,,,0,,4.9,,,,,
-52.7,47.56666666666667,ST JOHN'S,8403500,8403500.1939.10.2,1939-10-02 00:00:00,NL,1939,10,2,14.8,,11.7,,17.8,,2.3,,2.3,,0,,,,,,,,0,,3.2,,,,,
-52.7,47.56666666666667,ST JOHN'S,8403500,8403500.1939.10.3,1939-10-03 00:00:00,NL,1939,10,3,7.5,,5,,10,,0,,0,,0,,,,,,,,0,,10.5,,,,,
-52.7,47.56666666666667,ST JOHN'S,8403500,8403500.1939.10.4,1939-10-04 00:00:00,NL,1939,10,4,7.8,,3.3,,12.2,,3.3,,3.3,,0,,,,,,,,0,,10.2,,,,,
-52.7,47.56666666666667,ST JOHN'S,8403500,8403500.1939.10.5,1939-10-05 00:00:00,NL,1939,10,5,7.8,,2.8,,12.8,,11.7,,11.7,,0,,,,,,,,0,,10.2,,,,,
-52.7,47.56666666666667,ST JOHN'S,8403500,8403500.1939.10.6,1939-10-06 00:00:00,NL,1939,10,6,9.5,,7.2,,11.7,,1,,1,,0,,,,,,,,0,,8.5,,,,,
-52.7,47.56666666666667,ST JOHN'S,8403500,8403500.1939.10.7,1939-10-07 00:00:00,NL,1939,10,7,9.2,,6.7,,11.7,,4.3,,4.3,,0,,,,,,,,0,,8.8,,,,,
-52.7,47.56666666666667,ST JOHN'S,8403500,8403500.1939.10.8,1939-10-08 00:00:00,NL,1939,10,8,8.9,,7.8,,10,,0.3,,0.3,,0,,,,,,,,0,,9.1,,,,,
-52.7,47.56666666666667,ST JOHN'S,8403500,8403500.1939.10.9,1939-10-09 00:00:00,NL,1939,10,9,9.5,,7.8,,11.1,,0,T,0,T,0,,,,,,,,0,,8.5,,,,,
-52.7,47.56666666666667,ST JOHN'S,8403500,8403500.1939.10.10,1939-10-10 00:00:00,NL,1939,10,10,9.2,,7.8,,10.6,,0,T,0,T,0,,,,,,,,0,,8.8,,,,,
-52.7,47.56666666666667,ST JOHN'S,8403500,8403500.1939.10.11,1939-10-11 00:00:00,NL,1939,10,11,11.4,,8.3,,14.4,,10.7,,10.7,,0,,,,,,,,0,,6.6,,,,,
-52.7,47.56666666666667,ST JOHN'S,8403500,8403500.1939.10.12,1939-10-12 00:00:00,NL,1939,10,12,8.4,,5.6,,11.1,,0,,0,,0,,,,,,,,0,,9.6,,,,,
-52.7,47.56666666666667,ST JOHN'S,8403500,8403500.1939.10.13,1939-10-13 00:00:00,NL,1939,10,13,7,,2.2,,11.7,,6.4,,6.4,,0,,,,,,,,0,,11,,,,,
-52.7,47.56666666666667,ST JOHN'S,8403500,8403500.1939.10.14,1939-10-14 00:00:00,NL,1939,10,14,10.6,,6.1,,15,,10.2,,10.2,,0,,,,,,,,0,,7.4,,,,,
-52.7,47.56666666666667,ST JOHN'S,8403500,8403500.1939.10.15,1939-10-15 00:00:00,NL,1939,10,15,12.5,,7.2,,17.8,,3.3,,3.3,,0,,,,,,,,0,,5.5,,,,,
-52.7,47.56666666666667,ST JOHN'S,8403500,8403500.1939.10.16,1939-10-16 00:00:00,NL,1939,10,16,7,,3.9,,10,,0,,0,,0,,,,,,,,0,,11,,,,,
-52.7,47.56666666666667,ST JOHN'S,8403500,8403500.1939.10.17,1939-10-17 00:00:00,NL,1939,10,17,8.9,,5.6,,12.2,,54.9,,54.9,,0,,,,,,,,0,,9.1,,,,,
-52.7,47.56666666666667,ST JOHN'S,8403500,8403500.1939.10.18,1939-10-18 00:00:00,NL,1939,10,18,4.2,,1.7,,6.7,,1,,1,,0,,,,,,,,0,,13.8,,,,,
-52.7,47.56666666666667,ST JOHN'S,8403500,8403500.1939.10.19,1939-10-19 00:00:00,NL,1939,10,19,4.2,,-0.6,,8.9,,3.8,,3.8,,0,,,,,,,,0,,13.8,,,,,
-52.7,47.56666666666667,ST JOHN'S,8403500,8403500.1939.10.20,1939-10-20 00:00:00,NL,1939,10,20,6.7,,1.7,,11.7,,9.7,,9.7,,0,,,,,,,,0,,11.3,,,,,
-52.7,47.56666666666667,ST JOHN'S,8403500,8403500.1939.10.21,1939-10-21 00:00:00,NL,1939,10,21,4.2,,3.3,,5,,0.5,,0.5,,0,,,,,,,,0,,13.8,,,,,
-52.7,47.56666666666667,ST JOHN'S,8403500,8403500.1939.10.22,1939-10-22 00:00:00,NL,1939,10,22,5.9,,3.9,,7.8,,0,,0,,0,,,,,,,,0,,12.1,,,,,
-52.7,47.56666666666667,ST JOHN'S,8403500,8403500.1939.10.23,1939-10-23 00:00:00,NL,1939,10,23,8.4,,5,,11.7,,17.5,,17.5,,0,,,,,,,,0,,9.6,,,,,
-52.7,47.56666666666667,ST JOHN'S,8403500,8403500.1939.10.24,1939-10-24 00:00:00,NL,1939,10,24,8.6,,4.4,,12.8,,0,T,0,T,0,,,,,,,,0,,9.4,,,,,
-52.7,47.56666666666667,ST JOHN'S,8403500,8403500.1939.10.25,1939-10-25 00:00:00,NL,1939,10,25,4.5,,1.7,,7.2,,2.5,,2.5,,0,,,,,,,,0,,13.5,,,,,
-52.7,47.56666666666667,ST JOHN'S,8403500,8403500.1939.10.26,1939-10-26 00:00:00,NL,1939,10,26,3.4,,0.6,,6.1,,0,,0,,0,,,,,,,,0,,14.6,,,,,
-52.7,47.56666666666667,ST JOHN'S,8403500,8403500.1939.10.27,1939-10-27 00:00:00,NL,1939,10,27,5,,-2.2,,12.2,,2.8,,2.8,,0,,,,,,,,0,,13,,,,,
-52.7,47.56666666666667,ST JOHN'S,8403500,8403500.1939.10.28,1939-10-28 00:00:00,NL,1939,10,28,8.6,,-0.6,,17.8,,7.4,,7.4,,0,,,,,,,,0,,9.4,,,,,
-52.7,47.56666666666667,ST JOHN'S,8403500,8403500.1939.10.29,1939-10-29 00:00:00,NL,1939,10,29,10.6,,4.4,,16.7,,0.8,,0.8,,0,,,,,,,,0,,7.4,,,,,
-52.7,47.56666666666667,ST JOHN'S,8403500,8403500.1939.10.30,1939-10-30 00:00:00,NL,1939,10,30,3.1,,-0.6,,6.7,,0,,0,,0,,,,,,,,0,,14.9,,,,,
-52.7,47.56666666666667,ST JOHN'S,8403500,8403500.1939.10.31,1939-10-31 00:00:00,NL,1939,10,31,6.1,,-1.7,,13.9,,6.1,,6.1,,0,,,,,,,,0,,11.9,,,,,
-52.7,47.56666666666667,ST JOHN'S,8403500,8403500.1939.11.1,1939-11-01 00:00:00,NL,1939,11,1,11.7,,5,,18.3,,2.5,,2.5,,0,,,,,,,,0,,6.3,,,,,
-52.7,47.56666666666667,ST JOHN'S,8403500,8403500.1939.11.2,1939-11-02 00:00:00,NL,1939,11,2,5.6,,3.9,,7.2,,0,,0,,0,,,,,,,,0,,12.4,,,,,
-52.7,47.56666666666667,ST JOHN'S,8403500,8403500.1939.11.3,1939-11-03 00:00:00,NL,1939,11,3,3.4,,1.1,,5.6,,2,,2,,0,,,,,,,,0,,14.6,,,,,
-52.7,47.56666666666667,ST JOHN'S,8403500,8403500.1939.11.4,1939-11-04 00:00:00,NL,1939,11,4,0,,-2.8,,2.8,,0,,0,,0,,,,,,,,0,,18,,,,,
-52.7,47.56666666666667,ST JOHN'S,8403500,8403500.1939.11.5,1939-11-05 00:00:00,NL,1939,11,5,3.9,,0.6,,7.2,,0,,0,,0,,,,,,,,0,,14.1,,,,,
-52.7,47.56666666666667,ST JOHN'S,8403500,8403500.1939.11.6,1939-11-06 00:00:00,NL,1939,11,6,1.7,,-2.2,,5.6,,27.4,,27.4,,0,,,,,,,,0,,16.3,,,,,
-52.7,47.56666666666667,ST JOHN'S,8403500,8403500.1939.11.7,1939-11-07 00:00:00,NL,1939,11,7,8.4,,3.9,,12.8,,20.3,,20.3,,0,,,,,,,,0,,9.6,,,,,
-52.7,47.56666666666667,ST JOHN'S,8403500,8403500.1939.11.8,1939-11-08 00:00:00,NL,1939,11,8,5.9,,3.9,,7.8,,0,T,0,T,0,,,,,,,,0,,12.1,,,,,
-52.7,47.56666666666667,ST JOHN'S,8403500,8403500.1939.11.9,1939-11-09 00:00:00,NL,1939,11,9,7.2,,3.3,,11.1,,1,,1,,0,,,,,,,,0,,10.8,,,,,
-52.7,47.56666666666667,ST JOHN'S,8403500,8403500.1939.11.10,1939-11-10 00:00:00,NL,1939,11,10,3.4,,1.7,,5,,0.3,,0.3,,0,T,,,,,,,0,,14.6,,,,,
-52.7,47.56666666666667,ST JOHN'S,8403500,8403500.1939.11.11,1939-11-11 00:00:00,NL,1939,11,11,4.8,,0.6,,8.9,,0,,0,,0,,,,,,,,0,,13.2,,,,,
-52.7,47.56666666666667,ST JOHN'S,8403500,8403500.1939.11.12,1939-11-12 00:00:00,NL,1939,11,12,1.9,,-0.6,,4.4,,0,T,0,,0,T,,,,,,,0,,16.1,,,,,
-52.7,47.56666666666667,ST JOHN'S,8403500,8403500.1939.11.13,1939-11-13 00:00:00,NL,1939,11,13,0.8,,-0.6,,2.2,,0,T,0,,0,T,,,,,,,0,,17.2,,,,,
-52.7,47.56666666666667,ST JOHN'S,8403500,8403500.1939.11.14,1939-11-14 00:00:00,NL,1939,11,14,0.6,,-1.7,,2.8,,0,,0,,0,,,,,,,,0,,17.4,,,,,
-52.7,47.56666666666667,ST JOHN'S,8403500,8403500.1939.11.15,1939-11-15 00:00:00,NL,1939,11,15,-0.6,,-3.3,,2.2,,2.8,,2.8,,0,,,,,,,,0,,18.6,,,,,
-52.7,47.56666666666667,ST JOHN'S,8403500,8403500.1939.11.16,1939-11-16 00:00:00,NL,1939,11,16,1.1,,-0.6,,2.8,,1,,1,,0,,,,,,,,0,,16.9,,,,,
-52.7,47.56666666666667,ST JOHN'S,8403500,8403500.1939.11.17,1939-11-17 00:00:00,NL,1939,11,17,2,,-1.7,,5.6,,33.8,,33.8,,0,,,,,,,,0,,16,,,,,
-52.7,47.56666666666667,ST JOHN'S,8403500,8403500.1939.11.18,1939-11-18 00:00:00,NL,1939,11,18,1.1,,-0.6,,2.8,,1.8,,1.8,,0,T,,,,,,,0,,16.9,,,,,
-52.7,47.56666666666667,ST JOHN'S,8403500,8403500.1939.11.19,1939-11-19 00:00:00,NL,1939,11,19,2.8,,0,,5.6,,0,,0,,0,,,,,,,,0,,15.2,,,,,
-52.7,47.56666666666667,ST JOHN'S,8403500,8403500.1939.11.20,1939-11-20 00:00:00,NL,1939,11,20,-0.6,,-3.3,,2.2,,0,,0,,0,,,,,,,,0,,18.6,,,,,
-52.7,47.56666666666667,ST JOHN'S,8403500,8403500.1939.11.21,1939-11-21 00:00:00,NL,1939,11,21,-1.1,,-5,,2.8,,0,,0,,0,,,,,,,,0,,19.1,,,,,
-52.7,47.56666666666667,ST JOHN'S,8403500,8403500.1939.11.22,1939-11-22 00:00:00,NL,1939,11,22,0.8,,-2.8,,4.4,,6.4,,6.4,,0,,,,,,,,0,,17.2,,,,,
-52.7,47.56666666666667,ST JOHN'S,8403500,8403500.1939.11.23,1939-11-23 00:00:00,NL,1939,11,23,7.3,,1.7,,12.8,,1.8,,1.8,,0,,,,,,,,0,,10.7,,,,,
-52.7,47.56666666666667,ST JOHN'S,8403500,8403500.1939.11.24,1939-11-24 00:00:00,NL,1939,11,24,0,,-1.7,,1.7,,0,T,0,,0,T,,,,,,,0,,18,,,,,
-52.7,47.56666666666667,ST JOHN'S,8403500,8403500.1939.11.25,1939-11-25 00:00:00,NL,1939,11,25,-4.2,,-6.7,,-1.7,,0,,0,,0,,,,,,,,0,,22.2,,,,,
-52.7,47.56666666666667,ST JOHN'S,8403500,8403500.1939.11.26,1939-11-26 00:00:00,NL,1939,11,26,-1.2,,-6.7,,4.4,,0.5,,0,,0.5,,,,,,,,0,,19.2,,,,,
-52.7,47.56666666666667,ST JOHN'S,8403500,8403500.1939.11.27,1939-11-27 00:00:00,NL,1939,11,27,0.8,,-1.7,,3.3,,1.8,,0,,1.8,,,,,,,,0,,17.2,,,,,
-52.7,47.56666666666667,ST JOHN'S,8403500,8403500.1939.11.28,1939-11-28 00:00:00,NL,1939,11,28,-0.9,,-2.8,,1.1,,0.5,,0,,0.5,,,,,,,,0,,18.9,,,,,
-52.7,47.56666666666667,ST JOHN'S,8403500,8403500.1939.11.29,1939-11-29 00:00:00,NL,1939,11,29,-2,,-5,,1.1,,0,,0,,0,,,,,,,,0,,20,,,,,
-52.7,47.56666666666667,ST JOHN'S,8403500,8403500.1939.11.30,1939-11-30 00:00:00,NL,1939,11,30,-1.2,,-5.6,,3.3,,0,,0,,0,,,,,,,,0,,19.2,,,,,
-52.7,47.56666666666667,ST JOHN'S,8403500,8403500.1939.12.1,1939-12-01 00:00:00,NL,1939,12,1,3.4,,1.1,,5.6,,0,,0,,0,,,,,,,,0,,14.6,,,,,
-52.7,47.56666666666667,ST JOHN'S,8403500,8403500.1939.12.2,1939-12-02 00:00:00,NL,1939,12,2,3.1,,-1.1,,7.2,,0,,0,,0,,,,,,,,0,,14.9,,,,,
-52.7,47.56666666666667,ST JOHN'S,8403500,8403500.1939.12.3,1939-12-03 00:00:00,NL,1939,12,3,0.6,,-2.8,,3.9,,0,T,0,T,0,,,,,,,,0,,17.4,,,,,
-52.7,47.56666666666667,ST JOHN'S,8403500,8403500.1939.12.4,1939-12-04 00:00:00,NL,1939,12,4,4.8,,1.7,,7.8,,5.3,,5.3,,0,,,,,,,,0,,13.2,,,,,
-52.7,47.56666666666667,ST JOHN'S,8403500,8403500.1939.12.5,1939-12-05 00:00:00,NL,1939,12,5,4.5,,3.3,,5.6,,0,,0,,0,,,,,,,,0,,13.5,,,,,
-52.7,47.56666666666667,ST JOHN'S,8403500,8403500.1939.12.6,1939-12-06 00:00:00,NL,1939,12,6,2.3,,0.6,,3.9,,0,T,0,,0,T,,,,,,,0,,15.7,,,,,
-52.7,47.56666666666667,ST JOHN'S,8403500,8403500.1939.12.7,1939-12-07 00:00:00,NL,1939,12,7,0.9,,-1.1,,2.8,,0,T,0,,0,T,,,,,,,0,,17.1,,,,,
-52.7,47.56666666666667,ST JOHN'S,8403500,8403500.1939.12.8,1939-12-08 00:00:00,NL,1939,12,8,1.7,,-2.8,,6.1,,24.1,,24.1,,0,,,,,,,,0,,16.3,,,,,
-52.7,47.56666666666667,ST JOHN'S,8403500,8403500.1939.12.9,1939-12-09 00:00:00,NL,1939,12,9,1.7,,0,,3.3,,1,,0,,1,,,,,,,,0,,16.3,,,,,
-52.7,47.56666666666667,ST JOHN'S,8403500,8403500.1939.12.10,1939-12-10 00:00:00,NL,1939,12,10,-2,,-3.3,,-0.6,,0.8,,0,,0.8,,,,,,,,0,,20,,,,,
-52.7,47.56666666666667,ST JOHN'S,8403500,8403500.1939.12.11,1939-12-11 00:00:00,NL,1939,12,11,-0.8,,-3.3,,1.7,,13.7,,13.7,,0,,,,,,,,0,,18.8,,,,,
-52.7,47.56666666666667,ST JOHN'S,8403500,8403500.1939.12.12,1939-12-12 00:00:00,NL,1939,12,12,4.7,,0,,9.4,,26.9,,26.9,,0,,,,,,,,0,,13.3,,,,,
-52.7,47.56666666666667,ST JOHN'S,8403500,8403500.1939.12.13,1939-12-13 00:00:00,NL,1939,12,13,6.4,,1.1,,11.7,,2,,2,,0,,,,,,,,0,,11.6,,,,,
-52.7,47.56666666666667,ST JOHN'S,8403500,8403500.1939.12.14,1939-12-14 00:00:00,NL,1939,12,14,9.2,,7.2,,11.1,,0,T,0,T,0,,,,,,,,0,,8.8,,,,,
-52.7,47.56666666666667,ST JOHN'S,8403500,8403500.1939.12.15,1939-12-15 00:00:00,NL,1939,12,15,1.4,,0,,2.8,,0,,0,,0,,,,,,,,0,,16.6,,,,,
-52.7,47.56666666666667,ST JOHN'S,8403500,8403500.1939.12.16,1939-12-16 00:00:00,NL,1939,12,16,-2.8,,-3.3,,-2.2,,0,,0,,0,,,,,,,,0,,20.8,,,,,
-52.7,47.56666666666667,ST JOHN'S,8403500,8403500.1939.12.17,1939-12-17 00:00:00,NL,1939,12,17,-2.2,,-6.1,,1.7,,0,,0,,0,,,,,,,,0,,20.2,,,,,
-52.7,47.56666666666667,ST JOHN'S,8403500,8403500.1939.12.18,1939-12-18 00:00:00,NL,1939,12,18,-0.9,,-3.9,,2.2,,12.7,,12.7,,0,,,,,,,,0,,18.9,,,,,
-52.7,47.56666666666667,ST JOHN'S,8403500,8403500.1939.12.19,1939-12-19 00:00:00,NL,1939,12,19,0.9,,0.6,,1.1,,4.3,,2.3,,2,,,,,,,,0,,17.1,,,,,
-52.7,47.56666666666667,ST JOHN'S,8403500,8403500.1939.12.20,1939-12-20 00:00:00,NL,1939,12,20,0.3,,-0.6,,1.1,,1.8,,0,,1.8,,,,,,,,0,,17.7,,,,,
-52.7,47.56666666666667,ST JOHN'S,8403500,8403500.1939.12.21,1939-12-21 00:00:00,NL,1939,12,21,1.1,,-1.1,,3.3,,3.8,,3.8,,0,,,,,,,,0,,16.9,,,,,
-52.7,47.56666666666667,ST JOHN'S,8403500,8403500.1939.12.22,1939-12-22 00:00:00,NL,1939,12,22,3.7,,0.6,,6.7,,0,,0,,0,,,,,,,,0,,14.3,,,,,
-52.7,47.56666666666667,ST JOHN'S,8403500,8403500.1939.12.23,1939-12-23 00:00:00,NL,1939,12,23,0,,-0.6,,0.6,,7.6,,0,,7.6,,,,,,,,0,,18,,,,,
-52.7,47.56666666666667,ST JOHN'S,8403500,8403500.1939.12.24,1939-12-24 00:00:00,NL,1939,12,24,-2,,-2.2,,-1.7,,20.3,,0,,20.3,,,,,,,,0,,20,,,,,
-52.7,47.56666666666667,ST JOHN'S,8403500,8403500.1939.12.25,1939-12-25 00:00:00,NL,1939,12,25,-2.5,,-4.4,,-0.6,,0,T,0,,0,T,,,,,,,0,,20.5,,,,,
-52.7,47.56666666666667,ST JOHN'S,8403500,8403500.1939.12.26,1939-12-26 00:00:00,NL,1939,12,26,-4.8,,-8.9,,-0.6,,0.5,,0,,0.5,,,,,,,,0,,22.8,,,,,
-52.7,47.56666666666667,ST JOHN'S,8403500,8403500.1939.12.27,1939-12-27 00:00:00,NL,1939,12,27,-6.1,,-7.2,,-5,,1,,0,,1,,,,,,,,0,,24.1,,,,,
-52.7,47.56666666666667,ST JOHN'S,8403500,8403500.1939.12.28,1939-12-28 00:00:00,NL,1939,12,28,-4.5,,-7.8,,-1.1,,1,,0,,1,,,,,,,,0,,22.5,,,,,
-52.7,47.56666666666667,ST JOHN'S,8403500,8403500.1939.12.29,1939-12-29 00:00:00,NL,1939,12,29,-5.9,,-6.7,,-5,,0.8,,0,,0.8,,,,,,,,0,,23.9,,,,,
-52.7,47.56666666666667,ST JOHN'S,8403500,8403500.1939.12.30,1939-12-30 00:00:00,NL,1939,12,30,-3.7,,-6.7,,-0.6,,8.4,,0,,8.4,,,,,,,,0,,21.7,,,,,
-52.7,47.56666666666667,ST JOHN'S,8403500,8403500.1939.12.31,1939-12-31 00:00:00,NL,1939,12,31,-5,,-7.8,,-2.2,,8.4,,0,,8.4,,,,,,,,0,,23,,,,,
-52.7,47.56666666666667,ST JOHN'S,8403500,8403500.1940.1.1,1940-01-01 00:00:00,NL,1940,1,1,-3.1,,-5,,-1.1,,0,T,0,,0,T,,,,,,,0,,21.1,,,,,
-52.7,47.56666666666667,ST JOHN'S,8403500,8403500.1940.1.2,1940-01-02 00:00:00,NL,1940,1,2,-4.5,,-5.6,,-3.3,,20.3,,0,,20.3,,,,,,,,0,,22.5,,,,,
-52.7,47.56666666666667,ST JOHN'S,8403500,8403500.1940.1.3,1940-01-03 00:00:00,NL,1940,1,3,-5,,-8.9,,-1.1,,6.4,,0,,6.4,,,,,,,,0,,23,,,,,
-52.7,47.56666666666667,ST JOHN'S,8403500,8403500.1940.1.4,1940-01-04 00:00:00,NL,1940,1,4,-3.9,,-6.1,,-1.7,,12.7,,0,,12.7,,,,,,,,0,,21.9,,,,,
-52.7,47.56666666666667,ST JOHN'S,8403500,8403500.1940.1.5,1940-01-05 00:00:00,NL,1940,1,5,-4.5,,-5,,-3.9,,0,,0,,0,,,,,,,,0,,22.5,,,,,
-52.7,47.56666666666667,ST JOHN'S,8403500,8403500.1940.1.6,1940-01-06 00:00:00,NL,1940,1,6,-4.8,,-7.8,,-1.7,,0,T,0,,0,T,,,,,,,0,,22.8,,,,,
-52.7,47.56666666666667,ST JOHN'S,8403500,8403500.1940.1.7,1940-01-07 00:00:00,NL,1940,1,7,-4.8,,-7.8,,-1.7,,2.5,,0,,2.5,,,,,,,,0,,22.8,,,,,
-52.7,47.56666666666667,ST JOHN'S,8403500,8403500.1940.1.8,1940-01-08 00:00:00,NL,1940,1,8,-5,,-7.8,,-2.2,,0,T,0,,0,T,,,,,,,0,,23,,,,,
-52.7,47.56666666666667,ST JOHN'S,8403500,8403500.1940.1.9,1940-01-09 00:00:00,NL,1940,1,9,-6.9,,-9.4,,-4.4,,0,T,0,,0,T,,,,,,,0,,24.9,,,,,
-52.7,47.56666666666667,ST JOHN'S,8403500,8403500.1940.1.10,1940-01-10 00:00:00,NL,1940,1,10,-7.2,,-10,,-4.4,,0,,0,,0,,,,,,,,0,,25.2,,,,,
-52.7,47.56666666666667,ST JOHN'S,8403500,8403500.1940.1.11,1940-01-11 00:00:00,NL,1940,1,11,-7.8,,-11.1,,-4.4,,0,T,0,,0,T,,,,,,,0,,25.8,,,,,
-52.7,47.56666666666667,ST JOHN'S,8403500,8403500.1940.1.12,1940-01-12 00:00:00,NL,1940,1,12,-6.1,,-10,,-2.2,,2.5,,0,,2.5,,,,,,,,0,,24.1,,,,,
-52.7,47.56666666666667,ST JOHN'S,8403500,8403500.1940.1.13,1940-01-13 00:00:00,NL,1940,1,13,-2,,-3.9,,0,,8.1,,0.5,,7.6,,,,,,,,0,,20,,,,,
-52.7,47.56666666666667,ST JOHN'S,8403500,8403500.1940.1.14,1940-01-14 00:00:00,NL,1940,1,14,-1.7,,-2.8,,-0.6,,15.5,,0.3,,15.2,,,,,,,,0,,19.7,,,,,
-52.7,47.56666666666667,ST JOHN'S,8403500,8403500.1940.1.15,1940-01-15 00:00:00,NL,1940,1,15,-1.7,,-3.9,,0.6,,2,,2,,0,,,,,,,,0,,19.7,,,,,
-52.7,47.56666666666667,ST JOHN'S,8403500,8403500.1940.1.16,1940-01-16 00:00:00,NL,1940,1,16,0,,-0.6,,0.6,,2.3,,1,,1.3,,,,,,,,0,,18,,,,,
-52.7,47.56666666666667,ST JOHN'S,8403500,8403500.1940.1.17,1940-01-17 00:00:00,NL,1940,1,17,-0.8,,-2.2,,0.6,,0,T,0,,0,T,,,,,,,0,,18.8,,,,,
-52.7,47.56666666666667,ST JOHN'S,8403500,8403500.1940.1.18,1940-01-18 00:00:00,NL,1940,1,18,-0.8,,-3.3,,1.7,,6.1,,6.1,,0,T,,,,,,,0,,18.8,,,,,
-52.7,47.56666666666667,ST JOHN'S,8403500,8403500.1940.1.19,1940-01-19 00:00:00,NL,1940,1,19,-4.2,,-7.8,,-0.6,,5.1,,0,,5.1,,,,,,,,0,,22.2,,,,,
-52.7,47.56666666666667,ST JOHN'S,8403500,8403500.1940.1.20,1940-01-20 00:00:00,NL,1940,1,20,-2.3,,-3.9,,-0.6,,7.6,,0,,7.6,,,,,,,,0,,20.3,,,,,
-52.7,47.56666666666667,ST JOHN'S,8403500,8403500.1940.1.21,1940-01-21 00:00:00,NL,1940,1,21,-3.4,,-5,,-1.7,,3.8,,0,,3.8,,,,,,,,0,,21.4,,,,,
-52.7,47.56666666666667,ST JOHN'S,8403500,8403500.1940.1.22,1940-01-22 00:00:00,NL,1940,1,22,-4.5,,-8.3,,-0.6,,10.2,,0,,10.2,,,,,,,,0,,22.5,,,,,
-52.7,47.56666666666667,ST JOHN'S,8403500,8403500.1940.1.23,1940-01-23 00:00:00,NL,1940,1,23,-5.6,,-10.6,,-0.6,,0.8,,0,,0.8,,,,,,,,0,,23.6,,,,,
-52.7,47.56666666666667,ST JOHN'S,8403500,8403500.1940.1.24,1940-01-24 00:00:00,NL,1940,1,24,-6.7,,-12.8,,-0.6,,17.8,,0,,17.8,,,,,,,,0,,24.7,,,,,
-52.7,47.56666666666667,ST JOHN'S,8403500,8403500.1940.1.25,1940-01-25 00:00:00,NL,1940,1,25,-0.9,,-1.7,,0,,0,,0,,0,,,,,,,,0,,18.9,,,,,
-52.7,47.56666666666667,ST JOHN'S,8403500,8403500.1940.1.26,1940-01-26 00:00:00,NL,1940,1,26,-0.3,,-1.1,,0.6,,0,T,0,T,0,,,,,,,,0,,18.3,,,,,
-52.7,47.56666666666667,ST JOHN'S,8403500,8403500.1940.1.27,1940-01-27 00:00:00,NL,1940,1,27,-0.6,,-1.7,,0.6,,1.3,,1.3,,0,,,,,,,,0,,18.6,,,,,
-52.7,47.56666666666667,ST JOHN'S,8403500,8403500.1940.1.28,1940-01-28 00:00:00,NL,1940,1,28,-0.6,,-1.1,,0,,14.2,,2.8,,11.4,,,,,,,,0,,18.6,,,,,
-52.7,47.56666666666667,ST JOHN'S,8403500,8403500.1940.1.29,1940-01-29 00:00:00,NL,1940,1,29,-0.9,,-1.1,,-0.6,,12.7,,8.9,,3.8,,,,,,,,0,,18.9,,,,,
-52.7,47.56666666666667,ST JOHN'S,8403500,8403500.1940.1.30,1940-01-30 00:00:00,NL,1940,1,30,-2.8,,-4.4,,-1.1,,0,,0,,0,,,,,,,,0,,20.8,,,,,
-52.7,47.56666666666667,ST JOHN'S,8403500,8403500.1940.1.31,1940-01-31 00:00:00,NL,1940,1,31,-4.2,,-6.7,,-1.7,,0,T,0,,0,T,,,,,,,0,,22.2,,,,,
-52.7,47.56666666666667,ST JOHN'S,8403500,8403500.1940.2.1,1940-02-01 00:00:00,NL,1940,2,1,-2.5,,-3.3,,-1.7,,3.3,,0,,3.3,,,,,,,,0,,20.5,,,,,
-52.7,47.56666666666667,ST JOHN'S,8403500,8403500.1940.2.2,1940-02-02 00:00:00,NL,1940,2,2,-2.2,,-3.3,,-1.1,,0.3,,0,,0.3,,,,,,,,0,,20.2,,,,,
-52.7,47.56666666666667,ST JOHN'S,8403500,8403500.1940.2.3,1940-02-03 00:00:00,NL,1940,2,3,-2.5,,-3.3,,-1.7,,2.5,,0.5,,2,,,,,,,,0,,20.5,,,,,
-52.7,47.56666666666667,ST JOHN'S,8403500,8403500.1940.2.4,1940-02-04 00:00:00,NL,1940,2,4,-7,,-11.1,,-2.8,,0.8,,0,,0.8,,,,,,,,0,,25,,,,,
-52.7,47.56666666666667,ST JOHN'S,8403500,8403500.1940.2.5,1940-02-05 00:00:00,NL,1940,2,5,-12.5,,-15.6,,-9.4,,0,,0,,0,,,,,,,,0,,30.5,,,,,
-52.7,47.56666666666667,ST JOHN'S,8403500,8403500.1940.2.6,1940-02-06 00:00:00,NL,1940,2,6,-13.1,,-15.6,,-10.6,,0,,0,,0,,,,,,,,0,,31.1,,,,,
-52.7,47.56666666666667,ST JOHN'S,8403500,8403500.1940.2.7,1940-02-07 00:00:00,NL,1940,2,7,-7,,-13.9,,0,,4.1,,0,,4.1,,,,,,,,0,,25,,,,,
-52.7,47.56666666666667,ST JOHN'S,8403500,8403500.1940.2.8,1940-02-08 00:00:00,NL,1940,2,8,-3.1,,-6.1,,0,,6.4,,3.3,,3,,,,,,,,0,,21.1,,,,,
-52.7,47.56666666666667,ST JOHN'S,8403500,8403500.1940.2.9,1940-02-09 00:00:00,NL,1940,2,9,-8.9,,-11.1,,-6.7,,0,,0,,0,,,,,,,,0,,26.9,,,,,
-52.7,47.56666666666667,ST JOHN'S,8403500,8403500.1940.2.10,1940-02-10 00:00:00,NL,1940,2,10,-13.1,,-16.7,,-9.4,,0,,0,,0,,,,,,,,0,,31.1,,,,,
-52.7,47.56666666666667,ST JOHN'S,8403500,8403500.1940.2.11,1940-02-11 00:00:00,NL,1940,2,11,-5.6,,-11.7,,0.6,,2.5,,0,,2.5,,,,,,,,0,,23.6,,,,,
-52.7,47.56666666666667,ST JOHN'S,8403500,8403500.1940.2.12,1940-02-12 00:00:00,NL,1940,2,12,-2.8,,-5.6,,0,,2.8,,0,,2.8,,,,,,,,0,,20.8,,,,,
-52.7,47.56666666666667,ST JOHN'S,8403500,8403500.1940.2.13,1940-02-13 00:00:00,NL,1940,2,13,-7,,-8.3,,-5.6,,4.1,,0,,4.1,,,,,,,,0,,25,,,,,
-52.7,47.56666666666667,ST JOHN'S,8403500,8403500.1940.2.14,1940-02-14 00:00:00,NL,1940,2,14,-7.5,,-8.9,,-6.1,,1.5,,0,,1.5,,,,,,,,0,,25.5,,,,,
-52.7,47.56666666666667,ST JOHN'S,8403500,8403500.1940.2.15,1940-02-15 00:00:00,NL,1940,2,15,-7.3,,-13.9,,-0.6,,2.5,,0,,2.5,,,,,,,,0,,25.3,,,,,
-52.7,47.56666666666667,ST JOHN'S,8403500,8403500.1940.2.16,1940-02-16 00:00:00,NL,1940,2,16,-1.1,,-3.3,,1.1,,17.8,,8.9,,8.9,,,,,,,,0,,19.1,,,,,
-52.7,47.56666666666667,ST JOHN'S,8403500,8403500.1940.2.17,1940-02-17 00:00:00,NL,1940,2,17,0.6,,0,,1.1,,3.8,,3.3,,0.5,,,,,,,,0,,17.4,,,,,
-52.7,47.56666666666667,ST JOHN'S,8403500,8403500.1940.2.18,1940-02-18 00:00:00,NL,1940,2,18,-0.3,,-0.6,,0,,0,,0,,0,,,,,,,,0,,18.3,,,,,
-52.7,47.56666666666667,ST JOHN'S,8403500,8403500.1940.2.19,1940-02-19 00:00:00,NL,1940,2,19,-1.4,,-2.2,,-0.6,,0,,0,,0,,,,,,,,0,,19.4,,,,,
-52.7,47.56666666666667,ST JOHN'S,8403500,8403500.1940.2.20,1940-02-20 00:00:00,NL,1940,2,20,-1.7,,-2.8,,-0.6,,0.5,,0,,0.5,,,,,,,,0,,19.7,,,,,
-52.7,47.56666666666667,ST JOHN'S,8403500,8403500.1940.2.21,1940-02-21 00:00:00,NL,1940,2,21,0.3,,-2.2,,2.8,,13.5,,13,,0.5,,,,,,,,0,,17.7,,,,,
-52.7,47.56666666666667,ST JOHN'S,8403500,8403500.1940.2.22,1940-02-22 00:00:00,NL,1940,2,22,-6.1,,-8.9,,-3.3,,1.3,,0,,1.3,,,,,,,,0,,24.1,,,,,
-52.7,47.56666666666667,ST JOHN'S,8403500,8403500.1940.2.23,1940-02-23 00:00:00,NL,1940,2,23,-6.7,,-8.9,,-4.4,,0,T,0,,0,T,,,,,,,0,,24.7,,,,,
-52.7,47.56666666666667,ST JOHN'S,8403500,8403500.1940.2.24,1940-02-24 00:00:00,NL,1940,2,24,-5.6,,-7.8,,-3.3,,0,T,0,,0,T,,,,,,,0,,23.6,,,,,
-52.7,47.56666666666667,ST JOHN'S,8403500,8403500.1940.2.25,1940-02-25 00:00:00,NL,1940,2,25,-5.3,,-9.4,,-1.1,,1.3,,0,,1.3,,,,,,,,0,,23.3,,,,,
-52.7,47.56666666666667,ST JOHN'S,8403500,8403500.1940.2.26,1940-02-26 00:00:00,NL,1940,2,26,-1.4,,-6.7,,3.9,,32.3,,32.3,,0,T,,,,,,,0,,19.4,,,,,
-52.7,47.56666666666667,ST JOHN'S,8403500,8403500.1940.2.27,1940-02-27 00:00:00,NL,1940,2,27,1.1,,-1.7,,3.9,,16.3,,16.3,,0,,,,,,,,0,,16.9,,,,,
-52.7,47.56666666666667,ST JOHN'S,8403500,8403500.1940.2.28,1940-02-28 00:00:00,NL,1940,2,28,-5,,-7.8,,-2.2,,12.7,,0,,12.7,,,,,,,,0,,23,,,,,
-52.7,47.56666666666667,ST JOHN'S,8403500,8403500.1940.2.29,1940-02-29 00:00:00,NL,1940,2,29,-1.1,,-7.2,,5,,6.1,,4.8,,1.3,,,,,,,,0,,19.1,,,,,
-52.7,47.56666666666667,ST JOHN'S,8403500,8403500.1940.3.1,1940-03-01 00:00:00,NL,1940,3,1,-1.1,,-2.2,,0,,15.2,,0,,15.2,,,,,,,,0,,19.1,,,,,
-52.7,47.56666666666667,ST JOHN'S,8403500,8403500.1940.3.2,1940-03-02 00:00:00,NL,1940,3,2,1.7,,-1.1,,4.4,,22.9,,22.9,,0,T,,,,,,,0,,16.3,,,,,
-52.7,47.56666666666667,ST JOHN'S,8403500,8403500.1940.3.3,1940-03-03 00:00:00,NL,1940,3,3,3.1,,2.2,,3.9,,3.3,,3.3,,0,,,,,,,,0,,14.9,,,,,
-52.7,47.56666666666667,ST JOHN'S,8403500,8403500.1940.3.4,1940-03-04 00:00:00,NL,1940,3,4,1.4,,0.6,,2.2,,2,,2,,0,,,,,,,,0,,16.6,,,,,
-52.7,47.56666666666667,ST JOHN'S,8403500,8403500.1940.3.5,1940-03-05 00:00:00,NL,1940,3,5,0.3,,-0.6,,1.1,,3.3,,3.3,,0,,,,,,,,0,,17.7,,,,,
-52.7,47.56666666666667,ST JOHN'S,8403500,8403500.1940.3.6,1940-03-06 00:00:00,NL,1940,3,6,0.9,,0.6,,1.1,,2.8,,2.8,,0,,,,,,,,0,,17.1,,,,,
-52.7,47.56666666666667,ST JOHN'S,8403500,8403500.1940.3.7,1940-03-07 00:00:00,NL,1940,3,7,1.2,,0.6,,1.7,,5.6,,5.6,,0,,,,,,,,0,,16.8,,,,,
-52.7,47.56666666666667,ST JOHN'S,8403500,8403500.1940.3.8,1940-03-08 00:00:00,NL,1940,3,8,1.4,,0.6,,2.2,,2.8,,2.8,,0,,,,,,,,0,,16.6,,,,,
-52.7,47.56666666666667,ST JOHN'S,8403500,8403500.1940.3.9,1940-03-09 00:00:00,NL,1940,3,9,2.8,,0.6,,5,,0.8,,0.8,,0,,,,,,,,0,,15.2,,,,,
-52.7,47.56666666666667,ST JOHN'S,8403500,8403500.1940.3.10,1940-03-10 00:00:00,NL,1940,3,10,1.1,,0,,2.2,,5.3,,5.3,,0,,,,,,,,0,,16.9,,,,,
-52.7,47.56666666666667,ST JOHN'S,8403500,8403500.1940.3.11,1940-03-11 00:00:00,NL,1940,3,11,1.1,,0,,2.2,,0,,0,,0,,,,,,,,0,,16.9,,,,,
-52.7,47.56666666666667,ST JOHN'S,8403500,8403500.1940.3.12,1940-03-12 00:00:00,NL,1940,3,12,0,,-2.2,,2.2,,5.8,,5.8,,0,T,,,,,,,0,,18,,,,,
-52.7,47.56666666666667,ST JOHN'S,8403500,8403500.1940.3.13,1940-03-13 00:00:00,NL,1940,3,13,1.7,,0,,3.3,,0,,0,,0,,,,,,,,0,,16.3,,,,,
-52.7,47.56666666666667,ST JOHN'S,8403500,8403500.1940.3.14,1940-03-14 00:00:00,NL,1940,3,14,-0.6,,-1.1,,0,,0.5,,0,T,0.5,,,,,,,,0,,18.6,,,,,
-52.7,47.56666666666667,ST JOHN'S,8403500,8403500.1940.3.15,1940-03-15 00:00:00,NL,1940,3,15,-2.2,,-3.3,,-1.1,,0,T,0,,0,T,,,,,,,0,,20.2,,,,,
-52.7,47.56666666666667,ST JOHN'S,8403500,8403500.1940.3.16,1940-03-16 00:00:00,NL,1940,3,16,-2.5,,-3.9,,-1.1,,0,,0,,0,,,,,,,,0,,20.5,,,,,
-52.7,47.56666666666667,ST JOHN'S,8403500,8403500.1940.3.17,1940-03-17 00:00:00,NL,1940,3,17,-0.6,,-1.7,,0.6,,12.7,,0,,12.7,,,,,,,,0,,18.6,,,,,
-52.7,47.56666666666667,ST JOHN'S,8403500,8403500.1940.3.18,1940-03-18 00:00:00,NL,1940,3,18,0,,-0.6,,0.6,,7.1,,0,,7.1,,,,,,,,0,,18,,,,,
-52.7,47.56666666666667,ST JOHN'S,8403500,8403500.1940.3.19,1940-03-19 00:00:00,NL,1940,3,19,-1.1,,-2.2,,0,,0.8,,0,,0.8,,,,,,,,0,,19.1,,,,,
-52.7,47.56666666666667,ST JOHN'S,8403500,8403500.1940.3.20,1940-03-20 00:00:00,NL,1940,3,20,-1.4,,-4.4,,1.7,,0.8,,0.8,,0,T,,,,,,,0,,19.4,,,,,
-52.7,47.56666666666667,ST JOHN'S,8403500,8403500.1940.3.21,1940-03-21 00:00:00,NL,1940,3,21,1.7,,-1.7,,5,,0,T,0,T,0,T,,,,,,,0,,16.3,,,,,
-52.7,47.56666666666667,ST JOHN'S,8403500,8403500.1940.3.22,1940-03-22 00:00:00,NL,1940,3,22,0,,-3.3,,3.3,,0,T,0,T,0,,,,,,,,0,,18,,,,,
-52.7,47.56666666666667,ST JOHN'S,8403500,8403500.1940.3.23,1940-03-23 00:00:00,NL,1940,3,23,-1.4,,-5.6,,2.8,,18.3,,10.7,,7.6,,,,,,,,0,,19.4,,,,,
-52.7,47.56666666666667,ST JOHN'S,8403500,8403500.1940.3.24,1940-03-24 00:00:00,NL,1940,3,24,-0.3,,-2.8,,2.2,,1,,0,,1,,,,,,,,0,,18.3,,,,,
-52.7,47.56666666666667,ST JOHN'S,8403500,8403500.1940.3.25,1940-03-25 00:00:00,NL,1940,3,25,-1.4,,-4.4,,1.7,,7.6,,0,,7.6,,,,,,,,0,,19.4,,,,,
-52.7,47.56666666666667,ST JOHN'S,8403500,8403500.1940.3.26,1940-03-26 00:00:00,NL,1940,3,26,-2.8,,-6.1,,0.6,,0,T,0,,0,T,,,,,,,0,,20.8,,,,,
-52.7,47.56666666666667,ST JOHN'S,8403500,8403500.1940.3.27,1940-03-27 00:00:00,NL,1940,3,27,-3.4,,-6.7,,0,,1.5,,0,,1.5,,,,,,,,0,,21.4,,,,,
-52.7,47.56666666666667,ST JOHN'S,8403500,8403500.1940.3.28,1940-03-28 00:00:00,NL,1940,3,28,-1.1,,-3.9,,1.7,,0.3,,0,,0.3,,,,,,,,0,,19.1,,,,,
-52.7,47.56666666666667,ST JOHN'S,8403500,8403500.1940.3.29,1940-03-29 00:00:00,NL,1940,3,29,-2.8,,-6.7,,1.1,,0,T,0,,0,T,,,,,,,0,,20.8,,,,,
-52.7,47.56666666666667,ST JOHN'S,8403500,8403500.1940.3.30,1940-03-30 00:00:00,NL,1940,3,30,-2.5,,-7.8,,2.8,,3.8,,3.8,,0,,,,,,,,0,,20.5,,,,,
-52.7,47.56666666666667,ST JOHN'S,8403500,8403500.1940.3.31,1940-03-31 00:00:00,NL,1940,3,31,3.6,,-1.7,,8.9,,12.4,,12.4,,0,,,,,,,,0,,14.4,,,,,
-52.7,47.56666666666667,ST JOHN'S,8403500,8403500.1940.4.1,1940-04-01 00:00:00,NL,1940,4,1,2,,0,,3.9,,3.8,,3,,0.8,,,,,,,,0,,16,,,,,
-52.7,47.56666666666667,ST JOHN'S,8403500,8403500.1940.4.2,1940-04-02 00:00:00,NL,1940,4,2,-0.6,,-1.7,,0.6,,3.8,,2,,1.8,,,,,,,,0,,18.6,,,,,
-52.7,47.56666666666667,ST JOHN'S,8403500,8403500.1940.4.3,1940-04-03 00:00:00,NL,1940,4,3,0.6,,-2.8,,3.9,,0,,0,,0,,,,,,,,0,,17.4,,,,,
-52.7,47.56666666666667,ST JOHN'S,8403500,8403500.1940.4.4,1940-04-04 00:00:00,NL,1940,4,4,-2,,-6.1,,2.2,,0,,0,,0,,,,,,,,0,,20,,,,,
-52.7,47.56666666666667,ST JOHN'S,8403500,8403500.1940.4.5,1940-04-05 00:00:00,NL,1940,4,5,-0.9,,-5.6,,3.9,,21.6,,17.8,,3.8,,,,,,,,0,,18.9,,,,,
-52.7,47.56666666666667,ST JOHN'S,8403500,8403500.1940.4.6,1940-04-06 00:00:00,NL,1940,4,6,1.7,,-1.1,,4.4,,0.3,,0,,0.3,,,,,,,,0,,16.3,,,,,
-52.7,47.56666666666667,ST JOHN'S,8403500,8403500.1940.4.7,1940-04-07 00:00:00,NL,1940,4,7,-2.8,,-5.6,,0,,0.5,,0,,0.5,,,,,,,,0,,20.8,,,,,
-52.7,47.56666666666667,ST JOHN'S,8403500,8403500.1940.4.8,1940-04-08 00:00:00,NL,1940,4,8,-1.7,,-7.2,,3.9,,0,T,0,,0,T,,,,,,,0,,19.7,,,,,
-52.7,47.56666666666667,ST JOHN'S,8403500,8403500.1940.4.9,1940-04-09 00:00:00,NL,1940,4,9,1.4,,-5,,7.8,,1.3,,1.3,,0,,,,,,,,0,,16.6,,,,,
-52.7,47.56666666666667,ST JOHN'S,8403500,8403500.1940.4.10,1940-04-10 00:00:00,NL,1940,4,10,2.5,,0,,5,,4.1,,4.1,,0,,,,,,,,0,,15.5,,,,,
-52.7,47.56666666666667,ST JOHN'S,8403500,8403500.1940.4.11,1940-04-11 00:00:00,NL,1940,4,11,2.8,,-1.1,,6.7,,0,T,0,T,0,,,,,,,,0,,15.2,,,,,
-52.7,47.56666666666667,ST JOHN'S,8403500,8403500.1940.4.12,1940-04-12 00:00:00,NL,1940,4,12,0.3,,-2.8,,3.3,,1,,1,,0,,,,,,,,0,,17.7,,,,,
-52.7,47.56666666666667,ST JOHN'S,8403500,8403500.1940.4.13,1940-04-13 00:00:00,NL,1940,4,13,5.3,,-0.6,,11.1,,1.3,,1.3,,0,,,,,,,,0,,12.7,,,,,
-52.7,47.56666666666667,ST JOHN'S,8403500,8403500.1940.4.14,1940-04-14 00:00:00,NL,1940,4,14,4.2,,2.2,,6.1,,12.7,,12.7,,0,,,,,,,,0,,13.8,,,,,
-52.7,47.56666666666667,ST JOHN'S,8403500,8403500.1940.4.15,1940-04-15 00:00:00,NL,1940,4,15,4.7,,3.3,,6.1,,46.2,,46.2,,0,,,,,,,,0,,13.3,,,,,
-52.7,47.56666666666667,ST JOHN'S,8403500,8403500.1940.4.16,1940-04-16 00:00:00,NL,1940,4,16,0.3,,-0.6,,1.1,,1,,1,,0,,,,,,,,0,,17.7,,,,,
-52.7,47.56666666666667,ST JOHN'S,8403500,8403500.1940.4.17,1940-04-17 00:00:00,NL,1940,4,17,1.7,,-0.6,,3.9,,2.5,,2.5,,0,,,,,,,,0,,16.3,,,,,
-52.7,47.56666666666667,ST JOHN'S,8403500,8403500.1940.4.18,1940-04-18 00:00:00,NL,1940,4,18,2.5,,0.6,,4.4,,0,,0,,0,,,,,,,,0,,15.5,,,,,
-52.7,47.56666666666667,ST JOHN'S,8403500,8403500.1940.4.19,1940-04-19 00:00:00,NL,1940,4,19,2.5,,0.6,,4.4,,0,,0,,0,,,,,,,,0,,15.5,,,,,
-52.7,47.56666666666667,ST JOHN'S,8403500,8403500.1940.4.20,1940-04-20 00:00:00,NL,1940,4,20,2.2,,-0.6,,5,,0,,0,,0,,,,,,,,0,,15.8,,,,,
-52.7,47.56666666666667,ST JOHN'S,8403500,8403500.1940.4.21,1940-04-21 00:00:00,NL,1940,4,21,1.7,,-1.1,,4.4,,0,T,0,T,0,T,,,,,,,0,,16.3,,,,,
-52.7,47.56666666666667,ST JOHN'S,8403500,8403500.1940.4.22,1940-04-22 00:00:00,NL,1940,4,22,0,,-1.7,,1.7,,15,,13.7,,1.3,,,,,,,,0,,18,,,,,
-52.7,47.56666666666667,ST JOHN'S,8403500,8403500.1940.4.23,1940-04-23 00:00:00,NL,1940,4,23,1.1,,0,,2.2,,26.9,,26.9,,0,,,,,,,,0,,16.9,,,,,
-52.7,47.56666666666667,ST JOHN'S,8403500,8403500.1940.4.24,1940-04-24 00:00:00,NL,1940,4,24,1.4,,0,,2.8,,0,T,0,T,0,T,,,,,,,0,,16.6,,,,,
-52.7,47.56666666666667,ST JOHN'S,8403500,8403500.1940.4.25,1940-04-25 00:00:00,NL,1940,4,25,1.9,,-0.6,,4.4,,0.8,,0,,0.8,,,,,,,,0,,16.1,,,,,
-52.7,47.56666666666667,ST JOHN'S,8403500,8403500.1940.4.26,1940-04-26 00:00:00,NL,1940,4,26,1.1,,-1.7,,3.9,,0.3,,0,,0.3,,,,,,,,0,,16.9,,,,,
-52.7,47.56666666666667,ST JOHN'S,8403500,8403500.1940.4.27,1940-04-27 00:00:00,NL,1940,4,27,3.1,,-2.2,,8.3,,0,,0,,0,,,,,,,,0,,14.9,,,,,
-52.7,47.56666666666667,ST JOHN'S,8403500,8403500.1940.4.28,1940-04-28 00:00:00,NL,1940,4,28,2,,-1.7,,5.6,,0,,0,,0,,,,,,,,0,,16,,,,,
-52.7,47.56666666666667,ST JOHN'S,8403500,8403500.1940.4.29,1940-04-29 00:00:00,NL,1940,4,29,3.6,,-2.8,,10,,0,,0,,0,,,,,,,,0,,14.4,,,,,
-52.7,47.56666666666667,ST JOHN'S,8403500,8403500.1940.4.30,1940-04-30 00:00:00,NL,1940,4,30,5.6,,-3.9,,15,,0,,0,,0,,,,,,,,0,,12.4,,,,,
-52.7,47.56666666666667,ST JOHN'S,8403500,8403500.1940.5.1,1940-05-01 00:00:00,NL,1940,5,1,8.4,,1.7,,15,,0,T,0,,0,T,,,,,,,0,,9.6,,,,,
-52.7,47.56666666666667,ST JOHN'S,8403500,8403500.1940.5.2,1940-05-02 00:00:00,NL,1940,5,2,0.8,,-1.7,,3.3,,0.3,,0.3,,0,T,,,,,,,0,,17.2,,,,,
-52.7,47.56666666666667,ST JOHN'S,8403500,8403500.1940.5.3,1940-05-03 00:00:00,NL,1940,5,3,7.8,,-0.6,,16.1,,0,T,0,T,0,,,,,,,,0,,10.2,,,,,
-52.7,47.56666666666667,ST JOHN'S,8403500,8403500.1940.5.4,1940-05-04 00:00:00,NL,1940,5,4,13.3,,7.2,,19.4,,0,,0,,0,,,,,,,,0,,4.7,,,,,
-52.7,47.56666666666667,ST JOHN'S,8403500,8403500.1940.5.5,1940-05-05 00:00:00,NL,1940,5,5,12.3,,6.7,,17.8,,0,,0,,0,,,,,,,,0,,5.7,,,,,
-52.7,47.56666666666667,ST JOHN'S,8403500,8403500.1940.5.6,1940-05-06 00:00:00,NL,1940,5,6,9.5,,7.8,,11.1,,4.1,,4.1,,0,,,,,,,,0,,8.5,,,,,
-52.7,47.56666666666667,ST JOHN'S,8403500,8403500.1940.5.7,1940-05-07 00:00:00,NL,1940,5,7,6.1,,3.9,,8.3,,10.7,,10.7,,0,,,,,,,,0,,11.9,,,,,
-52.7,47.56666666666667,ST JOHN'S,8403500,8403500.1940.5.8,1940-05-08 00:00:00,NL,1940,5,8,3.4,,1.7,,5,,3,,3,,0,,,,,,,,0,,14.6,,,,,
-52.7,47.56666666666667,ST JOHN'S,8403500,8403500.1940.5.9,1940-05-09 00:00:00,NL,1940,5,9,4.5,,2.2,,6.7,,0,T,0,T,0,,,,,,,,0,,13.5,,,,,
-52.7,47.56666666666667,ST JOHN'S,8403500,8403500.1940.5.10,1940-05-10 00:00:00,NL,1940,5,10,4.2,,1.1,,7.2,,0,T,0,T,0,,,,,,,,0,,13.8,,,,,
-52.7,47.56666666666667,ST JOHN'S,8403500,8403500.1940.5.11,1940-05-11 00:00:00,NL,1940,5,11,5.3,,-0.6,,11.1,,0,,0,,0,,,,,,,,0,,12.7,,,,,
-52.7,47.56666666666667,ST JOHN'S,8403500,8403500.1940.5.12,1940-05-12 00:00:00,NL,1940,5,12,6.4,,1.1,,11.7,,27.4,,27.4,,0,,,,,,,,0,,11.6,,,,,
-52.7,47.56666666666667,ST JOHN'S,8403500,8403500.1940.5.13,1940-05-13 00:00:00,NL,1940,5,13,9.8,,3.9,,15.6,,8.9,,8.9,,0,,,,,,,,0,,8.2,,,,,
-52.7,47.56666666666667,ST JOHN'S,8403500,8403500.1940.5.14,1940-05-14 00:00:00,NL,1940,5,14,10,,6.7,,13.3,,7.1,,7.1,,0,,,,,,,,0,,8,,,,,
-52.7,47.56666666666667,ST JOHN'S,8403500,8403500.1940.5.15,1940-05-15 00:00:00,NL,1940,5,15,7.5,,4.4,,10.6,,0,,0,,0,,,,,,,,0,,10.5,,,,,
-52.7,47.56666666666667,ST JOHN'S,8403500,8403500.1940.5.16,1940-05-16 00:00:00,NL,1940,5,16,7.8,,3.3,,12.2,,0,T,0,T,0,,,,,,,,0,,10.2,,,,,
-52.7,47.56666666666667,ST JOHN'S,8403500,8403500.1940.5.17,1940-05-17 00:00:00,NL,1940,5,17,4.8,,2.8,,6.7,,0.8,,0.8,,0,,,,,,,,0,,13.2,,,,,
-52.7,47.56666666666667,ST JOHN'S,8403500,8403500.1940.5.18,1940-05-18 00:00:00,NL,1940,5,18,10.6,,2.8,,18.3,,14.5,,14.5,,0,,,,,,,,0,,7.4,,,,,
-52.7,47.56666666666667,ST JOHN'S,8403500,8403500.1940.5.19,1940-05-19 00:00:00,NL,1940,5,19,11.4,,6.7,,16.1,,0,T,0,T,0,,,,,,,,0,,6.6,,,,,
-52.7,47.56666666666667,ST JOHN'S,8403500,8403500.1940.5.20,1940-05-20 00:00:00,NL,1940,5,20,3.1,,2.2,,3.9,,2.5,,2.5,,0,,,,,,,,0,,14.9,,,,,
-52.7,47.56666666666667,ST JOHN'S,8403500,8403500.1940.5.21,1940-05-21 00:00:00,NL,1940,5,21,4.2,,1.1,,7.2,,0,T,0,T,0,,,,,,,,0,,13.8,,,,,
-52.7,47.56666666666667,ST JOHN'S,8403500,8403500.1940.5.22,1940-05-22 00:00:00,NL,1940,5,22,5.3,,0.6,,10,,0,,0,,0,,,,,,,,0,,12.7,,,,,
-52.7,47.56666666666667,ST JOHN'S,8403500,8403500.1940.5.23,1940-05-23 00:00:00,NL,1940,5,23,4.8,,1.7,,7.8,,0,,0,,0,,,,,,,,0,,13.2,,,,,
-52.7,47.56666666666667,ST JOHN'S,8403500,8403500.1940.5.24,1940-05-24 00:00:00,NL,1940,5,24,5,,2.2,,7.8,,0,T,0,T,0,,,,,,,,0,,13,,,,,
-52.7,47.56666666666667,ST JOHN'S,8403500,8403500.1940.5.25,1940-05-25 00:00:00,NL,1940,5,25,8.9,,2.2,,15.6,,0,,0,,0,,,,,,,,0,,9.1,,,,,
-52.7,47.56666666666667,ST JOHN'S,8403500,8403500.1940.5.26,1940-05-26 00:00:00,NL,1940,5,26,12.5,,6.7,,18.3,,0,T,0,T,0,,,,,,,,0,,5.5,,,,,
-52.7,47.56666666666667,ST JOHN'S,8403500,8403500.1940.5.27,1940-05-27 00:00:00,NL,1940,5,27,12.8,,6.1,,19.4,,0.5,,0.5,,0,,,,,,,,0,,5.2,,,,,
-52.7,47.56666666666667,ST JOHN'S,8403500,8403500.1940.5.28,1940-05-28 00:00:00,NL,1940,5,28,5.9,,0.6,,11.1,,0,,0,,0,,,,,,,,0,,12.1,,,,,
-52.7,47.56666666666667,ST JOHN'S,8403500,8403500.1940.5.29,1940-05-29 00:00:00,NL,1940,5,29,5,,3.3,,6.7,,0.5,,0.5,,0,,,,,,,,0,,13,,,,,
-52.7,47.56666666666667,ST JOHN'S,8403500,8403500.1940.5.30,1940-05-30 00:00:00,NL,1940,5,30,5.8,,2.2,,9.4,,0.3,,0.3,,0,,,,,,,,0,,12.2,,,,,
-52.7,47.56666666666667,ST JOHN'S,8403500,8403500.1940.5.31,1940-05-31 00:00:00,NL,1940,5,31,7.8,,-2.2,,17.8,,0,,0,,0,,,,,,,,0,,10.2,,,,,
-52.7,47.56666666666667,ST JOHN'S,8403500,8403500.1940.6.1,1940-06-01 00:00:00,NL,1940,6,1,15,,7.2,,22.8,,4.6,,4.6,,0,,,,,,,,0,,3,,,,,
-52.7,47.56666666666667,ST JOHN'S,8403500,8403500.1940.6.2,1940-06-02 00:00:00,NL,1940,6,2,9.2,,3.3,,15,,9.7,,9.7,,0,,,,,,,,0,,8.8,,,,,
-52.7,47.56666666666667,ST JOHN'S,8403500,8403500.1940.6.3,1940-06-03 00:00:00,NL,1940,6,3,4.8,,0.6,,8.9,,0,T,0,T,0,,,,,,,,0,,13.2,,,,,
-52.7,47.56666666666667,ST JOHN'S,8403500,8403500.1940.6.4,1940-06-04 00:00:00,NL,1940,6,4,9.5,,3.9,,15,,0.5,,0.5,,0,,,,,,,,0,,8.5,,,,,
-52.7,47.56666666666667,ST JOHN'S,8403500,8403500.1940.6.5,1940-06-05 00:00:00,NL,1940,6,5,8.4,,2.8,,13.9,,0,,0,,0,,,,,,,,0,,9.6,,,,,
-52.7,47.56666666666667,ST JOHN'S,8403500,8403500.1940.6.6,1940-06-06 00:00:00,NL,1940,6,6,9.2,,5,,13.3,,0,,0,,0,,,,,,,,0,,8.8,,,,,
-52.7,47.56666666666667,ST JOHN'S,8403500,8403500.1940.6.7,1940-06-07 00:00:00,NL,1940,6,7,7,,3.9,,10,,0.5,,0.5,,0,,,,,,,,0,,11,,,,,
-52.7,47.56666666666667,ST JOHN'S,8403500,8403500.1940.6.8,1940-06-08 00:00:00,NL,1940,6,8,5.8,,3.3,,8.3,,0,T,0,T,0,,,,,,,,0,,12.2,,,,,
-52.7,47.56666666666667,ST JOHN'S,8403500,8403500.1940.6.9,1940-06-09 00:00:00,NL,1940,6,9,7,,2.8,,11.1,,1,,1,,0,,,,,,,,0,,11,,,,,
-52.7,47.56666666666667,ST JOHN'S,8403500,8403500.1940.6.10,1940-06-10 00:00:00,NL,1940,6,10,8.1,,3.3,,12.8,,0,,0,,0,,,,,,,,0,,9.9,,,,,
-52.7,47.56666666666667,ST JOHN'S,8403500,8403500.1940.6.11,1940-06-11 00:00:00,NL,1940,6,11,8.1,,2.2,,13.9,,0,,0,,0,,,,,,,,0,,9.9,,,,,
-52.7,47.56666666666667,ST JOHN'S,8403500,8403500.1940.6.12,1940-06-12 00:00:00,NL,1940,6,12,11.1,,3.9,,18.3,,1,,1,,0,,,,,,,,0,,6.9,,,,,
-52.7,47.56666666666667,ST JOHN'S,8403500,8403500.1940.6.13,1940-06-13 00:00:00,NL,1940,6,13,7,,2.8,,11.1,,11.7,,11.7,,0,,,,,,,,0,,11,,,,,
-52.7,47.56666666666667,ST JOHN'S,8403500,8403500.1940.6.14,1940-06-14 00:00:00,NL,1940,6,14,9.7,,4.4,,15,,2.3,,2.3,,0,,,,,,,,0,,8.3,,,,,
-52.7,47.56666666666667,ST JOHN'S,8403500,8403500.1940.6.15,1940-06-15 00:00:00,NL,1940,6,15,10.9,,3.9,,17.8,,0,T,0,T,0,,,,,,,,0,,7.1,,,,,
-52.7,47.56666666666667,ST JOHN'S,8403500,8403500.1940.6.16,1940-06-16 00:00:00,NL,1940,6,16,11.1,,4.4,,17.8,,5.3,,5.3,,0,,,,,,,,0,,6.9,,,,,
-52.7,47.56666666666667,ST JOHN'S,8403500,8403500.1940.6.17,1940-06-17 00:00:00,NL,1940,6,17,10.3,,2.8,,17.8,,0,,0,,0,,,,,,,,0,,7.7,,,,,
-52.7,47.56666666666667,ST JOHN'S,8403500,8403500.1940.6.18,1940-06-18 00:00:00,NL,1940,6,18,13.1,,7.8,,18.3,,1.3,,1.3,,0,,,,,,,,0,,4.9,,,,,
-52.7,47.56666666666667,ST JOHN'S,8403500,8403500.1940.6.19,1940-06-19 00:00:00,NL,1940,6,19,12.5,,8.3,,16.7,,2,,2,,0,,,,,,,,0,,5.5,,,,,
-52.7,47.56666666666667,ST JOHN'S,8403500,8403500.1940.6.20,1940-06-20 00:00:00,NL,1940,6,20,13.9,,7.2,,20.6,,0.5,,0.5,,0,,,,,,,,0,,4.1,,,,,
-52.7,47.56666666666667,ST JOHN'S,8403500,8403500.1940.6.21,1940-06-21 00:00:00,NL,1940,6,21,13.4,,10,,16.7,,0,,0,,0,,,,,,,,0,,4.6,,,,,
-52.7,47.56666666666667,ST JOHN'S,8403500,8403500.1940.6.22,1940-06-22 00:00:00,NL,1940,6,22,9.7,,7.2,,12.2,,0.5,,0.5,,0,,,,,,,,0,,8.3,,,,,
-52.7,47.56666666666667,ST JOHN'S,8403500,8403500.1940.6.23,1940-06-23 00:00:00,NL,1940,6,23,9.7,,8.3,,11.1,,11.7,,11.7,,0,,,,,,,,0,,8.3,,,,,
-52.7,47.56666666666667,ST JOHN'S,8403500,8403500.1940.6.24,1940-06-24 00:00:00,NL,1940,6,24,13.6,,7.2,,20,,1.8,,1.8,,0,,,,,,,,0,,4.4,,,,,
-52.7,47.56666666666667,ST JOHN'S,8403500,8403500.1940.6.25,1940-06-25 00:00:00,NL,1940,6,25,8.1,,6.1,,10,,1,,1,,0,,,,,,,,0,,9.9,,,,,
-52.7,47.56666666666667,ST JOHN'S,8403500,8403500.1940.6.26,1940-06-26 00:00:00,NL,1940,6,26,9.7,,6.1,,13.3,,0,,0,,0,,,,,,,,0,,8.3,,,,,
-52.7,47.56666666666667,ST JOHN'S,8403500,8403500.1940.6.27,1940-06-27 00:00:00,NL,1940,6,27,8.9,,2.8,,15,,12.2,,12.2,,0,,,,,,,,0,,9.1,,,,,
-52.7,47.56666666666667,ST JOHN'S,8403500,8403500.1940.6.28,1940-06-28 00:00:00,NL,1940,6,28,13.7,,5.6,,21.7,,0,,0,,0,,,,,,,,0,,4.3,,,,,
-52.7,47.56666666666667,ST JOHN'S,8403500,8403500.1940.6.29,1940-06-29 00:00:00,NL,1940,6,29,16.7,,9.4,,23.9,,8.9,,8.9,,0,,,,,,,,0,,1.3,,,,,
-52.7,47.56666666666667,ST JOHN'S,8403500,8403500.1940.6.30,1940-06-30 00:00:00,NL,1940,6,30,16.4,,11.1,,21.7,,0,T,0,T,0,,,,,,,,0,,1.6,,,,,
-52.7,47.56666666666667,ST JOHN'S,8403500,8403500.1940.7.1,1940-07-01 00:00:00,NL,1940,7,1,18.6,,13.3,,23.9,,0,,0,,0,,,,,,,,0.6,,0,,,,,
-52.7,47.56666666666667,ST JOHN'S,8403500,8403500.1940.7.2,1940-07-02 00:00:00,NL,1940,7,2,16.1,,11.1,,21.1,,0,T,0,T,0,,,,,,,,0,,1.9,,,,,
-52.7,47.56666666666667,ST JOHN'S,8403500,8403500.1940.7.3,1940-07-03 00:00:00,NL,1940,7,3,17,,10,,23.9,,0,,0,,0,,,,,,,,0,,1,,,,,
-52.7,47.56666666666667,ST JOHN'S,8403500,8403500.1940.7.4,1940-07-04 00:00:00,NL,1940,7,4,17.2,,11.1,,23.3,,11.9,,11.9,,0,,,,,,,,0,,0.8,,,,,
-52.7,47.56666666666667,ST JOHN'S,8403500,8403500.1940.7.5,1940-07-05 00:00:00,NL,1940,7,5,17.2,,13.3,,21.1,,13.2,,13.2,,0,,,,,,,,0,,0.8,,,,,
-52.7,47.56666666666667,ST JOHN'S,8403500,8403500.1940.7.6,1940-07-06 00:00:00,NL,1940,7,6,10.9,,6.7,,15,,0,,0,,0,,,,,,,,0,,7.1,,,,,
-52.7,47.56666666666667,ST JOHN'S,8403500,8403500.1940.7.7,1940-07-07 00:00:00,NL,1940,7,7,15,,8.3,,21.7,,0,,0,,0,,,,,,,,0,,3,,,,,
-52.7,47.56666666666667,ST JOHN'S,8403500,8403500.1940.7.8,1940-07-08 00:00:00,NL,1940,7,8,16.2,,10.6,,21.7,,0,,0,,0,,,,,,,,0,,1.8,,,,,
-52.7,47.56666666666667,ST JOHN'S,8403500,8403500.1940.7.9,1940-07-09 00:00:00,NL,1940,7,9,19.2,,12.8,,25.6,,0,,0,,0,,,,,,,,1.2,,0,,,,,
-52.7,47.56666666666667,ST JOHN'S,8403500,8403500.1940.7.10,1940-07-10 00:00:00,NL,1940,7,10,19.2,,12.2,,26.1,,0.5,,0.5,,0,,,,,,,,1.2,,0,,,,,
-52.7,47.56666666666667,ST JOHN'S,8403500,8403500.1940.7.11,1940-07-11 00:00:00,NL,1940,7,11,19.7,,14.4,,25,,0.3,,0.3,,0,,,,,,,,1.7,,0,,,,,
-52.7,47.56666666666667,ST JOHN'S,8403500,8403500.1940.7.12,1940-07-12 00:00:00,NL,1940,7,12,15.8,,13.3,,18.3,,1.3,,1.3,,0,,,,,,,,0,,2.2,,,,,
-52.7,47.56666666666667,ST JOHN'S,8403500,8403500.1940.7.13,1940-07-13 00:00:00,NL,1940,7,13,17.8,,12.2,,23.3,,0.5,,0.5,,0,,,,,,,,0,,0.2,,,,,
-52.7,47.56666666666667,ST JOHN'S,8403500,8403500.1940.7.14,1940-07-14 00:00:00,NL,1940,7,14,16.7,,11.7,,21.7,,0,T,0,T,0,,,,,,,,0,,1.3,,,,,
-52.7,47.56666666666667,ST JOHN'S,8403500,8403500.1940.7.15,1940-07-15 00:00:00,NL,1940,7,15,19.2,,11.7,,26.7,,0,,0,,0,,,,,,,,1.2,,0,,,,,
-52.7,47.56666666666667,ST JOHN'S,8403500,8403500.1940.7.16,1940-07-16 00:00:00,NL,1940,7,16,16.1,,9.4,,22.8,,17.5,,17.5,,0,,,,,,,,0,,1.9,,,,,
-52.7,47.56666666666667,ST JOHN'S,8403500,8403500.1940.7.17,1940-07-17 00:00:00,NL,1940,7,17,19.5,,12.2,,26.7,,0.3,,0.3,,0,,,,,,,,1.5,,0,,,,,
-52.7,47.56666666666667,ST JOHN'S,8403500,8403500.1940.7.18,1940-07-18 00:00:00,NL,1940,7,18,18.6,,13.3,,23.9,,0,,0,,0,,,,,,,,0.6,,0,,,,,
-52.7,47.56666666666667,ST JOHN'S,8403500,8403500.1940.7.19,1940-07-19 00:00:00,NL,1940,7,19,17.2,,11.1,,23.3,,0.3,,0.3,,0,,,,,,,,0,,0.8,,,,,
-52.7,47.56666666666667,ST JOHN'S,8403500,8403500.1940.7.20,1940-07-20 00:00:00,NL,1940,7,20,12,,7.8,,16.1,,0,,0,,0,,,,,,,,0,,6,,,,,
-52.7,47.56666666666667,ST JOHN'S,8403500,8403500.1940.7.21,1940-07-21 00:00:00,NL,1940,7,21,13.3,,8.3,,18.3,,0,,0,,0,,,,,,,,0,,4.7,,,,,
-52.7,47.56666666666667,ST JOHN'S,8403500,8403500.1940.7.22,1940-07-22 00:00:00,NL,1940,7,22,12.8,,8.3,,17.2,,0,,0,,0,,,,,,,,0,,5.2,,,,,
-52.7,47.56666666666667,ST JOHN'S,8403500,8403500.1940.7.23,1940-07-23 00:00:00,NL,1940,7,23,12.8,,7.8,,17.8,,0,,0,,0,,,,,,,,0,,5.2,,,,,
-52.7,47.56666666666667,ST JOHN'S,8403500,8403500.1940.7.24,1940-07-24 00:00:00,NL,1940,7,24,17,,11.7,,22.2,,0,,0,,0,,,,,,,,0,,1,,,,,
-52.7,47.56666666666667,ST JOHN'S,8403500,8403500.1940.7.25,1940-07-25 00:00:00,NL,1940,7,25,17.3,,12.8,,21.7,,0,T,0,T,0,,,,,,,,0,,0.7,,,,,
-52.7,47.56666666666667,ST JOHN'S,8403500,8403500.1940.7.26,1940-07-26 00:00:00,NL,1940,7,26,20,,14.4,,25.6,,0,,0,,0,,,,,,,,2,,0,,,,,
-52.7,47.56666666666667,ST JOHN'S,8403500,8403500.1940.7.27,1940-07-27 00:00:00,NL,1940,7,27,21.1,,17.8,,24.4,,17.5,,17.5,,0,,,,,,,,3.1,,0,,,,,
-52.7,47.56666666666667,ST JOHN'S,8403500,8403500.1940.7.28,1940-07-28 00:00:00,NL,1940,7,28,19.7,,13.3,,26.1,,0,,0,,0,,,,,,,,1.7,,0,,,,,
-52.7,47.56666666666667,ST JOHN'S,8403500,8403500.1940.7.29,1940-07-29 00:00:00,NL,1940,7,29,17.5,,11.1,,23.9,,0,,0,,0,,,,,,,,0,,0.5,,,,,
-52.7,47.56666666666667,ST JOHN'S,8403500,8403500.1940.7.30,1940-07-30 00:00:00,NL,1940,7,30,15.9,,8.9,,22.8,,0,,0,,0,,,,,,,,0,,2.1,,,,,
-52.7,47.56666666666667,ST JOHN'S,8403500,8403500.1940.7.31,1940-07-31 00:00:00,NL,1940,7,31,13.7,,10.6,,16.7,,14.2,,14.2,,0,,,,,,,,0,,4.3,,,,,
-52.7,47.56666666666667,ST JOHN'S,8403500,8403500.1940.8.1,1940-08-01 00:00:00,NL,1940,8,1,12,,10,,13.9,,0,T,0,T,0,,,,,,,,0,,6,,,,,
-52.7,47.56666666666667,ST JOHN'S,8403500,8403500.1940.8.2,1940-08-02 00:00:00,NL,1940,8,2,9.8,,8.9,,10.6,,0,,0,,0,,,,,,,,0,,8.2,,,,,
-52.7,47.56666666666667,ST JOHN'S,8403500,8403500.1940.8.3,1940-08-03 00:00:00,NL,1940,8,3,11.4,,8.3,,14.4,,44.7,,44.7,,0,,,,,,,,0,,6.6,,,,,
-52.7,47.56666666666667,ST JOHN'S,8403500,8403500.1940.8.4,1940-08-04 00:00:00,NL,1940,8,4,15,,10,,20,,2.8,,2.8,,0,,,,,,,,0,,3,,,,,
-52.7,47.56666666666667,ST JOHN'S,8403500,8403500.1940.8.5,1940-08-05 00:00:00,NL,1940,8,5,18.9,,9.4,,28.3,,0,,0,,0,,,,,,,,0.9,,0,,,,,
-52.7,47.56666666666667,ST JOHN'S,8403500,8403500.1940.8.6,1940-08-06 00:00:00,NL,1940,8,6,18.6,,12.8,,24.4,,0,,0,,0,,,,,,,,0.6,,0,,,,,
-52.7,47.56666666666667,ST JOHN'S,8403500,8403500.1940.8.7,1940-08-07 00:00:00,NL,1940,8,7,20.3,,15,,25.6,,6.9,,6.9,,0,,,,,,,,2.3,,0,,,,,
-52.7,47.56666666666667,ST JOHN'S,8403500,8403500.1940.8.8,1940-08-08 00:00:00,NL,1940,8,8,19.2,,16.1,,22.2,,20.6,,20.6,,0,,,,,,,,1.2,,0,,,,,
-52.7,47.56666666666667,ST JOHN'S,8403500,8403500.1940.8.9,1940-08-09 00:00:00,NL,1940,8,9,20.3,,16.7,,23.9,,0.3,,0.3,,0,,,,,,,,2.3,,0,,,,,
-52.7,47.56666666666667,ST JOHN'S,8403500,8403500.1940.8.10,1940-08-10 00:00:00,NL,1940,8,10,14.2,,11.1,,17.2,,0,,0,,0,,,,,,,,0,,3.8,,,,,
-52.7,47.56666666666667,ST JOHN'S,8403500,8403500.1940.8.11,1940-08-11 00:00:00,NL,1940,8,11,13.4,,6.1,,20.6,,0,,0,,0,,,,,,,,0,,4.6,,,,,
-52.7,47.56666666666667,ST JOHN'S,8403500,8403500.1940.8.12,1940-08-12 00:00:00,NL,1940,8,12,16.7,,10.6,,22.8,,0,,0,,0,,,,,,,,0,,1.3,,,,,
-52.7,47.56666666666667,ST JOHN'S,8403500,8403500.1940.8.13,1940-08-13 00:00:00,NL,1940,8,13,16.7,,12.2,,21.1,,0,,0,,0,,,,,,,,0,,1.3,,,,,
-52.7,47.56666666666667,ST JOHN'S,8403500,8403500.1940.8.14,1940-08-14 00:00:00,NL,1940,8,14,20,,15.6,,24.4,,0.5,,0.5,,0,,,,,,,,2,,0,,,,,
-52.7,47.56666666666667,ST JOHN'S,8403500,8403500.1940.8.15,1940-08-15 00:00:00,NL,1940,8,15,12.5,,10.6,,14.4,,0,,0,,0,,,,,,,,0,,5.5,,,,,
-52.7,47.56666666666667,ST JOHN'S,8403500,8403500.1940.8.16,1940-08-16 00:00:00,NL,1940,8,16,11.4,,9.4,,13.3,,8.6,,8.6,,0,,,,,,,,0,,6.6,,,,,
-52.7,47.56666666666667,ST JOHN'S,8403500,8403500.1940.8.17,1940-08-17 00:00:00,NL,1940,8,17,13.1,,10,,16.1,,4.3,,4.3,,0,,,,,,,,0,,4.9,,,,,
-52.7,47.56666666666667,ST JOHN'S,8403500,8403500.1940.8.18,1940-08-18 00:00:00,NL,1940,8,18,15.6,,12.8,,18.3,,0.8,,0.8,,0,,,,,,,,0,,2.4,,,,,
-52.7,47.56666666666667,ST JOHN'S,8403500,8403500.1940.8.19,1940-08-19 00:00:00,NL,1940,8,19,15.9,,12.8,,18.9,,0,T,0,T,0,,,,,,,,0,,2.1,,,,,
-52.7,47.56666666666667,ST JOHN'S,8403500,8403500.1940.8.20,1940-08-20 00:00:00,NL,1940,8,20,17,,12.8,,21.1,,0,,0,,0,,,,,,,,0,,1,,,,,
-52.7,47.56666666666667,ST JOHN'S,8403500,8403500.1940.8.21,1940-08-21 00:00:00,NL,1940,8,21,18.3,,13.3,,23.3,,8.9,,8.9,,0,,,,,,,,0.3,,0,,,,,
-52.7,47.56666666666667,ST JOHN'S,8403500,8403500.1940.8.22,1940-08-22 00:00:00,NL,1940,8,22,12.8,,10.6,,15,,0,T,0,T,0,,,,,,,,0,,5.2,,,,,
-52.7,47.56666666666667,ST JOHN'S,8403500,8403500.1940.8.23,1940-08-23 00:00:00,NL,1940,8,23,10.9,,8.9,,12.8,,1.8,,1.8,,0,,,,,,,,0,,7.1,,,,,
-52.7,47.56666666666667,ST JOHN'S,8403500,8403500.1940.8.24,1940-08-24 00:00:00,NL,1940,8,24,15.9,,10.6,,21.1,,0,T,0,T,0,,,,,,,,0,,2.1,,,,,
-52.7,47.56666666666667,ST JOHN'S,8403500,8403500.1940.8.25,1940-08-25 00:00:00,NL,1940,8,25,15.3,,11.1,,19.4,,0,,0,,0,,,,,,,,0,,2.7,,,,,
-52.7,47.56666666666667,ST JOHN'S,8403500,8403500.1940.8.26,1940-08-26 00:00:00,NL,1940,8,26,13.3,,8.3,,18.3,,0,T,0,T,0,,,,,,,,0,,4.7,,,,,
-52.7,47.56666666666667,ST JOHN'S,8403500,8403500.1940.8.27,1940-08-27 00:00:00,NL,1940,8,27,11.4,,8.9,,13.9,,5.3,,5.3,,0,,,,,,,,0,,6.6,,,,,
-52.7,47.56666666666667,ST JOHN'S,8403500,8403500.1940.8.28,1940-08-28 00:00:00,NL,1940,8,28,13.6,,8.9,,18.3,,5.8,,5.8,,0,,,,,,,,0,,4.4,,,,,
-52.7,47.56666666666667,ST JOHN'S,8403500,8403500.1940.8.29,1940-08-29 00:00:00,NL,1940,8,29,11.4,,6.1,,16.7,,0,,0,,0,,,,,,,,0,,6.6,,,,,
-52.7,47.56666666666667,ST JOHN'S,8403500,8403500.1940.8.30,1940-08-30 00:00:00,NL,1940,8,30,15.3,,8.9,,21.7,,0,T,0,T,0,,,,,,,,0,,2.7,,,,,
-52.7,47.56666666666667,ST JOHN'S,8403500,8403500.1940.8.31,1940-08-31 00:00:00,NL,1940,8,31,15,,12.2,,17.8,,1.3,,1.3,,0,,,,,,,,0,,3,,,,,
-52.7,47.56666666666667,ST JOHN'S,8403500,8403500.1940.9.1,1940-09-01 00:00:00,NL,1940,9,1,18.4,,12.8,,23.9,,0,T,0,T,0,,,,,,,,0.4,,0,,,,,
-52.7,47.56666666666667,ST JOHN'S,8403500,8403500.1940.9.2,1940-09-02 00:00:00,NL,1940,9,2,10.6,,6.7,,14.4,,0,,0,,0,,,,,,,,0,,7.4,,,,,
-52.7,47.56666666666667,ST JOHN'S,8403500,8403500.1940.9.3,1940-09-03 00:00:00,NL,1940,9,3,13.1,,7.2,,18.9,,0,,0,,0,,,,,,,,0,,4.9,,,,,
-52.7,47.56666666666667,ST JOHN'S,8403500,8403500.1940.9.4,1940-09-04 00:00:00,NL,1940,9,4,17.8,,13.9,,21.7,,0,,0,,0,,,,,,,,0,,0.2,,,,,
-52.7,47.56666666666667,ST JOHN'S,8403500,8403500.1940.9.5,1940-09-05 00:00:00,NL,1940,9,5,17.2,,14.4,,20,,7.6,,7.6,,0,,,,,,,,0,,0.8,,,,,
-52.7,47.56666666666667,ST JOHN'S,8403500,8403500.1940.9.6,1940-09-06 00:00:00,NL,1940,9,6,16.4,,13.9,,18.9,,15.5,,15.5,,0,,,,,,,,0,,1.6,,,,,
-52.7,47.56666666666667,ST JOHN'S,8403500,8403500.1940.9.7,1940-09-07 00:00:00,NL,1940,9,7,15.6,,13.9,,17.2,,16,,16,,0,,,,,,,,0,,2.4,,,,,
-52.7,47.56666666666667,ST JOHN'S,8403500,8403500.1940.9.8,1940-09-08 00:00:00,NL,1940,9,8,17.8,,12.8,,22.8,,3.6,,3.6,,0,,,,,,,,0,,0.2,,,,,
-52.7,47.56666666666667,ST JOHN'S,8403500,8403500.1940.9.9,1940-09-09 00:00:00,NL,1940,9,9,15.9,,12.8,,18.9,,2.3,,2.3,,0,,,,,,,,0,,2.1,,,,,
-52.7,47.56666666666667,ST JOHN'S,8403500,8403500.1940.9.10,1940-09-10 00:00:00,NL,1940,9,10,15.9,,11.7,,20,,0,,0,,0,,,,,,,,0,,2.1,,,,,
-52.7,47.56666666666667,ST JOHN'S,8403500,8403500.1940.9.11,1940-09-11 00:00:00,NL,1940,9,11,17.5,,12.2,,22.8,,0,,0,,0,,,,,,,,0,,0.5,,,,,
-52.7,47.56666666666667,ST JOHN'S,8403500,8403500.1940.9.12,1940-09-12 00:00:00,NL,1940,9,12,15.9,,12.8,,18.9,,0.5,,0.5,,0,,,,,,,,0,,2.1,,,,,
-52.7,47.56666666666667,ST JOHN'S,8403500,8403500.1940.9.13,1940-09-13 00:00:00,NL,1940,9,13,19.8,,15.6,,23.9,,10.7,,10.7,,0,,,,,,,,1.8,,0,,,,,
-52.7,47.56666666666667,ST JOHN'S,8403500,8403500.1940.9.14,1940-09-14 00:00:00,NL,1940,9,14,16.9,,14.4,,19.4,,0.3,,0.3,,0,,,,,,,,0,,1.1,,,,,
-52.7,47.56666666666667,ST JOHN'S,8403500,8403500.1940.9.15,1940-09-15 00:00:00,NL,1940,9,15,9.7,,8.3,,11.1,,0,,0,,0,,,,,,,,0,,8.3,,,,,
-52.7,47.56666666666667,ST JOHN'S,8403500,8403500.1940.9.16,1940-09-16 00:00:00,NL,1940,9,16,9.5,,3.9,,15,,8.1,,8.1,,0,,,,,,,,0,,8.5,,,,,
-52.7,47.56666666666667,ST JOHN'S,8403500,8403500.1940.9.17,1940-09-17 00:00:00,NL,1940,9,17,14.8,,5.6,,23.9,,1.8,,1.8,,0,,,,,,,,0,,3.2,,,,,
-52.7,47.56666666666667,ST JOHN'S,8403500,8403500.1940.9.18,1940-09-18 00:00:00,NL,1940,9,18,12.5,,8.3,,16.7,,3.3,,3.3,,0,,,,,,,,0,,5.5,,,,,
-52.7,47.56666666666667,ST JOHN'S,8403500,8403500.1940.9.19,1940-09-19 00:00:00,NL,1940,9,19,9.2,,6.1,,12.2,,0,,0,,0,,,,,,,,0,,8.8,,,,,
-52.7,47.56666666666667,ST JOHN'S,8403500,8403500.1940.9.20,1940-09-20 00:00:00,NL,1940,9,20,12,,3.9,,20,,0,,0,,0,,,,,,,,0,,6,,,,,
-52.7,47.56666666666667,ST JOHN'S,8403500,8403500.1940.9.21,1940-09-21 00:00:00,NL,1940,9,21,13.6,,8.3,,18.9,,0,,0,,0,,,,,,,,0,,4.4,,,,,
-52.7,47.56666666666667,ST JOHN'S,8403500,8403500.1940.9.22,1940-09-22 00:00:00,NL,1940,9,22,13.4,,10.6,,16.1,,7.1,,7.1,,0,,,,,,,,0,,4.6,,,,,
-52.7,47.56666666666667,ST JOHN'S,8403500,8403500.1940.9.23,1940-09-23 00:00:00,NL,1940,9,23,13.4,,10,,16.7,,1.3,,1.3,,0,,,,,,,,0,,4.6,,,,,
-52.7,47.56666666666667,ST JOHN'S,8403500,8403500.1940.9.24,1940-09-24 00:00:00,NL,1940,9,24,11.2,,5.6,,16.7,,0,,0,,0,,,,,,,,0,,6.8,,,,,
-52.7,47.56666666666667,ST JOHN'S,8403500,8403500.1940.9.25,1940-09-25 00:00:00,NL,1940,9,25,15.6,,9.4,,21.7,,0,,0,,0,,,,,,,,0,,2.4,,,,,
-52.7,47.56666666666667,ST JOHN'S,8403500,8403500.1940.9.26,1940-09-26 00:00:00,NL,1940,9,26,15,,13.3,,16.7,,17.5,,17.5,,0,,,,,,,,0,,3,,,,,
-52.7,47.56666666666667,ST JOHN'S,8403500,8403500.1940.9.27,1940-09-27 00:00:00,NL,1940,9,27,8.4,,5,,11.7,,0,,0,,0,,,,,,,,0,,9.6,,,,,
-52.7,47.56666666666667,ST JOHN'S,8403500,8403500.1940.9.28,1940-09-28 00:00:00,NL,1940,9,28,10,,3.3,,16.7,,0,,0,,0,,,,,,,,0,,8,,,,,
-52.7,47.56666666666667,ST JOHN'S,8403500,8403500.1940.9.29,1940-09-29 00:00:00,NL,1940,9,29,12,,8.3,,15.6,,0,,0,,0,,,,,,,,0,,6,,,,,
-52.7,47.56666666666667,ST JOHN'S,8403500,8403500.1940.9.30,1940-09-30 00:00:00,NL,1940,9,30,9.5,,3.3,,15.6,,0.5,,0.5,,0,,,,,,,,0,,8.5,,,,,
-52.7,47.56666666666667,ST JOHN'S,8403500,8403500.1940.10.1,1940-10-01 00:00:00,NL,1940,10,1,7.3,,1.7,,12.8,,0,,0,,0,,,,,,,,0,,10.7,,,,,
-52.7,47.56666666666667,ST JOHN'S,8403500,8403500.1940.10.2,1940-10-02 00:00:00,NL,1940,10,2,13.6,,9.4,,17.8,,0,,0,,0,,,,,,,,0,,4.4,,,,,
-52.7,47.56666666666667,ST JOHN'S,8403500,8403500.1940.10.3,1940-10-03 00:00:00,NL,1940,10,3,8.9,,7.2,,10.6,,3,,3,,0,,,,,,,,0,,9.1,,,,,
-52.7,47.56666666666667,ST JOHN'S,8403500,8403500.1940.10.4,1940-10-04 00:00:00,NL,1940,10,4,6.1,,4.4,,7.8,,0,T,0,T,0,,,,,,,,0,,11.9,,,,,
-52.7,47.56666666666667,ST JOHN'S,8403500,8403500.1940.10.5,1940-10-05 00:00:00,NL,1940,10,5,6.1,,0,,12.2,,0,,0,,0,,,,,,,,0,,11.9,,,,,
-52.7,47.56666666666667,ST JOHN'S,8403500,8403500.1940.10.6,1940-10-06 00:00:00,NL,1940,10,6,8.9,,2.8,,15,,0,T,0,T,0,,,,,,,,0,,9.1,,,,,
-52.7,47.56666666666667,ST JOHN'S,8403500,8403500.1940.10.7,1940-10-07 00:00:00,NL,1940,10,7,11.4,,8.3,,14.4,,0,,0,,0,,,,,,,,0,,6.6,,,,,
-52.7,47.56666666666667,ST JOHN'S,8403500,8403500.1940.10.8,1940-10-08 00:00:00,NL,1940,10,8,15,,10,,20,,0,,0,,0,,,,,,,,0,,3,,,,,
-52.7,47.56666666666667,ST JOHN'S,8403500,8403500.1940.10.9,1940-10-09 00:00:00,NL,1940,10,9,14.5,,8.9,,20,,1.5,,1.5,,0,,,,,,,,0,,3.5,,,,,
-52.7,47.56666666666667,ST JOHN'S,8403500,8403500.1940.10.10,1940-10-10 00:00:00,NL,1940,10,10,12,,7.8,,16.1,,0,,0,,0,,,,,,,,0,,6,,,,,
-52.7,47.56666666666667,ST JOHN'S,8403500,8403500.1940.10.11,1940-10-11 00:00:00,NL,1940,10,11,8.7,,5.6,,11.7,,0,,0,,0,,,,,,,,0,,9.3,,,,,
-52.7,47.56666666666667,ST JOHN'S,8403500,8403500.1940.10.12,1940-10-12 00:00:00,NL,1940,10,12,11.7,,5.6,,17.8,,0,,0,,0,,,,,,,,0,,6.3,,,,,
-52.7,47.56666666666667,ST JOHN'S,8403500,8403500.1940.10.13,1940-10-13 00:00:00,NL,1940,10,13,11.7,,5.6,,17.8,,1,,1,,0,,,,,,,,0,,6.3,,,,,
-52.7,47.56666666666667,ST JOHN'S,8403500,8403500.1940.10.14,1940-10-14 00:00:00,NL,1940,10,14,12.5,,9.4,,15.6,,2.5,,2.5,,0,,,,,,,,0,,5.5,,,,,
-52.7,47.56666666666667,ST JOHN'S,8403500,8403500.1940.10.15,1940-10-15 00:00:00,NL,1940,10,15,9.5,,5,,13.9,,0,,0,,0,,,,,,,,0,,8.5,,,,,
-52.7,47.56666666666667,ST JOHN'S,8403500,8403500.1940.10.16,1940-10-16 00:00:00,NL,1940,10,16,7.8,,1.7,,13.9,,5.1,,5.1,,0,,,,,,,,0,,10.2,,,,,
-52.7,47.56666666666667,ST JOHN'S,8403500,8403500.1940.10.17,1940-10-17 00:00:00,NL,1940,10,17,4.5,,0,,8.9,,8.1,,8.1,,0,,,,,,,,0,,13.5,,,,,
-52.7,47.56666666666667,ST JOHN'S,8403500,8403500.1940.10.18,1940-10-18 00:00:00,NL,1940,10,18,7.5,,0.6,,14.4,,19.8,,19.8,,0,,,,,,,,0,,10.5,,,,,
-52.7,47.56666666666667,ST JOHN'S,8403500,8403500.1940.10.19,1940-10-19 00:00:00,NL,1940,10,19,9.8,,6.7,,12.8,,4.1,,4.1,,0,,,,,,,,0,,8.2,,,,,
-52.7,47.56666666666667,ST JOHN'S,8403500,8403500.1940.10.20,1940-10-20 00:00:00,NL,1940,10,20,8.1,,1.7,,14.4,,22.6,,17.5,,5.1,,,,,,,,0,,9.9,,,,,
-52.7,47.56666666666667,ST JOHN'S,8403500,8403500.1940.10.21,1940-10-21 00:00:00,NL,1940,10,21,8.3,,2.2,,14.4,,0,T,0,T,0,,,,,,,,0,,9.7,,,,,
-52.7,47.56666666666667,ST JOHN'S,8403500,8403500.1940.10.22,1940-10-22 00:00:00,NL,1940,10,22,2,,-2.8,,6.7,,13.5,,13,,0.5,,,,,,,,0,,16,,,,,
-52.7,47.56666666666667,ST JOHN'S,8403500,8403500.1940.10.23,1940-10-23 00:00:00,NL,1940,10,23,2.2,,0,,4.4,,3.8,,3.8,,0,,,,,,,,0,,15.8,,,,,
-52.7,47.56666666666667,ST JOHN'S,8403500,8403500.1940.10.24,1940-10-24 00:00:00,NL,1940,10,24,4.7,,-0.6,,10,,5.8,,5.8,,0,,,,,,,,0,,13.3,,,,,
-52.7,47.56666666666667,ST JOHN'S,8403500,8403500.1940.10.25,1940-10-25 00:00:00,NL,1940,10,25,7,,3.9,,10,,0,T,0,T,0,,,,,,,,0,,11,,,,,
-52.7,47.56666666666667,ST JOHN'S,8403500,8403500.1940.10.26,1940-10-26 00:00:00,NL,1940,10,26,3.6,,0,,7.2,,0.8,,0.8,,0,,,,,,,,0,,14.4,,,,,
-52.7,47.56666666666667,ST JOHN'S,8403500,8403500.1940.10.27,1940-10-27 00:00:00,NL,1940,10,27,2,,0,,3.9,,31.8,,17.8,,14,,,,,,,,0,,16,,,,,
-52.7,47.56666666666667,ST JOHN'S,8403500,8403500.1940.10.28,1940-10-28 00:00:00,NL,1940,10,28,2,,0,,3.9,,10.9,,10.9,,0,,,,,,,,0,,16,,,,,
-52.7,47.56666666666667,ST JOHN'S,8403500,8403500.1940.10.29,1940-10-29 00:00:00,NL,1940,10,29,3.1,,1.7,,4.4,,2,,2,,0,,,,,,,,0,,14.9,,,,,
-52.7,47.56666666666667,ST JOHN'S,8403500,8403500.1940.10.30,1940-10-30 00:00:00,NL,1940,10,30,2.8,,1.1,,4.4,,0,,0,,0,,,,,,,,0,,15.2,,,,,
-52.7,47.56666666666667,ST JOHN'S,8403500,8403500.1940.10.31,1940-10-31 00:00:00,NL,1940,10,31,0.6,,-0.6,,1.7,,0.8,,0.5,,0.3,,,,,,,,0,,17.4,,,,,
-52.7,47.56666666666667,ST JOHN'S,8403500,8403500.1940.11.1,1940-11-01 00:00:00,NL,1940,11,1,1.1,,-1.1,,3.3,,1.8,,0,,1.8,,,,,,,,0,,16.9,,,,,
-52.7,47.56666666666667,ST JOHN'S,8403500,8403500.1940.11.2,1940-11-02 00:00:00,NL,1940,11,2,3.1,,-0.6,,6.7,,0,,0,,0,,,,,,,,0,,14.9,,,,,
-52.7,47.56666666666667,ST JOHN'S,8403500,8403500.1940.11.3,1940-11-03 00:00:00,NL,1940,11,3,2.8,,-1.1,,6.7,,4.1,,4.1,,0,,,,,,,,0,,15.2,,,,,
-52.7,47.56666666666667,ST JOHN'S,8403500,8403500.1940.11.4,1940-11-04 00:00:00,NL,1940,11,4,7.3,,3.9,,10.6,,2.8,,2.8,,0,,,,,,,,0,,10.7,,,,,
-52.7,47.56666666666667,ST JOHN'S,8403500,8403500.1940.11.5,1940-11-05 00:00:00,NL,1940,11,5,4.5,,2.8,,6.1,,2,,2,,0,,,,,,,,0,,13.5,,,,,
-52.7,47.56666666666667,ST JOHN'S,8403500,8403500.1940.11.6,1940-11-06 00:00:00,NL,1940,11,6,4.5,,2.8,,6.1,,0.5,,0.5,,0,,,,,,,,0,,13.5,,,,,
-52.7,47.56666666666667,ST JOHN'S,8403500,8403500.1940.11.7,1940-11-07 00:00:00,NL,1940,11,7,5.3,,2.2,,8.3,,19.8,,19.8,,0,,,,,,,,0,,12.7,,,,,
-52.7,47.56666666666667,ST JOHN'S,8403500,8403500.1940.11.8,1940-11-08 00:00:00,NL,1940,11,8,8.4,,5.6,,11.1,,0.8,,0.8,,0,,,,,,,,0,,9.6,,,,,
-52.7,47.56666666666667,ST JOHN'S,8403500,8403500.1940.11.9,1940-11-09 00:00:00,NL,1940,11,9,6.4,,3.9,,8.9,,0.5,,0.5,,0,,,,,,,,0,,11.6,,,,,
-52.7,47.56666666666667,ST JOHN'S,8403500,8403500.1940.11.10,1940-11-10 00:00:00,NL,1940,11,10,2,,0,,3.9,,1,,0,,1,,,,,,,,0,,16,,,,,
-52.7,47.56666666666667,ST JOHN'S,8403500,8403500.1940.11.11,1940-11-11 00:00:00,NL,1940,11,11,0.6,,-2.8,,3.9,,0,,0,,0,,,,,,,,0,,17.4,,,,,
-52.7,47.56666666666667,ST JOHN'S,8403500,8403500.1940.11.12,1940-11-12 00:00:00,NL,1940,11,12,1.7,,-3.3,,6.7,,0,,0,,0,,,,,,,,0,,16.3,,,,,
-52.7,47.56666666666667,ST JOHN'S,8403500,8403500.1940.11.13,1940-11-13 00:00:00,NL,1940,11,13,6.4,,1.1,,11.7,,0,,0,,0,,,,,,,,0,,11.6,,,,,
-52.7,47.56666666666667,ST JOHN'S,8403500,8403500.1940.11.14,1940-11-14 00:00:00,NL,1940,11,14,9.2,,7.2,,11.1,,1.5,,1.5,,0,,,,,,,,0,,8.8,,,,,
-52.7,47.56666666666667,ST JOHN'S,8403500,8403500.1940.11.15,1940-11-15 00:00:00,NL,1940,11,15,4.5,,2.8,,6.1,,0.8,,0.8,,0,,,,,,,,0,,13.5,,,,,
-52.7,47.56666666666667,ST JOHN'S,8403500,8403500.1940.11.16,1940-11-16 00:00:00,NL,1940,11,16,8.3,,2.2,,14.4,,1,,1,,0,,,,,,,,0,,9.7,,,,,
-52.7,47.56666666666667,ST JOHN'S,8403500,8403500.1940.11.17,1940-11-17 00:00:00,NL,1940,11,17,9.2,,4.4,,13.9,,0,T,0,T,0,,,,,,,,0,,8.8,,,,,
-52.7,47.56666666666667,ST JOHN'S,8403500,8403500.1940.11.18,1940-11-18 00:00:00,NL,1940,11,18,3.4,,1.1,,5.6,,5.6,,5.6,,0,T,,,,,,,0,,14.6,,,,,
-52.7,47.56666666666667,ST JOHN'S,8403500,8403500.1940.11.19,1940-11-19 00:00:00,NL,1940,11,19,-1.4,,-3.9,,1.1,,0,T,0,,0,T,,,,,,,0,,19.4,,,,,
-52.7,47.56666666666667,ST JOHN'S,8403500,8403500.1940.11.20,1940-11-20 00:00:00,NL,1940,11,20,0.3,,-6.1,,6.7,,6.6,,6.6,,0,,,,,,,,0,,17.7,,,,,
-52.7,47.56666666666667,ST JOHN'S,8403500,8403500.1940.11.21,1940-11-21 00:00:00,NL,1940,11,21,1.7,,0,,3.3,,0,T,0,,0,T,,,,,,,0,,16.3,,,,,
-52.7,47.56666666666667,ST JOHN'S,8403500,8403500.1940.11.22,1940-11-22 00:00:00,NL,1940,11,22,2.8,,-1.1,,6.7,,8.9,,2.5,,6.4,,,,,,,,0,,15.2,,,,,
-52.7,47.56666666666667,ST JOHN'S,8403500,8403500.1940.11.23,1940-11-23 00:00:00,NL,1940,11,23,-2.2,,-3.3,,-1.1,,1.3,,0,,1.3,,,,,,,,0,,20.2,,,,,
-52.7,47.56666666666667,ST JOHN'S,8403500,8403500.1940.11.24,1940-11-24 00:00:00,NL,1940,11,24,-5.8,,-8.3,,-3.3,,0,T,0,,0,T,,,,,,,0,,23.8,,,,,
-52.7,47.56666666666667,ST JOHN'S,8403500,8403500.1940.11.25,1940-11-25 00:00:00,NL,1940,11,25,-2.8,,-10,,4.4,,15,,11.9,,3,,,,,,,,0,,20.8,,,,,
-52.7,47.56666666666667,ST JOHN'S,8403500,8403500.1940.11.26,1940-11-26 00:00:00,NL,1940,11,26,-1.4,,-2.8,,0,,12.7,,0,,12.7,,,,,,,,0,,19.4,,,,,
-52.7,47.56666666666667,ST JOHN'S,8403500,8403500.1940.11.27,1940-11-27 00:00:00,NL,1940,11,27,-1.7,,-3.9,,0.6,,1.5,,0.3,,1.3,,,,,,,,0,,19.7,,,,,
-52.7,47.56666666666667,ST JOHN'S,8403500,8403500.1940.11.28,1940-11-28 00:00:00,NL,1940,11,28,1.1,,-2.2,,4.4,,4.6,,3.3,,1.3,,,,,,,,0,,16.9,,,,,
-52.7,47.56666666666667,ST JOHN'S,8403500,8403500.1940.11.29,1940-11-29 00:00:00,NL,1940,11,29,-1.1,,-2.2,,0,,0.8,,0,,0.8,,,,,,,,0,,19.1,,,,,
-52.7,47.56666666666667,ST JOHN'S,8403500,8403500.1940.11.30,1940-11-30 00:00:00,NL,1940,11,30,-0.3,,-2.2,,1.7,,20.3,,0,,20.3,,,,,,,,0,,18.3,,,,,
-52.7,47.56666666666667,ST JOHN'S,8403500,8403500.1940.12.1,1940-12-01 00:00:00,NL,1940,12,1,2.5,,-0.6,,5.6,,19.3,,19.3,,0,T,,,,,,,0,,15.5,,,,,
-52.7,47.56666666666667,ST JOHN'S,8403500,8403500.1940.12.2,1940-12-02 00:00:00,NL,1940,12,2,0,,-2.8,,2.8,,0,,0,,0,,,,,,,,0,,18,,,,,
-52.7,47.56666666666667,ST JOHN'S,8403500,8403500.1940.12.3,1940-12-03 00:00:00,NL,1940,12,3,-3.1,,-8.3,,2.2,,2.5,,0,,2.5,,,,,,,,0,,21.1,,,,,
-52.7,47.56666666666667,ST JOHN'S,8403500,8403500.1940.12.4,1940-12-04 00:00:00,NL,1940,12,4,-7.3,,-11.7,,-2.8,,0.3,,0,,0.3,,,,,,,,0,,25.3,,,,,
-52.7,47.56666666666667,ST JOHN'S,8403500,8403500.1940.12.5,1940-12-05 00:00:00,NL,1940,12,5,-6.7,,-13.9,,0.6,,0,T,0,T,0,,,,,,,,0,,24.7,,,,,
-52.7,47.56666666666667,ST JOHN'S,8403500,8403500.1940.12.6,1940-12-06 00:00:00,NL,1940,12,6,-0.6,,-6.1,,5,,12.4,,12.4,,0,,,,,,,,0,,18.6,,,,,
-52.7,47.56666666666667,ST JOHN'S,8403500,8403500.1940.12.7,1940-12-07 00:00:00,NL,1940,12,7,-3.4,,-6.7,,0,,0,,0,,0,,,,,,,,0,,21.4,,,,,
-52.7,47.56666666666667,ST JOHN'S,8403500,8403500.1940.12.8,1940-12-08 00:00:00,NL,1940,12,8,0.6,,-5.6,,6.7,,0,,0,,0,,,,,,,,0,,17.4,,,,,
-52.7,47.56666666666667,ST JOHN'S,8403500,8403500.1940.12.9,1940-12-09 00:00:00,NL,1940,12,9,7,,5,,8.9,,4.3,,4.3,,0,,,,,,,,0,,11,,,,,
-52.7,47.56666666666667,ST JOHN'S,8403500,8403500.1940.12.10,1940-12-10 00:00:00,NL,1940,12,10,3.6,,0,,7.2,,4.1,,3.3,,0.8,,,,,,,,0,,14.4,,,,,
-52.7,47.56666666666667,ST JOHN'S,8403500,8403500.1940.12.11,1940-12-11 00:00:00,NL,1940,12,11,-0.3,,-2.8,,2.2,,0.8,,0,,0.8,,,,,,,,0,,18.3,,,,,
-52.7,47.56666666666667,ST JOHN'S,8403500,8403500.1940.12.12,1940-12-12 00:00:00,NL,1940,12,12,-4.7,,-6.1,,-3.3,,0,T,0,,0,T,,,,,,,0,,22.7,,,,,
-52.7,47.56666666666667,ST JOHN'S,8403500,8403500.1940.12.13,1940-12-13 00:00:00,NL,1940,12,13,-0.6,,-5.6,,4.4,,17.5,,8.1,,9.4,,,,,,,,0,,18.6,,,,,
-52.7,47.56666666666667,ST JOHN'S,8403500,8403500.1940.12.14,1940-12-14 00:00:00,NL,1940,12,14,-10.6,,-13.3,,-7.8,,0.3,,0,,0.3,,,,,,,,0,,28.6,,,,,
-52.7,47.56666666666667,ST JOHN'S,8403500,8403500.1940.12.15,1940-12-15 00:00:00,NL,1940,12,15,-9.2,,-15.6,,-2.8,,2,,0,,2,,,,,,,,0,,27.2,,,,,
-52.7,47.56666666666667,ST JOHN'S,8403500,8403500.1940.12.16,1940-12-16 00:00:00,NL,1940,12,16,-8.1,,-14.4,,-1.7,,0.5,,0,,0.5,,,,,,,,0,,26.1,,,,,
-52.7,47.56666666666667,ST JOHN'S,8403500,8403500.1940.12.17,1940-12-17 00:00:00,NL,1940,12,17,-3.1,,-11.7,,5.6,,11.2,,4.8,,6.4,,,,,,,,0,,21.1,,,,,
-52.7,47.56666666666667,ST JOHN'S,8403500,8403500.1940.12.18,1940-12-18 00:00:00,NL,1940,12,18,-10.9,,-11.7,,-10,,0,T,0,,0,T,,,,,,,0,,28.9,,,,,
-52.7,47.56666666666667,ST JOHN'S,8403500,8403500.1940.12.19,1940-12-19 00:00:00,NL,1940,12,19,-12.2,,-15,,-9.4,,0,T,0,,0,T,,,,,,,0,,30.2,,,,,
-52.7,47.56666666666667,ST JOHN'S,8403500,8403500.1940.12.20,1940-12-20 00:00:00,NL,1940,12,20,-5.3,,-12.8,,2.2,,0.5,,0,,0.5,,,,,,,,0,,23.3,,,,,
-52.7,47.56666666666667,ST JOHN'S,8403500,8403500.1940.12.21,1940-12-21 00:00:00,NL,1940,12,21,1.4,,-1.1,,3.9,,0.8,,0.8,,0,,,,,,,,0,,16.6,,,,,
-52.7,47.56666666666667,ST JOHN'S,8403500,8403500.1940.12.22,1940-12-22 00:00:00,NL,1940,12,22,-3.9,,-4.4,,-3.3,,1,,0,,1,,,,,,,,0,,21.9,,,,,
-52.7,47.56666666666667,ST JOHN'S,8403500,8403500.1940.12.23,1940-12-23 00:00:00,NL,1940,12,23,-5.9,,-6.7,,-5,,0,T,0,,0,T,,,,,,,0,,23.9,,,,,
-52.7,47.56666666666667,ST JOHN'S,8403500,8403500.1940.12.24,1940-12-24 00:00:00,NL,1940,12,24,-8.1,,-8.9,,-7.2,,1.3,,0,,1.3,,,,,,,,0,,26.1,,,,,
-52.7,47.56666666666667,ST JOHN'S,8403500,8403500.1940.12.25,1940-12-25 00:00:00,NL,1940,12,25,-3.6,,-8.9,,1.7,,11.2,,6.1,,5.1,,,,,,,,0,,21.6,,,,,
-52.7,47.56666666666667,ST JOHN'S,8403500,8403500.1940.12.26,1940-12-26 00:00:00,NL,1940,12,26,0.3,,-1.1,,1.7,,0.5,,0,T,0.5,,,,,,,,0,,17.7,,,,,
-52.7,47.56666666666667,ST JOHN'S,8403500,8403500.1940.12.27,1940-12-27 00:00:00,NL,1940,12,27,0.6,,0,,1.1,,0.5,,0.5,,0,,,,,,,,0,,17.4,,,,,
-52.7,47.56666666666667,ST JOHN'S,8403500,8403500.1940.12.28,1940-12-28 00:00:00,NL,1940,12,28,-0.3,,-1.7,,1.1,,0,,0,,0,,,,,,,,0,,18.3,,,,,
-52.7,47.56666666666667,ST JOHN'S,8403500,8403500.1940.12.29,1940-12-29 00:00:00,NL,1940,12,29,-1.1,,-3.9,,1.7,,9.4,,9.4,,0,,,,,,,,0,,19.1,,,,,
-52.7,47.56666666666667,ST JOHN'S,8403500,8403500.1940.12.30,1940-12-30 00:00:00,NL,1940,12,30,0.9,,0,,1.7,,4.6,,4.6,,0,,,,,,,,0,,17.1,,,,,
-52.7,47.56666666666667,ST JOHN'S,8403500,8403500.1940.12.31,1940-12-31 00:00:00,NL,1940,12,31,3.4,,0,,6.7,,3.8,,2.8,,1,,,,,,,,0,,14.6,,,,,
-52.7,47.56666666666667,ST JOHN'S,8403500,8403500.1941.1.1,1941-01-01 00:00:00,NL,1941,1,1,-0.9,,-1.7,,0,,0.3,,0,,0.3,,,,,,,,0,,18.9,,,,,
-52.7,47.56666666666667,ST JOHN'S,8403500,8403500.1941.1.2,1941-01-02 00:00:00,NL,1941,1,2,-4.2,,-5,,-3.3,,2,,0,,2,,,,,,,,0,,22.2,,,,,
-52.7,47.56666666666667,ST JOHN'S,8403500,8403500.1941.1.3,1941-01-03 00:00:00,NL,1941,1,3,-7.5,,-8.9,,-6.1,,0.8,,0,,0.8,,,,,,,,0,,25.5,,,,,
-52.7,47.56666666666667,ST JOHN'S,8403500,8403500.1941.1.4,1941-01-04 00:00:00,NL,1941,1,4,-5.6,,-13.3,,2.2,,15.5,,9.1,,6.4,,,,,,,,0,,23.6,,,,,
-52.7,47.56666666666667,ST JOHN'S,8403500,8403500.1941.1.5,1941-01-05 00:00:00,NL,1941,1,5,0.3,,-2.8,,3.3,,3.6,,3.3,,0.3,,,,,,,,0,,17.7,,,,,
-52.7,47.56666666666667,ST JOHN'S,8403500,8403500.1941.1.6,1941-01-06 00:00:00,NL,1941,1,6,-0.3,,-1.7,,1.1,,2,,0,,2,,,,,,,,0,,18.3,,,,,
-52.7,47.56666666666667,ST JOHN'S,8403500,8403500.1941.1.7,1941-01-07 00:00:00,NL,1941,1,7,-12.3,,-15.6,,-8.9,,0.3,,0,,0.3,,,,,,,,0,,30.3,,,,,
-52.7,47.56666666666667,ST JOHN'S,8403500,8403500.1941.1.8,1941-01-08 00:00:00,NL,1941,1,8,-12.5,,-16.1,,-8.9,,0,T,0,,0,T,,,,,,,0,,30.5,,,,,
-52.7,47.56666666666667,ST JOHN'S,8403500,8403500.1941.1.9,1941-01-09 00:00:00,NL,1941,1,9,-9.2,,-12.2,,-6.1,,0,,0,,0,,,,,,,,0,,27.2,,,,,
-52.7,47.56666666666667,ST JOHN'S,8403500,8403500.1941.1.10,1941-01-10 00:00:00,NL,1941,1,10,-7.2,,-12.2,,-2.2,,0,,0,,0,,,,,,,,0,,25.2,,,,,
-52.7,47.56666666666667,ST JOHN'S,8403500,8403500.1941.1.11,1941-01-11 00:00:00,NL,1941,1,11,-2.2,,-5,,0.6,,0,T,0,T,0,,,,,,,,0,,20.2,,,,,
-52.7,47.56666666666667,ST JOHN'S,8403500,8403500.1941.1.12,1941-01-12 00:00:00,NL,1941,1,12,0.9,,-3.3,,5,,18,,18,,0,,,,,,,,0,,17.1,,,,,
-52.7,47.56666666666667,ST JOHN'S,8403500,8403500.1941.1.13,1941-01-13 00:00:00,NL,1941,1,13,3.4,,1.7,,5,,4.3,,3.8,,0.5,,,,,,,,0,,14.6,,,,,
-52.7,47.56666666666667,ST JOHN'S,8403500,8403500.1941.1.14,1941-01-14 00:00:00,NL,1941,1,14,-6.7,,-10.6,,-2.8,,3.3,,0,,3.3,,,,,,,,0,,24.7,,,,,
-52.7,47.56666666666667,ST JOHN'S,8403500,8403500.1941.1.15,1941-01-15 00:00:00,NL,1941,1,15,-10.6,,-12.2,,-8.9,,3.8,,0,,3.8,,,,,,,,0,,28.6,,,,,
-52.7,47.56666666666667,ST JOHN'S,8403500,8403500.1941.1.16,1941-01-16 00:00:00,NL,1941,1,16,-9.5,,-12.8,,-6.1,,0.5,,0,,0.5,,,,,,,,0,,27.5,,,,,
-52.7,47.56666666666667,ST JOHN'S,8403500,8403500.1941.1.17,1941-01-17 00:00:00,NL,1941,1,17,-6.2,,-10.6,,-1.7,,0.8,,0,,0.8,,,,,,,,0,,24.2,,,,,
-52.7,47.56666666666667,ST JOHN'S,8403500,8403500.1941.1.18,1941-01-18 00:00:00,NL,1941,1,18,-6.1,,-7.8,,-4.4,,1.3,,0,,1.3,,,,,,,,0,,24.1,,,,,
-52.7,47.56666666666667,ST JOHN'S,8403500,8403500.1941.1.19,1941-01-19 00:00:00,NL,1941,1,19,-6.7,,-11.1,,-2.2,,0,,0,,0,,,,,,,,0,,24.7,,,,,
-52.7,47.56666666666667,ST JOHN'S,8403500,8403500.1941.1.20,1941-01-20 00:00:00,NL,1941,1,20,-5.6,,-10.6,,-0.6,,28.2,,0,,28.2,,,,,,,,0,,23.6,,,,,
-52.7,47.56666666666667,ST JOHN'S,8403500,8403500.1941.1.21,1941-01-21 00:00:00,NL,1941,1,21,-1.4,,-2.2,,-0.6,,5.6,,0,,5.6,,,,,,,,0,,19.4,,,,,
-52.7,47.56666666666667,ST JOHN'S,8403500,8403500.1941.1.22,1941-01-22 00:00:00,NL,1941,1,22,-1.4,,-2.2,,-0.6,,0.5,,0,,0.5,,,,,,,,0,,19.4,,,,,
-52.7,47.56666666666667,ST JOHN'S,8403500,8403500.1941.1.23,1941-01-23 00:00:00,NL,1941,1,23,-1.7,,-3.9,,0.6,,5.1,,0,,5.1,,,,,,,,0,,19.7,,,,,
-52.7,47.56666666666667,ST JOHN'S,8403500,8403500.1941.1.24,1941-01-24 00:00:00,NL,1941,1,24,-5,,-8.3,,-1.7,,6.9,,0,,6.9,,,,,,,,0,,23,,,,,
-52.7,47.56666666666667,ST JOHN'S,8403500,8403500.1941.1.25,1941-01-25 00:00:00,NL,1941,1,25,-4.5,,-8.9,,0,,1,,0,,1,,,,,,,,0,,22.5,,,,,
-52.7,47.56666666666667,ST JOHN'S,8403500,8403500.1941.1.26,1941-01-26 00:00:00,NL,1941,1,26,-1.7,,-3.3,,0,,20.3,,0,,20.3,,,,,,,,0,,19.7,,,,,
-52.7,47.56666666666667,ST JOHN'S,8403500,8403500.1941.1.27,1941-01-27 00:00:00,NL,1941,1,27,-10,,-11.7,,-8.3,,25.4,,0,,25.4,,,,,,,,0,,28,,,,,
-52.7,47.56666666666667,ST JOHN'S,8403500,8403500.1941.1.28,1941-01-28 00:00:00,NL,1941,1,28,-6.4,,-11.7,,-1.1,,1,,0,,1,,,,,,,,0,,24.4,,,,,
-52.7,47.56666666666667,ST JOHN'S,8403500,8403500.1941.1.29,1941-01-29 00:00:00,NL,1941,1,29,-3.6,,-7.8,,0.6,,11.7,,5.3,,6.4,,,,,,,,0,,21.6,,,,,
-52.7,47.56666666666667,ST JOHN'S,8403500,8403500.1941.1.30,1941-01-30 00:00:00,NL,1941,1,30,-0.3,,-1.7,,1.1,,14.7,,14,,0.8,,,,,,,,0,,18.3,,,,,
-52.7,47.56666666666667,ST JOHN'S,8403500,8403500.1941.1.31,1941-01-31 00:00:00,NL,1941,1,31,-1.1,,-2.2,,0,,1.3,,0,,1.3,,,,,,,,0,,19.1,,,,,
-52.7,47.56666666666667,ST JOHN'S,8403500,8403500.1941.2.1,1941-02-01 00:00:00,NL,1941,2,1,-1.1,,-2.2,,0,,0,,0,,0,,,,,,,,0,,19.1,,,,,
-52.7,47.56666666666667,ST JOHN'S,8403500,8403500.1941.2.2,1941-02-02 00:00:00,NL,1941,2,2,-3.1,,-5,,-1.1,,0,T,0,,0,T,,,,,,,0,,21.1,,,,,
-52.7,47.56666666666667,ST JOHN'S,8403500,8403500.1941.2.3,1941-02-03 00:00:00,NL,1941,2,3,-4.2,,-8.3,,0,,1.3,,0,,1.3,,,,,,,,0,,22.2,,,,,
-52.7,47.56666666666667,ST JOHN'S,8403500,8403500.1941.2.4,1941-02-04 00:00:00,NL,1941,2,4,-0.6,,-2.8,,1.7,,25.1,,21.1,,4.1,,,,,,,,0,,18.6,,,,,
-52.7,47.56666666666667,ST JOHN'S,8403500,8403500.1941.2.5,1941-02-05 00:00:00,NL,1941,2,5,-0.3,,-2.2,,1.7,,0.5,,0,,0.5,,,,,,,,0,,18.3,,,,,
-52.7,47.56666666666667,ST JOHN'S,8403500,8403500.1941.2.6,1941-02-06 00:00:00,NL,1941,2,6,-2.2,,-3.3,,-1.1,,0,T,0,,0,T,,,,,,,0,,20.2,,,,,
-52.7,47.56666666666667,ST JOHN'S,8403500,8403500.1941.2.7,1941-02-07 00:00:00,NL,1941,2,7,-4.2,,-5.6,,-2.8,,0,,0,,0,,,,,,,,0,,22.2,,,,,
-52.7,47.56666666666667,ST JOHN'S,8403500,8403500.1941.2.8,1941-02-08 00:00:00,NL,1941,2,8,-2.8,,-6.7,,1.1,,4.1,,2.5,,1.5,,,,,,,,0,,20.8,,,,,
-52.7,47.56666666666667,ST JOHN'S,8403500,8403500.1941.2.9,1941-02-09 00:00:00,NL,1941,2,9,0.6,,-1.1,,2.2,,11.9,,6.1,,5.8,,,,,,,,0,,17.4,,,,,
-52.7,47.56666666666667,ST JOHN'S,8403500,8403500.1941.2.10,1941-02-10 00:00:00,NL,1941,2,10,-6.4,,-12.2,,-0.6,,0,T,0,,0,T,,,,,,,0,,24.4,,,,,
-52.7,47.56666666666667,ST JOHN'S,8403500,8403500.1941.2.11,1941-02-11 00:00:00,NL,1941,2,11,-7.3,,-11.7,,-2.8,,0,,0,,0,,,,,,,,0,,25.3,,,,,
-52.7,47.56666666666667,ST JOHN'S,8403500,8403500.1941.2.12,1941-02-12 00:00:00,NL,1941,2,12,-7.8,,-10,,-5.6,,0,,0,,0,,,,,,,,0,,25.8,,,,,
-52.7,47.56666666666667,ST JOHN'S,8403500,8403500.1941.2.13,1941-02-13 00:00:00,NL,1941,2,13,-7.8,,-12.2,,-3.3,,0,,0,,0,,,,,,,,0,,25.8,,,,,
-52.7,47.56666666666667,ST JOHN'S,8403500,8403500.1941.2.14,1941-02-14 00:00:00,NL,1941,2,14,-5.3,,-10,,-0.6,,0,,0,,0,,,,,,,,0,,23.3,,,,,
-52.7,47.56666666666667,ST JOHN'S,8403500,8403500.1941.2.15,1941-02-15 00:00:00,NL,1941,2,15,-2.8,,-6.7,,1.1,,23.9,,23.4,,0.5,,,,,,,,0,,20.8,,,,,
-52.7,47.56666666666667,ST JOHN'S,8403500,8403500.1941.2.16,1941-02-16 00:00:00,NL,1941,2,16,1.1,,0,,2.2,,2.8,,2.8,,0,,,,,,,,0,,16.9,,,,,
-52.7,47.56666666666667,ST JOHN'S,8403500,8403500.1941.2.17,1941-02-17 00:00:00,NL,1941,2,17,-1.7,,-3.3,,0,,0,T,0,,0,T,,,,,,,0,,19.7,,,,,
-52.7,47.56666666666667,ST JOHN'S,8403500,8403500.1941.2.18,1941-02-18 00:00:00,NL,1941,2,18,-0.9,,-3.9,,2.2,,10.2,,9.7,,0.5,,,,,,,,0,,18.9,,,,,
-52.7,47.56666666666667,ST JOHN'S,8403500,8403500.1941.2.19,1941-02-19 00:00:00,NL,1941,2,19,-2.8,,-3.9,,-1.7,,1.8,,0,,1.8,,,,,,,,0,,20.8,,,,,
-52.7,47.56666666666667,ST JOHN'S,8403500,8403500.1941.2.20,1941-02-20 00:00:00,NL,1941,2,20,-2,,-3.9,,0,,0.8,,0,,0.8,,,,,,,,0,,20,,,,,
-52.7,47.56666666666667,ST JOHN'S,8403500,8403500.1941.2.21,1941-02-21 00:00:00,NL,1941,2,21,-1.4,,-3.3,,0.6,,0,T,0,,0,T,,,,,,,0,,19.4,,,,,
-52.7,47.56666666666667,ST JOHN'S,8403500,8403500.1941.2.22,1941-02-22 00:00:00,NL,1941,2,22,-0.6,,-5.6,,4.4,,0.8,,0,,0.8,,,,,,,,0,,18.6,,,,,
-52.7,47.56666666666667,ST JOHN'S,8403500,8403500.1941.2.23,1941-02-23 00:00:00,NL,1941,2,23,-1.4,,-3.9,,1.1,,0,T,0,,0,T,,,,,,,0,,19.4,,,,,
-52.7,47.56666666666667,ST JOHN'S,8403500,8403500.1941.2.24,1941-02-24 00:00:00,NL,1941,2,24,-4.8,,-7.8,,-1.7,,7.6,,0,,7.6,,,,,,,,0,,22.8,,,,,
-52.7,47.56666666666667,ST JOHN'S,8403500,8403500.1941.2.25,1941-02-25 00:00:00,NL,1941,2,25,-2.2,,-3.3,,-1.1,,1.5,,0,,1.5,,,,,,,,0,,20.2,,,,,
-52.7,47.56666666666667,ST JOHN'S,8403500,8403500.1941.2.26,1941-02-26 00:00:00,NL,1941,2,26,-1.4,,-2.2,,-0.6,,0.3,,0,T,0.3,,,,,,,,0,,19.4,,,,,
-52.7,47.56666666666667,ST JOHN'S,8403500,8403500.1941.2.27,1941-02-27 00:00:00,NL,1941,2,27,-3.4,,-6.7,,0,,7.1,,0,,7.1,,,,,,,,0,,21.4,,,,,
-52.7,47.56666666666667,ST JOHN'S,8403500,8403500.1941.2.28,1941-02-28 00:00:00,NL,1941,2,28,-2,,-3.3,,-0.6,,4.6,,0,,4.6,,,,,,,,0,,20,,,,,
-52.7,47.56666666666667,ST JOHN'S,8403500,8403500.1941.3.1,1941-03-01 00:00:00,NL,1941,3,1,-2,,-2.8,,-1.1,,1.8,,0,,1.8,,,,,,,,0,,20,,,,,
-52.7,47.56666666666667,ST JOHN'S,8403500,8403500.1941.3.2,1941-03-02 00:00:00,NL,1941,3,2,-0.3,,-2.8,,2.2,,0,,0,,0,,,,,,,,0,,18.3,,,,,
-52.7,47.56666666666667,ST JOHN'S,8403500,8403500.1941.3.3,1941-03-03 00:00:00,NL,1941,3,3,-1.1,,-2.8,,0.6,,0.3,,0,,0.3,,,,,,,,0,,19.1,,,,,
-52.7,47.56666666666667,ST JOHN'S,8403500,8403500.1941.3.4,1941-03-04 00:00:00,NL,1941,3,4,0,,-3.9,,3.9,,4.8,,4.3,,0.5,,,,,,,,0,,18,,,,,
-52.7,47.56666666666667,ST JOHN'S,8403500,8403500.1941.3.5,1941-03-05 00:00:00,NL,1941,3,5,2.8,,0.6,,5,,14.2,,13.7,,0.5,,,,,,,,0,,15.2,,,,,
-52.7,47.56666666666667,ST JOHN'S,8403500,8403500.1941.3.6,1941-03-06 00:00:00,NL,1941,3,6,-2.2,,-3.3,,-1.1,,0.5,,0,,0.5,,,,,,,,0,,20.2,,,,,
-52.7,47.56666666666667,ST JOHN'S,8403500,8403500.1941.3.7,1941-03-07 00:00:00,NL,1941,3,7,-4.7,,-7.2,,-2.2,,0,T,0,,0,T,,,,,,,0,,22.7,,,,,
-52.7,47.56666666666667,ST JOHN'S,8403500,8403500.1941.3.8,1941-03-08 00:00:00,NL,1941,3,8,-5.9,,-7.8,,-3.9,,0,T,0,,0,T,,,,,,,0,,23.9,,,,,
-52.7,47.56666666666667,ST JOHN'S,8403500,8403500.1941.3.9,1941-03-09 00:00:00,NL,1941,3,9,-2.8,,-10.6,,5,,23.1,,7.9,,15.2,,,,,,,,0,,20.8,,,,,
-52.7,47.56666666666667,ST JOHN'S,8403500,8403500.1941.3.10,1941-03-10 00:00:00,NL,1941,3,10,1.7,,-1.7,,5,,0.8,,0,,0.8,,,,,,,,0,,16.3,,,,,
-52.7,47.56666666666667,ST JOHN'S,8403500,8403500.1941.3.11,1941-03-11 00:00:00,NL,1941,3,11,-4.5,,-6.7,,-2.2,,1.8,,0,,1.8,,,,,,,,0,,22.5,,,,,
-52.7,47.56666666666667,ST JOHN'S,8403500,8403500.1941.3.12,1941-03-12 00:00:00,NL,1941,3,12,-8.9,,-13.3,,-4.4,,8.1,,0,,8.1,,,,,,,,0,,26.9,,,,,
-52.7,47.56666666666667,ST JOHN'S,8403500,8403500.1941.3.13,1941-03-13 00:00:00,NL,1941,3,13,-6.7,,-8.3,,-5,,5.1,,0,,5.1,,,,,,,,0,,24.7,,,,,
-52.7,47.56666666666667,ST JOHN'S,8403500,8403500.1941.3.14,1941-03-14 00:00:00,NL,1941,3,14,-8.4,,-12.8,,-3.9,,0,,0,,0,,,,,,,,0,,26.4,,,,,
-52.7,47.56666666666667,ST JOHN'S,8403500,8403500.1941.3.15,1941-03-15 00:00:00,NL,1941,3,15,-5,,-8.9,,-1.1,,0,,0,,0,,,,,,,,0,,23,,,,,
-52.7,47.56666666666667,ST JOHN'S,8403500,8403500.1941.3.16,1941-03-16 00:00:00,NL,1941,3,16,-5.6,,-10.6,,-0.6,,0,,0,,0,,,,,,,,0,,23.6,,,,,
-52.7,47.56666666666667,ST JOHN'S,8403500,8403500.1941.3.17,1941-03-17 00:00:00,NL,1941,3,17,-1.1,,-3.3,,1.1,,4.1,,4.1,,0,,,,,,,,0,,19.1,,,,,
-52.7,47.56666666666667,ST JOHN'S,8403500,8403500.1941.3.18,1941-03-18 00:00:00,NL,1941,3,18,0.9,,-2.2,,3.9,,0,T,0,T,0,,,,,,,,0,,17.1,,,,,
-52.7,47.56666666666667,ST JOHN'S,8403500,8403500.1941.3.19,1941-03-19 00:00:00,NL,1941,3,19,-2.2,,-4.4,,0,,2.5,,0,,2.5,,,,,,,,0,,20.2,,,,,
-52.7,47.56666666666667,ST JOHN'S,8403500,8403500.1941.3.20,1941-03-20 00:00:00,NL,1941,3,20,-3.1,,-6.7,,0.6,,2.5,,0,,2.5,,,,,,,,0,,21.1,,,,,
-52.7,47.56666666666667,ST JOHN'S,8403500,8403500.1941.3.21,1941-03-21 00:00:00,NL,1941,3,21,-4.7,,-7.2,,-2.2,,8.4,,0,,8.4,,,,,,,,0,,22.7,,,,,
-52.7,47.56666666666667,ST JOHN'S,8403500,8403500.1941.3.22,1941-03-22 00:00:00,NL,1941,3,22,-4.2,,-7.8,,-0.6,,1.8,,0,,1.8,,,,,,,,0,,22.2,,,,,
-52.7,47.56666666666667,ST JOHN'S,8403500,8403500.1941.3.23,1941-03-23 00:00:00,NL,1941,3,23,-2.8,,-5,,-0.6,,6.9,,0,,6.9,,,,,,,,0,,20.8,,,,,
-52.7,47.56666666666667,ST JOHN'S,8403500,8403500.1941.3.24,1941-03-24 00:00:00,NL,1941,3,24,-1.1,,-2.8,,0.6,,1.5,,0,,1.5,,,,,,,,0,,19.1,,,,,
-52.7,47.56666666666667,ST JOHN'S,8403500,8403500.1941.3.25,1941-03-25 00:00:00,NL,1941,3,25,1.7,,0,,3.3,,0,T,0,,0,T,,,,,,,0,,16.3,,,,,
-52.7,47.56666666666667,ST JOHN'S,8403500,8403500.1941.3.26,1941-03-26 00:00:00,NL,1941,3,26,0.6,,-2.2,,3.3,,3.8,,0,,3.8,,,,,,,,0,,17.4,,,,,
-52.7,47.56666666666667,ST JOHN'S,8403500,8403500.1941.3.27,1941-03-27 00:00:00,NL,1941,3,27,2.5,,-1.1,,6.1,,0,,0,,0,,,,,,,,0,,15.5,,,,,
-52.7,47.56666666666667,ST JOHN'S,8403500,8403500.1941.3.28,1941-03-28 00:00:00,NL,1941,3,28,2,,-2.8,,6.7,,0,,0,,0,,,,,,,,0,,16,,,,,
-52.7,47.56666666666667,ST JOHN'S,8403500,8403500.1941.3.29,1941-03-29 00:00:00,NL,1941,3,29,1.7,,-1.7,,5,,7.9,,7.9,,0,,,,,,,,0,,16.3,,,,,
-52.7,47.56666666666667,ST JOHN'S,8403500,8403500.1941.3.30,1941-03-30 00:00:00,NL,1941,3,30,1.7,,-0.6,,3.9,,26.4,,25.1,,1.3,,,,,,,,0,,16.3,,,,,
-52.7,47.56666666666667,ST JOHN'S,8403500,8403500.1941.3.31,1941-03-31 00:00:00,NL,1941,3,31,-0.8,,-2.2,,0.6,,0.3,,0,,0.3,,,,,,,,0,,18.8,,,,,
-52.7,47.56666666666667,ST JOHN'S,8403500,8403500.1941.4.1,1941-04-01 00:00:00,NL,1941,4,1,-1.1,,-3.3,,1.1,,0.3,,0,,0.3,,,,,,,,0,,19.1,,,,,
-52.7,47.56666666666667,ST JOHN'S,8403500,8403500.1941.4.2,1941-04-02 00:00:00,NL,1941,4,2,1.4,,-0.6,,3.3,,0,T,0,,0,T,,,,,,,0,,16.6,,,,,
-52.7,47.56666666666667,ST JOHN'S,8403500,8403500.1941.4.3,1941-04-03 00:00:00,NL,1941,4,3,0.9,,-1.1,,2.8,,0.5,,0,,0.5,,,,,,,,0,,17.1,,,,,
-52.7,47.56666666666667,ST JOHN'S,8403500,8403500.1941.4.4,1941-04-04 00:00:00,NL,1941,4,4,0.9,,-2.2,,3.9,,0.5,,0,,0.5,,,,,,,,0,,17.1,,,,,
-52.7,47.56666666666667,ST JOHN'S,8403500,8403500.1941.4.5,1941-04-05 00:00:00,NL,1941,4,5,-2.3,,-3.9,,-0.6,,0.3,,0,,0.3,,,,,,,,0,,20.3,,,,,
-52.7,47.56666666666667,ST JOHN'S,8403500,8403500.1941.4.6,1941-04-06 00:00:00,NL,1941,4,6,-5.8,,-7.2,,-4.4,,0,,0,,0,,,,,,,,0,,23.8,,,,,
-52.7,47.56666666666667,ST JOHN'S,8403500,8403500.1941.4.7,1941-04-07 00:00:00,NL,1941,4,7,-5,,-11.1,,1.1,,0.3,,0,,0.3,,,,,,,,0,,23,,,,,
-52.7,47.56666666666667,ST JOHN'S,8403500,8403500.1941.4.8,1941-04-08 00:00:00,NL,1941,4,8,-0.3,,-5,,4.4,,0,,0,,0,,,,,,,,0,,18.3,,,,,
-52.7,47.56666666666667,ST JOHN'S,8403500,8403500.1941.4.9,1941-04-09 00:00:00,NL,1941,4,9,0.3,,-1.7,,2.2,,0,,0,,0,,,,,,,,0,,17.7,,,,,
-52.7,47.56666666666667,ST JOHN'S,8403500,8403500.1941.4.10,1941-04-10 00:00:00,NL,1941,4,10,0.8,,-1.7,,3.3,,0,T,0,,0,T,,,,,,,0,,17.2,,,,,
-52.7,47.56666666666667,ST JOHN'S,8403500,8403500.1941.4.11,1941-04-11 00:00:00,NL,1941,4,11,-0.3,,-2.8,,2.2,,0,T,0,,0,T,,,,,,,0,,18.3,,,,,
-52.7,47.56666666666667,ST JOHN'S,8403500,8403500.1941.4.12,1941-04-12 00:00:00,NL,1941,4,12,2,,-3.9,,7.8,,0,,0,,0,,,,,,,,0,,16,,,,,
-52.7,47.56666666666667,ST JOHN'S,8403500,8403500.1941.4.13,1941-04-13 00:00:00,NL,1941,4,13,4.2,,-2.8,,11.1,,0,,0,,0,,,,,,,,0,,13.8,,,,,
-52.7,47.56666666666667,ST JOHN'S,8403500,8403500.1941.4.14,1941-04-14 00:00:00,NL,1941,4,14,4.7,,-0.6,,10,,0,,0,,0,,,,,,,,0,,13.3,,,,,
-52.7,47.56666666666667,ST JOHN'S,8403500,8403500.1941.4.15,1941-04-15 00:00:00,NL,1941,4,15,3.3,,-0.6,,7.2,,0,T,0,T,0,,,,,,,,0,,14.7,,,,,
-52.7,47.56666666666667,ST JOHN'S,8403500,8403500.1941.4.16,1941-04-16 00:00:00,NL,1941,4,16,4.2,,1.1,,7.2,,5.8,,5.3,,0.5,,,,,,,,0,,13.8,,,,,
-52.7,47.56666666666667,ST JOHN'S,8403500,8403500.1941.4.17,1941-04-17 00:00:00,NL,1941,4,17,5.6,,0,,11.1,,0,,0,,0,,,,,,,,0,,12.4,,,,,
-52.7,47.56666666666667,ST JOHN'S,8403500,8403500.1941.4.18,1941-04-18 00:00:00,NL,1941,4,18,5,,2.2,,7.8,,12.7,,12.7,,0,T,,,,,,,0,,13,,,,,
-52.7,47.56666666666667,ST JOHN'S,8403500,8403500.1941.4.19,1941-04-19 00:00:00,NL,1941,4,19,-0.3,,-2.2,,1.7,,0,,0,,0,,,,,,,,0,,18.3,,,,,
-52.7,47.56666666666667,ST JOHN'S,8403500,8403500.1941.4.20,1941-04-20 00:00:00,NL,1941,4,20,-1.1,,-5,,2.8,,2,,0.8,,1.3,,,,,,,,0,,19.1,,,,,
-52.7,47.56666666666667,ST JOHN'S,8403500,8403500.1941.4.21,1941-04-21 00:00:00,NL,1941,4,21,3.7,,0.6,,6.7,,1.8,,1.8,,0,,,,,,,,0,,14.3,,,,,
-52.7,47.56666666666667,ST JOHN'S,8403500,8403500.1941.4.22,1941-04-22 00:00:00,NL,1941,4,22,8.1,,0.6,,15.6,,0,T,0,,0,T,,,,,,,0,,9.9,,,,,
-52.7,47.56666666666667,ST JOHN'S,8403500,8403500.1941.4.23,1941-04-23 00:00:00,NL,1941,4,23,2,,-1.1,,5,,0,,0,,0,,,,,,,,0,,16,,,,,
-52.7,47.56666666666667,ST JOHN'S,8403500,8403500.1941.4.24,1941-04-24 00:00:00,NL,1941,4,24,3.6,,-1.7,,8.9,,0,,0,,0,,,,,,,,0,,14.4,,,,,
-52.7,47.56666666666667,ST JOHN'S,8403500,8403500.1941.4.25,1941-04-25 00:00:00,NL,1941,4,25,1.4,,0,,2.8,,0,,0,,0,,,,,,,,0,,16.6,,,,,
-52.7,47.56666666666667,ST JOHN'S,8403500,8403500.1941.4.26,1941-04-26 00:00:00,NL,1941,4,26,1.7,,-2.8,,6.1,,0,,0,,0,,,,,,,,0,,16.3,,,,,
-52.7,47.56666666666667,ST JOHN'S,8403500,8403500.1941.4.27,1941-04-27 00:00:00,NL,1941,4,27,4.5,,-2.2,,11.1,,1.8,,1.8,,0,,,,,,,,0,,13.5,,,,,
-52.7,47.56666666666667,ST JOHN'S,8403500,8403500.1941.4.28,1941-04-28 00:00:00,NL,1941,4,28,3.4,,1.1,,5.6,,34.5,,34,,0.5,,,,,,,,0,,14.6,,,,,
-52.7,47.56666666666667,ST JOHN'S,8403500,8403500.1941.4.29,1941-04-29 00:00:00,NL,1941,4,29,-3.6,,-4.4,,-2.8,,2.5,,0,,2.5,,,,,,,,0,,21.6,,,,,
-52.7,47.56666666666667,ST JOHN'S,8403500,8403500.1941.4.30,1941-04-30 00:00:00,NL,1941,4,30,-1.1,,-4.4,,2.2,,6.1,,1,,5.1,,,,,,,,0,,19.1,,,,,
-52.7,47.56666666666667,ST JOHN'S,8403500,8403500.1941.5.1,1941-05-01 00:00:00,NL,1941,5,1,-0.6,,-3.3,,2.2,,3.3,,3.3,,0,,,,,,,,0,,18.6,,,,,
-52.7,47.56666666666667,ST JOHN'S,8403500,8403500.1941.5.2,1941-05-02 00:00:00,NL,1941,5,2,3.6,,1.1,,6.1,,0,,0,,0,,,,,,,,0,,14.4,,,,,
-52.7,47.56666666666667,ST JOHN'S,8403500,8403500.1941.5.3,1941-05-03 00:00:00,NL,1941,5,3,4.7,,-0.6,,10,,0,,0,,0,,,,,,,,0,,13.3,,,,,
-52.7,47.56666666666667,ST JOHN'S,8403500,8403500.1941.5.4,1941-05-04 00:00:00,NL,1941,5,4,3.1,,0,,6.1,,22.6,,20.8,,1.8,,,,,,,,0,,14.9,,,,,
-52.7,47.56666666666667,ST JOHN'S,8403500,8403500.1941.5.5,1941-05-05 00:00:00,NL,1941,5,5,2.8,,-0.6,,6.1,,2.3,,2.3,,0,,,,,,,,0,,15.2,,,,,
-52.7,47.56666666666667,ST JOHN'S,8403500,8403500.1941.5.6,1941-05-06 00:00:00,NL,1941,5,6,3.6,,0,,7.2,,0.8,,0,T,0.8,,,,,,,,0,,14.4,,,,,
-52.7,47.56666666666667,ST JOHN'S,8403500,8403500.1941.5.7,1941-05-07 00:00:00,NL,1941,5,7,2,,0,,3.9,,2.3,,1,,1.3,,,,,,,,0,,16,,,,,
-52.7,47.56666666666667,ST JOHN'S,8403500,8403500.1941.5.8,1941-05-08 00:00:00,NL,1941,5,8,5.9,,-1.1,,12.8,,0,,0,,0,,,,,,,,0,,12.1,,,,,
-52.7,47.56666666666667,ST JOHN'S,8403500,8403500.1941.5.9,1941-05-09 00:00:00,NL,1941,5,9,8.3,,4.4,,12.2,,1.5,,1.5,,0,,,,,,,,0,,9.7,,,,,
-52.7,47.56666666666667,ST JOHN'S,8403500,8403500.1941.5.10,1941-05-10 00:00:00,NL,1941,5,10,6.7,,3.9,,9.4,,2.8,,2.8,,0,,,,,,,,0,,11.3,,,,,
-52.7,47.56666666666667,ST JOHN'S,8403500,8403500.1941.5.11,1941-05-11 00:00:00,NL,1941,5,11,5.3,,2.2,,8.3,,11.9,,11.9,,0,,,,,,,,0,,12.7,,,,,
-52.7,47.56666666666667,ST JOHN'S,8403500,8403500.1941.5.12,1941-05-12 00:00:00,NL,1941,5,12,9.2,,3.3,,15,,6.4,,6.4,,0,,,,,,,,0,,8.8,,,,,
-52.7,47.56666666666667,ST JOHN'S,8403500,8403500.1941.5.13,1941-05-13 00:00:00,NL,1941,5,13,6.4,,3.3,,9.4,,1.8,,1.8,,0,,,,,,,,0,,11.6,,,,,
-52.7,47.56666666666667,ST JOHN'S,8403500,8403500.1941.5.14,1941-05-14 00:00:00,NL,1941,5,14,6.7,,4.4,,8.9,,5.3,,5.3,,0,,,,,,,,0,,11.3,,,,,
-52.7,47.56666666666667,ST JOHN'S,8403500,8403500.1941.5.15,1941-05-15 00:00:00,NL,1941,5,15,5.6,,2.8,,8.3,,29.2,,29.2,,0,,,,,,,,0,,12.4,,,,,
-52.7,47.56666666666667,ST JOHN'S,8403500,8403500.1941.5.16,1941-05-16 00:00:00,NL,1941,5,16,8.1,,5,,11.1,,2.8,,2.8,,0,,,,,,,,0,,9.9,,,,,
-52.7,47.56666666666667,ST JOHN'S,8403500,8403500.1941.5.17,1941-05-17 00:00:00,NL,1941,5,17,7.2,,2.2,,12.2,,6.4,,6.4,,0,,,,,,,,0,,10.8,,,,,
-52.7,47.56666666666667,ST JOHN'S,8403500,8403500.1941.5.18,1941-05-18 00:00:00,NL,1941,5,18,11.2,,5.6,,16.7,,9.4,,9.4,,0,,,,,,,,0,,6.8,,,,,
-52.7,47.56666666666667,ST JOHN'S,8403500,8403500.1941.5.19,1941-05-19 00:00:00,NL,1941,5,19,7.2,,5,,9.4,,0,T,0,T,0,,,,,,,,0,,10.8,,,,,
-52.7,47.56666666666667,ST JOHN'S,8403500,8403500.1941.5.20,1941-05-20 00:00:00,NL,1941,5,20,4.2,,1.7,,6.7,,1.5,,1.5,,0,,,,,,,,0,,13.8,,,,,
-52.7,47.56666666666667,ST JOHN'S,8403500,8403500.1941.5.21,1941-05-21 00:00:00,NL,1941,5,21,5.3,,0.6,,10,,0,,0,,0,,,,,,,,0,,12.7,,,,,
-52.7,47.56666666666667,ST JOHN'S,8403500,8403500.1941.5.22,1941-05-22 00:00:00,NL,1941,5,22,8.1,,1.1,,15,,0,,0,,0,,,,,,,,0,,9.9,,,,,
-52.7,47.56666666666667,ST JOHN'S,8403500,8403500.1941.5.23,1941-05-23 00:00:00,NL,1941,5,23,12.8,,5,,20.6,,0,,0,,0,,,,,,,,0,,5.2,,,,,
-52.7,47.56666666666667,ST JOHN'S,8403500,8403500.1941.5.24,1941-05-24 00:00:00,NL,1941,5,24,13.9,,7.2,,20.6,,0.3,,0.3,,0,,,,,,,,0,,4.1,,,,,
-52.7,47.56666666666667,ST JOHN'S,8403500,8403500.1941.5.25,1941-05-25 00:00:00,NL,1941,5,25,10.8,,7.2,,14.4,,4.1,,4.1,,0,,,,,,,,0,,7.2,,,,,
-52.7,47.56666666666667,ST JOHN'S,8403500,8403500.1941.5.26,1941-05-26 00:00:00,NL,1941,5,26,8.9,,3.9,,13.9,,0,,0,,0,,,,,,,,0,,9.1,,,,,
-52.7,47.56666666666667,ST JOHN'S,8403500,8403500.1941.5.27,1941-05-27 00:00:00,NL,1941,5,27,9.5,,3.9,,15,,0.8,,0.8,,0,,,,,,,,0,,8.5,,,,,
-52.7,47.56666666666667,ST JOHN'S,8403500,8403500.1941.5.28,1941-05-28 00:00:00,NL,1941,5,28,7,,2.8,,11.1,,0,,0,,0,,,,,,,,0,,11,,,,,
-52.7,47.56666666666667,ST JOHN'S,8403500,8403500.1941.5.29,1941-05-29 00:00:00,NL,1941,5,29,5.3,,0,,10.6,,15.5,,9.1,,6.4,,,,,,,,0,,12.7,,,,,
-52.7,47.56666666666667,ST JOHN'S,8403500,8403500.1941.5.30,1941-05-30 00:00:00,NL,1941,5,30,2.2,,0,,4.4,,5.1,,0,T,5.1,,,,,,,,0,,15.8,,,,,
-52.7,47.56666666666667,ST JOHN'S,8403500,8403500.1941.5.31,1941-05-31 00:00:00,NL,1941,5,31,5.3,,1.1,,9.4,,0,T,0,T,0,,,,,,,,0,,12.7,,,,,
-52.7,47.56666666666667,ST JOHN'S,8403500,8403500.1941.6.1,1941-06-01 00:00:00,NL,1941,6,1,9.2,,1.7,,16.7,,0,,0,,0,,,,,,,,0,,8.8,,,,,
-52.7,47.56666666666667,ST JOHN'S,8403500,8403500.1941.6.2,1941-06-02 00:00:00,NL,1941,6,2,11.7,,3.9,,19.4,,0,,0,,0,,,,,,,,0,,6.3,,,,,
-52.7,47.56666666666667,ST JOHN'S,8403500,8403500.1941.6.3,1941-06-03 00:00:00,NL,1941,6,3,10.9,,5,,16.7,,9.4,,9.4,,0,,,,,,,,0,,7.1,,,,,
-52.7,47.56666666666667,ST JOHN'S,8403500,8403500.1941.6.4,1941-06-04 00:00:00,NL,1941,6,4,6.9,,4.4,,9.4,,0.5,,0.5,,0,,,,,,,,0,,11.1,,,,,
-52.7,47.56666666666667,ST JOHN'S,8403500,8403500.1941.6.5,1941-06-05 00:00:00,NL,1941,6,5,8.1,,2.2,,13.9,,0,,0,,0,,,,,,,,0,,9.9,,,,,
-52.7,47.56666666666667,ST JOHN'S,8403500,8403500.1941.6.6,1941-06-06 00:00:00,NL,1941,6,6,7.8,,5,,10.6,,0,,0,,0,,,,,,,,0,,10.2,,,,,
-52.7,47.56666666666667,ST JOHN'S,8403500,8403500.1941.6.7,1941-06-07 00:00:00,NL,1941,6,7,6.4,,3.3,,9.4,,0,T,0,T,0,,,,,,,,0,,11.6,,,,,
-52.7,47.56666666666667,ST JOHN'S,8403500,8403500.1941.6.8,1941-06-08 00:00:00,NL,1941,6,8,4.5,,0.6,,8.3,,0,T,0,T,0,,,,,,,,0,,13.5,,,,,
-52.7,47.56666666666667,ST JOHN'S,8403500,8403500.1941.6.9,1941-06-09 00:00:00,NL,1941,6,9,5,,2.8,,7.2,,20.3,,20.3,,0,,,,,,,,0,,13,,,,,
-52.7,47.56666666666667,ST JOHN'S,8403500,8403500.1941.6.10,1941-06-10 00:00:00,NL,1941,6,10,9.2,,2.8,,15.6,,0,T,0,T,0,,,,,,,,0,,8.8,,,,,
-52.7,47.56666666666667,ST JOHN'S,8403500,8403500.1941.6.11,1941-06-11 00:00:00,NL,1941,6,11,5.8,,3.3,,8.3,,0.8,,0.8,,0,,,,,,,,0,,12.2,,,,,
-52.7,47.56666666666667,ST JOHN'S,8403500,8403500.1941.6.12,1941-06-12 00:00:00,NL,1941,6,12,3.1,,1.1,,5,,18.3,,18.3,,0,,,,,,,,0,,14.9,,,,,
-52.7,47.56666666666667,ST JOHN'S,8403500,8403500.1941.6.13,1941-06-13 00:00:00,NL,1941,6,13,7,,1.1,,12.8,,0,T,0,T,0,,,,,,,,0,,11,,,,,
-52.7,47.56666666666667,ST JOHN'S,8403500,8403500.1941.6.14,1941-06-14 00:00:00,NL,1941,6,14,13.9,,4.4,,23.3,,0,T,0,T,0,,,,,,,,0,,4.1,,,,,
-52.7,47.56666666666667,ST JOHN'S,8403500,8403500.1941.6.15,1941-06-15 00:00:00,NL,1941,6,15,10.9,,5,,16.7,,0.5,,0.5,,0,,,,,,,,0,,7.1,,,,,
-52.7,47.56666666666667,ST JOHN'S,8403500,8403500.1941.6.16,1941-06-16 00:00:00,NL,1941,6,16,14.5,,8.9,,20,,5.6,,5.6,,0,,,,,,,,0,,3.5,,,,,
-52.7,47.56666666666667,ST JOHN'S,8403500,8403500.1941.6.17,1941-06-17 00:00:00,NL,1941,6,17,15.8,,8.3,,23.3,,0.5,,0.5,,0,,,,,,,,0,,2.2,,,,,
-52.7,47.56666666666667,ST JOHN'S,8403500,8403500.1941.6.18,1941-06-18 00:00:00,NL,1941,6,18,15,,8.9,,21.1,,0,T,0,T,0,,,,,,,,0,,3,,,,,
-52.7,47.56666666666667,ST JOHN'S,8403500,8403500.1941.6.19,1941-06-19 00:00:00,NL,1941,6,19,15.3,,10.6,,20,,2.5,,2.5,,0,,,,,,,,0,,2.7,,,,,
-52.7,47.56666666666667,ST JOHN'S,8403500,8403500.1941.6.20,1941-06-20 00:00:00,NL,1941,6,20,5.9,,3.9,,7.8,,0,,0,,0,,,,,,,,0,,12.1,,,,,
-52.7,47.56666666666667,ST JOHN'S,8403500,8403500.1941.6.21,1941-06-21 00:00:00,NL,1941,6,21,10.3,,2.2,,18.3,,0,,0,,0,,,,,,,,0,,7.7,,,,,
-52.7,47.56666666666667,ST JOHN'S,8403500,8403500.1941.6.22,1941-06-22 00:00:00,NL,1941,6,22,11.7,,5,,18.3,,1,,1,,0,,,,,,,,0,,6.3,,,,,
-52.7,47.56666666666667,ST JOHN'S,8403500,8403500.1941.6.23,1941-06-23 00:00:00,NL,1941,6,23,7.5,,3.9,,11.1,,0,T,0,T,0,,,,,,,,0,,10.5,,,,,
-52.7,47.56666666666667,ST JOHN'S,8403500,8403500.1941.6.24,1941-06-24 00:00:00,NL,1941,6,24,4.5,,1.1,,7.8,,0.8,,0.8,,0,,,,,,,,0,,13.5,,,,,
-52.7,47.56666666666667,ST JOHN'S,8403500,8403500.1941.6.25,1941-06-25 00:00:00,NL,1941,6,25,7.8,,3.3,,12.2,,0,,0,,0,,,,,,,,0,,10.2,,,,,
-52.7,47.56666666666667,ST JOHN'S,8403500,8403500.1941.6.26,1941-06-26 00:00:00,NL,1941,6,26,8.9,,4.4,,13.3,,0,,0,,0,,,,,,,,0,,9.1,,,,,
-52.7,47.56666666666667,ST JOHN'S,8403500,8403500.1941.6.27,1941-06-27 00:00:00,NL,1941,6,27,11.4,,4.4,,18.3,,0,,0,,0,,,,,,,,0,,6.6,,,,,
-52.7,47.56666666666667,ST JOHN'S,8403500,8403500.1941.6.28,1941-06-28 00:00:00,NL,1941,6,28,9.8,,3.9,,15.6,,0,T,0,T,0,,,,,,,,0,,8.2,,,,,
-52.7,47.56666666666667,ST JOHN'S,8403500,8403500.1941.6.29,1941-06-29 00:00:00,NL,1941,6,29,7.8,,5.6,,10,,5.1,,5.1,,0,,,,,,,,0,,10.2,,,,,
-52.7,47.56666666666667,ST JOHN'S,8403500,8403500.1941.6.30,1941-06-30 00:00:00,NL,1941,6,30,11.1,,3.3,,18.9,,0,,0,,0,,,,,,,,0,,6.9,,,,,
-52.7,47.56666666666667,ST JOHN'S,8403500,8403500.1941.7.1,1941-07-01 00:00:00,NL,1941,7,1,15.6,,7.2,,23.9,,0,,0,,0,,,,,,,,0,,2.4,,,,,
-52.7,47.56666666666667,ST JOHN'S,8403500,8403500.1941.7.2,1941-07-02 00:00:00,NL,1941,7,2,12,,7.8,,16.1,,0.8,,0.8,,0,,,,,,,,0,,6,,,,,
-52.7,47.56666666666667,ST JOHN'S,8403500,8403500.1941.7.3,1941-07-03 00:00:00,NL,1941,7,3,12.8,,7.2,,18.3,,0,,0,,0,,,,,,,,0,,5.2,,,,,
-52.7,47.56666666666667,ST JOHN'S,8403500,8403500.1941.7.4,1941-07-04 00:00:00,NL,1941,7,4,14.5,,8.9,,20,,0,,0,,0,,,,,,,,0,,3.5,,,,,
-52.7,47.56666666666667,ST JOHN'S,8403500,8403500.1941.7.5,1941-07-05 00:00:00,NL,1941,7,5,14.2,,8.3,,20,,0,,0,,0,,,,,,,,0,,3.8,,,,,
-52.7,47.56666666666667,ST JOHN'S,8403500,8403500.1941.7.6,1941-07-06 00:00:00,NL,1941,7,6,15.6,,5.6,,25.6,,0,,0,,0,,,,,,,,0,,2.4,,,,,
-52.7,47.56666666666667,ST JOHN'S,8403500,8403500.1941.7.7,1941-07-07 00:00:00,NL,1941,7,7,19.5,,13.9,,25,,0,T,0,T,0,,,,,,,,1.5,,0,,,,,
-52.7,47.56666666666667,ST JOHN'S,8403500,8403500.1941.7.8,1941-07-08 00:00:00,NL,1941,7,8,14.8,,12.8,,16.7,,23.1,,23.1,,0,,,,,,,,0,,3.2,,,,,
-52.7,47.56666666666667,ST JOHN'S,8403500,8403500.1941.7.9,1941-07-09 00:00:00,NL,1941,7,9,13.6,,7.8,,19.4,,11.4,,11.4,,0,,,,,,,,0,,4.4,,,,,
-52.7,47.56666666666667,ST JOHN'S,8403500,8403500.1941.7.10,1941-07-10 00:00:00,NL,1941,7,10,18.9,,16.1,,21.7,,1.5,,1.5,,0,,,,,,,,0.9,,0,,,,,
-52.7,47.56666666666667,ST JOHN'S,8403500,8403500.1941.7.11,1941-07-11 00:00:00,NL,1941,7,11,20.3,,16.7,,23.9,,0,,0,,0,,,,,,,,2.3,,0,,,,,
-52.7,47.56666666666667,ST JOHN'S,8403500,8403500.1941.7.12,1941-07-12 00:00:00,NL,1941,7,12,20.6,,14.4,,26.7,,0.3,,0.3,,0,,,,,,,,2.6,,0,,,,,
-52.7,47.56666666666667,ST JOHN'S,8403500,8403500.1941.7.13,1941-07-13 00:00:00,NL,1941,7,13,14.2,,8.3,,20,,7.6,,7.6,,0,,,,,,,,0,,3.8,,,,,
-52.7,47.56666666666667,ST JOHN'S,8403500,8403500.1941.7.14,1941-07-14 00:00:00,NL,1941,7,14,18.9,,16.1,,21.7,,0,T,0,T,0,,,,,,,,0.9,,0,,,,,
-52.7,47.56666666666667,ST JOHN'S,8403500,8403500.1941.7.15,1941-07-15 00:00:00,NL,1941,7,15,18.7,,11.7,,25.6,,0,,0,,0,,,,,,,,0.7,,0,,,,,
-52.7,47.56666666666667,ST JOHN'S,8403500,8403500.1941.7.16,1941-07-16 00:00:00,NL,1941,7,16,18.9,,11.7,,26.1,,0,T,0,T,0,,,,,,,,0.9,,0,,,,,
-52.7,47.56666666666667,ST JOHN'S,8403500,8403500.1941.7.17,1941-07-17 00:00:00,NL,1941,7,17,12.3,,8.9,,15.6,,0,T,0,T,0,,,,,,,,0,,5.7,,,,,
-52.7,47.56666666666667,ST JOHN'S,8403500,8403500.1941.7.18,1941-07-18 00:00:00,NL,1941,7,18,19.5,,12.8,,26.1,,0,,0,,0,,,,,,,,1.5,,0,,,,,
-52.7,47.56666666666667,ST JOHN'S,8403500,8403500.1941.7.19,1941-07-19 00:00:00,NL,1941,7,19,18.3,,14.4,,22.2,,0,T,0,T,0,,,,,,,,0.3,,0,,,,,
-52.7,47.56666666666667,ST JOHN'S,8403500,8403500.1941.7.20,1941-07-20 00:00:00,NL,1941,7,20,21.4,,15.6,,27.2,,0,,0,,0,,,,,,,,3.4,,0,,,,,
-52.7,47.56666666666667,ST JOHN'S,8403500,8403500.1941.7.21,1941-07-21 00:00:00,NL,1941,7,21,22.2,,18.3,,26.1,,0,,0,,0,,,,,,,,4.2,,0,,,,,
-52.7,47.56666666666667,ST JOHN'S,8403500,8403500.1941.7.22,1941-07-22 00:00:00,NL,1941,7,22,19.7,,13.3,,26.1,,0,,0,,0,,,,,,,,1.7,,0,,,,,
-52.7,47.56666666666667,ST JOHN'S,8403500,8403500.1941.7.23,1941-07-23 00:00:00,NL,1941,7,23,20.6,,13.9,,27.2,,0,,0,,0,,,,,,,,2.6,,0,,,,,
-52.7,47.56666666666667,ST JOHN'S,8403500,8403500.1941.7.24,1941-07-24 00:00:00,NL,1941,7,24,21.4,,15,,27.8,,0,,0,,0,,,,,,,,3.4,,0,,,,,
-52.7,47.56666666666667,ST JOHN'S,8403500,8403500.1941.7.25,1941-07-25 00:00:00,NL,1941,7,25,20.9,,15.6,,26.1,,0,,0,,0,,,,,,,,2.9,,0,,,,,
-52.7,47.56666666666667,ST JOHN'S,8403500,8403500.1941.7.26,1941-07-26 00:00:00,NL,1941,7,26,11.7,,10,,13.3,,17.5,,17.5,,0,,,,,,,,0,,6.3,,,,,
-52.7,47.56666666666667,ST JOHN'S,8403500,8403500.1941.7.27,1941-07-27 00:00:00,NL,1941,7,27,14.7,,11.1,,18.3,,17.8,,17.8,,0,,,,,,,,0,,3.3,,,,,
-52.7,47.56666666666667,ST JOHN'S,8403500,8403500.1941.7.28,1941-07-28 00:00:00,NL,1941,7,28,14.2,,10,,18.3,,1.3,,1.3,,0,,,,,,,,0,,3.8,,,,,
-52.7,47.56666666666667,ST JOHN'S,8403500,8403500.1941.7.29,1941-07-29 00:00:00,NL,1941,7,29,12.5,,11.1,,13.9,,0,T,0,T,0,,,,,,,,0,,5.5,,,,,
-52.7,47.56666666666667,ST JOHN'S,8403500,8403500.1941.7.30,1941-07-30 00:00:00,NL,1941,7,30,13.1,,10,,16.1,,0,T,0,T,0,,,,,,,,0,,4.9,,,,,
-52.7,47.56666666666667,ST JOHN'S,8403500,8403500.1941.7.31,1941-07-31 00:00:00,NL,1941,7,31,15.6,,11.1,,20,,0,,0,,0,,,,,,,,0,,2.4,,,,,
-52.7,47.56666666666667,ST JOHN'S,8403500,8403500.1941.8.1,1941-08-01 00:00:00,NL,1941,8,1,16.2,,10.6,,21.7,,0,,0,,0,,,,,,,,0,,1.8,,,,,
-52.7,47.56666666666667,ST JOHN'S,8403500,8403500.1941.8.2,1941-08-02 00:00:00,NL,1941,8,2,13.6,,11.1,,16.1,,41.9,,41.9,,0,,,,,,,,0,,4.4,,,,,
-52.7,47.56666666666667,ST JOHN'S,8403500,8403500.1941.8.3,1941-08-03 00:00:00,NL,1941,8,3,14.7,,12.2,,17.2,,35.6,,35.6,,0,,,,,,,,0,,3.3,,,,,
-52.7,47.56666666666667,ST JOHN'S,8403500,8403500.1941.8.4,1941-08-04 00:00:00,NL,1941,8,4,17,,12.8,,21.1,,0,T,0,T,0,,,,,,,,0,,1,,,,,
-52.7,47.56666666666667,ST JOHN'S,8403500,8403500.1941.8.5,1941-08-05 00:00:00,NL,1941,8,5,13.7,,11.7,,15.6,,0,,0,,0,,,,,,,,0,,4.3,,,,,
-52.7,47.56666666666667,ST JOHN'S,8403500,8403500.1941.8.6,1941-08-06 00:00:00,NL,1941,8,6,17,,12.2,,21.7,,0,T,0,T,0,,,,,,,,0,,1,,,,,
-52.7,47.56666666666667,ST JOHN'S,8403500,8403500.1941.8.7,1941-08-07 00:00:00,NL,1941,8,7,14.5,,10,,18.9,,0.3,,0.3,,0,,,,,,,,0,,3.5,,,,,
-52.7,47.56666666666667,ST JOHN'S,8403500,8403500.1941.8.8,1941-08-08 00:00:00,NL,1941,8,8,17.8,,11.7,,23.9,,1.8,,1.8,,0,,,,,,,,0,,0.2,,,,,
-52.7,47.56666666666667,ST JOHN'S,8403500,8403500.1941.8.9,1941-08-09 00:00:00,NL,1941,8,9,17.2,,13.3,,21.1,,0.3,,0.3,,0,,,,,,,,0,,0.8,,,,,
-52.7,47.56666666666667,ST JOHN'S,8403500,8403500.1941.8.10,1941-08-10 00:00:00,NL,1941,8,10,17,,12.2,,21.7,,34.5,,34.5,,0,,,,,,,,0,,1,,,,,
-52.7,47.56666666666667,ST JOHN'S,8403500,8403500.1941.8.11,1941-08-11 00:00:00,NL,1941,8,11,19.5,,15.6,,23.3,,2.8,,2.8,,0,,,,,,,,1.5,,0,,,,,
-52.7,47.56666666666667,ST JOHN'S,8403500,8403500.1941.8.12,1941-08-12 00:00:00,NL,1941,8,12,17,,13.9,,20,,0,T,0,T,0,,,,,,,,0,,1,,,,,
-52.7,47.56666666666667,ST JOHN'S,8403500,8403500.1941.8.13,1941-08-13 00:00:00,NL,1941,8,13,15,,12.2,,17.8,,19.6,,19.6,,0,,,,,,,,0,,3,,,,,
-52.7,47.56666666666667,ST JOHN'S,8403500,8403500.1941.8.14,1941-08-14 00:00:00,NL,1941,8,14,15.6,,12.8,,18.3,,0,,0,,0,,,,,,,,0,,2.4,,,,,
-52.7,47.56666666666667,ST JOHN'S,8403500,8403500.1941.8.15,1941-08-15 00:00:00,NL,1941,8,15,14.8,,7.8,,21.7,,0,,0,,0,,,,,,,,0,,3.2,,,,,
-52.7,47.56666666666667,ST JOHN'S,8403500,8403500.1941.8.16,1941-08-16 00:00:00,NL,1941,8,16,14.2,,10,,18.3,,0,T,0,T,0,,,,,,,,0,,3.8,,,,,
-52.7,47.56666666666667,ST JOHN'S,8403500,8403500.1941.8.17,1941-08-17 00:00:00,NL,1941,8,17,14.7,,12.2,,17.2,,4.3,,4.3,,0,,,,,,,,0,,3.3,,,,,
-52.7,47.56666666666667,ST JOHN'S,8403500,8403500.1941.8.18,1941-08-18 00:00:00,NL,1941,8,18,15,,12.8,,17.2,,0,,0,,0,,,,,,,,0,,3,,,,,
-52.7,47.56666666666667,ST JOHN'S,8403500,8403500.1941.8.19,1941-08-19 00:00:00,NL,1941,8,19,15,,10,,20,,0,,0,,0,,,,,,,,0,,3,,,,,
-52.7,47.56666666666667,ST JOHN'S,8403500,8403500.1941.8.20,1941-08-20 00:00:00,NL,1941,8,20,14.2,,9.4,,18.9,,8.9,,8.9,,0,,,,,,,,0,,3.8,,,,,
-52.7,47.56666666666667,ST JOHN'S,8403500,8403500.1941.8.21,1941-08-21 00:00:00,NL,1941,8,21,16.4,,11.7,,21.1,,0,,0,,0,,,,,,,,0,,1.6,,,,,
-52.7,47.56666666666667,ST JOHN'S,8403500,8403500.1941.8.22,1941-08-22 00:00:00,NL,1941,8,22,14.2,,8.9,,19.4,,0,,0,,0,,,,,,,,0,,3.8,,,,,
-52.7,47.56666666666667,ST JOHN'S,8403500,8403500.1941.8.23,1941-08-23 00:00:00,NL,1941,8,23,12.2,,7.2,,17.2,,0,,0,,0,,,,,,,,0,,5.8,,,,,
-52.7,47.56666666666667,ST JOHN'S,8403500,8403500.1941.8.24,1941-08-24 00:00:00,NL,1941,8,24,15.6,,13.3,,17.8,,8.4,,8.4,,0,,,,,,,,0,,2.4,,,,,
-52.7,47.56666666666667,ST JOHN'S,8403500,8403500.1941.8.25,1941-08-25 00:00:00,NL,1941,8,25,14.7,,11.1,,18.3,,0,,0,,0,,,,,,,,0,,3.3,,,,,
-52.7,47.56666666666667,ST JOHN'S,8403500,8403500.1941.8.26,1941-08-26 00:00:00,NL,1941,8,26,14.7,,11.1,,18.3,,10.9,,10.9,,0,,,,,,,,0,,3.3,,,,,
-52.7,47.56666666666667,ST JOHN'S,8403500,8403500.1941.8.27,1941-08-27 00:00:00,NL,1941,8,27,17,,12.8,,21.1,,0.3,,0.3,,0,,,,,,,,0,,1,,,,,
-52.7,47.56666666666667,ST JOHN'S,8403500,8403500.1941.8.28,1941-08-28 00:00:00,NL,1941,8,28,14.7,,11.1,,18.3,,0.3,,0.3,,0,,,,,,,,0,,3.3,,,,,
-52.7,47.56666666666667,ST JOHN'S,8403500,8403500.1941.8.29,1941-08-29 00:00:00,NL,1941,8,29,11.7,,9.4,,13.9,,0,T,0,T,0,,,,,,,,0,,6.3,,,,,
-52.7,47.56666666666667,ST JOHN'S,8403500,8403500.1941.8.30,1941-08-30 00:00:00,NL,1941,8,30,8.9,,5,,12.8,,0.3,,0.3,,0,,,,,,,,0,,9.1,,,,,
-52.7,47.56666666666667,ST JOHN'S,8403500,8403500.1941.8.31,1941-08-31 00:00:00,NL,1941,8,31,10.6,,5,,16.1,,0,,0,,0,,,,,,,,0,,7.4,,,,,
-52.7,47.56666666666667,ST JOHN'S,8403500,8403500.1941.9.1,1941-09-01 00:00:00,NL,1941,9,1,10.3,,6.1,,14.4,,0,,0,,0,,,,,,,,0,,7.7,,,,,
-52.7,47.56666666666667,ST JOHN'S,8403500,8403500.1941.9.2,1941-09-02 00:00:00,NL,1941,9,2,9.2,,7.2,,11.1,,42.2,,42.2,,0,,,,,,,,0,,8.8,,,,,
-52.7,47.56666666666667,ST JOHN'S,8403500,8403500.1941.9.3,1941-09-03 00:00:00,NL,1941,9,3,12.3,,8.9,,15.6,,2.5,,2.5,,0,,,,,,,,0,,5.7,,,,,
-52.7,47.56666666666667,ST JOHN'S,8403500,8403500.1941.9.4,1941-09-04 00:00:00,NL,1941,9,4,8.3,,7.2,,9.4,,1.8,,1.8,,0,,,,,,,,0,,9.7,,,,,
-52.7,47.56666666666667,ST JOHN'S,8403500,8403500.1941.9.5,1941-09-05 00:00:00,NL,1941,9,5,8.7,,6.7,,10.6,,0,T,0,T,0,,,,,,,,0,,9.3,,,,,
-52.7,47.56666666666667,ST JOHN'S,8403500,8403500.1941.9.6,1941-09-06 00:00:00,NL,1941,9,6,10.9,,6.7,,15,,0,,0,,0,,,,,,,,0,,7.1,,,,,
-52.7,47.56666666666667,ST JOHN'S,8403500,8403500.1941.9.7,1941-09-07 00:00:00,NL,1941,9,7,9.8,,6.7,,12.8,,5.6,,5.6,,0,,,,,,,,0,,8.2,,,,,
-52.7,47.56666666666667,ST JOHN'S,8403500,8403500.1941.9.8,1941-09-08 00:00:00,NL,1941,9,8,11.1,,8.9,,13.3,,0.5,,0.5,,0,,,,,,,,0,,6.9,,,,,
-52.7,47.56666666666667,ST JOHN'S,8403500,8403500.1941.9.9,1941-09-09 00:00:00,NL,1941,9,9,8.9,,7.2,,10.6,,0.3,,0.3,,0,,,,,,,,0,,9.1,,,,,
-52.7,47.56666666666667,ST JOHN'S,8403500,8403500.1941.9.10,1941-09-10 00:00:00,NL,1941,9,10,8.4,,6.7,,10,,0,T,0,T,0,,,,,,,,0,,9.6,,,,,
-52.7,47.56666666666667,ST JOHN'S,8403500,8403500.1941.9.11,1941-09-11 00:00:00,NL,1941,9,11,9.8,,5.6,,13.9,,1.8,,1.8,,0,,,,,,,,0,,8.2,,,,,
-52.7,47.56666666666667,ST JOHN'S,8403500,8403500.1941.9.12,1941-09-12 00:00:00,NL,1941,9,12,15,,10,,20,,0,,0,,0,,,,,,,,0,,3,,,,,
-52.7,47.56666666666667,ST JOHN'S,8403500,8403500.1941.9.13,1941-09-13 00:00:00,NL,1941,9,13,11.4,,4.4,,18.3,,0,,0,,0,,,,,,,,0,,6.6,,,,,
-52.7,47.56666666666667,ST JOHN'S,8403500,8403500.1941.9.14,1941-09-14 00:00:00,NL,1941,9,14,7.8,,4.4,,11.1,,0,T,0,T,0,,,,,,,,0,,10.2,,,,,
-52.7,47.56666666666667,ST JOHN'S,8403500,8403500.1941.9.15,1941-09-15 00:00:00,NL,1941,9,15,7,,3.3,,10.6,,1.5,,1.5,,0,,,,,,,,0,,11,,,,,
-52.7,47.56666666666667,ST JOHN'S,8403500,8403500.1941.9.16,1941-09-16 00:00:00,NL,1941,9,16,9.2,,6.7,,11.7,,0,T,0,T,0,,,,,,,,0,,8.8,,,,,
-52.7,47.56666666666667,ST JOHN'S,8403500,8403500.1941.9.17,1941-09-17 00:00:00,NL,1941,9,17,7.5,,3.9,,11.1,,15.2,,15.2,,0,,,,,,,,0,,10.5,,,,,
-52.7,47.56666666666667,ST JOHN'S,8403500,8403500.1941.9.18,1941-09-18 00:00:00,NL,1941,9,18,10,,4.4,,15.6,,1.3,,1.3,,0,,,,,,,,0,,8,,,,,
-52.7,47.56666666666667,ST JOHN'S,8403500,8403500.1941.9.19,1941-09-19 00:00:00,NL,1941,9,19,7.2,,4.4,,10,,2.3,,2.3,,0,,,,,,,,0,,10.8,,,,,
-52.7,47.56666666666667,ST JOHN'S,8403500,8403500.1941.9.20,1941-09-20 00:00:00,NL,1941,9,20,5.8,,2.2,,9.4,,0,T,0,T,0,,,,,,,,0,,12.2,,,,,
-52.7,47.56666666666667,ST JOHN'S,8403500,8403500.1941.9.21,1941-09-21 00:00:00,NL,1941,9,21,10.9,,6.1,,15.6,,5.3,,5.3,,0,,,,,,,,0,,7.1,,,,,
-52.7,47.56666666666667,ST JOHN'S,8403500,8403500.1941.9.22,1941-09-22 00:00:00,NL,1941,9,22,8.3,,4.4,,12.2,,4.1,,4.1,,0,,,,,,,,0,,9.7,,,,,
-52.7,47.56666666666667,ST JOHN'S,8403500,8403500.1941.9.23,1941-09-23 00:00:00,NL,1941,9,23,8.6,,3.3,,13.9,,1,,1,,0,,,,,,,,0,,9.4,,,,,
-52.7,47.56666666666667,ST JOHN'S,8403500,8403500.1941.9.24,1941-09-24 00:00:00,NL,1941,9,24,6.7,,2.2,,11.1,,0,,0,,0,,,,,,,,0,,11.3,,,,,
-52.7,47.56666666666667,ST JOHN'S,8403500,8403500.1941.9.25,1941-09-25 00:00:00,NL,1941,9,25,10,,5,,15,,0,,0,,0,,,,,,,,0,,8,,,,,
-52.7,47.56666666666667,ST JOHN'S,8403500,8403500.1941.9.26,1941-09-26 00:00:00,NL,1941,9,26,12.2,,6.1,,18.3,,0.3,,0.3,,0,,,,,,,,0,,5.8,,,,,
-52.7,47.56666666666667,ST JOHN'S,8403500,8403500.1941.9.27,1941-09-27 00:00:00,NL,1941,9,27,8.3,,4.4,,12.2,,0,,0,,0,,,,,,,,0,,9.7,,,,,
-52.7,47.56666666666667,ST JOHN'S,8403500,8403500.1941.9.28,1941-09-28 00:00:00,NL,1941,9,28,9.5,,2.2,,16.7,,0,T,0,T,0,,,,,,,,0,,8.5,,,,,
-52.7,47.56666666666667,ST JOHN'S,8403500,8403500.1941.9.29,1941-09-29 00:00:00,NL,1941,9,29,8.6,,3.9,,13.3,,0.5,,0.5,,0,,,,,,,,0,,9.4,,,,,
-52.7,47.56666666666667,ST JOHN'S,8403500,8403500.1941.9.30,1941-09-30 00:00:00,NL,1941,9,30,4.5,,-1.1,,10,,0,,0,,0,,,,,,,,0,,13.5,,,,,
-52.7,47.56666666666667,ST JOHN'S,8403500,8403500.1941.10.1,1941-10-01 00:00:00,NL,1941,10,1,6.4,,1.7,,11.1,,6.6,,6.6,,0,,,,,,,,0,,11.6,,,,,
-52.7,47.56666666666667,ST JOHN'S,8403500,8403500.1941.10.2,1941-10-02 00:00:00,NL,1941,10,2,8.9,,5.6,,12.2,,0,T,0,T,0,,,,,,,,0,,9.1,,,,,
-52.7,47.56666666666667,ST JOHN'S,8403500,8403500.1941.10.3,1941-10-03 00:00:00,NL,1941,10,3,3.7,,1.7,,5.6,,0,,0,,0,,,,,,,,0,,14.3,,,,,
-52.7,47.56666666666667,ST JOHN'S,8403500,8403500.1941.10.4,1941-10-04 00:00:00,NL,1941,10,4,4.7,,0,,9.4,,9.7,,9.7,,0,,,,,,,,0,,13.3,,,,,
-52.7,47.56666666666667,ST JOHN'S,8403500,8403500.1941.10.5,1941-10-05 00:00:00,NL,1941,10,5,6.4,,5.6,,7.2,,0.3,,0.3,,0,,,,,,,,0,,11.6,,,,,
-52.7,47.56666666666667,ST JOHN'S,8403500,8403500.1941.10.6,1941-10-06 00:00:00,NL,1941,10,6,3.6,,2.8,,4.4,,0,T,0,T,0,,,,,,,,0,,14.4,,,,,
-52.7,47.56666666666667,ST JOHN'S,8403500,8403500.1941.10.7,1941-10-07 00:00:00,NL,1941,10,7,3.6,,0,,7.2,,0.3,,0.3,,0,,,,,,,,0,,14.4,,,,,
-52.7,47.56666666666667,ST JOHN'S,8403500,8403500.1941.10.8,1941-10-08 00:00:00,NL,1941,10,8,3.4,,-1.1,,7.8,,20.6,,20.6,,0,,,,,,,,0,,14.6,,,,,
-52.7,47.56666666666667,ST JOHN'S,8403500,8403500.1941.10.9,1941-10-09 00:00:00,NL,1941,10,9,4.5,,2.2,,6.7,,0,T,0,T,0,,,,,,,,0,,13.5,,,,,
-52.7,47.56666666666667,ST JOHN'S,8403500,8403500.1941.10.10,1941-10-10 00:00:00,NL,1941,10,10,5.3,,1.1,,9.4,,0,T,0,T,0,,,,,,,,0,,12.7,,,,,
-52.7,47.56666666666667,ST JOHN'S,8403500,8403500.1941.10.11,1941-10-11 00:00:00,NL,1941,10,11,6.7,,2.2,,11.1,,25.7,,25.7,,0,,,,,,,,0,,11.3,,,,,
-52.7,47.56666666666667,ST JOHN'S,8403500,8403500.1941.10.12,1941-10-12 00:00:00,NL,1941,10,12,6.4,,3.3,,9.4,,0.5,,0.5,,0,,,,,,,,0,,11.6,,,,,
-52.7,47.56666666666667,ST JOHN'S,8403500,8403500.1941.10.13,1941-10-13 00:00:00,NL,1941,10,13,5.9,,1.1,,10.6,,1.5,,1.5,,0,,,,,,,,0,,12.1,,,,,
-52.7,47.56666666666667,ST JOHN'S,8403500,8403500.1941.10.14,1941-10-14 00:00:00,NL,1941,10,14,5.8,,3.3,,8.3,,0,T,0,T,0,,,,,,,,0,,12.2,,,,,
-52.7,47.56666666666667,ST JOHN'S,8403500,8403500.1941.10.15,1941-10-15 00:00:00,NL,1941,10,15,6.4,,1.1,,11.7,,1.5,,1.5,,0,,,,,,,,0,,11.6,,,,,
-52.7,47.56666666666667,ST JOHN'S,8403500,8403500.1941.10.16,1941-10-16 00:00:00,NL,1941,10,16,9.2,,6.1,,12.2,,0.5,,0.5,,0,,,,,,,,0,,8.8,,,,,
-52.7,47.56666666666667,ST JOHN'S,8403500,8403500.1941.10.17,1941-10-17 00:00:00,NL,1941,10,17,4.8,,2.8,,6.7,,4.6,,4.6,,0,,,,,,,,0,,13.2,,,,,
-52.7,47.56666666666667,ST JOHN'S,8403500,8403500.1941.10.18,1941-10-18 00:00:00,NL,1941,10,18,5,,0.6,,9.4,,3,,3,,0,,,,,,,,0,,13,,,,,
-52.7,47.56666666666667,ST JOHN'S,8403500,8403500.1941.10.19,1941-10-19 00:00:00,NL,1941,10,19,6.9,,4.4,,9.4,,16.3,,16.3,,0,,,,,,,,0,,11.1,,,,,
-52.7,47.56666666666667,ST JOHN'S,8403500,8403500.1941.10.20,1941-10-20 00:00:00,NL,1941,10,20,2.5,,0,,5,,5.8,,5.8,,0,,,,,,,,0,,15.5,,,,,
-52.7,47.56666666666667,ST JOHN'S,8403500,8403500.1941.10.21,1941-10-21 00:00:00,NL,1941,10,21,2.8,,0,,5.6,,0,T,0,T,0,,,,,,,,0,,15.2,,,,,
-52.7,47.56666666666667,ST JOHN'S,8403500,8403500.1941.10.22,1941-10-22 00:00:00,NL,1941,10,22,6.4,,1.7,,11.1,,0,,0,,0,,,,,,,,0,,11.6,,,,,
-52.7,47.56666666666667,ST JOHN'S,8403500,8403500.1941.10.23,1941-10-23 00:00:00,NL,1941,10,23,5.3,,0,,10.6,,0,,0,,0,,,,,,,,0,,12.7,,,,,
-52.7,47.56666666666667,ST JOHN'S,8403500,8403500.1941.10.24,1941-10-24 00:00:00,NL,1941,10,24,5.9,,2.8,,8.9,,3.6,,3.6,,0,,,,,,,,0,,12.1,,,,,
-52.7,47.56666666666667,ST JOHN'S,8403500,8403500.1941.10.25,1941-10-25 00:00:00,NL,1941,10,25,4.8,,0.6,,8.9,,22.1,,22.1,,0,,,,,,,,0,,13.2,,,,,
-52.7,47.56666666666667,ST JOHN'S,8403500,8403500.1941.10.26,1941-10-26 00:00:00,NL,1941,10,26,6.7,,3.3,,10,,8.6,,8.6,,0,,,,,,,,0,,11.3,,,,,
-52.7,47.56666666666667,ST JOHN'S,8403500,8403500.1941.10.27,1941-10-27 00:00:00,NL,1941,10,27,5,,0.6,,9.4,,0,,0,,0,,,,,,,,0,,13,,,,,
-52.7,47.56666666666667,ST JOHN'S,8403500,8403500.1941.10.28,1941-10-28 00:00:00,NL,1941,10,28,8.9,,3.3,,14.4,,0,T,0,T,0,,,,,,,,0,,9.1,,,,,
-52.7,47.56666666666667,ST JOHN'S,8403500,8403500.1941.10.29,1941-10-29 00:00:00,NL,1941,10,29,7.8,,2.2,,13.3,,14.7,,14.7,,0,,,,,,,,0,,10.2,,,,,
-52.7,47.56666666666667,ST JOHN'S,8403500,8403500.1941.10.30,1941-10-30 00:00:00,NL,1941,10,30,1.4,,-1.7,,4.4,,0,,0,,0,,,,,,,,0,,16.6,,,,,
-52.7,47.56666666666667,ST JOHN'S,8403500,8403500.1941.10.31,1941-10-31 00:00:00,NL,1941,10,31,0.3,,-2.2,,2.8,,1.3,,0,,1.3,,,,,,,,0,,17.7,,,,,
-52.7,47.56666666666667,ST JOHN'S,8403500,8403500.1941.11.1,1941-11-01 00:00:00,NL,1941,11,1,1.7,,0,,3.3,,1.3,,0,T,1.3,,,,,,,,0,,16.3,,,,,
-52.7,47.56666666666667,ST JOHN'S,8403500,8403500.1941.11.2,1941-11-02 00:00:00,NL,1941,11,2,0.8,,-1.7,,3.3,,1.3,,1.3,,0,T,,,,,,,0,,17.2,,,,,
-52.7,47.56666666666667,ST JOHN'S,8403500,8403500.1941.11.3,1941-11-03 00:00:00,NL,1941,11,3,3.6,,1.1,,6.1,,5.1,,5.1,,0,,,,,,,,0,,14.4,,,,,
-52.7,47.56666666666667,ST JOHN'S,8403500,8403500.1941.11.4,1941-11-04 00:00:00,NL,1941,11,4,5.8,,4.4,,7.2,,0.5,,0.5,,0,,,,,,,,0,,12.2,,,,,
-52.7,47.56666666666667,ST JOHN'S,8403500,8403500.1941.11.5,1941-11-05 00:00:00,NL,1941,11,5,4.7,,0,,9.4,,0,T,0,T,0,,,,,,,,0,,13.3,,,,,
-52.7,47.56666666666667,ST JOHN'S,8403500,8403500.1941.11.6,1941-11-06 00:00:00,NL,1941,11,6,4.8,,1.7,,7.8,,0,,0,,0,,,,,,,,0,,13.2,,,,,
-52.7,47.56666666666667,ST JOHN'S,8403500,8403500.1941.11.7,1941-11-07 00:00:00,NL,1941,11,7,5.9,,3.9,,7.8,,22.6,,22.6,,0,,,,,,,,0,,12.1,,,,,
-52.7,47.56666666666667,ST JOHN'S,8403500,8403500.1941.11.8,1941-11-08 00:00:00,NL,1941,11,8,3.9,,2.8,,5,,1.3,,1.3,,0,,,,,,,,0,,14.1,,,,,
-52.7,47.56666666666667,ST JOHN'S,8403500,8403500.1941.11.9,1941-11-09 00:00:00,NL,1941,11,9,6.4,,3.3,,9.4,,3.3,,3.3,,0,,,,,,,,0,,11.6,,,,,
-52.7,47.56666666666667,ST JOHN'S,8403500,8403500.1941.11.10,1941-11-10 00:00:00,NL,1941,11,10,5,,4.4,,5.6,,4.8,,4.8,,0,,,,,,,,0,,13,,,,,
-52.7,47.56666666666667,ST JOHN'S,8403500,8403500.1941.11.11,1941-11-11 00:00:00,NL,1941,11,11,4.2,,1.7,,6.7,,0.3,,0.3,,0,,,,,,,,0,,13.8,,,,,
-52.7,47.56666666666667,ST JOHN'S,8403500,8403500.1941.11.12,1941-11-12 00:00:00,NL,1941,11,12,4.2,,1.1,,7.2,,0,T,0,T,0,T,,,,,,,0,,13.8,,,,,
-52.7,47.56666666666667,ST JOHN'S,8403500,8403500.1941.11.13,1941-11-13 00:00:00,NL,1941,11,13,3.9,,2.2,,5.6,,3.3,,3.3,,0,T,,,,,,,0,,14.1,,,,,
-52.7,47.56666666666667,ST JOHN'S,8403500,8403500.1941.11.14,1941-11-14 00:00:00,NL,1941,11,14,0.3,,-0.6,,1.1,,2.5,,0,,2.5,,,,,,,,0,,17.7,,,,,
-52.7,47.56666666666667,ST JOHN'S,8403500,8403500.1941.11.15,1941-11-15 00:00:00,NL,1941,11,15,1.7,,0,,3.3,,0.3,,0,T,0.3,,,,,,,,0,,16.3,,,,,
-52.7,47.56666666666667,ST JOHN'S,8403500,8403500.1941.11.16,1941-11-16 00:00:00,NL,1941,11,16,4.4,,-0.6,,9.4,,31,,31,,0,,,,,,,,0,,13.6,,,,,
-52.7,47.56666666666667,ST JOHN'S,8403500,8403500.1941.11.17,1941-11-17 00:00:00,NL,1941,11,17,2.8,,-3.9,,9.4,,2.3,,0,,2.3,,,,,,,,0,,15.2,,,,,
-52.7,47.56666666666667,ST JOHN'S,8403500,8403500.1941.11.18,1941-11-18 00:00:00,NL,1941,11,18,-5,,-7.8,,-2.2,,0,,0,,0,,,,,,,,0,,23,,,,,
-52.7,47.56666666666667,ST JOHN'S,8403500,8403500.1941.11.19,1941-11-19 00:00:00,NL,1941,11,19,-1.1,,-4.4,,2.2,,0.3,,0,,0.3,,,,,,,,0,,19.1,,,,,
-52.7,47.56666666666667,ST JOHN'S,8403500,8403500.1941.11.20,1941-11-20 00:00:00,NL,1941,11,20,2.3,,-1.1,,5.6,,11.7,,5.6,,6.1,,,,,,,,0,,15.7,,,,,
-52.7,47.56666666666667,ST JOHN'S,8403500,8403500.1941.11.21,1941-11-21 00:00:00,NL,1941,11,21,5.6,,0.6,,10.6,,2,,2,,0,,,,,,,,0,,12.4,,,,,
-52.7,47.56666666666667,ST JOHN'S,8403500,8403500.1941.11.22,1941-11-22 00:00:00,NL,1941,11,22,1.1,,-1.1,,3.3,,0,T,0,,0,T,,,,,,,0,,16.9,,,,,
-52.7,47.56666666666667,ST JOHN'S,8403500,8403500.1941.11.23,1941-11-23 00:00:00,NL,1941,11,23,0,,-1.7,,1.7,,6.4,,5.1,,1.3,,,,,,,,0,,18,,,,,
-52.7,47.56666666666667,ST JOHN'S,8403500,8403500.1941.11.24,1941-11-24 00:00:00,NL,1941,11,24,3.9,,-1.1,,8.9,,1.5,,1.5,,0,T,,,,,,,0,,14.1,,,,,
-52.7,47.56666666666667,ST JOHN'S,8403500,8403500.1941.11.25,1941-11-25 00:00:00,NL,1941,11,25,0,,-1.1,,1.1,,0.8,,0,,0.8,,,,,,,,0,,18,,,,,
-52.7,47.56666666666667,ST JOHN'S,8403500,8403500.1941.11.26,1941-11-26 00:00:00,NL,1941,11,26,-1.1,,-6.1,,3.9,,8.4,,8.4,,0,T,,,,,,,0,,19.1,,,,,
-52.7,47.56666666666667,ST JOHN'S,8403500,8403500.1941.11.27,1941-11-27 00:00:00,NL,1941,11,27,2.5,,0,,5,,2,,1.8,,0.3,,,,,,,,0,,15.5,,,,,
-52.7,47.56666666666667,ST JOHN'S,8403500,8403500.1941.11.28,1941-11-28 00:00:00,NL,1941,11,28,-5.9,,-7.8,,-3.9,,1.3,,0,,1.3,,,,,,,,0,,23.9,,,,,
-52.7,47.56666666666667,ST JOHN'S,8403500,8403500.1941.11.29,1941-11-29 00:00:00,NL,1941,11,29,-6.7,,-8.3,,-5,,11.4,,0,,11.4,,,,,,,,0,,24.7,,,,,
-52.7,47.56666666666667,ST JOHN'S,8403500,8403500.1941.11.30,1941-11-30 00:00:00,NL,1941,11,30,-8.9,,-10.6,,-7.2,,5.1,,0,,5.1,,,,,,,,0,,26.9,,,,,
-52.7,47.56666666666667,ST JOHN'S,8403500,8403500.1941.12.1,1941-12-01 00:00:00,NL,1941,12,1,-11.9,,-14.4,,-9.4,,0.5,,0,,0.5,,,,,,,,0,,29.9,,,,,
-52.7,47.56666666666667,ST JOHN'S,8403500,8403500.1941.12.2,1941-12-02 00:00:00,NL,1941,12,2,-5.3,,-14.4,,3.9,,4.8,,3.8,,1,,,,,,,,0,,23.3,,,,,
-52.7,47.56666666666667,ST JOHN'S,8403500,8403500.1941.12.3,1941-12-03 00:00:00,NL,1941,12,3,1.7,,-0.6,,3.9,,0,T,0,T,0,T,,,,,,,0,,16.3,,,,,
-52.7,47.56666666666667,ST JOHN'S,8403500,8403500.1941.12.4,1941-12-04 00:00:00,NL,1941,12,4,0,,-2.2,,2.2,,0,,0,,0,,,,,,,,0,,18,,,,,
-52.7,47.56666666666667,ST JOHN'S,8403500,8403500.1941.12.5,1941-12-05 00:00:00,NL,1941,12,5,-0.6,,-3.9,,2.8,,0,,0,,0,,,,,,,,0,,18.6,,,,,
-52.7,47.56666666666667,ST JOHN'S,8403500,8403500.1941.12.6,1941-12-06 00:00:00,NL,1941,12,6,-1.1,,-4.4,,2.2,,2.5,,2.5,,0,,,,,,,,0,,19.1,,,,,
-52.7,47.56666666666667,ST JOHN'S,8403500,8403500.1941.12.7,1941-12-07 00:00:00,NL,1941,12,7,4.2,,1.1,,7.2,,7.1,,7.1,,0,,,,,,,,0,,13.8,,,,,
-52.7,47.56666666666667,ST JOHN'S,8403500,8403500.1941.12.8,1941-12-08 00:00:00,NL,1941,12,8,6.1,,2.2,,10,,4.3,,4.3,,0,,,,,,,,0,,11.9,,,,,
-52.7,47.56666666666667,ST JOHN'S,8403500,8403500.1941.12.9,1941-12-09 00:00:00,NL,1941,12,9,1.7,,0.6,,2.8,,3.8,,1.3,,2.5,,,,,,,,0,,16.3,,,,,
-52.7,47.56666666666667,ST JOHN'S,8403500,8403500.1941.12.10,1941-12-10 00:00:00,NL,1941,12,10,0,,-0.6,,0.6,,1.8,,0,,1.8,,,,,,,,0,,18,,,,,
-52.7,47.56666666666667,ST JOHN'S,8403500,8403500.1941.12.11,1941-12-11 00:00:00,NL,1941,12,11,-1.2,,-1.7,,-0.6,,12.7,,0,,12.7,,,,,,,,0,,19.2,,,,,
-52.7,47.56666666666667,ST JOHN'S,8403500,8403500.1941.12.12,1941-12-12 00:00:00,NL,1941,12,12,-5,,-7.2,,-2.8,,0.3,,0,,0.3,,,,,,,,0,,23,,,,,
-52.7,47.56666666666667,ST JOHN'S,8403500,8403500.1941.12.13,1941-12-13 00:00:00,NL,1941,12,13,-5.9,,-7.8,,-3.9,,0,,0,,0,,,,,,,,0,,23.9,,,,,
-52.7,47.56666666666667,ST JOHN'S,8403500,8403500.1941.12.14,1941-12-14 00:00:00,NL,1941,12,14,-2.3,,-8.9,,4.4,,29.5,,28.2,,1.3,,,,,,,,0,,20.3,,,,,
-52.7,47.56666666666667,ST JOHN'S,8403500,8403500.1941.12.15,1941-12-15 00:00:00,NL,1941,12,15,1.9,,-0.6,,4.4,,0.3,,0.3,,0,T,,,,,,,0,,16.1,,,,,
-52.7,47.56666666666667,ST JOHN'S,8403500,8403500.1941.12.16,1941-12-16 00:00:00,NL,1941,12,16,-1.7,,-2.8,,-0.6,,0.3,,0,,0.3,,,,,,,,0,,19.7,,,,,
-52.7,47.56666666666667,ST JOHN'S,8403500,8403500.1941.12.17,1941-12-17 00:00:00,NL,1941,12,17,-0.6,,-4.4,,3.3,,13.2,,13.2,,0,,,,,,,,0,,18.6,,,,,
-52.7,47.56666666666667,ST JOHN'S,8403500,8403500.1941.12.18,1941-12-18 00:00:00,NL,1941,12,18,-5.3,,-6.7,,-3.9,,0,,0,,0,,,,,,,,0,,23.3,,,,,
-52.7,47.56666666666667,ST JOHN'S,8403500,8403500.1941.12.19,1941-12-19 00:00:00,NL,1941,12,19,-4.8,,-10.6,,1.1,,1.8,,0,,1.8,,,,,,,,0,,22.8,,,,,
-52.7,47.56666666666667,ST JOHN'S,8403500,8403500.1941.12.20,1941-12-20 00:00:00,NL,1941,12,20,-1.4,,-3.3,,0.6,,8.9,,0,T,8.9,,,,,,,,0,,19.4,,,,,
-52.7,47.56666666666667,ST JOHN'S,8403500,8403500.1941.12.21,1941-12-21 00:00:00,NL,1941,12,21,-0.6,,-3.3,,2.2,,0.3,,0,T,0.3,,,,,,,,0,,18.6,,,,,
-52.7,47.56666666666667,ST JOHN'S,8403500,8403500.1941.12.22,1941-12-22 00:00:00,NL,1941,12,22,0,,-1.1,,1.1,,4.3,,0,,4.3,,,,,,,,0,,18,,,,,
-52.7,47.56666666666667,ST JOHN'S,8403500,8403500.1941.12.23,1941-12-23 00:00:00,NL,1941,12,23,-0.3,,-1.1,,0.6,,2.3,,0,,2.3,,,,,,,,0,,18.3,,,,,
-52.7,47.56666666666667,ST JOHN'S,8403500,8403500.1941.12.24,1941-12-24 00:00:00,NL,1941,12,24,-1.4,,-1.7,,-1.1,,0,T,0,,0,T,,,,,,,0,,19.4,,,,,
-52.7,47.56666666666667,ST JOHN'S,8403500,8403500.1941.12.25,1941-12-25 00:00:00,NL,1941,12,25,-0.9,,-2.8,,1.1,,0,T,0,,0,T,,,,,,,0,,18.9,,,,,
-52.7,47.56666666666667,ST JOHN'S,8403500,8403500.1941.12.26,1941-12-26 00:00:00,NL,1941,12,26,-1.4,,-3.3,,0.6,,0,T,0,T,0,T,,,,,,,0,,19.4,,,,,
-52.7,47.56666666666667,ST JOHN'S,8403500,8403500.1941.12.27,1941-12-27 00:00:00,NL,1941,12,27,-0.3,,-2.2,,1.7,,0.5,,0,T,0.5,,,,,,,,0,,18.3,,,,,
-52.7,47.56666666666667,ST JOHN'S,8403500,8403500.1941.12.28,1941-12-28 00:00:00,NL,1941,12,28,-1.4,,-2.8,,0,,0.8,,0,,0.8,,,,,,,,0,,19.4,,,,,
-52.7,47.56666666666667,ST JOHN'S,8403500,8403500.1941.12.29,1941-12-29 00:00:00,NL,1941,12,29,-2,,-3.9,,0,,0,,0,,0,,,,,,,,0,,20,,,,,
-52.7,47.56666666666667,ST JOHN'S,8403500,8403500.1941.12.30,1941-12-30 00:00:00,NL,1941,12,30,-2.3,,-3.9,,-0.6,,1.3,,0,,1.3,,,,,,,,0,,20.3,,,,,
-52.7,47.56666666666667,ST JOHN'S,8403500,8403500.1941.12.31,1941-12-31 00:00:00,NL,1941,12,31,-0.9,,-1.1,,-0.6,,0.5,,0,,0.5,,,,,,,,0,,18.9,,,,,
-52.7,47.56666666666667,ST JOHN'S,8403500,8403500.1948.6.1,1948-06-01 00:00:00,NL,1948,6,1,,M,,M,,M,,M,,M,0,,,,,,,,,M,,M,,,,
-52.7,47.56666666666667,ST JOHN'S,8403500,8403500.1948.6.2,1948-06-02 00:00:00,NL,1948,6,2,,M,,M,,M,,M,,M,0,,,,,,,,,M,,M,,,,
-52.7,47.56666666666667,ST JOHN'S,8403500,8403500.1948.6.3,1948-06-03 00:00:00,NL,1948,6,3,,M,,M,,M,,M,,M,0,,,,,,,,,M,,M,,,,
-52.7,47.56666666666667,ST JOHN'S,8403500,8403500.1948.6.4,1948-06-04 00:00:00,NL,1948,6,4,,M,,M,,M,,M,,M,0,,,,,,,,,M,,M,,,,
-52.7,47.56666666666667,ST JOHN'S,8403500,8403500.1948.6.5,1948-06-05 00:00:00,NL,1948,6,5,,M,,M,,M,,M,,M,0,,,,,,,,,M,,M,,,,
-52.7,47.56666666666667,ST JOHN'S,8403500,8403500.1948.6.6,1948-06-06 00:00:00,NL,1948,6,6,,M,,M,,M,,M,,M,0,,,,,,,,,M,,M,,,,
-52.7,47.56666666666667,ST JOHN'S,8403500,8403500.1948.6.7,1948-06-07 00:00:00,NL,1948,6,7,,M,,M,,M,,M,,M,0,,,,,,,,,M,,M,,,,
-52.7,47.56666666666667,ST JOHN'S,8403500,8403500.1948.6.8,1948-06-08 00:00:00,NL,1948,6,8,,M,,M,,M,,M,,M,0,,,,,,,,,M,,M,,,,
-52.7,47.56666666666667,ST JOHN'S,8403500,8403500.1948.6.9,1948-06-09 00:00:00,NL,1948,6,9,,M,,M,,M,,M,,M,0,,,,,,,,,M,,M,,,,
-52.7,47.56666666666667,ST JOHN'S,8403500,8403500.1948.6.10,1948-06-10 00:00:00,NL,1948,6,10,,M,,M,,M,,M,,M,0,,,,,,,,,M,,M,,,,
-52.7,47.56666666666667,ST JOHN'S,8403500,8403500.1948.6.11,1948-06-11 00:00:00,NL,1948,6,11,,M,,M,,M,,M,,M,0,,,,,,,,,M,,M,,,,
-52.7,47.56666666666667,ST JOHN'S,8403500,8403500.1948.6.12,1948-06-12 00:00:00,NL,1948,6,12,,M,,M,,M,,M,,M,0,,,,,,,,,M,,M,,,,
-52.7,47.56666666666667,ST JOHN'S,8403500,8403500.1948.6.13,1948-06-13 00:00:00,NL,1948,6,13,,M,,M,,M,,M,,M,0,,,,,,,,,M,,M,,,,
-52.7,47.56666666666667,ST JOHN'S,8403500,8403500.1948.6.14,1948-06-14 00:00:00,NL,1948,6,14,,M,,M,,M,,M,,M,0,,,,,,,,,M,,M,,,,
-52.7,47.56666666666667,ST JOHN'S,8403500,8403500.1948.6.15,1948-06-15 00:00:00,NL,1948,6,15,,M,,M,,M,,M,,M,0,,,,,,,,,M,,M,,,,
-52.7,47.56666666666667,ST JOHN'S,8403500,8403500.1948.6.16,1948-06-16 00:00:00,NL,1948,6,16,,M,,M,,M,,M,,M,0,,,,,,,,,M,,M,,,,
-52.7,47.56666666666667,ST JOHN'S,8403500,8403500.1948.6.17,1948-06-17 00:00:00,NL,1948,6,17,,M,,M,,M,,M,,M,0,,,,,,,,,M,,M,,,,
-52.7,47.56666666666667,ST JOHN'S,8403500,8403500.1948.6.18,1948-06-18 00:00:00,NL,1948,6,18,13.1,,6.7,,19.4,,25.7,,25.7,,0,,,,,,,,0,,4.9,,,,,
-52.7,47.56666666666667,ST JOHN'S,8403500,8403500.1948.6.19,1948-06-19 00:00:00,NL,1948,6,19,13.1,,6.7,,19.4,,0.3,,0.3,,0,,,,,,,,0,,4.9,,,,,
-52.7,47.56666666666667,ST JOHN'S,8403500,8403500.1948.6.20,1948-06-20 00:00:00,NL,1948,6,20,9.2,,6.7,,11.7,,28.7,,28.7,,0,,,,,,,,0,,8.8,,,,,
-52.7,47.56666666666667,ST JOHN'S,8403500,8403500.1948.6.21,1948-06-21 00:00:00,NL,1948,6,21,,M,,M,11.7,,0.3,,0.3,,0,,,,,,,,,M,,M,,,,
-52.7,47.56666666666667,ST JOHN'S,8403500,8403500.1948.6.22,1948-06-22 00:00:00,NL,1948,6,22,5.3,,4.4,,6.1,,13,,13,,0,,,,,,,,0,,12.7,,,,,
-52.7,47.56666666666667,ST JOHN'S,8403500,8403500.1948.6.23,1948-06-23 00:00:00,NL,1948,6,23,4.7,,2.2,,7.2,,2.5,,2.5,,0,,,,,,,,0,,13.3,,,,,
-52.7,47.56666666666667,ST JOHN'S,8403500,8403500.1948.6.24,1948-06-24 00:00:00,NL,1948,6,24,12,,2.8,,21.1,,8.6,,8.6,,0,,,,,,,,0,,6,,,,,
-52.7,47.56666666666667,ST JOHN'S,8403500,8403500.1948.6.25,1948-06-25 00:00:00,NL,1948,6,25,11.4,,9.4,,13.3,,44.5,,44.5,,0,,,,,,,,0,,6.6,,,,,
-52.7,47.56666666666667,ST JOHN'S,8403500,8403500.1948.6.26,1948-06-26 00:00:00,NL,1948,6,26,12.3,,7.8,,16.7,,0,,0,,0,,,,,,,,0,,5.7,,,,,
-52.7,47.56666666666667,ST JOHN'S,8403500,8403500.1948.6.27,1948-06-27 00:00:00,NL,1948,6,27,14.7,,7.2,,22.2,,0,,0,,0,,,,,,,,0,,3.3,,,,,
-52.7,47.56666666666667,ST JOHN'S,8403500,8403500.1948.6.28,1948-06-28 00:00:00,NL,1948,6,28,12.5,,6.1,,18.9,,0,,0,,0,,,,,,,,0,,5.5,,,,,
-52.7,47.56666666666667,ST JOHN'S,8403500,8403500.1948.6.29,1948-06-29 00:00:00,NL,1948,6,29,16.2,,10.6,,21.7,,0,,0,,0,,,,,,,,0,,1.8,,,,,
-52.7,47.56666666666667,ST JOHN'S,8403500,8403500.1948.6.30,1948-06-30 00:00:00,NL,1948,6,30,13.1,,6.7,,19.4,,0,,0,,0,,,,,,,,0,,4.9,,,,,
-52.7,47.56666666666667,ST JOHN'S,8403500,8403500.1948.7.1,1948-07-01 00:00:00,NL,1948,7,1,17.5,,9.4,,25.6,,0,,0,,0,,,,,,,,0,,0.5,,,,,
-52.7,47.56666666666667,ST JOHN'S,8403500,8403500.1948.7.2,1948-07-02 00:00:00,NL,1948,7,2,19.8,,12.8,,26.7,,0,,0,,0,,,,,,,,1.8,,0,,,,,
-52.7,47.56666666666667,ST JOHN'S,8403500,8403500.1948.7.3,1948-07-03 00:00:00,NL,1948,7,3,18.4,,15,,21.7,,1.8,,1.8,,0,,,,,,,,0.4,,0,,,,,
-52.7,47.56666666666667,ST JOHN'S,8403500,8403500.1948.7.4,1948-07-04 00:00:00,NL,1948,7,4,12,,10,,13.9,,8.1,,8.1,,0,,,,,,,,0,,6,,,,,
-52.7,47.56666666666667,ST JOHN'S,8403500,8403500.1948.7.5,1948-07-05 00:00:00,NL,1948,7,5,10,,8.9,,11.1,,19.8,,19.8,,0,,,,,,,,0,,8,,,,,
-52.7,47.56666666666667,ST JOHN'S,8403500,8403500.1948.7.6,1948-07-06 00:00:00,NL,1948,7,6,10,,7.2,,12.8,,4.6,,4.6,,0,,,,,,,,0,,8,,,,,
-52.7,47.56666666666667,ST JOHN'S,8403500,8403500.1948.7.7,1948-07-07 00:00:00,NL,1948,7,7,11.7,,7.2,,16.1,,11.2,,11.2,,0,,,,,,,,0,,6.3,,,,,
-52.7,47.56666666666667,ST JOHN'S,8403500,8403500.1948.7.8,1948-07-08 00:00:00,NL,1948,7,8,13.1,,8.3,,17.8,,7.6,,7.6,,0,,,,,,,,0,,4.9,,,,,
-52.7,47.56666666666667,ST JOHN'S,8403500,8403500.1948.7.9,1948-07-09 00:00:00,NL,1948,7,9,9.7,,3.3,,16.1,,0,,0,,0,,,,,,,,0,,8.3,,,,,
-52.7,47.56666666666667,ST JOHN'S,8403500,8403500.1948.7.10,1948-07-10 00:00:00,NL,1948,7,10,13.4,,6.1,,20.6,,0,,0,,0,,,,,,,,0,,4.6,,,,,
-52.7,47.56666666666667,ST JOHN'S,8403500,8403500.1948.7.11,1948-07-11 00:00:00,NL,1948,7,11,10.6,,5.6,,15.6,,0,,0,,0,,,,,,,,0,,7.4,,,,,
-52.7,47.56666666666667,ST JOHN'S,8403500,8403500.1948.7.12,1948-07-12 00:00:00,NL,1948,7,12,11.1,,9.4,,12.8,,3.6,,3.6,,0,,,,,,,,0,,6.9,,,,,
-52.7,47.56666666666667,ST JOHN'S,8403500,8403500.1948.7.13,1948-07-13 00:00:00,NL,1948,7,13,11.1,,8.3,,13.9,,3.6,,3.6,,0,,,,,,,,0,,6.9,,,,,
-52.7,47.56666666666667,ST JOHN'S,8403500,8403500.1948.7.14,1948-07-14 00:00:00,NL,1948,7,14,13.9,,8.3,,19.4,,0.5,,0.5,,0,,,,,,,,0,,4.1,,,,,
-52.7,47.56666666666667,ST JOHN'S,8403500,8403500.1948.7.15,1948-07-15 00:00:00,NL,1948,7,15,18.3,,13.3,,23.3,,3.6,,3.6,,0,,,,,,,,0.3,,0,,,,,
-52.7,47.56666666666667,ST JOHN'S,8403500,8403500.1948.7.16,1948-07-16 00:00:00,NL,1948,7,16,17,,11.7,,22.2,,0,,0,,0,,,,,,,,0,,1,,,,,
-52.7,47.56666666666667,ST JOHN'S,8403500,8403500.1948.7.17,1948-07-17 00:00:00,NL,1948,7,17,13.9,,5.6,,22.2,,0,,0,,0,,,,,,,,0,,4.1,,,,,
-52.7,47.56666666666667,ST JOHN'S,8403500,8403500.1948.7.18,1948-07-18 00:00:00,NL,1948,7,18,10.9,,8.9,,12.8,,0.5,,0.5,,0,,,,,,,,0,,7.1,,,,,
-52.7,47.56666666666667,ST JOHN'S,8403500,8403500.1948.7.19,1948-07-19 00:00:00,NL,1948,7,19,12,,8.9,,15,,0.8,,0.8,,0,,,,,,,,0,,6,,,,,
-52.7,47.56666666666667,ST JOHN'S,8403500,8403500.1948.7.20,1948-07-20 00:00:00,NL,1948,7,20,13.1,,10,,16.1,,10.2,,10.2,,0,,,,,,,,0,,4.9,,,,,
-52.7,47.56666666666667,ST JOHN'S,8403500,8403500.1948.7.21,1948-07-21 00:00:00,NL,1948,7,21,18.3,,13.3,,23.3,,0,,0,,0,,,,,,,,0.3,,0,,,,,
-52.7,47.56666666666667,ST JOHN'S,8403500,8403500.1948.7.22,1948-07-22 00:00:00,NL,1948,7,22,16.4,,12.2,,20.6,,10.4,,10.4,,0,,,,,,,,0,,1.6,,,,,
-52.7,47.56666666666667,ST JOHN'S,8403500,8403500.1948.7.23,1948-07-23 00:00:00,NL,1948,7,23,10.9,,8.9,,12.8,,32.3,,32.3,,0,,,,,,,,0,,7.1,,,,,
-52.7,47.56666666666667,ST JOHN'S,8403500,8403500.1948.7.24,1948-07-24 00:00:00,NL,1948,7,24,10,,6.1,,13.9,,0,,0,,0,,,,,,,,0,,8,,,,,
-52.7,47.56666666666667,ST JOHN'S,8403500,8403500.1948.7.25,1948-07-25 00:00:00,NL,1948,7,25,12.8,,8.9,,16.7,,0,,0,,0,,,,,,,,0,,5.2,,,,,
-52.7,47.56666666666667,ST JOHN'S,8403500,8403500.1948.7.26,1948-07-26 00:00:00,NL,1948,7,26,17.3,,13.9,,20.6,,2.3,,2.3,,0,,,,,,,,0,,0.7,,,,,
-52.7,47.56666666666667,ST JOHN'S,8403500,8403500.1948.7.27,1948-07-27 00:00:00,NL,1948,7,27,17,,12.2,,21.7,,0,,0,,0,,,,,,,,0,,1,,,,,
-52.7,47.56666666666667,ST JOHN'S,8403500,8403500.1948.7.28,1948-07-28 00:00:00,NL,1948,7,28,19.5,,12.2,,26.7,,0,,0,,0,,,,,,,,1.5,,0,,,,,
-52.7,47.56666666666667,ST JOHN'S,8403500,8403500.1948.7.29,1948-07-29 00:00:00,NL,1948,7,29,19.5,,16.1,,22.8,,24.1,,24.1,,0,,,,,,,,1.5,,0,,,,,
-52.7,47.56666666666667,ST JOHN'S,8403500,8403500.1948.7.30,1948-07-30 00:00:00,NL,1948,7,30,20,,16.7,,23.3,,0,,0,,0,,,,,,,,2,,0,,,,,
-52.7,47.56666666666667,ST JOHN'S,8403500,8403500.1948.7.31,1948-07-31 00:00:00,NL,1948,7,31,,M,14.4,,,M,0,,0,,0,,,,,,,,,M,,M,,,,
-52.7,47.56666666666667,ST JOHN'S,8403500,8403500.1948.12.1,1948-12-01 00:00:00,NL,1948,12,1,0,,-2.2,,2.2,,1.3,,0,,1.3,,,,,,,,0,,18,,,,,
-52.7,47.56666666666667,ST JOHN'S,8403500,8403500.1948.12.2,1948-12-02 00:00:00,NL,1948,12,2,-0.9,,-5,,3.3,,0,T,0,,0,T,,,,,,,0,,18.9,,,,,
-52.7,47.56666666666667,ST JOHN'S,8403500,8403500.1948.12.3,1948-12-03 00:00:00,NL,1948,12,3,-1.7,,-3.9,,0.6,,1.8,,0,,1.8,,,,,,,,0,,19.7,,,,,
-52.7,47.56666666666667,ST JOHN'S,8403500,8403500.1948.12.4,1948-12-04 00:00:00,NL,1948,12,4,-1.7,,-5,,1.7,,4.6,,0,,4.6,,,,,,,,0,,19.7,,,,,
-52.7,47.56666666666667,ST JOHN'S,8403500,8403500.1948.12.5,1948-12-05 00:00:00,NL,1948,12,5,-2.2,,-5,,0.6,,0.5,,0,,0.5,,,,,,,,0,,20.2,,,,,
-52.7,47.56666666666667,ST JOHN'S,8403500,8403500.1948.12.6,1948-12-06 00:00:00,NL,1948,12,6,-2.5,,-7.2,,2.2,,0,,0,,0,,,,,,,,0,,20.5,,,,,
-52.7,47.56666666666667,ST JOHN'S,8403500,8403500.1948.12.7,1948-12-07 00:00:00,NL,1948,12,7,2.8,,-0.6,,6.1,,13.5,,13.5,,0,,,,,,,,0,,15.2,,,,,
-52.7,47.56666666666667,ST JOHN'S,8403500,8403500.1948.12.8,1948-12-08 00:00:00,NL,1948,12,8,2.8,,-0.6,,6.1,,0.5,,0.5,,0,,,,,,,,0,,15.2,,,,,
-52.7,47.56666666666667,ST JOHN'S,8403500,8403500.1948.12.9,1948-12-09 00:00:00,NL,1948,12,9,2,,0,,3.9,,0,,0,,0,,,,,,,,0,,16,,,,,
-52.7,47.56666666666667,ST JOHN'S,8403500,8403500.1948.12.10,1948-12-10 00:00:00,NL,1948,12,10,0.6,,-0.6,,1.7,,22.9,,0,,22.9,,,,,,,,0,,17.4,,,,,
-52.7,47.56666666666667,ST JOHN'S,8403500,8403500.1948.12.11,1948-12-11 00:00:00,NL,1948,12,11,-0.8,,-2.2,,0.6,,25.7,,0,,25.7,,,,,,,,0,,18.8,,,,,
-52.7,47.56666666666667,ST JOHN'S,8403500,8403500.1948.12.12,1948-12-12 00:00:00,NL,1948,12,12,-1.1,,-2.8,,0.6,,0.3,,0,,0.3,,,,,,,,0,,19.1,,,,,
-52.7,47.56666666666667,ST JOHN'S,8403500,8403500.1948.12.13,1948-12-13 00:00:00,NL,1948,12,13,-2.3,,-5.6,,1.1,,3.3,,0,,3.3,,,,,,,,0,,20.3,,,,,
-52.7,47.56666666666667,ST JOHN'S,8403500,8403500.1948.12.14,1948-12-14 00:00:00,NL,1948,12,14,-0.6,,-2.2,,1.1,,1.5,,0,,1.5,,,,,,,,0,,18.6,,,,,
-52.7,47.56666666666667,ST JOHN'S,8403500,8403500.1948.12.15,1948-12-15 00:00:00,NL,1948,12,15,-0.9,,-2.8,,1.1,,3,,0,,3,,,,,,,,0,,18.9,,,,,
-52.7,47.56666666666667,ST JOHN'S,8403500,8403500.1948.12.16,1948-12-16 00:00:00,NL,1948,12,16,-1.4,,-2.8,,0,,0,,0,,0,,,,,,,,0,,19.4,,,,,
-52.7,47.56666666666667,ST JOHN'S,8403500,8403500.1948.12.17,1948-12-17 00:00:00,NL,1948,12,17,-1.9,,-4.4,,0.6,,0.5,,0,,0.5,,,,,,,,0,,19.9,,,,,
-52.7,47.56666666666667,ST JOHN'S,8403500,8403500.1948.12.18,1948-12-18 00:00:00,NL,1948,12,18,-1.7,,-4.4,,1.1,,2,,1.8,,0.3,,,,,,,,0,,19.7,,,,,
-52.7,47.56666666666667,ST JOHN'S,8403500,8403500.1948.12.19,1948-12-19 00:00:00,NL,1948,12,19,-1.1,,-2.2,,0,,0,,0,,0,,,,,,,,0,,19.1,,,,,
-52.7,47.56666666666667,ST JOHN'S,8403500,8403500.1948.12.20,1948-12-20 00:00:00,NL,1948,12,20,-0.6,,-2.8,,1.7,,19.1,,13,,6.1,,,,,,,,0,,18.6,,,,,
-52.7,47.56666666666667,ST JOHN'S,8403500,8403500.1948.12.21,1948-12-21 00:00:00,NL,1948,12,21,-1.7,,-2.8,,-0.6,,0,,0,,0,,,,,,,,0,,19.7,,,,,
-52.7,47.56666666666667,ST JOHN'S,8403500,8403500.1948.12.22,1948-12-22 00:00:00,NL,1948,12,22,-3.6,,-5,,-2.2,,0,,0,,0,,,,,,,,0,,21.6,,,,,
-52.7,47.56666666666667,ST JOHN'S,8403500,8403500.1948.12.23,1948-12-23 00:00:00,NL,1948,12,23,-4.5,,-6.1,,-2.8,,0.3,,0.3,,0,,,,,,,,0,,22.5,,,,,
-52.7,47.56666666666667,ST JOHN'S,8403500,8403500.1948.12.24,1948-12-24 00:00:00,NL,1948,12,24,,M,,M,,M,0,,0,,0,,,,,,,,,M,,M,,,,
-52.7,47.56666666666667,ST JOHN'S,8403500,8403500.1948.12.25,1948-12-25 00:00:00,NL,1948,12,25,,M,,M,,M,0,,0,,0,,,,,,,,,M,,M,,,,
-52.7,47.56666666666667,ST JOHN'S,8403500,8403500.1948.12.26,1948-12-26 00:00:00,NL,1948,12,26,,M,,M,,M,0,,0,,0,,,,,,,,,M,,M,,,,
-52.7,47.56666666666667,ST JOHN'S,8403500,8403500.1948.12.27,1948-12-27 00:00:00,NL,1948,12,27,,M,,M,,M,0,,0,,0,,,,,,,,,M,,M,,,,
-52.7,47.56666666666667,ST JOHN'S,8403500,8403500.1948.12.28,1948-12-28 00:00:00,NL,1948,12,28,,M,,M,0.6,,12.7,,0,,12.7,,,,,,,,,M,,M,,,,
-52.7,47.56666666666667,ST JOHN'S,8403500,8403500.1948.12.29,1948-12-29 00:00:00,NL,1948,12,29,-5.9,,-11.7,,0,,0,,0,,0,,,,,,,,0,,23.9,,,,,
-52.7,47.56666666666667,ST JOHN'S,8403500,8403500.1948.12.30,1948-12-30 00:00:00,NL,1948,12,30,-4.2,,-13.3,,5,,0.5,,0.5,,0,,,,,,,,0,,22.2,,,,,
-52.7,47.56666666666667,ST JOHN'S,8403500,8403500.1948.12.31,1948-12-31 00:00:00,NL,1948,12,31,-1.7,,-3.3,,0,,0,,0,,0,,,,,,,,0,,19.7,,,,,
-52.7,47.56666666666667,ST JOHN'S,8403500,8403500.1949.1.1,1949-01-01 00:00:00,NL,1949,1,1,3.9,,0,,7.8,,15.7,,15.7,,0,,,,,,,,0,,14.1,,,,,
-52.7,47.56666666666667,ST JOHN'S,8403500,8403500.1949.1.2,1949-01-02 00:00:00,NL,1949,1,2,6.4,,5,,7.8,,0.8,,0.8,,0,,,,,,,,0,,11.6,,,,,
-52.7,47.56666666666667,ST JOHN'S,8403500,8403500.1949.1.3,1949-01-03 00:00:00,NL,1949,1,3,3.1,,0.6,,5.6,,16.3,,3.3,,13,,,,,,,,0,,14.9,,,,,
-52.7,47.56666666666667,ST JOHN'S,8403500,8403500.1949.1.4,1949-01-04 00:00:00,NL,1949,1,4,-2.3,,-3.9,,-0.6,,0,,0,,0,,,,,,,,0,,20.3,,,,,
-52.7,47.56666666666667,ST JOHN'S,8403500,8403500.1949.1.5,1949-01-05 00:00:00,NL,1949,1,5,-2.8,,-4.4,,-1.1,,0,,0,,0,,,,,,,,0,,20.8,,,,,
-52.7,47.56666666666667,ST JOHN'S,8403500,8403500.1949.1.6,1949-01-06 00:00:00,NL,1949,1,6,0,,-2.2,,2.2,,4.6,,4.6,,0,,,,,,,,0,,18,,,,,
-52.7,47.56666666666667,ST JOHN'S,8403500,8403500.1949.1.7,1949-01-07 00:00:00,NL,1949,1,7,2.5,,-1.1,,6.1,,18.5,,18.5,,0,,,,,,,,0,,15.5,,,,,
-52.7,47.56666666666667,ST JOHN'S,8403500,8403500.1949.1.8,1949-01-08 00:00:00,NL,1949,1,8,3.4,,1.7,,5,,0,,0,,0,,,,,,,,0,,14.6,,,,,
-52.7,47.56666666666667,ST JOHN'S,8403500,8403500.1949.1.9,1949-01-09 00:00:00,NL,1949,1,9,1.4,,-1.7,,4.4,,0,,0,,0,,,,,,,,0,,16.6,,,,,
-52.7,47.56666666666667,ST JOHN'S,8403500,8403500.1949.1.10,1949-01-10 00:00:00,NL,1949,1,10,-0.6,,-2.8,,1.7,,2.5,,2.5,,0,,,,,,,,0,,18.6,,,,,
-52.7,47.56666666666667,ST JOHN'S,8403500,8403500.1949.1.11,1949-01-11 00:00:00,NL,1949,1,11,0.6,,0,,1.1,,0,,0,,0,,,,,,,,0,,17.4,,,,,
-52.7,47.56666666666667,ST JOHN'S,8403500,8403500.1949.1.12,1949-01-12 00:00:00,NL,1949,1,12,-8.1,,-10,,-6.1,,0,,0,,0,,,,,,,,0,,26.1,,,,,
-52.7,47.56666666666667,ST JOHN'S,8403500,8403500.1949.1.13,1949-01-13 00:00:00,NL,1949,1,13,-6.7,,-12.8,,-0.6,,22.9,,0,,22.9,,,,,,,,0,,24.7,,,,,
-52.7,47.56666666666667,ST JOHN'S,8403500,8403500.1949.1.14,1949-01-14 00:00:00,NL,1949,1,14,-4.2,,-6.1,,-2.2,,1.3,,0,,1.3,,,,,,,,0,,22.2,,,,,
-52.7,47.56666666666667,ST JOHN'S,8403500,8403500.1949.1.15,1949-01-15 00:00:00,NL,1949,1,15,,M,,M,,M,,M,,M,,M,,,,,,,,M,,M,,,,
-52.7,47.56666666666667,ST JOHN'S,8403500,8403500.1949.1.16,1949-01-16 00:00:00,NL,1949,1,16,-3.9,,-7.8,,0,,0,,0,,0,,,,,,,,0,,21.9,,,,,
-52.7,47.56666666666667,ST JOHN'S,8403500,8403500.1949.1.17,1949-01-17 00:00:00,NL,1949,1,17,-0.9,,-3.9,,2.2,,1.8,,1.8,,0,,,,,,,,0,,18.9,,,,,
-52.7,47.56666666666667,ST JOHN'S,8403500,8403500.1949.1.18,1949-01-18 00:00:00,NL,1949,1,18,-6.2,,-6.7,,-5.6,,1,,0,,1,,,,,,,,0,,24.2,,,,,
-52.7,47.56666666666667,ST JOHN'S,8403500,8403500.1949.1.19,1949-01-19 00:00:00,NL,1949,1,19,-3.4,,-7.8,,1.1,,0,T,0,,0,T,,,,,,,0,,21.4,,,,,
-52.7,47.56666666666667,ST JOHN'S,8403500,8403500.1949.1.20,1949-01-20 00:00:00,NL,1949,1,20,-2,,-7.2,,3.3,,1.8,,1.8,,0,,,,,,,,0,,20,,,,,
-52.7,47.56666666666667,ST JOHN'S,8403500,8403500.1949.1.21,1949-01-21 00:00:00,NL,1949,1,21,-10.8,,-12.2,,-9.4,,0,T,0,,0,T,,,,,,,0,,28.8,,,,,
-52.7,47.56666666666667,ST JOHN'S,8403500,8403500.1949.1.22,1949-01-22 00:00:00,NL,1949,1,22,-8.4,,-12.8,,-3.9,,4.3,,0,,4.3,,,,,,,,0,,26.4,,,,,
-52.7,47.56666666666667,ST JOHN'S,8403500,8403500.1949.1.23,1949-01-23 00:00:00,NL,1949,1,23,-6.7,,-9.4,,-3.9,,1.3,,0,,1.3,,,,,,,,0,,24.7,,,,,
-52.7,47.56666666666667,ST JOHN'S,8403500,8403500.1949.1.24,1949-01-24 00:00:00,NL,1949,1,24,-8.1,,-12.2,,-3.9,,16,,0,,16,,,,,,,,0,,26.1,,,,,
-52.7,47.56666666666667,ST JOHN'S,8403500,8403500.1949.1.25,1949-01-25 00:00:00,NL,1949,1,25,-13.1,,-16.1,,-10,,0.5,,0,,0.5,,,,,,,,0,,31.1,,,,,
-52.7,47.56666666666667,ST JOHN'S,8403500,8403500.1949.1.26,1949-01-26 00:00:00,NL,1949,1,26,-14.5,,-18.3,,-10.6,,0,,0,,0,,,,,,,,0,,32.5,,,,,
-52.7,47.56666666666667,ST JOHN'S,8403500,8403500.1949.1.27,1949-01-27 00:00:00,NL,1949,1,27,-11.7,,-15,,-8.3,,0,,0,,0,,,,,,,,0,,29.7,,,,,
-52.7,47.56666666666667,ST JOHN'S,8403500,8403500.1949.1.28,1949-01-28 00:00:00,NL,1949,1,28,-8.1,,-12.8,,-3.3,,1.3,,0,,1.3,,,,,,,,0,,26.1,,,,,
-52.7,47.56666666666667,ST JOHN'S,8403500,8403500.1949.1.29,1949-01-29 00:00:00,NL,1949,1,29,-5,,-13.3,,3.3,,18.5,,8.4,,10.2,,,,,,,,0,,23,,,,,
-52.7,47.56666666666667,ST JOHN'S,8403500,8403500.1949.1.30,1949-01-30 00:00:00,NL,1949,1,30,-5.6,,-9.4,,-1.7,,0.3,,0.3,,0,,,,,,,,0,,23.6,,,,,
-52.7,47.56666666666667,ST JOHN'S,8403500,8403500.1949.1.31,1949-01-31 00:00:00,NL,1949,1,31,-12.2,,-15,,-9.4,,0,,0,,0,,,,,,,,0,,30.2,,,,,
-52.7,47.56666666666667,ST JOHN'S,8403500,8403500.1949.2.1,1949-02-01 00:00:00,NL,1949,2,1,-7.5,,-15,,0,,2.8,,0,,2.8,,,,,,,,0,,25.5,,,,,
-52.7,47.56666666666667,ST JOHN'S,8403500,8403500.1949.2.2,1949-02-02 00:00:00,NL,1949,2,2,-3.9,,-5.6,,-2.2,,0.5,,0,,0.5,,,,,,,,0,,21.9,,,,,
-52.7,47.56666666666667,ST JOHN'S,8403500,8403500.1949.2.3,1949-02-03 00:00:00,NL,1949,2,3,-9.5,,-11.1,,-7.8,,0.3,,0,,0.3,,,,,,,,0,,27.5,,,,,
-52.7,47.56666666666667,ST JOHN'S,8403500,8403500.1949.2.4,1949-02-04 00:00:00,NL,1949,2,4,-10.8,,-12.2,,-9.4,,0,,0,,0,,,,,,,,0,,28.8,,,,,
-52.7,47.56666666666667,ST JOHN'S,8403500,8403500.1949.2.5,1949-02-05 00:00:00,NL,1949,2,5,-12,,-16.1,,-7.8,,0,,0,,0,,,,,,,,0,,30,,,,,
-52.7,47.56666666666667,ST JOHN'S,8403500,8403500.1949.2.6,1949-02-06 00:00:00,NL,1949,2,6,-12.2,,-15,,-9.4,,0,,0,,0,,,,,,,,0,,30.2,,,,,
-52.7,47.56666666666667,ST JOHN'S,8403500,8403500.1949.2.7,1949-02-07 00:00:00,NL,1949,2,7,-8.6,,-15,,-2.2,,0,,0,,0,,,,,,,,0,,26.6,,,,,
-52.7,47.56666666666667,ST JOHN'S,8403500,8403500.1949.2.8,1949-02-08 00:00:00,NL,1949,2,8,-6.7,,-13.3,,0,,8.9,,0,,8.9,,,,,,,,0,,24.7,,,,,
-52.7,47.56666666666667,ST JOHN'S,8403500,8403500.1949.2.9,1949-02-09 00:00:00,NL,1949,2,9,-0.3,,-5.6,,5,,14,,14,,0,,,,,,,,0,,18.3,,,,,
-52.7,47.56666666666667,ST JOHN'S,8403500,8403500.1949.2.10,1949-02-10 00:00:00,NL,1949,2,10,-1.7,,-4.4,,1.1,,0,T,0,,0,T,,,,,,,0,,19.7,,,,,
-52.7,47.56666666666667,ST JOHN'S,8403500,8403500.1949.2.11,1949-02-11 00:00:00,NL,1949,2,11,-8.6,,-10,,-7.2,,30.5,,0,,30.5,,,,,,,,0,,26.6,,,,,
-52.7,47.56666666666667,ST JOHN'S,8403500,8403500.1949.2.12,1949-02-12 00:00:00,NL,1949,2,12,-11.9,,-14.4,,-9.4,,1.3,,0,,1.3,,,,,,,,0,,29.9,,,,,
-52.7,47.56666666666667,ST JOHN'S,8403500,8403500.1949.2.13,1949-02-13 00:00:00,NL,1949,2,13,-7.3,,-15.6,,1.1,,0.3,,0,,0.3,,,,,,,,0,,25.3,,,,,
-52.7,47.56666666666667,ST JOHN'S,8403500,8403500.1949.2.14,1949-02-14 00:00:00,NL,1949,2,14,-7.2,,-10,,-4.4,,0.3,,0,,0.3,,,,,,,,0,,25.2,,,,,
-52.7,47.56666666666667,ST JOHN'S,8403500,8403500.1949.2.15,1949-02-15 00:00:00,NL,1949,2,15,-8.9,,-13.3,,-4.4,,3.8,,0,,3.8,,,,,,,,0,,26.9,,,,,
-52.7,47.56666666666667,ST JOHN'S,8403500,8403500.1949.2.16,1949-02-16 00:00:00,NL,1949,2,16,-3.9,,-11.7,,3.9,,1.3,,1.3,,0,T,,,,,,,0,,21.9,,,,,
-52.7,47.56666666666667,ST JOHN'S,8403500,8403500.1949.2.17,1949-02-17 00:00:00,NL,1949,2,17,-0.6,,-2.8,,1.7,,33,,0,,33,,,,,,,,0,,18.6,,,,,
-52.7,47.56666666666667,ST JOHN'S,8403500,8403500.1949.2.18,1949-02-18 00:00:00,NL,1949,2,18,-7.8,,-9.4,,-6.1,,1.3,,0,,1.3,,,,,,,,0,,25.8,,,,,
-52.7,47.56666666666667,ST JOHN'S,8403500,8403500.1949.2.19,1949-02-19 00:00:00,NL,1949,2,19,-3.9,,-11.1,,3.3,,13,,0,,13,,,,,,,,0,,21.9,,,,,
-52.7,47.56666666666667,ST JOHN'S,8403500,8403500.1949.2.20,1949-02-20 00:00:00,NL,1949,2,20,-7.5,,-10,,-5,,1.3,,0,,1.3,,,,,,,,0,,25.5,,,,,
-52.7,47.56666666666667,ST JOHN'S,8403500,8403500.1949.2.21,1949-02-21 00:00:00,NL,1949,2,21,-8.7,,-10.6,,-6.7,,0,,0,,0,,,,,,,,0,,26.7,,,,,
-52.7,47.56666666666667,ST JOHN'S,8403500,8403500.1949.2.22,1949-02-22 00:00:00,NL,1949,2,22,-12.8,,-16.7,,-8.9,,0,,0,,0,,,,,,,,0,,30.8,,,,,
-52.7,47.56666666666667,ST JOHN'S,8403500,8403500.1949.2.23,1949-02-23 00:00:00,NL,1949,2,23,-9.8,,-16.7,,-2.8,,0,,0,,0,,,,,,,,0,,27.8,,,,,
-52.7,47.56666666666667,ST JOHN'S,8403500,8403500.1949.2.24,1949-02-24 00:00:00,NL,1949,2,24,-2.5,,-6.7,,1.7,,0.5,,0,,0.5,,,,,,,,0,,20.5,,,,,
-52.7,47.56666666666667,ST JOHN'S,8403500,8403500.1949.2.25,1949-02-25 00:00:00,NL,1949,2,25,-6.1,,-12.2,,0,,0.5,,0.5,,0,,,,,,,,0,,24.1,,,,,
-52.7,47.56666666666667,ST JOHN'S,8403500,8403500.1949.2.26,1949-02-26 00:00:00,NL,1949,2,26,-0.6,,-2.8,,1.7,,3.3,,3.3,,0,,,,,,,,0,,18.6,,,,,
-52.7,47.56666666666667,ST JOHN'S,8403500,8403500.1949.2.27,1949-02-27 00:00:00,NL,1949,2,27,0.6,,0,,1.1,,26.2,,26.2,,0,,,,,,,,0,,17.4,,,,,
-52.7,47.56666666666667,ST JOHN'S,8403500,8403500.1949.2.28,1949-02-28 00:00:00,NL,1949,2,28,0.6,,-0.6,,1.7,,0.3,,0.3,,0,,,,,,,,0,,17.4,,,,,
-52.7,47.56666666666667,ST JOHN'S,8403500,8403500.1949.3.1,1949-03-01 00:00:00,NL,1949,3,1,0.6,,-0.6,,1.7,,4.3,,4.1,,0.3,,,,,,,,0,,17.4,,,,,
-52.7,47.56666666666667,ST JOHN'S,8403500,8403500.1949.3.2,1949-03-02 00:00:00,NL,1949,3,2,1.2,,-3.3,,5.6,,22.6,,22.6,,0,,,,,,,,0,,16.8,,,,,
-52.7,47.56666666666667,ST JOHN'S,8403500,8403500.1949.3.3,1949-03-03 00:00:00,NL,1949,3,3,0.3,,-0.6,,1.1,,1,,0,,1,,,,,,,,0,,17.7,,,,,
-52.7,47.56666666666667,ST JOHN'S,8403500,8403500.1949.3.4,1949-03-04 00:00:00,NL,1949,3,4,-2.2,,-3.3,,-1.1,,7.6,,0,,7.6,,,,,,,,0,,20.2,,,,,
-52.7,47.56666666666667,ST JOHN'S,8403500,8403500.1949.3.5,1949-03-05 00:00:00,NL,1949,3,5,-1.1,,-5,,2.8,,2.5,,0,,2.5,,,,,,,,0,,19.1,,,,,
-52.7,47.56666666666667,ST JOHN'S,8403500,8403500.1949.3.6,1949-03-06 00:00:00,NL,1949,3,6,0.3,,-6.7,,7.2,,1.3,,1.3,,0,,,,,,,,0,,17.7,,,,,
-52.7,47.56666666666667,ST JOHN'S,8403500,8403500.1949.3.7,1949-03-07 00:00:00,NL,1949,3,7,5.6,,3.3,,7.8,,0,,0,,0,,,,,,,,0,,12.4,,,,,
-52.7,47.56666666666667,ST JOHN'S,8403500,8403500.1949.3.8,1949-03-08 00:00:00,NL,1949,3,8,5,,3.3,,6.7,,5.3,,5.3,,0,,,,,,,,0,,13,,,,,
-52.7,47.56666666666667,ST JOHN'S,8403500,8403500.1949.3.9,1949-03-09 00:00:00,NL,1949,3,9,5.9,,2.8,,8.9,,0.3,,0.3,,0,,,,,,,,0,,12.1,,,,,
-52.7,47.56666666666667,ST JOHN'S,8403500,8403500.1949.3.10,1949-03-10 00:00:00,NL,1949,3,10,7.3,,3.9,,10.6,,9.7,,9.7,,0,,,,,,,,0,,10.7,,,,,
-52.7,47.56666666666667,ST JOHN'S,8403500,8403500.1949.3.11,1949-03-11 00:00:00,NL,1949,3,11,6.4,,2.2,,10.6,,23.9,,23.9,,0,,,,,,,,0,,11.6,,,,,
-52.7,47.56666666666667,ST JOHN'S,8403500,8403500.1949.3.12,1949-03-12 00:00:00,NL,1949,3,12,8.7,,5.6,,11.7,,5.3,,5.3,,0,,,,,,,,0,,9.3,,,,,
-52.7,47.56666666666667,ST JOHN'S,8403500,8403500.1949.3.13,1949-03-13 00:00:00,NL,1949,3,13,4.5,,1.1,,7.8,,3,,3,,0,,,,,,,,0,,13.5,,,,,
-52.7,47.56666666666667,ST JOHN'S,8403500,8403500.1949.3.14,1949-03-14 00:00:00,NL,1949,3,14,1.4,,-0.6,,3.3,,0.3,,0.3,,0,,,,,,,,0,,16.6,,,,,
-52.7,47.56666666666667,ST JOHN'S,8403500,8403500.1949.3.15,1949-03-15 00:00:00,NL,1949,3,15,0.3,,-2.8,,3.3,,0,,0,,0,,,,,,,,0,,17.7,,,,,
-52.7,47.56666666666667,ST JOHN'S,8403500,8403500.1949.3.16,1949-03-16 00:00:00,NL,1949,3,16,-0.3,,-3.3,,2.8,,21.8,,21.8,,0,,,,,,,,0,,18.3,,,,,
-52.7,47.56666666666667,ST JOHN'S,8403500,8403500.1949.3.17,1949-03-17 00:00:00,NL,1949,3,17,-0.8,,-3.3,,1.7,,0,,0,,0,,,,,,,,0,,18.8,,,,,
-52.7,47.56666666666667,ST JOHN'S,8403500,8403500.1949.3.18,1949-03-18 00:00:00,NL,1949,3,18,-1.1,,-6.1,,3.9,,13.5,,0.8,,12.7,,,,,,,,0,,19.1,,,,,
-52.7,47.56666666666667,ST JOHN'S,8403500,8403500.1949.3.19,1949-03-19 00:00:00,NL,1949,3,19,3.9,,-3.3,,11.1,,5.8,,5.8,,0,,,,,,,,0,,14.1,,,,,
-52.7,47.56666666666667,ST JOHN'S,8403500,8403500.1949.3.20,1949-03-20 00:00:00,NL,1949,3,20,-0.3,,-2.2,,1.7,,0,T,0,,0,T,,,,,,,0,,18.3,,,,,
-52.7,47.56666666666667,ST JOHN'S,8403500,8403500.1949.3.21,1949-03-21 00:00:00,NL,1949,3,21,-5.6,,-10,,-1.1,,0,,0,,0,,,,,,,,0,,23.6,,,,,
-52.7,47.56666666666667,ST JOHN'S,8403500,8403500.1949.3.22,1949-03-22 00:00:00,NL,1949,3,22,-2.8,,-6.7,,1.1,,0,,0,,0,,,,,,,,0,,20.8,,,,,
-52.7,47.56666666666667,ST JOHN'S,8403500,8403500.1949.3.23,1949-03-23 00:00:00,NL,1949,3,23,-1.4,,-4.4,,1.7,,0.5,,0.5,,0,,,,,,,,0,,19.4,,,,,
-52.7,47.56666666666667,ST JOHN'S,8403500,8403500.1949.3.24,1949-03-24 00:00:00,NL,1949,3,24,3.6,,-1.1,,8.3,,4.8,,4.8,,0,,,,,,,,0,,14.4,,,,,
-52.7,47.56666666666667,ST JOHN'S,8403500,8403500.1949.3.25,1949-03-25 00:00:00,NL,1949,3,25,2.3,,-2.2,,6.7,,0,,0,,0,,,,,,,,0,,15.7,,,,,
-52.7,47.56666666666667,ST JOHN'S,8403500,8403500.1949.3.26,1949-03-26 00:00:00,NL,1949,3,26,0.9,,-3.3,,5,,0,,0,,0,,,,,,,,0,,17.1,,,,,
-52.7,47.56666666666667,ST JOHN'S,8403500,8403500.1949.3.27,1949-03-27 00:00:00,NL,1949,3,27,-0.6,,-2.2,,1.1,,0.5,,0,,0.5,,,,,,,,0,,18.6,,,,,
-52.7,47.56666666666667,ST JOHN'S,8403500,8403500.1949.3.28,1949-03-28 00:00:00,NL,1949,3,28,-0.6,,-2.2,,1.1,,12.7,,0,,12.7,,,,,,,,0,,18.6,,,,,
-52.7,47.56666666666667,ST JOHN'S,8403500,8403500.1949.3.29,1949-03-29 00:00:00,NL,1949,3,29,-0.3,,-1.7,,1.1,,2,,0,,2,,,,,,,,0,,18.3,,,,,
-52.7,47.56666666666667,ST JOHN'S,8403500,8403500.1949.3.30,1949-03-30 00:00:00,NL,1949,3,30,1.7,,-1.1,,4.4,,0.3,,0,,0.3,,,,,,,,0,,16.3,,,,,
-52.7,47.56666666666667,ST JOHN'S,8403500,8403500.1949.3.31,1949-03-31 00:00:00,NL,1949,3,31,1.1,,-2.2,,4.4,,0,,0,,0,,,,,,,,0,,16.9,,,,,
-52.7,47.56666666666667,ST JOHN'S,8403500,8403500.1949.4.1,1949-04-01 00:00:00,NL,1949,4,1,0.3,,-2.2,,2.8,,2.3,,2.3,,0,,,,,,,,0,,17.7,,,,,
-52.7,47.56666666666667,ST JOHN'S,8403500,8403500.1949.4.2,1949-04-02 00:00:00,NL,1949,4,2,0.6,,-2.2,,3.3,,1.5,,1.5,,0,,,,,,,,0,,17.4,,,,,
-52.7,47.56666666666667,ST JOHN'S,8403500,8403500.1949.4.3,1949-04-03 00:00:00,NL,1949,4,3,0.6,,0,,1.1,,0,,0,,0,,,,,,,,0,,17.4,,,,,
-52.7,47.56666666666667,ST JOHN'S,8403500,8403500.1949.4.4,1949-04-04 00:00:00,NL,1949,4,4,0.9,,-1.1,,2.8,,2.3,,2.3,,0,,,,,,,,0,,17.1,,,,,
-52.7,47.56666666666667,ST JOHN'S,8403500,8403500.1949.4.5,1949-04-05 00:00:00,NL,1949,4,5,-0.3,,-1.1,,0.6,,0,,0,,0,,,,,,,,0,,18.3,,,,,
-52.7,47.56666666666667,ST JOHN'S,8403500,8403500.1949.4.6,1949-04-06 00:00:00,NL,1949,4,6,2.8,,-1.1,,6.7,,0.5,,0.5,,0,,,,,,,,0,,15.2,,,,,
-52.7,47.56666666666667,ST JOHN'S,8403500,8403500.1949.4.7,1949-04-07 00:00:00,NL,1949,4,7,2,,0,,3.9,,2,,2,,0,,,,,,,,0,,16,,,,,
-52.7,47.56666666666667,ST JOHN'S,8403500,8403500.1949.4.8,1949-04-08 00:00:00,NL,1949,4,8,6.2,,0.6,,11.7,,8.9,,8.9,,0,,,,,,,,0,,11.8,,,,,
-52.7,47.56666666666667,ST JOHN'S,8403500,8403500.1949.4.9,1949-04-09 00:00:00,NL,1949,4,9,4.2,,0,,8.3,,1.5,,1.5,,0,,,,,,,,0,,13.8,,,,,
-52.7,47.56666666666667,ST JOHN'S,8403500,8403500.1949.4.10,1949-04-10 00:00:00,NL,1949,4,10,3.9,,-1.1,,8.9,,2.5,,2.5,,0,,,,,,,,0,,14.1,,,,,
-52.7,47.56666666666667,ST JOHN'S,8403500,8403500.1949.4.11,1949-04-11 00:00:00,NL,1949,4,11,0.9,,-1.1,,2.8,,1.8,,1.8,,0,,,,,,,,0,,17.1,,,,,
-52.7,47.56666666666667,ST JOHN'S,8403500,8403500.1949.4.12,1949-04-12 00:00:00,NL,1949,4,12,0,,-1.7,,1.7,,0,,0,,0,,,,,,,,0,,18,,,,,
-52.7,47.56666666666667,ST JOHN'S,8403500,8403500.1949.4.13,1949-04-13 00:00:00,NL,1949,4,13,-1.4,,-3.3,,0.6,,0,,0,,0,,,,,,,,0,,19.4,,,,,
-52.7,47.56666666666667,ST JOHN'S,8403500,8403500.1949.4.14,1949-04-14 00:00:00,NL,1949,4,14,-0.8,,-3.3,,1.7,,2,,2,,0,,,,,,,,0,,18.8,,,,,
-52.7,47.56666666666667,ST JOHN'S,8403500,8403500.1949.4.15,1949-04-15 00:00:00,NL,1949,4,15,2.2,,-0.6,,5,,0.3,,0.3,,0,,,,,,,,0,,15.8,,,,,
-52.7,47.56666666666667,ST JOHN'S,8403500,8403500.1949.4.16,1949-04-16 00:00:00,NL,1949,4,16,1.4,,-2.2,,5,,4.6,,4.6,,0,,,,,,,,0,,16.6,,,,,
-52.7,47.56666666666667,ST JOHN'S,8403500,8403500.1949.4.17,1949-04-17 00:00:00,NL,1949,4,17,7,,0,,13.9,,1,,1,,0,,,,,,,,0,,11,,,,,
-52.7,47.56666666666667,ST JOHN'S,8403500,8403500.1949.4.18,1949-04-18 00:00:00,NL,1949,4,18,1.4,,-0.6,,3.3,,1,,0.3,,0.8,,,,,,,,0,,16.6,,,,,
-52.7,47.56666666666667,ST JOHN'S,8403500,8403500.1949.4.19,1949-04-19 00:00:00,NL,1949,4,19,1.4,,-1.1,,3.9,,1.3,,1.3,,0,,,,,,,,0,,16.6,,,,,
-52.7,47.56666666666667,ST JOHN'S,8403500,8403500.1949.4.20,1949-04-20 00:00:00,NL,1949,4,20,1.1,,-2.2,,4.4,,2,,2,,0,,,,,,,,0,,16.9,,,,,
-52.7,47.56666666666667,ST JOHN'S,8403500,8403500.1949.4.21,1949-04-21 00:00:00,NL,1949,4,21,5.9,,1.1,,10.6,,0,,0,,0,,,,,,,,0,,12.1,,,,,
-52.7,47.56666666666667,ST JOHN'S,8403500,8403500.1949.4.22,1949-04-22 00:00:00,NL,1949,4,22,5.6,,-1.1,,12.2,,0,,0,,0,,,,,,,,0,,12.4,,,,,
-52.7,47.56666666666667,ST JOHN'S,8403500,8403500.1949.4.23,1949-04-23 00:00:00,NL,1949,4,23,6.4,,-1.1,,13.9,,22.9,,22.9,,0,,,,,,,,0,,11.6,,,,,
-52.7,47.56666666666667,ST JOHN'S,8403500,8403500.1949.4.24,1949-04-24 00:00:00,NL,1949,4,24,8.9,,3.9,,13.9,,15.2,,15.2,,0,,,,,,,,0,,9.1,,,,,
-52.7,47.56666666666667,ST JOHN'S,8403500,8403500.1949.4.25,1949-04-25 00:00:00,NL,1949,4,25,4.8,,-1.1,,10.6,,0,,0,,0,,,,,,,,0,,13.2,,,,,
-52.7,47.56666666666667,ST JOHN'S,8403500,8403500.1949.4.26,1949-04-26 00:00:00,NL,1949,4,26,2.3,,-1.1,,5.6,,0,,0,,0,,,,,,,,0,,15.7,,,,,
-52.7,47.56666666666667,ST JOHN'S,8403500,8403500.1949.4.27,1949-04-27 00:00:00,NL,1949,4,27,2,,-2.2,,6.1,,8.9,,8.9,,0,,,,,,,,0,,16,,,,,
-52.7,47.56666666666667,ST JOHN'S,8403500,8403500.1949.4.28,1949-04-28 00:00:00,NL,1949,4,28,4.2,,0,,8.3,,15.5,,15.5,,0,,,,,,,,0,,13.8,,,,,
-52.7,47.56666666666667,ST JOHN'S,8403500,8403500.1949.4.29,1949-04-29 00:00:00,NL,1949,4,29,5.8,,2.2,,9.4,,0.5,,0.5,,0,,,,,,,,0,,12.2,,,,,
-52.7,47.56666666666667,ST JOHN'S,8403500,8403500.1949.4.30,1949-04-30 00:00:00,NL,1949,4,30,2.5,,-0.6,,5.6,,0,,0,,0,,,,,,,,0,,15.5,,,,,
-52.7,47.56666666666667,ST JOHN'S,8403500,8403500.1949.5.1,1949-05-01 00:00:00,NL,1949,5,1,3.4,,-2.2,,8.9,,0.3,,0.3,,0,,,,,,,,0,,14.6,,,,,
-52.7,47.56666666666667,ST JOHN'S,8403500,8403500.1949.5.2,1949-05-02 00:00:00,NL,1949,5,2,12.8,,1.7,,23.9,,0,,0,,0,,,,,,,,0,,5.2,,,,,
-52.7,47.56666666666667,ST JOHN'S,8403500,8403500.1949.5.3,1949-05-03 00:00:00,NL,1949,5,3,11.7,,3.9,,19.4,,0,,0,,0,,,,,,,,0,,6.3,,,,,
-52.7,47.56666666666667,ST JOHN'S,8403500,8403500.1949.5.4,1949-05-04 00:00:00,NL,1949,5,4,14.2,,6.1,,22.2,,0,,0,,0,,,,,,,,0,,3.8,,,,,
-52.7,47.56666666666667,ST JOHN'S,8403500,8403500.1949.5.5,1949-05-05 00:00:00,NL,1949,5,5,13.3,,7.2,,19.4,,2.5,,2.5,,0,,,,,,,,0,,4.7,,,,,
-52.7,47.56666666666667,ST JOHN'S,8403500,8403500.1949.5.6,1949-05-06 00:00:00,NL,1949,5,6,3.1,,0,,6.1,,0,,0,,0,,,,,,,,0,,14.9,,,,,
-52.7,47.56666666666667,ST JOHN'S,8403500,8403500.1949.5.7,1949-05-07 00:00:00,NL,1949,5,7,5.3,,-0.6,,11.1,,0,,0,,0,,,,,,,,0,,12.7,,,,,
-52.7,47.56666666666667,ST JOHN'S,8403500,8403500.1949.5.8,1949-05-08 00:00:00,NL,1949,5,8,5.9,,2.8,,8.9,,0,,0,,0,,,,,,,,0,,12.1,,,,,
-52.7,47.56666666666667,ST JOHN'S,8403500,8403500.1949.5.9,1949-05-09 00:00:00,NL,1949,5,9,8.4,,0,,16.7,,0.3,,0.3,,0,,,,,,,,0,,9.6,,,,,
-52.7,47.56666666666667,ST JOHN'S,8403500,8403500.1949.5.10,1949-05-10 00:00:00,NL,1949,5,10,6.1,,1.1,,11.1,,2.5,,2.5,,0,,,,,,,,0,,11.9,,,,,
-52.7,47.56666666666667,ST JOHN'S,8403500,8403500.1949.5.11,1949-05-11 00:00:00,NL,1949,5,11,2,,1.7,,2.2,,2.5,,2.5,,0,,,,,,,,0,,16,,,,,
-52.7,47.56666666666667,ST JOHN'S,8403500,8403500.1949.5.12,1949-05-12 00:00:00,NL,1949,5,12,5.8,,2.2,,9.4,,36.3,,36.3,,0,,,,,,,,0,,12.2,,,,,
-52.7,47.56666666666667,ST JOHN'S,8403500,8403500.1949.5.13,1949-05-13 00:00:00,NL,1949,5,13,12.5,,8.3,,16.7,,5.8,,5.8,,0,,,,,,,,0,,5.5,,,,,
-52.7,47.56666666666667,ST JOHN'S,8403500,8403500.1949.5.14,1949-05-14 00:00:00,NL,1949,5,14,9.5,,7.8,,11.1,,4.1,,4.1,,0,,,,,,,,0,,8.5,,,,,
-52.7,47.56666666666667,ST JOHN'S,8403500,8403500.1949.5.15,1949-05-15 00:00:00,NL,1949,5,15,8.6,,6.1,,11.1,,0,,0,,0,,,,,,,,0,,9.4,,,,,
-52.7,47.56666666666667,ST JOHN'S,8403500,8403500.1949.5.16,1949-05-16 00:00:00,NL,1949,5,16,7.8,,4.4,,11.1,,0,,0,,0,,,,,,,,0,,10.2,,,,,
-52.7,47.56666666666667,ST JOHN'S,8403500,8403500.1949.5.17,1949-05-17 00:00:00,NL,1949,5,17,8.6,,4.4,,12.8,,0.3,,0.3,,0,,,,,,,,0,,9.4,,,,,
-52.7,47.56666666666667,ST JOHN'S,8403500,8403500.1949.5.18,1949-05-18 00:00:00,NL,1949,5,18,4.5,,1.7,,7.2,,0,,0,,0,,,,,,,,0,,13.5,,,,,
-52.7,47.56666666666667,ST JOHN'S,8403500,8403500.1949.5.19,1949-05-19 00:00:00,NL,1949,5,19,3.4,,1.7,,5,,6.6,,6.6,,0,,,,,,,,0,,14.6,,,,,
-52.7,47.56666666666667,ST JOHN'S,8403500,8403500.1949.5.20,1949-05-20 00:00:00,NL,1949,5,20,5.3,,0.6,,10,,0,,0,,0,,,,,,,,0,,12.7,,,,,
-52.7,47.56666666666667,ST JOHN'S,8403500,8403500.1949.5.21,1949-05-21 00:00:00,NL,1949,5,21,3.1,,0,,6.1,,0,,0,,0,,,,,,,,0,,14.9,,,,,
-52.7,47.56666666666667,ST JOHN'S,8403500,8403500.1949.5.22,1949-05-22 00:00:00,NL,1949,5,22,7,,0,,13.9,,0,,0,,0,,,,,,,,0,,11,,,,,
-52.7,47.56666666666667,ST JOHN'S,8403500,8403500.1949.5.23,1949-05-23 00:00:00,NL,1949,5,23,10.3,,2.8,,17.8,,26.4,,26.4,,0,,,,,,,,0,,7.7,,,,,
-52.7,47.56666666666667,ST JOHN'S,8403500,8403500.1949.5.24,1949-05-24 00:00:00,NL,1949,5,24,3.1,,2.8,,3.3,,0.5,,0.5,,0,,,,,,,,0,,14.9,,,,,
-52.7,47.56666666666667,ST JOHN'S,8403500,8403500.1949.5.25,1949-05-25 00:00:00,NL,1949,5,25,4.8,,1.7,,7.8,,0,,0,,0,,,,,,,,0,,13.2,,,,,
-52.7,47.56666666666667,ST JOHN'S,8403500,8403500.1949.5.26,1949-05-26 00:00:00,NL,1949,5,26,2.8,,1.1,,4.4,,0,,0,,0,,,,,,,,0,,15.2,,,,,
-52.7,47.56666666666667,ST JOHN'S,8403500,8403500.1949.5.27,1949-05-27 00:00:00,NL,1949,5,27,4.7,,2.2,,7.2,,6.9,,6.9,,0,,,,,,,,0,,13.3,,,,,
-52.7,47.56666666666667,ST JOHN'S,8403500,8403500.1949.5.28,1949-05-28 00:00:00,NL,1949,5,28,10.9,,1.1,,20.6,,0,,0,,0,,,,,,,,0,,7.1,,,,,
-52.7,47.56666666666667,ST JOHN'S,8403500,8403500.1949.5.29,1949-05-29 00:00:00,NL,1949,5,29,10.6,,5.6,,15.6,,1.5,,1.5,,0,,,,,,,,0,,7.4,,,,,
-52.7,47.56666666666667,ST JOHN'S,8403500,8403500.1949.5.30,1949-05-30 00:00:00,NL,1949,5,30,11.1,,6.1,,16.1,,1,,1,,0,,,,,,,,0,,6.9,,,,,
-52.7,47.56666666666667,ST JOHN'S,8403500,8403500.1949.5.31,1949-05-31 00:00:00,NL,1949,5,31,10.6,,5.6,,15.6,,0,,0,,0,,,,,,,,0,,7.4,,,,,
-52.7,47.56666666666667,ST JOHN'S,8403500,8403500.1949.6.1,1949-06-01 00:00:00,NL,1949,6,1,5,,3.3,,6.7,,0,,0,,0,,,,,,,,0,,13,,,,,
-52.7,47.56666666666667,ST JOHN'S,8403500,8403500.1949.6.2,1949-06-02 00:00:00,NL,1949,6,2,6.1,,2.8,,9.4,,0,,0,,0,,,,,,,,0,,11.9,,,,,
-52.7,47.56666666666667,ST JOHN'S,8403500,8403500.1949.6.3,1949-06-03 00:00:00,NL,1949,6,3,10.3,,1.1,,19.4,,1.8,,1.8,,0,,,,,,,,0,,7.7,,,,,
-52.7,47.56666666666667,ST JOHN'S,8403500,8403500.1949.6.4,1949-06-04 00:00:00,NL,1949,6,4,14.7,,7.2,,22.2,,1.5,,1.5,,0,,,,,,,,0,,3.3,,,,,
-52.7,47.56666666666667,ST JOHN'S,8403500,8403500.1949.6.5,1949-06-05 00:00:00,NL,1949,6,5,18.1,,12.2,,23.9,,0,,0,,0,,,,,,,,0.1,,0,,,,,
-52.7,47.56666666666667,ST JOHN'S,8403500,8403500.1949.6.6,1949-06-06 00:00:00,NL,1949,6,6,9.5,,5.6,,13.3,,0,,0,,0,,,,,,,,0,,8.5,,,,,
-52.7,47.56666666666667,ST JOHN'S,8403500,8403500.1949.6.7,1949-06-07 00:00:00,NL,1949,6,7,9.4,,4.4,,14.4,,2.8,,2.8,,0,,,,,,,,0,,8.6,,,,,
-52.7,47.56666666666667,ST JOHN'S,8403500,8403500.1949.6.8,1949-06-08 00:00:00,NL,1949,6,8,5.8,,4.4,,7.2,,3.8,,3.8,,0,,,,,,,,0,,12.2,,,,,
-52.7,47.56666666666667,ST JOHN'S,8403500,8403500.1949.6.9,1949-06-09 00:00:00,NL,1949,6,9,6.4,,3.9,,8.9,,0.3,,0.3,,0,,,,,,,,0,,11.6,,,,,
-52.7,47.56666666666667,ST JOHN'S,8403500,8403500.1949.6.10,1949-06-10 00:00:00,NL,1949,6,10,8.6,,2.8,,14.4,,0,,0,,0,,,,,,,,0,,9.4,,,,,
-52.7,47.56666666666667,ST JOHN'S,8403500,8403500.1949.6.11,1949-06-11 00:00:00,NL,1949,6,11,10.9,,5.6,,16.1,,0,,0,,0,,,,,,,,0,,7.1,,,,,
-52.7,47.56666666666667,ST JOHN'S,8403500,8403500.1949.6.12,1949-06-12 00:00:00,NL,1949,6,12,12,,10,,13.9,,15.7,,15.7,,0,,,,,,,,0,,6,,,,,
-52.7,47.56666666666667,ST JOHN'S,8403500,8403500.1949.6.13,1949-06-13 00:00:00,NL,1949,6,13,11.1,,3.9,,18.3,,0,,0,,0,,,,,,,,0,,6.9,,,,,
-52.7,47.56666666666667,ST JOHN'S,8403500,8403500.1949.6.14,1949-06-14 00:00:00,NL,1949,6,14,16.9,,9.4,,24.4,,0.3,,0.3,,0,,,,,,,,0,,1.1,,,,,
-52.7,47.56666666666667,ST JOHN'S,8403500,8403500.1949.6.15,1949-06-15 00:00:00,NL,1949,6,15,11.7,,8.9,,14.4,,0,,0,,0,,,,,,,,0,,6.3,,,,,
-52.7,47.56666666666667,ST JOHN'S,8403500,8403500.1949.6.16,1949-06-16 00:00:00,NL,1949,6,16,11.1,,5,,17.2,,0,,0,,0,,,,,,,,0,,6.9,,,,,
-52.7,47.56666666666667,ST JOHN'S,8403500,8403500.1949.6.17,1949-06-17 00:00:00,NL,1949,6,17,12.8,,9.4,,16.1,,0,,0,,0,,,,,,,,0,,5.2,,,,,
-52.7,47.56666666666667,ST JOHN'S,8403500,8403500.1949.6.18,1949-06-18 00:00:00,NL,1949,6,18,17.2,,10,,24.4,,0,,0,,0,,,,,,,,0,,0.8,,,,,
-52.7,47.56666666666667,ST JOHN'S,8403500,8403500.1949.6.19,1949-06-19 00:00:00,NL,1949,6,19,21.4,,12.8,,30,,0,,0,,0,,,,,,,,3.4,,0,,,,,
-52.7,47.56666666666667,ST JOHN'S,8403500,8403500.1949.6.20,1949-06-20 00:00:00,NL,1949,6,20,11.4,,7.2,,15.6,,0,,0,,0,,,,,,,,0,,6.6,,,,,
-52.7,47.56666666666667,ST JOHN'S,8403500,8403500.1949.6.21,1949-06-21 00:00:00,NL,1949,6,21,8.9,,3.3,,14.4,,0.8,,0.8,,0,,,,,,,,0,,9.1,,,,,
-52.7,47.56666666666667,ST JOHN'S,8403500,8403500.1949.6.22,1949-06-22 00:00:00,NL,1949,6,22,10.3,,2.8,,17.8,,1,,1,,0,,,,,,,,0,,7.7,,,,,
-52.7,47.56666666666667,ST JOHN'S,8403500,8403500.1949.6.23,1949-06-23 00:00:00,NL,1949,6,23,8.1,,6.7,,9.4,,0.8,,0.8,,0,,,,,,,,0,,9.9,,,,,
-52.7,47.56666666666667,ST JOHN'S,8403500,8403500.1949.6.24,1949-06-24 00:00:00,NL,1949,6,24,10.6,,6.1,,15,,7.1,,7.1,,0,,,,,,,,0,,7.4,,,,,
-52.7,47.56666666666667,ST JOHN'S,8403500,8403500.1949.6.25,1949-06-25 00:00:00,NL,1949,6,25,13.6,,6.1,,21.1,,0,,0,,0,,,,,,,,0,,4.4,,,,,
-52.7,47.56666666666667,ST JOHN'S,8403500,8403500.1949.6.26,1949-06-26 00:00:00,NL,1949,6,26,11.1,,7.8,,14.4,,25.4,,25.4,,0,,,,,,,,0,,6.9,,,,,
-52.7,47.56666666666667,ST JOHN'S,8403500,8403500.1949.6.27,1949-06-27 00:00:00,NL,1949,6,27,9.7,,4.4,,15,,0.3,,0.3,,0,,,,,,,,0,,8.3,,,,,
-52.7,47.56666666666667,ST JOHN'S,8403500,8403500.1949.6.28,1949-06-28 00:00:00,NL,1949,6,28,13.4,,6.7,,20,,0,,0,,0,,,,,,,,0,,4.6,,,,,
-52.7,47.56666666666667,ST JOHN'S,8403500,8403500.1949.6.29,1949-06-29 00:00:00,NL,1949,6,29,14.2,,5.6,,22.8,,0,,0,,0,,,,,,,,0,,3.8,,,,,
-52.7,47.56666666666667,ST JOHN'S,8403500,8403500.1949.6.30,1949-06-30 00:00:00,NL,1949,6,30,17.5,,12.8,,22.2,,0,,0,,0,,,,,,,,0,,0.5,,,,,
-52.7,47.56666666666667,ST JOHN'S,8403500,8403500.1949.7.1,1949-07-01 00:00:00,NL,1949,7,1,13.3,,7.2,,19.4,,0,,0,,0,,,,,,,,0,,4.7,,,,,
-52.7,47.56666666666667,ST JOHN'S,8403500,8403500.1949.7.2,1949-07-02 00:00:00,NL,1949,7,2,16.7,,7.8,,25.6,,0,,0,,0,,,,,,,,0,,1.3,,,,,
-52.7,47.56666666666667,ST JOHN'S,8403500,8403500.1949.7.3,1949-07-03 00:00:00,NL,1949,7,3,,M,,M,26.7,,0,,0,,0,,,,,,,,,M,,M,,,,
-52.7,47.56666666666667,ST JOHN'S,8403500,8403500.1949.7.4,1949-07-04 00:00:00,NL,1949,7,4,21.1,,13.9,,28.3,,3.8,,3.8,,0,,,,,,,,3.1,,0,,,,,
-52.7,47.56666666666667,ST JOHN'S,8403500,8403500.1949.7.5,1949-07-05 00:00:00,NL,1949,7,5,15.6,,14.4,,16.7,,4.8,,4.8,,0,,,,,,,,0,,2.4,,,,,
-52.7,47.56666666666667,ST JOHN'S,8403500,8403500.1949.7.6,1949-07-06 00:00:00,NL,1949,7,6,13.9,,9.4,,18.3,,0,,0,,0,,,,,,,,0,,4.1,,,,,
-52.7,47.56666666666667,ST JOHN'S,8403500,8403500.1949.7.7,1949-07-07 00:00:00,NL,1949,7,7,14.2,,8.3,,20,,0,,0,,0,,,,,,,,0,,3.8,,,,,
-52.7,47.56666666666667,ST JOHN'S,8403500,8403500.1949.7.8,1949-07-08 00:00:00,NL,1949,7,8,12.5,,7.8,,17.2,,1,,1,,0,,,,,,,,0,,5.5,,,,,
-52.7,47.56666666666667,ST JOHN'S,8403500,8403500.1949.7.9,1949-07-09 00:00:00,NL,1949,7,9,13.1,,7.8,,18.3,,1,,1,,0,,,,,,,,0,,4.9,,,,,
-52.7,47.56666666666667,ST JOHN'S,8403500,8403500.1949.7.10,1949-07-10 00:00:00,NL,1949,7,10,16.4,,7.2,,25.6,,0,,0,,0,,,,,,,,0,,1.6,,,,,
-52.7,47.56666666666667,ST JOHN'S,8403500,8403500.1949.7.11,1949-07-11 00:00:00,NL,1949,7,11,17.8,,15,,20.6,,13,,13,,0,,,,,,,,0,,0.2,,,,,
-52.7,47.56666666666667,ST JOHN'S,8403500,8403500.1949.7.12,1949-07-12 00:00:00,NL,1949,7,12,17,,11.7,,22.2,,0,,0,,0,,,,,,,,0,,1,,,,,
-52.7,47.56666666666667,ST JOHN'S,8403500,8403500.1949.7.13,1949-07-13 00:00:00,NL,1949,7,13,10.3,,5.6,,15,,0,,0,,0,,,,,,,,0,,7.7,,,,,
-52.7,47.56666666666667,ST JOHN'S,8403500,8403500.1949.7.14,1949-07-14 00:00:00,NL,1949,7,14,15.6,,7.2,,23.9,,0,,0,,0,,,,,,,,0,,2.4,,,,,
-52.7,47.56666666666667,ST JOHN'S,8403500,8403500.1949.7.15,1949-07-15 00:00:00,NL,1949,7,15,13.4,,6.7,,20,,0,,0,,0,,,,,,,,0,,4.6,,,,,
-52.7,47.56666666666667,ST JOHN'S,8403500,8403500.1949.7.16,1949-07-16 00:00:00,NL,1949,7,16,14.7,,10,,19.4,,0,,0,,0,,,,,,,,0,,3.3,,,,,
-52.7,47.56666666666667,ST JOHN'S,8403500,8403500.1949.7.17,1949-07-17 00:00:00,NL,1949,7,17,18.1,,10.6,,25.6,,0,,0,,0,,,,,,,,0.1,,0,,,,,
-52.7,47.56666666666667,ST JOHN'S,8403500,8403500.1949.7.18,1949-07-18 00:00:00,NL,1949,7,18,20.8,,13.3,,28.3,,0,,0,,0,,,,,,,,2.8,,0,,,,,
-52.7,47.56666666666667,ST JOHN'S,8403500,8403500.1949.7.19,1949-07-19 00:00:00,NL,1949,7,19,14.5,,11.7,,17.2,,0.3,,0.3,,0,,,,,,,,0,,3.5,,,,,
-52.7,47.56666666666667,ST JOHN'S,8403500,8403500.1949.7.20,1949-07-20 00:00:00,NL,1949,7,20,12,,5.6,,18.3,,1,,1,,0,,,,,,,,0,,6,,,,,
-52.7,47.56666666666667,ST JOHN'S,8403500,8403500.1949.7.21,1949-07-21 00:00:00,NL,1949,7,21,18.6,,13.3,,23.9,,0,,0,,0,,,,,,,,0.6,,0,,,,,
-52.7,47.56666666666667,ST JOHN'S,8403500,8403500.1949.7.22,1949-07-22 00:00:00,NL,1949,7,22,16.7,,12.8,,20.6,,0,,0,,0,,,,,,,,0,,1.3,,,,,
-52.7,47.56666666666667,ST JOHN'S,8403500,8403500.1949.7.23,1949-07-23 00:00:00,NL,1949,7,23,12.8,,8.9,,16.7,,6.4,,6.4,,0,,,,,,,,0,,5.2,,,,,
-52.7,47.56666666666667,ST JOHN'S,8403500,8403500.1949.7.24,1949-07-24 00:00:00,NL,1949,7,24,10.3,,10,,10.6,,16,,16,,0,,,,,,,,0,,7.7,,,,,
-52.7,47.56666666666667,ST JOHN'S,8403500,8403500.1949.7.25,1949-07-25 00:00:00,NL,1949,7,25,9.8,,7.8,,11.7,,0.3,,0.3,,0,,,,,,,,0,,8.2,,,,,
-52.7,47.56666666666667,ST JOHN'S,8403500,8403500.1949.7.26,1949-07-26 00:00:00,NL,1949,7,26,11.1,,5,,17.2,,0,,0,,0,,,,,,,,0,,6.9,,,,,
-52.7,47.56666666666667,ST JOHN'S,8403500,8403500.1949.7.27,1949-07-27 00:00:00,NL,1949,7,27,12.5,,9.4,,15.6,,0,,0,,0,,,,,,,,0,,5.5,,,,,
-52.7,47.56666666666667,ST JOHN'S,8403500,8403500.1949.7.28,1949-07-28 00:00:00,NL,1949,7,28,19.2,,15,,23.3,,5.1,,5.1,,0,,,,,,,,1.2,,0,,,,,
-52.7,47.56666666666667,ST JOHN'S,8403500,8403500.1949.7.29,1949-07-29 00:00:00,NL,1949,7,29,18.6,,13.3,,23.9,,0,,0,,0,,,,,,,,0.6,,0,,,,,
-52.7,47.56666666666667,ST JOHN'S,8403500,8403500.1949.7.30,1949-07-30 00:00:00,NL,1949,7,30,22.8,,17.8,,27.8,,0,,0,,0,,,,,,,,4.8,,0,,,,,
-52.7,47.56666666666667,ST JOHN'S,8403500,8403500.1949.7.31,1949-07-31 00:00:00,NL,1949,7,31,22,,16.7,,27.2,,12.7,,12.7,,0,,,,,,,,4,,0,,,,,
-52.7,47.56666666666667,ST JOHN'S,8403500,8403500.1949.8.1,1949-08-01 00:00:00,NL,1949,8,1,19.5,,15,,23.9,,0,,0,,0,,,,,,,,1.5,,0,,,,,
-52.7,47.56666666666667,ST JOHN'S,8403500,8403500.1949.8.2,1949-08-02 00:00:00,NL,1949,8,2,14.8,,11.7,,17.8,,0,,0,,0,,,,,,,,0,,3.2,,,,,
-52.7,47.56666666666667,ST JOHN'S,8403500,8403500.1949.8.3,1949-08-03 00:00:00,NL,1949,8,3,10.9,,8.9,,12.8,,0,,0,,0,,,,,,,,0,,7.1,,,,,
-52.7,47.56666666666667,ST JOHN'S,8403500,8403500.1949.8.4,1949-08-04 00:00:00,NL,1949,8,4,12.3,,7.8,,16.7,,1,,1,,0,,,,,,,,0,,5.7,,,,,
-52.7,47.56666666666667,ST JOHN'S,8403500,8403500.1949.8.5,1949-08-05 00:00:00,NL,1949,8,5,13.1,,10.6,,15.6,,2.3,,2.3,,0,,,,,,,,0,,4.9,,,,,
-52.7,47.56666666666667,ST JOHN'S,8403500,8403500.1949.8.6,1949-08-06 00:00:00,NL,1949,8,6,12.8,,10,,15.6,,0.3,,0.3,,0,,,,,,,,0,,5.2,,,,,
-52.7,47.56666666666667,ST JOHN'S,8403500,8403500.1949.8.7,1949-08-07 00:00:00,NL,1949,8,7,16.1,,11.1,,21.1,,1,,1,,0,,,,,,,,0,,1.9,,,,,
-52.7,47.56666666666667,ST JOHN'S,8403500,8403500.1949.8.8,1949-08-08 00:00:00,NL,1949,8,8,17.8,,12.2,,23.3,,0,,0,,0,,,,,,,,0,,0.2,,,,,
-52.7,47.56666666666667,ST JOHN'S,8403500,8403500.1949.8.9,1949-08-09 00:00:00,NL,1949,8,9,,M,,M,,M,0,,0,,0,,,,,,,,,M,,M,,,,
-52.7,47.56666666666667,ST JOHN'S,8403500,8403500.1949.8.10,1949-08-10 00:00:00,NL,1949,8,10,14.2,,7.2,,21.1,,0,,0,,0,,,,,,,,0,,3.8,,,,,
-52.7,47.56666666666667,ST JOHN'S,8403500,8403500.1949.8.11,1949-08-11 00:00:00,NL,1949,8,11,14.7,,8.3,,21.1,,0,,0,,0,,,,,,,,0,,3.3,,,,,
-52.7,47.56666666666667,ST JOHN'S,8403500,8403500.1949.8.12,1949-08-12 00:00:00,NL,1949,8,12,12.5,,8.9,,16.1,,0,,0,,0,,,,,,,,0,,5.5,,,,,
-52.7,47.56666666666667,ST JOHN'S,8403500,8403500.1949.8.13,1949-08-13 00:00:00,NL,1949,8,13,12.5,,10,,15,,0,,0,,0,,,,,,,,0,,5.5,,,,,
-52.7,47.56666666666667,ST JOHN'S,8403500,8403500.1949.8.14,1949-08-14 00:00:00,NL,1949,8,14,12,,11.1,,12.8,,27.4,,27.4,,0,,,,,,,,0,,6,,,,,
-52.7,47.56666666666667,ST JOHN'S,8403500,8403500.1949.8.15,1949-08-15 00:00:00,NL,1949,8,15,10.6,,8.9,,12.2,,20.3,,20.3,,0,,,,,,,,0,,7.4,,,,,
-52.7,47.56666666666667,ST JOHN'S,8403500,8403500.1949.8.16,1949-08-16 00:00:00,NL,1949,8,16,9.5,,8.3,,10.6,,0.8,,0.8,,0,,,,,,,,0,,8.5,,,,,
-52.7,47.56666666666667,ST JOHN'S,8403500,8403500.1949.8.17,1949-08-17 00:00:00,NL,1949,8,17,12,,6.7,,17.2,,0,,0,,0,,,,,,,,0,,6,,,,,
-52.7,47.56666666666667,ST JOHN'S,8403500,8403500.1949.8.18,1949-08-18 00:00:00,NL,1949,8,18,15.6,,8.9,,22.2,,0,,0,,0,,,,,,,,0,,2.4,,,,,
-52.7,47.56666666666667,ST JOHN'S,8403500,8403500.1949.8.19,1949-08-19 00:00:00,NL,1949,8,19,,M,13.9,,,M,16.5,,16.5,,0,,,,,,,,,M,,M,,,,
-52.7,47.56666666666667,ST JOHN'S,8403500,8403500.1949.8.20,1949-08-20 00:00:00,NL,1949,8,20,,M,,M,,M,0,L,0,L,0,,,,,,,,,M,,M,,,,
-52.7,47.56666666666667,ST JOHN'S,8403500,8403500.1949.8.21,1949-08-21 00:00:00,NL,1949,8,21,,M,,M,,M,0,L,0,L,0,,,,,,,,,M,,M,,,,
-52.7,47.56666666666667,ST JOHN'S,8403500,8403500.1949.8.22,1949-08-22 00:00:00,NL,1949,8,22,,M,,M,,M,0,L,0,L,0,,,,,,,,,M,,M,,,,
-52.7,47.56666666666667,ST JOHN'S,8403500,8403500.1949.8.23,1949-08-23 00:00:00,NL,1949,8,23,,M,,M,,M,0,L,0,L,0,,,,,,,,,M,,M,,,,
-52.7,47.56666666666667,ST JOHN'S,8403500,8403500.1949.8.24,1949-08-24 00:00:00,NL,1949,8,24,,M,,M,,M,0,L,0,L,0,,,,,,,,,M,,M,,,,
-52.7,47.56666666666667,ST JOHN'S,8403500,8403500.1949.8.25,1949-08-25 00:00:00,NL,1949,8,25,,M,,M,,M,0,L,0,L,0,,,,,,,,,M,,M,,,,
-52.7,47.56666666666667,ST JOHN'S,8403500,8403500.1949.8.26,1949-08-26 00:00:00,NL,1949,8,26,,M,,M,,M,0,L,0,L,0,,,,,,,,,M,,M,,,,
-52.7,47.56666666666667,ST JOHN'S,8403500,8403500.1949.8.27,1949-08-27 00:00:00,NL,1949,8,27,,M,,M,,M,0,L,0,L,0,,,,,,,,,M,,M,,,,
-52.7,47.56666666666667,ST JOHN'S,8403500,8403500.1949.8.28,1949-08-28 00:00:00,NL,1949,8,28,,M,,M,,M,0,L,0,L,0,,,,,,,,,M,,M,,,,
-52.7,47.56666666666667,ST JOHN'S,8403500,8403500.1949.8.29,1949-08-29 00:00:00,NL,1949,8,29,,M,,M,,M,0,L,0,L,0,,,,,,,,,M,,M,,,,
-52.7,47.56666666666667,ST JOHN'S,8403500,8403500.1949.8.30,1949-08-30 00:00:00,NL,1949,8,30,,M,,M,,M,0,L,0,L,0,,,,,,,,,M,,M,,,,
-52.7,47.56666666666667,ST JOHN'S,8403500,8403500.1949.8.31,1949-08-31 00:00:00,NL,1949,8,31,,M,,M,,M,31.2,A,31.2,A,0,,,,,,,,,M,,M,,,,
-52.7,47.56666666666667,ST JOHN'S,8403500,8403500.1949.9.1,1949-09-01 00:00:00,NL,1949,9,1,17,,12.2,,21.7,,0.8,,0.8,,0,,,,,,,,0,,1,,,,,
-52.7,47.56666666666667,ST JOHN'S,8403500,8403500.1949.9.2,1949-09-02 00:00:00,NL,1949,9,2,20.8,,14.4,,27.2,,1.5,,1.5,,0,,,,,,,,2.8,,0,,,,,
-52.7,47.56666666666667,ST JOHN'S,8403500,8403500.1949.9.3,1949-09-03 00:00:00,NL,1949,9,3,,M,,M,,M,0,,0,,0,,,,,,,,,M,,M,,,,
-52.7,47.56666666666667,ST JOHN'S,8403500,8403500.1949.9.4,1949-09-04 00:00:00,NL,1949,9,4,,M,,M,,M,0,,0,,0,,,,,,,,,M,,M,,,,
-52.7,47.56666666666667,ST JOHN'S,8403500,8403500.1949.9.5,1949-09-05 00:00:00,NL,1949,9,5,,M,,M,24.4,,0,,0,,0,,,,,,,,,M,,M,,,,
-52.7,47.56666666666667,ST JOHN'S,8403500,8403500.1949.9.6,1949-09-06 00:00:00,NL,1949,9,6,20,,15.6,,24.4,,0,,0,,0,,,,,,,,2,,0,,,,,
-52.7,47.56666666666667,ST JOHN'S,8403500,8403500.1949.9.7,1949-09-07 00:00:00,NL,1949,9,7,,M,,M,,M,0,,0,,0,,,,,,,,,M,,M,,,,
-52.7,47.56666666666667,ST JOHN'S,8403500,8403500.1949.9.8,1949-09-08 00:00:00,NL,1949,9,8,,M,,M,,M,4.3,,4.3,,0,,,,,,,,,M,,M,,,,
-52.7,47.56666666666667,ST JOHN'S,8403500,8403500.1949.9.9,1949-09-09 00:00:00,NL,1949,9,9,14.5,,11.1,,17.8,,65.3,,65.3,,0,,,,,,,,0,,3.5,,,,,
-52.7,47.56666666666667,ST JOHN'S,8403500,8403500.1949.9.10,1949-09-10 00:00:00,NL,1949,9,10,,M,,M,24.4,,2,,2,,0,,,,,,,,,M,,M,,,,
-52.7,47.56666666666667,ST JOHN'S,8403500,8403500.1949.9.11,1949-09-11 00:00:00,NL,1949,9,11,7.8,,5.6,,10,,0.3,,0.3,,0,,,,,,,,0,,10.2,,,,,
-52.7,47.56666666666667,ST JOHN'S,8403500,8403500.1949.9.12,1949-09-12 00:00:00,NL,1949,9,12,7.5,,3.9,,11.1,,7.6,,7.6,,0,,,,,,,,0,,10.5,,,,,
-52.7,47.56666666666667,ST JOHN'S,8403500,8403500.1949.9.13,1949-09-13 00:00:00,NL,1949,9,13,8.1,,4.4,,11.7,,0,,0,,0,,,,,,,,0,,9.9,,,,,
-52.7,47.56666666666667,ST JOHN'S,8403500,8403500.1949.9.14,1949-09-14 00:00:00,NL,1949,9,14,7.8,,5.6,,10,,0,,0,,0,,,,,,,,0,,10.2,,,,,
-52.7,47.56666666666667,ST JOHN'S,8403500,8403500.1949.9.15,1949-09-15 00:00:00,NL,1949,9,15,12.5,,6.7,,18.3,,0,,0,,0,,,,,,,,0,,5.5,,,,,
-52.7,47.56666666666667,ST JOHN'S,8403500,8403500.1949.9.16,1949-09-16 00:00:00,NL,1949,9,16,13.4,,6.1,,20.6,,14,,14,,0,,,,,,,,0,,4.6,,,,,
-52.7,47.56666666666667,ST JOHN'S,8403500,8403500.1949.9.17,1949-09-17 00:00:00,NL,1949,9,17,15.9,,11.7,,20,,1,,1,,0,,,,,,,,0,,2.1,,,,,
-52.7,47.56666666666667,ST JOHN'S,8403500,8403500.1949.9.18,1949-09-18 00:00:00,NL,1949,9,18,14.5,,10.6,,18.3,,0.5,,0.5,,0,,,,,,,,0,,3.5,,,,,
-52.7,47.56666666666667,ST JOHN'S,8403500,8403500.1949.9.19,1949-09-19 00:00:00,NL,1949,9,19,8.1,,5.6,,10.6,,0.5,,0.5,,0,,,,,,,,0,,9.9,,,,,
-52.7,47.56666666666667,ST JOHN'S,8403500,8403500.1949.9.20,1949-09-20 00:00:00,NL,1949,9,20,7.8,,6.7,,8.9,,4.6,,4.6,,0,,,,,,,,0,,10.2,,,,,
-52.7,47.56666666666667,ST JOHN'S,8403500,8403500.1949.9.21,1949-09-21 00:00:00,NL,1949,9,21,8.1,,7.2,,8.9,,1.5,,1.5,,0,,,,,,,,0,,9.9,,,,,
-52.7,47.56666666666667,ST JOHN'S,8403500,8403500.1949.9.22,1949-09-22 00:00:00,NL,1949,9,22,,M,,M,,M,0,,0,,0,,,,,,,,,M,,M,,,,
-52.7,47.56666666666667,ST JOHN'S,8403500,8403500.1949.9.23,1949-09-23 00:00:00,NL,1949,9,23,,M,,M,,M,0,,0,,0,,,,,,,,,M,,M,,,,
-52.7,47.56666666666667,ST JOHN'S,8403500,8403500.1949.9.24,1949-09-24 00:00:00,NL,1949,9,24,,M,,M,,M,0,,0,,0,,,,,,,,,M,,M,,,,
-52.7,47.56666666666667,ST JOHN'S,8403500,8403500.1949.9.25,1949-09-25 00:00:00,NL,1949,9,25,,M,,M,,M,0,,0,,0,,,,,,,,,M,,M,,,,
-52.7,47.56666666666667,ST JOHN'S,8403500,8403500.1949.9.26,1949-09-26 00:00:00,NL,1949,9,26,,M,,M,,M,0,,0,,0,,,,,,,,,M,,M,,,,
-52.7,47.56666666666667,ST JOHN'S,8403500,8403500.1949.9.27,1949-09-27 00:00:00,NL,1949,9,27,,M,,M,,M,0,,0,,0,,,,,,,,,M,,M,,,,
-52.7,47.56666666666667,ST JOHN'S,8403500,8403500.1949.9.28,1949-09-28 00:00:00,NL,1949,9,28,,M,,M,,M,0,,0,,0,,,,,,,,,M,,M,,,,
-52.7,47.56666666666667,ST JOHN'S,8403500,8403500.1949.9.29,1949-09-29 00:00:00,NL,1949,9,29,,M,,M,,M,0,,0,,0,,,,,,,,,M,,M,,,,
-52.7,47.56666666666667,ST JOHN'S,8403500,8403500.1949.9.30,1949-09-30 00:00:00,NL,1949,9,30,,M,,M,,M,0,,0,,0,,,,,,,,,M,,M,,,,
-52.7,47.56666666666667,ST JOHN'S,8403500,8403500.1949.10.1,1949-10-01 00:00:00,NL,1949,10,1,,M,,M,,M,8.9,,8.9,,0,,,,,,,,,M,,M,,,,
-52.7,47.56666666666667,ST JOHN'S,8403500,8403500.1949.10.2,1949-10-02 00:00:00,NL,1949,10,2,,M,,M,,M,2.5,,2.5,,0,,,,,,,,,M,,M,,,,
-52.7,47.56666666666667,ST JOHN'S,8403500,8403500.1949.10.3,1949-10-03 00:00:00,NL,1949,10,3,5.3,,1.1,,9.4,,0,,0,,0,,,,,,,,0,,12.7,,,,,
-52.7,47.56666666666667,ST JOHN'S,8403500,8403500.1949.10.4,1949-10-04 00:00:00,NL,1949,10,4,7.8,,1.1,,14.4,,2.5,,2.5,,0,,,,,,,,0,,10.2,,,,,
-52.7,47.56666666666667,ST JOHN'S,8403500,8403500.1949.10.5,1949-10-05 00:00:00,NL,1949,10,5,13.1,,8.3,,17.8,,0,,0,,0,,,,,,,,0,,4.9,,,,,
-52.7,47.56666666666667,ST JOHN'S,8403500,8403500.1949.10.6,1949-10-06 00:00:00,NL,1949,10,6,10.6,,7.2,,13.9,,5.6,,5.6,,0,,,,,,,,0,,7.4,,,,,
-52.7,47.56666666666667,ST JOHN'S,8403500,8403500.1949.10.7,1949-10-07 00:00:00,NL,1949,10,7,4.2,,2.8,,5.6,,12.4,,12.4,,0,,,,,,,,0,,13.8,,,,,
-52.7,47.56666666666667,ST JOHN'S,8403500,8403500.1949.10.8,1949-10-08 00:00:00,NL,1949,10,8,2,,-1.1,,5,,0.3,,0.3,,0,,,,,,,,0,,16,,,,,
-52.7,47.56666666666667,ST JOHN'S,8403500,8403500.1949.10.9,1949-10-09 00:00:00,NL,1949,10,9,7.3,,1.7,,12.8,,0,,0,,0,,,,,,,,0,,10.7,,,,,
-52.7,47.56666666666667,ST JOHN'S,8403500,8403500.1949.10.10,1949-10-10 00:00:00,NL,1949,10,10,10.3,,7.2,,13.3,,4.6,,4.6,,0,,,,,,,,0,,7.7,,,,,
-52.7,47.56666666666667,ST JOHN'S,8403500,8403500.1949.10.11,1949-10-11 00:00:00,NL,1949,10,11,8.1,,5,,11.1,,2.5,,2.5,,0,,,,,,,,0,,9.9,,,,,
-52.7,47.56666666666667,ST JOHN'S,8403500,8403500.1949.10.12,1949-10-12 00:00:00,NL,1949,10,12,11.7,,5,,18.3,,0,,0,,0,,,,,,,,0,,6.3,,,,,
-52.7,47.56666666666667,ST JOHN'S,8403500,8403500.1949.10.13,1949-10-13 00:00:00,NL,1949,10,13,12.8,,8.9,,16.7,,0,,0,,0,,,,,,,,0,,5.2,,,,,
-52.7,47.56666666666667,ST JOHN'S,8403500,8403500.1949.10.14,1949-10-14 00:00:00,NL,1949,10,14,8.6,,2.8,,14.4,,0,,0,,0,,,,,,,,0,,9.4,,,,,
-52.7,47.56666666666667,ST JOHN'S,8403500,8403500.1949.10.15,1949-10-15 00:00:00,NL,1949,10,15,11.1,,4.4,,17.8,,2,,2,,0,,,,,,,,0,,6.9,,,,,
-52.7,47.56666666666667,ST JOHN'S,8403500,8403500.1949.10.16,1949-10-16 00:00:00,NL,1949,10,16,7.8,,5.6,,10,,1,,1,,0,,,,,,,,0,,10.2,,,,,
-52.7,47.56666666666667,ST JOHN'S,8403500,8403500.1949.10.17,1949-10-17 00:00:00,NL,1949,10,17,7.2,,2.2,,12.2,,0,,0,,0,,,,,,,,0,,10.8,,,,,
-52.7,47.56666666666667,ST JOHN'S,8403500,8403500.1949.10.18,1949-10-18 00:00:00,NL,1949,10,18,6.1,,4.4,,7.8,,0,,0,,0,,,,,,,,0,,11.9,,,,,
-52.7,47.56666666666667,ST JOHN'S,8403500,8403500.1949.10.19,1949-10-19 00:00:00,NL,1949,10,19,5.9,,1.7,,10,,0,,0,,0,,,,,,,,0,,12.1,,,,,
-52.7,47.56666666666667,ST JOHN'S,8403500,8403500.1949.10.20,1949-10-20 00:00:00,NL,1949,10,20,5.6,,3.3,,7.8,,0,,0,,0,,,,,,,,0,,12.4,,,,,
-52.7,47.56666666666667,ST JOHN'S,8403500,8403500.1949.10.21,1949-10-21 00:00:00,NL,1949,10,21,3.9,,3.3,,4.4,,0,,0,,0,,,,,,,,0,,14.1,,,,,
-52.7,47.56666666666667,ST JOHN'S,8403500,8403500.1949.10.22,1949-10-22 00:00:00,NL,1949,10,22,4.2,,2.8,,5.6,,0.3,,0.3,,0,,,,,,,,0,,13.8,,,,,
-52.7,47.56666666666667,ST JOHN'S,8403500,8403500.1949.10.23,1949-10-23 00:00:00,NL,1949,10,23,6.4,,3.3,,9.4,,0.8,,0.8,,0,,,,,,,,0,,11.6,,,,,
-52.7,47.56666666666667,ST JOHN'S,8403500,8403500.1949.10.24,1949-10-24 00:00:00,NL,1949,10,24,8.6,,3.3,,13.9,,0,,0,,0,,,,,,,,0,,9.4,,,,,
-52.7,47.56666666666667,ST JOHN'S,8403500,8403500.1949.10.25,1949-10-25 00:00:00,NL,1949,10,25,3.4,,0.6,,6.1,,0,,0,,0,,,,,,,,0,,14.6,,,,,
-52.7,47.56666666666667,ST JOHN'S,8403500,8403500.1949.10.26,1949-10-26 00:00:00,NL,1949,10,26,3.9,,-4.4,,12.2,,16.5,,16.5,,0,,,,,,,,0,,14.1,,,,,
-52.7,47.56666666666667,ST JOHN'S,8403500,8403500.1949.10.27,1949-10-27 00:00:00,NL,1949,10,27,6.7,,1.1,,12.2,,0,,0,,0,,,,,,,,0,,11.3,,,,,
-52.7,47.56666666666667,ST JOHN'S,8403500,8403500.1949.10.28,1949-10-28 00:00:00,NL,1949,10,28,5,,1.1,,8.9,,1.8,,1.8,,0,,,,,,,,0,,13,,,,,
-52.7,47.56666666666667,ST JOHN'S,8403500,8403500.1949.10.29,1949-10-29 00:00:00,NL,1949,10,29,8.1,,6.1,,10,,0.8,,0.8,,0,,,,,,,,0,,9.9,,,,,
-52.7,47.56666666666667,ST JOHN'S,8403500,8403500.1949.10.30,1949-10-30 00:00:00,NL,1949,10,30,6.4,,4.4,,8.3,,0,,0,,0,,,,,,,,0,,11.6,,,,,
-52.7,47.56666666666667,ST JOHN'S,8403500,8403500.1949.10.31,1949-10-31 00:00:00,NL,1949,10,31,10.3,,1.7,,18.9,,0,,0,,0,,,,,,,,0,,7.7,,,,,
-52.7,47.56666666666667,ST JOHN'S,8403500,8403500.1949.11.1,1949-11-01 00:00:00,NL,1949,11,1,11.7,,5.6,,17.8,,3.8,,3.8,,0,,,,,,,,0,,6.3,,,,,
-52.7,47.56666666666667,ST JOHN'S,8403500,8403500.1949.11.2,1949-11-02 00:00:00,NL,1949,11,2,7.2,,0,,14.4,,0,,0,,0,,,,,,,,0,,10.8,,,,,
-52.7,47.56666666666667,ST JOHN'S,8403500,8403500.1949.11.3,1949-11-03 00:00:00,NL,1949,11,3,6.1,,3.9,,8.3,,19.3,,19.3,,0,,,,,,,,0,,11.9,,,,,
-52.7,47.56666666666667,ST JOHN'S,8403500,8403500.1949.11.4,1949-11-04 00:00:00,NL,1949,11,4,10.3,,3.9,,16.7,,0.3,,0.3,,0,,,,,,,,0,,7.7,,,,,
-52.7,47.56666666666667,ST JOHN'S,8403500,8403500.1949.11.5,1949-11-05 00:00:00,NL,1949,11,5,8.3,,4.4,,12.2,,34.3,,34.3,,0,,,,,,,,0,,9.7,,,,,
-52.7,47.56666666666667,ST JOHN'S,8403500,8403500.1949.11.6,1949-11-06 00:00:00,NL,1949,11,6,5.8,,4.4,,7.2,,0.8,,0.8,,0,,,,,,,,0,,12.2,,,,,
-52.7,47.56666666666667,ST JOHN'S,8403500,8403500.1949.11.7,1949-11-07 00:00:00,NL,1949,11,7,0.3,,-1.1,,1.7,,3.6,,3.6,,0,,,,,,,,0,,17.7,,,,,
-52.7,47.56666666666667,ST JOHN'S,8403500,8403500.1949.11.8,1949-11-08 00:00:00,NL,1949,11,8,2,,-2.2,,6.1,,3,,3,,0,,,,,,,,0,,16,,,,,
-52.7,47.56666666666667,ST JOHN'S,8403500,8403500.1949.11.9,1949-11-09 00:00:00,NL,1949,11,9,3.9,,0.6,,7.2,,0.3,,0.3,,0,,,,,,,,0,,14.1,,,,,
-52.7,47.56666666666667,ST JOHN'S,8403500,8403500.1949.11.10,1949-11-10 00:00:00,NL,1949,11,10,0.6,,-1.1,,2.2,,2.5,,2.5,,0,,,,,,,,0,,17.4,,,,,
-52.7,47.56666666666667,ST JOHN'S,8403500,8403500.1949.11.11,1949-11-11 00:00:00,NL,1949,11,11,2.3,,-1.1,,5.6,,0,,0,,0,,,,,,,,0,,15.7,,,,,
-52.7,47.56666666666667,ST JOHN'S,8403500,8403500.1949.11.12,1949-11-12 00:00:00,NL,1949,11,12,1.4,,0,,2.8,,25.4,,24.4,,1,,,,,,,,0,,16.6,,,,,
-52.7,47.56666666666667,ST JOHN'S,8403500,8403500.1949.11.13,1949-11-13 00:00:00,NL,1949,11,13,0.3,,-1.7,,2.2,,8.6,,0,,8.6,,,,,,,,0,,17.7,,,,,
-52.7,47.56666666666667,ST JOHN'S,8403500,8403500.1949.11.14,1949-11-14 00:00:00,NL,1949,11,14,3.3,,-2.8,,9.4,,4.1,,0,,4.1,,,,,,,,0,,14.7,,,,,
-52.7,47.56666666666667,ST JOHN'S,8403500,8403500.1949.11.15,1949-11-15 00:00:00,NL,1949,11,15,4.2,,-1.7,,10,,8.9,,8.9,,0,,,,,,,,0,,13.8,,,,,
-52.7,47.56666666666667,ST JOHN'S,8403500,8403500.1949.11.16,1949-11-16 00:00:00,NL,1949,11,16,3.1,,1.7,,4.4,,0,,0,,0,,,,,,,,0,,14.9,,,,,
-52.7,47.56666666666667,ST JOHN'S,8403500,8403500.1949.11.17,1949-11-17 00:00:00,NL,1949,11,17,4.5,,1.7,,7.2,,0,,0,,0,,,,,,,,0,,13.5,,,,,
-52.7,47.56666666666667,ST JOHN'S,8403500,8403500.1949.11.18,1949-11-18 00:00:00,NL,1949,11,18,4.2,,-1.7,,10,,6.6,,6.6,,0,,,,,,,,0,,13.8,,,,,
-52.7,47.56666666666667,ST JOHN'S,8403500,8403500.1949.11.19,1949-11-19 00:00:00,NL,1949,11,19,1.4,,-0.6,,3.3,,0,,0,,0,,,,,,,,0,,16.6,,,,,
-52.7,47.56666666666667,ST JOHN'S,8403500,8403500.1949.11.20,1949-11-20 00:00:00,NL,1949,11,20,3.9,,-1.7,,9.4,,6.4,,0,,6.4,,,,,,,,0,,14.1,,,,,
-52.7,47.56666666666667,ST JOHN'S,8403500,8403500.1949.11.21,1949-11-21 00:00:00,NL,1949,11,21,7.2,,3.3,,11.1,,12.7,,12.7,,0,,,,,,,,0,,10.8,,,,,
-52.7,47.56666666666667,ST JOHN'S,8403500,8403500.1949.11.22,1949-11-22 00:00:00,NL,1949,11,22,8.1,,2.8,,13.3,,0.5,,0.5,,0,,,,,,,,0,,9.9,,,,,
-52.7,47.56666666666667,ST JOHN'S,8403500,8403500.1949.11.23,1949-11-23 00:00:00,NL,1949,11,23,3.1,,1.1,,5,,30.2,,30.2,,0,,,,,,,,0,,14.9,,,,,
-52.7,47.56666666666667,ST JOHN'S,8403500,8403500.1949.11.24,1949-11-24 00:00:00,NL,1949,11,24,3.9,,-1.1,,8.9,,0,,0,,0,,,,,,,,0,,14.1,,,,,
-52.7,47.56666666666667,ST JOHN'S,8403500,8403500.1949.11.25,1949-11-25 00:00:00,NL,1949,11,25,3.9,,-3.9,,11.7,,4.6,,4.6,,0,,,,,,,,0,,14.1,,,,,
-52.7,47.56666666666667,ST JOHN'S,8403500,8403500.1949.11.26,1949-11-26 00:00:00,NL,1949,11,26,7.5,,3.3,,11.7,,0.3,,0.3,,0,,,,,,,,0,,10.5,,,,,
-52.7,47.56666666666667,ST JOHN'S,8403500,8403500.1949.11.27,1949-11-27 00:00:00,NL,1949,11,27,8.9,,5.6,,12.2,,4.3,,4.3,,0,,,,,,,,0,,9.1,,,,,
-52.7,47.56666666666667,ST JOHN'S,8403500,8403500.1949.11.28,1949-11-28 00:00:00,NL,1949,11,28,2,,0.6,,3.3,,7.9,,7.9,,0,,,,,,,,0,,16,,,,,
-52.7,47.56666666666667,ST JOHN'S,8403500,8403500.1949.11.29,1949-11-29 00:00:00,NL,1949,11,29,4.5,,0.6,,8.3,,3.6,,3.6,,0,,,,,,,,0,,13.5,,,,,
-52.7,47.56666666666667,ST JOHN'S,8403500,8403500.1949.11.30,1949-11-30 00:00:00,NL,1949,11,30,10.6,,6.1,,15,,4.6,,4.6,,0,,,,,,,,0,,7.4,,,,,
-52.7,47.56666666666667,ST JOHN'S,8403500,8403500.1949.12.1,1949-12-01 00:00:00,NL,1949,12,1,5.6,,3.3,,7.8,,1,,1,,0,,,,,,,,0,,12.4,,,,,
-52.7,47.56666666666667,ST JOHN'S,8403500,8403500.1949.12.2,1949-12-02 00:00:00,NL,1949,12,2,2.8,,0.6,,5,,18,,18,,0,,,,,,,,0,,15.2,,,,,
-52.7,47.56666666666667,ST JOHN'S,8403500,8403500.1949.12.3,1949-12-03 00:00:00,NL,1949,12,3,0.8,,-1.7,,3.3,,0,,0,,0,,,,,,,,0,,17.2,,,,,
-52.7,47.56666666666667,ST JOHN'S,8403500,8403500.1949.12.4,1949-12-04 00:00:00,NL,1949,12,4,0,,-2.2,,2.2,,0.3,,0,,0.3,,,,,,,,0,,18,,,,,
-52.7,47.56666666666667,ST JOHN'S,8403500,8403500.1949.12.5,1949-12-05 00:00:00,NL,1949,12,5,-0.6,,-1.1,,0,,61,,0,,61,,,,,,,,0,,18.6,,,,,
-52.7,47.56666666666667,ST JOHN'S,8403500,8403500.1949.12.6,1949-12-06 00:00:00,NL,1949,12,6,0.8,,-0.6,,2.2,,0,T,0,,0,T,,,,,,,0,,17.2,,,,,
-52.7,47.56666666666667,ST JOHN'S,8403500,8403500.1949.12.7,1949-12-07 00:00:00,NL,1949,12,7,0,,-5.6,,5.6,,21.1,,21.1,,0,,,,,,,,0,,18,,,,,
-52.7,47.56666666666667,ST JOHN'S,8403500,8403500.1949.12.8,1949-12-08 00:00:00,NL,1949,12,8,1.4,,-2.2,,5,,5.1,,0,,5.1,,,,,,,,0,,16.6,,,,,
-52.7,47.56666666666667,ST JOHN'S,8403500,8403500.1949.12.9,1949-12-09 00:00:00,NL,1949,12,9,0.6,,-1.7,,2.8,,4.8,,4.6,,0.3,,,,,,,,0,,17.4,,,,,
-52.7,47.56666666666667,ST JOHN'S,8403500,8403500.1949.12.10,1949-12-10 00:00:00,NL,1949,12,10,-3.1,,-5,,-1.1,,0.3,,0,,0.3,,,,,,,,0,,21.1,,,,,
-52.7,47.56666666666667,ST JOHN'S,8403500,8403500.1949.12.11,1949-12-11 00:00:00,NL,1949,12,11,-3.4,,-6.1,,-0.6,,0,,0,,0,,,,,,,,0,,21.4,,,,,
-52.7,47.56666666666667,ST JOHN'S,8403500,8403500.1949.12.12,1949-12-12 00:00:00,NL,1949,12,12,-0.9,,-6.1,,4.4,,0,,0,,0,,,,,,,,0,,18.9,,,,,
-52.7,47.56666666666667,ST JOHN'S,8403500,8403500.1949.12.13,1949-12-13 00:00:00,NL,1949,12,13,5.3,,0.6,,10,,0.3,,0.3,,0,,,,,,,,0,,12.7,,,,,
-52.7,47.56666666666667,ST JOHN'S,8403500,8403500.1949.12.14,1949-12-14 00:00:00,NL,1949,12,14,5,,1.7,,8.3,,17,,17,,0,,,,,,,,0,,13,,,,,
-52.7,47.56666666666667,ST JOHN'S,8403500,8403500.1949.12.15,1949-12-15 00:00:00,NL,1949,12,15,-0.8,,-3.3,,1.7,,0,,0,,0,,,,,,,,0,,18.8,,,,,
-52.7,47.56666666666667,ST JOHN'S,8403500,8403500.1949.12.16,1949-12-16 00:00:00,NL,1949,12,16,-5.6,,-7.8,,-3.3,,0,,0,,0,,,,,,,,0,,23.6,,,,,
-52.7,47.56666666666667,ST JOHN'S,8403500,8403500.1949.12.17,1949-12-17 00:00:00,NL,1949,12,17,-5.9,,-8.9,,-2.8,,0.3,,0,,0.3,,,,,,,,0,,23.9,,,,,
-52.7,47.56666666666667,ST JOHN'S,8403500,8403500.1949.12.18,1949-12-18 00:00:00,NL,1949,12,18,-5.9,,-7.8,,-3.9,,0.5,,0.3,,0.3,,,,,,,,0,,23.9,,,,,
-52.7,47.56666666666667,ST JOHN'S,8403500,8403500.1949.12.19,1949-12-19 00:00:00,NL,1949,12,19,0.3,,-6.1,,6.7,,1.3,,1.3,,0,,,,,,,,0,,17.7,,,,,
-52.7,47.56666666666667,ST JOHN'S,8403500,8403500.1949.12.20,1949-12-20 00:00:00,NL,1949,12,20,3.1,,0,,6.1,,0.3,,0.3,,0,,,,,,,,0,,14.9,,,,,
-52.7,47.56666666666667,ST JOHN'S,8403500,8403500.1949.12.21,1949-12-21 00:00:00,NL,1949,12,21,-1.4,,-3.3,,0.6,,1.5,,1.5,,0,,,,,,,,0,,19.4,,,,,
-52.7,47.56666666666667,ST JOHN'S,8403500,8403500.1949.12.22,1949-12-22 00:00:00,NL,1949,12,22,2.8,,0.6,,5,,0,,0,,0,,,,,,,,0,,15.2,,,,,
-52.7,47.56666666666667,ST JOHN'S,8403500,8403500.1949.12.23,1949-12-23 00:00:00,NL,1949,12,23,6.2,,1.7,,10.6,,1.3,,1.3,,0,,,,,,,,0,,11.8,,,,,
-52.7,47.56666666666667,ST JOHN'S,8403500,8403500.1949.12.24,1949-12-24 00:00:00,NL,1949,12,24,6.7,,1.7,,11.7,,0.3,,0.3,,0,,,,,,,,0,,11.3,,,,,
-52.7,47.56666666666667,ST JOHN'S,8403500,8403500.1949.12.25,1949-12-25 00:00:00,NL,1949,12,25,,M,,M,,M,,M,,M,,M,,,,,,,,M,,M,,,,
-52.7,47.56666666666667,ST JOHN'S,8403500,8403500.1949.12.26,1949-12-26 00:00:00,NL,1949,12,26,,M,,M,,M,,M,,M,,M,,,,,,,,M,,M,,,,
-52.7,47.56666666666667,ST JOHN'S,8403500,8403500.1949.12.27,1949-12-27 00:00:00,NL,1949,12,27,,M,,M,,M,,M,,M,,M,,,,,,,,M,,M,,,,
-52.7,47.56666666666667,ST JOHN'S,8403500,8403500.1949.12.28,1949-12-28 00:00:00,NL,1949,12,28,,M,,M,,M,,M,,M,,M,,,,,,,,M,,M,,,,
-52.7,47.56666666666667,ST JOHN'S,8403500,8403500.1949.12.29,1949-12-29 00:00:00,NL,1949,12,29,,M,,M,,M,,M,,M,,M,,,,,,,,M,,M,,,,
-52.7,47.56666666666667,ST JOHN'S,8403500,8403500.1949.12.30,1949-12-30 00:00:00,NL,1949,12,30,-6.2,,-10.6,,-1.7,,,M,,M,,M,,,,,,,0,,24.2,,,,,
-52.7,47.56666666666667,ST JOHN'S,8403500,8403500.1949.12.31,1949-12-31 00:00:00,NL,1949,12,31,-2.8,,-4.4,,-1.1,,,M,,M,,M,,,,,,,0,,20.8,,,,,
-52.7,47.56666666666667,ST JOHN'S,8403500,8403500.1950.1.1,1950-01-01 00:00:00,NL,1950,1,1,,M,,M,,M,0,,0,,0,,,,,,,,,M,,M,,,,
-52.7,47.56666666666667,ST JOHN'S,8403500,8403500.1950.1.2,1950-01-02 00:00:00,NL,1950,1,2,,M,,M,,M,0,,0,,0,,,,,,,,,M,,M,,,,
-52.7,47.56666666666667,ST JOHN'S,8403500,8403500.1950.1.3,1950-01-03 00:00:00,NL,1950,1,3,-2.3,,-6.7,,2.2,,0.5,,0.5,,0,,,,,,,,0,,20.3,,,,,
-52.7,47.56666666666667,ST JOHN'S,8403500,8403500.1950.1.4,1950-01-04 00:00:00,NL,1950,1,4,4.8,,0.6,,8.9,,10.7,,10.7,,0,,,,,,,,0,,13.2,,,,,
-52.7,47.56666666666667,ST JOHN'S,8403500,8403500.1950.1.5,1950-01-05 00:00:00,NL,1950,1,5,4.2,,-2.2,,10.6,,0,,0,,0,,,,,,,,0,,13.8,,,,,
-52.7,47.56666666666667,ST JOHN'S,8403500,8403500.1950.1.6,1950-01-06 00:00:00,NL,1950,1,6,-7.5,,-10,,-5,,0,,0,,0,,,,,,,,0,,25.5,,,,,
-52.7,47.56666666666667,ST JOHN'S,8403500,8403500.1950.1.7,1950-01-07 00:00:00,NL,1950,1,7,-8.3,,-12.2,,-4.4,,8.9,,8.9,,0,,,,,,,,0,,26.3,,,,,
-52.7,47.56666666666667,ST JOHN'S,8403500,8403500.1950.1.8,1950-01-08 00:00:00,NL,1950,1,8,-6.1,,-7.8,,-4.4,,3,,3,,0,,,,,,,,0,,24.1,,,,,
-52.7,47.56666666666667,ST JOHN'S,8403500,8403500.1950.1.9,1950-01-09 00:00:00,NL,1950,1,9,-12.5,,-13.9,,-11.1,,0,,0,,0,,,,,,,,0,,30.5,,,,,
-52.7,47.56666666666667,ST JOHN'S,8403500,8403500.1950.1.10,1950-01-10 00:00:00,NL,1950,1,10,-12.8,,-14.4,,-11.1,,0,,0,,0,,,,,,,,0,,30.8,,,,,
-52.7,47.56666666666667,ST JOHN'S,8403500,8403500.1950.1.11,1950-01-11 00:00:00,NL,1950,1,11,-8.6,,-17.2,,0,,10.2,,0,,10.2,,,,,,,,0,,26.6,,,,,
-52.7,47.56666666666667,ST JOHN'S,8403500,8403500.1950.1.12,1950-01-12 00:00:00,NL,1950,1,12,-3.1,,-4.4,,-1.7,,2.5,,0,,2.5,,,,,,,,0,,21.1,,,,,
-52.7,47.56666666666667,ST JOHN'S,8403500,8403500.1950.1.13,1950-01-13 00:00:00,NL,1950,1,13,-5,,-7.2,,-2.8,,0,,0,,0,,,,,,,,0,,23,,,,,
-52.7,47.56666666666667,ST JOHN'S,8403500,8403500.1950.1.14,1950-01-14 00:00:00,NL,1950,1,14,-3.9,,-9.4,,1.7,,23.6,,23.6,,0,,,,,,,,0,,21.9,,,,,
-52.7,47.56666666666667,ST JOHN'S,8403500,8403500.1950.1.15,1950-01-15 00:00:00,NL,1950,1,15,0,,-2.8,,2.8,,5.3,,0,,5.3,,,,,,,,0,,18,,,,,
-52.7,47.56666666666667,ST JOHN'S,8403500,8403500.1950.1.16,1950-01-16 00:00:00,NL,1950,1,16,-4.8,,-10.6,,1.1,,3,,0,,3,,,,,,,,0,,22.8,,,,,
-52.7,47.56666666666667,ST JOHN'S,8403500,8403500.1950.1.17,1950-01-17 00:00:00,NL,1950,1,17,-4.5,,-7.8,,-1.1,,0.8,,0,,0.8,,,,,,,,0,,22.5,,,,,
-52.7,47.56666666666667,ST JOHN'S,8403500,8403500.1950.1.18,1950-01-18 00:00:00,NL,1950,1,18,-4.7,,-14.4,,5,,9.7,,4.6,,5.1,,,,,,,,0,,22.7,,,,,
-52.7,47.56666666666667,ST JOHN'S,8403500,8403500.1950.1.19,1950-01-19 00:00:00,NL,1950,1,19,-3.4,,-6.7,,0,,0.3,,0,,0.3,,,,,,,,0,,21.4,,,,,
-52.7,47.56666666666667,ST JOHN'S,8403500,8403500.1950.1.20,1950-01-20 00:00:00,NL,1950,1,20,-7.8,,-10.6,,-5,,0.3,,0,,0.3,,,,,,,,0,,25.8,,,,,
-52.7,47.56666666666667,ST JOHN'S,8403500,8403500.1950.1.21,1950-01-21 00:00:00,NL,1950,1,21,-13.7,,-15.6,,-11.7,,0,,0,,0,,,,,,,,0,,31.7,,,,,
-52.7,47.56666666666667,ST JOHN'S,8403500,8403500.1950.1.22,1950-01-22 00:00:00,NL,1950,1,22,-10.3,,-15.6,,-5,,3.3,,0,,3.3,,,,,,,,0,,28.3,,,,,
-52.7,47.56666666666667,ST JOHN'S,8403500,8403500.1950.1.23,1950-01-23 00:00:00,NL,1950,1,23,-5.3,,-10.6,,0,,3.3,,0,,3.3,,,,,,,,0,,23.3,,,,,
-52.7,47.56666666666667,ST JOHN'S,8403500,8403500.1950.1.24,1950-01-24 00:00:00,NL,1950,1,24,-10,,-12.2,,-7.8,,1.3,,0,,1.3,,,,,,,,0,,28,,,,,
-52.7,47.56666666666667,ST JOHN'S,8403500,8403500.1950.1.25,1950-01-25 00:00:00,NL,1950,1,25,-8.4,,-16.7,,0,,3.8,,0,,3.8,,,,,,,,0,,26.4,,,,,
-52.7,47.56666666666667,ST JOHN'S,8403500,8403500.1950.1.26,1950-01-26 00:00:00,NL,1950,1,26,-2.5,,-12.2,,7.2,,2.5,,2.5,,0,,,,,,,,0,,20.5,,,,,
-52.7,47.56666666666667,ST JOHN'S,8403500,8403500.1950.1.27,1950-01-27 00:00:00,NL,1950,1,27,0.3,,-2.2,,2.8,,0.8,,0,,0.8,,,,,,,,0,,17.7,,,,,
-52.7,47.56666666666667,ST JOHN'S,8403500,8403500.1950.1.28,1950-01-28 00:00:00,NL,1950,1,28,-12,,-13.3,,-10.6,,0,,0,,0,,,,,,,,0,,30,,,,,
-52.7,47.56666666666667,ST JOHN'S,8403500,8403500.1950.1.29,1950-01-29 00:00:00,NL,1950,1,29,-3.9,,-15,,7.2,,6.1,,6.1,,0,,,,,,,,0,,21.9,,,,,
-52.7,47.56666666666667,ST JOHN'S,8403500,8403500.1950.1.30,1950-01-30 00:00:00,NL,1950,1,30,2.5,,-3.3,,8.3,,5.1,,5.1,,0,,,,,,,,0,,15.5,,,,,
-52.7,47.56666666666667,ST JOHN'S,8403500,8403500.1950.1.31,1950-01-31 00:00:00,NL,1950,1,31,-9.7,,-12.2,,-7.2,,0,,0,,0,,,,,,,,0,,27.7,,,,,
-52.7,47.56666666666667,ST JOHN'S,8403500,8403500.1950.2.1,1950-02-01 00:00:00,NL,1950,2,1,-8.9,,-11.1,,-6.7,,0,,0,,0,,,,,,,,0,,26.9,,,,,
-52.7,47.56666666666667,ST JOHN'S,8403500,8403500.1950.2.2,1950-02-02 00:00:00,NL,1950,2,2,-8.3,,-12.2,,-4.4,,0,,0,,0,,,,,,,,0,,26.3,,,,,
-52.7,47.56666666666667,ST JOHN'S,8403500,8403500.1950.2.3,1950-02-03 00:00:00,NL,1950,2,3,-8.4,,-12.8,,-3.9,,20.8,,0,,20.8,,,,,,,,0,,26.4,,,,,
-52.7,47.56666666666667,ST JOHN'S,8403500,8403500.1950.2.4,1950-02-04 00:00:00,NL,1950,2,4,-8.9,,-10.6,,-7.2,,0,,0,,0,,,,,,,,0,,26.9,,,,,
-52.7,47.56666666666667,ST JOHN'S,8403500,8403500.1950.2.5,1950-02-05 00:00:00,NL,1950,2,5,-11.7,,-18.9,,-4.4,,5.1,,0,,5.1,,,,,,,,0,,29.7,,,,,
-52.7,47.56666666666667,ST JOHN'S,8403500,8403500.1950.2.6,1950-02-06 00:00:00,NL,1950,2,6,-17.8,,-21.1,,-14.4,,0.3,,0,,0.3,,,,,,,,0,,35.8,,,,,
-52.7,47.56666666666667,ST JOHN'S,8403500,8403500.1950.2.7,1950-02-07 00:00:00,NL,1950,2,7,-12.8,,-16.7,,-8.9,,15.2,,0,,15.2,,,,,,,,0,,30.8,,,,,
-52.7,47.56666666666667,ST JOHN'S,8403500,8403500.1950.2.8,1950-02-08 00:00:00,NL,1950,2,8,-13.4,,-15,,-11.7,,1.5,,0,,1.5,,,,,,,,0,,31.4,,,,,
-52.7,47.56666666666667,ST JOHN'S,8403500,8403500.1950.2.9,1950-02-09 00:00:00,NL,1950,2,9,-7.8,,-17.2,,1.7,,5.8,,2,,3.8,,,,,,,,0,,25.8,,,,,
-52.7,47.56666666666667,ST JOHN'S,8403500,8403500.1950.2.10,1950-02-10 00:00:00,NL,1950,2,10,-1.4,,-7.8,,5,,6.1,,6.1,,0,,,,,,,,0,,19.4,,,,,
-52.7,47.56666666666667,ST JOHN'S,8403500,8403500.1950.2.11,1950-02-11 00:00:00,NL,1950,2,11,-6.7,,-10,,-3.3,,0,,0,,0,,,,,,,,0,,24.7,,,,,
-52.7,47.56666666666667,ST JOHN'S,8403500,8403500.1950.2.12,1950-02-12 00:00:00,NL,1950,2,12,-3.9,,-7.2,,-0.6,,12.7,,0,,12.7,,,,,,,,0,,21.9,,,,,
-52.7,47.56666666666667,ST JOHN'S,8403500,8403500.1950.2.13,1950-02-13 00:00:00,NL,1950,2,13,-5.6,,-6.7,,-4.4,,1.3,,0,,1.3,,,,,,,,0,,23.6,,,,,
-52.7,47.56666666666667,ST JOHN'S,8403500,8403500.1950.2.14,1950-02-14 00:00:00,NL,1950,2,14,-8.7,,-10.6,,-6.7,,4.6,,0,,4.6,,,,,,,,0,,26.7,,,,,
-52.7,47.56666666666667,ST JOHN'S,8403500,8403500.1950.2.15,1950-02-15 00:00:00,NL,1950,2,15,-8.1,,-11.1,,-5,,0.5,,0,,0.5,,,,,,,,0,,26.1,,,,,
-52.7,47.56666666666667,ST JOHN'S,8403500,8403500.1950.2.16,1950-02-16 00:00:00,NL,1950,2,16,-8.6,,-13.9,,-3.3,,5.1,,0,,5.1,,,,,,,,0,,26.6,,,,,
-52.7,47.56666666666667,ST JOHN'S,8403500,8403500.1950.2.17,1950-02-17 00:00:00,NL,1950,2,17,-3.9,,-6.7,,-1.1,,6.4,,0,,6.4,,,,,,,,0,,21.9,,,,,
-52.7,47.56666666666667,ST JOHN'S,8403500,8403500.1950.2.18,1950-02-18 00:00:00,NL,1950,2,18,-3.1,,-3.9,,-2.2,,0,,0,,0,,,,,,,,0,,21.1,,,,,
-52.7,47.56666666666667,ST JOHN'S,8403500,8403500.1950.2.19,1950-02-19 00:00:00,NL,1950,2,19,-1.9,,-4.4,,0.6,,0,,0,,0,,,,,,,,0,,19.9,,,,,
-52.7,47.56666666666667,ST JOHN'S,8403500,8403500.1950.2.20,1950-02-20 00:00:00,NL,1950,2,20,-4.2,,-12.8,,4.4,,31.2,,31.2,,0,,,,,,,,0,,22.2,,,,,
-52.7,47.56666666666667,ST JOHN'S,8403500,8403500.1950.2.21,1950-02-21 00:00:00,NL,1950,2,21,-0.6,,-5,,3.9,,1.3,,0.8,,0.5,,,,,,,,0,,18.6,,,,,
-52.7,47.56666666666667,ST JOHN'S,8403500,8403500.1950.2.22,1950-02-22 00:00:00,NL,1950,2,22,-9.2,,-11.1,,-7.2,,0,,0,,0,,,,,,,,0,,27.2,,,,,
-52.7,47.56666666666667,ST JOHN'S,8403500,8403500.1950.2.23,1950-02-23 00:00:00,NL,1950,2,23,-5,,-13.9,,3.9,,0,,0,,0,,,,,,,,0,,23,,,,,
-52.7,47.56666666666667,ST JOHN'S,8403500,8403500.1950.2.24,1950-02-24 00:00:00,NL,1950,2,24,-3.4,,-10,,3.3,,24.6,,9.4,,15.2,,,,,,,,0,,21.4,,,,,
-52.7,47.56666666666667,ST JOHN'S,8403500,8403500.1950.2.25,1950-02-25 00:00:00,NL,1950,2,25,-6.1,,-11.1,,-1.1,,1.3,,0,,1.3,,,,,,,,0,,24.1,,,,,
-52.7,47.56666666666667,ST JOHN'S,8403500,8403500.1950.2.26,1950-02-26 00:00:00,NL,1950,2,26,-5.9,,-7.8,,-3.9,,8.9,,0,,8.9,,,,,,,,0,,23.9,,,,,
-52.7,47.56666666666667,ST JOHN'S,8403500,8403500.1950.2.27,1950-02-27 00:00:00,NL,1950,2,27,-5.6,,-7.8,,-3.3,,5.8,,0,,5.8,,,,,,,,0,,23.6,,,,,
-52.7,47.56666666666667,ST JOHN'S,8403500,8403500.1950.2.28,1950-02-28 00:00:00,NL,1950,2,28,-5.9,,-8.9,,-2.8,,1.3,,0,,1.3,,,,,,,,0,,23.9,,,,,
-52.7,47.56666666666667,ST JOHN'S,8403500,8403500.1950.3.1,1950-03-01 00:00:00,NL,1950,3,1,-3.3,,-9.4,,2.8,,14.7,,2,,12.7,,,,,,,,0,,21.3,,,,,
-52.7,47.56666666666667,ST JOHN'S,8403500,8403500.1950.3.2,1950-03-02 00:00:00,NL,1950,3,2,-0.3,,-5.6,,5,,6.1,,6.1,,0,,,,,,,,0,,18.3,,,,,
-52.7,47.56666666666667,ST JOHN'S,8403500,8403500.1950.3.3,1950-03-03 00:00:00,NL,1950,3,3,-2.2,,-5,,0.6,,5.6,,0,,5.6,,,,,,,,0,,20.2,,,,,
-52.7,47.56666666666667,ST JOHN'S,8403500,8403500.1950.3.4,1950-03-04 00:00:00,NL,1950,3,4,-11.1,,-14.4,,-7.8,,0,,0,,0,,,,,,,,0,,29.1,,,,,
-52.7,47.56666666666667,ST JOHN'S,8403500,8403500.1950.3.5,1950-03-05 00:00:00,NL,1950,3,5,-9.8,,-16.7,,-2.8,,0.3,,0,,0.3,,,,,,,,0,,27.8,,,,,
-52.7,47.56666666666667,ST JOHN'S,8403500,8403500.1950.3.6,1950-03-06 00:00:00,NL,1950,3,6,-4.2,,-11.1,,2.8,,52.6,,37.3,,15.2,,,,,,,,0,,22.2,,,,,
-52.7,47.56666666666667,ST JOHN'S,8403500,8403500.1950.3.7,1950-03-07 00:00:00,NL,1950,3,7,-5,,-6.7,,-3.3,,2.8,,0,,2.8,,,,,,,,0,,23,,,,,
-52.7,47.56666666666667,ST JOHN'S,8403500,8403500.1950.3.8,1950-03-08 00:00:00,NL,1950,3,8,-4.5,,-7.8,,-1.1,,0,,0,,0,,,,,,,,0,,22.5,,,,,
-52.7,47.56666666666667,ST JOHN'S,8403500,8403500.1950.3.9,1950-03-09 00:00:00,NL,1950,3,9,-0.9,,-6.7,,5,,8.1,,8.1,,0,,,,,,,,0,,18.9,,,,,
-52.7,47.56666666666667,ST JOHN'S,8403500,8403500.1950.3.10,1950-03-10 00:00:00,NL,1950,3,10,-2,,-5,,1.1,,2.3,,1.8,,0.5,,,,,,,,0,,20,,,,,
-52.7,47.56666666666667,ST JOHN'S,8403500,8403500.1950.3.11,1950-03-11 00:00:00,NL,1950,3,11,-7.8,,-9.4,,-6.1,,1.3,,0,,1.3,,,,,,,,0,,25.8,,,,,
-52.7,47.56666666666667,ST JOHN'S,8403500,8403500.1950.3.12,1950-03-12 00:00:00,NL,1950,3,12,-7.8,,-11.1,,-4.4,,3.8,,0,,3.8,,,,,,,,0,,25.8,,,,,
-52.7,47.56666666666667,ST JOHN'S,8403500,8403500.1950.3.13,1950-03-13 00:00:00,NL,1950,3,13,-9.2,,-11.7,,-6.7,,0,,0,,0,,,,,,,,0,,27.2,,,,,
-52.7,47.56666666666667,ST JOHN'S,8403500,8403500.1950.3.14,1950-03-14 00:00:00,NL,1950,3,14,-10.3,,-15,,-5.6,,5.1,,0,,5.1,,,,,,,,0,,28.3,,,,,
-52.7,47.56666666666667,ST JOHN'S,8403500,8403500.1950.3.15,1950-03-15 00:00:00,NL,1950,3,15,-8.6,,-12.2,,-5,,0,,0,,0,,,,,,,,0,,26.6,,,,,
-52.7,47.56666666666667,ST JOHN'S,8403500,8403500.1950.3.16,1950-03-16 00:00:00,NL,1950,3,16,-8.9,,-13.9,,-3.9,,2,,0,,2,,,,,,,,0,,26.9,,,,,
-52.7,47.56666666666667,ST JOHN'S,8403500,8403500.1950.3.17,1950-03-17 00:00:00,NL,1950,3,17,-7,,-10.6,,-3.3,,7.6,,0,,7.6,,,,,,,,0,,25,,,,,
-52.7,47.56666666666667,ST JOHN'S,8403500,8403500.1950.3.18,1950-03-18 00:00:00,NL,1950,3,18,-4.5,,-8.9,,0,,8.9,,0,,8.9,,,,,,,,0,,22.5,,,,,
-52.7,47.56666666666667,ST JOHN'S,8403500,8403500.1950.3.19,1950-03-19 00:00:00,NL,1950,3,19,-2.8,,-7.2,,1.7,,6.6,,0,,6.6,,,,,,,,0,,20.8,,,,,
-52.7,47.56666666666667,ST JOHN'S,8403500,8403500.1950.3.20,1950-03-20 00:00:00,NL,1950,3,20,-4.5,,-6.1,,-2.8,,0,,0,,0,,,,,,,,0,,22.5,,,,,
-52.7,47.56666666666667,ST JOHN'S,8403500,8403500.1950.3.21,1950-03-21 00:00:00,NL,1950,3,21,-7,,-11.7,,-2.2,,0,,0,,0,,,,,,,,0,,25,,,,,
-52.7,47.56666666666667,ST JOHN'S,8403500,8403500.1950.3.22,1950-03-22 00:00:00,NL,1950,3,22,-5.9,,-10,,-1.7,,0,,0,,0,,,,,,,,0,,23.9,,,,,
-52.7,47.56666666666667,ST JOHN'S,8403500,8403500.1950.3.23,1950-03-23 00:00:00,NL,1950,3,23,-2,,-10,,6.1,,0,,0,,0,,,,,,,,0,,20,,,,,
-52.7,47.56666666666667,ST JOHN'S,8403500,8403500.1950.3.24,1950-03-24 00:00:00,NL,1950,3,24,-2.3,,-7.8,,3.3,,44.2,,44.2,,0,,,,,,,,0,,20.3,,,,,
-52.7,47.56666666666667,ST JOHN'S,8403500,8403500.1950.3.25,1950-03-25 00:00:00,NL,1950,3,25,2,,1.1,,2.8,,0,,0,,0,,,,,,,,0,,16,,,,,
-52.7,47.56666666666667,ST JOHN'S,8403500,8403500.1950.3.26,1950-03-26 00:00:00,NL,1950,3,26,2,,0,,3.9,,0,,0,,0,,,,,,,,0,,16,,,,,
-52.7,47.56666666666667,ST JOHN'S,8403500,8403500.1950.3.27,1950-03-27 00:00:00,NL,1950,3,27,-2.2,,-4.4,,0,,0,,0,,0,,,,,,,,0,,20.2,,,,,
-52.7,47.56666666666667,ST JOHN'S,8403500,8403500.1950.3.28,1950-03-28 00:00:00,NL,1950,3,28,-3.3,,-8.3,,1.7,,0.8,,0.8,,0,,,,,,,,0,,21.3,,,,,
-52.7,47.56666666666667,ST JOHN'S,8403500,8403500.1950.3.29,1950-03-29 00:00:00,NL,1950,3,29,3.1,,-2.2,,8.3,,6.6,,6.6,,0,,,,,,,,0,,14.9,,,,,
-52.7,47.56666666666667,ST JOHN'S,8403500,8403500.1950.3.30,1950-03-30 00:00:00,NL,1950,3,30,6.7,,4.4,,8.9,,2,,2,,0,,,,,,,,0,,11.3,,,,,
-52.7,47.56666666666667,ST JOHN'S,8403500,8403500.1950.3.31,1950-03-31 00:00:00,NL,1950,3,31,-0.3,,-2.2,,1.7,,0.5,,0.5,,0,,,,,,,,0,,18.3,,,,,
-52.7,47.56666666666667,ST JOHN'S,8403500,8403500.1950.4.1,1950-04-01 00:00:00,NL,1950,4,1,1.1,,-2.2,,4.4,,24.9,,24.9,,0,,,,,,,,0,,16.9,,,,,
-52.7,47.56666666666667,ST JOHN'S,8403500,8403500.1950.4.2,1950-04-02 00:00:00,NL,1950,4,2,1.7,,0.6,,2.8,,0,,0,,0,,,,,,,,0,,16.3,,,,,
-52.7,47.56666666666667,ST JOHN'S,8403500,8403500.1950.4.3,1950-04-03 00:00:00,NL,1950,4,3,-1.4,,-3.9,,1.1,,1.5,,1.5,,0,,,,,,,,0,,19.4,,,,,
-52.7,47.56666666666667,ST JOHN'S,8403500,8403500.1950.4.4,1950-04-04 00:00:00,NL,1950,4,4,1.4,,-1.1,,3.9,,0.3,,0.3,,0,,,,,,,,0,,16.6,,,,,
-52.7,47.56666666666667,ST JOHN'S,8403500,8403500.1950.4.5,1950-04-05 00:00:00,NL,1950,4,5,5.3,,0,,10.6,,2.3,,2.3,,0,,,,,,,,0,,12.7,,,,,
-52.7,47.56666666666667,ST JOHN'S,8403500,8403500.1950.4.6,1950-04-06 00:00:00,NL,1950,4,6,5.6,,0.6,,10.6,,1.5,,1.5,,0,,,,,,,,0,,12.4,,,,,
-52.7,47.56666666666667,ST JOHN'S,8403500,8403500.1950.4.7,1950-04-07 00:00:00,NL,1950,4,7,-0.6,,-2.2,,1.1,,2.8,,2.8,,0,,,,,,,,0,,18.6,,,,,
-52.7,47.56666666666667,ST JOHN'S,8403500,8403500.1950.4.8,1950-04-08 00:00:00,NL,1950,4,8,1.7,,-4.4,,7.8,,11.7,,11.7,,0,,,,,,,,0,,16.3,,,,,
-52.7,47.56666666666667,ST JOHN'S,8403500,8403500.1950.4.9,1950-04-09 00:00:00,NL,1950,4,9,7.5,,1.7,,13.3,,0,,0,,0,,,,,,,,0,,10.5,,,,,
-52.7,47.56666666666667,ST JOHN'S,8403500,8403500.1950.4.10,1950-04-10 00:00:00,NL,1950,4,10,0.6,,-1.1,,2.2,,7.9,,7.9,,0,,,,,,,,0,,17.4,,,,,
-52.7,47.56666666666667,ST JOHN'S,8403500,8403500.1950.4.11,1950-04-11 00:00:00,NL,1950,4,11,1.1,,-1.1,,3.3,,25.9,,22.1,,3.8,,,,,,,,0,,16.9,,,,,
-52.7,47.56666666666667,ST JOHN'S,8403500,8403500.1950.4.12,1950-04-12 00:00:00,NL,1950,4,12,2.5,,-0.6,,5.6,,2.5,,0,T,2.5,,,,,,,,0,,15.5,,,,,
-52.7,47.56666666666667,ST JOHN'S,8403500,8403500.1950.4.13,1950-04-13 00:00:00,NL,1950,4,13,4.2,,0,,8.3,,0,,0,,0,,,,,,,,0,,13.8,,,,,
-52.7,47.56666666666667,ST JOHN'S,8403500,8403500.1950.4.14,1950-04-14 00:00:00,NL,1950,4,14,2,,-1.1,,5,,1.8,,1.8,,0,,,,,,,,0,,16,,,,,
-52.7,47.56666666666667,ST JOHN'S,8403500,8403500.1950.4.15,1950-04-15 00:00:00,NL,1950,4,15,1.1,,-0.6,,2.8,,6.1,,6.1,,0,,,,,,,,0,,16.9,,,,,
-52.7,47.56666666666667,ST JOHN'S,8403500,8403500.1950.4.16,1950-04-16 00:00:00,NL,1950,4,16,2.5,,0,,5,,0.5,,0.5,,0,,,,,,,,0,,15.5,,,,,
-52.7,47.56666666666667,ST JOHN'S,8403500,8403500.1950.4.17,1950-04-17 00:00:00,NL,1950,4,17,1.7,,0,,3.3,,5.8,,5.8,,0,,,,,,,,0,,16.3,,,,,
-52.7,47.56666666666667,ST JOHN'S,8403500,8403500.1950.4.18,1950-04-18 00:00:00,NL,1950,4,18,3.6,,-1.1,,8.3,,0.3,,0.3,,0,,,,,,,,0,,14.4,,,,,
-52.7,47.56666666666667,ST JOHN'S,8403500,8403500.1950.4.19,1950-04-19 00:00:00,NL,1950,4,19,0,,-0.6,,0.6,,20.8,,0.5,,20.3,,,,,,,,0,,18,,,,,
-52.7,47.56666666666667,ST JOHN'S,8403500,8403500.1950.4.20,1950-04-20 00:00:00,NL,1950,4,20,0.3,,-2.2,,2.8,,0,,0,,0,,,,,,,,0,,17.7,,,,,
-52.7,47.56666666666667,ST JOHN'S,8403500,8403500.1950.4.21,1950-04-21 00:00:00,NL,1950,4,21,3.9,,-3.9,,11.7,,0,,0,,0,,,,,,,,0,,14.1,,,,,
-52.7,47.56666666666667,ST JOHN'S,8403500,8403500.1950.4.22,1950-04-22 00:00:00,NL,1950,4,22,4.8,,-4.4,,13.9,,0,,0,,0,,,,,,,,0,,13.2,,,,,
-52.7,47.56666666666667,ST JOHN'S,8403500,8403500.1950.4.23,1950-04-23 00:00:00,NL,1950,4,23,2,,-2.8,,6.7,,0,,0,,0,,,,,,,,0,,16,,,,,
-52.7,47.56666666666667,ST JOHN'S,8403500,8403500.1950.4.24,1950-04-24 00:00:00,NL,1950,4,24,5.3,,1.7,,8.9,,19.6,,19.6,,0,,,,,,,,0,,12.7,,,,,
-52.7,47.56666666666667,ST JOHN'S,8403500,8403500.1950.4.25,1950-04-25 00:00:00,NL,1950,4,25,0.9,,0,,1.7,,0,,0,,0,,,,,,,,0,,17.1,,,,,
-52.7,47.56666666666667,ST JOHN'S,8403500,8403500.1950.4.26,1950-04-26 00:00:00,NL,1950,4,26,2.8,,0,,5.6,,1.3,,1.3,,0,,,,,,,,0,,15.2,,,,,
-52.7,47.56666666666667,ST JOHN'S,8403500,8403500.1950.4.27,1950-04-27 00:00:00,NL,1950,4,27,4.8,,1.7,,7.8,,0.3,,0.3,,0,,,,,,,,0,,13.2,,,,,
-52.7,47.56666666666667,ST JOHN'S,8403500,8403500.1950.4.28,1950-04-28 00:00:00,NL,1950,4,28,6.1,,3.3,,8.9,,0,,0,,0,,,,,,,,0,,11.9,,,,,
-52.7,47.56666666666667,ST JOHN'S,8403500,8403500.1950.4.29,1950-04-29 00:00:00,NL,1950,4,29,4.7,,0,,9.4,,0.3,,0.3,,0,,,,,,,,0,,13.3,,,,,
-52.7,47.56666666666667,ST JOHN'S,8403500,8403500.1950.4.30,1950-04-30 00:00:00,NL,1950,4,30,6.4,,1.7,,11.1,,0.5,,0.5,,0,,,,,,,,0,,11.6,,,,,
-52.7,47.56666666666667,ST JOHN'S,8403500,8403500.1950.5.1,1950-05-01 00:00:00,NL,1950,5,1,3.9,,1.1,,6.7,,0.3,,0.3,,0,,,,,,,,0,,14.1,,,,,
-52.7,47.56666666666667,ST JOHN'S,8403500,8403500.1950.5.2,1950-05-02 00:00:00,NL,1950,5,2,5.3,,-1.7,,12.2,,7.1,,6.6,,0.5,,,,,,,,0,,12.7,,,,,
-52.7,47.56666666666667,ST JOHN'S,8403500,8403500.1950.5.3,1950-05-03 00:00:00,NL,1950,5,3,3.6,,0,,7.2,,3.3,,3.3,,0,,,,,,,,0,,14.4,,,,,
-52.7,47.56666666666667,ST JOHN'S,8403500,8403500.1950.5.4,1950-05-04 00:00:00,NL,1950,5,4,1.7,,0,,3.3,,2,,0,T,2,,,,,,,,0,,16.3,,,,,
-52.7,47.56666666666667,ST JOHN'S,8403500,8403500.1950.5.5,1950-05-05 00:00:00,NL,1950,5,5,1.4,,-1.1,,3.9,,0.5,,0,,0.5,,,,,,,,0,,16.6,,,,,
-52.7,47.56666666666667,ST JOHN'S,8403500,8403500.1950.5.6,1950-05-06 00:00:00,NL,1950,5,6,3.3,,-2.8,,9.4,,6.4,,6.4,,0,,,,,,,,0,,14.7,,,,,
-52.7,47.56666666666667,ST JOHN'S,8403500,8403500.1950.5.7,1950-05-07 00:00:00,NL,1950,5,7,7.5,,0.6,,14.4,,0,,0,,0,,,,,,,,0,,10.5,,,,,
-52.7,47.56666666666667,ST JOHN'S,8403500,8403500.1950.5.8,1950-05-08 00:00:00,NL,1950,5,8,6.1,,1.1,,11.1,,0,,0,,0,,,,,,,,0,,11.9,,,,,
-52.7,47.56666666666667,ST JOHN'S,8403500,8403500.1950.5.9,1950-05-09 00:00:00,NL,1950,5,9,3.1,,-1.7,,7.8,,0,,0,,0,,,,,,,,0,,14.9,,,,,
-52.7,47.56666666666667,ST JOHN'S,8403500,8403500.1950.5.10,1950-05-10 00:00:00,NL,1950,5,10,4.7,,0,,9.4,,0,,0,,0,,,,,,,,0,,13.3,,,,,
-52.7,47.56666666666667,ST JOHN'S,8403500,8403500.1950.5.11,1950-05-11 00:00:00,NL,1950,5,11,6.1,,3.3,,8.9,,1.5,,1.5,,0,,,,,,,,0,,11.9,,,,,
-52.7,47.56666666666667,ST JOHN'S,8403500,8403500.1950.5.12,1950-05-12 00:00:00,NL,1950,5,12,8.9,,2.8,,15,,0,,0,,0,,,,,,,,0,,9.1,,,,,
-52.7,47.56666666666667,ST JOHN'S,8403500,8403500.1950.5.13,1950-05-13 00:00:00,NL,1950,5,13,6.1,,2.2,,10,,0,,0,,0,,,,,,,,0,,11.9,,,,,
-52.7,47.56666666666667,ST JOHN'S,8403500,8403500.1950.5.14,1950-05-14 00:00:00,NL,1950,5,14,5.6,,2.2,,8.9,,24.9,,24.9,,0,,,,,,,,0,,12.4,,,,,
-52.7,47.56666666666667,ST JOHN'S,8403500,8403500.1950.5.15,1950-05-15 00:00:00,NL,1950,5,15,4.8,,0.6,,8.9,,0,,0,,0,,,,,,,,0,,13.2,,,,,
-52.7,47.56666666666667,ST JOHN'S,8403500,8403500.1950.5.16,1950-05-16 00:00:00,NL,1950,5,16,5.3,,2.8,,7.8,,0,,0,,0,,,,,,,,0,,12.7,,,,,
-52.7,47.56666666666667,ST JOHN'S,8403500,8403500.1950.5.17,1950-05-17 00:00:00,NL,1950,5,17,6.4,,2.8,,10,,5.3,,5.3,,0,,,,,,,,0,,11.6,,,,,
-52.7,47.56666666666667,ST JOHN'S,8403500,8403500.1950.5.18,1950-05-18 00:00:00,NL,1950,5,18,5.6,,2.8,,8.3,,8.1,,8.1,,0,,,,,,,,0,,12.4,,,,,
-52.7,47.56666666666667,ST JOHN'S,8403500,8403500.1950.5.19,1950-05-19 00:00:00,NL,1950,5,19,3.9,,1.7,,6.1,,0.3,,0.3,,0,,,,,,,,0,,14.1,,,,,
-52.7,47.56666666666667,ST JOHN'S,8403500,8403500.1950.5.20,1950-05-20 00:00:00,NL,1950,5,20,1.1,,0,,2.2,,3,,3,,0,,,,,,,,0,,16.9,,,,,
-52.7,47.56666666666667,ST JOHN'S,8403500,8403500.1950.5.21,1950-05-21 00:00:00,NL,1950,5,21,1.1,,0,,2.2,,2,,2,,0,,,,,,,,0,,16.9,,,,,
-52.7,47.56666666666667,ST JOHN'S,8403500,8403500.1950.5.22,1950-05-22 00:00:00,NL,1950,5,22,0.6,,-0.6,,1.7,,0,,0,,0,,,,,,,,0,,17.4,,,,,
-52.7,47.56666666666667,ST JOHN'S,8403500,8403500.1950.5.23,1950-05-23 00:00:00,NL,1950,5,23,1.7,,0,,3.3,,10.2,,0,,10.2,,,,,,,,0,,16.3,,,,,
-52.7,47.56666666666667,ST JOHN'S,8403500,8403500.1950.5.24,1950-05-24 00:00:00,NL,1950,5,24,3.4,,-1.1,,7.8,,1,,0,,1,,,,,,,,0,,14.6,,,,,
-52.7,47.56666666666667,ST JOHN'S,8403500,8403500.1950.5.25,1950-05-25 00:00:00,NL,1950,5,25,4.2,,0.6,,7.8,,0,,0,,0,,,,,,,,0,,13.8,,,,,
-52.7,47.56666666666667,ST JOHN'S,8403500,8403500.1950.5.26,1950-05-26 00:00:00,NL,1950,5,26,4.7,,2.2,,7.2,,1.3,,1.3,,0,,,,,,,,0,,13.3,,,,,
-52.7,47.56666666666667,ST JOHN'S,8403500,8403500.1950.5.27,1950-05-27 00:00:00,NL,1950,5,27,5.6,,3.9,,7.2,,0.3,,0.3,,0,,,,,,,,0,,12.4,,,,,
-52.7,47.56666666666667,ST JOHN'S,8403500,8403500.1950.5.28,1950-05-28 00:00:00,NL,1950,5,28,8.6,,3.9,,13.3,,0,,0,,0,,,,,,,,0,,9.4,,,,,
-52.7,47.56666666666667,ST JOHN'S,8403500,8403500.1950.5.29,1950-05-29 00:00:00,NL,1950,5,29,13.3,,9.4,,17.2,,0,,0,,0,,,,,,,,0,,4.7,,,,,
-52.7,47.56666666666667,ST JOHN'S,8403500,8403500.1950.5.30,1950-05-30 00:00:00,NL,1950,5,30,7,,3.9,,10,,0,,0,,0,,,,,,,,0,,11,,,,,
-52.7,47.56666666666667,ST JOHN'S,8403500,8403500.1950.5.31,1950-05-31 00:00:00,NL,1950,5,31,7.8,,1.7,,13.9,,0,,0,,0,,,,,,,,0,,10.2,,,,,
-52.7,47.56666666666667,ST JOHN'S,8403500,8403500.1950.6.1,1950-06-01 00:00:00,NL,1950,6,1,14.5,,5.6,,23.3,,0,T,0,T,0,,,,,,,,0,,3.5,,,,,
-52.7,47.56666666666667,ST JOHN'S,8403500,8403500.1950.6.2,1950-06-02 00:00:00,NL,1950,6,2,13.9,,6.7,,21.1,,0,T,0,T,0,,,,,,,,0,,4.1,,,,,
-52.7,47.56666666666667,ST JOHN'S,8403500,8403500.1950.6.3,1950-06-03 00:00:00,NL,1950,6,3,17.5,,13.9,,21.1,,1,,1,,0,,,,,,,,0,,0.5,,,,,
-52.7,47.56666666666667,ST JOHN'S,8403500,8403500.1950.6.4,1950-06-04 00:00:00,NL,1950,6,4,14.2,,10.6,,17.8,,1,,1,,0,,,,,,,,0,,3.8,,,,,
-52.7,47.56666666666667,ST JOHN'S,8403500,8403500.1950.6.5,1950-06-05 00:00:00,NL,1950,6,5,13.4,,11.1,,15.6,,0.3,,0.3,,0,,,,,,,,0,,4.6,,,,,
-52.7,47.56666666666667,ST JOHN'S,8403500,8403500.1950.6.6,1950-06-06 00:00:00,NL,1950,6,6,13.9,,6.7,,21.1,,0,,0,,0,,,,,,,,0,,4.1,,,,,
-52.7,47.56666666666667,ST JOHN'S,8403500,8403500.1950.6.7,1950-06-07 00:00:00,NL,1950,6,7,14.8,,6.7,,22.8,,0,,0,,0,,,,,,,,0,,3.2,,,,,
-52.7,47.56666666666667,ST JOHN'S,8403500,8403500.1950.6.8,1950-06-08 00:00:00,NL,1950,6,8,13.9,,6.7,,21.1,,0,,0,,0,,,,,,,,0,,4.1,,,,,
-52.7,47.56666666666667,ST JOHN'S,8403500,8403500.1950.6.9,1950-06-09 00:00:00,NL,1950,6,9,11.4,,5.6,,17.2,,0,,0,,0,,,,,,,,0,,6.6,,,,,
-52.7,47.56666666666667,ST JOHN'S,8403500,8403500.1950.6.10,1950-06-10 00:00:00,NL,1950,6,10,11.1,,6.1,,16.1,,0,,0,,0,,,,,,,,0,,6.9,,,,,
-52.7,47.56666666666667,ST JOHN'S,8403500,8403500.1950.6.11,1950-06-11 00:00:00,NL,1950,6,11,14.5,,6.1,,22.8,,0,,0,,0,,,,,,,,0,,3.5,,,,,
-52.7,47.56666666666667,ST JOHN'S,8403500,8403500.1950.6.12,1950-06-12 00:00:00,NL,1950,6,12,16.1,,10,,22.2,,1.8,,1.8,,0,,,,,,,,0,,1.9,,,,,
-52.7,47.56666666666667,ST JOHN'S,8403500,8403500.1950.6.13,1950-06-13 00:00:00,NL,1950,6,13,10.6,,6.1,,15,,0,,0,,0,,,,,,,,0,,7.4,,,,,
-52.7,47.56666666666667,ST JOHN'S,8403500,8403500.1950.6.14,1950-06-14 00:00:00,NL,1950,6,14,13.7,,5.6,,21.7,,0,,0,,0,,,,,,,,0,,4.3,,,,,
-52.7,47.56666666666667,ST JOHN'S,8403500,8403500.1950.6.15,1950-06-15 00:00:00,NL,1950,6,15,14.2,,7.8,,20.6,,0,,0,,0,,,,,,,,0,,3.8,,,,,
-52.7,47.56666666666667,ST JOHN'S,8403500,8403500.1950.6.16,1950-06-16 00:00:00,NL,1950,6,16,16.4,,7.2,,25.6,,0,,0,,0,,,,,,,,0,,1.6,,,,,
-52.7,47.56666666666667,ST JOHN'S,8403500,8403500.1950.6.17,1950-06-17 00:00:00,NL,1950,6,17,18.9,,12.8,,25,,9.1,,9.1,,0,,,,,,,,0.9,,0,,,,,
-52.7,47.56666666666667,ST JOHN'S,8403500,8403500.1950.6.18,1950-06-18 00:00:00,NL,1950,6,18,15,,12.8,,17.2,,8.9,,8.9,,0,,,,,,,,0,,3,,,,,
-52.7,47.56666666666667,ST JOHN'S,8403500,8403500.1950.6.19,1950-06-19 00:00:00,NL,1950,6,19,12.5,,7.2,,17.8,,0,,0,,0,,,,,,,,0,,5.5,,,,,
-52.7,47.56666666666667,ST JOHN'S,8403500,8403500.1950.6.20,1950-06-20 00:00:00,NL,1950,6,20,13.9,,7.2,,20.6,,0,,0,,0,,,,,,,,0,,4.1,,,,,
-52.7,47.56666666666667,ST JOHN'S,8403500,8403500.1950.6.21,1950-06-21 00:00:00,NL,1950,6,21,12.5,,5,,20,,3.3,,3.3,,0,,,,,,,,0,,5.5,,,,,
-52.7,47.56666666666667,ST JOHN'S,8403500,8403500.1950.6.22,1950-06-22 00:00:00,NL,1950,6,22,12.8,,7.8,,17.8,,2.5,,2.5,,0,,,,,,,,0,,5.2,,,,,
-52.7,47.56666666666667,ST JOHN'S,8403500,8403500.1950.6.23,1950-06-23 00:00:00,NL,1950,6,23,9.2,,5.6,,12.8,,6.4,,6.4,,0,,,,,,,,0,,8.8,,,,,
-52.7,47.56666666666667,ST JOHN'S,8403500,8403500.1950.6.24,1950-06-24 00:00:00,NL,1950,6,24,8.1,,4.4,,11.7,,0,,0,,0,,,,,,,,0,,9.9,,,,,
-52.7,47.56666666666667,ST JOHN'S,8403500,8403500.1950.6.25,1950-06-25 00:00:00,NL,1950,6,25,8.7,,6.7,,10.6,,0,,0,,0,,,,,,,,0,,9.3,,,,,
-52.7,47.56666666666667,ST JOHN'S,8403500,8403500.1950.6.26,1950-06-26 00:00:00,NL,1950,6,26,5.9,,3.9,,7.8,,0,,0,,0,,,,,,,,0,,12.1,,,,,
-52.7,47.56666666666667,ST JOHN'S,8403500,8403500.1950.6.27,1950-06-27 00:00:00,NL,1950,6,27,7.8,,5,,10.6,,0,,0,,0,,,,,,,,0,,10.2,,,,,
-52.7,47.56666666666667,ST JOHN'S,8403500,8403500.1950.6.28,1950-06-28 00:00:00,NL,1950,6,28,6.7,,0,,13.3,,3,,3,,0,,,,,,,,0,,11.3,,,,,
-52.7,47.56666666666667,ST JOHN'S,8403500,8403500.1950.6.29,1950-06-29 00:00:00,NL,1950,6,29,9.7,,5,,14.4,,2.8,,2.8,,0,,,,,,,,0,,8.3,,,,,
-52.7,47.56666666666667,ST JOHN'S,8403500,8403500.1950.6.30,1950-06-30 00:00:00,NL,1950,6,30,17.2,,10,,24.4,,0,T,0,T,0,,,,,,,,0,,0.8,,,,,
-52.7,47.56666666666667,ST JOHN'S,8403500,8403500.1950.7.1,1950-07-01 00:00:00,NL,1950,7,1,22.3,,16.7,,27.8,,0,,0,,0,,,,,,,,4.3,,0,,,,,
-52.7,47.56666666666667,ST JOHN'S,8403500,8403500.1950.7.2,1950-07-02 00:00:00,NL,1950,7,2,19.2,,14.4,,23.9,,0,,0,,0,,,,,,,,1.2,,0,,,,,
-52.7,47.56666666666667,ST JOHN'S,8403500,8403500.1950.7.3,1950-07-03 00:00:00,NL,1950,7,3,17.5,,10,,25,,0,,0,,0,,,,,,,,0,,0.5,,,,,
-52.7,47.56666666666667,ST JOHN'S,8403500,8403500.1950.7.4,1950-07-04 00:00:00,NL,1950,7,4,18.1,,12.2,,23.9,,0,,0,,0,,,,,,,,0.1,,0,,,,,
-52.7,47.56666666666667,ST JOHN'S,8403500,8403500.1950.7.5,1950-07-05 00:00:00,NL,1950,7,5,13.1,,10,,16.1,,0,,0,,0,,,,,,,,0,,4.9,,,,,
-52.7,47.56666666666667,ST JOHN'S,8403500,8403500.1950.7.6,1950-07-06 00:00:00,NL,1950,7,6,9.5,,5.6,,13.3,,0,,0,,0,,,,,,,,0,,8.5,,,,,
-52.7,47.56666666666667,ST JOHN'S,8403500,8403500.1950.7.7,1950-07-07 00:00:00,NL,1950,7,7,8.9,,6.1,,11.7,,0,,0,,0,,,,,,,,0,,9.1,,,,,
-52.7,47.56666666666667,ST JOHN'S,8403500,8403500.1950.7.8,1950-07-08 00:00:00,NL,1950,7,8,12.5,,7.2,,17.8,,15.5,,15.5,,0,,,,,,,,0,,5.5,,,,,
-52.7,47.56666666666667,ST JOHN'S,8403500,8403500.1950.7.9,1950-07-09 00:00:00,NL,1950,7,9,9.5,,7.2,,11.7,,6.1,,6.1,,0,,,,,,,,0,,8.5,,,,,
-52.7,47.56666666666667,ST JOHN'S,8403500,8403500.1950.7.10,1950-07-10 00:00:00,NL,1950,7,10,10.8,,7.2,,14.4,,0.5,,0.5,,0,,,,,,,,0,,7.2,,,,,
-52.7,47.56666666666667,ST JOHN'S,8403500,8403500.1950.7.11,1950-07-11 00:00:00,NL,1950,7,11,16.1,,8.3,,23.9,,0,,0,,0,,,,,,,,0,,1.9,,,,,
-52.7,47.56666666666667,ST JOHN'S,8403500,8403500.1950.7.12,1950-07-12 00:00:00,NL,1950,7,12,20,,15.6,,24.4,,0,,0,,0,,,,,,,,2,,0,,,,,
-52.7,47.56666666666667,ST JOHN'S,8403500,8403500.1950.7.13,1950-07-13 00:00:00,NL,1950,7,13,20.3,,15,,25.6,,0,,0,,0,,,,,,,,2.3,,0,,,,,
-52.7,47.56666666666667,ST JOHN'S,8403500,8403500.1950.7.14,1950-07-14 00:00:00,NL,1950,7,14,21.4,,17.8,,25,,0,,0,,0,,,,,,,,3.4,,0,,,,,
-52.7,47.56666666666667,ST JOHN'S,8403500,8403500.1950.7.15,1950-07-15 00:00:00,NL,1950,7,15,22,,16.7,,27.2,,0,,0,,0,,,,,,,,4,,0,,,,,
-52.7,47.56666666666667,ST JOHN'S,8403500,8403500.1950.7.16,1950-07-16 00:00:00,NL,1950,7,16,15,,11.7,,18.3,,0,,0,,0,,,,,,,,0,,3,,,,,
-52.7,47.56666666666667,ST JOHN'S,8403500,8403500.1950.7.17,1950-07-17 00:00:00,NL,1950,7,17,14.2,,8.3,,20,,1,,1,,0,,,,,,,,0,,3.8,,,,,
-52.7,47.56666666666667,ST JOHN'S,8403500,8403500.1950.7.18,1950-07-18 00:00:00,NL,1950,7,18,15,,10,,20,,0,,0,,0,,,,,,,,0,,3,,,,,
-52.7,47.56666666666667,ST JOHN'S,8403500,8403500.1950.7.19,1950-07-19 00:00:00,NL,1950,7,19,18.4,,12.8,,23.9,,0,,0,,0,,,,,,,,0.4,,0,,,,,
-52.7,47.56666666666667,ST JOHN'S,8403500,8403500.1950.7.20,1950-07-20 00:00:00,NL,1950,7,20,17.5,,13.3,,21.7,,0,,0,,0,,,,,,,,0,,0.5,,,,,
-52.7,47.56666666666667,ST JOHN'S,8403500,8403500.1950.7.21,1950-07-21 00:00:00,NL,1950,7,21,17.3,,11.7,,22.8,,0,,0,,0,,,,,,,,0,,0.7,,,,,
-52.7,47.56666666666667,ST JOHN'S,8403500,8403500.1950.7.22,1950-07-22 00:00:00,NL,1950,7,22,10.8,,9.4,,12.2,,0.5,,0.5,,0,,,,,,,,0,,7.2,,,,,
-52.7,47.56666666666667,ST JOHN'S,8403500,8403500.1950.7.23,1950-07-23 00:00:00,NL,1950,7,23,11.9,,9.4,,14.4,,0,,0,,0,,,,,,,,0,,6.1,,,,,
-52.7,47.56666666666667,ST JOHN'S,8403500,8403500.1950.7.24,1950-07-24 00:00:00,NL,1950,7,24,13.1,,6.7,,19.4,,0,,0,,0,,,,,,,,0,,4.9,,,,,
-52.7,47.56666666666667,ST JOHN'S,8403500,8403500.1950.7.25,1950-07-25 00:00:00,NL,1950,7,25,16.7,,11.1,,22.2,,0,,0,,0,,,,,,,,0,,1.3,,,,,
-52.7,47.56666666666667,ST JOHN'S,8403500,8403500.1950.7.26,1950-07-26 00:00:00,NL,1950,7,26,14.5,,11.7,,17.2,,8.9,,8.9,,0,,,,,,,,0,,3.5,,,,,
-52.7,47.56666666666667,ST JOHN'S,8403500,8403500.1950.7.27,1950-07-27 00:00:00,NL,1950,7,27,16.4,,11.7,,21.1,,0,,0,,0,,,,,,,,0,,1.6,,,,,
-52.7,47.56666666666667,ST JOHN'S,8403500,8403500.1950.7.28,1950-07-28 00:00:00,NL,1950,7,28,17.5,,13.3,,21.7,,0.8,,0.8,,0,,,,,,,,0,,0.5,,,,,
-52.7,47.56666666666667,ST JOHN'S,8403500,8403500.1950.7.29,1950-07-29 00:00:00,NL,1950,7,29,15,,12.8,,17.2,,0,,0,,0,,,,,,,,0,,3,,,,,
-52.7,47.56666666666667,ST JOHN'S,8403500,8403500.1950.7.30,1950-07-30 00:00:00,NL,1950,7,30,17,,11.1,,22.8,,0,,0,,0,,,,,,,,0,,1,,,,,
-52.7,47.56666666666667,ST JOHN'S,8403500,8403500.1950.7.31,1950-07-31 00:00:00,NL,1950,7,31,18.6,,12.2,,25,,0,,0,,0,,,,,,,,0.6,,0,,,,,
-52.7,47.56666666666667,ST JOHN'S,8403500,8403500.1950.8.1,1950-08-01 00:00:00,NL,1950,8,1,18.1,,15,,21.1,,2,,2,,0,,,,,,,,0.1,,0,,,,,
-52.7,47.56666666666667,ST JOHN'S,8403500,8403500.1950.8.2,1950-08-02 00:00:00,NL,1950,8,2,16.2,,11.7,,20.6,,0,,0,,0,,,,,,,,0,,1.8,,,,,
-52.7,47.56666666666667,ST JOHN'S,8403500,8403500.1950.8.3,1950-08-03 00:00:00,NL,1950,8,3,16.4,,11.1,,21.7,,0,,0,,0,,,,,,,,0,,1.6,,,,,
-52.7,47.56666666666667,ST JOHN'S,8403500,8403500.1950.8.4,1950-08-04 00:00:00,NL,1950,8,4,15.9,,12.8,,18.9,,0,,0,,0,,,,,,,,0,,2.1,,,,,
-52.7,47.56666666666667,ST JOHN'S,8403500,8403500.1950.8.5,1950-08-05 00:00:00,NL,1950,8,5,17.8,,11.7,,23.9,,1,,1,,0,,,,,,,,0,,0.2,,,,,
-52.7,47.56666666666667,ST JOHN'S,8403500,8403500.1950.8.6,1950-08-06 00:00:00,NL,1950,8,6,12.2,,9.4,,15,,0.8,,0.8,,0,,,,,,,,0,,5.8,,,,,
-52.7,47.56666666666667,ST JOHN'S,8403500,8403500.1950.8.7,1950-08-07 00:00:00,NL,1950,8,7,13.9,,7.8,,20,,0,,0,,0,,,,,,,,0,,4.1,,,,,
-52.7,47.56666666666667,ST JOHN'S,8403500,8403500.1950.8.8,1950-08-08 00:00:00,NL,1950,8,8,13.1,,6.1,,20,,0,,0,,0,,,,,,,,0,,4.9,,,,,
-52.7,47.56666666666667,ST JOHN'S,8403500,8403500.1950.8.9,1950-08-09 00:00:00,NL,1950,8,9,17,,11.7,,22.2,,0,,0,,0,,,,,,,,0,,1,,,,,
-52.7,47.56666666666667,ST JOHN'S,8403500,8403500.1950.8.10,1950-08-10 00:00:00,NL,1950,8,10,20,,13.3,,26.7,,0,,0,,0,,,,,,,,2,,0,,,,,
-52.7,47.56666666666667,ST JOHN'S,8403500,8403500.1950.8.11,1950-08-11 00:00:00,NL,1950,8,11,19.5,,15,,23.9,,0,,0,,0,,,,,,,,1.5,,0,,,,,
-52.7,47.56666666666667,ST JOHN'S,8403500,8403500.1950.8.12,1950-08-12 00:00:00,NL,1950,8,12,18.3,,13.3,,23.3,,0,,0,,0,,,,,,,,0.3,,0,,,,,
-52.7,47.56666666666667,ST JOHN'S,8403500,8403500.1950.8.13,1950-08-13 00:00:00,NL,1950,8,13,17.8,,10.6,,25,,0,,0,,0,,,,,,,,0,,0.2,,,,,
-52.7,47.56666666666667,ST JOHN'S,8403500,8403500.1950.8.14,1950-08-14 00:00:00,NL,1950,8,14,15.3,,11.1,,19.4,,0,,0,,0,,,,,,,,0,,2.7,,,,,
-52.7,47.56666666666667,ST JOHN'S,8403500,8403500.1950.8.15,1950-08-15 00:00:00,NL,1950,8,15,15,,13.3,,16.7,,12.7,,12.7,,0,,,,,,,,0,,3,,,,,
-52.7,47.56666666666667,ST JOHN'S,8403500,8403500.1950.8.16,1950-08-16 00:00:00,NL,1950,8,16,17.8,,13.3,,22.2,,0,,0,,0,,,,,,,,0,,0.2,,,,,
-52.7,47.56666666666667,ST JOHN'S,8403500,8403500.1950.8.17,1950-08-17 00:00:00,NL,1950,8,17,19.7,,13.3,,26.1,,0,,0,,0,,,,,,,,1.7,,0,,,,,
-52.7,47.56666666666667,ST JOHN'S,8403500,8403500.1950.8.18,1950-08-18 00:00:00,NL,1950,8,18,19.5,,13.3,,25.6,,0,,0,,0,,,,,,,,1.5,,0,,,,,
-52.7,47.56666666666667,ST JOHN'S,8403500,8403500.1950.8.19,1950-08-19 00:00:00,NL,1950,8,19,14.2,,10.6,,17.8,,1.3,,1.3,,0,,,,,,,,0,,3.8,,,,,
-52.7,47.56666666666667,ST JOHN'S,8403500,8403500.1950.8.20,1950-08-20 00:00:00,NL,1950,8,20,12.8,,8.9,,16.7,,0,,0,,0,,,,,,,,0,,5.2,,,,,
-52.7,47.56666666666667,ST JOHN'S,8403500,8403500.1950.8.21,1950-08-21 00:00:00,NL,1950,8,21,17.8,,12.2,,23.3,,0,,0,,0,,,,,,,,0,,0.2,,,,,
-52.7,47.56666666666667,ST JOHN'S,8403500,8403500.1950.8.22,1950-08-22 00:00:00,NL,1950,8,22,19.4,,14.4,,24.4,,0,,0,,0,,,,,,,,1.4,,0,,,,,
-52.7,47.56666666666667,ST JOHN'S,8403500,8403500.1950.8.23,1950-08-23 00:00:00,NL,1950,8,23,17.8,,12.2,,23.3,,0,,0,,0,,,,,,,,0,,0.2,,,,,
-52.7,47.56666666666667,ST JOHN'S,8403500,8403500.1950.8.24,1950-08-24 00:00:00,NL,1950,8,24,15.6,,12.2,,18.9,,0,,0,,0,,,,,,,,0,,2.4,,,,,
-52.7,47.56666666666667,ST JOHN'S,8403500,8403500.1950.8.25,1950-08-25 00:00:00,NL,1950,8,25,18.1,,13.9,,22.2,,0,,0,,0,,,,,,,,0.1,,0,,,,,
-52.7,47.56666666666667,ST JOHN'S,8403500,8403500.1950.8.26,1950-08-26 00:00:00,NL,1950,8,26,18.3,,12.2,,24.4,,0,,0,,0,,,,,,,,0.3,,0,,,,,
-52.7,47.56666666666667,ST JOHN'S,8403500,8403500.1950.8.27,1950-08-27 00:00:00,NL,1950,8,27,13.4,,11.7,,15,,37.8,,37.8,,0,,,,,,,,0,,4.6,,,,,
-52.7,47.56666666666667,ST JOHN'S,8403500,8403500.1950.8.28,1950-08-28 00:00:00,NL,1950,8,28,16.7,,11.1,,22.2,,0,,0,,0,,,,,,,,0,,1.3,,,,,
-52.7,47.56666666666667,ST JOHN'S,8403500,8403500.1950.8.29,1950-08-29 00:00:00,NL,1950,8,29,17.2,,15,,19.4,,0.3,,0.3,,0,,,,,,,,0,,0.8,,,,,
-52.7,47.56666666666667,ST JOHN'S,8403500,8403500.1950.8.30,1950-08-30 00:00:00,NL,1950,8,30,11.4,,10,,12.8,,5.3,,5.3,,0,,,,,,,,0,,6.6,,,,,
-52.7,47.56666666666667,ST JOHN'S,8403500,8403500.1950.8.31,1950-08-31 00:00:00,NL,1950,8,31,13.9,,9.4,,18.3,,0,,0,,0,,,,,,,,0,,4.1,,,,,
-52.7,47.56666666666667,ST JOHN'S,8403500,8403500.1950.9.1,1950-09-01 00:00:00,NL,1950,9,1,13.9,,10,,17.8,,15.7,,15.7,,0,,,,,,,,0,,4.1,,,,,
-52.7,47.56666666666667,ST JOHN'S,8403500,8403500.1950.9.2,1950-09-02 00:00:00,NL,1950,9,2,18.4,,15.6,,21.1,,0.3,,0.3,,0,,,,,,,,0.4,,0,,,,,
-52.7,47.56666666666667,ST JOHN'S,8403500,8403500.1950.9.3,1950-09-03 00:00:00,NL,1950,9,3,10.9,,8.9,,12.8,,0,,0,,0,,,,,,,,0,,7.1,,,,,
-52.7,47.56666666666667,ST JOHN'S,8403500,8403500.1950.9.4,1950-09-04 00:00:00,NL,1950,9,4,10.6,,7.2,,13.9,,0.5,,0.5,,0,,,,,,,,0,,7.4,,,,,
-52.7,47.56666666666667,ST JOHN'S,8403500,8403500.1950.9.5,1950-09-05 00:00:00,NL,1950,9,5,11.9,,9.4,,14.4,,0,,0,,0,,,,,,,,0,,6.1,,,,,
-52.7,47.56666666666667,ST JOHN'S,8403500,8403500.1950.9.6,1950-09-06 00:00:00,NL,1950,9,6,13.4,,8.9,,17.8,,0,,0,,0,,,,,,,,0,,4.6,,,,,
-52.7,47.56666666666667,ST JOHN'S,8403500,8403500.1950.9.7,1950-09-07 00:00:00,NL,1950,9,7,15.3,,9.4,,21.1,,0,,0,,0,,,,,,,,0,,2.7,,,,,
-52.7,47.56666666666667,ST JOHN'S,8403500,8403500.1950.9.8,1950-09-08 00:00:00,NL,1950,9,8,11.7,,9.4,,13.9,,0,,0,,0,,,,,,,,0,,6.3,,,,,
-52.7,47.56666666666667,ST JOHN'S,8403500,8403500.1950.9.9,1950-09-09 00:00:00,NL,1950,9,9,11.4,,2.8,,20,,0,,0,,0,,,,,,,,0,,6.6,,,,,
-52.7,47.56666666666667,ST JOHN'S,8403500,8403500.1950.9.10,1950-09-10 00:00:00,NL,1950,9,10,15.6,,12.2,,18.9,,0,,0,,0,,,,,,,,0,,2.4,,,,,
-52.7,47.56666666666667,ST JOHN'S,8403500,8403500.1950.9.11,1950-09-11 00:00:00,NL,1950,9,11,9.2,,6.1,,12.2,,0,,0,,0,,,,,,,,0,,8.8,,,,,
-52.7,47.56666666666667,ST JOHN'S,8403500,8403500.1950.9.12,1950-09-12 00:00:00,NL,1950,9,12,6.7,,1.7,,11.7,,0,,0,,0,,,,,,,,0,,11.3,,,,,
-52.7,47.56666666666667,ST JOHN'S,8403500,8403500.1950.9.13,1950-09-13 00:00:00,NL,1950,9,13,9.4,,4.4,,14.4,,0,,0,,0,,,,,,,,0,,8.6,,,,,
-52.7,47.56666666666667,ST JOHN'S,8403500,8403500.1950.9.14,1950-09-14 00:00:00,NL,1950,9,14,12.5,,8.9,,16.1,,0,,0,,0,,,,,,,,0,,5.5,,,,,
-52.7,47.56666666666667,ST JOHN'S,8403500,8403500.1950.9.15,1950-09-15 00:00:00,NL,1950,9,15,14.2,,8.3,,20,,0.3,,0.3,,0,,,,,,,,0,,3.8,,,,,
-52.7,47.56666666666667,ST JOHN'S,8403500,8403500.1950.9.16,1950-09-16 00:00:00,NL,1950,9,16,15.9,,11.7,,20,,2.8,,2.8,,0,,,,,,,,0,,2.1,,,,,
-52.7,47.56666666666667,ST JOHN'S,8403500,8403500.1950.9.17,1950-09-17 00:00:00,NL,1950,9,17,13.6,,11.1,,16.1,,0,,0,,0,,,,,,,,0,,4.4,,,,,
-52.7,47.56666666666667,ST JOHN'S,8403500,8403500.1950.9.18,1950-09-18 00:00:00,NL,1950,9,18,10.3,,5.6,,15,,0,,0,,0,,,,,,,,0,,7.7,,,,,
-52.7,47.56666666666667,ST JOHN'S,8403500,8403500.1950.9.19,1950-09-19 00:00:00,NL,1950,9,19,11.4,,5.6,,17.2,,3,,3,,0,,,,,,,,0,,6.6,,,,,
-52.7,47.56666666666667,ST JOHN'S,8403500,8403500.1950.9.20,1950-09-20 00:00:00,NL,1950,9,20,8.3,,7.2,,9.4,,0.3,,0.3,,0,,,,,,,,0,,9.7,,,,,
-52.7,47.56666666666667,ST JOHN'S,8403500,8403500.1950.9.21,1950-09-21 00:00:00,NL,1950,9,21,8.4,,1.7,,15,,14.2,,14.2,,0,,,,,,,,0,,9.6,,,,,
-52.7,47.56666666666667,ST JOHN'S,8403500,8403500.1950.9.22,1950-09-22 00:00:00,NL,1950,9,22,8.1,,6.1,,10,,0,,0,,0,,,,,,,,0,,9.9,,,,,
-52.7,47.56666666666667,ST JOHN'S,8403500,8403500.1950.9.23,1950-09-23 00:00:00,NL,1950,9,23,7.8,,0,,15.6,,11.4,,11.4,,0,,,,,,,,0,,10.2,,,,,
-52.7,47.56666666666667,ST JOHN'S,8403500,8403500.1950.9.24,1950-09-24 00:00:00,NL,1950,9,24,13.9,,7.2,,20.6,,4.6,,4.6,,0,,,,,,,,0,,4.1,,,,,
-52.7,47.56666666666667,ST JOHN'S,8403500,8403500.1950.9.25,1950-09-25 00:00:00,NL,1950,9,25,10.6,,7.8,,13.3,,0,,0,,0,,,,,,,,0,,7.4,,,,,
-52.7,47.56666666666667,ST JOHN'S,8403500,8403500.1950.9.26,1950-09-26 00:00:00,NL,1950,9,26,8.3,,2.2,,14.4,,0,,0,,0,,,,,,,,0,,9.7,,,,,
-52.7,47.56666666666667,ST JOHN'S,8403500,8403500.1950.9.27,1950-09-27 00:00:00,NL,1950,9,27,7.2,,2.2,,12.2,,0,,0,,0,,,,,,,,0,,10.8,,,,,
-52.7,47.56666666666667,ST JOHN'S,8403500,8403500.1950.9.28,1950-09-28 00:00:00,NL,1950,9,28,10.6,,5.6,,15.6,,0,,0,,0,,,,,,,,0,,7.4,,,,,
-52.7,47.56666666666667,ST JOHN'S,8403500,8403500.1950.9.29,1950-09-29 00:00:00,NL,1950,9,29,12.8,,5.6,,20,,0,,0,,0,,,,,,,,0,,5.2,,,,,
-52.7,47.56666666666667,ST JOHN'S,8403500,8403500.1950.9.30,1950-09-30 00:00:00,NL,1950,9,30,10.8,,9.4,,12.2,,0,,0,,0,,,,,,,,0,,7.2,,,,,
-52.7,47.56666666666667,ST JOHN'S,8403500,8403500.1950.10.1,1950-10-01 00:00:00,NL,1950,10,1,11.9,,9.4,,14.4,,7.1,,7.1,,0,,,,,,,,0,,6.1,,,,,
-52.7,47.56666666666667,ST JOHN'S,8403500,8403500.1950.10.2,1950-10-02 00:00:00,NL,1950,10,2,10,,6.1,,13.9,,0,,0,,0,,,,,,,,0,,8,,,,,
-52.7,47.56666666666667,ST JOHN'S,8403500,8403500.1950.10.3,1950-10-03 00:00:00,NL,1950,10,3,12.8,,5.6,,20,,0,,0,,0,,,,,,,,0,,5.2,,,,,
-52.7,47.56666666666667,ST JOHN'S,8403500,8403500.1950.10.4,1950-10-04 00:00:00,NL,1950,10,4,17.2,,13.3,,21.1,,50.5,,50.5,,0,,,,,,,,0,,0.8,,,,,
-52.7,47.56666666666667,ST JOHN'S,8403500,8403500.1950.10.5,1950-10-05 00:00:00,NL,1950,10,5,10,,7.8,,12.2,,1.3,,1.3,,0,,,,,,,,0,,8,,,,,
-52.7,47.56666666666667,ST JOHN'S,8403500,8403500.1950.10.6,1950-10-06 00:00:00,NL,1950,10,6,8.3,,2.2,,14.4,,0,,0,,0,,,,,,,,0,,9.7,,,,,
-52.7,47.56666666666667,ST JOHN'S,8403500,8403500.1950.10.7,1950-10-07 00:00:00,NL,1950,10,7,7.2,,2.2,,12.2,,0,,0,,0,,,,,,,,0,,10.8,,,,,
-52.7,47.56666666666667,ST JOHN'S,8403500,8403500.1950.10.8,1950-10-08 00:00:00,NL,1950,10,8,10.9,,5.6,,16.1,,0,,0,,0,,,,,,,,0,,7.1,,,,,
-52.7,47.56666666666667,ST JOHN'S,8403500,8403500.1950.10.9,1950-10-09 00:00:00,NL,1950,10,9,12.5,,8.3,,16.7,,1.3,,1.3,,0,,,,,,,,0,,5.5,,,,,
-52.7,47.56666666666667,ST JOHN'S,8403500,8403500.1950.10.10,1950-10-10 00:00:00,NL,1950,10,10,4.2,,1.7,,6.7,,0,,0,,0,,,,,,,,0,,13.8,,,,,
-52.7,47.56666666666667,ST JOHN'S,8403500,8403500.1950.10.11,1950-10-11 00:00:00,NL,1950,10,11,4.7,,0,,9.4,,0,,0,,0,,,,,,,,0,,13.3,,,,,
-52.7,47.56666666666667,ST JOHN'S,8403500,8403500.1950.10.12,1950-10-12 00:00:00,NL,1950,10,12,6.7,,-1.1,,14.4,,11.9,,11.9,,0,,,,,,,,0,,11.3,,,,,
-52.7,47.56666666666667,ST JOHN'S,8403500,8403500.1950.10.13,1950-10-13 00:00:00,NL,1950,10,13,13.1,,8.9,,17.2,,4.3,,4.3,,0,,,,,,,,0,,4.9,,,,,
-52.7,47.56666666666667,ST JOHN'S,8403500,8403500.1950.10.14,1950-10-14 00:00:00,NL,1950,10,14,15,,11.7,,18.3,,0.5,,0.5,,0,,,,,,,,0,,3,,,,,
-52.7,47.56666666666667,ST JOHN'S,8403500,8403500.1950.10.15,1950-10-15 00:00:00,NL,1950,10,15,10.3,,7.2,,13.3,,0,,0,,0,,,,,,,,0,,7.7,,,,,
-52.7,47.56666666666667,ST JOHN'S,8403500,8403500.1950.10.16,1950-10-16 00:00:00,NL,1950,10,16,4.5,,2.2,,6.7,,0.3,,0.3,,0,,,,,,,,0,,13.5,,,,,
-52.7,47.56666666666667,ST JOHN'S,8403500,8403500.1950.10.17,1950-10-17 00:00:00,NL,1950,10,17,3.9,,0.6,,7.2,,1,,1,,0,,,,,,,,0,,14.1,,,,,
-52.7,47.56666666666667,ST JOHN'S,8403500,8403500.1950.10.18,1950-10-18 00:00:00,NL,1950,10,18,5.3,,0,,10.6,,2.8,,2.8,,0,,,,,,,,0,,12.7,,,,,
-52.7,47.56666666666667,ST JOHN'S,8403500,8403500.1950.10.19,1950-10-19 00:00:00,NL,1950,10,19,7.2,,2.2,,12.2,,0,,0,,0,,,,,,,,0,,10.8,,,,,
-52.7,47.56666666666667,ST JOHN'S,8403500,8403500.1950.10.20,1950-10-20 00:00:00,NL,1950,10,20,5.6,,-2.2,,13.3,,34.3,,34.3,,0,,,,,,,,0,,12.4,,,,,
-52.7,47.56666666666667,ST JOHN'S,8403500,8403500.1950.10.21,1950-10-21 00:00:00,NL,1950,10,21,6.1,,4.4,,7.8,,0.5,,0.5,,0,,,,,,,,0,,11.9,,,,,
-52.7,47.56666666666667,ST JOHN'S,8403500,8403500.1950.10.22,1950-10-22 00:00:00,NL,1950,10,22,3.6,,2.2,,5,,0,,0,,0,,,,,,,,0,,14.4,,,,,
-52.7,47.56666666666667,ST JOHN'S,8403500,8403500.1950.10.23,1950-10-23 00:00:00,NL,1950,10,23,2.8,,-0.6,,6.1,,0,,0,,0,,,,,,,,0,,15.2,,,,,
-52.7,47.56666666666667,ST JOHN'S,8403500,8403500.1950.10.24,1950-10-24 00:00:00,NL,1950,10,24,3.9,,0.6,,7.2,,0,,0,,0,,,,,,,,0,,14.1,,,,,
-52.7,47.56666666666667,ST JOHN'S,8403500,8403500.1950.10.25,1950-10-25 00:00:00,NL,1950,10,25,3.9,,0,,7.8,,3,,3,,0,,,,,,,,0,,14.1,,,,,
-52.7,47.56666666666667,ST JOHN'S,8403500,8403500.1950.10.26,1950-10-26 00:00:00,NL,1950,10,26,5,,1.1,,8.9,,1.3,,1.3,,0,,,,,,,,0,,13,,,,,
-52.7,47.56666666666667,ST JOHN'S,8403500,8403500.1950.10.27,1950-10-27 00:00:00,NL,1950,10,27,5.3,,3.3,,7.2,,1.8,,1.8,,0,,,,,,,,0,,12.7,,,,,
-52.7,47.56666666666667,ST JOHN'S,8403500,8403500.1950.10.28,1950-10-28 00:00:00,NL,1950,10,28,3.6,,0,,7.2,,0,,0,,0,,,,,,,,0,,14.4,,,,,
-52.7,47.56666666666667,ST JOHN'S,8403500,8403500.1950.10.29,1950-10-29 00:00:00,NL,1950,10,29,3.1,,0,,6.1,,0,,0,,0,,,,,,,,0,,14.9,,,,,
-52.7,47.56666666666667,ST JOHN'S,8403500,8403500.1950.10.30,1950-10-30 00:00:00,NL,1950,10,30,8.4,,5,,11.7,,0,,0,,0,,,,,,,,0,,9.6,,,,,
-52.7,47.56666666666667,ST JOHN'S,8403500,8403500.1950.10.31,1950-10-31 00:00:00,NL,1950,10,31,5.3,,4.4,,6.1,,0,,0,,0,,,,,,,,0,,12.7,,,,,
-52.7,47.56666666666667,ST JOHN'S,8403500,8403500.1950.11.1,1950-11-01 00:00:00,NL,1950,11,1,,M,,M,,M,19.1,,19.1,,0,,,,,,,,,M,,M,,,,
-52.7,47.56666666666667,ST JOHN'S,8403500,8403500.1950.11.2,1950-11-02 00:00:00,NL,1950,11,2,,M,,M,,M,2.3,,2.3,,0,,,,,,,,,M,,M,,,,
-52.7,47.56666666666667,ST JOHN'S,8403500,8403500.1950.11.3,1950-11-03 00:00:00,NL,1950,11,3,,M,,M,9.4,,0,,0,,0,,,,,,,,,M,,M,,,,
-52.7,47.56666666666667,ST JOHN'S,8403500,8403500.1950.11.4,1950-11-04 00:00:00,NL,1950,11,4,,M,,M,7.2,,0,,0,,0,,,,,,,,,M,,M,,,,
-52.7,47.56666666666667,ST JOHN'S,8403500,8403500.1950.11.5,1950-11-05 00:00:00,NL,1950,11,5,,M,,M,16.1,,0,,0,,0,,,,,,,,,M,,M,,,,
-52.7,47.56666666666667,ST JOHN'S,8403500,8403500.1950.11.6,1950-11-06 00:00:00,NL,1950,11,6,,M,,M,18.9,,0,,0,,0,,,,,,,,,M,,M,,,,
-52.7,47.56666666666667,ST JOHN'S,8403500,8403500.1950.11.7,1950-11-07 00:00:00,NL,1950,11,7,,M,,M,7.8,,0,,0,,0,,,,,,,,,M,,M,,,,
-52.7,47.56666666666667,ST JOHN'S,8403500,8403500.1950.11.8,1950-11-08 00:00:00,NL,1950,11,8,,M,,M,7.8,,0,,0,,0,,,,,,,,,M,,M,,,,
-52.7,47.56666666666667,ST JOHN'S,8403500,8403500.1950.11.9,1950-11-09 00:00:00,NL,1950,11,9,,M,,M,13.3,,0.3,,0.3,,0,,,,,,,,,M,,M,,,,
-52.7,47.56666666666667,ST JOHN'S,8403500,8403500.1950.11.10,1950-11-10 00:00:00,NL,1950,11,10,,M,,M,13.9,,0,,0,,0,,,,,,,,,M,,M,,,,
-52.7,47.56666666666667,ST JOHN'S,8403500,8403500.1950.11.11,1950-11-11 00:00:00,NL,1950,11,11,12.8,,7.8,,17.8,,0,,0,,0,,,,,,,,0,,5.2,,,,,
-52.7,47.56666666666667,ST JOHN'S,8403500,8403500.1950.11.12,1950-11-12 00:00:00,NL,1950,11,12,8.1,,2.8,,13.3,,0,,0,,0,,,,,,,,0,,9.9,,,,,
-52.7,47.56666666666667,ST JOHN'S,8403500,8403500.1950.11.13,1950-11-13 00:00:00,NL,1950,11,13,0.6,,-2.2,,3.3,,0,,0,,0,,,,,,,,0,,17.4,,,,,
-52.7,47.56666666666667,ST JOHN'S,8403500,8403500.1950.11.14,1950-11-14 00:00:00,NL,1950,11,14,0.9,,-2.2,,3.9,,0,,0,,0,,,,,,,,0,,17.1,,,,,
-52.7,47.56666666666667,ST JOHN'S,8403500,8403500.1950.11.15,1950-11-15 00:00:00,NL,1950,11,15,2.3,,-1.1,,5.6,,0,,0,,0,,,,,,,,0,,15.7,,,,,
-52.7,47.56666666666667,ST JOHN'S,8403500,8403500.1950.11.16,1950-11-16 00:00:00,NL,1950,11,16,5.6,,2.2,,8.9,,0,,0,,0,,,,,,,,0,,12.4,,,,,
-52.7,47.56666666666667,ST JOHN'S,8403500,8403500.1950.11.17,1950-11-17 00:00:00,NL,1950,11,17,4.2,,1.7,,6.7,,0.5,,0.5,,0,,,,,,,,0,,13.8,,,,,
-52.7,47.56666666666667,ST JOHN'S,8403500,8403500.1950.11.18,1950-11-18 00:00:00,NL,1950,11,18,5.6,,3.9,,7.2,,3.8,,3.8,,0,,,,,,,,0,,12.4,,,,,
-52.7,47.56666666666667,ST JOHN'S,8403500,8403500.1950.11.19,1950-11-19 00:00:00,NL,1950,11,19,4.7,,4.4,,5,,6.1,,6.1,,0,,,,,,,,0,,13.3,,,,,
-52.7,47.56666666666667,ST JOHN'S,8403500,8403500.1950.11.20,1950-11-20 00:00:00,NL,1950,11,20,4.2,,3.3,,5,,4.8,,4.8,,0,,,,,,,,0,,13.8,,,,,
-52.7,47.56666666666667,ST JOHN'S,8403500,8403500.1950.11.21,1950-11-21 00:00:00,NL,1950,11,21,8.1,,1.7,,14.4,,0,,0,,0,,,,,,,,0,,9.9,,,,,
-52.7,47.56666666666667,ST JOHN'S,8403500,8403500.1950.11.22,1950-11-22 00:00:00,NL,1950,11,22,6.7,,3.3,,10,,5.8,,5.8,,0,,,,,,,,0,,11.3,,,,,
-52.7,47.56666666666667,ST JOHN'S,8403500,8403500.1950.11.23,1950-11-23 00:00:00,NL,1950,11,23,7.8,,5,,10.6,,0,,0,,0,,,,,,,,0,,10.2,,,,,
-52.7,47.56666666666667,ST JOHN'S,8403500,8403500.1950.11.24,1950-11-24 00:00:00,NL,1950,11,24,3.1,,-1.7,,7.8,,0,,0,,0,,,,,,,,0,,14.9,,,,,
-52.7,47.56666666666667,ST JOHN'S,8403500,8403500.1950.11.25,1950-11-25 00:00:00,NL,1950,11,25,1.1,,-0.6,,2.8,,0.3,,0.3,,0,,,,,,,,0,,16.9,,,,,
-52.7,47.56666666666667,ST JOHN'S,8403500,8403500.1950.11.26,1950-11-26 00:00:00,NL,1950,11,26,0.9,,-1.1,,2.8,,0,,0,,0,,,,,,,,0,,17.1,,,,,
-52.7,47.56666666666667,ST JOHN'S,8403500,8403500.1950.11.27,1950-11-27 00:00:00,NL,1950,11,27,0.3,,-1.7,,2.2,,0,,0,,0,,,,,,,,0,,17.7,,,,,
-52.7,47.56666666666667,ST JOHN'S,8403500,8403500.1950.11.28,1950-11-28 00:00:00,NL,1950,11,28,0,,-3.9,,3.9,,0.3,,0.3,,0,,,,,,,,0,,18,,,,,
-52.7,47.56666666666667,ST JOHN'S,8403500,8403500.1950.11.29,1950-11-29 00:00:00,NL,1950,11,29,3.7,,0.6,,6.7,,0,,0,,0,,,,,,,,0,,14.3,,,,,
-52.7,47.56666666666667,ST JOHN'S,8403500,8403500.1950.11.30,1950-11-30 00:00:00,NL,1950,11,30,5.6,,3.9,,7.2,,0,,0,,0,,,,,,,,0,,12.4,,,,,
-52.7,47.56666666666667,ST JOHN'S,8403500,8403500.1950.12.1,1950-12-01 00:00:00,NL,1950,12,1,7.3,,3.9,,10.6,,0,,0,,0,,,,,,,,0,,10.7,,,,,
-52.7,47.56666666666667,ST JOHN'S,8403500,8403500.1950.12.2,1950-12-02 00:00:00,NL,1950,12,2,4.5,,1.7,,7.2,,0,,0,,0,,,,,,,,0,,13.5,,,,,
-52.7,47.56666666666667,ST JOHN'S,8403500,8403500.1950.12.3,1950-12-03 00:00:00,NL,1950,12,3,1.9,,-0.6,,4.4,,0,,0,,0,,,,,,,,0,,16.1,,,,,
-52.7,47.56666666666667,ST JOHN'S,8403500,8403500.1950.12.4,1950-12-04 00:00:00,NL,1950,12,4,3.1,,-1.7,,7.8,,0,,0,,0,,,,,,,,0,,14.9,,,,,
-52.7,47.56666666666667,ST JOHN'S,8403500,8403500.1950.12.5,1950-12-05 00:00:00,NL,1950,12,5,5.8,,3.3,,8.3,,0,,0,,0,,,,,,,,0,,12.2,,,,,
-52.7,47.56666666666667,ST JOHN'S,8403500,8403500.1950.12.6,1950-12-06 00:00:00,NL,1950,12,6,8.4,,5,,11.7,,1.3,,1.3,,0,,,,,,,,0,,9.6,,,,,
-52.7,47.56666666666667,ST JOHN'S,8403500,8403500.1950.12.7,1950-12-07 00:00:00,NL,1950,12,7,-0.8,,-2.2,,0.6,,0.8,,0.8,,0,,,,,,,,0,,18.8,,,,,
-52.7,47.56666666666667,ST JOHN'S,8403500,8403500.1950.12.8,1950-12-08 00:00:00,NL,1950,12,8,0.6,,-2.2,,3.3,,0,,0,,0,,,,,,,,0,,17.4,,,,,
-52.7,47.56666666666667,ST JOHN'S,8403500,8403500.1950.12.9,1950-12-09 00:00:00,NL,1950,12,9,-0.3,,-4.4,,3.9,,0,,0,,0,,,,,,,,0,,18.3,,,,,
-52.7,47.56666666666667,ST JOHN'S,8403500,8403500.1950.12.10,1950-12-10 00:00:00,NL,1950,12,10,-1.2,,-5.6,,3.3,,0,,0,,0,,,,,,,,0,,19.2,,,,,
-52.7,47.56666666666667,ST JOHN'S,8403500,8403500.1950.12.11,1950-12-11 00:00:00,NL,1950,12,11,2.5,,0.6,,4.4,,1,,1,,0,,,,,,,,0,,15.5,,,,,
-52.7,47.56666666666667,ST JOHN'S,8403500,8403500.1950.12.12,1950-12-12 00:00:00,NL,1950,12,12,4.8,,1.7,,7.8,,9.7,,9.7,,0,,,,,,,,0,,13.2,,,,,
-52.7,47.56666666666667,ST JOHN'S,8403500,8403500.1950.12.13,1950-12-13 00:00:00,NL,1950,12,13,8.3,,4.4,,12.2,,7.9,,7.9,,0,,,,,,,,0,,9.7,,,,,
-52.7,47.56666666666667,ST JOHN'S,8403500,8403500.1950.12.14,1950-12-14 00:00:00,NL,1950,12,14,6.1,,3.3,,8.9,,1,,1,,0,,,,,,,,0,,11.9,,,,,
-52.7,47.56666666666667,ST JOHN'S,8403500,8403500.1950.12.15,1950-12-15 00:00:00,NL,1950,12,15,5.3,,1.1,,9.4,,23.4,,23.4,,0,,,,,,,,0,,12.7,,,,,
-52.7,47.56666666666667,ST JOHN'S,8403500,8403500.1950.12.16,1950-12-16 00:00:00,NL,1950,12,16,5.6,,1.1,,10,,0,,0,,0,,,,,,,,0,,12.4,,,,,
-52.7,47.56666666666667,ST JOHN'S,8403500,8403500.1950.12.17,1950-12-17 00:00:00,NL,1950,12,17,3.6,,-1.7,,8.9,,36.1,,36.1,,0,,,,,,,,0,,14.4,,,,,
-52.7,47.56666666666667,ST JOHN'S,8403500,8403500.1950.12.18,1950-12-18 00:00:00,NL,1950,12,18,4.8,,0.6,,8.9,,0.8,,0.8,,0,,,,,,,,0,,13.2,,,,,
-52.7,47.56666666666667,ST JOHN'S,8403500,8403500.1950.12.19,1950-12-19 00:00:00,NL,1950,12,19,0,,-1.1,,1.1,,0,,0,,0,,,,,,,,0,,18,,,,,
-52.7,47.56666666666667,ST JOHN'S,8403500,8403500.1950.12.20,1950-12-20 00:00:00,NL,1950,12,20,-1.1,,-3.3,,1.1,,11.2,,11.2,,0,,,,,,,,0,,19.1,,,,,
-52.7,47.56666666666667,ST JOHN'S,8403500,8403500.1950.12.21,1950-12-21 00:00:00,NL,1950,12,21,-2.5,,-5.6,,0.6,,0,,0,,0,,,,,,,,0,,20.5,,,,,
-52.7,47.56666666666667,ST JOHN'S,8403500,8403500.1950.12.22,1950-12-22 00:00:00,NL,1950,12,22,-0.3,,-5.6,,5,,0,,0,,0,,,,,,,,0,,18.3,,,,,
-52.7,47.56666666666667,ST JOHN'S,8403500,8403500.1950.12.23,1950-12-23 00:00:00,NL,1950,12,23,,M,,M,,M,13.5,,5.8,,7.6,,,,,,,,,M,,M,,,,
-52.7,47.56666666666667,ST JOHN'S,8403500,8403500.1950.12.24,1950-12-24 00:00:00,NL,1950,12,24,,M,,M,,M,0,,0,,0,,,,,,,,,M,,M,,,,
-52.7,47.56666666666667,ST JOHN'S,8403500,8403500.1950.12.25,1950-12-25 00:00:00,NL,1950,12,25,,M,,M,,M,0,,0,,0,,,,,,,,,M,,M,,,,
-52.7,47.56666666666667,ST JOHN'S,8403500,8403500.1950.12.26,1950-12-26 00:00:00,NL,1950,12,26,,M,,M,,M,0,,0,,0,,,,,,,,,M,,M,,,,
-52.7,47.56666666666667,ST JOHN'S,8403500,8403500.1950.12.27,1950-12-27 00:00:00,NL,1950,12,27,,M,,M,,M,0,,0,,0,,,,,,,,,M,,M,,,,
-52.7,47.56666666666667,ST JOHN'S,8403500,8403500.1950.12.28,1950-12-28 00:00:00,NL,1950,12,28,-2.8,,-5,,-0.6,,0,,0,,0,,,,,,,,0,,20.8,,,,,
-52.7,47.56666666666667,ST JOHN'S,8403500,8403500.1950.12.29,1950-12-29 00:00:00,NL,1950,12,29,-2,,-6.1,,2.2,,0,,0,,0,,,,,,,,0,,20,,,,,
-52.7,47.56666666666667,ST JOHN'S,8403500,8403500.1950.12.30,1950-12-30 00:00:00,NL,1950,12,30,2.5,,-1.1,,6.1,,0,,0,,0,,,,,,,,0,,15.5,,,,,
-52.7,47.56666666666667,ST JOHN'S,8403500,8403500.1950.12.31,1950-12-31 00:00:00,NL,1950,12,31,2.5,,1.7,,3.3,,1.8,,1.8,,0,,,,,,,,0,,15.5,,,,,
-52.7,47.56666666666667,ST JOHN'S,8403500,8403500.1951.1.1,1951-01-01 00:00:00,NL,1951,1,1,0.3,,-0.6,,1.1,,0,,0,,0,,,,,,,,0,,17.7,,,,,
-52.7,47.56666666666667,ST JOHN'S,8403500,8403500.1951.1.2,1951-01-02 00:00:00,NL,1951,1,2,-0.3,,-2.8,,2.2,,0,T,0,,0,T,,,,,,,0,,18.3,,,,,
-52.7,47.56666666666667,ST JOHN'S,8403500,8403500.1951.1.3,1951-01-03 00:00:00,NL,1951,1,3,1.4,,-3.3,,6.1,,0.3,,0,,0.3,,,,,,,,0,,16.6,,,,,
-52.7,47.56666666666667,ST JOHN'S,8403500,8403500.1951.1.4,1951-01-04 00:00:00,NL,1951,1,4,7.5,,1.7,,13.3,,11.4,,11.4,,0,,,,,,,,0,,10.5,,,,,
-52.7,47.56666666666667,ST JOHN'S,8403500,8403500.1951.1.5,1951-01-05 00:00:00,NL,1951,1,5,4.8,,-1.1,,10.6,,11.2,,11.2,,0,,,,,,,,0,,13.2,,,,,
-52.7,47.56666666666667,ST JOHN'S,8403500,8403500.1951.1.6,1951-01-06 00:00:00,NL,1951,1,6,-4.5,,-6.7,,-2.2,,0,,0,,0,,,,,,,,0,,22.5,,,,,
-52.7,47.56666666666667,ST JOHN'S,8403500,8403500.1951.1.7,1951-01-07 00:00:00,NL,1951,1,7,-2.5,,-7.8,,2.8,,0.3,,0.3,,0,,,,,,,,0,,20.5,,,,,
-52.7,47.56666666666667,ST JOHN'S,8403500,8403500.1951.1.8,1951-01-08 00:00:00,NL,1951,1,8,0.6,,-9.4,,10.6,,7.6,,7.6,,0,,,,,,,,0,,17.4,,,,,
-52.7,47.56666666666667,ST JOHN'S,8403500,8403500.1951.1.9,1951-01-09 00:00:00,NL,1951,1,9,-0.8,,-2.2,,0.6,,18.5,,10.2,,8.4,,,,,,,,0,,18.8,,,,,
-52.7,47.56666666666667,ST JOHN'S,8403500,8403500.1951.1.10,1951-01-10 00:00:00,NL,1951,1,10,-3.7,,-5.6,,-1.7,,0,,0,,0,,,,,,,,0,,21.7,,,,,
-52.7,47.56666666666667,ST JOHN'S,8403500,8403500.1951.1.11,1951-01-11 00:00:00,NL,1951,1,11,-1.4,,-6.1,,3.3,,0,,0,,0,,,,,,,,0,,19.4,,,,,
-52.7,47.56666666666667,ST JOHN'S,8403500,8403500.1951.1.12,1951-01-12 00:00:00,NL,1951,1,12,-1.2,,-1.7,,-0.6,,0,,0,,0,,,,,,,,0,,19.2,,,,,
-52.7,47.56666666666667,ST JOHN'S,8403500,8403500.1951.1.13,1951-01-13 00:00:00,NL,1951,1,13,-2.3,,-2.8,,-1.7,,3.6,,0,T,3.6,,,,,,,,0,,20.3,,,,,
-52.7,47.56666666666667,ST JOHN'S,8403500,8403500.1951.1.14,1951-01-14 00:00:00,NL,1951,1,14,-5,,-6.7,,-3.3,,22.9,,0,,22.9,,,,,,,,0,,23,,,,,
-52.7,47.56666666666667,ST JOHN'S,8403500,8403500.1951.1.15,1951-01-15 00:00:00,NL,1951,1,15,-4.2,,-11.1,,2.8,,0,,0,,0,,,,,,,,0,,22.2,,,,,
-52.7,47.56666666666667,ST JOHN'S,8403500,8403500.1951.1.16,1951-01-16 00:00:00,NL,1951,1,16,-1.7,,-8.3,,5,,8.1,,5.6,,2.5,,,,,,,,0,,19.7,,,,,
-52.7,47.56666666666667,ST JOHN'S,8403500,8403500.1951.1.17,1951-01-17 00:00:00,NL,1951,1,17,1.1,,0,,2.2,,0,,0,,0,,,,,,,,0,,16.9,,,,,
-52.7,47.56666666666667,ST JOHN'S,8403500,8403500.1951.1.18,1951-01-18 00:00:00,NL,1951,1,18,-3.7,,-6.7,,-0.6,,7.1,,3.3,,3.8,,,,,,,,0,,21.7,,,,,
-52.7,47.56666666666667,ST JOHN'S,8403500,8403500.1951.1.19,1951-01-19 00:00:00,NL,1951,1,19,0.9,,-2.2,,3.9,,0,,0,,0,,,,,,,,0,,17.1,,,,,
-52.7,47.56666666666667,ST JOHN'S,8403500,8403500.1951.1.20,1951-01-20 00:00:00,NL,1951,1,20,0.6,,-2.8,,3.9,,0.8,,0.8,,0,,,,,,,,0,,17.4,,,,,
-52.7,47.56666666666667,ST JOHN'S,8403500,8403500.1951.1.21,1951-01-21 00:00:00,NL,1951,1,21,3.6,,-3.9,,11.1,,0.5,,0.5,,0,,,,,,,,0,,14.4,,,,,
-52.7,47.56666666666667,ST JOHN'S,8403500,8403500.1951.1.22,1951-01-22 00:00:00,NL,1951,1,22,4.2,,-2.2,,10.6,,2,,2,,0,,,,,,,,0,,13.8,,,,,
-52.7,47.56666666666667,ST JOHN'S,8403500,8403500.1951.1.23,1951-01-23 00:00:00,NL,1951,1,23,-7.5,,-8.9,,-6.1,,0,,0,,0,,,,,,,,0,,25.5,,,,,
-52.7,47.56666666666667,ST JOHN'S,8403500,8403500.1951.1.24,1951-01-24 00:00:00,NL,1951,1,24,-2.2,,-10,,5.6,,0,,0,,0,,,,,,,,0,,20.2,,,,,
-52.7,47.56666666666667,ST JOHN'S,8403500,8403500.1951.1.25,1951-01-25 00:00:00,NL,1951,1,25,2.5,,-8.3,,13.3,,6.4,,6.4,,0,,,,,,,,0,,15.5,,,,,
-52.7,47.56666666666667,ST JOHN'S,8403500,8403500.1951.1.26,1951-01-26 00:00:00,NL,1951,1,26,11.1,,8.9,,13.3,,38.9,,38.9,,0,,,,,,,,0,,6.9,,,,,
-52.7,47.56666666666667,ST JOHN'S,8403500,8403500.1951.1.27,1951-01-27 00:00:00,NL,1951,1,27,2.5,,-1.1,,6.1,,14.5,,14.5,,0,,,,,,,,0,,15.5,,,,,
-52.7,47.56666666666667,ST JOHN'S,8403500,8403500.1951.1.28,1951-01-28 00:00:00,NL,1951,1,28,-2,,-3.3,,-0.6,,0.3,,0,,0.3,,,,,,,,0,,20,,,,,
-52.7,47.56666666666667,ST JOHN'S,8403500,8403500.1951.1.29,1951-01-29 00:00:00,NL,1951,1,29,-3.1,,-5,,-1.1,,0.3,,0,,0.3,,,,,,,,0,,21.1,,,,,
-52.7,47.56666666666667,ST JOHN'S,8403500,8403500.1951.1.30,1951-01-30 00:00:00,NL,1951,1,30,-4.5,,-5.6,,-3.3,,8.1,,0.5,,7.6,,,,,,,,0,,22.5,,,,,
-52.7,47.56666666666667,ST JOHN'S,8403500,8403500.1951.1.31,1951-01-31 00:00:00,NL,1951,1,31,-15,,-18.9,,-11.1,,0,,0,,0,,,,,,,,0,,33,,,,,
-52.7,47.56666666666667,ST JOHN'S,8403500,8403500.1951.2.1,1951-02-01 00:00:00,NL,1951,2,1,-0.9,,-12.8,,11.1,,17.3,,12.2,,5.1,,,,,,,,0,,18.9,,,,,
-52.7,47.56666666666667,ST JOHN'S,8403500,8403500.1951.2.2,1951-02-02 00:00:00,NL,1951,2,2,6.7,,-0.6,,13.9,,7.6,,7.6,,0,,,,,,,,0,,11.3,,,,,
-52.7,47.56666666666667,ST JOHN'S,8403500,8403500.1951.2.3,1951-02-03 00:00:00,NL,1951,2,3,-2.5,,-3.9,,-1.1,,0,,0,,0,,,,,,,,0,,20.5,,,,,
-52.7,47.56666666666667,ST JOHN'S,8403500,8403500.1951.2.4,1951-02-04 00:00:00,NL,1951,2,4,2.5,,-7.8,,12.8,,10.7,,10.7,,0,,,,,,,,0,,15.5,,,,,
-52.7,47.56666666666667,ST JOHN'S,8403500,8403500.1951.2.5,1951-02-05 00:00:00,NL,1951,2,5,-1.1,,-2.2,,0,,1.3,,0,,1.3,,,,,,,,0,,19.1,,,,,
-52.7,47.56666666666667,ST JOHN'S,8403500,8403500.1951.2.6,1951-02-06 00:00:00,NL,1951,2,6,-4.5,,-7.2,,-1.7,,1.8,,0,,1.8,,,,,,,,0,,22.5,,,,,
-52.7,47.56666666666667,ST JOHN'S,8403500,8403500.1951.2.7,1951-02-07 00:00:00,NL,1951,2,7,-5.8,,-13.3,,1.7,,0,,0,,0,,,,,,,,0,,23.8,,,,,
-52.7,47.56666666666667,ST JOHN'S,8403500,8403500.1951.2.8,1951-02-08 00:00:00,NL,1951,2,8,2.3,,-3.3,,7.8,,0,,0,,0,,,,,,,,0,,15.7,,,,,
-52.7,47.56666666666667,ST JOHN'S,8403500,8403500.1951.2.9,1951-02-09 00:00:00,NL,1951,2,9,-1.4,,-3.9,,1.1,,0,,0,,0,,,,,,,,0,,19.4,,,,,
-52.7,47.56666666666667,ST JOHN'S,8403500,8403500.1951.2.10,1951-02-10 00:00:00,NL,1951,2,10,-4.5,,-7.8,,-1.1,,0,,0,,0,,,,,,,,0,,22.5,,,,,
-52.7,47.56666666666667,ST JOHN'S,8403500,8403500.1951.2.11,1951-02-11 00:00:00,NL,1951,2,11,-4.2,,-8.9,,0.6,,8.6,,1,,7.6,,,,,,,,0,,22.2,,,,,
-52.7,47.56666666666667,ST JOHN'S,8403500,8403500.1951.2.12,1951-02-12 00:00:00,NL,1951,2,12,1.4,,-3.9,,6.7,,19.6,,19.6,,0,,,,,,,,0,,16.6,,,,,
-52.7,47.56666666666667,ST JOHN'S,8403500,8403500.1951.2.13,1951-02-13 00:00:00,NL,1951,2,13,1.2,,0.6,,1.7,,0,,0,,0,,,,,,,,0,,16.8,,,,,
-52.7,47.56666666666667,ST JOHN'S,8403500,8403500.1951.2.14,1951-02-14 00:00:00,NL,1951,2,14,-0.8,,-2.2,,0.6,,17.8,,0,,17.8,,,,,,,,0,,18.8,,,,,
-52.7,47.56666666666667,ST JOHN'S,8403500,8403500.1951.2.15,1951-02-15 00:00:00,NL,1951,2,15,-11.4,,-12.2,,-10.6,,0,,0,,0,,,,,,,,0,,29.4,,,,,
-52.7,47.56666666666667,ST JOHN'S,8403500,8403500.1951.2.16,1951-02-16 00:00:00,NL,1951,2,16,-7.8,,-13.3,,-2.2,,0,,0,,0,,,,,,,,0,,25.8,,,,,
-52.7,47.56666666666667,ST JOHN'S,8403500,8403500.1951.2.17,1951-02-17 00:00:00,NL,1951,2,17,-2.8,,-7.8,,2.2,,0,,0,,0,,,,,,,,0,,20.8,,,,,
-52.7,47.56666666666667,ST JOHN'S,8403500,8403500.1951.2.18,1951-02-18 00:00:00,NL,1951,2,18,-2.5,,-6.7,,1.7,,0,,0,,0,,,,,,,,0,,20.5,,,,,
-52.7,47.56666666666667,ST JOHN'S,8403500,8403500.1951.2.19,1951-02-19 00:00:00,NL,1951,2,19,-3.3,,-4.4,,-2.2,,0,,0,,0,,,,,,,,0,,21.3,,,,,
-52.7,47.56666666666667,ST JOHN'S,8403500,8403500.1951.2.20,1951-02-20 00:00:00,NL,1951,2,20,-2.5,,-4.4,,-0.6,,0,,0,,0,,,,,,,,0,,20.5,,,,,
-52.7,47.56666666666667,ST JOHN'S,8403500,8403500.1951.2.21,1951-02-21 00:00:00,NL,1951,2,21,-0.8,,-2.2,,0.6,,0,,0,,0,,,,,,,,0,,18.8,,,,,
-52.7,47.56666666666667,ST JOHN'S,8403500,8403500.1951.2.22,1951-02-22 00:00:00,NL,1951,2,22,0.6,,-2.8,,3.9,,0,,0,,0,,,,,,,,0,,17.4,,,,,
-52.7,47.56666666666667,ST JOHN'S,8403500,8403500.1951.2.23,1951-02-23 00:00:00,NL,1951,2,23,2.8,,1.7,,3.9,,11.9,,11.9,,0,,,,,,,,0,,15.2,,,,,
-52.7,47.56666666666667,ST JOHN'S,8403500,8403500.1951.2.24,1951-02-24 00:00:00,NL,1951,2,24,3.6,,2.2,,5,,7.6,,7.6,,0,,,,,,,,0,,14.4,,,,,
-52.7,47.56666666666667,ST JOHN'S,8403500,8403500.1951.2.25,1951-02-25 00:00:00,NL,1951,2,25,5.9,,1.7,,10,,18.3,,18.3,,0,,,,,,,,0,,12.1,,,,,
-52.7,47.56666666666667,ST JOHN'S,8403500,8403500.1951.2.26,1951-02-26 00:00:00,NL,1951,2,26,4.2,,2.2,,6.1,,3.8,,3.8,,0,,,,,,,,0,,13.8,,,,,
-52.7,47.56666666666667,ST JOHN'S,8403500,8403500.1951.2.27,1951-02-27 00:00:00,NL,1951,2,27,3.6,,0,,7.2,,1.8,,1.8,,0,,,,,,,,0,,14.4,,,,,
-52.7,47.56666666666667,ST JOHN'S,8403500,8403500.1951.2.28,1951-02-28 00:00:00,NL,1951,2,28,-1.1,,-2.8,,0.6,,41.9,,3.8,,38.1,,,,,,,,0,,19.1,,,,,
-52.7,47.56666666666667,ST JOHN'S,8403500,8403500.1951.3.1,1951-03-01 00:00:00,NL,1951,3,1,-5.6,,-6.7,,-4.4,,6.4,,0,T,6.4,,,,,,,,0,,23.6,,,,,
-52.7,47.56666666666667,ST JOHN'S,8403500,8403500.1951.3.2,1951-03-02 00:00:00,NL,1951,3,2,-6.4,,-8.9,,-3.9,,0.5,,0.5,,0,,,,,,,,0,,24.4,,,,,
-52.7,47.56666666666667,ST JOHN'S,8403500,8403500.1951.3.3,1951-03-03 00:00:00,NL,1951,3,3,-5.6,,-8.9,,-2.2,,0,,0,,0,,,,,,,,0,,23.6,,,,,
-52.7,47.56666666666667,ST JOHN'S,8403500,8403500.1951.3.4,1951-03-04 00:00:00,NL,1951,3,4,-2.5,,-6.1,,1.1,,0,,0,,0,,,,,,,,0,,20.5,,,,,
-52.7,47.56666666666667,ST JOHN'S,8403500,8403500.1951.3.5,1951-03-05 00:00:00,NL,1951,3,5,0.3,,-2.2,,2.8,,13.2,,13.2,,0,,,,,,,,0,,17.7,,,,,
-52.7,47.56666666666667,ST JOHN'S,8403500,8403500.1951.3.6,1951-03-06 00:00:00,NL,1951,3,6,2,,0.6,,3.3,,11.2,,3.6,,7.6,,,,,,,,0,,16,,,,,
-52.7,47.56666666666667,ST JOHN'S,8403500,8403500.1951.3.7,1951-03-07 00:00:00,NL,1951,3,7,-0.8,,-2.2,,0.6,,5.1,,2.5,,2.5,,,,,,,,0,,18.8,,,,,
-52.7,47.56666666666667,ST JOHN'S,8403500,8403500.1951.3.8,1951-03-08 00:00:00,NL,1951,3,8,0,,-2.2,,2.2,,7.1,,7.1,,0,,,,,,,,0,,18,,,,,
-52.7,47.56666666666667,ST JOHN'S,8403500,8403500.1951.3.9,1951-03-09 00:00:00,NL,1951,3,9,1.4,,-0.6,,3.3,,9.4,,9.4,,0,,,,,,,,0,,16.6,,,,,
-52.7,47.56666666666667,ST JOHN'S,8403500,8403500.1951.3.10,1951-03-10 00:00:00,NL,1951,3,10,1.1,,-0.6,,2.8,,0,,0,,0,,,,,,,,0,,16.9,,,,,
-52.7,47.56666666666667,ST JOHN'S,8403500,8403500.1951.3.11,1951-03-11 00:00:00,NL,1951,3,11,1.4,,-0.6,,3.3,,1,,1,,0,,,,,,,,0,,16.6,,,,,
-52.7,47.56666666666667,ST JOHN'S,8403500,8403500.1951.3.12,1951-03-12 00:00:00,NL,1951,3,12,1.4,,-1.7,,4.4,,2,,2,,0,,,,,,,,0,,16.6,,,,,
-52.7,47.56666666666667,ST JOHN'S,8403500,8403500.1951.3.13,1951-03-13 00:00:00,NL,1951,3,13,0,,-2.2,,2.2,,0,,0,,0,,,,,,,,0,,18,,,,,
-52.7,47.56666666666667,ST JOHN'S,8403500,8403500.1951.3.14,1951-03-14 00:00:00,NL,1951,3,14,0.6,,-1.1,,2.2,,0,,0,,0,,,,,,,,0,,17.4,,,,,
-52.7,47.56666666666667,ST JOHN'S,8403500,8403500.1951.3.15,1951-03-15 00:00:00,NL,1951,3,15,-1.1,,-5,,2.8,,0,,0,,0,,,,,,,,0,,19.1,,,,,
-52.7,47.56666666666667,ST JOHN'S,8403500,8403500.1951.3.16,1951-03-16 00:00:00,NL,1951,3,16,-1.1,,-2.8,,0.6,,0,,0,,0,,,,,,,,0,,19.1,,,,,
-52.7,47.56666666666667,ST JOHN'S,8403500,8403500.1951.3.17,1951-03-17 00:00:00,NL,1951,3,17,-0.3,,-2.8,,2.2,,0,,0,,0,,,,,,,,0,,18.3,,,,,
-52.7,47.56666666666667,ST JOHN'S,8403500,8403500.1951.3.18,1951-03-18 00:00:00,NL,1951,3,18,-0.8,,-2.2,,0.6,,0,,0,,0,,,,,,,,0,,18.8,,,,,
-52.7,47.56666666666667,ST JOHN'S,8403500,8403500.1951.3.19,1951-03-19 00:00:00,NL,1951,3,19,-1.7,,-3.9,,0.6,,0,,0,,0,,,,,,,,0,,19.7,,,,,
-52.7,47.56666666666667,ST JOHN'S,8403500,8403500.1951.3.20,1951-03-20 00:00:00,NL,1951,3,20,-1.4,,-4.4,,1.7,,1.3,,1.3,,0,,,,,,,,0,,19.4,,,,,
-52.7,47.56666666666667,ST JOHN'S,8403500,8403500.1951.3.21,1951-03-21 00:00:00,NL,1951,3,21,-1.4,,-4.4,,1.7,,11.7,,1.5,,10.2,,,,,,,,0,,19.4,,,,,
-52.7,47.56666666666667,ST JOHN'S,8403500,8403500.1951.3.22,1951-03-22 00:00:00,NL,1951,3,22,-1.2,,-1.7,,-0.6,,22.9,,0,,22.9,,,,,,,,0,,19.2,,,,,
-52.7,47.56666666666667,ST JOHN'S,8403500,8403500.1951.3.23,1951-03-23 00:00:00,NL,1951,3,23,-1.1,,-2.8,,0.6,,0,,0,,0,,,,,,,,0,,19.1,,,,,
-52.7,47.56666666666667,ST JOHN'S,8403500,8403500.1951.3.24,1951-03-24 00:00:00,NL,1951,3,24,1.2,,-3.3,,5.6,,6.6,,6.6,,0,,,,,,,,0,,16.8,,,,,
-52.7,47.56666666666667,ST JOHN'S,8403500,8403500.1951.3.25,1951-03-25 00:00:00,NL,1951,3,25,7.5,,-0.6,,15.6,,24.1,,24.1,,0,,,,,,,,0,,10.5,,,,,
-52.7,47.56666666666667,ST JOHN'S,8403500,8403500.1951.3.26,1951-03-26 00:00:00,NL,1951,3,26,7,,5,,8.9,,14.2,,14.2,,0,,,,,,,,0,,11,,,,,
-52.7,47.56666666666667,ST JOHN'S,8403500,8403500.1951.3.27,1951-03-27 00:00:00,NL,1951,3,27,5.8,,3.3,,8.3,,2.8,,2.8,,0,,,,,,,,0,,12.2,,,,,
-52.7,47.56666666666667,ST JOHN'S,8403500,8403500.1951.3.28,1951-03-28 00:00:00,NL,1951,3,28,4.5,,1.7,,7.2,,0.5,,0.5,,0,,,,,,,,0,,13.5,,,,,
-52.7,47.56666666666667,ST JOHN'S,8403500,8403500.1951.3.29,1951-03-29 00:00:00,NL,1951,3,29,3.7,,1.7,,5.6,,2,,2,,0,,,,,,,,0,,14.3,,,,,
-52.7,47.56666666666667,ST JOHN'S,8403500,8403500.1951.3.30,1951-03-30 00:00:00,NL,1951,3,30,4.2,,1.7,,6.7,,1.3,,1.3,,0,,,,,,,,0,,13.8,,,,,
-52.7,47.56666666666667,ST JOHN'S,8403500,8403500.1951.3.31,1951-03-31 00:00:00,NL,1951,3,31,3.1,,2.2,,3.9,,0,,0,,0,,,,,,,,0,,14.9,,,,,
-52.7,47.56666666666667,ST JOHN'S,8403500,8403500.1951.4.1,1951-04-01 00:00:00,NL,1951,4,1,2.2,,0,,4.4,,0,,0,,0,,,,,,,,0,,15.8,,,,,
-52.7,47.56666666666667,ST JOHN'S,8403500,8403500.1951.4.2,1951-04-02 00:00:00,NL,1951,4,2,2.3,,0.6,,3.9,,2.5,,2.5,,0,,,,,,,,0,,15.7,,,,,
-52.7,47.56666666666667,ST JOHN'S,8403500,8403500.1951.4.3,1951-04-03 00:00:00,NL,1951,4,3,2.5,,0,,5,,0.5,,0.5,,0,,,,,,,,0,,15.5,,,,,
-52.7,47.56666666666667,ST JOHN'S,8403500,8403500.1951.4.4,1951-04-04 00:00:00,NL,1951,4,4,5,,1.7,,8.3,,0,,0,,0,,,,,,,,0,,13,,,,,
-52.7,47.56666666666667,ST JOHN'S,8403500,8403500.1951.4.5,1951-04-05 00:00:00,NL,1951,4,5,5.3,,1.1,,9.4,,7.6,,7.6,,0,,,,,,,,0,,12.7,,,,,
-52.7,47.56666666666667,ST JOHN'S,8403500,8403500.1951.4.6,1951-04-06 00:00:00,NL,1951,4,6,6.9,,4.4,,9.4,,4.8,,4.8,,0,,,,,,,,0,,11.1,,,,,
-52.7,47.56666666666667,ST JOHN'S,8403500,8403500.1951.4.7,1951-04-07 00:00:00,NL,1951,4,7,7,,3.3,,10.6,,6.9,,6.9,,0,,,,,,,,0,,11,,,,,
-52.7,47.56666666666667,ST JOHN'S,8403500,8403500.1951.4.8,1951-04-08 00:00:00,NL,1951,4,8,5.3,,2.8,,7.8,,2.3,,2.3,,0,,,,,,,,0,,12.7,,,,,
-52.7,47.56666666666667,ST JOHN'S,8403500,8403500.1951.4.9,1951-04-09 00:00:00,NL,1951,4,9,6.7,,3.3,,10,,0,,0,,0,,,,,,,,0,,11.3,,,,,
-52.7,47.56666666666667,ST JOHN'S,8403500,8403500.1951.4.10,1951-04-10 00:00:00,NL,1951,4,10,5,,2.2,,7.8,,42.4,,42.4,,0,,,,,,,,0,,13,,,,,
-52.7,47.56666666666667,ST JOHN'S,8403500,8403500.1951.4.11,1951-04-11 00:00:00,NL,1951,4,11,4.5,,3.3,,5.6,,79.8,,79.8,,0,,,,,,,,0,,13.5,,,,,
-52.7,47.56666666666667,ST JOHN'S,8403500,8403500.1951.4.12,1951-04-12 00:00:00,NL,1951,4,12,4.5,,3.3,,5.6,,40.4,,40.4,,0,,,,,,,,0,,13.5,,,,,
-52.7,47.56666666666667,ST JOHN'S,8403500,8403500.1951.4.13,1951-04-13 00:00:00,NL,1951,4,13,2.5,,1.7,,3.3,,6.4,,6.4,,0,,,,,,,,0,,15.5,,,,,
-52.7,47.56666666666667,ST JOHN'S,8403500,8403500.1951.4.14,1951-04-14 00:00:00,NL,1951,4,14,3.1,,1.7,,4.4,,3.3,,3.3,,0,,,,,,,,0,,14.9,,,,,
-52.7,47.56666666666667,ST JOHN'S,8403500,8403500.1951.4.15,1951-04-15 00:00:00,NL,1951,4,15,4.5,,1.1,,7.8,,0.5,,0.5,,0,,,,,,,,0,,13.5,,,,,
-52.7,47.56666666666667,ST JOHN'S,8403500,8403500.1951.4.16,1951-04-16 00:00:00,NL,1951,4,16,6.7,,3.3,,10,,1,,1,,0,,,,,,,,0,,11.3,,,,,
-52.7,47.56666666666667,ST JOHN'S,8403500,8403500.1951.4.17,1951-04-17 00:00:00,NL,1951,4,17,5,,2.8,,7.2,,5.6,,5.6,,0,,,,,,,,0,,13,,,,,
-52.7,47.56666666666667,ST JOHN'S,8403500,8403500.1951.4.18,1951-04-18 00:00:00,NL,1951,4,18,6.4,,4.4,,8.3,,0,,0,,0,,,,,,,,0,,11.6,,,,,
-52.7,47.56666666666667,ST JOHN'S,8403500,8403500.1951.4.19,1951-04-19 00:00:00,NL,1951,4,19,6.2,,1.7,,10.6,,3.8,,3.8,,0,,,,,,,,0,,11.8,,,,,
-52.7,47.56666666666667,ST JOHN'S,8403500,8403500.1951.4.20,1951-04-20 00:00:00,NL,1951,4,20,6.7,,2.8,,10.6,,34,,26.4,,7.6,,,,,,,,0,,11.3,,,,,
-52.7,47.56666666666667,ST JOHN'S,8403500,8403500.1951.4.21,1951-04-21 00:00:00,NL,1951,4,21,2,,0,,3.9,,0,,0,,0,,,,,,,,0,,16,,,,,
-52.7,47.56666666666667,ST JOHN'S,8403500,8403500.1951.4.22,1951-04-22 00:00:00,NL,1951,4,22,3.1,,-1.7,,7.8,,0,,0,,0,,,,,,,,0,,14.9,,,,,
-52.7,47.56666666666667,ST JOHN'S,8403500,8403500.1951.4.23,1951-04-23 00:00:00,NL,1951,4,23,4.5,,-1.1,,10,,0,,0,,0,,,,,,,,0,,13.5,,,,,
-52.7,47.56666666666667,ST JOHN'S,8403500,8403500.1951.4.24,1951-04-24 00:00:00,NL,1951,4,24,7.2,,3.3,,11.1,,5.3,,5.3,,0,,,,,,,,0,,10.8,,,,,
-52.7,47.56666666666667,ST JOHN'S,8403500,8403500.1951.4.25,1951-04-25 00:00:00,NL,1951,4,25,6.2,,1.7,,10.6,,0,,0,,0,,,,,,,,0,,11.8,,,,,
-52.7,47.56666666666667,ST JOHN'S,8403500,8403500.1951.4.26,1951-04-26 00:00:00,NL,1951,4,26,4.4,,-0.6,,9.4,,5.1,,0,,5.1,,,,,,,,0,,13.6,,,,,
-52.7,47.56666666666667,ST JOHN'S,8403500,8403500.1951.4.27,1951-04-27 00:00:00,NL,1951,4,27,0.3,,0,,0.6,,17.8,,0,,17.8,,,,,,,,0,,17.7,,,,,
-52.7,47.56666666666667,ST JOHN'S,8403500,8403500.1951.4.28,1951-04-28 00:00:00,NL,1951,4,28,1.4,,-0.6,,3.3,,0.5,,0,,0.5,,,,,,,,0,,16.6,,,,,
-52.7,47.56666666666667,ST JOHN'S,8403500,8403500.1951.4.29,1951-04-29 00:00:00,NL,1951,4,29,5.8,,-0.6,,12.2,,7.1,,7.1,,0,,,,,,,,0,,12.2,,,,,
-52.7,47.56666666666667,ST JOHN'S,8403500,8403500.1951.4.30,1951-04-30 00:00:00,NL,1951,4,30,5.6,,2.8,,8.3,,12.7,,12.4,,0.3,,,,,,,,0,,12.4,,,,,
-52.7,47.56666666666667,ST JOHN'S,8403500,8403500.1951.5.1,1951-05-01 00:00:00,NL,1951,5,1,0.3,,-0.6,,1.1,,0.8,,0,T,0.8,,,,,,,,0,,17.7,,,,,
-52.7,47.56666666666667,ST JOHN'S,8403500,8403500.1951.5.2,1951-05-02 00:00:00,NL,1951,5,2,2.5,,-0.6,,5.6,,5.8,,0,T,5.8,,,,,,,,0,,15.5,,,,,
-52.7,47.56666666666667,ST JOHN'S,8403500,8403500.1951.5.3,1951-05-03 00:00:00,NL,1951,5,3,2.2,,-0.6,,5,,9.9,,8.6,,1.3,,,,,,,,0,,15.8,,,,,
-52.7,47.56666666666667,ST JOHN'S,8403500,8403500.1951.5.4,1951-05-04 00:00:00,NL,1951,5,4,4.5,,0,,8.9,,1.8,,1.8,,0,,,,,,,,0,,13.5,,,,,
-52.7,47.56666666666667,ST JOHN'S,8403500,8403500.1951.5.5,1951-05-05 00:00:00,NL,1951,5,5,6.2,,0.6,,11.7,,0,,0,,0,,,,,,,,0,,11.8,,,,,
-52.7,47.56666666666667,ST JOHN'S,8403500,8403500.1951.5.6,1951-05-06 00:00:00,NL,1951,5,6,5.9,,1.7,,10,,0,,0,,0,,,,,,,,0,,12.1,,,,,
-52.7,47.56666666666667,ST JOHN'S,8403500,8403500.1951.5.7,1951-05-07 00:00:00,NL,1951,5,7,6.1,,0,,12.2,,3.6,,3.6,,0,,,,,,,,0,,11.9,,,,,
-52.7,47.56666666666667,ST JOHN'S,8403500,8403500.1951.5.8,1951-05-08 00:00:00,NL,1951,5,8,8.3,,2.2,,14.4,,0,,0,,0,,,,,,,,0,,9.7,,,,,
-52.7,47.56666666666667,ST JOHN'S,8403500,8403500.1951.5.9,1951-05-09 00:00:00,NL,1951,5,9,8.4,,2.8,,13.9,,0,,0,,0,,,,,,,,0,,9.6,,,,,
-52.7,47.56666666666667,ST JOHN'S,8403500,8403500.1951.5.10,1951-05-10 00:00:00,NL,1951,5,10,9.2,,4.4,,13.9,,3.3,,3.3,,0,,,,,,,,0,,8.8,,,,,
-52.7,47.56666666666667,ST JOHN'S,8403500,8403500.1951.5.11,1951-05-11 00:00:00,NL,1951,5,11,8.6,,3.3,,13.9,,0,,0,,0,,,,,,,,0,,9.4,,,,,
-52.7,47.56666666666667,ST JOHN'S,8403500,8403500.1951.5.12,1951-05-12 00:00:00,NL,1951,5,12,7,,0,,13.9,,0.8,,0.8,,0,,,,,,,,0,,11,,,,,
-52.7,47.56666666666667,ST JOHN'S,8403500,8403500.1951.5.13,1951-05-13 00:00:00,NL,1951,5,13,11.1,,4.4,,17.8,,3.3,,3.3,,0,,,,,,,,0,,6.9,,,,,
-52.7,47.56666666666667,ST JOHN'S,8403500,8403500.1951.5.14,1951-05-14 00:00:00,NL,1951,5,14,8.9,,5,,12.8,,0,T,0,T,0,,,,,,,,0,,9.1,,,,,
-52.7,47.56666666666667,ST JOHN'S,8403500,8403500.1951.5.15,1951-05-15 00:00:00,NL,1951,5,15,9.2,,1.7,,16.7,,0,,0,,0,,,,,,,,0,,8.8,,,,,
-52.7,47.56666666666667,ST JOHN'S,8403500,8403500.1951.5.16,1951-05-16 00:00:00,NL,1951,5,16,8.4,,1.7,,15,,1.8,,1.8,,0,,,,,,,,0,,9.6,,,,,
-52.7,47.56666666666667,ST JOHN'S,8403500,8403500.1951.5.17,1951-05-17 00:00:00,NL,1951,5,17,7,,3.3,,10.6,,0,,0,,0,,,,,,,,0,,11,,,,,
-52.7,47.56666666666667,ST JOHN'S,8403500,8403500.1951.5.18,1951-05-18 00:00:00,NL,1951,5,18,6.1,,-1.7,,13.9,,0,,0,,0,,,,,,,,0,,11.9,,,,,
-52.7,47.56666666666667,ST JOHN'S,8403500,8403500.1951.5.19,1951-05-19 00:00:00,NL,1951,5,19,10.6,,2.8,,18.3,,0,,0,,0,,,,,,,,0,,7.4,,,,,
-52.7,47.56666666666667,ST JOHN'S,8403500,8403500.1951.5.20,1951-05-20 00:00:00,NL,1951,5,20,6.7,,0.6,,12.8,,0,,0,,0,,,,,,,,0,,11.3,,,,,
-52.7,47.56666666666667,ST JOHN'S,8403500,8403500.1951.5.21,1951-05-21 00:00:00,NL,1951,5,21,3.9,,1.1,,6.7,,0,,0,,0,,,,,,,,0,,14.1,,,,,
-52.7,47.56666666666667,ST JOHN'S,8403500,8403500.1951.5.22,1951-05-22 00:00:00,NL,1951,5,22,9.2,,2.8,,15.6,,0,,0,,0,,,,,,,,0,,8.8,,,,,
-52.7,47.56666666666667,ST JOHN'S,8403500,8403500.1951.5.23,1951-05-23 00:00:00,NL,1951,5,23,15,,5,,25,,0,,0,,0,,,,,,,,0,,3,,,,,
-52.7,47.56666666666667,ST JOHN'S,8403500,8403500.1951.5.24,1951-05-24 00:00:00,NL,1951,5,24,16.1,,7.2,,25,,0,,0,,0,,,,,,,,0,,1.9,,,,,
-52.7,47.56666666666667,ST JOHN'S,8403500,8403500.1951.5.25,1951-05-25 00:00:00,NL,1951,5,25,13.1,,2.8,,23.3,,0,,0,,0,,,,,,,,0,,4.9,,,,,
-52.7,47.56666666666667,ST JOHN'S,8403500,8403500.1951.5.26,1951-05-26 00:00:00,NL,1951,5,26,15.3,,6.1,,24.4,,0,,0,,0,,,,,,,,0,,2.7,,,,,
-52.7,47.56666666666667,ST JOHN'S,8403500,8403500.1951.5.27,1951-05-27 00:00:00,NL,1951,5,27,8.9,,3.3,,14.4,,0,,0,,0,,,,,,,,0,,9.1,,,,,
-52.7,47.56666666666667,ST JOHN'S,8403500,8403500.1951.5.28,1951-05-28 00:00:00,NL,1951,5,28,4.2,,1.1,,7.2,,0,,0,,0,,,,,,,,0,,13.8,,,,,
-52.7,47.56666666666667,ST JOHN'S,8403500,8403500.1951.5.29,1951-05-29 00:00:00,NL,1951,5,29,3.9,,0,,7.8,,0,,0,,0,,,,,,,,0,,14.1,,,,,
-52.7,47.56666666666667,ST JOHN'S,8403500,8403500.1951.5.30,1951-05-30 00:00:00,NL,1951,5,30,5.3,,2.2,,8.3,,17.3,,17.3,,0,,,,,,,,0,,12.7,,,,,
-52.7,47.56666666666667,ST JOHN'S,8403500,8403500.1951.5.31,1951-05-31 00:00:00,NL,1951,5,31,7.8,,3.3,,12.2,,6.1,,6.1,,0,,,,,,,,0,,10.2,,,,,
-52.7,47.56666666666667,ST JOHN'S,8403500,8403500.1951.6.1,1951-06-01 00:00:00,NL,1951,6,1,12.2,,10,,14.4,,2,,2,,0,,,,,,,,0,,5.8,,,,,
-52.7,47.56666666666667,ST JOHN'S,8403500,8403500.1951.6.2,1951-06-02 00:00:00,NL,1951,6,2,14.7,,10,,19.4,,2.3,,2.3,,0,,,,,,,,0,,3.3,,,,,
-52.7,47.56666666666667,ST JOHN'S,8403500,8403500.1951.6.3,1951-06-03 00:00:00,NL,1951,6,3,11.7,,7.8,,15.6,,0,,0,,0,,,,,,,,0,,6.3,,,,,
-52.7,47.56666666666667,ST JOHN'S,8403500,8403500.1951.6.4,1951-06-04 00:00:00,NL,1951,6,4,10.3,,6.7,,13.9,,0,,0,,0,,,,,,,,0,,7.7,,,,,
-52.7,47.56666666666667,ST JOHN'S,8403500,8403500.1951.6.5,1951-06-05 00:00:00,NL,1951,6,5,7.8,,4.4,,11.1,,0,,0,,0,,,,,,,,0,,10.2,,,,,
-52.7,47.56666666666667,ST JOHN'S,8403500,8403500.1951.6.6,1951-06-06 00:00:00,NL,1951,6,6,10.3,,6.1,,14.4,,0,,0,,0,,,,,,,,0,,7.7,,,,,
-52.7,47.56666666666667,ST JOHN'S,8403500,8403500.1951.6.7,1951-06-07 00:00:00,NL,1951,6,7,13.6,,6.1,,21.1,,0,,0,,0,,,,,,,,0,,4.4,,,,,
-52.7,47.56666666666667,ST JOHN'S,8403500,8403500.1951.6.8,1951-06-08 00:00:00,NL,1951,6,8,6.7,,1.1,,12.2,,0.8,,0.8,,0,,,,,,,,0,,11.3,,,,,
-52.7,47.56666666666667,ST JOHN'S,8403500,8403500.1951.6.9,1951-06-09 00:00:00,NL,1951,6,9,7.8,,5.6,,10,,1,,1,,0,,,,,,,,0,,10.2,,,,,
-52.7,47.56666666666667,ST JOHN'S,8403500,8403500.1951.6.10,1951-06-10 00:00:00,NL,1951,6,10,5.6,,3.3,,7.8,,2.5,,2.5,,0,,,,,,,,0,,12.4,,,,,
-52.7,47.56666666666667,ST JOHN'S,8403500,8403500.1951.6.11,1951-06-11 00:00:00,NL,1951,6,11,5.9,,3.9,,7.8,,0.5,,0.5,,0,,,,,,,,0,,12.1,,,,,
-52.7,47.56666666666667,ST JOHN'S,8403500,8403500.1951.6.12,1951-06-12 00:00:00,NL,1951,6,12,5.8,,3.3,,8.3,,0,,0,,0,,,,,,,,0,,12.2,,,,,
-52.7,47.56666666666667,ST JOHN'S,8403500,8403500.1951.6.13,1951-06-13 00:00:00,NL,1951,6,13,6.4,,0,,12.8,,0,,0,,0,,,,,,,,0,,11.6,,,,,
-52.7,47.56666666666667,ST JOHN'S,8403500,8403500.1951.6.14,1951-06-14 00:00:00,NL,1951,6,14,8.1,,1.7,,14.4,,0,,0,,0,,,,,,,,0,,9.9,,,,,
-52.7,47.56666666666667,ST JOHN'S,8403500,8403500.1951.6.15,1951-06-15 00:00:00,NL,1951,6,15,9.2,,2.2,,16.1,,0,,0,,0,,,,,,,,0,,8.8,,,,,
-52.7,47.56666666666667,ST JOHN'S,8403500,8403500.1951.6.16,1951-06-16 00:00:00,NL,1951,6,16,8.1,,3.9,,12.2,,7.6,,7.6,,0,,,,,,,,0,,9.9,,,,,
-52.7,47.56666666666667,ST JOHN'S,8403500,8403500.1951.6.17,1951-06-17 00:00:00,NL,1951,6,17,11.4,,7.8,,15,,0,,0,,0,,,,,,,,0,,6.6,,,,,
-52.7,47.56666666666667,ST JOHN'S,8403500,8403500.1951.6.18,1951-06-18 00:00:00,NL,1951,6,18,13.7,,10.6,,16.7,,0,,0,,0,,,,,,,,0,,4.3,,,,,
-52.7,47.56666666666667,ST JOHN'S,8403500,8403500.1951.6.19,1951-06-19 00:00:00,NL,1951,6,19,12.3,,7.8,,16.7,,0,,0,,0,,,,,,,,0,,5.7,,,,,
-52.7,47.56666666666667,ST JOHN'S,8403500,8403500.1951.6.20,1951-06-20 00:00:00,NL,1951,6,20,14.2,,8.3,,20,,0,,0,,0,,,,,,,,0,,3.8,,,,,
-52.7,47.56666666666667,ST JOHN'S,8403500,8403500.1951.6.21,1951-06-21 00:00:00,NL,1951,6,21,15,,8.3,,21.7,,0,,0,,0,,,,,,,,0,,3,,,,,
-52.7,47.56666666666667,ST JOHN'S,8403500,8403500.1951.6.22,1951-06-22 00:00:00,NL,1951,6,22,13.9,,8.3,,19.4,,0,,0,,0,,,,,,,,0,,4.1,,,,,
-52.7,47.56666666666667,ST JOHN'S,8403500,8403500.1951.6.23,1951-06-23 00:00:00,NL,1951,6,23,16.4,,10.6,,22.2,,0,,0,,0,,,,,,,,0,,1.6,,,,,
-52.7,47.56666666666667,ST JOHN'S,8403500,8403500.1951.6.24,1951-06-24 00:00:00,NL,1951,6,24,13.9,,8.9,,18.9,,22.1,,22.1,,0,,,,,,,,0,,4.1,,,,,
-52.7,47.56666666666667,ST JOHN'S,8403500,8403500.1951.6.25,1951-06-25 00:00:00,NL,1951,6,25,10.3,,8.3,,12.2,,22.6,,22.6,,0,,,,,,,,0,,7.7,,,,,
-52.7,47.56666666666667,ST JOHN'S,8403500,8403500.1951.6.26,1951-06-26 00:00:00,NL,1951,6,26,12.5,,7.8,,17.2,,0,,0,,0,,,,,,,,0,,5.5,,,,,
-52.7,47.56666666666667,ST JOHN'S,8403500,8403500.1951.6.27,1951-06-27 00:00:00,NL,1951,6,27,12.8,,9.4,,16.1,,2.3,,2.3,,0,,,,,,,,0,,5.2,,,,,
-52.7,47.56666666666667,ST JOHN'S,8403500,8403500.1951.6.28,1951-06-28 00:00:00,NL,1951,6,28,13.4,,8.9,,17.8,,0,T,0,T,0,,,,,,,,0,,4.6,,,,,
-52.7,47.56666666666667,ST JOHN'S,8403500,8403500.1951.6.29,1951-06-29 00:00:00,NL,1951,6,29,10.3,,7.2,,13.3,,0,,0,,0,,,,,,,,0,,7.7,,,,,
-52.7,47.56666666666667,ST JOHN'S,8403500,8403500.1951.6.30,1951-06-30 00:00:00,NL,1951,6,30,12.2,,6.1,,18.3,,0,,0,,0,,,,,,,,0,,5.8,,,,,
-52.7,47.56666666666667,ST JOHN'S,8403500,8403500.1951.7.1,1951-07-01 00:00:00,NL,1951,7,1,11.4,,8.3,,14.4,,17,,17,,0,,,,,,,,0,,6.6,,,,,
-52.7,47.56666666666667,ST JOHN'S,8403500,8403500.1951.7.2,1951-07-02 00:00:00,NL,1951,7,2,16.4,,9.4,,23.3,,0,T,0,T,0,,,,,,,,0,,1.6,,,,,
-52.7,47.56666666666667,ST JOHN'S,8403500,8403500.1951.7.3,1951-07-03 00:00:00,NL,1951,7,3,17.8,,12.2,,23.3,,0,,0,,0,,,,,,,,0,,0.2,,,,,
-52.7,47.56666666666667,ST JOHN'S,8403500,8403500.1951.7.4,1951-07-04 00:00:00,NL,1951,7,4,18.4,,12.8,,23.9,,0,,0,,0,,,,,,,,0.4,,0,,,,,
-52.7,47.56666666666667,ST JOHN'S,8403500,8403500.1951.7.5,1951-07-05 00:00:00,NL,1951,7,5,16.9,,14.4,,19.4,,13.7,,13.7,,0,,,,,,,,0,,1.1,,,,,
-52.7,47.56666666666667,ST JOHN'S,8403500,8403500.1951.7.6,1951-07-06 00:00:00,NL,1951,7,6,16.7,,10,,23.3,,5.1,,5.1,,0,,,,,,,,0,,1.3,,,,,
-52.7,47.56666666666667,ST JOHN'S,8403500,8403500.1951.7.7,1951-07-07 00:00:00,NL,1951,7,7,18.1,,15.6,,20.6,,0,,0,,0,,,,,,,,0.1,,0,,,,,
-52.7,47.56666666666667,ST JOHN'S,8403500,8403500.1951.7.8,1951-07-08 00:00:00,NL,1951,7,8,16.4,,10.6,,22.2,,0,,0,,0,,,,,,,,0,,1.6,,,,,
-52.7,47.56666666666667,ST JOHN'S,8403500,8403500.1951.7.9,1951-07-09 00:00:00,NL,1951,7,9,16.4,,8.9,,23.9,,0,,0,,0,,,,,,,,0,,1.6,,,,,
-52.7,47.56666666666667,ST JOHN'S,8403500,8403500.1951.7.10,1951-07-10 00:00:00,NL,1951,7,10,20.3,,14.4,,26.1,,0,,0,,0,,,,,,,,2.3,,0,,,,,
-52.7,47.56666666666667,ST JOHN'S,8403500,8403500.1951.7.11,1951-07-11 00:00:00,NL,1951,7,11,21.7,,14.4,,28.9,,0,,0,,0,,,,,,,,3.7,,0,,,,,
-52.7,47.56666666666667,ST JOHN'S,8403500,8403500.1951.7.12,1951-07-12 00:00:00,NL,1951,7,12,22.5,,18.3,,26.7,,0,,0,,0,,,,,,,,4.5,,0,,,,,
-52.7,47.56666666666667,ST JOHN'S,8403500,8403500.1951.7.13,1951-07-13 00:00:00,NL,1951,7,13,21.2,,15.6,,26.7,,1.8,,1.8,,0,,,,,,,,3.2,,0,,,,,
-52.7,47.56666666666667,ST JOHN'S,8403500,8403500.1951.7.14,1951-07-14 00:00:00,NL,1951,7,14,22.5,,17.2,,27.8,,21.3,,21.3,,0,,,,,,,,4.5,,0,,,,,
-52.7,47.56666666666667,ST JOHN'S,8403500,8403500.1951.7.15,1951-07-15 00:00:00,NL,1951,7,15,19.5,,15.6,,23.3,,4.6,,4.6,,0,,,,,,,,1.5,,0,,,,,
-52.7,47.56666666666667,ST JOHN'S,8403500,8403500.1951.7.16,1951-07-16 00:00:00,NL,1951,7,16,23.1,,17.2,,28.9,,0,,0,,0,,,,,,,,5.1,,0,,,,,
-52.7,47.56666666666667,ST JOHN'S,8403500,8403500.1951.7.17,1951-07-17 00:00:00,NL,1951,7,17,20.6,,14.4,,26.7,,11.7,,11.7,,0,,,,,,,,2.6,,0,,,,,
-52.7,47.56666666666667,ST JOHN'S,8403500,8403500.1951.7.18,1951-07-18 00:00:00,NL,1951,7,18,16.7,,13.9,,19.4,,3.3,,3.3,,0,,,,,,,,0,,1.3,,,,,
-52.7,47.56666666666667,ST JOHN'S,8403500,8403500.1951.7.19,1951-07-19 00:00:00,NL,1951,7,19,12,,10,,13.9,,0,,0,,0,,,,,,,,0,,6,,,,,
-52.7,47.56666666666667,ST JOHN'S,8403500,8403500.1951.7.20,1951-07-20 00:00:00,NL,1951,7,20,12.5,,9.4,,15.6,,0.8,,0.8,,0,,,,,,,,0,,5.5,,,,,
-52.7,47.56666666666667,ST JOHN'S,8403500,8403500.1951.7.21,1951-07-21 00:00:00,NL,1951,7,21,18.4,,10.6,,26.1,,0.8,,0.8,,0,,,,,,,,0.4,,0,,,,,
-52.7,47.56666666666667,ST JOHN'S,8403500,8403500.1951.7.22,1951-07-22 00:00:00,NL,1951,7,22,18.9,,12.2,,25.6,,0,,0,,0,,,,,,,,0.9,,0,,,,,
-52.7,47.56666666666667,ST JOHN'S,8403500,8403500.1951.7.23,1951-07-23 00:00:00,NL,1951,7,23,20.6,,16.7,,24.4,,0,,0,,0,,,,,,,,2.6,,0,,,,,
-52.7,47.56666666666667,ST JOHN'S,8403500,8403500.1951.7.24,1951-07-24 00:00:00,NL,1951,7,24,18.6,,12.2,,25,,0,,0,,0,,,,,,,,0.6,,0,,,,,
-52.7,47.56666666666667,ST JOHN'S,8403500,8403500.1951.7.25,1951-07-25 00:00:00,NL,1951,7,25,16.7,,11.7,,21.7,,0,,0,,0,,,,,,,,0,,1.3,,,,,
-52.7,47.56666666666667,ST JOHN'S,8403500,8403500.1951.7.26,1951-07-26 00:00:00,NL,1951,7,26,18.6,,12.2,,25,,0,,0,,0,,,,,,,,0.6,,0,,,,,
-52.7,47.56666666666667,ST JOHN'S,8403500,8403500.1951.7.27,1951-07-27 00:00:00,NL,1951,7,27,18.1,,12.2,,23.9,,0,,0,,0,,,,,,,,0.1,,0,,,,,
-52.7,47.56666666666667,ST JOHN'S,8403500,8403500.1951.7.28,1951-07-28 00:00:00,NL,1951,7,28,17,,12.8,,21.1,,0,,0,,0,,,,,,,,0,,1,,,,,
-52.7,47.56666666666667,ST JOHN'S,8403500,8403500.1951.7.29,1951-07-29 00:00:00,NL,1951,7,29,15.6,,12.8,,18.3,,0,,0,,0,,,,,,,,0,,2.4,,,,,
-52.7,47.56666666666667,ST JOHN'S,8403500,8403500.1951.7.30,1951-07-30 00:00:00,NL,1951,7,30,16.1,,11.1,,21.1,,10.4,,10.4,,0,,,,,,,,0,,1.9,,,,,
-52.7,47.56666666666667,ST JOHN'S,8403500,8403500.1951.7.31,1951-07-31 00:00:00,NL,1951,7,31,16.1,,12.2,,20,,0,,0,,0,,,,,,,,0,,1.9,,,,,
-52.7,47.56666666666667,ST JOHN'S,8403500,8403500.1951.8.1,1951-08-01 00:00:00,NL,1951,8,1,13.1,,8.9,,17.2,,0,,0,,0,,,,,,,,0,,4.9,,,,,
-52.7,47.56666666666667,ST JOHN'S,8403500,8403500.1951.8.2,1951-08-02 00:00:00,NL,1951,8,2,17.8,,10,,25.6,,0,,0,,0,,,,,,,,0,,0.2,,,,,
-52.7,47.56666666666667,ST JOHN'S,8403500,8403500.1951.8.3,1951-08-03 00:00:00,NL,1951,8,3,18.6,,12.8,,24.4,,0,,0,,0,,,,,,,,0.6,,0,,,,,
-52.7,47.56666666666667,ST JOHN'S,8403500,8403500.1951.8.4,1951-08-04 00:00:00,NL,1951,8,4,20,,12.8,,27.2,,0,,0,,0,,,,,,,,2,,0,,,,,
-52.7,47.56666666666667,ST JOHN'S,8403500,8403500.1951.8.5,1951-08-05 00:00:00,NL,1951,8,5,23.6,,20,,27.2,,20.3,,20.3,,0,,,,,,,,5.6,,0,,,,,
-52.7,47.56666666666667,ST JOHN'S,8403500,8403500.1951.8.6,1951-08-06 00:00:00,NL,1951,8,6,15.9,,11.1,,20.6,,3.8,,3.8,,0,,,,,,,,0,,2.1,,,,,
-52.7,47.56666666666667,ST JOHN'S,8403500,8403500.1951.8.7,1951-08-07 00:00:00,NL,1951,8,7,12.8,,10.6,,15,,2.5,,2.5,,0,,,,,,,,0,,5.2,,,,,
-52.7,47.56666666666667,ST JOHN'S,8403500,8403500.1951.8.8,1951-08-08 00:00:00,NL,1951,8,8,14.2,,12.2,,16.1,,5.8,,5.8,,0,,,,,,,,0,,3.8,,,,,
-52.7,47.56666666666667,ST JOHN'S,8403500,8403500.1951.8.9,1951-08-09 00:00:00,NL,1951,8,9,15.9,,10,,21.7,,0,,0,,0,,,,,,,,0,,2.1,,,,,
-52.7,47.56666666666667,ST JOHN'S,8403500,8403500.1951.8.10,1951-08-10 00:00:00,NL,1951,8,10,17.2,,13.3,,21.1,,0,,0,,0,,,,,,,,0,,0.8,,,,,
-52.7,47.56666666666667,ST JOHN'S,8403500,8403500.1951.8.11,1951-08-11 00:00:00,NL,1951,8,11,19.7,,13.3,,26.1,,0,,0,,0,,,,,,,,1.7,,0,,,,,
-52.7,47.56666666666667,ST JOHN'S,8403500,8403500.1951.8.12,1951-08-12 00:00:00,NL,1951,8,12,19.2,,16.1,,22.2,,2,,2,,0,,,,,,,,1.2,,0,,,,,
-52.7,47.56666666666667,ST JOHN'S,8403500,8403500.1951.8.13,1951-08-13 00:00:00,NL,1951,8,13,18.1,,15.6,,20.6,,24.6,,24.6,,0,,,,,,,,0.1,,0,,,,,
-52.7,47.56666666666667,ST JOHN'S,8403500,8403500.1951.8.14,1951-08-14 00:00:00,NL,1951,8,14,15.6,,12.8,,18.3,,0,,0,,0,,,,,,,,0,,2.4,,,,,
-52.7,47.56666666666667,ST JOHN'S,8403500,8403500.1951.8.15,1951-08-15 00:00:00,NL,1951,8,15,15.9,,11.1,,20.6,,0,,0,,0,,,,,,,,0,,2.1,,,,,
-52.7,47.56666666666667,ST JOHN'S,8403500,8403500.1951.8.16,1951-08-16 00:00:00,NL,1951,8,16,16.1,,11.1,,21.1,,0,,0,,0,,,,,,,,0,,1.9,,,,,
-52.7,47.56666666666667,ST JOHN'S,8403500,8403500.1951.8.17,1951-08-17 00:00:00,NL,1951,8,17,12.8,,8.3,,17.2,,0,,0,,0,,,,,,,,0,,5.2,,,,,
-52.7,47.56666666666667,ST JOHN'S,8403500,8403500.1951.8.18,1951-08-18 00:00:00,NL,1951,8,18,14.7,,8.3,,21.1,,6.9,,6.9,,0,,,,,,,,0,,3.3,,,,,
-52.7,47.56666666666667,ST JOHN'S,8403500,8403500.1951.8.19,1951-08-19 00:00:00,NL,1951,8,19,17,,10.6,,23.3,,0,,0,,0,,,,,,,,0,,1,,,,,
-52.7,47.56666666666667,ST JOHN'S,8403500,8403500.1951.8.20,1951-08-20 00:00:00,NL,1951,8,20,16.4,,12.8,,20,,0,,0,,0,,,,,,,,0,,1.6,,,,,
-52.7,47.56666666666667,ST JOHN'S,8403500,8403500.1951.8.21,1951-08-21 00:00:00,NL,1951,8,21,15.9,,11.1,,20.6,,0,,0,,0,,,,,,,,0,,2.1,,,,,
-52.7,47.56666666666667,ST JOHN'S,8403500,8403500.1951.8.22,1951-08-22 00:00:00,NL,1951,8,22,18.1,,11.7,,24.4,,0,,0,,0,,,,,,,,0.1,,0,,,,,
-52.7,47.56666666666667,ST JOHN'S,8403500,8403500.1951.8.23,1951-08-23 00:00:00,NL,1951,8,23,21.4,,16.7,,26.1,,14.7,,14.7,,0,,,,,,,,3.4,,0,,,,,
-52.7,47.56666666666667,ST JOHN'S,8403500,8403500.1951.8.24,1951-08-24 00:00:00,NL,1951,8,24,20.6,,17.2,,23.9,,18.5,,18.5,,0,,,,,,,,2.6,,0,,,,,
-52.7,47.56666666666667,ST JOHN'S,8403500,8403500.1951.8.25,1951-08-25 00:00:00,NL,1951,8,25,22.5,,17.8,,27.2,,0,,0,,0,,,,,,,,4.5,,0,,,,,
-52.7,47.56666666666667,ST JOHN'S,8403500,8403500.1951.8.26,1951-08-26 00:00:00,NL,1951,8,26,20.3,,16.1,,24.4,,2.3,,2.3,,0,,,,,,,,2.3,,0,,,,,
-52.7,47.56666666666667,ST JOHN'S,8403500,8403500.1951.8.27,1951-08-27 00:00:00,NL,1951,8,27,19.5,,16.7,,22.2,,0,,0,,0,,,,,,,,1.5,,0,,,,,
-52.7,47.56666666666667,ST JOHN'S,8403500,8403500.1951.8.28,1951-08-28 00:00:00,NL,1951,8,28,22.5,,16.1,,28.9,,0.8,,0.8,,0,,,,,,,,4.5,,0,,,,,
-52.7,47.56666666666667,ST JOHN'S,8403500,8403500.1951.8.29,1951-08-29 00:00:00,NL,1951,8,29,23.6,,20,,27.2,,0,,0,,0,,,,,,,,5.6,,0,,,,,
-52.7,47.56666666666667,ST JOHN'S,8403500,8403500.1951.8.30,1951-08-30 00:00:00,NL,1951,8,30,19.8,,16.7,,22.8,,3.8,,3.8,,0,,,,,,,,1.8,,0,,,,,
-52.7,47.56666666666667,ST JOHN'S,8403500,8403500.1951.8.31,1951-08-31 00:00:00,NL,1951,8,31,19.7,,16.1,,23.3,,5.8,,5.8,,0,,,,,,,,1.7,,0,,,,,
-52.7,47.56666666666667,ST JOHN'S,8403500,8403500.1951.9.1,1951-09-01 00:00:00,NL,1951,9,1,15,,11.1,,18.9,,0,,0,,0,,,,,,,,0,,3,,,,,
-52.7,47.56666666666667,ST JOHN'S,8403500,8403500.1951.9.2,1951-09-02 00:00:00,NL,1951,9,2,11.4,,10,,12.8,,1.8,,1.8,,0,,,,,,,,0,,6.6,,,,,
-52.7,47.56666666666667,ST JOHN'S,8403500,8403500.1951.9.3,1951-09-03 00:00:00,NL,1951,9,3,12.5,,8.9,,16.1,,0,,0,,0,,,,,,,,0,,5.5,,,,,
-52.7,47.56666666666667,ST JOHN'S,8403500,8403500.1951.9.4,1951-09-04 00:00:00,NL,1951,9,4,12,,7.8,,16.1,,45.5,,45.5,,0,,,,,,,,0,,6,,,,,
-52.7,47.56666666666667,ST JOHN'S,8403500,8403500.1951.9.5,1951-09-05 00:00:00,NL,1951,9,5,15.3,,10.6,,20,,0,,0,,0,,,,,,,,0,,2.7,,,,,
-52.7,47.56666666666667,ST JOHN'S,8403500,8403500.1951.9.6,1951-09-06 00:00:00,NL,1951,9,6,13.9,,10,,17.8,,0,,0,,0,,,,,,,,0,,4.1,,,,,
-52.7,47.56666666666667,ST JOHN'S,8403500,8403500.1951.9.7,1951-09-07 00:00:00,NL,1951,9,7,14.2,,8.9,,19.4,,9.4,,9.4,,0,,,,,,,,0,,3.8,,,,,
-52.7,47.56666666666667,ST JOHN'S,8403500,8403500.1951.9.8,1951-09-08 00:00:00,NL,1951,9,8,13.9,,7.8,,20,,0,,0,,0,,,,,,,,0,,4.1,,,,,
-52.7,47.56666666666667,ST JOHN'S,8403500,8403500.1951.9.9,1951-09-09 00:00:00,NL,1951,9,9,13.1,,7.8,,18.3,,0,,0,,0,,,,,,,,0,,4.9,,,,,
-52.7,47.56666666666667,ST JOHN'S,8403500,8403500.1951.9.10,1951-09-10 00:00:00,NL,1951,9,10,11.7,,6.7,,16.7,,2.5,,2.5,,0,,,,,,,,0,,6.3,,,,,
-52.7,47.56666666666667,ST JOHN'S,8403500,8403500.1951.9.11,1951-09-11 00:00:00,NL,1951,9,11,10.6,,8.9,,12.2,,0,,0,,0,,,,,,,,0,,7.4,,,,,
-52.7,47.56666666666667,ST JOHN'S,8403500,8403500.1951.9.12,1951-09-12 00:00:00,NL,1951,9,12,9.4,,-0.6,,19.4,,0,,0,,0,,,,,,,,0,,8.6,,,,,
-52.7,47.56666666666667,ST JOHN'S,8403500,8403500.1951.9.13,1951-09-13 00:00:00,NL,1951,9,13,13.7,,10.6,,16.7,,18.3,,18.3,,0,,,,,,,,0,,4.3,,,,,
-52.7,47.56666666666667,ST JOHN'S,8403500,8403500.1951.9.14,1951-09-14 00:00:00,NL,1951,9,14,12,,8.3,,15.6,,0,,0,,0,,,,,,,,0,,6,,,,,
-52.7,47.56666666666667,ST JOHN'S,8403500,8403500.1951.9.15,1951-09-15 00:00:00,NL,1951,9,15,11.7,,3.3,,20,,0,,0,,0,,,,,,,,0,,6.3,,,,,
-52.7,47.56666666666667,ST JOHN'S,8403500,8403500.1951.9.16,1951-09-16 00:00:00,NL,1951,9,16,16.7,,13.3,,20,,0,,0,,0,,,,,,,,0,,1.3,,,,,
-52.7,47.56666666666667,ST JOHN'S,8403500,8403500.1951.9.17,1951-09-17 00:00:00,NL,1951,9,17,15.3,,12.2,,18.3,,0.3,,0.3,,0,,,,,,,,0,,2.7,,,,,
-52.7,47.56666666666667,ST JOHN'S,8403500,8403500.1951.9.18,1951-09-18 00:00:00,NL,1951,9,18,16.7,,14.4,,18.9,,4.1,,4.1,,0,,,,,,,,0,,1.3,,,,,
-52.7,47.56666666666667,ST JOHN'S,8403500,8403500.1951.9.19,1951-09-19 00:00:00,NL,1951,9,19,17.8,,13.3,,22.2,,0,,0,,0,,,,,,,,0,,0.2,,,,,
-52.7,47.56666666666667,ST JOHN'S,8403500,8403500.1951.9.20,1951-09-20 00:00:00,NL,1951,9,20,13.9,,11.1,,16.7,,0,,0,,0,,,,,,,,0,,4.1,,,,,
-52.7,47.56666666666667,ST JOHN'S,8403500,8403500.1951.9.21,1951-09-21 00:00:00,NL,1951,9,21,13.1,,7.8,,18.3,,0,,0,,0,,,,,,,,0,,4.9,,,,,
-52.7,47.56666666666667,ST JOHN'S,8403500,8403500.1951.9.22,1951-09-22 00:00:00,NL,1951,9,22,13.4,,6.7,,20,,0,,0,,0,,,,,,,,0,,4.6,,,,,
-52.7,47.56666666666667,ST JOHN'S,8403500,8403500.1951.9.23,1951-09-23 00:00:00,NL,1951,9,23,20.6,,15.6,,25.6,,0,,0,,0,,,,,,,,2.6,,0,,,,,
-52.7,47.56666666666667,ST JOHN'S,8403500,8403500.1951.9.24,1951-09-24 00:00:00,NL,1951,9,24,16.7,,14.4,,18.9,,1.3,,1.3,,0,,,,,,,,0,,1.3,,,,,
-52.7,47.56666666666667,ST JOHN'S,8403500,8403500.1951.9.25,1951-09-25 00:00:00,NL,1951,9,25,10.9,,6.1,,15.6,,0,,0,,0,,,,,,,,0,,7.1,,,,,
-52.7,47.56666666666667,ST JOHN'S,8403500,8403500.1951.9.26,1951-09-26 00:00:00,NL,1951,9,26,12.8,,8.3,,17.2,,12.2,,12.2,,0,,,,,,,,0,,5.2,,,,,
-52.7,47.56666666666667,ST JOHN'S,8403500,8403500.1951.9.27,1951-09-27 00:00:00,NL,1951,9,27,10.9,,7.8,,13.9,,0,,0,,0,,,,,,,,0,,7.1,,,,,
-52.7,47.56666666666667,ST JOHN'S,8403500,8403500.1951.9.28,1951-09-28 00:00:00,NL,1951,9,28,13.1,,11.1,,15,,4.3,,4.3,,0,,,,,,,,0,,4.9,,,,,
-52.7,47.56666666666667,ST JOHN'S,8403500,8403500.1951.9.29,1951-09-29 00:00:00,NL,1951,9,29,14.7,,10,,19.4,,1.3,,1.3,,0,,,,,,,,0,,3.3,,,,,
-52.7,47.56666666666667,ST JOHN'S,8403500,8403500.1951.9.30,1951-09-30 00:00:00,NL,1951,9,30,9.7,,6.1,,13.3,,0,,0,,0,,,,,,,,0,,8.3,,,,,
-52.7,47.56666666666667,ST JOHN'S,8403500,8403500.1951.10.1,1951-10-01 00:00:00,NL,1951,10,1,7,,3.3,,10.6,,0.8,,0.8,,0,,,,,,,,0,,11,,,,,
-52.7,47.56666666666667,ST JOHN'S,8403500,8403500.1951.10.2,1951-10-02 00:00:00,NL,1951,10,2,8.3,,4.4,,12.2,,0,,0,,0,,,,,,,,0,,9.7,,,,,
-52.7,47.56666666666667,ST JOHN'S,8403500,8403500.1951.10.3,1951-10-03 00:00:00,NL,1951,10,3,9.5,,6.1,,12.8,,0.8,,0.8,,0,,,,,,,,0,,8.5,,,,,
-52.7,47.56666666666667,ST JOHN'S,8403500,8403500.1951.10.4,1951-10-04 00:00:00,NL,1951,10,4,8.4,,1.1,,15.6,,0,,0,,0,,,,,,,,0,,9.6,,,,,
-52.7,47.56666666666667,ST JOHN'S,8403500,8403500.1951.10.5,1951-10-05 00:00:00,NL,1951,10,5,13.9,,7.2,,20.6,,0.5,,0.5,,0,,,,,,,,0,,4.1,,,,,
-52.7,47.56666666666667,ST JOHN'S,8403500,8403500.1951.10.6,1951-10-06 00:00:00,NL,1951,10,6,7.2,,6.1,,8.3,,1.8,,1.8,,0,,,,,,,,0,,10.8,,,,,
-52.7,47.56666666666667,ST JOHN'S,8403500,8403500.1951.10.7,1951-10-07 00:00:00,NL,1951,10,7,5.3,,3.3,,7.2,,0,,0,,0,,,,,,,,0,,12.7,,,,,
-52.7,47.56666666666667,ST JOHN'S,8403500,8403500.1951.10.8,1951-10-08 00:00:00,NL,1951,10,8,7.5,,-0.6,,15.6,,21.6,,21.6,,0,,,,,,,,0,,10.5,,,,,
-52.7,47.56666666666667,ST JOHN'S,8403500,8403500.1951.10.9,1951-10-09 00:00:00,NL,1951,10,9,12.2,,7.2,,17.2,,11.2,,11.2,,0,,,,,,,,0,,5.8,,,,,
-52.7,47.56666666666667,ST JOHN'S,8403500,8403500.1951.10.10,1951-10-10 00:00:00,NL,1951,10,10,8.7,,5.6,,11.7,,0,,0,,0,,,,,,,,0,,9.3,,,,,
-52.7,47.56666666666667,ST JOHN'S,8403500,8403500.1951.10.11,1951-10-11 00:00:00,NL,1951,10,11,8.6,,3.9,,13.3,,0.3,,0.3,,0,,,,,,,,0,,9.4,,,,,
-52.7,47.56666666666667,ST JOHN'S,8403500,8403500.1951.10.12,1951-10-12 00:00:00,NL,1951,10,12,8.7,,6.7,,10.6,,16.5,,16.5,,0,,,,,,,,0,,9.3,,,,,
-52.7,47.56666666666667,ST JOHN'S,8403500,8403500.1951.10.13,1951-10-13 00:00:00,NL,1951,10,13,4.8,,1.7,,7.8,,2,,1.5,,0.5,,,,,,,,0,,13.2,,,,,
-52.7,47.56666666666667,ST JOHN'S,8403500,8403500.1951.10.14,1951-10-14 00:00:00,NL,1951,10,14,5.3,,-0.6,,11.1,,0,,0,,0,,,,,,,,0,,12.7,,,,,
-52.7,47.56666666666667,ST JOHN'S,8403500,8403500.1951.10.15,1951-10-15 00:00:00,NL,1951,10,15,12.8,,7.8,,17.8,,0,,0,,0,,,,,,,,0,,5.2,,,,,
-52.7,47.56666666666667,ST JOHN'S,8403500,8403500.1951.10.16,1951-10-16 00:00:00,NL,1951,10,16,11.7,,5,,18.3,,0,,0,,0,,,,,,,,0,,6.3,,,,,
-52.7,47.56666666666667,ST JOHN'S,8403500,8403500.1951.10.17,1951-10-17 00:00:00,NL,1951,10,17,10,,5,,15,,0,,0,,0,,,,,,,,0,,8,,,,,
-52.7,47.56666666666667,ST JOHN'S,8403500,8403500.1951.10.18,1951-10-18 00:00:00,NL,1951,10,18,6.4,,2.8,,10,,5.8,,5.8,,0,,,,,,,,0,,11.6,,,,,
-52.7,47.56666666666667,ST JOHN'S,8403500,8403500.1951.10.19,1951-10-19 00:00:00,NL,1951,10,19,7.3,,5.6,,8.9,,12.7,,12.7,,0,,,,,,,,0,,10.7,,,,,
-52.7,47.56666666666667,ST JOHN'S,8403500,8403500.1951.10.20,1951-10-20 00:00:00,NL,1951,10,20,11.1,,8.3,,13.9,,42.9,,42.9,,0,,,,,,,,0,,6.9,,,,,
-52.7,47.56666666666667,ST JOHN'S,8403500,8403500.1951.10.21,1951-10-21 00:00:00,NL,1951,10,21,10.3,,7.2,,13.3,,2,,2,,0,,,,,,,,0,,7.7,,,,,
-52.7,47.56666666666667,ST JOHN'S,8403500,8403500.1951.10.22,1951-10-22 00:00:00,NL,1951,10,22,4.7,,3.3,,6.1,,0,,0,,0,,,,,,,,0,,13.3,,,,,
-52.7,47.56666666666667,ST JOHN'S,8403500,8403500.1951.10.23,1951-10-23 00:00:00,NL,1951,10,23,8.3,,3.3,,13.3,,0,,0,,0,,,,,,,,0,,9.7,,,,,
-52.7,47.56666666666667,ST JOHN'S,8403500,8403500.1951.10.24,1951-10-24 00:00:00,NL,1951,10,24,7,,0.6,,13.3,,0,,0,,0,,,,,,,,0,,11,,,,,
-52.7,47.56666666666667,ST JOHN'S,8403500,8403500.1951.10.25,1951-10-25 00:00:00,NL,1951,10,25,4.2,,0.6,,7.8,,3,,3,,0,,,,,,,,0,,13.8,,,,,
-52.7,47.56666666666667,ST JOHN'S,8403500,8403500.1951.10.26,1951-10-26 00:00:00,NL,1951,10,26,6.1,,1.1,,11.1,,11.4,,11.4,,0,,,,,,,,0,,11.9,,,,,
-52.7,47.56666666666667,ST JOHN'S,8403500,8403500.1951.10.27,1951-10-27 00:00:00,NL,1951,10,27,7.5,,3.9,,11.1,,0,,0,,0,,,,,,,,0,,10.5,,,,,
-52.7,47.56666666666667,ST JOHN'S,8403500,8403500.1951.10.28,1951-10-28 00:00:00,NL,1951,10,28,8.6,,3.3,,13.9,,8.9,,8.9,,0,,,,,,,,0,,9.4,,,,,
-52.7,47.56666666666667,ST JOHN'S,8403500,8403500.1951.10.29,1951-10-29 00:00:00,NL,1951,10,29,8.1,,1.7,,14.4,,15.7,,15.7,,0,,,,,,,,0,,9.9,,,,,
-52.7,47.56666666666667,ST JOHN'S,8403500,8403500.1951.10.30,1951-10-30 00:00:00,NL,1951,10,30,5.6,,3.3,,7.8,,0,,0,,0,,,,,,,,0,,12.4,,,,,
-52.7,47.56666666666667,ST JOHN'S,8403500,8403500.1951.10.31,1951-10-31 00:00:00,NL,1951,10,31,5.9,,1.1,,10.6,,0,,0,,0,,,,,,,,0,,12.1,,,,,
-52.7,47.56666666666667,ST JOHN'S,8403500,8403500.1951.11.1,1951-11-01 00:00:00,NL,1951,11,1,8.1,,3.3,,12.8,,16.3,,16.3,,0,,,,,,,,0,,9.9,,,,,
-52.7,47.56666666666667,ST JOHN'S,8403500,8403500.1951.11.2,1951-11-02 00:00:00,NL,1951,11,2,4.5,,3.3,,5.6,,6.1,,6.1,,0,,,,,,,,0,,13.5,,,,,
-52.7,47.56666666666667,ST JOHN'S,8403500,8403500.1951.11.3,1951-11-03 00:00:00,NL,1951,11,3,4.5,,1.7,,7.2,,2.5,,2.5,,0,,,,,,,,0,,13.5,,,,,
-52.7,47.56666666666667,ST JOHN'S,8403500,8403500.1951.11.4,1951-11-04 00:00:00,NL,1951,11,4,9.7,,4.4,,15,,30.7,,30.7,,0,,,,,,,,0,,8.3,,,,,
-52.7,47.56666666666667,ST JOHN'S,8403500,8403500.1951.11.5,1951-11-05 00:00:00,NL,1951,11,5,13.1,,7.2,,18.9,,14.2,,14.2,,0,,,,,,,,0,,4.9,,,,,
-52.7,47.56666666666667,ST JOHN'S,8403500,8403500.1951.11.6,1951-11-06 00:00:00,NL,1951,11,6,6.1,,3.3,,8.9,,0.8,,0.8,,0,,,,,,,,0,,11.9,,,,,
-52.7,47.56666666666667,ST JOHN'S,8403500,8403500.1951.11.7,1951-11-07 00:00:00,NL,1951,11,7,2.5,,-1.7,,6.7,,0,,0,,0,,,,,,,,0,,15.5,,,,,
-52.7,47.56666666666667,ST JOHN'S,8403500,8403500.1951.11.8,1951-11-08 00:00:00,NL,1951,11,8,7.8,,-1.7,,17.2,,10.9,,10.9,,0,,,,,,,,0,,10.2,,,,,
-52.7,47.56666666666667,ST JOHN'S,8403500,8403500.1951.11.9,1951-11-09 00:00:00,NL,1951,11,9,10.3,,6.7,,13.9,,0.3,,0.3,,0,,,,,,,,0,,7.7,,,,,
-52.7,47.56666666666667,ST JOHN'S,8403500,8403500.1951.11.10,1951-11-10 00:00:00,NL,1951,11,10,5,,3.3,,6.7,,0,,0,,0,,,,,,,,0,,13,,,,,
-52.7,47.56666666666667,ST JOHN'S,8403500,8403500.1951.11.11,1951-11-11 00:00:00,NL,1951,11,11,6.4,,2.8,,10,,0,,0,,0,,,,,,,,0,,11.6,,,,,
-52.7,47.56666666666667,ST JOHN'S,8403500,8403500.1951.11.12,1951-11-12 00:00:00,NL,1951,11,12,1.7,,0,,3.3,,0.8,,0.8,,0,,,,,,,,0,,16.3,,,,,
-52.7,47.56666666666667,ST JOHN'S,8403500,8403500.1951.11.13,1951-11-13 00:00:00,NL,1951,11,13,3.1,,-1.7,,7.8,,1.5,,1.5,,0,,,,,,,,0,,14.9,,,,,
-52.7,47.56666666666667,ST JOHN'S,8403500,8403500.1951.11.14,1951-11-14 00:00:00,NL,1951,11,14,7.2,,-0.6,,15,,0.3,,0.3,,0,,,,,,,,0,,10.8,,,,,
-52.7,47.56666666666667,ST JOHN'S,8403500,8403500.1951.11.15,1951-11-15 00:00:00,NL,1951,11,15,12.5,,7.8,,17.2,,6.4,,6.4,,0,,,,,,,,0,,5.5,,,,,
-52.7,47.56666666666667,ST JOHN'S,8403500,8403500.1951.11.16,1951-11-16 00:00:00,NL,1951,11,16,11.7,,8.9,,14.4,,4.1,,4.1,,0,,,,,,,,0,,6.3,,,,,
-52.7,47.56666666666667,ST JOHN'S,8403500,8403500.1951.11.17,1951-11-17 00:00:00,NL,1951,11,17,9.8,,5.6,,13.9,,9.9,,9.9,,0,,,,,,,,0,,8.2,,,,,
-52.7,47.56666666666667,ST JOHN'S,8403500,8403500.1951.11.18,1951-11-18 00:00:00,NL,1951,11,18,9.8,,5.6,,13.9,,0.8,,0.8,,0,,,,,,,,0,,8.2,,,,,
-52.7,47.56666666666667,ST JOHN'S,8403500,8403500.1951.11.19,1951-11-19 00:00:00,NL,1951,11,19,4.8,,1.7,,7.8,,9.4,,9.4,,0,,,,,,,,0,,13.2,,,,,
-52.7,47.56666666666667,ST JOHN'S,8403500,8403500.1951.11.20,1951-11-20 00:00:00,NL,1951,11,20,4.2,,0,,8.3,,6.9,,6.9,,0,,,,,,,,0,,13.8,,,,,
-52.7,47.56666666666667,ST JOHN'S,8403500,8403500.1951.11.21,1951-11-21 00:00:00,NL,1951,11,21,3.4,,1.7,,5,,2.3,,0,,2.3,,,,,,,,0,,14.6,,,,,
-52.7,47.56666666666667,ST JOHN'S,8403500,8403500.1951.11.22,1951-11-22 00:00:00,NL,1951,11,22,0.6,,-1.1,,2.2,,0,,0,,0,,,,,,,,0,,17.4,,,,,
-52.7,47.56666666666667,ST JOHN'S,8403500,8403500.1951.11.23,1951-11-23 00:00:00,NL,1951,11,23,3.4,,-3.9,,10.6,,4.8,,4.8,,0,,,,,,,,0,,14.6,,,,,
-52.7,47.56666666666667,ST JOHN'S,8403500,8403500.1951.11.24,1951-11-24 00:00:00,NL,1951,11,24,9.2,,4.4,,13.9,,22.6,,22.6,,0,,,,,,,,0,,8.8,,,,,
-52.7,47.56666666666667,ST JOHN'S,8403500,8403500.1951.11.25,1951-11-25 00:00:00,NL,1951,11,25,0.6,,-1.1,,2.2,,13.2,,0.5,,12.7,,,,,,,,0,,17.4,,,,,
-52.7,47.56666666666667,ST JOHN'S,8403500,8403500.1951.11.26,1951-11-26 00:00:00,NL,1951,11,26,-1.4,,-11.7,,8.9,,20.3,,20.3,,0,,,,,,,,0,,19.4,,,,,
-52.7,47.56666666666667,ST JOHN'S,8403500,8403500.1951.11.27,1951-11-27 00:00:00,NL,1951,11,27,4.5,,-3.3,,12.2,,7.9,,7.9,,0,,,,,,,,0,,13.5,,,,,
-52.7,47.56666666666667,ST JOHN'S,8403500,8403500.1951.11.28,1951-11-28 00:00:00,NL,1951,11,28,-0.9,,-1.1,,-0.6,,0,,0,,0,,,,,,,,0,,18.9,,,,,
-52.7,47.56666666666667,ST JOHN'S,8403500,8403500.1951.11.29,1951-11-29 00:00:00,NL,1951,11,29,-2,,-5.6,,1.7,,0,,0,,0,,,,,,,,0,,20,,,,,
-52.7,47.56666666666667,ST JOHN'S,8403500,8403500.1951.11.30,1951-11-30 00:00:00,NL,1951,11,30,,M,,M,,M,71.1,,71.1,,0,,,,,,,,,M,,M,,,,
-52.7,47.56666666666667,ST JOHN'S,8403500,8403500.1951.12.1,1951-12-01 00:00:00,NL,1951,12,1,6.7,,2.2,,11.1,,43.2,,43.2,,0,,,,,,,,0,,11.3,,,,,
-52.7,47.56666666666667,ST JOHN'S,8403500,8403500.1951.12.2,1951-12-02 00:00:00,NL,1951,12,2,0.3,,-0.6,,1.1,,0,,0,,0,,,,,,,,0,,17.7,,,,,
-52.7,47.56666666666667,ST JOHN'S,8403500,8403500.1951.12.3,1951-12-03 00:00:00,NL,1951,12,3,-2.5,,-3.9,,-1.1,,0,,0,,0,,,,,,,,0,,20.5,,,,,
-52.7,47.56666666666667,ST JOHN'S,8403500,8403500.1951.12.4,1951-12-04 00:00:00,NL,1951,12,4,-0.6,,-5.6,,4.4,,0,,0,,0,,,,,,,,0,,18.6,,,,,
-52.7,47.56666666666667,ST JOHN'S,8403500,8403500.1951.12.5,1951-12-05 00:00:00,NL,1951,12,5,4.2,,0.6,,7.8,,0,,0,,0,,,,,,,,0,,13.8,,,,,
-52.7,47.56666666666667,ST JOHN'S,8403500,8403500.1951.12.6,1951-12-06 00:00:00,NL,1951,12,6,2.5,,0.6,,4.4,,0,,0,,0,,,,,,,,0,,15.5,,,,,
-52.7,47.56666666666667,ST JOHN'S,8403500,8403500.1951.12.7,1951-12-07 00:00:00,NL,1951,12,7,2,,-1.1,,5,,0,,0,,0,,,,,,,,0,,16,,,,,
-52.7,47.56666666666667,ST JOHN'S,8403500,8403500.1951.12.8,1951-12-08 00:00:00,NL,1951,12,8,4.2,,-1.1,,9.4,,5.6,,5.6,,0,,,,,,,,0,,13.8,,,,,
-52.7,47.56666666666667,ST JOHN'S,8403500,8403500.1951.12.9,1951-12-09 00:00:00,NL,1951,12,9,2.2,,0,,4.4,,4.3,,4.3,,0,,,,,,,,0,,15.8,,,,,
-52.7,47.56666666666667,ST JOHN'S,8403500,8403500.1951.12.10,1951-12-10 00:00:00,NL,1951,12,10,-1.1,,-2.8,,0.6,,30.5,,0,,30.5,,,,,,,,0,,19.1,,,,,
-52.7,47.56666666666667,ST JOHN'S,8403500,8403500.1951.12.11,1951-12-11 00:00:00,NL,1951,12,11,-6.2,,-6.7,,-5.6,,0,,0,,0,,,,,,,,0,,24.2,,,,,
-52.7,47.56666666666667,ST JOHN'S,8403500,8403500.1951.12.12,1951-12-12 00:00:00,NL,1951,12,12,-4.2,,-10.6,,2.2,,3.8,,0,,3.8,,,,,,,,0,,22.2,,,,,
-52.7,47.56666666666667,ST JOHN'S,8403500,8403500.1951.12.13,1951-12-13 00:00:00,NL,1951,12,13,1.1,,-1.7,,3.9,,4.1,,2.8,,1.3,,,,,,,,0,,16.9,,,,,
-52.7,47.56666666666667,ST JOHN'S,8403500,8403500.1951.12.14,1951-12-14 00:00:00,NL,1951,12,14,-7.2,,-9.4,,-5,,0,,0,,0,,,,,,,,0,,25.2,,,,,
-52.7,47.56666666666667,ST JOHN'S,8403500,8403500.1951.12.15,1951-12-15 00:00:00,NL,1951,12,15,-3.7,,-10.6,,3.3,,15.2,,0,,15.2,,,,,,,,0,,21.7,,,,,
-52.7,47.56666666666667,ST JOHN'S,8403500,8403500.1951.12.16,1951-12-16 00:00:00,NL,1951,12,16,-2.2,,-5,,0.6,,0,,0,,0,,,,,,,,0,,20.2,,,,,
-52.7,47.56666666666667,ST JOHN'S,8403500,8403500.1951.12.17,1951-12-17 00:00:00,NL,1951,12,17,-8.1,,-10,,-6.1,,0,,0,,0,,,,,,,,0,,26.1,,,,,
-52.7,47.56666666666667,ST JOHN'S,8403500,8403500.1951.12.18,1951-12-18 00:00:00,NL,1951,12,18,-5.3,,-11.7,,1.1,,0,,0,,0,,,,,,,,0,,23.3,,,,,
-52.7,47.56666666666667,ST JOHN'S,8403500,8403500.1951.12.19,1951-12-19 00:00:00,NL,1951,12,19,-1.4,,-10.6,,7.8,,15.2,,14.7,,0.5,,,,,,,,0,,19.4,,,,,
-52.7,47.56666666666667,ST JOHN'S,8403500,8403500.1951.12.20,1951-12-20 00:00:00,NL,1951,12,20,-7.8,,-9.4,,-6.1,,0,,0,,0,,,,,,,,0,,25.8,,,,,
-52.7,47.56666666666667,ST JOHN'S,8403500,8403500.1951.12.21,1951-12-21 00:00:00,NL,1951,12,21,-1.1,,-10,,7.8,,9.7,,9.7,,0,,,,,,,,0,,19.1,,,,,
-52.7,47.56666666666667,ST JOHN'S,8403500,8403500.1951.12.22,1951-12-22 00:00:00,NL,1951,12,22,4.5,,1.1,,7.8,,0,,0,,0,,,,,,,,0,,13.5,,,,,
-52.7,47.56666666666667,ST JOHN'S,8403500,8403500.1951.12.23,1951-12-23 00:00:00,NL,1951,12,23,0.9,,-1.1,,2.8,,0.8,,0.8,,0,T,,,,,,,0,,17.1,,,,,
-52.7,47.56666666666667,ST JOHN'S,8403500,8403500.1951.12.24,1951-12-24 00:00:00,NL,1951,12,24,-2.8,,-5,,-0.6,,0,,0,,0,,,,,,,,0,,20.8,,,,,
-52.7,47.56666666666667,ST JOHN'S,8403500,8403500.1951.12.25,1951-12-25 00:00:00,NL,1951,12,25,-6.4,,-10,,-2.8,,0,,0,,0,,,,,,,,0,,24.4,,,,,
-52.7,47.56666666666667,ST JOHN'S,8403500,8403500.1951.12.26,1951-12-26 00:00:00,NL,1951,12,26,-6.2,,-10.6,,-1.7,,0,,0,,0,,,,,,,,0,,24.2,,,,,
-52.7,47.56666666666667,ST JOHN'S,8403500,8403500.1951.12.27,1951-12-27 00:00:00,NL,1951,12,27,-5.6,,-7.8,,-3.3,,7.6,,0,,7.6,,,,,,,,0,,23.6,,,,,
-52.7,47.56666666666667,ST JOHN'S,8403500,8403500.1951.12.28,1951-12-28 00:00:00,NL,1951,12,28,-5.3,,-7.2,,-3.3,,21.6,,0,,21.6,,,,,,,,0,,23.3,,,,,
-52.7,47.56666666666667,ST JOHN'S,8403500,8403500.1951.12.29,1951-12-29 00:00:00,NL,1951,12,29,-8.3,,-12.2,,-4.4,,0.5,,0,,0.5,,,,,,,,0,,26.3,,,,,
-52.7,47.56666666666667,ST JOHN'S,8403500,8403500.1951.12.30,1951-12-30 00:00:00,NL,1951,12,30,-5,,-16.1,,6.1,,14,,14,,0,,,,,,,,0,,23,,,,,
-52.7,47.56666666666667,ST JOHN'S,8403500,8403500.1951.12.31,1951-12-31 00:00:00,NL,1951,12,31,3.9,,0.6,,7.2,,31.2,,31.2,,0,,,,,,,,0,,14.1,,,,,
-52.7,47.56666666666667,ST JOHN'S,8403500,8403500.1952.1.1,1952-01-01 00:00:00,NL,1952,1,1,1.1,,-2.2,,4.4,,8.9,,8.9,,0,,,,,,,,0,,16.9,,,,,
-52.7,47.56666666666667,ST JOHN'S,8403500,8403500.1952.1.2,1952-01-02 00:00:00,NL,1952,1,2,1.7,,-1.1,,4.4,,0,,0,,0,,,,,,,,0,,16.3,,,,,
-52.7,47.56666666666667,ST JOHN'S,8403500,8403500.1952.1.3,1952-01-03 00:00:00,NL,1952,1,3,-7.5,,-8.3,,-6.7,,35.6,,0,,35.6,,,,,,,,0,,25.5,,,,,
-52.7,47.56666666666667,ST JOHN'S,8403500,8403500.1952.1.4,1952-01-04 00:00:00,NL,1952,1,4,-11.7,,-12.8,,-10.6,,0,,0,,0,,,,,,,,0,,29.7,,,,,
-52.7,47.56666666666667,ST JOHN'S,8403500,8403500.1952.1.5,1952-01-05 00:00:00,NL,1952,1,5,-7.5,,-13.9,,-1.1,,5.1,,0,T,5.1,,,,,,,,0,,25.5,,,,,
-52.7,47.56666666666667,ST JOHN'S,8403500,8403500.1952.1.6,1952-01-06 00:00:00,NL,1952,1,6,-7.2,,-14.4,,0,,17.8,,0,,17.8,,,,,,,,0,,25.2,,,,,
-52.7,47.56666666666667,ST JOHN'S,8403500,8403500.1952.1.7,1952-01-07 00:00:00,NL,1952,1,7,-3.1,,-6.7,,0.6,,7.1,,2,,5.1,,,,,,,,0,,21.1,,,,,
-52.7,47.56666666666667,ST JOHN'S,8403500,8403500.1952.1.8,1952-01-08 00:00:00,NL,1952,1,8,3.6,,-1.1,,8.3,,8.6,,8.6,,0,,,,,,,,0,,14.4,,,,,
-52.7,47.56666666666667,ST JOHN'S,8403500,8403500.1952.1.9,1952-01-09 00:00:00,NL,1952,1,9,3.7,,0.6,,6.7,,4.6,,4.6,,0,,,,,,,,0,,14.3,,,,,
-52.7,47.56666666666667,ST JOHN'S,8403500,8403500.1952.1.10,1952-01-10 00:00:00,NL,1952,1,10,1.1,,0,,2.2,,16.8,,4.1,,12.7,,,,,,,,0,,16.9,,,,,
-52.7,47.56666666666667,ST JOHN'S,8403500,8403500.1952.1.11,1952-01-11 00:00:00,NL,1952,1,11,4.2,,0,,8.3,,6.4,,6.4,,0,,,,,,,,0,,13.8,,,,,
-52.7,47.56666666666667,ST JOHN'S,8403500,8403500.1952.1.12,1952-01-12 00:00:00,NL,1952,1,12,-2,,-2.8,,-1.1,,0.5,,0.5,,0,,,,,,,,0,,20,,,,,
-52.7,47.56666666666667,ST JOHN'S,8403500,8403500.1952.1.13,1952-01-13 00:00:00,NL,1952,1,13,-3.9,,-7.8,,0,,0,,0,,0,,,,,,,,0,,21.9,,,,,
-52.7,47.56666666666667,ST JOHN'S,8403500,8403500.1952.1.14,1952-01-14 00:00:00,NL,1952,1,14,-6.1,,-8.3,,-3.9,,0,,0,,0,,,,,,,,0,,24.1,,,,,
-52.7,47.56666666666667,ST JOHN'S,8403500,8403500.1952.1.15,1952-01-15 00:00:00,NL,1952,1,15,-5.3,,-11.1,,0.6,,0,,0,,0,,,,,,,,0,,23.3,,,,,
-52.7,47.56666666666667,ST JOHN'S,8403500,8403500.1952.1.16,1952-01-16 00:00:00,NL,1952,1,16,-1.4,,-6.7,,3.9,,1.8,,1.8,,0,,,,,,,,0,,19.4,,,,,
-52.7,47.56666666666667,ST JOHN'S,8403500,8403500.1952.1.17,1952-01-17 00:00:00,NL,1952,1,17,2,,0.6,,3.3,,0.3,,0.3,,0,,,,,,,,0,,16,,,,,
-52.7,47.56666666666667,ST JOHN'S,8403500,8403500.1952.1.18,1952-01-18 00:00:00,NL,1952,1,18,2.2,,-1.7,,6.1,,11.2,,11.2,,0,,,,,,,,0,,15.8,,,,,
-52.7,47.56666666666667,ST JOHN'S,8403500,8403500.1952.1.19,1952-01-19 00:00:00,NL,1952,1,19,-0.9,,-5,,3.3,,0,,0,,0,,,,,,,,0,,18.9,,,,,
-52.7,47.56666666666667,ST JOHN'S,8403500,8403500.1952.1.20,1952-01-20 00:00:00,NL,1952,1,20,-2.5,,-6.1,,1.1,,1,,1,,0,,,,,,,,0,,20.5,,,,,
-52.7,47.56666666666667,ST JOHN'S,8403500,8403500.1952.1.21,1952-01-21 00:00:00,NL,1952,1,21,2,,-2.8,,6.7,,13,,13,,0,,,,,,,,0,,16,,,,,
-52.7,47.56666666666667,ST JOHN'S,8403500,8403500.1952.1.22,1952-01-22 00:00:00,NL,1952,1,22,-2.5,,-5,,0,,0.5,,0,,0.5,,,,,,,,0,,20.5,,,,,
-52.7,47.56666666666667,ST JOHN'S,8403500,8403500.1952.1.23,1952-01-23 00:00:00,NL,1952,1,23,-1.4,,-6.1,,3.3,,1.8,,1.8,,0,,,,,,,,0,,19.4,,,,,
-52.7,47.56666666666667,ST JOHN'S,8403500,8403500.1952.1.24,1952-01-24 00:00:00,NL,1952,1,24,3.6,,-2.2,,9.4,,21.1,,21.1,,0,,,,,,,,0,,14.4,,,,,
-52.7,47.56666666666667,ST JOHN'S,8403500,8403500.1952.1.25,1952-01-25 00:00:00,NL,1952,1,25,0,,-1.1,,1.1,,2,,2,,0,,,,,,,,0,,18,,,,,
-52.7,47.56666666666667,ST JOHN'S,8403500,8403500.1952.1.26,1952-01-26 00:00:00,NL,1952,1,26,-4.2,,-6.1,,-2.2,,0.5,,0,,0.5,,,,,,,,0,,22.2,,,,,
-52.7,47.56666666666667,ST JOHN'S,8403500,8403500.1952.1.27,1952-01-27 00:00:00,NL,1952,1,27,0.3,,-6.1,,6.7,,7.4,,7.4,,0,,,,,,,,0,,17.7,,,,,
-52.7,47.56666666666667,ST JOHN'S,8403500,8403500.1952.1.28,1952-01-28 00:00:00,NL,1952,1,28,1.4,,-0.6,,3.3,,18.5,,18.5,,0,,,,,,,,0,,16.6,,,,,
-52.7,47.56666666666667,ST JOHN'S,8403500,8403500.1952.1.29,1952-01-29 00:00:00,NL,1952,1,29,-2,,-3.9,,0,,22.4,,15.5,,6.9,,,,,,,,0,,20,,,,,
-52.7,47.56666666666667,ST JOHN'S,8403500,8403500.1952.1.30,1952-01-30 00:00:00,NL,1952,1,30,-5.3,,-6.7,,-3.9,,1.3,,0,,1.3,,,,,,,,0,,23.3,,,,,
-52.7,47.56666666666667,ST JOHN'S,8403500,8403500.1952.1.31,1952-01-31 00:00:00,NL,1952,1,31,-9.7,,-12.2,,-7.2,,0,,0,,0,,,,,,,,0,,27.7,,,,,
-52.7,47.56666666666667,ST JOHN'S,8403500,8403500.1952.2.1,1952-02-01 00:00:00,NL,1952,2,1,-6.1,,-12.2,,0,,0,,0,,0,,,,,,,,0,,24.1,,,,,
-52.7,47.56666666666667,ST JOHN'S,8403500,8403500.1952.2.2,1952-02-02 00:00:00,NL,1952,2,2,-3.9,,-10,,2.2,,8.4,,7.9,,0.5,,,,,,,,0,,21.9,,,,,
-52.7,47.56666666666667,ST JOHN'S,8403500,8403500.1952.2.3,1952-02-03 00:00:00,NL,1952,2,3,-4.7,,-8.3,,-1.1,,0.3,,0,,0.3,,,,,,,,0,,22.7,,,,,
-52.7,47.56666666666667,ST JOHN'S,8403500,8403500.1952.2.4,1952-02-04 00:00:00,NL,1952,2,4,-6.4,,-11.1,,-1.7,,0,,0,,0,,,,,,,,0,,24.4,,,,,
-52.7,47.56666666666667,ST JOHN'S,8403500,8403500.1952.2.5,1952-02-05 00:00:00,NL,1952,2,5,-3.6,,-11.1,,3.9,,16.5,,16.5,,0,,,,,,,,0,,21.6,,,,,
-52.7,47.56666666666667,ST JOHN'S,8403500,8403500.1952.2.6,1952-02-06 00:00:00,NL,1952,2,6,3.9,,1.7,,6.1,,41.9,,41.9,,0,,,,,,,,0,,14.1,,,,,
-52.7,47.56666666666667,ST JOHN'S,8403500,8403500.1952.2.7,1952-02-07 00:00:00,NL,1952,2,7,-0.8,,-2.2,,0.6,,5.1,,0,,5.1,,,,,,,,0,,18.8,,,,,
-52.7,47.56666666666667,ST JOHN'S,8403500,8403500.1952.2.8,1952-02-08 00:00:00,NL,1952,2,8,0.9,,-3.3,,5,,30.7,,24.4,,6.4,,,,,,,,0,,17.1,,,,,
-52.7,47.56666666666667,ST JOHN'S,8403500,8403500.1952.2.9,1952-02-09 00:00:00,NL,1952,2,9,-2.8,,-6.1,,0.6,,6.4,,0,,6.4,,,,,,,,0,,20.8,,,,,
-52.7,47.56666666666667,ST JOHN'S,8403500,8403500.1952.2.10,1952-02-10 00:00:00,NL,1952,2,10,-1.4,,-5.6,,2.8,,0,,0,,0,,,,,,,,0,,19.4,,,,,
-52.7,47.56666666666667,ST JOHN'S,8403500,8403500.1952.2.11,1952-02-11 00:00:00,NL,1952,2,11,-2.8,,-3.9,,-1.7,,0,,0,,0,,,,,,,,0,,20.8,,,,,
-52.7,47.56666666666667,ST JOHN'S,8403500,8403500.1952.2.12,1952-02-12 00:00:00,NL,1952,2,12,0.3,,-3.3,,3.9,,3.6,,3.6,,0,,,,,,,,0,,17.7,,,,,
-52.7,47.56666666666667,ST JOHN'S,8403500,8403500.1952.2.13,1952-02-13 00:00:00,NL,1952,2,13,1.7,,-0.6,,3.9,,1.8,,1.8,,0,,,,,,,,0,,16.3,,,,,
-52.7,47.56666666666667,ST JOHN'S,8403500,8403500.1952.2.14,1952-02-14 00:00:00,NL,1952,2,14,0.9,,-1.1,,2.8,,7.6,,1.3,,6.4,,,,,,,,0,,17.1,,,,,
-52.7,47.56666666666667,ST JOHN'S,8403500,8403500.1952.2.15,1952-02-15 00:00:00,NL,1952,2,15,-0.6,,-1.7,,0.6,,0,,0,,0,,,,,,,,0,,18.6,,,,,
-52.7,47.56666666666667,ST JOHN'S,8403500,8403500.1952.2.16,1952-02-16 00:00:00,NL,1952,2,16,-1.7,,-2.2,,-1.1,,0,,0,,0,,,,,,,,0,,19.7,,,,,
-52.7,47.56666666666667,ST JOHN'S,8403500,8403500.1952.2.17,1952-02-17 00:00:00,NL,1952,2,17,-3.1,,-3.9,,-2.2,,0,,0,,0,,,,,,,,0,,21.1,,,,,
-52.7,47.56666666666667,ST JOHN'S,8403500,8403500.1952.2.18,1952-02-18 00:00:00,NL,1952,2,18,-2.5,,-5,,0,,15.2,,0,,15.2,,,,,,,,0,,20.5,,,,,
-52.7,47.56666666666667,ST JOHN'S,8403500,8403500.1952.2.19,1952-02-19 00:00:00,NL,1952,2,19,0,,-1.7,,1.7,,30.7,,28.2,,2.5,,,,,,,,0,,18,,,,,
-52.7,47.56666666666667,ST JOHN'S,8403500,8403500.1952.2.20,1952-02-20 00:00:00,NL,1952,2,20,1.1,,0,,2.2,,5.1,,2.5,,2.5,,,,,,,,0,,16.9,,,,,
-52.7,47.56666666666667,ST JOHN'S,8403500,8403500.1952.2.21,1952-02-21 00:00:00,NL,1952,2,21,-0.3,,-0.6,,0,,7.4,,3.6,,3.8,,,,,,,,0,,18.3,,,,,
-52.7,47.56666666666667,ST JOHN'S,8403500,8403500.1952.2.22,1952-02-22 00:00:00,NL,1952,2,22,-1.4,,-2.2,,-0.6,,0,,0,,0,,,,,,,,0,,19.4,,,,,
-52.7,47.56666666666667,ST JOHN'S,8403500,8403500.1952.2.23,1952-02-23 00:00:00,NL,1952,2,23,-2.8,,-3.9,,-1.7,,0,,0,,0,,,,,,,,0,,20.8,,,,,
-52.7,47.56666666666667,ST JOHN'S,8403500,8403500.1952.2.24,1952-02-24 00:00:00,NL,1952,2,24,-2.5,,-7.8,,2.8,,0,,0,,0,,,,,,,,0,,20.5,,,,,
-52.7,47.56666666666667,ST JOHN'S,8403500,8403500.1952.2.25,1952-02-25 00:00:00,NL,1952,2,25,-6.4,,-11.1,,-1.7,,0,,0,,0,,,,,,,,0,,24.4,,,,,
-52.7,47.56666666666667,ST JOHN'S,8403500,8403500.1952.2.26,1952-02-26 00:00:00,NL,1952,2,26,-4.7,,-10,,0.6,,0,,0,,0,,,,,,,,0,,22.7,,,,,
-52.7,47.56666666666667,ST JOHN'S,8403500,8403500.1952.2.27,1952-02-27 00:00:00,NL,1952,2,27,0.3,,-2.2,,2.8,,0,,0,,0,,,,,,,,0,,17.7,,,,,
-52.7,47.56666666666667,ST JOHN'S,8403500,8403500.1952.2.28,1952-02-28 00:00:00,NL,1952,2,28,1.4,,-1.1,,3.9,,35.1,,34.8,,0.3,,,,,,,,0,,16.6,,,,,
-52.7,47.56666666666667,ST JOHN'S,8403500,8403500.1952.2.29,1952-02-29 00:00:00,NL,1952,2,29,1.1,,-0.6,,2.8,,0.3,,0,,0.3,,,,,,,,0,,16.9,,,,,
-52.7,47.56666666666667,ST JOHN'S,8403500,8403500.1952.3.1,1952-03-01 00:00:00,NL,1952,3,1,0.9,,-1.1,,2.8,,0,,0,,0,,,,,,,,0,,17.1,,,,,
-52.7,47.56666666666667,ST JOHN'S,8403500,8403500.1952.3.2,1952-03-02 00:00:00,NL,1952,3,2,-0.9,,-3.9,,2.2,,20.3,,20.3,,0,,,,,,,,0,,18.9,,,,,
-52.7,47.56666666666667,ST JOHN'S,8403500,8403500.1952.3.3,1952-03-03 00:00:00,NL,1952,3,3,1.7,,0,,3.3,,3.6,,3,,0.5,,,,,,,,0,,16.3,,,,,
-52.7,47.56666666666667,ST JOHN'S,8403500,8403500.1952.3.4,1952-03-04 00:00:00,NL,1952,3,4,2,,0.6,,3.3,,2.8,,2.8,,0,,,,,,,,0,,16,,,,,
-52.7,47.56666666666667,ST JOHN'S,8403500,8403500.1952.3.5,1952-03-05 00:00:00,NL,1952,3,5,0.8,,-0.6,,2.2,,0,,0,,0,,,,,,,,0,,17.2,,,,,
-52.7,47.56666666666667,ST JOHN'S,8403500,8403500.1952.3.6,1952-03-06 00:00:00,NL,1952,3,6,-0.3,,-1.1,,0.6,,0,,0,,0,,,,,,,,0,,18.3,,,,,
-52.7,47.56666666666667,ST JOHN'S,8403500,8403500.1952.3.7,1952-03-07 00:00:00,NL,1952,3,7,-0.3,,-1.7,,1.1,,0,,0,,0,,,,,,,,0,,18.3,,,,,
-52.7,47.56666666666667,ST JOHN'S,8403500,8403500.1952.3.8,1952-03-08 00:00:00,NL,1952,3,8,0.3,,-1.1,,1.7,,2.5,,0,,2.5,,,,,,,,0,,17.7,,,,,
-52.7,47.56666666666667,ST JOHN'S,8403500,8403500.1952.3.9,1952-03-09 00:00:00,NL,1952,3,9,-0.8,,-2.2,,0.6,,0,,0,,0,,,,,,,,0,,18.8,,,,,
-52.7,47.56666666666667,ST JOHN'S,8403500,8403500.1952.3.10,1952-03-10 00:00:00,NL,1952,3,10,-1.7,,-3.9,,0.6,,0,,0,,0,,,,,,,,0,,19.7,,,,,
-52.7,47.56666666666667,ST JOHN'S,8403500,8403500.1952.3.11,1952-03-11 00:00:00,NL,1952,3,11,-3.6,,-7.2,,0,,0,,0,,0,,,,,,,,0,,21.6,,,,,
-52.7,47.56666666666667,ST JOHN'S,8403500,8403500.1952.3.12,1952-03-12 00:00:00,NL,1952,3,12,-0.3,,-3.3,,2.8,,29.7,,29.7,,0,,,,,,,,0,,18.3,,,,,
-52.7,47.56666666666667,ST JOHN'S,8403500,8403500.1952.3.13,1952-03-13 00:00:00,NL,1952,3,13,2,,-1.1,,5,,0,,0,,0,,,,,,,,0,,16,,,,,
-52.7,47.56666666666667,ST JOHN'S,8403500,8403500.1952.3.14,1952-03-14 00:00:00,NL,1952,3,14,0.3,,-1.7,,2.2,,30.2,,30.2,,0,,,,,,,,0,,17.7,,,,,
-52.7,47.56666666666667,ST JOHN'S,8403500,8403500.1952.3.15,1952-03-15 00:00:00,NL,1952,3,15,1.1,,-1.1,,3.3,,1.5,,1.5,,0,,,,,,,,0,,16.9,,,,,
-52.7,47.56666666666667,ST JOHN'S,8403500,8403500.1952.3.16,1952-03-16 00:00:00,NL,1952,3,16,1.1,,-1.7,,3.9,,15.2,,0,,15.2,,,,,,,,0,,16.9,,,,,
-52.7,47.56666666666667,ST JOHN'S,8403500,8403500.1952.3.17,1952-03-17 00:00:00,NL,1952,3,17,-0.3,,-1.7,,1.1,,1.3,,0,,1.3,,,,,,,,0,,18.3,,,,,
-52.7,47.56666666666667,ST JOHN'S,8403500,8403500.1952.3.18,1952-03-18 00:00:00,NL,1952,3,18,-0.3,,-1.1,,0.6,,0,,0,,0,,,,,,,,0,,18.3,,,,,
-52.7,47.56666666666667,ST JOHN'S,8403500,8403500.1952.3.19,1952-03-19 00:00:00,NL,1952,3,19,-0.3,,-1.1,,0.6,,0,,0,,0,,,,,,,,0,,18.3,,,,,
-52.7,47.56666666666667,ST JOHN'S,8403500,8403500.1952.3.20,1952-03-20 00:00:00,NL,1952,3,20,-0.9,,-3.9,,2.2,,0,,0,,0,,,,,,,,0,,18.9,,,,,
-52.7,47.56666666666667,ST JOHN'S,8403500,8403500.1952.3.21,1952-03-21 00:00:00,NL,1952,3,21,0.6,,-4.4,,5.6,,0,,0,,0,,,,,,,,0,,17.4,,,,,
-52.7,47.56666666666667,ST JOHN'S,8403500,8403500.1952.3.22,1952-03-22 00:00:00,NL,1952,3,22,-0.3,,-1.7,,1.1,,0.5,,0,,0.5,,,,,,,,0,,18.3,,,,,
-52.7,47.56666666666667,ST JOHN'S,8403500,8403500.1952.3.23,1952-03-23 00:00:00,NL,1952,3,23,-0.3,,-2.2,,1.7,,0,,0,,0,,,,,,,,0,,18.3,,,,,
-52.7,47.56666666666667,ST JOHN'S,8403500,8403500.1952.3.24,1952-03-24 00:00:00,NL,1952,3,24,-1.7,,-3.3,,0,,0.8,,0,,0.8,,,,,,,,0,,19.7,,,,,
-52.7,47.56666666666667,ST JOHN'S,8403500,8403500.1952.3.25,1952-03-25 00:00:00,NL,1952,3,25,-1.4,,-2.2,,-0.6,,7.6,,0,,7.6,,,,,,,,0,,19.4,,,,,
-52.7,47.56666666666667,ST JOHN'S,8403500,8403500.1952.3.26,1952-03-26 00:00:00,NL,1952,3,26,-0.8,,-2.2,,0.6,,0,,0,,0,,,,,,,,0,,18.8,,,,,
-52.7,47.56666666666667,ST JOHN'S,8403500,8403500.1952.3.27,1952-03-27 00:00:00,NL,1952,3,27,-1.4,,-4.4,,1.7,,0,,0,,0,,,,,,,,0,,19.4,,,,,
-52.7,47.56666666666667,ST JOHN'S,8403500,8403500.1952.3.28,1952-03-28 00:00:00,NL,1952,3,28,-1.4,,-6.7,,3.9,,0,,0,,0,,,,,,,,0,,19.4,,,,,
-52.7,47.56666666666667,ST JOHN'S,8403500,8403500.1952.3.29,1952-03-29 00:00:00,NL,1952,3,29,-0.6,,-2.2,,1.1,,10.2,,0,,10.2,,,,,,,,0,,18.6,,,,,
-52.7,47.56666666666667,ST JOHN'S,8403500,8403500.1952.3.30,1952-03-30 00:00:00,NL,1952,3,30,0,,-1.1,,1.1,,20.3,,0,,20.3,,,,,,,,0,,18,,,,,
-52.7,47.56666666666667,ST JOHN'S,8403500,8403500.1952.3.31,1952-03-31 00:00:00,NL,1952,3,31,1.7,,-1.7,,5,,0,,0,,0,,,,,,,,0,,16.3,,,,,
-52.7,47.56666666666667,ST JOHN'S,8403500,8403500.1952.4.1,1952-04-01 00:00:00,NL,1952,4,1,0.6,,-1.7,,2.8,,0,,0,,0,,,,,,,,0,,17.4,,,,,
-52.7,47.56666666666667,ST JOHN'S,8403500,8403500.1952.4.2,1952-04-02 00:00:00,NL,1952,4,2,0.6,,-2.8,,3.9,,1.8,,1.3,,0.5,,,,,,,,0,,17.4,,,,,
-52.7,47.56666666666667,ST JOHN'S,8403500,8403500.1952.4.3,1952-04-03 00:00:00,NL,1952,4,3,0.3,,-1.1,,1.7,,6.6,,6.6,,0,,,,,,,,0,,17.7,,,,,
-52.7,47.56666666666667,ST JOHN'S,8403500,8403500.1952.4.4,1952-04-04 00:00:00,NL,1952,4,4,2,,-1.7,,5.6,,0,,0,,0,,,,,,,,0,,16,,,,,
-52.7,47.56666666666667,ST JOHN'S,8403500,8403500.1952.4.5,1952-04-05 00:00:00,NL,1952,4,5,4.2,,0.6,,7.8,,0,,0,,0,,,,,,,,0,,13.8,,,,,
-52.7,47.56666666666667,ST JOHN'S,8403500,8403500.1952.4.6,1952-04-06 00:00:00,NL,1952,4,6,1.4,,0,,2.8,,12.7,,0,,12.7,,,,,,,,0,,16.6,,,,,
-52.7,47.56666666666667,ST JOHN'S,8403500,8403500.1952.4.7,1952-04-07 00:00:00,NL,1952,4,7,4.2,,-1.1,,9.4,,3,,2.5,,0.5,,,,,,,,0,,13.8,,,,,
-52.7,47.56666666666667,ST JOHN'S,8403500,8403500.1952.4.8,1952-04-08 00:00:00,NL,1952,4,8,0.9,,0,,1.7,,1.5,,0.5,,1,,,,,,,,0,,17.1,,,,,
-52.7,47.56666666666667,ST JOHN'S,8403500,8403500.1952.4.9,1952-04-09 00:00:00,NL,1952,4,9,2.5,,-0.6,,5.6,,0,,0,,0,,,,,,,,0,,15.5,,,,,
-52.7,47.56666666666667,ST JOHN'S,8403500,8403500.1952.4.10,1952-04-10 00:00:00,NL,1952,4,10,4.4,,-0.6,,9.4,,0,,0,,0,,,,,,,,0,,13.6,,,,,
-52.7,47.56666666666667,ST JOHN'S,8403500,8403500.1952.4.11,1952-04-11 00:00:00,NL,1952,4,11,1.1,,-0.6,,2.8,,0,,0,,0,,,,,,,,0,,16.9,,,,,
-52.7,47.56666666666667,ST JOHN'S,8403500,8403500.1952.4.12,1952-04-12 00:00:00,NL,1952,4,12,2,,-2.8,,6.7,,5.1,,0,,5.1,,,,,,,,0,,16,,,,,
-52.7,47.56666666666667,ST JOHN'S,8403500,8403500.1952.4.13,1952-04-13 00:00:00,NL,1952,4,13,-0.9,,-3.9,,2.2,,5.1,,0,,5.1,,,,,,,,0,,18.9,,,,,
-52.7,47.56666666666667,ST JOHN'S,8403500,8403500.1952.4.14,1952-04-14 00:00:00,NL,1952,4,14,1.9,,-0.6,,4.4,,0,,0,,0,,,,,,,,0,,16.1,,,,,
-52.7,47.56666666666667,ST JOHN'S,8403500,8403500.1952.4.15,1952-04-15 00:00:00,NL,1952,4,15,2.8,,-1.1,,6.7,,12.2,,12.2,,0,,,,,,,,0,,15.2,,,,,
-52.7,47.56666666666667,ST JOHN'S,8403500,8403500.1952.4.16,1952-04-16 00:00:00,NL,1952,4,16,3.7,,1.7,,5.6,,0,,0,,0,,,,,,,,0,,14.3,,,,,
-52.7,47.56666666666667,ST JOHN'S,8403500,8403500.1952.4.17,1952-04-17 00:00:00,NL,1952,4,17,4.2,,0,,8.3,,0,,0,,0,,,,,,,,0,,13.8,,,,,
-52.7,47.56666666666667,ST JOHN'S,8403500,8403500.1952.4.18,1952-04-18 00:00:00,NL,1952,4,18,3.6,,-2.8,,10,,0,,0,,0,,,,,,,,0,,14.4,,,,,
-52.7,47.56666666666667,ST JOHN'S,8403500,8403500.1952.4.19,1952-04-19 00:00:00,NL,1952,4,19,3.9,,-4.4,,12.2,,0,,0,,0,,,,,,,,0,,14.1,,,,,
-52.7,47.56666666666667,ST JOHN'S,8403500,8403500.1952.4.20,1952-04-20 00:00:00,NL,1952,4,20,5.9,,0,,11.7,,8.6,,8.6,,0,,,,,,,,0,,12.1,,,,,
-52.7,47.56666666666667,ST JOHN'S,8403500,8403500.1952.4.21,1952-04-21 00:00:00,NL,1952,4,21,5.9,,1.7,,10,,0,,0,,0,,,,,,,,0,,12.1,,,,,
-52.7,47.56666666666667,ST JOHN'S,8403500,8403500.1952.4.22,1952-04-22 00:00:00,NL,1952,4,22,5,,0,,10,,0,,0,,0,,,,,,,,0,,13,,,,,
-52.7,47.56666666666667,ST JOHN'S,8403500,8403500.1952.4.23,1952-04-23 00:00:00,NL,1952,4,23,5.3,,-1.1,,11.7,,2,,2,,0,,,,,,,,0,,12.7,,,,,
-52.7,47.56666666666667,ST JOHN'S,8403500,8403500.1952.4.24,1952-04-24 00:00:00,NL,1952,4,24,2,,-1.1,,5,,0,,0,,0,,,,,,,,0,,16,,,,,
-52.7,47.56666666666667,ST JOHN'S,8403500,8403500.1952.4.25,1952-04-25 00:00:00,NL,1952,4,25,3.1,,-3.3,,9.4,,0,,0,,0,,,,,,,,0,,14.9,,,,,
-52.7,47.56666666666667,ST JOHN'S,8403500,8403500.1952.4.26,1952-04-26 00:00:00,NL,1952,4,26,6.2,,0.6,,11.7,,1.3,,1.3,,0,,,,,,,,0,,11.8,,,,,
-52.7,47.56666666666667,ST JOHN'S,8403500,8403500.1952.4.27,1952-04-27 00:00:00,NL,1952,4,27,5.6,,0.6,,10.6,,0,,0,,0,,,,,,,,0,,12.4,,,,,
-52.7,47.56666666666667,ST JOHN'S,8403500,8403500.1952.4.28,1952-04-28 00:00:00,NL,1952,4,28,7,,0,,13.9,,0,,0,,0,,,,,,,,0,,11,,,,,
-52.7,47.56666666666667,ST JOHN'S,8403500,8403500.1952.4.29,1952-04-29 00:00:00,NL,1952,4,29,5.9,,1.1,,10.6,,5.3,,5.3,,0,,,,,,,,0,,12.1,,,,,
-52.7,47.56666666666667,ST JOHN'S,8403500,8403500.1952.4.30,1952-04-30 00:00:00,NL,1952,4,30,8.9,,1.1,,16.7,,2,,2,,0,,,,,,,,0,,9.1,,,,,
-52.7,47.56666666666667,ST JOHN'S,8403500,8403500.1952.5.1,1952-05-01 00:00:00,NL,1952,5,1,9.7,,3.3,,16.1,,0.3,,0.3,,0,,,,,,,,0,,8.3,,,,,
-52.7,47.56666666666667,ST JOHN'S,8403500,8403500.1952.5.2,1952-05-02 00:00:00,NL,1952,5,2,7,,2.2,,11.7,,0,,0,,0,,,,,,,,0,,11,,,,,
-52.7,47.56666666666667,ST JOHN'S,8403500,8403500.1952.5.3,1952-05-03 00:00:00,NL,1952,5,3,4.2,,-0.6,,8.9,,0,,0,,0,,,,,,,,0,,13.8,,,,,
-52.7,47.56666666666667,ST JOHN'S,8403500,8403500.1952.5.4,1952-05-04 00:00:00,NL,1952,5,4,9.5,,2.2,,16.7,,4.6,,4.6,,0,,,,,,,,0,,8.5,,,,,
-52.7,47.56666666666667,ST JOHN'S,8403500,8403500.1952.5.5,1952-05-05 00:00:00,NL,1952,5,5,2.5,,0.6,,4.4,,3.8,,3.8,,0,,,,,,,,0,,15.5,,,,,
-52.7,47.56666666666667,ST JOHN'S,8403500,8403500.1952.5.6,1952-05-06 00:00:00,NL,1952,5,6,4.7,,1.1,,8.3,,32.8,,32.8,,0,,,,,,,,0,,13.3,,,,,
-52.7,47.56666666666667,ST JOHN'S,8403500,8403500.1952.5.7,1952-05-07 00:00:00,NL,1952,5,7,6.1,,4.4,,7.8,,12.2,,12.2,,0,,,,,,,,0,,11.9,,,,,
-52.7,47.56666666666667,ST JOHN'S,8403500,8403500.1952.5.8,1952-05-08 00:00:00,NL,1952,5,8,4.5,,3.3,,5.6,,12.4,,12.4,,0,,,,,,,,0,,13.5,,,,,
-52.7,47.56666666666667,ST JOHN'S,8403500,8403500.1952.5.9,1952-05-09 00:00:00,NL,1952,5,9,5.6,,3.3,,7.8,,1.5,,1.5,,0,,,,,,,,0,,12.4,,,,,
-52.7,47.56666666666667,ST JOHN'S,8403500,8403500.1952.5.10,1952-05-10 00:00:00,NL,1952,5,10,5.3,,2.8,,7.8,,1.8,,1.8,,0,,,,,,,,0,,12.7,,,,,
-52.7,47.56666666666667,ST JOHN'S,8403500,8403500.1952.5.11,1952-05-11 00:00:00,NL,1952,5,11,5.3,,2.8,,7.8,,8.6,,8.6,,0,,,,,,,,0,,12.7,,,,,
-52.7,47.56666666666667,ST JOHN'S,8403500,8403500.1952.5.12,1952-05-12 00:00:00,NL,1952,5,12,3.9,,1.7,,6.1,,0,,0,,0,,,,,,,,0,,14.1,,,,,
-52.7,47.56666666666667,ST JOHN'S,8403500,8403500.1952.5.13,1952-05-13 00:00:00,NL,1952,5,13,4.5,,1.7,,7.2,,0,,0,,0,,,,,,,,0,,13.5,,,,,
-52.7,47.56666666666667,ST JOHN'S,8403500,8403500.1952.5.14,1952-05-14 00:00:00,NL,1952,5,14,3.4,,1.7,,5,,33.5,,33.5,,0,,,,,,,,0,,14.6,,,,,
-52.7,47.56666666666667,ST JOHN'S,8403500,8403500.1952.5.15,1952-05-15 00:00:00,NL,1952,5,15,3.4,,1.7,,5,,6.1,,6.1,,0,,,,,,,,0,,14.6,,,,,
-52.7,47.56666666666667,ST JOHN'S,8403500,8403500.1952.5.16,1952-05-16 00:00:00,NL,1952,5,16,3.4,,1.7,,5,,0,,0,,0,,,,,,,,0,,14.6,,,,,
-52.7,47.56666666666667,ST JOHN'S,8403500,8403500.1952.5.17,1952-05-17 00:00:00,NL,1952,5,17,2.8,,0.6,,5,,0,,0,,0,,,,,,,,0,,15.2,,,,,
-52.7,47.56666666666667,ST JOHN'S,8403500,8403500.1952.5.18,1952-05-18 00:00:00,NL,1952,5,18,6.1,,-0.6,,12.8,,0,,0,,0,,,,,,,,0,,11.9,,,,,
-52.7,47.56666666666667,ST JOHN'S,8403500,8403500.1952.5.19,1952-05-19 00:00:00,NL,1952,5,19,8.6,,4.4,,12.8,,0,,0,,0,,,,,,,,0,,9.4,,,,,
-52.7,47.56666666666667,ST JOHN'S,8403500,8403500.1952.5.20,1952-05-20 00:00:00,NL,1952,5,20,7,,0.6,,13.3,,0,,0,,0,,,,,,,,0,,11,,,,,
-52.7,47.56666666666667,ST JOHN'S,8403500,8403500.1952.5.21,1952-05-21 00:00:00,NL,1952,5,21,9.5,,3.3,,15.6,,0,,0,,0,,,,,,,,0,,8.5,,,,,
-52.7,47.56666666666667,ST JOHN'S,8403500,8403500.1952.5.22,1952-05-22 00:00:00,NL,1952,5,22,11.1,,7.2,,15,,0,,0,,0,,,,,,,,0,,6.9,,,,,
-52.7,47.56666666666667,ST JOHN'S,8403500,8403500.1952.5.23,1952-05-23 00:00:00,NL,1952,5,23,5,,3.3,,6.7,,0,,0,,0,,,,,,,,0,,13,,,,,
-52.7,47.56666666666667,ST JOHN'S,8403500,8403500.1952.5.24,1952-05-24 00:00:00,NL,1952,5,24,6.1,,3.3,,8.9,,0,,0,,0,,,,,,,,0,,11.9,,,,,
-52.7,47.56666666666667,ST JOHN'S,8403500,8403500.1952.5.25,1952-05-25 00:00:00,NL,1952,5,25,5.8,,3.3,,8.3,,0,,0,,0,,,,,,,,0,,12.2,,,,,
-52.7,47.56666666666667,ST JOHN'S,8403500,8403500.1952.5.26,1952-05-26 00:00:00,NL,1952,5,26,6.1,,2.8,,9.4,,0,,0,,0,,,,,,,,0,,11.9,,,,,
-52.7,47.56666666666667,ST JOHN'S,8403500,8403500.1952.5.27,1952-05-27 00:00:00,NL,1952,5,27,8.6,,2.2,,15,,0,,0,,0,,,,,,,,0,,9.4,,,,,
-52.7,47.56666666666667,ST JOHN'S,8403500,8403500.1952.5.28,1952-05-28 00:00:00,NL,1952,5,28,5.6,,2.8,,8.3,,4.3,,4.3,,0,,,,,,,,0,,12.4,,,,,
-52.7,47.56666666666667,ST JOHN'S,8403500,8403500.1952.5.29,1952-05-29 00:00:00,NL,1952,5,29,8.1,,4.4,,11.7,,1.8,,1.8,,0,,,,,,,,0,,9.9,,,,,
-52.7,47.56666666666667,ST JOHN'S,8403500,8403500.1952.5.30,1952-05-30 00:00:00,NL,1952,5,30,9.5,,5,,13.9,,0.5,,0.5,,0,,,,,,,,0,,8.5,,,,,
-52.7,47.56666666666667,ST JOHN'S,8403500,8403500.1952.5.31,1952-05-31 00:00:00,NL,1952,5,31,10.6,,6.7,,14.4,,0,,0,,0,,,,,,,,0,,7.4,,,,,
-52.7,47.56666666666667,ST JOHN'S,8403500,8403500.1952.6.1,1952-06-01 00:00:00,NL,1952,6,1,11.4,,7.2,,15.6,,1,,1,,0,,,,,,,,0,,6.6,,,,,
-52.7,47.56666666666667,ST JOHN'S,8403500,8403500.1952.6.2,1952-06-02 00:00:00,NL,1952,6,2,6.1,,3.3,,8.9,,0,,0,,0,,,,,,,,0,,11.9,,,,,
-52.7,47.56666666666667,ST JOHN'S,8403500,8403500.1952.6.3,1952-06-03 00:00:00,NL,1952,6,3,10,,3.3,,16.7,,0,,0,,0,,,,,,,,0,,8,,,,,
-52.7,47.56666666666667,ST JOHN'S,8403500,8403500.1952.6.4,1952-06-04 00:00:00,NL,1952,6,4,10.9,,5,,16.7,,3.8,,3.8,,0,,,,,,,,0,,7.1,,,,,
-52.7,47.56666666666667,ST JOHN'S,8403500,8403500.1952.6.5,1952-06-05 00:00:00,NL,1952,6,5,14.5,,10,,18.9,,0,,0,,0,,,,,,,,0,,3.5,,,,,
-52.7,47.56666666666667,ST JOHN'S,8403500,8403500.1952.6.6,1952-06-06 00:00:00,NL,1952,6,6,16.9,,9.4,,24.4,,0,,0,,0,,,,,,,,0,,1.1,,,,,
-52.7,47.56666666666667,ST JOHN'S,8403500,8403500.1952.6.7,1952-06-07 00:00:00,NL,1952,6,7,13.7,,10.6,,16.7,,4.1,,4.1,,0,,,,,,,,0,,4.3,,,,,
-52.7,47.56666666666667,ST JOHN'S,8403500,8403500.1952.6.8,1952-06-08 00:00:00,NL,1952,6,8,15.6,,8.9,,22.2,,0.5,,0.5,,0,,,,,,,,0,,2.4,,,,,
-52.7,47.56666666666667,ST JOHN'S,8403500,8403500.1952.6.9,1952-06-09 00:00:00,NL,1952,6,9,12.5,,8.9,,16.1,,0,,0,,0,,,,,,,,0,,5.5,,,,,
-52.7,47.56666666666667,ST JOHN'S,8403500,8403500.1952.6.10,1952-06-10 00:00:00,NL,1952,6,10,12.8,,7.8,,17.8,,0,,0,,0,,,,,,,,0,,5.2,,,,,
-52.7,47.56666666666667,ST JOHN'S,8403500,8403500.1952.6.11,1952-06-11 00:00:00,NL,1952,6,11,17.5,,8.3,,26.7,,2.3,,2.3,,0,,,,,,,,0,,0.5,,,,,
-52.7,47.56666666666667,ST JOHN'S,8403500,8403500.1952.6.12,1952-06-12 00:00:00,NL,1952,6,12,15.3,,11.7,,18.9,,0.5,,0.5,,0,,,,,,,,0,,2.7,,,,,
-52.7,47.56666666666667,ST JOHN'S,8403500,8403500.1952.6.13,1952-06-13 00:00:00,NL,1952,6,13,13.6,,9.4,,17.8,,4.8,,4.8,,0,,,,,,,,0,,4.4,,,,,
-52.7,47.56666666666667,ST JOHN'S,8403500,8403500.1952.6.14,1952-06-14 00:00:00,NL,1952,6,14,14.7,,8.3,,21.1,,0,,0,,0,,,,,,,,0,,3.3,,,,,
-52.7,47.56666666666667,ST JOHN'S,8403500,8403500.1952.6.15,1952-06-15 00:00:00,NL,1952,6,15,20,,13.9,,26.1,,0,,0,,0,,,,,,,,2,,0,,,,,
-52.7,47.56666666666667,ST JOHN'S,8403500,8403500.1952.6.16,1952-06-16 00:00:00,NL,1952,6,16,13.7,,10.6,,16.7,,1.3,,1.3,,0,,,,,,,,0,,4.3,,,,,
-52.7,47.56666666666667,ST JOHN'S,8403500,8403500.1952.6.17,1952-06-17 00:00:00,NL,1952,6,17,13.6,,8.3,,18.9,,0,,0,,0,,,,,,,,0,,4.4,,,,,
-52.7,47.56666666666667,ST JOHN'S,8403500,8403500.1952.6.18,1952-06-18 00:00:00,NL,1952,6,18,12.3,,6.7,,17.8,,5.3,,5.3,,0,,,,,,,,0,,5.7,,,,,
-52.7,47.56666666666667,ST JOHN'S,8403500,8403500.1952.6.19,1952-06-19 00:00:00,NL,1952,6,19,12,,6.1,,17.8,,3.6,,3.6,,0,,,,,,,,0,,6,,,,,
-52.7,47.56666666666667,ST JOHN'S,8403500,8403500.1952.6.20,1952-06-20 00:00:00,NL,1952,6,20,14.5,,10,,18.9,,2.3,,2.3,,0,,,,,,,,0,,3.5,,,,,
-52.7,47.56666666666667,ST JOHN'S,8403500,8403500.1952.6.21,1952-06-21 00:00:00,NL,1952,6,21,15,,9.4,,20.6,,0,,0,,0,,,,,,,,0,,3,,,,,
-52.7,47.56666666666667,ST JOHN'S,8403500,8403500.1952.6.22,1952-06-22 00:00:00,NL,1952,6,22,16.1,,11.1,,21.1,,0,,0,,0,,,,,,,,0,,1.9,,,,,
-52.7,47.56666666666667,ST JOHN'S,8403500,8403500.1952.6.23,1952-06-23 00:00:00,NL,1952,6,23,19.2,,12.8,,25.6,,0,,0,,0,,,,,,,,1.2,,0,,,,,
-52.7,47.56666666666667,ST JOHN'S,8403500,8403500.1952.6.24,1952-06-24 00:00:00,NL,1952,6,24,13.9,,6.1,,21.7,,5.8,,5.8,,0,,,,,,,,0,,4.1,,,,,
-52.7,47.56666666666667,ST JOHN'S,8403500,8403500.1952.6.25,1952-06-25 00:00:00,NL,1952,6,25,15.9,,8.9,,22.8,,0.8,,0.8,,0,,,,,,,,0,,2.1,,,,,
-52.7,47.56666666666667,ST JOHN'S,8403500,8403500.1952.6.26,1952-06-26 00:00:00,NL,1952,6,26,14.5,,8.9,,20,,27.9,,27.9,,0,,,,,,,,0,,3.5,,,,,
-52.7,47.56666666666667,ST JOHN'S,8403500,8403500.1952.6.27,1952-06-27 00:00:00,NL,1952,6,27,7.8,,7.2,,8.3,,10.4,,10.4,,0,,,,,,,,0,,10.2,,,,,
-52.7,47.56666666666667,ST JOHN'S,8403500,8403500.1952.6.28,1952-06-28 00:00:00,NL,1952,6,28,10.6,,6.7,,14.4,,0,,0,,0,,,,,,,,0,,7.4,,,,,
-52.7,47.56666666666667,ST JOHN'S,8403500,8403500.1952.6.29,1952-06-29 00:00:00,NL,1952,6,29,11.4,,7.2,,15.6,,3.8,,3.8,,0,,,,,,,,0,,6.6,,,,,
-52.7,47.56666666666667,ST JOHN'S,8403500,8403500.1952.6.30,1952-06-30 00:00:00,NL,1952,6,30,10.3,,5,,15.6,,0,,0,,0,,,,,,,,0,,7.7,,,,,
-52.7,47.56666666666667,ST JOHN'S,8403500,8403500.1952.7.1,1952-07-01 00:00:00,NL,1952,7,1,12.8,,5,,20.6,,0,,0,,0,,,,,,,,0,,5.2,,,,,
-52.7,47.56666666666667,ST JOHN'S,8403500,8403500.1952.7.2,1952-07-02 00:00:00,NL,1952,7,2,11.4,,8.9,,13.9,,5.3,,5.3,,0,,,,,,,,0,,6.6,,,,,
-52.7,47.56666666666667,ST JOHN'S,8403500,8403500.1952.7.3,1952-07-03 00:00:00,NL,1952,7,3,11.4,,6.7,,16.1,,0.3,,0.3,,0,,,,,,,,0,,6.6,,,,,
-52.7,47.56666666666667,ST JOHN'S,8403500,8403500.1952.7.4,1952-07-04 00:00:00,NL,1952,7,4,10.3,,1.7,,18.9,,0,,0,,0,,,,,,,,0,,7.7,,,,,
-52.7,47.56666666666667,ST JOHN'S,8403500,8403500.1952.7.5,1952-07-05 00:00:00,NL,1952,7,5,17,,10,,23.9,,0,,0,,0,,,,,,,,0,,1,,,,,
-52.7,47.56666666666667,ST JOHN'S,8403500,8403500.1952.7.6,1952-07-06 00:00:00,NL,1952,7,6,18.4,,11.7,,25,,0,,0,,0,,,,,,,,0.4,,0,,,,,
-52.7,47.56666666666667,ST JOHN'S,8403500,8403500.1952.7.7,1952-07-07 00:00:00,NL,1952,7,7,12.8,,9.4,,16.1,,0,,0,,0,,,,,,,,0,,5.2,,,,,
-52.7,47.56666666666667,ST JOHN'S,8403500,8403500.1952.7.8,1952-07-08 00:00:00,NL,1952,7,8,15.9,,6.1,,25.6,,0,,0,,0,,,,,,,,0,,2.1,,,,,
-52.7,47.56666666666667,ST JOHN'S,8403500,8403500.1952.7.9,1952-07-09 00:00:00,NL,1952,7,9,17.8,,11.1,,24.4,,0,,0,,0,,,,,,,,0,,0.2,,,,,
-52.7,47.56666666666667,ST JOHN'S,8403500,8403500.1952.7.10,1952-07-10 00:00:00,NL,1952,7,10,16.1,,8.3,,23.9,,0,,0,,0,,,,,,,,0,,1.9,,,,,
-52.7,47.56666666666667,ST JOHN'S,8403500,8403500.1952.7.11,1952-07-11 00:00:00,NL,1952,7,11,18.6,,10,,27.2,,0,,0,,0,,,,,,,,0.6,,0,,,,,
-52.7,47.56666666666667,ST JOHN'S,8403500,8403500.1952.7.12,1952-07-12 00:00:00,NL,1952,7,12,21.1,,14.4,,27.8,,0,,0,,0,,,,,,,,3.1,,0,,,,,
-52.7,47.56666666666667,ST JOHN'S,8403500,8403500.1952.7.13,1952-07-13 00:00:00,NL,1952,7,13,18.1,,12.2,,23.9,,0,,0,,0,,,,,,,,0.1,,0,,,,,
-52.7,47.56666666666667,ST JOHN'S,8403500,8403500.1952.7.14,1952-07-14 00:00:00,NL,1952,7,14,17.8,,13.9,,21.7,,0,,0,,0,,,,,,,,0,,0.2,,,,,
-52.7,47.56666666666667,ST JOHN'S,8403500,8403500.1952.7.15,1952-07-15 00:00:00,NL,1952,7,15,18.1,,11.7,,24.4,,0,,0,,0,,,,,,,,0.1,,0,,,,,
-52.7,47.56666666666667,ST JOHN'S,8403500,8403500.1952.7.16,1952-07-16 00:00:00,NL,1952,7,16,17.8,,11.1,,24.4,,0,,0,,0,,,,,,,,0,,0.2,,,,,
-52.7,47.56666666666667,ST JOHN'S,8403500,8403500.1952.7.17,1952-07-17 00:00:00,NL,1952,7,17,19.5,,15,,23.9,,2.3,,2.3,,0,,,,,,,,1.5,,0,,,,,
-52.7,47.56666666666667,ST JOHN'S,8403500,8403500.1952.7.18,1952-07-18 00:00:00,NL,1952,7,18,15.3,,13.3,,17.2,,0.5,,0.5,,0,,,,,,,,0,,2.7,,,,,
-52.7,47.56666666666667,ST JOHN'S,8403500,8403500.1952.7.19,1952-07-19 00:00:00,NL,1952,7,19,20.3,,12.8,,27.8,,4.6,,4.6,,0,,,,,,,,2.3,,0,,,,,
-52.7,47.56666666666667,ST JOHN'S,8403500,8403500.1952.7.20,1952-07-20 00:00:00,NL,1952,7,20,13.7,,10.6,,16.7,,7.9,,7.9,,0,,,,,,,,0,,4.3,,,,,
-52.7,47.56666666666667,ST JOHN'S,8403500,8403500.1952.7.21,1952-07-21 00:00:00,NL,1952,7,21,9.5,,1.7,,17.2,,0.5,,0.5,,0,,,,,,,,0,,8.5,,,,,
-52.7,47.56666666666667,ST JOHN'S,8403500,8403500.1952.7.22,1952-07-22 00:00:00,NL,1952,7,22,15.6,,8.9,,22.2,,1.5,,1.5,,0,,,,,,,,0,,2.4,,,,,
-52.7,47.56666666666667,ST JOHN'S,8403500,8403500.1952.7.23,1952-07-23 00:00:00,NL,1952,7,23,17,,12.8,,21.1,,1,,1,,0,,,,,,,,0,,1,,,,,
-52.7,47.56666666666667,ST JOHN'S,8403500,8403500.1952.7.24,1952-07-24 00:00:00,NL,1952,7,24,22.5,,15,,30,,0,,0,,0,,,,,,,,4.5,,0,,,,,
-52.7,47.56666666666667,ST JOHN'S,8403500,8403500.1952.7.25,1952-07-25 00:00:00,NL,1952,7,25,22,,16.7,,27.2,,0,,0,,0,,,,,,,,4,,0,,,,,
-52.7,47.56666666666667,ST JOHN'S,8403500,8403500.1952.7.26,1952-07-26 00:00:00,NL,1952,7,26,17.8,,9.4,,26.1,,0,,0,,0,,,,,,,,0,,0.2,,,,,
-52.7,47.56666666666667,ST JOHN'S,8403500,8403500.1952.7.27,1952-07-27 00:00:00,NL,1952,7,27,20.3,,12.2,,28.3,,0,,0,,0,,,,,,,,2.3,,0,,,,,
-52.7,47.56666666666667,ST JOHN'S,8403500,8403500.1952.7.28,1952-07-28 00:00:00,NL,1952,7,28,21.4,,16.1,,26.7,,0,,0,,0,,,,,,,,3.4,,0,,,,,
-52.7,47.56666666666667,ST JOHN'S,8403500,8403500.1952.7.29,1952-07-29 00:00:00,NL,1952,7,29,20.6,,15,,26.1,,0,,0,,0,,,,,,,,2.6,,0,,,,,
-52.7,47.56666666666667,ST JOHN'S,8403500,8403500.1952.7.30,1952-07-30 00:00:00,NL,1952,7,30,18.9,,13.3,,24.4,,0.3,,0.3,,0,,,,,,,,0.9,,0,,,,,
-52.7,47.56666666666667,ST JOHN'S,8403500,8403500.1952.7.31,1952-07-31 00:00:00,NL,1952,7,31,23.9,,20,,27.8,,2,,2,,0,,,,,,,,5.9,,0,,,,,
-52.7,47.56666666666667,ST JOHN'S,8403500,8403500.1952.8.1,1952-08-01 00:00:00,NL,1952,8,1,22.8,,17.8,,27.8,,1.8,,1.8,,0,,,,,,,,4.8,,0,,,,,
-52.7,47.56666666666667,ST JOHN'S,8403500,8403500.1952.8.2,1952-08-02 00:00:00,NL,1952,8,2,21.4,,16.7,,26.1,,0,,0,,0,,,,,,,,3.4,,0,,,,,
-52.7,47.56666666666667,ST JOHN'S,8403500,8403500.1952.8.3,1952-08-03 00:00:00,NL,1952,8,3,19.7,,17.2,,22.2,,16.5,,16.5,,0,,,,,,,,1.7,,0,,,,,
-52.7,47.56666666666667,ST JOHN'S,8403500,8403500.1952.8.4,1952-08-04 00:00:00,NL,1952,8,4,20.9,,16.7,,25,,0,,0,,0,,,,,,,,2.9,,0,,,,,
-52.7,47.56666666666667,ST JOHN'S,8403500,8403500.1952.8.5,1952-08-05 00:00:00,NL,1952,8,5,19.2,,13.3,,25,,0,,0,,0,,,,,,,,1.2,,0,,,,,
-52.7,47.56666666666667,ST JOHN'S,8403500,8403500.1952.8.6,1952-08-06 00:00:00,NL,1952,8,6,19.2,,12.8,,25.6,,3.3,,3.3,,0,,,,,,,,1.2,,0,,,,,
-52.7,47.56666666666667,ST JOHN'S,8403500,8403500.1952.8.7,1952-08-07 00:00:00,NL,1952,8,7,21.1,,16.1,,26.1,,10.9,,10.9,,0,,,,,,,,3.1,,0,,,,,
-52.7,47.56666666666667,ST JOHN'S,8403500,8403500.1952.8.8,1952-08-08 00:00:00,NL,1952,8,8,19.5,,13.9,,25,,1,,1,,0,,,,,,,,1.5,,0,,,,,
-52.7,47.56666666666667,ST JOHN'S,8403500,8403500.1952.8.9,1952-08-09 00:00:00,NL,1952,8,9,16.4,,13.3,,19.4,,0,,0,,0,,,,,,,,0,,1.6,,,,,
-52.7,47.56666666666667,ST JOHN'S,8403500,8403500.1952.8.10,1952-08-10 00:00:00,NL,1952,8,10,17.2,,11.1,,23.3,,0.3,,0.3,,0,,,,,,,,0,,0.8,,,,,
-52.7,47.56666666666667,ST JOHN'S,8403500,8403500.1952.8.11,1952-08-11 00:00:00,NL,1952,8,11,17,,12.8,,21.1,,0.5,,0.5,,0,,,,,,,,0,,1,,,,,
-52.7,47.56666666666667,ST JOHN'S,8403500,8403500.1952.8.12,1952-08-12 00:00:00,NL,1952,8,12,22,,16.1,,27.8,,0,,0,,0,,,,,,,,4,,0,,,,,
-52.7,47.56666666666667,ST JOHN'S,8403500,8403500.1952.8.13,1952-08-13 00:00:00,NL,1952,8,13,24.7,,20,,29.4,,0,,0,,0,,,,,,,,6.7,,0,,,,,
-52.7,47.56666666666667,ST JOHN'S,8403500,8403500.1952.8.14,1952-08-14 00:00:00,NL,1952,8,14,23.1,,20,,26.1,,0,,0,,0,,,,,,,,5.1,,0,,,,,
-52.7,47.56666666666667,ST JOHN'S,8403500,8403500.1952.8.15,1952-08-15 00:00:00,NL,1952,8,15,16.9,,14.4,,19.4,,0,,0,,0,,,,,,,,0,,1.1,,,,,
-52.7,47.56666666666667,ST JOHN'S,8403500,8403500.1952.8.16,1952-08-16 00:00:00,NL,1952,8,16,17.8,,10.6,,25,,0,,0,,0,,,,,,,,0,,0.2,,,,,
-52.7,47.56666666666667,ST JOHN'S,8403500,8403500.1952.8.17,1952-08-17 00:00:00,NL,1952,8,17,20.3,,14.4,,26.1,,2,,2,,0,,,,,,,,2.3,,0,,,,,
-52.7,47.56666666666667,ST JOHN'S,8403500,8403500.1952.8.18,1952-08-18 00:00:00,NL,1952,8,18,18.3,,14.4,,22.2,,2,,2,,0,,,,,,,,0.3,,0,,,,,
-52.7,47.56666666666667,ST JOHN'S,8403500,8403500.1952.8.19,1952-08-19 00:00:00,NL,1952,8,19,19.7,,17.2,,22.2,,1,,1,,0,,,,,,,,1.7,,0,,,,,
-52.7,47.56666666666667,ST JOHN'S,8403500,8403500.1952.8.20,1952-08-20 00:00:00,NL,1952,8,20,16.4,,14.4,,18.3,,0,,0,,0,,,,,,,,0,,1.6,,,,,
-52.7,47.56666666666667,ST JOHN'S,8403500,8403500.1952.8.21,1952-08-21 00:00:00,NL,1952,8,21,17.5,,12.8,,22.2,,0,,0,,0,,,,,,,,0,,0.5,,,,,
-52.7,47.56666666666667,ST JOHN'S,8403500,8403500.1952.8.22,1952-08-22 00:00:00,NL,1952,8,22,16.4,,10.6,,22.2,,0.8,,0.8,,0,,,,,,,,0,,1.6,,,,,
-52.7,47.56666666666667,ST JOHN'S,8403500,8403500.1952.8.23,1952-08-23 00:00:00,NL,1952,8,23,18.1,,16.7,,19.4,,24.6,,24.6,,0,,,,,,,,0.1,,0,,,,,
-52.7,47.56666666666667,ST JOHN'S,8403500,8403500.1952.8.24,1952-08-24 00:00:00,NL,1952,8,24,19.5,,15.6,,23.3,,0,,0,,0,,,,,,,,1.5,,0,,,,,
-52.7,47.56666666666667,ST JOHN'S,8403500,8403500.1952.8.25,1952-08-25 00:00:00,NL,1952,8,25,18.1,,14.4,,21.7,,0,,0,,0,,,,,,,,0.1,,0,,,,,
-52.7,47.56666666666667,ST JOHN'S,8403500,8403500.1952.8.26,1952-08-26 00:00:00,NL,1952,8,26,16.4,,11.1,,21.7,,0,,0,,0,,,,,,,,0,,1.6,,,,,
-52.7,47.56666666666667,ST JOHN'S,8403500,8403500.1952.8.27,1952-08-27 00:00:00,NL,1952,8,27,19.2,,13.3,,25,,0,,0,,0,,,,,,,,1.2,,0,,,,,
-52.7,47.56666666666667,ST JOHN'S,8403500,8403500.1952.8.28,1952-08-28 00:00:00,NL,1952,8,28,21.1,,13.9,,28.3,,0,,0,,0,,,,,,,,3.1,,0,,,,,
-52.7,47.56666666666667,ST JOHN'S,8403500,8403500.1952.8.29,1952-08-29 00:00:00,NL,1952,8,29,22,,12.8,,31.1,,3,,3,,0,,,,,,,,4,,0,,,,,
-52.7,47.56666666666667,ST JOHN'S,8403500,8403500.1952.8.30,1952-08-30 00:00:00,NL,1952,8,30,14.5,,12.2,,16.7,,72.9,,72.9,,0,,,,,,,,0,,3.5,,,,,
-52.7,47.56666666666667,ST JOHN'S,8403500,8403500.1952.8.31,1952-08-31 00:00:00,NL,1952,8,31,11.9,,9.4,,14.4,,0,,0,,0,,,,,,,,0,,6.1,,,,,
-52.7,47.56666666666667,ST JOHN'S,8403500,8403500.1952.9.1,1952-09-01 00:00:00,NL,1952,9,1,13.1,,10,,16.1,,0,,0,,0,,,,,,,,0,,4.9,,,,,
-52.7,47.56666666666667,ST JOHN'S,8403500,8403500.1952.9.2,1952-09-02 00:00:00,NL,1952,9,2,11.7,,9.4,,13.9,,8.1,,8.1,,0,,,,,,,,0,,6.3,,,,,
-52.7,47.56666666666667,ST JOHN'S,8403500,8403500.1952.9.3,1952-09-03 00:00:00,NL,1952,9,3,15,,10.6,,19.4,,0,,0,,0,,,,,,,,0,,3,,,,,
-52.7,47.56666666666667,ST JOHN'S,8403500,8403500.1952.9.4,1952-09-04 00:00:00,NL,1952,9,4,13.4,,7.8,,18.9,,3.6,,3.6,,0,,,,,,,,0,,4.6,,,,,
-52.7,47.56666666666667,ST JOHN'S,8403500,8403500.1952.9.5,1952-09-05 00:00:00,NL,1952,9,5,13.9,,7.8,,20,,0,,0,,0,,,,,,,,0,,4.1,,,,,
-52.7,47.56666666666667,ST JOHN'S,8403500,8403500.1952.9.6,1952-09-06 00:00:00,NL,1952,9,6,14.5,,7.2,,21.7,,0,,0,,0,,,,,,,,0,,3.5,,,,,
-52.7,47.56666666666667,ST JOHN'S,8403500,8403500.1952.9.7,1952-09-07 00:00:00,NL,1952,9,7,16.2,,11.7,,20.6,,64.8,,64.8,,0,,,,,,,,0,,1.8,,,,,
-52.7,47.56666666666667,ST JOHN'S,8403500,8403500.1952.9.8,1952-09-08 00:00:00,NL,1952,9,8,8.7,,5.6,,11.7,,3,,3,,0,,,,,,,,0,,9.3,,,,,
-52.7,47.56666666666667,ST JOHN'S,8403500,8403500.1952.9.9,1952-09-09 00:00:00,NL,1952,9,9,10.9,,5,,16.7,,0,,0,,0,,,,,,,,0,,7.1,,,,,
-52.7,47.56666666666667,ST JOHN'S,8403500,8403500.1952.9.10,1952-09-10 00:00:00,NL,1952,9,10,14.7,,10,,19.4,,0,,0,,0,,,,,,,,0,,3.3,,,,,
-52.7,47.56666666666667,ST JOHN'S,8403500,8403500.1952.9.11,1952-09-11 00:00:00,NL,1952,9,11,15,,11.7,,18.3,,0.5,,0.5,,0,,,,,,,,0,,3,,,,,
-52.7,47.56666666666667,ST JOHN'S,8403500,8403500.1952.9.12,1952-09-12 00:00:00,NL,1952,9,12,13.9,,11.1,,16.7,,0.3,,0.3,,0,,,,,,,,0,,4.1,,,,,
-52.7,47.56666666666667,ST JOHN'S,8403500,8403500.1952.9.13,1952-09-13 00:00:00,NL,1952,9,13,12.2,,10,,14.4,,8.1,,8.1,,0,,,,,,,,0,,5.8,,,,,
-52.7,47.56666666666667,ST JOHN'S,8403500,8403500.1952.9.14,1952-09-14 00:00:00,NL,1952,9,14,8.6,,7.2,,10,,23.6,,23.6,,0,,,,,,,,0,,9.4,,,,,
-52.7,47.56666666666667,ST JOHN'S,8403500,8403500.1952.9.15,1952-09-15 00:00:00,NL,1952,9,15,9.7,,6.1,,13.3,,0,,0,,0,,,,,,,,0,,8.3,,,,,
-52.7,47.56666666666667,ST JOHN'S,8403500,8403500.1952.9.16,1952-09-16 00:00:00,NL,1952,9,16,9.5,,2.2,,16.7,,18.3,,18.3,,0,,,,,,,,0,,8.5,,,,,
-52.7,47.56666666666667,ST JOHN'S,8403500,8403500.1952.9.17,1952-09-17 00:00:00,NL,1952,9,17,16.4,,11.1,,21.7,,2.5,,2.5,,0,,,,,,,,0,,1.6,,,,,
-52.7,47.56666666666667,ST JOHN'S,8403500,8403500.1952.9.18,1952-09-18 00:00:00,NL,1952,9,18,15,,12.2,,17.8,,1.5,,1.5,,0,,,,,,,,0,,3,,,,,
-52.7,47.56666666666667,ST JOHN'S,8403500,8403500.1952.9.19,1952-09-19 00:00:00,NL,1952,9,19,15.9,,11.7,,20,,0,,0,,0,,,,,,,,0,,2.1,,,,,
-52.7,47.56666666666667,ST JOHN'S,8403500,8403500.1952.9.20,1952-09-20 00:00:00,NL,1952,9,20,15.9,,10,,21.7,,1.3,,1.3,,0,,,,,,,,0,,2.1,,,,,
-52.7,47.56666666666667,ST JOHN'S,8403500,8403500.1952.9.21,1952-09-21 00:00:00,NL,1952,9,21,18.9,,13.3,,24.4,,7.4,,7.4,,0,,,,,,,,0.9,,0,,,,,
-52.7,47.56666666666667,ST JOHN'S,8403500,8403500.1952.9.22,1952-09-22 00:00:00,NL,1952,9,22,13.7,,11.7,,15.6,,0,,0,,0,,,,,,,,0,,4.3,,,,,
-52.7,47.56666666666667,ST JOHN'S,8403500,8403500.1952.9.23,1952-09-23 00:00:00,NL,1952,9,23,13.6,,10,,17.2,,0,,0,,0,,,,,,,,0,,4.4,,,,,
-52.7,47.56666666666667,ST JOHN'S,8403500,8403500.1952.9.24,1952-09-24 00:00:00,NL,1952,9,24,12.5,,10,,15,,0.8,,0.8,,0,,,,,,,,0,,5.5,,,,,
-52.7,47.56666666666667,ST JOHN'S,8403500,8403500.1952.9.25,1952-09-25 00:00:00,NL,1952,9,25,13.1,,8.9,,17.2,,0,,0,,0,,,,,,,,0,,4.9,,,,,
-52.7,47.56666666666667,ST JOHN'S,8403500,8403500.1952.9.26,1952-09-26 00:00:00,NL,1952,9,26,12.2,,7.2,,17.2,,0,,0,,0,,,,,,,,0,,5.8,,,,,
-52.7,47.56666666666667,ST JOHN'S,8403500,8403500.1952.9.27,1952-09-27 00:00:00,NL,1952,9,27,12.2,,10,,14.4,,6.4,,6.4,,0,,,,,,,,0,,5.8,,,,,
-52.7,47.56666666666667,ST JOHN'S,8403500,8403500.1952.9.28,1952-09-28 00:00:00,NL,1952,9,28,10.6,,6.1,,15,,0,,0,,0,,,,,,,,0,,7.4,,,,,
-52.7,47.56666666666667,ST JOHN'S,8403500,8403500.1952.9.29,1952-09-29 00:00:00,NL,1952,9,29,9.5,,6.1,,12.8,,0,,0,,0,,,,,,,,0,,8.5,,,,,
-52.7,47.56666666666667,ST JOHN'S,8403500,8403500.1952.9.30,1952-09-30 00:00:00,NL,1952,9,30,11.4,,3.3,,19.4,,0,,0,,0,,,,,,,,0,,6.6,,,,,
-52.7,47.56666666666667,ST JOHN'S,8403500,8403500.1952.10.1,1952-10-01 00:00:00,NL,1952,10,1,12.8,,6.7,,18.9,,0,,0,,0,,,,,,,,0,,5.2,,,,,
-52.7,47.56666666666667,ST JOHN'S,8403500,8403500.1952.10.2,1952-10-02 00:00:00,NL,1952,10,2,8.4,,5,,11.7,,0,,0,,0,,,,,,,,0,,9.6,,,,,
-52.7,47.56666666666667,ST JOHN'S,8403500,8403500.1952.10.3,1952-10-03 00:00:00,NL,1952,10,3,7.8,,3.3,,12.2,,0,,0,,0,,,,,,,,0,,10.2,,,,,
-52.7,47.56666666666667,ST JOHN'S,8403500,8403500.1952.10.4,1952-10-04 00:00:00,NL,1952,10,4,10,,7.8,,12.2,,1.5,,1.5,,0,,,,,,,,0,,8,,,,,
-52.7,47.56666666666667,ST JOHN'S,8403500,8403500.1952.10.5,1952-10-05 00:00:00,NL,1952,10,5,11.7,,6.7,,16.7,,0,,0,,0,,,,,,,,0,,6.3,,,,,
-52.7,47.56666666666667,ST JOHN'S,8403500,8403500.1952.10.6,1952-10-06 00:00:00,NL,1952,10,6,12.8,,5.6,,20,,0,,0,,0,,,,,,,,0,,5.2,,,,,
-52.7,47.56666666666667,ST JOHN'S,8403500,8403500.1952.10.7,1952-10-07 00:00:00,NL,1952,10,7,9.7,,3.3,,16.1,,0.5,,0.5,,0,,,,,,,,0,,8.3,,,,,
-52.7,47.56666666666667,ST JOHN'S,8403500,8403500.1952.10.8,1952-10-08 00:00:00,NL,1952,10,8,11.4,,6.7,,16.1,,18.5,,18.5,,0,,,,,,,,0,,6.6,,,,,
-52.7,47.56666666666667,ST JOHN'S,8403500,8403500.1952.10.9,1952-10-09 00:00:00,NL,1952,10,9,8.9,,6.7,,11.1,,0,,0,,0,,,,,,,,0,,9.1,,,,,
-52.7,47.56666666666667,ST JOHN'S,8403500,8403500.1952.10.10,1952-10-10 00:00:00,NL,1952,10,10,6.7,,2.2,,11.1,,0,,0,,0,,,,,,,,0,,11.3,,,,,
-52.7,47.56666666666667,ST JOHN'S,8403500,8403500.1952.10.11,1952-10-11 00:00:00,NL,1952,10,11,6.7,,3.3,,10,,0,,0,,0,,,,,,,,0,,11.3,,,,,
-52.7,47.56666666666667,ST JOHN'S,8403500,8403500.1952.10.12,1952-10-12 00:00:00,NL,1952,10,12,6.2,,1.7,,10.6,,4.3,,4.3,,0,,,,,,,,0,,11.8,,,,,
-52.7,47.56666666666667,ST JOHN'S,8403500,8403500.1952.10.13,1952-10-13 00:00:00,NL,1952,10,13,8.6,,4.4,,12.8,,0,,0,,0,,,,,,,,0,,9.4,,,,,
-52.7,47.56666666666667,ST JOHN'S,8403500,8403500.1952.10.14,1952-10-14 00:00:00,NL,1952,10,14,10.3,,5,,15.6,,3.3,,3.3,,0,,,,,,,,0,,7.7,,,,,
-52.7,47.56666666666667,ST JOHN'S,8403500,8403500.1952.10.15,1952-10-15 00:00:00,NL,1952,10,15,7.3,,5.6,,8.9,,0,,0,,0,,,,,,,,0,,10.7,,,,,
-52.7,47.56666666666667,ST JOHN'S,8403500,8403500.1952.10.16,1952-10-16 00:00:00,NL,1952,10,16,5.6,,0,,11.1,,20.3,,20.3,,0,,,,,,,,0,,12.4,,,,,
-52.7,47.56666666666667,ST JOHN'S,8403500,8403500.1952.10.17,1952-10-17 00:00:00,NL,1952,10,17,9.7,,7.2,,12.2,,0,,0,,0,,,,,,,,0,,8.3,,,,,
-52.7,47.56666666666667,ST JOHN'S,8403500,8403500.1952.10.18,1952-10-18 00:00:00,NL,1952,10,18,6.1,,2.2,,10,,0,,0,,0,,,,,,,,0,,11.9,,,,,
-52.7,47.56666666666667,ST JOHN'S,8403500,8403500.1952.10.19,1952-10-19 00:00:00,NL,1952,10,19,3.7,,0.6,,6.7,,1,,0,,1,,,,,,,,0,,14.3,,,,,
-52.7,47.56666666666667,ST JOHN'S,8403500,8403500.1952.10.20,1952-10-20 00:00:00,NL,1952,10,20,3.4,,-2.2,,8.9,,5.6,,5.6,,0,,,,,,,,0,,14.6,,,,,
-52.7,47.56666666666667,ST JOHN'S,8403500,8403500.1952.10.21,1952-10-21 00:00:00,NL,1952,10,21,2.8,,1.1,,4.4,,2,,2,,0,,,,,,,,0,,15.2,,,,,
-52.7,47.56666666666667,ST JOHN'S,8403500,8403500.1952.10.22,1952-10-22 00:00:00,NL,1952,10,22,1.4,,-0.6,,3.3,,0,,0,,0,,,,,,,,0,,16.6,,,,,
-52.7,47.56666666666667,ST JOHN'S,8403500,8403500.1952.10.23,1952-10-23 00:00:00,NL,1952,10,23,7,,0,,13.9,,3.3,,3.3,,0,,,,,,,,0,,11,,,,,
-52.7,47.56666666666667,ST JOHN'S,8403500,8403500.1952.10.24,1952-10-24 00:00:00,NL,1952,10,24,8.9,,3.3,,14.4,,5.6,,5.6,,0,,,,,,,,0,,9.1,,,,,
-52.7,47.56666666666667,ST JOHN'S,8403500,8403500.1952.10.25,1952-10-25 00:00:00,NL,1952,10,25,6.4,,3.3,,9.4,,1.3,,1.3,,0,,,,,,,,0,,11.6,,,,,
-52.7,47.56666666666667,ST JOHN'S,8403500,8403500.1952.10.26,1952-10-26 00:00:00,NL,1952,10,26,4.2,,1.1,,7.2,,0,,0,,0,,,,,,,,0,,13.8,,,,,
-52.7,47.56666666666667,ST JOHN'S,8403500,8403500.1952.10.27,1952-10-27 00:00:00,NL,1952,10,27,5.9,,0,,11.7,,0,,0,,0,,,,,,,,0,,12.1,,,,,
-52.7,47.56666666666667,ST JOHN'S,8403500,8403500.1952.10.28,1952-10-28 00:00:00,NL,1952,10,28,9.7,,2.2,,17.2,,0,,0,,0,,,,,,,,0,,8.3,,,,,
-52.7,47.56666666666667,ST JOHN'S,8403500,8403500.1952.10.29,1952-10-29 00:00:00,NL,1952,10,29,13.4,,10,,16.7,,45,,45,,0,,,,,,,,0,,4.6,,,,,
-52.7,47.56666666666667,ST JOHN'S,8403500,8403500.1952.10.30,1952-10-30 00:00:00,NL,1952,10,30,5.3,,3.3,,7.2,,2.3,,2.3,,0,,,,,,,,0,,12.7,,,,,
-52.7,47.56666666666667,ST JOHN'S,8403500,8403500.1952.10.31,1952-10-31 00:00:00,NL,1952,10,31,5.3,,1.7,,8.9,,0.8,,0.8,,0,,,,,,,,0,,12.7,,,,,
-52.7,47.56666666666667,ST JOHN'S,8403500,8403500.1952.11.1,1952-11-01 00:00:00,NL,1952,11,1,8.4,,6.1,,10.6,,0.8,,0.8,,0,,,,,,,,0,,9.6,,,,,
-52.7,47.56666666666667,ST JOHN'S,8403500,8403500.1952.11.2,1952-11-02 00:00:00,NL,1952,11,2,3.4,,1.7,,5,,0.5,,0.5,,0,,,,,,,,0,,14.6,,,,,
-52.7,47.56666666666667,ST JOHN'S,8403500,8403500.1952.11.3,1952-11-03 00:00:00,NL,1952,11,3,5.3,,-0.6,,11.1,,0,,0,,0,,,,,,,,0,,12.7,,,,,
-52.7,47.56666666666667,ST JOHN'S,8403500,8403500.1952.11.4,1952-11-04 00:00:00,NL,1952,11,4,10.8,,7.2,,14.4,,0,,0,,0,,,,,,,,0,,7.2,,,,,
-52.7,47.56666666666667,ST JOHN'S,8403500,8403500.1952.11.5,1952-11-05 00:00:00,NL,1952,11,5,12,,10.6,,13.3,,5.6,,5.6,,0,,,,,,,,0,,6,,,,,
-52.7,47.56666666666667,ST JOHN'S,8403500,8403500.1952.11.6,1952-11-06 00:00:00,NL,1952,11,6,6.9,,4.4,,9.4,,3.8,,3.8,,0,,,,,,,,0,,11.1,,,,,
-52.7,47.56666666666667,ST JOHN'S,8403500,8403500.1952.11.7,1952-11-07 00:00:00,NL,1952,11,7,8.1,,2.2,,13.9,,4.6,,4.6,,0,,,,,,,,0,,9.9,,,,,
-52.7,47.56666666666667,ST JOHN'S,8403500,8403500.1952.11.8,1952-11-08 00:00:00,NL,1952,11,8,7.8,,6.7,,8.9,,5.6,,5.6,,0,,,,,,,,0,,10.2,,,,,
-52.7,47.56666666666667,ST JOHN'S,8403500,8403500.1952.11.9,1952-11-09 00:00:00,NL,1952,11,9,5,,3.3,,6.7,,3.6,,3.6,,0,,,,,,,,0,,13,,,,,
-52.7,47.56666666666667,ST JOHN'S,8403500,8403500.1952.11.10,1952-11-10 00:00:00,NL,1952,11,10,5,,-0.6,,10.6,,36.3,,36.3,,0,,,,,,,,0,,13,,,,,
-52.7,47.56666666666667,ST JOHN'S,8403500,8403500.1952.11.11,1952-11-11 00:00:00,NL,1952,11,11,2.2,,0,,4.4,,0,,0,,0,,,,,,,,0,,15.8,,,,,
-52.7,47.56666666666667,ST JOHN'S,8403500,8403500.1952.11.12,1952-11-12 00:00:00,NL,1952,11,12,0.8,,-0.6,,2.2,,61.2,,60.5,,0.8,,,,,,,,0,,17.2,,,,,
-52.7,47.56666666666667,ST JOHN'S,8403500,8403500.1952.11.13,1952-11-13 00:00:00,NL,1952,11,13,1.4,,-0.6,,3.3,,1.5,,0,,1.5,,,,,,,,0,,16.6,,,,,
-52.7,47.56666666666667,ST JOHN'S,8403500,8403500.1952.11.14,1952-11-14 00:00:00,NL,1952,11,14,0.6,,-1.7,,2.8,,0.8,,0,,0.8,,,,,,,,0,,17.4,,,,,
-52.7,47.56666666666667,ST JOHN'S,8403500,8403500.1952.11.15,1952-11-15 00:00:00,NL,1952,11,15,1.4,,-0.6,,3.3,,0,,0,,0,,,,,,,,0,,16.6,,,,,
-52.7,47.56666666666667,ST JOHN'S,8403500,8403500.1952.11.16,1952-11-16 00:00:00,NL,1952,11,16,-1.1,,-3.9,,1.7,,0,,0,,0,,,,,,,,0,,19.1,,,,,
-52.7,47.56666666666667,ST JOHN'S,8403500,8403500.1952.11.17,1952-11-17 00:00:00,NL,1952,11,17,0.8,,-0.6,,2.2,,13,,6.4,,6.6,,,,,,,,0,,17.2,,,,,
-52.7,47.56666666666667,ST JOHN'S,8403500,8403500.1952.11.18,1952-11-18 00:00:00,NL,1952,11,18,2.2,,-2.8,,7.2,,65.3,,65.3,,0,,,,,,,,0,,15.8,,,,,
-52.7,47.56666666666667,ST JOHN'S,8403500,8403500.1952.11.19,1952-11-19 00:00:00,NL,1952,11,19,6.7,,3.3,,10,,6.4,,6.4,,0,,,,,,,,0,,11.3,,,,,
-52.7,47.56666666666667,ST JOHN'S,8403500,8403500.1952.11.20,1952-11-20 00:00:00,NL,1952,11,20,6.4,,5,,7.8,,6.4,,6.4,,0,,,,,,,,0,,11.6,,,,,
-52.7,47.56666666666667,ST JOHN'S,8403500,8403500.1952.11.21,1952-11-21 00:00:00,NL,1952,11,21,5.6,,4.4,,6.7,,2.5,,2.5,,0,,,,,,,,0,,12.4,,,,,
-52.7,47.56666666666667,ST JOHN'S,8403500,8403500.1952.11.22,1952-11-22 00:00:00,NL,1952,11,22,3.4,,1.7,,5,,0,,0,,0,,,,,,,,0,,14.6,,,,,
-52.7,47.56666666666667,ST JOHN'S,8403500,8403500.1952.11.23,1952-11-23 00:00:00,NL,1952,11,23,1.7,,0.6,,2.8,,0,,0,,0,,,,,,,,0,,16.3,,,,,
-52.7,47.56666666666667,ST JOHN'S,8403500,8403500.1952.11.24,1952-11-24 00:00:00,NL,1952,11,24,2,,0,,3.9,,0,,0,,0,,,,,,,,0,,16,,,,,
-52.7,47.56666666666667,ST JOHN'S,8403500,8403500.1952.11.25,1952-11-25 00:00:00,NL,1952,11,25,3.4,,1.1,,5.6,,0.5,,0.5,,0,,,,,,,,0,,14.6,,,,,
-52.7,47.56666666666667,ST JOHN'S,8403500,8403500.1952.11.26,1952-11-26 00:00:00,NL,1952,11,26,0.8,,-0.6,,2.2,,0,,0,,0,,,,,,,,0,,17.2,,,,,
-52.7,47.56666666666667,ST JOHN'S,8403500,8403500.1952.11.27,1952-11-27 00:00:00,NL,1952,11,27,2,,-2.2,,6.1,,1.8,,1.8,,0,,,,,,,,0,,16,,,,,
-52.7,47.56666666666667,ST JOHN'S,8403500,8403500.1952.11.28,1952-11-28 00:00:00,NL,1952,11,28,5.3,,-0.6,,11.1,,4.8,,4.8,,0,,,,,,,,0,,12.7,,,,,
-52.7,47.56666666666667,ST JOHN'S,8403500,8403500.1952.11.29,1952-11-29 00:00:00,NL,1952,11,29,6.7,,4.4,,8.9,,7.9,,7.9,,0,,,,,,,,0,,11.3,,,,,
-52.7,47.56666666666667,ST JOHN'S,8403500,8403500.1952.11.30,1952-11-30 00:00:00,NL,1952,11,30,0.3,,-1.1,,1.7,,0,,0,,0,,,,,,,,0,,17.7,,,,,
-52.7,47.56666666666667,ST JOHN'S,8403500,8403500.1952.12.1,1952-12-01 00:00:00,NL,1952,12,1,0,,-1.7,,1.7,,0,,0,,0,,,,,,,,0,,18,,,,,
-52.7,47.56666666666667,ST JOHN'S,8403500,8403500.1952.12.2,1952-12-02 00:00:00,NL,1952,12,2,0.6,,-0.6,,1.7,,6.1,,6.1,,0,,,,,,,,0,,17.4,,,,,
-52.7,47.56666666666667,ST JOHN'S,8403500,8403500.1952.12.3,1952-12-03 00:00:00,NL,1952,12,3,0.6,,-0.6,,1.7,,3.3,,3.3,,0,,,,,,,,0,,17.4,,,,,
-52.7,47.56666666666667,ST JOHN'S,8403500,8403500.1952.12.4,1952-12-04 00:00:00,NL,1952,12,4,-2,,-2.8,,-1.1,,1.8,,0,,1.8,,,,,,,,0,,20,,,,,
-52.7,47.56666666666667,ST JOHN'S,8403500,8403500.1952.12.5,1952-12-05 00:00:00,NL,1952,12,5,-3.4,,-6.1,,-0.6,,2,,0.3,,1.8,,,,,,,,0,,21.4,,,,,
-52.7,47.56666666666667,ST JOHN'S,8403500,8403500.1952.12.6,1952-12-06 00:00:00,NL,1952,12,6,-1.7,,-3.3,,0,,1,,0,,1,,,,,,,,0,,19.7,,,,,
-52.7,47.56666666666667,ST JOHN'S,8403500,8403500.1952.12.7,1952-12-07 00:00:00,NL,1952,12,7,-0.3,,-2.8,,2.2,,2.3,,2.3,,0,,,,,,,,0,,18.3,,,,,
-52.7,47.56666666666667,ST JOHN'S,8403500,8403500.1952.12.8,1952-12-08 00:00:00,NL,1952,12,8,-0.6,,-2.2,,1.1,,0.8,,0.8,,0,,,,,,,,0,,18.6,,,,,
-52.7,47.56666666666667,ST JOHN'S,8403500,8403500.1952.12.9,1952-12-09 00:00:00,NL,1952,12,9,1.1,,-1.1,,3.3,,3,,3,,0,,,,,,,,0,,16.9,,,,,
-52.7,47.56666666666667,ST JOHN'S,8403500,8403500.1952.12.10,1952-12-10 00:00:00,NL,1952,12,10,1.7,,1.1,,2.2,,3,,3,,0,,,,,,,,0,,16.3,,,,,
-52.7,47.56666666666667,ST JOHN'S,8403500,8403500.1952.12.11,1952-12-11 00:00:00,NL,1952,12,11,2.2,,0,,4.4,,4.3,,4.3,,0,,,,,,,,0,,15.8,,,,,
-52.7,47.56666666666667,ST JOHN'S,8403500,8403500.1952.12.12,1952-12-12 00:00:00,NL,1952,12,12,4.2,,2.2,,6.1,,6.1,,6.1,,0,,,,,,,,0,,13.8,,,,,
-52.7,47.56666666666667,ST JOHN'S,8403500,8403500.1952.12.13,1952-12-13 00:00:00,NL,1952,12,13,5.6,,3.3,,7.8,,8.6,,8.6,,0,,,,,,,,0,,12.4,,,,,
-52.7,47.56666666666667,ST JOHN'S,8403500,8403500.1952.12.14,1952-12-14 00:00:00,NL,1952,12,14,1.4,,0,,2.8,,0,,0,,0,,,,,,,,0,,16.6,,,,,
-52.7,47.56666666666667,ST JOHN'S,8403500,8403500.1952.12.15,1952-12-15 00:00:00,NL,1952,12,15,6.4,,0.6,,12.2,,33,,33,,0,,,,,,,,0,,11.6,,,,,
-52.7,47.56666666666667,ST JOHN'S,8403500,8403500.1952.12.16,1952-12-16 00:00:00,NL,1952,12,16,7.8,,2.8,,12.8,,1.5,,1.5,,0,,,,,,,,0,,10.2,,,,,
-52.7,47.56666666666667,ST JOHN'S,8403500,8403500.1952.12.17,1952-12-17 00:00:00,NL,1952,12,17,2,,0.6,,3.3,,2.5,,0,,2.5,,,,,,,,0,,16,,,,,
-52.7,47.56666666666667,ST JOHN'S,8403500,8403500.1952.12.18,1952-12-18 00:00:00,NL,1952,12,18,0.6,,-2.2,,3.3,,1,,0,,1,,,,,,,,0,,17.4,,,,,
-52.7,47.56666666666667,ST JOHN'S,8403500,8403500.1952.12.19,1952-12-19 00:00:00,NL,1952,12,19,-2.5,,-5,,0,,1.3,,0,,1.3,,,,,,,,0,,20.5,,,,,
-52.7,47.56666666666667,ST JOHN'S,8403500,8403500.1952.12.20,1952-12-20 00:00:00,NL,1952,12,20,-5,,-7.8,,-2.2,,0,,0,,0,,,,,,,,0,,23,,,,,
-52.7,47.56666666666667,ST JOHN'S,8403500,8403500.1952.12.21,1952-12-21 00:00:00,NL,1952,12,21,-4.2,,-7.8,,-0.6,,7.6,,0,,7.6,,,,,,,,0,,22.2,,,,,
-52.7,47.56666666666667,ST JOHN'S,8403500,8403500.1952.12.22,1952-12-22 00:00:00,NL,1952,12,22,-5.9,,-8.9,,-2.8,,0,,0,,0,,,,,,,,0,,23.9,,,,,
-52.7,47.56666666666667,ST JOHN'S,8403500,8403500.1952.12.23,1952-12-23 00:00:00,NL,1952,12,23,-4.8,,-11.7,,2.2,,0,,0,,0,,,,,,,,0,,22.8,,,,,
-52.7,47.56666666666667,ST JOHN'S,8403500,8403500.1952.12.24,1952-12-24 00:00:00,NL,1952,12,24,-2,,-7.8,,3.9,,12.2,,12.2,,0,,,,,,,,0,,20,,,,,
-52.7,47.56666666666667,ST JOHN'S,8403500,8403500.1952.12.25,1952-12-25 00:00:00,NL,1952,12,25,0.3,,-5,,5.6,,18.5,,18.5,,0,,,,,,,,0,,17.7,,,,,
-52.7,47.56666666666667,ST JOHN'S,8403500,8403500.1952.12.26,1952-12-26 00:00:00,NL,1952,12,26,2.5,,0,,5,,0,,0,,0,,,,,,,,0,,15.5,,,,,
-52.7,47.56666666666667,ST JOHN'S,8403500,8403500.1952.12.27,1952-12-27 00:00:00,NL,1952,12,27,1.7,,-1.1,,4.4,,0,,0,,0,,,,,,,,0,,16.3,,,,,
-52.7,47.56666666666667,ST JOHN'S,8403500,8403500.1952.12.28,1952-12-28 00:00:00,NL,1952,12,28,0.9,,-1.1,,2.8,,6.1,,6.1,,0,,,,,,,,0,,17.1,,,,,
-52.7,47.56666666666667,ST JOHN'S,8403500,8403500.1952.12.29,1952-12-29 00:00:00,NL,1952,12,29,0.6,,-2.2,,3.3,,1.8,,0,,1.8,,,,,,,,0,,17.4,,,,,
-52.7,47.56666666666667,ST JOHN'S,8403500,8403500.1952.12.30,1952-12-30 00:00:00,NL,1952,12,30,-1.7,,-2.8,,-0.6,,1.8,,0,,1.8,,,,,,,,0,,19.7,,,,,
-52.7,47.56666666666667,ST JOHN'S,8403500,8403500.1952.12.31,1952-12-31 00:00:00,NL,1952,12,31,-2.2,,-4.4,,0,,0,,0,,0,,,,,,,,0,,20.2,,,,,
-52.7,47.56666666666667,ST JOHN'S,8403500,8403500.1953.2.1,1953-02-01 00:00:00,NL,1953,2,1,-0.9,,-6.7,,5,,20.3,,19.6,,0.8,,,,,,,,0,,18.9,,,,,
-52.7,47.56666666666667,ST JOHN'S,8403500,8403500.1953.2.2,1953-02-02 00:00:00,NL,1953,2,2,-3.9,,-7.8,,0,,4.6,,0,,4.6,,,,,,,,0,,21.9,,,,,
-52.7,47.56666666666667,ST JOHN'S,8403500,8403500.1953.2.3,1953-02-03 00:00:00,NL,1953,2,3,-6.4,,-10,,-2.8,,0,,0,,0,,,,,,,,0,,24.4,,,,,
-52.7,47.56666666666667,ST JOHN'S,8403500,8403500.1953.2.4,1953-02-04 00:00:00,NL,1953,2,4,-1.1,,-8.3,,6.1,,30,,17.3,,12.7,,,,,,,,0,,19.1,,,,,
-52.7,47.56666666666667,ST JOHN'S,8403500,8403500.1953.2.5,1953-02-05 00:00:00,NL,1953,2,5,-1.1,,-3.3,,1.1,,0,,0,,0,,,,,,,,0,,19.1,,,,,
-52.7,47.56666666666667,ST JOHN'S,8403500,8403500.1953.2.6,1953-02-06 00:00:00,NL,1953,2,6,-4.7,,-6.1,,-3.3,,0,,0,,0,,,,,,,,0,,22.7,,,,,
-52.7,47.56666666666667,ST JOHN'S,8403500,8403500.1953.2.7,1953-02-07 00:00:00,NL,1953,2,7,-3.6,,-8.3,,1.1,,0,,0,,0,,,,,,,,0,,21.6,,,,,
-52.7,47.56666666666667,ST JOHN'S,8403500,8403500.1953.2.8,1953-02-08 00:00:00,NL,1953,2,8,3.6,,-2.2,,9.4,,0,,0,,0,,,,,,,,0,,14.4,,,,,
-52.7,47.56666666666667,ST JOHN'S,8403500,8403500.1953.2.9,1953-02-09 00:00:00,NL,1953,2,9,6.4,,2.2,,10.6,,11.2,,11.2,,0,,,,,,,,0,,11.6,,,,,
-52.7,47.56666666666667,ST JOHN'S,8403500,8403500.1953.2.10,1953-02-10 00:00:00,NL,1953,2,10,2.5,,0,,5,,7.9,,0.3,,7.6,,,,,,,,0,,15.5,,,,,
-52.7,47.56666666666667,ST JOHN'S,8403500,8403500.1953.2.11,1953-02-11 00:00:00,NL,1953,2,11,-1.7,,-2.8,,-0.6,,3.8,,0,,3.8,,,,,,,,0,,19.7,,,,,
-52.7,47.56666666666667,ST JOHN'S,8403500,8403500.1953.2.12,1953-02-12 00:00:00,NL,1953,2,12,-2.8,,-5.6,,0,,1,,0,,1,,,,,,,,0,,20.8,,,,,
-52.7,47.56666666666667,ST JOHN'S,8403500,8403500.1953.2.13,1953-02-13 00:00:00,NL,1953,2,13,-3.9,,-5.6,,-2.2,,0,,0,,0,,,,,,,,0,,21.9,,,,,
-52.7,47.56666666666667,ST JOHN'S,8403500,8403500.1953.2.14,1953-02-14 00:00:00,NL,1953,2,14,-1.7,,-3.9,,0.6,,12.7,,0,,12.7,,,,,,,,0,,19.7,,,,,
-52.7,47.56666666666667,ST JOHN'S,8403500,8403500.1953.2.15,1953-02-15 00:00:00,NL,1953,2,15,-1.1,,-2.8,,0.6,,0,,0,,0,,,,,,,,0,,19.1,,,,,
-52.7,47.56666666666667,ST JOHN'S,8403500,8403500.1953.2.16,1953-02-16 00:00:00,NL,1953,2,16,-0.9,,-5,,3.3,,37.6,,37.6,,0,,,,,,,,0,,18.9,,,,,
-52.7,47.56666666666667,ST JOHN'S,8403500,8403500.1953.2.17,1953-02-17 00:00:00,NL,1953,2,17,1.7,,-1.7,,5,,5.8,,5.8,,0,,,,,,,,0,,16.3,,,,,
-52.7,47.56666666666667,ST JOHN'S,8403500,8403500.1953.2.18,1953-02-18 00:00:00,NL,1953,2,18,-0.6,,-1.7,,0.6,,5.1,,0,,5.1,,,,,,,,0,,18.6,,,,,
-52.7,47.56666666666667,ST JOHN'S,8403500,8403500.1953.2.19,1953-02-19 00:00:00,NL,1953,2,19,-3.7,,-5.6,,-1.7,,1.5,,0,,1.5,,,,,,,,0,,21.7,,,,,
-52.7,47.56666666666667,ST JOHN'S,8403500,8403500.1953.2.20,1953-02-20 00:00:00,NL,1953,2,20,-4.5,,-6.7,,-2.2,,0,,0,,0,,,,,,,,0,,22.5,,,,,
-52.7,47.56666666666667,ST JOHN'S,8403500,8403500.1953.2.21,1953-02-21 00:00:00,NL,1953,2,21,1.7,,-6.7,,10,,12.2,,7.1,,5.1,,,,,,,,0,,16.3,,,,,
-52.7,47.56666666666667,ST JOHN'S,8403500,8403500.1953.2.22,1953-02-22 00:00:00,NL,1953,2,22,1.7,,-1.7,,5,,0,,0,,0,,,,,,,,0,,16.3,,,,,
-52.7,47.56666666666667,ST JOHN'S,8403500,8403500.1953.2.23,1953-02-23 00:00:00,NL,1953,2,23,-5,,-7.8,,-2.2,,3.8,,0,,3.8,,,,,,,,0,,23,,,,,
-52.7,47.56666666666667,ST JOHN'S,8403500,8403500.1953.2.24,1953-02-24 00:00:00,NL,1953,2,24,-5.3,,-6.7,,-3.9,,0.8,,0,,0.8,,,,,,,,0,,23.3,,,,,
-52.7,47.56666666666667,ST JOHN'S,8403500,8403500.1953.2.25,1953-02-25 00:00:00,NL,1953,2,25,-4.8,,-8.9,,-0.6,,2.5,,0,,2.5,,,,,,,,0,,22.8,,,,,
-52.7,47.56666666666667,ST JOHN'S,8403500,8403500.1953.2.26,1953-02-26 00:00:00,NL,1953,2,26,-5.3,,-9.4,,-1.1,,0,,0,,0,,,,,,,,0,,23.3,,,,,
-52.7,47.56666666666667,ST JOHN'S,8403500,8403500.1953.2.27,1953-02-27 00:00:00,NL,1953,2,27,-4.2,,-7.8,,-0.6,,12.7,,0,,12.7,,,,,,,,0,,22.2,,,,,
-52.7,47.56666666666667,ST JOHN'S,8403500,8403500.1953.2.28,1953-02-28 00:00:00,NL,1953,2,28,-0.6,,-2.8,,1.7,,0,,0,,0,,,,,,,,0,,18.6,,,,,
-52.7,47.56666666666667,ST JOHN'S,8403500,8403500.1953.3.1,1953-03-01 00:00:00,NL,1953,3,1,1.4,,0,,2.8,,0,,0,,0,,,,,,,,0,,16.6,,,,,
-52.7,47.56666666666667,ST JOHN'S,8403500,8403500.1953.3.2,1953-03-02 00:00:00,NL,1953,3,2,-0.3,,-2.8,,2.2,,0,,0,,0,,,,,,,,0,,18.3,,,,,
-52.7,47.56666666666667,ST JOHN'S,8403500,8403500.1953.3.3,1953-03-03 00:00:00,NL,1953,3,3,-4.2,,-6.1,,-2.2,,0,,0,,0,,,,,,,,0,,22.2,,,,,
-52.7,47.56666666666667,ST JOHN'S,8403500,8403500.1953.3.4,1953-03-04 00:00:00,NL,1953,3,4,-3.9,,-11.1,,3.3,,19.8,,14.7,,5.1,,,,,,,,0,,21.9,,,,,
-52.7,47.56666666666667,ST JOHN'S,8403500,8403500.1953.3.5,1953-03-05 00:00:00,NL,1953,3,5,2.8,,-4.4,,10,,31,,31,,0,,,,,,,,0,,15.2,,,,,
-52.7,47.56666666666667,ST JOHN'S,8403500,8403500.1953.3.6,1953-03-06 00:00:00,NL,1953,3,6,0.3,,-2.8,,3.3,,0,,0,,0,,,,,,,,0,,17.7,,,,,
-52.7,47.56666666666667,ST JOHN'S,8403500,8403500.1953.3.7,1953-03-07 00:00:00,NL,1953,3,7,-3.1,,-6.7,,0.6,,1.3,,0,,1.3,,,,,,,,0,,21.1,,,,,
-52.7,47.56666666666667,ST JOHN'S,8403500,8403500.1953.3.8,1953-03-08 00:00:00,NL,1953,3,8,-7.2,,-11.1,,-3.3,,1,,0,,1,,,,,,,,0,,25.2,,,,,
-52.7,47.56666666666667,ST JOHN'S,8403500,8403500.1953.3.9,1953-03-09 00:00:00,NL,1953,3,9,-7.5,,-11.7,,-3.3,,0,,0,,0,,,,,,,,0,,25.5,,,,,
-52.7,47.56666666666667,ST JOHN'S,8403500,8403500.1953.3.10,1953-03-10 00:00:00,NL,1953,3,10,-5,,-6.7,,-3.3,,33,,0,,33,,,,,,,,0,,23,,,,,
-52.7,47.56666666666667,ST JOHN'S,8403500,8403500.1953.3.11,1953-03-11 00:00:00,NL,1953,3,11,-5.6,,-8.3,,-2.8,,3.8,,0,,3.8,,,,,,,,0,,23.6,,,,,
-52.7,47.56666666666667,ST JOHN'S,8403500,8403500.1953.3.12,1953-03-12 00:00:00,NL,1953,3,12,-5.6,,-11.7,,0.6,,2,,0,,2,,,,,,,,0,,23.6,,,,,
-52.7,47.56666666666667,ST JOHN'S,8403500,8403500.1953.3.13,1953-03-13 00:00:00,NL,1953,3,13,-6.4,,-8.3,,-4.4,,0,,0,,0,,,,,,,,0,,24.4,,,,,
-52.7,47.56666666666667,ST JOHN'S,8403500,8403500.1953.3.14,1953-03-14 00:00:00,NL,1953,3,14,-5.3,,-12.8,,2.2,,21.6,,6.4,,15.2,,,,,,,,0,,23.3,,,,,
-52.7,47.56666666666667,ST JOHN'S,8403500,8403500.1953.3.15,1953-03-15 00:00:00,NL,1953,3,15,-0.9,,-5.6,,3.9,,2,,0,,2,,,,,,,,0,,18.9,,,,,
-52.7,47.56666666666667,ST JOHN'S,8403500,8403500.1953.3.16,1953-03-16 00:00:00,NL,1953,3,16,-3.9,,-5.6,,-2.2,,0,,0,,0,,,,,,,,0,,21.9,,,,,
-52.7,47.56666666666667,ST JOHN'S,8403500,8403500.1953.3.17,1953-03-17 00:00:00,NL,1953,3,17,-5.3,,-10.6,,0,,0,,0,,0,,,,,,,,0,,23.3,,,,,
-52.7,47.56666666666667,ST JOHN'S,8403500,8403500.1953.3.18,1953-03-18 00:00:00,NL,1953,3,18,0.3,,-1.1,,1.7,,14,,2.5,,11.4,,,,,,,,0,,17.7,,,,,
-52.7,47.56666666666667,ST JOHN'S,8403500,8403500.1953.3.19,1953-03-19 00:00:00,NL,1953,3,19,0.6,,-0.6,,1.7,,0,,0,,0,,,,,,,,0,,17.4,,,,,
-52.7,47.56666666666667,ST JOHN'S,8403500,8403500.1953.3.20,1953-03-20 00:00:00,NL,1953,3,20,-1.4,,-3.9,,1.1,,0,,0,,0,,,,,,,,0,,19.4,,,,,
-52.7,47.56666666666667,ST JOHN'S,8403500,8403500.1953.3.21,1953-03-21 00:00:00,NL,1953,3,21,-4.2,,-7.2,,-1.1,,0,,0,,0,,,,,,,,0,,22.2,,,,,
-52.7,47.56666666666667,ST JOHN'S,8403500,8403500.1953.3.22,1953-03-22 00:00:00,NL,1953,3,22,-3.9,,-8.3,,0.6,,3,,0,,3,,,,,,,,0,,21.9,,,,,
-52.7,47.56666666666667,ST JOHN'S,8403500,8403500.1953.3.23,1953-03-23 00:00:00,NL,1953,3,23,-2,,-5.6,,1.7,,5.1,,0,,5.1,,,,,,,,0,,20,,,,,
-52.7,47.56666666666667,ST JOHN'S,8403500,8403500.1953.3.24,1953-03-24 00:00:00,NL,1953,3,24,-1.4,,-4.4,,1.7,,0,,0,,0,,,,,,,,0,,19.4,,,,,
-52.7,47.56666666666667,ST JOHN'S,8403500,8403500.1953.3.25,1953-03-25 00:00:00,NL,1953,3,25,-3.1,,-9.4,,3.3,,0,,0,,0,,,,,,,,0,,21.1,,,,,
-52.7,47.56666666666667,ST JOHN'S,8403500,8403500.1953.3.26,1953-03-26 00:00:00,NL,1953,3,26,-0.3,,-5,,4.4,,0,,0,,0,,,,,,,,0,,18.3,,,,,
-52.7,47.56666666666667,ST JOHN'S,8403500,8403500.1953.3.27,1953-03-27 00:00:00,NL,1953,3,27,0.3,,-2.8,,3.3,,0,,0,,0,,,,,,,,0,,17.7,,,,,
-52.7,47.56666666666667,ST JOHN'S,8403500,8403500.1953.3.28,1953-03-28 00:00:00,NL,1953,3,28,1.1,,-0.6,,2.8,,0,,0,,0,,,,,,,,0,,16.9,,,,,
-52.7,47.56666666666667,ST JOHN'S,8403500,8403500.1953.3.29,1953-03-29 00:00:00,NL,1953,3,29,3.7,,0.6,,6.7,,0,,0,,0,,,,,,,,0,,14.3,,,,,
-52.7,47.56666666666667,ST JOHN'S,8403500,8403500.1953.3.30,1953-03-30 00:00:00,NL,1953,3,30,6.7,,1.7,,11.7,,0,,0,,0,,,,,,,,0,,11.3,,,,,
-52.7,47.56666666666667,ST JOHN'S,8403500,8403500.1953.3.31,1953-03-31 00:00:00,NL,1953,3,31,5,,2.8,,7.2,,31,,31,,0,,,,,,,,0,,13,,,,,
-52.7,47.56666666666667,ST JOHN'S,8403500,8403500.1953.4.1,1953-04-01 00:00:00,NL,1953,4,1,4.5,,3.3,,5.6,,37.6,,37.6,,0,,,,,,,,0,,13.5,,,,,
-52.7,47.56666666666667,ST JOHN'S,8403500,8403500.1953.4.2,1953-04-02 00:00:00,NL,1953,4,2,4.2,,2.2,,6.1,,34.8,,34.8,,0,,,,,,,,0,,13.8,,,,,
-52.7,47.56666666666667,ST JOHN'S,8403500,8403500.1953.4.3,1953-04-03 00:00:00,NL,1953,4,3,4.2,,2.8,,5.6,,29.2,,29.2,,0,,,,,,,,0,,13.8,,,,,
-52.7,47.56666666666667,ST JOHN'S,8403500,8403500.1953.4.4,1953-04-04 00:00:00,NL,1953,4,4,4.2,,2.2,,6.1,,14,,14,,0,,,,,,,,0,,13.8,,,,,
-52.7,47.56666666666667,ST JOHN'S,8403500,8403500.1953.4.5,1953-04-05 00:00:00,NL,1953,4,5,4.2,,2.2,,6.1,,7.9,,7.9,,0,,,,,,,,0,,13.8,,,,,
-52.7,47.56666666666667,ST JOHN'S,8403500,8403500.1953.4.6,1953-04-06 00:00:00,NL,1953,4,6,5,,2.2,,7.8,,2.8,,2.8,,0,,,,,,,,0,,13,,,,,
-52.7,47.56666666666667,ST JOHN'S,8403500,8403500.1953.4.7,1953-04-07 00:00:00,NL,1953,4,7,4.7,,1.1,,8.3,,7.4,,7.4,,0,,,,,,,,0,,13.3,,,,,
-52.7,47.56666666666667,ST JOHN'S,8403500,8403500.1953.4.8,1953-04-08 00:00:00,NL,1953,4,8,5.3,,2.8,,7.8,,0,,0,,0,,,,,,,,0,,12.7,,,,,
-52.7,47.56666666666667,ST JOHN'S,8403500,8403500.1953.4.9,1953-04-09 00:00:00,NL,1953,4,9,2.5,,1.1,,3.9,,7.6,,7.6,,0,,,,,,,,0,,15.5,,,,,
-52.7,47.56666666666667,ST JOHN'S,8403500,8403500.1953.4.10,1953-04-10 00:00:00,NL,1953,4,10,2.5,,1.1,,3.9,,18.5,,18.5,,0,,,,,,,,0,,15.5,,,,,
-52.7,47.56666666666667,ST JOHN'S,8403500,8403500.1953.4.11,1953-04-11 00:00:00,NL,1953,4,11,4.2,,1.7,,6.7,,20.1,,20.1,,0,,,,,,,,0,,13.8,,,,,
-52.7,47.56666666666667,ST JOHN'S,8403500,8403500.1953.4.12,1953-04-12 00:00:00,NL,1953,4,12,7,,1.7,,12.2,,0,,0,,0,,,,,,,,0,,11,,,,,
-52.7,47.56666666666667,ST JOHN'S,8403500,8403500.1953.4.13,1953-04-13 00:00:00,NL,1953,4,13,7.5,,2.8,,12.2,,0,,0,,0,,,,,,,,0,,10.5,,,,,
-52.7,47.56666666666667,ST JOHN'S,8403500,8403500.1953.4.14,1953-04-14 00:00:00,NL,1953,4,14,6.4,,2.8,,10,,16,,16,,0,,,,,,,,0,,11.6,,,,,
-52.7,47.56666666666667,ST JOHN'S,8403500,8403500.1953.4.15,1953-04-15 00:00:00,NL,1953,4,15,8.9,,4.4,,13.3,,0,,0,,0,,,,,,,,0,,9.1,,,,,
-52.7,47.56666666666667,ST JOHN'S,8403500,8403500.1953.4.16,1953-04-16 00:00:00,NL,1953,4,16,1.7,,0,,3.3,,14.2,,13,,1.3,,,,,,,,0,,16.3,,,,,
-52.7,47.56666666666667,ST JOHN'S,8403500,8403500.1953.4.17,1953-04-17 00:00:00,NL,1953,4,17,5.6,,0.6,,10.6,,0,,0,,0,,,,,,,,0,,12.4,,,,,
-52.7,47.56666666666667,ST JOHN'S,8403500,8403500.1953.4.18,1953-04-18 00:00:00,NL,1953,4,18,3.1,,0.6,,5.6,,7.1,,7.1,,0,,,,,,,,0,,14.9,,,,,
-52.7,47.56666666666667,ST JOHN'S,8403500,8403500.1953.4.19,1953-04-19 00:00:00,NL,1953,4,19,3.1,,-0.6,,6.7,,0,,0,,0,,,,,,,,0,,14.9,,,,,
-52.7,47.56666666666667,ST JOHN'S,8403500,8403500.1953.4.20,1953-04-20 00:00:00,NL,1953,4,20,3.9,,-0.6,,8.3,,2.8,,2.8,,0,,,,,,,,0,,14.1,,,,,
-52.7,47.56666666666667,ST JOHN'S,8403500,8403500.1953.4.21,1953-04-21 00:00:00,NL,1953,4,21,4.4,,-0.6,,9.4,,3.3,,3.3,,0,,,,,,,,0,,13.6,,,,,
-52.7,47.56666666666667,ST JOHN'S,8403500,8403500.1953.4.22,1953-04-22 00:00:00,NL,1953,4,22,7.8,,2.8,,12.8,,0,,0,,0,,,,,,,,0,,10.2,,,,,
-52.7,47.56666666666667,ST JOHN'S,8403500,8403500.1953.4.23,1953-04-23 00:00:00,NL,1953,4,23,7.3,,2.8,,11.7,,0,,0,,0,,,,,,,,0,,10.7,,,,,
-52.7,47.56666666666667,ST JOHN'S,8403500,8403500.1953.4.24,1953-04-24 00:00:00,NL,1953,4,24,5.6,,1.7,,9.4,,22.4,,22.4,,0,,,,,,,,0,,12.4,,,,,
-52.7,47.56666666666667,ST JOHN'S,8403500,8403500.1953.4.25,1953-04-25 00:00:00,NL,1953,4,25,7.8,,5,,10.6,,8.6,,8.6,,0,,,,,,,,0,,10.2,,,,,
-52.7,47.56666666666667,ST JOHN'S,8403500,8403500.1953.4.26,1953-04-26 00:00:00,NL,1953,4,26,8.3,,3.3,,13.3,,1,,1,,0,,,,,,,,0,,9.7,,,,,
-52.7,47.56666666666667,ST JOHN'S,8403500,8403500.1953.4.27,1953-04-27 00:00:00,NL,1953,4,27,3.1,,1.7,,4.4,,8.6,,8.6,,0,,,,,,,,0,,14.9,,,,,
-52.7,47.56666666666667,ST JOHN'S,8403500,8403500.1953.4.28,1953-04-28 00:00:00,NL,1953,4,28,7,,1.1,,12.8,,2.8,,2.8,,0,,,,,,,,0,,11,,,,,
-52.7,47.56666666666667,ST JOHN'S,8403500,8403500.1953.4.29,1953-04-29 00:00:00,NL,1953,4,29,5,,3.3,,6.7,,7.4,,7.4,,0,,,,,,,,0,,13,,,,,
-52.7,47.56666666666667,ST JOHN'S,8403500,8403500.1953.4.30,1953-04-30 00:00:00,NL,1953,4,30,5.9,,1.7,,10,,0.8,,0.8,,0,,,,,,,,0,,12.1,,,,,
-52.7,47.56666666666667,ST JOHN'S,8403500,8403500.1953.5.1,1953-05-01 00:00:00,NL,1953,5,1,2.8,,0,,5.6,,1,,1,,0,,,,,,,,0,,15.2,,,,,
-52.7,47.56666666666667,ST JOHN'S,8403500,8403500.1953.5.2,1953-05-02 00:00:00,NL,1953,5,2,3.1,,0.6,,5.6,,0.5,,0.5,,0,,,,,,,,0,,14.9,,,,,
-52.7,47.56666666666667,ST JOHN'S,8403500,8403500.1953.5.3,1953-05-03 00:00:00,NL,1953,5,3,1.7,,-0.6,,3.9,,0,,0,,0,,,,,,,,0,,16.3,,,,,
-52.7,47.56666666666667,ST JOHN'S,8403500,8403500.1953.5.4,1953-05-04 00:00:00,NL,1953,5,4,5,,0,,10,,0,,0,,0,,,,,,,,0,,13,,,,,
-52.7,47.56666666666667,ST JOHN'S,8403500,8403500.1953.5.5,1953-05-05 00:00:00,NL,1953,5,5,6.4,,0,,12.8,,0,,0,,0,,,,,,,,0,,11.6,,,,,
-52.7,47.56666666666667,ST JOHN'S,8403500,8403500.1953.5.6,1953-05-06 00:00:00,NL,1953,5,6,9.5,,3.3,,15.6,,0,,0,,0,,,,,,,,0,,8.5,,,,,
-52.7,47.56666666666667,ST JOHN'S,8403500,8403500.1953.5.7,1953-05-07 00:00:00,NL,1953,5,7,3.3,,-0.6,,7.2,,0,,0,,0,,,,,,,,0,,14.7,,,,,
-52.7,47.56666666666667,ST JOHN'S,8403500,8403500.1953.5.8,1953-05-08 00:00:00,NL,1953,5,8,7.3,,1.7,,12.8,,0.3,,0.3,,0,,,,,,,,0,,10.7,,,,,
-52.7,47.56666666666667,ST JOHN'S,8403500,8403500.1953.5.9,1953-05-09 00:00:00,NL,1953,5,9,6.4,,3.9,,8.9,,0,,0,,0,,,,,,,,0,,11.6,,,,,
-52.7,47.56666666666667,ST JOHN'S,8403500,8403500.1953.5.10,1953-05-10 00:00:00,NL,1953,5,10,8.6,,3.3,,13.9,,0,,0,,0,,,,,,,,0,,9.4,,,,,
-52.7,47.56666666666667,ST JOHN'S,8403500,8403500.1953.5.11,1953-05-11 00:00:00,NL,1953,5,11,11.9,,4.4,,19.4,,0,,0,,0,,,,,,,,0,,6.1,,,,,
-52.7,47.56666666666667,ST JOHN'S,8403500,8403500.1953.5.12,1953-05-12 00:00:00,NL,1953,5,12,7.2,,1.1,,13.3,,0,,0,,0,,,,,,,,0,,10.8,,,,,
-52.7,47.56666666666667,ST JOHN'S,8403500,8403500.1953.5.13,1953-05-13 00:00:00,NL,1953,5,13,4.8,,1.7,,7.8,,2.5,,2.5,,0,,,,,,,,0,,13.2,,,,,
-52.7,47.56666666666667,ST JOHN'S,8403500,8403500.1953.5.14,1953-05-14 00:00:00,NL,1953,5,14,5.3,,1.7,,8.9,,0,,0,,0,,,,,,,,0,,12.7,,,,,
-52.7,47.56666666666667,ST JOHN'S,8403500,8403500.1953.5.15,1953-05-15 00:00:00,NL,1953,5,15,8.9,,1.1,,16.7,,3.3,,3.3,,0,,,,,,,,0,,9.1,,,,,
-52.7,47.56666666666667,ST JOHN'S,8403500,8403500.1953.5.16,1953-05-16 00:00:00,NL,1953,5,16,5.8,,4.4,,7.2,,10.7,,10.7,,0,,,,,,,,0,,12.2,,,,,
-52.7,47.56666666666667,ST JOHN'S,8403500,8403500.1953.5.17,1953-05-17 00:00:00,NL,1953,5,17,5.6,,4.4,,6.7,,0,,0,,0,,,,,,,,0,,12.4,,,,,
-52.7,47.56666666666667,ST JOHN'S,8403500,8403500.1953.5.18,1953-05-18 00:00:00,NL,1953,5,18,3.6,,-1.7,,8.9,,0,,0,,0,,,,,,,,0,,14.4,,,,,
-52.7,47.56666666666667,ST JOHN'S,8403500,8403500.1953.5.19,1953-05-19 00:00:00,NL,1953,5,19,3.9,,1.7,,6.1,,0,,0,,0,,,,,,,,0,,14.1,,,,,
-52.7,47.56666666666667,ST JOHN'S,8403500,8403500.1953.5.20,1953-05-20 00:00:00,NL,1953,5,20,4.5,,1.7,,7.2,,0,,0,,0,,,,,,,,0,,13.5,,,,,
-52.7,47.56666666666667,ST JOHN'S,8403500,8403500.1953.5.21,1953-05-21 00:00:00,NL,1953,5,21,5.9,,2.8,,8.9,,0,,0,,0,,,,,,,,0,,12.1,,,,,
-52.7,47.56666666666667,ST JOHN'S,8403500,8403500.1953.5.22,1953-05-22 00:00:00,NL,1953,5,22,9.2,,1.1,,17.2,,0,,0,,0,,,,,,,,0,,8.8,,,,,
-52.7,47.56666666666667,ST JOHN'S,8403500,8403500.1953.5.23,1953-05-23 00:00:00,NL,1953,5,23,5.3,,1.7,,8.9,,39.9,,39.9,,0,,,,,,,,0,,12.7,,,,,
-52.7,47.56666666666667,ST JOHN'S,8403500,8403500.1953.5.24,1953-05-24 00:00:00,NL,1953,5,24,5.6,,2.2,,8.9,,35.6,,35.6,,0,,,,,,,,0,,12.4,,,,,
-52.7,47.56666666666667,ST JOHN'S,8403500,8403500.1953.5.25,1953-05-25 00:00:00,NL,1953,5,25,5.3,,3.3,,7.2,,24.6,,24.6,,0,,,,,,,,0,,12.7,,,,,
-52.7,47.56666666666667,ST JOHN'S,8403500,8403500.1953.5.26,1953-05-26 00:00:00,NL,1953,5,26,6.7,,3.3,,10,,1,,1,,0,,,,,,,,0,,11.3,,,,,
-52.7,47.56666666666667,ST JOHN'S,8403500,8403500.1953.5.27,1953-05-27 00:00:00,NL,1953,5,27,8.3,,3.3,,13.3,,9.4,,9.4,,0,,,,,,,,0,,9.7,,,,,
-52.7,47.56666666666667,ST JOHN'S,8403500,8403500.1953.5.28,1953-05-28 00:00:00,NL,1953,5,28,5.6,,3.3,,7.8,,10.4,,10.4,,0,,,,,,,,0,,12.4,,,,,
-52.7,47.56666666666667,ST JOHN'S,8403500,8403500.1953.5.29,1953-05-29 00:00:00,NL,1953,5,29,6.7,,3.9,,9.4,,3.8,,3.8,,0,,,,,,,,0,,11.3,,,,,
-52.7,47.56666666666667,ST JOHN'S,8403500,8403500.1953.5.30,1953-05-30 00:00:00,NL,1953,5,30,9.8,,5.6,,13.9,,0,,0,,0,,,,,,,,0,,8.2,,,,,
-52.7,47.56666666666667,ST JOHN'S,8403500,8403500.1953.5.31,1953-05-31 00:00:00,NL,1953,5,31,7,,5,,8.9,,3.8,,3.8,,0,,,,,,,,0,,11,,,,,
-52.7,47.56666666666667,ST JOHN'S,8403500,8403500.1953.6.1,1953-06-01 00:00:00,NL,1953,6,1,4.7,,2.2,,7.2,,14.5,,14.5,,0,,,,,,,,0,,13.3,,,,,
-52.7,47.56666666666667,ST JOHN'S,8403500,8403500.1953.6.2,1953-06-02 00:00:00,NL,1953,6,2,11.4,,5.6,,17.2,,28.2,,28.2,,0,,,,,,,,0,,6.6,,,,,
-52.7,47.56666666666667,ST JOHN'S,8403500,8403500.1953.6.3,1953-06-03 00:00:00,NL,1953,6,3,11.4,,4.4,,18.3,,0,,0,,0,,,,,,,,0,,6.6,,,,,
-52.7,47.56666666666667,ST JOHN'S,8403500,8403500.1953.6.4,1953-06-04 00:00:00,NL,1953,6,4,10.3,,5,,15.6,,0,,0,,0,,,,,,,,0,,7.7,,,,,
-52.7,47.56666666666667,ST JOHN'S,8403500,8403500.1953.6.5,1953-06-05 00:00:00,NL,1953,6,5,9.5,,5,,13.9,,0,,0,,0,,,,,,,,0,,8.5,,,,,
-52.7,47.56666666666667,ST JOHN'S,8403500,8403500.1953.6.6,1953-06-06 00:00:00,NL,1953,6,6,10.6,,5.6,,15.6,,2.8,,2.8,,0,,,,,,,,0,,7.4,,,,,
-52.7,47.56666666666667,ST JOHN'S,8403500,8403500.1953.6.7,1953-06-07 00:00:00,NL,1953,6,7,9.2,,4.4,,13.9,,2.8,,2.8,,0,,,,,,,,0,,8.8,,,,,
-52.7,47.56666666666667,ST JOHN'S,8403500,8403500.1953.6.8,1953-06-08 00:00:00,NL,1953,6,8,5.8,,2.2,,9.4,,9.4,,9.4,,0,,,,,,,,0,,12.2,,,,,
-52.7,47.56666666666667,ST JOHN'S,8403500,8403500.1953.6.9,1953-06-09 00:00:00,NL,1953,6,9,13.3,,4.4,,22.2,,0,,0,,0,,,,,,,,0,,4.7,,,,,
-52.7,47.56666666666667,ST JOHN'S,8403500,8403500.1953.6.10,1953-06-10 00:00:00,NL,1953,6,10,12,,5.6,,18.3,,0,,0,,0,,,,,,,,0,,6,,,,,
-52.7,47.56666666666667,ST JOHN'S,8403500,8403500.1953.6.11,1953-06-11 00:00:00,NL,1953,6,11,13.7,,5.6,,21.7,,0,,0,,0,,,,,,,,0,,4.3,,,,,
-52.7,47.56666666666667,ST JOHN'S,8403500,8403500.1953.6.12,1953-06-12 00:00:00,NL,1953,6,12,7.8,,4.4,,11.1,,0,,0,,0,,,,,,,,0,,10.2,,,,,
-52.7,47.56666666666667,ST JOHN'S,8403500,8403500.1953.6.13,1953-06-13 00:00:00,NL,1953,6,13,8.6,,5,,12.2,,0,,0,,0,,,,,,,,0,,9.4,,,,,
-52.7,47.56666666666667,ST JOHN'S,8403500,8403500.1953.6.14,1953-06-14 00:00:00,NL,1953,6,14,11.4,,5,,17.8,,0,,0,,0,,,,,,,,0,,6.6,,,,,
-52.7,47.56666666666667,ST JOHN'S,8403500,8403500.1953.6.15,1953-06-15 00:00:00,NL,1953,6,15,13.4,,7.8,,18.9,,0,,0,,0,,,,,,,,0,,4.6,,,,,
-52.7,47.56666666666667,ST JOHN'S,8403500,8403500.1953.6.16,1953-06-16 00:00:00,NL,1953,6,16,18.6,,14.4,,22.8,,0,,0,,0,,,,,,,,0.6,,0,,,,,
-52.7,47.56666666666667,ST JOHN'S,8403500,8403500.1953.6.17,1953-06-17 00:00:00,NL,1953,6,17,20.3,,16.1,,24.4,,0,,0,,0,,,,,,,,2.3,,0,,,,,
-52.7,47.56666666666667,ST JOHN'S,8403500,8403500.1953.6.18,1953-06-18 00:00:00,NL,1953,6,18,20.9,,16.1,,25.6,,0,,0,,0,,,,,,,,2.9,,0,,,,,
-52.7,47.56666666666667,ST JOHN'S,8403500,8403500.1953.6.19,1953-06-19 00:00:00,NL,1953,6,19,19.2,,16.7,,21.7,,7.9,,7.9,,0,,,,,,,,1.2,,0,,,,,
-52.7,47.56666666666667,ST JOHN'S,8403500,8403500.1953.6.20,1953-06-20 00:00:00,NL,1953,6,20,15.3,,8.9,,21.7,,0,,0,,0,,,,,,,,0,,2.7,,,,,
-52.7,47.56666666666667,ST JOHN'S,8403500,8403500.1953.6.21,1953-06-21 00:00:00,NL,1953,6,21,10,,5.6,,14.4,,0,,0,,0,,,,,,,,0,,8,,,,,
-52.7,47.56666666666667,ST JOHN'S,8403500,8403500.1953.6.22,1953-06-22 00:00:00,NL,1953,6,22,12.8,,5.6,,20,,0,,0,,0,,,,,,,,0,,5.2,,,,,
-52.7,47.56666666666667,ST JOHN'S,8403500,8403500.1953.6.23,1953-06-23 00:00:00,NL,1953,6,23,14.5,,8.9,,20,,18.5,,18.5,,0,,,,,,,,0,,3.5,,,,,
-52.7,47.56666666666667,ST JOHN'S,8403500,8403500.1953.6.24,1953-06-24 00:00:00,NL,1953,6,24,17.2,,12.2,,22.2,,0,,0,,0,,,,,,,,0,,0.8,,,,,
-52.7,47.56666666666667,ST JOHN'S,8403500,8403500.1953.6.25,1953-06-25 00:00:00,NL,1953,6,25,13.4,,7.8,,18.9,,0,,0,,0,,,,,,,,0,,4.6,,,,,
-52.7,47.56666666666667,ST JOHN'S,8403500,8403500.1953.6.26,1953-06-26 00:00:00,NL,1953,6,26,17.5,,9.4,,25.6,,0,,0,,0,,,,,,,,0,,0.5,,,,,
-52.7,47.56666666666667,ST JOHN'S,8403500,8403500.1953.6.27,1953-06-27 00:00:00,NL,1953,6,27,17.8,,12.8,,22.8,,0,,0,,0,,,,,,,,0,,0.2,,,,,
-52.7,47.56666666666667,ST JOHN'S,8403500,8403500.1953.6.28,1953-06-28 00:00:00,NL,1953,6,28,17,,12.2,,21.7,,0,,0,,0,,,,,,,,0,,1,,,,,
-52.7,47.56666666666667,ST JOHN'S,8403500,8403500.1953.6.29,1953-06-29 00:00:00,NL,1953,6,29,16.7,,11.1,,22.2,,0,,0,,0,,,,,,,,0,,1.3,,,,,
-52.7,47.56666666666667,ST JOHN'S,8403500,8403500.1953.6.30,1953-06-30 00:00:00,NL,1953,6,30,15.3,,9.4,,21.1,,0,,0,,0,,,,,,,,0,,2.7,,,,,
-52.7,47.56666666666667,ST JOHN'S,8403500,8403500.1953.7.1,1953-07-01 00:00:00,NL,1953,7,1,15.9,,10.6,,21.1,,0,,0,,0,,,,,,,,0,,2.1,,,,,
-52.7,47.56666666666667,ST JOHN'S,8403500,8403500.1953.7.2,1953-07-02 00:00:00,NL,1953,7,2,13.6,,9.4,,17.8,,0,,0,,0,,,,,,,,0,,4.4,,,,,
-52.7,47.56666666666667,ST JOHN'S,8403500,8403500.1953.7.3,1953-07-03 00:00:00,NL,1953,7,3,13.9,,8.9,,18.9,,22.9,,22.9,,0,,,,,,,,0,,4.1,,,,,
-52.7,47.56666666666667,ST JOHN'S,8403500,8403500.1953.7.4,1953-07-04 00:00:00,NL,1953,7,4,13.9,,8.9,,18.9,,2,,2,,0,,,,,,,,0,,4.1,,,,,
-52.7,47.56666666666667,ST JOHN'S,8403500,8403500.1953.7.5,1953-07-05 00:00:00,NL,1953,7,5,11.4,,8.3,,14.4,,0,,0,,0,,,,,,,,0,,6.6,,,,,
-52.7,47.56666666666667,ST JOHN'S,8403500,8403500.1953.7.6,1953-07-06 00:00:00,NL,1953,7,6,11.7,,7.2,,16.1,,0,,0,,0,,,,,,,,0,,6.3,,,,,
-52.7,47.56666666666667,ST JOHN'S,8403500,8403500.1953.7.7,1953-07-07 00:00:00,NL,1953,7,7,11.7,,7.2,,16.1,,0,,0,,0,,,,,,,,0,,6.3,,,,,
-52.7,47.56666666666667,ST JOHN'S,8403500,8403500.1953.7.8,1953-07-08 00:00:00,NL,1953,7,8,16.1,,10,,22.2,,0,,0,,0,,,,,,,,0,,1.9,,,,,
-52.7,47.56666666666667,ST JOHN'S,8403500,8403500.1953.7.9,1953-07-09 00:00:00,NL,1953,7,9,21.7,,16.7,,26.7,,0,,0,,0,,,,,,,,3.7,,0,,,,,
-52.7,47.56666666666667,ST JOHN'S,8403500,8403500.1953.7.10,1953-07-10 00:00:00,NL,1953,7,10,20.9,,15.6,,26.1,,0,,0,,0,,,,,,,,2.9,,0,,,,,
-52.7,47.56666666666667,ST JOHN'S,8403500,8403500.1953.7.11,1953-07-11 00:00:00,NL,1953,7,11,19.7,,14.4,,25,,0,,0,,0,,,,,,,,1.7,,0,,,,,
-52.7,47.56666666666667,ST JOHN'S,8403500,8403500.1953.7.12,1953-07-12 00:00:00,NL,1953,7,12,18.6,,12.2,,25,,0,,0,,0,,,,,,,,0.6,,0,,,,,
-52.7,47.56666666666667,ST JOHN'S,8403500,8403500.1953.7.13,1953-07-13 00:00:00,NL,1953,7,13,21.7,,12.8,,30.6,,0,,0,,0,,,,,,,,3.7,,0,,,,,
-52.7,47.56666666666667,ST JOHN'S,8403500,8403500.1953.7.14,1953-07-14 00:00:00,NL,1953,7,14,23.4,,17.8,,28.9,,0,,0,,0,,,,,,,,5.4,,0,,,,,
-52.7,47.56666666666667,ST JOHN'S,8403500,8403500.1953.7.15,1953-07-15 00:00:00,NL,1953,7,15,21.2,,16.7,,25.6,,9.7,,9.7,,0,,,,,,,,3.2,,0,,,,,
-52.7,47.56666666666667,ST JOHN'S,8403500,8403500.1953.7.16,1953-07-16 00:00:00,NL,1953,7,16,20.3,,18.9,,21.7,,9.7,,9.7,,0,,,,,,,,2.3,,0,,,,,
-52.7,47.56666666666667,ST JOHN'S,8403500,8403500.1953.7.17,1953-07-17 00:00:00,NL,1953,7,17,17.8,,8.3,,27.2,,4.8,,4.8,,0,,,,,,,,0,,0.2,,,,,
-52.7,47.56666666666667,ST JOHN'S,8403500,8403500.1953.7.18,1953-07-18 00:00:00,NL,1953,7,18,11.7,,5,,18.3,,0,,0,,0,,,,,,,,0,,6.3,,,,,
-52.7,47.56666666666667,ST JOHN'S,8403500,8403500.1953.7.19,1953-07-19 00:00:00,NL,1953,7,19,19.2,,11.7,,26.7,,0,,0,,0,,,,,,,,1.2,,0,,,,,
-52.7,47.56666666666667,ST JOHN'S,8403500,8403500.1953.7.20,1953-07-20 00:00:00,NL,1953,7,20,21.7,,15,,28.3,,0,,0,,0,,,,,,,,3.7,,0,,,,,
-52.7,47.56666666666667,ST JOHN'S,8403500,8403500.1953.7.21,1953-07-21 00:00:00,NL,1953,7,21,21.7,,15.6,,27.8,,0,,0,,0,,,,,,,,3.7,,0,,,,,
-52.7,47.56666666666667,ST JOHN'S,8403500,8403500.1953.7.22,1953-07-22 00:00:00,NL,1953,7,22,12.8,,10,,15.6,,0,,0,,0,,,,,,,,0,,5.2,,,,,
-52.7,47.56666666666667,ST JOHN'S,8403500,8403500.1953.7.23,1953-07-23 00:00:00,NL,1953,7,23,12.5,,7.8,,17.2,,1.5,,1.5,,0,,,,,,,,0,,5.5,,,,,
-52.7,47.56666666666667,ST JOHN'S,8403500,8403500.1953.7.24,1953-07-24 00:00:00,NL,1953,7,24,18.1,,10,,26.1,,2,,2,,0,,,,,,,,0.1,,0,,,,,
-52.7,47.56666666666667,ST JOHN'S,8403500,8403500.1953.7.25,1953-07-25 00:00:00,NL,1953,7,25,22.5,,17.8,,27.2,,0,,0,,0,,,,,,,,4.5,,0,,,,,
-52.7,47.56666666666667,ST JOHN'S,8403500,8403500.1953.7.26,1953-07-26 00:00:00,NL,1953,7,26,22.3,,16.7,,27.8,,0,,0,,0,,,,,,,,4.3,,0,,,,,
-52.7,47.56666666666667,ST JOHN'S,8403500,8403500.1953.7.27,1953-07-27 00:00:00,NL,1953,7,27,17.2,,11.1,,23.3,,3,,3,,0,,,,,,,,0,,0.8,,,,,
-52.7,47.56666666666667,ST JOHN'S,8403500,8403500.1953.7.28,1953-07-28 00:00:00,NL,1953,7,28,17.8,,12.8,,22.8,,1.3,,1.3,,0,,,,,,,,0,,0.2,,,,,
-52.7,47.56666666666667,ST JOHN'S,8403500,8403500.1953.7.29,1953-07-29 00:00:00,NL,1953,7,29,19.7,,14.4,,25,,0,,0,,0,,,,,,,,1.7,,0,,,,,
-52.7,47.56666666666667,ST JOHN'S,8403500,8403500.1953.7.30,1953-07-30 00:00:00,NL,1953,7,30,17.5,,12.8,,22.2,,0,,0,,0,,,,,,,,0,,0.5,,,,,
-52.7,47.56666666666667,ST JOHN'S,8403500,8403500.1953.7.31,1953-07-31 00:00:00,NL,1953,7,31,16.7,,11.1,,22.2,,1.8,,1.8,,0,,,,,,,,0,,1.3,,,,,
-52.7,47.56666666666667,ST JOHN'S,8403500,8403500.1953.8.1,1953-08-01 00:00:00,NL,1953,8,1,13.6,,7.8,,19.4,,0,,0,,0,,,,,,,,0,,4.4,,,,,
-52.7,47.56666666666667,ST JOHN'S,8403500,8403500.1953.8.2,1953-08-02 00:00:00,NL,1953,8,2,17,,10.6,,23.3,,0,,0,,0,,,,,,,,0,,1,,,,,
-52.7,47.56666666666667,ST JOHN'S,8403500,8403500.1953.8.3,1953-08-03 00:00:00,NL,1953,8,3,15.3,,10,,20.6,,8.1,,8.1,,0,,,,,,,,0,,2.7,,,,,
-52.7,47.56666666666667,ST JOHN'S,8403500,8403500.1953.8.4,1953-08-04 00:00:00,NL,1953,8,4,11.4,,9.4,,13.3,,0,,0,,0,,,,,,,,0,,6.6,,,,,
-52.7,47.56666666666667,ST JOHN'S,8403500,8403500.1953.8.5,1953-08-05 00:00:00,NL,1953,8,5,14.5,,7.8,,21.1,,19.8,,19.8,,0,,,,,,,,0,,3.5,,,,,
-52.7,47.56666666666667,ST JOHN'S,8403500,8403500.1953.8.6,1953-08-06 00:00:00,NL,1953,8,6,15,,11.7,,18.3,,48.3,,48.3,,0,,,,,,,,0,,3,,,,,
-52.7,47.56666666666667,ST JOHN'S,8403500,8403500.1953.8.7,1953-08-07 00:00:00,NL,1953,8,7,14.2,,10,,18.3,,0,,0,,0,,,,,,,,0,,3.8,,,,,
-52.7,47.56666666666667,ST JOHN'S,8403500,8403500.1953.8.8,1953-08-08 00:00:00,NL,1953,8,8,17.8,,11.1,,24.4,,0,,0,,0,,,,,,,,0,,0.2,,,,,
-52.7,47.56666666666667,ST JOHN'S,8403500,8403500.1953.8.9,1953-08-09 00:00:00,NL,1953,8,9,16.7,,12.8,,20.6,,0,,0,,0,,,,,,,,0,,1.3,,,,,
-52.7,47.56666666666667,ST JOHN'S,8403500,8403500.1953.8.10,1953-08-10 00:00:00,NL,1953,8,10,18.1,,12.8,,23.3,,0,,0,,0,,,,,,,,0.1,,0,,,,,
-52.7,47.56666666666667,ST JOHN'S,8403500,8403500.1953.8.11,1953-08-11 00:00:00,NL,1953,8,11,16.7,,11.7,,21.7,,6.9,,6.9,,0,,,,,,,,0,,1.3,,,,,
-52.7,47.56666666666667,ST JOHN'S,8403500,8403500.1953.8.12,1953-08-12 00:00:00,NL,1953,8,12,13.4,,11.7,,15,,23.1,,23.1,,0,,,,,,,,0,,4.6,,,,,
-52.7,47.56666666666667,ST JOHN'S,8403500,8403500.1953.8.13,1953-08-13 00:00:00,NL,1953,8,13,16.1,,8.3,,23.9,,0,,0,,0,,,,,,,,0,,1.9,,,,,
-52.7,47.56666666666667,ST JOHN'S,8403500,8403500.1953.8.14,1953-08-14 00:00:00,NL,1953,8,14,18.4,,12.8,,23.9,,0,,0,,0,,,,,,,,0.4,,0,,,,,
-52.7,47.56666666666667,ST JOHN'S,8403500,8403500.1953.8.15,1953-08-15 00:00:00,NL,1953,8,15,21.4,,15.6,,27.2,,10.9,,10.9,,0,,,,,,,,3.4,,0,,,,,
-52.7,47.56666666666667,ST JOHN'S,8403500,8403500.1953.8.16,1953-08-16 00:00:00,NL,1953,8,16,20.3,,15.6,,25,,0,,0,,0,,,,,,,,2.3,,0,,,,,
-52.7,47.56666666666667,ST JOHN'S,8403500,8403500.1953.8.17,1953-08-17 00:00:00,NL,1953,8,17,20.6,,16.7,,24.4,,0,,0,,0,,,,,,,,2.6,,0,,,,,
-52.7,47.56666666666667,ST JOHN'S,8403500,8403500.1953.8.18,1953-08-18 00:00:00,NL,1953,8,18,15.6,,12.8,,18.3,,0,,0,,0,,,,,,,,0,,2.4,,,,,
-52.7,47.56666666666667,ST JOHN'S,8403500,8403500.1953.8.19,1953-08-19 00:00:00,NL,1953,8,19,17.5,,12.8,,22.2,,0,,0,,0,,,,,,,,0,,0.5,,,,,
-52.7,47.56666666666667,ST JOHN'S,8403500,8403500.1953.8.20,1953-08-20 00:00:00,NL,1953,8,20,15,,12.2,,17.8,,1.5,,1.5,,0,,,,,,,,0,,3,,,,,
-52.7,47.56666666666667,ST JOHN'S,8403500,8403500.1953.8.21,1953-08-21 00:00:00,NL,1953,8,21,16.1,,12.8,,19.4,,0.5,,0.5,,0,,,,,,,,0,,1.9,,,,,
-52.7,47.56666666666667,ST JOHN'S,8403500,8403500.1953.8.22,1953-08-22 00:00:00,NL,1953,8,22,16.1,,7.2,,25,,0,,0,,0,,,,,,,,0,,1.9,,,,,
-52.7,47.56666666666667,ST JOHN'S,8403500,8403500.1953.8.23,1953-08-23 00:00:00,NL,1953,8,23,16.7,,11.7,,21.7,,2.3,,2.3,,0,,,,,,,,0,,1.3,,,,,
-52.7,47.56666666666667,ST JOHN'S,8403500,8403500.1953.8.24,1953-08-24 00:00:00,NL,1953,8,24,10,,7.2,,12.8,,0,,0,,0,,,,,,,,0,,8,,,,,
-52.7,47.56666666666667,ST JOHN'S,8403500,8403500.1953.8.25,1953-08-25 00:00:00,NL,1953,8,25,10.3,,4.4,,16.1,,0,,0,,0,,,,,,,,0,,7.7,,,,,
-52.7,47.56666666666667,ST JOHN'S,8403500,8403500.1953.8.26,1953-08-26 00:00:00,NL,1953,8,26,11.1,,5,,17.2,,0,,0,,0,,,,,,,,0,,6.9,,,,,
-52.7,47.56666666666667,ST JOHN'S,8403500,8403500.1953.8.27,1953-08-27 00:00:00,NL,1953,8,27,14.5,,7.8,,21.1,,0,,0,,0,,,,,,,,0,,3.5,,,,,
-52.7,47.56666666666667,ST JOHN'S,8403500,8403500.1953.8.28,1953-08-28 00:00:00,NL,1953,8,28,15.3,,10,,20.6,,1,,1,,0,,,,,,,,0,,2.7,,,,,
-52.7,47.56666666666667,ST JOHN'S,8403500,8403500.1953.8.29,1953-08-29 00:00:00,NL,1953,8,29,15.9,,11.7,,20,,1,,1,,0,,,,,,,,0,,2.1,,,,,
-52.7,47.56666666666667,ST JOHN'S,8403500,8403500.1953.8.30,1953-08-30 00:00:00,NL,1953,8,30,12.2,,11.1,,13.3,,1.5,,1.5,,0,,,,,,,,0,,5.8,,,,,
-52.7,47.56666666666667,ST JOHN'S,8403500,8403500.1953.8.31,1953-08-31 00:00:00,NL,1953,8,31,13.6,,10,,17.2,,20.6,,20.6,,0,,,,,,,,0,,4.4,,,,,
-52.7,47.56666666666667,ST JOHN'S,8403500,8403500.1953.9.1,1953-09-01 00:00:00,NL,1953,9,1,15.3,,12.2,,18.3,,0,,0,,0,,,,,,,,0,,2.7,,,,,
-52.7,47.56666666666667,ST JOHN'S,8403500,8403500.1953.9.2,1953-09-02 00:00:00,NL,1953,9,2,18.1,,12.2,,23.9,,0,,0,,0,,,,,,,,0.1,,0,,,,,
-52.7,47.56666666666667,ST JOHN'S,8403500,8403500.1953.9.3,1953-09-03 00:00:00,NL,1953,9,3,14.2,,11.7,,16.7,,0,,0,,0,,,,,,,,0,,3.8,,,,,
-52.7,47.56666666666667,ST JOHN'S,8403500,8403500.1953.9.4,1953-09-04 00:00:00,NL,1953,9,4,10.3,,6.1,,14.4,,0,,0,,0,,,,,,,,0,,7.7,,,,,
-52.7,47.56666666666667,ST JOHN'S,8403500,8403500.1953.9.5,1953-09-05 00:00:00,NL,1953,9,5,9.5,,2.2,,16.7,,0,,0,,0,,,,,,,,0,,8.5,,,,,
-52.7,47.56666666666667,ST JOHN'S,8403500,8403500.1953.9.6,1953-09-06 00:00:00,NL,1953,9,6,15.3,,7.2,,23.3,,0,,0,,0,,,,,,,,0,,2.7,,,,,
-52.7,47.56666666666667,ST JOHN'S,8403500,8403500.1953.9.7,1953-09-07 00:00:00,NL,1953,9,7,18.6,,12.8,,24.4,,0,,0,,0,,,,,,,,0.6,,0,,,,,
-52.7,47.56666666666667,ST JOHN'S,8403500,8403500.1953.9.8,1953-09-08 00:00:00,NL,1953,9,8,19.7,,12.2,,27.2,,0,,0,,0,,,,,,,,1.7,,0,,,,,
-52.7,47.56666666666667,ST JOHN'S,8403500,8403500.1953.9.9,1953-09-09 00:00:00,NL,1953,9,9,17.2,,14.4,,20,,14.5,,14.5,,0,,,,,,,,0,,0.8,,,,,
-52.7,47.56666666666667,ST JOHN'S,8403500,8403500.1953.9.10,1953-09-10 00:00:00,NL,1953,9,10,14.2,,11.1,,17.2,,0,,0,,0,,,,,,,,0,,3.8,,,,,
-52.7,47.56666666666667,ST JOHN'S,8403500,8403500.1953.9.11,1953-09-11 00:00:00,NL,1953,9,11,11.7,,8.9,,14.4,,0,,0,,0,,,,,,,,0,,6.3,,,,,
-52.7,47.56666666666667,ST JOHN'S,8403500,8403500.1953.9.12,1953-09-12 00:00:00,NL,1953,9,12,12,,8.9,,15,,0,,0,,0,,,,,,,,0,,6,,,,,
-52.7,47.56666666666667,ST JOHN'S,8403500,8403500.1953.9.13,1953-09-13 00:00:00,NL,1953,9,13,12,,7.2,,16.7,,3.6,,3.6,,0,,,,,,,,0,,6,,,,,
-52.7,47.56666666666667,ST JOHN'S,8403500,8403500.1953.9.14,1953-09-14 00:00:00,NL,1953,9,14,9.2,,5,,13.3,,0,,0,,0,,,,,,,,0,,8.8,,,,,
-52.7,47.56666666666667,ST JOHN'S,8403500,8403500.1953.9.15,1953-09-15 00:00:00,NL,1953,9,15,13.7,,10.6,,16.7,,0,,0,,0,,,,,,,,0,,4.3,,,,,
-52.7,47.56666666666667,ST JOHN'S,8403500,8403500.1953.9.16,1953-09-16 00:00:00,NL,1953,9,16,14.5,,10,,18.9,,17.8,,17.8,,0,,,,,,,,0,,3.5,,,,,
-52.7,47.56666666666667,ST JOHN'S,8403500,8403500.1953.9.17,1953-09-17 00:00:00,NL,1953,9,17,11.7,,10,,13.3,,0.8,,0.8,,0,,,,,,,,0,,6.3,,,,,
-52.7,47.56666666666667,ST JOHN'S,8403500,8403500.1953.9.18,1953-09-18 00:00:00,NL,1953,9,18,10.6,,7.8,,13.3,,0,,0,,0,,,,,,,,0,,7.4,,,,,
-52.7,47.56666666666667,ST JOHN'S,8403500,8403500.1953.9.19,1953-09-19 00:00:00,NL,1953,9,19,11.7,,5,,18.3,,0,,0,,0,,,,,,,,0,,6.3,,,,,
-52.7,47.56666666666667,ST JOHN'S,8403500,8403500.1953.9.20,1953-09-20 00:00:00,NL,1953,9,20,12.3,,6.7,,17.8,,0,,0,,0,,,,,,,,0,,5.7,,,,,
-52.7,47.56666666666667,ST JOHN'S,8403500,8403500.1953.9.21,1953-09-21 00:00:00,NL,1953,9,21,16.4,,8.9,,23.9,,0,,0,,0,,,,,,,,0,,1.6,,,,,
-52.7,47.56666666666667,ST JOHN'S,8403500,8403500.1953.9.22,1953-09-22 00:00:00,NL,1953,9,22,17.2,,12.2,,22.2,,0,,0,,0,,,,,,,,0,,0.8,,,,,
-52.7,47.56666666666667,ST JOHN'S,8403500,8403500.1953.9.23,1953-09-23 00:00:00,NL,1953,9,23,13.9,,10,,17.8,,10.7,,10.7,,0,,,,,,,,0,,4.1,,,,,
-52.7,47.56666666666667,ST JOHN'S,8403500,8403500.1953.9.24,1953-09-24 00:00:00,NL,1953,9,24,7.8,,5.6,,10,,1.5,,1.5,,0,,,,,,,,0,,10.2,,,,,
-52.7,47.56666666666667,ST JOHN'S,8403500,8403500.1953.9.25,1953-09-25 00:00:00,NL,1953,9,25,10.3,,4.4,,16.1,,0,,0,,0,,,,,,,,0,,7.7,,,,,
-52.7,47.56666666666667,ST JOHN'S,8403500,8403500.1953.9.26,1953-09-26 00:00:00,NL,1953,9,26,13.1,,8.9,,17.2,,3.6,,3.6,,0,,,,,,,,0,,4.9,,,,,
-52.7,47.56666666666667,ST JOHN'S,8403500,8403500.1953.9.27,1953-09-27 00:00:00,NL,1953,9,27,16.7,,13.3,,20,,0.5,,0.5,,0,,,,,,,,0,,1.3,,,,,
-52.7,47.56666666666667,ST JOHN'S,8403500,8403500.1953.9.28,1953-09-28 00:00:00,NL,1953,9,28,16.4,,12.2,,20.6,,9.7,,9.7,,0,,,,,,,,0,,1.6,,,,,
-52.7,47.56666666666667,ST JOHN'S,8403500,8403500.1953.9.29,1953-09-29 00:00:00,NL,1953,9,29,7.2,,4.4,,10,,4.8,,4.8,,0,,,,,,,,0,,10.8,,,,,
-52.7,47.56666666666667,ST JOHN'S,8403500,8403500.1953.9.30,1953-09-30 00:00:00,NL,1953,9,30,4.5,,2.2,,6.7,,0.8,,0.8,,0,,,,,,,,0,,13.5,,,,,
-52.7,47.56666666666667,ST JOHN'S,8403500,8403500.1953.10.1,1953-10-01 00:00:00,NL,1953,10,1,6.1,,-1.7,,13.9,,3.6,,3.6,,0,,,,,,,,0,,11.9,,,,,
-52.7,47.56666666666667,ST JOHN'S,8403500,8403500.1953.10.2,1953-10-02 00:00:00,NL,1953,10,2,11.1,,7.8,,14.4,,3.8,,3.8,,0,,,,,,,,0,,6.9,,,,,
-52.7,47.56666666666667,ST JOHN'S,8403500,8403500.1953.10.3,1953-10-03 00:00:00,NL,1953,10,3,6.9,,4.4,,9.4,,1.3,,1.3,,0,,,,,,,,0,,11.1,,,,,
-52.7,47.56666666666667,ST JOHN'S,8403500,8403500.1953.10.4,1953-10-04 00:00:00,NL,1953,10,4,8.6,,2.2,,15,,0,,0,,0,,,,,,,,0,,9.4,,,,,
-52.7,47.56666666666667,ST JOHN'S,8403500,8403500.1953.10.5,1953-10-05 00:00:00,NL,1953,10,5,13.9,,9.4,,18.3,,0,,0,,0,,,,,,,,0,,4.1,,,,,
-52.7,47.56666666666667,ST JOHN'S,8403500,8403500.1953.10.6,1953-10-06 00:00:00,NL,1953,10,6,12.2,,7.2,,17.2,,111,,111,,0,,,,,,,,0,,5.8,,,,,
-52.7,47.56666666666667,ST JOHN'S,8403500,8403500.1953.10.7,1953-10-07 00:00:00,NL,1953,10,7,12.8,,7.2,,18.3,,2,,2,,0,,,,,,,,0,,5.2,,,,,
-52.7,47.56666666666667,ST JOHN'S,8403500,8403500.1953.10.8,1953-10-08 00:00:00,NL,1953,10,8,11.4,,6.1,,16.7,,0.3,,0.3,,0,,,,,,,,0,,6.6,,,,,
-52.7,47.56666666666667,ST JOHN'S,8403500,8403500.1953.10.9,1953-10-09 00:00:00,NL,1953,10,9,8.3,,4.4,,12.2,,0,,0,,0,,,,,,,,0,,9.7,,,,,
-52.7,47.56666666666667,ST JOHN'S,8403500,8403500.1953.10.10,1953-10-10 00:00:00,NL,1953,10,10,5.9,,2.8,,8.9,,8.4,,8.4,,0,,,,,,,,0,,12.1,,,,,
-52.7,47.56666666666667,ST JOHN'S,8403500,8403500.1953.10.11,1953-10-11 00:00:00,NL,1953,10,11,5.3,,2.2,,8.3,,27.2,,27.2,,0,,,,,,,,0,,12.7,,,,,
-52.7,47.56666666666667,ST JOHN'S,8403500,8403500.1953.10.12,1953-10-12 00:00:00,NL,1953,10,12,5,,2.2,,7.8,,5.6,,5.6,,0,,,,,,,,0,,13,,,,,
-52.7,47.56666666666667,ST JOHN'S,8403500,8403500.1953.10.13,1953-10-13 00:00:00,NL,1953,10,13,5,,0.6,,9.4,,6.4,,6.4,,0,,,,,,,,0,,13,,,,,
-52.7,47.56666666666667,ST JOHN'S,8403500,8403500.1953.10.14,1953-10-14 00:00:00,NL,1953,10,14,4.5,,0,,8.9,,0,,0,,0,,,,,,,,0,,13.5,,,,,
-52.7,47.56666666666667,ST JOHN'S,8403500,8403500.1953.10.15,1953-10-15 00:00:00,NL,1953,10,15,9.5,,1.7,,17.2,,0,,0,,0,,,,,,,,0,,8.5,,,,,
-52.7,47.56666666666667,ST JOHN'S,8403500,8403500.1953.10.16,1953-10-16 00:00:00,NL,1953,10,16,10.6,,6.7,,14.4,,0,,0,,0,,,,,,,,0,,7.4,,,,,
-52.7,47.56666666666667,ST JOHN'S,8403500,8403500.1953.10.17,1953-10-17 00:00:00,NL,1953,10,17,6.4,,3.3,,9.4,,0,,0,,0,,,,,,,,0,,11.6,,,,,
-52.7,47.56666666666667,ST JOHN'S,8403500,8403500.1953.10.18,1953-10-18 00:00:00,NL,1953,10,18,4.7,,2.2,,7.2,,0,,0,,0,,,,,,,,0,,13.3,,,,,
-52.7,47.56666666666667,ST JOHN'S,8403500,8403500.1953.10.19,1953-10-19 00:00:00,NL,1953,10,19,4.8,,-1.1,,10.6,,2,,2,,0,,,,,,,,0,,13.2,,,,,
-52.7,47.56666666666667,ST JOHN'S,8403500,8403500.1953.10.20,1953-10-20 00:00:00,NL,1953,10,20,7.8,,3.3,,12.2,,4.3,,4.3,,0,,,,,,,,0,,10.2,,,,,
-52.7,47.56666666666667,ST JOHN'S,8403500,8403500.1953.10.21,1953-10-21 00:00:00,NL,1953,10,21,2.2,,-0.6,,5,,0,,0,,0,,,,,,,,0,,15.8,,,,,
-52.7,47.56666666666667,ST JOHN'S,8403500,8403500.1953.10.22,1953-10-22 00:00:00,NL,1953,10,22,3.9,,-2.2,,10,,0,,0,,0,,,,,,,,0,,14.1,,,,,
-52.7,47.56666666666667,ST JOHN'S,8403500,8403500.1953.10.23,1953-10-23 00:00:00,NL,1953,10,23,11.1,,4.4,,17.8,,0,,0,,0,,,,,,,,0,,6.9,,,,,
-52.7,47.56666666666667,ST JOHN'S,8403500,8403500.1953.10.24,1953-10-24 00:00:00,NL,1953,10,24,,M,,M,,M,0,,0,,0,,,,,,,,,M,,M,,,,
-52.7,47.56666666666667,ST JOHN'S,8403500,8403500.1953.10.25,1953-10-25 00:00:00,NL,1953,10,25,,M,,M,8.9,,14.7,,14.7,,0,,,,,,,,,M,,M,,,,
-52.7,47.56666666666667,ST JOHN'S,8403500,8403500.1953.10.26,1953-10-26 00:00:00,NL,1953,10,26,6.7,,1.1,,12.2,,10.9,,10.9,,0,,,,,,,,0,,11.3,,,,,
-52.7,47.56666666666667,ST JOHN'S,8403500,8403500.1953.10.27,1953-10-27 00:00:00,NL,1953,10,27,9.2,,3.3,,15,,0,,0,,0,,,,,,,,0,,8.8,,,,,
-52.7,47.56666666666667,ST JOHN'S,8403500,8403500.1953.10.28,1953-10-28 00:00:00,NL,1953,10,28,7.2,,5,,9.4,,7.9,,7.9,,0,,,,,,,,0,,10.8,,,,,
-52.7,47.56666666666667,ST JOHN'S,8403500,8403500.1953.10.29,1953-10-29 00:00:00,NL,1953,10,29,11.9,,4.4,,19.4,,13.5,,13.5,,0,,,,,,,,0,,6.1,,,,,
-52.7,47.56666666666667,ST JOHN'S,8403500,8403500.1953.10.30,1953-10-30 00:00:00,NL,1953,10,30,13.9,,10.6,,17.2,,0,,0,,0,,,,,,,,0,,4.1,,,,,
-52.7,47.56666666666667,ST JOHN'S,8403500,8403500.1953.10.31,1953-10-31 00:00:00,NL,1953,10,31,3.9,,2.8,,5,,0,,0,,0,,,,,,,,0,,14.1,,,,,
-52.7,47.56666666666667,ST JOHN'S,8403500,8403500.1953.11.1,1953-11-01 00:00:00,NL,1953,11,1,4.5,,2.8,,6.1,,38.4,,38.4,,0,,,,,,,,0,,13.5,,,,,
-52.7,47.56666666666667,ST JOHN'S,8403500,8403500.1953.11.2,1953-11-02 00:00:00,NL,1953,11,2,2,,1.1,,2.8,,2.5,,2.5,,0,,,,,,,,0,,16,,,,,
-52.7,47.56666666666667,ST JOHN'S,8403500,8403500.1953.11.3,1953-11-03 00:00:00,NL,1953,11,3,4.2,,1.1,,7.2,,0.5,,0.5,,0,,,,,,,,0,,13.8,,,,,
-52.7,47.56666666666667,ST JOHN'S,8403500,8403500.1953.11.4,1953-11-04 00:00:00,NL,1953,11,4,6.7,,1.1,,12.2,,4.8,,4.8,,0,,,,,,,,0,,11.3,,,,,
-52.7,47.56666666666667,ST JOHN'S,8403500,8403500.1953.11.5,1953-11-05 00:00:00,NL,1953,11,5,3.7,,0.6,,6.7,,0,,0,,0,,,,,,,,0,,14.3,,,,,
-52.7,47.56666666666667,ST JOHN'S,8403500,8403500.1953.11.6,1953-11-06 00:00:00,NL,1953,11,6,0.6,,-1.7,,2.8,,0,,0,,0,,,,,,,,0,,17.4,,,,,
-52.7,47.56666666666667,ST JOHN'S,8403500,8403500.1953.11.7,1953-11-07 00:00:00,NL,1953,11,7,1.4,,-2.2,,5,,0.8,,0.8,,0,,,,,,,,0,,16.6,,,,,
-52.7,47.56666666666667,ST JOHN'S,8403500,8403500.1953.11.8,1953-11-08 00:00:00,NL,1953,11,8,5.3,,-0.6,,11.1,,0.8,,0.8,,0,,,,,,,,0,,12.7,,,,,
-52.7,47.56666666666667,ST JOHN'S,8403500,8403500.1953.11.9,1953-11-09 00:00:00,NL,1953,11,9,7.2,,0,,14.4,,6.4,,6.4,,0,,,,,,,,0,,10.8,,,,,
-52.7,47.56666666666667,ST JOHN'S,8403500,8403500.1953.11.10,1953-11-10 00:00:00,NL,1953,11,10,7.2,,4.4,,10,,0,,0,,0,,,,,,,,0,,10.8,,,,,
-52.7,47.56666666666667,ST JOHN'S,8403500,8403500.1953.11.11,1953-11-11 00:00:00,NL,1953,11,11,4.5,,1.1,,7.8,,0,,0,,0,,,,,,,,0,,13.5,,,,,
-52.7,47.56666666666667,ST JOHN'S,8403500,8403500.1953.11.12,1953-11-12 00:00:00,NL,1953,11,12,2.2,,-0.6,,5,,0,,0,,0,,,,,,,,0,,15.8,,,,,
-52.7,47.56666666666667,ST JOHN'S,8403500,8403500.1953.11.13,1953-11-13 00:00:00,NL,1953,11,13,1.4,,0.6,,2.2,,0,,0,,0,,,,,,,,0,,16.6,,,,,
-52.7,47.56666666666667,ST JOHN'S,8403500,8403500.1953.11.14,1953-11-14 00:00:00,NL,1953,11,14,0.3,,-1.7,,2.2,,0,,0,,0,,,,,,,,0,,17.7,,,,,
-52.7,47.56666666666667,ST JOHN'S,8403500,8403500.1953.11.15,1953-11-15 00:00:00,NL,1953,11,15,0.6,,-3.3,,4.4,,6.4,,6.4,,0,,,,,,,,0,,17.4,,,,,
-52.7,47.56666666666667,ST JOHN'S,8403500,8403500.1953.11.16,1953-11-16 00:00:00,NL,1953,11,16,3.4,,1.7,,5,,16.8,,16.8,,0,,,,,,,,0,,14.6,,,,,
-52.7,47.56666666666667,ST JOHN'S,8403500,8403500.1953.11.17,1953-11-17 00:00:00,NL,1953,11,17,3.6,,2.8,,4.4,,7.1,,7.1,,0,,,,,,,,0,,14.4,,,,,
-52.7,47.56666666666667,ST JOHN'S,8403500,8403500.1953.11.18,1953-11-18 00:00:00,NL,1953,11,18,3.1,,1.1,,5,,2.5,,2.5,,0,,,,,,,,0,,14.9,,,,,
-52.7,47.56666666666667,ST JOHN'S,8403500,8403500.1953.11.19,1953-11-19 00:00:00,NL,1953,11,19,3.3,,-0.6,,7.2,,0,,0,,0,,,,,,,,0,,14.7,,,,,
-52.7,47.56666666666667,ST JOHN'S,8403500,8403500.1953.11.20,1953-11-20 00:00:00,NL,1953,11,20,3.9,,1.1,,6.7,,0,,0,,0,,,,,,,,0,,14.1,,,,,
-52.7,47.56666666666667,ST JOHN'S,8403500,8403500.1953.11.21,1953-11-21 00:00:00,NL,1953,11,21,0.9,,0,,1.7,,0,,0,,0,,,,,,,,0,,17.1,,,,,
-52.7,47.56666666666667,ST JOHN'S,8403500,8403500.1953.11.22,1953-11-22 00:00:00,NL,1953,11,22,2.5,,-2.2,,7.2,,0,,0,,0,,,,,,,,0,,15.5,,,,,
-52.7,47.56666666666667,ST JOHN'S,8403500,8403500.1953.11.23,1953-11-23 00:00:00,NL,1953,11,23,6.1,,-1.7,,13.9,,0,,0,,0,,,,,,,,0,,11.9,,,,,
-52.7,47.56666666666667,ST JOHN'S,8403500,8403500.1953.11.24,1953-11-24 00:00:00,NL,1953,11,24,13.6,,8.3,,18.9,,8.6,,8.6,,0,,,,,,,,0,,4.4,,,,,
-52.7,47.56666666666667,ST JOHN'S,8403500,8403500.1953.11.25,1953-11-25 00:00:00,NL,1953,11,25,15.3,,12.2,,18.3,,0,,0,,0,,,,,,,,0,,2.7,,,,,
-52.7,47.56666666666667,ST JOHN'S,8403500,8403500.1953.11.26,1953-11-26 00:00:00,NL,1953,11,26,14.2,,10.6,,17.8,,1,,1,,0,,,,,,,,0,,3.8,,,,,
-52.7,47.56666666666667,ST JOHN'S,8403500,8403500.1953.11.27,1953-11-27 00:00:00,NL,1953,11,27,13.7,,10.6,,16.7,,25.7,,25.7,,0,,,,,,,,0,,4.3,,,,,
-52.7,47.56666666666667,ST JOHN'S,8403500,8403500.1953.11.28,1953-11-28 00:00:00,NL,1953,11,28,6.4,,4.4,,8.3,,3.6,,3.6,,0,,,,,,,,0,,11.6,,,,,
-52.7,47.56666666666667,ST JOHN'S,8403500,8403500.1953.11.29,1953-11-29 00:00:00,NL,1953,11,29,5,,2.8,,7.2,,14.5,,13.2,,1.3,,,,,,,,0,,13,,,,,
-52.7,47.56666666666667,ST JOHN'S,8403500,8403500.1953.11.30,1953-11-30 00:00:00,NL,1953,11,30,-1.7,,-2.2,,-1.1,,0,,0,,0,,,,,,,,0,,19.7,,,,,
-52.7,47.56666666666667,ST JOHN'S,8403500,8403500.1953.12.1,1953-12-01 00:00:00,NL,1953,12,1,-0.6,,-2.8,,1.7,,0,,0,,0,,,,,,,,0,,18.6,,,,,
-52.7,47.56666666666667,ST JOHN'S,8403500,8403500.1953.12.2,1953-12-02 00:00:00,NL,1953,12,2,3.9,,-1.1,,8.9,,44.5,,44.5,,0,,,,,,,,0,,14.1,,,,,
-52.7,47.56666666666667,ST JOHN'S,8403500,8403500.1953.12.3,1953-12-03 00:00:00,NL,1953,12,3,7,,1.1,,12.8,,2,,2,,0,,,,,,,,0,,11,,,,,
-52.7,47.56666666666667,ST JOHN'S,8403500,8403500.1953.12.4,1953-12-04 00:00:00,NL,1953,12,4,0.6,,-0.6,,1.7,,0,,0,,0,,,,,,,,0,,17.4,,,,,
-52.7,47.56666666666667,ST JOHN'S,8403500,8403500.1953.12.5,1953-12-05 00:00:00,NL,1953,12,5,4.2,,-2.8,,11.1,,7.4,,7.4,,0,,,,,,,,0,,13.8,,,,,
-52.7,47.56666666666667,ST JOHN'S,8403500,8403500.1953.12.6,1953-12-06 00:00:00,NL,1953,12,6,3.1,,1.7,,4.4,,0,,0,,0,,,,,,,,0,,14.9,,,,,
-52.7,47.56666666666667,ST JOHN'S,8403500,8403500.1953.12.7,1953-12-07 00:00:00,NL,1953,12,7,5.9,,-1.1,,12.8,,0,,0,,0,,,,,,,,0,,12.1,,,,,
-52.7,47.56666666666667,ST JOHN'S,8403500,8403500.1953.12.8,1953-12-08 00:00:00,NL,1953,12,8,3.6,,2.2,,5,,0,,0,,0,,,,,,,,0,,14.4,,,,,
-52.7,47.56666666666667,ST JOHN'S,8403500,8403500.1953.12.9,1953-12-09 00:00:00,NL,1953,12,9,3.1,,0.6,,5.6,,0,,0,,0,,,,,,,,0,,14.9,,,,,
-52.7,47.56666666666667,ST JOHN'S,8403500,8403500.1953.12.10,1953-12-10 00:00:00,NL,1953,12,10,3.9,,-3.3,,11.1,,20.8,,14.5,,6.4,,,,,,,,0,,14.1,,,,,
-52.7,47.56666666666667,ST JOHN'S,8403500,8403500.1953.12.11,1953-12-11 00:00:00,NL,1953,12,11,4.5,,0.6,,8.3,,1.3,,1.3,,0,,,,,,,,0,,13.5,,,,,
-52.7,47.56666666666667,ST JOHN'S,8403500,8403500.1953.12.12,1953-12-12 00:00:00,NL,1953,12,12,-0.3,,-1.7,,1.1,,0,,0,,0,,,,,,,,0,,18.3,,,,,
-52.7,47.56666666666667,ST JOHN'S,8403500,8403500.1953.12.13,1953-12-13 00:00:00,NL,1953,12,13,2,,-1.1,,5,,8.4,,8.1,,0.3,,,,,,,,0,,16,,,,,
-52.7,47.56666666666667,ST JOHN'S,8403500,8403500.1953.12.14,1953-12-14 00:00:00,NL,1953,12,14,-2.3,,-3.9,,-0.6,,0.5,,0.3,,0.3,,,,,,,,0,,20.3,,,,,
-52.7,47.56666666666667,ST JOHN'S,8403500,8403500.1953.12.15,1953-12-15 00:00:00,NL,1953,12,15,2,,-3.9,,7.8,,54.4,,54.4,,0,,,,,,,,0,,16,,,,,
-52.7,47.56666666666667,ST JOHN'S,8403500,8403500.1953.12.16,1953-12-16 00:00:00,NL,1953,12,16,2.8,,1.7,,3.9,,0,,0,,0,,,,,,,,0,,15.2,,,,,
-52.7,47.56666666666667,ST JOHN'S,8403500,8403500.1953.12.17,1953-12-17 00:00:00,NL,1953,12,17,-0.3,,-2.8,,2.2,,6.6,,0,,6.6,,,,,,,,0,,18.3,,,,,
-52.7,47.56666666666667,ST JOHN'S,8403500,8403500.1953.12.18,1953-12-18 00:00:00,NL,1953,12,18,-5.3,,-8.3,,-2.2,,2.8,,0,,2.8,,,,,,,,0,,23.3,,,,,
-52.7,47.56666666666667,ST JOHN'S,8403500,8403500.1953.12.19,1953-12-19 00:00:00,NL,1953,12,19,-5.3,,-9.4,,-1.1,,3.8,,0,,3.8,,,,,,,,0,,23.3,,,,,
-52.7,47.56666666666667,ST JOHN'S,8403500,8403500.1953.12.20,1953-12-20 00:00:00,NL,1953,12,20,-4.8,,-8.9,,-0.6,,1,,0,,1,,,,,,,,0,,22.8,,,,,
-52.7,47.56666666666667,ST JOHN'S,8403500,8403500.1953.12.21,1953-12-21 00:00:00,NL,1953,12,21,-3.9,,-9.4,,1.7,,0,,0,,0,,,,,,,,0,,21.9,,,,,
-52.7,47.56666666666667,ST JOHN'S,8403500,8403500.1953.12.22,1953-12-22 00:00:00,NL,1953,12,22,-3.9,,-6.7,,-1.1,,4.6,,0,,4.6,,,,,,,,0,,21.9,,,,,
-52.7,47.56666666666667,ST JOHN'S,8403500,8403500.1953.12.23,1953-12-23 00:00:00,NL,1953,12,23,0.3,,-4.4,,5,,6.6,,6.6,,0,,,,,,,,0,,17.7,,,,,
-52.7,47.56666666666667,ST JOHN'S,8403500,8403500.1953.12.24,1953-12-24 00:00:00,NL,1953,12,24,2.5,,-1.7,,6.7,,0,,0,,0,,,,,,,,0,,15.5,,,,,
-52.7,47.56666666666667,ST JOHN'S,8403500,8403500.1953.12.25,1953-12-25 00:00:00,NL,1953,12,25,-2.2,,-7.2,,2.8,,0,,0,,0,,,,,,,,0,,20.2,,,,,
-52.7,47.56666666666667,ST JOHN'S,8403500,8403500.1953.12.26,1953-12-26 00:00:00,NL,1953,12,26,2.3,,0.6,,3.9,,91.7,,91.7,,0,,,,,,,,0,,15.7,,,,,
-52.7,47.56666666666667,ST JOHN'S,8403500,8403500.1953.12.27,1953-12-27 00:00:00,NL,1953,12,27,1.7,,0.6,,2.8,,0,,0,,0,,,,,,,,0,,16.3,,,,,
-52.7,47.56666666666667,ST JOHN'S,8403500,8403500.1953.12.28,1953-12-28 00:00:00,NL,1953,12,28,-0.6,,-1.7,,0.6,,0,,0,,0,,,,,,,,0,,18.6,,,,,
-52.7,47.56666666666667,ST JOHN'S,8403500,8403500.1953.12.29,1953-12-29 00:00:00,NL,1953,12,29,0.6,,-2.2,,3.3,,18.8,,18.5,,0.3,,,,,,,,0,,17.4,,,,,
-52.7,47.56666666666667,ST JOHN'S,8403500,8403500.1953.12.30,1953-12-30 00:00:00,NL,1953,12,30,-0.3,,-1.1,,0.6,,0,,0,,0,,,,,,,,0,,18.3,,,,,
-52.7,47.56666666666667,ST JOHN'S,8403500,8403500.1953.12.31,1953-12-31 00:00:00,NL,1953,12,31,0,,-2.8,,2.8,,0,,0,,0,,,,,,,,0,,18,,,,,
-52.7,47.56666666666667,ST JOHN'S,8403500,8403500.1954.1.1,1954-01-01 00:00:00,NL,1954,1,1,-1.7,,-2.2,,-1.1,,4.6,,0,,4.6,,,,,,,,0,,19.7,,,,,
-52.7,47.56666666666667,ST JOHN'S,8403500,8403500.1954.1.2,1954-01-02 00:00:00,NL,1954,1,2,-4.5,,-7.2,,-1.7,,0,,0,,0,,,,,,,,0,,22.5,,,,,
-52.7,47.56666666666667,ST JOHN'S,8403500,8403500.1954.1.3,1954-01-03 00:00:00,NL,1954,1,3,-7.3,,-10.6,,-3.9,,0,,0,,0,,,,,,,,0,,25.3,,,,,
-52.7,47.56666666666667,ST JOHN'S,8403500,8403500.1954.1.4,1954-01-04 00:00:00,NL,1954,1,4,-2.8,,-6.7,,1.1,,0.8,,0.8,,0,,,,,,,,0,,20.8,,,,,
-52.7,47.56666666666667,ST JOHN'S,8403500,8403500.1954.1.5,1954-01-05 00:00:00,NL,1954,1,5,0.8,,-0.6,,2.2,,14.7,,14.7,,0,,,,,,,,0,,17.2,,,,,
-52.7,47.56666666666667,ST JOHN'S,8403500,8403500.1954.1.6,1954-01-06 00:00:00,NL,1954,1,6,3.1,,1.7,,4.4,,0.3,,0.3,,0,,,,,,,,0,,14.9,,,,,
-52.7,47.56666666666667,ST JOHN'S,8403500,8403500.1954.1.7,1954-01-07 00:00:00,NL,1954,1,7,4.2,,0.6,,7.8,,71.9,,71.9,,0,,,,,,,,0,,13.8,,,,,
-52.7,47.56666666666667,ST JOHN'S,8403500,8403500.1954.1.8,1954-01-08 00:00:00,NL,1954,1,8,4.8,,1.7,,7.8,,4.8,,3.6,,1.3,,,,,,,,0,,13.2,,,,,
-52.7,47.56666666666667,ST JOHN'S,8403500,8403500.1954.1.9,1954-01-09 00:00:00,NL,1954,1,9,-2.8,,-6.7,,1.1,,2,,0,,2,,,,,,,,0,,20.8,,,,,
-52.7,47.56666666666667,ST JOHN'S,8403500,8403500.1954.1.10,1954-01-10 00:00:00,NL,1954,1,10,-7.5,,-10.6,,-4.4,,5.1,,0,,5.1,,,,,,,,0,,25.5,,,,,
-52.7,47.56666666666667,ST JOHN'S,8403500,8403500.1954.1.11,1954-01-11 00:00:00,NL,1954,1,11,-8.4,,-11.7,,-5,,2.5,,0,,2.5,,,,,,,,0,,26.4,,,,,
-52.7,47.56666666666667,ST JOHN'S,8403500,8403500.1954.1.12,1954-01-12 00:00:00,NL,1954,1,12,0.8,,-6.7,,8.3,,25.4,,19.1,,6.4,,,,,,,,0,,17.2,,,,,
-52.7,47.56666666666667,ST JOHN'S,8403500,8403500.1954.1.13,1954-01-13 00:00:00,NL,1954,1,13,-1.9,,-4.4,,0.6,,3,,0,,3,,,,,,,,0,,19.9,,,,,
-52.7,47.56666666666667,ST JOHN'S,8403500,8403500.1954.1.14,1954-01-14 00:00:00,NL,1954,1,14,-10,,-12.2,,-7.8,,0,,0,,0,,,,,,,,0,,28,,,,,
-52.7,47.56666666666667,ST JOHN'S,8403500,8403500.1954.1.15,1954-01-15 00:00:00,NL,1954,1,15,-8.6,,-15,,-2.2,,0,,0,,0,,,,,,,,0,,26.6,,,,,
-52.7,47.56666666666667,ST JOHN'S,8403500,8403500.1954.1.16,1954-01-16 00:00:00,NL,1954,1,16,-3.1,,-5.6,,-0.6,,0,,0,,0,,,,,,,,0,,21.1,,,,,
-52.7,47.56666666666667,ST JOHN'S,8403500,8403500.1954.1.17,1954-01-17 00:00:00,NL,1954,1,17,-1.4,,-3.3,,0.6,,6.4,,0.5,,5.8,,,,,,,,0,,19.4,,,,,
-52.7,47.56666666666667,ST JOHN'S,8403500,8403500.1954.1.18,1954-01-18 00:00:00,NL,1954,1,18,-6.1,,-11.1,,-1.1,,0.8,,0,,0.8,,,,,,,,0,,24.1,,,,,
-52.7,47.56666666666667,ST JOHN'S,8403500,8403500.1954.1.19,1954-01-19 00:00:00,NL,1954,1,19,-10.6,,-13.3,,-7.8,,0,,0,,0,,,,,,,,0,,28.6,,,,,
-52.7,47.56666666666667,ST JOHN'S,8403500,8403500.1954.1.20,1954-01-20 00:00:00,NL,1954,1,20,-7.8,,-11.7,,-3.9,,2.5,,0,,2.5,,,,,,,,0,,25.8,,,,,
-52.7,47.56666666666667,ST JOHN'S,8403500,8403500.1954.1.21,1954-01-21 00:00:00,NL,1954,1,21,0.3,,-6.1,,6.7,,3.6,,3.6,,0,,,,,,,,0,,17.7,,,,,
-52.7,47.56666666666667,ST JOHN'S,8403500,8403500.1954.1.22,1954-01-22 00:00:00,NL,1954,1,22,-9.5,,-11.1,,-7.8,,0,,0,,0,,,,,,,,0,,27.5,,,,,
-52.7,47.56666666666667,ST JOHN'S,8403500,8403500.1954.1.23,1954-01-23 00:00:00,NL,1954,1,23,-9.5,,-13.3,,-5.6,,0,,0,,0,,,,,,,,0,,27.5,,,,,
-52.7,47.56666666666667,ST JOHN'S,8403500,8403500.1954.1.24,1954-01-24 00:00:00,NL,1954,1,24,-6.1,,-8.9,,-3.3,,0,,0,,0,,,,,,,,0,,24.1,,,,,
-52.7,47.56666666666667,ST JOHN'S,8403500,8403500.1954.1.25,1954-01-25 00:00:00,NL,1954,1,25,-1.4,,-7.2,,4.4,,1.3,,0,,1.3,,,,,,,,0,,19.4,,,,,
-52.7,47.56666666666667,ST JOHN'S,8403500,8403500.1954.1.26,1954-01-26 00:00:00,NL,1954,1,26,-2.2,,-6.1,,1.7,,3.8,,0,,3.8,,,,,,,,0,,20.2,,,,,
-52.7,47.56666666666667,ST JOHN'S,8403500,8403500.1954.1.27,1954-01-27 00:00:00,NL,1954,1,27,-1.7,,-6.1,,2.8,,7.6,,0,,7.6,,,,,,,,0,,19.7,,,,,
-52.7,47.56666666666667,ST JOHN'S,8403500,8403500.1954.1.28,1954-01-28 00:00:00,NL,1954,1,28,-3.4,,-6.7,,0,,19.6,,1.8,,17.8,,,,,,,,0,,21.4,,,,,
-52.7,47.56666666666667,ST JOHN'S,8403500,8403500.1954.1.29,1954-01-29 00:00:00,NL,1954,1,29,0.3,,-1.7,,2.2,,6.1,,6.1,,0,,,,,,,,0,,17.7,,,,,
-52.7,47.56666666666667,ST JOHN'S,8403500,8403500.1954.1.30,1954-01-30 00:00:00,NL,1954,1,30,-5.6,,-7.2,,-3.9,,0,,0,,0,,,,,,,,0,,23.6,,,,,
-52.7,47.56666666666667,ST JOHN'S,8403500,8403500.1954.1.31,1954-01-31 00:00:00,NL,1954,1,31,-4.5,,-11.7,,2.8,,15.7,,10.7,,5.1,,,,,,,,0,,22.5,,,,,
-52.7,47.56666666666667,ST JOHN'S,8403500,8403500.1954.2.1,1954-02-01 00:00:00,NL,1954,2,1,-1.1,,-3.3,,1.1,,5.1,,0,,5.1,,,,,,,,0,,19.1,,,,,
-52.7,47.56666666666667,ST JOHN'S,8403500,8403500.1954.2.2,1954-02-02 00:00:00,NL,1954,2,2,-8.1,,-11.1,,-5,,0,,0,,0,,,,,,,,0,,26.1,,,,,
-52.7,47.56666666666667,ST JOHN'S,8403500,8403500.1954.2.3,1954-02-03 00:00:00,NL,1954,2,3,-4.2,,-12.8,,4.4,,9.9,,9.9,,0,,,,,,,,0,,22.2,,,,,
-52.7,47.56666666666667,ST JOHN'S,8403500,8403500.1954.2.4,1954-02-04 00:00:00,NL,1954,2,4,3.3,,-1.7,,8.3,,15.2,,15.2,,0,,,,,,,,0,,14.7,,,,,
-52.7,47.56666666666667,ST JOHN'S,8403500,8403500.1954.2.5,1954-02-05 00:00:00,NL,1954,2,5,8.9,,6.1,,11.7,,10.2,,10.2,,0,,,,,,,,0,,9.1,,,,,
-52.7,47.56666666666667,ST JOHN'S,8403500,8403500.1954.2.6,1954-02-06 00:00:00,NL,1954,2,6,3.6,,1.1,,6.1,,0,,0,,0,,,,,,,,0,,14.4,,,,,
-52.7,47.56666666666667,ST JOHN'S,8403500,8403500.1954.2.7,1954-02-07 00:00:00,NL,1954,2,7,3.4,,0.6,,6.1,,0.3,,0.3,,0,,,,,,,,0,,14.6,,,,,
-52.7,47.56666666666667,ST JOHN'S,8403500,8403500.1954.2.8,1954-02-08 00:00:00,NL,1954,2,8,-0.3,,-3.3,,2.8,,0,,0,,0,,,,,,,,0,,18.3,,,,,
-52.7,47.56666666666667,ST JOHN'S,8403500,8403500.1954.2.9,1954-02-09 00:00:00,NL,1954,2,9,1.7,,-2.2,,5.6,,54.6,,54.6,,0,,,,,,,,0,,16.3,,,,,
-52.7,47.56666666666667,ST JOHN'S,8403500,8403500.1954.2.10,1954-02-10 00:00:00,NL,1954,2,10,-0.8,,-3.3,,1.7,,1.3,,0.3,,1,,,,,,,,0,,18.8,,,,,
-52.7,47.56666666666667,ST JOHN'S,8403500,8403500.1954.2.11,1954-02-11 00:00:00,NL,1954,2,11,-3.1,,-4.4,,-1.7,,0.3,,0,,0.3,,,,,,,,0,,21.1,,,,,
-52.7,47.56666666666667,ST JOHN'S,8403500,8403500.1954.2.12,1954-02-12 00:00:00,NL,1954,2,12,-2.8,,-7.2,,1.7,,22.4,,0.8,,21.6,,,,,,,,0,,20.8,,,,,
-52.7,47.56666666666667,ST JOHN'S,8403500,8403500.1954.2.13,1954-02-13 00:00:00,NL,1954,2,13,-4.7,,-7.2,,-2.2,,12.7,,0,,12.7,,,,,,,,0,,22.7,,,,,
-52.7,47.56666666666667,ST JOHN'S,8403500,8403500.1954.2.14,1954-02-14 00:00:00,NL,1954,2,14,-7.2,,-11.1,,-3.3,,1.3,,0,,1.3,,,,,,,,0,,25.2,,,,,
-52.7,47.56666666666667,ST JOHN'S,8403500,8403500.1954.2.15,1954-02-15 00:00:00,NL,1954,2,15,-6.4,,-12.8,,0,,0,,0,,0,,,,,,,,0,,24.4,,,,,
-52.7,47.56666666666667,ST JOHN'S,8403500,8403500.1954.2.16,1954-02-16 00:00:00,NL,1954,2,16,-0.6,,-3.9,,2.8,,1.8,,1.8,,0,,,,,,,,0,,18.6,,,,,
-52.7,47.56666666666667,ST JOHN'S,8403500,8403500.1954.2.17,1954-02-17 00:00:00,NL,1954,2,17,-5.8,,-12.2,,0.6,,0.8,,0.8,,0,,,,,,,,0,,23.8,,,,,
-52.7,47.56666666666667,ST JOHN'S,8403500,8403500.1954.2.18,1954-02-18 00:00:00,NL,1954,2,18,-2.8,,-6.1,,0.6,,8.6,,8.6,,0,,,,,,,,0,,20.8,,,,,
-52.7,47.56666666666667,ST JOHN'S,8403500,8403500.1954.2.19,1954-02-19 00:00:00,NL,1954,2,19,-6.7,,-10,,-3.3,,0,,0,,0,,,,,,,,0,,24.7,,,,,
-52.7,47.56666666666667,ST JOHN'S,8403500,8403500.1954.2.20,1954-02-20 00:00:00,NL,1954,2,20,-6.4,,-13.3,,0.6,,0,,0,,0,,,,,,,,0,,24.4,,,,,
-52.7,47.56666666666667,ST JOHN'S,8403500,8403500.1954.2.21,1954-02-21 00:00:00,NL,1954,2,21,0,,-7.8,,7.8,,0,,0,,0,,,,,,,,0,,18,,,,,
-52.7,47.56666666666667,ST JOHN'S,8403500,8403500.1954.2.22,1954-02-22 00:00:00,NL,1954,2,22,7.2,,3.3,,11.1,,0,,0,,0,,,,,,,,0,,10.8,,,,,
-52.7,47.56666666666667,ST JOHN'S,8403500,8403500.1954.2.23,1954-02-23 00:00:00,NL,1954,2,23,7.5,,3.3,,11.7,,0,,0,,0,,,,,,,,0,,10.5,,,,,
-52.7,47.56666666666667,ST JOHN'S,8403500,8403500.1954.2.24,1954-02-24 00:00:00,NL,1954,2,24,2.8,,0.6,,5,,13,,13,,0,,,,,,,,0,,15.2,,,,,
-52.7,47.56666666666667,ST JOHN'S,8403500,8403500.1954.2.25,1954-02-25 00:00:00,NL,1954,2,25,3.7,,1.7,,5.6,,11.9,,11.9,,0,,,,,,,,0,,14.3,,,,,
-52.7,47.56666666666667,ST JOHN'S,8403500,8403500.1954.2.26,1954-02-26 00:00:00,NL,1954,2,26,3.9,,2.2,,5.6,,1.8,,1.8,,0,,,,,,,,0,,14.1,,,,,
-52.7,47.56666666666667,ST JOHN'S,8403500,8403500.1954.2.27,1954-02-27 00:00:00,NL,1954,2,27,3.3,,2.2,,4.4,,1,,1,,0,,,,,,,,0,,14.7,,,,,
-52.7,47.56666666666667,ST JOHN'S,8403500,8403500.1954.2.28,1954-02-28 00:00:00,NL,1954,2,28,4.7,,2.2,,7.2,,1.5,,1.5,,0,,,,,,,,0,,13.3,,,,,
-52.7,47.56666666666667,ST JOHN'S,8403500,8403500.1954.3.1,1954-03-01 00:00:00,NL,1954,3,1,3.9,,1.7,,6.1,,4.6,,4.6,,0,,,,,,,,0,,14.1,,,,,
-52.7,47.56666666666667,ST JOHN'S,8403500,8403500.1954.3.2,1954-03-02 00:00:00,NL,1954,3,2,3.9,,2.2,,5.6,,1,,1,,0,,,,,,,,0,,14.1,,,,,
-52.7,47.56666666666667,ST JOHN'S,8403500,8403500.1954.3.3,1954-03-03 00:00:00,NL,1954,3,3,5,,2.8,,7.2,,3.3,,3.3,,0,,,,,,,,0,,13,,,,,
-52.7,47.56666666666667,ST JOHN'S,8403500,8403500.1954.3.4,1954-03-04 00:00:00,NL,1954,3,4,6.7,,3.3,,10,,1.8,,1.8,,0,,,,,,,,0,,11.3,,,,,
-52.7,47.56666666666667,ST JOHN'S,8403500,8403500.1954.3.5,1954-03-05 00:00:00,NL,1954,3,5,2.2,,0,,4.4,,8.4,,8.4,,0,,,,,,,,0,,15.8,,,,,
-52.7,47.56666666666667,ST JOHN'S,8403500,8403500.1954.3.6,1954-03-06 00:00:00,NL,1954,3,6,-2.8,,-6.1,,0.6,,0.3,,0,,0.3,,,,,,,,0,,20.8,,,,,
-52.7,47.56666666666667,ST JOHN'S,8403500,8403500.1954.3.7,1954-03-07 00:00:00,NL,1954,3,7,-5,,-10,,0,,0,,0,,0,,,,,,,,0,,23,,,,,
-52.7,47.56666666666667,ST JOHN'S,8403500,8403500.1954.3.8,1954-03-08 00:00:00,NL,1954,3,8,-3.1,,-7.2,,1.1,,3.8,,0,,3.8,,,,,,,,0,,21.1,,,,,
-52.7,47.56666666666667,ST JOHN'S,8403500,8403500.1954.3.9,1954-03-09 00:00:00,NL,1954,3,9,-2.3,,-3.9,,-0.6,,0.8,,0,,0.8,,,,,,,,0,,20.3,,,,,
-52.7,47.56666666666667,ST JOHN'S,8403500,8403500.1954.3.10,1954-03-10 00:00:00,NL,1954,3,10,-1.7,,-7.8,,4.4,,52.1,,47.5,,4.6,,,,,,,,0,,19.7,,,,,
-52.7,47.56666666666667,ST JOHN'S,8403500,8403500.1954.3.11,1954-03-11 00:00:00,NL,1954,3,11,3.1,,-0.6,,6.7,,45.5,,45.5,,0,,,,,,,,0,,14.9,,,,,
-52.7,47.56666666666667,ST JOHN'S,8403500,8403500.1954.3.12,1954-03-12 00:00:00,NL,1954,3,12,-2.3,,-3.9,,-0.6,,0,,0,,0,,,,,,,,0,,20.3,,,,,
-52.7,47.56666666666667,ST JOHN'S,8403500,8403500.1954.3.13,1954-03-13 00:00:00,NL,1954,3,13,-2.3,,-3.9,,-0.6,,0,,0,,0,,,,,,,,0,,20.3,,,,,
-52.7,47.56666666666667,ST JOHN'S,8403500,8403500.1954.3.14,1954-03-14 00:00:00,NL,1954,3,14,-0.6,,-2.8,,1.7,,7.6,,0,,7.6,,,,,,,,0,,18.6,,,,,
-52.7,47.56666666666667,ST JOHN'S,8403500,8403500.1954.3.15,1954-03-15 00:00:00,NL,1954,3,15,-1.1,,-3.3,,1.1,,9.4,,4.3,,5.1,,,,,,,,0,,19.1,,,,,
-52.7,47.56666666666667,ST JOHN'S,8403500,8403500.1954.3.16,1954-03-16 00:00:00,NL,1954,3,16,-1.7,,-3.9,,0.6,,0,,0,,0,,,,,,,,0,,19.7,,,,,
-52.7,47.56666666666667,ST JOHN'S,8403500,8403500.1954.3.17,1954-03-17 00:00:00,NL,1954,3,17,-4.7,,-7.2,,-2.2,,2.5,,0,,2.5,,,,,,,,0,,22.7,,,,,
-52.7,47.56666666666667,ST JOHN'S,8403500,8403500.1954.3.18,1954-03-18 00:00:00,NL,1954,3,18,-3.4,,-6.1,,-0.6,,2.8,,0,,2.8,,,,,,,,0,,21.4,,,,,
-52.7,47.56666666666667,ST JOHN'S,8403500,8403500.1954.3.19,1954-03-19 00:00:00,NL,1954,3,19,-4.7,,-7.2,,-2.2,,0,,0,,0,,,,,,,,0,,22.7,,,,,
-52.7,47.56666666666667,ST JOHN'S,8403500,8403500.1954.3.20,1954-03-20 00:00:00,NL,1954,3,20,-2,,-3.9,,0,,3,,3,,0,,,,,,,,0,,20,,,,,
-52.7,47.56666666666667,ST JOHN'S,8403500,8403500.1954.3.21,1954-03-21 00:00:00,NL,1954,3,21,0.9,,-5,,6.7,,16.3,,16.3,,0,,,,,,,,0,,17.1,,,,,
-52.7,47.56666666666667,ST JOHN'S,8403500,8403500.1954.3.22,1954-03-22 00:00:00,NL,1954,3,22,6.7,,3.3,,10,,6.4,,6.4,,0,,,,,,,,0,,11.3,,,,,
-52.7,47.56666666666667,ST JOHN'S,8403500,8403500.1954.3.23,1954-03-23 00:00:00,NL,1954,3,23,2.2,,0,,4.4,,0,,0,,0,,,,,,,,0,,15.8,,,,,
-52.7,47.56666666666667,ST JOHN'S,8403500,8403500.1954.3.24,1954-03-24 00:00:00,NL,1954,3,24,3.1,,-3.3,,9.4,,0,,0,,0,,,,,,,,0,,14.9,,,,,
-52.7,47.56666666666667,ST JOHN'S,8403500,8403500.1954.3.25,1954-03-25 00:00:00,NL,1954,3,25,1.4,,-0.6,,3.3,,0,,0,,0,,,,,,,,0,,16.6,,,,,
-52.7,47.56666666666667,ST JOHN'S,8403500,8403500.1954.3.26,1954-03-26 00:00:00,NL,1954,3,26,-2.5,,-6.1,,1.1,,7.6,,0,,7.6,,,,,,,,0,,20.5,,,,,
-52.7,47.56666666666667,ST JOHN'S,8403500,8403500.1954.3.27,1954-03-27 00:00:00,NL,1954,3,27,0.3,,-2.8,,3.3,,2.5,,0,,2.5,,,,,,,,0,,17.7,,,,,
-52.7,47.56666666666667,ST JOHN'S,8403500,8403500.1954.3.28,1954-03-28 00:00:00,NL,1954,3,28,-3.4,,-6.7,,0,,0,,0,,0,,,,,,,,0,,21.4,,,,,
-52.7,47.56666666666667,ST JOHN'S,8403500,8403500.1954.3.29,1954-03-29 00:00:00,NL,1954,3,29,2.2,,-3.9,,8.3,,7.1,,7.1,,0,,,,,,,,0,,15.8,,,,,
-52.7,47.56666666666667,ST JOHN'S,8403500,8403500.1954.3.30,1954-03-30 00:00:00,NL,1954,3,30,-0.3,,-3.3,,2.8,,2.5,,2,,0.5,,,,,,,,0,,18.3,,,,,
-52.7,47.56666666666667,ST JOHN'S,8403500,8403500.1954.3.31,1954-03-31 00:00:00,NL,1954,3,31,-6.7,,-7.8,,-5.6,,0,,0,,0,,,,,,,,0,,24.7,,,,,
-52.7,47.56666666666667,ST JOHN'S,8403500,8403500.1954.4.1,1954-04-01 00:00:00,NL,1954,4,1,-6.7,,-11.1,,-2.2,,0.8,,0,,0.8,,,,,,,,0,,24.7,,,,,
-52.7,47.56666666666667,ST JOHN'S,8403500,8403500.1954.4.2,1954-04-02 00:00:00,NL,1954,4,2,-3.3,,-7.2,,0.6,,0,T,0,,0,T,,,,,,,0,,21.3,,,,,
-52.7,47.56666666666667,ST JOHN'S,8403500,8403500.1954.4.3,1954-04-03 00:00:00,NL,1954,4,3,0,,-5,,5,,20.6,,20.1,,0.5,,,,,,,,0,,18,,,,,
-52.7,47.56666666666667,ST JOHN'S,8403500,8403500.1954.4.4,1954-04-04 00:00:00,NL,1954,4,4,-5.8,,-8.3,,-3.3,,0.3,,0,,0.3,,,,,,,,0,,23.8,,,,,
-52.7,47.56666666666667,ST JOHN'S,8403500,8403500.1954.4.5,1954-04-05 00:00:00,NL,1954,4,5,-4.2,,-9.4,,1.1,,0,,0,,0,,,,,,,,0,,22.2,,,,,
-52.7,47.56666666666667,ST JOHN'S,8403500,8403500.1954.4.6,1954-04-06 00:00:00,NL,1954,4,6,0.9,,-3.9,,5.6,,2.3,,1,,1.3,,,,,,,,0,,17.1,,,,,
-52.7,47.56666666666667,ST JOHN'S,8403500,8403500.1954.4.7,1954-04-07 00:00:00,NL,1954,4,7,-2,,-3.9,,0,,2.5,,0,,2.5,,,,,,,,0,,20,,,,,
-52.7,47.56666666666667,ST JOHN'S,8403500,8403500.1954.4.8,1954-04-08 00:00:00,NL,1954,4,8,3.4,,-5,,11.7,,17,,17,,0,,,,,,,,0,,14.6,,,,,
-52.7,47.56666666666667,ST JOHN'S,8403500,8403500.1954.4.9,1954-04-09 00:00:00,NL,1954,4,9,5.3,,1.7,,8.9,,1,,1,,0,,,,,,,,0,,12.7,,,,,
-52.7,47.56666666666667,ST JOHN'S,8403500,8403500.1954.4.10,1954-04-10 00:00:00,NL,1954,4,10,-1.4,,-5,,2.2,,0,,0,,0,,,,,,,,0,,19.4,,,,,
-52.7,47.56666666666667,ST JOHN'S,8403500,8403500.1954.4.11,1954-04-11 00:00:00,NL,1954,4,11,2.8,,-2.2,,7.8,,1,,1,,0,,,,,,,,0,,15.2,,,,,
-52.7,47.56666666666667,ST JOHN'S,8403500,8403500.1954.4.12,1954-04-12 00:00:00,NL,1954,4,12,4.2,,0,,8.3,,10.4,,10.4,,0,,,,,,,,0,,13.8,,,,,
-52.7,47.56666666666667,ST JOHN'S,8403500,8403500.1954.4.13,1954-04-13 00:00:00,NL,1954,4,13,-1.1,,-2.2,,0,,2.3,,0,,2.3,,,,,,,,0,,19.1,,,,,
-52.7,47.56666666666667,ST JOHN'S,8403500,8403500.1954.4.14,1954-04-14 00:00:00,NL,1954,4,14,-2,,-3.9,,0,,0,,0,,0,,,,,,,,0,,20,,,,,
-52.7,47.56666666666667,ST JOHN'S,8403500,8403500.1954.4.15,1954-04-15 00:00:00,NL,1954,4,15,-2.3,,-6.7,,2.2,,5.1,,0,,5.1,,,,,,,,0,,20.3,,,,,
-52.7,47.56666666666667,ST JOHN'S,8403500,8403500.1954.4.16,1954-04-16 00:00:00,NL,1954,4,16,-3.3,,-4.4,,-2.2,,2,,0,,2,,,,,,,,0,,21.3,,,,,
-52.7,47.56666666666667,ST JOHN'S,8403500,8403500.1954.4.17,1954-04-17 00:00:00,NL,1954,4,17,-0.6,,-3.3,,2.2,,0,,0,,0,,,,,,,,0,,18.6,,,,,
-52.7,47.56666666666667,ST JOHN'S,8403500,8403500.1954.4.18,1954-04-18 00:00:00,NL,1954,4,18,2.5,,-1.7,,6.7,,0,,0,,0,,,,,,,,0,,15.5,,,,,
-52.7,47.56666666666667,ST JOHN'S,8403500,8403500.1954.4.19,1954-04-19 00:00:00,NL,1954,4,19,8.7,,1.7,,15.6,,0,,0,,0,,,,,,,,0,,9.3,,,,,
-52.7,47.56666666666667,ST JOHN'S,8403500,8403500.1954.4.20,1954-04-20 00:00:00,NL,1954,4,20,10,,1.7,,18.3,,0,,0,,0,,,,,,,,0,,8,,,,,
-52.7,47.56666666666667,ST JOHN'S,8403500,8403500.1954.4.21,1954-04-21 00:00:00,NL,1954,4,21,3.9,,2.2,,5.6,,0,,0,,0,,,,,,,,0,,14.1,,,,,
-52.7,47.56666666666667,ST JOHN'S,8403500,8403500.1954.4.22,1954-04-22 00:00:00,NL,1954,4,22,3.9,,-0.6,,8.3,,0,,0,,0,,,,,,,,0,,14.1,,,,,
-52.7,47.56666666666667,ST JOHN'S,8403500,8403500.1954.4.23,1954-04-23 00:00:00,NL,1954,4,23,,M,,M,,M,0,,0,,0,,,,,,,,,M,,M,,,,
-52.7,47.56666666666667,ST JOHN'S,8403500,8403500.1954.4.24,1954-04-24 00:00:00,NL,1954,4,24,,M,,M,,M,0,,0,,0,,,,,,,,,M,,M,,,,
-52.7,47.56666666666667,ST JOHN'S,8403500,8403500.1954.4.25,1954-04-25 00:00:00,NL,1954,4,25,,M,,M,,M,0,,0,,0,,,,,,,,,M,,M,,,,
-52.7,47.56666666666667,ST JOHN'S,8403500,8403500.1954.4.26,1954-04-26 00:00:00,NL,1954,4,26,0.6,,-1.7,,2.8,,0,,0,,0,,,,,,,,0,,17.4,,,,,
-52.7,47.56666666666667,ST JOHN'S,8403500,8403500.1954.4.27,1954-04-27 00:00:00,NL,1954,4,27,-2,,-5,,1.1,,0,,0,,0,,,,,,,,0,,20,,,,,
-52.7,47.56666666666667,ST JOHN'S,8403500,8403500.1954.4.28,1954-04-28 00:00:00,NL,1954,4,28,2.2,,-2.8,,7.2,,0.5,,0,,0.5,,,,,,,,0,,15.8,,,,,
-52.7,47.56666666666667,ST JOHN'S,8403500,8403500.1954.4.29,1954-04-29 00:00:00,NL,1954,4,29,3.1,,-2.8,,8.9,,0,,0,,0,,,,,,,,0,,14.9,,,,,
-52.7,47.56666666666667,ST JOHN'S,8403500,8403500.1954.4.30,1954-04-30 00:00:00,NL,1954,4,30,3.9,,0.6,,7.2,,2.5,,0,,2.5,,,,,,,,0,,14.1,,,,,
-52.7,47.56666666666667,ST JOHN'S,8403500,8403500.1954.5.1,1954-05-01 00:00:00,NL,1954,5,1,1.4,,0,,2.8,,4.6,,4.1,,0.5,,,,,,,,0,,16.6,,,,,
-52.7,47.56666666666667,ST JOHN'S,8403500,8403500.1954.5.2,1954-05-02 00:00:00,NL,1954,5,2,2.5,,0,,5,,6.4,,6.4,,0,,,,,,,,0,,15.5,,,,,
-52.7,47.56666666666667,ST JOHN'S,8403500,8403500.1954.5.3,1954-05-03 00:00:00,NL,1954,5,3,1.7,,0,,3.3,,1.8,,1.8,,0,,,,,,,,0,,16.3,,,,,
-52.7,47.56666666666667,ST JOHN'S,8403500,8403500.1954.5.4,1954-05-04 00:00:00,NL,1954,5,4,1.9,,-0.6,,4.4,,3.6,,3.6,,0,,,,,,,,0,,16.1,,,,,
-52.7,47.56666666666667,ST JOHN'S,8403500,8403500.1954.5.5,1954-05-05 00:00:00,NL,1954,5,5,3.4,,1.7,,5,,2.8,,2.8,,0,,,,,,,,0,,14.6,,,,,
-52.7,47.56666666666667,ST JOHN'S,8403500,8403500.1954.5.6,1954-05-06 00:00:00,NL,1954,5,6,2.8,,1.1,,4.4,,3.6,,3.6,,0,,,,,,,,0,,15.2,,,,,
-52.7,47.56666666666667,ST JOHN'S,8403500,8403500.1954.5.7,1954-05-07 00:00:00,NL,1954,5,7,4.5,,1.7,,7.2,,17,,17,,0,,,,,,,,0,,13.5,,,,,
-52.7,47.56666666666667,ST JOHN'S,8403500,8403500.1954.5.8,1954-05-08 00:00:00,NL,1954,5,8,2,,0.6,,3.3,,3.8,,3.8,,0,,,,,,,,0,,16,,,,,
-52.7,47.56666666666667,ST JOHN'S,8403500,8403500.1954.5.9,1954-05-09 00:00:00,NL,1954,5,9,2.5,,0,,5,,0,,0,,0,,,,,,,,0,,15.5,,,,,
-52.7,47.56666666666667,ST JOHN'S,8403500,8403500.1954.5.10,1954-05-10 00:00:00,NL,1954,5,10,3.9,,-1.1,,8.9,,0,,0,,0,,,,,,,,0,,14.1,,,,,
-52.7,47.56666666666667,ST JOHN'S,8403500,8403500.1954.5.11,1954-05-11 00:00:00,NL,1954,5,11,2.8,,-1.7,,7.2,,14.7,,14.7,,0,,,,,,,,0,,15.2,,,,,
-52.7,47.56666666666667,ST JOHN'S,8403500,8403500.1954.5.12,1954-05-12 00:00:00,NL,1954,5,12,8.1,,1.7,,14.4,,2,,2,,0,,,,,,,,0,,9.9,,,,,
-52.7,47.56666666666667,ST JOHN'S,8403500,8403500.1954.5.13,1954-05-13 00:00:00,NL,1954,5,13,5.6,,1.7,,9.4,,3.8,,0,,3.8,,,,,,,,0,,12.4,,,,,
-52.7,47.56666666666667,ST JOHN'S,8403500,8403500.1954.5.14,1954-05-14 00:00:00,NL,1954,5,14,3.1,,-0.6,,6.7,,0,,0,,0,,,,,,,,0,,14.9,,,,,
-52.7,47.56666666666667,ST JOHN'S,8403500,8403500.1954.5.15,1954-05-15 00:00:00,NL,1954,5,15,5.3,,-1.1,,11.7,,0,,0,,0,,,,,,,,0,,12.7,,,,,
-52.7,47.56666666666667,ST JOHN'S,8403500,8403500.1954.5.16,1954-05-16 00:00:00,NL,1954,5,16,3.4,,-3.3,,10,,0,,0,,0,,,,,,,,0,,14.6,,,,,
-52.7,47.56666666666667,ST JOHN'S,8403500,8403500.1954.5.17,1954-05-17 00:00:00,NL,1954,5,17,4.2,,1.1,,7.2,,11.9,,11.9,,0,,,,,,,,0,,13.8,,,,,
-52.7,47.56666666666667,ST JOHN'S,8403500,8403500.1954.5.18,1954-05-18 00:00:00,NL,1954,5,18,9.7,,3.3,,16.1,,1.3,,1.3,,0,,,,,,,,0,,8.3,,,,,
-52.7,47.56666666666667,ST JOHN'S,8403500,8403500.1954.5.19,1954-05-19 00:00:00,NL,1954,5,19,15.3,,7.8,,22.8,,0.5,,0.5,,0,,,,,,,,0,,2.7,,,,,
-52.7,47.56666666666667,ST JOHN'S,8403500,8403500.1954.5.20,1954-05-20 00:00:00,NL,1954,5,20,12.5,,8.9,,16.1,,0,,0,,0,,,,,,,,0,,5.5,,,,,
-52.7,47.56666666666667,ST JOHN'S,8403500,8403500.1954.5.21,1954-05-21 00:00:00,NL,1954,5,21,16.7,,10,,23.3,,0.5,,0.5,,0,,,,,,,,0,,1.3,,,,,
-52.7,47.56666666666667,ST JOHN'S,8403500,8403500.1954.5.22,1954-05-22 00:00:00,NL,1954,5,22,19.2,,14.4,,23.9,,0,,0,,0,,,,,,,,1.2,,0,,,,,
-52.7,47.56666666666667,ST JOHN'S,8403500,8403500.1954.5.23,1954-05-23 00:00:00,NL,1954,5,23,21.1,,17.2,,25,,3.6,,3.6,,0,,,,,,,,3.1,,0,,,,,
-52.7,47.56666666666667,ST JOHN'S,8403500,8403500.1954.5.24,1954-05-24 00:00:00,NL,1954,5,24,14.2,,11.7,,16.7,,10.4,,10.4,,0,,,,,,,,0,,3.8,,,,,
-52.7,47.56666666666667,ST JOHN'S,8403500,8403500.1954.5.25,1954-05-25 00:00:00,NL,1954,5,25,6.1,,2.2,,10,,1,,1,,0,,,,,,,,0,,11.9,,,,,
-52.7,47.56666666666667,ST JOHN'S,8403500,8403500.1954.5.26,1954-05-26 00:00:00,NL,1954,5,26,13.6,,6.1,,21.1,,0.3,,0.3,,0,,,,,,,,0,,4.4,,,,,
-52.7,47.56666666666667,ST JOHN'S,8403500,8403500.1954.5.27,1954-05-27 00:00:00,NL,1954,5,27,10,,6.1,,13.9,,0,,0,,0,,,,,,,,0,,8,,,,,
-52.7,47.56666666666667,ST JOHN'S,8403500,8403500.1954.5.28,1954-05-28 00:00:00,NL,1954,5,28,6.7,,2.8,,10.6,,0.5,,0.5,,0,,,,,,,,0,,11.3,,,,,
-52.7,47.56666666666667,ST JOHN'S,8403500,8403500.1954.5.29,1954-05-29 00:00:00,NL,1954,5,29,5.6,,1.1,,10,,6.1,,6.1,,0,,,,,,,,0,,12.4,,,,,
-52.7,47.56666666666667,ST JOHN'S,8403500,8403500.1954.5.30,1954-05-30 00:00:00,NL,1954,5,30,8.4,,2.8,,13.9,,46,,46,,0,,,,,,,,0,,9.6,,,,,
-52.7,47.56666666666667,ST JOHN'S,8403500,8403500.1954.5.31,1954-05-31 00:00:00,NL,1954,5,31,7.5,,2.8,,12.2,,1.5,,1.5,,0,,,,,,,,0,,10.5,,,,,
-52.7,47.56666666666667,ST JOHN'S,8403500,8403500.1954.6.1,1954-06-01 00:00:00,NL,1954,6,1,7.5,,5,,10,,0,,0,,0,,,,,,,,0,,10.5,,,,,
-52.7,47.56666666666667,ST JOHN'S,8403500,8403500.1954.6.2,1954-06-02 00:00:00,NL,1954,6,2,9.4,,4.4,,14.4,,0,,0,,0,,,,,,,,0,,8.6,,,,,
-52.7,47.56666666666667,ST JOHN'S,8403500,8403500.1954.6.3,1954-06-03 00:00:00,NL,1954,6,3,7.8,,3.9,,11.7,,0.3,,0.3,,0,,,,,,,,0,,10.2,,,,,
-52.7,47.56666666666667,ST JOHN'S,8403500,8403500.1954.6.4,1954-06-04 00:00:00,NL,1954,6,4,8.9,,5,,12.8,,0.3,,0.3,,0,,,,,,,,0,,9.1,,,,,
-52.7,47.56666666666667,ST JOHN'S,8403500,8403500.1954.6.5,1954-06-05 00:00:00,NL,1954,6,5,15.3,,9.4,,21.1,,0,,0,,0,,,,,,,,0,,2.7,,,,,
-52.7,47.56666666666667,ST JOHN'S,8403500,8403500.1954.6.6,1954-06-06 00:00:00,NL,1954,6,6,8.7,,6.7,,10.6,,0,,0,,0,,,,,,,,0,,9.3,,,,,
-52.7,47.56666666666667,ST JOHN'S,8403500,8403500.1954.6.7,1954-06-07 00:00:00,NL,1954,6,7,12.3,,5.6,,18.9,,0,,0,,0,,,,,,,,0,,5.7,,,,,
-52.7,47.56666666666667,ST JOHN'S,8403500,8403500.1954.6.8,1954-06-08 00:00:00,NL,1954,6,8,9.2,,6.7,,11.7,,0,,0,,0,,,,,,,,0,,8.8,,,,,
-52.7,47.56666666666667,ST JOHN'S,8403500,8403500.1954.6.9,1954-06-09 00:00:00,NL,1954,6,9,7,,5.6,,8.3,,0,,0,,0,,,,,,,,0,,11,,,,,
-52.7,47.56666666666667,ST JOHN'S,8403500,8403500.1954.6.10,1954-06-10 00:00:00,NL,1954,6,10,7,,5.6,,8.3,,0,,0,,0,,,,,,,,0,,11,,,,,
-52.7,47.56666666666667,ST JOHN'S,8403500,8403500.1954.6.11,1954-06-11 00:00:00,NL,1954,6,11,4.5,,2.8,,6.1,,10.2,,10.2,,0,,,,,,,,0,,13.5,,,,,
-52.7,47.56666666666667,ST JOHN'S,8403500,8403500.1954.6.12,1954-06-12 00:00:00,NL,1954,6,12,7.8,,5,,10.6,,5.8,,5.8,,0,,,,,,,,0,,10.2,,,,,
-52.7,47.56666666666667,ST JOHN'S,8403500,8403500.1954.6.13,1954-06-13 00:00:00,NL,1954,6,13,6.1,,5,,7.2,,9.1,,9.1,,0,,,,,,,,0,,11.9,,,,,
-52.7,47.56666666666667,ST JOHN'S,8403500,8403500.1954.6.14,1954-06-14 00:00:00,NL,1954,6,14,5.3,,3.9,,6.7,,8.6,,8.6,,0,,,,,,,,0,,12.7,,,,,
-52.7,47.56666666666667,ST JOHN'S,8403500,8403500.1954.6.15,1954-06-15 00:00:00,NL,1954,6,15,5.3,,2.2,,8.3,,5.1,,5.1,,0,,,,,,,,0,,12.7,,,,,
-52.7,47.56666666666667,ST JOHN'S,8403500,8403500.1954.6.16,1954-06-16 00:00:00,NL,1954,6,16,8.7,,0.6,,16.7,,0,,0,,0,,,,,,,,0,,9.3,,,,,
-52.7,47.56666666666667,ST JOHN'S,8403500,8403500.1954.6.17,1954-06-17 00:00:00,NL,1954,6,17,14.5,,5,,23.9,,0,,0,,0,,,,,,,,0,,3.5,,,,,
-52.7,47.56666666666667,ST JOHN'S,8403500,8403500.1954.6.18,1954-06-18 00:00:00,NL,1954,6,18,14.2,,6.7,,21.7,,0,,0,,0,,,,,,,,0,,3.8,,,,,
-52.7,47.56666666666667,ST JOHN'S,8403500,8403500.1954.6.19,1954-06-19 00:00:00,NL,1954,6,19,13.9,,9.4,,18.3,,0,,0,,0,,,,,,,,0,,4.1,,,,,
-52.7,47.56666666666667,ST JOHN'S,8403500,8403500.1954.6.20,1954-06-20 00:00:00,NL,1954,6,20,17.3,,12.8,,21.7,,0,,0,,0,,,,,,,,0,,0.7,,,,,
-52.7,47.56666666666667,ST JOHN'S,8403500,8403500.1954.6.21,1954-06-21 00:00:00,NL,1954,6,21,18.6,,11.1,,26.1,,0,,0,,0,,,,,,,,0.6,,0,,,,,
-52.7,47.56666666666667,ST JOHN'S,8403500,8403500.1954.6.22,1954-06-22 00:00:00,NL,1954,6,22,19.5,,12.8,,26.1,,0,,0,,0,,,,,,,,1.5,,0,,,,,
-52.7,47.56666666666667,ST JOHN'S,8403500,8403500.1954.6.23,1954-06-23 00:00:00,NL,1954,6,23,20,,14.4,,25.6,,0,,0,,0,,,,,,,,2,,0,,,,,
-52.7,47.56666666666667,ST JOHN'S,8403500,8403500.1954.6.24,1954-06-24 00:00:00,NL,1954,6,24,19.5,,13.9,,25,,0,,0,,0,,,,,,,,1.5,,0,,,,,
-52.7,47.56666666666667,ST JOHN'S,8403500,8403500.1954.6.25,1954-06-25 00:00:00,NL,1954,6,25,16.7,,11.7,,21.7,,8.9,,8.9,,0,,,,,,,,0,,1.3,,,,,
-52.7,47.56666666666667,ST JOHN'S,8403500,8403500.1954.6.26,1954-06-26 00:00:00,NL,1954,6,26,12.2,,6.1,,18.3,,16.5,,16.5,,0,,,,,,,,0,,5.8,,,,,
-52.7,47.56666666666667,ST JOHN'S,8403500,8403500.1954.6.27,1954-06-27 00:00:00,NL,1954,6,27,14.8,,10.6,,18.9,,18,,18,,0,,,,,,,,0,,3.2,,,,,
-52.7,47.56666666666667,ST JOHN'S,8403500,8403500.1954.6.28,1954-06-28 00:00:00,NL,1954,6,28,11.7,,6.1,,17.2,,0,,0,,0,,,,,,,,0,,6.3,,,,,
-52.7,47.56666666666667,ST JOHN'S,8403500,8403500.1954.6.29,1954-06-29 00:00:00,NL,1954,6,29,10.3,,3.9,,16.7,,0,,0,,0,,,,,,,,0,,7.7,,,,,
-52.7,47.56666666666667,ST JOHN'S,8403500,8403500.1954.6.30,1954-06-30 00:00:00,NL,1954,6,30,16.1,,9.4,,22.8,,0,,0,,0,,,,,,,,0,,1.9,,,,,
-52.7,47.56666666666667,ST JOHN'S,8403500,8403500.1954.7.1,1954-07-01 00:00:00,NL,1954,7,1,23.1,,16.7,,29.4,,0,,0,,0,,,,,,,,5.1,,0,,,,,
-52.7,47.56666666666667,ST JOHN'S,8403500,8403500.1954.7.2,1954-07-02 00:00:00,NL,1954,7,2,22,,18.9,,25,,0,,0,,0,,,,,,,,4,,0,,,,,
-52.7,47.56666666666667,ST JOHN'S,8403500,8403500.1954.7.3,1954-07-03 00:00:00,NL,1954,7,3,19.2,,14.4,,23.9,,4.6,,4.6,,0,,,,,,,,1.2,,0,,,,,
-52.7,47.56666666666667,ST JOHN'S,8403500,8403500.1954.7.4,1954-07-04 00:00:00,NL,1954,7,4,16.7,,12.8,,20.6,,0,,0,,0,,,,,,,,0,,1.3,,,,,
-52.7,47.56666666666667,ST JOHN'S,8403500,8403500.1954.7.5,1954-07-05 00:00:00,NL,1954,7,5,15.9,,10,,21.7,,0,,0,,0,,,,,,,,0,,2.1,,,,,
-52.7,47.56666666666667,ST JOHN'S,8403500,8403500.1954.7.6,1954-07-06 00:00:00,NL,1954,7,6,14.2,,8.3,,20,,0.5,,0.5,,0,,,,,,,,0,,3.8,,,,,
-52.7,47.56666666666667,ST JOHN'S,8403500,8403500.1954.7.7,1954-07-07 00:00:00,NL,1954,7,7,16.7,,11.1,,22.2,,1.8,,1.8,,0,,,,,,,,0,,1.3,,,,,
-52.7,47.56666666666667,ST JOHN'S,8403500,8403500.1954.7.8,1954-07-08 00:00:00,NL,1954,7,8,15.9,,8.9,,22.8,,8.4,,8.4,,0,,,,,,,,0,,2.1,,,,,
-52.7,47.56666666666667,ST JOHN'S,8403500,8403500.1954.7.9,1954-07-09 00:00:00,NL,1954,7,9,18.1,,11.7,,24.4,,0,,0,,0,,,,,,,,0.1,,0,,,,,
-52.7,47.56666666666667,ST JOHN'S,8403500,8403500.1954.7.10,1954-07-10 00:00:00,NL,1954,7,10,17,,13.9,,20,,0.3,,0.3,,0,,,,,,,,0,,1,,,,,
-52.7,47.56666666666667,ST JOHN'S,8403500,8403500.1954.7.11,1954-07-11 00:00:00,NL,1954,7,11,17.3,,12.8,,21.7,,0,,0,,0,,,,,,,,0,,0.7,,,,,
-52.7,47.56666666666667,ST JOHN'S,8403500,8403500.1954.7.12,1954-07-12 00:00:00,NL,1954,7,12,17.2,,11.1,,23.3,,0,,0,,0,,,,,,,,0,,0.8,,,,,
-52.7,47.56666666666667,ST JOHN'S,8403500,8403500.1954.7.13,1954-07-13 00:00:00,NL,1954,7,13,16.9,,9.4,,24.4,,3.3,,3.3,,0,,,,,,,,0,,1.1,,,,,
-52.7,47.56666666666667,ST JOHN'S,8403500,8403500.1954.7.14,1954-07-14 00:00:00,NL,1954,7,14,17.5,,12.8,,22.2,,8.1,,8.1,,0,,,,,,,,0,,0.5,,,,,
-52.7,47.56666666666667,ST JOHN'S,8403500,8403500.1954.7.15,1954-07-15 00:00:00,NL,1954,7,15,19.8,,12.8,,26.7,,21.6,,21.6,,0,,,,,,,,1.8,,0,,,,,
-52.7,47.56666666666667,ST JOHN'S,8403500,8403500.1954.7.16,1954-07-16 00:00:00,NL,1954,7,16,20.3,,17.2,,23.3,,0.8,,0.8,,0,,,,,,,,2.3,,0,,,,,
-52.7,47.56666666666667,ST JOHN'S,8403500,8403500.1954.7.17,1954-07-17 00:00:00,NL,1954,7,17,18.1,,12.8,,23.3,,0,,0,,0,,,,,,,,0.1,,0,,,,,
-52.7,47.56666666666667,ST JOHN'S,8403500,8403500.1954.7.18,1954-07-18 00:00:00,NL,1954,7,18,17.2,,11.1,,23.3,,0,,0,,0,,,,,,,,0,,0.8,,,,,
-52.7,47.56666666666667,ST JOHN'S,8403500,8403500.1954.7.19,1954-07-19 00:00:00,NL,1954,7,19,18.9,,12.8,,25,,0,,0,,0,,,,,,,,0.9,,0,,,,,
-52.7,47.56666666666667,ST JOHN'S,8403500,8403500.1954.7.20,1954-07-20 00:00:00,NL,1954,7,20,11.7,,9.4,,13.9,,1.8,,1.8,,0,,,,,,,,0,,6.3,,,,,
-52.7,47.56666666666667,ST JOHN'S,8403500,8403500.1954.7.21,1954-07-21 00:00:00,NL,1954,7,21,14.2,,10.6,,17.8,,0,,0,,0,,,,,,,,0,,3.8,,,,,
-52.7,47.56666666666667,ST JOHN'S,8403500,8403500.1954.7.22,1954-07-22 00:00:00,NL,1954,7,22,15.3,,10.6,,20,,18.3,,18.3,,0,,,,,,,,0,,2.7,,,,,
-52.7,47.56666666666667,ST JOHN'S,8403500,8403500.1954.7.23,1954-07-23 00:00:00,NL,1954,7,23,14.5,,11.1,,17.8,,1.5,,1.5,,0,,,,,,,,0,,3.5,,,,,
-52.7,47.56666666666667,ST JOHN'S,8403500,8403500.1954.7.24,1954-07-24 00:00:00,NL,1954,7,24,15.6,,11.1,,20,,0,,0,,0,,,,,,,,0,,2.4,,,,,
-52.7,47.56666666666667,ST JOHN'S,8403500,8403500.1954.7.25,1954-07-25 00:00:00,NL,1954,7,25,15,,12.8,,17.2,,1.8,,1.8,,0,,,,,,,,0,,3,,,,,
-52.7,47.56666666666667,ST JOHN'S,8403500,8403500.1954.7.26,1954-07-26 00:00:00,NL,1954,7,26,18.1,,12.8,,23.3,,8.1,,8.1,,0,,,,,,,,0.1,,0,,,,,
-52.7,47.56666666666667,ST JOHN'S,8403500,8403500.1954.7.27,1954-07-27 00:00:00,NL,1954,7,27,15.8,,13.3,,18.3,,0,,0,,0,,,,,,,,0,,2.2,,,,,
-52.7,47.56666666666667,ST JOHN'S,8403500,8403500.1954.7.28,1954-07-28 00:00:00,NL,1954,7,28,15,,12.8,,17.2,,0,,0,,0,,,,,,,,0,,3,,,,,
-52.7,47.56666666666667,ST JOHN'S,8403500,8403500.1954.7.29,1954-07-29 00:00:00,NL,1954,7,29,15.9,,11.7,,20,,1,,1,,0,,,,,,,,0,,2.1,,,,,
-52.7,47.56666666666667,ST JOHN'S,8403500,8403500.1954.7.30,1954-07-30 00:00:00,NL,1954,7,30,18.9,,15,,22.8,,0,,0,,0,,,,,,,,0.9,,0,,,,,
-52.7,47.56666666666667,ST JOHN'S,8403500,8403500.1954.7.31,1954-07-31 00:00:00,NL,1954,7,31,16.7,,13.9,,19.4,,9.1,,9.1,,0,,,,,,,,0,,1.3,,,,,
-52.7,47.56666666666667,ST JOHN'S,8403500,8403500.1954.8.1,1954-08-01 00:00:00,NL,1954,8,1,16.7,,13.9,,19.4,,2.8,,2.8,,0,,,,,,,,0,,1.3,,,,,
-52.7,47.56666666666667,ST JOHN'S,8403500,8403500.1954.8.2,1954-08-02 00:00:00,NL,1954,8,2,14.2,,12.8,,15.6,,0.8,,0.8,,0,,,,,,,,0,,3.8,,,,,
-52.7,47.56666666666667,ST JOHN'S,8403500,8403500.1954.8.3,1954-08-03 00:00:00,NL,1954,8,3,15.9,,12.8,,18.9,,0.3,,0.3,,0,,,,,,,,0,,2.1,,,,,
-52.7,47.56666666666667,ST JOHN'S,8403500,8403500.1954.8.4,1954-08-04 00:00:00,NL,1954,8,4,12.2,,11.1,,13.3,,17,,17,,0,,,,,,,,0,,5.8,,,,,
-52.7,47.56666666666667,ST JOHN'S,8403500,8403500.1954.8.5,1954-08-05 00:00:00,NL,1954,8,5,14.7,,12.2,,17.2,,10.9,,10.9,,0,,,,,,,,0,,3.3,,,,,
-52.7,47.56666666666667,ST JOHN'S,8403500,8403500.1954.8.6,1954-08-06 00:00:00,NL,1954,8,6,18.1,,13.9,,22.2,,8.1,,8.1,,0,,,,,,,,0.1,,0,,,,,
-52.7,47.56666666666667,ST JOHN'S,8403500,8403500.1954.8.7,1954-08-07 00:00:00,NL,1954,8,7,15.8,,13.3,,18.3,,3.3,,3.3,,0,,,,,,,,0,,2.2,,,,,
-52.7,47.56666666666667,ST JOHN'S,8403500,8403500.1954.8.8,1954-08-08 00:00:00,NL,1954,8,8,17.5,,13.3,,21.7,,2.3,,2.3,,0,,,,,,,,0,,0.5,,,,,
-52.7,47.56666666666667,ST JOHN'S,8403500,8403500.1954.8.9,1954-08-09 00:00:00,NL,1954,8,9,18.4,,13.9,,22.8,,0,,0,,0,,,,,,,,0.4,,0,,,,,
-52.7,47.56666666666667,ST JOHN'S,8403500,8403500.1954.8.10,1954-08-10 00:00:00,NL,1954,8,10,12.2,,8.3,,16.1,,0,,0,,0,,,,,,,,0,,5.8,,,,,
-52.7,47.56666666666667,ST JOHN'S,8403500,8403500.1954.8.11,1954-08-11 00:00:00,NL,1954,8,11,10,,6.7,,13.3,,13,,13,,0,,,,,,,,0,,8,,,,,
-52.7,47.56666666666667,ST JOHN'S,8403500,8403500.1954.8.12,1954-08-12 00:00:00,NL,1954,8,12,14.2,,10,,18.3,,7.6,,7.6,,0,,,,,,,,0,,3.8,,,,,
-52.7,47.56666666666667,ST JOHN'S,8403500,8403500.1954.8.13,1954-08-13 00:00:00,NL,1954,8,13,16.1,,13.9,,18.3,,0,,0,,0,,,,,,,,0,,1.9,,,,,
-52.7,47.56666666666667,ST JOHN'S,8403500,8403500.1954.8.14,1954-08-14 00:00:00,NL,1954,8,14,16.4,,12.8,,20,,0,,0,,0,,,,,,,,0,,1.6,,,,,
-52.7,47.56666666666667,ST JOHN'S,8403500,8403500.1954.8.15,1954-08-15 00:00:00,NL,1954,8,15,13.7,,11.7,,15.6,,0,,0,,0,,,,,,,,0,,4.3,,,,,
-52.7,47.56666666666667,ST JOHN'S,8403500,8403500.1954.8.16,1954-08-16 00:00:00,NL,1954,8,16,16.7,,11.1,,22.2,,2.8,,2.8,,0,,,,,,,,0,,1.3,,,,,
-52.7,47.56666666666667,ST JOHN'S,8403500,8403500.1954.8.17,1954-08-17 00:00:00,NL,1954,8,17,18.9,,15.6,,22.2,,11.9,,11.9,,0,,,,,,,,0.9,,0,,,,,
-52.7,47.56666666666667,ST JOHN'S,8403500,8403500.1954.8.18,1954-08-18 00:00:00,NL,1954,8,18,14.7,,10,,19.4,,0,,0,,0,,,,,,,,0,,3.3,,,,,
-52.7,47.56666666666667,ST JOHN'S,8403500,8403500.1954.8.19,1954-08-19 00:00:00,NL,1954,8,19,15.3,,8.3,,22.2,,0,,0,,0,,,,,,,,0,,2.7,,,,,
-52.7,47.56666666666667,ST JOHN'S,8403500,8403500.1954.8.20,1954-08-20 00:00:00,NL,1954,8,20,15.6,,8.3,,22.8,,0,,0,,0,,,,,,,,0,,2.4,,,,,
-52.7,47.56666666666667,ST JOHN'S,8403500,8403500.1954.8.21,1954-08-21 00:00:00,NL,1954,8,21,18.3,,14.4,,22.2,,0,,0,,0,,,,,,,,0.3,,0,,,,,
-52.7,47.56666666666667,ST JOHN'S,8403500,8403500.1954.8.22,1954-08-22 00:00:00,NL,1954,8,22,15.3,,11.1,,19.4,,0,,0,,0,,,,,,,,0,,2.7,,,,,
-52.7,47.56666666666667,ST JOHN'S,8403500,8403500.1954.8.23,1954-08-23 00:00:00,NL,1954,8,23,12.5,,8.3,,16.7,,3.6,,3.6,,0,,,,,,,,0,,5.5,,,,,
-52.7,47.56666666666667,ST JOHN'S,8403500,8403500.1954.8.24,1954-08-24 00:00:00,NL,1954,8,24,12.2,,10,,14.4,,0,,0,,0,,,,,,,,0,,5.8,,,,,
-52.7,47.56666666666667,ST JOHN'S,8403500,8403500.1954.8.25,1954-08-25 00:00:00,NL,1954,8,25,13.9,,10,,17.8,,0,,0,,0,,,,,,,,0,,4.1,,,,,
-52.7,47.56666666666667,ST JOHN'S,8403500,8403500.1954.8.26,1954-08-26 00:00:00,NL,1954,8,26,18.4,,15,,21.7,,0,,0,,0,,,,,,,,0.4,,0,,,,,
-52.7,47.56666666666667,ST JOHN'S,8403500,8403500.1954.8.27,1954-08-27 00:00:00,NL,1954,8,27,13.3,,8.3,,18.3,,0.3,,0.3,,0,,,,,,,,0,,4.7,,,,,
-52.7,47.56666666666667,ST JOHN'S,8403500,8403500.1954.8.28,1954-08-28 00:00:00,NL,1954,8,28,13.9,,8.9,,18.9,,0.3,,0.3,,0,,,,,,,,0,,4.1,,,,,
-52.7,47.56666666666667,ST JOHN'S,8403500,8403500.1954.8.29,1954-08-29 00:00:00,NL,1954,8,29,14.2,,9.4,,18.9,,0,,0,,0,,,,,,,,0,,3.8,,,,,
-52.7,47.56666666666667,ST JOHN'S,8403500,8403500.1954.8.30,1954-08-30 00:00:00,NL,1954,8,30,12.2,,8.3,,16.1,,0,,0,,0,,,,,,,,0,,5.8,,,,,
-52.7,47.56666666666667,ST JOHN'S,8403500,8403500.1954.8.31,1954-08-31 00:00:00,NL,1954,8,31,13.9,,7.2,,20.6,,0,,0,,0,,,,,,,,0,,4.1,,,,,
-52.7,47.56666666666667,ST JOHN'S,8403500,8403500.1954.9.1,1954-09-01 00:00:00,NL,1954,9,1,14.2,,8.3,,20,,0.3,,0.3,,0,,,,,,,,0,,3.8,,,,,
-52.7,47.56666666666667,ST JOHN'S,8403500,8403500.1954.9.2,1954-09-02 00:00:00,NL,1954,9,2,19.5,,15.6,,23.3,,0,,0,,0,,,,,,,,1.5,,0,,,,,
-52.7,47.56666666666667,ST JOHN'S,8403500,8403500.1954.9.3,1954-09-03 00:00:00,NL,1954,9,3,15.6,,12.2,,18.9,,0,,0,,0,,,,,,,,0,,2.4,,,,,
-52.7,47.56666666666667,ST JOHN'S,8403500,8403500.1954.9.4,1954-09-04 00:00:00,NL,1954,9,4,15.3,,9.4,,21.1,,0,,0,,0,,,,,,,,0,,2.7,,,,,
-52.7,47.56666666666667,ST JOHN'S,8403500,8403500.1954.9.5,1954-09-05 00:00:00,NL,1954,9,5,14.5,,11.1,,17.8,,0,,0,,0,,,,,,,,0,,3.5,,,,,
-52.7,47.56666666666667,ST JOHN'S,8403500,8403500.1954.9.6,1954-09-06 00:00:00,NL,1954,9,6,13.1,,8.9,,17.2,,0,,0,,0,,,,,,,,0,,4.9,,,,,
-52.7,47.56666666666667,ST JOHN'S,8403500,8403500.1954.9.7,1954-09-07 00:00:00,NL,1954,9,7,11.7,,7.2,,16.1,,0,,0,,0,,,,,,,,0,,6.3,,,,,
-52.7,47.56666666666667,ST JOHN'S,8403500,8403500.1954.9.8,1954-09-08 00:00:00,NL,1954,9,8,10.3,,8.3,,12.2,,3.8,,3.8,,0,,,,,,,,0,,7.7,,,,,
-52.7,47.56666666666667,ST JOHN'S,8403500,8403500.1954.9.9,1954-09-09 00:00:00,NL,1954,9,9,10,,7.2,,12.8,,0,,0,,0,,,,,,,,0,,8,,,,,
-52.7,47.56666666666667,ST JOHN'S,8403500,8403500.1954.9.10,1954-09-10 00:00:00,NL,1954,9,10,8.4,,2.8,,13.9,,0,,0,,0,,,,,,,,0,,9.6,,,,,
-52.7,47.56666666666667,ST JOHN'S,8403500,8403500.1954.9.11,1954-09-11 00:00:00,NL,1954,9,11,10.6,,6.7,,14.4,,2.8,,2.8,,0,,,,,,,,0,,7.4,,,,,
-52.7,47.56666666666667,ST JOHN'S,8403500,8403500.1954.9.12,1954-09-12 00:00:00,NL,1954,9,12,17.5,,11.1,,23.9,,6.1,,6.1,,0,,,,,,,,0,,0.5,,,,,
-52.7,47.56666666666667,ST JOHN'S,8403500,8403500.1954.9.13,1954-09-13 00:00:00,NL,1954,9,13,11.7,,8.3,,15,,0,,0,,0,,,,,,,,0,,6.3,,,,,
-52.7,47.56666666666667,ST JOHN'S,8403500,8403500.1954.9.14,1954-09-14 00:00:00,NL,1954,9,14,10.3,,6.1,,14.4,,0,,0,,0,,,,,,,,0,,7.7,,,,,
-52.7,47.56666666666667,ST JOHN'S,8403500,8403500.1954.9.15,1954-09-15 00:00:00,NL,1954,9,15,8.3,,4.4,,12.2,,0,,0,,0,,,,,,,,0,,9.7,,,,,
-52.7,47.56666666666667,ST JOHN'S,8403500,8403500.1954.9.16,1954-09-16 00:00:00,NL,1954,9,16,10.3,,3.3,,17.2,,0,,0,,0,,,,,,,,0,,7.7,,,,,
-52.7,47.56666666666667,ST JOHN'S,8403500,8403500.1954.9.17,1954-09-17 00:00:00,NL,1954,9,17,10.9,,2.8,,18.9,,0,,0,,0,,,,,,,,0,,7.1,,,,,
-52.7,47.56666666666667,ST JOHN'S,8403500,8403500.1954.9.18,1954-09-18 00:00:00,NL,1954,9,18,8.1,,2.2,,13.9,,0,,0,,0,,,,,,,,0,,9.9,,,,,
-52.7,47.56666666666667,ST JOHN'S,8403500,8403500.1954.9.19,1954-09-19 00:00:00,NL,1954,9,19,10.8,,9.4,,12.2,,7.9,,7.9,,0,,,,,,,,0,,7.2,,,,,
-52.7,47.56666666666667,ST JOHN'S,8403500,8403500.1954.9.20,1954-09-20 00:00:00,NL,1954,9,20,11.7,,10.6,,12.8,,1.8,,1.8,,0,,,,,,,,0,,6.3,,,,,
-52.7,47.56666666666667,ST JOHN'S,8403500,8403500.1954.9.21,1954-09-21 00:00:00,NL,1954,9,21,12.5,,10.6,,14.4,,0,,0,,0,,,,,,,,0,,5.5,,,,,
-52.7,47.56666666666667,ST JOHN'S,8403500,8403500.1954.9.22,1954-09-22 00:00:00,NL,1954,9,22,14.5,,11.1,,17.8,,5.3,,5.3,,0,,,,,,,,0,,3.5,,,,,
-52.7,47.56666666666667,ST JOHN'S,8403500,8403500.1954.9.23,1954-09-23 00:00:00,NL,1954,9,23,15.6,,12.2,,18.9,,0,,0,,0,,,,,,,,0,,2.4,,,,,
-52.7,47.56666666666667,ST JOHN'S,8403500,8403500.1954.9.24,1954-09-24 00:00:00,NL,1954,9,24,12.5,,10,,15,,0,,0,,0,,,,,,,,0,,5.5,,,,,
-52.7,47.56666666666667,ST JOHN'S,8403500,8403500.1954.9.25,1954-09-25 00:00:00,NL,1954,9,25,10.3,,7.8,,12.8,,0,,0,,0,,,,,,,,0,,7.7,,,,,
-52.7,47.56666666666667,ST JOHN'S,8403500,8403500.1954.9.26,1954-09-26 00:00:00,NL,1954,9,26,10,,5,,15,,2.3,,2.3,,0,,,,,,,,0,,8,,,,,
-52.7,47.56666666666667,ST JOHN'S,8403500,8403500.1954.9.27,1954-09-27 00:00:00,NL,1954,9,27,13.6,,11.1,,16.1,,20.1,,20.1,,0,,,,,,,,0,,4.4,,,,,
-52.7,47.56666666666667,ST JOHN'S,8403500,8403500.1954.9.28,1954-09-28 00:00:00,NL,1954,9,28,14.2,,10.6,,17.8,,0,,0,,0,,,,,,,,0,,3.8,,,,,
-52.7,47.56666666666667,ST JOHN'S,8403500,8403500.1954.9.29,1954-09-29 00:00:00,NL,1954,9,29,11.4,,7.2,,15.6,,3.8,,3.8,,0,,,,,,,,0,,6.6,,,,,
-52.7,47.56666666666667,ST JOHN'S,8403500,8403500.1954.9.30,1954-09-30 00:00:00,NL,1954,9,30,10,,3.3,,16.7,,0,,0,,0,,,,,,,,0,,8,,,,,
-52.7,47.56666666666667,ST JOHN'S,8403500,8403500.1954.10.1,1954-10-01 00:00:00,NL,1954,10,1,8.1,,0.6,,15.6,,3.6,,3.6,,0,,,,,,,,0,,9.9,,,,,
-52.7,47.56666666666667,ST JOHN'S,8403500,8403500.1954.10.2,1954-10-02 00:00:00,NL,1954,10,2,13.1,,10.6,,15.6,,3.6,,3.6,,0,,,,,,,,0,,4.9,,,,,
-52.7,47.56666666666667,ST JOHN'S,8403500,8403500.1954.10.3,1954-10-03 00:00:00,NL,1954,10,3,9.5,,6.1,,12.8,,0,,0,,0,,,,,,,,0,,8.5,,,,,
-52.7,47.56666666666667,ST JOHN'S,8403500,8403500.1954.10.4,1954-10-04 00:00:00,NL,1954,10,4,7.5,,2.2,,12.8,,0.5,,0.5,,0,,,,,,,,0,,10.5,,,,,
-52.7,47.56666666666667,ST JOHN'S,8403500,8403500.1954.10.5,1954-10-05 00:00:00,NL,1954,10,5,9.7,,5,,14.4,,0.8,,0.8,,0,,,,,,,,0,,8.3,,,,,
-52.7,47.56666666666667,ST JOHN'S,8403500,8403500.1954.10.6,1954-10-06 00:00:00,NL,1954,10,6,5,,2.8,,7.2,,0.3,,0.3,,0,,,,,,,,0,,13,,,,,
-52.7,47.56666666666667,ST JOHN'S,8403500,8403500.1954.10.7,1954-10-07 00:00:00,NL,1954,10,7,4.2,,1.1,,7.2,,3.3,,3.3,,0,,,,,,,,0,,13.8,,,,,
-52.7,47.56666666666667,ST JOHN'S,8403500,8403500.1954.10.8,1954-10-08 00:00:00,NL,1954,10,8,3.9,,-1.1,,8.9,,0,,0,,0,,,,,,,,0,,14.1,,,,,
-52.7,47.56666666666667,ST JOHN'S,8403500,8403500.1954.10.9,1954-10-09 00:00:00,NL,1954,10,9,8.1,,2.2,,13.9,,0,,0,,0,,,,,,,,0,,9.9,,,,,
-52.7,47.56666666666667,ST JOHN'S,8403500,8403500.1954.10.10,1954-10-10 00:00:00,NL,1954,10,10,11.7,,7.8,,15.6,,0.3,,0.3,,0,,,,,,,,0,,6.3,,,,,
-52.7,47.56666666666667,ST JOHN'S,8403500,8403500.1954.10.11,1954-10-11 00:00:00,NL,1954,10,11,6.7,,3.3,,10,,0,,0,,0,,,,,,,,0,,11.3,,,,,
-52.7,47.56666666666667,ST JOHN'S,8403500,8403500.1954.10.12,1954-10-12 00:00:00,NL,1954,10,12,3.7,,1.7,,5.6,,27.9,,27.9,,0,,,,,,,,0,,14.3,,,,,
-52.7,47.56666666666667,ST JOHN'S,8403500,8403500.1954.10.13,1954-10-13 00:00:00,NL,1954,10,13,6.4,,3.9,,8.9,,0.5,,0.5,,0,,,,,,,,0,,11.6,,,,,
-52.7,47.56666666666667,ST JOHN'S,8403500,8403500.1954.10.14,1954-10-14 00:00:00,NL,1954,10,14,10,,4.4,,15.6,,0,,0,,0,,,,,,,,0,,8,,,,,
-52.7,47.56666666666667,ST JOHN'S,8403500,8403500.1954.10.15,1954-10-15 00:00:00,NL,1954,10,15,6.1,,4.4,,7.8,,0,,0,,0,,,,,,,,0,,11.9,,,,,
-52.7,47.56666666666667,ST JOHN'S,8403500,8403500.1954.10.16,1954-10-16 00:00:00,NL,1954,10,16,5,,2.2,,7.8,,0,,0,,0,,,,,,,,0,,13,,,,,
-52.7,47.56666666666667,ST JOHN'S,8403500,8403500.1954.10.17,1954-10-17 00:00:00,NL,1954,10,17,5.6,,-0.6,,11.7,,0,,0,,0,,,,,,,,0,,12.4,,,,,
-52.7,47.56666666666667,ST JOHN'S,8403500,8403500.1954.10.18,1954-10-18 00:00:00,NL,1954,10,18,7.8,,-1.1,,16.7,,0,,0,,0,,,,,,,,0,,10.2,,,,,
-52.7,47.56666666666667,ST JOHN'S,8403500,8403500.1954.10.19,1954-10-19 00:00:00,NL,1954,10,19,10.9,,5.6,,16.1,,0,,0,,0,,,,,,,,0,,7.1,,,,,
-52.7,47.56666666666667,ST JOHN'S,8403500,8403500.1954.10.20,1954-10-20 00:00:00,NL,1954,10,20,8.9,,6.7,,11.1,,0,,0,,0,,,,,,,,0,,9.1,,,,,
-52.7,47.56666666666667,ST JOHN'S,8403500,8403500.1954.10.21,1954-10-21 00:00:00,NL,1954,10,21,9.7,,6.1,,13.3,,27.4,,27.4,,0,,,,,,,,0,,8.3,,,,,
-52.7,47.56666666666667,ST JOHN'S,8403500,8403500.1954.10.22,1954-10-22 00:00:00,NL,1954,10,22,8.4,,6.1,,10.6,,12.4,,12.4,,0,,,,,,,,0,,9.6,,,,,
-52.7,47.56666666666667,ST JOHN'S,8403500,8403500.1954.10.23,1954-10-23 00:00:00,NL,1954,10,23,7.2,,5,,9.4,,10.2,,10.2,,0,,,,,,,,0,,10.8,,,,,
-52.7,47.56666666666667,ST JOHN'S,8403500,8403500.1954.10.24,1954-10-24 00:00:00,NL,1954,10,24,5.8,,4.4,,7.2,,6.9,,6.9,,0,,,,,,,,0,,12.2,,,,,
-52.7,47.56666666666667,ST JOHN'S,8403500,8403500.1954.10.25,1954-10-25 00:00:00,NL,1954,10,25,1.7,,-0.6,,3.9,,2.5,,2.3,,0.3,,,,,,,,0,,16.3,,,,,
-52.7,47.56666666666667,ST JOHN'S,8403500,8403500.1954.10.26,1954-10-26 00:00:00,NL,1954,10,26,-1.4,,-2.8,,0,,0.3,,0,,0.3,,,,,,,,0,,19.4,,,,,
-52.7,47.56666666666667,ST JOHN'S,8403500,8403500.1954.10.27,1954-10-27 00:00:00,NL,1954,10,27,1.4,,-3.3,,6.1,,5.6,,5.6,,0,,,,,,,,0,,16.6,,,,,
-52.7,47.56666666666667,ST JOHN'S,8403500,8403500.1954.10.28,1954-10-28 00:00:00,NL,1954,10,28,5,,-3.3,,13.3,,10.7,,10.7,,0,,,,,,,,0,,13,,,,,
-52.7,47.56666666666667,ST JOHN'S,8403500,8403500.1954.10.29,1954-10-29 00:00:00,NL,1954,10,29,4.5,,1.1,,7.8,,0,,0,,0,,,,,,,,0,,13.5,,,,,
-52.7,47.56666666666667,ST JOHN'S,8403500,8403500.1954.10.30,1954-10-30 00:00:00,NL,1954,10,30,7.3,,-1.1,,15.6,,0,,0,,0,,,,,,,,0,,10.7,,,,,
-52.7,47.56666666666667,ST JOHN'S,8403500,8403500.1954.10.31,1954-10-31 00:00:00,NL,1954,10,31,14.8,,10.6,,18.9,,1.5,,1.5,,0,,,,,,,,0,,3.2,,,,,
-52.7,47.56666666666667,ST JOHN'S,8403500,8403500.1954.11.1,1954-11-01 00:00:00,NL,1954,11,1,12.8,,8.9,,16.7,,5.6,,5.6,,0,,,,,,,,0,,5.2,,,,,
-52.7,47.56666666666667,ST JOHN'S,8403500,8403500.1954.11.2,1954-11-02 00:00:00,NL,1954,11,2,8.1,,5.6,,10.6,,0,,0,,0,,,,,,,,0,,9.9,,,,,
-52.7,47.56666666666667,ST JOHN'S,8403500,8403500.1954.11.3,1954-11-03 00:00:00,NL,1954,11,3,5.6,,2.2,,8.9,,1.8,,1.8,,0,,,,,,,,0,,12.4,,,,,
-52.7,47.56666666666667,ST JOHN'S,8403500,8403500.1954.11.4,1954-11-04 00:00:00,NL,1954,11,4,8.6,,3.3,,13.9,,1.3,,1.3,,0,,,,,,,,0,,9.4,,,,,
-52.7,47.56666666666667,ST JOHN'S,8403500,8403500.1954.11.5,1954-11-05 00:00:00,NL,1954,11,5,9.7,,7.2,,12.2,,12.2,,12.2,,0,,,,,,,,0,,8.3,,,,,
-52.7,47.56666666666667,ST JOHN'S,8403500,8403500.1954.11.6,1954-11-06 00:00:00,NL,1954,11,6,10.6,,7.2,,13.9,,0,,0,,0,,,,,,,,0,,7.4,,,,,
-52.7,47.56666666666667,ST JOHN'S,8403500,8403500.1954.11.7,1954-11-07 00:00:00,NL,1954,11,7,6.1,,3.3,,8.9,,0,,0,,0,,,,,,,,0,,11.9,,,,,
-52.7,47.56666666666667,ST JOHN'S,8403500,8403500.1954.11.8,1954-11-08 00:00:00,NL,1954,11,8,3.9,,2.2,,5.6,,0.3,,0.3,,0,,,,,,,,0,,14.1,,,,,
-52.7,47.56666666666667,ST JOHN'S,8403500,8403500.1954.11.9,1954-11-09 00:00:00,NL,1954,11,9,3.1,,0.6,,5.6,,0,,0,,0,,,,,,,,0,,14.9,,,,,
-52.7,47.56666666666667,ST JOHN'S,8403500,8403500.1954.11.10,1954-11-10 00:00:00,NL,1954,11,10,0.3,,-1.7,,2.2,,0,,0,,0,,,,,,,,0,,17.7,,,,,
-52.7,47.56666666666667,ST JOHN'S,8403500,8403500.1954.11.11,1954-11-11 00:00:00,NL,1954,11,11,2.2,,-2.8,,7.2,,0,,0,,0,,,,,,,,0,,15.8,,,,,
-52.7,47.56666666666667,ST JOHN'S,8403500,8403500.1954.11.12,1954-11-12 00:00:00,NL,1954,11,12,6.1,,3.3,,8.9,,3.8,,0,,3.8,,,,,,,,0,,11.9,,,,,
-52.7,47.56666666666667,ST JOHN'S,8403500,8403500.1954.11.13,1954-11-13 00:00:00,NL,1954,11,13,-3.4,,-5,,-1.7,,0.8,,0,,0.8,,,,,,,,0,,21.4,,,,,
-52.7,47.56666666666667,ST JOHN'S,8403500,8403500.1954.11.14,1954-11-14 00:00:00,NL,1954,11,14,1.4,,-6.1,,8.9,,11.4,,11.4,,0,,,,,,,,0,,16.6,,,,,
-52.7,47.56666666666667,ST JOHN'S,8403500,8403500.1954.11.15,1954-11-15 00:00:00,NL,1954,11,15,3.1,,-1.1,,7.2,,1,,1,,0,,,,,,,,0,,14.9,,,,,
-52.7,47.56666666666667,ST JOHN'S,8403500,8403500.1954.11.16,1954-11-16 00:00:00,NL,1954,11,16,0.8,,-2.8,,4.4,,0,,0,,0,,,,,,,,0,,17.2,,,,,
-52.7,47.56666666666667,ST JOHN'S,8403500,8403500.1954.11.17,1954-11-17 00:00:00,NL,1954,11,17,4.8,,1.7,,7.8,,3.6,,3.6,,0,,,,,,,,0,,13.2,,,,,
-52.7,47.56666666666667,ST JOHN'S,8403500,8403500.1954.11.18,1954-11-18 00:00:00,NL,1954,11,18,-3.1,,-5,,-1.1,,0,,0,,0,,,,,,,,0,,21.1,,,,,
-52.7,47.56666666666667,ST JOHN'S,8403500,8403500.1954.11.19,1954-11-19 00:00:00,NL,1954,11,19,1.7,,-6.7,,10,,0,,0,,0,,,,,,,,0,,16.3,,,,,
-52.7,47.56666666666667,ST JOHN'S,8403500,8403500.1954.11.20,1954-11-20 00:00:00,NL,1954,11,20,11.2,,6.7,,15.6,,1,,1,,0,,,,,,,,0,,6.8,,,,,
-52.7,47.56666666666667,ST JOHN'S,8403500,8403500.1954.11.21,1954-11-21 00:00:00,NL,1954,11,21,13.1,,8.3,,17.8,,0.8,,0.8,,0,,,,,,,,0,,4.9,,,,,
-52.7,47.56666666666667,ST JOHN'S,8403500,8403500.1954.11.22,1954-11-22 00:00:00,NL,1954,11,22,12.5,,7.2,,17.8,,0,,0,,0,,,,,,,,0,,5.5,,,,,
-52.7,47.56666666666667,ST JOHN'S,8403500,8403500.1954.11.23,1954-11-23 00:00:00,NL,1954,11,23,3.9,,1.7,,6.1,,0,,0,,0,,,,,,,,0,,14.1,,,,,
-52.7,47.56666666666667,ST JOHN'S,8403500,8403500.1954.11.24,1954-11-24 00:00:00,NL,1954,11,24,1.1,,0,,2.2,,13.5,,0,,13.5,,,,,,,,0,,16.9,,,,,
-52.7,47.56666666666667,ST JOHN'S,8403500,8403500.1954.11.25,1954-11-25 00:00:00,NL,1954,11,25,0.6,,0,,1.1,,17.8,,0,,17.8,,,,,,,,0,,17.4,,,,,
-52.7,47.56666666666667,ST JOHN'S,8403500,8403500.1954.11.26,1954-11-26 00:00:00,NL,1954,11,26,0,,-1.1,,1.1,,1.3,,0,,1.3,,,,,,,,0,,18,,,,,
-52.7,47.56666666666667,ST JOHN'S,8403500,8403500.1954.11.27,1954-11-27 00:00:00,NL,1954,11,27,-3.4,,-6.7,,0,,0,,0,,0,,,,,,,,0,,21.4,,,,,
-52.7,47.56666666666667,ST JOHN'S,8403500,8403500.1954.11.28,1954-11-28 00:00:00,NL,1954,11,28,-3.6,,-7.2,,0,,0,,0,,0,,,,,,,,0,,21.6,,,,,
-52.7,47.56666666666667,ST JOHN'S,8403500,8403500.1954.11.29,1954-11-29 00:00:00,NL,1954,11,29,-0.3,,-3.3,,2.8,,10.7,,0,,10.7,,,,,,,,0,,18.3,,,,,
-52.7,47.56666666666667,ST JOHN'S,8403500,8403500.1954.11.30,1954-11-30 00:00:00,NL,1954,11,30,1.7,,0,,3.3,,7.4,,1,,6.4,,,,,,,,0,,16.3,,,,,
-52.7,47.56666666666667,ST JOHN'S,8403500,8403500.1954.12.1,1954-12-01 00:00:00,NL,1954,12,1,-3.9,,-6.1,,-1.7,,1,,0,,1,,,,,,,,0,,21.9,,,,,
-52.7,47.56666666666667,ST JOHN'S,8403500,8403500.1954.12.2,1954-12-02 00:00:00,NL,1954,12,2,-5.9,,-10,,-1.7,,0,,0,,0,,,,,,,,0,,23.9,,,,,
-52.7,47.56666666666667,ST JOHN'S,8403500,8403500.1954.12.3,1954-12-03 00:00:00,NL,1954,12,3,-4.7,,-10,,0.6,,5.1,,0,,5.1,,,,,,,,0,,22.7,,,,,
-52.7,47.56666666666667,ST JOHN'S,8403500,8403500.1954.12.4,1954-12-04 00:00:00,NL,1954,12,4,0.3,,-1.1,,1.7,,1,,1,,0,,,,,,,,0,,17.7,,,,,
-52.7,47.56666666666667,ST JOHN'S,8403500,8403500.1954.12.5,1954-12-05 00:00:00,NL,1954,12,5,2,,0,,3.9,,0,,0,,0,,,,,,,,0,,16,,,,,
-52.7,47.56666666666667,ST JOHN'S,8403500,8403500.1954.12.6,1954-12-06 00:00:00,NL,1954,12,6,3.9,,0,,7.8,,0,,0,,0,,,,,,,,0,,14.1,,,,,
-52.7,47.56666666666667,ST JOHN'S,8403500,8403500.1954.12.7,1954-12-07 00:00:00,NL,1954,12,7,5,,1.7,,8.3,,31,,31,,0,,,,,,,,0,,13,,,,,
-52.7,47.56666666666667,ST JOHN'S,8403500,8403500.1954.12.8,1954-12-08 00:00:00,NL,1954,12,8,7.5,,2.8,,12.2,,52.3,,52.3,,0,,,,,,,,0,,10.5,,,,,
-52.7,47.56666666666667,ST JOHN'S,8403500,8403500.1954.12.9,1954-12-09 00:00:00,NL,1954,12,9,5,,0,,10,,0,,0,,0,,,,,,,,0,,13,,,,,
-52.7,47.56666666666667,ST JOHN'S,8403500,8403500.1954.12.10,1954-12-10 00:00:00,NL,1954,12,10,7,,1.7,,12.2,,5.6,,5.6,,0,,,,,,,,0,,11,,,,,
-52.7,47.56666666666667,ST JOHN'S,8403500,8403500.1954.12.11,1954-12-11 00:00:00,NL,1954,12,11,5.6,,2.8,,8.3,,0,,0,,0,,,,,,,,0,,12.4,,,,,
-52.7,47.56666666666667,ST JOHN'S,8403500,8403500.1954.12.12,1954-12-12 00:00:00,NL,1954,12,12,2,,0.6,,3.3,,2,,0.8,,1.3,,,,,,,,0,,16,,,,,
-52.7,47.56666666666667,ST JOHN'S,8403500,8403500.1954.12.13,1954-12-13 00:00:00,NL,1954,12,13,-1.2,,-1.7,,-0.6,,1,,0,,1,,,,,,,,0,,19.2,,,,,
-52.7,47.56666666666667,ST JOHN'S,8403500,8403500.1954.12.14,1954-12-14 00:00:00,NL,1954,12,14,-2.3,,-3.9,,-0.6,,0,,0,,0,,,,,,,,0,,20.3,,,,,
-52.7,47.56666666666667,ST JOHN'S,8403500,8403500.1954.12.15,1954-12-15 00:00:00,NL,1954,12,15,3.6,,-2.8,,10,,8.4,,8.4,,0,,,,,,,,0,,14.4,,,,,
-52.7,47.56666666666667,ST JOHN'S,8403500,8403500.1954.12.16,1954-12-16 00:00:00,NL,1954,12,16,9.2,,4.4,,13.9,,4.3,,4.3,,0,,,,,,,,0,,8.8,,,,,
-52.7,47.56666666666667,ST JOHN'S,8403500,8403500.1954.12.17,1954-12-17 00:00:00,NL,1954,12,17,2.2,,-0.6,,5,,4.1,,3,,1,,,,,,,,0,,15.8,,,,,
-52.7,47.56666666666667,ST JOHN'S,8403500,8403500.1954.12.18,1954-12-18 00:00:00,NL,1954,12,18,-2,,-3.3,,-0.6,,0,,0,,0,,,,,,,,0,,20,,,,,
-52.7,47.56666666666667,ST JOHN'S,8403500,8403500.1954.12.19,1954-12-19 00:00:00,NL,1954,12,19,-0.6,,-4.4,,3.3,,0,,0,,0,,,,,,,,0,,18.6,,,,,
-52.7,47.56666666666667,ST JOHN'S,8403500,8403500.1954.12.20,1954-12-20 00:00:00,NL,1954,12,20,5.6,,1.7,,9.4,,3.3,,3.3,,0,,,,,,,,0,,12.4,,,,,
-52.7,47.56666666666667,ST JOHN'S,8403500,8403500.1954.12.21,1954-12-21 00:00:00,NL,1954,12,21,7.5,,6.1,,8.9,,25.9,,25.9,,0,,,,,,,,0,,10.5,,,,,
-52.7,47.56666666666667,ST JOHN'S,8403500,8403500.1954.12.22,1954-12-22 00:00:00,NL,1954,12,22,8.9,,7.2,,10.6,,5.6,,5.6,,0,,,,,,,,0,,9.1,,,,,
-52.7,47.56666666666667,ST JOHN'S,8403500,8403500.1954.12.23,1954-12-23 00:00:00,NL,1954,12,23,4.5,,2.8,,6.1,,1,,1,,0,,,,,,,,0,,13.5,,,,,
-52.7,47.56666666666667,ST JOHN'S,8403500,8403500.1954.12.24,1954-12-24 00:00:00,NL,1954,12,24,4.7,,-0.6,,10,,4.1,,4.1,,0,,,,,,,,0,,13.3,,,,,
-52.7,47.56666666666667,ST JOHN'S,8403500,8403500.1954.12.25,1954-12-25 00:00:00,NL,1954,12,25,4.2,,1.1,,7.2,,0.5,,0,,0.5,,,,,,,,0,,13.8,,,,,
-52.7,47.56666666666667,ST JOHN'S,8403500,8403500.1954.12.26,1954-12-26 00:00:00,NL,1954,12,26,0,,-2.2,,2.2,,0,,0,,0,,,,,,,,0,,18,,,,,
-52.7,47.56666666666667,ST JOHN'S,8403500,8403500.1954.12.27,1954-12-27 00:00:00,NL,1954,12,27,-3.7,,-6.7,,-0.6,,0,,0,,0,,,,,,,,0,,21.7,,,,,
-52.7,47.56666666666667,ST JOHN'S,8403500,8403500.1954.12.28,1954-12-28 00:00:00,NL,1954,12,28,-5.6,,-8.3,,-2.8,,1.3,,0,T,1.3,,,,,,,,0,,23.6,,,,,
-52.7,47.56666666666667,ST JOHN'S,8403500,8403500.1954.12.29,1954-12-29 00:00:00,NL,1954,12,29,-5.6,,-11.1,,0,,43.2,,0,,43.2,,,,,,,,0,,23.6,,,,,
-52.7,47.56666666666667,ST JOHN'S,8403500,8403500.1954.12.30,1954-12-30 00:00:00,NL,1954,12,30,-3.3,,-7.2,,0.6,,10.2,,0,,10.2,,,,,,,,0,,21.3,,,,,
-52.7,47.56666666666667,ST JOHN'S,8403500,8403500.1954.12.31,1954-12-31 00:00:00,NL,1954,12,31,-3.1,,-8.9,,2.8,,7.4,,1,,6.4,,,,,,,,0,,21.1,,,,,
-52.7,47.56666666666667,ST JOHN'S,8403500,8403500.1955.1.1,1955-01-01 00:00:00,NL,1955,1,1,-3.9,,-6.1,,-1.7,,0,,0,,0,,,,,,,,0,,21.9,,,,,
-52.7,47.56666666666667,ST JOHN'S,8403500,8403500.1955.1.2,1955-01-02 00:00:00,NL,1955,1,2,-3.6,,-6.1,,-1.1,,0,,0,,0,,,,,,,,0,,21.6,,,,,
-52.7,47.56666666666667,ST JOHN'S,8403500,8403500.1955.1.3,1955-01-03 00:00:00,NL,1955,1,3,-3.7,,-6.7,,-0.6,,0,,0,,0,,,,,,,,0,,21.7,,,,,
-52.7,47.56666666666667,ST JOHN'S,8403500,8403500.1955.1.4,1955-01-04 00:00:00,NL,1955,1,4,0.6,,-2.8,,3.9,,33.3,,33.3,,0,,,,,,,,0,,17.4,,,,,
-52.7,47.56666666666667,ST JOHN'S,8403500,8403500.1955.1.5,1955-01-05 00:00:00,NL,1955,1,5,3.1,,1.7,,4.4,,13.2,,13.2,,0,,,,,,,,0,,14.9,,,,,
-52.7,47.56666666666667,ST JOHN'S,8403500,8403500.1955.1.6,1955-01-06 00:00:00,NL,1955,1,6,2.5,,1.7,,3.3,,3,,3,,0,,,,,,,,0,,15.5,,,,,
-52.7,47.56666666666667,ST JOHN'S,8403500,8403500.1955.1.7,1955-01-07 00:00:00,NL,1955,1,7,2.2,,1.1,,3.3,,14.7,,14.7,,0,,,,,,,,0,,15.8,,,,,
-52.7,47.56666666666667,ST JOHN'S,8403500,8403500.1955.1.8,1955-01-08 00:00:00,NL,1955,1,8,2.5,,1.1,,3.9,,6.4,,6.4,,0,,,,,,,,0,,15.5,,,,,
-52.7,47.56666666666667,ST JOHN'S,8403500,8403500.1955.1.9,1955-01-09 00:00:00,NL,1955,1,9,2.8,,1.1,,4.4,,7.9,,7.9,,0,T,,,,,,,0,,15.2,,,,,
-52.7,47.56666666666667,ST JOHN'S,8403500,8403500.1955.1.10,1955-01-10 00:00:00,NL,1955,1,10,1.7,,0,,3.3,,14.5,,9.4,,5.1,,,,,,,,0,,16.3,,,,,
-52.7,47.56666666666667,ST JOHN'S,8403500,8403500.1955.1.11,1955-01-11 00:00:00,NL,1955,1,11,1.1,,0,,2.2,,5.8,,5.8,,0,,,,,,,,0,,16.9,,,,,
-52.7,47.56666666666667,ST JOHN'S,8403500,8403500.1955.1.12,1955-01-12 00:00:00,NL,1955,1,12,1.2,,0.6,,1.7,,2.5,,2.5,,0,,,,,,,,0,,16.8,,,,,
-52.7,47.56666666666667,ST JOHN'S,8403500,8403500.1955.1.13,1955-01-13 00:00:00,NL,1955,1,13,1.4,,0,,2.8,,1,,1,,0,,,,,,,,0,,16.6,,,,,
-52.7,47.56666666666667,ST JOHN'S,8403500,8403500.1955.1.14,1955-01-14 00:00:00,NL,1955,1,14,0.3,,-1.1,,1.7,,47,,47,,0,,,,,,,,0,,17.7,,,,,
-52.7,47.56666666666667,ST JOHN'S,8403500,8403500.1955.1.15,1955-01-15 00:00:00,NL,1955,1,15,1.7,,0.6,,2.8,,53.3,,53.3,,0,,,,,,,,0,,16.3,,,,,
-52.7,47.56666666666667,ST JOHN'S,8403500,8403500.1955.1.16,1955-01-16 00:00:00,NL,1955,1,16,2.8,,0.6,,5,,7.1,,7.1,,0,,,,,,,,0,,15.2,,,,,
-52.7,47.56666666666667,ST JOHN'S,8403500,8403500.1955.1.17,1955-01-17 00:00:00,NL,1955,1,17,2.3,,0.6,,3.9,,1.3,,1.3,,0,,,,,,,,0,,15.7,,,,,
-52.7,47.56666666666667,ST JOHN'S,8403500,8403500.1955.1.18,1955-01-18 00:00:00,NL,1955,1,18,1.4,,0.6,,2.2,,2.5,,2.5,,0,,,,,,,,0,,16.6,,,,,
-52.7,47.56666666666667,ST JOHN'S,8403500,8403500.1955.1.19,1955-01-19 00:00:00,NL,1955,1,19,1.1,,0,,2.2,,4.1,,4.1,,0,,,,,,,,0,,16.9,,,,,
-52.7,47.56666666666667,ST JOHN'S,8403500,8403500.1955.1.20,1955-01-20 00:00:00,NL,1955,1,20,0.6,,-0.6,,1.7,,0,,0,,0,,,,,,,,0,,17.4,,,,,
-52.7,47.56666666666667,ST JOHN'S,8403500,8403500.1955.1.21,1955-01-21 00:00:00,NL,1955,1,21,1.4,,0,,2.8,,22.9,,19.1,,3.8,,,,,,,,0,,16.6,,,,,
-52.7,47.56666666666667,ST JOHN'S,8403500,8403500.1955.1.22,1955-01-22 00:00:00,NL,1955,1,22,-1.1,,-2.2,,0,,7.9,,0,,7.9,,,,,,,,0,,19.1,,,,,
-52.7,47.56666666666667,ST JOHN'S,8403500,8403500.1955.1.23,1955-01-23 00:00:00,NL,1955,1,23,-3.9,,-5.6,,-2.2,,0.5,,0,,0.5,,,,,,,,0,,21.9,,,,,
-52.7,47.56666666666667,ST JOHN'S,8403500,8403500.1955.1.24,1955-01-24 00:00:00,NL,1955,1,24,-4.5,,-7.2,,-1.7,,5.1,,0,,5.1,,,,,,,,0,,22.5,,,,,
-52.7,47.56666666666667,ST JOHN'S,8403500,8403500.1955.1.25,1955-01-25 00:00:00,NL,1955,1,25,-2.2,,-5,,0.6,,12.7,,0,,12.7,,,,,,,,0,,20.2,,,,,
-52.7,47.56666666666667,ST JOHN'S,8403500,8403500.1955.1.26,1955-01-26 00:00:00,NL,1955,1,26,-2,,-3.3,,-0.6,,8.9,,0,,8.9,,,,,,,,0,,20,,,,,
-52.7,47.56666666666667,ST JOHN'S,8403500,8403500.1955.1.27,1955-01-27 00:00:00,NL,1955,1,27,-3.4,,-6.7,,0,,15.2,,0,,15.2,,,,,,,,0,,21.4,,,,,
-52.7,47.56666666666667,ST JOHN'S,8403500,8403500.1955.1.28,1955-01-28 00:00:00,NL,1955,1,28,-5.9,,-10,,-1.7,,6.4,,0,,6.4,,,,,,,,0,,23.9,,,,,
-52.7,47.56666666666667,ST JOHN'S,8403500,8403500.1955.1.29,1955-01-29 00:00:00,NL,1955,1,29,-5.6,,-7.2,,-3.9,,1.8,,0,,1.8,,,,,,,,0,,23.6,,,,,
-52.7,47.56666666666667,ST JOHN'S,8403500,8403500.1955.1.30,1955-01-30 00:00:00,NL,1955,1,30,-8.1,,-11.1,,-5,,0,,0,,0,,,,,,,,0,,26.1,,,,,
-52.7,47.56666666666667,ST JOHN'S,8403500,8403500.1955.1.31,1955-01-31 00:00:00,NL,1955,1,31,-8.9,,-13.3,,-4.4,,10.2,,0,,10.2,,,,,,,,0,,26.9,,,,,
-52.7,47.56666666666667,ST JOHN'S,8403500,8403500.1955.2.1,1955-02-01 00:00:00,NL,1955,2,1,-10,,-11.7,,-8.3,,0.8,,0,,0.8,,,,,,,,0,,28,,,,,
-52.7,47.56666666666667,ST JOHN'S,8403500,8403500.1955.2.2,1955-02-02 00:00:00,NL,1955,2,2,-9.2,,-16.1,,-2.2,,0,,0,,0,,,,,,,,0,,27.2,,,,,
-52.7,47.56666666666667,ST JOHN'S,8403500,8403500.1955.2.3,1955-02-03 00:00:00,NL,1955,2,3,-5.3,,-10,,-0.6,,0.5,,0,,0.5,,,,,,,,0,,23.3,,,,,
-52.7,47.56666666666667,ST JOHN'S,8403500,8403500.1955.2.4,1955-02-04 00:00:00,NL,1955,2,4,-2.8,,-5,,-0.6,,1.3,,0,,1.3,,,,,,,,0,,20.8,,,,,
-52.7,47.56666666666667,ST JOHN'S,8403500,8403500.1955.2.5,1955-02-05 00:00:00,NL,1955,2,5,-3.9,,-6.7,,-1.1,,0,,0,,0,,,,,,,,0,,21.9,,,,,
-52.7,47.56666666666667,ST JOHN'S,8403500,8403500.1955.2.6,1955-02-06 00:00:00,NL,1955,2,6,-3.9,,-6.1,,-1.7,,0,,0,,0,,,,,,,,0,,21.9,,,,,
-52.7,47.56666666666667,ST JOHN'S,8403500,8403500.1955.2.7,1955-02-07 00:00:00,NL,1955,2,7,-1.7,,-6.7,,3.3,,6.4,,0,,6.4,,,,,,,,0,,19.7,,,,,
-52.7,47.56666666666667,ST JOHN'S,8403500,8403500.1955.2.8,1955-02-08 00:00:00,NL,1955,2,8,-1.9,,-4.4,,0.6,,0,,0,,0,,,,,,,,0,,19.9,,,,,
-52.7,47.56666666666667,ST JOHN'S,8403500,8403500.1955.2.9,1955-02-09 00:00:00,NL,1955,2,9,-8.6,,-11.1,,-6.1,,0,,0,,0,,,,,,,,0,,26.6,,,,,
-52.7,47.56666666666667,ST JOHN'S,8403500,8403500.1955.2.10,1955-02-10 00:00:00,NL,1955,2,10,-5.6,,-10,,-1.1,,0.8,,0,,0.8,,,,,,,,0,,23.6,,,,,
-52.7,47.56666666666667,ST JOHN'S,8403500,8403500.1955.2.11,1955-02-11 00:00:00,NL,1955,2,11,-1.7,,-5,,1.7,,0,,0,,0,,,,,,,,0,,19.7,,,,,
-52.7,47.56666666666667,ST JOHN'S,8403500,8403500.1955.2.12,1955-02-12 00:00:00,NL,1955,2,12,3.4,,0,,6.7,,31.2,,31.2,,0,,,,,,,,0,,14.6,,,,,
-52.7,47.56666666666667,ST JOHN'S,8403500,8403500.1955.2.13,1955-02-13 00:00:00,NL,1955,2,13,1.4,,-0.6,,3.3,,37.1,,31.2,,5.8,,,,,,,,0,,16.6,,,,,
-52.7,47.56666666666667,ST JOHN'S,8403500,8403500.1955.2.14,1955-02-14 00:00:00,NL,1955,2,14,-6.4,,-8.3,,-4.4,,6.4,,0,,6.4,,,,,,,,0,,24.4,,,,,
-52.7,47.56666666666667,ST JOHN'S,8403500,8403500.1955.2.15,1955-02-15 00:00:00,NL,1955,2,15,-8.4,,-11.7,,-5,,0,,0,,0,,,,,,,,0,,26.4,,,,,
-52.7,47.56666666666667,ST JOHN'S,8403500,8403500.1955.2.16,1955-02-16 00:00:00,NL,1955,2,16,-7.8,,-12.8,,-2.8,,0,,0,,0,,,,,,,,0,,25.8,,,,,
-52.7,47.56666666666667,ST JOHN'S,8403500,8403500.1955.2.17,1955-02-17 00:00:00,NL,1955,2,17,-3.4,,-6.1,,-0.6,,8.1,,0.5,,7.6,,,,,,,,0,,21.4,,,,,
-52.7,47.56666666666667,ST JOHN'S,8403500,8403500.1955.2.18,1955-02-18 00:00:00,NL,1955,2,18,-1.4,,-3.3,,0.6,,2,,2,,0,,,,,,,,0,,19.4,,,,,
-52.7,47.56666666666667,ST JOHN'S,8403500,8403500.1955.2.19,1955-02-19 00:00:00,NL,1955,2,19,-0.6,,-2.2,,1.1,,2.3,,2.3,,0,,,,,,,,0,,18.6,,,,,
-52.7,47.56666666666667,ST JOHN'S,8403500,8403500.1955.2.20,1955-02-20 00:00:00,NL,1955,2,20,0.6,,-1.1,,2.2,,1.3,,1.3,,0,,,,,,,,0,,17.4,,,,,
-52.7,47.56666666666667,ST JOHN'S,8403500,8403500.1955.2.21,1955-02-21 00:00:00,NL,1955,2,21,1.7,,0,,3.3,,0,,0,,0,,,,,,,,0,,16.3,,,,,
-52.7,47.56666666666667,ST JOHN'S,8403500,8403500.1955.2.22,1955-02-22 00:00:00,NL,1955,2,22,2.8,,-0.6,,6.1,,1.8,,1.8,,0,,,,,,,,0,,15.2,,,,,
-52.7,47.56666666666667,ST JOHN'S,8403500,8403500.1955.2.23,1955-02-23 00:00:00,NL,1955,2,23,7.8,,1.7,,13.9,,2,,2,,0,,,,,,,,0,,10.2,,,,,
-52.7,47.56666666666667,ST JOHN'S,8403500,8403500.1955.2.24,1955-02-24 00:00:00,NL,1955,2,24,5,,-0.6,,10.6,,0,,0,,0,,,,,,,,0,,13,,,,,
-52.7,47.56666666666667,ST JOHN'S,8403500,8403500.1955.2.25,1955-02-25 00:00:00,NL,1955,2,25,-2.5,,-4.4,,-0.6,,0.8,,0,,0.8,,,,,,,,0,,20.5,,,,,
-52.7,47.56666666666667,ST JOHN'S,8403500,8403500.1955.2.26,1955-02-26 00:00:00,NL,1955,2,26,-8.4,,-11.1,,-5.6,,0.5,,0,,0.5,,,,,,,,0,,26.4,,,,,
-52.7,47.56666666666667,ST JOHN'S,8403500,8403500.1955.2.27,1955-02-27 00:00:00,NL,1955,2,27,-6.7,,-13.9,,0.6,,0,,0,,0,,,,,,,,0,,24.7,,,,,
-52.7,47.56666666666667,ST JOHN'S,8403500,8403500.1955.2.28,1955-02-28 00:00:00,NL,1955,2,28,0,,-4.4,,4.4,,31.5,,20.1,,11.4,,,,,,,,0,,18,,,,,
-52.7,47.56666666666667,ST JOHN'S,8403500,8403500.1955.10.1,1955-10-01 00:00:00,NL,1955,10,1,,M,,M,,M,0,,0,,0,,,,,,,,,M,,M,,,,
-52.7,47.56666666666667,ST JOHN'S,8403500,8403500.1955.10.2,1955-10-02 00:00:00,NL,1955,10,2,,M,,M,,M,0,,0,,0,,,,,,,,,M,,M,,,,
-52.7,47.56666666666667,ST JOHN'S,8403500,8403500.1955.10.3,1955-10-03 00:00:00,NL,1955,10,3,,M,,M,,M,0,,0,,0,,,,,,,,,M,,M,,,,
-52.7,47.56666666666667,ST JOHN'S,8403500,8403500.1955.10.4,1955-10-04 00:00:00,NL,1955,10,4,,M,,M,,M,0,,0,,0,,,,,,,,,M,,M,,,,
-52.7,47.56666666666667,ST JOHN'S,8403500,8403500.1955.10.5,1955-10-05 00:00:00,NL,1955,10,5,,M,,M,9.4,,2.5,,2.5,,0,T,,,,,,,,M,,M,,,,
-52.7,47.56666666666667,ST JOHN'S,8403500,8403500.1955.10.6,1955-10-06 00:00:00,NL,1955,10,6,,M,,M,6.1,,2.3,,1.3,,1,,,,,,,,,M,,M,,,,
-52.7,47.56666666666667,ST JOHN'S,8403500,8403500.1955.10.7,1955-10-07 00:00:00,NL,1955,10,7,5.3,,1.1,,9.4,,0,,0,,0,,,,,,,,0,,12.7,,,,,
-52.7,47.56666666666667,ST JOHN'S,8403500,8403500.1955.10.8,1955-10-08 00:00:00,NL,1955,10,8,7,,-1.1,,15,,8.1,,8.1,,0,,,,,,,,0,,11,,,,,
-52.7,47.56666666666667,ST JOHN'S,8403500,8403500.1955.10.9,1955-10-09 00:00:00,NL,1955,10,9,8.4,,0.6,,16.1,,1.5,,1.5,,0,,,,,,,,0,,9.6,,,,,
-52.7,47.56666666666667,ST JOHN'S,8403500,8403500.1955.10.10,1955-10-10 00:00:00,NL,1955,10,10,3.6,,-2.8,,10,,1.5,,1.5,,0,,,,,,,,0,,14.4,,,,,
-52.7,47.56666666666667,ST JOHN'S,8403500,8403500.1955.10.11,1955-10-11 00:00:00,NL,1955,10,11,10.6,,7.8,,13.3,,0,,0,,0,,,,,,,,0,,7.4,,,,,
-52.7,47.56666666666667,ST JOHN'S,8403500,8403500.1955.10.12,1955-10-12 00:00:00,NL,1955,10,12,5.6,,4.4,,6.7,,10.2,,10.2,,0,,,,,,,,0,,12.4,,,,,
-52.7,47.56666666666667,ST JOHN'S,8403500,8403500.1955.10.13,1955-10-13 00:00:00,NL,1955,10,13,6.4,,5,,7.8,,11.4,,11.4,,0,,,,,,,,0,,11.6,,,,,
-52.7,47.56666666666667,ST JOHN'S,8403500,8403500.1955.10.14,1955-10-14 00:00:00,NL,1955,10,14,5,,1.7,,8.3,,8.4,,8.4,,0,,,,,,,,0,,13,,,,,
-52.7,47.56666666666667,ST JOHN'S,8403500,8403500.1955.10.15,1955-10-15 00:00:00,NL,1955,10,15,4.5,,1.1,,7.8,,19.6,,19.6,,0,,,,,,,,0,,13.5,,,,,
-52.7,47.56666666666667,ST JOHN'S,8403500,8403500.1955.10.16,1955-10-16 00:00:00,NL,1955,10,16,7,,5.6,,8.3,,4.1,,4.1,,0,,,,,,,,0,,11,,,,,
-52.7,47.56666666666667,ST JOHN'S,8403500,8403500.1955.10.17,1955-10-17 00:00:00,NL,1955,10,17,7.8,,6.1,,9.4,,0,T,0,T,0,,,,,,,,0,,10.2,,,,,
-52.7,47.56666666666667,ST JOHN'S,8403500,8403500.1955.10.18,1955-10-18 00:00:00,NL,1955,10,18,9.5,,5,,13.9,,2.5,,2.5,,0,,,,,,,,0,,8.5,,,,,
-52.7,47.56666666666667,ST JOHN'S,8403500,8403500.1955.10.19,1955-10-19 00:00:00,NL,1955,10,19,12,,6.7,,17.2,,12.2,,12.2,,0,,,,,,,,0,,6,,,,,
-52.7,47.56666666666667,ST JOHN'S,8403500,8403500.1955.10.20,1955-10-20 00:00:00,NL,1955,10,20,10.8,,7.2,,14.4,,1.3,,1.3,,0,,,,,,,,0,,7.2,,,,,
-52.7,47.56666666666667,ST JOHN'S,8403500,8403500.1955.10.21,1955-10-21 00:00:00,NL,1955,10,21,9.7,,6.1,,13.3,,1.5,,1.5,,0,,,,,,,,0,,8.3,,,,,
-52.7,47.56666666666667,ST JOHN'S,8403500,8403500.1955.10.22,1955-10-22 00:00:00,NL,1955,10,22,0.3,,-0.6,,1.1,,21.6,,19.1,,2.5,,,,,,,,0,,17.7,,,,,
-52.7,47.56666666666667,ST JOHN'S,8403500,8403500.1955.10.23,1955-10-23 00:00:00,NL,1955,10,23,1.4,,0.6,,2.2,,7.1,,7.1,,0,,,,,,,,0,,16.6,,,,,
-52.7,47.56666666666667,ST JOHN'S,8403500,8403500.1955.10.24,1955-10-24 00:00:00,NL,1955,10,24,2.2,,0,,4.4,,14.7,,14.7,,0,,,,,,,,0,,15.8,,,,,
-52.7,47.56666666666667,ST JOHN'S,8403500,8403500.1955.10.25,1955-10-25 00:00:00,NL,1955,10,25,5,,0.6,,9.4,,4.1,,4.1,,0,,,,,,,,0,,13,,,,,
-52.7,47.56666666666667,ST JOHN'S,8403500,8403500.1955.10.26,1955-10-26 00:00:00,NL,1955,10,26,5.3,,2.2,,8.3,,0,,0,,0,,,,,,,,0,,12.7,,,,,
-52.7,47.56666666666667,ST JOHN'S,8403500,8403500.1955.10.27,1955-10-27 00:00:00,NL,1955,10,27,5,,0,,10,,61,,61,,0,,,,,,,,0,,13,,,,,
-52.7,47.56666666666667,ST JOHN'S,8403500,8403500.1955.10.28,1955-10-28 00:00:00,NL,1955,10,28,5,,0,,10,,3.8,,3.8,,0,,,,,,,,0,,13,,,,,
-52.7,47.56666666666667,ST JOHN'S,8403500,8403500.1955.10.29,1955-10-29 00:00:00,NL,1955,10,29,4.7,,2.2,,7.2,,2.8,,2.8,,0,,,,,,,,0,,13.3,,,,,
-52.7,47.56666666666667,ST JOHN'S,8403500,8403500.1955.10.30,1955-10-30 00:00:00,NL,1955,10,30,6.1,,4.4,,7.8,,2.5,,2.5,,0,,,,,,,,0,,11.9,,,,,
-52.7,47.56666666666667,ST JOHN'S,8403500,8403500.1955.10.31,1955-10-31 00:00:00,NL,1955,10,31,5.9,,3.9,,7.8,,0.5,,0.5,,0,,,,,,,,0,,12.1,,,,,
-52.7,47.56666666666667,ST JOHN'S,8403500,8403500.1955.11.1,1955-11-01 00:00:00,NL,1955,11,1,3.4,,1.7,,5,,0.5,,0.5,,0,,,,,,,,0,,14.6,,,,,
-52.7,47.56666666666667,ST JOHN'S,8403500,8403500.1955.11.2,1955-11-02 00:00:00,NL,1955,11,2,2.8,,1.1,,4.4,,2.3,,2.3,,0,,,,,,,,0,,15.2,,,,,
-52.7,47.56666666666667,ST JOHN'S,8403500,8403500.1955.11.3,1955-11-03 00:00:00,NL,1955,11,3,5.8,,2.2,,9.4,,0,T,0,T,0,,,,,,,,0,,12.2,,,,,
-52.7,47.56666666666667,ST JOHN'S,8403500,8403500.1955.11.4,1955-11-04 00:00:00,NL,1955,11,4,4.8,,3.9,,5.6,,0,T,0,T,0,,,,,,,,0,,13.2,,,,,
-52.7,47.56666666666667,ST JOHN'S,8403500,8403500.1955.11.5,1955-11-05 00:00:00,NL,1955,11,5,4.8,,3.9,,5.6,,11.2,,11.2,,0,,,,,,,,0,,13.2,,,,,
-52.7,47.56666666666667,ST JOHN'S,8403500,8403500.1955.11.6,1955-11-06 00:00:00,NL,1955,11,6,5,,3.9,,6.1,,21.6,,21.6,,0,,,,,,,,0,,13,,,,,
-52.7,47.56666666666667,ST JOHN'S,8403500,8403500.1955.11.7,1955-11-07 00:00:00,NL,1955,11,7,7.8,,6.1,,9.4,,20.3,,20.3,,0,,,,,,,,0,,10.2,,,,,
-52.7,47.56666666666667,ST JOHN'S,8403500,8403500.1955.11.8,1955-11-08 00:00:00,NL,1955,11,8,10.3,,7.8,,12.8,,0,,0,,0,,,,,,,,0,,7.7,,,,,
-52.7,47.56666666666667,ST JOHN'S,8403500,8403500.1955.11.9,1955-11-09 00:00:00,NL,1955,11,9,6.4,,4.4,,8.3,,10.2,,10.2,,0,,,,,,,,0,,11.6,,,,,
-52.7,47.56666666666667,ST JOHN'S,8403500,8403500.1955.11.10,1955-11-10 00:00:00,NL,1955,11,10,4.2,,2.8,,5.6,,0,T,0,T,0,,,,,,,,0,,13.8,,,,,
-52.7,47.56666666666667,ST JOHN'S,8403500,8403500.1955.11.11,1955-11-11 00:00:00,NL,1955,11,11,2.8,,2.8,,2.8,,26.4,,16.3,,10.2,,,,,,,,0,,15.2,,,,,
-52.7,47.56666666666667,ST JOHN'S,8403500,8403500.1955.11.12,1955-11-12 00:00:00,NL,1955,11,12,1.7,,0.6,,2.8,,3,,3,,0,,,,,,,,0,,16.3,,,,,
-52.7,47.56666666666667,ST JOHN'S,8403500,8403500.1955.11.13,1955-11-13 00:00:00,NL,1955,11,13,3.1,,1.1,,5,,5.1,,5.1,,0,,,,,,,,0,,14.9,,,,,
-52.7,47.56666666666667,ST JOHN'S,8403500,8403500.1955.11.14,1955-11-14 00:00:00,NL,1955,11,14,0.3,,-0.6,,1.1,,19.1,,0,T,19.1,,,,,,,,0,,17.7,,,,,
-52.7,47.56666666666667,ST JOHN'S,8403500,8403500.1955.11.15,1955-11-15 00:00:00,NL,1955,11,15,1.4,,-1.7,,4.4,,6.4,,6.4,,0,,,,,,,,0,,16.6,,,,,
-52.7,47.56666666666667,ST JOHN'S,8403500,8403500.1955.11.16,1955-11-16 00:00:00,NL,1955,11,16,-0.3,,-2.2,,1.7,,1.8,,1.8,,0,,,,,,,,0,,18.3,,,,,
-52.7,47.56666666666667,ST JOHN'S,8403500,8403500.1955.11.17,1955-11-17 00:00:00,NL,1955,11,17,3.3,,-1.7,,8.3,,9.1,,9.1,,0,,,,,,,,0,,14.7,,,,,
-52.7,47.56666666666667,ST JOHN'S,8403500,8403500.1955.11.18,1955-11-18 00:00:00,NL,1955,11,18,1.7,,0,,3.3,,0.3,,0.3,,0,,,,,,,,0,,16.3,,,,,
-52.7,47.56666666666667,ST JOHN'S,8403500,8403500.1955.11.19,1955-11-19 00:00:00,NL,1955,11,19,2,,0,,3.9,,0,T,0,T,0,,,,,,,,0,,16,,,,,
-52.7,47.56666666666667,ST JOHN'S,8403500,8403500.1955.11.20,1955-11-20 00:00:00,NL,1955,11,20,1.4,,-0.6,,3.3,,48.5,,48.5,,0,T,,,,,,,0,,16.6,,,,,
-52.7,47.56666666666667,ST JOHN'S,8403500,8403500.1955.11.21,1955-11-21 00:00:00,NL,1955,11,21,5,,0.6,,9.4,,20.1,,20.1,,0,,,,,,,,0,,13,,,,,
-52.7,47.56666666666667,ST JOHN'S,8403500,8403500.1955.11.22,1955-11-22 00:00:00,NL,1955,11,22,3.9,,-1.1,,8.9,,0,,0,,0,,,,,,,,0,,14.1,,,,,
-52.7,47.56666666666667,ST JOHN'S,8403500,8403500.1955.11.23,1955-11-23 00:00:00,NL,1955,11,23,1.1,,-2.2,,4.4,,0,T,0,,0,T,,,,,,,0,,16.9,,,,,
-52.7,47.56666666666667,ST JOHN'S,8403500,8403500.1955.11.24,1955-11-24 00:00:00,NL,1955,11,24,0.9,,-1.1,,2.8,,1.8,,1.8,,0,,,,,,,,0,,17.1,,,,,
-52.7,47.56666666666667,ST JOHN'S,8403500,8403500.1955.11.25,1955-11-25 00:00:00,NL,1955,11,25,1.7,,-0.6,,3.9,,1.3,,1.3,,0,,,,,,,,0,,16.3,,,,,
-52.7,47.56666666666667,ST JOHN'S,8403500,8403500.1955.11.26,1955-11-26 00:00:00,NL,1955,11,26,2.5,,-1.1,,6.1,,63.2,,56.9,,6.4,,,,,,,,0,,15.5,,,,,
-52.7,47.56666666666667,ST JOHN'S,8403500,8403500.1955.11.27,1955-11-27 00:00:00,NL,1955,11,27,3.1,,0,,6.1,,11.2,,1,,10.2,,,,,,,,0,,14.9,,,,,
-52.7,47.56666666666667,ST JOHN'S,8403500,8403500.1955.11.28,1955-11-28 00:00:00,NL,1955,11,28,,M,,M,2.8,,17.8,,17.8,,0,,,,,,,,,M,,M,,,,
-52.7,47.56666666666667,ST JOHN'S,8403500,8403500.1955.11.29,1955-11-29 00:00:00,NL,1955,11,29,,M,,M,12.2,,1.5,,1.5,,0,,,,,,,,,M,,M,,,,
-52.7,47.56666666666667,ST JOHN'S,8403500,8403500.1955.11.30,1955-11-30 00:00:00,NL,1955,11,30,5.3,,-1.7,,12.2,,5.1,,0,T,5.1,,,,,,,,0,,12.7,,,,,
-52.7,47.56666666666667,ST JOHN'S,8403500,8403500.1955.12.1,1955-12-01 00:00:00,NL,1955,12,1,1.4,,-0.6,,3.3,,0,,0,,0,,,,,,,,0,,16.6,,,,,
-52.7,47.56666666666667,ST JOHN'S,8403500,8403500.1955.12.2,1955-12-02 00:00:00,NL,1955,12,2,-1.4,,-3.9,,1.1,,0,,0,,0,,,,,,,,0,,19.4,,,,,
-52.7,47.56666666666667,ST JOHN'S,8403500,8403500.1955.12.3,1955-12-03 00:00:00,NL,1955,12,3,-0.8,,-4.4,,2.8,,0.8,,0.8,,0,,,,,,,,0,,18.8,,,,,
-52.7,47.56666666666667,ST JOHN'S,8403500,8403500.1955.12.4,1955-12-04 00:00:00,NL,1955,12,4,-0.3,,-1.1,,0.6,,20.8,,0,,20.8,,,,,,,,0,,18.3,,,,,
-52.7,47.56666666666667,ST JOHN'S,8403500,8403500.1955.12.5,1955-12-05 00:00:00,NL,1955,12,5,1.7,,0,,3.3,,24.1,,24.1,,0,,,,,,,,0,,16.3,,,,,
-52.7,47.56666666666667,ST JOHN'S,8403500,8403500.1955.12.6,1955-12-06 00:00:00,NL,1955,12,6,2.3,,0.6,,3.9,,2,,0.3,,1.8,,,,,,,,0,,15.7,,,,,
-52.7,47.56666666666667,ST JOHN'S,8403500,8403500.1955.12.7,1955-12-07 00:00:00,NL,1955,12,7,-0.6,,-1.1,,0,,0,T,0,,0,T,,,,,,,0,,18.6,,,,,
-52.7,47.56666666666667,ST JOHN'S,8403500,8403500.1955.12.8,1955-12-08 00:00:00,NL,1955,12,8,-0.3,,-1.7,,1.1,,2.5,,2.5,,0,,,,,,,,0,,18.3,,,,,
-52.7,47.56666666666667,ST JOHN'S,8403500,8403500.1955.12.9,1955-12-09 00:00:00,NL,1955,12,9,0,,-1.1,,1.1,,1.8,,0,,1.8,,,,,,,,0,,18,,,,,
-52.7,47.56666666666667,ST JOHN'S,8403500,8403500.1955.12.10,1955-12-10 00:00:00,NL,1955,12,10,-0.6,,-5,,3.9,,17.3,,2,,15.2,,,,,,,,0,,18.6,,,,,
-52.7,47.56666666666667,ST JOHN'S,8403500,8403500.1955.12.11,1955-12-11 00:00:00,NL,1955,12,11,0.3,,-3.3,,3.9,,19.3,,1.5,,17.8,,,,,,,,0,,17.7,,,,,
-52.7,47.56666666666667,ST JOHN'S,8403500,8403500.1955.12.12,1955-12-12 00:00:00,NL,1955,12,12,0.8,,-0.6,,2.2,,5.8,,3.6,,2.3,,,,,,,,0,,17.2,,,,,
-52.7,47.56666666666667,ST JOHN'S,8403500,8403500.1955.12.13,1955-12-13 00:00:00,NL,1955,12,13,-0.6,,-0.6,,-0.6,,5.1,,0,,5.1,,,,,,,,0,,18.6,,,,,
-52.7,47.56666666666667,ST JOHN'S,8403500,8403500.1955.12.14,1955-12-14 00:00:00,NL,1955,12,14,-1.1,,-3.3,,1.1,,0,T,0,,0,T,,,,,,,0,,19.1,,,,,
-52.7,47.56666666666667,ST JOHN'S,8403500,8403500.1955.12.15,1955-12-15 00:00:00,NL,1955,12,15,-3.4,,-6.1,,-0.6,,1.3,,0,,1.3,,,,,,,,0,,21.4,,,,,
-52.7,47.56666666666667,ST JOHN'S,8403500,8403500.1955.12.16,1955-12-16 00:00:00,NL,1955,12,16,0,,-2.2,,2.2,,3.6,,2.3,,1.3,,,,,,,,0,,18,,,,,
-52.7,47.56666666666667,ST JOHN'S,8403500,8403500.1955.12.17,1955-12-17 00:00:00,NL,1955,12,17,-0.6,,-3.3,,2.2,,1.3,,0,,1.3,,,,,,,,0,,18.6,,,,,
-52.7,47.56666666666667,ST JOHN'S,8403500,8403500.1955.12.18,1955-12-18 00:00:00,NL,1955,12,18,-2.8,,-5,,-0.6,,3.3,,0,,3.3,,,,,,,,0,,20.8,,,,,
-52.7,47.56666666666667,ST JOHN'S,8403500,8403500.1955.12.19,1955-12-19 00:00:00,NL,1955,12,19,-2,,-5.6,,1.7,,8.6,,0,,8.6,,,,,,,,0,,20,,,,,
-52.7,47.56666666666667,ST JOHN'S,8403500,8403500.1955.12.20,1955-12-20 00:00:00,NL,1955,12,20,-5.3,,-11.7,,1.1,,2.5,,0,,2.5,,,,,,,,0,,23.3,,,,,
-52.7,47.56666666666667,ST JOHN'S,8403500,8403500.1955.12.21,1955-12-21 00:00:00,NL,1955,12,21,-8.4,,-12.8,,-3.9,,0,T,0,,0,T,,,,,,,0,,26.4,,,,,
-52.7,47.56666666666667,ST JOHN'S,8403500,8403500.1955.12.22,1955-12-22 00:00:00,NL,1955,12,22,-8.6,,-12.2,,-5,,0,T,0,,0,T,,,,,,,0,,26.6,,,,,
-52.7,47.56666666666667,ST JOHN'S,8403500,8403500.1955.12.23,1955-12-23 00:00:00,NL,1955,12,23,-6.1,,-8.9,,-3.3,,0,T,0,,0,T,,,,,,,0,,24.1,,,,,
-52.7,47.56666666666667,ST JOHN'S,8403500,8403500.1955.12.24,1955-12-24 00:00:00,NL,1955,12,24,-8.9,,-11.7,,-6.1,,0,T,0,,0,T,,,,,,,0,,26.9,,,,,
-52.7,47.56666666666667,ST JOHN'S,8403500,8403500.1955.12.25,1955-12-25 00:00:00,NL,1955,12,25,-5,,-8.9,,-1.1,,20.3,,0,,20.3,,,,,,,,0,,23,,,,,
-52.7,47.56666666666667,ST JOHN'S,8403500,8403500.1955.12.26,1955-12-26 00:00:00,NL,1955,12,26,-3.9,,-7.8,,0,,7.6,,0,,7.6,,,,,,,,0,,21.9,,,,,
-52.7,47.56666666666667,ST JOHN'S,8403500,8403500.1955.12.27,1955-12-27 00:00:00,NL,1955,12,27,-3.4,,-6.7,,0,,0,,0,,0,,,,,,,,0,,21.4,,,,,
-52.7,47.56666666666667,ST JOHN'S,8403500,8403500.1955.12.28,1955-12-28 00:00:00,NL,1955,12,28,-7.5,,-12.2,,-2.8,,0,,0,,0,,,,,,,,0,,25.5,,,,,
-52.7,47.56666666666667,ST JOHN'S,8403500,8403500.1955.12.29,1955-12-29 00:00:00,NL,1955,12,29,-2.2,,-5,,0.6,,5.8,,0,,5.8,,,,,,,,0,,20.2,,,,,
-52.7,47.56666666666667,ST JOHN'S,8403500,8403500.1955.12.30,1955-12-30 00:00:00,NL,1955,12,30,-4.2,,-10,,1.7,,15.2,,15.2,,0,,,,,,,,0,,22.2,,,,,
-52.7,47.56666666666667,ST JOHN'S,8403500,8403500.1955.12.31,1955-12-31 00:00:00,NL,1955,12,31,0.6,,-4.4,,5.6,,23.4,,23.4,,0,T,,,,,,,0,,17.4,,,,,
-52.7,47.56666666666667,ST JOHN'S,8403500,8403500.1956.1.1,1956-01-01 00:00:00,NL,1956,1,1,,,,,,,0.3,,0,,0.3,,,,,,,,,,,,,,,
-52.7,47.56666666666667,ST JOHN'S,8403500,8403500.1956.1.2,1956-01-02 00:00:00,NL,1956,1,2,,,,,,,0,,0,,0,,,,,,,,,,,,,,,
-52.7,47.56666666666667,ST JOHN'S,8403500,8403500.1956.1.3,1956-01-03 00:00:00,NL,1956,1,3,,,,,,,0,,0,,0,,,,,,,,,,,,,,,
-52.7,47.56666666666667,ST JOHN'S,8403500,8403500.1956.1.4,1956-01-04 00:00:00,NL,1956,1,4,,,,,,,5.6,,4.3,,1.3,,,,,,,,,,,,,,,
-52.7,47.56666666666667,ST JOHN'S,8403500,8403500.1956.1.5,1956-01-05 00:00:00,NL,1956,1,5,,,,,,,5.1,,5.1,,0,,,,,,,,,,,,,,,
-52.7,47.56666666666667,ST JOHN'S,8403500,8403500.1956.1.6,1956-01-06 00:00:00,NL,1956,1,6,,,,,,,0.5,,0.5,,0,,,,,,,,,,,,,,,
-52.7,47.56666666666667,ST JOHN'S,8403500,8403500.1956.1.7,1956-01-07 00:00:00,NL,1956,1,7,,,,,,,0,,0,,0,,,,,,,,,,,,,,,
-52.7,47.56666666666667,ST JOHN'S,8403500,8403500.1956.1.8,1956-01-08 00:00:00,NL,1956,1,8,,,,,,,1.5,,1.5,,0,,,,,,,,,,,,,,,
-52.7,47.56666666666667,ST JOHN'S,8403500,8403500.1956.1.9,1956-01-09 00:00:00,NL,1956,1,9,,,,,,,1.8,,1.8,,0,,,,,,,,,,,,,,,
-52.7,47.56666666666667,ST JOHN'S,8403500,8403500.1956.1.10,1956-01-10 00:00:00,NL,1956,1,10,,,,,,,0,T,0,,0,T,,,,,,,,,,,,,,
-52.7,47.56666666666667,ST JOHN'S,8403500,8403500.1956.1.11,1956-01-11 00:00:00,NL,1956,1,11,,,,,,,0,,0,,0,,,,,,,,,,,,,,,
-52.7,47.56666666666667,ST JOHN'S,8403500,8403500.1956.1.12,1956-01-12 00:00:00,NL,1956,1,12,,,,,,,0,,0,,0,,,,,,,,,,,,,,,
-52.7,47.56666666666667,ST JOHN'S,8403500,8403500.1956.1.13,1956-01-13 00:00:00,NL,1956,1,13,,,,,,,0,,0,,0,,,,,,,,,,,,,,,
-52.7,47.56666666666667,ST JOHN'S,8403500,8403500.1956.1.14,1956-01-14 00:00:00,NL,1956,1,14,,,,,,,10.2,,10.2,,0,,,,,,,,,,,,,,,
-52.7,47.56666666666667,ST JOHN'S,8403500,8403500.1956.1.15,1956-01-15 00:00:00,NL,1956,1,15,,,,,,,12.2,,12.2,,0,,,,,,,,,,,,,,,
-52.7,47.56666666666667,ST JOHN'S,8403500,8403500.1956.1.16,1956-01-16 00:00:00,NL,1956,1,16,,,,,,,1,,1,,0,,,,,,,,,,,,,,,
-52.7,47.56666666666667,ST JOHN'S,8403500,8403500.1956.1.17,1956-01-17 00:00:00,NL,1956,1,17,,,,,,,2.8,,2.8,,0,,,,,,,,,,,,,,,
-52.7,47.56666666666667,ST JOHN'S,8403500,8403500.1956.1.18,1956-01-18 00:00:00,NL,1956,1,18,,,,,,,7.1,,7.1,,0,,,,,,,,,,,,,,,
-52.7,47.56666666666667,ST JOHN'S,8403500,8403500.1956.1.19,1956-01-19 00:00:00,NL,1956,1,19,,,,,,,5.8,,5.8,,0,,,,,,,,,,,,,,,
-52.7,47.56666666666667,ST JOHN'S,8403500,8403500.1956.1.20,1956-01-20 00:00:00,NL,1956,1,20,,,,,,,2.5,,2.5,,0,,,,,,,,,,,,,,,
-52.7,47.56666666666667,ST JOHN'S,8403500,8403500.1956.1.21,1956-01-21 00:00:00,NL,1956,1,21,,,,,,,1.3,,1.3,,0,,,,,,,,,,,,,,,
-52.7,47.56666666666667,ST JOHN'S,8403500,8403500.1956.1.22,1956-01-22 00:00:00,NL,1956,1,22,,,,,,,10.7,,10.7,,0,,,,,,,,,,,,,,,
-52.7,47.56666666666667,ST JOHN'S,8403500,8403500.1956.1.23,1956-01-23 00:00:00,NL,1956,1,23,,,,,,,7.6,,7.6,,0,,,,,,,,,,,,,,,
-52.7,47.56666666666667,ST JOHN'S,8403500,8403500.1956.1.24,1956-01-24 00:00:00,NL,1956,1,24,,,,,,,0,,0,,0,,,,,,,,,,,,,,,
-52.7,47.56666666666667,ST JOHN'S,8403500,8403500.1956.1.25,1956-01-25 00:00:00,NL,1956,1,25,,,,,,,11.4,,10.2,,1.3,,,,,,,,,,,,,,,
-52.7,47.56666666666667,ST JOHN'S,8403500,8403500.1956.1.26,1956-01-26 00:00:00,NL,1956,1,26,,,,,,,7.6,,0,,7.6,,,,,,,,,,,,,,,
-52.7,47.56666666666667,ST JOHN'S,8403500,8403500.1956.1.27,1956-01-27 00:00:00,NL,1956,1,27,,,,,,,0,,0,,0,,,,,,,,,,,,,,,
-52.7,47.56666666666667,ST JOHN'S,8403500,8403500.1956.1.28,1956-01-28 00:00:00,NL,1956,1,28,,,,,,,0,,0,,0,,,,,,,,,,,,,,,
-52.7,47.56666666666667,ST JOHN'S,8403500,8403500.1956.1.29,1956-01-29 00:00:00,NL,1956,1,29,,,,,,,0,,0,,0,,,,,,,,,,,,,,,
-52.7,47.56666666666667,ST JOHN'S,8403500,8403500.1956.1.30,1956-01-30 00:00:00,NL,1956,1,30,,,,,,,0,,0,,0,,,,,,,,,,,,,,,
-52.7,47.56666666666667,ST JOHN'S,8403500,8403500.1956.1.31,1956-01-31 00:00:00,NL,1956,1,31,,,,,,,2.5,,0,,2.5,,,,,,,,,,,,,,,
-52.7,47.56666666666667,ST JOHN'S,8403500,8403500.1956.2.1,1956-02-01 00:00:00,NL,1956,2,1,-10,,-13.9,,-6.1,,0,,0,,0,,,,,,,,0,,28,,,,,
-52.7,47.56666666666667,ST JOHN'S,8403500,8403500.1956.2.2,1956-02-02 00:00:00,NL,1956,2,2,-7,,-12.8,,-1.1,,0,,0,,0,,,,,,,,0,,25,,,,,
-52.7,47.56666666666667,ST JOHN'S,8403500,8403500.1956.2.3,1956-02-03 00:00:00,NL,1956,2,3,-2.5,,-6.7,,1.7,,9.4,,1.8,,7.6,,,,,,,,0,,20.5,,,,,
-52.7,47.56666666666667,ST JOHN'S,8403500,8403500.1956.2.4,1956-02-04 00:00:00,NL,1956,2,4,-5,,-8.9,,-1.1,,0,,0,,0,,,,,,,,0,,23,,,,,
-52.7,47.56666666666667,ST JOHN'S,8403500,8403500.1956.2.5,1956-02-05 00:00:00,NL,1956,2,5,-5.6,,-11.1,,0,,58.4,,0,,58.4,,,,,,,,0,,23.6,,,,,
-52.7,47.56666666666667,ST JOHN'S,8403500,8403500.1956.2.6,1956-02-06 00:00:00,NL,1956,2,6,-8.6,,-13.9,,-3.3,,0,,0,,0,,,,,,,,0,,26.6,,,,,
-52.7,47.56666666666667,ST JOHN'S,8403500,8403500.1956.2.7,1956-02-07 00:00:00,NL,1956,2,7,-7.8,,-13.3,,-2.2,,30.7,,0,,30.7,,,,,,,,0,,25.8,,,,,
-52.7,47.56666666666667,ST JOHN'S,8403500,8403500.1956.2.8,1956-02-08 00:00:00,NL,1956,2,8,-8.1,,-13.3,,-2.8,,7.6,,0,,7.6,,,,,,,,0,,26.1,,,,,
-52.7,47.56666666666667,ST JOHN'S,8403500,8403500.1956.2.9,1956-02-09 00:00:00,NL,1956,2,9,-10.3,,-18.3,,-2.2,,0,,0,,0,,,,,,,,0,,28.3,,,,,
-52.7,47.56666666666667,ST JOHN'S,8403500,8403500.1956.2.10,1956-02-10 00:00:00,NL,1956,2,10,-4.5,,-6.1,,-2.8,,0,,0,,0,,,,,,,,0,,22.5,,,,,
-52.7,47.56666666666667,ST JOHN'S,8403500,8403500.1956.2.11,1956-02-11 00:00:00,NL,1956,2,11,,M,-18.3,,,M,0,,0,,0,,,,,,,,,M,,M,,,,
-52.7,47.56666666666667,ST JOHN'S,8403500,8403500.1956.2.12,1956-02-12 00:00:00,NL,1956,2,12,-3.4,,-5,,-1.7,,0.5,,0,,0.5,,,,,,,,0,,21.4,,,,,
-52.7,47.56666666666667,ST JOHN'S,8403500,8403500.1956.2.13,1956-02-13 00:00:00,NL,1956,2,13,0.3,,-1.7,,2.2,,20.8,,11.2,,9.7,,,,,,,,0,,17.7,,,,,
-52.7,47.56666666666667,ST JOHN'S,8403500,8403500.1956.2.14,1956-02-14 00:00:00,NL,1956,2,14,-8.1,,-18.3,,2.2,,2.3,,2,,0.3,,,,,,,,0,,26.1,,,,,
-52.7,47.56666666666667,ST JOHN'S,8403500,8403500.1956.2.15,1956-02-15 00:00:00,NL,1956,2,15,-0.8,,-2.2,,0.6,,0,,0,,0,,,,,,,,0,,18.8,,,,,
-52.7,47.56666666666667,ST JOHN'S,8403500,8403500.1956.2.16,1956-02-16 00:00:00,NL,1956,2,16,-5.9,,-11.7,,0,,0,,0,,0,,,,,,,,0,,23.9,,,,,
-52.7,47.56666666666667,ST JOHN'S,8403500,8403500.1956.2.17,1956-02-17 00:00:00,NL,1956,2,17,-8.4,,-12.8,,-3.9,,0,,0,,0,,,,,,,,0,,26.4,,,,,
-52.7,47.56666666666667,ST JOHN'S,8403500,8403500.1956.2.18,1956-02-18 00:00:00,NL,1956,2,18,-2.2,,-3.3,,-1.1,,0,,0,,0,,,,,,,,0,,20.2,,,,,
-52.7,47.56666666666667,ST JOHN'S,8403500,8403500.1956.2.19,1956-02-19 00:00:00,NL,1956,2,19,-6.7,,-12.2,,-1.1,,1.3,,0,,1.3,,,,,,,,0,,24.7,,,,,
-52.7,47.56666666666667,ST JOHN'S,8403500,8403500.1956.2.20,1956-02-20 00:00:00,NL,1956,2,20,-6.1,,-10,,-2.2,,1.3,,0,,1.3,,,,,,,,0,,24.1,,,,,
-52.7,47.56666666666667,ST JOHN'S,8403500,8403500.1956.2.21,1956-02-21 00:00:00,NL,1956,2,21,-3.9,,-6.7,,-1.1,,0,,0,,0,,,,,,,,0,,21.9,,,,,
-52.7,47.56666666666667,ST JOHN'S,8403500,8403500.1956.2.22,1956-02-22 00:00:00,NL,1956,2,22,-4.2,,-7.8,,-0.6,,2.5,,0,,2.5,,,,,,,,0,,22.2,,,,,
-52.7,47.56666666666667,ST JOHN'S,8403500,8403500.1956.2.23,1956-02-23 00:00:00,NL,1956,2,23,-3.9,,-7.2,,-0.6,,0,,0,,0,,,,,,,,0,,21.9,,,,,
-52.7,47.56666666666667,ST JOHN'S,8403500,8403500.1956.2.24,1956-02-24 00:00:00,NL,1956,2,24,-4.5,,-6.7,,-2.2,,10.2,,0,,10.2,,,,,,,,0,,22.5,,,,,
-52.7,47.56666666666667,ST JOHN'S,8403500,8403500.1956.2.25,1956-02-25 00:00:00,NL,1956,2,25,,M,-11.1,,,M,15.2,,15.2,,0,,,,,,,,,M,,M,,,,
-52.7,47.56666666666667,ST JOHN'S,8403500,8403500.1956.2.26,1956-02-26 00:00:00,NL,1956,2,26,,M,,M,6.1,,0,,0,,0,,,,,,,,,M,,M,,,,
-52.7,47.56666666666667,ST JOHN'S,8403500,8403500.1956.2.27,1956-02-27 00:00:00,NL,1956,2,27,-5.9,,-11.7,,0,,0,,0,,0,,,,,,,,0,,23.9,,,,,
-52.7,47.56666666666667,ST JOHN'S,8403500,8403500.1956.2.28,1956-02-28 00:00:00,NL,1956,2,28,-3.3,,-12.2,,5.6,,96.5,,96.5,,0,,,,,,,,0,,21.3,,,,,
-52.7,47.56666666666667,ST JOHN'S,8403500,8403500.1956.2.29,1956-02-29 00:00:00,NL,1956,2,29,-4.2,,-7.2,,-1.1,,0,,0,,0,,,,,,,,0,,22.2,,,,,
-52.7,47.56666666666667,ST JOHN'S,8403500,8403500.1956.3.1,1956-03-01 00:00:00,NL,1956,3,1,-4.2,,-7.2,,-1.1,,1.3,,0,,1.3,,,,,,,,0,,22.2,,,,,
-52.7,47.56666666666667,ST JOHN'S,8403500,8403500.1956.3.2,1956-03-02 00:00:00,NL,1956,3,2,-4.2,,-8.3,,0,,0,,0,,0,,,,,,,,0,,22.2,,,,,
-52.7,47.56666666666667,ST JOHN'S,8403500,8403500.1956.3.3,1956-03-03 00:00:00,NL,1956,3,3,-5.3,,-12.2,,1.7,,0.3,,0.3,,0,,,,,,,,0,,23.3,,,,,
-52.7,47.56666666666667,ST JOHN'S,8403500,8403500.1956.3.4,1956-03-04 00:00:00,NL,1956,3,4,-2.3,,-6.7,,2.2,,2,,2,,0,,,,,,,,0,,20.3,,,,,
-52.7,47.56666666666667,ST JOHN'S,8403500,8403500.1956.3.5,1956-03-05 00:00:00,NL,1956,3,5,-0.8,,-2.2,,0.6,,1.3,,0,,1.3,,,,,,,,0,,18.8,,,,,
-52.7,47.56666666666667,ST JOHN'S,8403500,8403500.1956.3.6,1956-03-06 00:00:00,NL,1956,3,6,-3.3,,-7.2,,0.6,,0,,0,,0,,,,,,,,0,,21.3,,,,,
-52.7,47.56666666666667,ST JOHN'S,8403500,8403500.1956.3.7,1956-03-07 00:00:00,NL,1956,3,7,-5,,-7.8,,-2.2,,0,,0,,0,,,,,,,,0,,23,,,,,
-52.7,47.56666666666667,ST JOHN'S,8403500,8403500.1956.3.8,1956-03-08 00:00:00,NL,1956,3,8,-2.8,,-10,,4.4,,1.8,,0.5,,1.3,,,,,,,,0,,20.8,,,,,
-52.7,47.56666666666667,ST JOHN'S,8403500,8403500.1956.3.9,1956-03-09 00:00:00,NL,1956,3,9,-7.3,,-10.6,,-3.9,,1.3,,0,,1.3,,,,,,,,0,,25.3,,,,,
-52.7,47.56666666666667,ST JOHN'S,8403500,8403500.1956.3.10,1956-03-10 00:00:00,NL,1956,3,10,-4.5,,-6.7,,-2.2,,0,,0,,0,,,,,,,,0,,22.5,,,,,
-52.7,47.56666666666667,ST JOHN'S,8403500,8403500.1956.3.11,1956-03-11 00:00:00,NL,1956,3,11,-2.3,,-5.6,,1.1,,0,,0,,0,,,,,,,,0,,20.3,,,,,
-52.7,47.56666666666667,ST JOHN'S,8403500,8403500.1956.3.12,1956-03-12 00:00:00,NL,1956,3,12,-1.1,,-7.2,,5,,0,,0,,0,,,,,,,,0,,19.1,,,,,
-52.7,47.56666666666667,ST JOHN'S,8403500,8403500.1956.3.13,1956-03-13 00:00:00,NL,1956,3,13,-5.3,,-7.2,,-3.3,,0,,0,,0,,,,,,,,0,,23.3,,,,,
-52.7,47.56666666666667,ST JOHN'S,8403500,8403500.1956.3.14,1956-03-14 00:00:00,NL,1956,3,14,-1.7,,-6.7,,3.3,,20.3,,0,,20.3,,,,,,,,0,,19.7,,,,,
-52.7,47.56666666666667,ST JOHN'S,8403500,8403500.1956.3.15,1956-03-15 00:00:00,NL,1956,3,15,-5.3,,-11.1,,0.6,,2.5,,0,,2.5,,,,,,,,0,,23.3,,,,,
-52.7,47.56666666666667,ST JOHN'S,8403500,8403500.1956.3.16,1956-03-16 00:00:00,NL,1956,3,16,-10.8,,-13.3,,-8.3,,0,,0,,0,,,,,,,,0,,28.8,,,,,
-52.7,47.56666666666667,ST JOHN'S,8403500,8403500.1956.3.17,1956-03-17 00:00:00,NL,1956,3,17,-10.6,,-13.9,,-7.2,,33,,0,,33,,,,,,,,0,,28.6,,,,,
-52.7,47.56666666666667,ST JOHN'S,8403500,8403500.1956.3.18,1956-03-18 00:00:00,NL,1956,3,18,-6.9,,-9.4,,-4.4,,0,,0,,0,,,,,,,,0,,24.9,,,,,
-52.7,47.56666666666667,ST JOHN'S,8403500,8403500.1956.3.19,1956-03-19 00:00:00,NL,1956,3,19,-6.7,,-11.1,,-2.2,,0,,0,,0,,,,,,,,0,,24.7,,,,,
-52.7,47.56666666666667,ST JOHN'S,8403500,8403500.1956.3.20,1956-03-20 00:00:00,NL,1956,3,20,-5,,-9.4,,-0.6,,0,,0,,0,,,,,,,,0,,23,,,,,
-52.7,47.56666666666667,ST JOHN'S,8403500,8403500.1956.3.21,1956-03-21 00:00:00,NL,1956,3,21,-4.2,,-7.8,,-0.6,,0,,0,,0,,,,,,,,0,,22.2,,,,,
-52.7,47.56666666666667,ST JOHN'S,8403500,8403500.1956.3.22,1956-03-22 00:00:00,NL,1956,3,22,-2.5,,-8.3,,3.3,,1.3,,0,,1.3,,,,,,,,0,,20.5,,,,,
-52.7,47.56666666666667,ST JOHN'S,8403500,8403500.1956.3.23,1956-03-23 00:00:00,NL,1956,3,23,-3.3,,-8.3,,1.7,,22.4,,16.8,,5.6,,,,,,,,0,,21.3,,,,,
-52.7,47.56666666666667,ST JOHN'S,8403500,8403500.1956.3.24,1956-03-24 00:00:00,NL,1956,3,24,-2.2,,-5,,0.6,,0,,0,,0,,,,,,,,0,,20.2,,,,,
-52.7,47.56666666666667,ST JOHN'S,8403500,8403500.1956.3.25,1956-03-25 00:00:00,NL,1956,3,25,1.4,,-5,,7.8,,19.1,,19.1,,0,,,,,,,,0,,16.6,,,,,
-52.7,47.56666666666667,ST JOHN'S,8403500,8403500.1956.3.26,1956-03-26 00:00:00,NL,1956,3,26,-2.2,,-6.1,,1.7,,0,,0,,0,,,,,,,,0,,20.2,,,,,
-52.7,47.56666666666667,ST JOHN'S,8403500,8403500.1956.3.27,1956-03-27 00:00:00,NL,1956,3,27,-3.1,,-7.8,,1.7,,0,,0,,0,,,,,,,,0,,21.1,,,,,
-52.7,47.56666666666667,ST JOHN'S,8403500,8403500.1956.3.28,1956-03-28 00:00:00,NL,1956,3,28,-6.4,,-9.4,,-3.3,,0.3,,0,,0.3,,,,,,,,0,,24.4,,,,,
-52.7,47.56666666666667,ST JOHN'S,8403500,8403500.1956.3.29,1956-03-29 00:00:00,NL,1956,3,29,-5.3,,-11.7,,1.1,,8.1,,0,,8.1,,,,,,,,0,,23.3,,,,,
-52.7,47.56666666666667,ST JOHN'S,8403500,8403500.1956.3.30,1956-03-30 00:00:00,NL,1956,3,30,-2.5,,-6.7,,1.7,,0,,0,,0,,,,,,,,0,,20.5,,,,,
-52.7,47.56666666666667,ST JOHN'S,8403500,8403500.1956.3.31,1956-03-31 00:00:00,NL,1956,3,31,0.6,,-2.8,,3.9,,0,,0,,0,,,,,,,,0,,17.4,,,,,
