x,y,STATION_NAME,CLIMATE_IDENTIFIER,ID,LOCAL_DATE,PROVINCE_CODE,LOCAL_YEAR,LOCAL_MONTH,LOCAL_DAY,MEAN_TEMPERATURE,MEAN_TEMPERATURE_FLAG,MIN_TEMPERATURE,MIN_TEMPERATURE_FLAG,MAX_TEMPERATURE,MAX_TEMPERATURE_FLAG,TOTAL_PRECIPITATION,TOTAL_PRECIPITATION_FLAG,TOTAL_RAIN,TOTAL_RAIN_FLAG,TOTAL_SNOW,TOTAL_SNOW_FLAG,SNOW_ON_GROUND,SNOW_ON_GROUND_FLAG,DIRECTION_MAX_GUST,DIRECTION_MAX_GUST_FLAG,SPEED_MAX_GUST,SPEED_MAX_GUST_FLAG,COOLING_DEGREE_DAYS,COOLING_DEGREE_DAYS_FLAG,HEATING_DEGREE_DAYS,HEATING_DEGREE_DAYS_FLAG,MIN_REL_HUMIDITY,MIN_REL_HUMIDITY_FLAG,MAX_REL_HUMIDITY,MAX_REL_HUMIDITY_FLAG
-52.742777777777775,47.62222222222222,ST JOHN'S A,8403506,8403506.1996.10.4,1996-10-04 00:00:00,NL,1996,10,4,12.2,,4.6,,19.7,,13.2,,13.2,,0,,0,,1,,41,,0,,5.8,,,M,,M
-52.742777777777775,47.62222222222222,ST JOHN'S A,8403506,8403506.1996.10.5,1996-10-05 00:00:00,NL,1996,10,5,3.7,,-0.4,,7.7,,1.4,,1.4,,0,T,0,,33,,63,,0,,14.3,,,M,,M
-52.742777777777775,47.62222222222222,ST JOHN'S A,8403506,8403506.1996.10.6,1996-10-06 00:00:00,NL,1996,10,6,5,,-0.6,,10.6,,0,,0,,0,,0,,26,,65,,0,,13,,,M,,M
-52.742777777777775,47.62222222222222,ST JOHN'S A,8403506,8403506.1996.10.7,1996-10-07 00:00:00,NL,1996,10,7,9.9,,5.1,,14.6,,0,,0,,0,,0,,25,,46,,0,,8.1,,,M,,M
-52.742777777777775,47.62222222222222,ST JOHN'S A,8403506,8403506.1996.10.8,1996-10-08 00:00:00,NL,1996,10,8,9,,7.6,,10.3,,15,,15,,0,,0,,2,,39,,0,,9,,,M,,M
-52.742777777777775,47.62222222222222,ST JOHN'S A,8403506,8403506.1996.10.9,1996-10-09 00:00:00,NL,1996,10,9,8.8,,7.3,,10.3,,26.7,,26.7,,0,,0,,12,,85,,0,,9.2,,,M,,M
-52.742777777777775,47.62222222222222,ST JOHN'S A,8403506,8403506.1996.10.10,1996-10-10 00:00:00,NL,1996,10,10,9.5,,6.6,,12.4,,0.5,,0.5,,0,,0,,28,,74,,0,,8.5,,,M,,M
-52.742777777777775,47.62222222222222,ST JOHN'S A,8403506,8403506.1996.10.11,1996-10-11 00:00:00,NL,1996,10,11,7.5,,5,,10,,2.5,,2.5,,0,,0,,1,,35,,0,,10.5,,,M,,M
-52.742777777777775,47.62222222222222,ST JOHN'S A,8403506,8403506.1996.10.12,1996-10-12 00:00:00,NL,1996,10,12,7.7,,4.8,,10.6,,0,,0,,0,,0,,28,,46,,0,,10.3,,,M,,M
-52.742777777777775,47.62222222222222,ST JOHN'S A,8403506,8403506.1996.10.13,1996-10-13 00:00:00,NL,1996,10,13,6,,3.8,,8.2,,0,T,0,T,0,,0,,0,,0,,0,,12,,,M,,M
-52.742777777777775,47.62222222222222,ST JOHN'S A,8403506,8403506.1996.10.14,1996-10-14 00:00:00,NL,1996,10,14,8.4,,5.1,,11.7,,0.2,,0.2,,0,,0,,16,,52,,0,,9.6,,,M,,M
-52.742777777777775,47.62222222222222,ST JOHN'S A,8403506,8403506.1996.10.15,1996-10-15 00:00:00,NL,1996,10,15,6.7,,1.1,,12.3,,8.9,,8.9,,0,,0,,17,,65,,0,,11.3,,,M,,M
-52.742777777777775,47.62222222222222,ST JOHN'S A,8403506,8403506.1996.10.16,1996-10-16 00:00:00,NL,1996,10,16,4.3,,2.1,,6.4,,1.8,,1.8,,0,T,0,,25,,65,,0,,13.7,,,M,,M
-52.742777777777775,47.62222222222222,ST JOHN'S A,8403506,8403506.1996.10.17,1996-10-17 00:00:00,NL,1996,10,17,5.6,,3,,8.2,,9.8,,9.8,,0,,0,,29,,54,,0,,12.4,,,M,,M
-52.742777777777775,47.62222222222222,ST JOHN'S A,8403506,8403506.1996.10.18,1996-10-18 00:00:00,NL,1996,10,18,4,,1.3,,6.6,,3.2,,3.2,,0,,0,,2,,37,,0,,14,,,M,,M
-52.742777777777775,47.62222222222222,ST JOHN'S A,8403506,8403506.1996.10.19,1996-10-19 00:00:00,NL,1996,10,19,3,,1.4,,4.6,,1.2,,0.4,,0.8,,0,,35,,35,,0,,15,,,M,,M
-52.742777777777775,47.62222222222222,ST JOHN'S A,8403506,8403506.1996.10.20,1996-10-20 00:00:00,NL,1996,10,20,2.8,,0.3,,5.3,,0,T,0,,0,T,0,,35,,46,,0,,15.2,,,M,,M
-52.742777777777775,47.62222222222222,ST JOHN'S A,8403506,8403506.1996.10.21,1996-10-21 00:00:00,NL,1996,10,21,3.7,,0.1,,7.2,,0,,0,,0,,0,,0,,0,,0,,14.3,,,M,,M
-52.742777777777775,47.62222222222222,ST JOHN'S A,8403506,8403506.1996.10.22,1996-10-22 00:00:00,NL,1996,10,22,5.9,,3.6,,8.2,,0,,0,,0,,0,,0,,0,,0,,12.1,,,M,,M
-52.742777777777775,47.62222222222222,ST JOHN'S A,8403506,8403506.1996.10.23,1996-10-23 00:00:00,NL,1996,10,23,5.4,,0.9,,9.8,,0,,0,,0,,0,,0,,0,,0,,12.6,,,M,,M
-52.742777777777775,47.62222222222222,ST JOHN'S A,8403506,8403506.1996.10.24,1996-10-24 00:00:00,NL,1996,10,24,7.1,,5.5,,8.7,,0.8,,0.8,,0,,0,,18,,37,,0,,10.9,,,M,,M
-52.742777777777775,47.62222222222222,ST JOHN'S A,8403506,8403506.1996.10.25,1996-10-25 00:00:00,NL,1996,10,25,7.6,,5.5,,9.6,,1,,1,,0,,0,,0,,0,,0,,10.4,,,M,,M
-52.742777777777775,47.62222222222222,ST JOHN'S A,8403506,8403506.1996.10.26,1996-10-26 00:00:00,NL,1996,10,26,5.1,,3.6,,6.6,,0.4,,0.4,,0,,0,,0,,0,,0,,12.9,,,M,,M
-52.742777777777775,47.62222222222222,ST JOHN'S A,8403506,8403506.1996.10.27,1996-10-27 00:00:00,NL,1996,10,27,6,,4.9,,7,,0,T,0,T,0,,0,,5,,37,,0,,12,,,M,,M
-52.742777777777775,47.62222222222222,ST JOHN'S A,8403506,8403506.1996.10.28,1996-10-28 00:00:00,NL,1996,10,28,5.5,,4.1,,6.8,,15.2,,15.2,,0,,0,,5,,32,,0,,12.5,,,M,,M
-52.742777777777775,47.62222222222222,ST JOHN'S A,8403506,8403506.1996.10.29,1996-10-29 00:00:00,NL,1996,10,29,4.6,,3.9,,5.2,,14.7,,14.7,,0,,0,,4,,44,,0,,13.4,,,M,,M
-52.742777777777775,47.62222222222222,ST JOHN'S A,8403506,8403506.1996.10.30,1996-10-30 00:00:00,NL,1996,10,30,4.5,,3.7,,5.2,,11.5,,11.5,,0,,0,,34,,61,,0,,13.5,,,M,,M
-52.742777777777775,47.62222222222222,ST JOHN'S A,8403506,8403506.1996.10.31,1996-10-31 00:00:00,NL,1996,10,31,4.4,,3.5,,5.2,,0,T,0,T,0,,0,,30,,46,,0,,13.6,,,M,,M
-52.742777777777775,47.62222222222222,ST JOHN'S A,8403506,8403506.1996.11.1,1996-11-01 00:00:00,NL,1996,11,1,4.7,,2.5,,6.9,,0.8,,0.8,,0,T,0,,26,,50,,0,,13.3,,,M,,M
-52.742777777777775,47.62222222222222,ST JOHN'S A,8403506,8403506.1996.11.2,1996-11-02 00:00:00,NL,1996,11,2,4.4,,1.8,,7,,0,,0,,0,,0,,27,,32,,0,,13.6,,,M,,M
-52.742777777777775,47.62222222222222,ST JOHN'S A,8403506,8403506.1996.11.3,1996-11-03 00:00:00,NL,1996,11,3,4.5,,-0.5,,9.5,,11.5,,11.5,,0,,0,,24,,76,,0,,13.5,,,M,,M
-52.742777777777775,47.62222222222222,ST JOHN'S A,8403506,8403506.1996.11.4,1996-11-04 00:00:00,NL,1996,11,4,4.1,,1.9,,6.2,,0,T,0,T,0,,0,,26,,83,,0,,13.9,,,M,,M
-52.742777777777775,47.62222222222222,ST JOHN'S A,8403506,8403506.1996.11.5,1996-11-05 00:00:00,NL,1996,11,5,3,,1.1,,4.8,,0.8,,0.8,,0,T,0,,28,,52,,0,,15,,,M,,M
-52.742777777777775,47.62222222222222,ST JOHN'S A,8403506,8403506.1996.11.6,1996-11-06 00:00:00,NL,1996,11,6,0.8,,-0.2,,1.8,,0,,0,,0,,0,,0,,0,,0,,17.2,,,M,,M
-52.742777777777775,47.62222222222222,ST JOHN'S A,8403506,8403506.1996.11.7,1996-11-07 00:00:00,NL,1996,11,7,-0.1,,-2.9,,2.7,,0,,0,,0,,0,,0,,0,,0,,18.1,,,M,,M
-52.742777777777775,47.62222222222222,ST JOHN'S A,8403506,8403506.1996.11.8,1996-11-08 00:00:00,NL,1996,11,8,0.5,,-3.9,,4.9,,0,T,0,,0,T,0,,0,,0,,0,,17.5,,,M,,M
-52.742777777777775,47.62222222222222,ST JOHN'S A,8403506,8403506.1996.11.9,1996-11-09 00:00:00,NL,1996,11,9,7.6,,2.1,,13,,0,,0,,0,,0,,0,,0,,0,,10.4,,,M,,M
-52.742777777777775,47.62222222222222,ST JOHN'S A,8403506,8403506.1996.11.10,1996-11-10 00:00:00,NL,1996,11,10,5.7,,1.4,,10,,15.3,,15.3,,0,,0,,15,,46,,0,,12.3,,,M,,M
-52.742777777777775,47.62222222222222,ST JOHN'S A,8403506,8403506.1996.11.11,1996-11-11 00:00:00,NL,1996,11,11,10.9,,9.3,,12.4,,14,,14,,0,,0,,17,,63,,0,,7.1,,,M,,M
-52.742777777777775,47.62222222222222,ST JOHN'S A,8403506,8403506.1996.11.12,1996-11-12 00:00:00,NL,1996,11,12,7.6,,1.9,,13.3,,4.8,,4.8,,0,,0,,27,,52,,0,,10.4,,,M,,M
-52.742777777777775,47.62222222222222,ST JOHN'S A,8403506,8403506.1996.11.13,1996-11-13 00:00:00,NL,1996,11,13,3.6,,0.3,,6.9,,2.2,,2.2,,0,T,0,,0,,0,,0,,14.4,,,M,,M
-52.742777777777775,47.62222222222222,ST JOHN'S A,8403506,8403506.1996.11.14,1996-11-14 00:00:00,NL,1996,11,14,-0.8,,-4.3,,2.8,,0,T,0,,0,T,0,,0,,0,,0,,18.8,,,M,,M
-52.742777777777775,47.62222222222222,ST JOHN'S A,8403506,8403506.1996.11.15,1996-11-15 00:00:00,NL,1996,11,15,-1.6,,-3.3,,0.2,,13.1,,0,,15.7,,2,,5,,46,,0,,19.6,,,M,,M
-52.742777777777775,47.62222222222222,ST JOHN'S A,8403506,8403506.1996.11.16,1996-11-16 00:00:00,NL,1996,11,16,2.3,,0.1,,4.4,,47.7,,32.8,,11.9,,14,,7,,70,,0,,15.7,,,M,,M
-52.742777777777775,47.62222222222222,ST JOHN'S A,8403506,8403506.1996.11.17,1996-11-17 00:00:00,NL,1996,11,17,4.2,,3.6,,4.8,,3.8,,3.8,,0,,0,,4,,41,,0,,13.8,,,M,,M
-52.742777777777775,47.62222222222222,ST JOHN'S A,8403506,8403506.1996.11.18,1996-11-18 00:00:00,NL,1996,11,18,5.6,,3.7,,7.4,,5.9,,5.9,,0,,0,,0,,0,,0,,12.4,,,M,,M
-52.742777777777775,47.62222222222222,ST JOHN'S A,8403506,8403506.1996.11.19,1996-11-19 00:00:00,NL,1996,11,19,5.8,,3.4,,8.2,,0,T,0,T,0,,0,,0,,0,,0,,12.2,,,M,,M
-52.742777777777775,47.62222222222222,ST JOHN'S A,8403506,8403506.1996.11.20,1996-11-20 00:00:00,NL,1996,11,20,4.4,,3.4,,5.4,,1.2,,1.2,,0,,0,,0,,0,,0,,13.6,,,M,,M
-52.742777777777775,47.62222222222222,ST JOHN'S A,8403506,8403506.1996.11.21,1996-11-21 00:00:00,NL,1996,11,21,6.8,,3.7,,9.8,,14.6,,14.6,,0,,0,,12,,50,,0,,11.2,,,M,,M
-52.742777777777775,47.62222222222222,ST JOHN'S A,8403506,8403506.1996.11.22,1996-11-22 00:00:00,NL,1996,11,22,4.1,,1.6,,6.5,,0,,0,,0,,0,,28,,33,,0,,13.9,,,M,,M
-52.742777777777775,47.62222222222222,ST JOHN'S A,8403506,8403506.1996.11.23,1996-11-23 00:00:00,NL,1996,11,23,1.2,,-2.5,,4.8,,0,,0,,0,,0,,29,,33,,0,,16.8,,,M,,M
-52.742777777777775,47.62222222222222,ST JOHN'S A,8403506,8403506.1996.11.24,1996-11-24 00:00:00,NL,1996,11,24,-0.6,,-3.1,,2,,2.8,,1.3,,1.5,,0,,29,,46,,0,,18.6,,,M,,M
-52.742777777777775,47.62222222222222,ST JOHN'S A,8403506,8403506.1996.11.25,1996-11-25 00:00:00,NL,1996,11,25,0.9,,-2.5,,4.2,,0,,0,,0,,0,,29,,52,,0,,17.1,,,M,,M
-52.742777777777775,47.62222222222222,ST JOHN'S A,8403506,8403506.1996.11.26,1996-11-26 00:00:00,NL,1996,11,26,7.7,,3,,12.4,,5.6,,5.6,,0,T,0,,18,,63,,0,,10.3,,,M,,M
-52.742777777777775,47.62222222222222,ST JOHN'S A,8403506,8403506.1996.11.27,1996-11-27 00:00:00,NL,1996,11,27,5.5,,-2.8,,13.7,,27.8,,24.6,,3.2,,1,,24,,65,,0,,12.5,,,M,,M
-52.742777777777775,47.62222222222222,ST JOHN'S A,8403506,8403506.1996.11.28,1996-11-28 00:00:00,NL,1996,11,28,-0.9,,-2.1,,0.4,,14.6,,1.3,,13.7,,6,,36,,59,,0,,18.9,,,M,,M
-52.742777777777775,47.62222222222222,ST JOHN'S A,8403506,8403506.1996.11.29,1996-11-29 00:00:00,NL,1996,11,29,-1.7,,-3.5,,0.1,,4.6,,0,,4.6,,9,,35,,59,,0,,19.7,,,M,,M
-52.742777777777775,47.62222222222222,ST JOHN'S A,8403506,8403506.1996.11.30,1996-11-30 00:00:00,NL,1996,11,30,-3.4,,-4.3,,-2.4,,0,,0,,0,,9,,0,,0,,0,,21.4,,,M,,M
-52.742777777777775,47.62222222222222,ST JOHN'S A,8403506,8403506.1996.12.1,1996-12-01 00:00:00,NL,1996,12,1,-4.2,,-7.7,,-0.6,,0,,0,,0,,9,,0,,0,,0,,22.2,,,M,,M
-52.742777777777775,47.62222222222222,ST JOHN'S A,8403506,8403506.1996.12.2,1996-12-02 00:00:00,NL,1996,12,2,-2.6,,-7.9,,2.8,,0,T,0,T,0,,7,,17,,37,,0,,20.6,,,M,,M
-52.742777777777775,47.62222222222222,ST JOHN'S A,8403506,8403506.1996.12.3,1996-12-03 00:00:00,NL,1996,12,3,6.1,,2.6,,9.5,,2.5,,2.5,,0,,0,,19,,67,,0,,11.9,,,M,,M
-52.742777777777775,47.62222222222222,ST JOHN'S A,8403506,8403506.1996.12.4,1996-12-04 00:00:00,NL,1996,12,4,2.7,,1.7,,3.6,,20.5,,20.5,,0,,0,,2,,54,,0,,15.3,,,M,,M
-52.742777777777775,47.62222222222222,ST JOHN'S A,8403506,8403506.1996.12.5,1996-12-05 00:00:00,NL,1996,12,5,2,,1.4,,2.5,,25.3,,25.3,,0,,0,,36,,59,,0,,16,,,M,,M
-52.742777777777775,47.62222222222222,ST JOHN'S A,8403506,8403506.1996.12.6,1996-12-06 00:00:00,NL,1996,12,6,1.4,,0.3,,2.4,,5.1,,5.1,,0,T,0,,34,,61,,0,,16.6,,,M,,M
-52.742777777777775,47.62222222222222,ST JOHN'S A,8403506,8403506.1996.12.7,1996-12-07 00:00:00,NL,1996,12,7,0.7,,0.2,,1.2,,0,T,0,T,0,,0,,3,,44,,0,,17.3,,,M,,M
-52.742777777777775,47.62222222222222,ST JOHN'S A,8403506,8403506.1996.12.8,1996-12-08 00:00:00,NL,1996,12,8,0.7,,-0.4,,1.8,,0,,0,,0,,0,,13,,37,,0,,17.3,,,M,,M
-52.742777777777775,47.62222222222222,ST JOHN'S A,8403506,8403506.1996.12.9,1996-12-09 00:00:00,NL,1996,12,9,5.3,,1.5,,9.1,,19.4,,19.4,,0,,0,,14,E,61,E,0,,12.7,,,M,,M
-52.742777777777775,47.62222222222222,ST JOHN'S A,8403506,8403506.1996.12.10,1996-12-10 00:00:00,NL,1996,12,10,8.4,,6.1,,10.7,,31.3,,31.3,,0,,0,,15,E,57,E,0,,9.6,,,M,,M
-52.742777777777775,47.62222222222222,ST JOHN'S A,8403506,8403506.1996.12.11,1996-12-11 00:00:00,NL,1996,12,11,6,,3.9,,8,,26.1,,26.1,,0,,0,,16,,56,,0,,12,,,M,,M
-52.742777777777775,47.62222222222222,ST JOHN'S A,8403506,8403506.1996.12.12,1996-12-12 00:00:00,NL,1996,12,12,4.2,,2.7,,5.6,,1,,1,,0,,0,,0,,0,,0,,13.8,,,M,,M
-52.742777777777775,47.62222222222222,ST JOHN'S A,8403506,8403506.1996.12.13,1996-12-13 00:00:00,NL,1996,12,13,2.6,,1.1,,4,,2.6,,2.6,,0,,0,,4,E,48,E,0,,15.4,,,M,,M
-52.742777777777775,47.62222222222222,ST JOHN'S A,8403506,8403506.1996.12.14,1996-12-14 00:00:00,NL,1996,12,14,0.4,,-0.8,,1.5,,0,T,0,,0,T,0,,4,E,35,E,0,,17.6,,,M,,M
-52.742777777777775,47.62222222222222,ST JOHN'S A,8403506,8403506.1996.12.15,1996-12-15 00:00:00,NL,1996,12,15,-1.5,,-2.7,,-0.3,,2.5,,0,,2.5,,0,T,2,E,46,E,0,,19.5,,,M,,M
-52.742777777777775,47.62222222222222,ST JOHN'S A,8403506,8403506.1996.12.16,1996-12-16 00:00:00,NL,1996,12,16,-2.6,,-4.1,,-1.1,,0.6,,0,,0.6,,1,,0,,0,,0,,20.6,,,M,,M
-52.742777777777775,47.62222222222222,ST JOHN'S A,8403506,8403506.1996.12.17,1996-12-17 00:00:00,NL,1996,12,17,-0.7,,-2.9,,1.6,,0,T,0,,0,T,0,T,27,,37,,0,,18.7,,,M,,M
-52.742777777777775,47.62222222222222,ST JOHN'S A,8403506,8403506.1996.12.18,1996-12-18 00:00:00,NL,1996,12,18,3.4,,-0.2,,7,,4.9,,4.9,,0,,0,,29,E,54,E,0,,14.6,,,M,,M
-52.742777777777775,47.62222222222222,ST JOHN'S A,8403506,8403506.1996.12.19,1996-12-19 00:00:00,NL,1996,12,19,5.5,,0.6,,10.4,,4.5,,4.5,,0,,0,,0,,0,,0,,12.5,,,M,,M
-52.742777777777775,47.62222222222222,ST JOHN'S A,8403506,8403506.1996.12.20,1996-12-20 00:00:00,NL,1996,12,20,7.7,,1.7,,13.7,,12.9,,12.9,,0,,0,,25,E,74,E,0,,10.3,,,M,,M
-52.742777777777775,47.62222222222222,ST JOHN'S A,8403506,8403506.1996.12.21,1996-12-21 00:00:00,NL,1996,12,21,-1,,-3.8,,1.8,,1,,0,,1,,0,T,25,,72,,0,,19,,,M,,M
-52.742777777777775,47.62222222222222,ST JOHN'S A,8403506,8403506.1996.12.22,1996-12-22 00:00:00,NL,1996,12,22,-1.8,,-4.3,,0.7,,0,T,0,,0,T,0,,29,,50,,0,,19.8,,,M,,M
-52.742777777777775,47.62222222222222,ST JOHN'S A,8403506,8403506.1996.12.23,1996-12-23 00:00:00,NL,1996,12,23,-0.7,,-3.6,,2.3,,0,T,0,,0,T,0,T,0,,0,,0,,18.7,,,M,,M
-52.742777777777775,47.62222222222222,ST JOHN'S A,8403506,8403506.1996.12.24,1996-12-24 00:00:00,NL,1996,12,24,-1.5,,-3.7,,0.8,,0,T,0,T,0,T,0,,18,E,46,E,0,,19.5,,,M,,M
-52.742777777777775,47.62222222222222,ST JOHN'S A,8403506,8403506.1996.12.25,1996-12-25 00:00:00,NL,1996,12,25,5.8,,0,,11.6,,10,,10,,0,,0,,19,E,85,E,0,,12.2,,,M,,M
-52.742777777777775,47.62222222222222,ST JOHN'S A,8403506,8403506.1996.12.26,1996-12-26 00:00:00,NL,1996,12,26,-4.3,,-8.5,,0,,0,T,0,,0,T,0,,28,E,67,E,0,,22.3,,,M,,M
-52.742777777777775,47.62222222222222,ST JOHN'S A,8403506,8403506.1996.12.27,1996-12-27 00:00:00,NL,1996,12,27,-4.6,,-5.6,,-3.5,,10.7,,0,,11,,0,,6,E,52,E,0,,22.6,,,M,,M
-52.742777777777775,47.62222222222222,ST JOHN'S A,8403506,8403506.1996.12.28,1996-12-28 00:00:00,NL,1996,12,28,-7,,-10.4,,-3.5,,5.8,,0,,5.8,,13,,5,E,44,E,0,,25,,,M,,M
-52.742777777777775,47.62222222222222,ST JOHN'S A,8403506,8403506.1996.12.29,1996-12-29 00:00:00,NL,1996,12,29,-3.5,,-8.4,,1.5,,2.2,,0,T,2.5,,15,,0,,0,,0,,21.5,,,M,,M
-52.742777777777775,47.62222222222222,ST JOHN'S A,8403506,8403506.1996.12.30,1996-12-30 00:00:00,NL,1996,12,30,0.2,,-7.3,,7.6,,7.8,,7.2,,0.6,,0,T,27,,93,,0,,17.8,,,M,,M
-52.742777777777775,47.62222222222222,ST JOHN'S A,8403506,8403506.1996.12.31,1996-12-31 00:00:00,NL,1996,12,31,-7.4,,-8.3,,-6.5,,2.9,,0,,2.9,,0,T,27,E,93,E,0,,25.4,,,M,,M
-52.742777777777775,47.62222222222222,ST JOHN'S A,8403506,8403506.1997.1.1,1997-01-01 00:00:00,NL,1997,1,1,-7.8,,-9.9,,-5.6,,1.7,,0,,1.8,,0,T,25,,61,,0,,25.8,,,M,,M
-52.742777777777775,47.62222222222222,ST JOHN'S A,8403506,8403506.1997.1.2,1997-01-02 00:00:00,NL,1997,1,2,-5.7,,-8.8,,-2.5,,1,,0,,1,,10,,29,,52,,0,,23.7,,,M,,M
-52.742777777777775,47.62222222222222,ST JOHN'S A,8403506,8403506.1997.1.3,1997-01-03 00:00:00,NL,1997,1,3,-3,,-4.5,,-1.4,,5,,0,,5,,6,,0,,0,,0,,21,,,M,,M
-52.742777777777775,47.62222222222222,ST JOHN'S A,8403506,8403506.1997.1.4,1997-01-04 00:00:00,NL,1997,1,4,-5.7,,-7.7,,-3.7,,0,,0,,0,,5,,33,E,46,E,0,,23.7,,,M,,M
-52.742777777777775,47.62222222222222,ST JOHN'S A,8403506,8403506.1997.1.5,1997-01-05 00:00:00,NL,1997,1,5,-7,,-9.4,,-4.6,,0,,0,,0,,3,,28,E,46,E,0,,25,,,M,,M
-52.742777777777775,47.62222222222222,ST JOHN'S A,8403506,8403506.1997.1.6,1997-01-06 00:00:00,NL,1997,1,6,-4.7,,-9.1,,-0.3,,4.4,,2.3,,2.1,,3,,0,,0,,0,,22.7,,,M,,M
-52.742777777777775,47.62222222222222,ST JOHN'S A,8403506,8403506.1997.1.7,1997-01-07 00:00:00,NL,1997,1,7,-3.7,,-5.8,,-1.5,,0.3,,0,,0.3,,4,,28,,50,,0,,21.7,,,M,,M
-52.742777777777775,47.62222222222222,ST JOHN'S A,8403506,8403506.1997.1.8,1997-01-08 00:00:00,NL,1997,1,8,-3.3,,-5.4,,-1.1,,3.9,,0,,4.2,,3,,26,E,46,E,0,,21.3,,,M,,M
-52.742777777777775,47.62222222222222,ST JOHN'S A,8403506,8403506.1997.1.9,1997-01-09 00:00:00,NL,1997,1,9,-1.1,,-2,,-0.2,,12.6,,0,,12.8,,11,,2,,50,,0,,19.1,,,M,,M
-52.742777777777775,47.62222222222222,ST JOHN'S A,8403506,8403506.1997.1.10,1997-01-10 00:00:00,NL,1997,1,10,-0.3,,-1.2,,0.6,,2.4,,0,T,2.4,,18,,0,,0,,0,,18.3,,,M,,M
-52.742777777777775,47.62222222222222,ST JOHN'S A,8403506,8403506.1997.1.11,1997-01-11 00:00:00,NL,1997,1,11,0.1,,-1.5,,1.6,,3.2,,0.6,,2.6,,11,,25,,56,,0,,17.9,,,M,,M
-52.742777777777775,47.62222222222222,ST JOHN'S A,8403506,8403506.1997.1.12,1997-01-12 00:00:00,NL,1997,1,12,-2,,-4.4,,0.4,,12.5,,0,,12.5,,18,,28,,59,,0,,20,,,M,,M
-52.742777777777775,47.62222222222222,ST JOHN'S A,8403506,8403506.1997.1.13,1997-01-13 00:00:00,NL,1997,1,13,-3.7,,-4.9,,-2.5,,0.4,,0,,0.4,,22,,27,,43,,0,,21.7,,,M,,M
-52.742777777777775,47.62222222222222,ST JOHN'S A,8403506,8403506.1997.1.14,1997-01-14 00:00:00,NL,1997,1,14,-3.1,,-5.5,,-0.6,,1.8,,0,,1.8,,21,,0,,0,,0,,21.1,,,M,,M
-52.742777777777775,47.62222222222222,ST JOHN'S A,8403506,8403506.1997.1.15,1997-01-15 00:00:00,NL,1997,1,15,-6.3,,-10.6,,-1.9,,1.2,,0,,1.2,,21,,29,E,56,E,0,,24.3,,,M,,M
-52.742777777777775,47.62222222222222,ST JOHN'S A,8403506,8403506.1997.1.16,1997-01-16 00:00:00,NL,1997,1,16,-5.6,,-11.4,,0.2,,0,,0,,0,,20,,17,,37,,0,,23.6,,,M,,M
-52.742777777777775,47.62222222222222,ST JOHN'S A,8403506,8403506.1997.1.17,1997-01-17 00:00:00,NL,1997,1,17,1.5,,-2,,4.9,,10.8,,10.8,,0,T,15,,18,E,74,E,0,,16.5,,,M,,M
-52.742777777777775,47.62222222222222,ST JOHN'S A,8403506,8403506.1997.1.18,1997-01-18 00:00:00,NL,1997,1,18,-5.6,,-9.1,,-2,,0,T,0,,0,T,8,,18,,52,,0,,23.6,,,M,,M
-52.742777777777775,47.62222222222222,ST JOHN'S A,8403506,8403506.1997.1.19,1997-01-19 00:00:00,NL,1997,1,19,0.5,,-5,,5.9,,18.6,,11.5,,7.5,,11,,22,,119,,0,,17.5,,,M,,M
-52.742777777777775,47.62222222222222,ST JOHN'S A,8403506,8403506.1997.1.20,1997-01-20 00:00:00,NL,1997,1,20,-4.7,,-8,,-1.4,,0.3,,0,,0.3,,8,,27,,56,,0,,22.7,,,M,,M
-52.742777777777775,47.62222222222222,ST JOHN'S A,8403506,8403506.1997.1.21,1997-01-21 00:00:00,NL,1997,1,21,-4.1,,-10,,1.9,,24.6,,5,,19.6,,8,,35,,82,,0,,22.1,,,M,,M
-52.742777777777775,47.62222222222222,ST JOHN'S A,8403506,8403506.1997.1.22,1997-01-22 00:00:00,NL,1997,1,22,-8.1,,-14.3,,-1.8,,1.6,,0,,1.6,,21,,33,,59,,0,,26.1,,,M,,M
-52.742777777777775,47.62222222222222,ST JOHN'S A,8403506,8403506.1997.1.23,1997-01-23 00:00:00,NL,1997,1,23,0.6,,-4.8,,5.9,,5.6,,4.8,,0.8,,17,,26,E,89,E,0,,17.4,,,M,,M
-52.742777777777775,47.62222222222222,ST JOHN'S A,8403506,8403506.1997.1.24,1997-01-24 00:00:00,NL,1997,1,24,-10.4,,-15.9,,-4.8,,1,,0,,1,,5,,32,E,54,E,0,,28.4,,,M,,M
-52.742777777777775,47.62222222222222,ST JOHN'S A,8403506,8403506.1997.1.25,1997-01-25 00:00:00,NL,1997,1,25,-8.6,,-16.3,,-0.8,,0,,0,,0,,2,,17,,74,,0,,26.6,,,M,,M
-52.742777777777775,47.62222222222222,ST JOHN'S A,8403506,8403506.1997.1.26,1997-01-26 00:00:00,NL,1997,1,26,1.5,,-2.1,,5,,22.4,,22.4,,0,T,1,,20,,95,,0,,16.5,,,M,,M
-52.742777777777775,47.62222222222222,ST JOHN'S A,8403506,8403506.1997.1.27,1997-01-27 00:00:00,NL,1997,1,27,-7.6,,-13,,-2.1,,0.4,,0,,0.4,,1,,27,E,69,E,0,,25.6,,,M,,M
-52.742777777777775,47.62222222222222,ST JOHN'S A,8403506,8403506.1997.1.28,1997-01-28 00:00:00,NL,1997,1,28,-8.1,,-12.7,,-3.4,,0,,0,,0,,0,T,18,,65,,0,,26.1,,,M,,M
-52.742777777777775,47.62222222222222,ST JOHN'S A,8403506,8403506.1997.1.29,1997-01-29 00:00:00,NL,1997,1,29,-4.3,,-9.7,,1.1,,10.4,,6.2,,4.2,,1,,17,E,83,E,0,,22.3,,,M,,M
-52.742777777777775,47.62222222222222,ST JOHN'S A,8403506,8403506.1997.1.30,1997-01-30 00:00:00,NL,1997,1,30,-10.6,,-12.8,,-8.3,,1.5,,0,,2,,7,,28,,48,,0,,28.6,,,M,,M
-52.742777777777775,47.62222222222222,ST JOHN'S A,8403506,8403506.1997.1.31,1997-01-31 00:00:00,NL,1997,1,31,-8.8,,-14.6,,-2.9,,3.4,,0,,3.5,,9,,14,,56,,0,,26.8,,,M,,M
-52.742777777777775,47.62222222222222,ST JOHN'S A,8403506,8403506.1997.2.1,1997-02-01 00:00:00,NL,1997,2,1,-0.7,,-2.9,,1.6,,20.3,,2.9,,18,,,M,11,E,61,E,0,,18.7,,,M,,M
-52.742777777777775,47.62222222222222,ST JOHN'S A,8403506,8403506.1997.2.2,1997-02-02 00:00:00,NL,1997,2,2,-1.2,,-2.5,,0.2,,3.6,,0,T,4.2,,19,,0,,0,,0,,19.2,,,M,,M
-52.742777777777775,47.62222222222222,ST JOHN'S A,8403506,8403506.1997.2.3,1997-02-03 00:00:00,NL,1997,2,3,-1.8,,-3.6,,0.1,,1,,0,,1,,19,,0,,0,,0,,19.8,,,M,,M
-52.742777777777775,47.62222222222222,ST JOHN'S A,8403506,8403506.1997.2.4,1997-02-04 00:00:00,NL,1997,2,4,-8.8,,-14.5,,-3.1,,4.3,,0,,5.2,,18,,1,E,41,E,0,,26.8,,,M,,M
-52.742777777777775,47.62222222222222,ST JOHN'S A,8403506,8403506.1997.2.5,1997-02-05 00:00:00,NL,1997,2,5,-9,,-16.2,,-1.8,,1,,0,,1.3,,20,,16,E,52,E,0,,27,,,M,,M
-52.742777777777775,47.62222222222222,ST JOHN'S A,8403506,8403506.1997.2.6,1997-02-06 00:00:00,NL,1997,2,6,1.1,,-3.3,,5.4,,21.3,,20.3,,1,,14,,19,E,82,E,0,,16.9,,,M,,M
-52.742777777777775,47.62222222222222,ST JOHN'S A,8403506,8403506.1997.2.7,1997-02-07 00:00:00,NL,1997,2,7,-3.2,,-4.9,,-1.5,,0.4,,0,,0.4,,10,,26,E,35,E,0,,21.2,,,M,,M
-52.742777777777775,47.62222222222222,ST JOHN'S A,8403506,8403506.1997.2.8,1997-02-08 00:00:00,NL,1997,2,8,-7.9,,-10.8,,-4.9,,0,T,0,,0,T,10,,28,E,74,E,0,,25.9,,,M,,M
-52.742777777777775,47.62222222222222,ST JOHN'S A,8403506,8403506.1997.2.9,1997-02-09 00:00:00,NL,1997,2,9,-7.3,,-11.7,,-2.9,,0,,0,,0,,10,,28,E,48,E,0,,25.3,,,M,,M
-52.742777777777775,47.62222222222222,ST JOHN'S A,8403506,8403506.1997.2.10,1997-02-10 00:00:00,NL,1997,2,10,-6,,-8,,-4,,0,T,0,,0,T,10,,28,E,33,E,0,,24,,,M,,M
-52.742777777777775,47.62222222222222,ST JOHN'S A,8403506,8403506.1997.2.11,1997-02-11 00:00:00,NL,1997,2,11,-10.8,,-16.4,,-5.1,,0,T,0,,0,T,10,,29,E,56,E,0,,28.8,,,M,,M
-52.742777777777775,47.62222222222222,ST JOHN'S A,8403506,8403506.1997.2.12,1997-02-12 00:00:00,NL,1997,2,12,-6.9,,-9.5,,-4.3,,1.5,,0,,1.3,,10,,0,,0,,0,,24.9,,,M,,M
-52.742777777777775,47.62222222222222,ST JOHN'S A,8403506,8403506.1997.2.13,1997-02-13 00:00:00,NL,1997,2,13,-5,,-7.3,,-2.7,,5.4,,0,,5.4,,16,,33,E,56,E,0,,23,,,M,,M
-52.742777777777775,47.62222222222222,ST JOHN'S A,8403506,8403506.1997.2.14,1997-02-14 00:00:00,NL,1997,2,14,-7.6,,-10.5,,-4.6,,0.2,,0,,0.4,,16,,33,E,56,E,0,,25.6,,,M,,M
-52.742777777777775,47.62222222222222,ST JOHN'S A,8403506,8403506.1997.2.15,1997-02-15 00:00:00,NL,1997,2,15,1,,-4.6,,6.6,,3.1,,2.6,,0.5,,12,,18,E,83,E,0,,17,,,M,,M
-52.742777777777775,47.62222222222222,ST JOHN'S A,8403506,8403506.1997.2.16,1997-02-16 00:00:00,NL,1997,2,16,-7.2,,-14.4,,0.1,,0,T,0,,0.3,,4,,28,E,76,E,0,,25.2,,,M,,M
-52.742777777777775,47.62222222222222,ST JOHN'S A,8403506,8403506.1997.2.17,1997-02-17 00:00:00,NL,1997,2,17,-12,,-14.9,,-9.1,,0,,0,,0,,4,,30,E,57,E,0,,30,,,M,,M
-52.742777777777775,47.62222222222222,ST JOHN'S A,8403506,8403506.1997.2.18,1997-02-18 00:00:00,NL,1997,2,18,-8.2,,-14.5,,-1.8,,3.5,,0,,3.5,,4,,25,E,74,E,0,,26.2,,,M,,M
-52.742777777777775,47.62222222222222,ST JOHN'S A,8403506,8403506.1997.2.19,1997-02-19 00:00:00,NL,1997,2,19,-4.4,,-6.3,,-2.4,,6.8,,0,,6.8,,11,,0,,0,,0,,22.4,,,M,,M
-52.742777777777775,47.62222222222222,ST JOHN'S A,8403506,8403506.1997.2.20,1997-02-20 00:00:00,NL,1997,2,20,-11.1,,-15.9,,-6.2,,14.7,,0,,14.7,,14,,28,E,72,E,0,,29.1,,,M,,M
-52.742777777777775,47.62222222222222,ST JOHN'S A,8403506,8403506.1997.2.21,1997-02-21 00:00:00,NL,1997,2,21,-8.8,,-17.5,,0,,1.3,,0,,1.3,,23,,25,E,67,E,0,,26.8,,,M,,M
-52.742777777777775,47.62222222222222,ST JOHN'S A,8403506,8403506.1997.2.22,1997-02-22 00:00:00,NL,1997,2,22,-5,,-9.7,,-0.2,,8.8,,1,,7.8,,28,,13,E,33,E,0,,23,,,M,,M
-52.742777777777775,47.62222222222222,ST JOHN'S A,8403506,8403506.1997.2.23,1997-02-23 00:00:00,NL,1997,2,23,-3.5,,-9.1,,2.2,,0.7,,0.7,,0,T,30,,28,E,80,E,0,,21.5,,,M,,M
-52.742777777777775,47.62222222222222,ST JOHN'S A,8403506,8403506.1997.2.24,1997-02-24 00:00:00,NL,1997,2,24,-9.8,,-12,,-7.6,,0,T,0,,0,T,28,,29,E,63,E,0,,27.8,,,M,,M
-52.742777777777775,47.62222222222222,ST JOHN'S A,8403506,8403506.1997.2.25,1997-02-25 00:00:00,NL,1997,2,25,-12.3,,-14.8,,-9.7,,3.9,,0,,5,,29,,28,,35,,0,,30.3,,,M,,M
-52.742777777777775,47.62222222222222,ST JOHN'S A,8403506,8403506.1997.2.26,1997-02-26 00:00:00,NL,1997,2,26,-12.1,,-16.2,,-7.9,,0,T,0,,0,T,29,,30,E,65,E,0,,30.1,,,M,,M
-52.742777777777775,47.62222222222222,ST JOHN'S A,8403506,8403506.1997.2.27,1997-02-27 00:00:00,NL,1997,2,27,-5,,-8.2,,-1.7,,1,,0,T,1,,28,,27,E,33,E,0,,23,,,M,,M
-52.742777777777775,47.62222222222222,ST JOHN'S A,8403506,8403506.1997.2.28,1997-02-28 00:00:00,NL,1997,2,28,-7.8,,-13.8,,-1.8,,0,T,0,,0,T,26,,1,E,33,E,0,,25.8,,,M,,M
-52.742777777777775,47.62222222222222,ST JOHN'S A,8403506,8403506.1997.3.1,1997-03-01 00:00:00,NL,1997,3,1,-8.9,,-15.7,,-2,,0,,0,,0,,25,,25,,32,,0,,26.9,,,M,,M
-52.742777777777775,47.62222222222222,ST JOHN'S A,8403506,8403506.1997.3.2,1997-03-02 00:00:00,NL,1997,3,2,-2.3,,-11.3,,6.7,,18.6,,18.6,,0,T,23,,19,E,93,E,0,,20.3,,,M,,M
-52.742777777777775,47.62222222222222,ST JOHN'S A,8403506,8403506.1997.3.3,1997-03-03 00:00:00,NL,1997,3,3,-4.6,,-11.3,,2.2,,3.3,,0,,3.3,,7,,33,E,50,E,0,,22.6,,,M,,M
-52.742777777777775,47.62222222222222,ST JOHN'S A,8403506,8403506.1997.3.4,1997-03-04 00:00:00,NL,1997,3,4,-12.3,,-15.1,,-9.4,,0,T,0,,0,T,7,,0,,0,,0,,30.3,,,M,,M
-52.742777777777775,47.62222222222222,ST JOHN'S A,8403506,8403506.1997.3.5,1997-03-05 00:00:00,NL,1997,3,5,-9.4,,-10.8,,-7.9,,0,T,0,,0,T,7,,28,,37,,0,,27.4,,,M,,M
-52.742777777777775,47.62222222222222,ST JOHN'S A,8403506,8403506.1997.3.6,1997-03-06 00:00:00,NL,1997,3,6,-3,,-9.6,,3.6,,19.9,,2.4,,17.2,,7,,14,E,102,E,0,,21,,,M,,M
-52.742777777777775,47.62222222222222,ST JOHN'S A,8403506,8403506.1997.3.7,1997-03-07 00:00:00,NL,1997,3,7,-5.7,,-11.1,,-0.3,,1.4,,0,,1.4,,13,,22,,83,,0,,23.7,,,M,,M
-52.742777777777775,47.62222222222222,ST JOHN'S A,8403506,8403506.1997.3.8,1997-03-08 00:00:00,NL,1997,3,8,-12.1,,-15.1,,-9,,1.8,,0,,1.8,,13,,28,E,46,E,0,,30.1,,,M,,M
-52.742777777777775,47.62222222222222,ST JOHN'S A,8403506,8403506.1997.3.9,1997-03-09 00:00:00,NL,1997,3,9,-15.8,,-18.5,,-13,,1.6,,0,,2,,13,,32,,41,,0,,33.8,,,M,,M
-52.742777777777775,47.62222222222222,ST JOHN'S A,8403506,8403506.1997.3.10,1997-03-10 00:00:00,NL,1997,3,10,-12.4,,-14.8,,-10,,2,,0,,2,,14,,35,E,44,E,0,,30.4,,,M,,M
-52.742777777777775,47.62222222222222,ST JOHN'S A,8403506,8403506.1997.3.11,1997-03-11 00:00:00,NL,1997,3,11,-9.3,,-14.9,,-3.7,,0.4,,0,,0.5,,14,,35,E,46,E,0,,27.3,,,M,,M
-52.742777777777775,47.62222222222222,ST JOHN'S A,8403506,8403506.1997.3.12,1997-03-12 00:00:00,NL,1997,3,12,-5,,-7.6,,-2.4,,0,,0,,0,,13,,30,E,54,E,0,,23,,,M,,M
-52.742777777777775,47.62222222222222,ST JOHN'S A,8403506,8403506.1997.3.13,1997-03-13 00:00:00,NL,1997,3,13,-5.7,,-9,,-2.3,,0.3,,0,,0.3,,13,,26,E,80,E,0,,23.7,,,M,,M
-52.742777777777775,47.62222222222222,ST JOHN'S A,8403506,8403506.1997.3.14,1997-03-14 00:00:00,NL,1997,3,14,-7.3,,-11.9,,-2.6,,0.6,,0,,0.6,,13,,0,,0,,0,,25.3,,,M,,M
-52.742777777777775,47.62222222222222,ST JOHN'S A,8403506,8403506.1997.3.15,1997-03-15 00:00:00,NL,1997,3,15,-3.4,,-9,,2.3,,0.3,,0,T,0.3,,13,,17,E,52,E,0,,21.4,,,M,,M
-52.742777777777775,47.62222222222222,ST JOHN'S A,8403506,8403506.1997.3.16,1997-03-16 00:00:00,NL,1997,3,16,-2.6,,-8.3,,3.2,,2.5,,0.6,,1.9,,11,,16,E,52,E,0,,20.6,,,M,,M
-52.742777777777775,47.62222222222222,ST JOHN'S A,8403506,8403506.1997.3.17,1997-03-17 00:00:00,NL,1997,3,17,-8.9,,-11.8,,-6,,1.1,,0,,1.6,,13,,29,E,56,E,0,,26.9,,,M,,M
-52.742777777777775,47.62222222222222,ST JOHN'S A,8403506,8403506.1997.3.18,1997-03-18 00:00:00,NL,1997,3,18,-6.9,,-11.7,,-2.1,,4.8,,0,,4.8,,14,,19,E,37,E,0,,24.9,,,M,,M
-52.742777777777775,47.62222222222222,ST JOHN'S A,8403506,8403506.1997.3.19,1997-03-19 00:00:00,NL,1997,3,19,-6.1,,-9.1,,-3,,0.3,,0,,0.3,,16,,29,E,67,E,0,,24.1,,,M,,M
-52.742777777777775,47.62222222222222,ST JOHN'S A,8403506,8403506.1997.3.20,1997-03-20 00:00:00,NL,1997,3,20,-6.9,,-9.8,,-4,,0,,0,,0,,16,,28,E,57,E,0,,24.9,,,M,,M
-52.742777777777775,47.62222222222222,ST JOHN'S A,8403506,8403506.1997.3.21,1997-03-21 00:00:00,NL,1997,3,21,-3.6,,-5.8,,-1.4,,12,,0,,12,,16,,34,E,69,E,0,,21.6,,,M,,M
-52.742777777777775,47.62222222222222,ST JOHN'S A,8403506,8403506.1997.3.22,1997-03-22 00:00:00,NL,1997,3,22,-3.3,,-5.7,,-0.9,,12,,0,,12.4,,29,,27,E,69,E,0,,21.3,,,M,,M
-52.742777777777775,47.62222222222222,ST JOHN'S A,8403506,8403506.1997.3.23,1997-03-23 00:00:00,NL,1997,3,23,-4.1,,-5.9,,-2.2,,5.2,,1.8,,3.4,,33,,26,E,46,E,0,,22.1,,,M,,M
-52.742777777777775,47.62222222222222,ST JOHN'S A,8403506,8403506.1997.3.24,1997-03-24 00:00:00,NL,1997,3,24,-5.5,,-8.3,,-2.7,,0.5,,0,,0.8,,32,,26,E,57,E,0,,23.5,,,M,,M
-52.742777777777775,47.62222222222222,ST JOHN'S A,8403506,8403506.1997.3.25,1997-03-25 00:00:00,NL,1997,3,25,-4.4,,-8,,-0.7,,0,T,0,,0,T,31,,27,E,50,E,0,,22.4,,,M,,M
-52.742777777777775,47.62222222222222,ST JOHN'S A,8403506,8403506.1997.3.26,1997-03-26 00:00:00,NL,1997,3,26,-2.8,,-8.5,,3,,18.7,,10.6,,5,,31,,19,E,93,E,0,,20.8,,,M,,M
-52.742777777777775,47.62222222222222,ST JOHN'S A,8403506,8403506.1997.3.27,1997-03-27 00:00:00,NL,1997,3,27,1.7,,-2,,5.3,,12.5,,12.5,,0,,16,,19,E,83,E,0,,16.3,,,M,,M
-52.742777777777775,47.62222222222222,ST JOHN'S A,8403506,8403506.1997.3.28,1997-03-28 00:00:00,NL,1997,3,28,-3.4,,-7.8,,1,,0,T,0,,0,T,12,,0,,0,,0,,21.4,,,M,,M
-52.742777777777775,47.62222222222222,ST JOHN'S A,8403506,8403506.1997.3.29,1997-03-29 00:00:00,NL,1997,3,29,-3.8,,-9.6,,2.1,,0,,0,,0,,12,,24,E,37,E,0,,21.8,,,M,,M
-52.742777777777775,47.62222222222222,ST JOHN'S A,8403506,8403506.1997.3.30,1997-03-30 00:00:00,NL,1997,3,30,3.1,,-0.4,,6.5,,0.7,,0.7,,0,,11,,19,E,65,E,0,,14.9,,,M,,M
-52.742777777777775,47.62222222222222,ST JOHN'S A,8403506,8403506.1997.3.31,1997-03-31 00:00:00,NL,1997,3,31,1.6,,-1.7,,4.8,,6,,6,,0,,8,,18,E,65,E,0,,16.4,,,M,,M
-52.742777777777775,47.62222222222222,ST JOHN'S A,8403506,8403506.1997.4.1,1997-04-01 00:00:00,NL,1997,4,1,-1,,-1.7,,-0.3,,5.5,,5.5,,0,,8,,3,E,57,E,0,,19,,,M,,M
-52.742777777777775,47.62222222222222,ST JOHN'S A,8403506,8403506.1997.4.2,1997-04-02 00:00:00,NL,1997,4,2,2,,-0.7,,4.6,,15.5,,15.5,,0,,4,,17,E,33,E,0,,16,,,M,,M
-52.742777777777775,47.62222222222222,ST JOHN'S A,8403506,8403506.1997.4.3,1997-04-03 00:00:00,NL,1997,4,3,3,,-0.5,,6.5,,0.9,,0.9,,0,,4,,0,,0,,0,,15,,,M,,M
-52.742777777777775,47.62222222222222,ST JOHN'S A,8403506,8403506.1997.4.4,1997-04-04 00:00:00,NL,1997,4,4,-0.1,,-0.9,,0.8,,2.8,,1.4,,1.4,,4,,36,E,41,E,0,,18.1,,,M,,M
-52.742777777777775,47.62222222222222,ST JOHN'S A,8403506,8403506.1997.4.5,1997-04-05 00:00:00,NL,1997,4,5,-1.3,,-3,,0.4,,0,T,0,T,0,T,4,,25,,67,,0,,19.3,,,M,,M
-52.742777777777775,47.62222222222222,ST JOHN'S A,8403506,8403506.1997.4.6,1997-04-06 00:00:00,NL,1997,4,6,-2.3,,-4.8,,0.2,,0,T,0,,0,T,4,,0,,0,,0,,20.3,,,M,,M
-52.742777777777775,47.62222222222222,ST JOHN'S A,8403506,8403506.1997.4.7,1997-04-07 00:00:00,NL,1997,4,7,-1.9,,-5,,1.2,,0,T,0,,0,T,3,,18,E,37,E,0,,19.9,,,M,,M
-52.742777777777775,47.62222222222222,ST JOHN'S A,8403506,8403506.1997.4.8,1997-04-08 00:00:00,NL,1997,4,8,2.5,,-0.6,,5.5,,0,T,0,,0,T,3,,19,E,56,E,0,,15.5,,,M,,M
-52.742777777777775,47.62222222222222,ST JOHN'S A,8403506,8403506.1997.4.9,1997-04-09 00:00:00,NL,1997,4,9,1.1,,-3.4,,5.5,,0,T,0,T,0,,1,,18,E,41,E,0,,16.9,,,M,,M
-52.742777777777775,47.62222222222222,ST JOHN'S A,8403506,8403506.1997.4.10,1997-04-10 00:00:00,NL,1997,4,10,0.3,,-3.4,,4,,0,,0,,0,,1,,0,,0,,0,,17.7,,,M,,M
-52.742777777777775,47.62222222222222,ST JOHN'S A,8403506,8403506.1997.4.11,1997-04-11 00:00:00,NL,1997,4,11,-2.1,,-3.1,,-1,,2.5,,0,,2.7,,1,,29,,63,,0,,20.1,,,M,,M
-52.742777777777775,47.62222222222222,ST JOHN'S A,8403506,8403506.1997.4.12,1997-04-12 00:00:00,NL,1997,4,12,-1.5,,-3,,0,,1.2,,0,T,1.2,,3,,26,E,76,E,0,,19.5,,,M,,M
-52.742777777777775,47.62222222222222,ST JOHN'S A,8403506,8403506.1997.4.13,1997-04-13 00:00:00,NL,1997,4,13,0.7,,-3.4,,4.8,,0,T,0,T,0,T,3,,16,,46,,0,,17.3,,,M,,M
-52.742777777777775,47.62222222222222,ST JOHN'S A,8403506,8403506.1997.4.14,1997-04-14 00:00:00,NL,1997,4,14,2.2,,-1.2,,5.6,,19.3,,19.3,,0,,0,,17,E,65,E,0,,15.8,,,M,,M
-52.742777777777775,47.62222222222222,ST JOHN'S A,8403506,8403506.1997.4.15,1997-04-15 00:00:00,NL,1997,4,15,-0.9,,-2.8,,1.1,,2.7,,0.8,,1.9,,0,,28,E,37,E,0,,18.9,,,M,,M
-52.742777777777775,47.62222222222222,ST JOHN'S A,8403506,8403506.1997.4.16,1997-04-16 00:00:00,NL,1997,4,16,-1.3,,-3.3,,0.7,,5.7,,0,,5.7,,0,,2,E,32,E,0,,19.3,,,M,,M
-52.742777777777775,47.62222222222222,ST JOHN'S A,8403506,8403506.1997.4.17,1997-04-17 00:00:00,NL,1997,4,17,-0.9,,-2.3,,0.5,,6.1,,0,T,6.6,,5,,0,,0,,0,,18.9,,,M,,M
-52.742777777777775,47.62222222222222,ST JOHN'S A,8403506,8403506.1997.4.18,1997-04-18 00:00:00,NL,1997,4,18,1,,-3.2,,5.2,,0.3,,0,,0.3,,8,,33,,46,,0,,17,,,M,,M
-52.742777777777775,47.62222222222222,ST JOHN'S A,8403506,8403506.1997.4.19,1997-04-19 00:00:00,NL,1997,4,19,-1.8,,-4,,0.4,,3.4,,0,T,3.4,,0,,7,E,41,E,0,,19.8,,,M,,M
-52.742777777777775,47.62222222222222,ST JOHN'S A,8403506,8403506.1997.4.20,1997-04-20 00:00:00,NL,1997,4,20,0,,-0.4,,0.4,,19.5,,17.1,,2.4,,2,,7,E,59,E,0,,18,,,M,,M
-52.742777777777775,47.62222222222222,ST JOHN'S A,8403506,8403506.1997.4.21,1997-04-21 00:00:00,NL,1997,4,21,0.5,,-0.3,,1.3,,3,,3,,0,,0,,33,E,37,E,0,,17.5,,,M,,M
-52.742777777777775,47.62222222222222,ST JOHN'S A,8403506,8403506.1997.4.22,1997-04-22 00:00:00,NL,1997,4,22,2.6,,0.1,,5.1,,6.2,,6.2,,0,,0,,28,E,52,E,0,,15.4,,,M,,M
-52.742777777777775,47.62222222222222,ST JOHN'S A,8403506,8403506.1997.4.23,1997-04-23 00:00:00,NL,1997,4,23,2.4,,-0.3,,5.1,,0,,0,,0,,0,,32,E,48,E,0,,15.6,,,M,,M
-52.742777777777775,47.62222222222222,ST JOHN'S A,8403506,8403506.1997.4.24,1997-04-24 00:00:00,NL,1997,4,24,3.2,,-0.7,,7,,0,T,0,T,0,,0,T,30,E,56,E,0,,14.8,,,M,,M
-52.742777777777775,47.62222222222222,ST JOHN'S A,8403506,8403506.1997.4.25,1997-04-25 00:00:00,NL,1997,4,25,-1.1,,-1.8,,-0.3,,4.1,,0.5,,3.6,,0,T,2,,56,,0,,19.1,,,M,,M
-52.742777777777775,47.62222222222222,ST JOHN'S A,8403506,8403506.1997.4.26,1997-04-26 00:00:00,NL,1997,4,26,-1.3,,-2,,-0.5,,0.6,,0.6,,0,T,2,,34,E,61,E,0,,19.3,,,M,,M
-52.742777777777775,47.62222222222222,ST JOHN'S A,8403506,8403506.1997.4.27,1997-04-27 00:00:00,NL,1997,4,27,0.1,,-2.1,,2.2,,2.7,,0,,2.7,,1,,0,,0,,0,,17.9,,,M,,M
-52.742777777777775,47.62222222222222,ST JOHN'S A,8403506,8403506.1997.4.28,1997-04-28 00:00:00,NL,1997,4,28,-1.6,,-5.6,,2.5,,0.7,,0,,0.7,,0,T,16,E,43,E,0,,19.6,,,M,,M
-52.742777777777775,47.62222222222222,ST JOHN'S A,8403506,8403506.1997.4.29,1997-04-29 00:00:00,NL,1997,4,29,-2.2,,-6.1,,1.7,,21.5,,0,,19.5,,0,T,8,,67,,0,,20.2,,,M,,M
-52.742777777777775,47.62222222222222,ST JOHN'S A,8403506,8403506.1997.4.30,1997-04-30 00:00:00,NL,1997,4,30,-0.3,,-2,,1.5,,10,,1.8,,8.2,,27,,6,,80,,0,,18.3,,,M,,M
-52.742777777777775,47.62222222222222,ST JOHN'S A,8403506,8403506.1997.5.1,1997-05-01 00:00:00,NL,1997,5,1,3.3,,-1.3,,7.9,,0,T,0,T,0,,25,,26,E,37,E,0,,14.7,,,M,,M
-52.742777777777775,47.62222222222222,ST JOHN'S A,8403506,8403506.1997.5.2,1997-05-02 00:00:00,NL,1997,5,2,7.8,,2.1,,13.5,,0,,0,,0,,8,,26,E,32,E,0,,10.2,,,M,,M
-52.742777777777775,47.62222222222222,ST JOHN'S A,8403506,8403506.1997.5.3,1997-05-03 00:00:00,NL,1997,5,3,4.6,,0.9,,8.2,,3,,3,,0,,0,T,19,E,37,E,0,,13.4,,,M,,M
-52.742777777777775,47.62222222222222,ST JOHN'S A,8403506,8403506.1997.5.4,1997-05-04 00:00:00,NL,1997,5,4,5.7,,0.8,,10.6,,0,T,0,T,0,,0,T,16,E,37,E,0,,12.3,,,M,,M
-52.742777777777775,47.62222222222222,ST JOHN'S A,8403506,8403506.1997.5.5,1997-05-05 00:00:00,NL,1997,5,5,3.9,,1.1,,6.6,,5.5,,5.5,,0,,0,T,17,E,56,E,0,,14.1,,,M,,M
-52.742777777777775,47.62222222222222,ST JOHN'S A,8403506,8403506.1997.5.6,1997-05-06 00:00:00,NL,1997,5,6,3.1,,0.3,,5.9,,8.1,,8.1,,0,,0,T,0,,0,,0,,14.9,,,M,,M
-52.742777777777775,47.62222222222222,ST JOHN'S A,8403506,8403506.1997.5.7,1997-05-07 00:00:00,NL,1997,5,7,3.3,,-0.2,,6.8,,1,,1,,0,,0,T,17,E,37,E,0,,14.7,,,M,,M
-52.742777777777775,47.62222222222222,ST JOHN'S A,8403506,8403506.1997.5.8,1997-05-08 00:00:00,NL,1997,5,8,6.5,,0,,12.9,,0,,0,,0,,0,T,0,,0,,0,,11.5,,,M,,M
-52.742777777777775,47.62222222222222,ST JOHN'S A,8403506,8403506.1997.5.9,1997-05-09 00:00:00,NL,1997,5,9,4.2,,0.4,,7.9,,8.6,,8.6,,0,,0,,25,E,32,E,0,,13.8,,,M,,M
-52.742777777777775,47.62222222222222,ST JOHN'S A,8403506,8403506.1997.5.10,1997-05-10 00:00:00,NL,1997,5,10,4.9,,0.4,,9.4,,22.3,,22.3,,0,,0,,14,E,74,E,0,,13.1,,,M,,M
-52.742777777777775,47.62222222222222,ST JOHN'S A,8403506,8403506.1997.5.11,1997-05-11 00:00:00,NL,1997,5,11,6.6,,1.9,,11.2,,0,,0,,0,,0,,0,,0,,0,,11.4,,,M,,M
-52.742777777777775,47.62222222222222,ST JOHN'S A,8403506,8403506.1997.5.12,1997-05-12 00:00:00,NL,1997,5,12,7.1,,2.1,,12,,0,T,0,T,0,,0,,0,,0,,0,,10.9,,,M,,M
-52.742777777777775,47.62222222222222,ST JOHN'S A,8403506,8403506.1997.5.13,1997-05-13 00:00:00,NL,1997,5,13,8.9,,2.2,,15.6,,0,T,0,T,0,,0,,25,E,85,E,0,,9.1,,,M,,M
-52.742777777777775,47.62222222222222,ST JOHN'S A,8403506,8403506.1997.5.14,1997-05-14 00:00:00,NL,1997,5,14,7.7,,3.2,,12.2,,7.7,,7.7,,0,,0,,25,E,74,E,0,,10.3,,,M,,M
-52.742777777777775,47.62222222222222,ST JOHN'S A,8403506,8403506.1997.5.15,1997-05-15 00:00:00,NL,1997,5,15,9.1,,4.6,,13.6,,0,,0,,0,,0,,25,E,87,E,0,,8.9,,,M,,M
-52.742777777777775,47.62222222222222,ST JOHN'S A,8403506,8403506.1997.5.16,1997-05-16 00:00:00,NL,1997,5,16,5.1,,-0.6,,10.8,,0,T,0,T,0,,0,,27,E,46,E,0,,12.9,,,M,,M
-52.742777777777775,47.62222222222222,ST JOHN'S A,8403506,8403506.1997.5.17,1997-05-17 00:00:00,NL,1997,5,17,7.2,,-0.1,,14.4,,9.4,,9.4,,0,,0,,15,E,59,E,0,,10.8,,,M,,M
-52.742777777777775,47.62222222222222,ST JOHN'S A,8403506,8403506.1997.5.18,1997-05-18 00:00:00,NL,1997,5,18,9.4,,1.9,,16.9,,9.5,,9.5,,0,,0,,25,E,41,E,0,,8.6,,,M,,M
-52.742777777777775,47.62222222222222,ST JOHN'S A,8403506,8403506.1997.5.19,1997-05-19 00:00:00,NL,1997,5,19,3.5,,1.5,,5.4,,11.6,,11.6,,0,,0,,16,E,46,E,0,,14.5,,,M,,M
-52.742777777777775,47.62222222222222,ST JOHN'S A,8403506,8403506.1997.5.20,1997-05-20 00:00:00,NL,1997,5,20,5.1,,1.6,,8.6,,0,T,0,T,0,,0,,34,,56,,0,,12.9,,,M,,M
-52.742777777777775,47.62222222222222,ST JOHN'S A,8403506,8403506.1997.5.21,1997-05-21 00:00:00,NL,1997,5,21,2.8,,1.5,,4,,0.4,,0.4,,0,,0,,12,E,46,E,0,,15.2,,,M,,M
-52.742777777777775,47.62222222222222,ST JOHN'S A,8403506,8403506.1997.5.22,1997-05-22 00:00:00,NL,1997,5,22,8.2,,1,,15.4,,0,T,0,T,0,,0,,24,E,50,E,0,,9.8,,,M,,M
-52.742777777777775,47.62222222222222,ST JOHN'S A,8403506,8403506.1997.5.23,1997-05-23 00:00:00,NL,1997,5,23,7.7,,1,,14.4,,0,,0,,0,,0,,0,,0,,0,,10.3,,,M,,M
-52.742777777777775,47.62222222222222,ST JOHN'S A,8403506,8403506.1997.5.24,1997-05-24 00:00:00,NL,1997,5,24,3.8,,1.8,,5.8,,14.7,,14.7,,0,,0,,0,,0,,0,,14.2,,,M,,M
-52.742777777777775,47.62222222222222,ST JOHN'S A,8403506,8403506.1997.5.25,1997-05-25 00:00:00,NL,1997,5,25,2.6,,0.2,,4.9,,13.8,,6.8,,7,,0,T,0,,0,,0,,15.4,,,M,,M
-52.742777777777775,47.62222222222222,ST JOHN'S A,8403506,8403506.1997.5.26,1997-05-26 00:00:00,NL,1997,5,26,5.6,,1.8,,9.3,,18.8,,18.8,,0,,0,,13,E,46,E,0,,12.4,,,M,,M
-52.742777777777775,47.62222222222222,ST JOHN'S A,8403506,8403506.1997.5.27,1997-05-27 00:00:00,NL,1997,5,27,4.2,,0.2,,8.1,,0,T,0,T,0,,0,,24,E,44,E,0,,13.8,,,M,,M
-52.742777777777775,47.62222222222222,ST JOHN'S A,8403506,8403506.1997.5.28,1997-05-28 00:00:00,NL,1997,5,28,5.8,,-0.6,,12.2,,0,T,0,T,0,,0,,0,,0,,0,,12.2,,,M,,M
-52.742777777777775,47.62222222222222,ST JOHN'S A,8403506,8403506.1997.5.29,1997-05-29 00:00:00,NL,1997,5,29,3.8,,-1,,8.6,,0,T,0,T,0,T,0,,35,E,56,E,0,,14.2,,,M,,M
-52.742777777777775,47.62222222222222,ST JOHN'S A,8403506,8403506.1997.5.30,1997-05-30 00:00:00,NL,1997,5,30,4.4,,-1.4,,10.1,,0,,0,,0,,0,,0,,0,,0,,13.6,,,M,,M
-52.742777777777775,47.62222222222222,ST JOHN'S A,8403506,8403506.1997.5.31,1997-05-31 00:00:00,NL,1997,5,31,11.2,,4,,18.3,,3.3,,3.3,,0,,0,,25,E,59,E,0,,6.8,,,M,,M
-52.742777777777775,47.62222222222222,ST JOHN'S A,8403506,8403506.1997.6.1,1997-06-01 00:00:00,NL,1997,6,1,9.1,,7.7,,10.5,,1.3,,1.3,,0,,0,,26,E,56,E,0,,8.9,,,M,,M
-52.742777777777775,47.62222222222222,ST JOHN'S A,8403506,8403506.1997.6.2,1997-06-02 00:00:00,NL,1997,6,2,7.5,,2.6,,12.4,,3.2,,3.2,,0,,0,,34,E,65,E,0,,10.5,,,M,,M
-52.742777777777775,47.62222222222222,ST JOHN'S A,8403506,8403506.1997.6.3,1997-06-03 00:00:00,NL,1997,6,3,3.2,,1.9,,4.4,,6.1,,6.1,,0,,0,,32,,74,,0,,14.8,,,M,,M
-52.742777777777775,47.62222222222222,ST JOHN'S A,8403506,8403506.1997.6.4,1997-06-04 00:00:00,NL,1997,6,4,3.3,,2.3,,4.2,,0.6,,0.6,,0,,0,,2,E,46,E,0,,14.7,,,M,,M
-52.742777777777775,47.62222222222222,ST JOHN'S A,8403506,8403506.1997.6.5,1997-06-05 00:00:00,NL,1997,6,5,4.6,,2.8,,6.3,,0,T,0,T,0,,0,,0,,0,,0,,13.4,,,M,,M
-52.742777777777775,47.62222222222222,ST JOHN'S A,8403506,8403506.1997.6.6,1997-06-06 00:00:00,NL,1997,6,6,2.4,,0.7,,4,,0,T,0,T,0,,0,,0,,0,,0,,15.6,,,M,,M
-52.742777777777775,47.62222222222222,ST JOHN'S A,8403506,8403506.1997.6.7,1997-06-07 00:00:00,NL,1997,6,7,2.8,,0.8,,4.8,,0,T,0,T,0,,0,,0,,0,,0,,15.2,,,M,,M
-52.742777777777775,47.62222222222222,ST JOHN'S A,8403506,8403506.1997.6.8,1997-06-08 00:00:00,NL,1997,6,8,5.5,,0,,10.9,,0,,0,,0,,0,,26,E,32,E,0,,12.5,,,M,,M
-52.742777777777775,47.62222222222222,ST JOHN'S A,8403506,8403506.1997.6.9,1997-06-09 00:00:00,NL,1997,6,9,12.1,,4.2,,19.9,,0,,0,,0,,0,,26,E,46,E,0,,5.9,,,M,,M
-52.742777777777775,47.62222222222222,ST JOHN'S A,8403506,8403506.1997.6.10,1997-06-10 00:00:00,NL,1997,6,10,11.6,,5.5,,17.7,,5,,5,,0,,0,,23,E,72,E,0,,6.4,,,M,,M
-52.742777777777775,47.62222222222222,ST JOHN'S A,8403506,8403506.1997.6.11,1997-06-11 00:00:00,NL,1997,6,11,10.8,,3.4,,18.2,,0,,0,,0,,0,,24,,46,,0,,7.2,,,M,,M
-52.742777777777775,47.62222222222222,ST JOHN'S A,8403506,8403506.1997.6.12,1997-06-12 00:00:00,NL,1997,6,12,9.9,,2.4,,17.3,,0,,0,,0,,0,,0,,0,,0,,8.1,,,M,,M
-52.742777777777775,47.62222222222222,ST JOHN'S A,8403506,8403506.1997.6.13,1997-06-13 00:00:00,NL,1997,6,13,9.3,,5.5,,13,,5.3,,5.3,,0,,0,,24,,46,,0,,8.7,,,M,,M
-52.742777777777775,47.62222222222222,ST JOHN'S A,8403506,8403506.1997.6.14,1997-06-14 00:00:00,NL,1997,6,14,16.4,,12.5,,20.3,,12.8,,12.8,,0,,0,,18,E,52,E,0,,1.6,,,M,,M
-52.742777777777775,47.62222222222222,ST JOHN'S A,8403506,8403506.1997.6.15,1997-06-15 00:00:00,NL,1997,6,15,12.6,,6.9,,18.2,,17.9,,17.9,,0,,0,,22,E,46,E,0,,5.4,,,M,,M
-52.742777777777775,47.62222222222222,ST JOHN'S A,8403506,8403506.1997.6.16,1997-06-16 00:00:00,NL,1997,6,16,13.3,,6.2,,20.4,,0,,0,,0,,0,,27,,46,,0,,4.7,,,M,,M
-52.742777777777775,47.62222222222222,ST JOHN'S A,8403506,8403506.1997.6.17,1997-06-17 00:00:00,NL,1997,6,17,14.3,,7.5,,21.1,,0,,0,,0,,0,,18,E,37,E,0,,3.7,,,M,,M
-52.742777777777775,47.62222222222222,ST JOHN'S A,8403506,8403506.1997.6.18,1997-06-18 00:00:00,NL,1997,6,18,20.2,,17.6,,22.7,,0,T,0,T,0,,0,,24,E,52,E,2.2,,0,,,M,,M
-52.742777777777775,47.62222222222222,ST JOHN'S A,8403506,8403506.1997.6.19,1997-06-19 00:00:00,NL,1997,6,19,20.1,,16.6,,23.6,,0,T,0,T,0,,0,,21,E,54,E,2.1,,0,,,M,,M
-52.742777777777775,47.62222222222222,ST JOHN'S A,8403506,8403506.1997.6.20,1997-06-20 00:00:00,NL,1997,6,20,13.2,,8.2,,18.1,,5.9,,5.9,,0,,0,,21,E,52,E,0,,4.8,,,M,,M
-52.742777777777775,47.62222222222222,ST JOHN'S A,8403506,8403506.1997.6.21,1997-06-21 00:00:00,NL,1997,6,21,12.5,,6.6,,18.3,,0,,0,,0,,0,,0,,0,,0,,5.5,,,M,,M
-52.742777777777775,47.62222222222222,ST JOHN'S A,8403506,8403506.1997.6.22,1997-06-22 00:00:00,NL,1997,6,22,13.4,,8.7,,18.1,,3,,3,,0,,0,,22,E,46,E,0,,4.6,,,M,,M
-52.742777777777775,47.62222222222222,ST JOHN'S A,8403506,8403506.1997.6.23,1997-06-23 00:00:00,NL,1997,6,23,11.1,,6.8,,15.4,,15.8,,15.8,,0,,0,,25,E,65,E,0,,6.9,,,M,,M
-52.742777777777775,47.62222222222222,ST JOHN'S A,8403506,8403506.1997.6.24,1997-06-24 00:00:00,NL,1997,6,24,7.6,,5,,10.1,,0,T,0,T,0,,0,,30,E,46,E,0,,10.4,,,M,,M
-52.742777777777775,47.62222222222222,ST JOHN'S A,8403506,8403506.1997.6.25,1997-06-25 00:00:00,NL,1997,6,25,10.7,,5.6,,15.8,,0,,0,,0,,0,,26,E,50,E,0,,7.3,,,M,,M
-52.742777777777775,47.62222222222222,ST JOHN'S A,8403506,8403506.1997.6.26,1997-06-26 00:00:00,NL,1997,6,26,10.6,,4.9,,16.3,,0,,0,,0,,0,,0,,0,,0,,7.4,,,M,,M
-52.742777777777775,47.62222222222222,ST JOHN'S A,8403506,8403506.1997.6.27,1997-06-27 00:00:00,NL,1997,6,27,9.5,,5.2,,13.7,,0.3,,0.3,,0,,0,,0,,0,,0,,8.5,,,M,,M
-52.742777777777775,47.62222222222222,ST JOHN'S A,8403506,8403506.1997.6.28,1997-06-28 00:00:00,NL,1997,6,28,9,,5.3,,12.7,,0,T,0,T,0,,0,,0,,0,,0,,9,,,M,,M
-52.742777777777775,47.62222222222222,ST JOHN'S A,8403506,8403506.1997.6.29,1997-06-29 00:00:00,NL,1997,6,29,10.1,,6.4,,13.8,,0,T,0,T,0,,0,,0,,0,,0,,7.9,,,M,,M
-52.742777777777775,47.62222222222222,ST JOHN'S A,8403506,8403506.1997.6.30,1997-06-30 00:00:00,NL,1997,6,30,9.8,,7.1,,12.4,,0.3,,0.3,,0,,0,,0,,0,,0,,8.2,,,M,,M
-52.742777777777775,47.62222222222222,ST JOHN'S A,8403506,8403506.1997.7.1,1997-07-01 00:00:00,NL,1997,7,1,11.6,,6.8,,16.3,,0,T,0,T,0,,0,,0,,0,,0,,6.4,,,M,,M
-52.742777777777775,47.62222222222222,ST JOHN'S A,8403506,8403506.1997.7.2,1997-07-02 00:00:00,NL,1997,7,2,12.2,,9.5,,14.9,,0.6,,0.6,,0,,0,,0,,0,,0,,5.8,,,M,,M
-52.742777777777775,47.62222222222222,ST JOHN'S A,8403506,8403506.1997.7.3,1997-07-03 00:00:00,NL,1997,7,3,13.7,,7.5,,19.9,,0,T,0,T,0,,0,,0,,0,,0,,4.3,,,M,,M
-52.742777777777775,47.62222222222222,ST JOHN'S A,8403506,8403506.1997.7.4,1997-07-04 00:00:00,NL,1997,7,4,11,,7,,15,,4.3,,4.3,,0,,0,,16,E,39,E,0,,7,,,M,,M
-52.742777777777775,47.62222222222222,ST JOHN'S A,8403506,8403506.1997.7.5,1997-07-05 00:00:00,NL,1997,7,5,15.9,,10.2,,21.5,,7.8,,7.8,,0,,0,,18,E,65,E,0,,2.1,,,M,,M
-52.742777777777775,47.62222222222222,ST JOHN'S A,8403506,8403506.1997.7.6,1997-07-06 00:00:00,NL,1997,7,6,17.3,,12.1,,22.5,,0,,0,,0,,0,,27,E,56,E,0,,0.7,,,M,,M
-52.742777777777775,47.62222222222222,ST JOHN'S A,8403506,8403506.1997.7.7,1997-07-07 00:00:00,NL,1997,7,7,18.4,,11,,25.7,,0,,0,,0,,0,,25,E,70,E,0.4,,0,,,M,,M
-52.742777777777775,47.62222222222222,ST JOHN'S A,8403506,8403506.1997.7.8,1997-07-08 00:00:00,NL,1997,7,8,15.3,,9.7,,20.9,,0,,0,,0,,0,,0,,0,,0,,2.7,,,M,,M
-52.742777777777775,47.62222222222222,ST JOHN'S A,8403506,8403506.1997.7.9,1997-07-09 00:00:00,NL,1997,7,9,19.1,,10.4,,27.7,,0,,0,,0,,0,,26,E,44,E,1.1,,0,,,M,,M
-52.742777777777775,47.62222222222222,ST JOHN'S A,8403506,8403506.1997.7.10,1997-07-10 00:00:00,NL,1997,7,10,19.8,,13.2,,26.3,,0.3,,0.3,,0,,0,,26,E,46,E,1.8,,0,,,M,,M
-52.742777777777775,47.62222222222222,ST JOHN'S A,8403506,8403506.1997.7.11,1997-07-11 00:00:00,NL,1997,7,11,17.6,,12.9,,22.3,,2.5,,2.5,,0,,0,,19,E,44,E,0,,0.4,,,M,,M
-52.742777777777775,47.62222222222222,ST JOHN'S A,8403506,8403506.1997.7.12,1997-07-12 00:00:00,NL,1997,7,12,18.4,,12.6,,24.1,,0,,0,,0,,0,,24,E,52,E,0.4,,0,,,M,,M
-52.742777777777775,47.62222222222222,ST JOHN'S A,8403506,8403506.1997.7.13,1997-07-13 00:00:00,NL,1997,7,13,13.7,,10,,17.4,,3.9,,3.9,,0,,0,,0,,0,,0,,4.3,,,M,,M
-52.742777777777775,47.62222222222222,ST JOHN'S A,8403506,8403506.1997.7.14,1997-07-14 00:00:00,NL,1997,7,14,16.5,,10.2,,22.7,,2.8,,2.8,,0,,0,,0,,0,,0,,1.5,,,M,,M
-52.742777777777775,47.62222222222222,ST JOHN'S A,8403506,8403506.1997.7.15,1997-07-15 00:00:00,NL,1997,7,15,9.8,,6.9,,12.6,,33.5,,33.5,,0,,0,,34,E,78,E,0,,8.2,,,M,,M
-52.742777777777775,47.62222222222222,ST JOHN'S A,8403506,8403506.1997.7.16,1997-07-16 00:00:00,NL,1997,7,16,11,,6.9,,15.1,,0,,0,,0,,0,,33,E,57,E,0,,7,,,M,,M
-52.742777777777775,47.62222222222222,ST JOHN'S A,8403506,8403506.1997.7.17,1997-07-17 00:00:00,NL,1997,7,17,14.2,,6.7,,21.7,,0,,0,,0,,0,,0,,0,,0,,3.8,,,M,,M
-52.742777777777775,47.62222222222222,ST JOHN'S A,8403506,8403506.1997.7.18,1997-07-18 00:00:00,NL,1997,7,18,19.2,,12.5,,25.8,,0,,0,,0,,0,,23,E,32,E,1.2,,0,,,M,,M
-52.742777777777775,47.62222222222222,ST JOHN'S A,8403506,8403506.1997.7.19,1997-07-19 00:00:00,NL,1997,7,19,20.1,,13,,27.2,,0,,0,,0,,0,,24,E,43,E,2.1,,0,,,M,,M
-52.742777777777775,47.62222222222222,ST JOHN'S A,8403506,8403506.1997.7.20,1997-07-20 00:00:00,NL,1997,7,20,17.9,,11.9,,23.9,,0,,0,,0,,0,,20,E,52,E,0,,0.1,,,M,,M
-52.742777777777775,47.62222222222222,ST JOHN'S A,8403506,8403506.1997.7.21,1997-07-21 00:00:00,NL,1997,7,21,15,,11.4,,18.6,,0,T,0,T,0,,0,,24,E,63,E,0,,3,,,M,,M
-52.742777777777775,47.62222222222222,ST JOHN'S A,8403506,8403506.1997.7.22,1997-07-22 00:00:00,NL,1997,7,22,16.7,,11,,22.3,,0,,0,,0,,0,,25,E,39,E,0,,1.3,,,M,,M
-52.742777777777775,47.62222222222222,ST JOHN'S A,8403506,8403506.1997.7.23,1997-07-23 00:00:00,NL,1997,7,23,14.1,,9.2,,19,,0,,0,,0,,0,,0,,0,,0,,3.9,,,M,,M
-52.742777777777775,47.62222222222222,ST JOHN'S A,8403506,8403506.1997.7.24,1997-07-24 00:00:00,NL,1997,7,24,11.9,,7.1,,16.7,,2.1,,2.1,,0,,0,,25,E,48,E,0,,6.1,,,M,,M
-52.742777777777775,47.62222222222222,ST JOHN'S A,8403506,8403506.1997.7.25,1997-07-25 00:00:00,NL,1997,7,25,16.3,,10.2,,22.4,,0,,0,,0,,0,,24,E,65,E,0,,1.7,,,M,,M
-52.742777777777775,47.62222222222222,ST JOHN'S A,8403506,8403506.1997.7.26,1997-07-26 00:00:00,NL,1997,7,26,16.2,,8.5,,23.8,,0,,0,,0,,0,,25,E,56,E,0,,1.8,,,M,,M
-52.742777777777775,47.62222222222222,ST JOHN'S A,8403506,8403506.1997.7.27,1997-07-27 00:00:00,NL,1997,7,27,9.6,,2.5,,16.6,,0,,0,T,0,,0,,36,E,33,E,0,,8.4,,,M,,M
-52.742777777777775,47.62222222222222,ST JOHN'S A,8403506,8403506.1997.7.28,1997-07-28 00:00:00,NL,1997,7,28,10.3,,5.3,,15.3,,0,,0,,0,,0,,17,E,50,E,0,,7.7,,,M,,M
-52.742777777777775,47.62222222222222,ST JOHN'S A,8403506,8403506.1997.7.29,1997-07-29 00:00:00,NL,1997,7,29,17.6,,12,,23.1,,2,,2,,0,,0,,22,E,57,E,0,,0.4,,,M,,M
-52.742777777777775,47.62222222222222,ST JOHN'S A,8403506,8403506.1997.7.30,1997-07-30 00:00:00,NL,1997,7,30,13.5,,8.2,,18.7,,0,T,0,T,0,,0,,25,E,52,E,0,,4.5,,,M,,M
-52.742777777777775,47.62222222222222,ST JOHN'S A,8403506,8403506.1997.7.31,1997-07-31 00:00:00,NL,1997,7,31,15.6,,8.1,,23,,0,,0,,0,,0,,24,E,56,E,0,,2.4,,,M,,M
-52.742777777777775,47.62222222222222,ST JOHN'S A,8403506,8403506.1997.8.1,1997-08-01 00:00:00,NL,1997,8,1,18.8,,12.6,,25,,0,,0,,0,,0,,25,E,56,E,0.8,,0,,,M,,M
-52.742777777777775,47.62222222222222,ST JOHN'S A,8403506,8403506.1997.8.2,1997-08-02 00:00:00,NL,1997,8,2,19.3,,15,,23.5,,0,,0,,0,,0,,24,E,54,E,1.3,,0,,,M,,M
-52.742777777777775,47.62222222222222,ST JOHN'S A,8403506,8403506.1997.8.3,1997-08-03 00:00:00,NL,1997,8,3,19.8,,15.4,,24.1,,0,T,0,T,0,,0,,23,E,57,E,1.8,,0,,,M,,M
-52.742777777777775,47.62222222222222,ST JOHN'S A,8403506,8403506.1997.8.4,1997-08-04 00:00:00,NL,1997,8,4,17.5,,11.8,,23.2,,1.5,,1.5,,0,,0,,25,E,37,E,0,,0.5,,,M,,M
-52.742777777777775,47.62222222222222,ST JOHN'S A,8403506,8403506.1997.8.5,1997-08-05 00:00:00,NL,1997,8,5,17.7,,11.7,,23.6,,12.8,,12.8,,0,,0,,21,E,32,E,0,,0.3,,,M,,M
-52.742777777777775,47.62222222222222,ST JOHN'S A,8403506,8403506.1997.8.6,1997-08-06 00:00:00,NL,1997,8,6,18.9,,12.8,,24.9,,7.9,,7.9,,0,,0,,0,,0,,0.9,,0,,,M,,M
-52.742777777777775,47.62222222222222,ST JOHN'S A,8403506,8403506.1997.8.7,1997-08-07 00:00:00,NL,1997,8,7,17.4,,12.3,,22.4,,1,,1,,0,,0,,25,E,43,E,0,,0.6,,,M,,M
-52.742777777777775,47.62222222222222,ST JOHN'S A,8403506,8403506.1997.8.8,1997-08-08 00:00:00,NL,1997,8,8,15.4,,7.4,,23.3,,0,,0,,0,,0,,24,E,48,E,0,,2.6,,,M,,M
-52.742777777777775,47.62222222222222,ST JOHN'S A,8403506,8403506.1997.8.9,1997-08-09 00:00:00,NL,1997,8,9,15.4,,6.9,,23.9,,0.6,,0.6,,0,,0,,0,,0,,0,,2.6,,,M,,M
-52.742777777777775,47.62222222222222,ST JOHN'S A,8403506,8403506.1997.8.10,1997-08-10 00:00:00,NL,1997,8,10,20.4,,15,,25.7,,4.5,,4.5,,0,,0,,0,,0,,2.4,,0,,,M,,M
-52.742777777777775,47.62222222222222,ST JOHN'S A,8403506,8403506.1997.8.11,1997-08-11 00:00:00,NL,1997,8,11,19,,15.1,,22.9,,0,T,0,T,0,,0,,26,E,33,E,1,,0,,,M,,M
-52.742777777777775,47.62222222222222,ST JOHN'S A,8403506,8403506.1997.8.12,1997-08-12 00:00:00,NL,1997,8,12,21.9,,15.7,,28,,0.3,,0.3,,0,,0,,26,E,48,E,3.9,,0,,,M,,M
-52.742777777777775,47.62222222222222,ST JOHN'S A,8403506,8403506.1997.8.13,1997-08-13 00:00:00,NL,1997,8,13,13.7,,10,,17.3,,1,,1,,0,,0,,0,,0,,0,,4.3,,,M,,M
-52.742777777777775,47.62222222222222,ST JOHN'S A,8403506,8403506.1997.8.14,1997-08-14 00:00:00,NL,1997,8,14,12.5,,10.1,,14.9,,0,T,0,T,0,,0,,0,,0,,0,,5.5,,,M,,M
-52.742777777777775,47.62222222222222,ST JOHN'S A,8403506,8403506.1997.8.15,1997-08-15 00:00:00,NL,1997,8,15,13.7,,11.2,,16.2,,5.1,,5.1,,0,,0,,0,,0,,0,,4.3,,,M,,M
-52.742777777777775,47.62222222222222,ST JOHN'S A,8403506,8403506.1997.8.16,1997-08-16 00:00:00,NL,1997,8,16,14.1,,9.5,,18.7,,0,,0,,0,,0,,0,,0,,0,,3.9,,,M,,M
-52.742777777777775,47.62222222222222,ST JOHN'S A,8403506,8403506.1997.8.17,1997-08-17 00:00:00,NL,1997,8,17,15.1,,12.3,,17.8,,0.7,,0.7,,0,,0,,16,E,44,E,0,,2.9,,,M,,M
-52.742777777777775,47.62222222222222,ST JOHN'S A,8403506,8403506.1997.8.18,1997-08-18 00:00:00,NL,1997,8,18,14.4,,9.4,,19.4,,0,T,0,T,0,,0,,27,E,54,E,0,,3.6,,,M,,M
-52.742777777777775,47.62222222222222,ST JOHN'S A,8403506,8403506.1997.8.19,1997-08-19 00:00:00,NL,1997,8,19,9.2,,7.2,,11.1,,1.3,,1.3,,0,,0,,35,E,33,E,0,,8.8,,,M,,M
-52.742777777777775,47.62222222222222,ST JOHN'S A,8403506,8403506.1997.8.20,1997-08-20 00:00:00,NL,1997,8,20,8.4,,5,,11.8,,0.2,,0.2,,0,,0,,0,,0,,0,,9.6,,,M,,M
-52.742777777777775,47.62222222222222,ST JOHN'S A,8403506,8403506.1997.8.21,1997-08-21 00:00:00,NL,1997,8,21,12.7,,5.7,,19.7,,0,,0,,0,,0,,27,E,32,E,0,,5.3,,,M,,M
-52.742777777777775,47.62222222222222,ST JOHN'S A,8403506,8403506.1997.8.22,1997-08-22 00:00:00,NL,1997,8,22,14.5,,8,,20.9,,0,,0,,0,,0,,0,,0,,0,,3.5,,,M,,M
-52.742777777777775,47.62222222222222,ST JOHN'S A,8403506,8403506.1997.8.23,1997-08-23 00:00:00,NL,1997,8,23,14,,9.5,,18.5,,10.8,,10.8,,0,,0,,14,E,65,E,0,,4,,,M,,M
-52.742777777777775,47.62222222222222,ST JOHN'S A,8403506,8403506.1997.8.24,1997-08-24 00:00:00,NL,1997,8,24,15.8,,10.9,,20.6,,0,T,0,T,0,,0,,28,E,52,E,0,,2.2,,,M,,M
-52.742777777777775,47.62222222222222,ST JOHN'S A,8403506,8403506.1997.8.25,1997-08-25 00:00:00,NL,1997,8,25,14.4,,11.1,,17.6,,0,T,0,T,0,,0,,0,,0,,0,,3.6,,,M,,M
-52.742777777777775,47.62222222222222,ST JOHN'S A,8403506,8403506.1997.8.26,1997-08-26 00:00:00,NL,1997,8,26,15.5,,12.4,,18.6,,0,,0,,0,,0,,0,,0,,0,,2.5,,,M,,M
-52.742777777777775,47.62222222222222,ST JOHN'S A,8403506,8403506.1997.8.27,1997-08-27 00:00:00,NL,1997,8,27,15.4,,12.1,,18.6,,0.6,,0.6,,0,,0,,0,,0,,0,,2.6,,,M,,M
-52.742777777777775,47.62222222222222,ST JOHN'S A,8403506,8403506.1997.8.28,1997-08-28 00:00:00,NL,1997,8,28,14.1,,11.3,,16.8,,0,T,0,T,0,,0,,0,,0,,0,,3.9,,,M,,M
-52.742777777777775,47.62222222222222,ST JOHN'S A,8403506,8403506.1997.8.29,1997-08-29 00:00:00,NL,1997,8,29,15.8,,12.8,,18.7,,0,T,0,T,0,,0,,0,,0,,0,,2.2,,,M,,M
-52.742777777777775,47.62222222222222,ST JOHN'S A,8403506,8403506.1997.8.30,1997-08-30 00:00:00,NL,1997,8,30,14.3,,12.6,,15.9,,50.5,,50.5,,0,,0,,9,E,67,E,0,,3.7,,,M,,M
-52.742777777777775,47.62222222222222,ST JOHN'S A,8403506,8403506.1997.8.31,1997-08-31 00:00:00,NL,1997,8,31,13.4,,9.9,,16.8,,9.3,,9.3,,0,,0,,33,E,65,E,0,,4.6,,,M,,M
-52.742777777777775,47.62222222222222,ST JOHN'S A,8403506,8403506.1997.9.1,1997-09-01 00:00:00,NL,1997,9,1,9.7,,6.1,,13.3,,0,T,0,T,0,,0,,34,E,56,E,0,,8.3,,,M,,M
-52.742777777777775,47.62222222222222,ST JOHN'S A,8403506,8403506.1997.9.2,1997-09-02 00:00:00,NL,1997,9,2,12.2,,6.9,,17.5,,0,,0,,0,,0,,0,,0,,0,,5.8,,,M,,M
-52.742777777777775,47.62222222222222,ST JOHN'S A,8403506,8403506.1997.9.3,1997-09-03 00:00:00,NL,1997,9,3,16.5,,12.7,,20.3,,0,T,0,T,0,,0,,18,,39,,0,,1.5,,,M,,M
-52.742777777777775,47.62222222222222,ST JOHN'S A,8403506,8403506.1997.9.4,1997-09-04 00:00:00,NL,1997,9,4,14.8,,12.2,,17.4,,0.7,,0.7,,0,,0,,16,E,83,E,0,,3.2,,,M,,M
-52.742777777777775,47.62222222222222,ST JOHN'S A,8403506,8403506.1997.9.5,1997-09-05 00:00:00,NL,1997,9,5,15,,10.7,,19.2,,28.4,,28.4,,0,,0,,17,E,83,E,0,,3,,,M,,M
-52.742777777777775,47.62222222222222,ST JOHN'S A,8403506,8403506.1997.9.6,1997-09-06 00:00:00,NL,1997,9,6,15.5,,9.8,,21.1,,0,,0,,0,,0,,25,E,37,E,0,,2.5,,,M,,M
-52.742777777777775,47.62222222222222,ST JOHN'S A,8403506,8403506.1997.9.7,1997-09-07 00:00:00,NL,1997,9,7,12.8,,9.3,,16.3,,0,T,0,T,0,,0,,0,,0,,0,,5.2,,,M,,M
-52.742777777777775,47.62222222222222,ST JOHN'S A,8403506,8403506.1997.9.8,1997-09-08 00:00:00,NL,1997,9,8,15.6,,11.3,,19.9,,0,T,0,T,0,,0,,0,,0,,0,,2.4,,,M,,M
-52.742777777777775,47.62222222222222,ST JOHN'S A,8403506,8403506.1997.9.9,1997-09-09 00:00:00,NL,1997,9,9,11,,10.2,,11.7,,40.1,,40.1,,0,,0,,4,E,37,E,0,,7,,,M,,M
-52.742777777777775,47.62222222222222,ST JOHN'S A,8403506,8403506.1997.9.10,1997-09-10 00:00:00,NL,1997,9,10,10.9,,10.4,,11.3,,2.7,,2.7,,0,,0,,3,E,33,E,0,,7.1,,,M,,M
-52.742777777777775,47.62222222222222,ST JOHN'S A,8403506,8403506.1997.9.11,1997-09-11 00:00:00,NL,1997,9,11,11.3,,10.2,,12.3,,2.6,,2.6,,0,,0,,0,,0,,0,,6.7,,,M,,M
-52.742777777777775,47.62222222222222,ST JOHN'S A,8403506,8403506.1997.9.12,1997-09-12 00:00:00,NL,1997,9,12,10.4,,6.3,,14.4,,0,T,0,T,0,,0,,1,E,32,E,0,,7.6,,,M,,M
-52.742777777777775,47.62222222222222,ST JOHN'S A,8403506,8403506.1997.9.13,1997-09-13 00:00:00,NL,1997,9,13,13.6,,7.6,,19.6,,0,,0,,0,,0,,0,,0,,0,,4.4,,,M,,M
-52.742777777777775,47.62222222222222,ST JOHN'S A,8403506,8403506.1997.9.14,1997-09-14 00:00:00,NL,1997,9,14,13.6,,11.1,,16,,0,T,0,T,0,,0,,0,,0,,0,,4.4,,,M,,M
-52.742777777777775,47.62222222222222,ST JOHN'S A,8403506,8403506.1997.9.15,1997-09-15 00:00:00,NL,1997,9,15,15,,11.8,,18.2,,0.9,,0.9,,0,,0,,0,,0,,0,,3,,,M,,M
-52.742777777777775,47.62222222222222,ST JOHN'S A,8403506,8403506.1997.9.16,1997-09-16 00:00:00,NL,1997,9,16,15,,11.3,,18.6,,1.3,,1.3,,0,,0,,24,E,59,E,0,,3,,,M,,M
-52.742777777777775,47.62222222222222,ST JOHN'S A,8403506,8403506.1997.9.17,1997-09-17 00:00:00,NL,1997,9,17,13.1,,8.4,,17.8,,0,T,0,T,0,,0,,0,,0,,0,,4.9,,,M,,M
-52.742777777777775,47.62222222222222,ST JOHN'S A,8403506,8403506.1997.9.18,1997-09-18 00:00:00,NL,1997,9,18,9.1,,6.9,,11.3,,0,T,0,T,0,,0,,35,E,32,E,0,,8.9,,,M,,M
-52.742777777777775,47.62222222222222,ST JOHN'S A,8403506,8403506.1997.9.19,1997-09-19 00:00:00,NL,1997,9,19,13.2,,8.3,,18,,0,,0,,0,,0,,0,,0,,0,,4.8,,,M,,M
-52.742777777777775,47.62222222222222,ST JOHN'S A,8403506,8403506.1997.9.20,1997-09-20 00:00:00,NL,1997,9,20,15.6,,12.2,,18.9,,0,T,0,T,0,,0,,23,E,46,E,0,,2.4,,,M,,M
-52.742777777777775,47.62222222222222,ST JOHN'S A,8403506,8403506.1997.9.21,1997-09-21 00:00:00,NL,1997,9,21,15.6,,9.3,,21.8,,0.2,,0.2,,0,,0,,19,E,65,E,0,,2.4,,,M,,M
-52.742777777777775,47.62222222222222,ST JOHN'S A,8403506,8403506.1997.9.22,1997-09-22 00:00:00,NL,1997,9,22,11.5,,7.7,,15.2,,0,T,0,T,0,,0,,25,E,50,E,0,,6.5,,,M,,M
-52.742777777777775,47.62222222222222,ST JOHN'S A,8403506,8403506.1997.9.23,1997-09-23 00:00:00,NL,1997,9,23,11.3,,7.7,,14.9,,1.8,,1.8,,0,,0,,24,E,65,E,0,,6.7,,,M,,M
-52.742777777777775,47.62222222222222,ST JOHN'S A,8403506,8403506.1997.9.24,1997-09-24 00:00:00,NL,1997,9,24,8.7,,5.6,,11.8,,19.3,,19.3,,0,,0,,26,E,41,E,0,,9.3,,,M,,M
-52.742777777777775,47.62222222222222,ST JOHN'S A,8403506,8403506.1997.9.25,1997-09-25 00:00:00,NL,1997,9,25,8.6,,4.7,,12.4,,0,T,0,T,0,,0,,26,E,37,E,0,,9.4,,,M,,M
-52.742777777777775,47.62222222222222,ST JOHN'S A,8403506,8403506.1997.9.26,1997-09-26 00:00:00,NL,1997,9,26,8.5,,5.2,,11.8,,1,,1,,0,,0,,0,,0,,0,,9.5,,,M,,M
-52.742777777777775,47.62222222222222,ST JOHN'S A,8403506,8403506.1997.9.27,1997-09-27 00:00:00,NL,1997,9,27,8.8,,4.3,,13.3,,9.5,,9.5,,0,,0,,34,E,33,E,0,,9.2,,,M,,M
-52.742777777777775,47.62222222222222,ST JOHN'S A,8403506,8403506.1997.9.28,1997-09-28 00:00:00,NL,1997,9,28,7.2,,3.9,,10.4,,1.8,,1.8,,0,,0,,26,E,37,E,0,,10.8,,,M,,M
-52.742777777777775,47.62222222222222,ST JOHN'S A,8403506,8403506.1997.9.29,1997-09-29 00:00:00,NL,1997,9,29,11.3,,7.4,,15.2,,0,,0,,0,,0,,26,E,74,E,0,,6.7,,,M,,M
-52.742777777777775,47.62222222222222,ST JOHN'S A,8403506,8403506.1997.9.30,1997-09-30 00:00:00,NL,1997,9,30,14.4,,11,,17.8,,5.4,,5.4,,0,,0,,18,E,83,E,0,,3.6,,,M,,M
-52.742777777777775,47.62222222222222,ST JOHN'S A,8403506,8403506.1997.10.1,1997-10-01 00:00:00,NL,1997,10,1,13.6,,7.6,,19.6,,1,,1,,0,,0,,17,E,39,E,0,,4.4,,,M,,M
-52.742777777777775,47.62222222222222,ST JOHN'S A,8403506,8403506.1997.10.2,1997-10-02 00:00:00,NL,1997,10,2,12.8,,7.4,,18.1,,1,,1,,0,,0,,25,E,56,E,0,,5.2,,,M,,M
-52.742777777777775,47.62222222222222,ST JOHN'S A,8403506,8403506.1997.10.3,1997-10-03 00:00:00,NL,1997,10,3,9.8,,6.1,,13.5,,0.2,,0.2,,0,,0,,26,E,65,E,0,,8.2,,,M,,M
-52.742777777777775,47.62222222222222,ST JOHN'S A,8403506,8403506.1997.10.4,1997-10-04 00:00:00,NL,1997,10,4,7.3,,6,,8.6,,0.3,,0.3,,0,,0,,0,,0,,0,,10.7,,,M,,M
-52.742777777777775,47.62222222222222,ST JOHN'S A,8403506,8403506.1997.10.5,1997-10-05 00:00:00,NL,1997,10,5,6.7,,5.5,,7.9,,35.7,,35.7,,0,,0,,5,E,56,E,0,,11.3,,,M,,M
-52.742777777777775,47.62222222222222,ST JOHN'S A,8403506,8403506.1997.10.6,1997-10-06 00:00:00,NL,1997,10,6,8,,5.9,,10,,0,T,0,T,0,,0,,35,E,32,E,0,,10,,,M,,M
-52.742777777777775,47.62222222222222,ST JOHN'S A,8403506,8403506.1997.10.7,1997-10-07 00:00:00,NL,1997,10,7,6.6,,5.1,,8.1,,0,T,0,T,0,,0,,0,,0,,0,,11.4,,,M,,M
-52.742777777777775,47.62222222222222,ST JOHN'S A,8403506,8403506.1997.10.8,1997-10-08 00:00:00,NL,1997,10,8,8.4,,6.9,,9.9,,0,T,0,T,0,,0,,3,E,46,E,0,,9.6,,,M,,M
-52.742777777777775,47.62222222222222,ST JOHN'S A,8403506,8403506.1997.10.9,1997-10-09 00:00:00,NL,1997,10,9,6.6,,5.1,,8.1,,0.7,,0.7,,0,,0,,35,E,41,E,0,,11.4,,,M,,M
-52.742777777777775,47.62222222222222,ST JOHN'S A,8403506,8403506.1997.10.10,1997-10-10 00:00:00,NL,1997,10,10,6.7,,4.3,,9.1,,0,T,0,T,0,,0,,0,,0,,0,,11.3,,,M,,M
-52.742777777777775,47.62222222222222,ST JOHN'S A,8403506,8403506.1997.10.11,1997-10-11 00:00:00,NL,1997,10,11,8,,4.6,,11.4,,0.2,,0.2,,0,,0,,19,E,37,E,0,,10,,,M,,M
-52.742777777777775,47.62222222222222,ST JOHN'S A,8403506,8403506.1997.10.12,1997-10-12 00:00:00,NL,1997,10,12,6.1,,2.6,,9.5,,0.2,,0.2,,0,,0,,35,E,46,E,0,,11.9,,,M,,M
-52.742777777777775,47.62222222222222,ST JOHN'S A,8403506,8403506.1997.10.13,1997-10-13 00:00:00,NL,1997,10,13,6.2,,4.5,,7.8,,6.4,,6.4,,0,,0,,36,E,59,E,0,,11.8,,,M,,M
-52.742777777777775,47.62222222222222,ST JOHN'S A,8403506,8403506.1997.10.14,1997-10-14 00:00:00,NL,1997,10,14,6.3,,5.5,,7.1,,2.6,,2.6,,0,,0,,2,,59,,0,,11.7,,,M,,M
-52.742777777777775,47.62222222222222,ST JOHN'S A,8403506,8403506.1997.10.15,1997-10-15 00:00:00,NL,1997,10,15,7.4,,5.8,,8.9,,0,,0,,0,,0,,6,E,37,E,0,,10.6,,,M,,M
-52.742777777777775,47.62222222222222,ST JOHN'S A,8403506,8403506.1997.10.16,1997-10-16 00:00:00,NL,1997,10,16,7.8,,7.2,,8.4,,66.8,,66.8,,0,,0,,6,E,46,E,0,,10.2,,,M,,M
-52.742777777777775,47.62222222222222,ST JOHN'S A,8403506,8403506.1997.10.17,1997-10-17 00:00:00,NL,1997,10,17,7.4,,6.2,,8.5,,12.6,,12.6,,0,,0,,1,E,54,E,0,,10.6,,,M,,M
-52.742777777777775,47.62222222222222,ST JOHN'S A,8403506,8403506.1997.10.18,1997-10-18 00:00:00,NL,1997,10,18,5.1,,3.4,,6.7,,5.8,,5.8,,0,,0,,34,E,54,E,0,,12.9,,,M,,M
-52.742777777777775,47.62222222222222,ST JOHN'S A,8403506,8403506.1997.10.19,1997-10-19 00:00:00,NL,1997,10,19,5,,2.2,,7.8,,0,T,0,T,0,,0,,31,E,65,E,0,,13,,,M,,M
-52.742777777777775,47.62222222222222,ST JOHN'S A,8403506,8403506.1997.10.20,1997-10-20 00:00:00,NL,1997,10,20,4.1,,3.3,,4.9,,3.4,,3.4,,0,,0,,31,E,59,E,0,,13.9,,,M,,M
-52.742777777777775,47.62222222222222,ST JOHN'S A,8403506,8403506.1997.10.21,1997-10-21 00:00:00,NL,1997,10,21,5.3,,3.7,,6.9,,2.2,,2.2,,0,,0,,0,,0,,0,,12.7,,,M,,M
-52.742777777777775,47.62222222222222,ST JOHN'S A,8403506,8403506.1997.10.22,1997-10-22 00:00:00,NL,1997,10,22,6.6,,5.5,,7.7,,0,T,0,T,0,,0,,0,,0,,0,,11.4,,,M,,M
-52.742777777777775,47.62222222222222,ST JOHN'S A,8403506,8403506.1997.10.23,1997-10-23 00:00:00,NL,1997,10,23,6,,0.1,,11.9,,0,,0,,0,,0,,26,E,37,E,0,,12,,,M,,M
-52.742777777777775,47.62222222222222,ST JOHN'S A,8403506,8403506.1997.10.24,1997-10-24 00:00:00,NL,1997,10,24,3.6,,-2.6,,9.8,,0,T,0,T,0,,0,,0,,0,,0,,14.4,,,M,,M
-52.742777777777775,47.62222222222222,ST JOHN'S A,8403506,8403506.1997.10.25,1997-10-25 00:00:00,NL,1997,10,25,2.7,,-1.5,,6.8,,0,T,0,T,0,,0,,28,E,33,E,0,,15.3,,,M,,M
-52.742777777777775,47.62222222222222,ST JOHN'S A,8403506,8403506.1997.10.26,1997-10-26 00:00:00,NL,1997,10,26,3.9,,1.6,,6.1,,2,,2,,0,,0,,0,,0,,0,,14.1,,,M,,M
-52.742777777777775,47.62222222222222,ST JOHN'S A,8403506,8403506.1997.10.27,1997-10-27 00:00:00,NL,1997,10,27,2.7,,1.2,,4.2,,0,,0,,0,,0,,36,E,48,E,0,,15.3,,,M,,M
-52.742777777777775,47.62222222222222,ST JOHN'S A,8403506,8403506.1997.10.28,1997-10-28 00:00:00,NL,1997,10,28,7.6,,1.4,,13.7,,32.8,,32.4,,0.2,,0,,14,,78,,0,,10.4,,,M,,M
-52.742777777777775,47.62222222222222,ST JOHN'S A,8403506,8403506.1997.10.29,1997-10-29 00:00:00,NL,1997,10,29,7.2,,3.8,,10.6,,0.2,,0.2,,0,,0,,24,E,83,E,0,,10.8,,,M,,M
-52.742777777777775,47.62222222222222,ST JOHN'S A,8403506,8403506.1997.10.30,1997-10-30 00:00:00,NL,1997,10,30,4.8,,1.8,,7.8,,0,T,0,T,0,,0,,26,E,37,E,0,,13.2,,,M,,M
-52.742777777777775,47.62222222222222,ST JOHN'S A,8403506,8403506.1997.10.31,1997-10-31 00:00:00,NL,1997,10,31,3.7,,-2,,9.4,,0,T,0,T,0,,0,,24,,37,,0,,14.3,,,M,,M
-52.742777777777775,47.62222222222222,ST JOHN'S A,8403506,8403506.1997.11.1,1997-11-01 00:00:00,NL,1997,11,1,2.6,,-2.7,,7.8,,0,,0,,0,,0,,0,,0,,0,,15.4,,,M,,M
-52.742777777777775,47.62222222222222,ST JOHN'S A,8403506,8403506.1997.11.2,1997-11-02 00:00:00,NL,1997,11,2,8.3,,7.5,,9.1,,0,,0,,0,,0,,0,,0,,0,,9.7,,,M,,M
-52.742777777777775,47.62222222222222,ST JOHN'S A,8403506,8403506.1997.11.3,1997-11-03 00:00:00,NL,1997,11,3,9,,4.5,,13.5,,2.8,,2.8,,0,,0,,21,,59,,0,,9,,,M,,M
-52.742777777777775,47.62222222222222,ST JOHN'S A,8403506,8403506.1997.11.4,1997-11-04 00:00:00,NL,1997,11,4,12,,8.9,,15.1,,5.3,,5.3,,0,,0,,22,E,54,E,0,,6,,,M,,M
-52.742777777777775,47.62222222222222,ST JOHN'S A,8403506,8403506.1997.11.5,1997-11-05 00:00:00,NL,1997,11,5,11.9,,7.8,,16,,2.4,,2.4,,0,,0,,25,E,70,E,0,,6.1,,,M,,M
-52.742777777777775,47.62222222222222,ST JOHN'S A,8403506,8403506.1997.11.6,1997-11-06 00:00:00,NL,1997,11,6,5.1,,1,,9.1,,0,T,0,T,0,,0,,0,,0,,0,,12.9,,,M,,M
-52.742777777777775,47.62222222222222,ST JOHN'S A,8403506,8403506.1997.11.7,1997-11-07 00:00:00,NL,1997,11,7,0.7,,-1.2,,2.5,,0.6,,0,,0.6,,1,,0,,0,,0,,17.3,,,M,,M
-52.742777777777775,47.62222222222222,ST JOHN'S A,8403506,8403506.1997.11.8,1997-11-08 00:00:00,NL,1997,11,8,2,,-1.2,,5.1,,0,,0,,0,,0,,0,,0,,0,,16,,,M,,M
-52.742777777777775,47.62222222222222,ST JOHN'S A,8403506,8403506.1997.11.9,1997-11-09 00:00:00,NL,1997,11,9,8.5,,3.8,,13.2,,11.6,,11.6,,0,,0,,0,,0,,0,,9.5,,,M,,M
-52.742777777777775,47.62222222222222,ST JOHN'S A,8403506,8403506.1997.11.10,1997-11-10 00:00:00,NL,1997,11,10,13.3,,10.6,,15.9,,0.5,,0.5,,0,,0,,0,,0,,0,,4.7,,,M,,M
-52.742777777777775,47.62222222222222,ST JOHN'S A,8403506,8403506.1997.11.11,1997-11-11 00:00:00,NL,1997,11,11,8.5,,6.3,,10.7,,0,T,0,T,0,,0,,26,E,52,E,0,,9.5,,,M,,M
-52.742777777777775,47.62222222222222,ST JOHN'S A,8403506,8403506.1997.11.12,1997-11-12 00:00:00,NL,1997,11,12,4.8,,1.2,,8.3,,6.1,,6.1,,0,T,0,,26,,59,,0,,13.2,,,M,,M
-52.742777777777775,47.62222222222222,ST JOHN'S A,8403506,8403506.1997.11.13,1997-11-13 00:00:00,NL,1997,11,13,0.4,,-1.9,,2.7,,10.5,,2,,8.5,,0,,24,E,93,E,0,,17.6,,,M,,M
-52.742777777777775,47.62222222222222,ST JOHN'S A,8403506,8403506.1997.11.14,1997-11-14 00:00:00,NL,1997,11,14,1.4,,-0.2,,3,,7.2,,2.7,,4.5,,4,,27,E,65,E,0,,16.6,,,M,,M
-52.742777777777775,47.62222222222222,ST JOHN'S A,8403506,8403506.1997.11.15,1997-11-15 00:00:00,NL,1997,11,15,-0.2,,-1,,0.7,,0.9,,0,,0.9,,0,T,3,E,46,E,0,,18.2,,,M,,M
-52.742777777777775,47.62222222222222,ST JOHN'S A,8403506,8403506.1997.11.16,1997-11-16 00:00:00,NL,1997,11,16,-1.8,,-3.3,,-0.3,,0,T,0,,0,T,0,T,0,,0,,0,,19.8,,,M,,M
-52.742777777777775,47.62222222222222,ST JOHN'S A,8403506,8403506.1997.11.17,1997-11-17 00:00:00,NL,1997,11,17,-0.9,,-2.2,,0.5,,2.1,,0,,2.5,,0,T,3,E,43,E,0,,18.9,,,M,,M
-52.742777777777775,47.62222222222222,ST JOHN'S A,8403506,8403506.1997.11.18,1997-11-18 00:00:00,NL,1997,11,18,-2.6,,-4.6,,-0.6,,1.4,,0,,1.4,,2,,30,E,72,E,0,,20.6,,,M,,M
-52.742777777777775,47.62222222222222,ST JOHN'S A,8403506,8403506.1997.11.19,1997-11-19 00:00:00,NL,1997,11,19,-0.6,,-1.4,,0.3,,0,,0,,0,,1,,0,,0,,0,,18.6,,,M,,M
-52.742777777777775,47.62222222222222,ST JOHN'S A,8403506,8403506.1997.11.20,1997-11-20 00:00:00,NL,1997,11,20,0.8,,-0.8,,2.4,,23.2,,11.4,,11.8,,0,T,9,E,74,E,0,,17.2,,,M,,M
-52.742777777777775,47.62222222222222,ST JOHN'S A,8403506,8403506.1997.11.21,1997-11-21 00:00:00,NL,1997,11,21,-0.2,,-0.8,,0.5,,5.4,,1.1,,4.3,,5,,35,E,102,E,0,,18.2,,,M,,M
-52.742777777777775,47.62222222222222,ST JOHN'S A,8403506,8403506.1997.11.22,1997-11-22 00:00:00,NL,1997,11,22,1.1,,-1.2,,3.3,,4.8,,0,T,4.7,,4,,,M,,M,0,,16.9,,,M,,M
-52.742777777777775,47.62222222222222,ST JOHN'S A,8403506,8403506.1997.11.23,1997-11-23 00:00:00,NL,1997,11,23,-2.5,,-5.2,,0.3,,2.1,,0,T,2.1,,6,,2,E,56,E,0,,20.5,,,M,,M
-52.742777777777775,47.62222222222222,ST JOHN'S A,8403506,8403506.1997.11.24,1997-11-24 00:00:00,NL,1997,11,24,-2.5,,-5.4,,0.5,,2,,0,T,2,,6,,3,E,59,E,0,,20.5,,,M,,M
-52.742777777777775,47.62222222222222,ST JOHN'S A,8403506,8403506.1997.11.25,1997-11-25 00:00:00,NL,1997,11,25,-1.2,,-3.2,,0.8,,7.2,,0,,7.2,,8,,35,E,82,E,0,,19.2,,,M,,M
-52.742777777777775,47.62222222222222,ST JOHN'S A,8403506,8403506.1997.11.26,1997-11-26 00:00:00,NL,1997,11,26,-1.8,,-4.5,,0.9,,1.2,,0,,1.2,,10,,31,E,56,E,0,,19.8,,,M,,M
-52.742777777777775,47.62222222222222,ST JOHN'S A,8403506,8403506.1997.11.27,1997-11-27 00:00:00,NL,1997,11,27,-0.6,,-3,,1.8,,5,,0,,5,,10,,6,E,72,E,0,,18.6,,,M,,M
-52.742777777777775,47.62222222222222,ST JOHN'S A,8403506,8403506.1997.11.28,1997-11-28 00:00:00,NL,1997,11,28,0.2,,-0.8,,1.1,,23.1,,11.1,,12,,15,,5,E,65,E,0,,17.8,,,M,,M
-52.742777777777775,47.62222222222222,ST JOHN'S A,8403506,8403506.1997.11.29,1997-11-29 00:00:00,NL,1997,11,29,-0.1,,-0.8,,0.6,,11.1,,0,,11.2,,14,,27,E,56,E,0,,18.1,,,M,,M
-52.742777777777775,47.62222222222222,ST JOHN'S A,8403506,8403506.1997.11.30,1997-11-30 00:00:00,NL,1997,11,30,0.8,,-0.3,,1.9,,0.3,,0,T,0.3,,17,,27,E,37,E,0,,17.2,,,M,,M
-52.742777777777775,47.62222222222222,ST JOHN'S A,8403506,8403506.1997.12.1,1997-12-01 00:00:00,NL,1997,12,1,1.9,,0.8,,2.9,,7.1,,7.1,,0,T,16,,15,E,63,E,0,,16.1,,,M,,M
-52.742777777777775,47.62222222222222,ST JOHN'S A,8403506,8403506.1997.12.2,1997-12-02 00:00:00,NL,1997,12,2,4.6,,2,,7.2,,14.5,,14.5,,0,,4,,24,E,78,E,0,,13.4,,,M,,M
-52.742777777777775,47.62222222222222,ST JOHN'S A,8403506,8403506.1997.12.3,1997-12-03 00:00:00,NL,1997,12,3,2.4,,1,,3.7,,6.8,,6.4,,0.4,,3,,16,E,74,E,0,,15.6,,,M,,M
-52.742777777777775,47.62222222222222,ST JOHN'S A,8403506,8403506.1997.12.4,1997-12-04 00:00:00,NL,1997,12,4,1.4,,0.4,,2.4,,5.5,,3.2,,2.3,,2,,,M,,M,0,,16.6,,,M,,M
-52.742777777777775,47.62222222222222,ST JOHN'S A,8403506,8403506.1997.12.5,1997-12-05 00:00:00,NL,1997,12,5,1.4,,0.6,,2.2,,3.3,,3,,0.3,,2,,28,E,76,E,0,,16.6,,,M,,M
-52.742777777777775,47.62222222222222,ST JOHN'S A,8403506,8403506.1997.12.6,1997-12-06 00:00:00,NL,1997,12,6,1.8,,0.4,,3.1,,3.8,,3.8,,0,,0,T,26,E,56,E,0,,16.2,,,M,,M
-52.742777777777775,47.62222222222222,ST JOHN'S A,8403506,8403506.1997.12.7,1997-12-07 00:00:00,NL,1997,12,7,0.5,,-0.6,,1.6,,6.5,,2.5,,4,,0,T,0,,0,,0,,17.5,,,M,,M
-52.742777777777775,47.62222222222222,ST JOHN'S A,8403506,8403506.1997.12.8,1997-12-08 00:00:00,NL,1997,12,8,0.1,,-1,,1.1,,0,,0,,0,,2,,4,E,33,E,0,,17.9,,,M,,M
-52.742777777777775,47.62222222222222,ST JOHN'S A,8403506,8403506.1997.12.9,1997-12-09 00:00:00,NL,1997,12,9,-1.3,,-2.3,,-0.3,,0,T,0,T,0,T,2,,0,,0,,0,,19.3,,,M,,M
-52.742777777777775,47.62222222222222,ST JOHN'S A,8403506,8403506.1997.12.10,1997-12-10 00:00:00,NL,1997,12,10,-1.3,,-3.6,,1,,0,T,0,,0,T,2,,27,E,32,E,0,,19.3,,,M,,M
-52.742777777777775,47.62222222222222,ST JOHN'S A,8403506,8403506.1997.12.11,1997-12-11 00:00:00,NL,1997,12,11,-2.3,,-3.2,,-1.3,,0,T,0,T,0,T,2,,4,E,56,E,0,,20.3,,,M,,M
-52.742777777777775,47.62222222222222,ST JOHN'S A,8403506,8403506.1997.12.12,1997-12-12 00:00:00,NL,1997,12,12,-2.9,,-4.2,,-1.6,,0,,0,,0,,2,,35,E,57,E,0,,20.9,,,M,,M
-52.742777777777775,47.62222222222222,ST JOHN'S A,8403506,8403506.1997.12.13,1997-12-13 00:00:00,NL,1997,12,13,-4.9,,-6.6,,-3.1,,0,T,0,,0,T,2,,26,E,32,E,0,,22.9,,,M,,M
-52.742777777777775,47.62222222222222,ST JOHN'S A,8403506,8403506.1997.12.14,1997-12-14 00:00:00,NL,1997,12,14,-2,,-5.1,,1.1,,2.6,,0,,2.6,,2,,21,E,41,E,0,,20,,,M,,M
-52.742777777777775,47.62222222222222,ST JOHN'S A,8403506,8403506.1997.12.15,1997-12-15 00:00:00,NL,1997,12,15,-3.7,,-5.6,,-1.7,,2.6,,0,,2.6,,3,,23,E,65,E,0,,21.7,,,M,,M
-52.742777777777775,47.62222222222222,ST JOHN'S A,8403506,8403506.1997.12.16,1997-12-16 00:00:00,NL,1997,12,16,-5.4,,-7.5,,-3.3,,0,T,0,,0,T,4,,29,,70,,0,,23.4,,,M,,M
-52.742777777777775,47.62222222222222,ST JOHN'S A,8403506,8403506.1997.12.17,1997-12-17 00:00:00,NL,1997,12,17,-2.1,,-6.9,,2.8,,0,T,0,T,0,T,4,,18,E,37,E,0,,20.1,,,M,,M
-52.742777777777775,47.62222222222222,ST JOHN'S A,8403506,8403506.1997.12.18,1997-12-18 00:00:00,NL,1997,12,18,-0.6,,-3.8,,2.7,,0,T,0,T,0,T,3,,25,E,50,E,0,,18.6,,,M,,M
-52.742777777777775,47.62222222222222,ST JOHN'S A,8403506,8403506.1997.12.19,1997-12-19 00:00:00,NL,1997,12,19,-4,,-5.2,,-2.7,,0,T,0,,0,T,2,,28,E,41,E,0,,22,,,M,,M
-52.742777777777775,47.62222222222222,ST JOHN'S A,8403506,8403506.1997.12.20,1997-12-20 00:00:00,NL,1997,12,20,-3.6,,-7.9,,0.8,,0.4,,0,,0.4,,2,,27,E,41,E,0,,21.6,,,M,,M
-52.742777777777775,47.62222222222222,ST JOHN'S A,8403506,8403506.1997.12.21,1997-12-21 00:00:00,NL,1997,12,21,-5,,-7.9,,-2,,3,,0,,4.4,,2,,27,E,48,E,0,,23,,,M,,M
-52.742777777777775,47.62222222222222,ST JOHN'S A,8403506,8403506.1997.12.22,1997-12-22 00:00:00,NL,1997,12,22,-6.4,,-10.6,,-2.2,,2.6,,0,,6,,4,,0,,0,,0,,24.4,,,M,,M
-52.742777777777775,47.62222222222222,ST JOHN'S A,8403506,8403506.1997.12.23,1997-12-23 00:00:00,NL,1997,12,23,-7.9,,-10.7,,-5,,2.1,,0,,2.1,,11,,31,E,50,E,0,,25.9,,,M,,M
-52.742777777777775,47.62222222222222,ST JOHN'S A,8403506,8403506.1997.12.24,1997-12-24 00:00:00,NL,1997,12,24,-7.5,,-11.5,,-3.4,,0,,0,,0,,11,,0,,0,,0,,25.5,,,M,,M
-52.742777777777775,47.62222222222222,ST JOHN'S A,8403506,8403506.1997.12.25,1997-12-25 00:00:00,NL,1997,12,25,-4.6,,-8.3,,-0.9,,0,,0,,0,,11,,0,,0,,0,,22.6,,,M,,M
-52.742777777777775,47.62222222222222,ST JOHN'S A,8403506,8403506.1997.12.26,1997-12-26 00:00:00,NL,1997,12,26,1.1,,-2.2,,4.4,,2.7,,2.7,,0,,10,,17,E,46,E,0,,16.9,,,M,,M
-52.742777777777775,47.62222222222222,ST JOHN'S A,8403506,8403506.1997.12.27,1997-12-27 00:00:00,NL,1997,12,27,0.9,,-0.5,,2.3,,0,T,0,,0,T,4,,26,E,61,E,0,,17.1,,,M,,M
-52.742777777777775,47.62222222222222,ST JOHN'S A,8403506,8403506.1997.12.28,1997-12-28 00:00:00,NL,1997,12,28,-2.3,,-4.1,,-0.4,,23.6,,12.6,,11,,6,,,M,,M,0,,20.3,,,M,,M
-52.742777777777775,47.62222222222222,ST JOHN'S A,8403506,8403506.1997.12.29,1997-12-29 00:00:00,NL,1997,12,29,-6.2,,-9.2,,-3.2,,0,T,0,,0,T,14,,,M,,M,0,,24.2,,,M,,M
-52.742777777777775,47.62222222222222,ST JOHN'S A,8403506,8403506.1997.12.30,1997-12-30 00:00:00,NL,1997,12,30,2.9,,-4,,9.7,,38.2,,38.2,,0,T,14,,15,E,83,E,0,,15.1,,,M,,M
-52.742777777777775,47.62222222222222,ST JOHN'S A,8403506,8403506.1997.12.31,1997-12-31 00:00:00,NL,1997,12,31,2.6,,-1,,6.2,,1.7,,1.5,,0.2,,3,,24,E,120,E,0,,15.4,,,M,,M
-52.742777777777775,47.62222222222222,ST JOHN'S A,8403506,8403506.1998.1.1,1998-01-01 00:00:00,NL,1998,1,1,-7,,-13.1,,-0.8,,0,T,0,,0,T,2,,28,E,74,E,0,,25,,,M,,M
-52.742777777777775,47.62222222222222,ST JOHN'S A,8403506,8403506.1998.1.2,1998-01-02 00:00:00,NL,1998,1,2,-8.8,,-11.7,,-5.9,,0.4,,0,,0.4,,2,,28,E,69,E,0,,26.8,,,M,,M
-52.742777777777775,47.62222222222222,ST JOHN'S A,8403506,8403506.1998.1.3,1998-01-03 00:00:00,NL,1998,1,3,-3.8,,-8.3,,0.7,,1.8,,0,,1.8,,2,,24,E,46,E,0,,21.8,,,M,,M
-52.742777777777775,47.62222222222222,ST JOHN'S A,8403506,8403506.1998.1.4,1998-01-04 00:00:00,NL,1998,1,4,-4.4,,-11.9,,3.2,,1.5,,1.5,,0,T,2,,28,E,104,E,0,,22.4,,,M,,M
-52.742777777777775,47.62222222222222,ST JOHN'S A,8403506,8403506.1998.1.5,1998-01-05 00:00:00,NL,1998,1,5,-10.8,,-12.5,,-9.1,,0,,0,,0,,0,T,30,E,65,E,0,,28.8,,,M,,M
-52.742777777777775,47.62222222222222,ST JOHN'S A,8403506,8403506.1998.1.6,1998-01-06 00:00:00,NL,1998,1,6,-8.7,,-14.1,,-3.2,,0.6,,0,,0.6,,0,T,29,E,46,E,0,,26.7,,,M,,M
-52.742777777777775,47.62222222222222,ST JOHN'S A,8403506,8403506.1998.1.7,1998-01-07 00:00:00,NL,1998,1,7,-11.7,,-16.7,,-6.6,,0,T,0,T,0.3,,1,,28,E,56,E,0,,29.7,,,M,,M
-52.742777777777775,47.62222222222222,ST JOHN'S A,8403506,8403506.1998.1.8,1998-01-08 00:00:00,NL,1998,1,8,-5.4,,-6.9,,-3.8,,2.2,,0.5,,1.7,,1,,30,E,37,E,0,,23.4,,,M,,M
-52.742777777777775,47.62222222222222,ST JOHN'S A,8403506,8403506.1998.1.9,1998-01-09 00:00:00,NL,1998,1,9,-3.7,,-5,,-2.4,,4.2,,0,T,4.2,,4,,3,E,32,E,0,,21.7,,,M,,M
-52.742777777777775,47.62222222222222,ST JOHN'S A,8403506,8403506.1998.1.10,1998-01-10 00:00:00,NL,1998,1,10,-2.5,,-3.9,,-1,,0,T,0,T,0,T,6,,3,E,32,E,0,,20.5,,,M,,M
-52.742777777777775,47.62222222222222,ST JOHN'S A,8403506,8403506.1998.1.11,1998-01-11 00:00:00,NL,1998,1,11,-1.1,,-3.2,,1,,0,T,0,,0,T,5,,19,E,44,E,0,,19.1,,,M,,M
-52.742777777777775,47.62222222222222,ST JOHN'S A,8403506,8403506.1998.1.12,1998-01-12 00:00:00,NL,1998,1,12,-2.7,,-6.5,,1.2,,0.6,,0.6,,0,T,4,,30,E,63,E,0,,20.7,,,M,,M
-52.742777777777775,47.62222222222222,ST JOHN'S A,8403506,8403506.1998.1.13,1998-01-13 00:00:00,NL,1998,1,13,-5.6,,-7.5,,-3.6,,0,,0,,0,,3,,27,E,65,E,0,,23.6,,,M,,M
-52.742777777777775,47.62222222222222,ST JOHN'S A,8403506,8403506.1998.1.14,1998-01-14 00:00:00,NL,1998,1,14,-3.3,,-9.1,,2.5,,6.2,,5.3,,0.9,,3,,16,E,70,E,0,,21.3,,,M,,M
-52.742777777777775,47.62222222222222,ST JOHN'S A,8403506,8403506.1998.1.15,1998-01-15 00:00:00,NL,1998,1,15,-5.7,,-7.9,,-3.5,,2.9,,0,,2.9,,1,,25,E,104,E,0,,23.7,,,M,,M
-52.742777777777775,47.62222222222222,ST JOHN'S A,8403506,8403506.1998.1.16,1998-01-16 00:00:00,NL,1998,1,16,-3.9,,-4.8,,-3,,0,,0,,0,,2,,27,E,65,E,0,,21.9,,,M,,M
-52.742777777777775,47.62222222222222,ST JOHN'S A,8403506,8403506.1998.1.17,1998-01-17 00:00:00,NL,1998,1,17,-2.1,,-4.2,,0.1,,0,T,0,T,0,T,2,,3,,63,,0,,20.1,,,M,,M
-52.742777777777775,47.62222222222222,ST JOHN'S A,8403506,8403506.1998.1.18,1998-01-18 00:00:00,NL,1998,1,18,0.1,,-0.7,,0.8,,0.7,,0.7,,0,,1,,5,E,63,E,0,,17.9,,,M,,M
-52.742777777777775,47.62222222222222,ST JOHN'S A,8403506,8403506.1998.1.19,1998-01-19 00:00:00,NL,1998,1,19,-1.6,,-3.1,,0,,0,,0,,0,,1,,35,,67,,0,,19.6,,,M,,M
-52.742777777777775,47.62222222222222,ST JOHN'S A,8403506,8403506.1998.1.20,1998-01-20 00:00:00,NL,1998,1,20,-2.9,,-3.5,,-2.2,,0,T,0,,0,T,1,,10,E,50,E,0,,20.9,,,M,,M
-52.742777777777775,47.62222222222222,ST JOHN'S A,8403506,8403506.1998.1.21,1998-01-21 00:00:00,NL,1998,1,21,-0.3,,-2.7,,2.1,,8.8,,6.5,,2.3,,1,,8,E,69,E,0,,18.3,,,M,,M
-52.742777777777775,47.62222222222222,ST JOHN'S A,8403506,8403506.1998.1.22,1998-01-22 00:00:00,NL,1998,1,22,-7.1,,-11.7,,-2.5,,8.1,,5.3,,2.8,,2,,27,E,85,E,0,,25.1,,,M,,M
-52.742777777777775,47.62222222222222,ST JOHN'S A,8403506,8403506.1998.1.23,1998-01-23 00:00:00,NL,1998,1,23,-12.1,,-13.5,,-10.6,,0,T,0,,0,T,3,,27,E,83,E,0,,30.1,,,M,,M
-52.742777777777775,47.62222222222222,ST JOHN'S A,8403506,8403506.1998.1.24,1998-01-24 00:00:00,NL,1998,1,24,-8.9,,-13.4,,-4.4,,0,,0,,0,,3,,31,E,32,E,0,,26.9,,,M,,M
-52.742777777777775,47.62222222222222,ST JOHN'S A,8403506,8403506.1998.1.25,1998-01-25 00:00:00,NL,1998,1,25,0.4,,-4.5,,5.2,,12.9,,12.9,,0,,3,,18,E,78,E,0,,17.6,,,M,,M
-52.742777777777775,47.62222222222222,ST JOHN'S A,8403506,8403506.1998.1.26,1998-01-26 00:00:00,NL,1998,1,26,-4,,-6.9,,-1,,0,T,0,,0,T,0,T,25,E,83,E,0,,22,,,M,,M
-52.742777777777775,47.62222222222222,ST JOHN'S A,8403506,8403506.1998.1.27,1998-01-27 00:00:00,NL,1998,1,27,-7.2,,-8.7,,-5.6,,0.2,,0,,0.2,,1,,25,E,56,E,0,,25.2,,,M,,M
-52.742777777777775,47.62222222222222,ST JOHN'S A,8403506,8403506.1998.1.28,1998-01-28 00:00:00,NL,1998,1,28,-5.3,,-8.8,,-1.8,,0,,0,,0,,0,T,26,E,50,E,0,,23.3,,,M,,M
-52.742777777777775,47.62222222222222,ST JOHN'S A,8403506,8403506.1998.1.29,1998-01-29 00:00:00,NL,1998,1,29,-5.4,,-9.6,,-1.2,,0,,0,,0,,0,T,9,E,52,E,0,,23.4,,,M,,M
-52.742777777777775,47.62222222222222,ST JOHN'S A,8403506,8403506.1998.1.30,1998-01-30 00:00:00,NL,1998,1,30,-0.8,,-2.3,,0.8,,0,T,0,T,0,,0,T,9,E,57,E,0,,18.8,,,M,,M
-52.742777777777775,47.62222222222222,ST JOHN'S A,8403506,8403506.1998.1.31,1998-01-31 00:00:00,NL,1998,1,31,1.1,,-0.4,,2.6,,17.4,,17.4,,0,,0,T,16,E,65,E,0,,16.9,,,M,,M
-52.742777777777775,47.62222222222222,ST JOHN'S A,8403506,8403506.1998.2.1,1998-02-01 00:00:00,NL,1998,2,1,-1.1,,-2.7,,0.6,,0.2,,0.2,,0,T,0,T,1,E,37,E,0,,19.1,,,M,,M
-52.742777777777775,47.62222222222222,ST JOHN'S A,8403506,8403506.1998.2.2,1998-02-02 00:00:00,NL,1998,2,2,-0.5,,-2.1,,1.2,,2.5,,2.5,,0,,0,T,0,,0,,0,,18.5,,,M,,M
-52.742777777777775,47.62222222222222,ST JOHN'S A,8403506,8403506.1998.2.3,1998-02-03 00:00:00,NL,1998,2,3,4.5,,0.8,,8.2,,0.5,,0.5,,0,,0,T,25,E,50,E,0,,13.5,,,M,,M
-52.742777777777775,47.62222222222222,ST JOHN'S A,8403506,8403506.1998.2.4,1998-02-04 00:00:00,NL,1998,2,4,-0.9,,-7.6,,5.9,,0,T,0,T,0,,0,T,27,E,67,E,0,,18.9,,,M,,M
-52.742777777777775,47.62222222222222,ST JOHN'S A,8403506,8403506.1998.2.5,1998-02-05 00:00:00,NL,1998,2,5,-6.9,,-9.6,,-4.1,,0,,0,,0,,0,T,0,,0,,0,,24.9,,,M,,M
-52.742777777777775,47.62222222222222,ST JOHN'S A,8403506,8403506.1998.2.6,1998-02-06 00:00:00,NL,1998,2,6,-5.4,,-6.4,,-4.3,,0,T,0,,0,T,0,T,3,E,46,E,0,,23.4,,,M,,M
-52.742777777777775,47.62222222222222,ST JOHN'S A,8403506,8403506.1998.2.7,1998-02-07 00:00:00,NL,1998,2,7,-8,,-10.1,,-5.9,,0,T,0,,0,T,0,T,29,E,74,E,0,,26,,,M,,M
-52.742777777777775,47.62222222222222,ST JOHN'S A,8403506,8403506.1998.2.8,1998-02-08 00:00:00,NL,1998,2,8,-11.4,,-15.2,,-7.5,,0,T,0,,0,T,0,T,31,E,46,E,0,,29.4,,,M,,M
-52.742777777777775,47.62222222222222,ST JOHN'S A,8403506,8403506.1998.2.9,1998-02-09 00:00:00,NL,1998,2,9,-12.1,,-15.1,,-9,,1,,0,,1.2,,0,T,0,,0,,0,,30.1,,,M,,M
-52.742777777777775,47.62222222222222,ST JOHN'S A,8403506,8403506.1998.2.10,1998-02-10 00:00:00,NL,1998,2,10,-11,,-13.4,,-8.6,,1.5,,0,,1.6,,0,T,33,E,46,E,0,,29,,,M,,M
-52.742777777777775,47.62222222222222,ST JOHN'S A,8403506,8403506.1998.2.11,1998-02-11 00:00:00,NL,1998,2,11,-8.4,,-14,,-2.7,,0,,0,,0,,1,,28,E,33,E,0,,26.4,,,M,,M
-52.742777777777775,47.62222222222222,ST JOHN'S A,8403506,8403506.1998.2.12,1998-02-12 00:00:00,NL,1998,2,12,-4.5,,-9,,0,,0,T,0,T,0,T,1,,16,E,46,E,0,,22.5,,,M,,M
-52.742777777777775,47.62222222222222,ST JOHN'S A,8403506,8403506.1998.2.13,1998-02-13 00:00:00,NL,1998,2,13,0.8,,-2.9,,4.5,,12,,12,,0,T,0,T,15,E,65,E,0,,17.2,,,M,,M
-52.742777777777775,47.62222222222222,ST JOHN'S A,8403506,8403506.1998.2.14,1998-02-14 00:00:00,NL,1998,2,14,-4.7,,-8.7,,-0.7,,0,T,0,,0,T,0,T,24,E,57,E,0,,22.7,,,M,,M
-52.742777777777775,47.62222222222222,ST JOHN'S A,8403506,8403506.1998.2.15,1998-02-15 00:00:00,NL,1998,2,15,-8.5,,-10.5,,-6.5,,0,T,0,T,0,T,0,T,34,E,56,E,0,,26.5,,,M,,M
-52.742777777777775,47.62222222222222,ST JOHN'S A,8403506,8403506.1998.2.16,1998-02-16 00:00:00,NL,1998,2,16,-5.3,,-6.6,,-4,,0.3,,0,T,0.3,,0,T,31,E,56,E,0,,23.3,,,M,,M
-52.742777777777775,47.62222222222222,ST JOHN'S A,8403506,8403506.1998.2.17,1998-02-17 00:00:00,NL,1998,2,17,-4.7,,-7,,-2.4,,0,,0,,0,,0,T,0,,0,,0,,22.7,,,M,,M
-52.742777777777775,47.62222222222222,ST JOHN'S A,8403506,8403506.1998.2.18,1998-02-18 00:00:00,NL,1998,2,18,-6.4,,-9.8,,-3,,0,T,0,,0,T,0,T,0,,0,,0,,24.4,,,M,,M
-52.742777777777775,47.62222222222222,ST JOHN'S A,8403506,8403506.1998.2.19,1998-02-19 00:00:00,NL,1998,2,19,-3.3,,-9.3,,2.8,,0,T,0,,0,T,0,T,0,,0,,0,,21.3,,,M,,M
-52.742777777777775,47.62222222222222,ST JOHN'S A,8403506,8403506.1998.2.20,1998-02-20 00:00:00,NL,1998,2,20,0.4,,-2.7,,3.4,,17.3,,17.3,,0,T,0,T,16,E,56,E,0,,17.6,,,M,,M
-52.742777777777775,47.62222222222222,ST JOHN'S A,8403506,8403506.1998.2.21,1998-02-21 00:00:00,NL,1998,2,21,1.5,,-0.5,,3.5,,16.3,,15.9,,0.4,,0,T,23,E,37,E,0,,16.5,,,M,,M
-52.742777777777775,47.62222222222222,ST JOHN'S A,8403506,8403506.1998.2.22,1998-02-22 00:00:00,NL,1998,2,22,-1.9,,-4.4,,0.6,,3.8,,0,,3.8,,3,,32,E,72,E,0,,19.9,,,M,,M
-52.742777777777775,47.62222222222222,ST JOHN'S A,8403506,8403506.1998.2.23,1998-02-23 00:00:00,NL,1998,2,23,-3.9,,-6.6,,-1.2,,0,T,0,,0,T,3,,32,E,37,E,0,,21.9,,,M,,M
-52.742777777777775,47.62222222222222,ST JOHN'S A,8403506,8403506.1998.2.24,1998-02-24 00:00:00,NL,1998,2,24,-6.4,,-9.5,,-3.3,,0,,0,,0,,0,T,14,,32,,0,,24.4,,,M,,M
-52.742777777777775,47.62222222222222,ST JOHN'S A,8403506,8403506.1998.2.25,1998-02-25 00:00:00,NL,1998,2,25,-1,,-3.6,,1.6,,0,,0,,0,,0,T,11,E,65,E,0,,19,,,M,,M
-52.742777777777775,47.62222222222222,ST JOHN'S A,8403506,8403506.1998.2.26,1998-02-26 00:00:00,NL,1998,2,26,2.8,,1.2,,4.3,,4.2,,4.2,,0,,0,T,12,E,59,E,0,,15.2,,,M,,M
-52.742777777777775,47.62222222222222,ST JOHN'S A,8403506,8403506.1998.2.27,1998-02-27 00:00:00,NL,1998,2,27,3.5,,2.2,,4.7,,2.4,,2.4,,0,,0,T,11,E,56,E,0,,14.5,,,M,,M
-52.742777777777775,47.62222222222222,ST JOHN'S A,8403506,8403506.1998.2.28,1998-02-28 00:00:00,NL,1998,2,28,2.4,,0.8,,4,,0,,0,,0,,0,T,0,,0,,0,,15.6,,,M,,M
-52.742777777777775,47.62222222222222,ST JOHN'S A,8403506,8403506.1998.3.1,1998-03-01 00:00:00,NL,1998,3,1,3.8,,-0.2,,7.7,,0,T,0,T,0,T,0,T,0,,0,,0,,14.2,,,M,,M
-52.742777777777775,47.62222222222222,ST JOHN'S A,8403506,8403506.1998.3.2,1998-03-02 00:00:00,NL,1998,3,2,-0.2,,-0.5,,0.1,,9.8,,9.2,,0.6,,0,T,0,,0,,0,,18.2,,,M,,M
-52.742777777777775,47.62222222222222,ST JOHN'S A,8403506,8403506.1998.3.3,1998-03-03 00:00:00,NL,1998,3,3,-0.3,,-0.6,,0,,4.8,,4.8,,0,,0,T,9,E,37,E,0,,18.3,,,M,,M
-52.742777777777775,47.62222222222222,ST JOHN'S A,8403506,8403506.1998.3.4,1998-03-04 00:00:00,NL,1998,3,4,-0.9,,-1.9,,0.1,,10.3,,7.9,,2.4,,0,T,28,E,46,E,0,,18.9,,,M,,M
-52.742777777777775,47.62222222222222,ST JOHN'S A,8403506,8403506.1998.3.5,1998-03-05 00:00:00,NL,1998,3,5,-1.6,,-3.8,,0.6,,4.7,,0.5,,4.2,,6,,31,E,41,E,0,,19.6,,,M,,M
-52.742777777777775,47.62222222222222,ST JOHN'S A,8403506,8403506.1998.3.6,1998-03-06 00:00:00,NL,1998,3,6,-2.7,,-3.9,,-1.4,,0,T,0,T,0,,2,,4,E,37,E,0,,20.7,,,M,,M
-52.742777777777775,47.62222222222222,ST JOHN'S A,8403506,8403506.1998.3.7,1998-03-07 00:00:00,NL,1998,3,7,-2.7,,-3.3,,-2.1,,0,T,0,T,0,,1,,0,,0,,0,,20.7,,,M,,M
-52.742777777777775,47.62222222222222,ST JOHN'S A,8403506,8403506.1998.3.8,1998-03-08 00:00:00,NL,1998,3,8,-4.3,,-6.2,,-2.4,,0,,0,,0,,1,,0,,0,,0,,22.3,,,M,,M
-52.742777777777775,47.62222222222222,ST JOHN'S A,8403506,8403506.1998.3.9,1998-03-09 00:00:00,NL,1998,3,9,-3.1,,-7.9,,1.7,,0,,0,,0,,1,,17,E,37,E,0,,21.1,,,M,,M
-52.742777777777775,47.62222222222222,ST JOHN'S A,8403506,8403506.1998.3.10,1998-03-10 00:00:00,NL,1998,3,10,-0.1,,-4.3,,4.1,,0,,0,,0,,1,,18,,59,,0,,18.1,,,M,,M
-52.742777777777775,47.62222222222222,ST JOHN'S A,8403506,8403506.1998.3.11,1998-03-11 00:00:00,NL,1998,3,11,4.9,,0.7,,9,,0,T,0,T,0,,0,T,16,E,65,E,0,,13.1,,,M,,M
-52.742777777777775,47.62222222222222,ST JOHN'S A,8403506,8403506.1998.3.12,1998-03-12 00:00:00,NL,1998,3,12,0.1,,-4.2,,4.4,,1.6,,1.6,,0,,0,T,24,E,52,E,0,,17.9,,,M,,M
-52.742777777777775,47.62222222222222,ST JOHN'S A,8403506,8403506.1998.3.13,1998-03-13 00:00:00,NL,1998,3,13,-4,,-6.6,,-1.4,,6.6,,0,,6.6,,5,,28,E,46,E,0,,22,,,M,,M
-52.742777777777775,47.62222222222222,ST JOHN'S A,8403506,8403506.1998.3.14,1998-03-14 00:00:00,NL,1998,3,14,-5.7,,-10.2,,-1.1,,0,T,0,,0,T,4,,27,E,32,E,0,,23.7,,,M,,M
-52.742777777777775,47.62222222222222,ST JOHN'S A,8403506,8403506.1998.3.15,1998-03-15 00:00:00,NL,1998,3,15,-3.8,,-9.8,,2.2,,12.2,,1.2,,11.2,,2,,15,E,89,E,0,,21.8,,,M,,M
-52.742777777777775,47.62222222222222,ST JOHN'S A,8403506,8403506.1998.3.16,1998-03-16 00:00:00,NL,1998,3,16,-1.7,,-3.2,,-0.1,,0,T,0,,0,T,12,,25,E,59,E,0,,19.7,,,M,,M
-52.742777777777775,47.62222222222222,ST JOHN'S A,8403506,8403506.1998.3.17,1998-03-17 00:00:00,NL,1998,3,17,-3.9,,-4.9,,-2.8,,2.5,,0,T,2.4,,10,,32,E,56,E,0,,21.9,,,M,,M
-52.742777777777775,47.62222222222222,ST JOHN'S A,8403506,8403506.1998.3.18,1998-03-18 00:00:00,NL,1998,3,18,-3.1,,-5.6,,-0.5,,0.6,,0,,1,,13,,31,E,52,E,0,,21.1,,,M,,M
-52.742777777777775,47.62222222222222,ST JOHN'S A,8403506,8403506.1998.3.19,1998-03-19 00:00:00,NL,1998,3,19,-3.2,,-6.9,,0.5,,0,T,0,,0,T,12,,30,E,37,E,0,,21.2,,,M,,M
-52.742777777777775,47.62222222222222,ST JOHN'S A,8403506,8403506.1998.3.20,1998-03-20 00:00:00,NL,1998,3,20,-2.8,,-5.6,,0.1,,12,,0.4,,11.6,,12,,20,E,59,E,0,,20.8,,,M,,M
-52.742777777777775,47.62222222222222,ST JOHN'S A,8403506,8403506.1998.3.21,1998-03-21 00:00:00,NL,1998,3,21,-2.4,,-5.6,,0.9,,0.3,,0.3,,0,T,18,,4,E,41,E,0,,20.4,,,M,,M
-52.742777777777775,47.62222222222222,ST JOHN'S A,8403506,8403506.1998.3.22,1998-03-22 00:00:00,NL,1998,3,22,-2.9,,-5.7,,-0.1,,18.2,,12.4,,5.8,,16,,7,E,61,E,0,,20.9,,,M,,M
-52.742777777777775,47.62222222222222,ST JOHN'S A,8403506,8403506.1998.3.23,1998-03-23 00:00:00,NL,1998,3,23,4,,-0.1,,8,,0,T,0,T,0,,15,,24,E,83,E,0,,14,,,M,,M
-52.742777777777775,47.62222222222222,ST JOHN'S A,8403506,8403506.1998.3.24,1998-03-24 00:00:00,NL,1998,3,24,0.4,,-2.3,,3.1,,0,T,0,,0,T,8,,25,E,33,E,0,,17.6,,,M,,M
-52.742777777777775,47.62222222222222,ST JOHN'S A,8403506,8403506.1998.3.25,1998-03-25 00:00:00,NL,1998,3,25,-3,,-7.5,,1.5,,0,T,0,,0,T,5,,29,E,54,E,0,,21,,,M,,M
-52.742777777777775,47.62222222222222,ST JOHN'S A,8403506,8403506.1998.3.26,1998-03-26 00:00:00,NL,1998,3,26,-2.7,,-8,,2.7,,0,,0,,0,,5,,25,E,63,E,0,,20.7,,,M,,M
-52.742777777777775,47.62222222222222,ST JOHN'S A,8403506,8403506.1998.3.27,1998-03-27 00:00:00,NL,1998,3,27,3.9,,0,,7.7,,1.8,,1,,0.8,,5,,25,E,46,E,0,,14.1,,,M,,M
-52.742777777777775,47.62222222222222,ST JOHN'S A,8403506,8403506.1998.3.28,1998-03-28 00:00:00,NL,1998,3,28,-2.4,,-6.9,,2.2,,3.3,,3.1,,0.2,,3,,32,E,56,E,0,,20.4,,,M,,M
-52.742777777777775,47.62222222222222,ST JOHN'S A,8403506,8403506.1998.3.29,1998-03-29 00:00:00,NL,1998,3,29,1,,-4.7,,6.6,,0.9,,0.9,,0,,2,,26,E,80,E,0,,17,,,M,,M
-52.742777777777775,47.62222222222222,ST JOHN'S A,8403506,8403506.1998.3.30,1998-03-30 00:00:00,NL,1998,3,30,2.9,,-0.5,,6.2,,0,T,0,T,0,T,0,T,30,E,52,E,0,,15.1,,,M,,M
-52.742777777777775,47.62222222222222,ST JOHN'S A,8403506,8403506.1998.3.31,1998-03-31 00:00:00,NL,1998,3,31,-0.1,,-3.2,,3,,5.5,,1.9,,3.6,,0,T,0,,0,,0,,18.1,,,M,,M
-52.742777777777775,47.62222222222222,ST JOHN'S A,8403506,8403506.1998.4.1,1998-04-01 00:00:00,NL,1998,4,1,-2,,-5.7,,1.7,,0,T,0,T,0,T,4,,34,E,41,E,0,,20,,,M,,M
-52.742777777777775,47.62222222222222,ST JOHN'S A,8403506,8403506.1998.4.2,1998-04-02 00:00:00,NL,1998,4,2,-0.9,,-3.4,,1.6,,2,,0,,2,,0,T,0,,0,,0,,18.9,,,M,,M
-52.742777777777775,47.62222222222222,ST JOHN'S A,8403506,8403506.1998.4.3,1998-04-03 00:00:00,NL,1998,4,3,-3.2,,-4.4,,-1.9,,13.9,,4.1,,10.4,,7,,8,E,48,E,0,,21.2,,,M,,M
-52.742777777777775,47.62222222222222,ST JOHN'S A,8403506,8403506.1998.4.4,1998-04-04 00:00:00,NL,1998,4,4,-0.8,,-2.4,,0.8,,31.4,,31.4,,0,,7,,9,E,46,E,0,,18.8,,,M,,M
-52.742777777777775,47.62222222222222,ST JOHN'S A,8403506,8403506.1998.4.5,1998-04-05 00:00:00,NL,1998,4,5,0.9,,-0.5,,2.3,,13.5,,13.5,,0,T,3,,13,E,52,E,0,,17.1,,,M,,M
-52.742777777777775,47.62222222222222,ST JOHN'S A,8403506,8403506.1998.4.6,1998-04-06 00:00:00,NL,1998,4,6,6.4,,1.8,,10.9,,1.1,,1.1,,0,,0,T,20,E,65,E,0,,11.6,,,M,,M
-52.742777777777775,47.62222222222222,ST JOHN'S A,8403506,8403506.1998.4.7,1998-04-07 00:00:00,NL,1998,4,7,4.8,,-0.9,,10.4,,6.2,,6.2,,0,,0,T,20,E,46,E,0,,13.2,,,M,,M
-52.742777777777775,47.62222222222222,ST JOHN'S A,8403506,8403506.1998.4.8,1998-04-08 00:00:00,NL,1998,4,8,0.8,,-0.1,,1.7,,65.7,,64.5,,1.2,,0,T,26,E,74,E,0,,17.2,,,M,,M
-52.742777777777775,47.62222222222222,ST JOHN'S A,8403506,8403506.1998.4.9,1998-04-09 00:00:00,NL,1998,4,9,1.4,,-2,,4.8,,0,T,0,,0,T,0,T,24,E,56,E,0,,16.6,,,M,,M
-52.742777777777775,47.62222222222222,ST JOHN'S A,8403506,8403506.1998.4.10,1998-04-10 00:00:00,NL,1998,4,10,1.3,,-4.4,,6.9,,14.2,,12.2,,2,,0,T,9,E,48,E,0,,16.7,,,M,,M
-52.742777777777775,47.62222222222222,ST JOHN'S A,8403506,8403506.1998.4.11,1998-04-11 00:00:00,NL,1998,4,11,3.4,,-0.5,,7.3,,0.5,,0.3,,0.2,,0,T,18,E,37,E,0,,14.6,,,M,,M
-52.742777777777775,47.62222222222222,ST JOHN'S A,8403506,8403506.1998.4.12,1998-04-12 00:00:00,NL,1998,4,12,3.4,,-0.2,,7,,0,T,0,T,0,T,0,T,28,E,37,E,0,,14.6,,,M,,M
-52.742777777777775,47.62222222222222,ST JOHN'S A,8403506,8403506.1998.4.13,1998-04-13 00:00:00,NL,1998,4,13,4.3,,-0.8,,9.4,,18.5,,18.5,,0,T,0,T,18,E,52,E,0,,13.7,,,M,,M
-52.742777777777775,47.62222222222222,ST JOHN'S A,8403506,8403506.1998.4.14,1998-04-14 00:00:00,NL,1998,4,14,10.7,,5,,16.3,,3.6,,3.6,,0,,0,,19,E,70,E,0,,7.3,,,M,,M
-52.742777777777775,47.62222222222222,ST JOHN'S A,8403506,8403506.1998.4.15,1998-04-15 00:00:00,NL,1998,4,15,6.7,,1.4,,11.9,,0,T,0,T,0,,0,,24,E,70,E,0,,11.3,,,M,,M
-52.742777777777775,47.62222222222222,ST JOHN'S A,8403506,8403506.1998.4.16,1998-04-16 00:00:00,NL,1998,4,16,5.7,,1.5,,9.8,,0,,0,,0,,0,,24,E,52,E,0,,12.3,,,M,,M
-52.742777777777775,47.62222222222222,ST JOHN'S A,8403506,8403506.1998.4.17,1998-04-17 00:00:00,NL,1998,4,17,3.1,,-0.2,,6.4,,0,,0,,0,,0,,0,,0,,0,,14.9,,,M,,M
-52.742777777777775,47.62222222222222,ST JOHN'S A,8403506,8403506.1998.4.18,1998-04-18 00:00:00,NL,1998,4,18,8.6,,3.8,,13.3,,10.1,,10.1,,0,,0,,25,E,76,E,0,,9.4,,,M,,M
-52.742777777777775,47.62222222222222,ST JOHN'S A,8403506,8403506.1998.4.19,1998-04-19 00:00:00,NL,1998,4,19,5.4,,1.5,,9.2,,0,,0,,0,,0,,27,E,98,E,0,,12.6,,,M,,M
-52.742777777777775,47.62222222222222,ST JOHN'S A,8403506,8403506.1998.4.20,1998-04-20 00:00:00,NL,1998,4,20,2.8,,-0.6,,6.2,,2.5,,1.3,,1,,0,,13,E,59,E,0,,15.2,,,M,,M
-52.742777777777775,47.62222222222222,ST JOHN'S A,8403506,8403506.1998.4.21,1998-04-21 00:00:00,NL,1998,4,21,3.4,,-1.2,,7.9,,4.7,,4.7,,0,T,0,,24,E,41,E,0,,14.6,,,M,,M
-52.742777777777775,47.62222222222222,ST JOHN'S A,8403506,8403506.1998.4.22,1998-04-22 00:00:00,NL,1998,4,22,2.1,,-1.4,,5.5,,0.4,,0,,0.4,,0,T,23,E,46,E,0,,15.9,,,M,,M
-52.742777777777775,47.62222222222222,ST JOHN'S A,8403506,8403506.1998.4.23,1998-04-23 00:00:00,NL,1998,4,23,1.3,,-2.9,,5.5,,0,T,0,T,0,T,0,,0,,0,,0,,16.7,,,M,,M
-52.742777777777775,47.62222222222222,ST JOHN'S A,8403506,8403506.1998.4.24,1998-04-24 00:00:00,NL,1998,4,24,-1,,-3.7,,1.8,,13.6,,13.6,,0,,0,,13,E,50,E,0,,19,,,M,,M
-52.742777777777775,47.62222222222222,ST JOHN'S A,8403506,8403506.1998.4.25,1998-04-25 00:00:00,NL,1998,4,25,6.2,,1.4,,11,,11.9,,11.9,,0,,0,,25,E,65,E,0,,11.8,,,M,,M
-52.742777777777775,47.62222222222222,ST JOHN'S A,8403506,8403506.1998.4.26,1998-04-26 00:00:00,NL,1998,4,26,3.3,,0.6,,5.9,,10.2,,10.2,,0,,0,,0,,0,,0,,14.7,,,M,,M
-52.742777777777775,47.62222222222222,ST JOHN'S A,8403506,8403506.1998.4.27,1998-04-27 00:00:00,NL,1998,4,27,3.3,,-0.4,,6.9,,1.2,,0.6,,0.6,,0,,26,E,37,E,0,,14.7,,,M,,M
-52.742777777777775,47.62222222222222,ST JOHN'S A,8403506,8403506.1998.4.28,1998-04-28 00:00:00,NL,1998,4,28,0.2,,-0.7,,1,,17.2,,14,,3.2,,1,,29,E,59,E,0,,17.8,,,M,,M
-52.742777777777775,47.62222222222222,ST JOHN'S A,8403506,8403506.1998.4.29,1998-04-29 00:00:00,NL,1998,4,29,4.6,,-0.2,,9.3,,0,T,0,,0,T,0,T,26,E,33,E,0,,13.4,,,M,,M
-52.742777777777775,47.62222222222222,ST JOHN'S A,8403506,8403506.1998.4.30,1998-04-30 00:00:00,NL,1998,4,30,7.2,,-0.2,,14.5,,0,,0,,0,,0,,0,,0,,0,,10.8,,,M,,M
-52.742777777777775,47.62222222222222,ST JOHN'S A,8403506,8403506.1998.5.1,1998-05-01 00:00:00,NL,1998,5,1,6.8,,-0.3,,13.8,,0,,0,,0,,0,,0,,0,,0,,11.2,,,M,,M
-52.742777777777775,47.62222222222222,ST JOHN'S A,8403506,8403506.1998.5.2,1998-05-02 00:00:00,NL,1998,5,2,11.7,,5.2,,18.2,,0,,0,,0,,0,,24,E,41,E,0,,6.3,,,M,,M
-52.742777777777775,47.62222222222222,ST JOHN'S A,8403506,8403506.1998.5.3,1998-05-03 00:00:00,NL,1998,5,3,13.5,,8.1,,18.8,,0,,0,,0,,0,,20,E,52,E,0,,4.5,,,M,,M
-52.742777777777775,47.62222222222222,ST JOHN'S A,8403506,8403506.1998.5.4,1998-05-04 00:00:00,NL,1998,5,4,13.5,,9,,18,,0.2,,0.2,,0,,0,,21,E,59,E,0,,4.5,,,M,,M
-52.742777777777775,47.62222222222222,ST JOHN'S A,8403506,8403506.1998.5.5,1998-05-05 00:00:00,NL,1998,5,5,8.7,,1.7,,15.6,,0,T,0,T,0,,0,,28,E,32,E,0,,9.3,,,M,,M
-52.742777777777775,47.62222222222222,ST JOHN'S A,8403506,8403506.1998.5.6,1998-05-06 00:00:00,NL,1998,5,6,5.1,,1.2,,9,,0,,0,,0,,0,,0,,0,,0,,12.9,,,M,,M
-52.742777777777775,47.62222222222222,ST JOHN'S A,8403506,8403506.1998.5.7,1998-05-07 00:00:00,NL,1998,5,7,11.4,,5.8,,17,,0,,0,,0,,0,,28,E,52,E,0,,6.6,,,M,,M
-52.742777777777775,47.62222222222222,ST JOHN'S A,8403506,8403506.1998.5.8,1998-05-08 00:00:00,NL,1998,5,8,13.9,,8.9,,18.9,,0,,0,,0,,0,,25,E,46,E,0,,4.1,,,M,,M
-52.742777777777775,47.62222222222222,ST JOHN'S A,8403506,8403506.1998.5.9,1998-05-09 00:00:00,NL,1998,5,9,10,,1.2,,18.7,,0,T,0,T,0,,0,,25,E,44,E,0,,8,,,M,,M
-52.742777777777775,47.62222222222222,ST JOHN'S A,8403506,8403506.1998.5.10,1998-05-10 00:00:00,NL,1998,5,10,2.2,,-0.1,,4.5,,0,T,0,T,0,,0,,0,,0,,0,,15.8,,,M,,M
-52.742777777777775,47.62222222222222,ST JOHN'S A,8403506,8403506.1998.5.11,1998-05-11 00:00:00,NL,1998,5,11,3.7,,-0.1,,7.5,,0.3,,0.3,,0,,0,,3,E,48,E,0,,14.3,,,M,,M
-52.742777777777775,47.62222222222222,ST JOHN'S A,8403506,8403506.1998.5.12,1998-05-12 00:00:00,NL,1998,5,12,1.8,,-1.4,,5,,0,,0,,0,,0,,3,E,37,E,0,,16.2,,,M,,M
-52.742777777777775,47.62222222222222,ST JOHN'S A,8403506,8403506.1998.5.13,1998-05-13 00:00:00,NL,1998,5,13,8.3,,0,,16.6,,0,,0,,0,,0,,27,E,46,E,0,,9.7,,,M,,M
-52.742777777777775,47.62222222222222,ST JOHN'S A,8403506,8403506.1998.5.14,1998-05-14 00:00:00,NL,1998,5,14,11.3,,3,,19.5,,0,,0,,0,,0,,25,E,56,E,0,,6.7,,,M,,M
-52.742777777777775,47.62222222222222,ST JOHN'S A,8403506,8403506.1998.5.15,1998-05-15 00:00:00,NL,1998,5,15,12.4,,4.5,,20.2,,0,,0,,0,,0,,25,E,56,E,0,,5.6,,,M,,M
-52.742777777777775,47.62222222222222,ST JOHN'S A,8403506,8403506.1998.5.16,1998-05-16 00:00:00,NL,1998,5,16,3.6,,0.3,,6.9,,18.3,,16.3,,2.2,,0,,2,E,56,E,0,,14.4,,,M,,M
-52.742777777777775,47.62222222222222,ST JOHN'S A,8403506,8403506.1998.5.17,1998-05-17 00:00:00,NL,1998,5,17,1.8,,0.7,,2.8,,83.1,,81.3,,1.8,,0,,33,E,93,E,0,,16.2,,,M,,M
-52.742777777777775,47.62222222222222,ST JOHN'S A,8403506,8403506.1998.5.18,1998-05-18 00:00:00,NL,1998,5,18,2.2,,0.6,,3.8,,3.2,,1.5,,1.7,,0,,35,E,56,E,0,,15.8,,,M,,M
-52.742777777777775,47.62222222222222,ST JOHN'S A,8403506,8403506.1998.5.19,1998-05-19 00:00:00,NL,1998,5,19,3.8,,1.6,,6,,1.8,,1.8,,0,T,0,,32,E,37,E,0,,14.2,,,M,,M
-52.742777777777775,47.62222222222222,ST JOHN'S A,8403506,8403506.1998.5.20,1998-05-20 00:00:00,NL,1998,5,20,6,,2.6,,9.3,,0,,0,,0,,0,,0,,0,,0,,12,,,M,,M
-52.742777777777775,47.62222222222222,ST JOHN'S A,8403506,8403506.1998.5.21,1998-05-21 00:00:00,NL,1998,5,21,10.4,,4.1,,16.6,,0,,0,,0,,0,,24,E,46,E,0,,7.6,,,M,,M
-52.742777777777775,47.62222222222222,ST JOHN'S A,8403506,8403506.1998.5.22,1998-05-22 00:00:00,NL,1998,5,22,10.7,,2,,19.3,,0,,0,,0,,0,,15,E,33,E,0,,7.3,,,M,,M
-52.742777777777775,47.62222222222222,ST JOHN'S A,8403506,8403506.1998.5.23,1998-05-23 00:00:00,NL,1998,5,23,6.2,,3.2,,9.1,,17.1,,17.1,,0,,0,,13,E,46,E,0,,11.8,,,M,,M
-52.742777777777775,47.62222222222222,ST JOHN'S A,8403506,8403506.1998.5.24,1998-05-24 00:00:00,NL,1998,5,24,12.3,,7.2,,17.4,,0,T,0,T,0,,0,,18,E,44,E,0,,5.7,,,M,,M
-52.742777777777775,47.62222222222222,ST JOHN'S A,8403506,8403506.1998.5.25,1998-05-25 00:00:00,NL,1998,5,25,9.7,,5.9,,13.5,,0.2,,0.2,,0,,0,,17,E,32,E,0,,8.3,,,M,,M
-52.742777777777775,47.62222222222222,ST JOHN'S A,8403506,8403506.1998.5.26,1998-05-26 00:00:00,NL,1998,5,26,8,,3,,12.9,,0,,0,,0,,0,,14,E,32,E,0,,10,,,M,,M
-52.742777777777775,47.62222222222222,ST JOHN'S A,8403506,8403506.1998.5.27,1998-05-27 00:00:00,NL,1998,5,27,5.3,,3.2,,7.4,,23,,23,,0,,0,,15,E,63,E,0,,12.7,,,M,,M
-52.742777777777775,47.62222222222222,ST JOHN'S A,8403506,8403506.1998.5.28,1998-05-28 00:00:00,NL,1998,5,28,7.8,,4.2,,11.3,,2.3,,2.3,,0,,0,,29,E,78,E,0,,10.2,,,M,,M
-52.742777777777775,47.62222222222222,ST JOHN'S A,8403506,8403506.1998.5.29,1998-05-29 00:00:00,NL,1998,5,29,9.3,,4.3,,14.2,,0.8,,0.8,,0,,0,,29,E,50,E,0,,8.7,,,M,,M
-52.742777777777775,47.62222222222222,ST JOHN'S A,8403506,8403506.1998.5.30,1998-05-30 00:00:00,NL,1998,5,30,9.4,,5.5,,13.3,,2.3,,2.3,,0,,0,,25,E,57,E,0,,8.6,,,M,,M
-52.742777777777775,47.62222222222222,ST JOHN'S A,8403506,8403506.1998.5.31,1998-05-31 00:00:00,NL,1998,5,31,8.4,,3.1,,13.6,,0.4,,0.4,,0,,0,,24,E,56,E,0,,9.6,,,M,,M
-52.742777777777775,47.62222222222222,ST JOHN'S A,8403506,8403506.1998.6.1,1998-06-01 00:00:00,NL,1998,6,1,9.5,,3.3,,15.6,,44.3,,44.3,,0,,0,,20,E,41,E,0,,8.5,,,M,,M
-52.742777777777775,47.62222222222222,ST JOHN'S A,8403506,8403506.1998.6.2,1998-06-02 00:00:00,NL,1998,6,2,13.4,,7.7,,19,,3.8,,3.8,,0,,0,,26,E,33,E,0,,4.6,,,M,,M
-52.742777777777775,47.62222222222222,ST JOHN'S A,8403506,8403506.1998.6.3,1998-06-03 00:00:00,NL,1998,6,3,9.6,,4.4,,14.7,,0,,0,,0,,0,,12,E,48,E,0,,8.4,,,M,,M
-52.742777777777775,47.62222222222222,ST JOHN'S A,8403506,8403506.1998.6.4,1998-06-04 00:00:00,NL,1998,6,4,6.4,,4,,8.7,,9.7,,9.7,,0,,0,,16,E,33,E,0,,11.6,,,M,,M
-52.742777777777775,47.62222222222222,ST JOHN'S A,8403506,8403506.1998.6.5,1998-06-05 00:00:00,NL,1998,6,5,7.6,,2.6,,12.5,,1.2,,1.2,,0,,0,,0,,0,,0,,10.4,,,M,,M
-52.742777777777775,47.62222222222222,ST JOHN'S A,8403506,8403506.1998.6.6,1998-06-06 00:00:00,NL,1998,6,6,6.2,,3.7,,8.6,,0.6,,0.6,,0,,0,,0,,0,,0,,11.8,,,M,,M
-52.742777777777775,47.62222222222222,ST JOHN'S A,8403506,8403506.1998.6.7,1998-06-07 00:00:00,NL,1998,6,7,6.1,,4,,8.2,,5.7,,5.7,,0,,0,,30,E,46,E,0,,11.9,,,M,,M
-52.742777777777775,47.62222222222222,ST JOHN'S A,8403506,8403506.1998.6.8,1998-06-08 00:00:00,NL,1998,6,8,5,,2.6,,7.4,,1.2,,1.2,,0,,0,,31,E,35,E,0,,13,,,M,,M
-52.742777777777775,47.62222222222222,ST JOHN'S A,8403506,8403506.1998.6.9,1998-06-09 00:00:00,NL,1998,6,9,3.4,,2,,4.8,,6.3,,6.3,,0,,0,,1,E,33,E,0,,14.6,,,M,,M
-52.742777777777775,47.62222222222222,ST JOHN'S A,8403506,8403506.1998.6.10,1998-06-10 00:00:00,NL,1998,6,10,6.5,,4.4,,8.5,,5,,5,,0,,0,,1,E,33,E,0,,11.5,,,M,,M
-52.742777777777775,47.62222222222222,ST JOHN'S A,8403506,8403506.1998.6.11,1998-06-11 00:00:00,NL,1998,6,11,13.1,,6.4,,19.7,,0,T,0,T,0,,0,,25,E,52,E,0,,4.9,,,M,,M
-52.742777777777775,47.62222222222222,ST JOHN'S A,8403506,8403506.1998.6.12,1998-06-12 00:00:00,NL,1998,6,12,13.1,,7.1,,19.1,,0,,0,,0,,0,,26,E,56,E,0,,4.9,,,M,,M
-52.742777777777775,47.62222222222222,ST JOHN'S A,8403506,8403506.1998.6.13,1998-06-13 00:00:00,NL,1998,6,13,14.8,,7.8,,21.8,,0,,0,,0,,0,,26,E,50,E,0,,3.2,,,M,,M
-52.742777777777775,47.62222222222222,ST JOHN'S A,8403506,8403506.1998.6.14,1998-06-14 00:00:00,NL,1998,6,14,13.8,,7.5,,20,,0,,0,,0,,0,,25,E,33,E,0,,4.2,,,M,,M
-52.742777777777775,47.62222222222222,ST JOHN'S A,8403506,8403506.1998.6.15,1998-06-15 00:00:00,NL,1998,6,15,14.8,,7.6,,22,,0,,0,,0,,0,,0,,0,,0,,3.2,,,M,,M
-52.742777777777775,47.62222222222222,ST JOHN'S A,8403506,8403506.1998.6.16,1998-06-16 00:00:00,NL,1998,6,16,11,,6.1,,15.8,,0,,0,,0,,0,,0,,0,,0,,7,,,M,,M
-52.742777777777775,47.62222222222222,ST JOHN'S A,8403506,8403506.1998.6.17,1998-06-17 00:00:00,NL,1998,6,17,12.5,,6.4,,18.6,,0,,0,,0,,0,,0,,0,,0,,5.5,,,M,,M
-52.742777777777775,47.62222222222222,ST JOHN'S A,8403506,8403506.1998.6.18,1998-06-18 00:00:00,NL,1998,6,18,16.9,,10.4,,23.4,,0,T,0,T,0,,0,,22,E,46,E,0,,1.1,,,M,,M
-52.742777777777775,47.62222222222222,ST JOHN'S A,8403506,8403506.1998.6.19,1998-06-19 00:00:00,NL,1998,6,19,20,,14.9,,25.1,,0,,0,,0,,0,,0,,0,,2,,0,,,M,,M
-52.742777777777775,47.62222222222222,ST JOHN'S A,8403506,8403506.1998.6.20,1998-06-20 00:00:00,NL,1998,6,20,16.4,,8,,24.8,,0,,0,,0,,0,,26,E,44,E,0,,1.6,,,M,,M
-52.742777777777775,47.62222222222222,ST JOHN'S A,8403506,8403506.1998.6.21,1998-06-21 00:00:00,NL,1998,6,21,7.3,,4.8,,9.7,,0,T,0,T,0,,0,,0,,0,,0,,10.7,,,M,,M
-52.742777777777775,47.62222222222222,ST JOHN'S A,8403506,8403506.1998.6.22,1998-06-22 00:00:00,NL,1998,6,22,6.3,,4.4,,8.1,,0,T,0,T,0,,0,,0,,0,,0,,11.7,,,M,,M
-52.742777777777775,47.62222222222222,ST JOHN'S A,8403506,8403506.1998.6.23,1998-06-23 00:00:00,NL,1998,6,23,10.4,,6,,14.8,,0,,0,,0,,0,,26,E,33,E,0,,7.6,,,M,,M
-52.742777777777775,47.62222222222222,ST JOHN'S A,8403506,8403506.1998.6.24,1998-06-24 00:00:00,NL,1998,6,24,14.9,,6.4,,23.4,,0,,0,,0,,0,,0,,0,,0,,3.1,,,M,,M
-52.742777777777775,47.62222222222222,ST JOHN'S A,8403506,8403506.1998.6.25,1998-06-25 00:00:00,NL,1998,6,25,18.5,,12.8,,24.2,,0,,0,,0,,0,,26,E,46,E,0.5,,0,,,M,,M
-52.742777777777775,47.62222222222222,ST JOHN'S A,8403506,8403506.1998.6.26,1998-06-26 00:00:00,NL,1998,6,26,17.2,,12.8,,21.5,,0,T,0,T,0,,0,,0,,0,,0,,0.8,,,M,,M
-52.742777777777775,47.62222222222222,ST JOHN'S A,8403506,8403506.1998.6.27,1998-06-27 00:00:00,NL,1998,6,27,10.5,,6.8,,14.1,,17,,17,,0,,0,,1,E,54,E,0,,7.5,,,M,,M
-52.742777777777775,47.62222222222222,ST JOHN'S A,8403506,8403506.1998.6.28,1998-06-28 00:00:00,NL,1998,6,28,7.2,,5.3,,9,,0.7,,0.7,,0,,0,,36,E,52,E,0,,10.8,,,M,,M
-52.742777777777775,47.62222222222222,ST JOHN'S A,8403506,8403506.1998.6.29,1998-06-29 00:00:00,NL,1998,6,29,8.9,,5.4,,12.4,,6.7,,6.7,,0,,0,,35,E,61,E,0,,9.1,,,M,,M
-52.742777777777775,47.62222222222222,ST JOHN'S A,8403506,8403506.1998.6.30,1998-06-30 00:00:00,NL,1998,6,30,16,,8.1,,23.9,,0,T,0,T,0,,0,,23,E,52,E,0,,2,,,M,,M
-52.742777777777775,47.62222222222222,ST JOHN'S A,8403506,8403506.1998.7.1,1998-07-01 00:00:00,NL,1998,7,1,15.2,,11.7,,18.7,,30,,30,,0,,0,,18,E,70,E,0,,2.8,,,M,,M
-52.742777777777775,47.62222222222222,ST JOHN'S A,8403506,8403506.1998.7.2,1998-07-02 00:00:00,NL,1998,7,2,18.1,,13.7,,22.4,,32.4,,32.4,,0,,0,,19,E,61,E,0.1,,0,,,M,,M
-52.742777777777775,47.62222222222222,ST JOHN'S A,8403506,8403506.1998.7.3,1998-07-03 00:00:00,NL,1998,7,3,15.8,,11.9,,19.6,,0,,0,,0,,0,,25,E,46,E,0,,2.2,,,M,,M
-52.742777777777775,47.62222222222222,ST JOHN'S A,8403506,8403506.1998.7.4,1998-07-04 00:00:00,NL,1998,7,4,15,,10.2,,19.7,,0,,0,,0,,0,,0,,0,,0,,3,,,M,,M
-52.742777777777775,47.62222222222222,ST JOHN'S A,8403506,8403506.1998.7.5,1998-07-05 00:00:00,NL,1998,7,5,14.2,,11.3,,17.1,,29,,29,,0,,0,,20,E,41,E,0,,3.8,,,M,,M
-52.742777777777775,47.62222222222222,ST JOHN'S A,8403506,8403506.1998.7.6,1998-07-06 00:00:00,NL,1998,7,6,17.2,,13.8,,20.5,,5.4,,5.4,,0,,0,,24,E,56,E,0,,0.8,,,M,,M
-52.742777777777775,47.62222222222222,ST JOHN'S A,8403506,8403506.1998.7.7,1998-07-07 00:00:00,NL,1998,7,7,16,,11.8,,20.1,,0,,0,,0,,0,,0,,0,,0,,2,,,M,,M
-52.742777777777775,47.62222222222222,ST JOHN'S A,8403506,8403506.1998.7.8,1998-07-08 00:00:00,NL,1998,7,8,18.4,,11.9,,24.8,,0,,0,,0,,0,,26,E,43,E,0.4,,0,,,M,,M
-52.742777777777775,47.62222222222222,ST JOHN'S A,8403506,8403506.1998.7.9,1998-07-09 00:00:00,NL,1998,7,9,15.6,,11,,20.1,,37.6,,37.6,,0,,0,,9,E,43,E,0,,2.4,,,M,,M
-52.742777777777775,47.62222222222222,ST JOHN'S A,8403506,8403506.1998.7.10,1998-07-10 00:00:00,NL,1998,7,10,10.9,,7.7,,14.1,,1.2,,1.2,,0,,0,,34,E,63,E,0,,7.1,,,M,,M
-52.742777777777775,47.62222222222222,ST JOHN'S A,8403506,8403506.1998.7.11,1998-07-11 00:00:00,NL,1998,7,11,8.3,,7.1,,9.4,,0.6,,0.6,,0,,0,,5,E,46,E,0,,9.7,,,M,,M
-52.742777777777775,47.62222222222222,ST JOHN'S A,8403506,8403506.1998.7.12,1998-07-12 00:00:00,NL,1998,7,12,11.1,,9.3,,12.8,,0.4,,0.4,,0,,0,,0,,0,,0,,6.9,,,M,,M
-52.742777777777775,47.62222222222222,ST JOHN'S A,8403506,8403506.1998.7.13,1998-07-13 00:00:00,NL,1998,7,13,14,,10.4,,17.5,,0,,0,,0,,0,,0,,0,,0,,4,,,M,,M
-52.742777777777775,47.62222222222222,ST JOHN'S A,8403506,8403506.1998.7.14,1998-07-14 00:00:00,NL,1998,7,14,15.3,,10.4,,20.2,,0,,0,,0,,0,,0,,0,,0,,2.7,,,M,,M
-52.742777777777775,47.62222222222222,ST JOHN'S A,8403506,8403506.1998.7.15,1998-07-15 00:00:00,NL,1998,7,15,17.8,,11.5,,24,,0.5,,0.5,,0,,0,,0,,0,,0,,0.2,,,M,,M
-52.742777777777775,47.62222222222222,ST JOHN'S A,8403506,8403506.1998.7.16,1998-07-16 00:00:00,NL,1998,7,16,20,,13.8,,26.2,,0,,0,,0,,0,,25,E,39,E,2,,0,,,M,,M
-52.742777777777775,47.62222222222222,ST JOHN'S A,8403506,8403506.1998.7.17,1998-07-17 00:00:00,NL,1998,7,17,22.3,,15.8,,28.8,,0,T,0,T,0,,0,,25,E,43,E,4.3,,0,,,M,,M
-52.742777777777775,47.62222222222222,ST JOHN'S A,8403506,8403506.1998.7.18,1998-07-18 00:00:00,NL,1998,7,18,21.2,,17.2,,25.1,,11.5,,11.5,,0,,0,,21,E,37,E,3.2,,0,,,M,,M
-52.742777777777775,47.62222222222222,ST JOHN'S A,8403506,8403506.1998.7.19,1998-07-19 00:00:00,NL,1998,7,19,19.3,,13.7,,24.8,,1.2,,1.2,,0,,0,,24,E,37,E,1.3,,0,,,M,,M
-52.742777777777775,47.62222222222222,ST JOHN'S A,8403506,8403506.1998.7.20,1998-07-20 00:00:00,NL,1998,7,20,19.2,,13,,25.4,,0,,0,,0,,0,,0,,0,,1.2,,0,,,M,,M
-52.742777777777775,47.62222222222222,ST JOHN'S A,8403506,8403506.1998.7.21,1998-07-21 00:00:00,NL,1998,7,21,17.2,,12.5,,21.8,,0,T,0,T,0,,0,,0,,0,,0,,0.8,,,M,,M
-52.742777777777775,47.62222222222222,ST JOHN'S A,8403506,8403506.1998.7.22,1998-07-22 00:00:00,NL,1998,7,22,16.1,,12.5,,19.6,,0,T,0,T,0,,0,,0,,0,,0,,1.9,,,M,,M
-52.742777777777775,47.62222222222222,ST JOHN'S A,8403506,8403506.1998.7.23,1998-07-23 00:00:00,NL,1998,7,23,17.9,,11.6,,24.1,,0,,0,,0,,0,,25,E,65,E,0,,0.1,,,M,,M
-52.742777777777775,47.62222222222222,ST JOHN'S A,8403506,8403506.1998.7.24,1998-07-24 00:00:00,NL,1998,7,24,17.6,,11.6,,23.5,,8.7,,8.7,,0,,0,,24,E,37,E,0,,0.4,,,M,,M
-52.742777777777775,47.62222222222222,ST JOHN'S A,8403506,8403506.1998.7.25,1998-07-25 00:00:00,NL,1998,7,25,17.9,,13.7,,22,,17.3,,17.3,,0,,0,,22,E,46,E,0,,0.1,,,M,,M
-52.742777777777775,47.62222222222222,ST JOHN'S A,8403506,8403506.1998.7.26,1998-07-26 00:00:00,NL,1998,7,26,17.9,,12.2,,23.5,,0,,0,,0,,0,,26,E,37,E,0,,0.1,,,M,,M
-52.742777777777775,47.62222222222222,ST JOHN'S A,8403506,8403506.1998.7.27,1998-07-27 00:00:00,NL,1998,7,27,16.7,,9.8,,23.5,,0,,0,,0,,0,,0,,0,,0,,1.3,,,M,,M
-52.742777777777775,47.62222222222222,ST JOHN'S A,8403506,8403506.1998.7.28,1998-07-28 00:00:00,NL,1998,7,28,16.7,,9.5,,23.8,,0,,0,,0,,0,,0,,0,,0,,1.3,,,M,,M
-52.742777777777775,47.62222222222222,ST JOHN'S A,8403506,8403506.1998.7.29,1998-07-29 00:00:00,NL,1998,7,29,16.6,,12,,21.2,,0,,0,,0,,0,,0,,0,,0,,1.4,,,M,,M
-52.742777777777775,47.62222222222222,ST JOHN'S A,8403506,8403506.1998.7.30,1998-07-30 00:00:00,NL,1998,7,30,19.2,,13.1,,25.2,,0.2,,0.2,,0,,0,,24,,48,,1.2,,0,,,M,,M
-52.742777777777775,47.62222222222222,ST JOHN'S A,8403506,8403506.1998.7.31,1998-07-31 00:00:00,NL,1998,7,31,20.3,,16.4,,24.1,,0,T,0,T,0,,0,,27,E,37,E,2.3,,0,,,M,,M
-52.742777777777775,47.62222222222222,ST JOHN'S A,8403506,8403506.1998.8.1,1998-08-01 00:00:00,NL,1998,8,1,15.8,,13.5,,18.1,,12,,12,,0,,0,,0,,0,,0,,2.2,,,M,,M
-52.742777777777775,47.62222222222222,ST JOHN'S A,8403506,8403506.1998.8.2,1998-08-02 00:00:00,NL,1998,8,2,18.4,,13.6,,23.2,,0,,0,,0,,0,,24,E,37,E,0.4,,0,,,M,,M
-52.742777777777775,47.62222222222222,ST JOHN'S A,8403506,8403506.1998.8.3,1998-08-03 00:00:00,NL,1998,8,3,19.2,,14.2,,24.1,,0,,0,,0,,0,,25,E,61,E,1.2,,0,,,M,,M
-52.742777777777775,47.62222222222222,ST JOHN'S A,8403506,8403506.1998.8.4,1998-08-04 00:00:00,NL,1998,8,4,18.1,,12.9,,23.3,,0,T,0,T,0,,0,,0,,0,,0.1,,0,,,M,,M
-52.742777777777775,47.62222222222222,ST JOHN'S A,8403506,8403506.1998.8.5,1998-08-05 00:00:00,NL,1998,8,5,17,,11.4,,22.5,,0,,0,,0,,0,,0,,0,,0,,1,,,M,,M
-52.742777777777775,47.62222222222222,ST JOHN'S A,8403506,8403506.1998.8.6,1998-08-06 00:00:00,NL,1998,8,6,15.3,,10.3,,20.2,,0,,0,,0,,0,,0,,0,,0,,2.7,,,M,,M
-52.742777777777775,47.62222222222222,ST JOHN'S A,8403506,8403506.1998.8.7,1998-08-07 00:00:00,NL,1998,8,7,17.3,,10.6,,24,,0,,0,,0,,0,,25,E,37,E,0,,0.7,,,M,,M
-52.742777777777775,47.62222222222222,ST JOHN'S A,8403506,8403506.1998.8.8,1998-08-08 00:00:00,NL,1998,8,8,17.7,,13.5,,21.9,,0,,0,,0,,0,,0,,0,,0,,0.3,,,M,,M
-52.742777777777775,47.62222222222222,ST JOHN'S A,8403506,8403506.1998.8.9,1998-08-09 00:00:00,NL,1998,8,9,21.5,,16.2,,26.8,,0,,0,,0,,0,,26,E,52,E,3.5,,0,,,M,,M
-52.742777777777775,47.62222222222222,ST JOHN'S A,8403506,8403506.1998.8.10,1998-08-10 00:00:00,NL,1998,8,10,23.5,,18.1,,28.8,,0,T,0,T,0,,0,,25,E,56,E,5.5,,0,,,M,,M
-52.742777777777775,47.62222222222222,ST JOHN'S A,8403506,8403506.1998.8.11,1998-08-11 00:00:00,NL,1998,8,11,22.7,,18,,27.3,,0,,0,,0,,0,,25,E,59,E,4.7,,0,,,M,,M
-52.742777777777775,47.62222222222222,ST JOHN'S A,8403506,8403506.1998.8.12,1998-08-12 00:00:00,NL,1998,8,12,22,,17.7,,26.2,,7.2,,7.2,,0,,0,,18,E,43,E,4,,0,,,M,,M
-52.742777777777775,47.62222222222222,ST JOHN'S A,8403506,8403506.1998.8.13,1998-08-13 00:00:00,NL,1998,8,13,20.5,,14.2,,26.8,,1.7,,1.7,,0,,0,,23,E,37,E,2.5,,0,,,M,,M
-52.742777777777775,47.62222222222222,ST JOHN'S A,8403506,8403506.1998.8.14,1998-08-14 00:00:00,NL,1998,8,14,15.7,,11.9,,19.5,,0,T,0,T,0,,0,,24,,46,,0,,2.3,,,M,,M
-52.742777777777775,47.62222222222222,ST JOHN'S A,8403506,8403506.1998.8.15,1998-08-15 00:00:00,NL,1998,8,15,19,,12.9,,25.1,,0,,0,,0,,0,,25,E,57,E,1,,0,,,M,,M
-52.742777777777775,47.62222222222222,ST JOHN'S A,8403506,8403506.1998.8.16,1998-08-16 00:00:00,NL,1998,8,16,19.5,,14.6,,24.3,,0.6,,0.6,,0,,0,,24,E,54,E,1.5,,0,,,M,,M
-52.742777777777775,47.62222222222222,ST JOHN'S A,8403506,8403506.1998.8.17,1998-08-17 00:00:00,NL,1998,8,17,17.9,,13.1,,22.6,,0,,0,,0,,0,,27,E,59,E,0,,0.1,,,M,,M
-52.742777777777775,47.62222222222222,ST JOHN'S A,8403506,8403506.1998.8.18,1998-08-18 00:00:00,NL,1998,8,18,18.1,,12.5,,23.6,,8.4,,8.4,,0,,0,,18,E,67,E,0.1,,0,,,M,,M
-52.742777777777775,47.62222222222222,ST JOHN'S A,8403506,8403506.1998.8.19,1998-08-19 00:00:00,NL,1998,8,19,20.3,,17.1,,23.5,,9,,9,,0,,0,,21,E,41,E,2.3,,0,,,M,,M
-52.742777777777775,47.62222222222222,ST JOHN'S A,8403506,8403506.1998.8.20,1998-08-20 00:00:00,NL,1998,8,20,17.6,,12.9,,22.3,,0,T,0,T,0,,0,,25,E,37,E,0,,0.4,,,M,,M
-52.742777777777775,47.62222222222222,ST JOHN'S A,8403506,8403506.1998.8.21,1998-08-21 00:00:00,NL,1998,8,21,15.8,,11.9,,19.7,,0,,0,,0,,0,,28,E,63,E,0,,2.2,,,M,,M
-52.742777777777775,47.62222222222222,ST JOHN'S A,8403506,8403506.1998.8.22,1998-08-22 00:00:00,NL,1998,8,22,17.4,,12.3,,22.4,,0.2,,0.2,,0,,0,,23,E,37,E,0,,0.6,,,M,,M
-52.742777777777775,47.62222222222222,ST JOHN'S A,8403506,8403506.1998.8.23,1998-08-23 00:00:00,NL,1998,8,23,15.9,,11.9,,19.9,,0,,0,,0,,0,,28,E,46,E,0,,2.1,,,M,,M
-52.742777777777775,47.62222222222222,ST JOHN'S A,8403506,8403506.1998.8.24,1998-08-24 00:00:00,NL,1998,8,24,16.8,,11.7,,21.8,,1.6,,1.6,,0,,0,,17,E,65,E,0,,1.2,,,M,,M
-52.742777777777775,47.62222222222222,ST JOHN'S A,8403506,8403506.1998.8.25,1998-08-25 00:00:00,NL,1998,8,25,18.7,,14.5,,22.8,,26.5,,26.5,,0,,0,,23,E,63,E,0.7,,0,,,M,,M
-52.742777777777775,47.62222222222222,ST JOHN'S A,8403506,8403506.1998.8.26,1998-08-26 00:00:00,NL,1998,8,26,14.7,,11.9,,17.5,,1.6,,1.6,,0,,0,,0,,0,,0,,3.3,,,M,,M
-52.742777777777775,47.62222222222222,ST JOHN'S A,8403506,8403506.1998.8.27,1998-08-27 00:00:00,NL,1998,8,27,12.7,,11.6,,13.8,,10.4,,10.4,,0,,0,,0,,0,,0,,5.3,,,M,,M
-52.742777777777775,47.62222222222222,ST JOHN'S A,8403506,8403506.1998.8.28,1998-08-28 00:00:00,NL,1998,8,28,14.1,,10.4,,17.7,,6.4,,6.4,,0,,0,,0,,0,,0,,3.9,,,M,,M
-52.742777777777775,47.62222222222222,ST JOHN'S A,8403506,8403506.1998.8.29,1998-08-29 00:00:00,NL,1998,8,29,13.4,,10.4,,16.4,,0,T,0,T,0,,0,,0,,0,,0,,4.6,,,M,,M
-52.742777777777775,47.62222222222222,ST JOHN'S A,8403506,8403506.1998.8.30,1998-08-30 00:00:00,NL,1998,8,30,10.7,,8.1,,13.2,,1.9,,1.9,,0,,0,,7,E,46,E,0,,7.3,,,M,,M
-52.742777777777775,47.62222222222222,ST JOHN'S A,8403506,8403506.1998.8.31,1998-08-31 00:00:00,NL,1998,8,31,12.5,,8.3,,16.6,,0,T,0,T,0,,0,,27,E,44,E,0,,5.5,,,M,,M
-52.742777777777775,47.62222222222222,ST JOHN'S A,8403506,8403506.1998.9.1,1998-09-01 00:00:00,NL,1998,9,1,16.4,,12.3,,20.5,,0,T,0,T,0,,0,,26,E,39,E,0,,1.6,,,M,,M
-52.742777777777775,47.62222222222222,ST JOHN'S A,8403506,8403506.1998.9.2,1998-09-02 00:00:00,NL,1998,9,2,14.7,,10.9,,18.5,,0,,0,,0,,0,,0,,0,,0,,3.3,,,M,,M
-52.742777777777775,47.62222222222222,ST JOHN'S A,8403506,8403506.1998.9.3,1998-09-03 00:00:00,NL,1998,9,3,11.2,,10.2,,12.1,,0,T,0,T,0,,0,,7,E,63,E,0,,6.8,,,M,,M
-52.742777777777775,47.62222222222222,ST JOHN'S A,8403506,8403506.1998.9.4,1998-09-04 00:00:00,NL,1998,9,4,10.3,,7.8,,12.7,,0,T,0,T,0,,0,,1,E,37,E,0,,7.7,,,M,,M
-52.742777777777775,47.62222222222222,ST JOHN'S A,8403506,8403506.1998.9.5,1998-09-05 00:00:00,NL,1998,9,5,12.7,,9.8,,15.5,,29.1,,29.1,,0,,0,,13,E,80,E,0,,5.3,,,M,,M
-52.742777777777775,47.62222222222222,ST JOHN'S A,8403506,8403506.1998.9.6,1998-09-06 00:00:00,NL,1998,9,6,10.4,,9,,11.8,,19.7,,19.7,,0,,0,,24,E,102,E,0,,7.6,,,M,,M
-52.742777777777775,47.62222222222222,ST JOHN'S A,8403506,8403506.1998.9.7,1998-09-07 00:00:00,NL,1998,9,7,11.8,,8.4,,15.2,,0,T,0,T,0,,0,,27,E,41,E,0,,6.2,,,M,,M
-52.742777777777775,47.62222222222222,ST JOHN'S A,8403506,8403506.1998.9.8,1998-09-08 00:00:00,NL,1998,9,8,14.1,,10.1,,18.1,,5.6,,5.6,,0,,0,,0,,0,,0,,3.9,,,M,,M
-52.742777777777775,47.62222222222222,ST JOHN'S A,8403506,8403506.1998.9.9,1998-09-09 00:00:00,NL,1998,9,9,20.8,,17.1,,24.4,,0,T,0,T,0,,0,,19,E,48,E,2.8,,0,,,M,,M
-52.742777777777775,47.62222222222222,ST JOHN'S A,8403506,8403506.1998.9.10,1998-09-10 00:00:00,NL,1998,9,10,18,,14.8,,21.2,,21.8,,21.8,,0,,0,,21,E,63,E,0,,0,,,M,,M
-52.742777777777775,47.62222222222222,ST JOHN'S A,8403506,8403506.1998.9.11,1998-09-11 00:00:00,NL,1998,9,11,14.6,,12.6,,16.6,,0,T,0,T,0,,0,,0,,0,,0,,3.4,,,M,,M
-52.742777777777775,47.62222222222222,ST JOHN'S A,8403506,8403506.1998.9.12,1998-09-12 00:00:00,NL,1998,9,12,13.5,,11.8,,15.2,,4.7,,4.7,,0,,0,,0,E,0,E,0,,4.5,,,M,,M
-52.742777777777775,47.62222222222222,ST JOHN'S A,8403506,8403506.1998.9.13,1998-09-13 00:00:00,NL,1998,9,13,14.8,,10.9,,18.6,,0,T,0,T,0,,0,,28,E,44,E,0,,3.2,,,M,,M
-52.742777777777775,47.62222222222222,ST JOHN'S A,8403506,8403506.1998.9.14,1998-09-14 00:00:00,NL,1998,9,14,10.4,,5.3,,15.4,,0,,0,,0,,0,,0,,0,,0,,7.6,,,M,,M
-52.742777777777775,47.62222222222222,ST JOHN'S A,8403506,8403506.1998.9.15,1998-09-15 00:00:00,NL,1998,9,15,8.9,,6,,11.7,,0,,0,,0,,0,,0,,0,,0,,9.1,,,M,,M
-52.742777777777775,47.62222222222222,ST JOHN'S A,8403506,8403506.1998.9.16,1998-09-16 00:00:00,NL,1998,9,16,11.2,,8.6,,13.8,,14.1,,14.1,,0,,0,,26,E,56,E,0,,6.8,,,M,,M
-52.742777777777775,47.62222222222222,ST JOHN'S A,8403506,8403506.1998.9.17,1998-09-17 00:00:00,NL,1998,9,17,10,,7.7,,12.3,,4.8,,4.8,,0,,0,,27,E,91,E,0,,8,,,M,,M
-52.742777777777775,47.62222222222222,ST JOHN'S A,8403506,8403506.1998.9.18,1998-09-18 00:00:00,NL,1998,9,18,6.8,,3.7,,9.8,,3.3,,3.3,,0,,0,,33,E,41,E,0,,11.2,,,M,,M
-52.742777777777775,47.62222222222222,ST JOHN'S A,8403506,8403506.1998.9.19,1998-09-19 00:00:00,NL,1998,9,19,8.7,,3.4,,14,,3,,3,,0,,0,,19,E,41,E,0,,9.3,,,M,,M
-52.742777777777775,47.62222222222222,ST JOHN'S A,8403506,8403506.1998.9.20,1998-09-20 00:00:00,NL,1998,9,20,12.2,,8.6,,15.7,,9.3,,9.3,,0,,0,,22,E,61,E,0,,5.8,,,M,,M
-52.742777777777775,47.62222222222222,ST JOHN'S A,8403506,8403506.1998.9.21,1998-09-21 00:00:00,NL,1998,9,21,10.9,,7.3,,14.4,,0,T,0,T,0,,0,,30,E,41,E,0,,7.1,,,M,,M
-52.742777777777775,47.62222222222222,ST JOHN'S A,8403506,8403506.1998.9.22,1998-09-22 00:00:00,NL,1998,9,22,14.6,,8.4,,20.7,,0,T,0,T,0,,0,,23,E,46,E,0,,3.4,,,M,,M
-52.742777777777775,47.62222222222222,ST JOHN'S A,8403506,8403506.1998.9.23,1998-09-23 00:00:00,NL,1998,9,23,15.4,,13.1,,17.7,,48.1,,48.1,,0,,0,,16,E,85,E,0,,2.6,,,M,,M
-52.742777777777775,47.62222222222222,ST JOHN'S A,8403506,8403506.1998.9.24,1998-09-24 00:00:00,NL,1998,9,24,11.2,,5.8,,16.5,,2.3,,2.3,,0,,0,,25,E,74,E,0,,6.8,,,M,,M
-52.742777777777775,47.62222222222222,ST JOHN'S A,8403506,8403506.1998.9.25,1998-09-25 00:00:00,NL,1998,9,25,8.6,,3.2,,13.9,,0,,0,,0,,0,,0,,0,,0,,9.4,,,M,,M
-52.742777777777775,47.62222222222222,ST JOHN'S A,8403506,8403506.1998.9.26,1998-09-26 00:00:00,NL,1998,9,26,9.2,,3.7,,14.6,,0,,0,,0,,0,,0,,0,,0,,8.8,,,M,,M
-52.742777777777775,47.62222222222222,ST JOHN'S A,8403506,8403506.1998.9.27,1998-09-27 00:00:00,NL,1998,9,27,9,,5.2,,12.7,,0,,0,,0,,0,,0,,0,,0,,9,,,M,,M
-52.742777777777775,47.62222222222222,ST JOHN'S A,8403506,8403506.1998.9.28,1998-09-28 00:00:00,NL,1998,9,28,10.1,,7.5,,12.6,,8,,8,,0,,0,,15,E,74,E,0,,7.9,,,M,,M
-52.742777777777775,47.62222222222222,ST JOHN'S A,8403506,8403506.1998.9.29,1998-09-29 00:00:00,NL,1998,9,29,11.9,,7.1,,16.6,,11.4,,11.4,,0,,0,,17,E,61,E,0,,6.1,,,M,,M
-52.742777777777775,47.62222222222222,ST JOHN'S A,8403506,8403506.1998.9.30,1998-09-30 00:00:00,NL,1998,9,30,10.3,,5.4,,15.2,,0,,0,,0,,0,,25,E,33,E,0,,7.7,,,M,,M
-52.742777777777775,47.62222222222222,ST JOHN'S A,8403506,8403506.1998.10.1,1998-10-01 00:00:00,NL,1998,10,1,14.1,,10.2,,17.9,,0,,0,,0,,0,,17,E,70,E,0,,3.9,,,M,,M
-52.742777777777775,47.62222222222222,ST JOHN'S A,8403506,8403506.1998.10.2,1998-10-02 00:00:00,NL,1998,10,2,11.1,,6.7,,15.5,,0,,0,,0,,0,,16,E,80,E,0,,6.9,,,M,,M
-52.742777777777775,47.62222222222222,ST JOHN'S A,8403506,8403506.1998.10.3,1998-10-03 00:00:00,NL,1998,10,3,9.5,,5.9,,13,,1.1,,1.1,,0,,0,,24,E,69,E,0,,8.5,,,M,,M
-52.742777777777775,47.62222222222222,ST JOHN'S A,8403506,8403506.1998.10.4,1998-10-04 00:00:00,NL,1998,10,4,8.5,,5.3,,11.6,,0,T,0,T,0,,0,,26,E,67,E,0,,9.5,,,M,,M
-52.742777777777775,47.62222222222222,ST JOHN'S A,8403506,8403506.1998.10.5,1998-10-05 00:00:00,NL,1998,10,5,7.4,,4.2,,10.6,,0,T,0,T,0,,0,,26,E,44,E,0,,10.6,,,M,,M
-52.742777777777775,47.62222222222222,ST JOHN'S A,8403506,8403506.1998.10.6,1998-10-06 00:00:00,NL,1998,10,6,5.3,,4,,6.6,,13.4,,13.4,,0,,0,,35,E,63,E,0,,12.7,,,M,,M
-52.742777777777775,47.62222222222222,ST JOHN'S A,8403506,8403506.1998.10.7,1998-10-07 00:00:00,NL,1998,10,7,3.2,,-0.1,,6.4,,3.5,,3.5,,0,,0,,33,E,59,E,0,,14.8,,,M,,M
-52.742777777777775,47.62222222222222,ST JOHN'S A,8403506,8403506.1998.10.8,1998-10-08 00:00:00,NL,1998,10,8,6.7,,0.8,,12.5,,0,,0,,0,,0,,25,E,46,E,0,,11.3,,,M,,M
-52.742777777777775,47.62222222222222,ST JOHN'S A,8403506,8403506.1998.10.9,1998-10-09 00:00:00,NL,1998,10,9,7.7,,5,,10.3,,0.3,,0.3,,0,,0,,0,,0,,0,,10.3,,,M,,M
-52.742777777777775,47.62222222222222,ST JOHN'S A,8403506,8403506.1998.10.10,1998-10-10 00:00:00,NL,1998,10,10,6,,3.5,,8.5,,0,,0,,0,,0,,0,,0,,0,,12,,,M,,M
-52.742777777777775,47.62222222222222,ST JOHN'S A,8403506,8403506.1998.10.11,1998-10-11 00:00:00,NL,1998,10,11,6.2,,2.9,,9.4,,0,,0,,0,,0,,0,,0,,0,,11.8,,,M,,M
-52.742777777777775,47.62222222222222,ST JOHN'S A,8403506,8403506.1998.10.12,1998-10-12 00:00:00,NL,1998,10,12,6.1,,5,,7.1,,0,,0,,0,,0,,0,,0,,0,,11.9,,,M,,M
-52.742777777777775,47.62222222222222,ST JOHN'S A,8403506,8403506.1998.10.13,1998-10-13 00:00:00,NL,1998,10,13,7.9,,6.8,,9,,26,,26,,0,,0,,5,E,50,E,0,,10.1,,,M,,M
-52.742777777777775,47.62222222222222,ST JOHN'S A,8403506,8403506.1998.10.14,1998-10-14 00:00:00,NL,1998,10,14,6.9,,5.4,,8.3,,8.2,,8.2,,0,,0,,2,E,57,E,0,,11.1,,,M,,M
-52.742777777777775,47.62222222222222,ST JOHN'S A,8403506,8403506.1998.10.15,1998-10-15 00:00:00,NL,1998,10,15,7.4,,5.6,,9.1,,0,,0,,0,,0,,9,E,43,E,0,,10.6,,,M,,M
-52.742777777777775,47.62222222222222,ST JOHN'S A,8403506,8403506.1998.10.16,1998-10-16 00:00:00,NL,1998,10,16,8.2,,7.3,,9,,82.2,,82.2,,0,,0,,9,E,56,E,0,,9.8,,,M,,M
-52.742777777777775,47.62222222222222,ST JOHN'S A,8403506,8403506.1998.10.17,1998-10-17 00:00:00,NL,1998,10,17,10.1,,8.2,,11.9,,9.6,,9.6,,0,,0,,10,E,52,E,0,,7.9,,,M,,M
-52.742777777777775,47.62222222222222,ST JOHN'S A,8403506,8403506.1998.10.18,1998-10-18 00:00:00,NL,1998,10,18,8,,7,,9,,0.5,,0.5,,0,,0,,33,E,56,E,0,,10,,,M,,M
-52.742777777777775,47.62222222222222,ST JOHN'S A,8403506,8403506.1998.10.19,1998-10-19 00:00:00,NL,1998,10,19,9.9,,8,,11.8,,1.5,,1.5,,0,,0,,25,E,61,E,0,,8.1,,,M,,M
-52.742777777777775,47.62222222222222,ST JOHN'S A,8403506,8403506.1998.10.20,1998-10-20 00:00:00,NL,1998,10,20,7.9,,5.2,,10.6,,0,,0,,0,,0,,27,E,52,E,0,,10.1,,,M,,M
-52.742777777777775,47.62222222222222,ST JOHN'S A,8403506,8403506.1998.10.21,1998-10-21 00:00:00,NL,1998,10,21,7.2,,3.8,,10.6,,3.4,,3.4,,0,,0,,25,E,32,E,0,,10.8,,,M,,M
-52.742777777777775,47.62222222222222,ST JOHN'S A,8403506,8403506.1998.10.22,1998-10-22 00:00:00,NL,1998,10,22,6.3,,2.9,,9.7,,0.5,,0.5,,0,,0,,25,E,39,E,0,,11.7,,,M,,M
-52.742777777777775,47.62222222222222,ST JOHN'S A,8403506,8403506.1998.10.23,1998-10-23 00:00:00,NL,1998,10,23,4.5,,2.9,,6,,0.2,,0.2,,0,,0,,29,E,37,E,0,,13.5,,,M,,M
-52.742777777777775,47.62222222222222,ST JOHN'S A,8403506,8403506.1998.10.24,1998-10-24 00:00:00,NL,1998,10,24,5.8,,3,,8.6,,0,T,0,T,0,,0,,23,E,56,E,0,,12.2,,,M,,M
-52.742777777777775,47.62222222222222,ST JOHN'S A,8403506,8403506.1998.10.25,1998-10-25 00:00:00,NL,1998,10,25,5.4,,0.5,,10.2,,1.8,,1.8,,0,T,0,,24,E,72,E,0,,12.6,,,M,,M
-52.742777777777775,47.62222222222222,ST JOHN'S A,8403506,8403506.1998.10.26,1998-10-26 00:00:00,NL,1998,10,26,1.7,,-1,,4.4,,0,,0,,0,,0,,29,E,65,E,0,,16.3,,,M,,M
-52.742777777777775,47.62222222222222,ST JOHN'S A,8403506,8403506.1998.10.27,1998-10-27 00:00:00,NL,1998,10,27,0.5,,-2.9,,3.9,,0,,0,,0,,0,,29,,37,,0,,17.5,,,M,,M
-52.742777777777775,47.62222222222222,ST JOHN'S A,8403506,8403506.1998.10.28,1998-10-28 00:00:00,NL,1998,10,28,4.7,,0.1,,9.3,,0,,0,,0,,0,,22,E,39,E,0,,13.3,,,M,,M
-52.742777777777775,47.62222222222222,ST JOHN'S A,8403506,8403506.1998.10.29,1998-10-29 00:00:00,NL,1998,10,29,3.7,,-1.9,,9.2,,0,,0,,0,,0,,0,,0,,0,,14.3,,,M,,M
-52.742777777777775,47.62222222222222,ST JOHN'S A,8403506,8403506.1998.10.30,1998-10-30 00:00:00,NL,1998,10,30,6.6,,4.4,,8.8,,35.9,,35.9,,0,,0,,14,E,59,E,0,,11.4,,,M,,M
-52.742777777777775,47.62222222222222,ST JOHN'S A,8403506,8403506.1998.10.31,1998-10-31 00:00:00,NL,1998,10,31,9.3,,6.8,,11.7,,5.7,,5.7,,0,,0,,0,,0,,0,,8.7,,,M,,M
-52.742777777777775,47.62222222222222,ST JOHN'S A,8403506,8403506.1998.11.1,1998-11-01 00:00:00,NL,1998,11,1,11.1,,7.9,,14.2,,14.3,,14.3,,0,,0,,15,E,37,E,0,,6.9,,,M,,M
-52.742777777777775,47.62222222222222,ST JOHN'S A,8403506,8403506.1998.11.2,1998-11-02 00:00:00,NL,1998,11,2,8,,3.8,,12.2,,2.8,,2.8,,0,,0,,0,,0,,0,,10,,,M,,M
-52.742777777777775,47.62222222222222,ST JOHN'S A,8403506,8403506.1998.11.3,1998-11-03 00:00:00,NL,1998,11,3,4.5,,1.3,,7.7,,10.3,,10.3,,0,,0,,25,E,52,E,0,,13.5,,,M,,M
-52.742777777777775,47.62222222222222,ST JOHN'S A,8403506,8403506.1998.11.4,1998-11-04 00:00:00,NL,1998,11,4,6.5,,3.6,,9.3,,0,T,0,T,0,,0,,21,E,37,E,0,,11.5,,,M,,M
-52.742777777777775,47.62222222222222,ST JOHN'S A,8403506,8403506.1998.11.5,1998-11-05 00:00:00,NL,1998,11,5,6,,2.8,,9.1,,0,T,0,T,0,,0,,26,E,37,E,0,,12,,,M,,M
-52.742777777777775,47.62222222222222,ST JOHN'S A,8403506,8403506.1998.11.6,1998-11-06 00:00:00,NL,1998,11,6,3.7,,1.5,,5.9,,2.8,,2.8,,0,,0,,28,E,41,E,0,,14.3,,,M,,M
-52.742777777777775,47.62222222222222,ST JOHN'S A,8403506,8403506.1998.11.7,1998-11-07 00:00:00,NL,1998,11,7,0.8,,-0.2,,1.8,,0.6,,0,,0.6,,0,,30,E,32,E,0,,17.2,,,M,,M
-52.742777777777775,47.62222222222222,ST JOHN'S A,8403506,8403506.1998.11.8,1998-11-08 00:00:00,NL,1998,11,8,-0.5,,-3.5,,2.5,,0,T,0,,0,T,0,,0,,0,,0,,18.5,,,M,,M
-52.742777777777775,47.62222222222222,ST JOHN'S A,8403506,8403506.1998.11.9,1998-11-09 00:00:00,NL,1998,11,9,0.9,,-3.2,,4.9,,0,,0,,0,,0,,0,,0,,0,,17.1,,,M,,M
-52.742777777777775,47.62222222222222,ST JOHN'S A,8403506,8403506.1998.11.10,1998-11-10 00:00:00,NL,1998,11,10,-0.3,,-2.8,,2.2,,0,T,0,,0,T,0,T,0,,0,,0,,18.3,,,M,,M
-52.742777777777775,47.62222222222222,ST JOHN'S A,8403506,8403506.1998.11.11,1998-11-11 00:00:00,NL,1998,11,11,-0.1,,-4.2,,4.1,,0.4,,0.4,,0,,0,,18,,32,,0,,18.1,,,M,,M
-52.742777777777775,47.62222222222222,ST JOHN'S A,8403506,8403506.1998.11.12,1998-11-12 00:00:00,NL,1998,11,12,6.8,,2.3,,11.2,,7.8,,7.8,,0,,0,,19,E,78,E,0,,11.2,,,M,,M
-52.742777777777775,47.62222222222222,ST JOHN'S A,8403506,8403506.1998.11.13,1998-11-13 00:00:00,NL,1998,11,13,2.4,,-2.3,,7.1,,0,T,0,T,0,T,0,,26,E,56,E,0,,15.6,,,M,,M
-52.742777777777775,47.62222222222222,ST JOHN'S A,8403506,8403506.1998.11.14,1998-11-14 00:00:00,NL,1998,11,14,0.2,,-2.9,,3.3,,0.4,,0,,0.4,,0,,0,,0,,0,,17.8,,,M,,M
-52.742777777777775,47.62222222222222,ST JOHN'S A,8403506,8403506.1998.11.15,1998-11-15 00:00:00,NL,1998,11,15,-0.7,,-5.6,,4.2,,19.6,,16,,3.6,,0,,12,E,82,E,0,,18.7,,,M,,M
-52.742777777777775,47.62222222222222,ST JOHN'S A,8403506,8403506.1998.11.16,1998-11-16 00:00:00,NL,1998,11,16,3.3,,-1.1,,7.6,,15.6,,14.4,,1.2,,0,,24,E,104,E,0,,14.7,,,M,,M
-52.742777777777775,47.62222222222222,ST JOHN'S A,8403506,8403506.1998.11.17,1998-11-17 00:00:00,NL,1998,11,17,1.9,,-1.1,,4.8,,0,,0,,0,,0,,26,E,95,E,0,,16.1,,,M,,M
-52.742777777777775,47.62222222222222,ST JOHN'S A,8403506,8403506.1998.11.18,1998-11-18 00:00:00,NL,1998,11,18,-1.1,,-3.7,,1.5,,0,T,0,,0,T,0,,0,,0,,0,,19.1,,,M,,M
-52.742777777777775,47.62222222222222,ST JOHN'S A,8403506,8403506.1998.11.19,1998-11-19 00:00:00,NL,1998,11,19,-1.1,,-3.4,,1.2,,0,T,0,,0,T,0,T,29,E,52,E,0,,19.1,,,M,,M
-52.742777777777775,47.62222222222222,ST JOHN'S A,8403506,8403506.1998.11.20,1998-11-20 00:00:00,NL,1998,11,20,-1.5,,-4.5,,1.5,,0,T,0,,0,T,0,T,16,E,46,E,0,,19.5,,,M,,M
-52.742777777777775,47.62222222222222,ST JOHN'S A,8403506,8403506.1998.11.21,1998-11-21 00:00:00,NL,1998,11,21,6.7,,1.4,,12,,27.6,,26.2,,1.4,,0,,17,E,100,E,0,,11.3,,,M,,M
-52.742777777777775,47.62222222222222,ST JOHN'S A,8403506,8403506.1998.11.22,1998-11-22 00:00:00,NL,1998,11,22,1.1,,-1.2,,3.3,,0,T,0,T,0,T,0,,30,E,37,E,0,,16.9,,,M,,M
-52.742777777777775,47.62222222222222,ST JOHN'S A,8403506,8403506.1998.11.23,1998-11-23 00:00:00,NL,1998,11,23,2.8,,-1,,6.5,,0,T,0,T,0,,0,,25,E,70,E,0,,15.2,,,M,,M
-52.742777777777775,47.62222222222222,ST JOHN'S A,8403506,8403506.1998.11.24,1998-11-24 00:00:00,NL,1998,11,24,9.8,,6.3,,13.3,,1.8,,1.8,,0,,0,,21,E,87,E,0,,8.2,,,M,,M
-52.742777777777775,47.62222222222222,ST JOHN'S A,8403506,8403506.1998.11.25,1998-11-25 00:00:00,NL,1998,11,25,3.2,,-0.2,,6.5,,1.8,,0,,1.8,,0,,33,E,54,E,0,,14.8,,,M,,M
-52.742777777777775,47.62222222222222,ST JOHN'S A,8403506,8403506.1998.11.26,1998-11-26 00:00:00,NL,1998,11,26,-2.9,,-5.5,,-0.2,,0.4,,0,,0.4,,0,T,32,E,85,E,0,,20.9,,,M,,M
-52.742777777777775,47.62222222222222,ST JOHN'S A,8403506,8403506.1998.11.27,1998-11-27 00:00:00,NL,1998,11,27,2,,-5,,8.9,,6.6,,6.6,,0,,0,T,16,E,74,E,0,,16,,,M,,M
-52.742777777777775,47.62222222222222,ST JOHN'S A,8403506,8403506.1998.11.28,1998-11-28 00:00:00,NL,1998,11,28,5.8,,0.9,,10.6,,7.2,,7.2,,0,,0,,18,E,57,E,0,,12.2,,,M,,M
-52.742777777777775,47.62222222222222,ST JOHN'S A,8403506,8403506.1998.11.29,1998-11-29 00:00:00,NL,1998,11,29,0.5,,-1,,2,,6.5,,0,T,7,,0,T,25,E,37,E,0,,17.5,,,M,,M
-52.742777777777775,47.62222222222222,ST JOHN'S A,8403506,8403506.1998.11.30,1998-11-30 00:00:00,NL,1998,11,30,-3.6,,-6.2,,-0.9,,3.4,,0,,5.6,,7,,32,E,37,E,0,,21.6,,,M,,M
-52.742777777777775,47.62222222222222,ST JOHN'S A,8403506,8403506.1998.12.1,1998-12-01 00:00:00,NL,1998,12,1,-1.1,,-5.6,,3.4,,6.2,,5.6,,0.6,,6,,15,E,74,E,0,,19.1,,,M,,M
-52.742777777777775,47.62222222222222,ST JOHN'S A,8403506,8403506.1998.12.2,1998-12-02 00:00:00,NL,1998,12,2,2.3,,-2.2,,6.7,,4.8,,4.8,,0,,0,,28,,89,,0,,15.7,,,M,,M
-52.742777777777775,47.62222222222222,ST JOHN'S A,8403506,8403506.1998.12.3,1998-12-03 00:00:00,NL,1998,12,3,-1.4,,-3.3,,0.6,,0,T,0,T,0,T,0,,27,E,85,E,0,,19.4,,,M,,M
-52.742777777777775,47.62222222222222,ST JOHN'S A,8403506,8403506.1998.12.4,1998-12-04 00:00:00,NL,1998,12,4,-0.7,,-2.9,,1.6,,0,,0,,0,,0,,25,E,93,E,0,,18.7,,,M,,M
-52.742777777777775,47.62222222222222,ST JOHN'S A,8403506,8403506.1998.12.5,1998-12-05 00:00:00,NL,1998,12,5,-2,,-3.7,,-0.3,,0.4,,0,,0.4,,0,,30,E,52,E,0,,20,,,M,,M
-52.742777777777775,47.62222222222222,ST JOHN'S A,8403506,8403506.1998.12.6,1998-12-06 00:00:00,NL,1998,12,6,-2.3,,-4,,-0.5,,0,T,0,,0,T,0,T,30,E,65,E,0,,20.3,,,M,,M
-52.742777777777775,47.62222222222222,ST JOHN'S A,8403506,8403506.1998.12.7,1998-12-07 00:00:00,NL,1998,12,7,3.2,,-4,,10.3,,8.4,,8.4,,0,,0,T,22,E,89,E,0,,14.8,,,M,,M
-52.742777777777775,47.62222222222222,ST JOHN'S A,8403506,8403506.1998.12.8,1998-12-08 00:00:00,NL,1998,12,8,-0.4,,-2.7,,1.9,,0,,0,,0,,0,,29,E,111,E,0,,18.4,,,M,,M
-52.742777777777775,47.62222222222222,ST JOHN'S A,8403506,8403506.1998.12.9,1998-12-09 00:00:00,NL,1998,12,9,-2,,-5.8,,1.8,,4.2,,0,,4.2,,0,,28,E,32,E,0,,20,,,M,,M
-52.742777777777775,47.62222222222222,ST JOHN'S A,8403506,8403506.1998.12.10,1998-12-10 00:00:00,NL,1998,12,10,-3.6,,-5.9,,-1.3,,0,T,0,,0,T,3,,29,E,72,E,0,,21.6,,,M,,M
-52.742777777777775,47.62222222222222,ST JOHN'S A,8403506,8403506.1998.12.11,1998-12-11 00:00:00,NL,1998,12,11,-2.6,,-4.7,,-0.5,,0.4,,0,,0.4,,1,,27,E,57,E,0,,20.6,,,M,,M
-52.742777777777775,47.62222222222222,ST JOHN'S A,8403506,8403506.1998.12.12,1998-12-12 00:00:00,NL,1998,12,12,-5.3,,-6.6,,-4,,0.4,,0,,0.6,,1,,31,E,33,E,0,,23.3,,,M,,M
-52.742777777777775,47.62222222222222,ST JOHN'S A,8403506,8403506.1998.12.13,1998-12-13 00:00:00,NL,1998,12,13,-2.3,,-5.4,,0.8,,1.1,,0,,2,,0,T,27,E,33,E,0,,20.3,,,M,,M
-52.742777777777775,47.62222222222222,ST JOHN'S A,8403506,8403506.1998.12.14,1998-12-14 00:00:00,NL,1998,12,14,-0.7,,-3.6,,2.2,,3,,0,T,3,,0,T,35,E,32,E,0,,18.7,,,M,,M
-52.742777777777775,47.62222222222222,ST JOHN'S A,8403506,8403506.1998.12.15,1998-12-15 00:00:00,NL,1998,12,15,-2.4,,-5,,0.2,,0.4,,0,,0.4,,1,,28,E,50,E,0,,20.4,,,M,,M
-52.742777777777775,47.62222222222222,ST JOHN'S A,8403506,8403506.1998.12.16,1998-12-16 00:00:00,NL,1998,12,16,1.3,,-1.5,,4,,0,T,0,,0,T,1,,26,E,50,E,0,,16.7,,,M,,M
-52.742777777777775,47.62222222222222,ST JOHN'S A,8403506,8403506.1998.12.17,1998-12-17 00:00:00,NL,1998,12,17,0.1,,-2.2,,2.3,,22.3,,22.3,,0,,0,T,7,E,56,E,0,,17.9,,,M,,M
-52.742777777777775,47.62222222222222,ST JOHN'S A,8403506,8403506.1998.12.18,1998-12-18 00:00:00,NL,1998,12,18,4.2,,0.2,,8.2,,19.7,,19.7,,0,,0,,23,E,65,E,0,,13.8,,,M,,M
-52.742777777777775,47.62222222222222,ST JOHN'S A,8403506,8403506.1998.12.19,1998-12-19 00:00:00,NL,1998,12,19,-1.5,,-6.9,,4,,0,T,0,T,0,T,0,,28,E,98,E,0,,19.5,,,M,,M
-52.742777777777775,47.62222222222222,ST JOHN'S A,8403506,8403506.1998.12.20,1998-12-20 00:00:00,NL,1998,12,20,-2,,-7.4,,3.4,,3.2,,1.2,,1.8,,0,,25,E,70,E,0,,20,,,M,,M
-52.742777777777775,47.62222222222222,ST JOHN'S A,8403506,8403506.1998.12.21,1998-12-21 00:00:00,NL,1998,12,21,-8,,-11,,-5,,0,,0,,0,,0,T,30,E,56,E,0,,26,,,M,,M
-52.742777777777775,47.62222222222222,ST JOHN'S A,8403506,8403506.1998.12.22,1998-12-22 00:00:00,NL,1998,12,22,3.1,,-7.2,,13.3,,14.8,,14.8,,0,,0,T,24,E,102,E,0,,14.9,,,M,,M
-52.742777777777775,47.62222222222222,ST JOHN'S A,8403506,8403506.1998.12.23,1998-12-23 00:00:00,NL,1998,12,23,-3.2,,-9,,2.7,,0.8,,0,T,0.8,,0,T,27,E,120,E,0,,21.2,,,M,,M
-52.742777777777775,47.62222222222222,ST JOHN'S A,8403506,8403506.1998.12.24,1998-12-24 00:00:00,NL,1998,12,24,-6.9,,-9.4,,-4.3,,8,,0,,8.4,,0,T,27,E,65,E,0,,24.9,,,M,,M
-52.742777777777775,47.62222222222222,ST JOHN'S A,8403506,8403506.1998.12.25,1998-12-25 00:00:00,NL,1998,12,25,-7.5,,-10.2,,-4.7,,3.8,,0,,5.2,,12,,28,E,83,E,0,,25.5,,,M,,M
-52.742777777777775,47.62222222222222,ST JOHN'S A,8403506,8403506.1998.12.26,1998-12-26 00:00:00,NL,1998,12,26,-8.5,,-11.4,,-5.6,,0,,0,,0,,10,,28,E,65,E,0,,26.5,,,M,,M
-52.742777777777775,47.62222222222222,ST JOHN'S A,8403506,8403506.1998.12.27,1998-12-27 00:00:00,NL,1998,12,27,-3.9,,-5.8,,-2,,21.3,,0,,21.3,,18,,28,E,57,E,0,,21.9,,,M,,M
-52.742777777777775,47.62222222222222,ST JOHN'S A,8403506,8403506.1998.12.28,1998-12-28 00:00:00,NL,1998,12,28,-2.6,,-7.4,,2.3,,0.4,,0.4,,0,,32,,24,E,54,E,0,,20.6,,,M,,M
-52.742777777777775,47.62222222222222,ST JOHN'S A,8403506,8403506.1998.12.29,1998-12-29 00:00:00,NL,1998,12,29,-2.3,,-6.9,,2.4,,0.2,,0.2,,0,,28,,1,E,37,E,0,,20.3,,,M,,M
-52.742777777777775,47.62222222222222,ST JOHN'S A,8403506,8403506.1998.12.30,1998-12-30 00:00:00,NL,1998,12,30,1.6,,-5.9,,9,,15.9,,15.9,,0,T,10,,12,,70,,0,,16.4,,,M,,M
-52.742777777777775,47.62222222222222,ST JOHN'S A,8403506,8403506.1998.12.31,1998-12-31 00:00:00,NL,1998,12,31,-1.4,,-7.1,,4.4,,3.2,,1,,2.2,,2,,26,E,89,E,0,,19.4,,,M,,M
-52.742777777777775,47.62222222222222,ST JOHN'S A,8403506,8403506.1999.1.1,1999-01-01 00:00:00,NL,1999,1,1,-10.7,,-14.8,,-6.5,,4,,0,,4,,2,,28,E,52,E,0,,28.7,,,M,,M
-52.742777777777775,47.62222222222222,ST JOHN'S A,8403506,8403506.1999.1.2,1999-01-02 00:00:00,NL,1999,1,2,-10.5,,-13.5,,-7.5,,1.3,,0,,1.6,,5,,28,E,63,E,0,,28.5,,,M,,M
-52.742777777777775,47.62222222222222,ST JOHN'S A,8403506,8403506.1999.1.3,1999-01-03 00:00:00,NL,1999,1,3,-6.1,,-12.7,,0.5,,1.6,,0,T,1.7,,7,,27,E,74,E,0,,24.1,,,M,,M
-52.742777777777775,47.62222222222222,ST JOHN'S A,8403506,8403506.1999.1.4,1999-01-04 00:00:00,NL,1999,1,4,0.7,,-3.7,,5.1,,5.5,,3.3,,2.2,,7,,16,E,74,E,0,,17.3,,,M,,M
-52.742777777777775,47.62222222222222,ST JOHN'S A,8403506,8403506.1999.1.5,1999-01-05 00:00:00,NL,1999,1,5,-1.8,,-5,,1.4,,0,T,0,,0,T,4,,27,E,70,E,0,,19.8,,,M,,M
-52.742777777777775,47.62222222222222,ST JOHN'S A,8403506,8403506.1999.1.6,1999-01-06 00:00:00,NL,1999,1,6,-9.1,,-13.1,,-5,,0.4,,0,,0.4,,4,,0,,0,,0,,27.1,,,M,,M
-52.742777777777775,47.62222222222222,ST JOHN'S A,8403506,8403506.1999.1.7,1999-01-07 00:00:00,NL,1999,1,7,-5.8,,-13.4,,1.9,,8.8,,5.4,,3.4,,2,,16,E,69,E,0,,23.8,,,M,,M
-52.742777777777775,47.62222222222222,ST JOHN'S A,8403506,8403506.1999.1.8,1999-01-08 00:00:00,NL,1999,1,8,-4.6,,-11.4,,2.3,,2,,2,,0,T,3,,25,E,82,E,0,,22.6,,,M,,M
-52.742777777777775,47.62222222222222,ST JOHN'S A,8403506,8403506.1999.1.9,1999-01-09 00:00:00,NL,1999,1,9,-2.8,,-12.9,,7.4,,3.3,,0.7,,3,,3,,20,E,100,E,0,,20.8,,,M,,M
-52.742777777777775,47.62222222222222,ST JOHN'S A,8403506,8403506.1999.1.10,1999-01-10 00:00:00,NL,1999,1,10,6.2,,0.1,,12.3,,39.5,,39.5,,0,,0,,21,E,106,E,0,,11.8,,,M,,M
-52.742777777777775,47.62222222222222,ST JOHN'S A,8403506,8403506.1999.1.11,1999-01-11 00:00:00,NL,1999,1,11,-0.7,,-1.9,,0.5,,32.5,,32.5,,0,,0,,0,,0,,0,,18.7,,,M,,M
-52.742777777777775,47.62222222222222,ST JOHN'S A,8403506,8403506.1999.1.12,1999-01-12 00:00:00,NL,1999,1,12,-1.6,,-5.3,,2.2,,0.8,,0.2,,0.6,,0,T,20,E,70,E,0,,19.6,,,M,,M
-52.742777777777775,47.62222222222222,ST JOHN'S A,8403506,8403506.1999.1.13,1999-01-13 00:00:00,NL,1999,1,13,2.6,,-0.7,,5.8,,3.2,,3.2,,0,T,0,T,23,E,74,E,0,,15.4,,,M,,M
-52.742777777777775,47.62222222222222,ST JOHN'S A,8403506,8403506.1999.1.14,1999-01-14 00:00:00,NL,1999,1,14,-7.2,,-13.7,,-0.7,,0,T,0,T,0,T,0,T,31,E,56,E,0,,25.2,,,M,,M
-52.742777777777775,47.62222222222222,ST JOHN'S A,8403506,8403506.1999.1.15,1999-01-15 00:00:00,NL,1999,1,15,-8.6,,-13.8,,-3.4,,0,T,0,,0,T,0,T,30,E,33,E,0,,26.6,,,M,,M
-52.742777777777775,47.62222222222222,ST JOHN'S A,8403506,8403506.1999.1.16,1999-01-16 00:00:00,NL,1999,1,16,2,,-3.4,,7.3,,17.3,,17.3,,0,,0,T,25,E,87,E,0,,16,,,M,,M
-52.742777777777775,47.62222222222222,ST JOHN'S A,8403506,8403506.1999.1.17,1999-01-17 00:00:00,NL,1999,1,17,-0.6,,-2.4,,1.2,,0,T,0,T,0,T,0,,26,E,82,E,0,,18.6,,,M,,M
-52.742777777777775,47.62222222222222,ST JOHN'S A,8403506,8403506.1999.1.18,1999-01-18 00:00:00,NL,1999,1,18,-3.1,,-4.7,,-1.4,,0,T,0,,0,T,0,T,29,E,74,E,0,,21.1,,,M,,M
-52.742777777777775,47.62222222222222,ST JOHN'S A,8403506,8403506.1999.1.19,1999-01-19 00:00:00,NL,1999,1,19,0.2,,-6.2,,6.6,,9.9,,9.9,,0,,0,T,16,E,69,E,0,,17.8,,,M,,M
-52.742777777777775,47.62222222222222,ST JOHN'S A,8403506,8403506.1999.1.20,1999-01-20 00:00:00,NL,1999,1,20,1.5,,-0.9,,3.9,,0,,0,,0,,0,,25,E,74,E,0,,16.5,,,M,,M
-52.742777777777775,47.62222222222222,ST JOHN'S A,8403506,8403506.1999.1.21,1999-01-21 00:00:00,NL,1999,1,21,-3.2,,-6.4,,0.1,,0.5,,0,,0.5,,0,,25,E,56,E,0,,21.2,,,M,,M
-52.742777777777775,47.62222222222222,ST JOHN'S A,8403506,8403506.1999.1.22,1999-01-22 00:00:00,NL,1999,1,22,-4.9,,-6.1,,-3.7,,0.2,,0,,0.2,,1,,28,E,56,E,0,,22.9,,,M,,M
-52.742777777777775,47.62222222222222,ST JOHN'S A,8403506,8403506.1999.1.23,1999-01-23 00:00:00,NL,1999,1,23,-5.8,,-8.1,,-3.5,,0,T,0,T,0,T,0,T,0,,0,,0,,23.8,,,M,,M
-52.742777777777775,47.62222222222222,ST JOHN'S A,8403506,8403506.1999.1.24,1999-01-24 00:00:00,NL,1999,1,24,2.8,,-5.8,,11.3,,7.4,,3.2,,4.8,,2,,24,E,78,E,0,,15.2,,,M,,M
-52.742777777777775,47.62222222222222,ST JOHN'S A,8403506,8403506.1999.1.25,1999-01-25 00:00:00,NL,1999,1,25,5.1,,-3.8,,13.9,,0.5,,0.5,,0,,0,,23,E,107,E,0,,12.9,,,M,,M
-52.742777777777775,47.62222222222222,ST JOHN'S A,8403506,8403506.1999.1.26,1999-01-26 00:00:00,NL,1999,1,26,-4.5,,-7.1,,-1.8,,0,,0,,0,,0,,26,E,59,E,0,,22.5,,,M,,M
-52.742777777777775,47.62222222222222,ST JOHN'S A,8403506,8403506.1999.1.27,1999-01-27 00:00:00,NL,1999,1,27,-3.6,,-5.1,,-2.1,,8.6,,0,T,8.6,,1,,2,E,46,E,0,,21.6,,,M,,M
-52.742777777777775,47.62222222222222,ST JOHN'S A,8403506,8403506.1999.1.28,1999-01-28 00:00:00,NL,1999,1,28,-7.8,,-11.3,,-4.3,,3.4,,0,,3.4,,7,,26,E,37,E,0,,25.8,,,M,,M
-52.742777777777775,47.62222222222222,ST JOHN'S A,8403506,8403506.1999.1.29,1999-01-29 00:00:00,NL,1999,1,29,-8.1,,-11.9,,-4.3,,2.5,,0,,3.8,,12,,31,E,52,E,0,,26.1,,,M,,M
-52.742777777777775,47.62222222222222,ST JOHN'S A,8403506,8403506.1999.1.30,1999-01-30 00:00:00,NL,1999,1,30,-5,,-6.3,,-3.7,,17.9,,0,,17.9,,17,,34,E,85,E,0,,23,,,M,,M
-52.742777777777775,47.62222222222222,ST JOHN'S A,8403506,8403506.1999.1.31,1999-01-31 00:00:00,NL,1999,1,31,-8.4,,-13,,-3.7,,0.8,,0,,0.8,,27,,36,E,67,E,0,,26.4,,,M,,M
-52.742777777777775,47.62222222222222,ST JOHN'S A,8403506,8403506.1999.2.1,1999-02-01 00:00:00,NL,1999,2,1,-8.7,,-13.2,,-4.2,,5.2,,0,,6.8,,10,,24,E,43,E,0,,26.7,,,M,,M
-52.742777777777775,47.62222222222222,ST JOHN'S A,8403506,8403506.1999.2.2,1999-02-02 00:00:00,NL,1999,2,2,-7.3,,-10.5,,-4.1,,1.5,,0,T,1.5,,15,,33,E,69,E,0,,25.3,,,M,,M
-52.742777777777775,47.62222222222222,ST JOHN'S A,8403506,8403506.1999.2.3,1999-02-03 00:00:00,NL,1999,2,3,-6.7,,-9.8,,-3.5,,0,,0,,0,,16,,15,E,56,E,0,,24.7,,,M,,M
-52.742777777777775,47.62222222222222,ST JOHN'S A,8403506,8403506.1999.2.4,1999-02-04 00:00:00,NL,1999,2,4,-2.4,,-4.4,,-0.4,,0.8,,0.8,,0,T,12,,16,E,67,E,0,,20.4,,,M,,M
-52.742777777777775,47.62222222222222,ST JOHN'S A,8403506,8403506.1999.2.5,1999-02-05 00:00:00,NL,1999,2,5,2.5,,-0.7,,5.6,,2.5,,2.5,,0,,7,,15,E,52,E,0,,15.5,,,M,,M
-52.742777777777775,47.62222222222222,ST JOHN'S A,8403506,8403506.1999.2.6,1999-02-06 00:00:00,NL,1999,2,6,5.6,,3.8,,7.3,,12.6,,12.6,,0,,0,T,14,E,56,E,0,,12.4,,,M,,M
-52.742777777777775,47.62222222222222,ST JOHN'S A,8403506,8403506.1999.2.7,1999-02-07 00:00:00,NL,1999,2,7,1.9,,-1.2,,5,,14.2,,14.2,,0,T,0,T,15,E,63,E,0,,16.1,,,M,,M
-52.742777777777775,47.62222222222222,ST JOHN'S A,8403506,8403506.1999.2.8,1999-02-08 00:00:00,NL,1999,2,8,-2.4,,-3.7,,-1,,0,T,0,,0,T,0,T,26,E,43,E,0,,20.4,,,M,,M
-52.742777777777775,47.62222222222222,ST JOHN'S A,8403506,8403506.1999.2.9,1999-02-09 00:00:00,NL,1999,2,9,-3.4,,-4.7,,-2.1,,0,T,0,,0,T,0,T,27,E,37,E,0,,21.4,,,M,,M
-52.742777777777775,47.62222222222222,ST JOHN'S A,8403506,8403506.1999.2.10,1999-02-10 00:00:00,NL,1999,2,10,-2,,-5.4,,1.4,,9,,0,,9,,0,T,16,E,56,E,0,,20,,,M,,M
-52.742777777777775,47.62222222222222,ST JOHN'S A,8403506,8403506.1999.2.11,1999-02-11 00:00:00,NL,1999,2,11,-2.5,,-4.9,,0,,3.8,,0,,3.8,,8,,24,E,56,E,0,,20.5,,,M,,M
-52.742777777777775,47.62222222222222,ST JOHN'S A,8403506,8403506.1999.2.12,1999-02-12 00:00:00,NL,1999,2,12,-5.6,,-7.9,,-3.3,,1,,0,,1,,11,,32,E,37,E,0,,23.6,,,M,,M
-52.742777777777775,47.62222222222222,ST JOHN'S A,8403506,8403506.1999.2.13,1999-02-13 00:00:00,NL,1999,2,13,1.6,,-3.8,,6.9,,0,T,0,T,0,,10,,22,E,50,E,0,,16.4,,,M,,M
-52.742777777777775,47.62222222222222,ST JOHN'S A,8403506,8403506.1999.2.14,1999-02-14 00:00:00,NL,1999,2,14,6.5,,1.5,,11.5,,0,T,0,T,0,,0,T,21,E,50,E,0,,11.5,,,M,,M
-52.742777777777775,47.62222222222222,ST JOHN'S A,8403506,8403506.1999.2.15,1999-02-15 00:00:00,NL,1999,2,15,3.9,,0.4,,7.4,,0.8,,0.8,,0,,0,,17,E,52,E,0,,14.1,,,M,,M
-52.742777777777775,47.62222222222222,ST JOHN'S A,8403506,8403506.1999.2.16,1999-02-16 00:00:00,NL,1999,2,16,4.2,,-1.9,,10.2,,2.1,,2.1,,0,,0,,1,E,35,E,0,,13.8,,,M,,M
-52.742777777777775,47.62222222222222,ST JOHN'S A,8403506,8403506.1999.2.17,1999-02-17 00:00:00,NL,1999,2,17,-4.7,,-7.6,,-1.8,,2.1,,1.9,,0.2,,0,T,36,E,46,E,0,,22.7,,,M,,M
-52.742777777777775,47.62222222222222,ST JOHN'S A,8403506,8403506.1999.2.18,1999-02-18 00:00:00,NL,1999,2,18,-4.8,,-6.8,,-2.7,,0,,0,,0,,0,T,0,,0,,0,,22.8,,,M,,M
-52.742777777777775,47.62222222222222,ST JOHN'S A,8403506,8403506.1999.2.19,1999-02-19 00:00:00,NL,1999,2,19,2.5,,-3.4,,8.4,,2.9,,2.9,,0,T,0,T,21,E,63,E,0,,15.5,,,M,,M
-52.742777777777775,47.62222222222222,ST JOHN'S A,8403506,8403506.1999.2.20,1999-02-20 00:00:00,NL,1999,2,20,2.6,,-0.4,,5.5,,2.9,,2.9,,0,,0,,18,E,54,E,0,,15.4,,,M,,M
-52.742777777777775,47.62222222222222,ST JOHN'S A,8403506,8403506.1999.2.21,1999-02-21 00:00:00,NL,1999,2,21,3.8,,-2,,9.5,,5.2,,5.2,,0,,0,,18,E,69,E,0,,14.2,,,M,,M
-52.742777777777775,47.62222222222222,ST JOHN'S A,8403506,8403506.1999.2.22,1999-02-22 00:00:00,NL,1999,2,22,-3.9,,-6.4,,-1.4,,4.8,,1.8,,3,,0,T,9,E,52,E,0,,21.9,,,M,,M
-52.742777777777775,47.62222222222222,ST JOHN'S A,8403506,8403506.1999.2.23,1999-02-23 00:00:00,NL,1999,2,23,0.8,,-6.5,,8.1,,19.2,,16,,3.2,,2,,25,E,93,E,0,,17.2,,,M,,M
-52.742777777777775,47.62222222222222,ST JOHN'S A,8403506,8403506.1999.2.24,1999-02-24 00:00:00,NL,1999,2,24,-5.3,,-7.4,,-3.1,,2,,0,,2.6,,0,T,27,E,65,E,0,,23.3,,,M,,M
-52.742777777777775,47.62222222222222,ST JOHN'S A,8403506,8403506.1999.2.25,1999-02-25 00:00:00,NL,1999,2,25,-3.7,,-7.4,,0.1,,0,,0,,0,,2,,27,E,32,E,0,,21.7,,,M,,M
-52.742777777777775,47.62222222222222,ST JOHN'S A,8403506,8403506.1999.2.26,1999-02-26 00:00:00,NL,1999,2,26,-1.1,,-3.1,,1,,5.4,,2.2,,3.2,,2,,13,E,59,E,0,,19.1,,,M,,M
-52.742777777777775,47.62222222222222,ST JOHN'S A,8403506,8403506.1999.2.27,1999-02-27 00:00:00,NL,1999,2,27,3.4,,-0.5,,7.2,,24.6,,22.6,,2,,0,T,23,E,46,E,0,,14.6,,,M,,M
-52.742777777777775,47.62222222222222,ST JOHN'S A,8403506,8403506.1999.2.28,1999-02-28 00:00:00,NL,1999,2,28,-2.2,,-4.4,,0,,5.2,,0.4,,4.8,,6,,34,E,65,E,0,,20.2,,,M,,M
-52.742777777777775,47.62222222222222,ST JOHN'S A,8403506,8403506.1999.3.1,1999-03-01 00:00:00,NL,1999,3,1,-2.1,,-5.6,,1.4,,0,,0,,0,,5,,17,E,46,E,0,,20.1,,,M,,M
-52.742777777777775,47.62222222222222,ST JOHN'S A,8403506,8403506.1999.3.2,1999-03-02 00:00:00,NL,1999,3,2,2.5,,-1.2,,6.1,,0,T,0,T,0,,0,T,17,E,65,E,0,,15.5,,,M,,M
-52.742777777777775,47.62222222222222,ST JOHN'S A,8403506,8403506.1999.3.3,1999-03-03 00:00:00,NL,1999,3,3,3.5,,0.6,,6.3,,5.2,,5.2,,0,,0,T,28,E,56,E,0,,14.5,,,M,,M
-52.742777777777775,47.62222222222222,ST JOHN'S A,8403506,8403506.1999.3.4,1999-03-04 00:00:00,NL,1999,3,4,2.8,,-1.8,,7.4,,0,,0,,0,,0,,26,E,37,E,0,,15.2,,,M,,M
-52.742777777777775,47.62222222222222,ST JOHN'S A,8403506,8403506.1999.3.5,1999-03-05 00:00:00,NL,1999,3,5,3,,-1.1,,7.1,,5.2,,5.2,,0,,0,,15,E,63,E,0,,15,,,M,,M
-52.742777777777775,47.62222222222222,ST JOHN'S A,8403506,8403506.1999.3.6,1999-03-06 00:00:00,NL,1999,3,6,-2.6,,-7.4,,2.2,,0.5,,0.5,,0,,0,,29,E,56,E,0,,20.6,,,M,,M
-52.742777777777775,47.62222222222222,ST JOHN'S A,8403506,8403506.1999.3.7,1999-03-07 00:00:00,NL,1999,3,7,-5.1,,-8.9,,-1.3,,0,,0,,0,,0,,12,E,48,E,0,,23.1,,,M,,M
-52.742777777777775,47.62222222222222,ST JOHN'S A,8403506,8403506.1999.3.8,1999-03-08 00:00:00,NL,1999,3,8,-0.5,,-2.4,,1.5,,0,T,0,T,0,,0,,12,E,46,E,0,,18.5,,,M,,M
-52.742777777777775,47.62222222222222,ST JOHN'S A,8403506,8403506.1999.3.9,1999-03-09 00:00:00,NL,1999,3,9,1.5,,-0.1,,3,,0,T,0,T,0,,0,,12,E,52,E,0,,16.5,,,M,,M
-52.742777777777775,47.62222222222222,ST JOHN'S A,8403506,8403506.1999.3.10,1999-03-10 00:00:00,NL,1999,3,10,2.5,,1.1,,3.9,,0,,0,,0,,0,,8,E,56,E,0,,15.5,,,M,,M
-52.742777777777775,47.62222222222222,ST JOHN'S A,8403506,8403506.1999.3.11,1999-03-11 00:00:00,NL,1999,3,11,1.7,,0.8,,2.6,,6.8,,6.8,,0,,0,,7,E,70,E,0,,16.3,,,M,,M
-52.742777777777775,47.62222222222222,ST JOHN'S A,8403506,8403506.1999.3.12,1999-03-12 00:00:00,NL,1999,3,12,0.8,,0,,1.5,,30.8,,30.8,,0,,0,,6,E,65,E,0,,17.2,,,M,,M
-52.742777777777775,47.62222222222222,ST JOHN'S A,8403506,8403506.1999.3.13,1999-03-13 00:00:00,NL,1999,3,13,-0.7,,-1.5,,0.1,,39.9,,24.9,,15,,0,,3,E,63,E,0,,18.7,,,M,,M
-52.742777777777775,47.62222222222222,ST JOHN'S A,8403506,8403506.1999.3.14,1999-03-14 00:00:00,NL,1999,3,14,-2.3,,-3.9,,-0.6,,0,T,0,,0,T,15,,3,E,65,E,0,,20.3,,,M,,M
-52.742777777777775,47.62222222222222,ST JOHN'S A,8403506,8403506.1999.3.15,1999-03-15 00:00:00,NL,1999,3,15,-3.1,,-4.5,,-1.6,,0,,0,,0,,14,,0,,0,,0,,21.1,,,M,,M
-52.742777777777775,47.62222222222222,ST JOHN'S A,8403506,8403506.1999.3.16,1999-03-16 00:00:00,NL,1999,3,16,-0.2,,-3.3,,2.9,,29.5,,28.9,,0.6,,9,,13,E,74,E,0,,18.2,,,M,,M
-52.742777777777775,47.62222222222222,ST JOHN'S A,8403506,8403506.1999.3.17,1999-03-17 00:00:00,NL,1999,3,17,0.6,,-1.8,,3,,0,T,0,T,0,T,4,,22,E,67,E,0,,17.4,,,M,,M
-52.742777777777775,47.62222222222222,ST JOHN'S A,8403506,8403506.1999.3.18,1999-03-18 00:00:00,NL,1999,3,18,0.5,,-2,,3,,0,T,0,,0,T,4,,24,E,48,E,0,,17.5,,,M,,M
-52.742777777777775,47.62222222222222,ST JOHN'S A,8403506,8403506.1999.3.19,1999-03-19 00:00:00,NL,1999,3,19,5.7,,-0.4,,11.8,,10.7,,10.7,,0,,2,,16,,59,,0,,12.3,,,M,,M
-52.742777777777775,47.62222222222222,ST JOHN'S A,8403506,8403506.1999.3.20,1999-03-20 00:00:00,NL,1999,3,20,4,,-0.3,,8.2,,4.8,,4.8,,0,,0,T,25,E,39,E,0,,14,,,M,,M
-52.742777777777775,47.62222222222222,ST JOHN'S A,8403506,8403506.1999.3.21,1999-03-21 00:00:00,NL,1999,3,21,2,,-1.8,,5.8,,0,,0,,0,,0,T,25,E,41,E,0,,16,,,M,,M
-52.742777777777775,47.62222222222222,ST JOHN'S A,8403506,8403506.1999.3.22,1999-03-22 00:00:00,NL,1999,3,22,0,,-3.1,,3.1,,0,,0,,0,,0,,0,,0,,0,,18,,,M,,M
-52.742777777777775,47.62222222222222,ST JOHN'S A,8403506,8403506.1999.3.23,1999-03-23 00:00:00,NL,1999,3,23,1.9,,-2.2,,5.9,,4.2,,4.2,,0,,0,,18,E,65,E,0,,16.1,,,M,,M
-52.742777777777775,47.62222222222222,ST JOHN'S A,8403506,8403506.1999.3.24,1999-03-24 00:00:00,NL,1999,3,24,3.7,,-2.5,,9.8,,0,,0,,0,,0,T,27,E,41,E,0,,14.3,,,M,,M
-52.742777777777775,47.62222222222222,ST JOHN'S A,8403506,8403506.1999.3.25,1999-03-25 00:00:00,NL,1999,3,25,4.2,,-2,,10.4,,0.5,,0.5,,0,,0,T,18,E,48,E,0,,13.8,,,M,,M
-52.742777777777775,47.62222222222222,ST JOHN'S A,8403506,8403506.1999.3.26,1999-03-26 00:00:00,NL,1999,3,26,3.6,,-1.1,,8.2,,0.5,,0.5,,0,,0,,26,E,76,E,0,,14.4,,,M,,M
-52.742777777777775,47.62222222222222,ST JOHN'S A,8403506,8403506.1999.3.27,1999-03-27 00:00:00,NL,1999,3,27,2.1,,-2.1,,6.2,,0,,0,,0,,0,,29,E,54,E,0,,15.9,,,M,,M
-52.742777777777775,47.62222222222222,ST JOHN'S A,8403506,8403506.1999.3.28,1999-03-28 00:00:00,NL,1999,3,28,6.1,,-1.4,,13.6,,0,,0,,0,,0,,26,E,46,E,0,,11.9,,,M,,M
-52.742777777777775,47.62222222222222,ST JOHN'S A,8403506,8403506.1999.3.29,1999-03-29 00:00:00,NL,1999,3,29,8.1,,-0.7,,16.8,,0,,0,,0,,0,,0,,0,,0,,9.9,,,M,,M
-52.742777777777775,47.62222222222222,ST JOHN'S A,8403506,8403506.1999.3.30,1999-03-30 00:00:00,NL,1999,3,30,2.9,,0.1,,5.7,,13.3,,13.3,,0,,0,,16,E,65,E,0,,15.1,,,M,,M
-52.742777777777775,47.62222222222222,ST JOHN'S A,8403506,8403506.1999.3.31,1999-03-31 00:00:00,NL,1999,3,31,1,,-2.3,,4.2,,4.1,,4.1,,0,,0,,23,E,69,E,0,,17,,,M,,M
-52.742777777777775,47.62222222222222,ST JOHN'S A,8403506,8403506.1999.4.1,1999-04-01 00:00:00,NL,1999,4,1,0.7,,-1.8,,3.2,,1.8,,0,,1.8,,0,,35,E,52,E,0,,17.3,,,M,,M
-52.742777777777775,47.62222222222222,ST JOHN'S A,8403506,8403506.1999.4.2,1999-04-02 00:00:00,NL,1999,4,2,0.9,,-1.2,,2.9,,1.6,,0,T,1.6,,2,,34,E,41,E,0,,17.1,,,M,,M
-52.742777777777775,47.62222222222222,ST JOHN'S A,8403506,8403506.1999.4.3,1999-04-03 00:00:00,NL,1999,4,3,0.2,,-0.8,,1.2,,0.2,,0,T,0.2,,0,T,34,E,50,E,0,,17.8,,,M,,M
-52.742777777777775,47.62222222222222,ST JOHN'S A,8403506,8403506.1999.4.4,1999-04-04 00:00:00,NL,1999,4,4,1.9,,-0.5,,4.2,,0,T,0,T,0,T,0,T,0,,0,,0,,16.1,,,M,,M
-52.742777777777775,47.62222222222222,ST JOHN'S A,8403506,8403506.1999.4.5,1999-04-05 00:00:00,NL,1999,4,5,-0.7,,-1.5,,0.1,,69,,1,,68.4,,1,,35,E,83,E,0,,18.7,,,M,,M
-52.742777777777775,47.62222222222222,ST JOHN'S A,8403506,8403506.1999.4.6,1999-04-06 00:00:00,NL,1999,4,6,-3,,-4.5,,-1.4,,13.2,,0,,13.2,,77,,35,E,83,E,0,,21,,,M,,M
-52.742777777777775,47.62222222222222,ST JOHN'S A,8403506,8403506.1999.4.7,1999-04-07 00:00:00,NL,1999,4,7,-2.7,,-5.1,,-0.3,,0,T,0,,0,T,55,,0,,0,,0,,20.7,,,M,,M
-52.742777777777775,47.62222222222222,ST JOHN'S A,8403506,8403506.1999.4.8,1999-04-08 00:00:00,NL,1999,4,8,-0.6,,-3.6,,2.4,,0.4,,0,T,0.4,,40,,16,E,76,E,0,,18.6,,,M,,M
-52.742777777777775,47.62222222222222,ST JOHN'S A,8403506,8403506.1999.4.9,1999-04-09 00:00:00,NL,1999,4,9,3.9,,0.6,,7.2,,6.7,,6.7,,0,,30,,24,E,76,E,0,,14.1,,,M,,M
-52.742777777777775,47.62222222222222,ST JOHN'S A,8403506,8403506.1999.4.10,1999-04-10 00:00:00,NL,1999,4,10,3.2,,-0.1,,6.5,,18.4,,18.4,,0,T,15,,17,E,37,E,0,,14.8,,,M,,M
-52.742777777777775,47.62222222222222,ST JOHN'S A,8403506,8403506.1999.4.11,1999-04-11 00:00:00,NL,1999,4,11,4.4,,0.7,,8.1,,6.2,,6.2,,0,,4,,17,E,80,E,0,,13.6,,,M,,M
-52.742777777777775,47.62222222222222,ST JOHN'S A,8403506,8403506.1999.4.12,1999-04-12 00:00:00,NL,1999,4,12,4.3,,0,,8.6,,9.2,,9.2,,0,,2,,20,E,59,E,0,,13.7,,,M,,M
-52.742777777777775,47.62222222222222,ST JOHN'S A,8403506,8403506.1999.4.13,1999-04-13 00:00:00,NL,1999,4,13,4.9,,1.8,,7.9,,44.6,,44.6,,0,,2,,16,E,65,E,0,,13.1,,,M,,M
-52.742777777777775,47.62222222222222,ST JOHN'S A,8403506,8403506.1999.4.14,1999-04-14 00:00:00,NL,1999,4,14,7.7,,1.6,,13.8,,5.9,,5.9,,0,,0,T,18,E,39,E,0,,10.3,,,M,,M
-52.742777777777775,47.62222222222222,ST JOHN'S A,8403506,8403506.1999.4.15,1999-04-15 00:00:00,NL,1999,4,15,3.2,,0.4,,5.9,,8.2,,8.2,,0,,0,T,0,,0,,0,,14.8,,,M,,M
-52.742777777777775,47.62222222222222,ST JOHN'S A,8403506,8403506.1999.4.16,1999-04-16 00:00:00,NL,1999,4,16,4.4,,1.5,,7.3,,1.1,,1.1,,0,,0,T,26,E,32,E,0,,13.6,,,M,,M
-52.742777777777775,47.62222222222222,ST JOHN'S A,8403506,8403506.1999.4.17,1999-04-17 00:00:00,NL,1999,4,17,3.2,,1.1,,5.3,,0,T,0,T,0,T,0,T,26,E,46,E,0,,14.8,,,M,,M
-52.742777777777775,47.62222222222222,ST JOHN'S A,8403506,8403506.1999.4.18,1999-04-18 00:00:00,NL,1999,4,18,5.5,,1.1,,9.8,,0,T,0,T,0,,0,T,25,E,46,E,0,,12.5,,,M,,M
-52.742777777777775,47.62222222222222,ST JOHN'S A,8403506,8403506.1999.4.19,1999-04-19 00:00:00,NL,1999,4,19,1.9,,-0.5,,4.2,,0,T,0,T,0,T,0,T,35,,37,,0,,16.1,,,M,,M
-52.742777777777775,47.62222222222222,ST JOHN'S A,8403506,8403506.1999.4.20,1999-04-20 00:00:00,NL,1999,4,20,5.1,,-0.3,,10.4,,0,,0,,0,,0,T,27,E,33,E,0,,12.9,,,M,,M
-52.742777777777775,47.62222222222222,ST JOHN'S A,8403506,8403506.1999.4.21,1999-04-21 00:00:00,NL,1999,4,21,6,,-2,,13.9,,0,,0,,0,,0,,25,E,33,E,0,,12,,,M,,M
-52.742777777777775,47.62222222222222,ST JOHN'S A,8403506,8403506.1999.4.22,1999-04-22 00:00:00,NL,1999,4,22,1.9,,-2.1,,5.8,,0,,0,,0,,0,,0,,0,,0,,16.1,,,M,,M
-52.742777777777775,47.62222222222222,ST JOHN'S A,8403506,8403506.1999.4.23,1999-04-23 00:00:00,NL,1999,4,23,2.9,,-2.1,,7.8,,0,,0,,0,,0,,0,,0,,0,,15.1,,,M,,M
-52.742777777777775,47.62222222222222,ST JOHN'S A,8403506,8403506.1999.4.24,1999-04-24 00:00:00,NL,1999,4,24,-0.7,,-2.4,,1,,9.5,,2.4,,7.1,,0,,5,E,65,E,0,,18.7,,,M,,M
-52.742777777777775,47.62222222222222,ST JOHN'S A,8403506,8403506.1999.4.25,1999-04-25 00:00:00,NL,1999,4,25,1.6,,-0.1,,3.3,,7.1,,6.4,,0.7,,2,,29,E,85,E,0,,16.4,,,M,,M
-52.742777777777775,47.62222222222222,ST JOHN'S A,8403506,8403506.1999.4.26,1999-04-26 00:00:00,NL,1999,4,26,4.9,,-0.4,,10.2,,0,,0,,0,,0,T,23,E,48,E,0,,13.1,,,M,,M
-52.742777777777775,47.62222222222222,ST JOHN'S A,8403506,8403506.1999.4.27,1999-04-27 00:00:00,NL,1999,4,27,4.9,,-0.3,,10,,1.8,,1.8,,0,,0,T,8,E,44,E,0,,13.1,,,M,,M
-52.742777777777775,47.62222222222222,ST JOHN'S A,8403506,8403506.1999.4.28,1999-04-28 00:00:00,NL,1999,4,28,3.1,,1.7,,4.4,,70.8,,70.8,,0,,0,,9,E,80,E,0,,14.9,,,M,,M
-52.742777777777775,47.62222222222222,ST JOHN'S A,8403506,8403506.1999.4.29,1999-04-29 00:00:00,NL,1999,4,29,1.6,,0,,3.2,,14.4,,14.2,,0.2,,0,,8,E,61,E,0,,16.4,,,M,,M
-52.742777777777775,47.62222222222222,ST JOHN'S A,8403506,8403506.1999.4.30,1999-04-30 00:00:00,NL,1999,4,30,0.5,,0,,1,,6.9,,5.3,,1.6,,0,T,32,E,46,E,0,,17.5,,,M,,M
-52.742777777777775,47.62222222222222,ST JOHN'S A,8403506,8403506.1999.5.1,1999-05-01 00:00:00,NL,1999,5,1,5.7,,-2,,13.4,,0,T,0,T,0,T,0,,33,E,37,E,0,,12.3,,,M,,M
-52.742777777777775,47.62222222222222,ST JOHN'S A,8403506,8403506.1999.5.2,1999-05-02 00:00:00,NL,1999,5,2,1.2,,-3,,5.4,,0,,0,,0,,0,,0,,0,,0,,16.8,,,M,,M
-52.742777777777775,47.62222222222222,ST JOHN'S A,8403506,8403506.1999.5.3,1999-05-03 00:00:00,NL,1999,5,3,7.7,,1.1,,14.3,,0,,0,,0,,0,,25,E,61,E,0,,10.3,,,M,,M
-52.742777777777775,47.62222222222222,ST JOHN'S A,8403506,8403506.1999.5.4,1999-05-04 00:00:00,NL,1999,5,4,3.3,,-0.6,,7.2,,0,,0,,0,,0,,0,,0,,0,,14.7,,,M,,M
-52.742777777777775,47.62222222222222,ST JOHN'S A,8403506,8403506.1999.5.5,1999-05-05 00:00:00,NL,1999,5,5,13.6,,3.7,,23.5,,0,,0,,0,,0,,25,E,56,E,0,,4.4,,,M,,M
-52.742777777777775,47.62222222222222,ST JOHN'S A,8403506,8403506.1999.5.6,1999-05-06 00:00:00,NL,1999,5,6,9.2,,-0.4,,18.8,,0,,0,,0,,0,,0,,0,,0,,8.8,,,M,,M
-52.742777777777775,47.62222222222222,ST JOHN'S A,8403506,8403506.1999.5.7,1999-05-07 00:00:00,NL,1999,5,7,11.1,,-0.9,,23,,0,,0,,0,,0,,0,,0,,0,,6.9,,,M,,M
-52.742777777777775,47.62222222222222,ST JOHN'S A,8403506,8403506.1999.5.8,1999-05-08 00:00:00,NL,1999,5,8,8.6,,-0.5,,17.7,,0,,0,,0,,0,,25,E,32,E,0,,9.4,,,M,,M
-52.742777777777775,47.62222222222222,ST JOHN'S A,8403506,8403506.1999.5.9,1999-05-09 00:00:00,NL,1999,5,9,15.1,,6.9,,23.2,,0,,0,,0,,0,,26,E,32,E,0,,2.9,,,M,,M
-52.742777777777775,47.62222222222222,ST JOHN'S A,8403506,8403506.1999.5.10,1999-05-10 00:00:00,NL,1999,5,10,15.9,,8.8,,23,,0,,0,,0,,0,,26,E,37,E,0,,2.1,,,M,,M
-52.742777777777775,47.62222222222222,ST JOHN'S A,8403506,8403506.1999.5.11,1999-05-11 00:00:00,NL,1999,5,11,10.3,,1.3,,19.3,,0,T,0,T,0,,0,,19,E,50,E,0,,7.7,,,M,,M
-52.742777777777775,47.62222222222222,ST JOHN'S A,8403506,8403506.1999.5.12,1999-05-12 00:00:00,NL,1999,5,12,6.8,,1.6,,11.9,,0,T,0,T,0,,0,,26,E,46,E,0,,11.2,,,M,,M
-52.742777777777775,47.62222222222222,ST JOHN'S A,8403506,8403506.1999.5.13,1999-05-13 00:00:00,NL,1999,5,13,6.4,,2.6,,10.1,,4.6,,4.6,,0,,0,,18,E,46,E,0,,11.6,,,M,,M
-52.742777777777775,47.62222222222222,ST JOHN'S A,8403506,8403506.1999.5.14,1999-05-14 00:00:00,NL,1999,5,14,3.1,,0.8,,5.3,,9.6,,9.6,,0,T,0,,32,E,39,E,0,,14.9,,,M,,M
-52.742777777777775,47.62222222222222,ST JOHN'S A,8403506,8403506.1999.5.15,1999-05-15 00:00:00,NL,1999,5,15,3,,-1,,6.9,,1.6,,0,,1.6,,0,,34,E,39,E,0,,15,,,M,,M
-52.742777777777775,47.62222222222222,ST JOHN'S A,8403506,8403506.1999.5.16,1999-05-16 00:00:00,NL,1999,5,16,10.6,,3.1,,18,,0,,0,,0,,0,,26,E,46,E,0,,7.4,,,M,,M
-52.742777777777775,47.62222222222222,ST JOHN'S A,8403506,8403506.1999.5.17,1999-05-17 00:00:00,NL,1999,5,17,15.5,,6.6,,24.4,,0,,0,,0,,0,,26,E,46,E,0,,2.5,,,M,,M
-52.742777777777775,47.62222222222222,ST JOHN'S A,8403506,8403506.1999.5.18,1999-05-18 00:00:00,NL,1999,5,18,14.8,,7.7,,21.9,,0,,0,,0,,0,,27,E,56,E,0,,3.2,,,M,,M
-52.742777777777775,47.62222222222222,ST JOHN'S A,8403506,8403506.1999.5.19,1999-05-19 00:00:00,NL,1999,5,19,16.2,,11.1,,21.3,,0,,0,,0,,0,,27,E,56,E,0,,1.8,,,M,,M
-52.742777777777775,47.62222222222222,ST JOHN'S A,8403506,8403506.1999.5.20,1999-05-20 00:00:00,NL,1999,5,20,16.7,,10.9,,22.5,,0,,0,,0,,0,,25,E,52,E,0,,1.3,,,M,,M
-52.742777777777775,47.62222222222222,ST JOHN'S A,8403506,8403506.1999.5.21,1999-05-21 00:00:00,NL,1999,5,21,16.6,,9.8,,23.3,,14.5,,14.5,,0,,0,,23,E,46,E,0,,1.4,,,M,,M
-52.742777777777775,47.62222222222222,ST JOHN'S A,8403506,8403506.1999.5.22,1999-05-22 00:00:00,NL,1999,5,22,9.3,,6,,12.5,,4.8,,4.8,,0,,0,,0,,0,,0,,8.7,,,M,,M
-52.742777777777775,47.62222222222222,ST JOHN'S A,8403506,8403506.1999.5.23,1999-05-23 00:00:00,NL,1999,5,23,12.4,,5.8,,18.9,,16,,16,,0,,0,,0,,0,,0,,5.6,,,M,,M
-52.742777777777775,47.62222222222222,ST JOHN'S A,8403506,8403506.1999.5.24,1999-05-24 00:00:00,NL,1999,5,24,6.7,,3.3,,10,,0,,0,,0,,0,,0,,0,,0,,11.3,,,M,,M
-52.742777777777775,47.62222222222222,ST JOHN'S A,8403506,8403506.1999.5.25,1999-05-25 00:00:00,NL,1999,5,25,3.9,,2.2,,5.6,,0,T,0,T,0,,0,,0,,0,,0,,14.1,,,M,,M
-52.742777777777775,47.62222222222222,ST JOHN'S A,8403506,8403506.1999.5.26,1999-05-26 00:00:00,NL,1999,5,26,6.3,,2.2,,10.4,,10.1,,10.1,,0,,0,,17,E,61,E,0,,11.7,,,M,,M
-52.742777777777775,47.62222222222222,ST JOHN'S A,8403506,8403506.1999.5.27,1999-05-27 00:00:00,NL,1999,5,27,12.7,,8.9,,16.5,,10,,10,,0,,0,,0,,0,,0,,5.3,,,M,,M
-52.742777777777775,47.62222222222222,ST JOHN'S A,8403506,8403506.1999.5.28,1999-05-28 00:00:00,NL,1999,5,28,11.5,,7.8,,15.2,,18.6,,18.6,,0,,0,,21,,46,,0,,6.5,,,M,,M
-52.742777777777775,47.62222222222222,ST JOHN'S A,8403506,8403506.1999.5.29,1999-05-29 00:00:00,NL,1999,5,29,7.7,,4.6,,10.8,,0.4,,0.4,,0,,0,,0,,0,,0,,10.3,,,M,,M
-52.742777777777775,47.62222222222222,ST JOHN'S A,8403506,8403506.1999.5.30,1999-05-30 00:00:00,NL,1999,5,30,12.8,,6.3,,19.3,,0,T,0,T,0,,0,,24,E,57,E,0,,5.2,,,M,,M
-52.742777777777775,47.62222222222222,ST JOHN'S A,8403506,8403506.1999.5.31,1999-05-31 00:00:00,NL,1999,5,31,12.7,,5.9,,19.4,,0,T,0,T,0,,0,,25,E,65,E,0,,5.3,,,M,,M
-52.742777777777775,47.62222222222222,ST JOHN'S A,8403506,8403506.1999.6.1,1999-06-01 00:00:00,NL,1999,6,1,16.4,,5.9,,26.8,,0,,0,,0,,0,,25,E,52,E,0,,1.6,,,M,,M
-52.742777777777775,47.62222222222222,ST JOHN'S A,8403506,8403506.1999.6.2,1999-06-02 00:00:00,NL,1999,6,2,12.2,,4.7,,19.7,,2,,2,,0,,0,,25,E,52,E,0,,5.8,,,M,,M
-52.742777777777775,47.62222222222222,ST JOHN'S A,8403506,8403506.1999.6.3,1999-06-03 00:00:00,NL,1999,6,3,10.1,,4.9,,15.2,,0.5,,0.5,,0,,0,,0,,0,,0,,7.9,,,M,,M
-52.742777777777775,47.62222222222222,ST JOHN'S A,8403506,8403506.1999.6.4,1999-06-04 00:00:00,NL,1999,6,4,12.9,,3.7,,22,,0,T,0,T,0,,0,,36,E,44,E,0,,5.1,,,M,,M
-52.742777777777775,47.62222222222222,ST JOHN'S A,8403506,8403506.1999.6.5,1999-06-05 00:00:00,NL,1999,6,5,4.8,,0.6,,9,,0,T,0,T,0,,0,,1,E,37,E,0,,13.2,,,M,,M
-52.742777777777775,47.62222222222222,ST JOHN'S A,8403506,8403506.1999.6.6,1999-06-06 00:00:00,NL,1999,6,6,11,,1.7,,20.2,,0,,0,,0,,0,,24,E,50,E,0,,7,,,M,,M
-52.742777777777775,47.62222222222222,ST JOHN'S A,8403506,8403506.1999.6.7,1999-06-07 00:00:00,NL,1999,6,7,11.2,,9.2,,13.1,,2.2,,2.2,,0,,0,,21,E,69,E,0,,6.8,,,M,,M
-52.742777777777775,47.62222222222222,ST JOHN'S A,8403506,8403506.1999.6.8,1999-06-08 00:00:00,NL,1999,6,8,4.1,,-2,,10.1,,0,T,0,T,0,,0,,36,E,46,E,0,,13.9,,,M,,M
-52.742777777777775,47.62222222222222,ST JOHN'S A,8403506,8403506.1999.6.9,1999-06-09 00:00:00,NL,1999,6,9,5.2,,-2.1,,12.5,,0,T,0,T,0,,0,,30,E,37,E,0,,12.8,,,M,,M
-52.742777777777775,47.62222222222222,ST JOHN'S A,8403506,8403506.1999.6.10,1999-06-10 00:00:00,NL,1999,6,10,7.9,,-1.5,,17.2,,0,,0,,0,,0,,0,,0,,0,,10.1,,,M,,M
-52.742777777777775,47.62222222222222,ST JOHN'S A,8403506,8403506.1999.6.11,1999-06-11 00:00:00,NL,1999,6,11,16.6,,9,,24.2,,0,,0,,0,,0,,26,E,56,E,0,,1.4,,,M,,M
-52.742777777777775,47.62222222222222,ST JOHN'S A,8403506,8403506.1999.6.12,1999-06-12 00:00:00,NL,1999,6,12,14.5,,7,,22,,0,,0,,0,,0,,26,E,48,E,0,,3.5,,,M,,M
-52.742777777777775,47.62222222222222,ST JOHN'S A,8403506,8403506.1999.6.13,1999-06-13 00:00:00,NL,1999,6,13,18.4,,8.9,,27.8,,0,T,0,T,0,,0,,26,E,59,E,0.4,,0,,,M,,M
-52.742777777777775,47.62222222222222,ST JOHN'S A,8403506,8403506.1999.6.14,1999-06-14 00:00:00,NL,1999,6,14,18.3,,10,,26.5,,0,,0,,0,,0,,26,E,50,E,0.3,,0,,,M,,M
-52.742777777777775,47.62222222222222,ST JOHN'S A,8403506,8403506.1999.6.15,1999-06-15 00:00:00,NL,1999,6,15,19,,14.5,,23.4,,0,,0,,0,,0,,24,E,54,E,1,,0,,,M,,M
-52.742777777777775,47.62222222222222,ST JOHN'S A,8403506,8403506.1999.6.16,1999-06-16 00:00:00,NL,1999,6,16,15.7,,8.5,,22.9,,0.8,,0.8,,0,,0,,22,E,52,E,0,,2.3,,,M,,M
-52.742777777777775,47.62222222222222,ST JOHN'S A,8403506,8403506.1999.6.17,1999-06-17 00:00:00,NL,1999,6,17,13.4,,7.7,,19,,8.9,,8.9,,0,,0,,0,,0,,0,,4.6,,,M,,M
-52.742777777777775,47.62222222222222,ST JOHN'S A,8403506,8403506.1999.6.18,1999-06-18 00:00:00,NL,1999,6,18,11.8,,7.3,,16.3,,22.1,,22.1,,0,,0,,0,,0,,0,,6.2,,,M,,M
-52.742777777777775,47.62222222222222,ST JOHN'S A,8403506,8403506.1999.6.19,1999-06-19 00:00:00,NL,1999,6,19,7.4,,6.4,,8.3,,4.1,,4.1,,0,,0,,36,E,44,E,0,,10.6,,,M,,M
-52.742777777777775,47.62222222222222,ST JOHN'S A,8403506,8403506.1999.6.20,1999-06-20 00:00:00,NL,1999,6,20,12.4,,5.8,,18.9,,0,,0,,0,,0,,0,,0,,0,,5.6,,,M,,M
-52.742777777777775,47.62222222222222,ST JOHN'S A,8403506,8403506.1999.6.21,1999-06-21 00:00:00,NL,1999,6,21,16.8,,10.6,,22.9,,0,,0,,0,,0,,24,E,46,E,0,,1.2,,,M,,M
-52.742777777777775,47.62222222222222,ST JOHN'S A,8403506,8403506.1999.6.22,1999-06-22 00:00:00,NL,1999,6,22,9.8,,6.7,,12.8,,0,,0,,0,,0,,0,,0,,0,,8.2,,,M,,M
-52.742777777777775,47.62222222222222,ST JOHN'S A,8403506,8403506.1999.6.23,1999-06-23 00:00:00,NL,1999,6,23,11.4,,6.6,,16.2,,0,,0,,0,,0,,0,,0,,0,,6.6,,,M,,M
-52.742777777777775,47.62222222222222,ST JOHN'S A,8403506,8403506.1999.6.24,1999-06-24 00:00:00,NL,1999,6,24,9.5,,2.5,,16.4,,2.5,,2.5,,0,,0,,0,,0,,0,,8.5,,,M,,M
-52.742777777777775,47.62222222222222,ST JOHN'S A,8403506,8403506.1999.6.25,1999-06-25 00:00:00,NL,1999,6,25,12.5,,8.8,,16.1,,3.9,,3.9,,0,,0,,0,,0,,0,,5.5,,,M,,M
-52.742777777777775,47.62222222222222,ST JOHN'S A,8403506,8403506.1999.6.26,1999-06-26 00:00:00,NL,1999,6,26,18.9,,12.4,,25.3,,0,,0,,0,,0,,23,E,54,E,0.9,,0,,,M,,M
-52.742777777777775,47.62222222222222,ST JOHN'S A,8403506,8403506.1999.6.27,1999-06-27 00:00:00,NL,1999,6,27,14.8,,8.6,,21,,1,,1,,0,,0,,33,E,50,E,0,,3.2,,,M,,M
-52.742777777777775,47.62222222222222,ST JOHN'S A,8403506,8403506.1999.6.28,1999-06-28 00:00:00,NL,1999,6,28,12.1,,7.8,,16.4,,0.5,,0.5,,0,,0,,32,E,37,E,0,,5.9,,,M,,M
-52.742777777777775,47.62222222222222,ST JOHN'S A,8403506,8403506.1999.6.29,1999-06-29 00:00:00,NL,1999,6,29,13.3,,8.8,,17.8,,45,,45,,0,,0,,15,E,46,E,0,,4.7,,,M,,M
-52.742777777777775,47.62222222222222,ST JOHN'S A,8403506,8403506.1999.6.30,1999-06-30 00:00:00,NL,1999,6,30,11.9,,8,,15.7,,2,,2,,0,,0,,0,,0,,0,,6.1,,,M,,M
-52.742777777777775,47.62222222222222,ST JOHN'S A,8403506,8403506.1999.7.1,1999-07-01 00:00:00,NL,1999,7,1,19.3,,13.1,,25.4,,0,,0,,0,,0,,28,E,37,E,1.3,,0,,,M,,M
-52.742777777777775,47.62222222222222,ST JOHN'S A,8403506,8403506.1999.7.2,1999-07-02 00:00:00,NL,1999,7,2,19.2,,11.7,,26.7,,0,,0,,0,,0,,24,,56,,1.2,,0,,,M,,M
-52.742777777777775,47.62222222222222,ST JOHN'S A,8403506,8403506.1999.7.3,1999-07-03 00:00:00,NL,1999,7,3,17.3,,11.3,,23.2,,0,T,0,T,0,,0,,25,E,72,E,0,,0.7,,,M,,M
-52.742777777777775,47.62222222222222,ST JOHN'S A,8403506,8403506.1999.7.4,1999-07-04 00:00:00,NL,1999,7,4,16,,10.1,,21.8,,0,T,0,T,0,,0,,27,E,33,E,0,,2,,,M,,M
-52.742777777777775,47.62222222222222,ST JOHN'S A,8403506,8403506.1999.7.5,1999-07-05 00:00:00,NL,1999,7,5,10,,6.7,,13.2,,7.2,,7.2,,0,,0,,0,,0,,0,,8,,,M,,M
-52.742777777777775,47.62222222222222,ST JOHN'S A,8403506,8403506.1999.7.6,1999-07-06 00:00:00,NL,1999,7,6,11.3,,6.2,,16.4,,6.2,,6.2,,0,,0,,0,,0,,0,,6.7,,,M,,M
-52.742777777777775,47.62222222222222,ST JOHN'S A,8403506,8403506.1999.7.7,1999-07-07 00:00:00,NL,1999,7,7,8.9,,5.8,,11.9,,0,T,0,T,0,,0,,16,E,43,E,0,,9.1,,,M,,M
-52.742777777777775,47.62222222222222,ST JOHN'S A,8403506,8403506.1999.7.8,1999-07-08 00:00:00,NL,1999,7,8,18.3,,11,,25.5,,0.2,,0.2,,0,,0,,16,E,56,E,0.3,,0,,,M,,M
-52.742777777777775,47.62222222222222,ST JOHN'S A,8403506,8403506.1999.7.9,1999-07-09 00:00:00,NL,1999,7,9,16.8,,12.3,,21.2,,0.2,,0.2,,0,,0,,25,,50,,0,,1.2,,,M,,M
-52.742777777777775,47.62222222222222,ST JOHN'S A,8403506,8403506.1999.7.10,1999-07-10 00:00:00,NL,1999,7,10,18.9,,12,,25.8,,9.6,,9.6,,0,,0,,15,E,41,E,0.9,,0,,,M,,M
-52.742777777777775,47.62222222222222,ST JOHN'S A,8403506,8403506.1999.7.11,1999-07-11 00:00:00,NL,1999,7,11,16.8,,11.1,,22.4,,0,,0,,0,,0,,25,E,56,E,0,,1.2,,,M,,M
-52.742777777777775,47.62222222222222,ST JOHN'S A,8403506,8403506.1999.7.12,1999-07-12 00:00:00,NL,1999,7,12,16.4,,10.5,,22.2,,0,T,0,T,0,,0,,0,,0,,0,,1.6,,,M,,M
-52.742777777777775,47.62222222222222,ST JOHN'S A,8403506,8403506.1999.7.13,1999-07-13 00:00:00,NL,1999,7,13,16.1,,10.7,,21.5,,0,,0,,0,,0,,0,,0,,0,,1.9,,,M,,M
-52.742777777777775,47.62222222222222,ST JOHN'S A,8403506,8403506.1999.7.14,1999-07-14 00:00:00,NL,1999,7,14,13.1,,10.4,,15.7,,13.7,,13.7,,0,,0,,0,,0,,0,,4.9,,,M,,M
-52.742777777777775,47.62222222222222,ST JOHN'S A,8403506,8403506.1999.7.15,1999-07-15 00:00:00,NL,1999,7,15,18.8,,10.6,,26.9,,0,,0,,0,,0,,26,E,52,E,0.8,,0,,,M,,M
-52.742777777777775,47.62222222222222,ST JOHN'S A,8403506,8403506.1999.7.16,1999-07-16 00:00:00,NL,1999,7,16,19.2,,14.6,,23.7,,0,,0,,0,,0,,25,E,46,E,1.2,,0,,,M,,M
-52.742777777777775,47.62222222222222,ST JOHN'S A,8403506,8403506.1999.7.17,1999-07-17 00:00:00,NL,1999,7,17,20.8,,14.5,,27.1,,0,,0,,0,,0,,25,E,70,E,2.8,,0,,,M,,M
-52.742777777777775,47.62222222222222,ST JOHN'S A,8403506,8403506.1999.7.18,1999-07-18 00:00:00,NL,1999,7,18,13.5,,9.6,,17.3,,0,,0,,0,,0,,0,,0,,0,,4.5,,,M,,M
-52.742777777777775,47.62222222222222,ST JOHN'S A,8403506,8403506.1999.7.19,1999-07-19 00:00:00,NL,1999,7,19,12.6,,9.9,,15.3,,0.2,,0.2,,0,,0,,0,,0,,0,,5.4,,,M,,M
-52.742777777777775,47.62222222222222,ST JOHN'S A,8403506,8403506.1999.7.20,1999-07-20 00:00:00,NL,1999,7,20,13.3,,10.2,,16.3,,3.7,,3.7,,0,,0,,24,E,48,E,0,,4.7,,,M,,M
-52.742777777777775,47.62222222222222,ST JOHN'S A,8403506,8403506.1999.7.21,1999-07-21 00:00:00,NL,1999,7,21,14.4,,8.3,,20.4,,0,,0,,0,,0,,26,E,52,E,0,,3.6,,,M,,M
-52.742777777777775,47.62222222222222,ST JOHN'S A,8403506,8403506.1999.7.22,1999-07-22 00:00:00,NL,1999,7,22,17.1,,9.5,,24.6,,0,,0,,0,,0,,28,E,37,E,0,,0.9,,,M,,M
-52.742777777777775,47.62222222222222,ST JOHN'S A,8403506,8403506.1999.7.23,1999-07-23 00:00:00,NL,1999,7,23,19.5,,14.5,,24.5,,0,,0,,0,,0,,20,E,43,E,1.5,,0,,,M,,M
-52.742777777777775,47.62222222222222,ST JOHN'S A,8403506,8403506.1999.7.24,1999-07-24 00:00:00,NL,1999,7,24,18.1,,14.5,,21.7,,0,T,0,T,0,,0,,0,,0,,0.1,,0,,,M,,M
-52.742777777777775,47.62222222222222,ST JOHN'S A,8403506,8403506.1999.7.25,1999-07-25 00:00:00,NL,1999,7,25,19.5,,13.2,,25.8,,0,,0,,0,,0,,0,,0,,1.5,,0,,,M,,M
-52.742777777777775,47.62222222222222,ST JOHN'S A,8403506,8403506.1999.7.26,1999-07-26 00:00:00,NL,1999,7,26,16.8,,12.9,,20.7,,0,,0,,0,,0,,0,,0,,0,,1.2,,,M,,M
-52.742777777777775,47.62222222222222,ST JOHN'S A,8403506,8403506.1999.7.27,1999-07-27 00:00:00,NL,1999,7,27,16.2,,13.5,,18.9,,23.1,,23.1,,0,,0,,9,E,39,E,0,,1.8,,,M,,M
-52.742777777777775,47.62222222222222,ST JOHN'S A,8403506,8403506.1999.7.28,1999-07-28 00:00:00,NL,1999,7,28,13.8,,12.3,,15.3,,5.1,,5.1,,0,,0,,9,E,56,E,0,,4.2,,,M,,M
-52.742777777777775,47.62222222222222,ST JOHN'S A,8403506,8403506.1999.7.29,1999-07-29 00:00:00,NL,1999,7,29,16.9,,12.2,,21.6,,0,,0,,0,,0,,25,E,32,E,0,,1.1,,,M,,M
-52.742777777777775,47.62222222222222,ST JOHN'S A,8403506,8403506.1999.7.30,1999-07-30 00:00:00,NL,1999,7,30,17.9,,14.1,,21.7,,0,T,0,T,0,,0,,0,,0,,0,,0.1,,,M,,M
-52.742777777777775,47.62222222222222,ST JOHN'S A,8403506,8403506.1999.7.31,1999-07-31 00:00:00,NL,1999,7,31,18.2,,14.2,,22.1,,0,,0,,0,,0,,0,,0,,0.2,,0,,,M,,M
-52.742777777777775,47.62222222222222,ST JOHN'S A,8403506,8403506.1999.8.1,1999-08-01 00:00:00,NL,1999,8,1,16.7,,13.8,,19.6,,0,T,0,T,0,,0,,0,,0,,0,,1.3,,,M,,M
-52.742777777777775,47.62222222222222,ST JOHN'S A,8403506,8403506.1999.8.2,1999-08-02 00:00:00,NL,1999,8,2,19.7,,17.3,,22.1,,5.6,,5.6,,0,,0,,26,E,37,E,1.7,,0,,,M,,M
-52.742777777777775,47.62222222222222,ST JOHN'S A,8403506,8403506.1999.8.3,1999-08-03 00:00:00,NL,1999,8,3,18.7,,12.1,,25.2,,0,,0,,0,,0,,0,,0,,0.7,,0,,,M,,M
-52.742777777777775,47.62222222222222,ST JOHN'S A,8403506,8403506.1999.8.4,1999-08-04 00:00:00,NL,1999,8,4,18.3,,12.3,,24.2,,0,,0,,0,,0,,26,E,41,E,0.3,,0,,,M,,M
-52.742777777777775,47.62222222222222,ST JOHN'S A,8403506,8403506.1999.8.5,1999-08-05 00:00:00,NL,1999,8,5,18.5,,13.5,,23.5,,0,,0,,0,,0,,0,,0,,0.5,,0,,,M,,M
-52.742777777777775,47.62222222222222,ST JOHN'S A,8403506,8403506.1999.8.6,1999-08-06 00:00:00,NL,1999,8,6,15,,13.3,,16.6,,3.5,,3.5,,0,,0,,7,E,37,E,0,,3,,,M,,M
-52.742777777777775,47.62222222222222,ST JOHN'S A,8403506,8403506.1999.8.7,1999-08-07 00:00:00,NL,1999,8,7,16.1,,13.1,,19,,0.9,,0.9,,0,,0,,19,E,35,E,0,,1.9,,,M,,M
-52.742777777777775,47.62222222222222,ST JOHN'S A,8403506,8403506.1999.8.8,1999-08-08 00:00:00,NL,1999,8,8,18.1,,14.1,,22.1,,0,,0,,0,,0,,24,E,52,E,0.1,,0,,,M,,M
-52.742777777777775,47.62222222222222,ST JOHN'S A,8403506,8403506.1999.8.9,1999-08-09 00:00:00,NL,1999,8,9,17.2,,13.9,,20.4,,7.1,,7.1,,0,,0,,18,E,54,E,0,,0.8,,,M,,M
-52.742777777777775,47.62222222222222,ST JOHN'S A,8403506,8403506.1999.8.10,1999-08-10 00:00:00,NL,1999,8,10,16.8,,13.2,,20.3,,0,,0,,0,,0,,25,E,72,E,0,,1.2,,,M,,M
-52.742777777777775,47.62222222222222,ST JOHN'S A,8403506,8403506.1999.8.11,1999-08-11 00:00:00,NL,1999,8,11,17.6,,12.9,,22.2,,0,,0,,0,,0,,26,E,44,E,0,,0.4,,,M,,M
-52.742777777777775,47.62222222222222,ST JOHN'S A,8403506,8403506.1999.8.12,1999-08-12 00:00:00,NL,1999,8,12,18.2,,11.6,,24.7,,0,,0,,0,,0,,0,,0,,0.2,,0,,,M,,M
-52.742777777777775,47.62222222222222,ST JOHN'S A,8403506,8403506.1999.8.13,1999-08-13 00:00:00,NL,1999,8,13,15,,12.6,,17.4,,6.2,,6.2,,0,,0,,23,,32,,0,,3,,,M,,M
-52.742777777777775,47.62222222222222,ST JOHN'S A,8403506,8403506.1999.8.14,1999-08-14 00:00:00,NL,1999,8,14,20,,16.2,,23.7,,0,,0,,0,,0,,24,E,46,E,2,,0,,,M,,M
-52.742777777777775,47.62222222222222,ST JOHN'S A,8403506,8403506.1999.8.15,1999-08-15 00:00:00,NL,1999,8,15,18.7,,14.2,,23.2,,0.2,,0.2,,0,,0,,25,E,57,E,0.7,,0,,,M,,M
-52.742777777777775,47.62222222222222,ST JOHN'S A,8403506,8403506.1999.8.16,1999-08-16 00:00:00,NL,1999,8,16,19.2,,12.8,,25.5,,3.7,,3.7,,0,,0,,23,E,59,E,1.2,,0,,,M,,M
-52.742777777777775,47.62222222222222,ST JOHN'S A,8403506,8403506.1999.8.17,1999-08-17 00:00:00,NL,1999,8,17,15.5,,11.3,,19.6,,0.2,,0.2,,0,,0,,29,E,52,E,0,,2.5,,,M,,M
-52.742777777777775,47.62222222222222,ST JOHN'S A,8403506,8403506.1999.8.18,1999-08-18 00:00:00,NL,1999,8,18,19.7,,14.6,,24.8,,0,,0,,0,,0,,27,E,37,E,1.7,,0,,,M,,M
-52.742777777777775,47.62222222222222,ST JOHN'S A,8403506,8403506.1999.8.19,1999-08-19 00:00:00,NL,1999,8,19,17.4,,13.2,,21.6,,0.6,,0.6,,0,,0,,0,,0,,0,,0.6,,,M,,M
-52.742777777777775,47.62222222222222,ST JOHN'S A,8403506,8403506.1999.8.20,1999-08-20 00:00:00,NL,1999,8,20,11.7,,9.8,,13.6,,1.3,,1.3,,0,,0,,1,E,33,E,0,,6.3,,,M,,M
-52.742777777777775,47.62222222222222,ST JOHN'S A,8403506,8403506.1999.8.21,1999-08-21 00:00:00,NL,1999,8,21,16.1,,8.9,,23.2,,0,,0,,0,,0,,0,,0,,0,,1.9,,,M,,M
-52.742777777777775,47.62222222222222,ST JOHN'S A,8403506,8403506.1999.8.22,1999-08-22 00:00:00,NL,1999,8,22,19.1,,13.7,,24.5,,0,T,0,T,0,,0,,14,E,33,E,1.1,,0,,,M,,M
-52.742777777777775,47.62222222222222,ST JOHN'S A,8403506,8403506.1999.8.23,1999-08-23 00:00:00,NL,1999,8,23,15.4,,13.2,,17.5,,11,,11,,0,,0,,15,,44,,0,,2.6,,,M,,M
-52.742777777777775,47.62222222222222,ST JOHN'S A,8403506,8403506.1999.8.24,1999-08-24 00:00:00,NL,1999,8,24,15.6,,9.1,,22.1,,0.6,,0.6,,0,,0,,0,,0,,0,,2.4,,,M,,M
-52.742777777777775,47.62222222222222,ST JOHN'S A,8403506,8403506.1999.8.25,1999-08-25 00:00:00,NL,1999,8,25,15.7,,9.2,,22.1,,0,T,0,T,0,,0,,25,E,50,E,0,,2.3,,,M,,M
-52.742777777777775,47.62222222222222,ST JOHN'S A,8403506,8403506.1999.8.26,1999-08-26 00:00:00,NL,1999,8,26,18.5,,10.2,,26.7,,9.7,,9.7,,0,,0,,25,E,59,E,0.5,,0,,,M,,M
-52.742777777777775,47.62222222222222,ST JOHN'S A,8403506,8403506.1999.8.27,1999-08-27 00:00:00,NL,1999,8,27,12,,9.1,,14.8,,0,T,0,T,0,,0,,0,,0,,0,,6,,,M,,M
-52.742777777777775,47.62222222222222,ST JOHN'S A,8403506,8403506.1999.8.28,1999-08-28 00:00:00,NL,1999,8,28,19.4,,13.5,,25.2,,0,T,0,T,0,,0,,20,E,41,E,1.4,,0,,,M,,M
-52.742777777777775,47.62222222222222,ST JOHN'S A,8403506,8403506.1999.8.29,1999-08-29 00:00:00,NL,1999,8,29,21,,18.3,,23.7,,0,T,0,T,0,,0,,25,E,52,E,3,,0,,,M,,M
-52.742777777777775,47.62222222222222,ST JOHN'S A,8403506,8403506.1999.8.30,1999-08-30 00:00:00,NL,1999,8,30,14.6,,10.6,,18.6,,0,T,0,T,0,,0,,25,E,44,E,0,,3.4,,,M,,M
-52.742777777777775,47.62222222222222,ST JOHN'S A,8403506,8403506.1999.8.31,1999-08-31 00:00:00,NL,1999,8,31,11.5,,9.1,,13.9,,0,T,0,T,0,,0,,2,E,37,E,0,,6.5,,,M,,M
-52.742777777777775,47.62222222222222,ST JOHN'S A,8403506,8403506.1999.9.1,1999-09-01 00:00:00,NL,1999,9,1,12.7,,7.4,,18,,0,,0,,0,,0,,0,,0,,0,,5.3,,,M,,M
-52.742777777777775,47.62222222222222,ST JOHN'S A,8403506,8403506.1999.9.2,1999-09-02 00:00:00,NL,1999,9,2,19,,13.3,,24.7,,0,,0,,0,,0,,0,,0,,1,,0,,,M,,M
-52.742777777777775,47.62222222222222,ST JOHN'S A,8403506,8403506.1999.9.3,1999-09-03 00:00:00,NL,1999,9,3,19,,9.3,,28.6,,0,,0,,0,,0,,2,E,61,E,1,,0,,,M,,M
-52.742777777777775,47.62222222222222,ST JOHN'S A,8403506,8403506.1999.9.4,1999-09-04 00:00:00,NL,1999,9,4,8.5,,5.2,,11.8,,0,,0,,0,,0,,3,E,43,E,0,,9.5,,,M,,M
-52.742777777777775,47.62222222222222,ST JOHN'S A,8403506,8403506.1999.9.5,1999-09-05 00:00:00,NL,1999,9,5,14.1,,8.6,,19.5,,0.6,,0.6,,0,,0,,26,E,43,E,0,,3.9,,,M,,M
-52.742777777777775,47.62222222222222,ST JOHN'S A,8403506,8403506.1999.9.6,1999-09-06 00:00:00,NL,1999,9,6,15.4,,9.9,,20.8,,0.6,,0.6,,0,,0,,26,E,48,E,0,,2.6,,,M,,M
-52.742777777777775,47.62222222222222,ST JOHN'S A,8403506,8403506.1999.9.7,1999-09-07 00:00:00,NL,1999,9,7,12.6,,7.6,,17.6,,0,T,0,T,0,,0,,24,E,61,E,0,,5.4,,,M,,M
-52.742777777777775,47.62222222222222,ST JOHN'S A,8403506,8403506.1999.9.8,1999-09-08 00:00:00,NL,1999,9,8,15.4,,9.1,,21.6,,2.1,,2.1,,0,,0,,24,E,61,E,0,,2.6,,,M,,M
-52.742777777777775,47.62222222222222,ST JOHN'S A,8403506,8403506.1999.9.9,1999-09-09 00:00:00,NL,1999,9,9,10.3,,8.8,,11.7,,0.4,,0.4,,0,,0,,0,,0,,0,,7.7,,,M,,M
-52.742777777777775,47.62222222222222,ST JOHN'S A,8403506,8403506.1999.9.10,1999-09-10 00:00:00,NL,1999,9,10,15.2,,11.3,,19,,4.9,,4.9,,0,,0,,16,E,37,E,0,,2.8,,,M,,M
-52.742777777777775,47.62222222222222,ST JOHN'S A,8403506,8403506.1999.9.11,1999-09-11 00:00:00,NL,1999,9,11,21.5,,17.5,,25.4,,0,,0,,0,,0,,21,E,48,E,3.5,,0,,,M,,M
-52.742777777777775,47.62222222222222,ST JOHN'S A,8403506,8403506.1999.9.12,1999-09-12 00:00:00,NL,1999,9,12,20.1,,14.9,,25.3,,5.1,,5.1,,0,,0,,22,E,74,E,2.1,,0,,,M,,M
-52.742777777777775,47.62222222222222,ST JOHN'S A,8403506,8403506.1999.9.13,1999-09-13 00:00:00,NL,1999,9,13,15.4,,8.7,,22.1,,0,,0,,0,,0,,0,,0,,0,,2.6,,,M,,M
-52.742777777777775,47.62222222222222,ST JOHN'S A,8403506,8403506.1999.9.14,1999-09-14 00:00:00,NL,1999,9,14,11.8,,6.3,,17.3,,0,,0,,0,,0,,19,E,33,E,0,,6.2,,,M,,M
-52.742777777777775,47.62222222222222,ST JOHN'S A,8403506,8403506.1999.9.15,1999-09-15 00:00:00,NL,1999,9,15,17.3,,11.8,,22.7,,0,,0,,0,,0,,23,E,39,E,0,,0.7,,,M,,M
-52.742777777777775,47.62222222222222,ST JOHN'S A,8403506,8403506.1999.9.16,1999-09-16 00:00:00,NL,1999,9,16,18.6,,14.6,,22.6,,14,,14,,0,,0,,24,E,41,E,0.6,,0,,,M,,M
-52.742777777777775,47.62222222222222,ST JOHN'S A,8403506,8403506.1999.9.17,1999-09-17 00:00:00,NL,1999,9,17,16.2,,13.1,,19.2,,13.6,,13.6,,0,,0,,16,E,57,E,0,,1.8,,,M,,M
-52.742777777777775,47.62222222222222,ST JOHN'S A,8403506,8403506.1999.9.18,1999-09-18 00:00:00,NL,1999,9,18,18.8,,14.8,,22.7,,1.3,,1.3,,0,,0,,21,E,35,E,0.8,,0,,,M,,M
-52.742777777777775,47.62222222222222,ST JOHN'S A,8403506,8403506.1999.9.19,1999-09-19 00:00:00,NL,1999,9,19,9.2,,3.2,,15.1,,1.1,,1.1,,0,,0,,36,E,74,E,0,,8.8,,,M,,M
-52.742777777777775,47.62222222222222,ST JOHN'S A,8403506,8403506.1999.9.20,1999-09-20 00:00:00,NL,1999,9,20,10.4,,2,,18.8,,0,,0,,0,,0,,0,,0,,0,,7.6,,,M,,M
-52.742777777777775,47.62222222222222,ST JOHN'S A,8403506,8403506.1999.9.21,1999-09-21 00:00:00,NL,1999,9,21,12.4,,8,,16.7,,0,,0,,0,,0,,0,,0,,0,,5.6,,,M,,M
-52.742777777777775,47.62222222222222,ST JOHN'S A,8403506,8403506.1999.9.22,1999-09-22 00:00:00,NL,1999,9,22,16.3,,12.8,,19.8,,0.5,,0.5,,0,,0,,17,E,57,E,0,,1.7,,,M,,M
-52.742777777777775,47.62222222222222,ST JOHN'S A,8403506,8403506.1999.9.23,1999-09-23 00:00:00,NL,1999,9,23,17,,14.2,,19.7,,9.9,,9.9,,0,,0,,24,E,100,E,0,,1,,,M,,M
-52.742777777777775,47.62222222222222,ST JOHN'S A,8403506,8403506.1999.9.24,1999-09-24 00:00:00,NL,1999,9,24,15.9,,13.2,,18.6,,0,,0,,0,,0,,26,E,100,E,0,,2.1,,,M,,M
-52.742777777777775,47.62222222222222,ST JOHN'S A,8403506,8403506.1999.9.25,1999-09-25 00:00:00,NL,1999,9,25,17.2,,12.8,,21.5,,0,T,0,T,0,,0,,25,E,50,E,0,,0.8,,,M,,M
-52.742777777777775,47.62222222222222,ST JOHN'S A,8403506,8403506.1999.9.26,1999-09-26 00:00:00,NL,1999,9,26,11.1,,5.6,,16.5,,4.1,,4.1,,0,,0,,35,E,67,E,0,,6.9,,,M,,M
-52.742777777777775,47.62222222222222,ST JOHN'S A,8403506,8403506.1999.9.27,1999-09-27 00:00:00,NL,1999,9,27,7.5,,5.6,,9.4,,3,,3,,0,,0,,33,E,52,E,0,,10.5,,,M,,M
-52.742777777777775,47.62222222222222,ST JOHN'S A,8403506,8403506.1999.9.28,1999-09-28 00:00:00,NL,1999,9,28,6,,1.9,,10.1,,0,T,0,T,0,,0,,0,,0,,0,,12,,,M,,M
-52.742777777777775,47.62222222222222,ST JOHN'S A,8403506,8403506.1999.9.29,1999-09-29 00:00:00,NL,1999,9,29,10.1,,3,,17.1,,0,,0,,0,,0,,0,,0,,0,,7.9,,,M,,M
-52.742777777777775,47.62222222222222,ST JOHN'S A,8403506,8403506.1999.9.30,1999-09-30 00:00:00,NL,1999,9,30,12.2,,5.9,,18.4,,0,,0,,0,,0,,0,,0,,0,,5.8,,,M,,M
-52.742777777777775,47.62222222222222,ST JOHN'S A,8403506,8403506.1999.10.1,1999-10-01 00:00:00,NL,1999,10,1,11.4,,6.9,,15.9,,0,,0,,0,,0,,0,,0,,0,,6.6,,,M,,M
-52.742777777777775,47.62222222222222,ST JOHN'S A,8403506,8403506.1999.10.2,1999-10-02 00:00:00,NL,1999,10,2,8.2,,7.8,,8.6,,2.4,,2.4,,0,,0,,18,E,50,E,0,,9.8,,,M,,M
-52.742777777777775,47.62222222222222,ST JOHN'S A,8403506,8403506.1999.10.3,1999-10-03 00:00:00,NL,1999,10,3,10.6,,5.9,,15.3,,0,,0,,0,,0,,0,,0,,0,,7.4,,,M,,M
-52.742777777777775,47.62222222222222,ST JOHN'S A,8403506,8403506.1999.10.4,1999-10-04 00:00:00,NL,1999,10,4,12.1,,6.5,,17.7,,10,,10,,0,,0,,22,E,37,E,0,,5.9,,,M,,M
-52.742777777777775,47.62222222222222,ST JOHN'S A,8403506,8403506.1999.10.5,1999-10-05 00:00:00,NL,1999,10,5,11.9,,7.2,,16.5,,32,,32,,0,,0,,22,E,43,E,0,,6.1,,,M,,M
-52.742777777777775,47.62222222222222,ST JOHN'S A,8403506,8403506.1999.10.6,1999-10-06 00:00:00,NL,1999,10,6,9.9,,7.9,,11.9,,9,,9,,0,,0,,5,E,33,E,0,,8.1,,,M,,M
-52.742777777777775,47.62222222222222,ST JOHN'S A,8403506,8403506.1999.10.7,1999-10-07 00:00:00,NL,1999,10,7,9.7,,5.1,,14.3,,0.6,,0.6,,0,,0,,25,E,35,E,0,,8.3,,,M,,M
-52.742777777777775,47.62222222222222,ST JOHN'S A,8403506,8403506.1999.10.8,1999-10-08 00:00:00,NL,1999,10,8,5.4,,1.9,,8.8,,1.9,,1.9,,0,,0,,31,E,37,E,0,,12.6,,,M,,M
-52.742777777777775,47.62222222222222,ST JOHN'S A,8403506,8403506.1999.10.9,1999-10-09 00:00:00,NL,1999,10,9,6.4,,0.3,,12.4,,10.7,,10.7,,0,,0,,19,E,59,E,0,,11.6,,,M,,M
-52.742777777777775,47.62222222222222,ST JOHN'S A,8403506,8403506.1999.10.10,1999-10-10 00:00:00,NL,1999,10,10,9.6,,5.3,,13.8,,8.9,,8.9,,0,,0,,29,E,57,E,0,,8.4,,,M,,M
-52.742777777777775,47.62222222222222,ST JOHN'S A,8403506,8403506.1999.10.11,1999-10-11 00:00:00,NL,1999,10,11,10,,5.7,,14.3,,5.9,,5.9,,0,,0,,18,E,61,E,0,,8,,,M,,M
-52.742777777777775,47.62222222222222,ST JOHN'S A,8403506,8403506.1999.10.12,1999-10-12 00:00:00,NL,1999,10,12,7.5,,3.5,,11.5,,0.8,,0.8,,0,,0,,24,E,44,E,0,,10.5,,,M,,M
-52.742777777777775,47.62222222222222,ST JOHN'S A,8403506,8403506.1999.10.13,1999-10-13 00:00:00,NL,1999,10,13,3.6,,-0.3,,7.4,,0,,0,,0,,0,,0,,0,,0,,14.4,,,M,,M
-52.742777777777775,47.62222222222222,ST JOHN'S A,8403506,8403506.1999.10.14,1999-10-14 00:00:00,NL,1999,10,14,9,,3.7,,14.2,,26.5,,26.5,,0,,0,,17,E,93,E,0,,9,,,M,,M
-52.742777777777775,47.62222222222222,ST JOHN'S A,8403506,8403506.1999.10.15,1999-10-15 00:00:00,NL,1999,10,15,9.2,,4.2,,14.2,,2.6,,2.6,,0,,0,,25,E,106,E,0,,8.8,,,M,,M
-52.742777777777775,47.62222222222222,ST JOHN'S A,8403506,8403506.1999.10.16,1999-10-16 00:00:00,NL,1999,10,16,6.5,,3.4,,9.6,,0,,0,,0,,0,,27,E,76,E,0,,11.5,,,M,,M
-52.742777777777775,47.62222222222222,ST JOHN'S A,8403506,8403506.1999.10.17,1999-10-17 00:00:00,NL,1999,10,17,9.2,,4.3,,14.1,,2.1,,2.1,,0,,0,,25,E,67,E,0,,8.8,,,M,,M
-52.742777777777775,47.62222222222222,ST JOHN'S A,8403506,8403506.1999.10.18,1999-10-18 00:00:00,NL,1999,10,18,5.8,,3.4,,8.1,,47.3,,47.3,,0,,0,,6,E,48,E,0,,12.2,,,M,,M
-52.742777777777775,47.62222222222222,ST JOHN'S A,8403506,8403506.1999.10.19,1999-10-19 00:00:00,NL,1999,10,19,4.3,,1.1,,7.4,,24.6,,24.4,,0.2,,0,,33,E,93,E,0,,13.7,,,M,,M
-52.742777777777775,47.62222222222222,ST JOHN'S A,8403506,8403506.1999.10.20,1999-10-20 00:00:00,NL,1999,10,20,1,,-1.8,,3.8,,0,,0,,0,,0,,31,E,43,E,0,,17,,,M,,M
-52.742777777777775,47.62222222222222,ST JOHN'S A,8403506,8403506.1999.10.21,1999-10-21 00:00:00,NL,1999,10,21,1.4,,-0.6,,3.3,,0,,0,,0,,0,,0,,0,,0,,16.6,,,M,,M
-52.742777777777775,47.62222222222222,ST JOHN'S A,8403506,8403506.1999.10.22,1999-10-22 00:00:00,NL,1999,10,22,1,,-3.2,,5.2,,0,,0,,0,,0,,0,,0,,0,,17,,,M,,M
-52.742777777777775,47.62222222222222,ST JOHN'S A,8403506,8403506.1999.10.23,1999-10-23 00:00:00,NL,1999,10,23,2.7,,-1.3,,6.6,,10.2,,10.2,,0,,0,,13,E,69,E,0,,15.3,,,M,,M
-52.742777777777775,47.62222222222222,ST JOHN'S A,8403506,8403506.1999.10.24,1999-10-24 00:00:00,NL,1999,10,24,12.1,,6.6,,17.6,,1.2,,1.2,,0,,0,,19,E,46,E,0,,5.9,,,M,,M
-52.742777777777775,47.62222222222222,ST JOHN'S A,8403506,8403506.1999.10.25,1999-10-25 00:00:00,NL,1999,10,25,6.4,,1.8,,10.9,,1.5,,1.5,,0,,0,,27,E,69,E,0,,11.6,,,M,,M
-52.742777777777775,47.62222222222222,ST JOHN'S A,8403506,8403506.1999.10.26,1999-10-26 00:00:00,NL,1999,10,26,4.7,,1.6,,7.7,,0,,0,,0,,0,,27,E,46,E,0,,13.3,,,M,,M
-52.742777777777775,47.62222222222222,ST JOHN'S A,8403506,8403506.1999.10.27,1999-10-27 00:00:00,NL,1999,10,27,6.5,,2.2,,10.8,,3.9,,3.9,,0,,0,,19,E,61,E,0,,11.5,,,M,,M
-52.742777777777775,47.62222222222222,ST JOHN'S A,8403506,8403506.1999.10.28,1999-10-28 00:00:00,NL,1999,10,28,-1.6,,-5.4,,2.2,,0,T,0,T,0,T,0,T,32,E,39,E,0,,19.6,,,M,,M
-52.742777777777775,47.62222222222222,ST JOHN'S A,8403506,8403506.1999.10.29,1999-10-29 00:00:00,NL,1999,10,29,1.7,,-3.3,,6.6,,0.2,,0.2,,0,,0,,31,E,72,E,0,,16.3,,,M,,M
-52.742777777777775,47.62222222222222,ST JOHN'S A,8403506,8403506.1999.10.30,1999-10-30 00:00:00,NL,1999,10,30,0.5,,-2.2,,3.2,,0,T,0,,0,T,0,,33,E,69,E,0,,17.5,,,M,,M
-52.742777777777775,47.62222222222222,ST JOHN'S A,8403506,8403506.1999.10.31,1999-10-31 00:00:00,NL,1999,10,31,2.5,,-4.7,,9.6,,0,,0,,0,,0,,23,E,70,E,0,,15.5,,,M,,M
-52.742777777777775,47.62222222222222,ST JOHN'S A,8403506,8403506.1999.11.1,1999-11-01 00:00:00,NL,1999,11,1,6.1,,1.2,,10.9,,6,,6,,0,,0,,24,E,65,E,0,,11.9,,,M,,M
-52.742777777777775,47.62222222222222,ST JOHN'S A,8403506,8403506.1999.11.2,1999-11-02 00:00:00,NL,1999,11,2,2.9,,0.3,,5.5,,0,,0,,0,,0,,25,E,46,E,0,,15.1,,,M,,M
-52.742777777777775,47.62222222222222,ST JOHN'S A,8403506,8403506.1999.11.3,1999-11-03 00:00:00,NL,1999,11,3,8.6,,3.5,,13.6,,0,,0,,0,,0,,20,E,52,E,0,,9.4,,,M,,M
-52.742777777777775,47.62222222222222,ST JOHN'S A,8403506,8403506.1999.11.4,1999-11-04 00:00:00,NL,1999,11,4,9.3,,5.3,,13.2,,3.7,,3.7,,0,,0,,18,E,65,E,0,,8.7,,,M,,M
-52.742777777777775,47.62222222222222,ST JOHN'S A,8403506,8403506.1999.11.5,1999-11-05 00:00:00,NL,1999,11,5,6,,3.2,,8.8,,0,T,0,T,0,,0,,25,E,65,E,0,,12,,,M,,M
-52.742777777777775,47.62222222222222,ST JOHN'S A,8403506,8403506.1999.11.6,1999-11-06 00:00:00,NL,1999,11,6,5.6,,1.5,,9.6,,0,,0,,0,,0,,24,E,37,E,0,,12.4,,,M,,M
-52.742777777777775,47.62222222222222,ST JOHN'S A,8403506,8403506.1999.11.7,1999-11-07 00:00:00,NL,1999,11,7,3.8,,0.3,,7.3,,0,,0,,0,,0,,0,,0,,0,,14.2,,,M,,M
-52.742777777777775,47.62222222222222,ST JOHN'S A,8403506,8403506.1999.11.8,1999-11-08 00:00:00,NL,1999,11,8,0.8,,-3.5,,5.1,,0,,0,,0,,0,,0,,0,,0,,17.2,,,M,,M
-52.742777777777775,47.62222222222222,ST JOHN'S A,8403506,8403506.1999.11.9,1999-11-09 00:00:00,NL,1999,11,9,-0.4,,-4.4,,3.7,,0,T,0,,0,T,0,,32,E,33,E,0,,18.4,,,M,,M
-52.742777777777775,47.62222222222222,ST JOHN'S A,8403506,8403506.1999.11.10,1999-11-10 00:00:00,NL,1999,11,10,2.3,,-1.8,,6.3,,8.2,,8.2,,0,T,0,,12,E,46,E,0,,15.7,,,M,,M
-52.742777777777775,47.62222222222222,ST JOHN'S A,8403506,8403506.1999.11.11,1999-11-11 00:00:00,NL,1999,11,11,2.5,,-1.4,,6.3,,3.7,,2.9,,0.8,,0,,24,,37,,0,,15.5,,,M,,M
-52.742777777777775,47.62222222222222,ST JOHN'S A,8403506,8403506.1999.11.12,1999-11-12 00:00:00,NL,1999,11,12,-3.4,,-6,,-0.7,,2.5,,0,,2.5,,1,,28,E,63,E,0,,21.4,,,M,,M
-52.742777777777775,47.62222222222222,ST JOHN'S A,8403506,8403506.1999.11.13,1999-11-13 00:00:00,NL,1999,11,13,-2.1,,-5,,0.9,,0,T,0,,0,T,0,,9,E,37,E,0,,20.1,,,M,,M
-52.742777777777775,47.62222222222222,ST JOHN'S A,8403506,8403506.1999.11.14,1999-11-14 00:00:00,NL,1999,11,14,4.9,,-0.4,,10.2,,72.9,,65.9,,7,,2,,5,E,56,E,0,,13.1,,,M,,M
-52.742777777777775,47.62222222222222,ST JOHN'S A,8403506,8403506.1999.11.15,1999-11-15 00:00:00,NL,1999,11,15,7,,4.4,,9.5,,3.5,,3.5,,0,,0,,18,E,46,E,0,,11,,,M,,M
-52.742777777777775,47.62222222222222,ST JOHN'S A,8403506,8403506.1999.11.16,1999-11-16 00:00:00,NL,1999,11,16,5.6,,2.2,,9,,12.3,,12.3,,0,,0,,24,E,61,E,0,,12.4,,,M,,M
-52.742777777777775,47.62222222222222,ST JOHN'S A,8403506,8403506.1999.11.17,1999-11-17 00:00:00,NL,1999,11,17,4.6,,1.3,,7.8,,3.9,,3.9,,0,,0,,0,,0,,0,,13.4,,,M,,M
-52.742777777777775,47.62222222222222,ST JOHN'S A,8403506,8403506.1999.11.18,1999-11-18 00:00:00,NL,1999,11,18,-1.9,,-7.1,,3.3,,3.2,,0.7,,2.5,,0,,27,E,70,E,0,,19.9,,,M,,M
-52.742777777777775,47.62222222222222,ST JOHN'S A,8403506,8403506.1999.11.19,1999-11-19 00:00:00,NL,1999,11,19,-2.8,,-6.8,,1.3,,0,T,0,,0,T,0,T,25,E,43,E,0,,20.8,,,M,,M
-52.742777777777775,47.62222222222222,ST JOHN'S A,8403506,8403506.1999.11.20,1999-11-20 00:00:00,NL,1999,11,20,0.8,,-6.1,,7.7,,0,,0,,0,,0,T,23,E,56,E,0,,17.2,,,M,,M
-52.742777777777775,47.62222222222222,ST JOHN'S A,8403506,8403506.1999.11.21,1999-11-21 00:00:00,NL,1999,11,21,8.9,,6.3,,11.4,,0.4,,0.4,,0,,0,,21,E,48,E,0,,9.1,,,M,,M
-52.742777777777775,47.62222222222222,ST JOHN'S A,8403506,8403506.1999.11.22,1999-11-22 00:00:00,NL,1999,11,22,3.5,,-3.4,,10.3,,0.3,,0.3,,0,,0,,29,E,46,E,0,,14.5,,,M,,M
-52.742777777777775,47.62222222222222,ST JOHN'S A,8403506,8403506.1999.11.23,1999-11-23 00:00:00,NL,1999,11,23,1.2,,-3.1,,5.5,,4,,4,,0,,0,,35,E,57,E,0,,16.8,,,M,,M
-52.742777777777775,47.62222222222222,ST JOHN'S A,8403506,8403506.1999.11.24,1999-11-24 00:00:00,NL,1999,11,24,-1.6,,-4.4,,1.3,,0.7,,0,T,0.6,,0,,36,E,41,E,0,,19.6,,,M,,M
-52.742777777777775,47.62222222222222,ST JOHN'S A,8403506,8403506.1999.11.25,1999-11-25 00:00:00,NL,1999,11,25,2.2,,-3.7,,8.1,,0.3,,0.3,,0,,0,,24,E,67,E,0,,15.8,,,M,,M
-52.742777777777775,47.62222222222222,ST JOHN'S A,8403506,8403506.1999.11.26,1999-11-26 00:00:00,NL,1999,11,26,1,,-3,,5,,0,,0,,0,,0,,29,E,54,E,0,,17,,,M,,M
-52.742777777777775,47.62222222222222,ST JOHN'S A,8403506,8403506.1999.11.27,1999-11-27 00:00:00,NL,1999,11,27,4.9,,-1,,10.8,,0,T,0,T,0,,0,,20,E,54,E,0,,13.1,,,M,,M
-52.742777777777775,47.62222222222222,ST JOHN'S A,8403506,8403506.1999.11.28,1999-11-28 00:00:00,NL,1999,11,28,8.6,,3,,14.1,,10,,10,,0,,0,,19,E,74,E,0,,9.4,,,M,,M
-52.742777777777775,47.62222222222222,ST JOHN'S A,8403506,8403506.1999.11.29,1999-11-29 00:00:00,NL,1999,11,29,1.1,,-3.2,,5.3,,0,,0,,0,,0,,27,E,43,E,0,,16.9,,,M,,M
-52.742777777777775,47.62222222222222,ST JOHN'S A,8403506,8403506.1999.11.30,1999-11-30 00:00:00,NL,1999,11,30,-0.2,,-4.8,,4.4,,0,,0,,0,,0,,0,,0,,0,,18.2,,,M,,M
-52.742777777777775,47.62222222222222,ST JOHN'S A,8403506,8403506.1999.12.1,1999-12-01 00:00:00,NL,1999,12,1,0.3,,-2.1,,2.7,,19.6,,19.6,,0,,0,,7,E,46,E,0,,17.7,,,M,,M
-52.742777777777775,47.62222222222222,ST JOHN'S A,8403506,8403506.1999.12.2,1999-12-02 00:00:00,NL,1999,12,2,2.6,,1.4,,3.8,,1.9,,1.9,,0,,0,,5,E,46,E,0,,15.4,,,M,,M
-52.742777777777775,47.62222222222222,ST JOHN'S A,8403506,8403506.1999.12.3,1999-12-03 00:00:00,NL,1999,12,3,5.9,,1.7,,10.1,,3.2,,3.2,,0,,0,,0,,0,,0,,12.1,,,M,,M
-52.742777777777775,47.62222222222222,ST JOHN'S A,8403506,8403506.1999.12.4,1999-12-04 00:00:00,NL,1999,12,4,0.8,,-0.3,,1.8,,0.4,,0.4,,0,T,0,,33,E,44,E,0,,17.2,,,M,,M
-52.742777777777775,47.62222222222222,ST JOHN'S A,8403506,8403506.1999.12.5,1999-12-05 00:00:00,NL,1999,12,5,0.9,,-0.6,,2.4,,0,T,0,,0,T,0,,0,,0,,0,,17.1,,,M,,M
-52.742777777777775,47.62222222222222,ST JOHN'S A,8403506,8403506.1999.12.6,1999-12-06 00:00:00,NL,1999,12,6,7,,2.3,,11.7,,0.3,,0.3,,0,T,0,,24,E,70,E,0,,11,,,M,,M
-52.742777777777775,47.62222222222222,ST JOHN'S A,8403506,8403506.1999.12.7,1999-12-07 00:00:00,NL,1999,12,7,5.6,,0.6,,10.6,,12.5,,12.5,,0,,0,,5,E,39,E,0,,12.4,,,M,,M
-52.742777777777775,47.62222222222222,ST JOHN'S A,8403506,8403506.1999.12.8,1999-12-08 00:00:00,NL,1999,12,8,9,,4.6,,13.3,,7.7,,7.7,,0,,0,,21,E,59,E,0,,9,,,M,,M
-52.742777777777775,47.62222222222222,ST JOHN'S A,8403506,8403506.1999.12.9,1999-12-09 00:00:00,NL,1999,12,9,2.5,,0.4,,4.6,,0.9,,0.9,,0,T,0,,26,E,50,E,0,,15.5,,,M,,M
-52.742777777777775,47.62222222222222,ST JOHN'S A,8403506,8403506.1999.12.10,1999-12-10 00:00:00,NL,1999,12,10,-0.6,,-3.1,,1.9,,0,,0,,0,,0,,0,,0,,0,,18.6,,,M,,M
-52.742777777777775,47.62222222222222,ST JOHN'S A,8403506,8403506.1999.12.11,1999-12-11 00:00:00,NL,1999,12,11,0.3,,-2.8,,3.3,,0,T,0,T,0,,0,,15,E,46,E,0,,17.7,,,M,,M
-52.742777777777775,47.62222222222222,ST JOHN'S A,8403506,8403506.1999.12.12,1999-12-12 00:00:00,NL,1999,12,12,2.1,,1.1,,3,,0,T,0,T,0,,0,,8,E,59,E,0,,15.9,,,M,,M
-52.742777777777775,47.62222222222222,ST JOHN'S A,8403506,8403506.1999.12.13,1999-12-13 00:00:00,NL,1999,12,13,2.7,,2.1,,3.2,,0.8,,0.8,,0,,0,,6,E,59,E,0,,15.3,,,M,,M
-52.742777777777775,47.62222222222222,ST JOHN'S A,8403506,8403506.1999.12.14,1999-12-14 00:00:00,NL,1999,12,14,2.4,,0.3,,4.5,,41.7,,41.7,,0,T,0,,35,E,74,E,0,,15.6,,,M,,M
-52.742777777777775,47.62222222222222,ST JOHN'S A,8403506,8403506.1999.12.15,1999-12-15 00:00:00,NL,1999,12,15,0.2,,-0.4,,0.8,,23.4,,7.8,,15.6,,2,,34,,82,,0,,17.8,,,M,,M
-52.742777777777775,47.62222222222222,ST JOHN'S A,8403506,8403506.1999.12.16,1999-12-16 00:00:00,NL,1999,12,16,-0.1,,-0.8,,0.6,,3.8,,2.1,,1.8,,3,,35,E,76,E,0,,18.1,,,M,,M
-52.742777777777775,47.62222222222222,ST JOHN'S A,8403506,8403506.1999.12.17,1999-12-17 00:00:00,NL,1999,12,17,0.3,,-2.8,,3.4,,2,,1,,1,,2,,18,E,48,E,0,,17.7,,,M,,M
-52.742777777777775,47.62222222222222,ST JOHN'S A,8403506,8403506.1999.12.18,1999-12-18 00:00:00,NL,1999,12,18,-0.3,,-1.8,,1.2,,0.8,,0,,0.8,,0,T,28,E,67,E,0,,18.3,,,M,,M
-52.742777777777775,47.62222222222222,ST JOHN'S A,8403506,8403506.1999.12.19,1999-12-19 00:00:00,NL,1999,12,19,-3.3,,-5,,-1.5,,0,T,0,,0,T,0,T,28,E,74,E,0,,21.3,,,M,,M
-52.742777777777775,47.62222222222222,ST JOHN'S A,8403506,8403506.1999.12.20,1999-12-20 00:00:00,NL,1999,12,20,-4.2,,-6,,-2.4,,0,,0,,0,,0,T,29,E,67,E,0,,22.2,,,M,,M
-52.742777777777775,47.62222222222222,ST JOHN'S A,8403506,8403506.1999.12.21,1999-12-21 00:00:00,NL,1999,12,21,1.2,,-5.5,,7.8,,2.5,,2.5,,0,T,0,T,19,E,70,E,0,,16.8,,,M,,M
-52.742777777777775,47.62222222222222,ST JOHN'S A,8403506,8403506.1999.12.22,1999-12-22 00:00:00,NL,1999,12,22,1.1,,-4.2,,6.3,,0,T,0,,0,T,0,,28,E,74,E,0,,16.9,,,M,,M
-52.742777777777775,47.62222222222222,ST JOHN'S A,8403506,8403506.1999.12.23,1999-12-23 00:00:00,NL,1999,12,23,-4.1,,-5.6,,-2.5,,0,T,0,,0,T,0,T,27,E,57,E,0,,22.1,,,M,,M
-52.742777777777775,47.62222222222222,ST JOHN'S A,8403506,8403506.1999.12.24,1999-12-24 00:00:00,NL,1999,12,24,-5.9,,-8.1,,-3.6,,0.8,,0,,1.4,,0,T,28,E,37,E,0,,23.9,,,M,,M
-52.742777777777775,47.62222222222222,ST JOHN'S A,8403506,8403506.1999.12.25,1999-12-25 00:00:00,NL,1999,12,25,-6.7,,-10.3,,-3.1,,0,T,0,,0,T,0,T,28,E,50,E,0,,24.7,,,M,,M
-52.742777777777775,47.62222222222222,ST JOHN'S A,8403506,8403506.1999.12.26,1999-12-26 00:00:00,NL,1999,12,26,-5.3,,-7.9,,-2.7,,0,,0,,0,,0,T,26,E,39,E,0,,23.3,,,M,,M
-52.742777777777775,47.62222222222222,ST JOHN'S A,8403506,8403506.1999.12.27,1999-12-27 00:00:00,NL,1999,12,27,0.8,,-4,,5.5,,4.9,,4.7,,0.2,,0,T,25,E,78,E,0,,17.2,,,M,,M
-52.742777777777775,47.62222222222222,ST JOHN'S A,8403506,8403506.1999.12.28,1999-12-28 00:00:00,NL,1999,12,28,-3.2,,-8.4,,2.1,,0,T,0,T,0,T,0,T,24,E,56,E,0,,21.2,,,M,,M
-52.742777777777775,47.62222222222222,ST JOHN'S A,8403506,8403506.1999.12.29,1999-12-29 00:00:00,NL,1999,12,29,-4,,-8.5,,0.6,,13.4,,5.6,,7.8,,0,T,31,E,65,E,0,,22,,,M,,M
-52.742777777777775,47.62222222222222,ST JOHN'S A,8403506,8403506.1999.12.30,1999-12-30 00:00:00,NL,1999,12,30,-3.1,,-8.1,,2,,6,,0,,6,,3,,28,E,78,E,0,,21.1,,,M,,M
-52.742777777777775,47.62222222222222,ST JOHN'S A,8403506,8403506.1999.12.31,1999-12-31 00:00:00,NL,1999,12,31,-5.7,,-11.1,,-0.3,,1.4,,0,,1.4,,6,,27,E,59,E,0,,23.7,,,M,,M
-52.742777777777775,47.62222222222222,ST JOHN'S A,8403506,8403506.2000.1.1,2000-01-01 00:00:00,NL,2000,1,1,-8.3,,-12.3,,-4.2,,0.2,,0,,0.2,,6,,0,,0,,0,,26.3,,,M,,M
-52.742777777777775,47.62222222222222,ST JOHN'S A,8403506,8403506.2000.1.2,2000-01-02 00:00:00,NL,2000,1,2,-3.9,,-8.8,,1.1,,0.4,,0,,0.4,,6,,25,E,59,E,0,,21.9,,,M,,M
-52.742777777777775,47.62222222222222,ST JOHN'S A,8403506,8403506.2000.1.3,2000-01-03 00:00:00,NL,2000,1,3,-1.1,,-7.5,,5.3,,11.9,,4.3,,7.6,,6,,31,E,78,E,0,,19.1,,,M,,M
-52.742777777777775,47.62222222222222,ST JOHN'S A,8403506,8403506.2000.1.4,2000-01-04 00:00:00,NL,2000,1,4,-4.6,,-9.7,,0.6,,1.1,,1.1,,0,,3,,29,E,78,E,0,,22.6,,,M,,M
-52.742777777777775,47.62222222222222,ST JOHN'S A,8403506,8403506.2000.1.5,2000-01-05 00:00:00,NL,2000,1,5,7.2,,-0.6,,15,,12.5,,12.3,,0.2,,0,T,23,E,93,E,0,,10.8,,,M,,M
-52.742777777777775,47.62222222222222,ST JOHN'S A,8403506,8403506.2000.1.6,2000-01-06 00:00:00,NL,2000,1,6,-6.2,,-11.7,,-0.6,,1,,0,,1,,0,T,29,E,74,E,0,,24.2,,,M,,M
-52.742777777777775,47.62222222222222,ST JOHN'S A,8403506,8403506.2000.1.7,2000-01-07 00:00:00,NL,2000,1,7,-5.6,,-11.2,,0,,0,T,0,,0,T,0,T,16,E,52,E,0,,23.6,,,M,,M
-52.742777777777775,47.62222222222222,ST JOHN'S A,8403506,8403506.2000.1.8,2000-01-08 00:00:00,NL,2000,1,8,-0.8,,-4.6,,3,,17.3,,15.3,,2,,0,T,25,E,95,E,0,,18.8,,,M,,M
-52.742777777777775,47.62222222222222,ST JOHN'S A,8403506,8403506.2000.1.9,2000-01-09 00:00:00,NL,2000,1,9,-5.2,,-8.1,,-2.3,,2,,0,,2.2,,1,,27,E,37,E,0,,23.2,,,M,,M
-52.742777777777775,47.62222222222222,ST JOHN'S A,8403506,8403506.2000.1.10,2000-01-10 00:00:00,NL,2000,1,10,-1,,-2.9,,1,,5.8,,0,,5.8,,5,,17,E,37,E,0,,19,,,M,,M
-52.742777777777775,47.62222222222222,ST JOHN'S A,8403506,8403506.2000.1.11,2000-01-11 00:00:00,NL,2000,1,11,0.7,,-2.6,,4,,5.2,,5.2,,0,T,2,,16,E,65,E,0,,17.3,,,M,,M
-52.742777777777775,47.62222222222222,ST JOHN'S A,8403506,8403506.2000.1.12,2000-01-12 00:00:00,NL,2000,1,12,1.4,,-1.8,,4.6,,0.8,,0.8,,0,,0,T,22,E,56,E,0,,16.6,,,M,,M
-52.742777777777775,47.62222222222222,ST JOHN'S A,8403506,8403506.2000.1.13,2000-01-13 00:00:00,NL,2000,1,13,-0.9,,-2.9,,1.1,,0,T,0,,0,T,0,T,21,E,56,E,0,,18.9,,,M,,M
-52.742777777777775,47.62222222222222,ST JOHN'S A,8403506,8403506.2000.1.14,2000-01-14 00:00:00,NL,2000,1,14,1.9,,-2.8,,6.6,,18,,8,,10,,6,,20,E,70,E,0,,16.1,,,M,,M
-52.742777777777775,47.62222222222222,ST JOHN'S A,8403506,8403506.2000.1.15,2000-01-15 00:00:00,NL,2000,1,15,-4.2,,-6.7,,-1.6,,0,T,0,,0,T,0,T,30,E,37,E,0,,22.2,,,M,,M
-52.742777777777775,47.62222222222222,ST JOHN'S A,8403506,8403506.2000.1.16,2000-01-16 00:00:00,NL,2000,1,16,-5.6,,-7.5,,-3.6,,2.6,,1.4,,1.2,,0,T,35,E,44,E,0,,23.6,,,M,,M
-52.742777777777775,47.62222222222222,ST JOHN'S A,8403506,8403506.2000.1.17,2000-01-17 00:00:00,NL,2000,1,17,-3.3,,-4.7,,-1.8,,2.5,,1.3,,1.2,,0,T,36,E,41,E,0,,21.3,,,M,,M
-52.742777777777775,47.62222222222222,ST JOHN'S A,8403506,8403506.2000.1.18,2000-01-18 00:00:00,NL,2000,1,18,-1.3,,-2.2,,-0.4,,11.7,,0.9,,12.2,,6,,0,,0,,0,,19.3,,,M,,M
-52.742777777777775,47.62222222222222,ST JOHN'S A,8403506,8403506.2000.1.19,2000-01-19 00:00:00,NL,2000,1,19,-2.3,,-4.4,,-0.2,,3.8,,0.8,,3,,11,,27,E,46,E,0,,20.3,,,M,,M
-52.742777777777775,47.62222222222222,ST JOHN'S A,8403506,8403506.2000.1.20,2000-01-20 00:00:00,NL,2000,1,20,1.2,,-2.7,,5,,31,,27.4,,3.6,,10,,26,E,96,E,0,,16.8,,,M,,M
-52.742777777777775,47.62222222222222,ST JOHN'S A,8403506,8403506.2000.1.21,2000-01-21 00:00:00,NL,2000,1,21,0.7,,-5.3,,6.6,,37,,37,,0,,0,T,17,E,96,E,0,,17.3,,,M,,M
-52.742777777777775,47.62222222222222,ST JOHN'S A,8403506,8403506.2000.1.22,2000-01-22 00:00:00,NL,2000,1,22,1.1,,-3.4,,5.6,,9.9,,9.5,,0.4,,0,,28,E,46,E,0,,16.9,,,M,,M
-52.742777777777775,47.62222222222222,ST JOHN'S A,8403506,8403506.2000.1.23,2000-01-23 00:00:00,NL,2000,1,23,-5.3,,-9,,-1.5,,1.8,,0,,1.8,,0,T,25,E,50,E,0,,23.3,,,M,,M
-52.742777777777775,47.62222222222222,ST JOHN'S A,8403506,8403506.2000.1.24,2000-01-24 00:00:00,NL,2000,1,24,-5.5,,-10.4,,-0.6,,8.7,,0.7,,8,,1,,14,E,74,E,0,,23.5,,,M,,M
-52.742777777777775,47.62222222222222,ST JOHN'S A,8403506,8403506.2000.1.25,2000-01-25 00:00:00,NL,2000,1,25,0.3,,-1.7,,2.3,,1.8,,1.8,,0,T,6,,14,E,65,E,0,,17.7,,,M,,M
-52.742777777777775,47.62222222222222,ST JOHN'S A,8403506,8403506.2000.1.26,2000-01-26 00:00:00,NL,2000,1,26,6.5,,-0.7,,13.6,,3,,3,,0,,0,T,16,E,56,E,0,,11.5,,,M,,M
-52.742777777777775,47.62222222222222,ST JOHN'S A,8403506,8403506.2000.1.27,2000-01-27 00:00:00,NL,2000,1,27,8.5,,4.3,,12.7,,6.4,,6.4,,0,,0,,18,E,70,E,0,,9.5,,,M,,M
-52.742777777777775,47.62222222222222,ST JOHN'S A,8403506,8403506.2000.1.28,2000-01-28 00:00:00,NL,2000,1,28,1.6,,-1.2,,4.4,,4.3,,1.7,,2.6,,0,,9,E,35,E,0,,16.4,,,M,,M
-52.742777777777775,47.62222222222222,ST JOHN'S A,8403506,8403506.2000.1.29,2000-01-29 00:00:00,NL,2000,1,29,-3.7,,-6.1,,-1.2,,3,,0,,3,,5,,33,E,46,E,0,,21.7,,,M,,M
-52.742777777777775,47.62222222222222,ST JOHN'S A,8403506,8403506.2000.1.30,2000-01-30 00:00:00,NL,2000,1,30,-3.9,,-5.5,,-2.3,,0,T,0,,0,T,5,,29,E,37,E,0,,21.9,,,M,,M
-52.742777777777775,47.62222222222222,ST JOHN'S A,8403506,8403506.2000.1.31,2000-01-31 00:00:00,NL,2000,1,31,-4.3,,-7.2,,-1.3,,0,,0,,0,,5,,17,E,52,E,0,,22.3,,,M,,M
-52.742777777777775,47.62222222222222,ST JOHN'S A,8403506,8403506.2000.2.1,2000-02-01 00:00:00,NL,2000,2,1,0.8,,-1.4,,2.9,,5.4,,5.2,,0.2,,3,,25,E,70,E,0,,17.2,,,M,,M
-52.742777777777775,47.62222222222222,ST JOHN'S A,8403506,8403506.2000.2.2,2000-02-02 00:00:00,NL,2000,2,2,-0.9,,-3.1,,1.3,,14.5,,0,,16.6,,2,,23,E,39,E,0,,18.9,,,M,,M
-52.742777777777775,47.62222222222222,ST JOHN'S A,8403506,8403506.2000.2.3,2000-02-03 00:00:00,NL,2000,2,3,-5.2,,-8.2,,-2.1,,2.2,,0,,2.2,,13,,27,E,43,E,0,,23.2,,,M,,M
-52.742777777777775,47.62222222222222,ST JOHN'S A,8403506,8403506.2000.2.4,2000-02-04 00:00:00,NL,2000,2,4,-7.9,,-12.5,,-3.2,,0.7,,0,,0.7,,13,,0,,0,,0,,25.9,,,M,,M
-52.742777777777775,47.62222222222222,ST JOHN'S A,8403506,8403506.2000.2.5,2000-02-05 00:00:00,NL,2000,2,5,-10.8,,-16.7,,-4.8,,0,T,0,,0,T,13,,0,,0,,0,,28.8,,,M,,M
-52.742777777777775,47.62222222222222,ST JOHN'S A,8403506,8403506.2000.2.6,2000-02-06 00:00:00,NL,2000,2,6,-6.6,,-10.8,,-2.4,,1,,0,,1,,10,,24,E,50,E,0,,24.6,,,M,,M
-52.742777777777775,47.62222222222222,ST JOHN'S A,8403506,8403506.2000.2.7,2000-02-07 00:00:00,NL,2000,2,7,-6.5,,-13.3,,0.4,,5.6,,0,,5.6,,11,,28,E,85,E,0,,24.5,,,M,,M
-52.742777777777775,47.62222222222222,ST JOHN'S A,8403506,8403506.2000.2.8,2000-02-08 00:00:00,NL,2000,2,8,-10,,-14.2,,-5.8,,3.5,,0,,5,,20,,31,E,59,E,0,,28,,,M,,M
-52.742777777777775,47.62222222222222,ST JOHN'S A,8403506,8403506.2000.2.9,2000-02-09 00:00:00,NL,2000,2,9,-4.7,,-12.4,,3.1,,1,,1,,0,T,19,,22,E,85,E,0,,22.7,,,M,,M
-52.742777777777775,47.62222222222222,ST JOHN'S A,8403506,8403506.2000.2.10,2000-02-10 00:00:00,NL,2000,2,10,-4.3,,-10.8,,2.3,,0,T,0,T,0,T,10,,25,E,67,E,0,,22.3,,,M,,M
-52.742777777777775,47.62222222222222,ST JOHN'S A,8403506,8403506.2000.2.11,2000-02-11 00:00:00,NL,2000,2,11,-8.3,,-12.6,,-4,,0,,0,,0,,8,,0,,0,,0,,26.3,,,M,,M
-52.742777777777775,47.62222222222222,ST JOHN'S A,8403506,8403506.2000.2.12,2000-02-12 00:00:00,NL,2000,2,12,-2.1,,-7,,2.8,,0.8,,0.8,,0,T,8,,27,E,67,E,0,,20.1,,,M,,M
-52.742777777777775,47.62222222222222,ST JOHN'S A,8403506,8403506.2000.2.13,2000-02-13 00:00:00,NL,2000,2,13,-6.2,,-9.1,,-3.3,,0,,0,,0,,5,,29,E,44,E,0,,24.2,,,M,,M
-52.742777777777775,47.62222222222222,ST JOHN'S A,8403506,8403506.2000.2.14,2000-02-14 00:00:00,NL,2000,2,14,-3.2,,-5,,-1.4,,0,T,0,T,0,T,0,T,14,E,57,E,0,,21.2,,,M,,M
-52.742777777777775,47.62222222222222,ST JOHN'S A,8403506,8403506.2000.2.15,2000-02-15 00:00:00,NL,2000,2,15,5.1,,-1.4,,11.5,,3.8,,3.8,,0,,0,T,20,E,65,E,0,,12.9,,,M,,M
-52.742777777777775,47.62222222222222,ST JOHN'S A,8403506,8403506.2000.2.16,2000-02-16 00:00:00,NL,2000,2,16,-0.3,,-3.9,,3.4,,0,T,0,,0,T,0,T,27,E,76,E,0,,18.3,,,M,,M
-52.742777777777775,47.62222222222222,ST JOHN'S A,8403506,8403506.2000.2.17,2000-02-17 00:00:00,NL,2000,2,17,-2.8,,-7.5,,1.9,,2.3,,1.7,,0.6,,0,T,28,E,82,E,0,,20.8,,,M,,M
-52.742777777777775,47.62222222222222,ST JOHN'S A,8403506,8403506.2000.2.18,2000-02-18 00:00:00,NL,2000,2,18,-9.5,,-11.7,,-7.2,,0,,0,,0,,0,T,28,E,74,E,0,,27.5,,,M,,M
-52.742777777777775,47.62222222222222,ST JOHN'S A,8403506,8403506.2000.2.19,2000-02-19 00:00:00,NL,2000,2,19,-8.4,,-11.3,,-5.5,,3.2,,0,,3.2,,0,T,27,E,50,E,0,,26.4,,,M,,M
-52.742777777777775,47.62222222222222,ST JOHN'S A,8403506,8403506.2000.2.20,2000-02-20 00:00:00,NL,2000,2,20,-5.8,,-7,,-4.5,,7.6,,0,,8,,2,,0,,0,,0,,23.8,,,M,,M
-52.742777777777775,47.62222222222222,ST JOHN'S A,8403506,8403506.2000.2.21,2000-02-21 00:00:00,NL,2000,2,21,-3.8,,-7.3,,-0.3,,1.8,,0,,2.4,,12,,21,E,41,E,0,,21.8,,,M,,M
-52.742777777777775,47.62222222222222,ST JOHN'S A,8403506,8403506.2000.2.22,2000-02-22 00:00:00,NL,2000,2,22,-9.1,,-12.8,,-5.4,,0,T,0,,0,T,10,,29,E,44,E,0,,27.1,,,M,,M
-52.742777777777775,47.62222222222222,ST JOHN'S A,8403506,8403506.2000.2.23,2000-02-23 00:00:00,NL,2000,2,23,-6.5,,-11.6,,-1.3,,0,,0,,0,,8,,23,E,63,E,0,,24.5,,,M,,M
-52.742777777777775,47.62222222222222,ST JOHN'S A,8403506,8403506.2000.2.24,2000-02-24 00:00:00,NL,2000,2,24,0.2,,-2.1,,2.4,,2.2,,0,T,2.4,,7,,22,E,65,E,0,,17.8,,,M,,M
-52.742777777777775,47.62222222222222,ST JOHN'S A,8403506,8403506.2000.2.25,2000-02-25 00:00:00,NL,2000,2,25,-4.3,,-7.2,,-1.4,,0,T,0,,0,T,0,T,35,E,54,E,0,,22.3,,,M,,M
-52.742777777777775,47.62222222222222,ST JOHN'S A,8403506,8403506.2000.2.26,2000-02-26 00:00:00,NL,2000,2,26,-5,,-9.8,,-0.1,,0,T,0,,0,T,0,T,27,E,50,E,0,,23,,,M,,M
-52.742777777777775,47.62222222222222,ST JOHN'S A,8403506,8403506.2000.2.27,2000-02-27 00:00:00,NL,2000,2,27,0.3,,-4.3,,4.8,,0,,0,,0,,0,T,26,E,78,E,0,,17.7,,,M,,M
-52.742777777777775,47.62222222222222,ST JOHN'S A,8403506,8403506.2000.2.28,2000-02-28 00:00:00,NL,2000,2,28,4.7,,2.3,,7,,0,,0,,0,,0,T,26,E,59,E,0,,13.3,,,M,,M
-52.742777777777775,47.62222222222222,ST JOHN'S A,8403506,8403506.2000.2.29,2000-02-29 00:00:00,NL,2000,2,29,2.4,,-0.1,,4.8,,9.5,,9.5,,0,,0,T,0,,0,,0,,15.6,,,M,,M
-52.742777777777775,47.62222222222222,ST JOHN'S A,8403506,8403506.2000.3.1,2000-03-01 00:00:00,NL,2000,3,1,0.6,,-0.4,,1.6,,2.8,,2.8,,0,,0,,0,,0,,0,,17.4,,,M,,M
-52.742777777777775,47.62222222222222,ST JOHN'S A,8403506,8403506.2000.3.2,2000-03-02 00:00:00,NL,2000,3,2,3.6,,0,,7.2,,8.5,,8.5,,0,,0,,0,,0,,0,,14.4,,,M,,M
-52.742777777777775,47.62222222222222,ST JOHN'S A,8403506,8403506.2000.3.3,2000-03-03 00:00:00,NL,2000,3,3,2.6,,-0.5,,5.7,,2,,2,,0,,0,,0,,0,,0,,15.4,,,M,,M
-52.742777777777775,47.62222222222222,ST JOHN'S A,8403506,8403506.2000.3.4,2000-03-04 00:00:00,NL,2000,3,4,6.4,,-0.5,,13.2,,0,T,0,T,0,,0,,0,,0,,0,,11.6,,,M,,M
-52.742777777777775,47.62222222222222,ST JOHN'S A,8403506,8403506.2000.3.5,2000-03-05 00:00:00,NL,2000,3,5,0.3,,-1,,1.6,,13,,2.8,,10.4,,0,,28,E,46,E,0,,17.7,,,M,,M
-52.742777777777775,47.62222222222222,ST JOHN'S A,8403506,8403506.2000.3.6,2000-03-06 00:00:00,NL,2000,3,6,-1.5,,-2.3,,-0.7,,1.6,,0,,1.8,,4,,31,E,41,E,0,,19.5,,,M,,M
-52.742777777777775,47.62222222222222,ST JOHN'S A,8403506,8403506.2000.3.7,2000-03-07 00:00:00,NL,2000,3,7,-2.1,,-2.8,,-1.3,,4.6,,0,T,4.6,,7,,30,E,46,E,0,,20.1,,,M,,M
-52.742777777777775,47.62222222222222,ST JOHN'S A,8403506,8403506.2000.3.8,2000-03-08 00:00:00,NL,2000,3,8,-1.6,,-2.8,,-0.4,,4.8,,0.8,,4,,8,,35,E,48,E,0,,19.6,,,M,,M
-52.742777777777775,47.62222222222222,ST JOHN'S A,8403506,8403506.2000.3.9,2000-03-09 00:00:00,NL,2000,3,9,-0.3,,-1.8,,1.3,,1.3,,0.7,,0.6,,6,,23,E,37,E,0,,18.3,,,M,,M
-52.742777777777775,47.62222222222222,ST JOHN'S A,8403506,8403506.2000.3.10,2000-03-10 00:00:00,NL,2000,3,10,0.2,,-6.6,,7,,11.3,,10.3,,1,,3,,1,E,50,E,0,,17.8,,,M,,M
-52.742777777777775,47.62222222222222,ST JOHN'S A,8403506,8403506.2000.3.11,2000-03-11 00:00:00,NL,2000,3,11,-7.8,,-9,,-6.6,,0.6,,0,,0.6,,0,T,36,E,44,E,0,,25.8,,,M,,M
-52.742777777777775,47.62222222222222,ST JOHN'S A,8403506,8403506.2000.3.12,2000-03-12 00:00:00,NL,2000,3,12,-4.7,,-8,,-1.3,,0,T,0,T,0,T,0,T,17,E,59,E,0,,22.7,,,M,,M
-52.742777777777775,47.62222222222222,ST JOHN'S A,8403506,8403506.2000.3.13,2000-03-13 00:00:00,NL,2000,3,13,2,,-1.3,,5.2,,4.3,,4.3,,0,,0,T,17,E,67,E,0,,16,,,M,,M
-52.742777777777775,47.62222222222222,ST JOHN'S A,8403506,8403506.2000.3.14,2000-03-14 00:00:00,NL,2000,3,14,-1.5,,-4.7,,1.8,,1.8,,0,,1.8,,0,T,25,E,46,E,0,,19.5,,,M,,M
-52.742777777777775,47.62222222222222,ST JOHN'S A,8403506,8403506.2000.3.15,2000-03-15 00:00:00,NL,2000,3,15,-1.9,,-7,,3.3,,0,T,0,T,0,,0,T,23,E,46,E,0,,19.9,,,M,,M
-52.742777777777775,47.62222222222222,ST JOHN'S A,8403506,8403506.2000.3.16,2000-03-16 00:00:00,NL,2000,3,16,6.4,,2.2,,10.5,,4.4,,4.4,,0,,0,T,21,E,72,E,0,,11.6,,,M,,M
-52.742777777777775,47.62222222222222,ST JOHN'S A,8403506,8403506.2000.3.17,2000-03-17 00:00:00,NL,2000,3,17,3.7,,-3.3,,10.7,,29.1,,28.9,,0.2,,0,,19,E,78,E,0,,14.3,,,M,,M
-52.742777777777775,47.62222222222222,ST JOHN'S A,8403506,8403506.2000.3.18,2000-03-18 00:00:00,NL,2000,3,18,1.7,,-7.9,,11.2,,72,,43.2,,32,,1,,19,E,65,E,0,,16.3,,,M,,M
-52.742777777777775,47.62222222222222,ST JOHN'S A,8403506,8403506.2000.3.19,2000-03-19 00:00:00,NL,2000,3,19,-4.4,,-6.4,,-2.4,,7.4,,0,,7.4,,30,,4,E,57,E,0,,22.4,,,M,,M
-52.742777777777775,47.62222222222222,ST JOHN'S A,8403506,8403506.2000.3.20,2000-03-20 00:00:00,NL,2000,3,20,-1.6,,-2.5,,-0.6,,0,T,0,T,0,T,26,,4,E,32,E,0,,19.6,,,M,,M
-52.742777777777775,47.62222222222222,ST JOHN'S A,8403506,8403506.2000.3.21,2000-03-21 00:00:00,NL,2000,3,21,-1.9,,-4.6,,0.8,,0,,0,,0,,18,,0,,0,,0,,19.9,,,M,,M
-52.742777777777775,47.62222222222222,ST JOHN'S A,8403506,8403506.2000.3.22,2000-03-22 00:00:00,NL,2000,3,22,-4.9,,-7.6,,-2.1,,0,,0,,0,,15,,0,,0,,0,,22.9,,,M,,M
-52.742777777777775,47.62222222222222,ST JOHN'S A,8403506,8403506.2000.3.23,2000-03-23 00:00:00,NL,2000,3,23,-1.4,,-6.2,,3.4,,0,,0,,0,,10,,0,,0,,0,,19.4,,,M,,M
-52.742777777777775,47.62222222222222,ST JOHN'S A,8403506,8403506.2000.3.24,2000-03-24 00:00:00,NL,2000,3,24,-0.6,,-4.2,,3.1,,0,T,0,,0,T,9,,26,E,41,E,0,,18.6,,,M,,M
-52.742777777777775,47.62222222222222,ST JOHN'S A,8403506,8403506.2000.3.25,2000-03-25 00:00:00,NL,2000,3,25,-2.5,,-3.9,,-1.1,,0,T,0,,0,T,7,,36,E,48,E,0,,20.5,,,M,,M
-52.742777777777775,47.62222222222222,ST JOHN'S A,8403506,8403506.2000.3.26,2000-03-26 00:00:00,NL,2000,3,26,-0.4,,-3.3,,2.6,,0,T,0,,0,T,6,,31,E,37,E,0,,18.4,,,M,,M
-52.742777777777775,47.62222222222222,ST JOHN'S A,8403506,8403506.2000.3.27,2000-03-27 00:00:00,NL,2000,3,27,1.9,,-1.3,,5.1,,10.8,,10,,0.8,,4,,28,E,95,E,0,,16.1,,,M,,M
-52.742777777777775,47.62222222222222,ST JOHN'S A,8403506,8403506.2000.3.28,2000-03-28 00:00:00,NL,2000,3,28,1,,-2.9,,4.8,,0,,0,,0,,1,,29,E,78,E,0,,17,,,M,,M
-52.742777777777775,47.62222222222222,ST JOHN'S A,8403506,8403506.2000.3.29,2000-03-29 00:00:00,NL,2000,3,29,-0.7,,-3.5,,2.2,,3,,1.8,,1.2,,0,T,15,E,59,E,0,,18.7,,,M,,M
-52.742777777777775,47.62222222222222,ST JOHN'S A,8403506,8403506.2000.3.30,2000-03-30 00:00:00,NL,2000,3,30,5.4,,1.5,,9.2,,1,,1,,0,,0,T,16,,56,,0,,12.6,,,M,,M
-52.742777777777775,47.62222222222222,ST JOHN'S A,8403506,8403506.2000.3.31,2000-03-31 00:00:00,NL,2000,3,31,8,,1.8,,14.2,,0,T,0,T,0,,0,T,18,E,46,E,0,,10,,,M,,M
-52.742777777777775,47.62222222222222,ST JOHN'S A,8403506,8403506.2000.4.1,2000-04-01 00:00:00,NL,2000,4,1,5.3,,-0.3,,10.9,,1.1,,1.1,,0,,0,T,18,E,52,E,0,,12.7,,,M,,M
-52.742777777777775,47.62222222222222,ST JOHN'S A,8403506,8403506.2000.4.2,2000-04-02 00:00:00,NL,2000,4,2,3.7,,-0.4,,7.7,,0,,0,,0,,0,T,26,E,50,E,0,,14.3,,,M,,M
-52.742777777777775,47.62222222222222,ST JOHN'S A,8403506,8403506.2000.4.3,2000-04-03 00:00:00,NL,2000,4,3,4.7,,0.4,,8.9,,2.4,,2.4,,0,,0,T,25,E,67,E,0,,13.3,,,M,,M
-52.742777777777775,47.62222222222222,ST JOHN'S A,8403506,8403506.2000.4.4,2000-04-04 00:00:00,NL,2000,4,4,5.1,,-0.8,,10.9,,0.4,,0.4,,0,T,0,T,0,,0,,0,,12.9,,,M,,M
-52.742777777777775,47.62222222222222,ST JOHN'S A,8403506,8403506.2000.4.5,2000-04-05 00:00:00,NL,2000,4,5,8.4,,0.6,,16.1,,9.4,,9.4,,0,,0,,16,E,46,E,0,,9.6,,,M,,M
-52.742777777777775,47.62222222222222,ST JOHN'S A,8403506,8403506.2000.4.6,2000-04-06 00:00:00,NL,2000,4,6,5.2,,0.4,,9.9,,2,,2,,0,T,0,,25,E,63,E,0,,12.8,,,M,,M
-52.742777777777775,47.62222222222222,ST JOHN'S A,8403506,8403506.2000.4.7,2000-04-07 00:00:00,NL,2000,4,7,4.4,,-2.3,,11,,0,,0,,0,,0,,25,E,43,E,0,,13.6,,,M,,M
-52.742777777777775,47.62222222222222,ST JOHN'S A,8403506,8403506.2000.4.8,2000-04-08 00:00:00,NL,2000,4,8,2,,-2.2,,6.1,,0,,0,,0,,0,,0,,0,,0,,16,,,M,,M
-52.742777777777775,47.62222222222222,ST JOHN'S A,8403506,8403506.2000.4.9,2000-04-09 00:00:00,NL,2000,4,9,5.8,,0.3,,11.3,,0,,0,,0,,0,,17,E,46,E,0,,12.2,,,M,,M
-52.742777777777775,47.62222222222222,ST JOHN'S A,8403506,8403506.2000.4.10,2000-04-10 00:00:00,NL,2000,4,10,3.5,,0.7,,6.3,,0.9,,0.9,,0,,0,,14,E,52,E,0,,14.5,,,M,,M
-52.742777777777775,47.62222222222222,ST JOHN'S A,8403506,8403506.2000.4.11,2000-04-11 00:00:00,NL,2000,4,11,2.5,,-0.1,,5.1,,12.9,,12.9,,0,T,0,,31,E,41,E,0,,15.5,,,M,,M
-52.742777777777775,47.62222222222222,ST JOHN'S A,8403506,8403506.2000.4.12,2000-04-12 00:00:00,NL,2000,4,12,-0.4,,-3,,2.3,,0,,0,,0,,0,,34,E,35,E,0,,18.4,,,M,,M
-52.742777777777775,47.62222222222222,ST JOHN'S A,8403506,8403506.2000.4.13,2000-04-13 00:00:00,NL,2000,4,13,2.4,,-1.8,,6.5,,4.4,,4.4,,0,,0,,17,E,41,E,0,,15.6,,,M,,M
-52.742777777777775,47.62222222222222,ST JOHN'S A,8403506,8403506.2000.4.14,2000-04-14 00:00:00,NL,2000,4,14,1,,-2.5,,4.5,,0,T,0,,0,T,0,,26,E,61,E,0,,17,,,M,,M
-52.742777777777775,47.62222222222222,ST JOHN'S A,8403506,8403506.2000.4.15,2000-04-15 00:00:00,NL,2000,4,15,0.8,,-2.5,,4.1,,1.7,,1.1,,0.6,,0,,22,E,56,E,0,,17.2,,,M,,M
-52.742777777777775,47.62222222222222,ST JOHN'S A,8403506,8403506.2000.4.16,2000-04-16 00:00:00,NL,2000,4,16,1.7,,-1.4,,4.8,,0,,0,,0,,0,,0,,0,,0,,16.3,,,M,,M
-52.742777777777775,47.62222222222222,ST JOHN'S A,8403506,8403506.2000.4.17,2000-04-17 00:00:00,NL,2000,4,17,-2.7,,-6.1,,0.7,,3.2,,0,,3.6,,2,,34,E,43,E,0,,20.7,,,M,,M
-52.742777777777775,47.62222222222222,ST JOHN'S A,8403506,8403506.2000.4.18,2000-04-18 00:00:00,NL,2000,4,18,-0.9,,-6.9,,5.2,,0,,0,,0,,0,,29,E,50,E,0,,18.9,,,M,,M
-52.742777777777775,47.62222222222222,ST JOHN'S A,8403506,8403506.2000.4.19,2000-04-19 00:00:00,NL,2000,4,19,-0.4,,-6.5,,5.7,,0,,0,,0,,0,,30,E,32,E,0,,18.4,,,M,,M
-52.742777777777775,47.62222222222222,ST JOHN'S A,8403506,8403506.2000.4.20,2000-04-20 00:00:00,NL,2000,4,20,-2.3,,-6.9,,2.4,,0,,0,,0,,0,,0,,0,,0,,20.3,,,M,,M
-52.742777777777775,47.62222222222222,ST JOHN'S A,8403506,8403506.2000.4.21,2000-04-21 00:00:00,NL,2000,4,21,-0.9,,-2,,0.2,,21.2,,5,,16.2,,10,,36,E,39,E,0,,18.9,,,M,,M
-52.742777777777775,47.62222222222222,ST JOHN'S A,8403506,8403506.2000.4.22,2000-04-22 00:00:00,NL,2000,4,22,0.2,,-2.2,,2.6,,0,,0,,0,,9,,36,E,37,E,0,,17.8,,,M,,M
-52.742777777777775,47.62222222222222,ST JOHN'S A,8403506,8403506.2000.4.23,2000-04-23 00:00:00,NL,2000,4,23,0.8,,-1.8,,3.3,,0.6,,0.6,,0,,6,,15,E,46,E,0,,17.2,,,M,,M
-52.742777777777775,47.62222222222222,ST JOHN'S A,8403506,8403506.2000.4.24,2000-04-24 00:00:00,NL,2000,4,24,5.9,,2.3,,9.4,,5.3,,5.3,,0,,0,T,15,E,44,E,0,,12.1,,,M,,M
-52.742777777777775,47.62222222222222,ST JOHN'S A,8403506,8403506.2000.4.25,2000-04-25 00:00:00,NL,2000,4,25,4.9,,-1.4,,11.2,,4.9,,4.3,,0.6,,0,T,35,E,32,E,0,,13.1,,,M,,M
-52.742777777777775,47.62222222222222,ST JOHN'S A,8403506,8403506.2000.4.26,2000-04-26 00:00:00,NL,2000,4,26,-1.3,,-4.2,,1.6,,0.6,,0,,0.6,,0,T,1,E,41,E,0,,19.3,,,M,,M
-52.742777777777775,47.62222222222222,ST JOHN'S A,8403506,8403506.2000.4.27,2000-04-27 00:00:00,NL,2000,4,27,6.1,,-2.7,,14.8,,0.9,,0.9,,0,,0,,19,E,35,E,0,,11.9,,,M,,M
-52.742777777777775,47.62222222222222,ST JOHN'S A,8403506,8403506.2000.4.28,2000-04-28 00:00:00,NL,2000,4,28,8.2,,3.3,,13,,4.8,,4.8,,0,,0,,18,E,32,E,0,,9.8,,,M,,M
-52.742777777777775,47.62222222222222,ST JOHN'S A,8403506,8403506.2000.4.29,2000-04-29 00:00:00,NL,2000,4,29,3.1,,0.3,,5.9,,0.9,,0.9,,0,,0,,26,E,57,E,0,,14.9,,,M,,M
-52.742777777777775,47.62222222222222,ST JOHN'S A,8403506,8403506.2000.4.30,2000-04-30 00:00:00,NL,2000,4,30,5.3,,-0.3,,10.9,,18,,18,,0,T,0,,16,E,61,E,0,,12.7,,,M,,M
-52.742777777777775,47.62222222222222,ST JOHN'S A,8403506,8403506.2000.5.1,2000-05-01 00:00:00,NL,2000,5,1,3.2,,0.8,,5.5,,1.9,,1.9,,0,T,0,,28,E,48,E,0,,14.8,,,M,,M
-52.742777777777775,47.62222222222222,ST JOHN'S A,8403506,8403506.2000.5.2,2000-05-02 00:00:00,NL,2000,5,2,5.9,,0.5,,11.3,,4.8,,4.2,,0.6,,0,,17,E,65,E,0,,12.1,,,M,,M
-52.742777777777775,47.62222222222222,ST JOHN'S A,8403506,8403506.2000.5.3,2000-05-03 00:00:00,NL,2000,5,3,4,,-0.9,,8.8,,10.2,,10.2,,0,,0,,21,E,65,E,0,,14,,,M,,M
-52.742777777777775,47.62222222222222,ST JOHN'S A,8403506,8403506.2000.5.4,2000-05-04 00:00:00,NL,2000,5,4,4.9,,-1.5,,11.3,,0,,0,,0,,0,,26,E,37,E,0,,13.1,,,M,,M
-52.742777777777775,47.62222222222222,ST JOHN'S A,8403506,8403506.2000.5.5,2000-05-05 00:00:00,NL,2000,5,5,6.8,,0.1,,13.5,,0,,0,,0,,0,,22,E,50,E,0,,11.2,,,M,,M
-52.742777777777775,47.62222222222222,ST JOHN'S A,8403506,8403506.2000.5.6,2000-05-06 00:00:00,NL,2000,5,6,1,,-4.6,,6.6,,0,T,0,,0,T,0,,27,E,39,E,0,,17,,,M,,M
-52.742777777777775,47.62222222222222,ST JOHN'S A,8403506,8403506.2000.5.7,2000-05-07 00:00:00,NL,2000,5,7,-0.1,,-5.3,,5.1,,0,,0,,0,,0,,0,,0,,0,,18.1,,,M,,M
-52.742777777777775,47.62222222222222,ST JOHN'S A,8403506,8403506.2000.5.8,2000-05-08 00:00:00,NL,2000,5,8,0.5,,-2.6,,3.5,,14.9,,14.3,,0.6,,0,,16,E,41,E,0,,17.5,,,M,,M
-52.742777777777775,47.62222222222222,ST JOHN'S A,8403506,8403506.2000.5.9,2000-05-09 00:00:00,NL,2000,5,9,3.5,,0.2,,6.7,,0,T,0,,0,T,0,,30,E,65,E,0,,14.5,,,M,,M
-52.742777777777775,47.62222222222222,ST JOHN'S A,8403506,8403506.2000.5.10,2000-05-10 00:00:00,NL,2000,5,10,1.7,,-3.6,,7,,0.4,,0,,0.4,,0,,30,E,37,E,0,,16.3,,,M,,M
-52.742777777777775,47.62222222222222,ST JOHN'S A,8403506,8403506.2000.5.11,2000-05-11 00:00:00,NL,2000,5,11,3.9,,-2.4,,10.2,,0,,0,,0,,0,,0,,0,,0,,14.1,,,M,,M
-52.742777777777775,47.62222222222222,ST JOHN'S A,8403506,8403506.2000.5.12,2000-05-12 00:00:00,NL,2000,5,12,4.5,,0.9,,8,,4.9,,4.9,,0,,0,,16,E,63,E,0,,13.5,,,M,,M
-52.742777777777775,47.62222222222222,ST JOHN'S A,8403506,8403506.2000.5.13,2000-05-13 00:00:00,NL,2000,5,13,6.1,,3.5,,8.7,,6.1,,6.1,,0,,0,,15,E,37,E,0,,11.9,,,M,,M
-52.742777777777775,47.62222222222222,ST JOHN'S A,8403506,8403506.2000.5.14,2000-05-14 00:00:00,NL,2000,5,14,7.8,,2.8,,12.7,,0,,0,,0,,0,,0,,0,,0,,10.2,,,M,,M
-52.742777777777775,47.62222222222222,ST JOHN'S A,8403506,8403506.2000.5.15,2000-05-15 00:00:00,NL,2000,5,15,12.8,,5.1,,20.4,,0,,0,,0,,0,,0,,0,,0,,5.2,,,M,,M
-52.742777777777775,47.62222222222222,ST JOHN'S A,8403506,8403506.2000.5.16,2000-05-16 00:00:00,NL,2000,5,16,12.5,,6,,19,,3,,3,,0,,0,,0,,0,,0,,5.5,,,M,,M
-52.742777777777775,47.62222222222222,ST JOHN'S A,8403506,8403506.2000.5.17,2000-05-17 00:00:00,NL,2000,5,17,11.7,,5.8,,17.6,,5.2,,5.2,,0,,0,,25,E,43,E,0,,6.3,,,M,,M
-52.742777777777775,47.62222222222222,ST JOHN'S A,8403506,8403506.2000.5.18,2000-05-18 00:00:00,NL,2000,5,18,11.9,,5.2,,18.5,,0,,0,,0,,0,,24,E,59,E,0,,6.1,,,M,,M
-52.742777777777775,47.62222222222222,ST JOHN'S A,8403506,8403506.2000.5.19,2000-05-19 00:00:00,NL,2000,5,19,10.5,,4.7,,16.2,,0.8,,0.8,,0,,0,,23,E,78,E,0,,7.5,,,M,,M
-52.742777777777775,47.62222222222222,ST JOHN'S A,8403506,8403506.2000.5.20,2000-05-20 00:00:00,NL,2000,5,20,7.9,,2.9,,12.8,,0,,0,,0,,0,,0,,0,,0,,10.1,,,M,,M
-52.742777777777775,47.62222222222222,ST JOHN'S A,8403506,8403506.2000.5.21,2000-05-21 00:00:00,NL,2000,5,21,1.4,,-2.1,,4.8,,0.2,,0.2,,0,,0,,0,,0,,0,,16.6,,,M,,M
-52.742777777777775,47.62222222222222,ST JOHN'S A,8403506,8403506.2000.5.22,2000-05-22 00:00:00,NL,2000,5,22,5.2,,-2.1,,12.4,,0,,0,,0,,0,,0,,0,,0,,12.8,,,M,,M
-52.742777777777775,47.62222222222222,ST JOHN'S A,8403506,8403506.2000.5.23,2000-05-23 00:00:00,NL,2000,5,23,7.5,,1.5,,13.5,,0,,0,,0,,0,,0,,0,,0,,10.5,,,M,,M
-52.742777777777775,47.62222222222222,ST JOHN'S A,8403506,8403506.2000.5.24,2000-05-24 00:00:00,NL,2000,5,24,4,,3.1,,4.8,,7.7,,7.7,,0,,0,,8,E,41,E,0,,14,,,M,,M
-52.742777777777775,47.62222222222222,ST JOHN'S A,8403506,8403506.2000.5.25,2000-05-25 00:00:00,NL,2000,5,25,9.7,,4.1,,15.2,,18.7,,18.7,,0,,0,,13,E,37,E,0,,8.3,,,M,,M
-52.742777777777775,47.62222222222222,ST JOHN'S A,8403506,8403506.2000.5.26,2000-05-26 00:00:00,NL,2000,5,26,11.6,,6,,17.1,,3,,3,,0,,0,,25,E,56,E,0,,6.4,,,M,,M
-52.742777777777775,47.62222222222222,ST JOHN'S A,8403506,8403506.2000.5.27,2000-05-27 00:00:00,NL,2000,5,27,11.1,,4.9,,17.3,,0,T,0,T,0,,0,,25,E,32,E,0,,6.9,,,M,,M
-52.742777777777775,47.62222222222222,ST JOHN'S A,8403506,8403506.2000.5.28,2000-05-28 00:00:00,NL,2000,5,28,6,,2.9,,9.1,,0,T,0,T,0,,0,,2,E,37,E,0,,12,,,M,,M
-52.742777777777775,47.62222222222222,ST JOHN'S A,8403506,8403506.2000.5.29,2000-05-29 00:00:00,NL,2000,5,29,2.1,,-0.4,,4.6,,0.9,,0.5,,0.4,,0,,3,E,56,E,0,,15.9,,,M,,M
-52.742777777777775,47.62222222222222,ST JOHN'S A,8403506,8403506.2000.5.30,2000-05-30 00:00:00,NL,2000,5,30,3,,-0.4,,6.4,,0,T,0,T,0,T,0,,34,E,56,E,0,,15,,,M,,M
-52.742777777777775,47.62222222222222,ST JOHN'S A,8403506,8403506.2000.5.31,2000-05-31 00:00:00,NL,2000,5,31,9.3,,-0.3,,18.8,,0,,0,,0,,0,,23,E,59,E,0,,8.7,,,M,,M
-52.742777777777775,47.62222222222222,ST JOHN'S A,8403506,8403506.2000.6.1,2000-06-01 00:00:00,NL,2000,6,1,11.7,,6.7,,16.7,,0,T,0,T,0,,0,,25,E,56,E,0,,6.3,,,M,,M
-52.742777777777775,47.62222222222222,ST JOHN'S A,8403506,8403506.2000.6.2,2000-06-02 00:00:00,NL,2000,6,2,12.4,,5.9,,18.8,,0,,0,,0,,0,,27,E,67,E,0,,5.6,,,M,,M
-52.742777777777775,47.62222222222222,ST JOHN'S A,8403506,8403506.2000.6.3,2000-06-03 00:00:00,NL,2000,6,3,8.2,,4.7,,11.7,,16.7,,16.7,,0,,0,,29,E,56,E,0,,9.8,,,M,,M
-52.742777777777775,47.62222222222222,ST JOHN'S A,8403506,8403506.2000.6.4,2000-06-04 00:00:00,NL,2000,6,4,9.8,,4.3,,15.3,,0,,0,,0,,0,,30,E,56,E,0,,8.2,,,M,,M
-52.742777777777775,47.62222222222222,ST JOHN'S A,8403506,8403506.2000.6.5,2000-06-05 00:00:00,NL,2000,6,5,9.4,,4.2,,14.5,,0,,0,,0,,0,,0,,0,,0,,8.6,,,M,,M
-52.742777777777775,47.62222222222222,ST JOHN'S A,8403506,8403506.2000.6.6,2000-06-06 00:00:00,NL,2000,6,6,7.6,,3,,12.1,,0,,0,,0,,0,,0,,0,,0,,10.4,,,M,,M
-52.742777777777775,47.62222222222222,ST JOHN'S A,8403506,8403506.2000.6.7,2000-06-07 00:00:00,NL,2000,6,7,10.1,,2.2,,18,,16.4,,16.4,,0,,0,,22,E,63,E,0,,7.9,,,M,,M
-52.742777777777775,47.62222222222222,ST JOHN'S A,8403506,8403506.2000.6.8,2000-06-08 00:00:00,NL,2000,6,8,9.8,,4.3,,15.3,,9,,9,,0,,0,,21,E,33,E,0,,8.2,,,M,,M
-52.742777777777775,47.62222222222222,ST JOHN'S A,8403506,8403506.2000.6.9,2000-06-09 00:00:00,NL,2000,6,9,10.6,,3.6,,17.6,,5.8,,5.8,,0,,0,,25,E,52,E,0,,7.4,,,M,,M
-52.742777777777775,47.62222222222222,ST JOHN'S A,8403506,8403506.2000.6.10,2000-06-10 00:00:00,NL,2000,6,10,9.1,,3.2,,14.9,,0,,0,,0,,0,,26,E,69,E,0,,8.9,,,M,,M
-52.742777777777775,47.62222222222222,ST JOHN'S A,8403506,8403506.2000.6.11,2000-06-11 00:00:00,NL,2000,6,11,8.5,,3.2,,13.7,,0,,0,,0,,0,,28,E,65,E,0,,9.5,,,M,,M
-52.742777777777775,47.62222222222222,ST JOHN'S A,8403506,8403506.2000.6.12,2000-06-12 00:00:00,NL,2000,6,12,3.2,,-0.4,,6.8,,0,T,0,T,0,,0,,0,,0,,0,,14.8,,,M,,M
-52.742777777777775,47.62222222222222,ST JOHN'S A,8403506,8403506.2000.6.13,2000-06-13 00:00:00,NL,2000,6,13,8.3,,2.5,,14,,0,T,0,T,0,,0,,0,,0,,0,,9.7,,,M,,M
-52.742777777777775,47.62222222222222,ST JOHN'S A,8403506,8403506.2000.6.14,2000-06-14 00:00:00,NL,2000,6,14,10.2,,4,,16.3,,0,,0,,0,,0,,0,,0,,0,,7.8,,,M,,M
-52.742777777777775,47.62222222222222,ST JOHN'S A,8403506,8403506.2000.6.15,2000-06-15 00:00:00,NL,2000,6,15,13.6,,7.5,,19.6,,0,T,0,T,0,,0,,26,E,56,E,0,,4.4,,,M,,M
-52.742777777777775,47.62222222222222,ST JOHN'S A,8403506,8403506.2000.6.16,2000-06-16 00:00:00,NL,2000,6,16,13.3,,10.2,,16.4,,11.2,,11.2,,0,,0,,25,E,56,E,0,,4.7,,,M,,M
-52.742777777777775,47.62222222222222,ST JOHN'S A,8403506,8403506.2000.6.17,2000-06-17 00:00:00,NL,2000,6,17,19.1,,12.8,,25.4,,0,,0,,0,,0,,25,E,41,E,1.1,,0,,,M,,M
-52.742777777777775,47.62222222222222,ST JOHN'S A,8403506,8403506.2000.6.18,2000-06-18 00:00:00,NL,2000,6,18,15.5,,5.9,,25.1,,0,T,0,T,0,,0,,27,E,46,E,0,,2.5,,,M,,M
-52.742777777777775,47.62222222222222,ST JOHN'S A,8403506,8403506.2000.6.19,2000-06-19 00:00:00,NL,2000,6,19,10.8,,6.7,,14.9,,0.4,,0.4,,0,,0,,16,E,41,E,0,,7.2,,,M,,M
-52.742777777777775,47.62222222222222,ST JOHN'S A,8403506,8403506.2000.6.20,2000-06-20 00:00:00,NL,2000,6,20,12.6,,5.8,,19.3,,0,,0,,0,,0,,0,,0,,0,,5.4,,,M,,M
-52.742777777777775,47.62222222222222,ST JOHN'S A,8403506,8403506.2000.6.21,2000-06-21 00:00:00,NL,2000,6,21,8,,5.2,,10.7,,0,,0,,0,,0,,0,,0,,0,,10,,,M,,M
-52.742777777777775,47.62222222222222,ST JOHN'S A,8403506,8403506.2000.6.22,2000-06-22 00:00:00,NL,2000,6,22,11.5,,6.5,,16.4,,0,,0,,0,,0,,0,,0,,0,,6.5,,,M,,M
-52.742777777777775,47.62222222222222,ST JOHN'S A,8403506,8403506.2000.6.23,2000-06-23 00:00:00,NL,2000,6,23,16.4,,10.7,,22.1,,0,T,0,T,0,,0,,26,E,46,E,0,,1.6,,,M,,M
-52.742777777777775,47.62222222222222,ST JOHN'S A,8403506,8403506.2000.6.24,2000-06-24 00:00:00,NL,2000,6,24,13.9,,6.9,,20.8,,0,,0,,0,,0,,27,E,48,E,0,,4.1,,,M,,M
-52.742777777777775,47.62222222222222,ST JOHN'S A,8403506,8403506.2000.6.25,2000-06-25 00:00:00,NL,2000,6,25,16,,8.8,,23.2,,0,,0,,0,,0,,0,,0,,0,,2,,,M,,M
-52.742777777777775,47.62222222222222,ST JOHN'S A,8403506,8403506.2000.6.26,2000-06-26 00:00:00,NL,2000,6,26,16.2,,12.7,,19.6,,0,T,0,T,0,,0,,25,E,59,E,0,,1.8,,,M,,M
-52.742777777777775,47.62222222222222,ST JOHN'S A,8403506,8403506.2000.6.27,2000-06-27 00:00:00,NL,2000,6,27,11.6,,6.6,,16.5,,0,,0,,0,,0,,33,E,39,E,0,,6.4,,,M,,M
-52.742777777777775,47.62222222222222,ST JOHN'S A,8403506,8403506.2000.6.28,2000-06-28 00:00:00,NL,2000,6,28,8.8,,5.9,,11.7,,2.1,,2.1,,0,,0,,17,E,39,E,0,,9.2,,,M,,M
-52.742777777777775,47.62222222222222,ST JOHN'S A,8403506,8403506.2000.6.29,2000-06-29 00:00:00,NL,2000,6,29,15.5,,10.3,,20.7,,0,T,0,T,0,,0,,0,,0,,0,,2.5,,,M,,M
-52.742777777777775,47.62222222222222,ST JOHN'S A,8403506,8403506.2000.6.30,2000-06-30 00:00:00,NL,2000,6,30,12,,8.7,,15.2,,14.4,,14.4,,0,,0,,12,E,32,E,0,,6,,,M,,M
-52.742777777777775,47.62222222222222,ST JOHN'S A,8403506,8403506.2000.7.1,2000-07-01 00:00:00,NL,2000,7,1,16.5,,12.2,,20.8,,1.3,,1.3,,0,,0,,24,E,50,E,0,,1.5,,,M,,M
-52.742777777777775,47.62222222222222,ST JOHN'S A,8403506,8403506.2000.7.2,2000-07-02 00:00:00,NL,2000,7,2,13,,8.2,,17.7,,0,,0,,0,,0,,0,,0,,0,,5,,,M,,M
-52.742777777777775,47.62222222222222,ST JOHN'S A,8403506,8403506.2000.7.3,2000-07-03 00:00:00,NL,2000,7,3,14.6,,8.4,,20.7,,0,,0,,0,,0,,0,,0,,0,,3.4,,,M,,M
-52.742777777777775,47.62222222222222,ST JOHN'S A,8403506,8403506.2000.7.4,2000-07-04 00:00:00,NL,2000,7,4,16,,11,,20.9,,0,,0,,0,,0,,0,,0,,0,,2,,,M,,M
-52.742777777777775,47.62222222222222,ST JOHN'S A,8403506,8403506.2000.7.5,2000-07-05 00:00:00,NL,2000,7,5,18.6,,12.5,,24.7,,2.8,,2.8,,0,,0,,19,E,41,E,0.6,,0,,,M,,M
-52.742777777777775,47.62222222222222,ST JOHN'S A,8403506,8403506.2000.7.6,2000-07-06 00:00:00,NL,2000,7,6,16.8,,10.5,,23.1,,4.1,,4.1,,0,,0,,22,E,44,E,0,,1.2,,,M,,M
-52.742777777777775,47.62222222222222,ST JOHN'S A,8403506,8403506.2000.7.7,2000-07-07 00:00:00,NL,2000,7,7,15.1,,10.6,,19.5,,9.7,,9.7,,0,,0,,20,E,37,E,0,,2.9,,,M,,M
-52.742777777777775,47.62222222222222,ST JOHN'S A,8403506,8403506.2000.7.8,2000-07-08 00:00:00,NL,2000,7,8,21.3,,16.6,,25.9,,0,T,0,T,0,,0,,19,E,56,E,3.3,,0,,,M,,M
-52.742777777777775,47.62222222222222,ST JOHN'S A,8403506,8403506.2000.7.9,2000-07-09 00:00:00,NL,2000,7,9,17.4,,12,,22.8,,4,,4,,0,,0,,18,E,56,E,0,,0.6,,,M,,M
-52.742777777777775,47.62222222222222,ST JOHN'S A,8403506,8403506.2000.7.10,2000-07-10 00:00:00,NL,2000,7,10,16.1,,11.3,,20.8,,0,T,0,T,0,,0,,0,,0,,0,,1.9,,,M,,M
-52.742777777777775,47.62222222222222,ST JOHN'S A,8403506,8403506.2000.7.11,2000-07-11 00:00:00,NL,2000,7,11,15.5,,13.2,,17.8,,12.6,,12.6,,0,,0,,18,E,54,E,0,,2.5,,,M,,M
-52.742777777777775,47.62222222222222,ST JOHN'S A,8403506,8403506.2000.7.12,2000-07-12 00:00:00,NL,2000,7,12,16.9,,11.6,,22.2,,4.2,,4.2,,0,,0,,19,E,37,E,0,,1.1,,,M,,M
-52.742777777777775,47.62222222222222,ST JOHN'S A,8403506,8403506.2000.7.13,2000-07-13 00:00:00,NL,2000,7,13,12.5,,8.4,,16.6,,3.1,,3.1,,0,,0,,0,,0,,0,,5.5,,,M,,M
-52.742777777777775,47.62222222222222,ST JOHN'S A,8403506,8403506.2000.7.14,2000-07-14 00:00:00,NL,2000,7,14,13.4,,8.2,,18.6,,0.3,,0.3,,0,,0,,25,E,37,E,0,,4.6,,,M,,M
-52.742777777777775,47.62222222222222,ST JOHN'S A,8403506,8403506.2000.7.15,2000-07-15 00:00:00,NL,2000,7,15,18.3,,11.7,,24.9,,0,,0,,0,,0,,26,E,37,E,0.3,,0,,,M,,M
-52.742777777777775,47.62222222222222,ST JOHN'S A,8403506,8403506.2000.7.16,2000-07-16 00:00:00,NL,2000,7,16,18.8,,12.4,,25.1,,0,,0,,0,,0,,26,E,32,E,0.8,,0,,,M,,M
-52.742777777777775,47.62222222222222,ST JOHN'S A,8403506,8403506.2000.7.17,2000-07-17 00:00:00,NL,2000,7,17,17.4,,11.7,,23,,0,,0,,0,,0,,19,E,37,E,0,,0.6,,,M,,M
-52.742777777777775,47.62222222222222,ST JOHN'S A,8403506,8403506.2000.7.18,2000-07-18 00:00:00,NL,2000,7,18,13.6,,11.9,,15.3,,0,T,0,T,0,,0,,18,E,48,E,0,,4.4,,,M,,M
-52.742777777777775,47.62222222222222,ST JOHN'S A,8403506,8403506.2000.7.19,2000-07-19 00:00:00,NL,2000,7,19,18.2,,14.1,,22.2,,6.8,,6.8,,0,,0,,23,E,52,E,0.2,,0,,,M,,M
-52.742777777777775,47.62222222222222,ST JOHN'S A,8403506,8403506.2000.7.20,2000-07-20 00:00:00,NL,2000,7,20,18,,12.7,,23.3,,0,,0,,0,,0,,24,E,41,E,0,,0,,,M,,M
-52.742777777777775,47.62222222222222,ST JOHN'S A,8403506,8403506.2000.7.21,2000-07-21 00:00:00,NL,2000,7,21,16.9,,11,,22.7,,0,,0,,0,,0,,0,,0,,0,,1.1,,,M,,M
-52.742777777777775,47.62222222222222,ST JOHN'S A,8403506,8403506.2000.7.22,2000-07-22 00:00:00,NL,2000,7,22,13.3,,10.1,,16.4,,0,,0,,0,,0,,0,,0,,0,,4.7,,,M,,M
-52.742777777777775,47.62222222222222,ST JOHN'S A,8403506,8403506.2000.7.23,2000-07-23 00:00:00,NL,2000,7,23,15.9,,11.4,,20.3,,0,T,0,T,0,,0,,0,,0,,0,,2.1,,,M,,M
-52.742777777777775,47.62222222222222,ST JOHN'S A,8403506,8403506.2000.7.24,2000-07-24 00:00:00,NL,2000,7,24,16.7,,13.4,,19.9,,3.1,,3.1,,0,,0,,18,E,37,E,0,,1.3,,,M,,M
-52.742777777777775,47.62222222222222,ST JOHN'S A,8403506,8403506.2000.7.25,2000-07-25 00:00:00,NL,2000,7,25,14,,11,,17,,0,T,0,T,0,,0,,0,,0,,0,,4,,,M,,M
-52.742777777777775,47.62222222222222,ST JOHN'S A,8403506,8403506.2000.7.26,2000-07-26 00:00:00,NL,2000,7,26,13.1,,10.2,,16,,0,,0,,0,,0,,0,,0,,0,,4.9,,,M,,M
-52.742777777777775,47.62222222222222,ST JOHN'S A,8403506,8403506.2000.7.27,2000-07-27 00:00:00,NL,2000,7,27,14,,10.2,,17.8,,0,,0,,0,,0,,0,,0,,0,,4,,,M,,M
-52.742777777777775,47.62222222222222,ST JOHN'S A,8403506,8403506.2000.7.28,2000-07-28 00:00:00,NL,2000,7,28,15.4,,12.1,,18.6,,0,T,0,T,0,,0,,0,,0,,0,,2.6,,,M,,M
-52.742777777777775,47.62222222222222,ST JOHN'S A,8403506,8403506.2000.7.29,2000-07-29 00:00:00,NL,2000,7,29,14.3,,8.9,,19.7,,0,,0,,0,,0,,18,E,32,E,0,,3.7,,,M,,M
-52.742777777777775,47.62222222222222,ST JOHN'S A,8403506,8403506.2000.7.30,2000-07-30 00:00:00,NL,2000,7,30,12.8,,9.3,,16.2,,1.2,,1.2,,0,,0,,0,,0,,0,,5.2,,,M,,M
-52.742777777777775,47.62222222222222,ST JOHN'S A,8403506,8403506.2000.7.31,2000-07-31 00:00:00,NL,2000,7,31,12.8,,12,,13.6,,26.4,,26.4,,0,,0,,6,E,46,E,0,,5.2,,,M,,M
-52.742777777777775,47.62222222222222,ST JOHN'S A,8403506,8403506.2000.8.1,2000-08-01 00:00:00,NL,2000,8,1,13,,11.7,,14.2,,0.4,,0.4,,0,,0,,3,E,56,E,0,,5,,,M,,M
-52.742777777777775,47.62222222222222,ST JOHN'S A,8403506,8403506.2000.8.2,2000-08-02 00:00:00,NL,2000,8,2,11.7,,6.4,,16.9,,0,,0,,0,,0,,0,,0,,0,,6.3,,,M,,M
-52.742777777777775,47.62222222222222,ST JOHN'S A,8403506,8403506.2000.8.3,2000-08-03 00:00:00,NL,2000,8,3,13.9,,6.6,,21.1,,0,,0,,0,,0,,0,,0,,0,,4.1,,,M,,M
-52.742777777777775,47.62222222222222,ST JOHN'S A,8403506,8403506.2000.8.4,2000-08-04 00:00:00,NL,2000,8,4,17.9,,11.4,,24.4,,0.4,,0.4,,0,,0,,0,,0,,0,,0.1,,,M,,M
-52.742777777777775,47.62222222222222,ST JOHN'S A,8403506,8403506.2000.8.5,2000-08-05 00:00:00,NL,2000,8,5,20.1,,16,,24.2,,0,T,0,T,0,,0,,25,E,37,E,2.1,,0,,,M,,M
-52.742777777777775,47.62222222222222,ST JOHN'S A,8403506,8403506.2000.8.6,2000-08-06 00:00:00,NL,2000,8,6,19.3,,13.9,,24.7,,0,,0,,0,,0,,0,,0,,1.3,,0,,,M,,M
-52.742777777777775,47.62222222222222,ST JOHN'S A,8403506,8403506.2000.8.7,2000-08-07 00:00:00,NL,2000,8,7,19.2,,12.9,,25.4,,0,,0,,0,,0,,26,E,37,E,1.2,,0,,,M,,M
-52.742777777777775,47.62222222222222,ST JOHN'S A,8403506,8403506.2000.8.8,2000-08-08 00:00:00,NL,2000,8,8,17.8,,14.2,,21.4,,22.7,,22.7,,0,,0,,15,E,46,E,0,,0.2,,,M,,M
-52.742777777777775,47.62222222222222,ST JOHN'S A,8403506,8403506.2000.8.9,2000-08-09 00:00:00,NL,2000,8,9,14.6,,12,,17.2,,2,,2,,0,,0,,0,,0,,0,,3.4,,,M,,M
-52.742777777777775,47.62222222222222,ST JOHN'S A,8403506,8403506.2000.8.10,2000-08-10 00:00:00,NL,2000,8,10,15.2,,11.7,,18.7,,19.4,,19.4,,0,,0,,16,E,41,E,0,,2.8,,,M,,M
-52.742777777777775,47.62222222222222,ST JOHN'S A,8403506,8403506.2000.8.11,2000-08-11 00:00:00,NL,2000,8,11,17.2,,12.1,,22.2,,0.5,,0.5,,0,,0,,25,E,37,E,0,,0.8,,,M,,M
-52.742777777777775,47.62222222222222,ST JOHN'S A,8403506,8403506.2000.8.12,2000-08-12 00:00:00,NL,2000,8,12,13.5,,10,,17,,0,,0,,0,,0,,0,,0,,0,,4.5,,,M,,M
-52.742777777777775,47.62222222222222,ST JOHN'S A,8403506,8403506.2000.8.13,2000-08-13 00:00:00,NL,2000,8,13,14.4,,10,,18.7,,0,,0,,0,,0,,0,,0,,0,,3.6,,,M,,M
-52.742777777777775,47.62222222222222,ST JOHN'S A,8403506,8403506.2000.8.14,2000-08-14 00:00:00,NL,2000,8,14,16.2,,9.5,,22.9,,0,,0,,0,,0,,0,,0,,0,,1.8,,,M,,M
-52.742777777777775,47.62222222222222,ST JOHN'S A,8403506,8403506.2000.8.15,2000-08-15 00:00:00,NL,2000,8,15,18.1,,14.4,,21.8,,0.2,,0.2,,0,,0,,0,,0,,0.1,,0,,,M,,M
-52.742777777777775,47.62222222222222,ST JOHN'S A,8403506,8403506.2000.8.16,2000-08-16 00:00:00,NL,2000,8,16,21.8,,16,,27.6,,0,,0,,0,,0,,0,,0,,3.8,,0,,,M,,M
-52.742777777777775,47.62222222222222,ST JOHN'S A,8403506,8403506.2000.8.17,2000-08-17 00:00:00,NL,2000,8,17,23.6,,19.1,,28.1,,0,,0,,0,,0,,0,,0,,5.6,,0,,,M,,M
-52.742777777777775,47.62222222222222,ST JOHN'S A,8403506,8403506.2000.8.18,2000-08-18 00:00:00,NL,2000,8,18,19.1,,14.6,,23.5,,0.6,,0.6,,0,,0,,20,E,33,E,1.1,,0,,,M,,M
-52.742777777777775,47.62222222222222,ST JOHN'S A,8403506,8403506.2000.8.19,2000-08-19 00:00:00,NL,2000,8,19,17,,12.5,,21.4,,0.6,,0.6,,0,,0,,0,,0,,0,,1,,,M,,M
-52.742777777777775,47.62222222222222,ST JOHN'S A,8403506,8403506.2000.8.20,2000-08-20 00:00:00,NL,2000,8,20,21,,18.1,,23.8,,2.8,,2.8,,0,,0,,0,,0,,3,,0,,,M,,M
-52.742777777777775,47.62222222222222,ST JOHN'S A,8403506,8403506.2000.8.21,2000-08-21 00:00:00,NL,2000,8,21,19.9,,14.8,,24.9,,8.4,,8.4,,0,,0,,20,E,46,E,1.9,,0,,,M,,M
-52.742777777777775,47.62222222222222,ST JOHN'S A,8403506,8403506.2000.8.22,2000-08-22 00:00:00,NL,2000,8,22,17,,12,,22,,0,T,0,T,0,,0,,0,,0,,0,,1,,,M,,M
-52.742777777777775,47.62222222222222,ST JOHN'S A,8403506,8403506.2000.8.23,2000-08-23 00:00:00,NL,2000,8,23,15.7,,11.2,,20.2,,0,T,0,T,0,,0,,25,E,41,E,0,,2.3,,,M,,M
-52.742777777777775,47.62222222222222,ST JOHN'S A,8403506,8403506.2000.8.24,2000-08-24 00:00:00,NL,2000,8,24,18.4,,13.1,,23.7,,0,,0,,0,,0,,25,E,37,E,0.4,,0,,,M,,M
-52.742777777777775,47.62222222222222,ST JOHN'S A,8403506,8403506.2000.8.25,2000-08-25 00:00:00,NL,2000,8,25,16.4,,14.2,,18.5,,9,,9,,0,,0,,19,,48,,0,,1.6,,,M,,M
-52.742777777777775,47.62222222222222,ST JOHN'S A,8403506,8403506.2000.8.26,2000-08-26 00:00:00,NL,2000,8,26,18.9,,14.6,,23.2,,0,,0,,0,,0,,24,E,43,E,0.9,,0,,,M,,M
-52.742777777777775,47.62222222222222,ST JOHN'S A,8403506,8403506.2000.8.27,2000-08-27 00:00:00,NL,2000,8,27,19.4,,14.7,,24,,0,,0,,0,,0,,0,,0,,1.4,,0,,,M,,M
-52.742777777777775,47.62222222222222,ST JOHN'S A,8403506,8403506.2000.8.28,2000-08-28 00:00:00,NL,2000,8,28,17.3,,12.8,,21.8,,6.4,,6.4,,0,,0,,0,,0,,0,,0.7,,,M,,M
-52.742777777777775,47.62222222222222,ST JOHN'S A,8403506,8403506.2000.8.29,2000-08-29 00:00:00,NL,2000,8,29,12.2,,9.7,,14.6,,14.2,,14.2,,0,,0,,33,E,46,E,0,,5.8,,,M,,M
-52.742777777777775,47.62222222222222,ST JOHN'S A,8403506,8403506.2000.8.30,2000-08-30 00:00:00,NL,2000,8,30,14.4,,10,,18.7,,4.9,,4.9,,0,,0,,30,E,56,E,0,,3.6,,,M,,M
-52.742777777777775,47.62222222222222,ST JOHN'S A,8403506,8403506.2000.8.31,2000-08-31 00:00:00,NL,2000,8,31,16.5,,12.9,,20.1,,0.6,,0.6,,0,,0,,0,,0,,0,,1.5,,,M,,M
-52.742777777777775,47.62222222222222,ST JOHN'S A,8403506,8403506.2000.9.1,2000-09-01 00:00:00,NL,2000,9,1,15.7,,13.2,,18.2,,8.4,,8.4,,0,,0,,26,E,56,E,0,,2.3,,,M,,M
-52.742777777777775,47.62222222222222,ST JOHN'S A,8403506,8403506.2000.9.2,2000-09-02 00:00:00,NL,2000,9,2,10.2,,5.2,,15.1,,0,,0,,0,,0,,33,E,56,E,0,,7.8,,,M,,M
-52.742777777777775,47.62222222222222,ST JOHN'S A,8403506,8403506.2000.9.3,2000-09-03 00:00:00,NL,2000,9,3,12.1,,8,,16.2,,0,T,0,T,0,,0,,24,E,33,E,0,,5.9,,,M,,M
-52.742777777777775,47.62222222222222,ST JOHN'S A,8403506,8403506.2000.9.4,2000-09-04 00:00:00,NL,2000,9,4,13.1,,8.8,,17.4,,0.3,,0.3,,0,,0,,13,E,33,E,0,,4.9,,,M,,M
-52.742777777777775,47.62222222222222,ST JOHN'S A,8403506,8403506.2000.9.5,2000-09-05 00:00:00,NL,2000,9,5,13.3,,8.6,,18,,18,,18,,0,,0,,29,E,72,E,0,,4.7,,,M,,M
-52.742777777777775,47.62222222222222,ST JOHN'S A,8403506,8403506.2000.9.6,2000-09-06 00:00:00,NL,2000,9,6,10.8,,5.8,,15.8,,3.7,,3.7,,0,,0,,24,E,48,E,0,,7.2,,,M,,M
-52.742777777777775,47.62222222222222,ST JOHN'S A,8403506,8403506.2000.9.7,2000-09-07 00:00:00,NL,2000,9,7,11,,5.1,,16.9,,0,,0,,0,,0,,0,,0,,0,,7,,,M,,M
-52.742777777777775,47.62222222222222,ST JOHN'S A,8403506,8403506.2000.9.8,2000-09-08 00:00:00,NL,2000,9,8,15.3,,11.1,,19.5,,0,,0,,0,,0,,25,E,44,E,0,,2.7,,,M,,M
-52.742777777777775,47.62222222222222,ST JOHN'S A,8403506,8403506.2000.9.9,2000-09-09 00:00:00,NL,2000,9,9,16.6,,12.3,,20.9,,0,,0,,0,,0,,25,E,56,E,0,,1.4,,,M,,M
-52.742777777777775,47.62222222222222,ST JOHN'S A,8403506,8403506.2000.9.10,2000-09-10 00:00:00,NL,2000,9,10,9.4,,4.8,,14,,0,T,0,T,0,,0,,0,,0,,0,,8.6,,,M,,M
-52.742777777777775,47.62222222222222,ST JOHN'S A,8403506,8403506.2000.9.11,2000-09-11 00:00:00,NL,2000,9,11,11.1,,3.2,,18.9,,0,,0,,0,,0,,25,E,37,E,0,,6.9,,,M,,M
-52.742777777777775,47.62222222222222,ST JOHN'S A,8403506,8403506.2000.9.12,2000-09-12 00:00:00,NL,2000,9,12,15.6,,11.9,,19.2,,0,,0,,0,,0,,25,E,46,E,0,,2.4,,,M,,M
-52.742777777777775,47.62222222222222,ST JOHN'S A,8403506,8403506.2000.9.13,2000-09-13 00:00:00,NL,2000,9,13,16.3,,12.1,,20.4,,0,,0,,0,,0,,24,E,48,E,0,,1.7,,,M,,M
-52.742777777777775,47.62222222222222,ST JOHN'S A,8403506,8403506.2000.9.14,2000-09-14 00:00:00,NL,2000,9,14,18.1,,12.6,,23.5,,0,,0,,0,,0,,0,,0,,0.1,,0,,,M,,M
-52.742777777777775,47.62222222222222,ST JOHN'S A,8403506,8403506.2000.9.15,2000-09-15 00:00:00,NL,2000,9,15,12.2,,7.2,,17.2,,0,,0,,0,,0,,0,,0,,0,,5.8,,,M,,M
-52.742777777777775,47.62222222222222,ST JOHN'S A,8403506,8403506.2000.9.16,2000-09-16 00:00:00,NL,2000,9,16,11.6,,6.7,,16.4,,1,,1,,0,,0,,15,E,43,E,0,,6.4,,,M,,M
-52.742777777777775,47.62222222222222,ST JOHN'S A,8403506,8403506.2000.9.17,2000-09-17 00:00:00,NL,2000,9,17,14.1,,10.9,,17.3,,36.2,,36.2,,0,,0,,28,E,52,E,0,,3.9,,,M,,M
-52.742777777777775,47.62222222222222,ST JOHN'S A,8403506,8403506.2000.9.18,2000-09-18 00:00:00,NL,2000,9,18,14.1,,10.2,,17.9,,0,,0,,0,,0,,24,E,52,E,0,,3.9,,,M,,M
-52.742777777777775,47.62222222222222,ST JOHN'S A,8403506,8403506.2000.9.19,2000-09-19 00:00:00,NL,2000,9,19,13.5,,8.9,,18.1,,0,,0,,0,,0,,28,E,41,E,0,,4.5,,,M,,M
-52.742777777777775,47.62222222222222,ST JOHN'S A,8403506,8403506.2000.9.20,2000-09-20 00:00:00,NL,2000,9,20,17.7,,13.1,,22.3,,0,,0,,0,,0,,25,E,52,E,0,,0.3,,,M,,M
-52.742777777777775,47.62222222222222,ST JOHN'S A,8403506,8403506.2000.9.21,2000-09-21 00:00:00,NL,2000,9,21,18.4,,13.2,,23.6,,0,T,0,T,0,,0,,26,,46,,0.4,,0,,,M,,M
-52.742777777777775,47.62222222222222,ST JOHN'S A,8403506,8403506.2000.9.22,2000-09-22 00:00:00,NL,2000,9,22,14.6,,8.9,,20.3,,0,,0,,0,,0,,26,E,44,E,0,,3.4,,,M,,M
-52.742777777777775,47.62222222222222,ST JOHN'S A,8403506,8403506.2000.9.23,2000-09-23 00:00:00,NL,2000,9,23,10,,4.7,,15.3,,0,,0,,0,,0,,28,E,61,E,0,,8,,,M,,M
-52.742777777777775,47.62222222222222,ST JOHN'S A,8403506,8403506.2000.9.24,2000-09-24 00:00:00,NL,2000,9,24,10,,3.1,,16.9,,15.2,,15.2,,0,,0,,21,E,56,E,0,,8,,,M,,M
-52.742777777777775,47.62222222222222,ST JOHN'S A,8403506,8403506.2000.9.25,2000-09-25 00:00:00,NL,2000,9,25,11.3,,6.3,,16.2,,0.4,,0.4,,0,,0,,24,E,43,E,0,,6.7,,,M,,M
-52.742777777777775,47.62222222222222,ST JOHN'S A,8403506,8403506.2000.9.26,2000-09-26 00:00:00,NL,2000,9,26,9.3,,6.2,,12.3,,0,,0,,0,,0,,0,,0,,0,,8.7,,,M,,M
-52.742777777777775,47.62222222222222,ST JOHN'S A,8403506,8403506.2000.9.27,2000-09-27 00:00:00,NL,2000,9,27,9.6,,7.5,,11.6,,20,,20,,0,,0,,13,E,56,E,0,,8.4,,,M,,M
-52.742777777777775,47.62222222222222,ST JOHN'S A,8403506,8403506.2000.9.28,2000-09-28 00:00:00,NL,2000,9,28,10.7,,7.1,,14.3,,0.6,,0.6,,0,,0,,0,,0,,0,,7.3,,,M,,M
-52.742777777777775,47.62222222222222,ST JOHN'S A,8403506,8403506.2000.9.29,2000-09-29 00:00:00,NL,2000,9,29,8.8,,4.1,,13.5,,2.2,,2.2,,0,,0,,0,,0,,0,,9.2,,,M,,M
-52.742777777777775,47.62222222222222,ST JOHN'S A,8403506,8403506.2000.9.30,2000-09-30 00:00:00,NL,2000,9,30,6.3,,1.9,,10.7,,0,,0,,0,,0,,24,E,46,E,0,,11.7,,,M,,M
-52.742777777777775,47.62222222222222,ST JOHN'S A,8403506,8403506.2000.10.1,2000-10-01 00:00:00,NL,2000,10,1,9.2,,7.1,,11.3,,0,T,0,T,0,,0,,0,,0,,0,,8.8,,,M,,M
-52.742777777777775,47.62222222222222,ST JOHN'S A,8403506,8403506.2000.10.2,2000-10-02 00:00:00,NL,2000,10,2,12.8,,8.1,,17.5,,0,,0,,0,,0,,26,E,46,E,0,,5.2,,,M,,M
-52.742777777777775,47.62222222222222,ST JOHN'S A,8403506,8403506.2000.10.3,2000-10-03 00:00:00,NL,2000,10,3,15.4,,11,,19.7,,36.4,,36.4,,0,,0,,11,E,50,E,0,,2.6,,,M,,M
-52.742777777777775,47.62222222222222,ST JOHN'S A,8403506,8403506.2000.10.4,2000-10-04 00:00:00,NL,2000,10,4,10.3,,7,,13.5,,15.7,,15.7,,0,,0,,32,E,46,E,0,,7.7,,,M,,M
-52.742777777777775,47.62222222222222,ST JOHN'S A,8403506,8403506.2000.10.5,2000-10-05 00:00:00,NL,2000,10,5,10.1,,5.8,,14.4,,0.6,,0.6,,0,,0,,27,E,46,E,0,,7.9,,,M,,M
-52.742777777777775,47.62222222222222,ST JOHN'S A,8403506,8403506.2000.10.6,2000-10-06 00:00:00,NL,2000,10,6,8,,5,,11,,0,,0,,0,,0,,0,,0,,0,,10,,,M,,M
-52.742777777777775,47.62222222222222,ST JOHN'S A,8403506,8403506.2000.10.7,2000-10-07 00:00:00,NL,2000,10,7,13.4,,7.6,,19.2,,11,,11,,0,,0,,23,E,48,E,0,,4.6,,,M,,M
-52.742777777777775,47.62222222222222,ST JOHN'S A,8403506,8403506.2000.10.8,2000-10-08 00:00:00,NL,2000,10,8,14.1,,8.6,,19.5,,18.8,,18.8,,0,,0,,23,E,61,E,0,,3.9,,,M,,M
-52.742777777777775,47.62222222222222,ST JOHN'S A,8403506,8403506.2000.10.9,2000-10-09 00:00:00,NL,2000,10,9,8.6,,7.6,,9.5,,13.3,,13.3,,0,,0,,11,E,41,E,0,,9.4,,,M,,M
-52.742777777777775,47.62222222222222,ST JOHN'S A,8403506,8403506.2000.10.10,2000-10-10 00:00:00,NL,2000,10,10,12.4,,7.6,,17.1,,8.4,,8.4,,0,,0,,18,E,44,E,0,,5.6,,,M,,M
-52.742777777777775,47.62222222222222,ST JOHN'S A,8403506,8403506.2000.10.11,2000-10-11 00:00:00,NL,2000,10,11,10.3,,6.9,,13.7,,5.8,,5.8,,0,,0,,23,E,41,E,0,,7.7,,,M,,M
-52.742777777777775,47.62222222222222,ST JOHN'S A,8403506,8403506.2000.10.12,2000-10-12 00:00:00,NL,2000,10,12,7.9,,5.5,,10.3,,0,T,0,T,0,,0,,27,E,70,E,0,,10.1,,,M,,M
-52.742777777777775,47.62222222222222,ST JOHN'S A,8403506,8403506.2000.10.13,2000-10-13 00:00:00,NL,2000,10,13,11.2,,6.6,,15.7,,0,,0,,0,,0,,24,E,59,E,0,,6.8,,,M,,M
-52.742777777777775,47.62222222222222,ST JOHN'S A,8403506,8403506.2000.10.14,2000-10-14 00:00:00,NL,2000,10,14,6.3,,2.6,,9.9,,0,,0,,0,,0,,0,,0,,0,,11.7,,,M,,M
-52.742777777777775,47.62222222222222,ST JOHN'S A,8403506,8403506.2000.10.15,2000-10-15 00:00:00,NL,2000,10,15,8.5,,3,,14,,1.2,,1.2,,0,,0,,30,E,91,E,0,,9.5,,,M,,M
-52.742777777777775,47.62222222222222,ST JOHN'S A,8403506,8403506.2000.10.16,2000-10-16 00:00:00,NL,2000,10,16,2.9,,-0.9,,6.6,,0,,0,,0,,0,,31,E,56,E,0,,15.1,,,M,,M
-52.742777777777775,47.62222222222222,ST JOHN'S A,8403506,8403506.2000.10.17,2000-10-17 00:00:00,NL,2000,10,17,3,,-1.3,,7.2,,0,,0,,0,,0,,27,E,37,E,0,,15,,,M,,M
-52.742777777777775,47.62222222222222,ST JOHN'S A,8403506,8403506.2000.10.18,2000-10-18 00:00:00,NL,2000,10,18,5.8,,2.2,,9.3,,0,,0,,0,,0,,0,,0,,0,,12.2,,,M,,M
-52.742777777777775,47.62222222222222,ST JOHN'S A,8403506,8403506.2000.10.19,2000-10-19 00:00:00,NL,2000,10,19,10.1,,3,,17.2,,23.3,,23.3,,0,,0,,21,E,111,E,0,,7.9,,,M,,M
-52.742777777777775,47.62222222222222,ST JOHN'S A,8403506,8403506.2000.10.20,2000-10-20 00:00:00,NL,2000,10,20,6.8,,3.7,,9.8,,6.6,,6.6,,0,,0,,23,E,117,E,0,,11.2,,,M,,M
-52.742777777777775,47.62222222222222,ST JOHN'S A,8403506,8403506.2000.10.21,2000-10-21 00:00:00,NL,2000,10,21,8.7,,3.3,,14,,0,,0,,0,,0,,25,E,59,E,0,,9.3,,,M,,M
-52.742777777777775,47.62222222222222,ST JOHN'S A,8403506,8403506.2000.10.22,2000-10-22 00:00:00,NL,2000,10,22,8.1,,1.5,,14.7,,1.8,,1.8,,0,T,0,,34,E,44,E,0,,9.9,,,M,,M
-52.742777777777775,47.62222222222222,ST JOHN'S A,8403506,8403506.2000.10.23,2000-10-23 00:00:00,NL,2000,10,23,0.3,,-1.7,,2.2,,1,,0.6,,0.4,,0,,35,E,50,E,0,,17.7,,,M,,M
-52.742777777777775,47.62222222222222,ST JOHN'S A,8403506,8403506.2000.10.24,2000-10-24 00:00:00,NL,2000,10,24,6.1,,1.3,,10.9,,0,,0,,0,,0,,26,E,56,E,0,,11.9,,,M,,M
-52.742777777777775,47.62222222222222,ST JOHN'S A,8403506,8403506.2000.10.25,2000-10-25 00:00:00,NL,2000,10,25,5,,0.1,,9.9,,1.1,,1.1,,0,,0,,31,E,46,E,0,,13,,,M,,M
-52.742777777777775,47.62222222222222,ST JOHN'S A,8403506,8403506.2000.10.26,2000-10-26 00:00:00,NL,2000,10,26,4.4,,0.4,,8.3,,0.4,,0.4,,0,,0,,27,E,46,E,0,,13.6,,,M,,M
-52.742777777777775,47.62222222222222,ST JOHN'S A,8403506,8403506.2000.10.27,2000-10-27 00:00:00,NL,2000,10,27,7.1,,1.8,,12.3,,0,,0,,0,,0,,25,E,52,E,0,,10.9,,,M,,M
-52.742777777777775,47.62222222222222,ST JOHN'S A,8403506,8403506.2000.10.28,2000-10-28 00:00:00,NL,2000,10,28,10.1,,4.4,,15.8,,12.8,,12.8,,0,,0,,5,E,48,E,0,,7.9,,,M,,M
-52.742777777777775,47.62222222222222,ST JOHN'S A,8403506,8403506.2000.10.29,2000-10-29 00:00:00,NL,2000,10,29,4.7,,3.8,,5.5,,60.1,,60.1,,0,,0,,8,E,70,E,0,,13.3,,,M,,M
-52.742777777777775,47.62222222222222,ST JOHN'S A,8403506,8403506.2000.10.30,2000-10-30 00:00:00,NL,2000,10,30,5.9,,4,,7.8,,0,,0,,0,,0,,0,,0,,0,,12.1,,,M,,M
-52.742777777777775,47.62222222222222,ST JOHN'S A,8403506,8403506.2000.10.31,2000-10-31 00:00:00,NL,2000,10,31,5.9,,4.4,,7.3,,2.4,,2.4,,0,,0,,0,,0,,0,,12.1,,,M,,M
-52.742777777777775,47.62222222222222,ST JOHN'S A,8403506,8403506.2000.11.1,2000-11-01 00:00:00,NL,2000,11,1,6,,4.8,,7.1,,1.3,,1.3,,0,,0,,0,,0,,0,,12,,,M,,M
-52.742777777777775,47.62222222222222,ST JOHN'S A,8403506,8403506.2000.11.2,2000-11-02 00:00:00,NL,2000,11,2,5.9,,5.2,,6.6,,8.4,,8.4,,0,,1,,0,,0,,0,,12.1,,,M,,M
-52.742777777777775,47.62222222222222,ST JOHN'S A,8403506,8403506.2000.11.3,2000-11-03 00:00:00,NL,2000,11,3,5.5,,3.6,,7.3,,4.8,,4.8,,0,,0,,6,E,37,E,0,,12.5,,,M,,M
-52.742777777777775,47.62222222222222,ST JOHN'S A,8403506,8403506.2000.11.4,2000-11-04 00:00:00,NL,2000,11,4,4.1,,3.2,,5,,1.9,,1.9,,0,,0,,7,E,43,E,0,,13.9,,,M,,M
-52.742777777777775,47.62222222222222,ST JOHN'S A,8403506,8403506.2000.11.5,2000-11-05 00:00:00,NL,2000,11,5,5.9,,4.9,,6.9,,37.8,,37.8,,0,,0,,8,E,57,E,0,,12.1,,,M,,M
-52.742777777777775,47.62222222222222,ST JOHN'S A,8403506,8403506.2000.11.6,2000-11-06 00:00:00,NL,2000,11,6,7.9,,6.1,,9.7,,11.7,,11.7,,0,,0,,0,,0,,0,,10.1,,,M,,M
-52.742777777777775,47.62222222222222,ST JOHN'S A,8403506,8403506.2000.11.7,2000-11-07 00:00:00,NL,2000,11,7,6.2,,4.6,,7.8,,0.8,,0.8,,0,,0,,0,,0,,0,,11.8,,,M,,M
-52.742777777777775,47.62222222222222,ST JOHN'S A,8403506,8403506.2000.11.8,2000-11-08 00:00:00,NL,2000,11,8,4.9,,4.3,,5.5,,25.1,,25.1,,0,,0,,36,E,50,E,0,,13.1,,,M,,M
-52.742777777777775,47.62222222222222,ST JOHN'S A,8403506,8403506.2000.11.9,2000-11-09 00:00:00,NL,2000,11,9,5.9,,5.1,,6.6,,7.2,,7.2,,0,,0,,4,E,32,E,0,,12.1,,,M,,M
-52.742777777777775,47.62222222222222,ST JOHN'S A,8403506,8403506.2000.11.10,2000-11-10 00:00:00,NL,2000,11,10,6,,5.4,,6.5,,5.5,,5.5,,0,,0,,0,,0,,0,,12,,,M,,M
-52.742777777777775,47.62222222222222,ST JOHN'S A,8403506,8403506.2000.11.11,2000-11-11 00:00:00,NL,2000,11,11,7.5,,5.9,,9.1,,18.2,,18.2,,0,,0,,0,,0,,0,,10.5,,,M,,M
-52.742777777777775,47.62222222222222,ST JOHN'S A,8403506,8403506.2000.11.12,2000-11-12 00:00:00,NL,2000,11,12,11.1,,6.9,,15.2,,2.9,,2.9,,0,,0,,0,,0,,0,,6.9,,,M,,M
-52.742777777777775,47.62222222222222,ST JOHN'S A,8403506,8403506.2000.11.13,2000-11-13 00:00:00,NL,2000,11,13,6.3,,2.5,,10.1,,1.9,,1.9,,0,,0,,3,E,46,E,0,,11.7,,,M,,M
-52.742777777777775,47.62222222222222,ST JOHN'S A,8403506,8403506.2000.11.14,2000-11-14 00:00:00,NL,2000,11,14,3.4,,2.1,,4.6,,0.2,,0.2,,0,,0,,4,E,37,E,0,,14.6,,,M,,M
-52.742777777777775,47.62222222222222,ST JOHN'S A,8403506,8403506.2000.11.15,2000-11-15 00:00:00,NL,2000,11,15,6.5,,4.5,,8.5,,6.2,,6.2,,0,,0,,6,E,39,E,0,,11.5,,,M,,M
-52.742777777777775,47.62222222222222,ST JOHN'S A,8403506,8403506.2000.11.16,2000-11-16 00:00:00,NL,2000,11,16,7.4,,4,,10.8,,0.5,,0.5,,0,,0,,25,E,39,E,0,,10.6,,,M,,M
-52.742777777777775,47.62222222222222,ST JOHN'S A,8403506,8403506.2000.11.17,2000-11-17 00:00:00,NL,2000,11,17,8,,4.6,,11.3,,6.1,,6.1,,0,,0,,25,E,61,E,0,,10,,,M,,M
-52.742777777777775,47.62222222222222,ST JOHN'S A,8403506,8403506.2000.11.18,2000-11-18 00:00:00,NL,2000,11,18,6.7,,0.4,,12.9,,28.2,,28.2,,0,,0,,19,E,70,E,0,,11.3,,,M,,M
-52.742777777777775,47.62222222222222,ST JOHN'S A,8403506,8403506.2000.11.19,2000-11-19 00:00:00,NL,2000,11,19,1.9,,-0.5,,4.3,,1.2,,0.6,,0.6,,0,,26,E,57,E,0,,16.1,,,M,,M
-52.742777777777775,47.62222222222222,ST JOHN'S A,8403506,8403506.2000.11.20,2000-11-20 00:00:00,NL,2000,11,20,-1.3,,-3.8,,1.3,,0,T,0,,0,T,0,,0,,0,,0,,19.3,,,M,,M
-52.742777777777775,47.62222222222222,ST JOHN'S A,8403506,8403506.2000.11.21,2000-11-21 00:00:00,NL,2000,11,21,0.4,,-1.9,,2.7,,4.6,,0.8,,3.8,,0,,13,E,37,E,0,,17.6,,,M,,M
-52.742777777777775,47.62222222222222,ST JOHN'S A,8403506,8403506.2000.11.22,2000-11-22 00:00:00,NL,2000,11,22,2.6,,0.4,,4.8,,4,,2,,2,,2,,27,E,52,E,0,,15.4,,,M,,M
-52.742777777777775,47.62222222222222,ST JOHN'S A,8403506,8403506.2000.11.23,2000-11-23 00:00:00,NL,2000,11,23,0.1,,-1.7,,1.8,,11,,0,,11,,0,T,27,E,46,E,0,,17.9,,,M,,M
-52.742777777777775,47.62222222222222,ST JOHN'S A,8403506,8403506.2000.11.24,2000-11-24 00:00:00,NL,2000,11,24,-4.3,,-8.3,,-0.3,,1.2,,0,,1.2,,8,,1,E,37,E,0,,22.3,,,M,,M
-52.742777777777775,47.62222222222222,ST JOHN'S A,8403506,8403506.2000.11.25,2000-11-25 00:00:00,NL,2000,11,25,-5.3,,-8.2,,-2.4,,0,T,0,,0,T,5,,0,,0,,0,,23.3,,,M,,M
-52.742777777777775,47.62222222222222,ST JOHN'S A,8403506,8403506.2000.11.26,2000-11-26 00:00:00,NL,2000,11,26,-5.4,,-8.4,,-2.4,,0,,0,,0,,5,,0,,0,,0,,23.4,,,M,,M
-52.742777777777775,47.62222222222222,ST JOHN'S A,8403506,8403506.2000.11.27,2000-11-27 00:00:00,NL,2000,11,27,0.5,,-2.5,,3.4,,19.6,,11.6,,10,,3,,13,E,37,E,0,,17.5,,,M,,M
-52.742777777777775,47.62222222222222,ST JOHN'S A,8403506,8403506.2000.11.28,2000-11-28 00:00:00,NL,2000,11,28,0.3,,-0.9,,1.5,,8.6,,4.4,,4.2,,12,,6,E,46,E,0,,17.7,,,M,,M
-52.742777777777775,47.62222222222222,ST JOHN'S A,8403506,8403506.2000.11.29,2000-11-29 00:00:00,NL,2000,11,29,-0.4,,-1.4,,0.6,,0,T,0,,0,T,10,,0,,0,,0,,18.4,,,M,,M
-52.742777777777775,47.62222222222222,ST JOHN'S A,8403506,8403506.2000.11.30,2000-11-30 00:00:00,NL,2000,11,30,0.2,,-1.8,,2.2,,0,T,0,T,0,T,7,,0,,0,,0,,17.8,,,M,,M
-52.742777777777775,47.62222222222222,ST JOHN'S A,8403506,8403506.2000.12.1,2000-12-01 00:00:00,NL,2000,12,1,0.6,,-0.5,,1.6,,37.6,,0,T,37.6,,6,,3,E,95,E,0,,17.4,,,M,,M
-52.742777777777775,47.62222222222222,ST JOHN'S A,8403506,8403506.2000.12.2,2000-12-02 00:00:00,NL,2000,12,2,-1.2,,-2.4,,0.1,,10.6,,0,,10.6,,43,,36,E,61,E,0,,19.2,,,M,,M
-52.742777777777775,47.62222222222222,ST JOHN'S A,8403506,8403506.2000.12.3,2000-12-03 00:00:00,NL,2000,12,3,-6.6,,-11,,-2.1,,7.8,,0,,7.8,,52,,33,E,41,E,0,,24.6,,,M,,M
-52.742777777777775,47.62222222222222,ST JOHN'S A,8403506,8403506.2000.12.4,2000-12-04 00:00:00,NL,2000,12,4,-6.9,,-10.2,,-3.6,,0.2,,0,,0.2,,54,,0,,0,,0,,24.9,,,M,,M
-52.742777777777775,47.62222222222222,ST JOHN'S A,8403506,8403506.2000.12.5,2000-12-05 00:00:00,NL,2000,12,5,-4.6,,-7.5,,-1.7,,0.2,,0,,0.2,,53,,0,,0,,0,,22.6,,,M,,M
-52.742777777777775,47.62222222222222,ST JOHN'S A,8403506,8403506.2000.12.6,2000-12-06 00:00:00,NL,2000,12,6,1,,-1.8,,3.8,,3.8,,3.8,,0,T,50,,25,E,46,E,0,,17,,,M,,M
-52.742777777777775,47.62222222222222,ST JOHN'S A,8403506,8403506.2000.12.7,2000-12-07 00:00:00,NL,2000,12,7,0,,-2.5,,2.5,,22.2,,1.2,,11,,30,,0,,0,,0,,18,,,M,,M
-52.742777777777775,47.62222222222222,ST JOHN'S A,8403506,8403506.2000.12.8,2000-12-08 00:00:00,NL,2000,12,8,-4.2,,-10.2,,1.8,,16.6,,5.2,,13.4,,43,,28,E,95,E,0,,22.2,,,M,,M
-52.742777777777775,47.62222222222222,ST JOHN'S A,8403506,8403506.2000.12.9,2000-12-09 00:00:00,NL,2000,12,9,-8.3,,-9.6,,-6.9,,0,,0,,0,,41,,29,E,83,E,0,,26.3,,,M,,M
-52.742777777777775,47.62222222222222,ST JOHN'S A,8403506,8403506.2000.12.10,2000-12-10 00:00:00,NL,2000,12,10,-4.1,,-8.8,,0.6,,7.4,,0,T,7.4,,40,,26,E,83,E,0,,22.1,,,M,,M
-52.742777777777775,47.62222222222222,ST JOHN'S A,8403506,8403506.2000.12.11,2000-12-11 00:00:00,NL,2000,12,11,-0.8,,-2.5,,1,,0,T,0,,0,T,40,,31,E,48,E,0,,18.8,,,M,,M
-52.742777777777775,47.62222222222222,ST JOHN'S A,8403506,8403506.2000.12.12,2000-12-12 00:00:00,NL,2000,12,12,2.6,,-1.6,,6.7,,24.1,,24.1,,0,T,39,,18,E,83,E,0,,15.4,,,M,,M
-52.742777777777775,47.62222222222222,ST JOHN'S A,8403506,8403506.2000.12.13,2000-12-13 00:00:00,NL,2000,12,13,0.5,,-7.4,,8.3,,2.8,,2.8,,0,,24,,23,E,65,E,0,,17.5,,,M,,M
-52.742777777777775,47.62222222222222,ST JOHN'S A,8403506,8403506.2000.12.14,2000-12-14 00:00:00,NL,2000,12,14,-5,,-7.9,,-2.1,,1.8,,0,,1.8,,22,,28,E,44,E,0,,23,,,M,,M
-52.742777777777775,47.62222222222222,ST JOHN'S A,8403506,8403506.2000.12.15,2000-12-15 00:00:00,NL,2000,12,15,-2.7,,-9.7,,4.4,,18.4,,1.4,,17,,36,,34,E,78,E,0,,20.7,,,M,,M
-52.742777777777775,47.62222222222222,ST JOHN'S A,8403506,8403506.2000.12.16,2000-12-16 00:00:00,NL,2000,12,16,-5.9,,-9.7,,-2.1,,1.8,,0,,1.8,,33,,32,E,63,E,0,,23.9,,,M,,M
-52.742777777777775,47.62222222222222,ST JOHN'S A,8403506,8403506.2000.12.17,2000-12-17 00:00:00,NL,2000,12,17,-5.8,,-11.3,,-0.3,,0,T,0,,0,T,34,,0,,0,,0,,23.8,,,M,,M
-52.742777777777775,47.62222222222222,ST JOHN'S A,8403506,8403506.2000.12.18,2000-12-18 00:00:00,NL,2000,12,18,4.4,,-0.3,,9,,3.4,,3.4,,0,,24,,25,E,85,E,0,,13.6,,,M,,M
-52.742777777777775,47.62222222222222,ST JOHN'S A,8403506,8403506.2000.12.19,2000-12-19 00:00:00,NL,2000,12,19,1.2,,-0.7,,3,,0,,0,,0,,12,,25,E,83,E,0,,16.8,,,M,,M
-52.742777777777775,47.62222222222222,ST JOHN'S A,8403506,8403506.2000.12.20,2000-12-20 00:00:00,NL,2000,12,20,4,,-1,,9,,5.7,,5.7,,0,,10,,23,E,72,E,0,,14,,,M,,M
-52.742777777777775,47.62222222222222,ST JOHN'S A,8403506,8403506.2000.12.21,2000-12-21 00:00:00,NL,2000,12,21,0.9,,-2.1,,3.9,,0,T,0,T,0,T,7,,25,E,85,E,0,,17.1,,,M,,M
-52.742777777777775,47.62222222222222,ST JOHN'S A,8403506,8403506.2000.12.22,2000-12-22 00:00:00,NL,2000,12,22,-0.8,,-2.3,,0.7,,0,,0,,0,,6,,28,E,67,E,0,,18.8,,,M,,M
-52.742777777777775,47.62222222222222,ST JOHN'S A,8403506,8403506.2000.12.23,2000-12-23 00:00:00,NL,2000,12,23,-1.3,,-3.9,,1.3,,21.2,,2.4,,18.8,,12,,27,E,96,E,0,,19.3,,,M,,M
-52.742777777777775,47.62222222222222,ST JOHN'S A,8403506,8403506.2000.12.24,2000-12-24 00:00:00,NL,2000,12,24,-5.3,,-6.7,,-3.9,,12,,0,,12,,22,,27,E,85,E,0,,23.3,,,M,,M
-52.742777777777775,47.62222222222222,ST JOHN'S A,8403506,8403506.2000.12.25,2000-12-25 00:00:00,NL,2000,12,25,-5,,-6.4,,-3.6,,0.8,,0,,0.8,,26,,29,E,46,E,0,,23,,,M,,M
-52.742777777777775,47.62222222222222,ST JOHN'S A,8403506,8403506.2000.12.26,2000-12-26 00:00:00,NL,2000,12,26,-4.3,,-6.5,,-2.1,,9.2,,0,,9.2,,30,,25,E,46,E,0,,22.3,,,M,,M
-52.742777777777775,47.62222222222222,ST JOHN'S A,8403506,8403506.2000.12.27,2000-12-27 00:00:00,NL,2000,12,27,-1.8,,-3.7,,0.1,,7.6,,0,,7.6,,36,,23,E,63,E,0,,19.8,,,M,,M
-52.742777777777775,47.62222222222222,ST JOHN'S A,8403506,8403506.2000.12.28,2000-12-28 00:00:00,NL,2000,12,28,-1.8,,-3.9,,0.4,,3,,0,,3,,39,,21,E,46,E,0,,19.8,,,M,,M
-52.742777777777775,47.62222222222222,ST JOHN'S A,8403506,8403506.2000.12.29,2000-12-29 00:00:00,NL,2000,12,29,-4.1,,-7.3,,-0.9,,0.4,,0,,0.4,,40,,0,,0,,0,,22.1,,,M,,M
-52.742777777777775,47.62222222222222,ST JOHN'S A,8403506,8403506.2000.12.30,2000-12-30 00:00:00,NL,2000,12,30,-3.3,,-7,,0.4,,0,T,0,T,0,T,39,,28,E,46,E,0,,21.3,,,M,,M
-52.742777777777775,47.62222222222222,ST JOHN'S A,8403506,8403506.2000.12.31,2000-12-31 00:00:00,NL,2000,12,31,-1.9,,-4.1,,0.4,,13,,0.2,,12.8,,36,,14,E,61,E,0,,19.9,,,M,,M
-52.742777777777775,47.62222222222222,ST JOHN'S A,8403506,8403506.2001.1.1,2001-01-01 00:00:00,NL,2001,1,1,0,,-1,,1,,1.8,,0,T,1.8,,42,,26,E,44,E,0,,18,,,M,,M
-52.742777777777775,47.62222222222222,ST JOHN'S A,8403506,8403506.2001.1.2,2001-01-02 00:00:00,NL,2001,1,2,-3.9,,-7,,-0.7,,0,,0,,0,,44,,31,E,67,E,0,,21.9,,,M,,M
-52.742777777777775,47.62222222222222,ST JOHN'S A,8403506,8403506.2001.1.3,2001-01-03 00:00:00,NL,2001,1,3,-4.3,,-6.5,,-2.1,,0.2,,0,,0.2,,43,,28,E,37,E,0,,22.3,,,M,,M
-52.742777777777775,47.62222222222222,ST JOHN'S A,8403506,8403506.2001.1.4,2001-01-04 00:00:00,NL,2001,1,4,-3.5,,-6.8,,-0.2,,0,T,0,,0,T,42,,0,,0,,0,,21.5,,,M,,M
-52.742777777777775,47.62222222222222,ST JOHN'S A,8403506,8403506.2001.1.5,2001-01-05 00:00:00,NL,2001,1,5,-0.5,,-2.3,,1.4,,9.2,,2.2,,7,,44,,16,E,67,E,0,,18.5,,,M,,M
-52.742777777777775,47.62222222222222,ST JOHN'S A,8403506,8403506.2001.1.6,2001-01-06 00:00:00,NL,2001,1,6,-3,,-3.9,,-2,,0,T,0,,0,T,47,,31,E,41,E,0,,21,,,M,,M
-52.742777777777775,47.62222222222222,ST JOHN'S A,8403506,8403506.2001.1.7,2001-01-07 00:00:00,NL,2001,1,7,-1.8,,-3.5,,0,,10.2,,0.8,,9.4,,44,,8,E,46,E,0,,19.8,,,M,,M
-52.742777777777775,47.62222222222222,ST JOHN'S A,8403506,8403506.2001.1.8,2001-01-08 00:00:00,NL,2001,1,8,-0.8,,-2.1,,0.6,,0.8,,0.8,,0,,50,,28,E,59,E,0,,18.8,,,M,,M
-52.742777777777775,47.62222222222222,ST JOHN'S A,8403506,8403506.2001.1.9,2001-01-09 00:00:00,NL,2001,1,9,-1.9,,-3.3,,-0.5,,0.6,,0,,0.6,,43,,0,,0,,0,,19.9,,,M,,M
-52.742777777777775,47.62222222222222,ST JOHN'S A,8403506,8403506.2001.1.10,2001-01-10 00:00:00,NL,2001,1,10,-1.2,,-1.5,,-0.9,,3.9,,0.4,,3.6,,45,,0,,0,,0,,19.2,,,M,,M
-52.742777777777775,47.62222222222222,ST JOHN'S A,8403506,8403506.2001.1.11,2001-01-11 00:00:00,NL,2001,1,11,-5.1,,-8.9,,-1.3,,1.7,,0.2,,1.6,,45,,35,E,46,E,0,,23.1,,,M,,M
-52.742777777777775,47.62222222222222,ST JOHN'S A,8403506,8403506.2001.1.12,2001-01-12 00:00:00,NL,2001,1,12,-7.4,,-11.7,,-3.1,,2.2,,0,T,2.2,,45,,0,,0,,0,,25.4,,,M,,M
-52.742777777777775,47.62222222222222,ST JOHN'S A,8403506,8403506.2001.1.13,2001-01-13 00:00:00,NL,2001,1,13,-8.1,,-12.1,,-4,,0,T,0,,0,T,47,,0,,0,,0,,26.1,,,M,,M
-52.742777777777775,47.62222222222222,ST JOHN'S A,8403506,8403506.2001.1.14,2001-01-14 00:00:00,NL,2001,1,14,-6.2,,-11.6,,-0.7,,3.2,,0,,3.2,,45,,21,E,32,E,0,,24.2,,,M,,M
-52.742777777777775,47.62222222222222,ST JOHN'S A,8403506,8403506.2001.1.15,2001-01-15 00:00:00,NL,2001,1,15,-8.1,,-11.9,,-4.2,,0,T,0,,0,T,47,,32,E,32,E,0,,26.1,,,M,,M
-52.742777777777775,47.62222222222222,ST JOHN'S A,8403506,8403506.2001.1.16,2001-01-16 00:00:00,NL,2001,1,16,-5.5,,-12.3,,1.4,,14.4,,0,T,14.8,,47,,14,E,70,E,0,,23.5,,,M,,M
-52.742777777777775,47.62222222222222,ST JOHN'S A,8403506,8403506.2001.1.17,2001-01-17 00:00:00,NL,2001,1,17,-2.4,,-5.9,,1.1,,4.5,,0.3,,4.2,,61,,33,E,65,E,0,,20.4,,,M,,M
-52.742777777777775,47.62222222222222,ST JOHN'S A,8403506,8403506.2001.1.18,2001-01-18 00:00:00,NL,2001,1,18,-9.1,,-14.6,,-3.5,,6.6,,0,,6.6,,63,,0,,0,,0,,27.1,,,M,,M
-52.742777777777775,47.62222222222222,ST JOHN'S A,8403506,8403506.2001.1.19,2001-01-19 00:00:00,NL,2001,1,19,-8.8,,-14.5,,-3.1,,1.4,,0,,1.4,,68,,0,,0,,0,,26.8,,,M,,M
-52.742777777777775,47.62222222222222,ST JOHN'S A,8403506,8403506.2001.1.20,2001-01-20 00:00:00,NL,2001,1,20,-6.1,,-11.2,,-0.9,,16.6,,0,,16.6,,79,,30,E,70,E,0,,24.1,,,M,,M
-52.742777777777775,47.62222222222222,ST JOHN'S A,8403506,8403506.2001.1.21,2001-01-21 00:00:00,NL,2001,1,21,-9.5,,-11.9,,-7.1,,13.6,,0,,13.6,,85,,5,E,37,E,0,,27.5,,,M,,M
-52.742777777777775,47.62222222222222,ST JOHN'S A,8403506,8403506.2001.1.22,2001-01-22 00:00:00,NL,2001,1,22,-9.1,,-12.9,,-5.3,,4.6,,0,,4.6,,103,,30,E,46,E,0,,27.1,,,M,,M
-52.742777777777775,47.62222222222222,ST JOHN'S A,8403506,8403506.2001.1.23,2001-01-23 00:00:00,NL,2001,1,23,-8.4,,-12.9,,-3.9,,0,,0,,0,,104,,28,E,56,E,0,,26.4,,,M,,M
-52.742777777777775,47.62222222222222,ST JOHN'S A,8403506,8403506.2001.1.24,2001-01-24 00:00:00,NL,2001,1,24,-2.6,,-4.1,,-1,,2.4,,0,,2.4,,103,,25,E,41,E,0,,20.6,,,M,,M
-52.742777777777775,47.62222222222222,ST JOHN'S A,8403506,8403506.2001.1.25,2001-01-25 00:00:00,NL,2001,1,25,-4.3,,-6.4,,-2.1,,0.2,,0,,0.2,,103,,0,,0,,0,,22.3,,,M,,M
-52.742777777777775,47.62222222222222,ST JOHN'S A,8403506,8403506.2001.1.26,2001-01-26 00:00:00,NL,2001,1,26,-10.1,,-15.9,,-4.2,,0,T,0,,0,T,100,,29,E,37,E,0,,28.1,,,M,,M
-52.742777777777775,47.62222222222222,ST JOHN'S A,8403506,8403506.2001.1.27,2001-01-27 00:00:00,NL,2001,1,27,-6.5,,-11.5,,-1.5,,29,,0.8,,28.2,,100,,36,E,65,E,0,,24.5,,,M,,M
-52.742777777777775,47.62222222222222,ST JOHN'S A,8403506,8403506.2001.1.28,2001-01-28 00:00:00,NL,2001,1,28,-3,,-3.9,,-2.1,,1,,0.2,,0.8,,126,,35,E,52,E,0,,21,,,M,,M
-52.742777777777775,47.62222222222222,ST JOHN'S A,8403506,8403506.2001.1.29,2001-01-29 00:00:00,NL,2001,1,29,-4.9,,-7.5,,-2.2,,16.4,,0,T,16.4,,127,,35,E,54,E,0,,22.9,,,M,,M
-52.742777777777775,47.62222222222222,ST JOHN'S A,8403506,8403506.2001.1.30,2001-01-30 00:00:00,NL,2001,1,30,-7.3,,-10.6,,-3.9,,1.2,,0,,1.2,,143,,27,E,43,E,0,,25.3,,,M,,M
-52.742777777777775,47.62222222222222,ST JOHN'S A,8403506,8403506.2001.1.31,2001-01-31 00:00:00,NL,2001,1,31,-9.5,,-15.4,,-3.6,,10.8,,0,,10.8,,144,,1,E,41,E,0,,27.5,,,M,,M
-52.742777777777775,47.62222222222222,ST JOHN'S A,8403506,8403506.2001.2.1,2001-02-01 00:00:00,NL,2001,2,1,-11.5,,-17.1,,-5.9,,0,T,0,,0,T,154,,0,,0,,0,,29.5,,,M,,M
-52.742777777777775,47.62222222222222,ST JOHN'S A,8403506,8403506.2001.2.2,2001-02-02 00:00:00,NL,2001,2,2,-7.2,,-11.5,,-2.9,,0,T,0,,0,T,154,,0,,0,,0,,25.2,,,M,,M
-52.742777777777775,47.62222222222222,ST JOHN'S A,8403506,8403506.2001.2.3,2001-02-03 00:00:00,NL,2001,2,3,-5.9,,-8.2,,-3.5,,21.4,,0,T,21.4,,156,,5,E,50,E,0,,23.9,,,M,,M
-52.742777777777775,47.62222222222222,ST JOHN'S A,8403506,8403506.2001.2.4,2001-02-04 00:00:00,NL,2001,2,4,-10.6,,-13,,-8.2,,0,T,0,,0,T,170,,30,E,46,E,0,,28.6,,,M,,M
-52.742777777777775,47.62222222222222,ST JOHN'S A,8403506,8403506.2001.2.5,2001-02-05 00:00:00,NL,2001,2,5,-11.3,,-14.4,,-8.2,,0,,0,,0,,167,,28,E,41,E,0,,29.3,,,M,,M
-52.742777777777775,47.62222222222222,ST JOHN'S A,8403506,8403506.2001.2.6,2001-02-06 00:00:00,NL,2001,2,6,-7.1,,-14.9,,0.7,,17,,0,T,17,,165,,13,E,74,E,0,,25.1,,,M,,M
-52.742777777777775,47.62222222222222,ST JOHN'S A,8403506,8403506.2001.2.7,2001-02-07 00:00:00,NL,2001,2,7,-2.3,,-4,,-0.6,,0,T,0,T,0,T,174,,25,E,80,E,0,,20.3,,,M,,M
-52.742777777777775,47.62222222222222,ST JOHN'S A,8403506,8403506.2001.2.8,2001-02-08 00:00:00,NL,2001,2,8,-2.3,,-3.4,,-1.1,,6.6,,0,,6.6,,176,,32,E,74,E,0,,20.3,,,M,,M
-52.742777777777775,47.62222222222222,ST JOHN'S A,8403506,8403506.2001.2.9,2001-02-09 00:00:00,NL,2001,2,9,-5,,-7,,-3,,0.6,,0,T,0.8,,180,,33,E,65,E,0,,23,,,M,,M
-52.742777777777775,47.62222222222222,ST JOHN'S A,8403506,8403506.2001.2.10,2001-02-10 00:00:00,NL,2001,2,10,-2,,-8.6,,4.7,,8.2,,4,,4.2,,180,,16,E,70,E,0,,20,,,M,,M
-52.742777777777775,47.62222222222222,ST JOHN'S A,8403506,8403506.2001.2.11,2001-02-11 00:00:00,NL,2001,2,11,-4.4,,-9.7,,1,,4.4,,0,,4.4,,168,,24,E,96,E,0,,22.4,,,M,,M
-52.742777777777775,47.62222222222222,ST JOHN'S A,8403506,8403506.2001.2.12,2001-02-12 00:00:00,NL,2001,2,12,-8.1,,-11.8,,-4.3,,0,,0,,0,,167,,29,E,54,E,0,,26.1,,,M,,M
-52.742777777777775,47.62222222222222,ST JOHN'S A,8403506,8403506.2001.2.13,2001-02-13 00:00:00,NL,2001,2,13,-8.3,,-11.7,,-4.8,,0,T,0,,0,T,166,,25,E,33,E,0,,26.3,,,M,,M
-52.742777777777775,47.62222222222222,ST JOHN'S A,8403506,8403506.2001.2.14,2001-02-14 00:00:00,NL,2001,2,14,-6.9,,-9.1,,-4.7,,0,T,0,,0,T,165,,0,,0,,0,,24.9,,,M,,M
-52.742777777777775,47.62222222222222,ST JOHN'S A,8403506,8403506.2001.2.15,2001-02-15 00:00:00,NL,2001,2,15,-1.9,,-7.6,,3.9,,28.8,,14.8,,14.4,,166,,33,E,74,E,0,,19.9,,,M,,M
-52.742777777777775,47.62222222222222,ST JOHN'S A,8403506,8403506.2001.2.16,2001-02-16 00:00:00,NL,2001,2,16,-9.6,,-13.3,,-5.8,,3.6,,0,,3.6,,140,,32,E,93,E,0,,27.6,,,M,,M
-52.742777777777775,47.62222222222222,ST JOHN'S A,8403506,8403506.2001.2.17,2001-02-17 00:00:00,NL,2001,2,17,-5.1,,-13.4,,3.2,,18.6,,2,,16.6,,120,,17,E,72,E,0,,23.1,,,M,,M
-52.742777777777775,47.62222222222222,ST JOHN'S A,8403506,8403506.2001.2.18,2001-02-18 00:00:00,NL,2001,2,18,-5.7,,-12.5,,1.2,,0.2,,0,T,0.2,,115,,23,E,85,E,0,,23.7,,,M,,M
-52.742777777777775,47.62222222222222,ST JOHN'S A,8403506,8403506.2001.2.19,2001-02-19 00:00:00,NL,2001,2,19,-9.9,,-15.2,,-4.6,,0,T,0,,0,T,115,,0,,0,,0,,27.9,,,M,,M
-52.742777777777775,47.62222222222222,ST JOHN'S A,8403506,8403506.2001.2.20,2001-02-20 00:00:00,NL,2001,2,20,-5.4,,-8.6,,-2.1,,0,T,0,T,0,T,114,,18,E,37,E,0,,23.4,,,M,,M
-52.742777777777775,47.62222222222222,ST JOHN'S A,8403506,8403506.2001.2.21,2001-02-21 00:00:00,NL,2001,2,21,0.6,,-2.8,,4,,1.5,,1.5,,0,,114,,17,E,37,E,0,,17.4,,,M,,M
-52.742777777777775,47.62222222222222,ST JOHN'S A,8403506,8403506.2001.2.22,2001-02-22 00:00:00,NL,2001,2,22,-6.1,,-16.1,,3.9,,5.5,,3.3,,2.2,,105,,26,E,80,E,0,,24.1,,,M,,M
-52.742777777777775,47.62222222222222,ST JOHN'S A,8403506,8403506.2001.2.23,2001-02-23 00:00:00,NL,2001,2,23,-9.9,,-15.6,,-4.2,,19.6,,0,,19.6,,105,,10,E,67,E,0,,27.9,,,M,,M
-52.742777777777775,47.62222222222222,ST JOHN'S A,8403506,8403506.2001.2.24,2001-02-24 00:00:00,NL,2001,2,24,-1.9,,-5.7,,2,,7.3,,2.1,,5.2,,115,,16,E,78,E,0,,19.9,,,M,,M
-52.742777777777775,47.62222222222222,ST JOHN'S A,8403506,8403506.2001.2.25,2001-02-25 00:00:00,NL,2001,2,25,-5.7,,-9.3,,-2.1,,1.1,,0.7,,0.4,,110,,35,E,48,E,0,,23.7,,,M,,M
-52.742777777777775,47.62222222222222,ST JOHN'S A,8403506,8403506.2001.2.26,2001-02-26 00:00:00,NL,2001,2,26,0.7,,-2.4,,3.7,,0.6,,0.6,,0,,107,,,M,,M,0,,17.3,,,M,,M
-52.742777777777775,47.62222222222222,ST JOHN'S A,8403506,8403506.2001.2.27,2001-02-27 00:00:00,NL,2001,2,27,1.4,,-0.3,,3.1,,21.9,,21.9,,0,,95,,10,E,35,E,0,,16.6,,,M,,M
-52.742777777777775,47.62222222222222,ST JOHN'S A,8403506,8403506.2001.2.28,2001-02-28 00:00:00,NL,2001,2,28,-1.4,,-6.7,,3.9,,21.7,,15.7,,6,,76,,28,E,46,E,0,,19.4,,,M,,M
-52.742777777777775,47.62222222222222,ST JOHN'S A,8403506,8403506.2001.3.1,2001-03-01 00:00:00,NL,2001,3,1,-7.8,,-9.4,,-6.2,,0,T,0,,0,T,72,,27,E,52,E,0,,25.8,,,M,,M
-52.742777777777775,47.62222222222222,ST JOHN'S A,8403506,8403506.2001.3.2,2001-03-02 00:00:00,NL,2001,3,2,-7.9,,-9.8,,-5.9,,0,,0,,0,,72,,28,E,52,E,0,,25.9,,,M,,M
-52.742777777777775,47.62222222222222,ST JOHN'S A,8403506,8403506.2001.3.3,2001-03-03 00:00:00,NL,2001,3,3,-3.3,,-7.3,,0.8,,8,,0.4,,8.8,,71,,35,E,39,E,0,,21.3,,,M,,M
-52.742777777777775,47.62222222222222,ST JOHN'S A,8403506,8403506.2001.3.4,2001-03-04 00:00:00,NL,2001,3,4,-1.9,,-3,,-0.7,,0,T,0,T,0,T,70,,2,E,48,E,0,,19.9,,,M,,M
-52.742777777777775,47.62222222222222,ST JOHN'S A,8403506,8403506.2001.3.5,2001-03-05 00:00:00,NL,2001,3,5,-2.4,,-3.7,,-1,,0,,0,,0,,70,,33,E,37,E,0,,20.4,,,M,,M
-52.742777777777775,47.62222222222222,ST JOHN'S A,8403506,8403506.2001.3.6,2001-03-06 00:00:00,NL,2001,3,6,-3.6,,-4.5,,-2.6,,1.2,,0,T,1.2,,68,,4,E,37,E,0,,21.6,,,M,,M
-52.742777777777775,47.62222222222222,ST JOHN'S A,8403506,8403506.2001.3.7,2001-03-07 00:00:00,NL,2001,3,7,-1.9,,-2.6,,-1.2,,0,T,0,T,0,T,69,,3,E,59,E,0,,19.9,,,M,,M
-52.742777777777775,47.62222222222222,ST JOHN'S A,8403506,8403506.2001.3.8,2001-03-08 00:00:00,NL,2001,3,8,-1.8,,-2.8,,-0.7,,0,T,0,T,0,T,69,,1,E,67,E,0,,19.8,,,M,,M
-52.742777777777775,47.62222222222222,ST JOHN'S A,8403506,8403506.2001.3.9,2001-03-09 00:00:00,NL,2001,3,9,-2.8,,-4.9,,-0.7,,0,,0,,0,,69,,27,E,59,E,0,,20.8,,,M,,M
-52.742777777777775,47.62222222222222,ST JOHN'S A,8403506,8403506.2001.3.10,2001-03-10 00:00:00,NL,2001,3,10,-1.2,,-5.2,,2.9,,20.1,,19.5,,0.6,,67,,17,E,65,E,0,,19.2,,,M,,M
-52.742777777777775,47.62222222222222,ST JOHN'S A,8403506,8403506.2001.3.11,2001-03-11 00:00:00,NL,2001,3,11,1.1,,-1.4,,3.6,,0,T,0,T,0,T,62,,27,E,87,E,0,,16.9,,,M,,M
-52.742777777777775,47.62222222222222,ST JOHN'S A,8403506,8403506.2001.3.12,2001-03-12 00:00:00,NL,2001,3,12,-0.5,,-2.5,,1.5,,8,,0,,8,,62,,33,E,69,E,0,,18.5,,,M,,M
-52.742777777777775,47.62222222222222,ST JOHN'S A,8403506,8403506.2001.3.13,2001-03-13 00:00:00,NL,2001,3,13,-5.2,,-8.2,,-2.2,,0.4,,0,,0.4,,68,,32,E,59,E,0,,23.2,,,M,,M
-52.742777777777775,47.62222222222222,ST JOHN'S A,8403506,8403506.2001.3.14,2001-03-14 00:00:00,NL,2001,3,14,-2.1,,-6.1,,2,,38.8,,38.8,,0,,68,,,M,,M,0,,20.1,,,M,,M
-52.742777777777775,47.62222222222222,ST JOHN'S A,8403506,8403506.2001.3.15,2001-03-15 00:00:00,NL,2001,3,15,-0.1,,-2.3,,2.2,,2.2,,0.8,,1.4,,55,,26,E,74,E,0,,18.1,,,M,,M
-52.742777777777775,47.62222222222222,ST JOHN'S A,8403506,8403506.2001.3.16,2001-03-16 00:00:00,NL,2001,3,16,-1.3,,-2.5,,0,,0.4,,0,,0.4,,56,,25,E,48,E,0,,19.3,,,M,,M
-52.742777777777775,47.62222222222222,ST JOHN'S A,8403506,8403506.2001.3.17,2001-03-17 00:00:00,NL,2001,3,17,-1.6,,-3.1,,0,,5.2,,0,T,5.2,,56,,32,E,46,E,0,,19.6,,,M,,M
-52.742777777777775,47.62222222222222,ST JOHN'S A,8403506,8403506.2001.3.18,2001-03-18 00:00:00,NL,2001,3,18,-0.5,,-2.1,,1.1,,5.2,,4.2,,1,,60,,35,E,46,E,0,,18.5,,,M,,M
-52.742777777777775,47.62222222222222,ST JOHN'S A,8403506,8403506.2001.3.19,2001-03-19 00:00:00,NL,2001,3,19,0.3,,0,,0.5,,3.5,,0.5,,3,,53,,36,E,76,E,0,,17.7,,,M,,M
-52.742777777777775,47.62222222222222,ST JOHN'S A,8403506,8403506.2001.3.20,2001-03-20 00:00:00,NL,2001,3,20,0.1,,-0.7,,0.8,,2.4,,0,T,2.4,,50,,36,E,76,E,0,,17.9,,,M,,M
-52.742777777777775,47.62222222222222,ST JOHN'S A,8403506,8403506.2001.3.21,2001-03-21 00:00:00,NL,2001,3,21,-2.7,,-4.6,,-0.7,,0,T,0,T,0,T,48,,35,E,46,E,0,,20.7,,,M,,M
-52.742777777777775,47.62222222222222,ST JOHN'S A,8403506,8403506.2001.3.22,2001-03-22 00:00:00,NL,2001,3,22,-4,,-8,,0.1,,0,,0,,0,,48,,0,,0,,0,,22,,,M,,M
-52.742777777777775,47.62222222222222,ST JOHN'S A,8403506,8403506.2001.3.23,2001-03-23 00:00:00,NL,2001,3,23,-4.5,,-8.1,,-0.8,,1.8,,1,,0.8,,48,,13,,65,,0,,22.5,,,M,,M
-52.742777777777775,47.62222222222222,ST JOHN'S A,8403506,8403506.2001.3.24,2001-03-24 00:00:00,NL,2001,3,24,1.9,,-0.9,,4.6,,15.5,,15.5,,0,,48,,,M,,M,0,,16.1,,,M,,M
-52.742777777777775,47.62222222222222,ST JOHN'S A,8403506,8403506.2001.3.25,2001-03-25 00:00:00,NL,2001,3,25,1.1,,-0.6,,2.8,,4,,0,,4,,47,,24,E,48,E,0,,16.9,,,M,,M
-52.742777777777775,47.62222222222222,ST JOHN'S A,8403506,8403506.2001.3.26,2001-03-26 00:00:00,NL,2001,3,26,0.4,,-1.9,,2.6,,0,,0,,0,,48,,25,E,59,E,0,,17.6,,,M,,M
-52.742777777777775,47.62222222222222,ST JOHN'S A,8403506,8403506.2001.3.27,2001-03-27 00:00:00,NL,2001,3,27,-0.9,,-4.1,,2.4,,0,,0,,0,,48,,0,,0,,0,,18.9,,,M,,M
-52.742777777777775,47.62222222222222,ST JOHN'S A,8403506,8403506.2001.3.28,2001-03-28 00:00:00,NL,2001,3,28,-3.5,,-4.7,,-2.3,,5.2,,0.2,,5,,50,,27,E,48,E,0,,21.5,,,M,,M
-52.742777777777775,47.62222222222222,ST JOHN'S A,8403506,8403506.2001.3.29,2001-03-29 00:00:00,NL,2001,3,29,-4.8,,-8,,-1.6,,3.5,,0,,3.6,,51,,36,E,48,E,0,,22.8,,,M,,M
-52.742777777777775,47.62222222222222,ST JOHN'S A,8403506,8403506.2001.3.30,2001-03-30 00:00:00,NL,2001,3,30,-5.5,,-11.2,,0.3,,0,T,0,,0,T,53,,28,E,52,E,0,,23.5,,,M,,M
-52.742777777777775,47.62222222222222,ST JOHN'S A,8403506,8403506.2001.3.31,2001-03-31 00:00:00,NL,2001,3,31,-7.6,,-12.6,,-2.6,,0,T,0,,0,T,53,,10,E,37,E,0,,25.6,,,M,,M
-52.742777777777775,47.62222222222222,ST JOHN'S A,8403506,8403506.2001.4.1,2001-04-01 00:00:00,NL,2001,4,1,-2.1,,-3.5,,-0.7,,28.9,,8.1,,20.8,,55,,7,E,61,E,0,,20.1,,,M,,M
-52.742777777777775,47.62222222222222,ST JOHN'S A,8403506,8403506.2001.4.2,2001-04-02 00:00:00,NL,2001,4,2,-0.6,,-1.1,,-0.1,,24.4,,0.6,,23.8,,71,,6,E,63,E,0,,18.6,,,M,,M
-52.742777777777775,47.62222222222222,ST JOHN'S A,8403506,8403506.2001.4.3,2001-04-03 00:00:00,NL,2001,4,3,-0.5,,-1,,0,,48.8,,25.6,,23.2,,98,,,M,,M,0,,18.5,,,M,,M
-52.742777777777775,47.62222222222222,ST JOHN'S A,8403506,8403506.2001.4.4,2001-04-04 00:00:00,NL,2001,4,4,-2.4,,-4.1,,-0.7,,2.4,,0,,2.4,,103,,,M,,M,0,,20.4,,,M,,M
-52.742777777777775,47.62222222222222,ST JOHN'S A,8403506,8403506.2001.4.5,2001-04-05 00:00:00,NL,2001,4,5,-2.5,,-6,,1.1,,0,,0,,0,,101,,0,,0,,0,,20.5,,,M,,M
-52.742777777777775,47.62222222222222,ST JOHN'S A,8403506,8403506.2001.4.6,2001-04-06 00:00:00,NL,2001,4,6,-4.4,,-6.1,,-2.7,,3.2,,0,,3.2,,98,,0,,0,,0,,22.4,,,M,,M
-52.742777777777775,47.62222222222222,ST JOHN'S A,8403506,8403506.2001.4.7,2001-04-07 00:00:00,NL,2001,4,7,-2.3,,-3.9,,-0.7,,5.2,,0,,5.2,,102,,34,E,48,E,0,,20.3,,,M,,M
-52.742777777777775,47.62222222222222,ST JOHN'S A,8403506,8403506.2001.4.8,2001-04-08 00:00:00,NL,2001,4,8,-2.3,,-3.1,,-1.4,,0,,0,,0,,104,,36,E,56,E,0,,20.3,,,M,,M
-52.742777777777775,47.62222222222222,ST JOHN'S A,8403506,8403506.2001.4.9,2001-04-09 00:00:00,NL,2001,4,9,-1.3,,-2.9,,0.3,,0.7,,0.7,,0,,103,,1,E,52,E,0,,19.3,,,M,,M
-52.742777777777775,47.62222222222222,ST JOHN'S A,8403506,8403506.2001.4.10,2001-04-10 00:00:00,NL,2001,4,10,-0.2,,-1.1,,0.7,,0.8,,0.2,,0.6,,101,,34,E,46,E,0,,18.2,,,M,,M
-52.742777777777775,47.62222222222222,ST JOHN'S A,8403506,8403506.2001.4.11,2001-04-11 00:00:00,NL,2001,4,11,-0.7,,-1.9,,0.5,,0.2,,0.2,,0,T,100,,32,E,46,E,0,,18.7,,,M,,M
-52.742777777777775,47.62222222222222,ST JOHN'S A,8403506,8403506.2001.4.12,2001-04-12 00:00:00,NL,2001,4,12,-2,,-2.7,,-1.3,,7.3,,0.9,,6.4,,101,,31,E,48,E,0,,20,,,M,,M
-52.742777777777775,47.62222222222222,ST JOHN'S A,8403506,8403506.2001.4.13,2001-04-13 00:00:00,NL,2001,4,13,-1.4,,-2.5,,-0.3,,0,T,0,T,0,,105,,35,E,32,E,0,,19.4,,,M,,M
-52.742777777777775,47.62222222222222,ST JOHN'S A,8403506,8403506.2001.4.14,2001-04-14 00:00:00,NL,2001,4,14,-1.6,,-2.8,,-0.3,,1.3,,0.5,,0.8,,105,,12,E,37,E,0,,19.6,,,M,,M
-52.742777777777775,47.62222222222222,ST JOHN'S A,8403506,8403506.2001.4.15,2001-04-15 00:00:00,NL,2001,4,15,0.9,,-1.4,,3.2,,3.8,,3.8,,0,,104,,0,,0,,0,,17.1,,,M,,M
-52.742777777777775,47.62222222222222,ST JOHN'S A,8403506,8403506.2001.4.16,2001-04-16 00:00:00,NL,2001,4,16,2.9,,0,,5.7,,0,T,0,T,0,,99,,26,E,33,E,0,,15.1,,,M,,M
-52.742777777777775,47.62222222222222,ST JOHN'S A,8403506,8403506.2001.4.17,2001-04-17 00:00:00,NL,2001,4,17,0.6,,-1.1,,2.2,,2.8,,1.6,,1.2,,95,,25,E,50,E,0,,17.4,,,M,,M
-52.742777777777775,47.62222222222222,ST JOHN'S A,8403506,8403506.2001.4.18,2001-04-18 00:00:00,NL,2001,4,18,3.1,,-0.7,,6.8,,3.8,,3.8,,0,,93,,17,E,65,E,0,,14.9,,,M,,M
-52.742777777777775,47.62222222222222,ST JOHN'S A,8403506,8403506.2001.4.19,2001-04-19 00:00:00,NL,2001,4,19,2.8,,-1.4,,6.9,,5.4,,5.4,,0,,87,,24,E,70,E,0,,15.2,,,M,,M
-52.742777777777775,47.62222222222222,ST JOHN'S A,8403506,8403506.2001.4.20,2001-04-20 00:00:00,NL,2001,4,20,1.4,,-1.9,,4.6,,0,,0,,0,,84,,25,E,37,E,0,,16.6,,,M,,M
-52.742777777777775,47.62222222222222,ST JOHN'S A,8403506,8403506.2001.4.21,2001-04-21 00:00:00,NL,2001,4,21,-1.2,,-6.9,,4.6,,0,,0,,0,,78,,25,E,52,E,0,,19.2,,,M,,M
-52.742777777777775,47.62222222222222,ST JOHN'S A,8403506,8403506.2001.4.22,2001-04-22 00:00:00,NL,2001,4,22,-0.3,,-6.9,,6.3,,1.5,,1.5,,0,,75,,26,E,46,E,0,,18.3,,,M,,M
-52.742777777777775,47.62222222222222,ST JOHN'S A,8403506,8403506.2001.4.23,2001-04-23 00:00:00,NL,2001,4,23,3.2,,0.1,,6.3,,0.8,,0.8,,0,,65,,33,E,59,E,0,,14.8,,,M,,M
-52.742777777777775,47.62222222222222,ST JOHN'S A,8403506,8403506.2001.4.24,2001-04-24 00:00:00,NL,2001,4,24,2.9,,0,,5.7,,0,,0,,0,,50,,32,E,48,E,0,,15.1,,,M,,M
-52.742777777777775,47.62222222222222,ST JOHN'S A,8403506,8403506.2001.4.25,2001-04-25 00:00:00,NL,2001,4,25,4.7,,1.1,,8.2,,0,,0,,0,,44,,24,E,63,E,0,,13.3,,,M,,M
-52.742777777777775,47.62222222222222,ST JOHN'S A,8403506,8403506.2001.4.26,2001-04-26 00:00:00,NL,2001,4,26,3.4,,-0.6,,7.4,,0,,0,,0,,32,,0,,0,,0,,14.6,,,M,,M
-52.742777777777775,47.62222222222222,ST JOHN'S A,8403506,8403506.2001.4.27,2001-04-27 00:00:00,NL,2001,4,27,3,,-0.8,,6.8,,0.3,,0.3,,0,,19,,17,E,46,E,0,,15,,,M,,M
-52.742777777777775,47.62222222222222,ST JOHN'S A,8403506,8403506.2001.4.28,2001-04-28 00:00:00,NL,2001,4,28,3.9,,-0.8,,8.6,,2.4,,2.4,,0,,16,,18,E,82,E,0,,14.1,,,M,,M
-52.742777777777775,47.62222222222222,ST JOHN'S A,8403506,8403506.2001.4.29,2001-04-29 00:00:00,NL,2001,4,29,0.9,,-1.9,,3.7,,4.8,,0,,4.8,,13,,0,,0,,0,,17.1,,,M,,M
-52.742777777777775,47.62222222222222,ST JOHN'S A,8403506,8403506.2001.4.30,2001-04-30 00:00:00,NL,2001,4,30,-2.7,,-4,,-1.4,,11.6,,0,,11.6,,16,,1,,52,,0,,20.7,,,M,,M
-52.742777777777775,47.62222222222222,ST JOHN'S A,8403506,8403506.2001.5.1,2001-05-01 00:00:00,NL,2001,5,1,-0.8,,-3,,1.5,,13.2,,0,T,13.2,,29,,17,E,65,E,0,,18.8,,,M,,M
-52.742777777777775,47.62222222222222,ST JOHN'S A,8403506,8403506.2001.5.2,2001-05-02 00:00:00,NL,2001,5,2,0,,-2.1,,2.1,,1.3,,0.3,,1,,30,,30,E,41,E,0,,18,,,M,,M
-52.742777777777775,47.62222222222222,ST JOHN'S A,8403506,8403506.2001.5.3,2001-05-03 00:00:00,NL,2001,5,3,3.8,,-0.4,,8,,1,,1,,0,,27,,32,E,48,E,0,,14.2,,,M,,M
-52.742777777777775,47.62222222222222,ST JOHN'S A,8403506,8403506.2001.5.4,2001-05-04 00:00:00,NL,2001,5,4,4,,0.1,,7.8,,6.4,,6.2,,0.2,,20,,25,E,65,E,0,,14,,,M,,M
-52.742777777777775,47.62222222222222,ST JOHN'S A,8403506,8403506.2001.5.5,2001-05-05 00:00:00,NL,2001,5,5,-0.2,,-4.8,,4.4,,0,T,0,,0,T,14,,0,,0,,0,,18.2,,,M,,M
-52.742777777777775,47.62222222222222,ST JOHN'S A,8403506,8403506.2001.5.6,2001-05-06 00:00:00,NL,2001,5,6,-0.1,,-4.9,,4.8,,0,,0,,0,,12,,0,,0,,0,,18.1,,,M,,M
-52.742777777777775,47.62222222222222,ST JOHN'S A,8403506,8403506.2001.5.7,2001-05-07 00:00:00,NL,2001,5,7,5,,-1,,11,,0.4,,0.2,,0.2,,8,,28,E,37,E,0,,13,,,M,,M
-52.742777777777775,47.62222222222222,ST JOHN'S A,8403506,8403506.2001.5.8,2001-05-08 00:00:00,NL,2001,5,8,6.6,,0.3,,12.8,,0,,0,,0,,0,,26,E,33,E,0,,11.4,,,M,,M
-52.742777777777775,47.62222222222222,ST JOHN'S A,8403506,8403506.2001.5.9,2001-05-09 00:00:00,NL,2001,5,9,12.6,,2.7,,22.4,,0,,0,,0,,2,,0,,0,,0,,5.4,,,M,,M
-52.742777777777775,47.62222222222222,ST JOHN'S A,8403506,8403506.2001.5.10,2001-05-10 00:00:00,NL,2001,5,10,15.1,,7.3,,22.9,,0,,0,,0,,0,T,0,,0,,0,,2.9,,,M,,M
-52.742777777777775,47.62222222222222,ST JOHN'S A,8403506,8403506.2001.5.11,2001-05-11 00:00:00,NL,2001,5,11,6.3,,2.7,,9.9,,9.8,,9.8,,0,,0,T,14,,39,,0,,11.7,,,M,,M
-52.742777777777775,47.62222222222222,ST JOHN'S A,8403506,8403506.2001.5.12,2001-05-12 00:00:00,NL,2001,5,12,4.2,,2.7,,5.7,,7.7,,7.7,,0,,0,T,0,,0,,0,,13.8,,,M,,M
-52.742777777777775,47.62222222222222,ST JOHN'S A,8403506,8403506.2001.5.13,2001-05-13 00:00:00,NL,2001,5,13,3.4,,0.9,,5.9,,4.4,,4.4,,0,,0,T,0,,0,,0,,14.6,,,M,,M
-52.742777777777775,47.62222222222222,ST JOHN'S A,8403506,8403506.2001.5.14,2001-05-14 00:00:00,NL,2001,5,14,5.2,,1.1,,9.3,,0,,0,,0,,0,T,0,,0,,0,,12.8,,,M,,M
-52.742777777777775,47.62222222222222,ST JOHN'S A,8403506,8403506.2001.5.15,2001-05-15 00:00:00,NL,2001,5,15,5.4,,2.8,,7.9,,0.8,,0.8,,0,,0,T,10,E,33,E,0,,12.6,,,M,,M
-52.742777777777775,47.62222222222222,ST JOHN'S A,8403506,8403506.2001.5.16,2001-05-16 00:00:00,NL,2001,5,16,3.9,,2.9,,4.8,,8.2,,8.2,,0,,0,T,6,E,37,E,0,,14.1,,,M,,M
-52.742777777777775,47.62222222222222,ST JOHN'S A,8403506,8403506.2001.5.17,2001-05-17 00:00:00,NL,2001,5,17,3.7,,2.6,,4.8,,11.1,,11.1,,0,,0,T,0,,0,,0,,14.3,,,M,,M
-52.742777777777775,47.62222222222222,ST JOHN'S A,8403506,8403506.2001.5.18,2001-05-18 00:00:00,NL,2001,5,18,3.1,,1.3,,4.9,,6.9,,6.9,,0,,0,T,2,E,37,E,0,,14.9,,,M,,M
-52.742777777777775,47.62222222222222,ST JOHN'S A,8403506,8403506.2001.5.19,2001-05-19 00:00:00,NL,2001,5,19,1.8,,-0.3,,3.8,,0,T,0,T,0,T,0,T,36,E,37,E,0,,16.2,,,M,,M
-52.742777777777775,47.62222222222222,ST JOHN'S A,8403506,8403506.2001.5.20,2001-05-20 00:00:00,NL,2001,5,20,1.9,,-0.8,,4.6,,2.8,,0,,2.8,,0,T,36,E,37,E,0,,16.1,,,M,,M
-52.742777777777775,47.62222222222222,ST JOHN'S A,8403506,8403506.2001.5.21,2001-05-21 00:00:00,NL,2001,5,21,4.9,,0,,9.7,,0,,0,,0,,0,T,32,E,48,E,0,,13.1,,,M,,M
-52.742777777777775,47.62222222222222,ST JOHN'S A,8403506,8403506.2001.5.22,2001-05-22 00:00:00,NL,2001,5,22,2.6,,0.8,,4.3,,2.4,,2.4,,0,T,0,T,31,E,44,E,0,,15.4,,,M,,M
-52.742777777777775,47.62222222222222,ST JOHN'S A,8403506,8403506.2001.5.23,2001-05-23 00:00:00,NL,2001,5,23,3.4,,-0.4,,7.1,,0.8,,0.8,,0,,0,T,36,E,46,E,0,,14.6,,,M,,M
-52.742777777777775,47.62222222222222,ST JOHN'S A,8403506,8403506.2001.5.24,2001-05-24 00:00:00,NL,2001,5,24,1.6,,-0.4,,3.5,,2.9,,2.3,,0.6,,0,T,30,E,43,E,0,,16.4,,,M,,M
-52.742777777777775,47.62222222222222,ST JOHN'S A,8403506,8403506.2001.5.25,2001-05-25 00:00:00,NL,2001,5,25,2.4,,1.3,,3.4,,2.1,,2.1,,0,,0,,33,E,46,E,0,,15.6,,,M,,M
-52.742777777777775,47.62222222222222,ST JOHN'S A,8403506,8403506.2001.5.26,2001-05-26 00:00:00,NL,2001,5,26,2.2,,-0.2,,4.5,,0,T,0,T,0,T,0,,35,E,59,E,0,,15.8,,,M,,M
-52.742777777777775,47.62222222222222,ST JOHN'S A,8403506,8403506.2001.5.27,2001-05-27 00:00:00,NL,2001,5,27,4.1,,0.2,,7.9,,0,,0,,0,,0,,33,E,37,E,0,,13.9,,,M,,M
-52.742777777777775,47.62222222222222,ST JOHN'S A,8403506,8403506.2001.5.28,2001-05-28 00:00:00,NL,2001,5,28,7.8,,1.6,,13.9,,0,,0,,0,,0,,0,,0,,0,,10.2,,,M,,M
-52.742777777777775,47.62222222222222,ST JOHN'S A,8403506,8403506.2001.5.29,2001-05-29 00:00:00,NL,2001,5,29,16.3,,9.8,,22.7,,0.5,,0.5,,0,,0,,21,E,46,E,0,,1.7,,,M,,M
-52.742777777777775,47.62222222222222,ST JOHN'S A,8403506,8403506.2001.5.30,2001-05-30 00:00:00,NL,2001,5,30,14.2,,11.1,,17.2,,6.1,,6.1,,0,,0,,18,E,70,E,0,,3.8,,,M,,M
-52.742777777777775,47.62222222222222,ST JOHN'S A,8403506,8403506.2001.5.31,2001-05-31 00:00:00,NL,2001,5,31,9.1,,4.8,,13.4,,24.3,,24.3,,0,,0,,18,E,67,E,0,,8.9,,,M,,M
-52.742777777777775,47.62222222222222,ST JOHN'S A,8403506,8403506.2001.6.1,2001-06-01 00:00:00,NL,2001,6,1,8.6,,4,,13.1,,0,T,0,T,0,,0,,0,,0,,0,,9.4,,,M,,M
-52.742777777777775,47.62222222222222,ST JOHN'S A,8403506,8403506.2001.6.2,2001-06-02 00:00:00,NL,2001,6,2,4.5,,3,,5.9,,10.3,,10.3,,0,,0,,36,,41,,0,,13.5,,,M,,M
-52.742777777777775,47.62222222222222,ST JOHN'S A,8403506,8403506.2001.6.3,2001-06-03 00:00:00,NL,2001,6,3,8.8,,3.8,,13.8,,0.5,,0.5,,0,,0,,0,,0,,0,,9.2,,,M,,M
-52.742777777777775,47.62222222222222,ST JOHN'S A,8403506,8403506.2001.6.4,2001-06-04 00:00:00,NL,2001,6,4,8.5,,3.8,,13.1,,0.3,,0.3,,0,,0,,0,,0,,0,,9.5,,,M,,M
-52.742777777777775,47.62222222222222,ST JOHN'S A,8403506,8403506.2001.6.5,2001-06-05 00:00:00,NL,2001,6,5,8.3,,4.5,,12,,0,,0,,0,,0,,0,,0,,0,,9.7,,,M,,M
-52.742777777777775,47.62222222222222,ST JOHN'S A,8403506,8403506.2001.6.6,2001-06-06 00:00:00,NL,2001,6,6,6,,5,,6.9,,9.3,,9.3,,0,,0,,0,,0,,0,,12,,,M,,M
-52.742777777777775,47.62222222222222,ST JOHN'S A,8403506,8403506.2001.6.7,2001-06-07 00:00:00,NL,2001,6,7,7.3,,4.5,,10,,3.3,,3.3,,0,,0,,12,E,46,E,0,,10.7,,,M,,M
-52.742777777777775,47.62222222222222,ST JOHN'S A,8403506,8403506.2001.6.8,2001-06-08 00:00:00,NL,2001,6,8,10.8,,5,,16.6,,0.8,,0.8,,0,,0,,23,E,48,E,0,,7.2,,,M,,M
-52.742777777777775,47.62222222222222,ST JOHN'S A,8403506,8403506.2001.6.9,2001-06-09 00:00:00,NL,2001,6,9,8.7,,5,,12.4,,0,T,0,T,0,,0,,26,E,52,E,0,,9.3,,,M,,M
-52.742777777777775,47.62222222222222,ST JOHN'S A,8403506,8403506.2001.6.10,2001-06-10 00:00:00,NL,2001,6,10,11.2,,4.6,,17.8,,0,T,0,T,0,,0,,26,E,48,E,0,,6.8,,,M,,M
-52.742777777777775,47.62222222222222,ST JOHN'S A,8403506,8403506.2001.6.11,2001-06-11 00:00:00,NL,2001,6,11,8.8,,5.5,,12.1,,1.2,,1.2,,0,,0,,17,E,32,E,0,,9.2,,,M,,M
-52.742777777777775,47.62222222222222,ST JOHN'S A,8403506,8403506.2001.6.12,2001-06-12 00:00:00,NL,2001,6,12,12.3,,5,,19.6,,0,,0,,0,,0,,25,E,44,E,0,,5.7,,,M,,M
-52.742777777777775,47.62222222222222,ST JOHN'S A,8403506,8403506.2001.6.13,2001-06-13 00:00:00,NL,2001,6,13,17.2,,11,,23.3,,0,,0,,0,,0,,,M,,M,0,,0.8,,,M,,M
-52.742777777777775,47.62222222222222,ST JOHN'S A,8403506,8403506.2001.6.14,2001-06-14 00:00:00,NL,2001,6,14,14.8,,10.2,,19.4,,8.6,,8.6,,0,,0,,23,E,59,E,0,,3.2,,,M,,M
-52.742777777777775,47.62222222222222,ST JOHN'S A,8403506,8403506.2001.6.15,2001-06-15 00:00:00,NL,2001,6,15,14.2,,6,,22.4,,0.8,,0.8,,0,,0,,24,E,46,E,0,,3.8,,,M,,M
-52.742777777777775,47.62222222222222,ST JOHN'S A,8403506,8403506.2001.6.16,2001-06-16 00:00:00,NL,2001,6,16,7.9,,5.1,,10.6,,0,T,0,T,0,,0,,35,E,48,E,0,,10.1,,,M,,M
-52.742777777777775,47.62222222222222,ST JOHN'S A,8403506,8403506.2001.6.17,2001-06-17 00:00:00,NL,2001,6,17,10.9,,6.5,,15.3,,0,T,0,T,0,,0,,26,E,43,E,0,,7.1,,,M,,M
-52.742777777777775,47.62222222222222,ST JOHN'S A,8403506,8403506.2001.6.18,2001-06-18 00:00:00,NL,2001,6,18,15,,8.6,,21.3,,0,T,0,T,0,,0,,25,E,61,E,0,,3,,,M,,M
-52.742777777777775,47.62222222222222,ST JOHN'S A,8403506,8403506.2001.6.19,2001-06-19 00:00:00,NL,2001,6,19,13.9,,8.8,,19,,0,T,0,T,0,,0,,30,E,56,E,0,,4.1,,,M,,M
-52.742777777777775,47.62222222222222,ST JOHN'S A,8403506,8403506.2001.6.20,2001-06-20 00:00:00,NL,2001,6,20,16.1,,8.4,,23.7,,0,T,0,T,0,,0,,24,E,80,E,0,,1.9,,,M,,M
-52.742777777777775,47.62222222222222,ST JOHN'S A,8403506,8403506.2001.6.21,2001-06-21 00:00:00,NL,2001,6,21,14.7,,8.3,,21.1,,0,,0,,0,,0,,26,E,65,E,0,,3.3,,,M,,M
-52.742777777777775,47.62222222222222,ST JOHN'S A,8403506,8403506.2001.6.22,2001-06-22 00:00:00,NL,2001,6,22,15.1,,7.5,,22.6,,0,,0,,0,,0,,0,,0,,0,,2.9,,,M,,M
-52.742777777777775,47.62222222222222,ST JOHN'S A,8403506,8403506.2001.6.23,2001-06-23 00:00:00,NL,2001,6,23,17,,10.7,,23.3,,0,,0,,0,,0,,25,E,43,E,0,,1,,,M,,M
-52.742777777777775,47.62222222222222,ST JOHN'S A,8403506,8403506.2001.6.24,2001-06-24 00:00:00,NL,2001,6,24,16.8,,12.4,,21.2,,3.6,,3.6,,0,,0,,23,E,59,E,0,,1.2,,,M,,M
-52.742777777777775,47.62222222222222,ST JOHN'S A,8403506,8403506.2001.6.25,2001-06-25 00:00:00,NL,2001,6,25,17.7,,13.5,,21.9,,0,T,0,T,0,,0,,28,E,41,E,0,,0.3,,,M,,M
-52.742777777777775,47.62222222222222,ST JOHN'S A,8403506,8403506.2001.6.26,2001-06-26 00:00:00,NL,2001,6,26,8.8,,3.5,,14.1,,0,T,0,T,0,,0,,36,E,46,E,0,,9.2,,,M,,M
-52.742777777777775,47.62222222222222,ST JOHN'S A,8403506,8403506.2001.6.27,2001-06-27 00:00:00,NL,2001,6,27,8.6,,3.3,,13.9,,0,T,0,T,0,,0,,24,E,41,E,0,,9.4,,,M,,M
-52.742777777777775,47.62222222222222,ST JOHN'S A,8403506,8403506.2001.6.28,2001-06-28 00:00:00,NL,2001,6,28,13,,7,,18.9,,0,T,0,T,0,,0,,0,,0,,0,,5,,,M,,M
-52.742777777777775,47.62222222222222,ST JOHN'S A,8403506,8403506.2001.6.29,2001-06-29 00:00:00,NL,2001,6,29,9.3,,6.1,,12.4,,0,T,0,T,0,,0,,31,E,46,E,0,,8.7,,,M,,M
-52.742777777777775,47.62222222222222,ST JOHN'S A,8403506,8403506.2001.6.30,2001-06-30 00:00:00,NL,2001,6,30,12.2,,7.3,,17,,0.4,,0.4,,0,,0,,26,E,37,E,0,,5.8,,,M,,M
-52.742777777777775,47.62222222222222,ST JOHN'S A,8403506,8403506.2001.7.1,2001-07-01 00:00:00,NL,2001,7,1,11.5,,6.6,,16.4,,0.7,,0.7,,0,,0,,0,,0,,0,,6.5,,,M,,M
-52.742777777777775,47.62222222222222,ST JOHN'S A,8403506,8403506.2001.7.2,2001-07-02 00:00:00,NL,2001,7,2,16.1,,6.7,,25.5,,5.2,,5.2,,0,,0,,23,E,63,E,0,,1.9,,,M,,M
-52.742777777777775,47.62222222222222,ST JOHN'S A,8403506,8403506.2001.7.3,2001-07-03 00:00:00,NL,2001,7,3,14.9,,9.5,,20.2,,2,,2,,0,,0,,28,E,52,E,0,,3.1,,,M,,M
-52.742777777777775,47.62222222222222,ST JOHN'S A,8403506,8403506.2001.7.4,2001-07-04 00:00:00,NL,2001,7,4,15.2,,9.7,,20.7,,0,,0,,0,,0,,24,E,50,E,0,,2.8,,,M,,M
-52.742777777777775,47.62222222222222,ST JOHN'S A,8403506,8403506.2001.7.5,2001-07-05 00:00:00,NL,2001,7,5,15.7,,9.9,,21.5,,3.3,,3.3,,0,,0,,19,E,48,E,0,,2.3,,,M,,M
-52.742777777777775,47.62222222222222,ST JOHN'S A,8403506,8403506.2001.7.6,2001-07-06 00:00:00,NL,2001,7,6,19.2,,15.2,,23.1,,0.6,,0.6,,0,,0,,25,E,44,E,1.2,,0,,,M,,M
-52.742777777777775,47.62222222222222,ST JOHN'S A,8403506,8403506.2001.7.7,2001-07-07 00:00:00,NL,2001,7,7,18,,11.2,,24.7,,0,,0,,0,,0,,24,E,52,E,0,,0,,,M,,M
-52.742777777777775,47.62222222222222,ST JOHN'S A,8403506,8403506.2001.7.8,2001-07-08 00:00:00,NL,2001,7,8,17.6,,11.7,,23.5,,1.8,,1.8,,0,,0,,25,E,59,E,0,,0.4,,,M,,M
-52.742777777777775,47.62222222222222,ST JOHN'S A,8403506,8403506.2001.7.9,2001-07-09 00:00:00,NL,2001,7,9,15,,9.8,,20.1,,1.2,,1.2,,0,,0,,0,,0,,0,,3,,,M,,M
-52.742777777777775,47.62222222222222,ST JOHN'S A,8403506,8403506.2001.7.10,2001-07-10 00:00:00,NL,2001,7,10,11.4,,9.6,,13.1,,0.2,,0.2,,0,,0,,0,,0,,0,,6.6,,,M,,M
-52.742777777777775,47.62222222222222,ST JOHN'S A,8403506,8403506.2001.7.11,2001-07-11 00:00:00,NL,2001,7,11,12.7,,10.2,,15.2,,1,,1,,0,,0,,0,,0,,0,,5.3,,,M,,M
-52.742777777777775,47.62222222222222,ST JOHN'S A,8403506,8403506.2001.7.12,2001-07-12 00:00:00,NL,2001,7,12,15.6,,11.2,,19.9,,35.2,,35.2,,0,,0,,0,,0,,0,,2.4,,,M,,M
-52.742777777777775,47.62222222222222,ST JOHN'S A,8403506,8403506.2001.7.13,2001-07-13 00:00:00,NL,2001,7,13,17.9,,13,,22.8,,0,,0,,0,,0,,24,E,41,E,0,,0.1,,,M,,M
-52.742777777777775,47.62222222222222,ST JOHN'S A,8403506,8403506.2001.7.14,2001-07-14 00:00:00,NL,2001,7,14,16.6,,12.8,,20.3,,5.6,,5.6,,0,,0,,24,E,50,E,0,,1.4,,,M,,M
-52.742777777777775,47.62222222222222,ST JOHN'S A,8403506,8403506.2001.7.15,2001-07-15 00:00:00,NL,2001,7,15,12.7,,8.7,,16.6,,1,,1,,0,,0,,24,E,54,E,0,,5.3,,,M,,M
-52.742777777777775,47.62222222222222,ST JOHN'S A,8403506,8403506.2001.7.16,2001-07-16 00:00:00,NL,2001,7,16,12.5,,8.6,,16.4,,11.2,,11.2,,0,,0,,8,E,37,E,0,,5.5,,,M,,M
-52.742777777777775,47.62222222222222,ST JOHN'S A,8403506,8403506.2001.7.17,2001-07-17 00:00:00,NL,2001,7,17,13.6,,9.7,,17.4,,0,T,0,T,0,,0,,28,E,46,E,0,,4.4,,,M,,M
-52.742777777777775,47.62222222222222,ST JOHN'S A,8403506,8403506.2001.7.18,2001-07-18 00:00:00,NL,2001,7,18,11.8,,7,,16.5,,0,T,0,T,0,,0,,29,E,37,E,0,,6.2,,,M,,M
-52.742777777777775,47.62222222222222,ST JOHN'S A,8403506,8403506.2001.7.19,2001-07-19 00:00:00,NL,2001,7,19,10.8,,7.1,,14.4,,0,,0,,0,,0,,26,E,37,E,0,,7.2,,,M,,M
-52.742777777777775,47.62222222222222,ST JOHN'S A,8403506,8403506.2001.7.20,2001-07-20 00:00:00,NL,2001,7,20,16.8,,10,,23.5,,0,,0,,0,,0,,25,E,48,E,0,,1.2,,,M,,M
-52.742777777777775,47.62222222222222,ST JOHN'S A,8403506,8403506.2001.7.21,2001-07-21 00:00:00,NL,2001,7,21,18.7,,10.2,,27.2,,0,,0,,0,,0,,27,E,37,E,0.7,,0,,,M,,M
-52.742777777777775,47.62222222222222,ST JOHN'S A,8403506,8403506.2001.7.22,2001-07-22 00:00:00,NL,2001,7,22,19.9,,13.8,,25.9,,0,,0,,0,,0,,25,E,44,E,1.9,,0,,,M,,M
-52.742777777777775,47.62222222222222,ST JOHN'S A,8403506,8403506.2001.7.23,2001-07-23 00:00:00,NL,2001,7,23,18.2,,13.5,,22.9,,1.2,,1.2,,0,,0,,25,E,59,E,0.2,,0,,,M,,M
-52.742777777777775,47.62222222222222,ST JOHN'S A,8403506,8403506.2001.7.24,2001-07-24 00:00:00,NL,2001,7,24,21.9,,15.8,,28,,0,,0,,0,,0,,23,E,52,E,3.9,,0,,,M,,M
-52.742777777777775,47.62222222222222,ST JOHN'S A,8403506,8403506.2001.7.25,2001-07-25 00:00:00,NL,2001,7,25,16.7,,10.6,,22.8,,12.4,,12.4,,0,,0,,27,E,69,E,0,,1.3,,,M,,M
-52.742777777777775,47.62222222222222,ST JOHN'S A,8403506,8403506.2001.7.26,2001-07-26 00:00:00,NL,2001,7,26,17.1,,10.9,,23.3,,0.2,,0.2,,0,,0,,25,E,52,E,0,,0.9,,,M,,M
-52.742777777777775,47.62222222222222,ST JOHN'S A,8403506,8403506.2001.7.27,2001-07-27 00:00:00,NL,2001,7,27,13.1,,6,,20.2,,0,,0,,0,,0,,27,E,46,E,0,,4.9,,,M,,M
-52.742777777777775,47.62222222222222,ST JOHN'S A,8403506,8403506.2001.7.28,2001-07-28 00:00:00,NL,2001,7,28,11.5,,5.1,,17.9,,0,,0,,0,,0,,0,,0,,0,,6.5,,,M,,M
-52.742777777777775,47.62222222222222,ST JOHN'S A,8403506,8403506.2001.7.29,2001-07-29 00:00:00,NL,2001,7,29,15.9,,9.5,,22.2,,0,,0,,0,,0,,0,,0,,0,,2.1,,,M,,M
-52.742777777777775,47.62222222222222,ST JOHN'S A,8403506,8403506.2001.7.30,2001-07-30 00:00:00,NL,2001,7,30,19,,13.5,,24.5,,0,,0,,0,,0,,26,E,48,E,1,,0,,,M,,M
-52.742777777777775,47.62222222222222,ST JOHN'S A,8403506,8403506.2001.7.31,2001-07-31 00:00:00,NL,2001,7,31,19.9,,13,,26.8,,0,,0,,0,,0,,26,E,41,E,1.9,,0,,,M,,M
-52.742777777777775,47.62222222222222,ST JOHN'S A,8403506,8403506.2001.8.1,2001-08-01 00:00:00,NL,2001,8,1,16.3,,11.4,,21.1,,0,,0,,0,,0,,0,,0,,0,,1.7,,,M,,M
-52.742777777777775,47.62222222222222,ST JOHN'S A,8403506,8403506.2001.8.2,2001-08-02 00:00:00,NL,2001,8,2,16.6,,12.8,,20.3,,0.2,,0.2,,0,,0,,25,,37,,0,,1.4,,,M,,M
-52.742777777777775,47.62222222222222,ST JOHN'S A,8403506,8403506.2001.8.3,2001-08-03 00:00:00,NL,2001,8,3,18.6,,13.2,,23.9,,0,T,0,T,0,,0,,25,E,65,E,0.6,,0,,,M,,M
-52.742777777777775,47.62222222222222,ST JOHN'S A,8403506,8403506.2001.8.4,2001-08-04 00:00:00,NL,2001,8,4,17.9,,10.6,,25.1,,0,,0,,0,,0,,0,,0,,0,,0.1,,,M,,M
-52.742777777777775,47.62222222222222,ST JOHN'S A,8403506,8403506.2001.8.5,2001-08-05 00:00:00,NL,2001,8,5,17.1,,13,,21.1,,0,,0,,0,,0,,0,,0,,0,,0.9,,,M,,M
-52.742777777777775,47.62222222222222,ST JOHN'S A,8403506,8403506.2001.8.6,2001-08-06 00:00:00,NL,2001,8,6,19.8,,12.9,,26.6,,0,,0,,0,,0,,24,E,50,E,1.8,,0,,,M,,M
-52.742777777777775,47.62222222222222,ST JOHN'S A,8403506,8403506.2001.8.7,2001-08-07 00:00:00,NL,2001,8,7,21.6,,15.7,,27.4,,0,T,0,T,0,,0,,25,E,65,E,3.6,,0,,,M,,M
-52.742777777777775,47.62222222222222,ST JOHN'S A,8403506,8403506.2001.8.8,2001-08-08 00:00:00,NL,2001,8,8,18.7,,14.5,,22.9,,0.3,,0.3,,0,,0,,25,E,54,E,0.7,,0,,,M,,M
-52.742777777777775,47.62222222222222,ST JOHN'S A,8403506,8403506.2001.8.9,2001-08-09 00:00:00,NL,2001,8,9,18.5,,12.8,,24.1,,0,,0,,0,,0,,24,E,48,E,0.5,,0,,,M,,M
-52.742777777777775,47.62222222222222,ST JOHN'S A,8403506,8403506.2001.8.10,2001-08-10 00:00:00,NL,2001,8,10,21.2,,16,,26.3,,0,,0,,0,,0,,23,E,59,E,3.2,,0,,,M,,M
-52.742777777777775,47.62222222222222,ST JOHN'S A,8403506,8403506.2001.8.11,2001-08-11 00:00:00,NL,2001,8,11,19.9,,13.6,,26.2,,0,T,0,T,0,,0,,26,E,65,E,1.9,,0,,,M,,M
-52.742777777777775,47.62222222222222,ST JOHN'S A,8403506,8403506.2001.8.12,2001-08-12 00:00:00,NL,2001,8,12,18,,10.8,,25.1,,0,,0,,0,,0,,30,E,33,E,0,,0,,,M,,M
-52.742777777777775,47.62222222222222,ST JOHN'S A,8403506,8403506.2001.8.13,2001-08-13 00:00:00,NL,2001,8,13,17.4,,11.6,,23.2,,0,T,0,T,0,,0,,16,E,43,E,0,,0.6,,,M,,M
-52.742777777777775,47.62222222222222,ST JOHN'S A,8403506,8403506.2001.8.14,2001-08-14 00:00:00,NL,2001,8,14,18.4,,13.3,,23.4,,0.4,,0.4,,0,,0,,28,E,43,E,0.4,,0,,,M,,M
-52.742777777777775,47.62222222222222,ST JOHN'S A,8403506,8403506.2001.8.15,2001-08-15 00:00:00,NL,2001,8,15,16.6,,13.5,,19.6,,5.5,,5.5,,0,,0,,27,E,35,E,0,,1.4,,,M,,M
-52.742777777777775,47.62222222222222,ST JOHN'S A,8403506,8403506.2001.8.16,2001-08-16 00:00:00,NL,2001,8,16,18.5,,13.3,,23.6,,0,,0,,0,,0,,26,E,32,E,0.5,,0,,,M,,M
-52.742777777777775,47.62222222222222,ST JOHN'S A,8403506,8403506.2001.8.17,2001-08-17 00:00:00,NL,2001,8,17,21.2,,15.5,,26.8,,0,,0,,0,,0,,0,,0,,3.2,,0,,,M,,M
-52.742777777777775,47.62222222222222,ST JOHN'S A,8403506,8403506.2001.8.18,2001-08-18 00:00:00,NL,2001,8,18,20.1,,14.6,,25.5,,3.4,,3.4,,0,,0,,25,E,41,E,2.1,,0,,,M,,M
-52.742777777777775,47.62222222222222,ST JOHN'S A,8403506,8403506.2001.8.19,2001-08-19 00:00:00,NL,2001,8,19,16.9,,12,,21.7,,1.4,,1.4,,0,,0,,5,E,33,E,0,,1.1,,,M,,M
-52.742777777777775,47.62222222222222,ST JOHN'S A,8403506,8403506.2001.8.20,2001-08-20 00:00:00,NL,2001,8,20,13.2,,12,,14.3,,4,,4,,0,,0,,0,,0,,0,,4.8,,,M,,M
-52.742777777777775,47.62222222222222,ST JOHN'S A,8403506,8403506.2001.8.21,2001-08-21 00:00:00,NL,2001,8,21,16.5,,14.1,,18.8,,0,T,0,T,0,,0,,0,,0,,0,,1.5,,,M,,M
-52.742777777777775,47.62222222222222,ST JOHN'S A,8403506,8403506.2001.8.22,2001-08-22 00:00:00,NL,2001,8,22,16.8,,13.5,,20,,0.4,,0.4,,0,,0,,0,,0,,0,,1.2,,,M,,M
-52.742777777777775,47.62222222222222,ST JOHN'S A,8403506,8403506.2001.8.23,2001-08-23 00:00:00,NL,2001,8,23,20.7,,16.8,,24.5,,0.5,,0.5,,0,,0,,0,,0,,2.7,,0,,,M,,M
-52.742777777777775,47.62222222222222,ST JOHN'S A,8403506,8403506.2001.8.24,2001-08-24 00:00:00,NL,2001,8,24,16.4,,10.2,,22.6,,9.6,,9.6,,0,,0,,2,E,46,E,0,,1.6,,,M,,M
-52.742777777777775,47.62222222222222,ST JOHN'S A,8403506,8403506.2001.8.25,2001-08-25 00:00:00,NL,2001,8,25,9.2,,5.3,,13,,2.2,,2.2,,0,,0,,35,E,72,E,0,,8.8,,,M,,M
-52.742777777777775,47.62222222222222,ST JOHN'S A,8403506,8403506.2001.8.26,2001-08-26 00:00:00,NL,2001,8,26,13.5,,7.6,,19.3,,0,,0,,0,,0,,25,E,52,E,0,,4.5,,,M,,M
-52.742777777777775,47.62222222222222,ST JOHN'S A,8403506,8403506.2001.8.27,2001-08-27 00:00:00,NL,2001,8,27,18.3,,13.3,,23.2,,1.2,,1.2,,0,,0,,25,E,54,E,0.3,,0,,,M,,M
-52.742777777777775,47.62222222222222,ST JOHN'S A,8403506,8403506.2001.8.28,2001-08-28 00:00:00,NL,2001,8,28,17.1,,16,,18.2,,23.8,,23.8,,0,,0,,26,E,52,E,0,,0.9,,,M,,M
-52.742777777777775,47.62222222222222,ST JOHN'S A,8403506,8403506.2001.8.29,2001-08-29 00:00:00,NL,2001,8,29,18.4,,14.6,,22.2,,0,T,0,T,0,,0,,25,E,41,E,0.4,,0,,,M,,M
-52.742777777777775,47.62222222222222,ST JOHN'S A,8403506,8403506.2001.8.30,2001-08-30 00:00:00,NL,2001,8,30,11,,7.3,,14.7,,0,,0,,0,,0,,0,,0,,0,,7,,,M,,M
-52.742777777777775,47.62222222222222,ST JOHN'S A,8403506,8403506.2001.8.31,2001-08-31 00:00:00,NL,2001,8,31,15.6,,10.4,,20.7,,0,,0,,0,,0,,23,E,44,E,0,,2.4,,,M,,M
-52.742777777777775,47.62222222222222,ST JOHN'S A,8403506,8403506.2001.9.1,2001-09-01 00:00:00,NL,2001,9,1,18.6,,13.6,,23.5,,0,,0,,0,,0,,18,E,52,E,0.6,,0,,,M,,M
-52.742777777777775,47.62222222222222,ST JOHN'S A,8403506,8403506.2001.9.2,2001-09-02 00:00:00,NL,2001,9,2,14.7,,10,,19.4,,21.7,,21.7,,0,,0,,18,E,59,E,0,,3.3,,,M,,M
-52.742777777777775,47.62222222222222,ST JOHN'S A,8403506,8403506.2001.9.3,2001-09-03 00:00:00,NL,2001,9,3,10.7,,4.7,,16.6,,0,,0,,0,,0,,0,,0,,0,,7.3,,,M,,M
-52.742777777777775,47.62222222222222,ST JOHN'S A,8403506,8403506.2001.9.4,2001-09-04 00:00:00,NL,2001,9,4,11.5,,5.2,,17.7,,0,,0,,0,,0,,0,,0,,0,,6.5,,,M,,M
-52.742777777777775,47.62222222222222,ST JOHN'S A,8403506,8403506.2001.9.5,2001-09-05 00:00:00,NL,2001,9,5,12.2,,6.6,,17.7,,3,,3,,0,,0,,0,,0,,0,,5.8,,,M,,M
-52.742777777777775,47.62222222222222,ST JOHN'S A,8403506,8403506.2001.9.6,2001-09-06 00:00:00,NL,2001,9,6,12.9,,9.2,,16.5,,2.6,,2.6,,0,,0,,33,E,43,E,0,,5.1,,,M,,M
-52.742777777777775,47.62222222222222,ST JOHN'S A,8403506,8403506.2001.9.7,2001-09-07 00:00:00,NL,2001,9,7,7.9,,5,,10.8,,1.4,,1.4,,0,,0,,32,E,37,E,0,,10.1,,,M,,M
-52.742777777777775,47.62222222222222,ST JOHN'S A,8403506,8403506.2001.9.8,2001-09-08 00:00:00,NL,2001,9,8,14.4,,7.8,,21,,0,,0,,0,,0,,25,E,46,E,0,,3.6,,,M,,M
-52.742777777777775,47.62222222222222,ST JOHN'S A,8403506,8403506.2001.9.9,2001-09-09 00:00:00,NL,2001,9,9,20.3,,15.1,,25.5,,0,,0,,0,,0,,0,,0,,2.3,,0,,,M,,M
-52.742777777777775,47.62222222222222,ST JOHN'S A,8403506,8403506.2001.9.10,2001-09-10 00:00:00,NL,2001,9,10,21.7,,13.8,,29.5,,0,,0,,0,,0,,0,,0,,3.7,,0,,,M,,M
-52.742777777777775,47.62222222222222,ST JOHN'S A,8403506,8403506.2001.9.11,2001-09-11 00:00:00,NL,2001,9,11,21.3,,13.4,,29.2,,0,,0,,0,,0,,26,E,39,E,3.3,,0,,,M,,M
-52.742777777777775,47.62222222222222,ST JOHN'S A,8403506,8403506.2001.9.12,2001-09-12 00:00:00,NL,2001,9,12,16.8,,11.4,,22.2,,0,,0,,0,,0,,0,,0,,0,,1.2,,,M,,M
-52.742777777777775,47.62222222222222,ST JOHN'S A,8403506,8403506.2001.9.13,2001-09-13 00:00:00,NL,2001,9,13,13,,9.7,,16.3,,0.6,,0.6,,0,,0,,14,E,32,E,0,,5,,,M,,M
-52.742777777777775,47.62222222222222,ST JOHN'S A,8403506,8403506.2001.9.14,2001-09-14 00:00:00,NL,2001,9,14,14.5,,13.1,,15.9,,49,,49,,0,,0,,34,E,83,E,0,,3.5,,,M,,M
-52.742777777777775,47.62222222222222,ST JOHN'S A,8403506,8403506.2001.9.15,2001-09-15 00:00:00,NL,2001,9,15,11.7,,6.6,,16.7,,0.4,,0.4,,0,,0,,27,E,56,E,0,,6.3,,,M,,M
-52.742777777777775,47.62222222222222,ST JOHN'S A,8403506,8403506.2001.9.16,2001-09-16 00:00:00,NL,2001,9,16,10.8,,5.3,,16.2,,0,,0,,0,,0,,24,E,37,E,0,,7.2,,,M,,M
-52.742777777777775,47.62222222222222,ST JOHN'S A,8403506,8403506.2001.9.17,2001-09-17 00:00:00,NL,2001,9,17,14.2,,9.5,,18.8,,0,,0,,0,,0,,26,E,43,E,0,,3.8,,,M,,M
-52.742777777777775,47.62222222222222,ST JOHN'S A,8403506,8403506.2001.9.18,2001-09-18 00:00:00,NL,2001,9,18,12.8,,8.1,,17.5,,19.2,,19.2,,0,,0,,5,E,46,E,0,,5.2,,,M,,M
-52.742777777777775,47.62222222222222,ST JOHN'S A,8403506,8403506.2001.9.19,2001-09-19 00:00:00,NL,2001,9,19,9.7,,6.2,,13.2,,99.4,,99.4,,0,,0,,3,E,87,E,0,,8.3,,,M,,M
-52.742777777777775,47.62222222222222,ST JOHN'S A,8403506,8403506.2001.9.20,2001-09-20 00:00:00,NL,2001,9,20,10.1,,4.2,,15.9,,0,,0,,0,,0,,0,,0,,0,,7.9,,,M,,M
-52.742777777777775,47.62222222222222,ST JOHN'S A,8403506,8403506.2001.9.21,2001-09-21 00:00:00,NL,2001,9,21,12.7,,8.8,,16.6,,0,,0,,0,,0,,26,E,37,E,0,,5.3,,,M,,M
-52.742777777777775,47.62222222222222,ST JOHN'S A,8403506,8403506.2001.9.22,2001-09-22 00:00:00,NL,2001,9,22,12.6,,7.7,,17.5,,0,,0,,0,,0,,0,,0,,0,,5.4,,,M,,M
-52.742777777777775,47.62222222222222,ST JOHN'S A,8403506,8403506.2001.9.23,2001-09-23 00:00:00,NL,2001,9,23,16.6,,11.2,,22,,11,,11,,0,,0,,23,E,48,E,0,,1.4,,,M,,M
-52.742777777777775,47.62222222222222,ST JOHN'S A,8403506,8403506.2001.9.24,2001-09-24 00:00:00,NL,2001,9,24,16.6,,13.6,,19.6,,3.4,,3.4,,0,,0,,24,E,32,E,0,,1.4,,,M,,M
-52.742777777777775,47.62222222222222,ST JOHN'S A,8403506,8403506.2001.9.25,2001-09-25 00:00:00,NL,2001,9,25,15.6,,9.7,,21.4,,0,,0,,0,,0,,0,,0,,0,,2.4,,,M,,M
-52.742777777777775,47.62222222222222,ST JOHN'S A,8403506,8403506.2001.9.26,2001-09-26 00:00:00,NL,2001,9,26,9.1,,8.2,,9.9,,0.8,,0.8,,0,,0,,0,,0,,0,,8.9,,,M,,M
-52.742777777777775,47.62222222222222,ST JOHN'S A,8403506,8403506.2001.9.27,2001-09-27 00:00:00,NL,2001,9,27,10.7,,6.4,,14.9,,40,,40,,0,,0,,3,E,48,E,0,,7.3,,,M,,M
-52.742777777777775,47.62222222222222,ST JOHN'S A,8403506,8403506.2001.9.28,2001-09-28 00:00:00,NL,2001,9,28,6,,2.2,,9.7,,2.3,,2.3,,0,,0,,0,,0,,0,,12,,,M,,M
-52.742777777777775,47.62222222222222,ST JOHN'S A,8403506,8403506.2001.9.29,2001-09-29 00:00:00,NL,2001,9,29,6.6,,4.2,,8.9,,9,,9,,0,,0,,30,E,46,E,0,,11.4,,,M,,M
-52.742777777777775,47.62222222222222,ST JOHN'S A,8403506,8403506.2001.9.30,2001-09-30 00:00:00,NL,2001,9,30,9.1,,4.4,,13.8,,0,,0,,0,,0,,27,E,48,E,0,,8.9,,,M,,M
-52.742777777777775,47.62222222222222,ST JOHN'S A,8403506,8403506.2001.10.1,2001-10-01 00:00:00,NL,2001,10,1,13.6,,8.3,,18.8,,0,,0,,0,,0,,27,E,43,E,0,,4.4,,,M,,M
-52.742777777777775,47.62222222222222,ST JOHN'S A,8403506,8403506.2001.10.2,2001-10-02 00:00:00,NL,2001,10,2,12.3,,8.8,,15.7,,0,,0,,0,,0,,0,,0,,0,,5.7,,,M,,M
-52.742777777777775,47.62222222222222,ST JOHN'S A,8403506,8403506.2001.10.3,2001-10-03 00:00:00,NL,2001,10,3,10.8,,5.3,,16.3,,0,,0,,0,,0,,28,E,57,E,0,,7.2,,,M,,M
-52.742777777777775,47.62222222222222,ST JOHN'S A,8403506,8403506.2001.10.4,2001-10-04 00:00:00,NL,2001,10,4,9.1,,4.3,,13.8,,0.2,,0.2,,0,,0,,0,,0,,0,,8.9,,,M,,M
-52.742777777777775,47.62222222222222,ST JOHN'S A,8403506,8403506.2001.10.5,2001-10-05 00:00:00,NL,2001,10,5,13.6,,10.9,,16.3,,0.2,,0.2,,0,,0,,26,E,48,E,0,,4.4,,,M,,M
-52.742777777777775,47.62222222222222,ST JOHN'S A,8403506,8403506.2001.10.6,2001-10-06 00:00:00,NL,2001,10,6,13.1,,9.3,,16.9,,0,,0,,0,,0,,19,,43,,0,,4.9,,,M,,M
-52.742777777777775,47.62222222222222,ST JOHN'S A,8403506,8403506.2001.10.7,2001-10-07 00:00:00,NL,2001,10,7,14.2,,8.7,,19.6,,17.4,,17.4,,0,,0,,21,E,65,E,0,,3.8,,,M,,M
-52.742777777777775,47.62222222222222,ST JOHN'S A,8403506,8403506.2001.10.8,2001-10-08 00:00:00,NL,2001,10,8,8,,3.2,,12.7,,0,,0,,0,,0,,0,,0,,0,,10,,,M,,M
-52.742777777777775,47.62222222222222,ST JOHN'S A,8403506,8403506.2001.10.9,2001-10-09 00:00:00,NL,2001,10,9,5.5,,1.5,,9.4,,0,,0,,0,,0,,0,,0,,0,,12.5,,,M,,M
-52.742777777777775,47.62222222222222,ST JOHN'S A,8403506,8403506.2001.10.10,2001-10-10 00:00:00,NL,2001,10,10,8.9,,4.2,,13.6,,0,,0,,0,,0,,28,E,61,E,0,,9.1,,,M,,M
-52.742777777777775,47.62222222222222,ST JOHN'S A,8403506,8403506.2001.10.11,2001-10-11 00:00:00,NL,2001,10,11,10.7,,7.5,,13.8,,0,,0,,0,,0,,24,E,46,E,0,,7.3,,,M,,M
-52.742777777777775,47.62222222222222,ST JOHN'S A,8403506,8403506.2001.10.12,2001-10-12 00:00:00,NL,2001,10,12,14.8,,10.2,,19.3,,0,,0,,0,,0,,25,E,61,E,0,,3.2,,,M,,M
-52.742777777777775,47.62222222222222,ST JOHN'S A,8403506,8403506.2001.10.13,2001-10-13 00:00:00,NL,2001,10,13,7.3,,3.7,,10.9,,0,T,0,T,0,,0,,2,,33,,0,,10.7,,,M,,M
-52.742777777777775,47.62222222222222,ST JOHN'S A,8403506,8403506.2001.10.14,2001-10-14 00:00:00,NL,2001,10,14,6.9,,3,,10.8,,0,,0,,0,,0,,0,,0,,0,,11.1,,,M,,M
-52.742777777777775,47.62222222222222,ST JOHN'S A,8403506,8403506.2001.10.15,2001-10-15 00:00:00,NL,2001,10,15,10.6,,4.4,,16.8,,0,T,0,T,0,,0,,25,,37,,0,,7.4,,,M,,M
-52.742777777777775,47.62222222222222,ST JOHN'S A,8403506,8403506.2001.10.16,2001-10-16 00:00:00,NL,2001,10,16,11.7,,5.2,,18.2,,0,T,0,T,0,,0,,25,,46,,0,,6.3,,,M,,M
-52.742777777777775,47.62222222222222,ST JOHN'S A,8403506,8403506.2001.10.17,2001-10-17 00:00:00,NL,2001,10,17,9.2,,3.8,,14.6,,0,,0,,0,,0,,17,E,65,E,0,,8.8,,,M,,M
-52.742777777777775,47.62222222222222,ST JOHN'S A,8403506,8403506.2001.10.18,2001-10-18 00:00:00,NL,2001,10,18,12.9,,8.8,,17,,5,,5,,0,,0,,18,E,65,E,0,,5.1,,,M,,M
-52.742777777777775,47.62222222222222,ST JOHN'S A,8403506,8403506.2001.10.19,2001-10-19 00:00:00,NL,2001,10,19,9,,6.2,,11.7,,0.9,,0.9,,0,,0,,28,E,37,E,0,,9,,,M,,M
-52.742777777777775,47.62222222222222,ST JOHN'S A,8403506,8403506.2001.10.20,2001-10-20 00:00:00,NL,2001,10,20,10.7,,7.1,,14.2,,0,T,0,T,0,,0,,27,E,41,E,0,,7.3,,,M,,M
-52.742777777777775,47.62222222222222,ST JOHN'S A,8403506,8403506.2001.10.21,2001-10-21 00:00:00,NL,2001,10,21,10.7,,6.6,,14.8,,0.4,,0.4,,0,,0,,29,E,61,E,0,,7.3,,,M,,M
-52.742777777777775,47.62222222222222,ST JOHN'S A,8403506,8403506.2001.10.22,2001-10-22 00:00:00,NL,2001,10,22,8.6,,5.3,,11.8,,2.2,,2.2,,0,,0,,27,E,67,E,0,,9.4,,,M,,M
-52.742777777777775,47.62222222222222,ST JOHN'S A,8403506,8403506.2001.10.23,2001-10-23 00:00:00,NL,2001,10,23,4,,-0.4,,8.3,,0.2,,0.2,,0,,0,,29,E,67,E,0,,14,,,M,,M
-52.742777777777775,47.62222222222222,ST JOHN'S A,8403506,8403506.2001.10.24,2001-10-24 00:00:00,NL,2001,10,24,4.3,,0.1,,8.5,,2.6,,2.6,,0,,0,,17,E,56,E,0,,13.7,,,M,,M
-52.742777777777775,47.62222222222222,ST JOHN'S A,8403506,8403506.2001.10.25,2001-10-25 00:00:00,NL,2001,10,25,9.5,,4.2,,14.8,,0.4,,0.4,,0,,0,,17,E,52,E,0,,8.5,,,M,,M
-52.742777777777775,47.62222222222222,ST JOHN'S A,8403506,8403506.2001.10.26,2001-10-26 00:00:00,NL,2001,10,26,12.2,,5,,19.3,,5.6,,5.6,,0,,0,,20,E,59,E,0,,5.8,,,M,,M
-52.742777777777775,47.62222222222222,ST JOHN'S A,8403506,8403506.2001.10.27,2001-10-27 00:00:00,NL,2001,10,27,10.4,,4.8,,16,,0,T,0,T,0,,0,,0,,0,,0,,7.6,,,M,,M
-52.742777777777775,47.62222222222222,ST JOHN'S A,8403506,8403506.2001.10.28,2001-10-28 00:00:00,NL,2001,10,28,6.7,,1.9,,11.4,,0,,0,,0,,0,,25,E,37,E,0,,11.3,,,M,,M
-52.742777777777775,47.62222222222222,ST JOHN'S A,8403506,8403506.2001.10.29,2001-10-29 00:00:00,NL,2001,10,29,6.6,,1.9,,11.3,,0,,0,,0,,0,,0,,0,,0,,11.4,,,M,,M
-52.742777777777775,47.62222222222222,ST JOHN'S A,8403506,8403506.2001.10.30,2001-10-30 00:00:00,NL,2001,10,30,4.6,,1.9,,7.3,,46.3,,46.3,,0,,0,,35,E,37,E,0,,13.4,,,M,,M
-52.742777777777775,47.62222222222222,ST JOHN'S A,8403506,8403506.2001.10.31,2001-10-31 00:00:00,NL,2001,10,31,0.2,,-2.2,,2.6,,0.6,,0.2,,0.4,,0,,30,E,52,E,0,,17.8,,,M,,M
-52.742777777777775,47.62222222222222,ST JOHN'S A,8403506,8403506.2001.11.1,2001-11-01 00:00:00,NL,2001,11,1,-0.5,,-2.8,,1.8,,0,,0,,0,,0,,29,E,37,E,0,,18.5,,,M,,M
-52.742777777777775,47.62222222222222,ST JOHN'S A,8403506,8403506.2001.11.2,2001-11-02 00:00:00,NL,2001,11,2,4.2,,-2.5,,10.9,,0,,0,,0,,0,,20,E,52,E,0,,13.8,,,M,,M
-52.742777777777775,47.62222222222222,ST JOHN'S A,8403506,8403506.2001.11.3,2001-11-03 00:00:00,NL,2001,11,3,11,,7.3,,14.6,,0,,0,,0,,0,,19,E,46,E,0,,7,,,M,,M
-52.742777777777775,47.62222222222222,ST JOHN'S A,8403506,8403506.2001.11.4,2001-11-04 00:00:00,NL,2001,11,4,11.1,,5.1,,17.1,,0,,0,,0,,0,,0,,0,,0,,6.9,,,M,,M
-52.742777777777775,47.62222222222222,ST JOHN'S A,8403506,8403506.2001.11.5,2001-11-05 00:00:00,NL,2001,11,5,9.3,,5.5,,13,,22.4,,22.4,,0,,0,,0,,0,,0,,8.7,,,M,,M
-52.742777777777775,47.62222222222222,ST JOHN'S A,8403506,8403506.2001.11.6,2001-11-06 00:00:00,NL,2001,11,6,12.4,,9.9,,14.9,,4.4,,4.4,,0,,0,,0,,0,,0,,5.6,,,M,,M
-52.742777777777775,47.62222222222222,ST JOHN'S A,8403506,8403506.2001.11.7,2001-11-07 00:00:00,NL,2001,11,7,11.4,,7.5,,15.3,,39.6,,39.6,,0,,0,,15,E,89,E,0,,6.6,,,M,,M
-52.742777777777775,47.62222222222222,ST JOHN'S A,8403506,8403506.2001.11.8,2001-11-08 00:00:00,NL,2001,11,8,4.9,,1.1,,8.7,,2.7,,2.7,,0,,0,,32,E,78,E,0,,13.1,,,M,,M
-52.742777777777775,47.62222222222222,ST JOHN'S A,8403506,8403506.2001.11.9,2001-11-09 00:00:00,NL,2001,11,9,2.3,,-0.2,,4.7,,0,,0,,0,,0,,0,,0,,0,,15.7,,,M,,M
-52.742777777777775,47.62222222222222,ST JOHN'S A,8403506,8403506.2001.11.10,2001-11-10 00:00:00,NL,2001,11,10,4,,0.7,,7.3,,2.4,,2.4,,0,,0,,15,E,70,E,0,,14,,,M,,M
-52.742777777777775,47.62222222222222,ST JOHN'S A,8403506,8403506.2001.11.11,2001-11-11 00:00:00,NL,2001,11,11,5.6,,1.1,,10,,15.6,,15.6,,0,,0,,17,E,65,E,0,,12.4,,,M,,M
-52.742777777777775,47.62222222222222,ST JOHN'S A,8403506,8403506.2001.11.12,2001-11-12 00:00:00,NL,2001,11,12,4.4,,-1,,9.8,,4,,4,,0,,0,,19,E,56,E,0,,13.6,,,M,,M
-52.742777777777775,47.62222222222222,ST JOHN'S A,8403506,8403506.2001.11.13,2001-11-13 00:00:00,NL,2001,11,13,0.1,,-3.3,,3.4,,4.4,,0,,4.4,,0,T,0,,0,,0,,17.9,,,M,,M
-52.742777777777775,47.62222222222222,ST JOHN'S A,8403506,8403506.2001.11.14,2001-11-14 00:00:00,NL,2001,11,14,-3.1,,-6,,-0.2,,2.4,,0,T,2.4,,3,,33,E,56,E,0,,21.1,,,M,,M
-52.742777777777775,47.62222222222222,ST JOHN'S A,8403506,8403506.2001.11.15,2001-11-15 00:00:00,NL,2001,11,15,-0.4,,-6.2,,5.4,,0,T,0,T,0,T,2,,28,E,37,E,0,,18.4,,,M,,M
-52.742777777777775,47.62222222222222,ST JOHN'S A,8403506,8403506.2001.11.16,2001-11-16 00:00:00,NL,2001,11,16,9.2,,5.3,,13.1,,1,,1,,0,,0,T,23,E,56,E,0,,8.8,,,M,,M
-52.742777777777775,47.62222222222222,ST JOHN'S A,8403506,8403506.2001.11.17,2001-11-17 00:00:00,NL,2001,11,17,2.8,,-5.6,,11.2,,3.2,,2.8,,0.4,,0,,28,E,59,E,0,,15.2,,,M,,M
-52.742777777777775,47.62222222222222,ST JOHN'S A,8403506,8403506.2001.11.18,2001-11-18 00:00:00,NL,2001,11,18,-2.1,,-5.7,,1.6,,0,,0,,0,,0,,0,,0,,0,,20.1,,,M,,M
-52.742777777777775,47.62222222222222,ST JOHN'S A,8403506,8403506.2001.11.19,2001-11-19 00:00:00,NL,2001,11,19,1.9,,-2.1,,5.8,,0,,0,,0,,0,,0,,0,,0,,16.1,,,M,,M
-52.742777777777775,47.62222222222222,ST JOHN'S A,8403506,8403506.2001.11.20,2001-11-20 00:00:00,NL,2001,11,20,5.5,,2.1,,8.8,,0,T,0,T,0,,0,,26,E,37,E,0,,12.5,,,M,,M
-52.742777777777775,47.62222222222222,ST JOHN'S A,8403506,8403506.2001.11.21,2001-11-21 00:00:00,NL,2001,11,21,5.7,,-0.6,,11.9,,1,,1,,0,,0,,18,E,44,E,0,,12.3,,,M,,M
-52.742777777777775,47.62222222222222,ST JOHN'S A,8403506,8403506.2001.11.22,2001-11-22 00:00:00,NL,2001,11,22,-0.4,,-2.8,,2.1,,0,T,0,,0,T,0,,0,,0,,0,,18.4,,,M,,M
-52.742777777777775,47.62222222222222,ST JOHN'S A,8403506,8403506.2001.11.23,2001-11-23 00:00:00,NL,2001,11,23,-2.4,,-7.6,,2.8,,0,T,0,,0,T,0,,33,E,32,E,0,,20.4,,,M,,M
-52.742777777777775,47.62222222222222,ST JOHN'S A,8403506,8403506.2001.11.24,2001-11-24 00:00:00,NL,2001,11,24,-2.5,,-5.5,,0.5,,0,,0,,0,,0,,0,,0,,0,,20.5,,,M,,M
-52.742777777777775,47.62222222222222,ST JOHN'S A,8403506,8403506.2001.11.25,2001-11-25 00:00:00,NL,2001,11,25,0.2,,-4.4,,4.7,,0,,0,,0,,0,,0,,0,,0,,17.8,,,M,,M
-52.742777777777775,47.62222222222222,ST JOHN'S A,8403506,8403506.2001.11.26,2001-11-26 00:00:00,NL,2001,11,26,4.4,,-1.4,,10.1,,2.4,,2.4,,0,,0,,0,,0,,0,,13.6,,,M,,M
-52.742777777777775,47.62222222222222,ST JOHN'S A,8403506,8403506.2001.11.27,2001-11-27 00:00:00,NL,2001,11,27,5.4,,0.9,,9.8,,0.2,,0.2,,0,,0,,0,,0,,0,,12.6,,,M,,M
-52.742777777777775,47.62222222222222,ST JOHN'S A,8403506,8403506.2001.11.28,2001-11-28 00:00:00,NL,2001,11,28,-1.2,,-4.3,,2,,9.8,,0,T,9.8,,0,,4,E,56,E,0,,19.2,,,M,,M
-52.742777777777775,47.62222222222222,ST JOHN'S A,8403506,8403506.2001.11.29,2001-11-29 00:00:00,NL,2001,11,29,-6.3,,-8.4,,-4.2,,0,,0,,0,,6,,0,,0,,0,,24.3,,,M,,M
-52.742777777777775,47.62222222222222,ST JOHN'S A,8403506,8403506.2001.11.30,2001-11-30 00:00:00,NL,2001,11,30,-1.9,,-6.9,,3.1,,5,,3.4,,1.6,,5,,0,,0,,0,,19.9,,,M,,M
-52.742777777777775,47.62222222222222,ST JOHN'S A,8403506,8403506.2001.12.1,2001-12-01 00:00:00,NL,2001,12,1,6.6,,0.9,,12.3,,1.6,,1.6,,0,,2,,25,E,74,E,0,,11.4,,,M,,M
-52.742777777777775,47.62222222222222,ST JOHN'S A,8403506,8403506.2001.12.2,2001-12-02 00:00:00,NL,2001,12,2,3.8,,-1.7,,9.2,,0,,0,,0,,0,,29,,61,,0,,14.2,,,M,,M
-52.742777777777775,47.62222222222222,ST JOHN'S A,8403506,8403506.2001.12.3,2001-12-03 00:00:00,NL,2001,12,3,-0.4,,-1.4,,0.6,,1.6,,0,,1.6,,0,,0,,0,,0,,18.4,,,M,,M
-52.742777777777775,47.62222222222222,ST JOHN'S A,8403506,8403506.2001.12.4,2001-12-04 00:00:00,NL,2001,12,4,-0.5,,-4.9,,4,,2.4,,2.2,,0.2,,0,T,32,E,56,E,0,,18.5,,,M,,M
-52.742777777777775,47.62222222222222,ST JOHN'S A,8403506,8403506.2001.12.5,2001-12-05 00:00:00,NL,2001,12,5,-5.3,,-8.8,,-1.8,,0,,0,,0,,0,T,33,E,56,E,0,,23.3,,,M,,M
-52.742777777777775,47.62222222222222,ST JOHN'S A,8403506,8403506.2001.12.6,2001-12-06 00:00:00,NL,2001,12,6,0.3,,-5.9,,6.5,,12,,9.6,,2.4,,0,T,24,E,46,E,0,,17.7,,,M,,M
-52.742777777777775,47.62222222222222,ST JOHN'S A,8403506,8403506.2001.12.7,2001-12-07 00:00:00,NL,2001,12,7,4.1,,0.4,,7.7,,1.2,,1.2,,0,,0,,29,E,56,E,0,,13.9,,,M,,M
-52.742777777777775,47.62222222222222,ST JOHN'S A,8403506,8403506.2001.12.8,2001-12-08 00:00:00,NL,2001,12,8,-0.6,,-1.9,,0.7,,0,T,0,,0,T,0,,28,E,56,E,0,,18.6,,,M,,M
-52.742777777777775,47.62222222222222,ST JOHN'S A,8403506,8403506.2001.12.9,2001-12-09 00:00:00,NL,2001,12,9,-2,,-2.9,,-1,,0,,0,,0,,0,,31,E,37,E,0,,20,,,M,,M
-52.742777777777775,47.62222222222222,ST JOHN'S A,8403506,8403506.2001.12.10,2001-12-10 00:00:00,NL,2001,12,10,-3.1,,-5.3,,-0.8,,0,,0,,0,,0,,5,E,37,E,0,,21.1,,,M,,M
-52.742777777777775,47.62222222222222,ST JOHN'S A,8403506,8403506.2001.12.11,2001-12-11 00:00:00,NL,2001,12,11,1.7,,-2,,5.3,,0,,0,,0,,0,,25,E,57,E,0,,16.3,,,M,,M
-52.742777777777775,47.62222222222222,ST JOHN'S A,8403506,8403506.2001.12.12,2001-12-12 00:00:00,NL,2001,12,12,-3.3,,-7.1,,0.6,,1.4,,0,,1.4,,0,T,29,E,56,E,0,,21.3,,,M,,M
-52.742777777777775,47.62222222222222,ST JOHN'S A,8403506,8403506.2001.12.13,2001-12-13 00:00:00,NL,2001,12,13,-5.5,,-7.1,,-3.9,,0,T,0,,0,T,0,T,32,,41,,0,,23.5,,,M,,M
-52.742777777777775,47.62222222222222,ST JOHN'S A,8403506,8403506.2001.12.14,2001-12-14 00:00:00,NL,2001,12,14,-1.1,,-4.7,,2.6,,3.8,,0.2,,3.6,,0,T,16,,56,,0,,19.1,,,M,,M
-52.742777777777775,47.62222222222222,ST JOHN'S A,8403506,8403506.2001.12.15,2001-12-15 00:00:00,NL,2001,12,15,-0.7,,-3,,1.7,,4,,0,,4,,0,T,28,E,37,E,0,,18.7,,,M,,M
-52.742777777777775,47.62222222222222,ST JOHN'S A,8403506,8403506.2001.12.16,2001-12-16 00:00:00,NL,2001,12,16,-3.4,,-6.6,,-0.2,,11.7,,1.3,,10.4,,4,,33,E,56,E,0,,21.4,,,M,,M
-52.742777777777775,47.62222222222222,ST JOHN'S A,8403506,8403506.2001.12.17,2001-12-17 00:00:00,NL,2001,12,17,-1.8,,-3.5,,0,,5.6,,0,,5.8,,14,,30,E,57,E,0,,19.8,,,M,,M
-52.742777777777775,47.62222222222222,ST JOHN'S A,8403506,8403506.2001.12.18,2001-12-18 00:00:00,NL,2001,12,18,0.4,,-2.2,,3,,17.8,,17.8,,0,,16,,26,E,57,E,0,,17.6,,,M,,M
-52.742777777777775,47.62222222222222,ST JOHN'S A,8403506,8403506.2001.12.19,2001-12-19 00:00:00,NL,2001,12,19,4.1,,0.7,,7.4,,29.1,,29.1,,0,T,2,,16,E,89,E,0,,13.9,,,M,,M
-52.742777777777775,47.62222222222222,ST JOHN'S A,8403506,8403506.2001.12.20,2001-12-20 00:00:00,NL,2001,12,20,1,,-0.6,,2.6,,0,T,0,,0,T,0,,25,E,48,E,0,,17,,,M,,M
-52.742777777777775,47.62222222222222,ST JOHN'S A,8403506,8403506.2001.12.21,2001-12-21 00:00:00,NL,2001,12,21,3,,0.1,,5.9,,1.5,,1.5,,0,,0,T,16,E,59,E,0,,15,,,M,,M
-52.742777777777775,47.62222222222222,ST JOHN'S A,8403506,8403506.2001.12.22,2001-12-22 00:00:00,NL,2001,12,22,3.8,,1.2,,6.3,,34.6,,34.6,,0,,0,,14,E,43,E,0,,14.2,,,M,,M
-52.742777777777775,47.62222222222222,ST JOHN'S A,8403506,8403506.2001.12.23,2001-12-23 00:00:00,NL,2001,12,23,1.8,,1.1,,2.5,,5.4,,5.4,,0,,0,,0,,0,,0,,16.2,,,M,,M
-52.742777777777775,47.62222222222222,ST JOHN'S A,8403506,8403506.2001.12.24,2001-12-24 00:00:00,NL,2001,12,24,4.4,,2.3,,6.4,,9.5,,9.5,,0,,0,,13,E,39,E,0,,13.6,,,M,,M
-52.742777777777775,47.62222222222222,ST JOHN'S A,8403506,8403506.2001.12.25,2001-12-25 00:00:00,NL,2001,12,25,4.2,,2.8,,5.5,,0,,0,,0,,0,,0,,0,,0,,13.8,,,M,,M
-52.742777777777775,47.62222222222222,ST JOHN'S A,8403506,8403506.2001.12.26,2001-12-26 00:00:00,NL,2001,12,26,5.4,,3.2,,7.6,,23.3,,23.3,,0,,0,,0,,0,,0,,12.6,,,M,,M
-52.742777777777775,47.62222222222222,ST JOHN'S A,8403506,8403506.2001.12.27,2001-12-27 00:00:00,NL,2001,12,27,4.8,,2.4,,7.1,,41.5,,41.5,,0,,0,,24,E,65,E,0,,13.2,,,M,,M
-52.742777777777775,47.62222222222222,ST JOHN'S A,8403506,8403506.2001.12.28,2001-12-28 00:00:00,NL,2001,12,28,0.4,,-2.5,,3.2,,2,,2,,0,T,0,,24,,65,,0,,17.6,,,M,,M
-52.742777777777775,47.62222222222222,ST JOHN'S A,8403506,8403506.2001.12.29,2001-12-29 00:00:00,NL,2001,12,29,1.8,,-0.8,,4.4,,15.7,,10.7,,5,,0,T,24,E,43,E,0,,16.2,,,M,,M
-52.742777777777775,47.62222222222222,ST JOHN'S A,8403506,8403506.2001.12.30,2001-12-30 00:00:00,NL,2001,12,30,-0.2,,-1.2,,0.9,,9.4,,0,,9.4,,0,T,25,E,43,E,0,,18.2,,,M,,M
-52.742777777777775,47.62222222222222,ST JOHN'S A,8403506,8403506.2001.12.31,2001-12-31 00:00:00,NL,2001,12,31,-2.6,,-4.4,,-0.8,,4,,0,,4,,8,,25,E,41,E,0,,20.6,,,M,,M
-52.742777777777775,47.62222222222222,ST JOHN'S A,8403506,8403506.2002.1.1,2002-01-01 00:00:00,NL,2002,1,1,-4.9,,-6.8,,-2.9,,9.8,,0,,9.8,,12,,28,E,46,E,0,,22.9,,,M,,M
-52.742777777777775,47.62222222222222,ST JOHN'S A,8403506,8403506.2002.1.2,2002-01-02 00:00:00,NL,2002,1,2,-5.6,,-7.4,,-3.8,,1.6,,0,,1.6,,18,,28,E,52,E,0,,23.6,,,M,,M
-52.742777777777775,47.62222222222222,ST JOHN'S A,8403506,8403506.2002.1.3,2002-01-03 00:00:00,NL,2002,1,3,-3.1,,-4.7,,-1.4,,1.4,,0,,1.6,,18,,25,E,41,E,0,,21.1,,,M,,M
-52.742777777777775,47.62222222222222,ST JOHN'S A,8403506,8403506.2002.1.4,2002-01-04 00:00:00,NL,2002,1,4,-7.3,,-11.6,,-3,,0.8,,0,,0.8,,19,,30,E,59,E,0,,25.3,,,M,,M
-52.742777777777775,47.62222222222222,ST JOHN'S A,8403506,8403506.2002.1.5,2002-01-05 00:00:00,NL,2002,1,5,-7.3,,-9.8,,-4.8,,0,T,0,,0,T,18,,28,E,74,E,0,,25.3,,,M,,M
-52.742777777777775,47.62222222222222,ST JOHN'S A,8403506,8403506.2002.1.6,2002-01-06 00:00:00,NL,2002,1,6,-4.5,,-6.4,,-2.5,,0,,0,,0,,17,,0,,0,,0,,22.5,,,M,,M
-52.742777777777775,47.62222222222222,ST JOHN'S A,8403506,8403506.2002.1.7,2002-01-07 00:00:00,NL,2002,1,7,2.7,,-3.4,,8.7,,10.5,,9.9,,0.6,,17,,20,E,74,E,0,,15.3,,,M,,M
-52.742777777777775,47.62222222222222,ST JOHN'S A,8403506,8403506.2002.1.8,2002-01-08 00:00:00,NL,2002,1,8,-1.1,,-3.2,,1.1,,5.6,,5.2,,0.4,,2,,,M,,M,0,,19.1,,,M,,M
-52.742777777777775,47.62222222222222,ST JOHN'S A,8403506,8403506.2002.1.9,2002-01-09 00:00:00,NL,2002,1,9,-2.7,,-5.8,,0.4,,2.6,,0,,2.6,,3,,,M,,M,0,,20.7,,,M,,M
-52.742777777777775,47.62222222222222,ST JOHN'S A,8403506,8403506.2002.1.10,2002-01-10 00:00:00,NL,2002,1,10,1.5,,0.3,,2.7,,6.8,,6.8,,0,T,3,,25,E,56,E,0,,16.5,,,M,,M
-52.742777777777775,47.62222222222222,ST JOHN'S A,8403506,8403506.2002.1.11,2002-01-11 00:00:00,NL,2002,1,11,-2.8,,-6.1,,0.5,,1.6,,0,T,1.6,,1,,32,E,50,E,0,,20.8,,,M,,M
-52.742777777777775,47.62222222222222,ST JOHN'S A,8403506,8403506.2002.1.12,2002-01-12 00:00:00,NL,2002,1,12,-3.7,,-5.2,,-2.1,,18.6,,0,T,18.6,,3,,7,E,48,E,0,,21.7,,,M,,M
-52.742777777777775,47.62222222222222,ST JOHN'S A,8403506,8403506.2002.1.13,2002-01-13 00:00:00,NL,2002,1,13,-1.7,,-5.7,,2.4,,3,,2.8,,0.2,,19,,14,E,59,E,0,,19.7,,,M,,M
-52.742777777777775,47.62222222222222,ST JOHN'S A,8403506,8403506.2002.1.14,2002-01-14 00:00:00,NL,2002,1,14,-0.2,,-5.6,,5.3,,14.9,,14.5,,0.4,,8,,28,E,100,E,0,,18.2,,,M,,M
-52.742777777777775,47.62222222222222,ST JOHN'S A,8403506,8403506.2002.1.15,2002-01-15 00:00:00,NL,2002,1,15,-7.3,,-10.2,,-4.4,,0,,0,,0,,5,,28,E,83,E,0,,25.3,,,M,,M
-52.742777777777775,47.62222222222222,ST JOHN'S A,8403506,8403506.2002.1.16,2002-01-16 00:00:00,NL,2002,1,16,-4.3,,-7.9,,-0.6,,39.3,,1.4,,37.9,,12,,,M,,M,0,,22.3,,,M,,M
-52.742777777777775,47.62222222222222,ST JOHN'S A,8403506,8403506.2002.1.17,2002-01-17 00:00:00,NL,2002,1,17,-7.3,,-10.7,,-3.9,,0.2,,0,,0.2,,42,,,M,,M,0,,25.3,,,M,,M
-52.742777777777775,47.62222222222222,ST JOHN'S A,8403506,8403506.2002.1.18,2002-01-18 00:00:00,NL,2002,1,18,-5.8,,-8.5,,-3.1,,6,,0,,6,,42,,0,,0,,0,,23.8,,,M,,M
-52.742777777777775,47.62222222222222,ST JOHN'S A,8403506,8403506.2002.1.19,2002-01-19 00:00:00,NL,2002,1,19,-8.8,,-13.6,,-3.9,,9.2,,0,,9.6,,48,,35,,41,,0,,26.8,,,M,,M
-52.742777777777775,47.62222222222222,ST JOHN'S A,8403506,8403506.2002.1.20,2002-01-20 00:00:00,NL,2002,1,20,-10.7,,-14.5,,-6.8,,4,,0,,4,,52,,4,E,46,E,0,,28.7,,,M,,M
-52.742777777777775,47.62222222222222,ST JOHN'S A,8403506,8403506.2002.1.21,2002-01-21 00:00:00,NL,2002,1,21,-7.7,,-11.4,,-4,,0,T,0,,0,T,55,,33,E,37,E,0,,25.7,,,M,,M
-52.742777777777775,47.62222222222222,ST JOHN'S A,8403506,8403506.2002.1.22,2002-01-22 00:00:00,NL,2002,1,22,-2.3,,-5,,0.4,,25.6,,0,,25.6,,55,,34,E,93,E,0,,20.3,,,M,,M
-52.742777777777775,47.62222222222222,ST JOHN'S A,8403506,8403506.2002.1.23,2002-01-23 00:00:00,NL,2002,1,23,-8.2,,-13.2,,-3.2,,5.8,,0,,5.8,,78,,32,E,111,E,0,,26.2,,,M,,M
-52.742777777777775,47.62222222222222,ST JOHN'S A,8403506,8403506.2002.1.24,2002-01-24 00:00:00,NL,2002,1,24,-9.1,,-12.8,,-5.4,,4,,0,,5,,79,,0,,0,,0,,27.1,,,M,,M
-52.742777777777775,47.62222222222222,ST JOHN'S A,8403506,8403506.2002.1.25,2002-01-25 00:00:00,NL,2002,1,25,-10.2,,-12.1,,-8.2,,0.4,,0,,0.8,,83,,0,,0,,0,,28.2,,,M,,M
-52.742777777777775,47.62222222222222,ST JOHN'S A,8403506,8403506.2002.1.26,2002-01-26 00:00:00,NL,2002,1,26,-10.7,,-12.6,,-8.8,,0,,0,,0,,83,,27,E,69,E,0,,28.7,,,M,,M
-52.742777777777775,47.62222222222222,ST JOHN'S A,8403506,8403506.2002.1.27,2002-01-27 00:00:00,NL,2002,1,27,-12.2,,-13.4,,-11,,0,,0,,0,,83,,30,E,76,E,0,,30.2,,,M,,M
-52.742777777777775,47.62222222222222,ST JOHN'S A,8403506,8403506.2002.1.28,2002-01-28 00:00:00,NL,2002,1,28,-9.3,,-13.6,,-5,,1,,0,,1,,83,,29,,52,,0,,27.3,,,M,,M
-52.742777777777775,47.62222222222222,ST JOHN'S A,8403506,8403506.2002.1.29,2002-01-29 00:00:00,NL,2002,1,29,-3.6,,-6.7,,-0.4,,2.6,,0.2,,2.4,,83,,0,,0,,0,,21.6,,,M,,M
-52.742777777777775,47.62222222222222,ST JOHN'S A,8403506,8403506.2002.1.30,2002-01-30 00:00:00,NL,2002,1,30,-12.2,,-17.7,,-6.7,,2.8,,0,,3.2,,83,,31,E,41,E,0,,30.2,,,M,,M
-52.742777777777775,47.62222222222222,ST JOHN'S A,8403506,8403506.2002.1.31,2002-01-31 00:00:00,NL,2002,1,31,-16.2,,-18.7,,-13.7,,0,,0,,0,,83,,30,E,83,E,0,,34.2,,,M,,M
-52.742777777777775,47.62222222222222,ST JOHN'S A,8403506,8403506.2002.2.1,2002-02-01 00:00:00,NL,2002,2,1,-12.3,,-16.3,,-8.3,,0,,0,,0,,82,,28,E,76,E,0,,30.3,,,M,,M
-52.742777777777775,47.62222222222222,ST JOHN'S A,8403506,8403506.2002.2.2,2002-02-02 00:00:00,NL,2002,2,2,-5.3,,-10.5,,0,,8.4,,0,T,8.4,,85,,27,E,96,E,0,,23.3,,,M,,M
-52.742777777777775,47.62222222222222,ST JOHN'S A,8403506,8403506.2002.2.3,2002-02-03 00:00:00,NL,2002,2,3,-9.2,,-11.1,,-7.3,,0.4,,0,,0.4,,87,,27,E,111,E,0,,27.2,,,M,,M
-52.742777777777775,47.62222222222222,ST JOHN'S A,8403506,8403506.2002.2.4,2002-02-04 00:00:00,NL,2002,2,4,-7.6,,-11,,-4.2,,0,T,0,,0,T,87,,29,E,50,E,0,,25.6,,,M,,M
-52.742777777777775,47.62222222222222,ST JOHN'S A,8403506,8403506.2002.2.5,2002-02-05 00:00:00,NL,2002,2,5,-3.4,,-5,,-1.8,,16.1,,0,T,16.1,,92,,5,E,67,E,0,,21.4,,,M,,M
-52.742777777777775,47.62222222222222,ST JOHN'S A,8403506,8403506.2002.2.6,2002-02-06 00:00:00,NL,2002,2,6,-4.9,,-7.2,,-2.5,,0,T,0,T,0,T,100,,,M,,M,0,,22.9,,,M,,M
-52.742777777777775,47.62222222222222,ST JOHN'S A,8403506,8403506.2002.2.7,2002-02-07 00:00:00,NL,2002,2,7,-11.5,,-15.8,,-7.2,,0,T,0,,0,T,100,,,M,,M,0,,29.5,,,M,,M
-52.742777777777775,47.62222222222222,ST JOHN'S A,8403506,8403506.2002.2.8,2002-02-08 00:00:00,NL,2002,2,8,-12.3,,-16.2,,-8.4,,19.2,,0,,19.2,,99,,34,,52,,0,,30.3,,,M,,M
-52.742777777777775,47.62222222222222,ST JOHN'S A,8403506,8403506.2002.2.9,2002-02-09 00:00:00,NL,2002,2,9,-9.9,,-11.3,,-8.4,,3.2,,0,,4.2,,116,,29,E,56,E,0,,27.9,,,M,,M
-52.742777777777775,47.62222222222222,ST JOHN'S A,8403506,8403506.2002.2.10,2002-02-10 00:00:00,NL,2002,2,10,-4.6,,-8.4,,-0.7,,1.4,,0,,1.4,,119,,32,E,46,E,0,,22.6,,,M,,M
-52.742777777777775,47.62222222222222,ST JOHN'S A,8403506,8403506.2002.2.11,2002-02-11 00:00:00,NL,2002,2,11,-2.2,,-10.3,,5.9,,21.8,,17.6,,4.2,,118,,18,E,93,E,0,,20.2,,,M,,M
-52.742777777777775,47.62222222222222,ST JOHN'S A,8403506,8403506.2002.2.12,2002-02-12 00:00:00,NL,2002,2,12,-12.9,,-15.7,,-10,,0.3,,0,,0.2,,100,,34,E,56,E,0,,30.9,,,M,,M
-52.742777777777775,47.62222222222222,ST JOHN'S A,8403506,8403506.2002.2.13,2002-02-13 00:00:00,NL,2002,2,13,-4.6,,-10.8,,1.6,,8.8,,0.4,,8.4,,95,,18,E,67,E,0,,22.6,,,M,,M
-52.742777777777775,47.62222222222222,ST JOHN'S A,8403506,8403506.2002.2.14,2002-02-14 00:00:00,NL,2002,2,14,-7,,-12.2,,-1.7,,0,T,0,,0,T,100,,27,E,67,E,0,,25,,,M,,M
-52.742777777777775,47.62222222222222,ST JOHN'S A,8403506,8403506.2002.2.15,2002-02-15 00:00:00,NL,2002,2,15,-6.4,,-13.6,,0.8,,0,,0,,0,,96,,22,E,59,E,0,,24.4,,,M,,M
-52.742777777777775,47.62222222222222,ST JOHN'S A,8403506,8403506.2002.2.16,2002-02-16 00:00:00,NL,2002,2,16,2.7,,0.7,,4.7,,0.3,,0.3,,0,,86,,24,E,63,E,0,,15.3,,,M,,M
-52.742777777777775,47.62222222222222,ST JOHN'S A,8403506,8403506.2002.2.17,2002-02-17 00:00:00,NL,2002,2,17,1.6,,-1.3,,4.4,,8,,8,,0,,76,,19,,89,,0,,16.4,,,M,,M
-52.742777777777775,47.62222222222222,ST JOHN'S A,8403506,8403506.2002.2.18,2002-02-18 00:00:00,NL,2002,2,18,-2.6,,-3.8,,-1.3,,5.2,,5.2,,0,,50,,3,,56,,0,,20.6,,,M,,M
-52.742777777777775,47.62222222222222,ST JOHN'S A,8403506,8403506.2002.2.19,2002-02-19 00:00:00,NL,2002,2,19,-0.3,,-2.4,,1.9,,1.7,,1.7,,0,,40,,4,E,50,E,0,,18.3,,,M,,M
-52.742777777777775,47.62222222222222,ST JOHN'S A,8403506,8403506.2002.2.20,2002-02-20 00:00:00,NL,2002,2,20,-0.8,,-3.6,,2,,2.6,,2.6,,0,,32,,36,E,41,E,0,,18.8,,,M,,M
-52.742777777777775,47.62222222222222,ST JOHN'S A,8403506,8403506.2002.2.21,2002-02-21 00:00:00,NL,2002,2,21,-2.3,,-3.5,,-1.1,,0.6,,0.6,,0,,32,,0,,0,,0,,20.3,,,M,,M
-52.742777777777775,47.62222222222222,ST JOHN'S A,8403506,8403506.2002.2.22,2002-02-22 00:00:00,NL,2002,2,22,0.9,,-1.4,,3.1,,0,T,0,T,0,,30,,25,E,37,E,0,,17.1,,,M,,M
-52.742777777777775,47.62222222222222,ST JOHN'S A,8403506,8403506.2002.2.23,2002-02-23 00:00:00,NL,2002,2,23,-0.5,,-2.6,,1.7,,0,T,0,,0,T,22,,28,E,61,E,0,,18.5,,,M,,M
-52.742777777777775,47.62222222222222,ST JOHN'S A,8403506,8403506.2002.2.24,2002-02-24 00:00:00,NL,2002,2,24,-4.8,,-7.2,,-2.3,,0.2,,0,T,0.2,,20,,29,E,46,E,0,,22.8,,,M,,M
-52.742777777777775,47.62222222222222,ST JOHN'S A,8403506,8403506.2002.2.25,2002-02-25 00:00:00,NL,2002,2,25,-7.8,,-10.6,,-4.9,,0,T,0,,0,T,20,,32,E,44,E,0,,25.8,,,M,,M
-52.742777777777775,47.62222222222222,ST JOHN'S A,8403506,8403506.2002.2.26,2002-02-26 00:00:00,NL,2002,2,26,-5.8,,-11,,-0.5,,0,T,0,,0,T,19,,0,,0,,0,,23.8,,,M,,M
-52.742777777777775,47.62222222222222,ST JOHN'S A,8403506,8403506.2002.2.27,2002-02-27 00:00:00,NL,2002,2,27,-1.4,,-4.1,,1.3,,0,,0,,0,,17,,17,,59,,0,,19.4,,,M,,M
-52.742777777777775,47.62222222222222,ST JOHN'S A,8403506,8403506.2002.2.28,2002-02-28 00:00:00,NL,2002,2,28,2.3,,-0.5,,5.1,,9,,8.8,,0.2,,14,,20,,69,,0,,15.7,,,M,,M
-52.742777777777775,47.62222222222222,ST JOHN'S A,8403506,8403506.2002.3.1,2002-03-01 00:00:00,NL,2002,3,1,-3.1,,-6.7,,0.6,,0,,0,,0,,10,,,M,,M,0,,21.1,,,M,,M
-52.742777777777775,47.62222222222222,ST JOHN'S A,8403506,8403506.2002.3.2,2002-03-02 00:00:00,NL,2002,3,2,-4,,-7.6,,-0.3,,0,T,0,,0,T,9,,29,E,33,E,0,,22,,,M,,M
-52.742777777777775,47.62222222222222,ST JOHN'S A,8403506,8403506.2002.3.3,2002-03-03 00:00:00,NL,2002,3,3,-2.6,,-7.2,,2.1,,1.2,,1.2,,0,,9,,19,E,65,E,0,,20.6,,,M,,M
-52.742777777777775,47.62222222222222,ST JOHN'S A,8403506,8403506.2002.3.4,2002-03-04 00:00:00,NL,2002,3,4,5.3,,0.4,,10.1,,19.1,,19.1,,0,,6,,21,E,93,E,0,,12.7,,,M,,M
-52.742777777777775,47.62222222222222,ST JOHN'S A,8403506,8403506.2002.3.5,2002-03-05 00:00:00,NL,2002,3,5,-4.1,,-8.8,,0.7,,2.8,,0.4,,2,,4,,26,E,61,E,0,,22.1,,,M,,M
-52.742777777777775,47.62222222222222,ST JOHN'S A,8403506,8403506.2002.3.6,2002-03-06 00:00:00,NL,2002,3,6,-7,,-10.3,,-3.7,,0.6,,0,,0.6,,4,,27,E,56,E,0,,25,,,M,,M
-52.742777777777775,47.62222222222222,ST JOHN'S A,8403506,8403506.2002.3.7,2002-03-07 00:00:00,NL,2002,3,7,-7.7,,-12.6,,-2.8,,1,,0,,1,,5,,14,E,33,E,0,,25.7,,,M,,M
-52.742777777777775,47.62222222222222,ST JOHN'S A,8403506,8403506.2002.3.8,2002-03-08 00:00:00,NL,2002,3,8,-6.7,,-14.2,,0.9,,0,T,0,,0,T,6,,29,E,69,E,0,,24.7,,,M,,M
-52.742777777777775,47.62222222222222,ST JOHN'S A,8403506,8403506.2002.3.9,2002-03-09 00:00:00,NL,2002,3,9,-9.2,,-14.1,,-4.2,,0,,0,,0,,6,,30,,48,,0,,27.2,,,M,,M
-52.742777777777775,47.62222222222222,ST JOHN'S A,8403506,8403506.2002.3.10,2002-03-10 00:00:00,NL,2002,3,10,-0.8,,-7.4,,5.9,,0,T,0,T,0,,6,,18,,54,,0,,18.8,,,M,,M
-52.742777777777775,47.62222222222222,ST JOHN'S A,8403506,8403506.2002.3.11,2002-03-11 00:00:00,NL,2002,3,11,0.6,,-7.9,,9,,4.6,,3.8,,0.8,,2,,21,E,74,E,0,,17.4,,,M,,M
-52.742777777777775,47.62222222222222,ST JOHN'S A,8403506,8403506.2002.3.12,2002-03-12 00:00:00,NL,2002,3,12,-4,,-7.1,,-0.9,,0.2,,0,,0.2,,2,,26,E,65,E,0,,22,,,M,,M
-52.742777777777775,47.62222222222222,ST JOHN'S A,8403506,8403506.2002.3.13,2002-03-13 00:00:00,NL,2002,3,13,-2.7,,-6.6,,1.3,,0.4,,0,,0.4,,2,,21,E,39,E,0,,20.7,,,M,,M
-52.742777777777775,47.62222222222222,ST JOHN'S A,8403506,8403506.2002.3.14,2002-03-14 00:00:00,NL,2002,3,14,1.7,,-3.6,,7,,36.8,,36.8,,0,T,1,,20,E,56,E,0,,16.3,,,M,,M
-52.742777777777775,47.62222222222222,ST JOHN'S A,8403506,8403506.2002.3.15,2002-03-15 00:00:00,NL,2002,3,15,-5,,-7.9,,-2.1,,0,,0,,0,,0,T,28,E,120,E,0,,23,,,M,,M
-52.742777777777775,47.62222222222222,ST JOHN'S A,8403506,8403506.2002.3.16,2002-03-16 00:00:00,NL,2002,3,16,-3.9,,-7.6,,-0.2,,0,,0,,0,,0,T,28,E,87,E,0,,21.9,,,M,,M
-52.742777777777775,47.62222222222222,ST JOHN'S A,8403506,8403506.2002.3.17,2002-03-17 00:00:00,NL,2002,3,17,-2,,-3.2,,-0.8,,9,,0.2,,8.8,,0,T,33,E,74,E,0,,20,,,M,,M
-52.742777777777775,47.62222222222222,ST JOHN'S A,8403506,8403506.2002.3.18,2002-03-18 00:00:00,NL,2002,3,18,-3.1,,-4.2,,-2,,15.2,,0,,15.2,,8,,33,E,82,E,0,,21.1,,,M,,M
-52.742777777777775,47.62222222222222,ST JOHN'S A,8403506,8403506.2002.3.19,2002-03-19 00:00:00,NL,2002,3,19,-4.7,,-5.4,,-3.9,,1.2,,0.4,,0.8,,20,,35,,65,,0,,22.7,,,M,,M
-52.742777777777775,47.62222222222222,ST JOHN'S A,8403506,8403506.2002.3.20,2002-03-20 00:00:00,NL,2002,3,20,-4.3,,-6.1,,-2.5,,1.4,,0,,1.4,,16,,36,E,59,E,0,,22.3,,,M,,M
-52.742777777777775,47.62222222222222,ST JOHN'S A,8403506,8403506.2002.3.21,2002-03-21 00:00:00,NL,2002,3,21,-3.5,,-6.4,,-0.6,,0,,0,,0,,14,,0,,0,,0,,21.5,,,M,,M
-52.742777777777775,47.62222222222222,ST JOHN'S A,8403506,8403506.2002.3.22,2002-03-22 00:00:00,NL,2002,3,22,-1.2,,-3.6,,1.3,,9.9,,5.7,,4.2,,11,,,M,,M,0,,19.2,,,M,,M
-52.742777777777775,47.62222222222222,ST JOHN'S A,8403506,8403506.2002.3.23,2002-03-23 00:00:00,NL,2002,3,23,-3.3,,-7,,0.4,,5.4,,0,,5.4,,9,,26,E,96,E,0,,21.3,,,M,,M
-52.742777777777775,47.62222222222222,ST JOHN'S A,8403506,8403506.2002.3.24,2002-03-24 00:00:00,NL,2002,3,24,-0.6,,-3.8,,2.6,,5.8,,0,,5.8,,12,,24,E,74,E,0,,18.6,,,M,,M
-52.742777777777775,47.62222222222222,ST JOHN'S A,8403506,8403506.2002.3.25,2002-03-25 00:00:00,NL,2002,3,25,-5.3,,-9.8,,-0.7,,2.4,,0,,2.4,,9,,24,E,54,E,0,,23.3,,,M,,M
-52.742777777777775,47.62222222222222,ST JOHN'S A,8403506,8403506.2002.3.26,2002-03-26 00:00:00,NL,2002,3,26,-4.7,,-10.3,,1,,0,T,0,,0,T,10,,29,E,56,E,0,,22.7,,,M,,M
-52.742777777777775,47.62222222222222,ST JOHN'S A,8403506,8403506.2002.3.27,2002-03-27 00:00:00,NL,2002,3,27,-2.3,,-8,,3.5,,0,T,0,,0,T,8,,18,E,52,E,0,,20.3,,,M,,M
-52.742777777777775,47.62222222222222,ST JOHN'S A,8403506,8403506.2002.3.28,2002-03-28 00:00:00,NL,2002,3,28,6.3,,1.6,,10.9,,21.8,,21.8,,0,,3,,21,E,67,E,0,,11.7,,,M,,M
-52.742777777777775,47.62222222222222,ST JOHN'S A,8403506,8403506.2002.3.29,2002-03-29 00:00:00,NL,2002,3,29,4.2,,-1.1,,9.4,,0.8,,0.8,,0,,0,T,27,,56,,0,,13.8,,,M,,M
-52.742777777777775,47.62222222222222,ST JOHN'S A,8403506,8403506.2002.3.30,2002-03-30 00:00:00,NL,2002,3,30,-1.3,,-3.3,,0.8,,0,,0,,0,,0,T,30,,37,,0,,19.3,,,M,,M
-52.742777777777775,47.62222222222222,ST JOHN'S A,8403506,8403506.2002.3.31,2002-03-31 00:00:00,NL,2002,3,31,1.2,,-1.9,,4.3,,0.4,,0.4,,0,,0,T,18,E,61,E,0,,16.8,,,M,,M
-52.742777777777775,47.62222222222222,ST JOHN'S A,8403506,8403506.2002.4.1,2002-04-01 00:00:00,NL,2002,4,1,3.6,,-0.3,,7.4,,0.6,,0.2,,0.4,,0,T,14,E,56,E,0,,14.4,,,M,,M
-52.742777777777775,47.62222222222222,ST JOHN'S A,8403506,8403506.2002.4.2,2002-04-02 00:00:00,NL,2002,4,2,4.6,,-0.2,,9.3,,0.6,,0.6,,0,,0,T,26,E,80,E,0,,13.4,,,M,,M
-52.742777777777775,47.62222222222222,ST JOHN'S A,8403506,8403506.2002.4.3,2002-04-03 00:00:00,NL,2002,4,3,3.6,,-0.3,,7.5,,0,,0,,0,,0,T,27,E,67,E,0,,14.4,,,M,,M
-52.742777777777775,47.62222222222222,ST JOHN'S A,8403506,8403506.2002.4.4,2002-04-04 00:00:00,NL,2002,4,4,7.4,,-0.5,,15.3,,5.6,,5.6,,0,,0,T,18,E,63,E,0,,10.6,,,M,,M
-52.742777777777775,47.62222222222222,ST JOHN'S A,8403506,8403506.2002.4.5,2002-04-05 00:00:00,NL,2002,4,5,2.1,,-3,,7.2,,0,,0,,0,,0,T,26,E,56,E,0,,15.9,,,M,,M
-52.742777777777775,47.62222222222222,ST JOHN'S A,8403506,8403506.2002.4.6,2002-04-06 00:00:00,NL,2002,4,6,-0.6,,-3.1,,1.9,,10,,0,,10,,0,T,3,E,44,E,0,,18.6,,,M,,M
-52.742777777777775,47.62222222222222,ST JOHN'S A,8403506,8403506.2002.4.7,2002-04-07 00:00:00,NL,2002,4,7,-0.7,,-1.8,,0.4,,3.6,,1.6,,2,,6,,4,E,43,E,0,,18.7,,,M,,M
-52.742777777777775,47.62222222222222,ST JOHN'S A,8403506,8403506.2002.4.8,2002-04-08 00:00:00,NL,2002,4,8,-1.5,,-3.5,,0.6,,0.2,,0,,0.2,,2,,32,E,35,E,0,,19.5,,,M,,M
-52.742777777777775,47.62222222222222,ST JOHN'S A,8403506,8403506.2002.4.9,2002-04-09 00:00:00,NL,2002,4,9,0.7,,-3.6,,5,,0,,0,,0,,0,T,18,E,37,E,0,,17.3,,,M,,M
-52.742777777777775,47.62222222222222,ST JOHN'S A,8403506,8403506.2002.4.10,2002-04-10 00:00:00,NL,2002,4,10,3.3,,-1.4,,8,,0.6,,0.6,,0,,0,T,22,E,56,E,0,,14.7,,,M,,M
-52.742777777777775,47.62222222222222,ST JOHN'S A,8403506,8403506.2002.4.11,2002-04-11 00:00:00,NL,2002,4,11,-0.9,,-5,,3.3,,0,T,0,T,0,,0,T,0,,0,,0,,18.9,,,M,,M
-52.742777777777775,47.62222222222222,ST JOHN'S A,8403506,8403506.2002.4.12,2002-04-12 00:00:00,NL,2002,4,12,1.3,,-5.2,,7.8,,0,T,0,T,0,,0,T,27,E,46,E,0,,16.7,,,M,,M
-52.742777777777775,47.62222222222222,ST JOHN'S A,8403506,8403506.2002.4.13,2002-04-13 00:00:00,NL,2002,4,13,4.3,,0.8,,7.8,,1.8,,1.8,,0,,0,,26,E,76,E,0,,13.7,,,M,,M
-52.742777777777775,47.62222222222222,ST JOHN'S A,8403506,8403506.2002.4.14,2002-04-14 00:00:00,NL,2002,4,14,0.8,,-2.3,,3.9,,0,,0,,0,,0,,0,,0,,0,,17.2,,,M,,M
-52.742777777777775,47.62222222222222,ST JOHN'S A,8403506,8403506.2002.4.15,2002-04-15 00:00:00,NL,2002,4,15,-0.4,,-2.8,,2,,0,T,0,,0,T,0,,0,,0,,0,,18.4,,,M,,M
-52.742777777777775,47.62222222222222,ST JOHN'S A,8403506,8403506.2002.4.16,2002-04-16 00:00:00,NL,2002,4,16,0.1,,-1.8,,1.9,,14.1,,6.3,,7.8,,3,,33,E,37,E,0,,17.9,,,M,,M
-52.742777777777775,47.62222222222222,ST JOHN'S A,8403506,8403506.2002.4.17,2002-04-17 00:00:00,NL,2002,4,17,-1.2,,-5.9,,3.6,,2.8,,1,,1.8,,1,,34,E,70,E,0,,19.2,,,M,,M
-52.742777777777775,47.62222222222222,ST JOHN'S A,8403506,8403506.2002.4.18,2002-04-18 00:00:00,NL,2002,4,18,-1.8,,-5.1,,1.5,,0,T,0,,0,T,0,T,30,,56,,0,,19.8,,,M,,M
-52.742777777777775,47.62222222222222,ST JOHN'S A,8403506,8403506.2002.4.19,2002-04-19 00:00:00,NL,2002,4,19,-0.7,,-3.8,,2.4,,0,,0,,0,,0,T,31,,59,,0,,18.7,,,M,,M
-52.742777777777775,47.62222222222222,ST JOHN'S A,8403506,8403506.2002.4.20,2002-04-20 00:00:00,NL,2002,4,20,2.2,,-2.4,,6.7,,1.2,,1.2,,0,T,0,T,29,E,56,E,0,,15.8,,,M,,M
-52.742777777777775,47.62222222222222,ST JOHN'S A,8403506,8403506.2002.4.21,2002-04-21 00:00:00,NL,2002,4,21,0.7,,-2.9,,4.3,,0,T,0,,0,T,0,T,25,E,56,E,0,,17.3,,,M,,M
-52.742777777777775,47.62222222222222,ST JOHN'S A,8403506,8403506.2002.4.22,2002-04-22 00:00:00,NL,2002,4,22,1.8,,-2.4,,5.9,,0.4,,0,,0.4,,0,T,32,E,59,E,0,,16.2,,,M,,M
-52.742777777777775,47.62222222222222,ST JOHN'S A,8403506,8403506.2002.4.23,2002-04-23 00:00:00,NL,2002,4,23,-0.6,,-2.6,,1.4,,25.6,,0,,25.6,,0,,6,E,59,E,0,,18.6,,,M,,M
-52.742777777777775,47.62222222222222,ST JOHN'S A,8403506,8403506.2002.4.24,2002-04-24 00:00:00,NL,2002,4,24,-0.3,,-1,,0.4,,13.2,,0,,13.2,,30,,3,E,65,E,0,,18.3,,,M,,M
-52.742777777777775,47.62222222222222,ST JOHN'S A,8403506,8403506.2002.4.25,2002-04-25 00:00:00,NL,2002,4,25,0.2,,-1.3,,1.6,,0,,0,,0,,25,,0,,0,,0,,17.8,,,M,,M
-52.742777777777775,47.62222222222222,ST JOHN'S A,8403506,8403506.2002.4.26,2002-04-26 00:00:00,NL,2002,4,26,2.1,,-2.1,,6.2,,0.9,,0.9,,0,,15,,14,E,59,E,0,,15.9,,,M,,M
-52.742777777777775,47.62222222222222,ST JOHN'S A,8403506,8403506.2002.4.27,2002-04-27 00:00:00,NL,2002,4,27,2.9,,-0.1,,5.8,,0.3,,0.3,,0,,3,,24,,56,,0,,15.1,,,M,,M
-52.742777777777775,47.62222222222222,ST JOHN'S A,8403506,8403506.2002.4.28,2002-04-28 00:00:00,NL,2002,4,28,1.3,,-1.5,,4.1,,0,T,0,T,0,T,0,T,27,,74,,0,,16.7,,,M,,M
-52.742777777777775,47.62222222222222,ST JOHN'S A,8403506,8403506.2002.4.29,2002-04-29 00:00:00,NL,2002,4,29,1.8,,-1.6,,5.1,,9.6,,4,,5.6,,0,T,14,,46,,0,,16.2,,,M,,M
-52.742777777777775,47.62222222222222,ST JOHN'S A,8403506,8403506.2002.4.30,2002-04-30 00:00:00,NL,2002,4,30,8.8,,1.8,,15.8,,0,T,0,T,0,,0,T,23,E,50,E,0,,9.2,,,M,,M
-52.742777777777775,47.62222222222222,ST JOHN'S A,8403506,8403506.2002.5.1,2002-05-01 00:00:00,NL,2002,5,1,4.3,,-0.2,,8.8,,1,,0,T,1,,0,T,25,E,56,E,0,,13.7,,,M,,M
-52.742777777777775,47.62222222222222,ST JOHN'S A,8403506,8403506.2002.5.2,2002-05-02 00:00:00,NL,2002,5,2,5.3,,-0.3,,10.9,,0,T,0,T,0,T,0,T,26,E,50,E,0,,12.7,,,M,,M
-52.742777777777775,47.62222222222222,ST JOHN'S A,8403506,8403506.2002.5.3,2002-05-03 00:00:00,NL,2002,5,3,4.2,,-0.2,,8.6,,24.6,,18.4,,6.2,,4,,24,E,85,E,0,,13.8,,,M,,M
-52.742777777777775,47.62222222222222,ST JOHN'S A,8403506,8403506.2002.5.4,2002-05-04 00:00:00,NL,2002,5,4,4,,0.4,,7.6,,0.8,,0.8,,0,T,0,T,24,E,85,E,0,,14,,,M,,M
-52.742777777777775,47.62222222222222,ST JOHN'S A,8403506,8403506.2002.5.5,2002-05-05 00:00:00,NL,2002,5,5,2.9,,-0.8,,6.5,,0,,0,,0,,0,T,17,E,32,E,0,,15.1,,,M,,M
-52.742777777777775,47.62222222222222,ST JOHN'S A,8403506,8403506.2002.5.6,2002-05-06 00:00:00,NL,2002,5,6,6.2,,0.1,,12.3,,0,,0,,0,,0,,27,E,37,E,0,,11.8,,,M,,M
-52.742777777777775,47.62222222222222,ST JOHN'S A,8403506,8403506.2002.5.7,2002-05-07 00:00:00,NL,2002,5,7,7.1,,0.3,,13.8,,0,,0,,0,,0,,26,E,32,E,0,,10.9,,,M,,M
-52.742777777777775,47.62222222222222,ST JOHN'S A,8403506,8403506.2002.5.8,2002-05-08 00:00:00,NL,2002,5,8,7.7,,1.1,,14.3,,1.2,,1.2,,0,,0,,17,,46,,0,,10.3,,,M,,M
-52.742777777777775,47.62222222222222,ST JOHN'S A,8403506,8403506.2002.5.9,2002-05-09 00:00:00,NL,2002,5,9,4.2,,-1.7,,10.1,,0,,0,,0,,0,,28,,56,,0,,13.8,,,M,,M
-52.742777777777775,47.62222222222222,ST JOHN'S A,8403506,8403506.2002.5.10,2002-05-10 00:00:00,NL,2002,5,10,3.9,,-1.5,,9.3,,8.2,,8.2,,0,,0,,18,,43,,0,,14.1,,,M,,M
-52.742777777777775,47.62222222222222,ST JOHN'S A,8403506,8403506.2002.5.11,2002-05-11 00:00:00,NL,2002,5,11,8.9,,3.2,,14.5,,1.8,,1.8,,0,,0,,26,E,63,E,0,,9.1,,,M,,M
-52.742777777777775,47.62222222222222,ST JOHN'S A,8403506,8403506.2002.5.12,2002-05-12 00:00:00,NL,2002,5,12,7.6,,1.4,,13.8,,0.2,,0.2,,0,,0,,33,,44,,0,,10.4,,,M,,M
-52.742777777777775,47.62222222222222,ST JOHN'S A,8403506,8403506.2002.5.13,2002-05-13 00:00:00,NL,2002,5,13,1.4,,-3.8,,6.5,,0.6,,0.2,,0.4,,0,,0,,0,,0,,16.6,,,M,,M
-52.742777777777775,47.62222222222222,ST JOHN'S A,8403506,8403506.2002.5.14,2002-05-14 00:00:00,NL,2002,5,14,1.9,,-3.6,,7.3,,0,,0,,0,,0,,0,,0,,0,,16.1,,,M,,M
-52.742777777777775,47.62222222222222,ST JOHN'S A,8403506,8403506.2002.5.15,2002-05-15 00:00:00,NL,2002,5,15,2.6,,-0.2,,5.4,,14.3,,14.3,,0,,0,,15,E,78,E,0,,15.4,,,M,,M
-52.742777777777775,47.62222222222222,ST JOHN'S A,8403506,8403506.2002.5.16,2002-05-16 00:00:00,NL,2002,5,16,6.4,,2.8,,9.9,,2.3,,2.3,,0,,0,,27,E,44,E,0,,11.6,,,M,,M
-52.742777777777775,47.62222222222222,ST JOHN'S A,8403506,8403506.2002.5.17,2002-05-17 00:00:00,NL,2002,5,17,7.6,,2.4,,12.8,,0,T,0,T,0,,0,,26,E,50,E,0,,10.4,,,M,,M
-52.742777777777775,47.62222222222222,ST JOHN'S A,8403506,8403506.2002.5.18,2002-05-18 00:00:00,NL,2002,5,18,8.9,,3.5,,14.3,,0,T,0,T,0,,0,,29,E,46,E,0,,9.1,,,M,,M
-52.742777777777775,47.62222222222222,ST JOHN'S A,8403506,8403506.2002.5.19,2002-05-19 00:00:00,NL,2002,5,19,5.5,,2,,8.9,,0.4,,0.4,,0,,0,,26,E,61,E,0,,12.5,,,M,,M
-52.742777777777775,47.62222222222222,ST JOHN'S A,8403506,8403506.2002.5.20,2002-05-20 00:00:00,NL,2002,5,20,7.3,,1.8,,12.7,,0,,0,,0,,0,,28,E,61,E,0,,10.7,,,M,,M
-52.742777777777775,47.62222222222222,ST JOHN'S A,8403506,8403506.2002.5.21,2002-05-21 00:00:00,NL,2002,5,21,4.6,,1.9,,7.2,,5.2,,5.2,,0,,0,,0,,0,,0,,13.4,,,M,,M
-52.742777777777775,47.62222222222222,ST JOHN'S A,8403506,8403506.2002.5.22,2002-05-22 00:00:00,NL,2002,5,22,7.8,,2.3,,13.2,,0.6,,0.6,,0,,0,,30,E,59,E,0,,10.2,,,M,,M
-52.742777777777775,47.62222222222222,ST JOHN'S A,8403506,8403506.2002.5.23,2002-05-23 00:00:00,NL,2002,5,23,11.5,,3.5,,19.4,,0,,0,,0,,0,,26,E,72,E,0,,6.5,,,M,,M
-52.742777777777775,47.62222222222222,ST JOHN'S A,8403506,8403506.2002.5.24,2002-05-24 00:00:00,NL,2002,5,24,11.9,,5.1,,18.6,,0.8,,0.8,,0,,0,,25,E,83,E,0,,6.1,,,M,,M
-52.742777777777775,47.62222222222222,ST JOHN'S A,8403506,8403506.2002.5.25,2002-05-25 00:00:00,NL,2002,5,25,8.3,,0.8,,15.8,,18.2,,18.2,,0,,0,,21,E,59,E,0,,9.7,,,M,,M
-52.742777777777775,47.62222222222222,ST JOHN'S A,8403506,8403506.2002.5.26,2002-05-26 00:00:00,NL,2002,5,26,7,,0.5,,13.5,,0,,0,,0,,0,,26,E,46,E,0,,11,,,M,,M
-52.742777777777775,47.62222222222222,ST JOHN'S A,8403506,8403506.2002.5.27,2002-05-27 00:00:00,NL,2002,5,27,9.9,,4.8,,15,,0,T,0,T,0,,0,,25,E,59,E,0,,8.1,,,M,,M
-52.742777777777775,47.62222222222222,ST JOHN'S A,8403506,8403506.2002.5.28,2002-05-28 00:00:00,NL,2002,5,28,9.8,,5.4,,14.1,,19.3,,19.3,,0,,0,,0,,0,,0,,8.2,,,M,,M
-52.742777777777775,47.62222222222222,ST JOHN'S A,8403506,8403506.2002.5.29,2002-05-29 00:00:00,NL,2002,5,29,11.6,,5.7,,17.5,,0,,0,,0,,0,,26,E,50,E,0,,6.4,,,M,,M
-52.742777777777775,47.62222222222222,ST JOHN'S A,8403506,8403506.2002.5.30,2002-05-30 00:00:00,NL,2002,5,30,14.2,,8.8,,19.6,,0,,0,,0,,0,,,M,,M,0,,3.8,,,M,,M
-52.742777777777775,47.62222222222222,ST JOHN'S A,8403506,8403506.2002.5.31,2002-05-31 00:00:00,NL,2002,5,31,15.1,,11,,19.2,,2.2,,2.2,,0,,0,,25,E,46,E,0,,2.9,,,M,,M
-52.742777777777775,47.62222222222222,ST JOHN'S A,8403506,8403506.2002.6.1,2002-06-01 00:00:00,NL,2002,6,1,14.6,,10.7,,18.5,,1.6,,1.6,,0,,0,,22,E,41,E,0,,3.4,,,M,,M
-52.742777777777775,47.62222222222222,ST JOHN'S A,8403506,8403506.2002.6.2,2002-06-02 00:00:00,NL,2002,6,2,17.1,,9.8,,24.4,,0,,0,,0,,0,,22,E,43,E,0,,0.9,,,M,,M
-52.742777777777775,47.62222222222222,ST JOHN'S A,8403506,8403506.2002.6.3,2002-06-03 00:00:00,NL,2002,6,3,10.4,,5,,15.7,,4.9,,4.9,,0,,0,,20,E,43,E,0,,7.6,,,M,,M
-52.742777777777775,47.62222222222222,ST JOHN'S A,8403506,8403506.2002.6.4,2002-06-04 00:00:00,NL,2002,6,4,8.5,,3,,14,,0,,0,,0,,0,,,M,,M,0,,9.5,,,M,,M
-52.742777777777775,47.62222222222222,ST JOHN'S A,8403506,8403506.2002.6.5,2002-06-05 00:00:00,NL,2002,6,5,10.9,,3.7,,18.1,,0,T,0,T,0,,0,,,M,,M,0,,7.1,,,M,,M
-52.742777777777775,47.62222222222222,ST JOHN'S A,8403506,8403506.2002.6.6,2002-06-06 00:00:00,NL,2002,6,6,9.4,,6.4,,12.4,,8.1,,8.1,,0,,0,,23,E,56,E,0,,8.6,,,M,,M
-52.742777777777775,47.62222222222222,ST JOHN'S A,8403506,8403506.2002.6.7,2002-06-07 00:00:00,NL,2002,6,7,10.7,,5.3,,16,,0,T,0,T,0,,0,,0,,0,,0,,7.3,,,M,,M
-52.742777777777775,47.62222222222222,ST JOHN'S A,8403506,8403506.2002.6.8,2002-06-08 00:00:00,NL,2002,6,8,6.2,,1,,11.4,,0,,0,,0,,0,,0,,0,,0,,11.8,,,M,,M
-52.742777777777775,47.62222222222222,ST JOHN'S A,8403506,8403506.2002.6.9,2002-06-09 00:00:00,NL,2002,6,9,8.1,,1.8,,14.4,,0,,0,,0,,0,,0,,0,,0,,9.9,,,M,,M
-52.742777777777775,47.62222222222222,ST JOHN'S A,8403506,8403506.2002.6.10,2002-06-10 00:00:00,NL,2002,6,10,5.3,,3.5,,7,,0,,0,,0,,0,,0,,0,,0,,12.7,,,M,,M
-52.742777777777775,47.62222222222222,ST JOHN'S A,8403506,8403506.2002.6.11,2002-06-11 00:00:00,NL,2002,6,11,5.6,,2.8,,8.4,,0,,0,,0,,0,,0,,0,,0,,12.4,,,M,,M
-52.742777777777775,47.62222222222222,ST JOHN'S A,8403506,8403506.2002.6.12,2002-06-12 00:00:00,NL,2002,6,12,6.1,,2.2,,9.9,,0,,0,,0,,0,,36,,41,,0,,11.9,,,M,,M
-52.742777777777775,47.62222222222222,ST JOHN'S A,8403506,8403506.2002.6.13,2002-06-13 00:00:00,NL,2002,6,13,6.6,,2.2,,11,,0,,0,,0,,0,,0,,0,,0,,11.4,,,M,,M
-52.742777777777775,47.62222222222222,ST JOHN'S A,8403506,8403506.2002.6.14,2002-06-14 00:00:00,NL,2002,6,14,9.3,,3.7,,14.9,,0.4,,0.4,,0,,0,,25,E,46,E,0,,8.7,,,M,,M
-52.742777777777775,47.62222222222222,ST JOHN'S A,8403506,8403506.2002.6.15,2002-06-15 00:00:00,NL,2002,6,15,6.2,,4.3,,8,,0,T,0,T,0,,0,,33,E,41,E,0,,11.8,,,M,,M
-52.742777777777775,47.62222222222222,ST JOHN'S A,8403506,8403506.2002.6.16,2002-06-16 00:00:00,NL,2002,6,16,5.3,,4,,6.5,,1.6,,1.6,,0,,0,,0,,0,,0,,12.7,,,M,,M
-52.742777777777775,47.62222222222222,ST JOHN'S A,8403506,8403506.2002.6.17,2002-06-17 00:00:00,NL,2002,6,17,7.5,,3.8,,11.1,,0.4,,0.4,,0,,0,,0,,0,,0,,10.5,,,M,,M
-52.742777777777775,47.62222222222222,ST JOHN'S A,8403506,8403506.2002.6.18,2002-06-18 00:00:00,NL,2002,6,18,9.2,,4.5,,13.8,,0,,0,,0,,0,,0,,0,,0,,8.8,,,M,,M
-52.742777777777775,47.62222222222222,ST JOHN'S A,8403506,8403506.2002.6.19,2002-06-19 00:00:00,NL,2002,6,19,12,,5.4,,18.6,,0,,0,,0,,0,,0,,0,,0,,6,,,M,,M
-52.742777777777775,47.62222222222222,ST JOHN'S A,8403506,8403506.2002.6.20,2002-06-20 00:00:00,NL,2002,6,20,11.3,,7.6,,14.9,,0,,0,,0,,0,,0,,0,,0,,6.7,,,M,,M
-52.742777777777775,47.62222222222222,ST JOHN'S A,8403506,8403506.2002.6.21,2002-06-21 00:00:00,NL,2002,6,21,18.3,,11.7,,24.9,,0,,0,,0,,0,,25,E,59,E,0.3,,0,,,M,,M
-52.742777777777775,47.62222222222222,ST JOHN'S A,8403506,8403506.2002.6.22,2002-06-22 00:00:00,NL,2002,6,22,14.3,,5.5,,23,,0,T,0,T,0,,0,,24,E,72,E,0,,3.7,,,M,,M
-52.742777777777775,47.62222222222222,ST JOHN'S A,8403506,8403506.2002.6.23,2002-06-23 00:00:00,NL,2002,6,23,6.6,,1.9,,11.3,,0,,0,,0,,0,,0,,0,,0,,11.4,,,M,,M
-52.742777777777775,47.62222222222222,ST JOHN'S A,8403506,8403506.2002.6.24,2002-06-24 00:00:00,NL,2002,6,24,9.5,,2.6,,16.4,,2.8,,2.8,,0,,0,,15,E,41,E,0,,8.5,,,M,,M
-52.742777777777775,47.62222222222222,ST JOHN'S A,8403506,8403506.2002.6.25,2002-06-25 00:00:00,NL,2002,6,25,11.6,,6.7,,16.4,,7.2,,7.2,,0,,0,,31,E,41,E,0,,6.4,,,M,,M
-52.742777777777775,47.62222222222222,ST JOHN'S A,8403506,8403506.2002.6.26,2002-06-26 00:00:00,NL,2002,6,26,12.4,,4.6,,20.2,,0,T,0,T,0,,0,,30,E,37,E,0,,5.6,,,M,,M
-52.742777777777775,47.62222222222222,ST JOHN'S A,8403506,8403506.2002.6.27,2002-06-27 00:00:00,NL,2002,6,27,14.3,,6.6,,22,,13.4,,13.4,,0,,0,,23,E,54,E,0,,3.7,,,M,,M
-52.742777777777775,47.62222222222222,ST JOHN'S A,8403506,8403506.2002.6.28,2002-06-28 00:00:00,NL,2002,6,28,17.4,,11.5,,23.2,,1.4,,1.4,,0,,0,,23,,52,,0,,0.6,,,M,,M
-52.742777777777775,47.62222222222222,ST JOHN'S A,8403506,8403506.2002.6.29,2002-06-29 00:00:00,NL,2002,6,29,10,,7.5,,12.5,,10.8,,10.8,,0,,0,,0,,0,,0,,8,,,M,,M
-52.742777777777775,47.62222222222222,ST JOHN'S A,8403506,8403506.2002.6.30,2002-06-30 00:00:00,NL,2002,6,30,16,,7.8,,24.1,,0.6,,0.6,,0,,0,,24,E,46,E,0,,2,,,M,,M
-52.742777777777775,47.62222222222222,ST JOHN'S A,8403506,8403506.2002.7.1,2002-07-01 00:00:00,NL,2002,7,1,18.7,,13.5,,23.9,,0,T,0,T,0,,0,,25,E,39,E,0.7,,0,,,M,,M
-52.742777777777775,47.62222222222222,ST JOHN'S A,8403506,8403506.2002.7.2,2002-07-02 00:00:00,NL,2002,7,2,16.4,,10.3,,22.5,,0.4,,0.4,,0,,0,,20,E,32,E,0,,1.6,,,M,,M
-52.742777777777775,47.62222222222222,ST JOHN'S A,8403506,8403506.2002.7.3,2002-07-03 00:00:00,NL,2002,7,3,18.2,,10.2,,26.1,,0,,0,,0,,0,,18,E,41,E,0.2,,0,,,M,,M
-52.742777777777775,47.62222222222222,ST JOHN'S A,8403506,8403506.2002.7.4,2002-07-04 00:00:00,NL,2002,7,4,13.2,,7.6,,18.7,,0,,0,,0,,0,,0,,0,,0,,4.8,,,M,,M
-52.742777777777775,47.62222222222222,ST JOHN'S A,8403506,8403506.2002.7.5,2002-07-05 00:00:00,NL,2002,7,5,17.2,,9.2,,25.1,,0,,0,,0,,0,,0,,0,,0,,0.8,,,M,,M
-52.742777777777775,47.62222222222222,ST JOHN'S A,8403506,8403506.2002.7.6,2002-07-06 00:00:00,NL,2002,7,6,21.3,,14.6,,28,,0,T,0,T,0,,0,,0,,0,,3.3,,0,,,M,,M
-52.742777777777775,47.62222222222222,ST JOHN'S A,8403506,8403506.2002.7.7,2002-07-07 00:00:00,NL,2002,7,7,21.1,,13.3,,28.8,,0,T,0,T,0,,0,,0,,0,,3.1,,0,,,M,,M
-52.742777777777775,47.62222222222222,ST JOHN'S A,8403506,8403506.2002.7.8,2002-07-08 00:00:00,NL,2002,7,8,17.1,,12.7,,21.5,,0,,0,,0,,0,,0,,0,,0,,0.9,,,M,,M
-52.742777777777775,47.62222222222222,ST JOHN'S A,8403506,8403506.2002.7.9,2002-07-09 00:00:00,NL,2002,7,9,17.7,,12.7,,22.6,,6.6,,6.6,,0,,0,,0,,0,,0,,0.3,,,M,,M
-52.742777777777775,47.62222222222222,ST JOHN'S A,8403506,8403506.2002.7.10,2002-07-10 00:00:00,NL,2002,7,10,16.2,,13.1,,19.3,,10.6,,10.6,,0,,0,,24,,32,,0,,1.8,,,M,,M
-52.742777777777775,47.62222222222222,ST JOHN'S A,8403506,8403506.2002.7.11,2002-07-11 00:00:00,NL,2002,7,11,15.4,,9.8,,21,,0,T,0,T,0,,0,,0,,0,,0,,2.6,,,M,,M
-52.742777777777775,47.62222222222222,ST JOHN'S A,8403506,8403506.2002.7.12,2002-07-12 00:00:00,NL,2002,7,12,14.3,,10.2,,18.3,,0,T,0,T,0,,0,,25,,56,,0,,3.7,,,M,,M
-52.742777777777775,47.62222222222222,ST JOHN'S A,8403506,8403506.2002.7.13,2002-07-13 00:00:00,NL,2002,7,13,16.2,,9.8,,22.6,,0,,0,,0,,0,,0,,0,,0,,1.8,,,M,,M
-52.742777777777775,47.62222222222222,ST JOHN'S A,8403506,8403506.2002.7.14,2002-07-14 00:00:00,NL,2002,7,14,17.9,,11.4,,24.3,,0,,0,,0,,0,,0,,0,,0,,0.1,,,M,,M
-52.742777777777775,47.62222222222222,ST JOHN'S A,8403506,8403506.2002.7.15,2002-07-15 00:00:00,NL,2002,7,15,17.3,,11.7,,22.8,,0,,0,,0,,0,,0,,0,,0,,0.7,,,M,,M
-52.742777777777775,47.62222222222222,ST JOHN'S A,8403506,8403506.2002.7.16,2002-07-16 00:00:00,NL,2002,7,16,14.5,,10.5,,18.4,,13.3,,13.3,,0,,0,,7,E,54,E,0,,3.5,,,M,,M
-52.742777777777775,47.62222222222222,ST JOHN'S A,8403506,8403506.2002.7.17,2002-07-17 00:00:00,NL,2002,7,17,14.9,,10.9,,18.9,,13.8,,13.8,,0,,0,,15,E,56,E,0,,3.1,,,M,,M
-52.742777777777775,47.62222222222222,ST JOHN'S A,8403506,8403506.2002.7.18,2002-07-18 00:00:00,NL,2002,7,18,18,,12.4,,23.5,,0,,0,,0,,0,,26,E,46,E,0,,0,,,M,,M
-52.742777777777775,47.62222222222222,ST JOHN'S A,8403506,8403506.2002.7.19,2002-07-19 00:00:00,NL,2002,7,19,15.5,,8.2,,22.7,,1.4,,1.4,,0,,0,,0,,0,,0,,2.5,,,M,,M
-52.742777777777775,47.62222222222222,ST JOHN'S A,8403506,8403506.2002.7.20,2002-07-20 00:00:00,NL,2002,7,20,13.5,,10.1,,16.9,,71.8,,71.8,,0,,0,,16,E,41,E,0,,4.5,,,M,,M
-52.742777777777775,47.62222222222222,ST JOHN'S A,8403506,8403506.2002.7.21,2002-07-21 00:00:00,NL,2002,7,21,8.3,,5.5,,11,,0,T,0,T,0,,0,,0,,0,,0,,9.7,,,M,,M
-52.742777777777775,47.62222222222222,ST JOHN'S A,8403506,8403506.2002.7.22,2002-07-22 00:00:00,NL,2002,7,22,15.7,,7.5,,23.8,,0,,0,,0,,0,,26,E,33,E,0,,2.3,,,M,,M
-52.742777777777775,47.62222222222222,ST JOHN'S A,8403506,8403506.2002.7.23,2002-07-23 00:00:00,NL,2002,7,23,17.5,,11,,23.9,,0,,0,,0,,0,,23,E,46,E,0,,0.5,,,M,,M
-52.742777777777775,47.62222222222222,ST JOHN'S A,8403506,8403506.2002.7.24,2002-07-24 00:00:00,NL,2002,7,24,15,,7.3,,22.6,,0.5,,0.5,,0,,0,,25,E,50,E,0,,3,,,M,,M
-52.742777777777775,47.62222222222222,ST JOHN'S A,8403506,8403506.2002.7.25,2002-07-25 00:00:00,NL,2002,7,25,9.5,,6.3,,12.6,,0,,0,,0,,0,,0,,0,,0,,8.5,,,M,,M
-52.742777777777775,47.62222222222222,ST JOHN'S A,8403506,8403506.2002.7.26,2002-07-26 00:00:00,NL,2002,7,26,12,,6.8,,17.2,,0,,0,,0,,0,,0,,0,,0,,6,,,M,,M
-52.742777777777775,47.62222222222222,ST JOHN'S A,8403506,8403506.2002.7.27,2002-07-27 00:00:00,NL,2002,7,27,15.9,,9.1,,22.6,,0,,0,,0,,0,,0,,0,,0,,2.1,,,M,,M
-52.742777777777775,47.62222222222222,ST JOHN'S A,8403506,8403506.2002.7.28,2002-07-28 00:00:00,NL,2002,7,28,12.8,,7.6,,17.9,,0,,0,,0,,0,,0,,0,,0,,5.2,,,M,,M
-52.742777777777775,47.62222222222222,ST JOHN'S A,8403506,8403506.2002.7.29,2002-07-29 00:00:00,NL,2002,7,29,13.1,,6.9,,19.2,,0,,0,,0,,0,,0,,0,,0,,4.9,,,M,,M
-52.742777777777775,47.62222222222222,ST JOHN'S A,8403506,8403506.2002.7.30,2002-07-30 00:00:00,NL,2002,7,30,17.7,,8.9,,26.5,,0,,0,,0,,0,,0,,0,,0,,0.3,,,M,,M
-52.742777777777775,47.62222222222222,ST JOHN'S A,8403506,8403506.2002.7.31,2002-07-31 00:00:00,NL,2002,7,31,16.9,,15.3,,18.4,,3.5,,3.5,,0,,0,,19,E,33,E,0,,1.1,,,M,,M
-52.742777777777775,47.62222222222222,ST JOHN'S A,8403506,8403506.2002.8.1,2002-08-01 00:00:00,NL,2002,8,1,13.8,,9.5,,18.1,,0.2,,0.2,,0,,0,,0,,0,,0,,4.2,,,M,,M
-52.742777777777775,47.62222222222222,ST JOHN'S A,8403506,8403506.2002.8.2,2002-08-02 00:00:00,NL,2002,8,2,10.8,,8.6,,13,,0,T,0,T,0,,0,,0,,0,,0,,7.2,,,M,,M
-52.742777777777775,47.62222222222222,ST JOHN'S A,8403506,8403506.2002.8.3,2002-08-03 00:00:00,NL,2002,8,3,11.8,,8.4,,15.2,,0,T,0,T,0,,0,,0,,0,,0,,6.2,,,M,,M
-52.742777777777775,47.62222222222222,ST JOHN'S A,8403506,8403506.2002.8.4,2002-08-04 00:00:00,NL,2002,8,4,16.9,,12.7,,21,,0.6,,0.6,,0,,0,,26,E,41,E,0,,1.1,,,M,,M
-52.742777777777775,47.62222222222222,ST JOHN'S A,8403506,8403506.2002.8.5,2002-08-05 00:00:00,NL,2002,8,5,20.4,,15.2,,25.5,,0,,0,,0,,0,,25,E,46,E,2.4,,0,,,M,,M
-52.742777777777775,47.62222222222222,ST JOHN'S A,8403506,8403506.2002.8.6,2002-08-06 00:00:00,NL,2002,8,6,19,,14.5,,23.4,,0,,0,,0,,0,,19,E,43,E,1,,0,,,M,,M
-52.742777777777775,47.62222222222222,ST JOHN'S A,8403506,8403506.2002.8.7,2002-08-07 00:00:00,NL,2002,8,7,20,,14.5,,25.4,,1.1,,1.1,,0,,0,,19,E,43,E,2,,0,,,M,,M
-52.742777777777775,47.62222222222222,ST JOHN'S A,8403506,8403506.2002.8.8,2002-08-08 00:00:00,NL,2002,8,8,17.9,,14.4,,21.3,,12.6,,12.6,,0,,0,,0,,0,,0,,0.1,,,M,,M
-52.742777777777775,47.62222222222222,ST JOHN'S A,8403506,8403506.2002.8.9,2002-08-09 00:00:00,NL,2002,8,9,18.5,,14,,23,,1.1,,1.1,,0,,0,,0,,0,,0.5,,0,,,M,,M
-52.742777777777775,47.62222222222222,ST JOHN'S A,8403506,8403506.2002.8.10,2002-08-10 00:00:00,NL,2002,8,10,17.4,,13.4,,21.3,,0.6,,0.6,,0,,0,,25,E,43,E,0,,0.6,,,M,,M
-52.742777777777775,47.62222222222222,ST JOHN'S A,8403506,8403506.2002.8.11,2002-08-11 00:00:00,NL,2002,8,11,18.5,,13.4,,23.5,,0,,0,,0,,0,,24,E,39,E,0.5,,0,,,M,,M
-52.742777777777775,47.62222222222222,ST JOHN'S A,8403506,8403506.2002.8.12,2002-08-12 00:00:00,NL,2002,8,12,20.5,,12.8,,28.1,,0,,0,,0,,0,,26,E,46,E,2.5,,0,,,M,,M
-52.742777777777775,47.62222222222222,ST JOHN'S A,8403506,8403506.2002.8.13,2002-08-13 00:00:00,NL,2002,8,13,16.9,,12.7,,21,,0,,0,,0,,0,,0,,0,,0,,1.1,,,M,,M
-52.742777777777775,47.62222222222222,ST JOHN'S A,8403506,8403506.2002.8.14,2002-08-14 00:00:00,NL,2002,8,14,17.6,,13.3,,21.9,,0,T,0,T,0,,0,,0,,0,,0,,0.4,,,M,,M
-52.742777777777775,47.62222222222222,ST JOHN'S A,8403506,8403506.2002.8.15,2002-08-15 00:00:00,NL,2002,8,15,16.4,,13.1,,19.7,,0,T,0,T,0,,0,,25,E,33,E,0,,1.6,,,M,,M
-52.742777777777775,47.62222222222222,ST JOHN'S A,8403506,8403506.2002.8.16,2002-08-16 00:00:00,NL,2002,8,16,22.9,,16.6,,29.1,,0,,0,,0,,0,,26,,39,,4.9,,0,,,M,,M
-52.742777777777775,47.62222222222222,ST JOHN'S A,8403506,8403506.2002.8.17,2002-08-17 00:00:00,NL,2002,8,17,20.5,,15.6,,25.3,,3.2,,3.2,,0,,0,,24,,46,,2.5,,0,,,M,,M
-52.742777777777775,47.62222222222222,ST JOHN'S A,8403506,8403506.2002.8.18,2002-08-18 00:00:00,NL,2002,8,18,19.4,,12.3,,26.5,,0,,0,,0,,0,,0,,0,,1.4,,0,,,M,,M
-52.742777777777775,47.62222222222222,ST JOHN'S A,8403506,8403506.2002.8.19,2002-08-19 00:00:00,NL,2002,8,19,17.4,,11.3,,23.4,,0,T,0,T,0,,0,,0,,0,,0,,0.6,,,M,,M
-52.742777777777775,47.62222222222222,ST JOHN'S A,8403506,8403506.2002.8.20,2002-08-20 00:00:00,NL,2002,8,20,21.1,,16.9,,25.2,,4,,4,,0,,0,,25,E,33,E,3.1,,0,,,M,,M
-52.742777777777775,47.62222222222222,ST JOHN'S A,8403506,8403506.2002.8.21,2002-08-21 00:00:00,NL,2002,8,21,17.9,,12.1,,23.6,,0.6,,0.6,,0,,0,,0,,0,,0,,0.1,,,M,,M
-52.742777777777775,47.62222222222222,ST JOHN'S A,8403506,8403506.2002.8.22,2002-08-22 00:00:00,NL,2002,8,22,18.6,,12.1,,25,,0,,0,,0,,0,,0,,0,,0.6,,0,,,M,,M
-52.742777777777775,47.62222222222222,ST JOHN'S A,8403506,8403506.2002.8.23,2002-08-23 00:00:00,NL,2002,8,23,15,,8,,21.9,,0.4,,0.4,,0,,0,,24,E,41,E,0,,3,,,M,,M
-52.742777777777775,47.62222222222222,ST JOHN'S A,8403506,8403506.2002.8.24,2002-08-24 00:00:00,NL,2002,8,24,13.7,,7,,20.3,,0,,0,,0,,0,,0,,0,,0,,4.3,,,M,,M
-52.742777777777775,47.62222222222222,ST JOHN'S A,8403506,8403506.2002.8.25,2002-08-25 00:00:00,NL,2002,8,25,13.9,,10.2,,17.5,,11.8,,11.8,,0,,0,,15,E,69,E,0,,4.1,,,M,,M
-52.742777777777775,47.62222222222222,ST JOHN'S A,8403506,8403506.2002.8.26,2002-08-26 00:00:00,NL,2002,8,26,17.7,,14.4,,21,,0,T,0,T,0,,0,,27,E,74,E,0,,0.3,,,M,,M
-52.742777777777775,47.62222222222222,ST JOHN'S A,8403506,8403506.2002.8.27,2002-08-27 00:00:00,NL,2002,8,27,18.4,,13.3,,23.4,,0,,0,,0,,0,,24,,33,,0.4,,0,,,M,,M
-52.742777777777775,47.62222222222222,ST JOHN'S A,8403506,8403506.2002.8.28,2002-08-28 00:00:00,NL,2002,8,28,12,,7.9,,16.1,,0,T,0,T,0,,0,,30,E,43,E,0,,6,,,M,,M
-52.742777777777775,47.62222222222222,ST JOHN'S A,8403506,8403506.2002.8.29,2002-08-29 00:00:00,NL,2002,8,29,11.3,,6.2,,16.3,,0,,0,,0,,0,,25,E,32,E,0,,6.7,,,M,,M
-52.742777777777775,47.62222222222222,ST JOHN'S A,8403506,8403506.2002.8.30,2002-08-30 00:00:00,NL,2002,8,30,12.8,,6.4,,19.2,,3.8,,3.8,,0,,0,,1,E,37,E,0,,5.2,,,M,,M
-52.742777777777775,47.62222222222222,ST JOHN'S A,8403506,8403506.2002.8.31,2002-08-31 00:00:00,NL,2002,8,31,7.2,,2.3,,12,,0.2,,0.2,,0,,0,,34,E,32,E,0,,10.8,,,M,,M
-52.742777777777775,47.62222222222222,ST JOHN'S A,8403506,8403506.2002.9.1,2002-09-01 00:00:00,NL,2002,9,1,10.9,,3.7,,18,,0,,0,,0,,0,,26,E,61,E,0,,7.1,,,M,,M
-52.742777777777775,47.62222222222222,ST JOHN'S A,8403506,8403506.2002.9.2,2002-09-02 00:00:00,NL,2002,9,2,17.1,,11.3,,22.9,,0,,0,,0,,0,,27,E,46,E,0,,0.9,,,M,,M
-52.742777777777775,47.62222222222222,ST JOHN'S A,8403506,8403506.2002.9.3,2002-09-03 00:00:00,NL,2002,9,3,16.9,,12.1,,21.7,,0,,0,,0,,0,,26,E,41,E,0,,1.1,,,M,,M
-52.742777777777775,47.62222222222222,ST JOHN'S A,8403506,8403506.2002.9.4,2002-09-04 00:00:00,NL,2002,9,4,17.2,,11.5,,22.8,,0,T,0,T,0,,0,,26,E,35,E,0,,0.8,,,M,,M
-52.742777777777775,47.62222222222222,ST JOHN'S A,8403506,8403506.2002.9.5,2002-09-05 00:00:00,NL,2002,9,5,17.7,,14.6,,20.8,,36.4,,36.4,,0,,0,,14,E,69,E,0,,0.3,,,M,,M
-52.742777777777775,47.62222222222222,ST JOHN'S A,8403506,8403506.2002.9.6,2002-09-06 00:00:00,NL,2002,9,6,16.1,,11.5,,20.6,,9.4,,9.4,,0,,0,,0,,0,,0,,1.9,,,M,,M
-52.742777777777775,47.62222222222222,ST JOHN'S A,8403506,8403506.2002.9.7,2002-09-07 00:00:00,NL,2002,9,7,8.8,,4,,13.5,,0,T,0,T,0,,0,,31,E,41,E,0,,9.2,,,M,,M
-52.742777777777775,47.62222222222222,ST JOHN'S A,8403506,8403506.2002.9.8,2002-09-08 00:00:00,NL,2002,9,8,9.1,,4,,14.2,,7.4,,7.4,,0,,0,,0,,0,,0,,8.9,,,M,,M
-52.742777777777775,47.62222222222222,ST JOHN'S A,8403506,8403506.2002.9.9,2002-09-09 00:00:00,NL,2002,9,9,8.8,,4.7,,12.8,,3.2,,3.2,,0,,0,,9,,41,,0,,9.2,,,M,,M
-52.742777777777775,47.62222222222222,ST JOHN'S A,8403506,8403506.2002.9.10,2002-09-10 00:00:00,NL,2002,9,10,9.6,,5.4,,13.7,,4.2,,4.2,,0,,0,,0,,0,,0,,8.4,,,M,,M
-52.742777777777775,47.62222222222222,ST JOHN'S A,8403506,8403506.2002.9.11,2002-09-11 00:00:00,NL,2002,9,11,13.6,,11.5,,15.7,,6,,6,,0,,0,,0,,0,,0,,4.4,,,M,,M
-52.742777777777775,47.62222222222222,ST JOHN'S A,8403506,8403506.2002.9.12,2002-09-12 00:00:00,NL,2002,9,12,14.6,,8,,21.1,,0.8,,0.8,,0,,0,,22,E,93,E,0,,3.4,,,M,,M
-52.742777777777775,47.62222222222222,ST JOHN'S A,8403506,8403506.2002.9.13,2002-09-13 00:00:00,NL,2002,9,13,11.8,,8.7,,14.9,,0,T,0,T,0,,0,,25,E,87,E,0,,6.2,,,M,,M
-52.742777777777775,47.62222222222222,ST JOHN'S A,8403506,8403506.2002.9.14,2002-09-14 00:00:00,NL,2002,9,14,12.3,,7.7,,16.9,,0.8,,0.8,,0,,0,,26,E,54,E,0,,5.7,,,M,,M
-52.742777777777775,47.62222222222222,ST JOHN'S A,8403506,8403506.2002.9.15,2002-09-15 00:00:00,NL,2002,9,15,12.1,,5.5,,18.6,,1.2,,1.2,,0,,0,,21,E,41,E,0,,5.9,,,M,,M
-52.742777777777775,47.62222222222222,ST JOHN'S A,8403506,8403506.2002.9.16,2002-09-16 00:00:00,NL,2002,9,16,14.8,,11.2,,18.3,,6.4,,6.4,,0,,0,,25,,43,,0,,3.2,,,M,,M
-52.742777777777775,47.62222222222222,ST JOHN'S A,8403506,8403506.2002.9.17,2002-09-17 00:00:00,NL,2002,9,17,14.8,,9.9,,19.6,,7.8,,7.8,,0,,0,,23,E,59,E,0,,3.2,,,M,,M
-52.742777777777775,47.62222222222222,ST JOHN'S A,8403506,8403506.2002.9.18,2002-09-18 00:00:00,NL,2002,9,18,8.2,,5.1,,11.3,,0,T,0,T,0,,0,,0,,0,,0,,9.8,,,M,,M
-52.742777777777775,47.62222222222222,ST JOHN'S A,8403506,8403506.2002.9.19,2002-09-19 00:00:00,NL,2002,9,19,8.7,,1.9,,15.5,,0,T,0,T,0,,0,,0,,0,,0,,9.3,,,M,,M
-52.742777777777775,47.62222222222222,ST JOHN'S A,8403506,8403506.2002.9.20,2002-09-20 00:00:00,NL,2002,9,20,9.7,,2.3,,17.1,,1.8,,1.8,,0,,0,,24,E,67,E,0,,8.3,,,M,,M
-52.742777777777775,47.62222222222222,ST JOHN'S A,8403506,8403506.2002.9.21,2002-09-21 00:00:00,NL,2002,9,21,11.9,,7.1,,16.6,,0.4,,0.4,,0,,0,,25,E,67,E,0,,6.1,,,M,,M
-52.742777777777775,47.62222222222222,ST JOHN'S A,8403506,8403506.2002.9.22,2002-09-22 00:00:00,NL,2002,9,22,12.2,,6.1,,18.2,,0,,0,,0,,0,,0,,0,,0,,5.8,,,M,,M
-52.742777777777775,47.62222222222222,ST JOHN'S A,8403506,8403506.2002.9.23,2002-09-23 00:00:00,NL,2002,9,23,15.5,,11.3,,19.6,,0,,0,,0,,0,,,M,,M,0,,2.5,,,M,,M
-52.742777777777775,47.62222222222222,ST JOHN'S A,8403506,8403506.2002.9.24,2002-09-24 00:00:00,NL,2002,9,24,18.5,,14.7,,22.3,,0,,0,,0,,0,,24,E,32,E,0.5,,0,,,M,,M
-52.742777777777775,47.62222222222222,ST JOHN'S A,8403506,8403506.2002.9.25,2002-09-25 00:00:00,NL,2002,9,25,12,,6.7,,17.3,,1.2,,1.2,,0,,0,,1,E,33,E,0,,6,,,M,,M
-52.742777777777775,47.62222222222222,ST JOHN'S A,8403506,8403506.2002.9.26,2002-09-26 00:00:00,NL,2002,9,26,6.6,,3.9,,9.3,,0,,0,,0,,0,,36,E,39,E,0,,11.4,,,M,,M
-52.742777777777775,47.62222222222222,ST JOHN'S A,8403506,8403506.2002.9.27,2002-09-27 00:00:00,NL,2002,9,27,9,,3.7,,14.2,,0,,0,,0,,0,,0,,0,,0,,9,,,M,,M
-52.742777777777775,47.62222222222222,ST JOHN'S A,8403506,8403506.2002.9.28,2002-09-28 00:00:00,NL,2002,9,28,12.9,,7,,18.8,,17.6,,17.6,,0,,0,,15,E,65,E,0,,5.1,,,M,,M
-52.742777777777775,47.62222222222222,ST JOHN'S A,8403506,8403506.2002.9.29,2002-09-29 00:00:00,NL,2002,9,29,7.9,,4.8,,11,,0,,0,,0,,0,,28,E,63,E,0,,10.1,,,M,,M
-52.742777777777775,47.62222222222222,ST JOHN'S A,8403506,8403506.2002.9.30,2002-09-30 00:00:00,NL,2002,9,30,6.8,,3,,10.5,,0,,0,,0,,0,,0,,0,,0,,11.2,,,M,,M
-52.742777777777775,47.62222222222222,ST JOHN'S A,8403506,8403506.2002.10.1,2002-10-01 00:00:00,NL,2002,10,1,8.4,,2.7,,14,,2.8,,2.8,,0,,0,,25,E,39,E,0,,9.6,,,M,,M
-52.742777777777775,47.62222222222222,ST JOHN'S A,8403506,8403506.2002.10.2,2002-10-02 00:00:00,NL,2002,10,2,14.3,,12.2,,16.4,,7.4,,7.4,,0,,0,,26,E,56,E,0,,3.7,,,M,,M
-52.742777777777775,47.62222222222222,ST JOHN'S A,8403506,8403506.2002.10.3,2002-10-03 00:00:00,NL,2002,10,3,7.4,,1.6,,13.1,,2,,2,,0,,0,,36,E,56,E,0,,10.6,,,M,,M
-52.742777777777775,47.62222222222222,ST JOHN'S A,8403506,8403506.2002.10.4,2002-10-04 00:00:00,NL,2002,10,4,4.5,,1,,7.9,,0,,0,,0,,0,,31,E,35,E,0,,13.5,,,M,,M
-52.742777777777775,47.62222222222222,ST JOHN'S A,8403506,8403506.2002.10.5,2002-10-05 00:00:00,NL,2002,10,5,8.9,,1.9,,15.8,,0.6,,0.6,,0,,0,,22,E,82,E,0,,9.1,,,M,,M
-52.742777777777775,47.62222222222222,ST JOHN'S A,8403506,8403506.2002.10.6,2002-10-06 00:00:00,NL,2002,10,6,8.6,,2.3,,14.9,,0.4,,0.4,,0,,0,,23,E,52,E,0,,9.4,,,M,,M
-52.742777777777775,47.62222222222222,ST JOHN'S A,8403506,8403506.2002.10.7,2002-10-07 00:00:00,NL,2002,10,7,6.8,,1.9,,11.7,,7.6,,7.6,,0,,0,,15,E,69,E,0,,11.2,,,M,,M
-52.742777777777775,47.62222222222222,ST JOHN'S A,8403506,8403506.2002.10.8,2002-10-08 00:00:00,NL,2002,10,8,11.1,,4,,18.2,,8.6,,8.6,,0,,0,,24,E,57,E,0,,6.9,,,M,,M
-52.742777777777775,47.62222222222222,ST JOHN'S A,8403506,8403506.2002.10.9,2002-10-09 00:00:00,NL,2002,10,9,5.5,,1.5,,9.4,,0,,0,,0,,0,,29,E,35,E,0,,12.5,,,M,,M
-52.742777777777775,47.62222222222222,ST JOHN'S A,8403506,8403506.2002.10.10,2002-10-10 00:00:00,NL,2002,10,10,1.9,,-2.1,,5.9,,1,,1,,0,T,0,,0,,0,,0,,16.1,,,M,,M
-52.742777777777775,47.62222222222222,ST JOHN'S A,8403506,8403506.2002.10.11,2002-10-11 00:00:00,NL,2002,10,11,3.2,,-1.8,,8.1,,0,,0,,0,,0,,0,,0,,0,,14.8,,,M,,M
-52.742777777777775,47.62222222222222,ST JOHN'S A,8403506,8403506.2002.10.12,2002-10-12 00:00:00,NL,2002,10,12,5.5,,1.5,,9.5,,0,,0,,0,,0,,0,,0,,0,,12.5,,,M,,M
-52.742777777777775,47.62222222222222,ST JOHN'S A,8403506,8403506.2002.10.13,2002-10-13 00:00:00,NL,2002,10,13,6.4,,1.6,,11.1,,0,,0,,0,,0,,0,,0,,0,,11.6,,,M,,M
-52.742777777777775,47.62222222222222,ST JOHN'S A,8403506,8403506.2002.10.14,2002-10-14 00:00:00,NL,2002,10,14,7.9,,3.3,,12.5,,0,,0,,0,,0,,17,E,48,E,0,,10.1,,,M,,M
-52.742777777777775,47.62222222222222,ST JOHN'S A,8403506,8403506.2002.10.15,2002-10-15 00:00:00,NL,2002,10,15,6.2,,2.5,,9.9,,0.8,,0.8,,0,,0,,27,E,50,E,0,,11.8,,,M,,M
-52.742777777777775,47.62222222222222,ST JOHN'S A,8403506,8403506.2002.10.16,2002-10-16 00:00:00,NL,2002,10,16,5.2,,2.6,,7.8,,0,T,0,T,0,,0,,29,E,69,E,0,,12.8,,,M,,M
-52.742777777777775,47.62222222222222,ST JOHN'S A,8403506,8403506.2002.10.17,2002-10-17 00:00:00,NL,2002,10,17,6.1,,4.9,,7.3,,0,T,0,T,0,,0,,36,E,33,E,0,,11.9,,,M,,M
-52.742777777777775,47.62222222222222,ST JOHN'S A,8403506,8403506.2002.10.18,2002-10-18 00:00:00,NL,2002,10,18,7.9,,6.6,,9.1,,2.4,,2.4,,0,,0,,0,,0,,0,,10.1,,,M,,M
-52.742777777777775,47.62222222222222,ST JOHN'S A,8403506,8403506.2002.10.19,2002-10-19 00:00:00,NL,2002,10,19,7.2,,2.8,,11.6,,11.6,,11.6,,0,,0,,26,E,43,E,0,,10.8,,,M,,M
-52.742777777777775,47.62222222222222,ST JOHN'S A,8403506,8403506.2002.10.20,2002-10-20 00:00:00,NL,2002,10,20,6.4,,3.1,,9.6,,4,,4,,0,,0,,15,E,44,E,0,,11.6,,,M,,M
-52.742777777777775,47.62222222222222,ST JOHN'S A,8403506,8403506.2002.10.21,2002-10-21 00:00:00,NL,2002,10,21,5.5,,2.3,,8.7,,0,T,0,T,0,,0,,27,E,59,E,0,,12.5,,,M,,M
-52.742777777777775,47.62222222222222,ST JOHN'S A,8403506,8403506.2002.10.22,2002-10-22 00:00:00,NL,2002,10,22,5,,2.3,,7.7,,0,T,0,T,0,,0,,25,E,69,E,0,,13,,,M,,M
-52.742777777777775,47.62222222222222,ST JOHN'S A,8403506,8403506.2002.10.23,2002-10-23 00:00:00,NL,2002,10,23,4.5,,2.5,,6.4,,0,T,0,T,0,,0,,26,E,67,E,0,,13.5,,,M,,M
-52.742777777777775,47.62222222222222,ST JOHN'S A,8403506,8403506.2002.10.24,2002-10-24 00:00:00,NL,2002,10,24,3.5,,2.3,,4.6,,2.5,,2.5,,0,,0,,30,E,33,E,0,,14.5,,,M,,M
-52.742777777777775,47.62222222222222,ST JOHN'S A,8403506,8403506.2002.10.25,2002-10-25 00:00:00,NL,2002,10,25,1,,-3.2,,5.2,,0,T,0,T,0,,0,,0,,0,,0,,17,,,M,,M
-52.742777777777775,47.62222222222222,ST JOHN'S A,8403506,8403506.2002.10.26,2002-10-26 00:00:00,NL,2002,10,26,0,,-3.7,,3.7,,0.2,,0,,0.2,,0,T,0,,0,,0,,18,,,M,,M
-52.742777777777775,47.62222222222222,ST JOHN'S A,8403506,8403506.2002.10.27,2002-10-27 00:00:00,NL,2002,10,27,2.4,,-3.3,,8,,10.8,,10.8,,0,,0,,16,E,82,E,0,,15.6,,,M,,M
-52.742777777777775,47.62222222222222,ST JOHN'S A,8403506,8403506.2002.10.28,2002-10-28 00:00:00,NL,2002,10,28,5.4,,2.5,,8.2,,5,,5,,0,,0,,17,E,85,E,0,,12.6,,,M,,M
-52.742777777777775,47.62222222222222,ST JOHN'S A,8403506,8403506.2002.10.29,2002-10-29 00:00:00,NL,2002,10,29,3.2,,2,,4.4,,5,,5,,0,T,0,,25,E,70,E,0,,14.8,,,M,,M
-52.742777777777775,47.62222222222222,ST JOHN'S A,8403506,8403506.2002.10.30,2002-10-30 00:00:00,NL,2002,10,30,2.9,,1,,4.8,,5.6,,5.6,,0,T,0,,31,E,37,E,0,,15.1,,,M,,M
-52.742777777777775,47.62222222222222,ST JOHN'S A,8403506,8403506.2002.10.31,2002-10-31 00:00:00,NL,2002,10,31,3,,0.9,,5,,0,,0,,0,,0,,27,E,37,E,0,,15,,,M,,M
-52.742777777777775,47.62222222222222,ST JOHN'S A,8403506,8403506.2002.11.1,2002-11-01 00:00:00,NL,2002,11,1,1.4,,-1,,3.8,,0,T,0,,0,T,0,,28,E,44,E,0,,16.6,,,M,,M
-52.742777777777775,47.62222222222222,ST JOHN'S A,8403506,8403506.2002.11.2,2002-11-02 00:00:00,NL,2002,11,2,0.4,,-4,,4.8,,3.5,,0,T,3.5,,0,,11,E,48,E,0,,17.6,,,M,,M
-52.742777777777775,47.62222222222222,ST JOHN'S A,8403506,8403506.2002.11.3,2002-11-03 00:00:00,NL,2002,11,3,1.3,,-0.2,,2.8,,10,,0,,10,,8,,25,E,74,E,0,,16.7,,,M,,M
-52.742777777777775,47.62222222222222,ST JOHN'S A,8403506,8403506.2002.11.4,2002-11-04 00:00:00,NL,2002,11,4,0.1,,-1.6,,1.8,,0,T,0,,0,T,10,,28,E,52,E,0,,17.9,,,M,,M
-52.742777777777775,47.62222222222222,ST JOHN'S A,8403506,8403506.2002.11.5,2002-11-05 00:00:00,NL,2002,11,5,-0.9,,-1.9,,0.1,,1,,0,,1,,7,,4,E,56,E,0,,18.9,,,M,,M
-52.742777777777775,47.62222222222222,ST JOHN'S A,8403506,8403506.2002.11.6,2002-11-06 00:00:00,NL,2002,11,6,0.6,,-0.5,,1.6,,3.4,,0.4,,3,,10,,3,E,69,E,0,,17.4,,,M,,M
-52.742777777777775,47.62222222222222,ST JOHN'S A,8403506,8403506.2002.11.7,2002-11-07 00:00:00,NL,2002,11,7,1.1,,0.5,,1.6,,17.4,,11.4,,6,,7,,3,E,69,E,0,,16.9,,,M,,M
-52.742777777777775,47.62222222222222,ST JOHN'S A,8403506,8403506.2002.11.8,2002-11-08 00:00:00,NL,2002,11,8,-1.1,,-2.9,,0.8,,0.2,,0,,0.2,,2,,29,E,67,E,0,,19.1,,,M,,M
-52.742777777777775,47.62222222222222,ST JOHN'S A,8403506,8403506.2002.11.9,2002-11-09 00:00:00,NL,2002,11,9,1.2,,-2.9,,5.3,,0,T,0,T,0,,2,,24,E,46,E,0,,16.8,,,M,,M
-52.742777777777775,47.62222222222222,ST JOHN'S A,8403506,8403506.2002.11.10,2002-11-10 00:00:00,NL,2002,11,10,1.9,,-4,,7.8,,0,,0,,0,,1,,0,,0,,0,,16.1,,,M,,M
-52.742777777777775,47.62222222222222,ST JOHN'S A,8403506,8403506.2002.11.11,2002-11-11 00:00:00,NL,2002,11,11,10.6,,6,,15.2,,0,T,0,T,0,,0,,25,E,63,E,0,,7.4,,,M,,M
-52.742777777777775,47.62222222222222,ST JOHN'S A,8403506,8403506.2002.11.12,2002-11-12 00:00:00,NL,2002,11,12,9.5,,3.7,,15.2,,0,T,0,T,0,,0,,24,E,65,E,0,,8.5,,,M,,M
-52.742777777777775,47.62222222222222,ST JOHN'S A,8403506,8403506.2002.11.13,2002-11-13 00:00:00,NL,2002,11,13,8.4,,2.3,,14.4,,7.6,,7.6,,0,,0,,23,E,37,E,0,,9.6,,,M,,M
-52.742777777777775,47.62222222222222,ST JOHN'S A,8403506,8403506.2002.11.14,2002-11-14 00:00:00,NL,2002,11,14,15.1,,12.4,,17.7,,1.6,,1.6,,0,,0,,18,E,70,E,0,,2.9,,,M,,M
-52.742777777777775,47.62222222222222,ST JOHN'S A,8403506,8403506.2002.11.15,2002-11-15 00:00:00,NL,2002,11,15,8.2,,1.9,,14.4,,4.2,,4.2,,0,T,0,,31,E,50,E,0,,9.8,,,M,,M
-52.742777777777775,47.62222222222222,ST JOHN'S A,8403506,8403506.2002.11.16,2002-11-16 00:00:00,NL,2002,11,16,1.5,,-5.7,,8.7,,0,T,0,T,0,,0,,24,E,54,E,0,,16.5,,,M,,M
-52.742777777777775,47.62222222222222,ST JOHN'S A,8403506,8403506.2002.11.17,2002-11-17 00:00:00,NL,2002,11,17,-3.5,,-6.7,,-0.2,,7,,0,,7,,0,,0,,0,,0,,21.5,,,M,,M
-52.742777777777775,47.62222222222222,ST JOHN'S A,8403506,8403506.2002.11.18,2002-11-18 00:00:00,NL,2002,11,18,3.8,,-2.1,,9.7,,10.9,,7.9,,3,,7,,24,E,80,E,0,,14.2,,,M,,M
-52.742777777777775,47.62222222222222,ST JOHN'S A,8403506,8403506.2002.11.19,2002-11-19 00:00:00,NL,2002,11,19,-0.4,,-4.7,,4,,0.6,,0.6,,0,T,1,,27,E,70,E,0,,18.4,,,M,,M
-52.742777777777775,47.62222222222222,ST JOHN'S A,8403506,8403506.2002.11.20,2002-11-20 00:00:00,NL,2002,11,20,-1.9,,-4.6,,0.9,,0,,0,,0,,0,,28,E,33,E,0,,19.9,,,M,,M
-52.742777777777775,47.62222222222222,ST JOHN'S A,8403506,8403506.2002.11.21,2002-11-21 00:00:00,NL,2002,11,21,1.8,,-1.6,,5.1,,0.2,,0.2,,0,,0,,0,,0,,0,,16.2,,,M,,M
-52.742777777777775,47.62222222222222,ST JOHN'S A,8403506,8403506.2002.11.22,2002-11-22 00:00:00,NL,2002,11,22,3,,1.9,,4,,15.2,,15.2,,0,,0,,0,,0,,0,,15,,,M,,M
-52.742777777777775,47.62222222222222,ST JOHN'S A,8403506,8403506.2002.11.23,2002-11-23 00:00:00,NL,2002,11,23,7.7,,2.1,,13.2,,12.2,,12.2,,0,,0,,25,E,63,E,0,,10.3,,,M,,M
-52.742777777777775,47.62222222222222,ST JOHN'S A,8403506,8403506.2002.11.24,2002-11-24 00:00:00,NL,2002,11,24,3.1,,0.1,,6.1,,2.4,,1.2,,1.2,,0,,24,E,70,E,0,,14.9,,,M,,M
-52.742777777777775,47.62222222222222,ST JOHN'S A,8403506,8403506.2002.11.25,2002-11-25 00:00:00,NL,2002,11,25,1.9,,0.4,,3.3,,5.8,,5.6,,0.2,,0,,29,E,50,E,0,,16.1,,,M,,M
-52.742777777777775,47.62222222222222,ST JOHN'S A,8403506,8403506.2002.11.26,2002-11-26 00:00:00,NL,2002,11,26,2.4,,0,,4.7,,0.4,,0.4,,0,,0,,0,,0,,0,,15.6,,,M,,M
-52.742777777777775,47.62222222222222,ST JOHN'S A,8403506,8403506.2002.11.27,2002-11-27 00:00:00,NL,2002,11,27,0.7,,-1.2,,2.6,,0,,0,,0,,0,,0,,0,,0,,17.3,,,M,,M
-52.742777777777775,47.62222222222222,ST JOHN'S A,8403506,8403506.2002.11.28,2002-11-28 00:00:00,NL,2002,11,28,-2,,-4.1,,0.2,,14.6,,0,T,14.6,,10,,5,E,56,E,0,,20,,,M,,M
-52.742777777777775,47.62222222222222,ST JOHN'S A,8403506,8403506.2002.11.29,2002-11-29 00:00:00,NL,2002,11,29,-2.6,,-4.1,,-1,,0.4,,0,,0.4,,12,,25,E,44,E,0,,20.6,,,M,,M
-52.742777777777775,47.62222222222222,ST JOHN'S A,8403506,8403506.2002.11.30,2002-11-30 00:00:00,NL,2002,11,30,0.2,,-4.2,,4.5,,5,,4,,1,,12,,15,E,52,E,0,,17.8,,,M,,M
-52.742777777777775,47.62222222222222,ST JOHN'S A,8403506,8403506.2002.12.1,2002-12-01 00:00:00,NL,2002,12,1,6,,1.8,,10.2,,15.2,,15.2,,0,,0,,23,E,74,E,0,,12,,,M,,M
-52.742777777777775,47.62222222222222,ST JOHN'S A,8403506,8403506.2002.12.2,2002-12-02 00:00:00,NL,2002,12,2,1.5,,-0.3,,3.3,,3,,0.8,,2.2,,0,,25,E,72,E,0,,16.5,,,M,,M
-52.742777777777775,47.62222222222222,ST JOHN'S A,8403506,8403506.2002.12.3,2002-12-03 00:00:00,NL,2002,12,3,2.4,,-2.1,,6.9,,21,,16.4,,4.6,,0,,25,E,63,E,0,,15.6,,,M,,M
-52.742777777777775,47.62222222222222,ST JOHN'S A,8403506,8403506.2002.12.4,2002-12-04 00:00:00,NL,2002,12,4,-3.2,,-6.7,,0.3,,7.9,,0,,9.7,,4,,33,E,74,E,0,,21.2,,,M,,M
-52.742777777777775,47.62222222222222,ST JOHN'S A,8403506,8403506.2002.12.5,2002-12-05 00:00:00,NL,2002,12,5,-4.8,,-6.8,,-2.8,,0,T,0,,0,T,10,,29,E,46,E,0,,22.8,,,M,,M
-52.742777777777775,47.62222222222222,ST JOHN'S A,8403506,8403506.2002.12.6,2002-12-06 00:00:00,NL,2002,12,6,-2.4,,-3.7,,-1,,20,,0,,20.2,,8,,6,E,46,E,0,,20.4,,,M,,M
-52.742777777777775,47.62222222222222,ST JOHN'S A,8403506,8403506.2002.12.7,2002-12-07 00:00:00,NL,2002,12,7,-5.6,,-9.4,,-1.8,,1,,0,,1,,21,,30,E,41,E,0,,23.6,,,M,,M
-52.742777777777775,47.62222222222222,ST JOHN'S A,8403506,8403506.2002.12.8,2002-12-08 00:00:00,NL,2002,12,8,-0.9,,-5.5,,3.8,,0,T,0,T,0,T,21,,20,E,44,E,0,,18.9,,,M,,M
-52.742777777777775,47.62222222222222,ST JOHN'S A,8403506,8403506.2002.12.9,2002-12-09 00:00:00,NL,2002,12,9,-3.8,,-11.2,,3.7,,0,T,0,T,0,T,14,,27,E,95,E,0,,21.8,,,M,,M
-52.742777777777775,47.62222222222222,ST JOHN'S A,8403506,8403506.2002.12.10,2002-12-10 00:00:00,NL,2002,12,10,-4.9,,-10.5,,0.8,,2.8,,0,,3.6,,10,,28,E,56,E,0,,22.9,,,M,,M
-52.742777777777775,47.62222222222222,ST JOHN'S A,8403506,8403506.2002.12.11,2002-12-11 00:00:00,NL,2002,12,11,-5.4,,-12.1,,1.4,,2.2,,0,,2.2,,12,,29,E,44,E,0,,23.4,,,M,,M
-52.742777777777775,47.62222222222222,ST JOHN'S A,8403506,8403506.2002.12.12,2002-12-12 00:00:00,NL,2002,12,12,-9.3,,-13.9,,-4.7,,0,T,0,,0,T,12,,0,,0,,0,,27.3,,,M,,M
-52.742777777777775,47.62222222222222,ST JOHN'S A,8403506,8403506.2002.12.13,2002-12-13 00:00:00,NL,2002,12,13,-4.1,,-8.4,,0.3,,0,,0,,0,,12,,0,,0,,0,,22.1,,,M,,M
-52.742777777777775,47.62222222222222,ST JOHN'S A,8403506,8403506.2002.12.14,2002-12-14 00:00:00,NL,2002,12,14,-4.3,,-8.3,,-0.2,,0,,0,,0,,10,,15,E,39,E,0,,22.3,,,M,,M
-52.742777777777775,47.62222222222222,ST JOHN'S A,8403506,8403506.2002.12.15,2002-12-15 00:00:00,NL,2002,12,15,2.9,,-0.3,,6.1,,48.5,,48.5,,0,,9,,17,E,74,E,0,,15.1,,,M,,M
-52.742777777777775,47.62222222222222,ST JOHN'S A,8403506,8403506.2002.12.16,2002-12-16 00:00:00,NL,2002,12,16,1,,-1.4,,3.4,,0,T,0,T,0,T,0,T,26,E,63,E,0,,17,,,M,,M
-52.742777777777775,47.62222222222222,ST JOHN'S A,8403506,8403506.2002.12.17,2002-12-17 00:00:00,NL,2002,12,17,-2.4,,-3.7,,-1.1,,22.4,,0,,22.4,,0,T,3,E,82,E,0,,20.4,,,M,,M
-52.742777777777775,47.62222222222222,ST JOHN'S A,8403506,8403506.2002.12.18,2002-12-18 00:00:00,NL,2002,12,18,-2.8,,-4.4,,-1.1,,25.6,,0,,25.6,,28,,29,E,69,E,0,,20.8,,,M,,M
-52.742777777777775,47.62222222222222,ST JOHN'S A,8403506,8403506.2002.12.19,2002-12-19 00:00:00,NL,2002,12,19,-0.8,,-1.5,,0,,3.9,,0,T,3.9,,43,,23,E,69,E,0,,18.8,,,M,,M
-52.742777777777775,47.62222222222222,ST JOHN'S A,8403506,8403506.2002.12.20,2002-12-20 00:00:00,NL,2002,12,20,1,,-0.1,,2.1,,4.2,,0,,4.2,,40,,32,E,65,E,0,,17,,,M,,M
-52.742777777777775,47.62222222222222,ST JOHN'S A,8403506,8403506.2002.12.21,2002-12-21 00:00:00,NL,2002,12,21,0.9,,0.2,,1.5,,8.6,,8.6,,0,,30,,33,E,39,E,0,,17.1,,,M,,M
-52.742777777777775,47.62222222222222,ST JOHN'S A,8403506,8403506.2002.12.22,2002-12-22 00:00:00,NL,2002,12,22,-0.1,,-2.1,,1.9,,0,T,0,T,0,,10,,28,E,44,E,0,,18.1,,,M,,M
-52.742777777777775,47.62222222222222,ST JOHN'S A,8403506,8403506.2002.12.23,2002-12-23 00:00:00,NL,2002,12,23,-2.2,,-4.1,,-0.2,,0,T,0,,0,T,9,,0,,0,,0,,20.2,,,M,,M
-52.742777777777775,47.62222222222222,ST JOHN'S A,8403506,8403506.2002.12.24,2002-12-24 00:00:00,NL,2002,12,24,-0.9,,-2.5,,0.8,,1.8,,0,T,1.8,,9,,27,E,43,E,0,,18.9,,,M,,M
-52.742777777777775,47.62222222222222,ST JOHN'S A,8403506,8403506.2002.12.25,2002-12-25 00:00:00,NL,2002,12,25,-5.6,,-9.2,,-2,,1,,0,T,1,,9,,28,E,59,E,0,,23.6,,,M,,M
-52.742777777777775,47.62222222222222,ST JOHN'S A,8403506,8403506.2002.12.26,2002-12-26 00:00:00,NL,2002,12,26,-3.2,,-7,,0.6,,20.1,,3,,17.1,,9,,10,E,74,E,0,,21.2,,,M,,M
-52.742777777777775,47.62222222222222,ST JOHN'S A,8403506,8403506.2002.12.27,2002-12-27 00:00:00,NL,2002,12,27,-1.1,,-3.2,,1,,4.5,,0.2,,4.3,,15,,30,E,87,E,0,,19.1,,,M,,M
-52.742777777777775,47.62222222222222,ST JOHN'S A,8403506,8403506.2002.12.28,2002-12-28 00:00:00,NL,2002,12,28,-4.5,,-6.5,,-2.5,,0,T,0,,0,T,16,,30,E,83,E,0,,22.5,,,M,,M
-52.742777777777775,47.62222222222222,ST JOHN'S A,8403506,8403506.2002.12.29,2002-12-29 00:00:00,NL,2002,12,29,-5,,-7.6,,-2.4,,0,,0,,0,,16,,26,E,37,E,0,,23,,,M,,M
-52.742777777777775,47.62222222222222,ST JOHN'S A,8403506,8403506.2002.12.30,2002-12-30 00:00:00,NL,2002,12,30,-2.5,,-4.3,,-0.7,,2.2,,0,T,2.2,,15,,31,E,44,E,0,,20.5,,,M,,M
-52.742777777777775,47.62222222222222,ST JOHN'S A,8403506,8403506.2002.12.31,2002-12-31 00:00:00,NL,2002,12,31,-1.1,,-1.9,,-0.3,,8.7,,0.4,,8.3,,22,,33,E,61,E,0,,19.1,,,M,,M
-52.742777777777775,47.62222222222222,ST JOHN'S A,8403506,8403506.2003.1.1,2003-01-01 00:00:00,NL,2003,1,1,-1.6,,-3.2,,0.1,,6.2,,0,T,6.2,,20,,16,E,35,E,0,,19.6,,,M,,M
-52.742777777777775,47.62222222222222,ST JOHN'S A,8403506,8403506.2003.1.2,2003-01-02 00:00:00,NL,2003,1,2,-5.3,,-10.5,,-0.1,,0,T,0,,0,T,20,,31,E,37,E,0,,23.3,,,M,,M
-52.742777777777775,47.62222222222222,ST JOHN'S A,8403506,8403506.2003.1.3,2003-01-03 00:00:00,NL,2003,1,3,-8.6,,-11,,-6.1,,0,T,0,,0,T,20,,30,E,57,E,0,,26.6,,,M,,M
-52.742777777777775,47.62222222222222,ST JOHN'S A,8403506,8403506.2003.1.4,2003-01-04 00:00:00,NL,2003,1,4,-6.7,,-9.3,,-4,,0,T,0,,0,T,20,,0,,0,,0,,24.7,,,M,,M
-52.742777777777775,47.62222222222222,ST JOHN'S A,8403506,8403506.2003.1.5,2003-01-05 00:00:00,NL,2003,1,5,-6.2,,-9,,-3.3,,3.8,,0,T,7,,25,,0,,0,,0,,24.2,,,M,,M
-52.742777777777775,47.62222222222222,ST JOHN'S A,8403506,8403506.2003.1.6,2003-01-06 00:00:00,NL,2003,1,6,-6.2,,-9,,-3.4,,0,,0,,0,,25,,0,,0,,0,,24.2,,,M,,M
-52.742777777777775,47.62222222222222,ST JOHN'S A,8403506,8403506.2003.1.7,2003-01-07 00:00:00,NL,2003,1,7,-0.4,,-5.4,,4.7,,19.2,,9.6,,9.6,,26,,18,E,46,E,0,,18.4,,,M,,M
-52.742777777777775,47.62222222222222,ST JOHN'S A,8403506,8403506.2003.1.8,2003-01-08 00:00:00,NL,2003,1,8,1.9,,-1.5,,5.2,,7,,6,,1,,16,,25,E,98,E,0,,16.1,,,M,,M
-52.742777777777775,47.62222222222222,ST JOHN'S A,8403506,8403506.2003.1.9,2003-01-09 00:00:00,NL,2003,1,9,-0.6,,-3.3,,2.1,,14.6,,1.6,,13,,24,,28,E,93,E,0,,18.6,,,M,,M
-52.742777777777775,47.62222222222222,ST JOHN'S A,8403506,8403506.2003.1.10,2003-01-10 00:00:00,NL,2003,1,10,-3.8,,-5.7,,-1.9,,0,T,0,,0,T,25,,26,E,56,E,0,,21.8,,,M,,M
-52.742777777777775,47.62222222222222,ST JOHN'S A,8403506,8403506.2003.1.11,2003-01-11 00:00:00,NL,2003,1,11,-3.1,,-7.5,,1.3,,0.6,,0,T,0.6,,24,,24,E,83,E,0,,21.1,,,M,,M
-52.742777777777775,47.62222222222222,ST JOHN'S A,8403506,8403506.2003.1.12,2003-01-12 00:00:00,NL,2003,1,12,-6.7,,-9.1,,-4.3,,0.6,,0,,0.6,,25,,24,E,52,E,0,,24.7,,,M,,M
-52.742777777777775,47.62222222222222,ST JOHN'S A,8403506,8403506.2003.1.13,2003-01-13 00:00:00,NL,2003,1,13,-6.3,,-8.1,,-4.5,,4.4,,0,,7,,25,,27,E,61,E,0,,24.3,,,M,,M
-52.742777777777775,47.62222222222222,ST JOHN'S A,8403506,8403506.2003.1.14,2003-01-14 00:00:00,NL,2003,1,14,-2.6,,-6.7,,1.6,,2.8,,0.4,,4.4,,29,,24,E,72,E,0,,20.6,,,M,,M
-52.742777777777775,47.62222222222222,ST JOHN'S A,8403506,8403506.2003.1.15,2003-01-15 00:00:00,NL,2003,1,15,-6.8,,-8.1,,-5.4,,0.4,,0,,0.4,,30,,27,E,48,E,0,,24.8,,,M,,M
-52.742777777777775,47.62222222222222,ST JOHN'S A,8403506,8403506.2003.1.16,2003-01-16 00:00:00,NL,2003,1,16,-6.7,,-8.6,,-4.8,,7.2,,0,,7.2,,30,,32,E,56,E,0,,24.7,,,M,,M
-52.742777777777775,47.62222222222222,ST JOHN'S A,8403506,8403506.2003.1.17,2003-01-17 00:00:00,NL,2003,1,17,-7.7,,-10.6,,-4.7,,4,,0,,4.6,,37,,23,E,69,E,0,,25.7,,,M,,M
-52.742777777777775,47.62222222222222,ST JOHN'S A,8403506,8403506.2003.1.18,2003-01-18 00:00:00,NL,2003,1,18,-9,,-14.5,,-3.4,,16.2,,0,,16.2,,45,,35,,72,,0,,27,,,M,,M
-52.742777777777775,47.62222222222222,ST JOHN'S A,8403506,8403506.2003.1.19,2003-01-19 00:00:00,NL,2003,1,19,-10.6,,-16.4,,-4.8,,0,,0,,0,,48,,13,E,54,E,0,,28.6,,,M,,M
-52.742777777777775,47.62222222222222,ST JOHN'S A,8403506,8403506.2003.1.20,2003-01-20 00:00:00,NL,2003,1,20,-2.8,,-5,,-0.5,,23.4,,0,,23.4,,52,,28,E,100,E,0,,20.8,,,M,,M
-52.742777777777775,47.62222222222222,ST JOHN'S A,8403506,8403506.2003.1.21,2003-01-21 00:00:00,NL,2003,1,21,-6.4,,-8.4,,-4.3,,7.4,,0,,7.4,,61,,27,E,44,E,0,,24.4,,,M,,M
-52.742777777777775,47.62222222222222,ST JOHN'S A,8403506,8403506.2003.1.22,2003-01-22 00:00:00,NL,2003,1,22,-10.3,,-12.2,,-8.3,,0.8,,0,,2,,66,,24,E,59,E,0,,28.3,,,M,,M
-52.742777777777775,47.62222222222222,ST JOHN'S A,8403506,8403506.2003.1.23,2003-01-23 00:00:00,NL,2003,1,23,-7.3,,-10.8,,-3.8,,0.2,,0,,0.4,,68,,29,E,50,E,0,,25.3,,,M,,M
-52.742777777777775,47.62222222222222,ST JOHN'S A,8403506,8403506.2003.1.24,2003-01-24 00:00:00,NL,2003,1,24,-3.7,,-5.8,,-1.5,,38,,0,,44.9,,68,,4,E,83,E,0,,21.7,,,M,,M
-52.742777777777775,47.62222222222222,ST JOHN'S A,8403506,8403506.2003.1.25,2003-01-25 00:00:00,NL,2003,1,25,-5.8,,-8.7,,-2.9,,1.6,,0,,1.6,,95,,25,E,48,E,0,,23.8,,,M,,M
-52.742777777777775,47.62222222222222,ST JOHN'S A,8403506,8403506.2003.1.26,2003-01-26 00:00:00,NL,2003,1,26,-4.6,,-8.7,,-0.5,,0,T,0,,0,T,96,,27,E,56,E,0,,22.6,,,M,,M
-52.742777777777775,47.62222222222222,ST JOHN'S A,8403506,8403506.2003.1.27,2003-01-27 00:00:00,NL,2003,1,27,0.9,,-0.5,,2.2,,0,T,0,T,0,T,94,,18,E,63,E,0,,17.1,,,M,,M
-52.742777777777775,47.62222222222222,ST JOHN'S A,8403506,8403506.2003.1.28,2003-01-28 00:00:00,NL,2003,1,28,0.5,,-3.5,,4.5,,22.4,,22.4,,0,T,87,,13,,56,,0,,17.5,,,M,,M
-52.742777777777775,47.62222222222222,ST JOHN'S A,8403506,8403506.2003.1.29,2003-01-29 00:00:00,NL,2003,1,29,-3.8,,-4.9,,-2.7,,0,T,0,,0,T,75,,23,E,56,E,0,,21.8,,,M,,M
-52.742777777777775,47.62222222222222,ST JOHN'S A,8403506,8403506.2003.1.30,2003-01-30 00:00:00,NL,2003,1,30,-3.5,,-6.6,,-0.4,,4.8,,0,,4.8,,72,,0,,0,,0,,21.5,,,M,,M
-52.742777777777775,47.62222222222222,ST JOHN'S A,8403506,8403506.2003.1.31,2003-01-31 00:00:00,NL,2003,1,31,-5.1,,-9.8,,-0.3,,6.2,,6.2,,0,,76,,0,,0,,0,,23.1,,,M,,M
-52.742777777777775,47.62222222222222,ST JOHN'S A,8403506,8403506.2003.2.1,2003-02-01 00:00:00,NL,2003,2,1,3.9,,-0.6,,8.3,,14,,14,,0,,65,,20,E,39,E,0,,14.1,,,M,,M
-52.742777777777775,47.62222222222222,ST JOHN'S A,8403506,8403506.2003.2.2,2003-02-02 00:00:00,NL,2003,2,2,6.1,,3.7,,8.5,,14.8,,14.8,,0,,50,,17,E,67,E,0,,11.9,,,M,,M
-52.742777777777775,47.62222222222222,ST JOHN'S A,8403506,8403506.2003.2.3,2003-02-03 00:00:00,NL,2003,2,3,3.2,,0.1,,6.2,,1.4,,1.4,,0,T,35,,19,E,43,E,0,,14.8,,,M,,M
-52.742777777777775,47.62222222222222,ST JOHN'S A,8403506,8403506.2003.2.4,2003-02-04 00:00:00,NL,2003,2,4,-1.3,,-2.9,,0.4,,0,T,0,,0,,23,,26,,54,,0,,19.3,,,M,,M
-52.742777777777775,47.62222222222222,ST JOHN'S A,8403506,8403506.2003.2.5,2003-02-05 00:00:00,NL,2003,2,5,1.2,,-2.9,,5.2,,4.2,,4.2,,0,T,15,,16,,70,,0,,16.8,,,M,,M
-52.742777777777775,47.62222222222222,ST JOHN'S A,8403506,8403506.2003.2.6,2003-02-06 00:00:00,NL,2003,2,6,-5.1,,-9.6,,-0.6,,0.6,,0,,1.2,,9,,26,E,83,E,0,,23.1,,,M,,M
-52.742777777777775,47.62222222222222,ST JOHN'S A,8403506,8403506.2003.2.7,2003-02-07 00:00:00,NL,2003,2,7,-8.1,,-10.2,,-5.9,,0.4,,0,,0.4,,9,,25,E,65,E,0,,26.1,,,M,,M
-52.742777777777775,47.62222222222222,ST JOHN'S A,8403506,8403506.2003.2.8,2003-02-08 00:00:00,NL,2003,2,8,-6.6,,-8.9,,-4.2,,20,,0,,20,,12,,36,E,69,E,0,,24.6,,,M,,M
-52.742777777777775,47.62222222222222,ST JOHN'S A,8403506,8403506.2003.2.9,2003-02-09 00:00:00,NL,2003,2,9,-5.3,,-9.4,,-1.2,,0.2,,0,,0.2,,29,,30,E,32,E,0,,23.3,,,M,,M
-52.742777777777775,47.62222222222222,ST JOHN'S A,8403506,8403506.2003.2.10,2003-02-10 00:00:00,NL,2003,2,10,-6.8,,-11.6,,-2,,0.2,,0,,0.4,,28,,24,E,43,E,0,,24.8,,,M,,M
-52.742777777777775,47.62222222222222,ST JOHN'S A,8403506,8403506.2003.2.11,2003-02-11 00:00:00,NL,2003,2,11,-2.8,,-8.2,,2.6,,30.6,,2.2,,28.4,,35,,30,E,145,E,0,,20.8,,,M,,M
-52.742777777777775,47.62222222222222,ST JOHN'S A,8403506,8403506.2003.2.12,2003-02-12 00:00:00,NL,2003,2,12,-6.8,,-11,,-2.5,,0,T,0,,0,T,43,,28,E,48,E,0,,24.8,,,M,,M
-52.742777777777775,47.62222222222222,ST JOHN'S A,8403506,8403506.2003.2.13,2003-02-13 00:00:00,NL,2003,2,13,-6,,-10.5,,-1.4,,9.4,,0,,9.4,,46,,25,E,70,E,0,,24,,,M,,M
-52.742777777777775,47.62222222222222,ST JOHN'S A,8403506,8403506.2003.2.14,2003-02-14 00:00:00,NL,2003,2,14,-13.7,,-17.1,,-10.3,,4,,0,,5,,51,,25,E,59,E,0,,31.7,,,M,,M
-52.742777777777775,47.62222222222222,ST JOHN'S A,8403506,8403506.2003.2.15,2003-02-15 00:00:00,NL,2003,2,15,-15.4,,-18.1,,-12.7,,11,,0,,15,,52,,28,,74,,0,,33.4,,,M,,M
-52.742777777777775,47.62222222222222,ST JOHN'S A,8403506,8403506.2003.2.16,2003-02-16 00:00:00,NL,2003,2,16,-12.7,,-17.6,,-7.7,,5,,0,,5,,63,,29,E,63,E,0,,30.7,,,M,,M
-52.742777777777775,47.62222222222222,ST JOHN'S A,8403506,8403506.2003.2.17,2003-02-17 00:00:00,NL,2003,2,17,-14.5,,-16.7,,-12.3,,0.8,,0,,1.2,,64,,28,E,52,E,0,,32.5,,,M,,M
-52.742777777777775,47.62222222222222,ST JOHN'S A,8403506,8403506.2003.2.18,2003-02-18 00:00:00,NL,2003,2,18,-13.4,,-18.1,,-8.7,,0,,0,,0,,64,,0,,0,,0,,31.4,,,M,,M
-52.742777777777775,47.62222222222222,ST JOHN'S A,8403506,8403506.2003.2.19,2003-02-19 00:00:00,NL,2003,2,19,-11.4,,-13.7,,-9,,0.2,,0,,1,,64,,0,,0,,0,,29.4,,,M,,M
-52.742777777777775,47.62222222222222,ST JOHN'S A,8403506,8403506.2003.2.20,2003-02-20 00:00:00,NL,2003,2,20,-7.5,,-13,,-2,,1,,0,,1,,64,,26,E,44,E,0,,25.5,,,M,,M
-52.742777777777775,47.62222222222222,ST JOHN'S A,8403506,8403506.2003.2.21,2003-02-21 00:00:00,NL,2003,2,21,-4.4,,-9.9,,1.1,,0,T,0,,0,T,65,,28,E,67,E,0,,22.4,,,M,,M
-52.742777777777775,47.62222222222222,ST JOHN'S A,8403506,8403506.2003.2.22,2003-02-22 00:00:00,NL,2003,2,22,-5.4,,-11.7,,1,,0,,0,,0,,62,,28,E,72,E,0,,23.4,,,M,,M
-52.742777777777775,47.62222222222222,ST JOHN'S A,8403506,8403506.2003.2.23,2003-02-23 00:00:00,NL,2003,2,23,-7,,-11.7,,-2.2,,1.4,,0,T,1.4,,61,,,M,,M,0,,25,,,M,,M
-52.742777777777775,47.62222222222222,ST JOHN'S A,8403506,8403506.2003.2.24,2003-02-24 00:00:00,NL,2003,2,24,-1.5,,-6.5,,3.6,,5,,5,,0,T,55,,,M,,M,0,,19.5,,,M,,M
-52.742777777777775,47.62222222222222,ST JOHN'S A,8403506,8403506.2003.2.25,2003-02-25 00:00:00,NL,2003,2,25,-6,,-9.4,,-2.5,,0,T,0,,0,T,50,,27,E,82,E,0,,24,,,M,,M
-52.742777777777775,47.62222222222222,ST JOHN'S A,8403506,8403506.2003.2.26,2003-02-26 00:00:00,NL,2003,2,26,-7.8,,-13,,-2.6,,0,T,0,,0,T,50,,27,E,83,E,0,,25.8,,,M,,M
-52.742777777777775,47.62222222222222,ST JOHN'S A,8403506,8403506.2003.2.27,2003-02-27 00:00:00,NL,2003,2,27,-11.4,,-13.4,,-9.4,,0,,0,,0,,49,,27,,80,,0,,29.4,,,M,,M
-52.742777777777775,47.62222222222222,ST JOHN'S A,8403506,8403506.2003.2.28,2003-02-28 00:00:00,NL,2003,2,28,-10.1,,-12.9,,-7.2,,0,,0,,0,,45,,28,E,61,E,0,,28.1,,,M,,M
-52.742777777777775,47.62222222222222,ST JOHN'S A,8403506,8403506.2003.3.1,2003-03-01 00:00:00,NL,2003,3,1,-10.3,,-14.2,,-6.4,,0,,0,,0,,43,,0,,0,,0,,28.3,,,M,,M
-52.742777777777775,47.62222222222222,ST JOHN'S A,8403506,8403506.2003.3.2,2003-03-02 00:00:00,NL,2003,3,2,-7.8,,-13.4,,-2.2,,0,,0,,0,,43,,0,,0,,0,,25.8,,,M,,M
-52.742777777777775,47.62222222222222,ST JOHN'S A,8403506,8403506.2003.3.3,2003-03-03 00:00:00,NL,2003,3,3,-1.4,,-5.2,,2.5,,28.4,,28.4,,0,T,40,,25,E,100,E,0,,19.4,,,M,,M
-52.742777777777775,47.62222222222222,ST JOHN'S A,8403506,8403506.2003.3.4,2003-03-04 00:00:00,NL,2003,3,4,-7.5,,-11.5,,-3.4,,0.8,,0,,0.8,,20,,25,E,83,E,0,,25.5,,,M,,M
-52.742777777777775,47.62222222222222,ST JOHN'S A,8403506,8403506.2003.3.5,2003-03-05 00:00:00,NL,2003,3,5,-8.2,,-10.9,,-5.4,,1,,0,,1.8,,20,,27,E,56,E,0,,26.2,,,M,,M
-52.742777777777775,47.62222222222222,ST JOHN'S A,8403506,8403506.2003.3.6,2003-03-06 00:00:00,NL,2003,3,6,-5.6,,-11.3,,0.2,,16.8,,0,T,16.8,,23,,30,E,63,E,0,,23.6,,,M,,M
-52.742777777777775,47.62222222222222,ST JOHN'S A,8403506,8403506.2003.3.7,2003-03-07 00:00:00,NL,2003,3,7,-14.2,,-17.1,,-11.2,,0,T,0,,0,T,34,,29,E,78,E,0,,32.2,,,M,,M
-52.742777777777775,47.62222222222222,ST JOHN'S A,8403506,8403506.2003.3.8,2003-03-08 00:00:00,NL,2003,3,8,-10.7,,-15.9,,-5.4,,0,T,0,,0,T,34,,28,E,80,E,0,,28.7,,,M,,M
-52.742777777777775,47.62222222222222,ST JOHN'S A,8403506,8403506.2003.3.9,2003-03-09 00:00:00,NL,2003,3,9,-4.1,,-9.6,,1.5,,0.2,,0.2,,0,,34,,18,E,74,E,0,,22.1,,,M,,M
-52.742777777777775,47.62222222222222,ST JOHN'S A,8403506,8403506.2003.3.10,2003-03-10 00:00:00,NL,2003,3,10,-2.4,,-9,,4.3,,3.2,,3.2,,0,T,25,,18,E,80,E,0,,20.4,,,M,,M
-52.742777777777775,47.62222222222222,ST JOHN'S A,8403506,8403506.2003.3.11,2003-03-11 00:00:00,NL,2003,3,11,-9.6,,-12.7,,-6.5,,0,T,0,,0,T,22,,24,E,52,E,0,,27.6,,,M,,M
-52.742777777777775,47.62222222222222,ST JOHN'S A,8403506,8403506.2003.3.12,2003-03-12 00:00:00,NL,2003,3,12,-2.5,,-7.2,,2.2,,6.2,,5,,1.2,,22,,21,E,54,E,0,,20.5,,,M,,M
-52.742777777777775,47.62222222222222,ST JOHN'S A,8403506,8403506.2003.3.13,2003-03-13 00:00:00,NL,2003,3,13,-5.3,,-11,,0.5,,1.4,,0,T,1.4,,17,,29,E,67,E,0,,23.3,,,M,,M
-52.742777777777775,47.62222222222222,ST JOHN'S A,8403506,8403506.2003.3.14,2003-03-14 00:00:00,NL,2003,3,14,-9.4,,-12.9,,-5.9,,29.8,,0,,32.4,,13,,34,E,63,E,0,,27.4,,,M,,M
-52.742777777777775,47.62222222222222,ST JOHN'S A,8403506,8403506.2003.3.15,2003-03-15 00:00:00,NL,2003,3,15,-13.7,,-16.3,,-11.1,,2.4,,0,,2.4,,35,,28,E,69,E,0,,31.7,,,M,,M
-52.742777777777775,47.62222222222222,ST JOHN'S A,8403506,8403506.2003.3.16,2003-03-16 00:00:00,NL,2003,3,16,-15.7,,-19.2,,-12.1,,0,,0,,0,,33,,0,,0,,0,,33.7,,,M,,M
-52.742777777777775,47.62222222222222,ST JOHN'S A,8403506,8403506.2003.3.17,2003-03-17 00:00:00,NL,2003,3,17,-13.6,,-19.8,,-7.4,,0,,0,,0,,33,,0,,0,,0,,31.6,,,M,,M
-52.742777777777775,47.62222222222222,ST JOHN'S A,8403506,8403506.2003.3.18,2003-03-18 00:00:00,NL,2003,3,18,-10.3,,-14.1,,-6.5,,7.4,,0,,8.4,,33,,1,E,41,E,0,,28.3,,,M,,M
-52.742777777777775,47.62222222222222,ST JOHN'S A,8403506,8403506.2003.3.19,2003-03-19 00:00:00,NL,2003,3,19,-7.8,,-10.9,,-4.6,,11.6,,0,,12.6,,46,,33,E,61,E,0,,25.8,,,M,,M
-52.742777777777775,47.62222222222222,ST JOHN'S A,8403506,8403506.2003.3.20,2003-03-20 00:00:00,NL,2003,3,20,-7.5,,-11.7,,-3.2,,0,,0,,0,,52,,26,E,59,E,0,,25.5,,,M,,M
-52.742777777777775,47.62222222222222,ST JOHN'S A,8403506,8403506.2003.3.21,2003-03-21 00:00:00,NL,2003,3,21,-1.6,,-7,,3.8,,3.4,,3.4,,0,T,48,,18,E,54,E,0,,19.6,,,M,,M
-52.742777777777775,47.62222222222222,ST JOHN'S A,8403506,8403506.2003.3.22,2003-03-22 00:00:00,NL,2003,3,22,1.4,,-2.6,,5.3,,4.4,,4.4,,0,T,37,,24,E,59,E,0,,16.6,,,M,,M
-52.742777777777775,47.62222222222222,ST JOHN'S A,8403506,8403506.2003.3.23,2003-03-23 00:00:00,NL,2003,3,23,-4.6,,-7.5,,-1.7,,0,,0,,0,,28,,0,,0,,0,,22.6,,,M,,M
-52.742777777777775,47.62222222222222,ST JOHN'S A,8403506,8403506.2003.3.24,2003-03-24 00:00:00,NL,2003,3,24,-5.3,,-7.9,,-2.7,,0,,0,,0,,20,,0,,0,,0,,23.3,,,M,,M
-52.742777777777775,47.62222222222222,ST JOHN'S A,8403506,8403506.2003.3.25,2003-03-25 00:00:00,NL,2003,3,25,-3.4,,-6.8,,0.1,,0,,0,,0,,18,,0,,0,,0,,21.4,,,M,,M
-52.742777777777775,47.62222222222222,ST JOHN'S A,8403506,8403506.2003.3.26,2003-03-26 00:00:00,NL,2003,3,26,-0.2,,-5.6,,5.3,,0,,0,,0,,13,,24,E,37,E,0,,18.2,,,M,,M
-52.742777777777775,47.62222222222222,ST JOHN'S A,8403506,8403506.2003.3.27,2003-03-27 00:00:00,NL,2003,3,27,2.6,,-1.2,,6.3,,0,,0,,0,,11,,19,,52,,0,,15.4,,,M,,M
-52.742777777777775,47.62222222222222,ST JOHN'S A,8403506,8403506.2003.3.28,2003-03-28 00:00:00,NL,2003,3,28,0.7,,-3.2,,4.6,,4.2,,4.2,,0,T,11,,32,E,67,E,0,,17.3,,,M,,M
-52.742777777777775,47.62222222222222,ST JOHN'S A,8403506,8403506.2003.3.29,2003-03-29 00:00:00,NL,2003,3,29,-1.7,,-4.3,,1,,0,T,0,T,0,T,11,,32,,41,,0,,19.7,,,M,,M
-52.742777777777775,47.62222222222222,ST JOHN'S A,8403506,8403506.2003.3.30,2003-03-30 00:00:00,NL,2003,3,30,5.6,,1,,10.2,,0.2,,0.2,,0,,11,,23,E,65,E,0,,12.4,,,M,,M
-52.742777777777775,47.62222222222222,ST JOHN'S A,8403506,8403506.2003.3.31,2003-03-31 00:00:00,NL,2003,3,31,9.3,,7.3,,11.3,,0,,0,,0,,11,,20,,72,,0,,8.7,,,M,,M
-52.742777777777775,47.62222222222222,ST JOHN'S A,8403506,8403506.2003.4.1,2003-04-01 00:00:00,NL,2003,4,1,3.1,,-2.1,,8.2,,0.2,,0.2,,0,T,11,,19,E,65,E,0,,14.9,,,M,,M
-52.742777777777775,47.62222222222222,ST JOHN'S A,8403506,8403506.2003.4.2,2003-04-02 00:00:00,NL,2003,4,2,-1.5,,-5.6,,2.6,,0,T,0,,0,T,11,,0,,0,,0,,19.5,,,M,,M
-52.742777777777775,47.62222222222222,ST JOHN'S A,8403506,8403506.2003.4.3,2003-04-03 00:00:00,NL,2003,4,3,-2.8,,-7.4,,1.9,,0,T,0,,0,T,10,,28,,43,,0,,20.8,,,M,,M
-52.742777777777775,47.62222222222222,ST JOHN'S A,8403506,8403506.2003.4.4,2003-04-04 00:00:00,NL,2003,4,4,-7.4,,-10.1,,-4.6,,0,T,0,,0,T,10,,28,E,61,E,0,,25.4,,,M,,M
-52.742777777777775,47.62222222222222,ST JOHN'S A,8403506,8403506.2003.4.5,2003-04-05 00:00:00,NL,2003,4,5,-3.6,,-9.8,,2.6,,0,T,0,,0,T,10,,28,E,57,E,0,,21.6,,,M,,M
-52.742777777777775,47.62222222222222,ST JOHN'S A,8403506,8403506.2003.4.6,2003-04-06 00:00:00,NL,2003,4,6,1.5,,-4,,7,,18,,2.8,,15.2,,16,,25,E,65,E,0,,16.5,,,M,,M
-52.742777777777775,47.62222222222222,ST JOHN'S A,8403506,8403506.2003.4.7,2003-04-07 00:00:00,NL,2003,4,7,-5.2,,-9.4,,-1,,3.4,,0,,5,,16,,28,,50,,0,,23.2,,,M,,M
-52.742777777777775,47.62222222222222,ST JOHN'S A,8403506,8403506.2003.4.8,2003-04-08 00:00:00,NL,2003,4,8,-6.1,,-9.3,,-2.8,,0,,0,,0,,17,,0,,0,,0,,24.1,,,M,,M
-52.742777777777775,47.62222222222222,ST JOHN'S A,8403506,8403506.2003.4.9,2003-04-09 00:00:00,NL,2003,4,9,-4.4,,-10.3,,1.5,,0,,0,,0,,17,,0,,0,,0,,22.4,,,M,,M
-52.742777777777775,47.62222222222222,ST JOHN'S A,8403506,8403506.2003.4.10,2003-04-10 00:00:00,NL,2003,4,10,-3.5,,-7.3,,0.3,,0,,0,,0,,17,,0,,0,,0,,21.5,,,M,,M
-52.742777777777775,47.62222222222222,ST JOHN'S A,8403506,8403506.2003.4.11,2003-04-11 00:00:00,NL,2003,4,11,2.2,,-4.6,,9,,0,,0,,0,,10,,25,E,48,E,0,,15.8,,,M,,M
-52.742777777777775,47.62222222222222,ST JOHN'S A,8403506,8403506.2003.4.12,2003-04-12 00:00:00,NL,2003,4,12,4.4,,-0.8,,9.5,,16.2,,16.2,,0,,10,,20,E,37,E,0,,13.6,,,M,,M
-52.742777777777775,47.62222222222222,ST JOHN'S A,8403506,8403506.2003.4.13,2003-04-13 00:00:00,NL,2003,4,13,0.1,,-3.1,,3.3,,9.2,,3.4,,5.8,,5,,35,E,67,E,0,,17.9,,,M,,M
-52.742777777777775,47.62222222222222,ST JOHN'S A,8403506,8403506.2003.4.14,2003-04-14 00:00:00,NL,2003,4,14,-4.9,,-8.3,,-1.4,,3.4,,0,,3.4,,13,,33,E,48,E,0,,22.9,,,M,,M
-52.742777777777775,47.62222222222222,ST JOHN'S A,8403506,8403506.2003.4.15,2003-04-15 00:00:00,NL,2003,4,15,-2.2,,-6.9,,2.6,,0,T,0,,0,T,14,,23,E,65,E,0,,20.2,,,M,,M
-52.742777777777775,47.62222222222222,ST JOHN'S A,8403506,8403506.2003.4.16,2003-04-16 00:00:00,NL,2003,4,16,-0.5,,-5.3,,4.4,,7,,4,,3,,12,,26,E,32,E,0,,18.5,,,M,,M
-52.742777777777775,47.62222222222222,ST JOHN'S A,8403506,8403506.2003.4.17,2003-04-17 00:00:00,NL,2003,4,17,-7.1,,-9.4,,-4.8,,0,T,0,,0,T,13,,27,E,63,E,0,,25.1,,,M,,M
-52.742777777777775,47.62222222222222,ST JOHN'S A,8403506,8403506.2003.4.18,2003-04-18 00:00:00,NL,2003,4,18,-1.7,,-7.4,,4,,0,,0,,0,,13,,27,E,50,E,0,,19.7,,,M,,M
-52.742777777777775,47.62222222222222,ST JOHN'S A,8403506,8403506.2003.4.19,2003-04-19 00:00:00,NL,2003,4,19,-0.1,,-6.7,,6.5,,0,,0,,0,,12,,25,E,41,E,0,,18.1,,,M,,M
-52.742777777777775,47.62222222222222,ST JOHN'S A,8403506,8403506.2003.4.20,2003-04-20 00:00:00,NL,2003,4,20,2.3,,-2,,6.5,,0,,0,,0,,11,,0,,0,,0,,15.7,,,M,,M
-52.742777777777775,47.62222222222222,ST JOHN'S A,8403506,8403506.2003.4.21,2003-04-21 00:00:00,NL,2003,4,21,2.3,,-2.3,,6.8,,0,,0,,0,,5,,0,,0,,0,,15.7,,,M,,M
-52.742777777777775,47.62222222222222,ST JOHN'S A,8403506,8403506.2003.4.22,2003-04-22 00:00:00,NL,2003,4,22,0.7,,-2.7,,4.1,,0,,0,,0,,4,,0,,0,,0,,17.3,,,M,,M
-52.742777777777775,47.62222222222222,ST JOHN'S A,8403506,8403506.2003.4.23,2003-04-23 00:00:00,NL,2003,4,23,1.5,,-2.5,,5.5,,0,,0,,0,,4,,0,,0,,0,,16.5,,,M,,M
-52.742777777777775,47.62222222222222,ST JOHN'S A,8403506,8403506.2003.4.24,2003-04-24 00:00:00,NL,2003,4,24,2.1,,-0.8,,4.9,,0,,0,,0,,3,,14,E,35,E,0,,15.9,,,M,,M
-52.742777777777775,47.62222222222222,ST JOHN'S A,8403506,8403506.2003.4.25,2003-04-25 00:00:00,NL,2003,4,25,3,,-0.1,,6,,0,,0,,0,,0,T,0,,0,,0,,15,,,M,,M
-52.742777777777775,47.62222222222222,ST JOHN'S A,8403506,8403506.2003.4.26,2003-04-26 00:00:00,NL,2003,4,26,2.9,,-0.8,,6.5,,0,,0,,0,,0,T,0,,0,,0,,15.1,,,M,,M
-52.742777777777775,47.62222222222222,ST JOHN'S A,8403506,8403506.2003.4.27,2003-04-27 00:00:00,NL,2003,4,27,5.2,,-1.6,,12,,5.2,,5.2,,0,,0,T,17,E,41,E,0,,12.8,,,M,,M
-52.742777777777775,47.62222222222222,ST JOHN'S A,8403506,8403506.2003.4.28,2003-04-28 00:00:00,NL,2003,4,28,6.7,,0.8,,12.6,,6.4,,6.4,,0,,0,T,16,E,52,E,0,,11.3,,,M,,M
-52.742777777777775,47.62222222222222,ST JOHN'S A,8403506,8403506.2003.4.29,2003-04-29 00:00:00,NL,2003,4,29,8.7,,1.8,,15.6,,0,T,0,T,0,,0,T,26,E,41,E,0,,9.3,,,M,,M
-52.742777777777775,47.62222222222222,ST JOHN'S A,8403506,8403506.2003.4.30,2003-04-30 00:00:00,NL,2003,4,30,6,,-0.5,,12.5,,0,,0,,0,,0,T,25,E,39,E,0,,12,,,M,,M
-52.742777777777775,47.62222222222222,ST JOHN'S A,8403506,8403506.2003.5.1,2003-05-01 00:00:00,NL,2003,5,1,2.9,,-2.9,,8.6,,0,,0,,0,,0,T,30,E,54,E,0,,15.1,,,M,,M
-52.742777777777775,47.62222222222222,ST JOHN'S A,8403506,8403506.2003.5.2,2003-05-02 00:00:00,NL,2003,5,2,4.2,,-1.5,,9.8,,0.2,,0.2,,0,,0,T,0,,0,,0,,13.8,,,M,,M
-52.742777777777775,47.62222222222222,ST JOHN'S A,8403506,8403506.2003.5.3,2003-05-03 00:00:00,NL,2003,5,3,6.8,,0.6,,12.9,,28.6,,28.6,,0,,0,T,18,E,54,E,0,,11.2,,,M,,M
-52.742777777777775,47.62222222222222,ST JOHN'S A,8403506,8403506.2003.5.4,2003-05-04 00:00:00,NL,2003,5,4,5,,-1.1,,11,,3.7,,3.7,,0,,0,T,26,E,57,E,0,,13,,,M,,M
-52.742777777777775,47.62222222222222,ST JOHN'S A,8403506,8403506.2003.5.5,2003-05-05 00:00:00,NL,2003,5,5,5,,-1.9,,11.8,,0,,0,,0,,0,,24,E,33,E,0,,13,,,M,,M
-52.742777777777775,47.62222222222222,ST JOHN'S A,8403506,8403506.2003.5.6,2003-05-06 00:00:00,NL,2003,5,6,5.5,,-1,,12,,0,,0,,0,,0,,0,,0,,0,,12.5,,,M,,M
-52.742777777777775,47.62222222222222,ST JOHN'S A,8403506,8403506.2003.5.7,2003-05-07 00:00:00,NL,2003,5,7,7.6,,0.4,,14.7,,0,,0,,0,,0,,18,E,37,E,0,,10.4,,,M,,M
-52.742777777777775,47.62222222222222,ST JOHN'S A,8403506,8403506.2003.5.8,2003-05-08 00:00:00,NL,2003,5,8,4.3,,0.1,,8.4,,0.2,,0.2,,0,,0,,12,E,32,E,0,,13.7,,,M,,M
-52.742777777777775,47.62222222222222,ST JOHN'S A,8403506,8403506.2003.5.9,2003-05-09 00:00:00,NL,2003,5,9,3.6,,2.1,,5.1,,26.8,,26.8,,0,,0,,8,E,65,E,0,,14.4,,,M,,M
-52.742777777777775,47.62222222222222,ST JOHN'S A,8403506,8403506.2003.5.10,2003-05-10 00:00:00,NL,2003,5,10,3.7,,1.7,,5.6,,14.4,,14.4,,0,,0,,9,E,39,E,0,,14.3,,,M,,M
-52.742777777777775,47.62222222222222,ST JOHN'S A,8403506,8403506.2003.5.11,2003-05-11 00:00:00,NL,2003,5,11,1.7,,0.2,,3.1,,14.6,,14.6,,0,,0,,2,E,57,E,0,,16.3,,,M,,M
-52.742777777777775,47.62222222222222,ST JOHN'S A,8403506,8403506.2003.5.12,2003-05-12 00:00:00,NL,2003,5,12,4.2,,0.4,,7.9,,0,T,0,T,0,,0,,31,E,33,E,0,,13.8,,,M,,M
-52.742777777777775,47.62222222222222,ST JOHN'S A,8403506,8403506.2003.5.13,2003-05-13 00:00:00,NL,2003,5,13,8.1,,3.7,,12.5,,0,T,0,T,0,,0,,0,,0,,0,,9.9,,,M,,M
-52.742777777777775,47.62222222222222,ST JOHN'S A,8403506,8403506.2003.5.14,2003-05-14 00:00:00,NL,2003,5,14,11.2,,5.2,,17.1,,7,,7,,0,,0,,26,E,41,E,0,,6.8,,,M,,M
-52.742777777777775,47.62222222222222,ST JOHN'S A,8403506,8403506.2003.5.15,2003-05-15 00:00:00,NL,2003,5,15,3.1,,-0.2,,6.4,,8,,8,,0,,0,,0,,0,,0,,14.9,,,M,,M
-52.742777777777775,47.62222222222222,ST JOHN'S A,8403506,8403506.2003.5.16,2003-05-16 00:00:00,NL,2003,5,16,5,,-0.2,,10.1,,0,,0,,0,,0,,25,E,33,E,0,,13,,,M,,M
-52.742777777777775,47.62222222222222,ST JOHN'S A,8403506,8403506.2003.5.17,2003-05-17 00:00:00,NL,2003,5,17,8.2,,0.3,,16,,0,,0,,0,,0,,26,E,35,E,0,,9.8,,,M,,M
-52.742777777777775,47.62222222222222,ST JOHN'S A,8403506,8403506.2003.5.18,2003-05-18 00:00:00,NL,2003,5,18,4.8,,0.6,,8.9,,0.2,,0.2,,0,,0,,33,E,61,E,0,,13.2,,,M,,M
-52.742777777777775,47.62222222222222,ST JOHN'S A,8403506,8403506.2003.5.19,2003-05-19 00:00:00,NL,2003,5,19,5,,-0.4,,10.3,,0.2,,0.2,,0,,0,,36,E,65,E,0,,13,,,M,,M
-52.742777777777775,47.62222222222222,ST JOHN'S A,8403506,8403506.2003.5.20,2003-05-20 00:00:00,NL,2003,5,20,2.6,,0.1,,5.1,,0,T,0,T,0,,0,,36,E,43,E,0,,15.4,,,M,,M
-52.742777777777775,47.62222222222222,ST JOHN'S A,8403506,8403506.2003.5.21,2003-05-21 00:00:00,NL,2003,5,21,4.3,,0.1,,8.5,,0,,0,,0,,0,,0,,0,,0,,13.7,,,M,,M
-52.742777777777775,47.62222222222222,ST JOHN'S A,8403506,8403506.2003.5.22,2003-05-22 00:00:00,NL,2003,5,22,5.4,,-1.2,,12,,0,,0,,0,,0,,0,,0,,0,,12.6,,,M,,M
-52.742777777777775,47.62222222222222,ST JOHN'S A,8403506,8403506.2003.5.23,2003-05-23 00:00:00,NL,2003,5,23,3.4,,-0.7,,7.5,,0,,0,,0,,0,,0,,0,,0,,14.6,,,M,,M
-52.742777777777775,47.62222222222222,ST JOHN'S A,8403506,8403506.2003.5.24,2003-05-24 00:00:00,NL,2003,5,24,3.3,,-0.9,,7.4,,0.6,,0.6,,0,,0,,0,,0,,0,,14.7,,,M,,M
-52.742777777777775,47.62222222222222,ST JOHN'S A,8403506,8403506.2003.5.25,2003-05-25 00:00:00,NL,2003,5,25,6.5,,0.2,,12.8,,0,T,0,T,0,,0,,0,,0,,0,,11.5,,,M,,M
-52.742777777777775,47.62222222222222,ST JOHN'S A,8403506,8403506.2003.5.26,2003-05-26 00:00:00,NL,2003,5,26,5.4,,1.6,,9.1,,0.6,,0.6,,0,,0,,12,E,32,E,0,,12.6,,,M,,M
-52.742777777777775,47.62222222222222,ST JOHN'S A,8403506,8403506.2003.5.27,2003-05-27 00:00:00,NL,2003,5,27,11,,1.7,,20.2,,1.8,,1.8,,0,,0,,25,E,39,E,0,,7,,,M,,M
-52.742777777777775,47.62222222222222,ST JOHN'S A,8403506,8403506.2003.5.28,2003-05-28 00:00:00,NL,2003,5,28,5.8,,2,,9.6,,0,,0,,0,,0,,0,,0,,0,,12.2,,,M,,M
-52.742777777777775,47.62222222222222,ST JOHN'S A,8403506,8403506.2003.5.29,2003-05-29 00:00:00,NL,2003,5,29,3,,1.1,,4.9,,4,,4,,0,,0,,12,E,41,E,0,,15,,,M,,M
-52.742777777777775,47.62222222222222,ST JOHN'S A,8403506,8403506.2003.5.30,2003-05-30 00:00:00,NL,2003,5,30,10.1,,1.8,,18.4,,0,T,0,T,0,,0,,0,,0,,0,,7.9,,,M,,M
-52.742777777777775,47.62222222222222,ST JOHN'S A,8403506,8403506.2003.5.31,2003-05-31 00:00:00,NL,2003,5,31,7.2,,5.2,,9.1,,4.4,,4.4,,0,,0,,0,,0,,0,,10.8,,,M,,M
-52.742777777777775,47.62222222222222,ST JOHN'S A,8403506,8403506.2003.6.1,2003-06-01 00:00:00,NL,2003,6,1,10.4,,5.4,,15.3,,0,T,0,T,0,,0,,0,,0,,0,,7.6,,,M,,M
-52.742777777777775,47.62222222222222,ST JOHN'S A,8403506,8403506.2003.6.2,2003-06-02 00:00:00,NL,2003,6,2,11.6,,4,,19.2,,12.4,,12.4,,0,,0,,23,E,72,E,0,,6.4,,,M,,M
-52.742777777777775,47.62222222222222,ST JOHN'S A,8403506,8403506.2003.6.3,2003-06-03 00:00:00,NL,2003,6,3,11.9,,5.1,,18.6,,0,,0,,0,,0,,24,E,52,E,0,,6.1,,,M,,M
-52.742777777777775,47.62222222222222,ST JOHN'S A,8403506,8403506.2003.6.4,2003-06-04 00:00:00,NL,2003,6,4,9.1,,4.7,,13.5,,0,,0,,0,,0,,28,E,50,E,0,,8.9,,,M,,M
-52.742777777777775,47.62222222222222,ST JOHN'S A,8403506,8403506.2003.6.5,2003-06-05 00:00:00,NL,2003,6,5,9.3,,3,,15.5,,0,,0,,0,,0,,30,E,46,E,0,,8.7,,,M,,M
-52.742777777777775,47.62222222222222,ST JOHN'S A,8403506,8403506.2003.6.6,2003-06-06 00:00:00,NL,2003,6,6,10.1,,3.1,,17,,4.2,,4.2,,0,,0,,15,E,69,E,0,,7.9,,,M,,M
-52.742777777777775,47.62222222222222,ST JOHN'S A,8403506,8403506.2003.6.7,2003-06-07 00:00:00,NL,2003,6,7,9,,2.8,,15.2,,0,,0,,0,,0,,30,E,70,E,0,,9,,,M,,M
-52.742777777777775,47.62222222222222,ST JOHN'S A,8403506,8403506.2003.6.8,2003-06-08 00:00:00,NL,2003,6,8,7.4,,1.4,,13.3,,0,,0,,0,,0,,29,E,37,E,0,,10.6,,,M,,M
-52.742777777777775,47.62222222222222,ST JOHN'S A,8403506,8403506.2003.6.9,2003-06-09 00:00:00,NL,2003,6,9,7.3,,1,,13.5,,0,,0,,0,,0,,0,,0,,0,,10.7,,,M,,M
-52.742777777777775,47.62222222222222,ST JOHN'S A,8403506,8403506.2003.6.10,2003-06-10 00:00:00,NL,2003,6,10,6.2,,2,,10.3,,1,,1,,0,,0,,15,E,56,E,0,,11.8,,,M,,M
-52.742777777777775,47.62222222222222,ST JOHN'S A,8403506,8403506.2003.6.11,2003-06-11 00:00:00,NL,2003,6,11,13,,7.7,,18.3,,0,,0,,0,,0,,26,E,76,E,0,,5,,,M,,M
-52.742777777777775,47.62222222222222,ST JOHN'S A,8403506,8403506.2003.6.12,2003-06-12 00:00:00,NL,2003,6,12,11.4,,5.8,,16.9,,20.6,,20.6,,0,,0,,19,E,48,E,0,,6.6,,,M,,M
-52.742777777777775,47.62222222222222,ST JOHN'S A,8403506,8403506.2003.6.13,2003-06-13 00:00:00,NL,2003,6,13,7.1,,3.9,,10.3,,1.6,,1.6,,0,,0,,30,E,65,E,0,,10.9,,,M,,M
-52.742777777777775,47.62222222222222,ST JOHN'S A,8403506,8403506.2003.6.14,2003-06-14 00:00:00,NL,2003,6,14,7.8,,2.7,,12.8,,0,,0,,0,,0,,33,E,46,E,0,,10.2,,,M,,M
-52.742777777777775,47.62222222222222,ST JOHN'S A,8403506,8403506.2003.6.15,2003-06-15 00:00:00,NL,2003,6,15,5.1,,2.4,,7.8,,0,,0,,0,,0,,6,E,32,E,0,,12.9,,,M,,M
-52.742777777777775,47.62222222222222,ST JOHN'S A,8403506,8403506.2003.6.16,2003-06-16 00:00:00,NL,2003,6,16,3.1,,1,,5.1,,0,T,0,T,0,,0,,1,E,41,E,0,,14.9,,,M,,M
-52.742777777777775,47.62222222222222,ST JOHN'S A,8403506,8403506.2003.6.17,2003-06-17 00:00:00,NL,2003,6,17,9.1,,1,,17.2,,0,,0,,0,,0,,25,E,37,E,0,,8.9,,,M,,M
-52.742777777777775,47.62222222222222,ST JOHN'S A,8403506,8403506.2003.6.18,2003-06-18 00:00:00,NL,2003,6,18,14.7,,7.4,,22,,0.8,,0.8,,0,,0,,26,E,48,E,0,,3.3,,,M,,M
-52.742777777777775,47.62222222222222,ST JOHN'S A,8403506,8403506.2003.6.19,2003-06-19 00:00:00,NL,2003,6,19,16.1,,7.6,,24.5,,0,T,0,T,0,,0,,26,E,46,E,0,,1.9,,,M,,M
-52.742777777777775,47.62222222222222,ST JOHN'S A,8403506,8403506.2003.6.20,2003-06-20 00:00:00,NL,2003,6,20,14.6,,10.7,,18.5,,27.9,,27.9,,0,,0,,20,E,54,E,0,,3.4,,,M,,M
-52.742777777777775,47.62222222222222,ST JOHN'S A,8403506,8403506.2003.6.21,2003-06-21 00:00:00,NL,2003,6,21,18,,10.2,,25.8,,0,,0,,0,,0,,24,E,46,E,0,,0,,,M,,M
-52.742777777777775,47.62222222222222,ST JOHN'S A,8403506,8403506.2003.6.22,2003-06-22 00:00:00,NL,2003,6,22,17.3,,9.8,,24.8,,0,,0,,0,,0,,26,E,46,E,0,,0.7,,,M,,M
-52.742777777777775,47.62222222222222,ST JOHN'S A,8403506,8403506.2003.6.23,2003-06-23 00:00:00,NL,2003,6,23,12.9,,3.9,,21.9,,0,,0,,0,,0,,2,E,41,E,0,,5.1,,,M,,M
-52.742777777777775,47.62222222222222,ST JOHN'S A,8403506,8403506.2003.6.24,2003-06-24 00:00:00,NL,2003,6,24,6.4,,3,,9.8,,0,,0,,0,,0,,0,,0,,0,,11.6,,,M,,M
-52.742777777777775,47.62222222222222,ST JOHN'S A,8403506,8403506.2003.6.25,2003-06-25 00:00:00,NL,2003,6,25,11.6,,4.1,,19,,0,,0,,0,,0,,0,,0,,0,,6.4,,,M,,M
-52.742777777777775,47.62222222222222,ST JOHN'S A,8403506,8403506.2003.6.26,2003-06-26 00:00:00,NL,2003,6,26,14.6,,7.7,,21.5,,0,,0,,0,,0,,26,E,48,E,0,,3.4,,,M,,M
-52.742777777777775,47.62222222222222,ST JOHN'S A,8403506,8403506.2003.6.27,2003-06-27 00:00:00,NL,2003,6,27,16.9,,8.3,,25.4,,0,,0,,0,,0,,24,E,41,E,0,,1.1,,,M,,M
-52.742777777777775,47.62222222222222,ST JOHN'S A,8403506,8403506.2003.6.28,2003-06-28 00:00:00,NL,2003,6,28,19.9,,13.5,,26.3,,0,T,0,T,0,,0,,26,E,39,E,1.9,,0,,,M,,M
-52.742777777777775,47.62222222222222,ST JOHN'S A,8403506,8403506.2003.6.29,2003-06-29 00:00:00,NL,2003,6,29,16.1,,6.9,,25.3,,0,T,0,T,0,,0,,26,E,39,E,0,,1.9,,,M,,M
-52.742777777777775,47.62222222222222,ST JOHN'S A,8403506,8403506.2003.6.30,2003-06-30 00:00:00,NL,2003,6,30,6.5,,2.3,,10.7,,0,T,0,T,0,,0,,36,E,33,E,0,,11.5,,,M,,M
-52.742777777777775,47.62222222222222,ST JOHN'S A,8403506,8403506.2003.7.1,2003-07-01 00:00:00,NL,2003,7,1,8.4,,2.6,,14.2,,5.4,,5.4,,0,,0,,0,,0,,0,,9.6,,,M,,M
-52.742777777777775,47.62222222222222,ST JOHN'S A,8403506,8403506.2003.7.2,2003-07-02 00:00:00,NL,2003,7,2,14.2,,7.7,,20.6,,0,T,0,T,0,,0,,26,E,46,E,0,,3.8,,,M,,M
-52.742777777777775,47.62222222222222,ST JOHN'S A,8403506,8403506.2003.7.3,2003-07-03 00:00:00,NL,2003,7,3,15.4,,10.3,,20.5,,1,,1,,0,,0,,25,E,33,E,0,,2.6,,,M,,M
-52.742777777777775,47.62222222222222,ST JOHN'S A,8403506,8403506.2003.7.4,2003-07-04 00:00:00,NL,2003,7,4,16.7,,12.1,,21.2,,0.4,,0.4,,0,,0,,25,E,48,E,0,,1.3,,,M,,M
-52.742777777777775,47.62222222222222,ST JOHN'S A,8403506,8403506.2003.7.5,2003-07-05 00:00:00,NL,2003,7,5,15.7,,13.2,,18.2,,3.2,,3.2,,0,,0,,0,,0,,0,,2.3,,,M,,M
-52.742777777777775,47.62222222222222,ST JOHN'S A,8403506,8403506.2003.7.6,2003-07-06 00:00:00,NL,2003,7,6,17.1,,13.8,,20.4,,0,T,0,T,0,,0,,25,E,33,E,0,,0.9,,,M,,M
-52.742777777777775,47.62222222222222,ST JOHN'S A,8403506,8403506.2003.7.7,2003-07-07 00:00:00,NL,2003,7,7,15.1,,8,,22.2,,2.4,,2.4,,0,,0,,32,E,50,E,0,,2.9,,,M,,M
-52.742777777777775,47.62222222222222,ST JOHN'S A,8403506,8403506.2003.7.8,2003-07-08 00:00:00,NL,2003,7,8,9.5,,5.8,,13.1,,0,,0,,0,,0,,0,,0,,0,,8.5,,,M,,M
-52.742777777777775,47.62222222222222,ST JOHN'S A,8403506,8403506.2003.7.9,2003-07-09 00:00:00,NL,2003,7,9,10.4,,6.6,,14.2,,5,,5,,0,,0,,17,,63,,0,,7.6,,,M,,M
-52.742777777777775,47.62222222222222,ST JOHN'S A,8403506,8403506.2003.7.10,2003-07-10 00:00:00,NL,2003,7,10,15.4,,11,,19.8,,0,T,0,T,0,,0,,27,E,59,E,0,,2.6,,,M,,M
-52.742777777777775,47.62222222222222,ST JOHN'S A,8403506,8403506.2003.7.11,2003-07-11 00:00:00,NL,2003,7,11,12.6,,6.8,,18.4,,0,,0,,0,,0,,27,E,48,E,0,,5.4,,,M,,M
-52.742777777777775,47.62222222222222,ST JOHN'S A,8403506,8403506.2003.7.12,2003-07-12 00:00:00,NL,2003,7,12,11.5,,7.8,,15.2,,3.6,,3.6,,0,,0,,16,E,54,E,0,,6.5,,,M,,M
-52.742777777777775,47.62222222222222,ST JOHN'S A,8403506,8403506.2003.7.13,2003-07-13 00:00:00,NL,2003,7,13,20.4,,15.1,,25.7,,0,T,0,T,0,,0,,25,E,41,E,2.4,,0,,,M,,M
-52.742777777777775,47.62222222222222,ST JOHN'S A,8403506,8403506.2003.7.14,2003-07-14 00:00:00,NL,2003,7,14,21.1,,14.7,,27.4,,0,,0,,0,,0,,25,E,37,E,3.1,,0,,,M,,M
-52.742777777777775,47.62222222222222,ST JOHN'S A,8403506,8403506.2003.7.15,2003-07-15 00:00:00,NL,2003,7,15,21.6,,16.6,,26.5,,0,T,0,T,0,,0,,25,E,46,E,3.6,,0,,,M,,M
-52.742777777777775,47.62222222222222,ST JOHN'S A,8403506,8403506.2003.7.16,2003-07-16 00:00:00,NL,2003,7,16,22,,16,,28,,20,,20,,0,,0,,23,E,37,E,4,,0,,,M,,M
-52.742777777777775,47.62222222222222,ST JOHN'S A,8403506,8403506.2003.7.17,2003-07-17 00:00:00,NL,2003,7,17,22.2,,19,,25.3,,9.4,,9.4,,0,,0,,21,E,33,E,4.2,,0,,,M,,M
-52.742777777777775,47.62222222222222,ST JOHN'S A,8403506,8403506.2003.7.18,2003-07-18 00:00:00,NL,2003,7,18,22.6,,18.7,,26.4,,32.4,,32.4,,0,,0,,0,,0,,4.6,,0,,,M,,M
-52.742777777777775,47.62222222222222,ST JOHN'S A,8403506,8403506.2003.7.19,2003-07-19 00:00:00,NL,2003,7,19,21.5,,16.4,,26.5,,8.2,,8.2,,0,,0,,0,,0,,3.5,,0,,,M,,M
-52.742777777777775,47.62222222222222,ST JOHN'S A,8403506,8403506.2003.7.20,2003-07-20 00:00:00,NL,2003,7,20,20.4,,15.7,,25,,0.4,,0.4,,0,,0,,0,,0,,2.4,,0,,,M,,M
-52.742777777777775,47.62222222222222,ST JOHN'S A,8403506,8403506.2003.7.21,2003-07-21 00:00:00,NL,2003,7,21,21.2,,15.4,,27,,0,,0,,0,,0,,0,,0,,3.2,,0,,,M,,M
-52.742777777777775,47.62222222222222,ST JOHN'S A,8403506,8403506.2003.7.22,2003-07-22 00:00:00,NL,2003,7,22,20.4,,14.5,,26.3,,0,,0,,0,,0,,0,,0,,2.4,,0,,,M,,M
-52.742777777777775,47.62222222222222,ST JOHN'S A,8403506,8403506.2003.7.23,2003-07-23 00:00:00,NL,2003,7,23,21.1,,16.9,,25.2,,0,T,0,T,0,,0,,25,E,46,E,3.1,,0,,,M,,M
-52.742777777777775,47.62222222222222,ST JOHN'S A,8403506,8403506.2003.7.24,2003-07-24 00:00:00,NL,2003,7,24,21,,17.4,,24.5,,0,T,0,T,0,,0,,25,E,39,E,3,,0,,,M,,M
-52.742777777777775,47.62222222222222,ST JOHN'S A,8403506,8403506.2003.7.25,2003-07-25 00:00:00,NL,2003,7,25,22,,17.5,,26.4,,0,T,0,T,0,,0,,24,E,52,E,4,,0,,,M,,M
-52.742777777777775,47.62222222222222,ST JOHN'S A,8403506,8403506.2003.7.26,2003-07-26 00:00:00,NL,2003,7,26,19.5,,16.1,,22.9,,0,T,0,T,0,,0,,26,E,70,E,1.5,,0,,,M,,M
-52.742777777777775,47.62222222222222,ST JOHN'S A,8403506,8403506.2003.7.27,2003-07-27 00:00:00,NL,2003,7,27,18.6,,16.4,,20.7,,7,,7,,0,,0,,25,E,37,E,0.6,,0,,,M,,M
-52.742777777777775,47.62222222222222,ST JOHN'S A,8403506,8403506.2003.7.28,2003-07-28 00:00:00,NL,2003,7,28,18,,14.8,,21.2,,3.2,,3.2,,0,,0,,20,E,37,E,0,,0,,,M,,M
-52.742777777777775,47.62222222222222,ST JOHN'S A,8403506,8403506.2003.7.29,2003-07-29 00:00:00,NL,2003,7,29,17.1,,12.3,,21.8,,0,,0,,0,,0,,25,E,61,E,0,,0.9,,,M,,M
-52.742777777777775,47.62222222222222,ST JOHN'S A,8403506,8403506.2003.7.30,2003-07-30 00:00:00,NL,2003,7,30,14.4,,11.2,,17.6,,0,,0,,0,,0,,0,,0,,0,,3.6,,,M,,M
-52.742777777777775,47.62222222222222,ST JOHN'S A,8403506,8403506.2003.7.31,2003-07-31 00:00:00,NL,2003,7,31,15.8,,10.4,,21.1,,0,,0,,0,,0,,0,,0,,0,,2.2,,,M,,M
-52.742777777777775,47.62222222222222,ST JOHN'S A,8403506,8403506.2003.8.1,2003-08-01 00:00:00,NL,2003,8,1,18.6,,12.7,,24.5,,0,,0,,0,,0,,0,,0,,0.6,,0,,,M,,M
-52.742777777777775,47.62222222222222,ST JOHN'S A,8403506,8403506.2003.8.2,2003-08-02 00:00:00,NL,2003,8,2,20.1,,15,,25.1,,0,T,0,T,0,,0,,26,E,46,E,2.1,,0,,,M,,M
-52.742777777777775,47.62222222222222,ST JOHN'S A,8403506,8403506.2003.8.3,2003-08-03 00:00:00,NL,2003,8,3,15,,10.5,,19.5,,0,,0,,0,,0,,0,,0,,0,,3,,,M,,M
-52.742777777777775,47.62222222222222,ST JOHN'S A,8403506,8403506.2003.8.4,2003-08-04 00:00:00,NL,2003,8,4,10.3,,6.4,,14.1,,2,,2,,0,,0,,0,,0,,0,,7.7,,,M,,M
-52.742777777777775,47.62222222222222,ST JOHN'S A,8403506,8403506.2003.8.5,2003-08-05 00:00:00,NL,2003,8,5,9.7,,4.7,,14.6,,0.4,,0.4,,0,,0,,0,,0,,0,,8.3,,,M,,M
-52.742777777777775,47.62222222222222,ST JOHN'S A,8403506,8403506.2003.8.6,2003-08-06 00:00:00,NL,2003,8,6,10.3,,5,,15.6,,0,,0,,0,,0,,0,,0,,0,,7.7,,,M,,M
-52.742777777777775,47.62222222222222,ST JOHN'S A,8403506,8403506.2003.8.7,2003-08-07 00:00:00,NL,2003,8,7,13.6,,8.1,,19.1,,0,,0,,0,,0,,0,,0,,0,,4.4,,,M,,M
-52.742777777777775,47.62222222222222,ST JOHN'S A,8403506,8403506.2003.8.8,2003-08-08 00:00:00,NL,2003,8,8,16,,8.7,,23.2,,0,,0,,0,,0,,0,,0,,0,,2,,,M,,M
-52.742777777777775,47.62222222222222,ST JOHN'S A,8403506,8403506.2003.8.9,2003-08-09 00:00:00,NL,2003,8,9,15.3,,10.4,,20.1,,0,,0,,0,,0,,0,,0,,0,,2.7,,,M,,M
-52.742777777777775,47.62222222222222,ST JOHN'S A,8403506,8403506.2003.8.10,2003-08-10 00:00:00,NL,2003,8,10,18.3,,11.7,,24.8,,0,,0,,0,,0,,0,,0,,0.3,,0,,,M,,M
-52.742777777777775,47.62222222222222,ST JOHN'S A,8403506,8403506.2003.8.11,2003-08-11 00:00:00,NL,2003,8,11,18.8,,15.2,,22.4,,3.8,,3.8,,0,,0,,24,E,57,E,0.8,,0,,,M,,M
-52.742777777777775,47.62222222222222,ST JOHN'S A,8403506,8403506.2003.8.12,2003-08-12 00:00:00,NL,2003,8,12,13.9,,9.8,,18,,0,T,0,T,0,,0,,0,,0,,0,,4.1,,,M,,M
-52.742777777777775,47.62222222222222,ST JOHN'S A,8403506,8403506.2003.8.13,2003-08-13 00:00:00,NL,2003,8,13,17.7,,11.1,,24.2,,0,,0,,0,,0,,25,E,39,E,0,,0.3,,,M,,M
-52.742777777777775,47.62222222222222,ST JOHN'S A,8403506,8403506.2003.8.14,2003-08-14 00:00:00,NL,2003,8,14,17.4,,11.9,,22.9,,0,T,0,T,0,,0,,25,E,32,E,0,,0.6,,,M,,M
-52.742777777777775,47.62222222222222,ST JOHN'S A,8403506,8403506.2003.8.15,2003-08-15 00:00:00,NL,2003,8,15,14,,12,,16,,0,T,0,T,0,,0,,0,,0,,0,,4,,,M,,M
-52.742777777777775,47.62222222222222,ST JOHN'S A,8403506,8403506.2003.8.16,2003-08-16 00:00:00,NL,2003,8,16,16.9,,12.4,,21.3,,0,,0,,0,,0,,0,,0,,0,,1.1,,,M,,M
-52.742777777777775,47.62222222222222,ST JOHN'S A,8403506,8403506.2003.8.17,2003-08-17 00:00:00,NL,2003,8,17,20,,15.2,,24.8,,10,,10,,0,,0,,0,,0,,2,,0,,,M,,M
-52.742777777777775,47.62222222222222,ST JOHN'S A,8403506,8403506.2003.8.18,2003-08-18 00:00:00,NL,2003,8,18,16.7,,11.8,,21.5,,20,,20,,0,,0,,24,E,35,E,0,,1.3,,,M,,M
-52.742777777777775,47.62222222222222,ST JOHN'S A,8403506,8403506.2003.8.19,2003-08-19 00:00:00,NL,2003,8,19,16,,11.5,,20.5,,0,T,0,T,0,,0,,25,E,33,E,0,,2,,,M,,M
-52.742777777777775,47.62222222222222,ST JOHN'S A,8403506,8403506.2003.8.20,2003-08-20 00:00:00,NL,2003,8,20,18.5,,11.6,,25.4,,0.4,,0.4,,0,,0,,26,E,48,E,0.5,,0,,,M,,M
-52.742777777777775,47.62222222222222,ST JOHN'S A,8403506,8403506.2003.8.21,2003-08-21 00:00:00,NL,2003,8,21,13.2,,10.5,,15.9,,0,,0,,0,,0,,0,,0,,0,,4.8,,,M,,M
-52.742777777777775,47.62222222222222,ST JOHN'S A,8403506,8403506.2003.8.22,2003-08-22 00:00:00,NL,2003,8,22,17.8,,13.2,,22.3,,0,T,0,T,0,,0,,0,,0,,0,,0.2,,,M,,M
-52.742777777777775,47.62222222222222,ST JOHN'S A,8403506,8403506.2003.8.23,2003-08-23 00:00:00,NL,2003,8,23,19.9,,14.4,,25.3,,0,,0,,0,,0,,19,E,41,E,1.9,,0,,,M,,M
-52.742777777777775,47.62222222222222,ST JOHN'S A,8403506,8403506.2003.8.24,2003-08-24 00:00:00,NL,2003,8,24,20.2,,15.1,,25.3,,0.4,,0.4,,0,,0,,19,E,35,E,2.2,,0,,,M,,M
-52.742777777777775,47.62222222222222,ST JOHN'S A,8403506,8403506.2003.8.25,2003-08-25 00:00:00,NL,2003,8,25,15.3,,12,,18.5,,0,,0,,0,,0,,24,E,39,E,0,,2.7,,,M,,M
-52.742777777777775,47.62222222222222,ST JOHN'S A,8403506,8403506.2003.8.26,2003-08-26 00:00:00,NL,2003,8,26,15.5,,11.8,,19.2,,0,T,0,T,0,,0,,24,E,59,E,0,,2.5,,,M,,M
-52.742777777777775,47.62222222222222,ST JOHN'S A,8403506,8403506.2003.8.27,2003-08-27 00:00:00,NL,2003,8,27,15.2,,10.2,,20.1,,22,,22,,0,,0,,0,,0,,0,,2.8,,,M,,M
-52.742777777777775,47.62222222222222,ST JOHN'S A,8403506,8403506.2003.8.28,2003-08-28 00:00:00,NL,2003,8,28,17.7,,14,,21.3,,7.6,,7.6,,0,,0,,0,,0,,0,,0.3,,,M,,M
-52.742777777777775,47.62222222222222,ST JOHN'S A,8403506,8403506.2003.8.29,2003-08-29 00:00:00,NL,2003,8,29,15.7,,11.6,,19.8,,0,,0,,0,,0,,25,,46,,0,,2.3,,,M,,M
-52.742777777777775,47.62222222222222,ST JOHN'S A,8403506,8403506.2003.8.30,2003-08-30 00:00:00,NL,2003,8,30,15.8,,11.9,,19.7,,10.2,,10.2,,0,,0,,18,E,43,E,0,,2.2,,,M,,M
-52.742777777777775,47.62222222222222,ST JOHN'S A,8403506,8403506.2003.8.31,2003-08-31 00:00:00,NL,2003,8,31,15.6,,11,,20.2,,0,T,0,T,0,,0,,24,E,32,E,0,,2.4,,,M,,M
-52.742777777777775,47.62222222222222,ST JOHN'S A,8403506,8403506.2003.9.1,2003-09-01 00:00:00,NL,2003,9,1,15.4,,11.8,,18.9,,0,,0,,0,,0,,23,E,37,E,0,,2.6,,,M,,M
-52.742777777777775,47.62222222222222,ST JOHN'S A,8403506,8403506.2003.9.2,2003-09-02 00:00:00,NL,2003,9,2,13.3,,7,,19.5,,0.4,,0.4,,0,,0,,29,E,44,E,0,,4.7,,,M,,M
-52.742777777777775,47.62222222222222,ST JOHN'S A,8403506,8403506.2003.9.3,2003-09-03 00:00:00,NL,2003,9,3,13.5,,8.3,,18.7,,0,,0,,0,,0,,0,,0,,0,,4.5,,,M,,M
-52.742777777777775,47.62222222222222,ST JOHN'S A,8403506,8403506.2003.9.4,2003-09-04 00:00:00,NL,2003,9,4,14.1,,8.4,,19.7,,0,T,0,T,0,,0,,0,,0,,0,,3.9,,,M,,M
-52.742777777777775,47.62222222222222,ST JOHN'S A,8403506,8403506.2003.9.5,2003-09-05 00:00:00,NL,2003,9,5,15.8,,11.3,,20.3,,18.2,,18.2,,0,,0,,22,E,50,E,0,,2.2,,,M,,M
-52.742777777777775,47.62222222222222,ST JOHN'S A,8403506,8403506.2003.9.6,2003-09-06 00:00:00,NL,2003,9,6,16,,12.6,,19.3,,3.2,,3.2,,0,,0,,0,,0,,0,,2,,,M,,M
-52.742777777777775,47.62222222222222,ST JOHN'S A,8403506,8403506.2003.9.7,2003-09-07 00:00:00,NL,2003,9,7,14.6,,12.1,,17,,0,,0,,0,,0,,0,,0,,0,,3.4,,,M,,M
-52.742777777777775,47.62222222222222,ST JOHN'S A,8403506,8403506.2003.9.8,2003-09-08 00:00:00,NL,2003,9,8,15.1,,9.9,,20.2,,5.6,,5.6,,0,,0,,27,E,37,E,0,,2.9,,,M,,M
-52.742777777777775,47.62222222222222,ST JOHN'S A,8403506,8403506.2003.9.9,2003-09-09 00:00:00,NL,2003,9,9,8.8,,5.3,,12.2,,2.6,,2.6,,0,,0,,0,,0,,0,,9.2,,,M,,M
-52.742777777777775,47.62222222222222,ST JOHN'S A,8403506,8403506.2003.9.10,2003-09-10 00:00:00,NL,2003,9,10,11.5,,6.5,,16.5,,4.6,,4.6,,0,,0,,24,E,70,E,0,,6.5,,,M,,M
-52.742777777777775,47.62222222222222,ST JOHN'S A,8403506,8403506.2003.9.11,2003-09-11 00:00:00,NL,2003,9,11,9.1,,6.8,,11.3,,0.4,,0.4,,0,,0,,,M,,M,0,,8.9,,,M,,M
-52.742777777777775,47.62222222222222,ST JOHN'S A,8403506,8403506.2003.9.12,2003-09-12 00:00:00,NL,2003,9,12,12.6,,7.7,,17.4,,0,T,0,T,0,,0,,27,E,56,E,0,,5.4,,,M,,M
-52.742777777777775,47.62222222222222,ST JOHN'S A,8403506,8403506.2003.9.13,2003-09-13 00:00:00,NL,2003,9,13,19.2,,12.3,,26,,0,,0,,0,,0,,0,,0,,1.2,,0,,,M,,M
-52.742777777777775,47.62222222222222,ST JOHN'S A,8403506,8403506.2003.9.14,2003-09-14 00:00:00,NL,2003,9,14,20.7,,14.6,,26.7,,0,,0,,0,,0,,0,,0,,2.7,,0,,,M,,M
-52.742777777777775,47.62222222222222,ST JOHN'S A,8403506,8403506.2003.9.15,2003-09-15 00:00:00,NL,2003,9,15,20.3,,15,,25.6,,0,,0,,0,,0,,0,,0,,2.3,,0,,,M,,M
-52.742777777777775,47.62222222222222,ST JOHN'S A,8403506,8403506.2003.9.16,2003-09-16 00:00:00,NL,2003,9,16,21.2,,13.9,,28.5,,0,,0,,0,,0,,0,,0,,3.2,,0,,,M,,M
-52.742777777777775,47.62222222222222,ST JOHN'S A,8403506,8403506.2003.9.17,2003-09-17 00:00:00,NL,2003,9,17,20.3,,15.8,,24.8,,0,,0,,0,,0,,25,E,32,E,2.3,,0,,,M,,M
-52.742777777777775,47.62222222222222,ST JOHN'S A,8403506,8403506.2003.9.18,2003-09-18 00:00:00,NL,2003,9,18,14.9,,8.8,,20.9,,0,T,0,T,0,,0,,28,E,35,E,0,,3.1,,,M,,M
-52.742777777777775,47.62222222222222,ST JOHN'S A,8403506,8403506.2003.9.19,2003-09-19 00:00:00,NL,2003,9,19,11.8,,7.9,,15.6,,0,T,0,T,0,,0,,35,E,46,E,0,,6.2,,,M,,M
-52.742777777777775,47.62222222222222,ST JOHN'S A,8403506,8403506.2003.9.20,2003-09-20 00:00:00,NL,2003,9,20,9.5,,7.1,,11.9,,0.2,,0.2,,0,,0,,1,E,39,E,0,,8.5,,,M,,M
-52.742777777777775,47.62222222222222,ST JOHN'S A,8403506,8403506.2003.9.21,2003-09-21 00:00:00,NL,2003,9,21,8.7,,5.2,,12.2,,0.6,,0.6,,0,,0,,0,,0,,0,,9.3,,,M,,M
-52.742777777777775,47.62222222222222,ST JOHN'S A,8403506,8403506.2003.9.22,2003-09-22 00:00:00,NL,2003,9,22,11.2,,8.3,,14,,0,,0,,0,,0,,0,,0,,0,,6.8,,,M,,M
-52.742777777777775,47.62222222222222,ST JOHN'S A,8403506,8403506.2003.9.23,2003-09-23 00:00:00,NL,2003,9,23,9.8,,6.6,,13,,0.4,,0.4,,0,,0,,0,,0,,0,,8.2,,,M,,M
-52.742777777777775,47.62222222222222,ST JOHN'S A,8403506,8403506.2003.9.24,2003-09-24 00:00:00,NL,2003,9,24,12.5,,9.4,,15.5,,0,T,0,T,0,,0,,0,,0,,0,,5.5,,,M,,M
-52.742777777777775,47.62222222222222,ST JOHN'S A,8403506,8403506.2003.9.25,2003-09-25 00:00:00,NL,2003,9,25,15.3,,13,,17.6,,0.8,,0.8,,0,,0,,0,,0,,0,,2.7,,,M,,M
-52.742777777777775,47.62222222222222,ST JOHN'S A,8403506,8403506.2003.9.26,2003-09-26 00:00:00,NL,2003,9,26,17.5,,13.5,,21.5,,0,T,0,T,0,,0,,0,,0,,0,,0.5,,,M,,M
-52.742777777777775,47.62222222222222,ST JOHN'S A,8403506,8403506.2003.9.27,2003-09-27 00:00:00,NL,2003,9,27,15.9,,11.4,,20.3,,0,,0,,0,,0,,0,,0,,0,,2.1,,,M,,M
-52.742777777777775,47.62222222222222,ST JOHN'S A,8403506,8403506.2003.9.28,2003-09-28 00:00:00,NL,2003,9,28,15.1,,9.8,,20.4,,0,T,0,T,0,,0,,16,E,39,E,0,,2.9,,,M,,M
-52.742777777777775,47.62222222222222,ST JOHN'S A,8403506,8403506.2003.9.29,2003-09-29 00:00:00,NL,2003,9,29,15.9,,13.2,,18.6,,0.2,,0.2,,0,,0,,18,E,63,E,0,,2.1,,,M,,M
-52.742777777777775,47.62222222222222,ST JOHN'S A,8403506,8403506.2003.9.30,2003-09-30 00:00:00,NL,2003,9,30,18.1,,14.3,,21.8,,0,,0,,0,,0,,18,E,56,E,0.1,,0,,,M,,M
-52.742777777777775,47.62222222222222,ST JOHN'S A,8403506,8403506.2003.10.1,2003-10-01 00:00:00,NL,2003,10,1,18.7,,15.6,,21.7,,0,,0,,0,,0,,20,E,44,E,0.7,,0,,,M,,M
-52.742777777777775,47.62222222222222,ST JOHN'S A,8403506,8403506.2003.10.2,2003-10-02 00:00:00,NL,2003,10,2,18.7,,15.3,,22.1,,0,,0,,0,,0,,18,E,52,E,0.7,,0,,,M,,M
-52.742777777777775,47.62222222222222,ST JOHN'S A,8403506,8403506.2003.10.3,2003-10-03 00:00:00,NL,2003,10,3,13.9,,10.4,,17.3,,3.4,,3.4,,0,,0,,19,E,69,E,0,,4.1,,,M,,M
-52.742777777777775,47.62222222222222,ST JOHN'S A,8403506,8403506.2003.10.4,2003-10-04 00:00:00,NL,2003,10,4,12,,8.7,,15.2,,7.8,,7.8,,0,,0,,0,,0,,0,,6,,,M,,M
-52.742777777777775,47.62222222222222,ST JOHN'S A,8403506,8403506.2003.10.5,2003-10-05 00:00:00,NL,2003,10,5,17.4,,15.1,,19.7,,0.6,,0.6,,0,,0,,19,E,69,E,0,,0.6,,,M,,M
-52.742777777777775,47.62222222222222,ST JOHN'S A,8403506,8403506.2003.10.6,2003-10-06 00:00:00,NL,2003,10,6,13.7,,8.9,,18.5,,45.2,,45.2,,0,,0,,18,E,69,E,0,,4.3,,,M,,M
-52.742777777777775,47.62222222222222,ST JOHN'S A,8403506,8403506.2003.10.7,2003-10-07 00:00:00,NL,2003,10,7,8.2,,6.5,,9.9,,24.2,,24.2,,0,,0,,3,E,39,E,0,,9.8,,,M,,M
-52.742777777777775,47.62222222222222,ST JOHN'S A,8403506,8403506.2003.10.8,2003-10-08 00:00:00,NL,2003,10,8,9.9,,6.4,,13.3,,0,T,0,T,0,,0,,23,E,37,E,0,,8.1,,,M,,M
-52.742777777777775,47.62222222222222,ST JOHN'S A,8403506,8403506.2003.10.9,2003-10-09 00:00:00,NL,2003,10,9,9.9,,5.7,,14,,1.8,,1.8,,0,,0,,24,E,63,E,0,,8.1,,,M,,M
-52.742777777777775,47.62222222222222,ST JOHN'S A,8403506,8403506.2003.10.10,2003-10-10 00:00:00,NL,2003,10,10,8.8,,4.8,,12.7,,0,,0,,0,,0,,28,E,54,E,0,,9.2,,,M,,M
-52.742777777777775,47.62222222222222,ST JOHN'S A,8403506,8403506.2003.10.11,2003-10-11 00:00:00,NL,2003,10,11,11.2,,5.5,,16.9,,0,,0,,0,,0,,25,E,54,E,0,,6.8,,,M,,M
-52.742777777777775,47.62222222222222,ST JOHN'S A,8403506,8403506.2003.10.12,2003-10-12 00:00:00,NL,2003,10,12,10.9,,5.3,,16.4,,0,,0,,0,,0,,29,E,37,E,0,,7.1,,,M,,M
-52.742777777777775,47.62222222222222,ST JOHN'S A,8403506,8403506.2003.10.13,2003-10-13 00:00:00,NL,2003,10,13,11.9,,8.3,,15.5,,12.8,,12.8,,0,,0,,15,E,50,E,0,,6.1,,,M,,M
-52.742777777777775,47.62222222222222,ST JOHN'S A,8403506,8403506.2003.10.14,2003-10-14 00:00:00,NL,2003,10,14,11.8,,7.2,,16.3,,0,T,0,T,0,,0,,30,E,57,E,0,,6.2,,,M,,M
-52.742777777777775,47.62222222222222,ST JOHN'S A,8403506,8403506.2003.10.15,2003-10-15 00:00:00,NL,2003,10,15,8.8,,6.2,,11.3,,0,T,0,T,0,,0,,31,E,37,E,0,,9.2,,,M,,M
-52.742777777777775,47.62222222222222,ST JOHN'S A,8403506,8403506.2003.10.16,2003-10-16 00:00:00,NL,2003,10,16,9.2,,6.4,,12,,2.4,,2.4,,0,,0,,16,E,54,E,0,,8.8,,,M,,M
-52.742777777777775,47.62222222222222,ST JOHN'S A,8403506,8403506.2003.10.17,2003-10-17 00:00:00,NL,2003,10,17,8.6,,4,,13.1,,0,,0,,0,,0,,27,E,44,E,0,,9.4,,,M,,M
-52.742777777777775,47.62222222222222,ST JOHN'S A,8403506,8403506.2003.10.18,2003-10-18 00:00:00,NL,2003,10,18,7.7,,2.6,,12.7,,1.2,,1.2,,0,,0,,15,E,39,E,0,,10.3,,,M,,M
-52.742777777777775,47.62222222222222,ST JOHN'S A,8403506,8403506.2003.10.19,2003-10-19 00:00:00,NL,2003,10,19,10,,5.7,,14.3,,18,,18,,0,,0,,14,E,70,E,0,,8,,,M,,M
-52.742777777777775,47.62222222222222,ST JOHN'S A,8403506,8403506.2003.10.20,2003-10-20 00:00:00,NL,2003,10,20,5.9,,2.6,,9.1,,1.2,,1.2,,0,,0,,0,,0,,0,,12.1,,,M,,M
-52.742777777777775,47.62222222222222,ST JOHN'S A,8403506,8403506.2003.10.21,2003-10-21 00:00:00,NL,2003,10,21,6.8,,3.3,,10.2,,0.6,,0.6,,0,,0,,17,E,46,E,0,,11.2,,,M,,M
-52.742777777777775,47.62222222222222,ST JOHN'S A,8403506,8403506.2003.10.22,2003-10-22 00:00:00,NL,2003,10,22,13.3,,10.2,,16.4,,1,,1,,0,,0,,19,E,65,E,0,,4.7,,,M,,M
-52.742777777777775,47.62222222222222,ST JOHN'S A,8403506,8403506.2003.10.23,2003-10-23 00:00:00,NL,2003,10,23,15,,13.5,,16.5,,2.2,,2.2,,0,,0,,18,E,67,E,0,,3,,,M,,M
-52.742777777777775,47.62222222222222,ST JOHN'S A,8403506,8403506.2003.10.24,2003-10-24 00:00:00,NL,2003,10,24,12.9,,8.6,,17.1,,3.4,,3.4,,0,,0,,19,E,44,E,0,,5.1,,,M,,M
-52.742777777777775,47.62222222222222,ST JOHN'S A,8403506,8403506.2003.10.25,2003-10-25 00:00:00,NL,2003,10,25,6.1,,2.6,,9.6,,0,T,0,T,0,,0,,27,E,37,E,0,,11.9,,,M,,M
-52.742777777777775,47.62222222222222,ST JOHN'S A,8403506,8403506.2003.10.26,2003-10-26 00:00:00,NL,2003,10,26,5.8,,2.3,,9.2,,0,,0,,0,,0,,0,,0,,0,,12.2,,,M,,M
-52.742777777777775,47.62222222222222,ST JOHN'S A,8403506,8403506.2003.10.27,2003-10-27 00:00:00,NL,2003,10,27,10.3,,6.6,,14,,0,,0,,0,,0,,21,E,39,E,0,,7.7,,,M,,M
-52.742777777777775,47.62222222222222,ST JOHN'S A,8403506,8403506.2003.10.28,2003-10-28 00:00:00,NL,2003,10,28,14.7,,11.4,,17.9,,0,T,0,T,0,,0,,21,E,54,E,0,,3.3,,,M,,M
-52.742777777777775,47.62222222222222,ST JOHN'S A,8403506,8403506.2003.10.29,2003-10-29 00:00:00,NL,2003,10,29,15.6,,12.2,,18.9,,2,,2,,0,,0,,25,E,32,E,0,,2.4,,,M,,M
-52.742777777777775,47.62222222222222,ST JOHN'S A,8403506,8403506.2003.10.30,2003-10-30 00:00:00,NL,2003,10,30,15.8,,10,,21.5,,1.4,,1.4,,0,,0,,21,E,74,E,0,,2.2,,,M,,M
-52.742777777777775,47.62222222222222,ST JOHN'S A,8403506,8403506.2003.10.31,2003-10-31 00:00:00,NL,2003,10,31,6.9,,2.2,,11.6,,0,,0,,0,,0,,27,E,82,E,0,,11.1,,,M,,M
-52.742777777777775,47.62222222222222,ST JOHN'S A,8403506,8403506.2003.11.1,2003-11-01 00:00:00,NL,2003,11,1,6.9,,2.5,,11.2,,0.8,,0.8,,0,,0,,25,E,63,E,0,,11.1,,,M,,M
-52.742777777777775,47.62222222222222,ST JOHN'S A,8403506,8403506.2003.11.2,2003-11-02 00:00:00,NL,2003,11,2,6.1,,0.8,,11.4,,0,,0,,0,,0,,30,E,61,E,0,,11.9,,,M,,M
-52.742777777777775,47.62222222222222,ST JOHN'S A,8403506,8403506.2003.11.3,2003-11-03 00:00:00,NL,2003,11,3,1.8,,-1.5,,5.1,,0,,0,,0,,0,,31,E,52,E,0,,16.2,,,M,,M
-52.742777777777775,47.62222222222222,ST JOHN'S A,8403506,8403506.2003.11.4,2003-11-04 00:00:00,NL,2003,11,4,-0.6,,-1.6,,0.4,,6.8,,0,,6.8,,0,T,35,E,57,E,0,,18.6,,,M,,M
-52.742777777777775,47.62222222222222,ST JOHN'S A,8403506,8403506.2003.11.5,2003-11-05 00:00:00,NL,2003,11,5,1,,-0.6,,2.6,,3.8,,0,,3.8,,4,,31,E,43,E,0,,17,,,M,,M
-52.742777777777775,47.62222222222222,ST JOHN'S A,8403506,8403506.2003.11.6,2003-11-06 00:00:00,NL,2003,11,6,5.2,,0.1,,10.2,,11.8,,11.8,,0,T,0,,30,E,59,E,0,,12.8,,,M,,M
-52.742777777777775,47.62222222222222,ST JOHN'S A,8403506,8403506.2003.11.7,2003-11-07 00:00:00,NL,2003,11,7,1.4,,-1.4,,4.2,,0,,0,,0,,0,,30,E,48,E,0,,16.6,,,M,,M
-52.742777777777775,47.62222222222222,ST JOHN'S A,8403506,8403506.2003.11.8,2003-11-08 00:00:00,NL,2003,11,8,3.2,,-2.1,,8.4,,7,,6,,1,,0,,27,,54,,0,,14.8,,,M,,M
-52.742777777777775,47.62222222222222,ST JOHN'S A,8403506,8403506.2003.11.9,2003-11-09 00:00:00,NL,2003,11,9,-0.9,,-2.7,,1,,0.4,,0,,0.4,,1,,29,E,104,E,0,,18.9,,,M,,M
-52.742777777777775,47.62222222222222,ST JOHN'S A,8403506,8403506.2003.11.10,2003-11-10 00:00:00,NL,2003,11,10,-1.1,,-2.9,,0.8,,0,T,0,,0,T,1,,29,E,76,E,0,,19.1,,,M,,M
-52.742777777777775,47.62222222222222,ST JOHN'S A,8403506,8403506.2003.11.11,2003-11-11 00:00:00,NL,2003,11,11,-1.7,,-3.2,,-0.2,,0,T,0,,0,T,0,T,30,E,44,E,0,,19.7,,,M,,M
-52.742777777777775,47.62222222222222,ST JOHN'S A,8403506,8403506.2003.11.12,2003-11-12 00:00:00,NL,2003,11,12,1,,-2.5,,4.4,,0,T,0,T,0,,0,T,0,,0,,0,,17,,,M,,M
-52.742777777777775,47.62222222222222,ST JOHN'S A,8403506,8403506.2003.11.13,2003-11-13 00:00:00,NL,2003,11,13,4.7,,2.7,,6.7,,4.8,,4.8,,0,,0,,13,E,44,E,0,,13.3,,,M,,M
-52.742777777777775,47.62222222222222,ST JOHN'S A,8403506,8403506.2003.11.14,2003-11-14 00:00:00,NL,2003,11,14,7.3,,4.1,,10.5,,17.2,,17.2,,0,,0,,13,E,48,E,0,,10.7,,,M,,M
-52.742777777777775,47.62222222222222,ST JOHN'S A,8403506,8403506.2003.11.15,2003-11-15 00:00:00,NL,2003,11,15,2.9,,0.5,,5.2,,6.8,,6.8,,0,T,0,,24,E,48,E,0,,15.1,,,M,,M
-52.742777777777775,47.62222222222222,ST JOHN'S A,8403506,8403506.2003.11.16,2003-11-16 00:00:00,NL,2003,11,16,3.1,,1,,5.1,,1.4,,1.4,,0,T,0,,28,E,41,E,0,,14.9,,,M,,M
-52.742777777777775,47.62222222222222,ST JOHN'S A,8403506,8403506.2003.11.17,2003-11-17 00:00:00,NL,2003,11,17,1.4,,-1.8,,4.5,,0,,0,,0,,0,,27,E,39,E,0,,16.6,,,M,,M
-52.742777777777775,47.62222222222222,ST JOHN'S A,8403506,8403506.2003.11.18,2003-11-18 00:00:00,NL,2003,11,18,0,,-1.8,,1.8,,0,T,0,,0,T,0,,0,,0,,0,,18,,,M,,M
-52.742777777777775,47.62222222222222,ST JOHN'S A,8403506,8403506.2003.11.19,2003-11-19 00:00:00,NL,2003,11,19,1.6,,-0.9,,4,,0,,0,,0,,0,,24,E,32,E,0,,16.4,,,M,,M
-52.742777777777775,47.62222222222222,ST JOHN'S A,8403506,8403506.2003.11.20,2003-11-20 00:00:00,NL,2003,11,20,5.7,,3.7,,7.7,,0,,0,,0,,0,,0,,0,,0,,12.3,,,M,,M
-52.742777777777775,47.62222222222222,ST JOHN'S A,8403506,8403506.2003.11.21,2003-11-21 00:00:00,NL,2003,11,21,9.8,,6.6,,12.9,,0,,0,,0,,0,,18,E,39,E,0,,8.2,,,M,,M
-52.742777777777775,47.62222222222222,ST JOHN'S A,8403506,8403506.2003.11.22,2003-11-22 00:00:00,NL,2003,11,22,11.2,,9.1,,13.3,,7.2,,7.2,,0,,0,,17,E,52,E,0,,6.8,,,M,,M
-52.742777777777775,47.62222222222222,ST JOHN'S A,8403506,8403506.2003.11.23,2003-11-23 00:00:00,NL,2003,11,23,5.6,,1.5,,9.6,,31.4,,31.4,,0,,0,,3,E,46,E,0,,12.4,,,M,,M
-52.742777777777775,47.62222222222222,ST JOHN'S A,8403506,8403506.2003.11.24,2003-11-24 00:00:00,NL,2003,11,24,2,,1.3,,2.7,,0.2,,0.2,,0,,0,,4,E,32,E,0,,16,,,M,,M
-52.742777777777775,47.62222222222222,ST JOHN'S A,8403506,8403506.2003.11.25,2003-11-25 00:00:00,NL,2003,11,25,6.7,,1.5,,11.8,,2.4,,2.4,,0,,0,,0,,0,,0,,11.3,,,M,,M
-52.742777777777775,47.62222222222222,ST JOHN'S A,8403506,8403506.2003.11.26,2003-11-26 00:00:00,NL,2003,11,26,5.3,,0.6,,10,,1.4,,1.4,,0,,0,,0,,0,,0,,12.7,,,M,,M
-52.742777777777775,47.62222222222222,ST JOHN'S A,8403506,8403506.2003.11.27,2003-11-27 00:00:00,NL,2003,11,27,1.2,,-1.5,,3.8,,0,,0,,0,,0,,29,E,32,E,0,,16.8,,,M,,M
-52.742777777777775,47.62222222222222,ST JOHN'S A,8403506,8403506.2003.11.28,2003-11-28 00:00:00,NL,2003,11,28,0.6,,-1.4,,2.6,,0,T,0,T,0,T,0,,0,,0,,0,,17.4,,,M,,M
-52.742777777777775,47.62222222222222,ST JOHN'S A,8403506,8403506.2003.11.29,2003-11-29 00:00:00,NL,2003,11,29,7.8,,1.6,,13.9,,3.4,,3.4,,0,,0,,19,E,63,E,0,,10.2,,,M,,M
-52.742777777777775,47.62222222222222,ST JOHN'S A,8403506,8403506.2003.11.30,2003-11-30 00:00:00,NL,2003,11,30,7.8,,2.1,,13.5,,11.6,,11.6,,0,,0,,20,E,65,E,0,,10.2,,,M,,M
-52.742777777777775,47.62222222222222,ST JOHN'S A,8403506,8403506.2003.12.1,2003-12-01 00:00:00,NL,2003,12,1,6.2,,1.4,,10.9,,7.8,,7.8,,0,,0,,18,E,50,E,0,,11.8,,,M,,M
-52.742777777777775,47.62222222222222,ST JOHN'S A,8403506,8403506.2003.12.2,2003-12-02 00:00:00,NL,2003,12,2,4.5,,-1.4,,10.4,,3.4,,3.4,,0,,0,,25,E,54,E,0,,13.5,,,M,,M
-52.742777777777775,47.62222222222222,ST JOHN'S A,8403506,8403506.2003.12.3,2003-12-03 00:00:00,NL,2003,12,3,-0.7,,-2.1,,0.7,,12.6,,0,,12.6,,0,,3,E,50,E,0,,18.7,,,M,,M
-52.742777777777775,47.62222222222222,ST JOHN'S A,8403506,8403506.2003.12.4,2003-12-04 00:00:00,NL,2003,12,4,-1,,-2.7,,0.7,,0.6,,0,,0.6,,13,,24,E,57,E,0,,19,,,M,,M
-52.742777777777775,47.62222222222222,ST JOHN'S A,8403506,8403506.2003.12.5,2003-12-05 00:00:00,NL,2003,12,5,-3.3,,-6.7,,0.1,,0,T,0,,0,T,13,,0,,0,,0,,21.3,,,M,,M
-52.742777777777775,47.62222222222222,ST JOHN'S A,8403506,8403506.2003.12.6,2003-12-06 00:00:00,NL,2003,12,6,-4,,-7.6,,-0.3,,1.4,,0,,1.4,,12,,0,,0,,0,,22,,,M,,M
-52.742777777777775,47.62222222222222,ST JOHN'S A,8403506,8403506.2003.12.7,2003-12-07 00:00:00,NL,2003,12,7,-0.7,,-3,,1.6,,9,,0,T,9,,11,,7,E,82,E,0,,18.7,,,M,,M
-52.742777777777775,47.62222222222222,ST JOHN'S A,8403506,8403506.2003.12.8,2003-12-08 00:00:00,NL,2003,12,8,1.7,,-0.2,,3.5,,37,,37,,0,T,15,,6,E,59,E,0,,16.3,,,M,,M
-52.742777777777775,47.62222222222222,ST JOHN'S A,8403506,8403506.2003.12.9,2003-12-09 00:00:00,NL,2003,12,9,1.8,,1.1,,2.5,,7.8,,6.4,,1.4,,9,,35,E,74,E,0,,16.2,,,M,,M
-52.742777777777775,47.62222222222222,ST JOHN'S A,8403506,8403506.2003.12.10,2003-12-10 00:00:00,NL,2003,12,10,1.1,,0.1,,2.1,,1.2,,1,,0.2,,2,,35,E,57,E,0,,16.9,,,M,,M
-52.742777777777775,47.62222222222222,ST JOHN'S A,8403506,8403506.2003.12.11,2003-12-11 00:00:00,NL,2003,12,11,-1.1,,-2.8,,0.6,,0,T,0,,0,T,2,,0,,0,,0,,19.1,,,M,,M
-52.742777777777775,47.62222222222222,ST JOHN'S A,8403506,8403506.2003.12.12,2003-12-12 00:00:00,NL,2003,12,12,1,,-4.5,,6.4,,3,,3,,0,,2,,16,E,52,E,0,,17,,,M,,M
-52.742777777777775,47.62222222222222,ST JOHN'S A,8403506,8403506.2003.12.13,2003-12-13 00:00:00,NL,2003,12,13,0.3,,-3.9,,4.4,,0,T,0,,0,T,1,,25,E,48,E,0,,17.7,,,M,,M
-52.742777777777775,47.62222222222222,ST JOHN'S A,8403506,8403506.2003.12.14,2003-12-14 00:00:00,NL,2003,12,14,-5.2,,-7.4,,-2.9,,0,T,0,,0,T,1,,28,E,33,E,0,,23.2,,,M,,M
-52.742777777777775,47.62222222222222,ST JOHN'S A,8403506,8403506.2003.12.15,2003-12-15 00:00:00,NL,2003,12,15,-4.3,,-7.2,,-1.4,,0,,0,,0,,0,T,12,E,52,E,0,,22.3,,,M,,M
-52.742777777777775,47.62222222222222,ST JOHN'S A,8403506,8403506.2003.12.16,2003-12-16 00:00:00,NL,2003,12,16,0.1,,-1.5,,1.6,,28.6,,16.2,,12.4,,10,,10,E,59,E,0,,17.9,,,M,,M
-52.742777777777775,47.62222222222222,ST JOHN'S A,8403506,8403506.2003.12.17,2003-12-17 00:00:00,NL,2003,12,17,1.2,,0,,2.3,,1.9,,0.6,,1.3,,9,,1,E,46,E,0,,16.8,,,M,,M
-52.742777777777775,47.62222222222222,ST JOHN'S A,8403506,8403506.2003.12.18,2003-12-18 00:00:00,NL,2003,12,18,2.5,,0.9,,4,,1,,1,,0,,7,,16,E,48,E,0,,15.5,,,M,,M
-52.742777777777775,47.62222222222222,ST JOHN'S A,8403506,8403506.2003.12.19,2003-12-19 00:00:00,NL,2003,12,19,3.5,,1.2,,5.7,,4.4,,4.4,,0,,2,,16,E,41,E,0,,14.5,,,M,,M
-52.742777777777775,47.62222222222222,ST JOHN'S A,8403506,8403506.2003.12.20,2003-12-20 00:00:00,NL,2003,12,20,5.2,,0,,10.3,,18.6,,18.6,,0,,1,,20,E,44,E,0,,12.8,,,M,,M
-52.742777777777775,47.62222222222222,ST JOHN'S A,8403506,8403506.2003.12.21,2003-12-21 00:00:00,NL,2003,12,21,-1,,-3.5,,1.5,,12.8,,0.6,,13.2,,0,T,0,,0,,0,,19,,,M,,M
-52.742777777777775,47.62222222222222,ST JOHN'S A,8403506,8403506.2003.12.22,2003-12-22 00:00:00,NL,2003,12,22,-3.8,,-7.6,,0,,0.4,,0,,0.4,,11,,22,E,41,E,0,,21.8,,,M,,M
-52.742777777777775,47.62222222222222,ST JOHN'S A,8403506,8403506.2003.12.23,2003-12-23 00:00:00,NL,2003,12,23,-2.7,,-6.7,,1.3,,0,,0,,0,,11,,0,,0,,0,,20.7,,,M,,M
-52.742777777777775,47.62222222222222,ST JOHN'S A,8403506,8403506.2003.12.24,2003-12-24 00:00:00,NL,2003,12,24,1.3,,-1.3,,3.9,,0,,0,,0,,10,,0,,0,,0,,16.7,,,M,,M
-52.742777777777775,47.62222222222222,ST JOHN'S A,8403506,8403506.2003.12.25,2003-12-25 00:00:00,NL,2003,12,25,8.2,,3.9,,12.4,,1.8,,1.8,,0,,2,,23,E,41,E,0,,9.8,,,M,,M
-52.742777777777775,47.62222222222222,ST JOHN'S A,8403506,8403506.2003.12.26,2003-12-26 00:00:00,NL,2003,12,26,7.2,,1.4,,12.9,,4.8,,4.8,,0,,0,,24,E,57,E,0,,10.8,,,M,,M
-52.742777777777775,47.62222222222222,ST JOHN'S A,8403506,8403506.2003.12.27,2003-12-27 00:00:00,NL,2003,12,27,1.6,,-0.9,,4.1,,0,T,0,T,0,T,0,,0,,0,,0,,16.4,,,M,,M
-52.742777777777775,47.62222222222222,ST JOHN'S A,8403506,8403506.2003.12.28,2003-12-28 00:00:00,NL,2003,12,28,1,,0.4,,1.6,,17.8,,17.4,,0.4,,0,,0,,0,,0,,17,,,M,,M
-52.742777777777775,47.62222222222222,ST JOHN'S A,8403506,8403506.2003.12.29,2003-12-29 00:00:00,NL,2003,12,29,0.5,,-0.5,,1.5,,7.2,,7.2,,0,,0,,1,E,43,E,0,,17.5,,,M,,M
-52.742777777777775,47.62222222222222,ST JOHN'S A,8403506,8403506.2003.12.30,2003-12-30 00:00:00,NL,2003,12,30,1.9,,-0.8,,4.5,,0,,0,,0,,0,,0,,0,,0,,16.1,,,M,,M
-52.742777777777775,47.62222222222222,ST JOHN'S A,8403506,8403506.2003.12.31,2003-12-31 00:00:00,NL,2003,12,31,1.1,,-1.7,,3.8,,6.4,,5.4,,1,,0,,0,,0,,0,,16.9,,,M,,M
-52.742777777777775,47.62222222222222,ST JOHN'S A,8403506,8403506.2004.1.1,2004-01-01 00:00:00,NL,2004,1,1,-1.1,,-2.2,,0.1,,1,,0,,1,,1,,25,E,46,E,0,,19.1,,,M,,M
-52.742777777777775,47.62222222222222,ST JOHN'S A,8403506,8403506.2004.1.2,2004-01-02 00:00:00,NL,2004,1,2,-3.6,,-5.7,,-1.5,,0,T,0,,0,T,2,,28,E,35,E,0,,21.6,,,M,,M
-52.742777777777775,47.62222222222222,ST JOHN'S A,8403506,8403506.2004.1.3,2004-01-03 00:00:00,NL,2004,1,3,-5.6,,-6.9,,-4.3,,0,T,0,,0,T,2,,0,,0,,0,,23.6,,,M,,M
-52.742777777777775,47.62222222222222,ST JOHN'S A,8403506,8403506.2004.1.4,2004-01-04 00:00:00,NL,2004,1,4,-2.7,,-7.8,,2.5,,5,,0.8,,4.2,,2,,27,E,48,E,0,,20.7,,,M,,M
-52.742777777777775,47.62222222222222,ST JOHN'S A,8403506,8403506.2004.1.5,2004-01-05 00:00:00,NL,2004,1,5,-2.3,,-4.4,,-0.2,,0,,0,,0,,3,,27,E,59,E,0,,20.3,,,M,,M
-52.742777777777775,47.62222222222222,ST JOHN'S A,8403506,8403506.2004.1.6,2004-01-06 00:00:00,NL,2004,1,6,-2.2,,-3.4,,-0.9,,0,T,0,,0,T,3,,0,,0,,0,,20.2,,,M,,M
-52.742777777777775,47.62222222222222,ST JOHN'S A,8403506,8403506.2004.1.7,2004-01-07 00:00:00,NL,2004,1,7,-3.8,,-7.5,,0,,2.8,,0,,2.8,,4,,27,E,41,E,0,,21.8,,,M,,M
-52.742777777777775,47.62222222222222,ST JOHN'S A,8403506,8403506.2004.1.8,2004-01-08 00:00:00,NL,2004,1,8,-9,,-11.6,,-6.4,,9.6,,0,,10.2,,7,,0,,0,,0,,27,,,M,,M
-52.742777777777775,47.62222222222222,ST JOHN'S A,8403506,8403506.2004.1.9,2004-01-09 00:00:00,NL,2004,1,9,-9.4,,-13.4,,-5.4,,11,,0,,11,,23,,29,E,54,E,0,,27.4,,,M,,M
-52.742777777777775,47.62222222222222,ST JOHN'S A,8403506,8403506.2004.1.10,2004-01-10 00:00:00,NL,2004,1,10,-7.4,,-8.5,,-6.2,,0,T,0,,0,T,24,,28,E,37,E,0,,25.4,,,M,,M
-52.742777777777775,47.62222222222222,ST JOHN'S A,8403506,8403506.2004.1.11,2004-01-11 00:00:00,NL,2004,1,11,-9.2,,-10.5,,-7.9,,0.2,,0,,0.2,,22,,28,E,37,E,0,,27.2,,,M,,M
-52.742777777777775,47.62222222222222,ST JOHN'S A,8403506,8403506.2004.1.12,2004-01-12 00:00:00,NL,2004,1,12,-7,,-11.4,,-2.5,,2.2,,0,,2.6,,21,,28,E,41,E,0,,25,,,M,,M
-52.742777777777775,47.62222222222222,ST JOHN'S A,8403506,8403506.2004.1.13,2004-01-13 00:00:00,NL,2004,1,13,-4.6,,-6.9,,-2.3,,5.8,,0,T,6.4,,25,,0,,0,,0,,22.6,,,M,,M
-52.742777777777775,47.62222222222222,ST JOHN'S A,8403506,8403506.2004.1.14,2004-01-14 00:00:00,NL,2004,1,14,-5.9,,-11.6,,-0.1,,11.5,,0,T,11.9,,25,,25,E,57,E,0,,23.9,,,M,,M
-52.742777777777775,47.62222222222222,ST JOHN'S A,8403506,8403506.2004.1.15,2004-01-15 00:00:00,NL,2004,1,15,-7.3,,-11.6,,-3,,7.2,,0,,7.2,,40,,24,E,63,E,0,,25.3,,,M,,M
-52.742777777777775,47.62222222222222,ST JOHN'S A,8403506,8403506.2004.1.16,2004-01-16 00:00:00,NL,2004,1,16,-1.5,,-7.8,,4.9,,28.6,,18.6,,10,,35,,20,E,91,E,0,,19.5,,,M,,M
-52.742777777777775,47.62222222222222,ST JOHN'S A,8403506,8403506.2004.1.17,2004-01-17 00:00:00,NL,2004,1,17,-5,,-8.8,,-1.2,,5,,0,,5,,33,,18,E,33,E,0,,23,,,M,,M
-52.742777777777775,47.62222222222222,ST JOHN'S A,8403506,8403506.2004.1.18,2004-01-18 00:00:00,NL,2004,1,18,-5.5,,-9.9,,-1.1,,3,,0,,3,,36,,35,E,44,E,0,,23.5,,,M,,M
-52.742777777777775,47.62222222222222,ST JOHN'S A,8403506,8403506.2004.1.19,2004-01-19 00:00:00,NL,2004,1,19,-2.4,,-3.4,,-1.4,,0.8,,0,T,0.8,,38,,32,E,37,E,0,,20.4,,,M,,M
-52.742777777777775,47.62222222222222,ST JOHN'S A,8403506,8403506.2004.1.20,2004-01-20 00:00:00,NL,2004,1,20,-2.6,,-5.4,,0.2,,0.2,,0,T,0.2,,37,,25,E,41,E,0,,20.6,,,M,,M
-52.742777777777775,47.62222222222222,ST JOHN'S A,8403506,8403506.2004.1.21,2004-01-21 00:00:00,NL,2004,1,21,-2.9,,-4.3,,-1.5,,3,,0,,3,,37,,0,,0,,0,,20.9,,,M,,M
-52.742777777777775,47.62222222222222,ST JOHN'S A,8403506,8403506.2004.1.22,2004-01-22 00:00:00,NL,2004,1,22,-5.3,,-7.8,,-2.8,,0,T,0,,0,T,38,,0,,0,,0,,23.3,,,M,,M
-52.742777777777775,47.62222222222222,ST JOHN'S A,8403506,8403506.2004.1.23,2004-01-23 00:00:00,NL,2004,1,23,-0.8,,-4.5,,3,,20.6,,12.2,,8.4,,37,,15,E,63,E,0,,18.8,,,M,,M
-52.742777777777775,47.62222222222222,ST JOHN'S A,8403506,8403506.2004.1.24,2004-01-24 00:00:00,NL,2004,1,24,-4.7,,-9.8,,0.4,,0,T,0,,0,T,35,,27,E,37,E,0,,22.7,,,M,,M
-52.742777777777775,47.62222222222222,ST JOHN'S A,8403506,8403506.2004.1.25,2004-01-25 00:00:00,NL,2004,1,25,-5.2,,-10.5,,0.2,,20.8,,0,,20.8,,34,,9,E,56,E,0,,23.2,,,M,,M
-52.742777777777775,47.62222222222222,ST JOHN'S A,8403506,8403506.2004.1.26,2004-01-26 00:00:00,NL,2004,1,26,-4.9,,-5.8,,-3.9,,3.6,,0,,6,,53,,0,,0,,0,,22.9,,,M,,M
-52.742777777777775,47.62222222222222,ST JOHN'S A,8403506,8403506.2004.1.27,2004-01-27 00:00:00,NL,2004,1,27,-5.6,,-9.2,,-2,,3.6,,0,,6.2,,57,,0,,0,,0,,23.6,,,M,,M
-52.742777777777775,47.62222222222222,ST JOHN'S A,8403506,8403506.2004.1.28,2004-01-28 00:00:00,NL,2004,1,28,-6,,-9.2,,-2.8,,1,,0,T,1,,60,,27,E,35,E,0,,24,,,M,,M
-52.742777777777775,47.62222222222222,ST JOHN'S A,8403506,8403506.2004.1.29,2004-01-29 00:00:00,NL,2004,1,29,-3,,-4.3,,-1.7,,0,T,0,T,0,T,58,,0,,0,,0,,21,,,M,,M
-52.742777777777775,47.62222222222222,ST JOHN'S A,8403506,8403506.2004.1.30,2004-01-30 00:00:00,NL,2004,1,30,-4.5,,-6.3,,-2.7,,0.4,,0,,0.6,,58,,0,,0,,0,,22.5,,,M,,M
-52.742777777777775,47.62222222222222,ST JOHN'S A,8403506,8403506.2004.1.31,2004-01-31 00:00:00,NL,2004,1,31,-4.5,,-6,,-3,,0.6,,0,,0.6,,58,,26,E,41,E,0,,22.5,,,M,,M
-52.742777777777775,47.62222222222222,ST JOHN'S A,8403506,8403506.2004.2.1,2004-02-01 00:00:00,NL,2004,2,1,-1.4,,-3,,0.3,,3.8,,0,T,3.8,,58,,35,E,74,E,0,,19.4,,,M,,M
-52.742777777777775,47.62222222222222,ST JOHN'S A,8403506,8403506.2004.2.2,2004-02-02 00:00:00,NL,2004,2,2,-2.1,,-4,,-0.1,,1,,0,T,1,,58,,35,E,61,E,0,,20.1,,,M,,M
-52.742777777777775,47.62222222222222,ST JOHN'S A,8403506,8403506.2004.2.3,2004-02-03 00:00:00,NL,2004,2,3,-7,,-10.2,,-3.8,,0.2,,0,,0.2,,55,,32,E,32,E,0,,25,,,M,,M
-52.742777777777775,47.62222222222222,ST JOHN'S A,8403506,8403506.2004.2.4,2004-02-04 00:00:00,NL,2004,2,4,-4.9,,-9.4,,-0.3,,0,T,0,T,0,T,54,,17,E,44,E,0,,22.9,,,M,,M
-52.742777777777775,47.62222222222222,ST JOHN'S A,8403506,8403506.2004.2.5,2004-02-05 00:00:00,NL,2004,2,5,-4.3,,-9.6,,1.1,,2.2,,1,,2.4,,52,,27,E,50,E,0,,22.3,,,M,,M
-52.742777777777775,47.62222222222222,ST JOHN'S A,8403506,8403506.2004.2.6,2004-02-06 00:00:00,NL,2004,2,6,-6.4,,-8.2,,-4.6,,0.6,,0,,0.6,,54,,28,E,46,E,0,,24.4,,,M,,M
-52.742777777777775,47.62222222222222,ST JOHN'S A,8403506,8403506.2004.2.7,2004-02-07 00:00:00,NL,2004,2,7,0.4,,-4.9,,5.7,,12.4,,4.4,,9.1,,53,,14,E,43,E,0,,17.6,,,M,,M
-52.742777777777775,47.62222222222222,ST JOHN'S A,8403506,8403506.2004.2.8,2004-02-08 00:00:00,NL,2004,2,8,0.2,,-3.8,,4.1,,0,T,0,T,0,T,55,,26,E,78,E,0,,17.8,,,M,,M
-52.742777777777775,47.62222222222222,ST JOHN'S A,8403506,8403506.2004.2.9,2004-02-09 00:00:00,NL,2004,2,9,-5.3,,-7.3,,-3.2,,2.6,,0,,4.6,,56,,27,E,39,E,0,,23.3,,,M,,M
-52.742777777777775,47.62222222222222,ST JOHN'S A,8403506,8403506.2004.2.10,2004-02-10 00:00:00,NL,2004,2,10,-4.3,,-7.3,,-1.3,,0.4,,0,,0.4,,57,,0,,0,,0,,22.3,,,M,,M
-52.742777777777775,47.62222222222222,ST JOHN'S A,8403506,8403506.2004.2.11,2004-02-11 00:00:00,NL,2004,2,11,-4,,-6.8,,-1.1,,0.6,,0,,0.9,,57,,0,,0,,0,,22,,,M,,M
-52.742777777777775,47.62222222222222,ST JOHN'S A,8403506,8403506.2004.2.12,2004-02-12 00:00:00,NL,2004,2,12,-5,,-7.1,,-2.9,,3.2,,0,,4.2,,60,,28,E,43,E,0,,23,,,M,,M
-52.742777777777775,47.62222222222222,ST JOHN'S A,8403506,8403506.2004.2.13,2004-02-13 00:00:00,NL,2004,2,13,-6.8,,-9.8,,-3.8,,1,,0,,2.4,,60,,0,,0,,0,,24.8,,,M,,M
-52.742777777777775,47.62222222222222,ST JOHN'S A,8403506,8403506.2004.2.14,2004-02-14 00:00:00,NL,2004,2,14,-1.4,,-3.8,,1,,0.4,,0,,0.8,,61,,0,,0,,0,,19.4,,,M,,M
-52.742777777777775,47.62222222222222,ST JOHN'S A,8403506,8403506.2004.2.15,2004-02-15 00:00:00,NL,2004,2,15,-6.3,,-14.1,,1.5,,0,T,0,,0,T,60,,0,,0,,0,,24.3,,,M,,M
-52.742777777777775,47.62222222222222,ST JOHN'S A,8403506,8403506.2004.2.16,2004-02-16 00:00:00,NL,2004,2,16,-13.1,,-15.5,,-10.7,,0,T,0,,0,T,57,,27,E,56,E,0,,31.1,,,M,,M
-52.742777777777775,47.62222222222222,ST JOHN'S A,8403506,8403506.2004.2.17,2004-02-17 00:00:00,NL,2004,2,17,-10.6,,-12.1,,-9.1,,0,,0,,0,,57,,30,E,41,E,0,,28.6,,,M,,M
-52.742777777777775,47.62222222222222,ST JOHN'S A,8403506,8403506.2004.2.18,2004-02-18 00:00:00,NL,2004,2,18,-8,,-12.3,,-3.6,,0,,0,,0,,57,,0,,0,,0,,26,,,M,,M
-52.742777777777775,47.62222222222222,ST JOHN'S A,8403506,8403506.2004.2.19,2004-02-19 00:00:00,NL,2004,2,19,-1,,-5,,3,,11.6,,7.4,,4.2,,57,,14,E,72,E,0,,19,,,M,,M
-52.742777777777775,47.62222222222222,ST JOHN'S A,8403506,8403506.2004.2.20,2004-02-20 00:00:00,NL,2004,2,20,1.3,,-0.7,,3.3,,2.9,,0.8,,2.1,,56,,16,E,59,E,0,,16.7,,,M,,M
-52.742777777777775,47.62222222222222,ST JOHN'S A,8403506,8403506.2004.2.21,2004-02-21 00:00:00,NL,2004,2,21,-2.9,,-5.5,,-0.3,,0,T,0,T,0,T,52,,32,E,39,E,0,,20.9,,,M,,M
-52.742777777777775,47.62222222222222,ST JOHN'S A,8403506,8403506.2004.2.22,2004-02-22 00:00:00,NL,2004,2,22,-1.9,,-4.3,,0.5,,7,,1.6,,5.4,,48,,0,,0,,0,,19.9,,,M,,M
-52.742777777777775,47.62222222222222,ST JOHN'S A,8403506,8403506.2004.2.23,2004-02-23 00:00:00,NL,2004,2,23,1.4,,-1.2,,4,,5.8,,5.8,,0,,45,,0,,0,,0,,16.6,,,M,,M
-52.742777777777775,47.62222222222222,ST JOHN'S A,8403506,8403506.2004.2.24,2004-02-24 00:00:00,NL,2004,2,24,-0.5,,-2.4,,1.5,,0.4,,0.4,,0,T,40,,0,,0,,0,,18.5,,,M,,M
-52.742777777777775,47.62222222222222,ST JOHN'S A,8403506,8403506.2004.2.25,2004-02-25 00:00:00,NL,2004,2,25,-1.2,,-2.3,,-0.1,,0,T,0,,0,T,38,,0,,0,,0,,19.2,,,M,,M
-52.742777777777775,47.62222222222222,ST JOHN'S A,8403506,8403506.2004.2.26,2004-02-26 00:00:00,NL,2004,2,26,0.1,,-1.4,,1.6,,21.8,,21.4,,0.4,,37,,16,E,59,E,0,,17.9,,,M,,M
-52.742777777777775,47.62222222222222,ST JOHN'S A,8403506,8403506.2004.2.27,2004-02-27 00:00:00,NL,2004,2,27,-1.8,,-2.8,,-0.7,,1.6,,0,,1.6,,34,,17,E,37,E,0,,19.8,,,M,,M
-52.742777777777775,47.62222222222222,ST JOHN'S A,8403506,8403506.2004.2.28,2004-02-28 00:00:00,NL,2004,2,28,-2.6,,-4.7,,-0.4,,3,,0,T,3,,35,,32,E,46,E,0,,20.6,,,M,,M
-52.742777777777775,47.62222222222222,ST JOHN'S A,8403506,8403506.2004.2.29,2004-02-29 00:00:00,NL,2004,2,29,-4.2,,-5.3,,-3.1,,0.4,,0,,0.6,,37,,32,E,37,E,0,,22.2,,,M,,M
-52.742777777777775,47.62222222222222,ST JOHN'S A,8403506,8403506.2004.3.1,2004-03-01 00:00:00,NL,2004,3,1,-5.2,,-8.2,,-2.1,,0,,0,,0,,38,,0,,0,,0,,23.2,,,M,,M
-52.742777777777775,47.62222222222222,ST JOHN'S A,8403506,8403506.2004.3.2,2004-03-02 00:00:00,NL,2004,3,2,-3.7,,-7.7,,0.3,,0,T,0,,0,T,37,,28,E,32,E,0,,21.7,,,M,,M
-52.742777777777775,47.62222222222222,ST JOHN'S A,8403506,8403506.2004.3.3,2004-03-03 00:00:00,NL,2004,3,3,-2.3,,-5.3,,0.8,,16,,6.4,,9.6,,36,,14,E,43,E,0,,20.3,,,M,,M
-52.742777777777775,47.62222222222222,ST JOHN'S A,8403506,8403506.2004.3.4,2004-03-04 00:00:00,NL,2004,3,4,-1.3,,-2.6,,0,,0.6,,0,,0.6,,39,,30,E,50,E,0,,19.3,,,M,,M
-52.742777777777775,47.62222222222222,ST JOHN'S A,8403506,8403506.2004.3.5,2004-03-05 00:00:00,NL,2004,3,5,-3.2,,-4.6,,-1.8,,0.4,,0,,0.4,,39,,31,E,48,E,0,,21.2,,,M,,M
-52.742777777777775,47.62222222222222,ST JOHN'S A,8403506,8403506.2004.3.6,2004-03-06 00:00:00,NL,2004,3,6,-3.4,,-4.7,,-2.1,,4.6,,0,,5.2,,39,,11,E,52,E,0,,21.4,,,M,,M
-52.742777777777775,47.62222222222222,ST JOHN'S A,8403506,8403506.2004.3.7,2004-03-07 00:00:00,NL,2004,3,7,-1.6,,-2.4,,-0.7,,23.8,,3.4,,20.4,,48,,35,E,59,E,0,,19.6,,,M,,M
-52.742777777777775,47.62222222222222,ST JOHN'S A,8403506,8403506.2004.3.8,2004-03-08 00:00:00,NL,2004,3,8,-3.7,,-5,,-2.3,,8.4,,0,,8.4,,65,,33,E,56,E,0,,21.7,,,M,,M
-52.742777777777775,47.62222222222222,ST JOHN'S A,8403506,8403506.2004.3.9,2004-03-09 00:00:00,NL,2004,3,9,-3.6,,-5.2,,-2,,1,,0,,1,,65,,4,E,43,E,0,,21.6,,,M,,M
-52.742777777777775,47.62222222222222,ST JOHN'S A,8403506,8403506.2004.3.10,2004-03-10 00:00:00,NL,2004,3,10,-5.6,,-7.2,,-3.9,,0,T,0,,0,T,65,,27,E,39,E,0,,23.6,,,M,,M
-52.742777777777775,47.62222222222222,ST JOHN'S A,8403506,8403506.2004.3.11,2004-03-11 00:00:00,NL,2004,3,11,-2.7,,-6.2,,0.9,,0,T,0,,0,T,64,,27,E,37,E,0,,20.7,,,M,,M
-52.742777777777775,47.62222222222222,ST JOHN'S A,8403506,8403506.2004.3.12,2004-03-12 00:00:00,NL,2004,3,12,0.1,,-2.2,,2.4,,30,,30,,0,T,60,,,M,,M,0,,17.9,,,M,,M
-52.742777777777775,47.62222222222222,ST JOHN'S A,8403506,8403506.2004.3.13,2004-03-13 00:00:00,NL,2004,3,13,-1.2,,-2.5,,0.1,,0.4,,0,,0.4,,55,,32,E,52,E,0,,19.2,,,M,,M
-52.742777777777775,47.62222222222222,ST JOHN'S A,8403506,8403506.2004.3.14,2004-03-14 00:00:00,NL,2004,3,14,-3.6,,-5.3,,-1.8,,0,T,0,,0,T,55,,32,E,56,E,0,,21.6,,,M,,M
-52.742777777777775,47.62222222222222,ST JOHN'S A,8403506,8403506.2004.3.15,2004-03-15 00:00:00,NL,2004,3,15,-3.1,,-7.3,,1.1,,1.2,,0.2,,1,,55,,18,E,41,E,0,,21.1,,,M,,M
-52.742777777777775,47.62222222222222,ST JOHN'S A,8403506,8403506.2004.3.16,2004-03-16 00:00:00,NL,2004,3,16,-2.5,,-6.2,,1.2,,0,T,0,T,0,T,55,,25,E,50,E,0,,20.5,,,M,,M
-52.742777777777775,47.62222222222222,ST JOHN'S A,8403506,8403506.2004.3.17,2004-03-17 00:00:00,NL,2004,3,17,-6.1,,-7.4,,-4.7,,4.8,,0,,7.6,,54,,5,E,37,E,0,,24.1,,,M,,M
-52.742777777777775,47.62222222222222,ST JOHN'S A,8403506,8403506.2004.3.18,2004-03-18 00:00:00,NL,2004,3,18,-3,,-4.8,,-1.1,,6.2,,0,T,6.2,,60,,4,E,44,E,0,,21,,,M,,M
-52.742777777777775,47.62222222222222,ST JOHN'S A,8403506,8403506.2004.3.19,2004-03-19 00:00:00,NL,2004,3,19,-3.7,,-6.6,,-0.8,,2.8,,0,,2.8,,66,,36,E,41,E,0,,21.7,,,M,,M
-52.742777777777775,47.62222222222222,ST JOHN'S A,8403506,8403506.2004.3.20,2004-03-20 00:00:00,NL,2004,3,20,-2.1,,-5.3,,1.2,,4.4,,3.4,,1,,64,,10,E,50,E,0,,20.1,,,M,,M
-52.742777777777775,47.62222222222222,ST JOHN'S A,8403506,8403506.2004.3.21,2004-03-21 00:00:00,NL,2004,3,21,4.9,,0.4,,9.3,,0,T,0,T,0,,62,,18,E,46,E,0,,13.1,,,M,,M
-52.742777777777775,47.62222222222222,ST JOHN'S A,8403506,8403506.2004.3.22,2004-03-22 00:00:00,NL,2004,3,22,2.4,,-1.4,,6.2,,7.4,,7.4,,0,,54,,19,E,59,E,0,,15.6,,,M,,M
-52.742777777777775,47.62222222222222,ST JOHN'S A,8403506,8403506.2004.3.23,2004-03-23 00:00:00,NL,2004,3,23,-1.8,,-4.4,,0.8,,10.4,,0,,10.4,,49,,0,,0,,0,,19.8,,,M,,M
-52.742777777777775,47.62222222222222,ST JOHN'S A,8403506,8403506.2004.3.24,2004-03-24 00:00:00,NL,2004,3,24,-7.9,,-11.5,,-4.2,,0,,0,,0,,50,,0,,0,,0,,25.9,,,M,,M
-52.742777777777775,47.62222222222222,ST JOHN'S A,8403506,8403506.2004.3.25,2004-03-25 00:00:00,NL,2004,3,25,-6.2,,-11.7,,-0.6,,0,,0,,0,,48,,0,,0,,0,,24.2,,,M,,M
-52.742777777777775,47.62222222222222,ST JOHN'S A,8403506,8403506.2004.3.26,2004-03-26 00:00:00,NL,2004,3,26,-0.6,,-4.3,,3.1,,0,,0,,0,,48,,26,E,39,E,0,,18.6,,,M,,M
-52.742777777777775,47.62222222222222,ST JOHN'S A,8403506,8403506.2004.3.27,2004-03-27 00:00:00,NL,2004,3,27,1.6,,-3.5,,6.6,,0,,0,,0,,45,,25,E,32,E,0,,16.4,,,M,,M
-52.742777777777775,47.62222222222222,ST JOHN'S A,8403506,8403506.2004.3.28,2004-03-28 00:00:00,NL,2004,3,28,-3.2,,-7.1,,0.8,,2.4,,0,,2.4,,41,,1,,41,,0,,21.2,,,M,,M
-52.742777777777775,47.62222222222222,ST JOHN'S A,8403506,8403506.2004.3.29,2004-03-29 00:00:00,NL,2004,3,29,-4.8,,-7.8,,-1.7,,0,,0,,0,,42,,0,,0,,0,,22.8,,,M,,M
-52.742777777777775,47.62222222222222,ST JOHN'S A,8403506,8403506.2004.3.30,2004-03-30 00:00:00,NL,2004,3,30,1.5,,-3.8,,6.8,,0,,0,,0,,41,,26,E,33,E,0,,16.5,,,M,,M
-52.742777777777775,47.62222222222222,ST JOHN'S A,8403506,8403506.2004.3.31,2004-03-31 00:00:00,NL,2004,3,31,3,,-2.1,,8,,0,,0,,0,,38,,26,E,39,E,0,,15,,,M,,M
-52.742777777777775,47.62222222222222,ST JOHN'S A,8403506,8403506.2004.4.1,2004-04-01 00:00:00,NL,2004,4,1,-0.1,,-2.9,,2.7,,1.2,,0,,1.2,,28,,0,,0,,0,,18.1,,,M,,M
-52.742777777777775,47.62222222222222,ST JOHN'S A,8403506,8403506.2004.4.2,2004-04-02 00:00:00,NL,2004,4,2,-2.2,,-4.2,,-0.2,,1.2,,0,,1.2,,28,,0,,0,,0,,20.2,,,M,,M
-52.742777777777775,47.62222222222222,ST JOHN'S A,8403506,8403506.2004.4.3,2004-04-03 00:00:00,NL,2004,4,3,-0.8,,-3.7,,2.1,,0,,0,,0,,27,,17,E,48,E,0,,18.8,,,M,,M
-52.742777777777775,47.62222222222222,ST JOHN'S A,8403506,8403506.2004.4.4,2004-04-04 00:00:00,NL,2004,4,4,2.7,,0.6,,4.8,,3.2,,3.2,,0,,26,,17,E,52,E,0,,15.3,,,M,,M
-52.742777777777775,47.62222222222222,ST JOHN'S A,8403506,8403506.2004.4.5,2004-04-05 00:00:00,NL,2004,4,5,5.6,,2.8,,8.3,,0.2,,0.2,,0,,15,,17,E,35,E,0,,12.4,,,M,,M
-52.742777777777775,47.62222222222222,ST JOHN'S A,8403506,8403506.2004.4.6,2004-04-06 00:00:00,NL,2004,4,6,3.6,,1.4,,5.7,,10.6,,10.6,,0,,8,,14,E,39,E,0,,14.4,,,M,,M
-52.742777777777775,47.62222222222222,ST JOHN'S A,8403506,8403506.2004.4.7,2004-04-07 00:00:00,NL,2004,4,7,1.3,,0,,2.5,,8.2,,7.8,,0.4,,5,,0,,0,,0,,16.7,,,M,,M
-52.742777777777775,47.62222222222222,ST JOHN'S A,8403506,8403506.2004.4.8,2004-04-08 00:00:00,NL,2004,4,8,2.6,,-1.7,,6.9,,0,T,0,,0,T,4,,0,,0,,0,,15.4,,,M,,M
-52.742777777777775,47.62222222222222,ST JOHN'S A,8403506,8403506.2004.4.9,2004-04-09 00:00:00,NL,2004,4,9,2.5,,-0.7,,5.7,,9.6,,9.6,,0,,2,,0,,0,,0,,15.5,,,M,,M
-52.742777777777775,47.62222222222222,ST JOHN'S A,8403506,8403506.2004.4.10,2004-04-10 00:00:00,NL,2004,4,10,4.3,,0.9,,7.7,,6,,6,,0,,0,T,19,E,61,E,0,,13.7,,,M,,M
-52.742777777777775,47.62222222222222,ST JOHN'S A,8403506,8403506.2004.4.11,2004-04-11 00:00:00,NL,2004,4,11,3.1,,-1.2,,7.3,,0,,0,,0,,0,T,25,E,41,E,0,,14.9,,,M,,M
-52.742777777777775,47.62222222222222,ST JOHN'S A,8403506,8403506.2004.4.12,2004-04-12 00:00:00,NL,2004,4,12,3.8,,-0.9,,8.4,,0,,0,,0,,0,T,0,,0,,0,,14.2,,,M,,M
-52.742777777777775,47.62222222222222,ST JOHN'S A,8403506,8403506.2004.4.13,2004-04-13 00:00:00,NL,2004,4,13,5,,0.8,,9.1,,0,T,0,T,0,,0,T,0,,0,,0,,13,,,M,,M
-52.742777777777775,47.62222222222222,ST JOHN'S A,8403506,8403506.2004.4.14,2004-04-14 00:00:00,NL,2004,4,14,7.2,,1.4,,12.9,,0,T,0,T,0,,0,T,18,E,57,E,0,,10.8,,,M,,M
-52.742777777777775,47.62222222222222,ST JOHN'S A,8403506,8403506.2004.4.15,2004-04-15 00:00:00,NL,2004,4,15,14.2,,10.1,,18.2,,1.6,,1.6,,0,,0,T,21,E,52,E,0,,3.8,,,M,,M
-52.742777777777775,47.62222222222222,ST JOHN'S A,8403506,8403506.2004.4.16,2004-04-16 00:00:00,NL,2004,4,16,6.1,,0.6,,11.5,,12.6,,12.6,,0,,0,T,0,,0,,0,,11.9,,,M,,M
-52.742777777777775,47.62222222222222,ST JOHN'S A,8403506,8403506.2004.4.17,2004-04-17 00:00:00,NL,2004,4,17,7.8,,1,,14.6,,8,,8,,0,,0,T,25,E,33,E,0,,10.2,,,M,,M
-52.742777777777775,47.62222222222222,ST JOHN'S A,8403506,8403506.2004.4.18,2004-04-18 00:00:00,NL,2004,4,18,2.2,,-2.4,,6.7,,0.2,,0,T,0.2,,0,T,36,E,33,E,0,,15.8,,,M,,M
-52.742777777777775,47.62222222222222,ST JOHN'S A,8403506,8403506.2004.4.19,2004-04-19 00:00:00,NL,2004,4,19,0.6,,-2.8,,4,,2,,1.2,,0.8,,0,T,14,E,32,E,0,,17.4,,,M,,M
-52.742777777777775,47.62222222222222,ST JOHN'S A,8403506,8403506.2004.4.20,2004-04-20 00:00:00,NL,2004,4,20,4.2,,-0.9,,9.3,,2,,2,,0,,0,T,29,E,69,E,0,,13.8,,,M,,M
-52.742777777777775,47.62222222222222,ST JOHN'S A,8403506,8403506.2004.4.21,2004-04-21 00:00:00,NL,2004,4,21,2.2,,-1,,5.3,,0,T,0,,0,T,0,T,33,E,65,E,0,,15.8,,,M,,M
-52.742777777777775,47.62222222222222,ST JOHN'S A,8403506,8403506.2004.4.22,2004-04-22 00:00:00,NL,2004,4,22,4.8,,-0.2,,9.8,,4,,4,,0,,0,,24,E,63,E,0,,13.2,,,M,,M
-52.742777777777775,47.62222222222222,ST JOHN'S A,8403506,8403506.2004.4.23,2004-04-23 00:00:00,NL,2004,4,23,4.7,,-2.3,,11.6,,0.2,,0.2,,0,,0,,25,E,50,E,0,,13.3,,,M,,M
-52.742777777777775,47.62222222222222,ST JOHN'S A,8403506,8403506.2004.4.24,2004-04-24 00:00:00,NL,2004,4,24,1.2,,-4.2,,6.6,,7.8,,0,,7.8,,0,,7,E,50,E,0,,16.8,,,M,,M
-52.742777777777775,47.62222222222222,ST JOHN'S A,8403506,8403506.2004.4.25,2004-04-25 00:00:00,NL,2004,4,25,-1.1,,-2.9,,0.7,,15,,0,,15,,19,,34,E,67,E,0,,19.1,,,M,,M
-52.742777777777775,47.62222222222222,ST JOHN'S A,8403506,8403506.2004.4.26,2004-04-26 00:00:00,NL,2004,4,26,-1.2,,-2.4,,0.1,,5.2,,0,,5.2,,21,,34,E,70,E,0,,19.2,,,M,,M
-52.742777777777775,47.62222222222222,ST JOHN'S A,8403506,8403506.2004.4.27,2004-04-27 00:00:00,NL,2004,4,27,2.7,,-3.9,,9.3,,4.4,,4.4,,0,,20,,21,E,44,E,0,,15.3,,,M,,M
-52.742777777777775,47.62222222222222,ST JOHN'S A,8403506,8403506.2004.4.28,2004-04-28 00:00:00,NL,2004,4,28,8.6,,4.6,,12.6,,5.8,,5.8,,0,,12,,18,E,46,E,0,,9.4,,,M,,M
-52.742777777777775,47.62222222222222,ST JOHN'S A,8403506,8403506.2004.4.29,2004-04-29 00:00:00,NL,2004,4,29,2.8,,-0.7,,6.2,,0.2,,0.2,,0,,1,,0,,0,,0,,15.2,,,M,,M
-52.742777777777775,47.62222222222222,ST JOHN'S A,8403506,8403506.2004.4.30,2004-04-30 00:00:00,NL,2004,4,30,4.8,,-0.3,,9.9,,0,,0,,0,,0,T,0,,0,,0,,13.2,,,M,,M
-52.742777777777775,47.62222222222222,ST JOHN'S A,8403506,8403506.2004.5.1,2004-05-01 00:00:00,NL,2004,5,1,6.6,,2.5,,10.6,,0,,0,,0,,0,T,0,,0,,0,,11.4,,,M,,M
-52.742777777777775,47.62222222222222,ST JOHN'S A,8403506,8403506.2004.5.2,2004-05-02 00:00:00,NL,2004,5,2,8,,3.3,,12.6,,0,T,0,T,0,,0,T,0,,0,,0,,10,,,M,,M
-52.742777777777775,47.62222222222222,ST JOHN'S A,8403506,8403506.2004.5.3,2004-05-03 00:00:00,NL,2004,5,3,9.4,,1.2,,17.5,,0,,0,,0,,0,,0,,0,,0,,8.6,,,M,,M
-52.742777777777775,47.62222222222222,ST JOHN'S A,8403506,8403506.2004.5.4,2004-05-04 00:00:00,NL,2004,5,4,7.2,,1.8,,12.6,,0,T,0,T,0,,0,,16,E,35,E,0,,10.8,,,M,,M
-52.742777777777775,47.62222222222222,ST JOHN'S A,8403506,8403506.2004.5.5,2004-05-05 00:00:00,NL,2004,5,5,6.8,,1.9,,11.7,,1.2,,1.2,,0,,0,,16,E,41,E,0,,11.2,,,M,,M
-52.742777777777775,47.62222222222222,ST JOHN'S A,8403506,8403506.2004.5.6,2004-05-06 00:00:00,NL,2004,5,6,9.5,,1.4,,17.5,,0,,0,,0,,0,,0,,0,,0,,8.5,,,M,,M
-52.742777777777775,47.62222222222222,ST JOHN'S A,8403506,8403506.2004.5.7,2004-05-07 00:00:00,NL,2004,5,7,8.2,,2.5,,13.8,,0,T,0,T,0,,0,,0,,0,,0,,9.8,,,M,,M
-52.742777777777775,47.62222222222222,ST JOHN'S A,8403506,8403506.2004.5.8,2004-05-08 00:00:00,NL,2004,5,8,3,,-1.2,,7.1,,0,T,0,T,0,T,0,,26,E,63,E,0,,15,,,M,,M
-52.742777777777775,47.62222222222222,ST JOHN'S A,8403506,8403506.2004.5.9,2004-05-09 00:00:00,NL,2004,5,9,6.1,,1.5,,10.6,,0,,0,,0,,0,,27,E,82,E,0,,11.9,,,M,,M
-52.742777777777775,47.62222222222222,ST JOHN'S A,8403506,8403506.2004.5.10,2004-05-10 00:00:00,NL,2004,5,10,5.1,,-1.7,,11.8,,0.6,,0.6,,0,,0,,26,E,39,E,0,,12.9,,,M,,M
-52.742777777777775,47.62222222222222,ST JOHN'S A,8403506,8403506.2004.5.11,2004-05-11 00:00:00,NL,2004,5,11,4.1,,-2.5,,10.6,,3.6,,3.6,,0,,0,,20,E,46,E,0,,13.9,,,M,,M
-52.742777777777775,47.62222222222222,ST JOHN'S A,8403506,8403506.2004.5.12,2004-05-12 00:00:00,NL,2004,5,12,5,,-0.2,,10.2,,0,T,0,T,0,,0,,27,E,43,E,0,,13,,,M,,M
-52.742777777777775,47.62222222222222,ST JOHN'S A,8403506,8403506.2004.5.13,2004-05-13 00:00:00,NL,2004,5,13,4.4,,-0.5,,9.3,,1,,1,,0,,0,,34,E,65,E,0,,13.6,,,M,,M
-52.742777777777775,47.62222222222222,ST JOHN'S A,8403506,8403506.2004.5.14,2004-05-14 00:00:00,NL,2004,5,14,6.5,,-0.8,,13.7,,0,T,0,T,0,,0,,34,E,43,E,0,,11.5,,,M,,M
-52.742777777777775,47.62222222222222,ST JOHN'S A,8403506,8403506.2004.5.15,2004-05-15 00:00:00,NL,2004,5,15,6.8,,0.1,,13.4,,10,,10,,0,,0,,24,E,43,E,0,,11.2,,,M,,M
-52.742777777777775,47.62222222222222,ST JOHN'S A,8403506,8403506.2004.5.16,2004-05-16 00:00:00,NL,2004,5,16,3.4,,-0.4,,7.1,,2,,2,,0,,0,,0,,0,,0,,14.6,,,M,,M
-52.742777777777775,47.62222222222222,ST JOHN'S A,8403506,8403506.2004.5.17,2004-05-17 00:00:00,NL,2004,5,17,5,,-1.4,,11.4,,0,,0,,0,,0,,0,,0,,0,,13,,,M,,M
-52.742777777777775,47.62222222222222,ST JOHN'S A,8403506,8403506.2004.5.18,2004-05-18 00:00:00,NL,2004,5,18,5.3,,-2.1,,12.7,,0,,0,,0,,0,,0,,0,,0,,12.7,,,M,,M
-52.742777777777775,47.62222222222222,ST JOHN'S A,8403506,8403506.2004.5.19,2004-05-19 00:00:00,NL,2004,5,19,6.7,,2.7,,10.6,,4.4,,4.4,,0,,0,,26,E,41,E,0,,11.3,,,M,,M
-52.742777777777775,47.62222222222222,ST JOHN'S A,8403506,8403506.2004.5.20,2004-05-20 00:00:00,NL,2004,5,20,8,,2.9,,13,,0,,0,,0,,0,,0,,0,,0,,10,,,M,,M
-52.742777777777775,47.62222222222222,ST JOHN'S A,8403506,8403506.2004.5.21,2004-05-21 00:00:00,NL,2004,5,21,10.3,,3.9,,16.6,,0,T,0,T,0,,0,,0,,0,,0,,7.7,,,M,,M
-52.742777777777775,47.62222222222222,ST JOHN'S A,8403506,8403506.2004.5.22,2004-05-22 00:00:00,NL,2004,5,22,6.2,,1.5,,10.8,,0,T,0,T,0,,0,,0,,0,,0,,11.8,,,M,,M
-52.742777777777775,47.62222222222222,ST JOHN'S A,8403506,8403506.2004.5.23,2004-05-23 00:00:00,NL,2004,5,23,8.1,,0.7,,15.4,,0,T,0,T,0,,0,,0,,0,,0,,9.9,,,M,,M
-52.742777777777775,47.62222222222222,ST JOHN'S A,8403506,8403506.2004.5.24,2004-05-24 00:00:00,NL,2004,5,24,3.3,,-1.3,,7.9,,0,,0,,0,,0,,0,,0,,0,,14.7,,,M,,M
-52.742777777777775,47.62222222222222,ST JOHN'S A,8403506,8403506.2004.5.25,2004-05-25 00:00:00,NL,2004,5,25,6.9,,-0.4,,14.1,,0,,0,,0,,0,,0,,0,,0,,11.1,,,M,,M
-52.742777777777775,47.62222222222222,ST JOHN'S A,8403506,8403506.2004.5.26,2004-05-26 00:00:00,NL,2004,5,26,4.3,,-1.8,,10.3,,0,,0,,0,,0,,0,,0,,0,,13.7,,,M,,M
-52.742777777777775,47.62222222222222,ST JOHN'S A,8403506,8403506.2004.5.27,2004-05-27 00:00:00,NL,2004,5,27,6,,-0.8,,12.7,,0,,0,,0,,0,,0,,0,,0,,12,,,M,,M
-52.742777777777775,47.62222222222222,ST JOHN'S A,8403506,8403506.2004.5.28,2004-05-28 00:00:00,NL,2004,5,28,4.7,,2.4,,7,,5.4,,5.4,,0,,0,,0,,0,,0,,13.3,,,M,,M
-52.742777777777775,47.62222222222222,ST JOHN'S A,8403506,8403506.2004.5.29,2004-05-29 00:00:00,NL,2004,5,29,4.3,,2.9,,5.6,,10,,10,,0,,0,,0,,0,,0,,13.7,,,M,,M
-52.742777777777775,47.62222222222222,ST JOHN'S A,8403506,8403506.2004.5.30,2004-05-30 00:00:00,NL,2004,5,30,5.6,,2.2,,9,,3.4,,3.4,,0,,0,,28,E,37,E,0,,12.4,,,M,,M
-52.742777777777775,47.62222222222222,ST JOHN'S A,8403506,8403506.2004.5.31,2004-05-31 00:00:00,NL,2004,5,31,4.5,,2.1,,6.9,,8,,8,,0,,0,,0,,0,,0,,13.5,,,M,,M
-52.742777777777775,47.62222222222222,ST JOHN'S A,8403506,8403506.2004.6.1,2004-06-01 00:00:00,NL,2004,6,1,6.1,,2.3,,9.8,,0,T,0,T,0,,0,,0,,0,,0,,11.9,,,M,,M
-52.742777777777775,47.62222222222222,ST JOHN'S A,8403506,8403506.2004.6.2,2004-06-02 00:00:00,NL,2004,6,2,6.8,,4.2,,9.3,,0,T,0,T,0,,0,,0,,0,,0,,11.2,,,M,,M
-52.742777777777775,47.62222222222222,ST JOHN'S A,8403506,8403506.2004.6.3,2004-06-03 00:00:00,NL,2004,6,3,9.3,,4.1,,14.4,,6.8,,6.8,,0,,0,,14,E,33,E,0,,8.7,,,M,,M
-52.742777777777775,47.62222222222222,ST JOHN'S A,8403506,8403506.2004.6.4,2004-06-04 00:00:00,NL,2004,6,4,8.6,,3.7,,13.5,,3.3,,3.3,,0,,0,,25,E,41,E,0,,9.4,,,M,,M
-52.742777777777775,47.62222222222222,ST JOHN'S A,8403506,8403506.2004.6.5,2004-06-05 00:00:00,NL,2004,6,5,5.6,,3.2,,8,,1.4,,1.4,,0,,0,,32,E,37,E,0,,12.4,,,M,,M
-52.742777777777775,47.62222222222222,ST JOHN'S A,8403506,8403506.2004.6.6,2004-06-06 00:00:00,NL,2004,6,6,2.9,,0.3,,5.4,,1,,1,,0,,0,,35,E,33,E,0,,15.1,,,M,,M
-52.742777777777775,47.62222222222222,ST JOHN'S A,8403506,8403506.2004.6.7,2004-06-07 00:00:00,NL,2004,6,7,10.7,,2.4,,19,,0,,0,,0,,0,,0,,0,,0,,7.3,,,M,,M
-52.742777777777775,47.62222222222222,ST JOHN'S A,8403506,8403506.2004.6.8,2004-06-08 00:00:00,NL,2004,6,8,6.7,,2.7,,10.7,,0,T,0,T,0,,0,,0,,0,,0,,11.3,,,M,,M
-52.742777777777775,47.62222222222222,ST JOHN'S A,8403506,8403506.2004.6.9,2004-06-09 00:00:00,NL,2004,6,9,8.6,,2.7,,14.5,,1.8,,1.8,,0,,0,,21,E,44,E,0,,9.4,,,M,,M
-52.742777777777775,47.62222222222222,ST JOHN'S A,8403506,8403506.2004.6.10,2004-06-10 00:00:00,NL,2004,6,10,9.9,,4.9,,14.9,,0,,0,,0,,0,,28,E,52,E,0,,8.1,,,M,,M
-52.742777777777775,47.62222222222222,ST JOHN'S A,8403506,8403506.2004.6.11,2004-06-11 00:00:00,NL,2004,6,11,8.7,,4,,13.4,,0,,0,,0,,0,,28,E,50,E,0,,9.3,,,M,,M
-52.742777777777775,47.62222222222222,ST JOHN'S A,8403506,8403506.2004.6.12,2004-06-12 00:00:00,NL,2004,6,12,8.5,,4.3,,12.6,,0,T,0,T,0,,0,,0,,0,,0,,9.5,,,M,,M
-52.742777777777775,47.62222222222222,ST JOHN'S A,8403506,8403506.2004.6.13,2004-06-13 00:00:00,NL,2004,6,13,8.9,,3.9,,13.8,,0,,0,,0,,0,,0,,0,,0,,9.1,,,M,,M
-52.742777777777775,47.62222222222222,ST JOHN'S A,8403506,8403506.2004.6.14,2004-06-14 00:00:00,NL,2004,6,14,13.2,,5.9,,20.5,,0,,0,,0,,0,,0,,0,,0,,4.8,,,M,,M
-52.742777777777775,47.62222222222222,ST JOHN'S A,8403506,8403506.2004.6.15,2004-06-15 00:00:00,NL,2004,6,15,14.7,,8.3,,21.1,,0,T,0,T,0,,0,,0,,0,,0,,3.3,,,M,,M
-52.742777777777775,47.62222222222222,ST JOHN'S A,8403506,8403506.2004.6.16,2004-06-16 00:00:00,NL,2004,6,16,9.2,,6.6,,11.7,,3.8,,3.8,,0,,0,,18,E,41,E,0,,8.8,,,M,,M
-52.742777777777775,47.62222222222222,ST JOHN'S A,8403506,8403506.2004.6.17,2004-06-17 00:00:00,NL,2004,6,17,12.3,,6.2,,18.3,,0.8,,0.8,,0,,0,,0,,0,,0,,5.7,,,M,,M
-52.742777777777775,47.62222222222222,ST JOHN'S A,8403506,8403506.2004.6.18,2004-06-18 00:00:00,NL,2004,6,18,8.6,,5.8,,11.3,,1.8,,1.8,,0,,0,,0,,0,,0,,9.4,,,M,,M
-52.742777777777775,47.62222222222222,ST JOHN'S A,8403506,8403506.2004.6.19,2004-06-19 00:00:00,NL,2004,6,19,7.2,,1.7,,12.6,,0,T,0,T,0,,0,,0,,0,,0,,10.8,,,M,,M
-52.742777777777775,47.62222222222222,ST JOHN'S A,8403506,8403506.2004.6.20,2004-06-20 00:00:00,NL,2004,6,20,5.9,,1.6,,10.2,,0,T,0,T,0,,0,,0,,0,,0,,12.1,,,M,,M
-52.742777777777775,47.62222222222222,ST JOHN'S A,8403506,8403506.2004.6.21,2004-06-21 00:00:00,NL,2004,6,21,8.7,,6.3,,11.1,,3.2,,3.2,,0,,0,,0,,0,,0,,9.3,,,M,,M
-52.742777777777775,47.62222222222222,ST JOHN'S A,8403506,8403506.2004.6.22,2004-06-22 00:00:00,NL,2004,6,22,9.3,,5.3,,13.3,,4.2,,4.2,,0,,0,,33,E,37,E,0,,8.7,,,M,,M
-52.742777777777775,47.62222222222222,ST JOHN'S A,8403506,8403506.2004.6.23,2004-06-23 00:00:00,NL,2004,6,23,6.7,,4.7,,8.7,,1.2,,1.2,,0,,0,,32,E,33,E,0,,11.3,,,M,,M
-52.742777777777775,47.62222222222222,ST JOHN'S A,8403506,8403506.2004.6.24,2004-06-24 00:00:00,NL,2004,6,24,6.5,,3.7,,9.2,,0,T,0,T,0,,0,,0,,0,,0,,11.5,,,M,,M
-52.742777777777775,47.62222222222222,ST JOHN'S A,8403506,8403506.2004.6.25,2004-06-25 00:00:00,NL,2004,6,25,11.3,,3.1,,19.4,,0,,0,,0,,0,,26,E,41,E,0,,6.7,,,M,,M
-52.742777777777775,47.62222222222222,ST JOHN'S A,8403506,8403506.2004.6.26,2004-06-26 00:00:00,NL,2004,6,26,13.5,,8.6,,18.3,,0.2,,0.2,,0,,0,,24,E,52,E,0,,4.5,,,M,,M
-52.742777777777775,47.62222222222222,ST JOHN'S A,8403506,8403506.2004.6.27,2004-06-27 00:00:00,NL,2004,6,27,12.3,,9.2,,15.4,,10,,10,,0,,0,,0,,0,,0,,5.7,,,M,,M
-52.742777777777775,47.62222222222222,ST JOHN'S A,8403506,8403506.2004.6.28,2004-06-28 00:00:00,NL,2004,6,28,14.4,,9.3,,19.5,,0,T,0,T,0,,0,,0,,0,,0,,3.6,,,M,,M
-52.742777777777775,47.62222222222222,ST JOHN'S A,8403506,8403506.2004.6.29,2004-06-29 00:00:00,NL,2004,6,29,16.3,,9.7,,22.9,,0,,0,,0,,0,,0,,0,,0,,1.7,,,M,,M
-52.742777777777775,47.62222222222222,ST JOHN'S A,8403506,8403506.2004.6.30,2004-06-30 00:00:00,NL,2004,6,30,14.5,,10.1,,18.9,,0,,0,,0,,0,,0,,0,,0,,3.5,,,M,,M
-52.742777777777775,47.62222222222222,ST JOHN'S A,8403506,8403506.2004.7.1,2004-07-01 00:00:00,NL,2004,7,1,12.6,,9.7,,15.4,,1.6,,1.6,,0,,0,,0,,0,,0,,5.4,,,M,,M
-52.742777777777775,47.62222222222222,ST JOHN'S A,8403506,8403506.2004.7.2,2004-07-02 00:00:00,NL,2004,7,2,13.2,,9.3,,17.1,,0,T,0,T,0,,0,,0,,0,,0,,4.8,,,M,,M
-52.742777777777775,47.62222222222222,ST JOHN'S A,8403506,8403506.2004.7.3,2004-07-03 00:00:00,NL,2004,7,3,13.4,,8.7,,18.1,,0,,0,,0,,0,,0,,0,,0,,4.6,,,M,,M
-52.742777777777775,47.62222222222222,ST JOHN'S A,8403506,8403506.2004.7.4,2004-07-04 00:00:00,NL,2004,7,4,10,,7.9,,12,,0,T,0,T,0,,0,,0,,0,,0,,8,,,M,,M
-52.742777777777775,47.62222222222222,ST JOHN'S A,8403506,8403506.2004.7.5,2004-07-05 00:00:00,NL,2004,7,5,9,,8,,10,,4,,4,,0,,0,,0,,0,,0,,9,,,M,,M
-52.742777777777775,47.62222222222222,ST JOHN'S A,8403506,8403506.2004.7.6,2004-07-06 00:00:00,NL,2004,7,6,15.9,,8.8,,23,,0.8,,0.8,,0,,0,,26,E,41,E,0,,2.1,,,M,,M
-52.742777777777775,47.62222222222222,ST JOHN'S A,8403506,8403506.2004.7.7,2004-07-07 00:00:00,NL,2004,7,7,13.5,,9.7,,17.2,,0.8,,0.8,,0,,0,,25,E,37,E,0,,4.5,,,M,,M
-52.742777777777775,47.62222222222222,ST JOHN'S A,8403506,8403506.2004.7.8,2004-07-08 00:00:00,NL,2004,7,8,13.8,,8.9,,18.6,,0,,0,,0,,0,,0,,0,,0,,4.2,,,M,,M
-52.742777777777775,47.62222222222222,ST JOHN'S A,8403506,8403506.2004.7.9,2004-07-09 00:00:00,NL,2004,7,9,10.5,,8.6,,12.4,,6.2,,6.2,,0,,0,,0,,0,,0,,7.5,,,M,,M
-52.742777777777775,47.62222222222222,ST JOHN'S A,8403506,8403506.2004.7.10,2004-07-10 00:00:00,NL,2004,7,10,14.8,,8.6,,20.9,,3.4,,3.4,,0,,0,,0,,0,,0,,3.2,,,M,,M
-52.742777777777775,47.62222222222222,ST JOHN'S A,8403506,8403506.2004.7.11,2004-07-11 00:00:00,NL,2004,7,11,11.7,,8.7,,14.6,,0.2,,0.2,,0,,0,,0,,0,,0,,6.3,,,M,,M
-52.742777777777775,47.62222222222222,ST JOHN'S A,8403506,8403506.2004.7.12,2004-07-12 00:00:00,NL,2004,7,12,10.2,,7.1,,13.2,,0.2,,0.2,,0,,0,,0,,0,,0,,7.8,,,M,,M
-52.742777777777775,47.62222222222222,ST JOHN'S A,8403506,8403506.2004.7.13,2004-07-13 00:00:00,NL,2004,7,13,15,,8.8,,21.1,,0,,0,,0,,0,,0,,0,,0,,3,,,M,,M
-52.742777777777775,47.62222222222222,ST JOHN'S A,8403506,8403506.2004.7.14,2004-07-14 00:00:00,NL,2004,7,14,17.5,,9.8,,25.1,,0,,0,,0,,0,,26,E,35,E,0,,0.5,,,M,,M
-52.742777777777775,47.62222222222222,ST JOHN'S A,8403506,8403506.2004.7.15,2004-07-15 00:00:00,NL,2004,7,15,13.7,,8.4,,18.9,,0,,0,,0,,0,,0,,0,,0,,4.3,,,M,,M
-52.742777777777775,47.62222222222222,ST JOHN'S A,8403506,8403506.2004.7.16,2004-07-16 00:00:00,NL,2004,7,16,18.4,,11.2,,25.6,,0,T,0,T,0,,0,,18,E,33,E,0.4,,0,,,M,,M
-52.742777777777775,47.62222222222222,ST JOHN'S A,8403506,8403506.2004.7.17,2004-07-17 00:00:00,NL,2004,7,17,20.9,,15.3,,26.4,,0,T,0,T,0,,0,,24,E,41,E,2.9,,0,,,M,,M
-52.742777777777775,47.62222222222222,ST JOHN'S A,8403506,8403506.2004.7.18,2004-07-18 00:00:00,NL,2004,7,18,16.5,,9.4,,23.5,,0,,0,,0,,0,,26,E,33,E,0,,1.5,,,M,,M
-52.742777777777775,47.62222222222222,ST JOHN'S A,8403506,8403506.2004.7.19,2004-07-19 00:00:00,NL,2004,7,19,15.8,,9.8,,21.8,,8.2,,8.2,,0,,0,,22,E,46,E,0,,2.2,,,M,,M
-52.742777777777775,47.62222222222222,ST JOHN'S A,8403506,8403506.2004.7.20,2004-07-20 00:00:00,NL,2004,7,20,19.2,,16.6,,21.7,,9,,9,,0,,0,,25,E,52,E,1.2,,0,,,M,,M
-52.742777777777775,47.62222222222222,ST JOHN'S A,8403506,8403506.2004.7.21,2004-07-21 00:00:00,NL,2004,7,21,19.9,,16.3,,23.4,,0,T,0,T,0,,0,,25,E,35,E,1.9,,0,,,M,,M
-52.742777777777775,47.62222222222222,ST JOHN'S A,8403506,8403506.2004.7.22,2004-07-22 00:00:00,NL,2004,7,22,20.8,,16.1,,25.4,,0,,0,,0,,0,,24,E,41,E,2.8,,0,,,M,,M
-52.742777777777775,47.62222222222222,ST JOHN'S A,8403506,8403506.2004.7.23,2004-07-23 00:00:00,NL,2004,7,23,23.5,,19.1,,27.9,,0,T,0,T,0,,0,,25,E,52,E,5.5,,0,,,M,,M
-52.742777777777775,47.62222222222222,ST JOHN'S A,8403506,8403506.2004.7.24,2004-07-24 00:00:00,NL,2004,7,24,23.8,,19.5,,28,,0,T,0,T,0,,0,,24,E,48,E,5.8,,0,,,M,,M
-52.742777777777775,47.62222222222222,ST JOHN'S A,8403506,8403506.2004.7.25,2004-07-25 00:00:00,NL,2004,7,25,16.5,,12.5,,20.5,,12.6,,12.6,,0,,0,,0,,0,,0,,1.5,,,M,,M
-52.742777777777775,47.62222222222222,ST JOHN'S A,8403506,8403506.2004.7.26,2004-07-26 00:00:00,NL,2004,7,26,15,,12.7,,17.2,,2.4,,2.4,,0,,0,,32,E,32,E,0,,3,,,M,,M
-52.742777777777775,47.62222222222222,ST JOHN'S A,8403506,8403506.2004.7.27,2004-07-27 00:00:00,NL,2004,7,27,18.5,,12.4,,24.5,,0,,0,,0,,0,,0,,0,,0.5,,0,,,M,,M
-52.742777777777775,47.62222222222222,ST JOHN'S A,8403506,8403506.2004.7.28,2004-07-28 00:00:00,NL,2004,7,28,19.5,,13.4,,25.5,,0,,0,,0,,0,,27,E,43,E,1.5,,0,,,M,,M
-52.742777777777775,47.62222222222222,ST JOHN'S A,8403506,8403506.2004.7.29,2004-07-29 00:00:00,NL,2004,7,29,19.5,,14.1,,24.8,,0,T,0,T,0,,0,,0,,0,,1.5,,0,,,M,,M
-52.742777777777775,47.62222222222222,ST JOHN'S A,8403506,8403506.2004.7.30,2004-07-30 00:00:00,NL,2004,7,30,19.9,,14.3,,25.4,,0.6,,0.6,,0,,0,,29,E,37,E,1.9,,0,,,M,,M
-52.742777777777775,47.62222222222222,ST JOHN'S A,8403506,8403506.2004.7.31,2004-07-31 00:00:00,NL,2004,7,31,21.7,,14,,29.3,,0,,0,,0,,0,,26,E,44,E,3.7,,0,,,M,,M
-52.742777777777775,47.62222222222222,ST JOHN'S A,8403506,8403506.2004.8.1,2004-08-01 00:00:00,NL,2004,8,1,20,,16.6,,23.3,,0,T,0,T,0,,0,,25,E,48,E,2,,0,,,M,,M
-52.742777777777775,47.62222222222222,ST JOHN'S A,8403506,8403506.2004.8.2,2004-08-02 00:00:00,NL,2004,8,2,21.4,,14.7,,28.1,,0,,0,,0,,0,,25,E,39,E,3.4,,0,,,M,,M
-52.742777777777775,47.62222222222222,ST JOHN'S A,8403506,8403506.2004.8.3,2004-08-03 00:00:00,NL,2004,8,3,20.1,,13.3,,26.9,,0,,0,,0,,0,,25,E,32,E,2.1,,0,,,M,,M
-52.742777777777775,47.62222222222222,ST JOHN'S A,8403506,8403506.2004.8.4,2004-08-04 00:00:00,NL,2004,8,4,18.8,,13.9,,23.6,,0.4,,0.4,,0,,0,,24,E,33,E,0.8,,0,,,M,,M
-52.742777777777775,47.62222222222222,ST JOHN'S A,8403506,8403506.2004.8.5,2004-08-05 00:00:00,NL,2004,8,5,18.5,,14.2,,22.7,,0,T,0,T,0,,0,,0,,0,,0.5,,0,,,M,,M
-52.742777777777775,47.62222222222222,ST JOHN'S A,8403506,8403506.2004.8.6,2004-08-06 00:00:00,NL,2004,8,6,18.6,,13.5,,23.6,,0,,0,,0,,0,,27,E,33,E,0.6,,0,,,M,,M
-52.742777777777775,47.62222222222222,ST JOHN'S A,8403506,8403506.2004.8.7,2004-08-07 00:00:00,NL,2004,8,7,21.6,,15,,28.2,,0.2,,0.2,,0,,0,,16,E,50,E,3.6,,0,,,M,,M
-52.742777777777775,47.62222222222222,ST JOHN'S A,8403506,8403506.2004.8.8,2004-08-08 00:00:00,NL,2004,8,8,21.9,,15.5,,28.3,,0,T,0,T,0,,0,,22,E,50,E,3.9,,0,,,M,,M
-52.742777777777775,47.62222222222222,ST JOHN'S A,8403506,8403506.2004.8.9,2004-08-09 00:00:00,NL,2004,8,9,17.7,,13.5,,21.9,,0,T,0,T,0,,0,,25,E,35,E,0,,0.3,,,M,,M
-52.742777777777775,47.62222222222222,ST JOHN'S A,8403506,8403506.2004.8.10,2004-08-10 00:00:00,NL,2004,8,10,17.6,,12.4,,22.8,,0,,0,,0,,0,,0,,0,,0,,0.4,,,M,,M
-52.742777777777775,47.62222222222222,ST JOHN'S A,8403506,8403506.2004.8.11,2004-08-11 00:00:00,NL,2004,8,11,17.9,,12,,23.8,,0,,0,,0,,0,,0,,0,,0,,0.1,,,M,,M
-52.742777777777775,47.62222222222222,ST JOHN'S A,8403506,8403506.2004.8.12,2004-08-12 00:00:00,NL,2004,8,12,19.8,,11.8,,27.8,,0,,0,,0,,0,,0,,0,,1.8,,0,,,M,,M
-52.742777777777775,47.62222222222222,ST JOHN'S A,8403506,8403506.2004.8.13,2004-08-13 00:00:00,NL,2004,8,13,21.6,,16.6,,26.5,,0,,0,,0,,0,,26,E,37,E,3.6,,0,,,M,,M
-52.742777777777775,47.62222222222222,ST JOHN'S A,8403506,8403506.2004.8.14,2004-08-14 00:00:00,NL,2004,8,14,20.6,,15.8,,25.4,,0,,0,,0,,0,,24,E,52,E,2.6,,0,,,M,,M
-52.742777777777775,47.62222222222222,ST JOHN'S A,8403506,8403506.2004.8.15,2004-08-15 00:00:00,NL,2004,8,15,20.5,,14.1,,26.9,,0.8,,0.8,,0,,0,,24,E,56,E,2.5,,0,,,M,,M
-52.742777777777775,47.62222222222222,ST JOHN'S A,8403506,8403506.2004.8.16,2004-08-16 00:00:00,NL,2004,8,16,18.5,,12.1,,24.8,,0,,0,,0,,0,,0,,0,,0.5,,0,,,M,,M
-52.742777777777775,47.62222222222222,ST JOHN'S A,8403506,8403506.2004.8.17,2004-08-17 00:00:00,NL,2004,8,17,16.5,,15.1,,17.8,,12.4,,12.4,,0,,0,,14,E,41,E,0,,1.5,,,M,,M
-52.742777777777775,47.62222222222222,ST JOHN'S A,8403506,8403506.2004.8.18,2004-08-18 00:00:00,NL,2004,8,18,16,,13.5,,18.4,,0.8,,0.8,,0,,0,,29,E,56,E,0,,2,,,M,,M
-52.742777777777775,47.62222222222222,ST JOHN'S A,8403506,8403506.2004.8.19,2004-08-19 00:00:00,NL,2004,8,19,16.1,,11.4,,20.7,,0,T,0,T,0,,0,,32,E,41,E,0,,1.9,,,M,,M
-52.742777777777775,47.62222222222222,ST JOHN'S A,8403506,8403506.2004.8.20,2004-08-20 00:00:00,NL,2004,8,20,18.2,,12.6,,23.7,,2,,2,,0,,0,,24,E,41,E,0.2,,0,,,M,,M
-52.742777777777775,47.62222222222222,ST JOHN'S A,8403506,8403506.2004.8.21,2004-08-21 00:00:00,NL,2004,8,21,19.3,,17,,21.6,,2.2,,2.2,,0,,0,,24,E,52,E,1.3,,0,,,M,,M
-52.742777777777775,47.62222222222222,ST JOHN'S A,8403506,8403506.2004.8.22,2004-08-22 00:00:00,NL,2004,8,22,21.3,,16.9,,25.6,,1.2,,1.2,,0,,0,,24,E,61,E,3.3,,0,,,M,,M
-52.742777777777775,47.62222222222222,ST JOHN'S A,8403506,8403506.2004.8.23,2004-08-23 00:00:00,NL,2004,8,23,18.7,,15.5,,21.9,,1.4,,1.4,,0,,0,,0,,0,,0.7,,0,,,M,,M
-52.742777777777775,47.62222222222222,ST JOHN'S A,8403506,8403506.2004.8.24,2004-08-24 00:00:00,NL,2004,8,24,20.2,,16.8,,23.6,,6,,6,,0,,0,,20,E,41,E,2.2,,0,,,M,,M
-52.742777777777775,47.62222222222222,ST JOHN'S A,8403506,8403506.2004.8.25,2004-08-25 00:00:00,NL,2004,8,25,14,,11,,16.9,,0.2,,0.2,,0,,0,,2,E,41,E,0,,4,,,M,,M
-52.742777777777775,47.62222222222222,ST JOHN'S A,8403506,8403506.2004.8.26,2004-08-26 00:00:00,NL,2004,8,26,11.8,,10.6,,13,,0.6,,0.6,,0,,0,,3,E,33,E,0,,6.2,,,M,,M
-52.742777777777775,47.62222222222222,ST JOHN'S A,8403506,8403506.2004.8.27,2004-08-27 00:00:00,NL,2004,8,27,13.2,,10.7,,15.6,,0,T,0,T,0,,0,,0,,0,,0,,4.8,,,M,,M
-52.742777777777775,47.62222222222222,ST JOHN'S A,8403506,8403506.2004.8.28,2004-08-28 00:00:00,NL,2004,8,28,18.1,,12.1,,24.1,,1.2,,1.2,,0,,0,,25,E,37,E,0.1,,0,,,M,,M
-52.742777777777775,47.62222222222222,ST JOHN'S A,8403506,8403506.2004.8.29,2004-08-29 00:00:00,NL,2004,8,29,11.4,,5.3,,17.4,,0,T,0,T,0,,0,,32,E,46,E,0,,6.6,,,M,,M
-52.742777777777775,47.62222222222222,ST JOHN'S A,8403506,8403506.2004.8.30,2004-08-30 00:00:00,NL,2004,8,30,10.3,,5,,15.5,,16.4,,16.4,,0,,0,,14,E,33,E,0,,7.7,,,M,,M
-52.742777777777775,47.62222222222222,ST JOHN'S A,8403506,8403506.2004.8.31,2004-08-31 00:00:00,NL,2004,8,31,15.8,,10.8,,20.7,,13,,13,,0,,0,,23,E,65,E,0,,2.2,,,M,,M
-52.742777777777775,47.62222222222222,ST JOHN'S A,8403506,8403506.2004.9.1,2004-09-01 00:00:00,NL,2004,9,1,15.9,,11.8,,19.9,,2.2,,2.2,,0,,0,,23,E,70,E,0,,2.1,,,M,,M
-52.742777777777775,47.62222222222222,ST JOHN'S A,8403506,8403506.2004.9.2,2004-09-02 00:00:00,NL,2004,9,2,12.2,,6.9,,17.4,,0,,0,,0,,0,,30,E,46,E,0,,5.8,,,M,,M
-52.742777777777775,47.62222222222222,ST JOHN'S A,8403506,8403506.2004.9.3,2004-09-03 00:00:00,NL,2004,9,3,11.8,,6.9,,16.6,,0,T,0,T,0,,0,,27,E,54,E,0,,6.2,,,M,,M
-52.742777777777775,47.62222222222222,ST JOHN'S A,8403506,8403506.2004.9.4,2004-09-04 00:00:00,NL,2004,9,4,9.3,,6.6,,11.9,,16.2,,16.2,,0,,0,,7,E,39,E,0,,8.7,,,M,,M
-52.742777777777775,47.62222222222222,ST JOHN'S A,8403506,8403506.2004.9.5,2004-09-05 00:00:00,NL,2004,9,5,8.3,,5.4,,11.1,,6.6,,6.6,,0,,0,,33,E,50,E,0,,9.7,,,M,,M
-52.742777777777775,47.62222222222222,ST JOHN'S A,8403506,8403506.2004.9.6,2004-09-06 00:00:00,NL,2004,9,6,10.4,,5.1,,15.6,,0,,0,,0,,0,,25,E,39,E,0,,7.6,,,M,,M
-52.742777777777775,47.62222222222222,ST JOHN'S A,8403506,8403506.2004.9.7,2004-09-07 00:00:00,NL,2004,9,7,13.5,,9.9,,17.1,,0.4,,0.4,,0,,0,,24,E,44,E,0,,4.5,,,M,,M
-52.742777777777775,47.62222222222222,ST JOHN'S A,8403506,8403506.2004.9.8,2004-09-08 00:00:00,NL,2004,9,8,17.1,,12.3,,21.9,,0,,0,,0,,0,,26,E,52,E,0,,0.9,,,M,,M
-52.742777777777775,47.62222222222222,ST JOHN'S A,8403506,8403506.2004.9.9,2004-09-09 00:00:00,NL,2004,9,9,14,,9.7,,18.2,,0,,0,,0,,0,,0,,0,,0,,4,,,M,,M
-52.742777777777775,47.62222222222222,ST JOHN'S A,8403506,8403506.2004.9.10,2004-09-10 00:00:00,NL,2004,9,10,16,,11.6,,20.3,,13.6,,13.6,,0,,0,,24,E,67,E,0,,2,,,M,,M
-52.742777777777775,47.62222222222222,ST JOHN'S A,8403506,8403506.2004.9.11,2004-09-11 00:00:00,NL,2004,9,11,10.8,,3.6,,18,,4.6,,4.6,,0,,0,,6,E,41,E,0,,7.2,,,M,,M
-52.742777777777775,47.62222222222222,ST JOHN'S A,8403506,8403506.2004.9.12,2004-09-12 00:00:00,NL,2004,9,12,9.4,,3.7,,15.1,,0,,0,,0,,0,,0,,0,,0,,8.6,,,M,,M
-52.742777777777775,47.62222222222222,ST JOHN'S A,8403506,8403506.2004.9.13,2004-09-13 00:00:00,NL,2004,9,13,15,,10,,19.9,,0,T,0,T,0,,0,,26,E,44,E,0,,3,,,M,,M
-52.742777777777775,47.62222222222222,ST JOHN'S A,8403506,8403506.2004.9.14,2004-09-14 00:00:00,NL,2004,9,14,7.1,,2.1,,12.1,,2.3,,2.3,,0,,0,,36,E,44,E,0,,10.9,,,M,,M
-52.742777777777775,47.62222222222222,ST JOHN'S A,8403506,8403506.2004.9.15,2004-09-15 00:00:00,NL,2004,9,15,11.9,,6.3,,17.5,,0,,0,,0,,0,,26,E,82,E,0,,6.1,,,M,,M
-52.742777777777775,47.62222222222222,ST JOHN'S A,8403506,8403506.2004.9.16,2004-09-16 00:00:00,NL,2004,9,16,17.8,,12.7,,22.8,,0,,0,,0,,0,,27,E,52,E,0,,0.2,,,M,,M
-52.742777777777775,47.62222222222222,ST JOHN'S A,8403506,8403506.2004.9.17,2004-09-17 00:00:00,NL,2004,9,17,16.6,,11.3,,21.9,,0,T,0,T,0,,0,,22,E,46,E,0,,1.4,,,M,,M
-52.742777777777775,47.62222222222222,ST JOHN'S A,8403506,8403506.2004.9.18,2004-09-18 00:00:00,NL,2004,9,18,16.6,,14,,19.2,,6.4,,6.4,,0,,0,,24,E,67,E,0,,1.4,,,M,,M
-52.742777777777775,47.62222222222222,ST JOHN'S A,8403506,8403506.2004.9.19,2004-09-19 00:00:00,NL,2004,9,19,15.4,,10.3,,20.4,,62,,62,,0,,0,,20,E,41,E,0,,2.6,,,M,,M
-52.742777777777775,47.62222222222222,ST JOHN'S A,8403506,8403506.2004.9.20,2004-09-20 00:00:00,NL,2004,9,20,11.7,,6.3,,17,,30.2,,30.2,,0,,0,,17,E,44,E,0,,6.3,,,M,,M
-52.742777777777775,47.62222222222222,ST JOHN'S A,8403506,8403506.2004.9.21,2004-09-21 00:00:00,NL,2004,9,21,9,,5.5,,12.5,,10,,10,,0,,0,,36,E,61,E,0,,9,,,M,,M
-52.742777777777775,47.62222222222222,ST JOHN'S A,8403506,8403506.2004.9.22,2004-09-22 00:00:00,NL,2004,9,22,6.7,,4.9,,8.4,,5.5,,5.5,,0,,0,,34,E,48,E,0,,11.3,,,M,,M
-52.742777777777775,47.62222222222222,ST JOHN'S A,8403506,8403506.2004.9.23,2004-09-23 00:00:00,NL,2004,9,23,9,,5.8,,12.2,,0.2,,0.2,,0,,0,,0,,0,,0,,9,,,M,,M
-52.742777777777775,47.62222222222222,ST JOHN'S A,8403506,8403506.2004.9.24,2004-09-24 00:00:00,NL,2004,9,24,7.2,,3.3,,11,,0,,0,,0,,0,,35,E,33,E,0,,10.8,,,M,,M
-52.742777777777775,47.62222222222222,ST JOHN'S A,8403506,8403506.2004.9.25,2004-09-25 00:00:00,NL,2004,9,25,10.7,,5.3,,16.1,,0,,0,,0,,0,,0,,0,,0,,7.3,,,M,,M
-52.742777777777775,47.62222222222222,ST JOHN'S A,8403506,8403506.2004.9.26,2004-09-26 00:00:00,NL,2004,9,26,14,,8.9,,19,,0,T,0,T,0,,0,,26,E,43,E,0,,4,,,M,,M
-52.742777777777775,47.62222222222222,ST JOHN'S A,8403506,8403506.2004.9.27,2004-09-27 00:00:00,NL,2004,9,27,10.5,,6.1,,14.9,,0,,0,,0,,0,,0,,0,,0,,7.5,,,M,,M
-52.742777777777775,47.62222222222222,ST JOHN'S A,8403506,8403506.2004.9.28,2004-09-28 00:00:00,NL,2004,9,28,13.2,,7.2,,19.2,,10.2,,10.2,,0,,0,,24,E,59,E,0,,4.8,,,M,,M
-52.742777777777775,47.62222222222222,ST JOHN'S A,8403506,8403506.2004.9.29,2004-09-29 00:00:00,NL,2004,9,29,9,,5.1,,12.9,,6.7,,6.7,,0,,0,,0,,0,,0,,9,,,M,,M
-52.742777777777775,47.62222222222222,ST JOHN'S A,8403506,8403506.2004.9.30,2004-09-30 00:00:00,NL,2004,9,30,9.2,,5.4,,12.9,,28.6,,28.6,,0,,0,,9,E,32,E,0,,8.8,,,M,,M
-52.742777777777775,47.62222222222222,ST JOHN'S A,8403506,8403506.2004.10.1,2004-10-01 00:00:00,NL,2004,10,1,7.6,,6.6,,8.5,,4.6,,4.6,,0,,0,,4,E,69,E,0,,10.4,,,M,,M
-52.742777777777775,47.62222222222222,ST JOHN'S A,8403506,8403506.2004.10.2,2004-10-02 00:00:00,NL,2004,10,2,7.7,,5.9,,9.4,,0,,0,,0,,0,,3,E,43,E,0,,10.3,,,M,,M
-52.742777777777775,47.62222222222222,ST JOHN'S A,8403506,8403506.2004.10.3,2004-10-03 00:00:00,NL,2004,10,3,8.2,,6.2,,10.2,,0,,0,,0,,0,,0,,0,,0,,9.8,,,M,,M
-52.742777777777775,47.62222222222222,ST JOHN'S A,8403506,8403506.2004.10.4,2004-10-04 00:00:00,NL,2004,10,4,9.3,,7.2,,11.3,,0,T,0,T,0,,0,,0,,0,,0,,8.7,,,M,,M
-52.742777777777775,47.62222222222222,ST JOHN'S A,8403506,8403506.2004.10.5,2004-10-05 00:00:00,NL,2004,10,5,10.7,,8.9,,12.4,,5.2,,5.2,,0,,0,,13,E,56,E,0,,7.3,,,M,,M
-52.742777777777775,47.62222222222222,ST JOHN'S A,8403506,8403506.2004.10.6,2004-10-06 00:00:00,NL,2004,10,6,9.9,,5.4,,14.4,,0.4,,0.4,,0,,0,,,M,,M,0,,8.1,,,M,,M
-52.742777777777775,47.62222222222222,ST JOHN'S A,8403506,8403506.2004.10.7,2004-10-07 00:00:00,NL,2004,10,7,8.6,,5.6,,11.6,,0,,0,,0,,0,,0,,0,,0,,9.4,,,M,,M
-52.742777777777775,47.62222222222222,ST JOHN'S A,8403506,8403506.2004.10.8,2004-10-08 00:00:00,NL,2004,10,8,7.8,,2.6,,13,,0,,0,,0,,0,,25,E,52,E,0,,10.2,,,M,,M
-52.742777777777775,47.62222222222222,ST JOHN'S A,8403506,8403506.2004.10.9,2004-10-09 00:00:00,NL,2004,10,9,14,,9.3,,18.6,,0,,0,,0,,0,,25,E,48,E,0,,4,,,M,,M
-52.742777777777775,47.62222222222222,ST JOHN'S A,8403506,8403506.2004.10.10,2004-10-10 00:00:00,NL,2004,10,10,13.6,,9.8,,17.4,,0,,0,,0,,0,,26,E,52,E,0,,4.4,,,M,,M
-52.742777777777775,47.62222222222222,ST JOHN'S A,8403506,8403506.2004.10.11,2004-10-11 00:00:00,NL,2004,10,11,11.1,,8.3,,13.8,,6.6,,6.6,,0,,0,,0,,0,,0,,6.9,,,M,,M
-52.742777777777775,47.62222222222222,ST JOHN'S A,8403506,8403506.2004.10.12,2004-10-12 00:00:00,NL,2004,10,12,12,,9.8,,14.1,,23.2,,23.2,,0,,0,,16,E,63,E,0,,6,,,M,,M
-52.742777777777775,47.62222222222222,ST JOHN'S A,8403506,8403506.2004.10.13,2004-10-13 00:00:00,NL,2004,10,13,15.1,,12.4,,17.8,,0.7,,0.7,,0,,0,,16,E,39,E,0,,2.9,,,M,,M
-52.742777777777775,47.62222222222222,ST JOHN'S A,8403506,8403506.2004.10.14,2004-10-14 00:00:00,NL,2004,10,14,13.6,,10.1,,17,,2.9,,2.9,,0,,0,,27,E,44,E,0,,4.4,,,M,,M
-52.742777777777775,47.62222222222222,ST JOHN'S A,8403506,8403506.2004.10.15,2004-10-15 00:00:00,NL,2004,10,15,10.3,,7.3,,13.2,,0.2,,0.2,,0,,0,,0,,0,,0,,7.7,,,M,,M
-52.742777777777775,47.62222222222222,ST JOHN'S A,8403506,8403506.2004.10.16,2004-10-16 00:00:00,NL,2004,10,16,6.8,,5.7,,7.9,,0.6,,0.6,,0,,0,,0,,0,,0,,11.2,,,M,,M
-52.742777777777775,47.62222222222222,ST JOHN'S A,8403506,8403506.2004.10.17,2004-10-17 00:00:00,NL,2004,10,17,8.1,,6.3,,9.9,,5.8,,5.8,,0,,0,,14,E,50,E,0,,9.9,,,M,,M
-52.742777777777775,47.62222222222222,ST JOHN'S A,8403506,8403506.2004.10.18,2004-10-18 00:00:00,NL,2004,10,18,10.5,,9.3,,11.6,,42.2,,42.2,,0,,0,,14,E,46,E,0,,7.5,,,M,,M
-52.742777777777775,47.62222222222222,ST JOHN'S A,8403506,8403506.2004.10.19,2004-10-19 00:00:00,NL,2004,10,19,10.8,,7.6,,14,,4.6,,4.6,,0,,0,,28,E,33,E,0,,7.2,,,M,,M
-52.742777777777775,47.62222222222222,ST JOHN'S A,8403506,8403506.2004.10.20,2004-10-20 00:00:00,NL,2004,10,20,7.6,,6.1,,9,,8.3,,8.3,,0,,0,,5,E,33,E,0,,10.4,,,M,,M
-52.742777777777775,47.62222222222222,ST JOHN'S A,8403506,8403506.2004.10.21,2004-10-21 00:00:00,NL,2004,10,21,6.3,,4.3,,8.2,,4.6,,4.6,,0,,0,,5,E,37,E,0,,11.7,,,M,,M
-52.742777777777775,47.62222222222222,ST JOHN'S A,8403506,8403506.2004.10.22,2004-10-22 00:00:00,NL,2004,10,22,3.6,,2.7,,4.4,,1.4,,1.4,,0,,0,,35,E,37,E,0,,14.4,,,M,,M
-52.742777777777775,47.62222222222222,ST JOHN'S A,8403506,8403506.2004.10.23,2004-10-23 00:00:00,NL,2004,10,23,4.2,,3.1,,5.3,,0,T,0,T,0,,0,,0,,0,,0,,13.8,,,M,,M
-52.742777777777775,47.62222222222222,ST JOHN'S A,8403506,8403506.2004.10.24,2004-10-24 00:00:00,NL,2004,10,24,3.3,,-0.4,,7,,0,,0,,0,,0,,0,,0,,0,,14.7,,,M,,M
-52.742777777777775,47.62222222222222,ST JOHN'S A,8403506,8403506.2004.10.25,2004-10-25 00:00:00,NL,2004,10,25,4.8,,-1,,10.6,,0,,0,,0,,0,,0,,0,,0,,13.2,,,M,,M
-52.742777777777775,47.62222222222222,ST JOHN'S A,8403506,8403506.2004.10.26,2004-10-26 00:00:00,NL,2004,10,26,7.8,,6.8,,8.8,,0,,0,,0,,0,,0,,0,,0,,10.2,,,M,,M
-52.742777777777775,47.62222222222222,ST JOHN'S A,8403506,8403506.2004.10.27,2004-10-27 00:00:00,NL,2004,10,27,8.2,,6.9,,9.4,,0.2,,0.2,,0,,0,,7,E,37,E,0,,9.8,,,M,,M
-52.742777777777775,47.62222222222222,ST JOHN'S A,8403506,8403506.2004.10.28,2004-10-28 00:00:00,NL,2004,10,28,5.5,,3,,7.9,,33.6,,33.6,,0,,0,,33,E,83,E,0,,12.5,,,M,,M
-52.742777777777775,47.62222222222222,ST JOHN'S A,8403506,8403506.2004.10.29,2004-10-29 00:00:00,NL,2004,10,29,1.5,,-0.2,,3.1,,23.4,,5.8,,17.6,,0,T,30,E,83,E,0,,16.5,,,M,,M
-52.742777777777775,47.62222222222222,ST JOHN'S A,8403506,8403506.2004.10.30,2004-10-30 00:00:00,NL,2004,10,30,0.3,,-1,,1.5,,9.8,,0,,9.8,,3,,29,E,59,E,0,,17.7,,,M,,M
-52.742777777777775,47.62222222222222,ST JOHN'S A,8403506,8403506.2004.10.31,2004-10-31 00:00:00,NL,2004,10,31,5.4,,0.7,,10,,0,T,0,T,0,,5,,0,,0,,0,,12.6,,,M,,M
-52.742777777777775,47.62222222222222,ST JOHN'S A,8403506,8403506.2004.11.1,2004-11-01 00:00:00,NL,2004,11,1,8.3,,5.1,,11.5,,52.4,,52.4,,0,,0,,3,E,57,E,0,,9.7,,,M,,M
-52.742777777777775,47.62222222222222,ST JOHN'S A,8403506,8403506.2004.11.2,2004-11-02 00:00:00,NL,2004,11,2,4.8,,4.1,,5.4,,11.2,,11.2,,0,,0,,3,E,76,E,0,,13.2,,,M,,M
-52.742777777777775,47.62222222222222,ST JOHN'S A,8403506,8403506.2004.11.3,2004-11-03 00:00:00,NL,2004,11,3,5.3,,4.4,,6.2,,34,,34,,0,,0,,1,E,35,E,0,,12.7,,,M,,M
-52.742777777777775,47.62222222222222,ST JOHN'S A,8403506,8403506.2004.11.4,2004-11-04 00:00:00,NL,2004,11,4,2.8,,0.3,,5.3,,17.2,,16.4,,0.8,,0,,34,E,70,E,0,,15.2,,,M,,M
-52.742777777777775,47.62222222222222,ST JOHN'S A,8403506,8403506.2004.11.5,2004-11-05 00:00:00,NL,2004,11,5,2.9,,-0.1,,5.9,,7.4,,7.4,,0,T,0,,15,E,65,E,0,,15.1,,,M,,M
-52.742777777777775,47.62222222222222,ST JOHN'S A,8403506,8403506.2004.11.6,2004-11-06 00:00:00,NL,2004,11,6,6.2,,3.7,,8.6,,1,,1,,0,,0,,23,E,74,E,0,,11.8,,,M,,M
-52.742777777777775,47.62222222222222,ST JOHN'S A,8403506,8403506.2004.11.7,2004-11-07 00:00:00,NL,2004,11,7,5.7,,2.2,,9.1,,2.4,,2.4,,0,,0,,26,E,83,E,0,,12.3,,,M,,M
-52.742777777777775,47.62222222222222,ST JOHN'S A,8403506,8403506.2004.11.8,2004-11-08 00:00:00,NL,2004,11,8,9.1,,3.3,,14.8,,8,,8,,0,,0,,19,E,59,E,0,,8.9,,,M,,M
-52.742777777777775,47.62222222222222,ST JOHN'S A,8403506,8403506.2004.11.9,2004-11-09 00:00:00,NL,2004,11,9,4.1,,1.5,,6.6,,0,T,0,T,0,,0,,0,,0,,0,,13.9,,,M,,M
-52.742777777777775,47.62222222222222,ST JOHN'S A,8403506,8403506.2004.11.10,2004-11-10 00:00:00,NL,2004,11,10,-1.5,,-5,,2.1,,0.6,,0,,0.6,,0,T,0,,0,,0,,19.5,,,M,,M
-52.742777777777775,47.62222222222222,ST JOHN'S A,8403506,8403506.2004.11.11,2004-11-11 00:00:00,NL,2004,11,11,-1.9,,-6,,2.3,,0,,0,,0,,0,,0,,0,,0,,19.9,,,M,,M
-52.742777777777775,47.62222222222222,ST JOHN'S A,8403506,8403506.2004.11.12,2004-11-12 00:00:00,NL,2004,11,12,1.6,,-2,,5.2,,0,,0,,0,,0,,1,E,50,E,0,,16.4,,,M,,M
-52.742777777777775,47.62222222222222,ST JOHN'S A,8403506,8403506.2004.11.13,2004-11-13 00:00:00,NL,2004,11,13,1.3,,0.4,,2.2,,0,,0,,0,,0,,2,E,57,E,0,,16.7,,,M,,M
-52.742777777777775,47.62222222222222,ST JOHN'S A,8403506,8403506.2004.11.14,2004-11-14 00:00:00,NL,2004,11,14,2.3,,0.7,,3.8,,0,,0,,0,,0,,4,E,41,E,0,,15.7,,,M,,M
-52.742777777777775,47.62222222222222,ST JOHN'S A,8403506,8403506.2004.11.15,2004-11-15 00:00:00,NL,2004,11,15,3.7,,2.4,,4.9,,4.8,,4.8,,0,,0,,6,E,44,E,0,,14.3,,,M,,M
-52.742777777777775,47.62222222222222,ST JOHN'S A,8403506,8403506.2004.11.16,2004-11-16 00:00:00,NL,2004,11,16,5.8,,4.2,,7.4,,64.3,,64.3,,0,,0,,4,E,57,E,0,,12.2,,,M,,M
-52.742777777777775,47.62222222222222,ST JOHN'S A,8403506,8403506.2004.11.17,2004-11-17 00:00:00,NL,2004,11,17,5.3,,3.9,,6.6,,3.8,,3.8,,0,,0,,0,,0,,0,,12.7,,,M,,M
-52.742777777777775,47.62222222222222,ST JOHN'S A,8403506,8403506.2004.11.18,2004-11-18 00:00:00,NL,2004,11,18,3.3,,1.5,,5.1,,3.6,,3.6,,0,,0,,0,,0,,0,,14.7,,,M,,M
-52.742777777777775,47.62222222222222,ST JOHN'S A,8403506,8403506.2004.11.19,2004-11-19 00:00:00,NL,2004,11,19,2.9,,1.9,,3.8,,2.6,,2.6,,0,,0,,32,E,41,E,0,,15.1,,,M,,M
-52.742777777777775,47.62222222222222,ST JOHN'S A,8403506,8403506.2004.11.20,2004-11-20 00:00:00,NL,2004,11,20,2.5,,1.5,,3.5,,14.8,,14.8,,0,T,0,,36,E,63,E,0,,15.5,,,M,,M
-52.742777777777775,47.62222222222222,ST JOHN'S A,8403506,8403506.2004.11.21,2004-11-21 00:00:00,NL,2004,11,21,1.9,,0.6,,3.1,,4.6,,3.6,,1,,0,,36,E,78,E,0,,16.1,,,M,,M
-52.742777777777775,47.62222222222222,ST JOHN'S A,8403506,8403506.2004.11.22,2004-11-22 00:00:00,NL,2004,11,22,-0.1,,-1.7,,1.6,,0,T,0,,0,T,0,,0,,0,,0,,18.1,,,M,,M
-52.742777777777775,47.62222222222222,ST JOHN'S A,8403506,8403506.2004.11.23,2004-11-23 00:00:00,NL,2004,11,23,2.3,,-0.9,,5.5,,1.4,,1.4,,0,T,0,,0,,0,,0,,15.7,,,M,,M
-52.742777777777775,47.62222222222222,ST JOHN'S A,8403506,8403506.2004.11.24,2004-11-24 00:00:00,NL,2004,11,24,-0.1,,-2.1,,2,,0,,0,,0,,0,,25,E,39,E,0,,18.1,,,M,,M
-52.742777777777775,47.62222222222222,ST JOHN'S A,8403506,8403506.2004.11.25,2004-11-25 00:00:00,NL,2004,11,25,5.5,,-0.8,,11.8,,4,,4,,0,,0,,17,E,80,E,0,,12.5,,,M,,M
-52.742777777777775,47.62222222222222,ST JOHN'S A,8403506,8403506.2004.11.26,2004-11-26 00:00:00,NL,2004,11,26,7.7,,2.1,,13.3,,21.6,,21.6,,0,,0,,21,E,78,E,0,,10.3,,,M,,M
-52.742777777777775,47.62222222222222,ST JOHN'S A,8403506,8403506.2004.11.27,2004-11-27 00:00:00,NL,2004,11,27,1.4,,0.2,,2.5,,0,T,0,,0,T,0,,25,E,56,E,0,,16.6,,,M,,M
-52.742777777777775,47.62222222222222,ST JOHN'S A,8403506,8403506.2004.11.28,2004-11-28 00:00:00,NL,2004,11,28,-0.7,,-4.1,,2.7,,0,,0,,0,,0,,27,E,39,E,0,,18.7,,,M,,M
-52.742777777777775,47.62222222222222,ST JOHN'S A,8403506,8403506.2004.11.29,2004-11-29 00:00:00,NL,2004,11,29,3.2,,-1,,7.4,,0,,0,,0,,0,,18,E,52,E,0,,14.8,,,M,,M
-52.742777777777775,47.62222222222222,ST JOHN'S A,8403506,8403506.2004.11.30,2004-11-30 00:00:00,NL,2004,11,30,6,,0.7,,11.2,,28.6,,28.6,,0,,0,,19,E,46,E,0,,12,,,M,,M
-52.742777777777775,47.62222222222222,ST JOHN'S A,8403506,8403506.2004.12.1,2004-12-01 00:00:00,NL,2004,12,1,-0.1,,-2.9,,2.7,,0,,0,,0,,0,,0,,0,,0,,18.1,,,M,,M
-52.742777777777775,47.62222222222222,ST JOHN'S A,8403506,8403506.2004.12.2,2004-12-02 00:00:00,NL,2004,12,2,2.7,,-0.3,,5.7,,5,,4.2,,0.8,,0,,25,E,83,E,0,,15.3,,,M,,M
-52.742777777777775,47.62222222222222,ST JOHN'S A,8403506,8403506.2004.12.3,2004-12-03 00:00:00,NL,2004,12,3,-0.7,,-2.1,,0.8,,0,T,0,,0,T,0,,26,E,87,E,0,,18.7,,,M,,M
-52.742777777777775,47.62222222222222,ST JOHN'S A,8403506,8403506.2004.12.4,2004-12-04 00:00:00,NL,2004,12,4,-3.9,,-5.8,,-2,,0,T,0,,0,T,0,,30,E,65,E,0,,21.9,,,M,,M
-52.742777777777775,47.62222222222222,ST JOHN'S A,8403506,8403506.2004.12.5,2004-12-05 00:00:00,NL,2004,12,5,-2.5,,-7.6,,2.7,,8.2,,3.4,,4.8,,0,,16,E,54,E,0,,20.5,,,M,,M
-52.742777777777775,47.62222222222222,ST JOHN'S A,8403506,8403506.2004.12.6,2004-12-06 00:00:00,NL,2004,12,6,-5,,-9.4,,-0.6,,0,T,0,,0,T,0,T,28,E,113,E,0,,23,,,M,,M
-52.742777777777775,47.62222222222222,ST JOHN'S A,8403506,8403506.2004.12.7,2004-12-07 00:00:00,NL,2004,12,7,-7.6,,-10.1,,-5.1,,0.2,,0,,0.4,,0,,27,E,85,E,0,,25.6,,,M,,M
-52.742777777777775,47.62222222222222,ST JOHN'S A,8403506,8403506.2004.12.8,2004-12-08 00:00:00,NL,2004,12,8,-5.1,,-10.3,,0.1,,7,,0.2,,6.8,,0,T,12,E,65,E,0,,23.1,,,M,,M
-52.742777777777775,47.62222222222222,ST JOHN'S A,8403506,8403506.2004.12.9,2004-12-09 00:00:00,NL,2004,12,9,0.9,,-0.2,,1.9,,9.8,,9.2,,0.6,,5,,2,E,56,E,0,,17.1,,,M,,M
-52.742777777777775,47.62222222222222,ST JOHN'S A,8403506,8403506.2004.12.10,2004-12-10 00:00:00,NL,2004,12,10,-1.2,,-2.4,,0.1,,0,,0,,0,,2,,0,,0,,0,,19.2,,,M,,M
-52.742777777777775,47.62222222222222,ST JOHN'S A,8403506,8403506.2004.12.11,2004-12-11 00:00:00,NL,2004,12,11,-1.5,,-3.9,,1,,15.2,,8.8,,6.4,,2,,12,E,44,E,0,,19.5,,,M,,M
-52.742777777777775,47.62222222222222,ST JOHN'S A,8403506,8403506.2004.12.12,2004-12-12 00:00:00,NL,2004,12,12,6.5,,1,,12,,7,,7,,0,,3,,24,E,50,E,0,,11.5,,,M,,M
-52.742777777777775,47.62222222222222,ST JOHN'S A,8403506,8403506.2004.12.13,2004-12-13 00:00:00,NL,2004,12,13,4.2,,1.5,,6.8,,0,T,0,T,0,,0,,0,,0,,0,,13.8,,,M,,M
-52.742777777777775,47.62222222222222,ST JOHN'S A,8403506,8403506.2004.12.14,2004-12-14 00:00:00,NL,2004,12,14,5.5,,0.7,,10.2,,12.2,,12.2,,0,T,0,,24,E,78,E,0,,12.5,,,M,,M
-52.742777777777775,47.62222222222222,ST JOHN'S A,8403506,8403506.2004.12.15,2004-12-15 00:00:00,NL,2004,12,15,0.5,,-1.8,,2.7,,9,,0,T,9,,0,,25,E,46,E,0,,17.5,,,M,,M
-52.742777777777775,47.62222222222222,ST JOHN'S A,8403506,8403506.2004.12.16,2004-12-16 00:00:00,NL,2004,12,16,-2.5,,-3.3,,-1.7,,1.2,,0,T,1.2,,7,,0,,0,,0,,20.5,,,M,,M
-52.742777777777775,47.62222222222222,ST JOHN'S A,8403506,8403506.2004.12.17,2004-12-17 00:00:00,NL,2004,12,17,-1.9,,-6.2,,2.4,,0.8,,0.6,,0.4,,8,,18,E,56,E,0,,19.9,,,M,,M
-52.742777777777775,47.62222222222222,ST JOHN'S A,8403506,8403506.2004.12.18,2004-12-18 00:00:00,NL,2004,12,18,-0.5,,-4.7,,3.7,,1.6,,1.6,,0,T,5,,21,E,46,E,0,,18.5,,,M,,M
-52.742777777777775,47.62222222222222,ST JOHN'S A,8403506,8403506.2004.12.19,2004-12-19 00:00:00,NL,2004,12,19,0.5,,-5.4,,6.4,,0.2,,0.2,,0,,5,,17,E,78,E,0,,17.5,,,M,,M
-52.742777777777775,47.62222222222222,ST JOHN'S A,8403506,8403506.2004.12.20,2004-12-20 00:00:00,NL,2004,12,20,10.1,,6.3,,13.8,,33,,33,,0,,0,,18,E,93,E,0,,7.9,,,M,,M
-52.742777777777775,47.62222222222222,ST JOHN'S A,8403506,8403506.2004.12.21,2004-12-21 00:00:00,NL,2004,12,21,7,,2.5,,11.4,,0.8,,0.8,,0,,0,,27,E,95,E,0,,11,,,M,,M
-52.742777777777775,47.62222222222222,ST JOHN'S A,8403506,8403506.2004.12.22,2004-12-22 00:00:00,NL,2004,12,22,0.9,,-0.9,,2.7,,0,T,0,T,0,T,0,,26,E,46,E,0,,17.1,,,M,,M
-52.742777777777775,47.62222222222222,ST JOHN'S A,8403506,8403506.2004.12.23,2004-12-23 00:00:00,NL,2004,12,23,2,,-1.9,,5.9,,0,,0,,0,,0,,0,,0,,0,,16,,,M,,M
-52.742777777777775,47.62222222222222,ST JOHN'S A,8403506,8403506.2004.12.24,2004-12-24 00:00:00,NL,2004,12,24,5.7,,1.3,,10.1,,0,,0,,0,,0,,19,E,74,E,0,,12.3,,,M,,M
-52.742777777777775,47.62222222222222,ST JOHN'S A,8403506,8403506.2004.12.25,2004-12-25 00:00:00,NL,2004,12,25,2.4,,-6.5,,11.2,,17.2,,10.4,,6,,0,,19,E,70,E,0,,15.6,,,M,,M
-52.742777777777775,47.62222222222222,ST JOHN'S A,8403506,8403506.2004.12.26,2004-12-26 00:00:00,NL,2004,12,26,-8.8,,-11.2,,-6.4,,0,T,0,,0,T,6,,34,E,37,E,0,,26.8,,,M,,M
-52.742777777777775,47.62222222222222,ST JOHN'S A,8403506,8403506.2004.12.27,2004-12-27 00:00:00,NL,2004,12,27,1,,-7.3,,9.3,,25.4,,8.6,,17.4,,12,,22,E,91,E,0,,17,,,M,,M
-52.742777777777775,47.62222222222222,ST JOHN'S A,8403506,8403506.2004.12.28,2004-12-28 00:00:00,NL,2004,12,28,-4.7,,-9.6,,0.2,,0,T,0,T,0,T,12,,23,,111,,0,,22.7,,,M,,M
-52.742777777777775,47.62222222222222,ST JOHN'S A,8403506,8403506.2004.12.29,2004-12-29 00:00:00,NL,2004,12,29,-4.5,,-9.7,,0.8,,2.6,,0,,2.6,,10,,29,E,57,E,0,,22.5,,,M,,M
-52.742777777777775,47.62222222222222,ST JOHN'S A,8403506,8403506.2004.12.30,2004-12-30 00:00:00,NL,2004,12,30,-6.1,,-8.4,,-3.7,,0,T,0,,0,T,10,,28,E,56,E,0,,24.1,,,M,,M
-52.742777777777775,47.62222222222222,ST JOHN'S A,8403506,8403506.2004.12.31,2004-12-31 00:00:00,NL,2004,12,31,-3.6,,-7.4,,0.2,,0,,0,,0,,8,,29,E,44,E,0,,21.6,,,M,,M
-52.742777777777775,47.62222222222222,ST JOHN'S A,8403506,8403506.2005.1.1,2005-01-01 00:00:00,NL,2005,1,1,3.6,,0.1,,7,,6.8,,6.8,,0,,5,,20,E,61,E,0,,14.4,,,M,,M
-52.742777777777775,47.62222222222222,ST JOHN'S A,8403506,8403506.2005.1.2,2005-01-02 00:00:00,NL,2005,1,2,-5.1,,-12.4,,2.3,,0.4,,0,,0.4,,0,T,33,E,61,E,0,,23.1,,,M,,M
-52.742777777777775,47.62222222222222,ST JOHN'S A,8403506,8403506.2005.1.3,2005-01-03 00:00:00,NL,2005,1,3,-3.8,,-11.5,,3.9,,1.2,,0.6,,0.6,,0,T,28,E,74,E,0,,21.8,,,M,,M
-52.742777777777775,47.62222222222222,ST JOHN'S A,8403506,8403506.2005.1.4,2005-01-04 00:00:00,NL,2005,1,4,-4.7,,-7.8,,-1.5,,0,,0,,0,,0,,28,E,56,E,0,,22.7,,,M,,M
-52.742777777777775,47.62222222222222,ST JOHN'S A,8403506,8403506.2005.1.5,2005-01-05 00:00:00,NL,2005,1,5,-6.6,,-10.5,,-2.7,,3.6,,0,,3.6,,0,,29,E,82,E,0,,24.6,,,M,,M
-52.742777777777775,47.62222222222222,ST JOHN'S A,8403506,8403506.2005.1.6,2005-01-06 00:00:00,NL,2005,1,6,-9.5,,-11.9,,-7,,0,,0,,0,,3,,29,E,56,E,0,,27.5,,,M,,M
-52.742777777777775,47.62222222222222,ST JOHN'S A,8403506,8403506.2005.1.7,2005-01-07 00:00:00,NL,2005,1,7,-4.2,,-7.5,,-0.8,,10.8,,0,T,10.8,,2,,10,E,39,E,0,,22.2,,,M,,M
-52.742777777777775,47.62222222222222,ST JOHN'S A,8403506,8403506.2005.1.8,2005-01-08 00:00:00,NL,2005,1,8,-5.2,,-9,,-1.4,,0.2,,0,,0.2,,12,,29,E,33,E,0,,23.2,,,M,,M
-52.742777777777775,47.62222222222222,ST JOHN'S A,8403506,8403506.2005.1.9,2005-01-09 00:00:00,NL,2005,1,9,-9.1,,-12.5,,-5.6,,0,T,0,,0,T,11,,0,,0,,0,,27.1,,,M,,M
-52.742777777777775,47.62222222222222,ST JOHN'S A,8403506,8403506.2005.1.10,2005-01-10 00:00:00,NL,2005,1,10,-7.9,,-14,,-1.8,,0.2,,0,,0.2,,11,,17,E,52,E,0,,25.9,,,M,,M
-52.742777777777775,47.62222222222222,ST JOHN'S A,8403506,8403506.2005.1.11,2005-01-11 00:00:00,NL,2005,1,11,-2.8,,-7,,1.5,,7.4,,0,T,7.4,,18,,28,E,96,E,0,,20.8,,,M,,M
-52.742777777777775,47.62222222222222,ST JOHN'S A,8403506,8403506.2005.1.12,2005-01-12 00:00:00,NL,2005,1,12,-9,,-11.2,,-6.8,,0,,0,,0,,14,,28,E,93,E,0,,27,,,M,,M
-52.742777777777775,47.62222222222222,ST JOHN'S A,8403506,8403506.2005.1.13,2005-01-13 00:00:00,NL,2005,1,13,-5.6,,-11.8,,0.7,,0,,0,,0,,13,,30,E,65,E,0,,23.6,,,M,,M
-52.742777777777775,47.62222222222222,ST JOHN'S A,8403506,8403506.2005.1.14,2005-01-14 00:00:00,NL,2005,1,14,6.6,,0.6,,12.5,,0,,0,,0,,11,,26,E,80,E,0,,11.4,,,M,,M
-52.742777777777775,47.62222222222222,ST JOHN'S A,8403506,8403506.2005.1.15,2005-01-15 00:00:00,NL,2005,1,15,2.4,,-8.2,,13,,1,,1,,0,,0,,24,E,56,E,0,,15.6,,,M,,M
-52.742777777777775,47.62222222222222,ST JOHN'S A,8403506,8403506.2005.1.16,2005-01-16 00:00:00,NL,2005,1,16,-7.7,,-8.8,,-6.5,,0,T,0,,0,T,0,,0,,0,,0,,25.7,,,M,,M
-52.742777777777775,47.62222222222222,ST JOHN'S A,8403506,8403506.2005.1.17,2005-01-17 00:00:00,NL,2005,1,17,1.3,,-7.2,,9.8,,11.8,,0.2,,11.6,,6,,18,E,70,E,0,,16.7,,,M,,M
-52.742777777777775,47.62222222222222,ST JOHN'S A,8403506,8403506.2005.1.18,2005-01-18 00:00:00,NL,2005,1,18,-1.8,,-5.1,,1.6,,0,T,0,,0,T,0,,24,E,91,E,0,,19.8,,,M,,M
-52.742777777777775,47.62222222222222,ST JOHN'S A,8403506,8403506.2005.1.19,2005-01-19 00:00:00,NL,2005,1,19,-6.7,,-10.2,,-3.2,,0,T,0,,0,T,0,T,0,,0,,0,,24.7,,,M,,M
-52.742777777777775,47.62222222222222,ST JOHN'S A,8403506,8403506.2005.1.20,2005-01-20 00:00:00,NL,2005,1,20,-3.6,,-4.8,,-2.4,,1.6,,0.6,,1,,1,,15,E,59,E,0,,21.6,,,M,,M
-52.742777777777775,47.62222222222222,ST JOHN'S A,8403506,8403506.2005.1.21,2005-01-21 00:00:00,NL,2005,1,21,-3.1,,-6.7,,0.6,,1.6,,1,,0.6,,1,,17,E,63,E,0,,21.1,,,M,,M
-52.742777777777775,47.62222222222222,ST JOHN'S A,8403506,8403506.2005.1.22,2005-01-22 00:00:00,NL,2005,1,22,-6.4,,-9.8,,-2.9,,60.1,,0,,60.1,,0,T,33,E,91,E,0,,24.4,,,M,,M
-52.742777777777775,47.62222222222222,ST JOHN'S A,8403506,8403506.2005.1.23,2005-01-23 00:00:00,NL,2005,1,23,-9.6,,-13.2,,-5.9,,3.2,,0,,3.4,,55,,31,E,82,E,0,,27.6,,,M,,M
-52.742777777777775,47.62222222222222,ST JOHN'S A,8403506,8403506.2005.1.24,2005-01-24 00:00:00,NL,2005,1,24,-1.4,,-5.9,,3.1,,59.9,,50.9,,9,,45,,12,E,74,E,0,,19.4,,,M,,M
-52.742777777777775,47.62222222222222,ST JOHN'S A,8403506,8403506.2005.1.25,2005-01-25 00:00:00,NL,2005,1,25,-2.2,,-4,,-0.3,,0.3,,0,,0.3,,15,,22,E,59,E,0,,20.2,,,M,,M
-52.742777777777775,47.62222222222222,ST JOHN'S A,8403506,8403506.2005.1.26,2005-01-26 00:00:00,NL,2005,1,26,-5,,-9.9,,-0.1,,6.6,,0,,6.6,,16,,26,E,70,E,0,,23,,,M,,M
-52.742777777777775,47.62222222222222,ST JOHN'S A,8403506,8403506.2005.1.27,2005-01-27 00:00:00,NL,2005,1,27,-3.3,,-9.7,,3.2,,73.4,,41,,34.6,,17,,19,E,44,E,0,,21.3,,,M,,M
-52.742777777777775,47.62222222222222,ST JOHN'S A,8403506,8403506.2005.1.28,2005-01-28 00:00:00,NL,2005,1,28,-3.2,,-9.4,,3,,20.6,,14.6,,6,,25,,35,E,56,E,0,,21.2,,,M,,M
-52.742777777777775,47.62222222222222,ST JOHN'S A,8403506,8403506.2005.1.29,2005-01-29 00:00:00,NL,2005,1,29,-8.9,,-10.2,,-7.6,,5.6,,0.2,,8,,32,,34,E,52,E,0,,26.9,,,M,,M
-52.742777777777775,47.62222222222222,ST JOHN'S A,8403506,8403506.2005.1.30,2005-01-30 00:00:00,NL,2005,1,30,-6.2,,-7.6,,-4.7,,0.2,,0.2,,0,T,35,,0,,0,,0,,24.2,,,M,,M
-52.742777777777775,47.62222222222222,ST JOHN'S A,8403506,8403506.2005.1.31,2005-01-31 00:00:00,NL,2005,1,31,-7.3,,-8.5,,-6.1,,0.4,,0,T,0.4,,30,,0,,0,,0,,25.3,,,M,,M
-52.742777777777775,47.62222222222222,ST JOHN'S A,8403506,8403506.2005.2.1,2005-02-01 00:00:00,NL,2005,2,1,-8.1,,-12.2,,-4,,0,T,0,,0,T,25,,0,,0,,0,,26.1,,,M,,M
-52.742777777777775,47.62222222222222,ST JOHN'S A,8403506,8403506.2005.2.2,2005-02-02 00:00:00,NL,2005,2,2,-8.2,,-12.7,,-3.7,,0,,0,,0,,23,,0,,0,,0,,26.2,,,M,,M
-52.742777777777775,47.62222222222222,ST JOHN'S A,8403506,8403506.2005.2.3,2005-02-03 00:00:00,NL,2005,2,3,-8.7,,-14.2,,-3.2,,0,,0,,0,,23,,0,,0,,0,,26.7,,,M,,M
-52.742777777777775,47.62222222222222,ST JOHN'S A,8403506,8403506.2005.2.4,2005-02-04 00:00:00,NL,2005,2,4,-1.8,,-4.7,,1.1,,17.4,,17.4,,0,,23,,0,,0,,0,,19.8,,,M,,M
-52.742777777777775,47.62222222222222,ST JOHN'S A,8403506,8403506.2005.2.5,2005-02-05 00:00:00,NL,2005,2,5,-0.3,,-2.9,,2.4,,18.4,,18.4,,0,,10,,36,E,59,E,0,,18.3,,,M,,M
-52.742777777777775,47.62222222222222,ST JOHN'S A,8403506,8403506.2005.2.6,2005-02-06 00:00:00,NL,2005,2,6,-3.8,,-4.7,,-2.9,,0,,0,,0,,7,,2,E,50,E,0,,21.8,,,M,,M
-52.742777777777775,47.62222222222222,ST JOHN'S A,8403506,8403506.2005.2.7,2005-02-07 00:00:00,NL,2005,2,7,-1.3,,-4,,1.4,,0,,0,,0,,6,,0,,0,,0,,19.3,,,M,,M
-52.742777777777775,47.62222222222222,ST JOHN'S A,8403506,8403506.2005.2.8,2005-02-08 00:00:00,NL,2005,2,8,-0.1,,-3.5,,3.4,,0.2,,0.2,,0,,5,,0,,0,,0,,18.1,,,M,,M
-52.742777777777775,47.62222222222222,ST JOHN'S A,8403506,8403506.2005.2.9,2005-02-09 00:00:00,NL,2005,2,9,-0.3,,-1.7,,1.1,,3.2,,3.2,,0,,5,,0,,0,,0,,18.3,,,M,,M
-52.742777777777775,47.62222222222222,ST JOHN'S A,8403506,8403506.2005.2.10,2005-02-10 00:00:00,NL,2005,2,10,-0.6,,-2.7,,1.5,,0,T,0,T,0,,5,,0,,0,,0,,18.6,,,M,,M
-52.742777777777775,47.62222222222222,ST JOHN'S A,8403506,8403506.2005.2.11,2005-02-11 00:00:00,NL,2005,2,11,2,,-2.5,,6.5,,7.8,,7.8,,0,,5,,,M,,M,0,,16,,,M,,M
-52.742777777777775,47.62222222222222,ST JOHN'S A,8403506,8403506.2005.2.12,2005-02-12 00:00:00,NL,2005,2,12,2.6,,-1.4,,6.5,,4,,4,,0,,5,,17,E,69,E,0,,15.4,,,M,,M
-52.742777777777775,47.62222222222222,ST JOHN'S A,8403506,8403506.2005.2.13,2005-02-13 00:00:00,NL,2005,2,13,-3.7,,-6.8,,-0.6,,25.4,,15.6,,9.8,,5,,,M,,M,0,,21.7,,,M,,M
-52.742777777777775,47.62222222222222,ST JOHN'S A,8403506,8403506.2005.2.14,2005-02-14 00:00:00,NL,2005,2,14,-8,,-12.7,,-3.2,,0,T,0,,0,T,12,,,M,,M,0,,26,,,M,,M
-52.742777777777775,47.62222222222222,ST JOHN'S A,8403506,8403506.2005.2.15,2005-02-15 00:00:00,NL,2005,2,15,-9.3,,-12.7,,-5.8,,0,T,0,,0,T,12,,0,,0,,0,,27.3,,,M,,M
-52.742777777777775,47.62222222222222,ST JOHN'S A,8403506,8403506.2005.2.16,2005-02-16 00:00:00,NL,2005,2,16,-2.5,,-6,,1,,0,,0,,0,,12,,0,,0,,0,,20.5,,,M,,M
-52.742777777777775,47.62222222222222,ST JOHN'S A,8403506,8403506.2005.2.17,2005-02-17 00:00:00,NL,2005,2,17,1.2,,-2.1,,4.5,,5.4,,5.4,,0,,12,,0,,0,,0,,16.8,,,M,,M
-52.742777777777775,47.62222222222222,ST JOHN'S A,8403506,8403506.2005.2.18,2005-02-18 00:00:00,NL,2005,2,18,2.3,,-2.6,,7.1,,8,,8,,0,T,11,,17,E,83,E,0,,15.7,,,M,,M
-52.742777777777775,47.62222222222222,ST JOHN'S A,8403506,8403506.2005.2.19,2005-02-19 00:00:00,NL,2005,2,19,-4.1,,-5.8,,-2.4,,0,T,0,,0,T,10,,28,E,41,E,0,,22.1,,,M,,M
-52.742777777777775,47.62222222222222,ST JOHN'S A,8403506,8403506.2005.2.20,2005-02-20 00:00:00,NL,2005,2,20,-7.5,,-9.5,,-5.4,,4,,0,,4,,10,,36,E,41,E,0,,25.5,,,M,,M
-52.742777777777775,47.62222222222222,ST JOHN'S A,8403506,8403506.2005.2.21,2005-02-21 00:00:00,NL,2005,2,21,-10.8,,-12.5,,-9,,1.8,,0,,1.8,,14,,31,E,35,E,0,,28.8,,,M,,M
-52.742777777777775,47.62222222222222,ST JOHN'S A,8403506,8403506.2005.2.22,2005-02-22 00:00:00,NL,2005,2,22,-9,,-12.6,,-5.3,,0.6,,0,,0.6,,14,,32,E,39,E,0,,27,,,M,,M
-52.742777777777775,47.62222222222222,ST JOHN'S A,8403506,8403506.2005.2.23,2005-02-23 00:00:00,NL,2005,2,23,-8.3,,-14.5,,-2.1,,0,,0,,0,,14,,7,E,43,E,0,,26.3,,,M,,M
-52.742777777777775,47.62222222222222,ST JOHN'S A,8403506,8403506.2005.2.24,2005-02-24 00:00:00,NL,2005,2,24,-1.7,,-2.6,,-0.7,,3,,0,,3,,14,,6,E,65,E,0,,19.7,,,M,,M
-52.742777777777775,47.62222222222222,ST JOHN'S A,8403506,8403506.2005.2.25,2005-02-25 00:00:00,NL,2005,2,25,-1.3,,-2.4,,-0.1,,2,,2,,0,T,17,,1,E,41,E,0,,19.3,,,M,,M
-52.742777777777775,47.62222222222222,ST JOHN'S A,8403506,8403506.2005.2.26,2005-02-26 00:00:00,NL,2005,2,26,-1.5,,-4.3,,1.3,,19.8,,14,,5.8,,15,,,M,,M,0,,19.5,,,M,,M
-52.742777777777775,47.62222222222222,ST JOHN'S A,8403506,8403506.2005.2.27,2005-02-27 00:00:00,NL,2005,2,27,-2.8,,-4.7,,-0.8,,1.2,,0,,1.6,,16,,21,E,54,E,0,,20.8,,,M,,M
-52.742777777777775,47.62222222222222,ST JOHN'S A,8403506,8403506.2005.2.28,2005-02-28 00:00:00,NL,2005,2,28,-7,,-10.2,,-3.7,,0,T,0,,0,T,16,,29,E,37,E,0,,25,,,M,,M
-52.742777777777775,47.62222222222222,ST JOHN'S A,8403506,8403506.2005.3.1,2005-03-01 00:00:00,NL,2005,3,1,-6.8,,-11.9,,-1.7,,0,T,0,T,0,T,16,,12,E,52,E,0,,24.8,,,M,,M
-52.742777777777775,47.62222222222222,ST JOHN'S A,8403506,8403506.2005.3.2,2005-03-02 00:00:00,NL,2005,3,2,0.5,,-2,,2.9,,30.1,,30.1,,0,T,15,,13,E,56,E,0,,17.5,,,M,,M
-52.742777777777775,47.62222222222222,ST JOHN'S A,8403506,8403506.2005.3.3,2005-03-03 00:00:00,NL,2005,3,3,1.5,,-1.9,,4.8,,1.4,,1.4,,0,,10,,25,E,32,E,0,,16.5,,,M,,M
-52.742777777777775,47.62222222222222,ST JOHN'S A,8403506,8403506.2005.3.4,2005-03-04 00:00:00,NL,2005,3,4,-4.6,,-8.6,,-0.5,,50,,0,,50,,18,,31,E,70,E,0,,22.6,,,M,,M
-52.742777777777775,47.62222222222222,ST JOHN'S A,8403506,8403506.2005.3.5,2005-03-05 00:00:00,NL,2005,3,5,-8,,-10.8,,-5.2,,1.2,,0,,1.2,,60,,22,E,43,E,0,,26,,,M,,M
-52.742777777777775,47.62222222222222,ST JOHN'S A,8403506,8403506.2005.3.6,2005-03-06 00:00:00,NL,2005,3,6,-8.7,,-13.6,,-3.8,,0.2,,0,,0.2,,61,,0,,0,,0,,26.7,,,M,,M
-52.742777777777775,47.62222222222222,ST JOHN'S A,8403506,8403506.2005.3.7,2005-03-07 00:00:00,NL,2005,3,7,-7,,-13.3,,-0.6,,0,,0,,0,,61,,0,,0,,0,,25,,,M,,M
-52.742777777777775,47.62222222222222,ST JOHN'S A,8403506,8403506.2005.3.8,2005-03-08 00:00:00,NL,2005,3,8,-1,,-4.2,,2.2,,0,,0,,0,,61,,15,E,35,E,0,,19,,,M,,M
-52.742777777777775,47.62222222222222,ST JOHN'S A,8403506,8403506.2005.3.9,2005-03-09 00:00:00,NL,2005,3,9,-0.1,,-2.4,,2.2,,6.2,,6.2,,0,,58,,14,E,39,E,0,,18.1,,,M,,M
-52.742777777777775,47.62222222222222,ST JOHN'S A,8403506,8403506.2005.3.10,2005-03-10 00:00:00,NL,2005,3,10,-3.3,,-8.8,,2.3,,6.4,,4.4,,2,,53,,28,E,37,E,0,,21.3,,,M,,M
-52.742777777777775,47.62222222222222,ST JOHN'S A,8403506,8403506.2005.3.11,2005-03-11 00:00:00,NL,2005,3,11,-5.8,,-8,,-3.5,,7.8,,0,,8.4,,49,,32,E,63,E,0,,23.8,,,M,,M
-52.742777777777775,47.62222222222222,ST JOHN'S A,8403506,8403506.2005.3.12,2005-03-12 00:00:00,NL,2005,3,12,-4.5,,-6.5,,-2.4,,0.6,,0.6,,0,T,56,,31,E,63,E,0,,22.5,,,M,,M
-52.742777777777775,47.62222222222222,ST JOHN'S A,8403506,8403506.2005.3.13,2005-03-13 00:00:00,NL,2005,3,13,-2,,-4.9,,0.9,,9.8,,8.4,,1.4,,55,,0,,0,,0,,20,,,M,,M
-52.742777777777775,47.62222222222222,ST JOHN'S A,8403506,8403506.2005.3.14,2005-03-14 00:00:00,NL,2005,3,14,0.1,,-1.5,,1.7,,5.8,,5.8,,0,T,48,,2,E,52,E,0,,17.9,,,M,,M
-52.742777777777775,47.62222222222222,ST JOHN'S A,8403506,8403506.2005.3.15,2005-03-15 00:00:00,NL,2005,3,15,-1.7,,-2.4,,-1,,0,T,0,,0,T,45,,34,E,54,E,0,,19.7,,,M,,M
-52.742777777777775,47.62222222222222,ST JOHN'S A,8403506,8403506.2005.3.16,2005-03-16 00:00:00,NL,2005,3,16,-1.3,,-2.7,,0.1,,1.2,,0,T,1.2,,45,,0,,0,,0,,19.3,,,M,,M
-52.742777777777775,47.62222222222222,ST JOHN'S A,8403506,8403506.2005.3.17,2005-03-17 00:00:00,NL,2005,3,17,-0.9,,-2.8,,1,,6.2,,0,,6.2,,44,,3,E,54,E,0,,18.9,,,M,,M
-52.742777777777775,47.62222222222222,ST JOHN'S A,8403506,8403506.2005.3.18,2005-03-18 00:00:00,NL,2005,3,18,-1.2,,-2.9,,0.6,,0,T,0,T,0,T,48,,34,E,32,E,0,,19.2,,,M,,M
-52.742777777777775,47.62222222222222,ST JOHN'S A,8403506,8403506.2005.3.19,2005-03-19 00:00:00,NL,2005,3,19,-2.1,,-3.7,,-0.4,,0.6,,0,,0.6,,46,,0,,0,,0,,20.1,,,M,,M
-52.742777777777775,47.62222222222222,ST JOHN'S A,8403506,8403506.2005.3.20,2005-03-20 00:00:00,NL,2005,3,20,-1.6,,-3.6,,0.4,,1.2,,0,T,1.2,,46,,31,E,43,E,0,,19.6,,,M,,M
-52.742777777777775,47.62222222222222,ST JOHN'S A,8403506,8403506.2005.3.21,2005-03-21 00:00:00,NL,2005,3,21,-2.2,,-3.3,,-1,,7.2,,0,T,7.2,,52,,32,,56,,0,,20.2,,,M,,M
-52.742777777777775,47.62222222222222,ST JOHN'S A,8403506,8403506.2005.3.22,2005-03-22 00:00:00,NL,2005,3,22,-3.1,,-4,,-2.1,,1,,0,,1.2,,54,,36,E,39,E,0,,21.1,,,M,,M
-52.742777777777775,47.62222222222222,ST JOHN'S A,8403506,8403506.2005.3.23,2005-03-23 00:00:00,NL,2005,3,23,-5.7,,-8.7,,-2.7,,0,T,0,,0,T,54,,0,,0,,0,,23.7,,,M,,M
-52.742777777777775,47.62222222222222,ST JOHN'S A,8403506,8403506.2005.3.24,2005-03-24 00:00:00,NL,2005,3,24,-5.6,,-9.2,,-2,,0,,0,,0,,53,,0,,0,,0,,23.6,,,M,,M
-52.742777777777775,47.62222222222222,ST JOHN'S A,8403506,8403506.2005.3.25,2005-03-25 00:00:00,NL,2005,3,25,-4.9,,-8.2,,-1.5,,0,,0,,0,,51,,0,,0,,0,,22.9,,,M,,M
-52.742777777777775,47.62222222222222,ST JOHN'S A,8403506,8403506.2005.3.26,2005-03-26 00:00:00,NL,2005,3,26,-1.2,,-4.2,,1.8,,0,T,0,,0,T,50,,36,E,33,E,0,,19.2,,,M,,M
-52.742777777777775,47.62222222222222,ST JOHN'S A,8403506,8403506.2005.3.27,2005-03-27 00:00:00,NL,2005,3,27,-7.2,,-11,,-3.3,,0,T,0,,0,T,45,,0,,0,,0,,25.2,,,M,,M
-52.742777777777775,47.62222222222222,ST JOHN'S A,8403506,8403506.2005.3.28,2005-03-28 00:00:00,NL,2005,3,28,-2.4,,-9.6,,4.8,,0,,0,,0,,43,,0,,0,,0,,20.4,,,M,,M
-52.742777777777775,47.62222222222222,ST JOHN'S A,8403506,8403506.2005.3.29,2005-03-29 00:00:00,NL,2005,3,29,-0.3,,-4.8,,4.3,,0,,0,,0,,37,,0,,0,,0,,18.3,,,M,,M
-52.742777777777775,47.62222222222222,ST JOHN'S A,8403506,8403506.2005.3.30,2005-03-30 00:00:00,NL,2005,3,30,0.4,,-0.1,,0.9,,60.2,,42.4,,17.8,,37,,12,E,56,E,0,,17.6,,,M,,M
-52.742777777777775,47.62222222222222,ST JOHN'S A,8403506,8403506.2005.3.31,2005-03-31 00:00:00,NL,2005,3,31,-0.6,,-2.1,,1,,17.4,,17.4,,0,,40,,6,E,59,E,0,,18.6,,,M,,M
-52.742777777777775,47.62222222222222,ST JOHN'S A,8403506,8403506.2005.4.1,2005-04-01 00:00:00,NL,2005,4,1,-2.1,,-3.2,,-0.9,,0,,0,,0,,38,,,M,,M,0,,20.1,,,M,,M
-52.742777777777775,47.62222222222222,ST JOHN'S A,8403506,8403506.2005.4.2,2005-04-02 00:00:00,NL,2005,4,2,-1.5,,-4.8,,1.8,,0,,0,,0,,38,,,M,,M,0,,19.5,,,M,,M
-52.742777777777775,47.62222222222222,ST JOHN'S A,8403506,8403506.2005.4.3,2005-04-03 00:00:00,NL,2005,4,3,0.8,,-4.6,,6.1,,0,,0,,0,,36,,0,,0,,0,,17.2,,,M,,M
-52.742777777777775,47.62222222222222,ST JOHN'S A,8403506,8403506.2005.4.4,2005-04-04 00:00:00,NL,2005,4,4,4.3,,1.6,,7,,0.4,,0.4,,0,,29,,16,E,39,E,0,,13.7,,,M,,M
-52.742777777777775,47.62222222222222,ST JOHN'S A,8403506,8403506.2005.4.5,2005-04-05 00:00:00,NL,2005,4,5,4,,2.8,,5.2,,7.8,,7.8,,0,,22,,17,E,44,E,0,,14,,,M,,M
-52.742777777777775,47.62222222222222,ST JOHN'S A,8403506,8403506.2005.4.6,2005-04-06 00:00:00,NL,2005,4,6,4.2,,0.3,,8,,0,T,0,T,0,,13,,0,,0,,0,,13.8,,,M,,M
-52.742777777777775,47.62222222222222,ST JOHN'S A,8403506,8403506.2005.4.7,2005-04-07 00:00:00,NL,2005,4,7,4.3,,-1,,9.6,,0,T,0,T,0,,6,,22,E,33,E,0,,13.7,,,M,,M
-52.742777777777775,47.62222222222222,ST JOHN'S A,8403506,8403506.2005.4.8,2005-04-08 00:00:00,NL,2005,4,8,5.5,,0.3,,10.6,,6.2,,6.2,,0,T,5,,24,E,70,E,0,,12.5,,,M,,M
-52.742777777777775,47.62222222222222,ST JOHN'S A,8403506,8403506.2005.4.9,2005-04-09 00:00:00,NL,2005,4,9,2.3,,0,,4.5,,0.4,,0.4,,0,T,4,,26,E,33,E,0,,15.7,,,M,,M
-52.742777777777775,47.62222222222222,ST JOHN'S A,8403506,8403506.2005.4.10,2005-04-10 00:00:00,NL,2005,4,10,3.2,,-1.9,,8.2,,0,T,0,,0,T,3,,0,,0,,0,,14.8,,,M,,M
-52.742777777777775,47.62222222222222,ST JOHN'S A,8403506,8403506.2005.4.11,2005-04-11 00:00:00,NL,2005,4,11,1.6,,-1.4,,4.6,,47.4,,46.2,,1.2,,3,,9,E,41,E,0,,16.4,,,M,,M
-52.742777777777775,47.62222222222222,ST JOHN'S A,8403506,8403506.2005.4.12,2005-04-12 00:00:00,NL,2005,4,12,4,,2,,6,,22.6,,22.6,,0,,0,T,16,E,37,E,0,,14,,,M,,M
-52.742777777777775,47.62222222222222,ST JOHN'S A,8403506,8403506.2005.4.13,2005-04-13 00:00:00,NL,2005,4,13,3.8,,0.4,,7.1,,2.4,,2.4,,0,,0,T,23,E,83,E,0,,14.2,,,M,,M
-52.742777777777775,47.62222222222222,ST JOHN'S A,8403506,8403506.2005.4.14,2005-04-14 00:00:00,NL,2005,4,14,-2.1,,-6.2,,2,,4.8,,0,T,4.8,,0,T,24,E,48,E,0,,20.1,,,M,,M
-52.742777777777775,47.62222222222222,ST JOHN'S A,8403506,8403506.2005.4.15,2005-04-15 00:00:00,NL,2005,4,15,-3.9,,-7.8,,0,,0,T,0,,0,T,2,,0,,0,,0,,21.9,,,M,,M
-52.742777777777775,47.62222222222222,ST JOHN'S A,8403506,8403506.2005.4.16,2005-04-16 00:00:00,NL,2005,4,16,-0.7,,-8,,6.7,,0,,0,,0,,2,,27,E,65,E,0,,18.7,,,M,,M
-52.742777777777775,47.62222222222222,ST JOHN'S A,8403506,8403506.2005.4.17,2005-04-17 00:00:00,NL,2005,4,17,8.1,,-0.3,,16.5,,0,,0,,0,,0,T,25,E,41,E,0,,9.9,,,M,,M
-52.742777777777775,47.62222222222222,ST JOHN'S A,8403506,8403506.2005.4.18,2005-04-18 00:00:00,NL,2005,4,18,6.6,,-2.2,,15.4,,0.2,,0,,0.4,,0,T,1,E,37,E,0,,11.4,,,M,,M
-52.742777777777775,47.62222222222222,ST JOHN'S A,8403506,8403506.2005.4.19,2005-04-19 00:00:00,NL,2005,4,19,-0.1,,-2.4,,2.3,,0.2,,0,,0.2,,0,T,31,E,52,E,0,,18.1,,,M,,M
-52.742777777777775,47.62222222222222,ST JOHN'S A,8403506,8403506.2005.4.20,2005-04-20 00:00:00,NL,2005,4,20,3.7,,0.7,,6.7,,0,T,0,T,0,T,0,T,30,E,52,E,0,,14.3,,,M,,M
-52.742777777777775,47.62222222222222,ST JOHN'S A,8403506,8403506.2005.4.21,2005-04-21 00:00:00,NL,2005,4,21,1,,-0.8,,2.8,,5.6,,0,T,5.6,,0,T,0,,0,,0,,17,,,M,,M
-52.742777777777775,47.62222222222222,ST JOHN'S A,8403506,8403506.2005.4.22,2005-04-22 00:00:00,NL,2005,4,22,0.9,,-3.7,,5.4,,0,,0,,0,,2,,26,E,57,E,0,,17.1,,,M,,M
-52.742777777777775,47.62222222222222,ST JOHN'S A,8403506,8403506.2005.4.23,2005-04-23 00:00:00,NL,2005,4,23,5.1,,-0.3,,10.5,,0,,0,,0,,0,T,28,E,74,E,0,,12.9,,,M,,M
-52.742777777777775,47.62222222222222,ST JOHN'S A,8403506,8403506.2005.4.24,2005-04-24 00:00:00,NL,2005,4,24,6.6,,1.1,,12,,0,,0,,0,,0,T,0,,0,,0,,11.4,,,M,,M
-52.742777777777775,47.62222222222222,ST JOHN'S A,8403506,8403506.2005.4.25,2005-04-25 00:00:00,NL,2005,4,25,2.2,,-1.3,,5.6,,0,,0,,0,,0,T,0,,0,,0,,15.8,,,M,,M
-52.742777777777775,47.62222222222222,ST JOHN'S A,8403506,8403506.2005.4.26,2005-04-26 00:00:00,NL,2005,4,26,0.9,,-1.1,,2.8,,0,T,0,,0,T,0,T,8,E,37,E,0,,17.1,,,M,,M
-52.742777777777775,47.62222222222222,ST JOHN'S A,8403506,8403506.2005.4.27,2005-04-27 00:00:00,NL,2005,4,27,0.1,,-1.7,,1.9,,0,T,0,,0,T,0,T,36,E,32,E,0,,17.9,,,M,,M
-52.742777777777775,47.62222222222222,ST JOHN'S A,8403506,8403506.2005.4.28,2005-04-28 00:00:00,NL,2005,4,28,0.9,,-1.7,,3.4,,2.2,,0,T,2.2,,0,T,0,,0,,0,,17.1,,,M,,M
-52.742777777777775,47.62222222222222,ST JOHN'S A,8403506,8403506.2005.4.29,2005-04-29 00:00:00,NL,2005,4,29,0.9,,-2.1,,3.9,,0.2,,0,,0.2,,1,,0,,0,,0,,17.1,,,M,,M
-52.742777777777775,47.62222222222222,ST JOHN'S A,8403506,8403506.2005.4.30,2005-04-30 00:00:00,NL,2005,4,30,3.6,,-0.6,,7.8,,0,T,0,,0,T,0,T,0,,0,,0,,14.4,,,M,,M
-52.742777777777775,47.62222222222222,ST JOHN'S A,8403506,8403506.2005.5.1,2005-05-01 00:00:00,NL,2005,5,1,9,,3.4,,14.6,,0,T,0,T,0,,0,,19,E,37,E,0,,9,,,M,,M
-52.742777777777775,47.62222222222222,ST JOHN'S A,8403506,8403506.2005.5.2,2005-05-02 00:00:00,NL,2005,5,2,10.1,,4.7,,15.5,,4.2,,4.2,,0,,0,,20,E,46,E,0,,7.9,,,M,,M
-52.742777777777775,47.62222222222222,ST JOHN'S A,8403506,8403506.2005.5.3,2005-05-03 00:00:00,NL,2005,5,3,4.8,,1.2,,8.4,,4,,4,,0,,0,,0,,0,,0,,13.2,,,M,,M
-52.742777777777775,47.62222222222222,ST JOHN'S A,8403506,8403506.2005.5.4,2005-05-04 00:00:00,NL,2005,5,4,9.7,,1.8,,17.6,,0,,0,,0,,0,,0,,0,,0,,8.3,,,M,,M
-52.742777777777775,47.62222222222222,ST JOHN'S A,8403506,8403506.2005.5.5,2005-05-05 00:00:00,NL,2005,5,5,8.5,,3,,13.9,,0,,0,,0,,0,,0,,0,,0,,9.5,,,M,,M
-52.742777777777775,47.62222222222222,ST JOHN'S A,8403506,8403506.2005.5.6,2005-05-06 00:00:00,NL,2005,5,6,6.5,,0.1,,12.9,,0,,0,,0,,0,,33,E,46,E,0,,11.5,,,M,,M
-52.742777777777775,47.62222222222222,ST JOHN'S A,8403506,8403506.2005.5.7,2005-05-07 00:00:00,NL,2005,5,7,6.4,,-0.5,,13.2,,0,,0,,0,,0,,34,E,37,E,0,,11.6,,,M,,M
-52.742777777777775,47.62222222222222,ST JOHN'S A,8403506,8403506.2005.5.8,2005-05-08 00:00:00,NL,2005,5,8,2.9,,0.5,,5.2,,1,,1,,0,,0,,0,,0,,0,,15.1,,,M,,M
-52.742777777777775,47.62222222222222,ST JOHN'S A,8403506,8403506.2005.5.9,2005-05-09 00:00:00,NL,2005,5,9,4.2,,2.2,,6.2,,0,T,0,T,0,,0,,0,,0,,0,,13.8,,,M,,M
-52.742777777777775,47.62222222222222,ST JOHN'S A,8403506,8403506.2005.5.10,2005-05-10 00:00:00,NL,2005,5,10,4.2,,2.5,,5.8,,0.6,,0.6,,0,,0,,0,,0,,0,,13.8,,,M,,M
-52.742777777777775,47.62222222222222,ST JOHN'S A,8403506,8403506.2005.5.11,2005-05-11 00:00:00,NL,2005,5,11,5.5,,3.3,,7.7,,4,,4,,0,,0,,0,,0,,0,,12.5,,,M,,M
-52.742777777777775,47.62222222222222,ST JOHN'S A,8403506,8403506.2005.5.12,2005-05-12 00:00:00,NL,2005,5,12,9.5,,5.1,,13.8,,1,,1,,0,,0,,0,,0,,0,,8.5,,,M,,M
-52.742777777777775,47.62222222222222,ST JOHN'S A,8403506,8403506.2005.5.13,2005-05-13 00:00:00,NL,2005,5,13,4,,0.3,,7.7,,5,,5,,0,T,0,,0,,0,,0,,14,,,M,,M
-52.742777777777775,47.62222222222222,ST JOHN'S A,8403506,8403506.2005.5.14,2005-05-14 00:00:00,NL,2005,5,14,0.7,,-4.1,,5.4,,1.2,,1.2,,0.2,,0,T,28,E,32,E,0,,17.3,,,M,,M
-52.742777777777775,47.62222222222222,ST JOHN'S A,8403506,8403506.2005.5.15,2005-05-15 00:00:00,NL,2005,5,15,0.1,,-4.7,,4.8,,1.8,,1.8,,0,,0,,28,E,50,E,0,,17.9,,,M,,M
-52.742777777777775,47.62222222222222,ST JOHN'S A,8403506,8403506.2005.5.16,2005-05-16 00:00:00,NL,2005,5,16,6.8,,3.1,,10.5,,0.4,,0.4,,0,,0,,32,E,43,E,0,,11.2,,,M,,M
-52.742777777777775,47.62222222222222,ST JOHN'S A,8403506,8403506.2005.5.17,2005-05-17 00:00:00,NL,2005,5,17,5.2,,3.3,,7,,0.2,,0.2,,0,,0,,32,E,33,E,0,,12.8,,,M,,M
-52.742777777777775,47.62222222222222,ST JOHN'S A,8403506,8403506.2005.5.18,2005-05-18 00:00:00,NL,2005,5,18,4.6,,0.6,,8.5,,0.2,,0.2,,0,,0,,0,,0,,0,,13.4,,,M,,M
-52.742777777777775,47.62222222222222,ST JOHN'S A,8403506,8403506.2005.5.19,2005-05-19 00:00:00,NL,2005,5,19,4.2,,2,,6.4,,0.4,,0.4,,0,,0,,11,E,35,E,0,,13.8,,,M,,M
-52.742777777777775,47.62222222222222,ST JOHN'S A,8403506,8403506.2005.5.20,2005-05-20 00:00:00,NL,2005,5,20,4.6,,4,,5.2,,57.4,,57.4,,0,,0,,11,E,43,E,0,,13.4,,,M,,M
-52.742777777777775,47.62222222222222,ST JOHN'S A,8403506,8403506.2005.5.21,2005-05-21 00:00:00,NL,2005,5,21,4.1,,2.1,,6.1,,3.6,,3.6,,0,,0,,0,,0,,0,,13.9,,,M,,M
-52.742777777777775,47.62222222222222,ST JOHN'S A,8403506,8403506.2005.5.22,2005-05-22 00:00:00,NL,2005,5,22,3.2,,-0.2,,6.6,,0,T,0,T,0,,0,,0,,0,,0,,14.8,,,M,,M
-52.742777777777775,47.62222222222222,ST JOHN'S A,8403506,8403506.2005.5.23,2005-05-23 00:00:00,NL,2005,5,23,3.2,,0.1,,6.3,,0,T,0,T,0,,0,,2,E,37,E,0,,14.8,,,M,,M
-52.742777777777775,47.62222222222222,ST JOHN'S A,8403506,8403506.2005.5.24,2005-05-24 00:00:00,NL,2005,5,24,4,,-0.9,,8.8,,0,,0,,0,,0,,0,,0,,0,,14,,,M,,M
-52.742777777777775,47.62222222222222,ST JOHN'S A,8403506,8403506.2005.5.25,2005-05-25 00:00:00,NL,2005,5,25,7.1,,-0.5,,14.6,,0,,0,,0,,0,,26,E,32,E,0,,10.9,,,M,,M
-52.742777777777775,47.62222222222222,ST JOHN'S A,8403506,8403506.2005.5.26,2005-05-26 00:00:00,NL,2005,5,26,12,,3.4,,20.5,,0,,0,,0,,0,,0,,0,,0,,6,,,M,,M
-52.742777777777775,47.62222222222222,ST JOHN'S A,8403506,8403506.2005.5.27,2005-05-27 00:00:00,NL,2005,5,27,9.5,,5.6,,13.4,,11.6,,11.6,,0,,0,,14,E,41,E,0,,8.5,,,M,,M
-52.742777777777775,47.62222222222222,ST JOHN'S A,8403506,8403506.2005.5.28,2005-05-28 00:00:00,NL,2005,5,28,5.4,,4.2,,6.5,,36.8,,36.8,,0,,0,,9,E,37,E,0,,12.6,,,M,,M
-52.742777777777775,47.62222222222222,ST JOHN'S A,8403506,8403506.2005.5.29,2005-05-29 00:00:00,NL,2005,5,29,7,,4.8,,9.2,,0.4,,0.4,,0,,0,,1,E,41,E,0,,11,,,M,,M
-52.742777777777775,47.62222222222222,ST JOHN'S A,8403506,8403506.2005.5.30,2005-05-30 00:00:00,NL,2005,5,30,6.8,,2.7,,10.9,,0,,0,,0,,0,,0,,0,,0,,11.2,,,M,,M
-52.742777777777775,47.62222222222222,ST JOHN'S A,8403506,8403506.2005.5.31,2005-05-31 00:00:00,NL,2005,5,31,6.5,,2.7,,10.3,,0,T,0,T,0,,0,,0,,0,,0,,11.5,,,M,,M
-52.742777777777775,47.62222222222222,ST JOHN'S A,8403506,8403506.2005.6.1,2005-06-01 00:00:00,NL,2005,6,1,8.3,,3.6,,13,,0,,0,,0,,0,,0,,0,,0,,9.7,,,M,,M
-52.742777777777775,47.62222222222222,ST JOHN'S A,8403506,8403506.2005.6.2,2005-06-02 00:00:00,NL,2005,6,2,12.8,,4,,21.5,,0,,0,,0,,0,,26,E,37,E,0,,5.2,,,M,,M
-52.742777777777775,47.62222222222222,ST JOHN'S A,8403506,8403506.2005.6.3,2005-06-03 00:00:00,NL,2005,6,3,16.5,,6.8,,26.2,,0,,0,,0,,0,,26,E,46,E,0,,1.5,,,M,,M
-52.742777777777775,47.62222222222222,ST JOHN'S A,8403506,8403506.2005.6.4,2005-06-04 00:00:00,NL,2005,6,4,9.4,,2.9,,15.9,,2,,2,,0,,0,,0,,0,,0,,8.6,,,M,,M
-52.742777777777775,47.62222222222222,ST JOHN'S A,8403506,8403506.2005.6.5,2005-06-05 00:00:00,NL,2005,6,5,7.8,,1.3,,14.3,,0,,0,,0,,0,,0,,0,,0,,10.2,,,M,,M
-52.742777777777775,47.62222222222222,ST JOHN'S A,8403506,8403506.2005.6.6,2005-06-06 00:00:00,NL,2005,6,6,7.8,,2.2,,13.3,,0,,0,,0,,0,,0,,0,,0,,10.2,,,M,,M
-52.742777777777775,47.62222222222222,ST JOHN'S A,8403506,8403506.2005.6.7,2005-06-07 00:00:00,NL,2005,6,7,11.7,,5.9,,17.5,,8.2,,8.2,,0,,0,,18,E,52,E,0,,6.3,,,M,,M
-52.742777777777775,47.62222222222222,ST JOHN'S A,8403506,8403506.2005.6.8,2005-06-08 00:00:00,NL,2005,6,8,11.4,,7.8,,14.9,,12.8,,12.8,,0,,0,,23,E,67,E,0,,6.6,,,M,,M
-52.742777777777775,47.62222222222222,ST JOHN'S A,8403506,8403506.2005.6.9,2005-06-09 00:00:00,NL,2005,6,9,9.1,,5.5,,12.7,,0,T,0,T,0,,0,,18,E,33,E,0,,8.9,,,M,,M
-52.742777777777775,47.62222222222222,ST JOHN'S A,8403506,8403506.2005.6.10,2005-06-10 00:00:00,NL,2005,6,10,12.7,,7.3,,18.1,,27,,27,,0,,0,,24,E,52,E,0,,5.3,,,M,,M
-52.742777777777775,47.62222222222222,ST JOHN'S A,8403506,8403506.2005.6.11,2005-06-11 00:00:00,NL,2005,6,11,8.9,,6,,11.7,,3,,3,,0,,0,,24,E,52,E,0,,9.1,,,M,,M
-52.742777777777775,47.62222222222222,ST JOHN'S A,8403506,8403506.2005.6.12,2005-06-12 00:00:00,NL,2005,6,12,10.8,,6.7,,14.9,,1.4,,1.4,,0,,0,,0,,0,,0,,7.2,,,M,,M
-52.742777777777775,47.62222222222222,ST JOHN'S A,8403506,8403506.2005.6.13,2005-06-13 00:00:00,NL,2005,6,13,6,,4,,7.9,,0,T,0,T,0,,0,,34,E,48,E,0,,12,,,M,,M
-52.742777777777775,47.62222222222222,ST JOHN'S A,8403506,8403506.2005.6.14,2005-06-14 00:00:00,NL,2005,6,14,5.3,,4.2,,6.3,,2.6,,2.6,,0,,0,,32,E,59,E,0,,12.7,,,M,,M
-52.742777777777775,47.62222222222222,ST JOHN'S A,8403506,8403506.2005.6.15,2005-06-15 00:00:00,NL,2005,6,15,6.2,,5.4,,6.9,,0.8,,0.8,,0,,0,,36,E,46,E,0,,11.8,,,M,,M
-52.742777777777775,47.62222222222222,ST JOHN'S A,8403506,8403506.2005.6.16,2005-06-16 00:00:00,NL,2005,6,16,6.1,,3.4,,8.8,,0,T,0,T,0,,0,,0,,0,,0,,11.9,,,M,,M
-52.742777777777775,47.62222222222222,ST JOHN'S A,8403506,8403506.2005.6.17,2005-06-17 00:00:00,NL,2005,6,17,7.7,,5.1,,10.2,,11.8,,11.8,,0,,0,,0,,0,,0,,10.3,,,M,,M
-52.742777777777775,47.62222222222222,ST JOHN'S A,8403506,8403506.2005.6.18,2005-06-18 00:00:00,NL,2005,6,18,5.4,,4.5,,6.2,,10.4,,10.4,,0,,0,,0,,0,,0,,12.6,,,M,,M
-52.742777777777775,47.62222222222222,ST JOHN'S A,8403506,8403506.2005.6.19,2005-06-19 00:00:00,NL,2005,6,19,4.6,,3,,6.1,,0.8,,0.8,,0,,0,,0,,0,,0,,13.4,,,M,,M
-52.742777777777775,47.62222222222222,ST JOHN'S A,8403506,8403506.2005.6.20,2005-06-20 00:00:00,NL,2005,6,20,11.6,,3,,20.2,,0,,0,,0,,0,,26,E,57,E,0,,6.4,,,M,,M
-52.742777777777775,47.62222222222222,ST JOHN'S A,8403506,8403506.2005.6.21,2005-06-21 00:00:00,NL,2005,6,21,13.2,,7.1,,19.3,,0,T,0,T,0,,0,,24,E,65,E,0,,4.8,,,M,,M
-52.742777777777775,47.62222222222222,ST JOHN'S A,8403506,8403506.2005.6.22,2005-06-22 00:00:00,NL,2005,6,22,14.6,,8.6,,20.5,,0,,0,,0,,0,,24,E,52,E,0,,3.4,,,M,,M
-52.742777777777775,47.62222222222222,ST JOHN'S A,8403506,8403506.2005.6.23,2005-06-23 00:00:00,NL,2005,6,23,12,,9.8,,14.2,,18.6,,18.6,,0,,0,,0,,0,,0,,6,,,M,,M
-52.742777777777775,47.62222222222222,ST JOHN'S A,8403506,8403506.2005.6.24,2005-06-24 00:00:00,NL,2005,6,24,10.7,,7.6,,13.8,,0,T,0,T,0,,0,,0,,0,,0,,7.3,,,M,,M
-52.742777777777775,47.62222222222222,ST JOHN'S A,8403506,8403506.2005.6.25,2005-06-25 00:00:00,NL,2005,6,25,16.3,,8.8,,23.8,,0,,0,,0,,0,,0,,0,,0,,1.7,,,M,,M
-52.742777777777775,47.62222222222222,ST JOHN'S A,8403506,8403506.2005.6.26,2005-06-26 00:00:00,NL,2005,6,26,8.6,,0.8,,16.3,,0.2,,0.2,,0,,0,,1,E,44,E,0,,9.4,,,M,,M
-52.742777777777775,47.62222222222222,ST JOHN'S A,8403506,8403506.2005.6.27,2005-06-27 00:00:00,NL,2005,6,27,10.2,,0.8,,19.5,,0,,0,,0,,0,,25,E,41,E,0,,7.8,,,M,,M
-52.742777777777775,47.62222222222222,ST JOHN'S A,8403506,8403506.2005.6.28,2005-06-28 00:00:00,NL,2005,6,28,13.5,,7.7,,19.3,,0,T,0,T,0,,0,,25,E,70,E,0,,4.5,,,M,,M
-52.742777777777775,47.62222222222222,ST JOHN'S A,8403506,8403506.2005.6.29,2005-06-29 00:00:00,NL,2005,6,29,14.6,,7.2,,21.9,,5.4,,5.4,,0,,0,,26,E,63,E,0,,3.4,,,M,,M
-52.742777777777775,47.62222222222222,ST JOHN'S A,8403506,8403506.2005.6.30,2005-06-30 00:00:00,NL,2005,6,30,7.6,,6.2,,8.9,,0,T,0,T,0,,0,,0,,0,,0,,10.4,,,M,,M
-52.742777777777775,47.62222222222222,ST JOHN'S A,8403506,8403506.2005.7.1,2005-07-01 00:00:00,NL,2005,7,1,14.8,,7.3,,22.2,,0,,0,,0,,0,,0,,0,,0,,3.2,,,M,,M
-52.742777777777775,47.62222222222222,ST JOHN'S A,8403506,8403506.2005.7.2,2005-07-02 00:00:00,NL,2005,7,2,16.6,,8.5,,24.7,,0,T,0,T,0,,0,,23,E,56,E,0,,1.4,,,M,,M
-52.742777777777775,47.62222222222222,ST JOHN'S A,8403506,8403506.2005.7.3,2005-07-03 00:00:00,NL,2005,7,3,16.2,,11.8,,20.6,,9,,9,,0,,0,,21,,46,,0,,1.8,,,M,,M
-52.742777777777775,47.62222222222222,ST JOHN'S A,8403506,8403506.2005.7.4,2005-07-04 00:00:00,NL,2005,7,4,16.3,,10.9,,21.7,,0,,0,,0,,0,,0,,0,,0,,1.7,,,M,,M
-52.742777777777775,47.62222222222222,ST JOHN'S A,8403506,8403506.2005.7.5,2005-07-05 00:00:00,NL,2005,7,5,18.6,,11.4,,25.8,,0,,0,,0,,0,,0,,0,,0.6,,0,,,M,,M
-52.742777777777775,47.62222222222222,ST JOHN'S A,8403506,8403506.2005.7.6,2005-07-06 00:00:00,NL,2005,7,6,16.6,,8.6,,24.6,,0,,0,,0,,0,,25,E,41,E,0,,1.4,,,M,,M
-52.742777777777775,47.62222222222222,ST JOHN'S A,8403506,8403506.2005.7.7,2005-07-07 00:00:00,NL,2005,7,7,8.8,,6.4,,11.2,,0.4,,0.4,,0,,0,,0,,0,,0,,9.2,,,M,,M
-52.742777777777775,47.62222222222222,ST JOHN'S A,8403506,8403506.2005.7.8,2005-07-08 00:00:00,NL,2005,7,8,12.7,,3.6,,21.7,,0,T,0,T,0,,0,,26,E,37,E,0,,5.3,,,M,,M
-52.742777777777775,47.62222222222222,ST JOHN'S A,8403506,8403506.2005.7.9,2005-07-09 00:00:00,NL,2005,7,9,17.1,,10.7,,23.5,,0,,0,,0,,0,,26,E,48,E,0,,0.9,,,M,,M
-52.742777777777775,47.62222222222222,ST JOHN'S A,8403506,8403506.2005.7.10,2005-07-10 00:00:00,NL,2005,7,10,17.2,,9.8,,24.5,,4.4,,4.4,,0,,0,,16,E,41,E,0,,0.8,,,M,,M
-52.742777777777775,47.62222222222222,ST JOHN'S A,8403506,8403506.2005.7.11,2005-07-11 00:00:00,NL,2005,7,11,16,,12.6,,19.3,,0,T,0,T,0,,0,,,M,,M,0,,2,,,M,,M
-52.742777777777775,47.62222222222222,ST JOHN'S A,8403506,8403506.2005.7.12,2005-07-12 00:00:00,NL,2005,7,12,17.7,,12.8,,22.6,,0,,0,,0,,0,,,M,,M,0,,0.3,,,M,,M
-52.742777777777775,47.62222222222222,ST JOHN'S A,8403506,8403506.2005.7.13,2005-07-13 00:00:00,NL,2005,7,13,20.1,,13.9,,26.2,,0,T,0,T,0,,0,,19,E,41,E,2.1,,0,,,M,,M
-52.742777777777775,47.62222222222222,ST JOHN'S A,8403506,8403506.2005.7.14,2005-07-14 00:00:00,NL,2005,7,14,18.4,,13.7,,23,,0.8,,0.8,,0,,0,,22,E,33,E,0.4,,0,,,M,,M
-52.742777777777775,47.62222222222222,ST JOHN'S A,8403506,8403506.2005.7.15,2005-07-15 00:00:00,NL,2005,7,15,18.7,,12.7,,24.7,,0,,0,,0,,0,,24,E,37,E,0.7,,0,,,M,,M
-52.742777777777775,47.62222222222222,ST JOHN'S A,8403506,8403506.2005.7.16,2005-07-16 00:00:00,NL,2005,7,16,17.3,,13.5,,21,,6.4,,6.4,,0,,0,,0,,0,,0,,0.7,,,M,,M
-52.742777777777775,47.62222222222222,ST JOHN'S A,8403506,8403506.2005.7.17,2005-07-17 00:00:00,NL,2005,7,17,16.3,,13.6,,19,,1,,1,,0,,0,,0,,0,,0,,1.7,,,M,,M
-52.742777777777775,47.62222222222222,ST JOHN'S A,8403506,8403506.2005.7.18,2005-07-18 00:00:00,NL,2005,7,18,19.1,,13.4,,24.7,,0,,0,,0,,0,,26,E,48,E,1.1,,0,,,M,,M
-52.742777777777775,47.62222222222222,ST JOHN'S A,8403506,8403506.2005.7.19,2005-07-19 00:00:00,NL,2005,7,19,18.6,,11.7,,25.5,,0,,0,,0,,0,,0,,0,,0.6,,0,,,M,,M
-52.742777777777775,47.62222222222222,ST JOHN'S A,8403506,8403506.2005.7.20,2005-07-20 00:00:00,NL,2005,7,20,21.7,,18.5,,24.8,,1.8,,1.8,,0,,0,,27,,37,,3.7,,0,,,M,,M
-52.742777777777775,47.62222222222222,ST JOHN'S A,8403506,8403506.2005.7.21,2005-07-21 00:00:00,NL,2005,7,21,20.3,,15.6,,25,,0,,0,,0,,0,,0,,0,,2.3,,0,,,M,,M
-52.742777777777775,47.62222222222222,ST JOHN'S A,8403506,8403506.2005.7.22,2005-07-22 00:00:00,NL,2005,7,22,18.6,,14,,23.1,,0,,0,,0,,0,,0,,0,,0.6,,0,,,M,,M
-52.742777777777775,47.62222222222222,ST JOHN'S A,8403506,8403506.2005.7.23,2005-07-23 00:00:00,NL,2005,7,23,19.3,,12.9,,25.7,,0,,0,,0,,0,,0,,0,,1.3,,0,,,M,,M
-52.742777777777775,47.62222222222222,ST JOHN'S A,8403506,8403506.2005.7.24,2005-07-24 00:00:00,NL,2005,7,24,15.4,,14.2,,16.6,,13.8,,13.8,,0,,0,,25,E,33,E,0,,2.6,,,M,,M
-52.742777777777775,47.62222222222222,ST JOHN'S A,8403506,8403506.2005.7.25,2005-07-25 00:00:00,NL,2005,7,25,16.4,,13.1,,19.6,,0,,0,,0,,0,,26,E,67,E,0,,1.6,,,M,,M
-52.742777777777775,47.62222222222222,ST JOHN'S A,8403506,8403506.2005.7.26,2005-07-26 00:00:00,NL,2005,7,26,14.7,,13,,16.3,,0.8,,0.8,,0,,0,,19,E,48,E,0,,3.3,,,M,,M
-52.742777777777775,47.62222222222222,ST JOHN'S A,8403506,8403506.2005.7.27,2005-07-27 00:00:00,NL,2005,7,27,19.1,,14.2,,24,,0,T,0,T,0,,0,,22,E,39,E,1.1,,0,,,M,,M
-52.742777777777775,47.62222222222222,ST JOHN'S A,8403506,8403506.2005.7.28,2005-07-28 00:00:00,NL,2005,7,28,20.4,,16,,24.7,,0,T,0,T,0,,0,,24,E,56,E,2.4,,0,,,M,,M
-52.742777777777775,47.62222222222222,ST JOHN'S A,8403506,8403506.2005.7.29,2005-07-29 00:00:00,NL,2005,7,29,18.6,,15.1,,22,,17.6,,17.6,,0,,0,,0,,0,,0.6,,0,,,M,,M
-52.742777777777775,47.62222222222222,ST JOHN'S A,8403506,8403506.2005.7.30,2005-07-30 00:00:00,NL,2005,7,30,17.8,,10.9,,24.7,,13.6,,13.6,,0,,0,,26,E,32,E,0,,0.2,,,M,,M
-52.742777777777775,47.62222222222222,ST JOHN'S A,8403506,8403506.2005.7.31,2005-07-31 00:00:00,NL,2005,7,31,16.3,,10.6,,22,,0,,0,,0,,0,,0,,0,,0,,1.7,,,M,,M
-52.742777777777775,47.62222222222222,ST JOHN'S A,8403506,8403506.2005.8.1,2005-08-01 00:00:00,NL,2005,8,1,15.6,,9.7,,21.4,,0,,0,,0,,0,,0,,0,,0,,2.4,,,M,,M
-52.742777777777775,47.62222222222222,ST JOHN'S A,8403506,8403506.2005.8.2,2005-08-02 00:00:00,NL,2005,8,2,14.5,,9.9,,19.1,,0,,0,,0,,0,,0,,0,,0,,3.5,,,M,,M
-52.742777777777775,47.62222222222222,ST JOHN'S A,8403506,8403506.2005.8.3,2005-08-03 00:00:00,NL,2005,8,3,14.8,,11,,18.5,,3.4,,3.4,,0,,0,,16,E,37,E,0,,3.2,,,M,,M
-52.742777777777775,47.62222222222222,ST JOHN'S A,8403506,8403506.2005.8.4,2005-08-04 00:00:00,NL,2005,8,4,16.8,,13.1,,20.4,,0.6,,0.6,,0,,0,,32,E,33,E,0,,1.2,,,M,,M
-52.742777777777775,47.62222222222222,ST JOHN'S A,8403506,8403506.2005.8.5,2005-08-05 00:00:00,NL,2005,8,5,15.1,,12,,18.2,,1.6,,1.6,,0,,0,,25,E,43,E,0,,2.9,,,M,,M
-52.742777777777775,47.62222222222222,ST JOHN'S A,8403506,8403506.2005.8.6,2005-08-06 00:00:00,NL,2005,8,6,17.2,,12.4,,21.9,,1.2,,1.2,,0,,0,,24,E,59,E,0,,0.8,,,M,,M
-52.742777777777775,47.62222222222222,ST JOHN'S A,8403506,8403506.2005.8.7,2005-08-07 00:00:00,NL,2005,8,7,18.8,,13.2,,24.3,,0,,0,,0,,0,,0,,0,,0.8,,0,,,M,,M
-52.742777777777775,47.62222222222222,ST JOHN'S A,8403506,8403506.2005.8.8,2005-08-08 00:00:00,NL,2005,8,8,19.5,,12.6,,26.3,,0,,0,,0,,0,,26,E,39,E,1.5,,0,,,M,,M
-52.742777777777775,47.62222222222222,ST JOHN'S A,8403506,8403506.2005.8.9,2005-08-09 00:00:00,NL,2005,8,9,19,,14,,24,,0,,0,,0,,0,,25,E,33,E,1,,0,,,M,,M
-52.742777777777775,47.62222222222222,ST JOHN'S A,8403506,8403506.2005.8.10,2005-08-10 00:00:00,NL,2005,8,10,18.8,,14.5,,23.1,,0,,0,,0,,0,,24,E,56,E,0.8,,0,,,M,,M
-52.742777777777775,47.62222222222222,ST JOHN'S A,8403506,8403506.2005.8.11,2005-08-11 00:00:00,NL,2005,8,11,22.1,,18.3,,25.8,,0.6,,0.6,,0,,0,,24,E,56,E,4.1,,0,,,M,,M
-52.742777777777775,47.62222222222222,ST JOHN'S A,8403506,8403506.2005.8.12,2005-08-12 00:00:00,NL,2005,8,12,16.9,,10,,23.8,,3.2,,3.2,,0,,0,,0,,0,,0,,1.1,,,M,,M
-52.742777777777775,47.62222222222222,ST JOHN'S A,8403506,8403506.2005.8.13,2005-08-13 00:00:00,NL,2005,8,13,15.9,,9.8,,22,,0,,0,,0,,0,,0,,0,,0,,2.1,,,M,,M
-52.742777777777775,47.62222222222222,ST JOHN'S A,8403506,8403506.2005.8.14,2005-08-14 00:00:00,NL,2005,8,14,19.3,,14.6,,23.9,,0,T,0,T,0,,0,,21,E,43,E,1.3,,0,,,M,,M
-52.742777777777775,47.62222222222222,ST JOHN'S A,8403506,8403506.2005.8.15,2005-08-15 00:00:00,NL,2005,8,15,16.2,,12.5,,19.9,,0,,0,,0,,0,,0,,0,,0,,1.8,,,M,,M
-52.742777777777775,47.62222222222222,ST JOHN'S A,8403506,8403506.2005.8.16,2005-08-16 00:00:00,NL,2005,8,16,16.2,,11.1,,21.3,,0,,0,,0,,0,,0,,0,,0,,1.8,,,M,,M
-52.742777777777775,47.62222222222222,ST JOHN'S A,8403506,8403506.2005.8.17,2005-08-17 00:00:00,NL,2005,8,17,14.8,,11.1,,18.4,,7.2,,7.2,,0,,0,,18,E,37,E,0,,3.2,,,M,,M
-52.742777777777775,47.62222222222222,ST JOHN'S A,8403506,8403506.2005.8.18,2005-08-18 00:00:00,NL,2005,8,18,15.4,,8.9,,21.8,,1.4,,1.4,,0,,0,,28,E,32,E,0,,2.6,,,M,,M
-52.742777777777775,47.62222222222222,ST JOHN'S A,8403506,8403506.2005.8.19,2005-08-19 00:00:00,NL,2005,8,19,14.5,,8.6,,20.3,,0,T,0,T,0,,0,,26,E,41,E,0,,3.5,,,M,,M
-52.742777777777775,47.62222222222222,ST JOHN'S A,8403506,8403506.2005.8.20,2005-08-20 00:00:00,NL,2005,8,20,14.9,,9.1,,20.7,,0,,0,,0,,0,,0,,0,,0,,3.1,,,M,,M
-52.742777777777775,47.62222222222222,ST JOHN'S A,8403506,8403506.2005.8.21,2005-08-21 00:00:00,NL,2005,8,21,16.8,,12.4,,21.1,,0.3,,0.3,,0,,0,,18,E,48,E,0,,1.2,,,M,,M
-52.742777777777775,47.62222222222222,ST JOHN'S A,8403506,8403506.2005.8.22,2005-08-22 00:00:00,NL,2005,8,22,20.4,,17.3,,23.4,,1.6,,1.6,,0,,0,,26,E,56,E,2.4,,0,,,M,,M
-52.742777777777775,47.62222222222222,ST JOHN'S A,8403506,8403506.2005.8.23,2005-08-23 00:00:00,NL,2005,8,23,18.6,,15.3,,21.9,,27.2,,27.2,,0,,0,,0,,0,,0.6,,0,,,M,,M
-52.742777777777775,47.62222222222222,ST JOHN'S A,8403506,8403506.2005.8.24,2005-08-24 00:00:00,NL,2005,8,24,17.7,,14.6,,20.7,,33.2,,33.2,,0,,0,,0,,0,,0,,0.3,,,M,,M
-52.742777777777775,47.62222222222222,ST JOHN'S A,8403506,8403506.2005.8.25,2005-08-25 00:00:00,NL,2005,8,25,13.9,,13,,14.8,,25,,25,,0,,0,,,M,,M,0,,4.1,,,M,,M
-52.742777777777775,47.62222222222222,ST JOHN'S A,8403506,8403506.2005.8.26,2005-08-26 00:00:00,NL,2005,8,26,12.1,,10,,14.1,,20.6,,20.6,,0,,0,,2,E,33,E,0,,5.9,,,M,,M
-52.742777777777775,47.62222222222222,ST JOHN'S A,8403506,8403506.2005.8.27,2005-08-27 00:00:00,NL,2005,8,27,13.9,,9.9,,17.9,,0,,0,,0,,0,,0,,0,,0,,4.1,,,M,,M
-52.742777777777775,47.62222222222222,ST JOHN'S A,8403506,8403506.2005.8.28,2005-08-28 00:00:00,NL,2005,8,28,19.4,,14.4,,24.4,,0,,0,,0,,0,,24,E,46,E,1.4,,0,,,M,,M
-52.742777777777775,47.62222222222222,ST JOHN'S A,8403506,8403506.2005.8.29,2005-08-29 00:00:00,NL,2005,8,29,15.9,,11.8,,20,,0,T,0,T,0,,0,,0,,0,,0,,2.1,,,M,,M
-52.742777777777775,47.62222222222222,ST JOHN'S A,8403506,8403506.2005.8.30,2005-08-30 00:00:00,NL,2005,8,30,17.7,,12.1,,23.2,,0.8,,0.8,,0,,0,,25,E,33,E,0,,0.3,,,M,,M
-52.742777777777775,47.62222222222222,ST JOHN'S A,8403506,8403506.2005.8.31,2005-08-31 00:00:00,NL,2005,8,31,19.7,,16.5,,22.9,,2.8,,2.8,,0,,0,,0,,0,,1.7,,0,,,M,,M
-52.742777777777775,47.62222222222222,ST JOHN'S A,8403506,8403506.2005.9.1,2005-09-01 00:00:00,NL,2005,9,1,20.9,,17.4,,24.3,,3.2,,3.2,,0,,0,,18,E,44,E,2.9,,0,,,M,,M
-52.742777777777775,47.62222222222222,ST JOHN'S A,8403506,8403506.2005.9.2,2005-09-02 00:00:00,NL,2005,9,2,21.2,,18,,24.4,,14.6,,14.6,,0,,0,,19,E,37,E,3.2,,0,,,M,,M
-52.742777777777775,47.62222222222222,ST JOHN'S A,8403506,8403506.2005.9.3,2005-09-03 00:00:00,NL,2005,9,3,20,,15.6,,24.4,,1.8,,1.8,,0,,0,,22,E,32,E,2,,0,,,M,,M
-52.742777777777775,47.62222222222222,ST JOHN'S A,8403506,8403506.2005.9.4,2005-09-04 00:00:00,NL,2005,9,4,17.7,,10.8,,24.6,,0,,0,,0,,0,,26,E,46,E,0,,0.3,,,M,,M
-52.742777777777775,47.62222222222222,ST JOHN'S A,8403506,8403506.2005.9.5,2005-09-05 00:00:00,NL,2005,9,5,14.9,,9.8,,19.9,,0,,0,,0,,0,,0,,0,,0,,3.1,,,M,,M
-52.742777777777775,47.62222222222222,ST JOHN'S A,8403506,8403506.2005.9.6,2005-09-06 00:00:00,NL,2005,9,6,12.7,,7.3,,18.1,,0,,0,,0,,0,,0,,0,,0,,5.3,,,M,,M
-52.742777777777775,47.62222222222222,ST JOHN'S A,8403506,8403506.2005.9.7,2005-09-07 00:00:00,NL,2005,9,7,17.1,,12,,22.2,,0,,0,,0,,0,,24,E,37,E,0,,0.9,,,M,,M
-52.742777777777775,47.62222222222222,ST JOHN'S A,8403506,8403506.2005.9.8,2005-09-08 00:00:00,NL,2005,9,8,18.4,,13.2,,23.6,,0,,0,,0,,0,,26,E,44,E,0.4,,0,,,M,,M
-52.742777777777775,47.62222222222222,ST JOHN'S A,8403506,8403506.2005.9.9,2005-09-09 00:00:00,NL,2005,9,9,17.3,,13.4,,21.1,,0,,0,,0,,0,,0,,0,,0,,0.7,,,M,,M
-52.742777777777775,47.62222222222222,ST JOHN'S A,8403506,8403506.2005.9.10,2005-09-10 00:00:00,NL,2005,9,10,15.5,,12.7,,18.2,,14,,14,,0,,0,,27,E,37,E,0,,2.5,,,M,,M
-52.742777777777775,47.62222222222222,ST JOHN'S A,8403506,8403506.2005.9.11,2005-09-11 00:00:00,NL,2005,9,11,10.5,,8.2,,12.8,,15.2,,15.2,,0,,0,,35,E,59,E,0,,7.5,,,M,,M
-52.742777777777775,47.62222222222222,ST JOHN'S A,8403506,8403506.2005.9.12,2005-09-12 00:00:00,NL,2005,9,12,9.5,,8.2,,10.7,,2.6,,2.6,,0,,0,,0,,0,,0,,8.5,,,M,,M
-52.742777777777775,47.62222222222222,ST JOHN'S A,8403506,8403506.2005.9.13,2005-09-13 00:00:00,NL,2005,9,13,9.8,,8,,11.6,,3.3,,3.3,,0,,0,,36,E,59,E,0,,8.2,,,M,,M
-52.742777777777775,47.62222222222222,ST JOHN'S A,8403506,8403506.2005.9.14,2005-09-14 00:00:00,NL,2005,9,14,10,,5.9,,14.1,,0,,0,,0,,0,,35,E,44,E,0,,8,,,M,,M
-52.742777777777775,47.62222222222222,ST JOHN'S A,8403506,8403506.2005.9.15,2005-09-15 00:00:00,NL,2005,9,15,14.1,,6.2,,22,,0,,0,,0,,0,,0,,0,,0,,3.9,,,M,,M
-52.742777777777775,47.62222222222222,ST JOHN'S A,8403506,8403506.2005.9.16,2005-09-16 00:00:00,NL,2005,9,16,14.5,,9.8,,19.2,,2.2,,2.2,,0,,0,,34,E,43,E,0,,3.5,,,M,,M
-52.742777777777775,47.62222222222222,ST JOHN'S A,8403506,8403506.2005.9.17,2005-09-17 00:00:00,NL,2005,9,17,9.9,,8.5,,11.2,,0.6,,0.6,,0,,0,,0,,0,,0,,8.1,,,M,,M
-52.742777777777775,47.62222222222222,ST JOHN'S A,8403506,8403506.2005.9.18,2005-09-18 00:00:00,NL,2005,9,18,12.8,,9.2,,16.4,,29.6,,29.6,,0,,0,,33,E,69,E,0,,5.2,,,M,,M
-52.742777777777775,47.62222222222222,ST JOHN'S A,8403506,8403506.2005.9.19,2005-09-19 00:00:00,NL,2005,9,19,11.5,,8.9,,14,,4.2,,4.2,,0,,0,,33,E,59,E,0,,6.5,,,M,,M
-52.742777777777775,47.62222222222222,ST JOHN'S A,8403506,8403506.2005.9.20,2005-09-20 00:00:00,NL,2005,9,20,13.5,,9,,18,,6.8,,6.8,,0,,0,,28,E,41,E,0,,4.5,,,M,,M
-52.742777777777775,47.62222222222222,ST JOHN'S A,8403506,8403506.2005.9.21,2005-09-21 00:00:00,NL,2005,9,21,11.8,,8.6,,14.9,,10.8,,10.8,,0,,0,,15,E,39,E,0,,6.2,,,M,,M
-52.742777777777775,47.62222222222222,ST JOHN'S A,8403506,8403506.2005.9.22,2005-09-22 00:00:00,NL,2005,9,22,13,,10.2,,15.8,,0,,0,,0,,0,,25,E,85,E,0,,5,,,M,,M
-52.742777777777775,47.62222222222222,ST JOHN'S A,8403506,8403506.2005.9.23,2005-09-23 00:00:00,NL,2005,9,23,14.5,,11.3,,17.7,,1.2,,1.2,,0,,0,,24,E,52,E,0,,3.5,,,M,,M
-52.742777777777775,47.62222222222222,ST JOHN'S A,8403506,8403506.2005.9.24,2005-09-24 00:00:00,NL,2005,9,24,11.7,,7.5,,15.8,,2.6,,2.6,,0,,0,,30,E,59,E,0,,6.3,,,M,,M
-52.742777777777775,47.62222222222222,ST JOHN'S A,8403506,8403506.2005.9.25,2005-09-25 00:00:00,NL,2005,9,25,10,,6.9,,13.1,,0,,0,,0,,0,,0,,0,,0,,8,,,M,,M
-52.742777777777775,47.62222222222222,ST JOHN'S A,8403506,8403506.2005.9.26,2005-09-26 00:00:00,NL,2005,9,26,12.5,,9.5,,15.4,,0,T,0,T,0,,0,,24,E,67,E,0,,5.5,,,M,,M
-52.742777777777775,47.62222222222222,ST JOHN'S A,8403506,8403506.2005.9.27,2005-09-27 00:00:00,NL,2005,9,27,16.3,,11.8,,20.8,,2.2,,2.2,,0,,0,,23,E,67,E,0,,1.7,,,M,,M
-52.742777777777775,47.62222222222222,ST JOHN'S A,8403506,8403506.2005.9.28,2005-09-28 00:00:00,NL,2005,9,28,8,,3,,13,,0,T,0,T,0,,0,,28,E,80,E,0,,10,,,M,,M
-52.742777777777775,47.62222222222222,ST JOHN'S A,8403506,8403506.2005.9.29,2005-09-29 00:00:00,NL,2005,9,29,9.3,,2.3,,16.3,,0,,0,,0,,0,,19,E,50,E,0,,8.7,,,M,,M
-52.742777777777775,47.62222222222222,ST JOHN'S A,8403506,8403506.2005.9.30,2005-09-30 00:00:00,NL,2005,9,30,12.9,,9.1,,16.6,,9.4,,9.4,,0,,0,,18,E,96,E,0,,5.1,,,M,,M
-52.742777777777775,47.62222222222222,ST JOHN'S A,8403506,8403506.2005.10.1,2005-10-01 00:00:00,NL,2005,10,1,10.6,,6.9,,14.2,,2.4,,2.4,,0,,0,,0,,0,,0,,7.4,,,M,,M
-52.742777777777775,47.62222222222222,ST JOHN'S A,8403506,8403506.2005.10.2,2005-10-02 00:00:00,NL,2005,10,2,11.8,,6.8,,16.8,,0,T,0,T,0,,0,,27,E,48,E,0,,6.2,,,M,,M
-52.742777777777775,47.62222222222222,ST JOHN'S A,8403506,8403506.2005.10.3,2005-10-03 00:00:00,NL,2005,10,3,9,,3.4,,14.5,,0,,0,,0,,0,,32,E,32,E,0,,9,,,M,,M
-52.742777777777775,47.62222222222222,ST JOHN'S A,8403506,8403506.2005.10.4,2005-10-04 00:00:00,NL,2005,10,4,13.8,,7.5,,20,,0,,0,,0,,0,,25,E,70,E,0,,4.2,,,M,,M
-52.742777777777775,47.62222222222222,ST JOHN'S A,8403506,8403506.2005.10.5,2005-10-05 00:00:00,NL,2005,10,5,10.5,,6.6,,14.4,,0.2,,0.2,,0,,0,,26,E,52,E,0,,7.5,,,M,,M
-52.742777777777775,47.62222222222222,ST JOHN'S A,8403506,8403506.2005.10.6,2005-10-06 00:00:00,NL,2005,10,6,7.6,,5.2,,9.9,,0.2,,0.2,,0,,0,,0,,0,,0,,10.4,,,M,,M
-52.742777777777775,47.62222222222222,ST JOHN'S A,8403506,8403506.2005.10.7,2005-10-07 00:00:00,NL,2005,10,7,11.5,,5.5,,17.5,,4.4,,4.4,,0,,0,,24,E,50,E,0,,6.5,,,M,,M
-52.742777777777775,47.62222222222222,ST JOHN'S A,8403506,8403506.2005.10.8,2005-10-08 00:00:00,NL,2005,10,8,11.7,,6.2,,17.2,,24.2,,24.2,,0,,0,,25,E,65,E,0,,6.3,,,M,,M
-52.742777777777775,47.62222222222222,ST JOHN'S A,8403506,8403506.2005.10.9,2005-10-09 00:00:00,NL,2005,10,9,6.4,,4.6,,8.1,,0,T,0,T,0,,0,,5,,37,,0,,11.6,,,M,,M
-52.742777777777775,47.62222222222222,ST JOHN'S A,8403506,8403506.2005.10.10,2005-10-10 00:00:00,NL,2005,10,10,6.4,,3.8,,8.9,,0,,0,,0,,0,,0,,0,,0,,11.6,,,M,,M
-52.742777777777775,47.62222222222222,ST JOHN'S A,8403506,8403506.2005.10.11,2005-10-11 00:00:00,NL,2005,10,11,9.2,,4.7,,13.7,,35.8,,35.8,,0,,0,,33,E,65,E,0,,8.8,,,M,,M
-52.742777777777775,47.62222222222222,ST JOHN'S A,8403506,8403506.2005.10.12,2005-10-12 00:00:00,NL,2005,10,12,5.7,,4.1,,7.2,,2.6,,2.6,,0,,0,,33,E,74,E,0,,12.3,,,M,,M
-52.742777777777775,47.62222222222222,ST JOHN'S A,8403506,8403506.2005.10.13,2005-10-13 00:00:00,NL,2005,10,13,6.7,,4,,9.4,,0,,0,,0,,0,,27,E,37,E,0,,11.3,,,M,,M
-52.742777777777775,47.62222222222222,ST JOHN'S A,8403506,8403506.2005.10.14,2005-10-14 00:00:00,NL,2005,10,14,5.4,,0.3,,10.4,,0,,0,,0,,0,,0,,0,,0,,12.6,,,M,,M
-52.742777777777775,47.62222222222222,ST JOHN'S A,8403506,8403506.2005.10.15,2005-10-15 00:00:00,NL,2005,10,15,4.3,,-0.2,,8.7,,0,,0,,0,,0,,14,E,48,E,0,,13.7,,,M,,M
-52.742777777777775,47.62222222222222,ST JOHN'S A,8403506,8403506.2005.10.16,2005-10-16 00:00:00,NL,2005,10,16,8.8,,6.3,,11.3,,60.4,,60.4,,0,,0,,11,E,72,E,0,,9.2,,,M,,M
-52.742777777777775,47.62222222222222,ST JOHN'S A,8403506,8403506.2005.10.17,2005-10-17 00:00:00,NL,2005,10,17,11,,8.3,,13.7,,4.4,,4.4,,0,,0,,17,E,44,E,0,,7,,,M,,M
-52.742777777777775,47.62222222222222,ST JOHN'S A,8403506,8403506.2005.10.18,2005-10-18 00:00:00,NL,2005,10,18,12.1,,8.8,,15.4,,1.4,,1.4,,0,,0,,23,E,32,E,0,,5.9,,,M,,M
-52.742777777777775,47.62222222222222,ST JOHN'S A,8403506,8403506.2005.10.19,2005-10-19 00:00:00,NL,2005,10,19,11,,7.4,,14.6,,0,T,0,T,0,,0,,27,E,37,E,0,,7,,,M,,M
-52.742777777777775,47.62222222222222,ST JOHN'S A,8403506,8403506.2005.10.20,2005-10-20 00:00:00,NL,2005,10,20,10.6,,7.4,,13.8,,0,T,0,T,0,,0,,24,E,50,E,0,,7.4,,,M,,M
-52.742777777777775,47.62222222222222,ST JOHN'S A,8403506,8403506.2005.10.21,2005-10-21 00:00:00,NL,2005,10,21,9.2,,7.4,,11,,0,T,0,T,0,,0,,26,E,76,E,0,,8.8,,,M,,M
-52.742777777777775,47.62222222222222,ST JOHN'S A,8403506,8403506.2005.10.22,2005-10-22 00:00:00,NL,2005,10,22,7.2,,5.4,,8.9,,4.8,,4.8,,0,,0,,29,E,63,E,0,,10.8,,,M,,M
-52.742777777777775,47.62222222222222,ST JOHN'S A,8403506,8403506.2005.10.23,2005-10-23 00:00:00,NL,2005,10,23,5.8,,4.6,,6.9,,5,,5,,0,,0,,32,E,37,E,0,,12.2,,,M,,M
-52.742777777777775,47.62222222222222,ST JOHN'S A,8403506,8403506.2005.10.24,2005-10-24 00:00:00,NL,2005,10,24,6.3,,4.9,,7.7,,2.8,,2.8,,0,,0,,4,E,41,E,0,,11.7,,,M,,M
-52.742777777777775,47.62222222222222,ST JOHN'S A,8403506,8403506.2005.10.25,2005-10-25 00:00:00,NL,2005,10,25,6.1,,4.8,,7.3,,0.6,,0.6,,0,,0,,11,E,33,E,0,,11.9,,,M,,M
-52.742777777777775,47.62222222222222,ST JOHN'S A,8403506,8403506.2005.10.26,2005-10-26 00:00:00,NL,2005,10,26,5.7,,4.8,,6.5,,34.8,,34.8,,0,,0,,10,E,56,E,0,,12.3,,,M,,M
-52.742777777777775,47.62222222222222,ST JOHN'S A,8403506,8403506.2005.10.27,2005-10-27 00:00:00,NL,2005,10,27,5.2,,3.4,,7,,5.2,,5.2,,0,,0,,36,E,52,E,0,,12.8,,,M,,M
-52.742777777777775,47.62222222222222,ST JOHN'S A,8403506,8403506.2005.10.28,2005-10-28 00:00:00,NL,2005,10,28,4.6,,2.7,,6.4,,0.8,,0.8,,0,,0,,26,E,48,E,0,,13.4,,,M,,M
-52.742777777777775,47.62222222222222,ST JOHN'S A,8403506,8403506.2005.10.29,2005-10-29 00:00:00,NL,2005,10,29,6.7,,3.9,,9.5,,0,,0,,0,,0,,27,E,48,E,0,,11.3,,,M,,M
-52.742777777777775,47.62222222222222,ST JOHN'S A,8403506,8403506.2005.10.30,2005-10-30 00:00:00,NL,2005,10,30,5.3,,3.6,,7,,0,,0,,0,,0,,0,,0,,0,,12.7,,,M,,M
-52.742777777777775,47.62222222222222,ST JOHN'S A,8403506,8403506.2005.10.31,2005-10-31 00:00:00,NL,2005,10,31,2.8,,-1.6,,7.2,,0,T,0,T,0,,0,,32,E,37,E,0,,15.2,,,M,,M
-52.742777777777775,47.62222222222222,ST JOHN'S A,8403506,8403506.2005.11.1,2005-11-01 00:00:00,NL,2005,11,1,3.4,,-1.4,,8.2,,1.9,,1.9,,0,,0,,28,E,41,E,0,,14.6,,,M,,M
-52.742777777777775,47.62222222222222,ST JOHN'S A,8403506,8403506.2005.11.2,2005-11-02 00:00:00,NL,2005,11,2,11.4,,6.4,,16.4,,23.4,,23.4,,0,,0,,18,E,59,E,0,,6.6,,,M,,M
-52.742777777777775,47.62222222222222,ST JOHN'S A,8403506,8403506.2005.11.3,2005-11-03 00:00:00,NL,2005,11,3,5.3,,2.1,,8.4,,7,,7,,0,T,0,,28,E,82,E,0,,12.7,,,M,,M
-52.742777777777775,47.62222222222222,ST JOHN'S A,8403506,8403506.2005.11.4,2005-11-04 00:00:00,NL,2005,11,4,1.1,,-2.1,,4.3,,2.6,,2.6,,0,T,0,,30,E,61,E,0,,16.9,,,M,,M
-52.742777777777775,47.62222222222222,ST JOHN'S A,8403506,8403506.2005.11.5,2005-11-05 00:00:00,NL,2005,11,5,-0.1,,-3,,2.9,,7.2,,0.4,,6.8,,0,,0,,0,,0,,18.1,,,M,,M
-52.742777777777775,47.62222222222222,ST JOHN'S A,8403506,8403506.2005.11.6,2005-11-06 00:00:00,NL,2005,11,6,-0.8,,-4.6,,3,,0,T,0,T,0,,0,T,0,,0,,0,,18.8,,,M,,M
-52.742777777777775,47.62222222222222,ST JOHN'S A,8403506,8403506.2005.11.7,2005-11-07 00:00:00,NL,2005,11,7,3.3,,-5.5,,12.1,,25.4,,25.4,,0,,0,,16,E,70,E,0,,14.7,,,M,,M
-52.742777777777775,47.62222222222222,ST JOHN'S A,8403506,8403506.2005.11.8,2005-11-08 00:00:00,NL,2005,11,8,6.7,,2.2,,11.1,,0.8,,0.8,,0,,0,,24,E,82,E,0,,11.3,,,M,,M
-52.742777777777775,47.62222222222222,ST JOHN'S A,8403506,8403506.2005.11.9,2005-11-09 00:00:00,NL,2005,11,9,1.4,,-0.3,,3.1,,1,,1,,0,T,0,,0,,0,,0,,16.6,,,M,,M
-52.742777777777775,47.62222222222222,ST JOHN'S A,8403506,8403506.2005.11.10,2005-11-10 00:00:00,NL,2005,11,10,3,,-2,,7.9,,0,T,0,,0,T,0,,18,E,59,E,0,,15,,,M,,M
-52.742777777777775,47.62222222222222,ST JOHN'S A,8403506,8403506.2005.11.11,2005-11-11 00:00:00,NL,2005,11,11,10.4,,7.9,,12.9,,17.4,,17.4,,0,,0,,17,E,82,E,0,,7.6,,,M,,M
-52.742777777777775,47.62222222222222,ST JOHN'S A,8403506,8403506.2005.11.12,2005-11-12 00:00:00,NL,2005,11,12,4.4,,0.8,,8,,26.2,,26.2,,0,T,0,,0,,0,,0,,13.6,,,M,,M
-52.742777777777775,47.62222222222222,ST JOHN'S A,8403506,8403506.2005.11.13,2005-11-13 00:00:00,NL,2005,11,13,1.8,,0.1,,3.5,,2.2,,0,,2.2,,0,,0,,0,,0,,16.2,,,M,,M
-52.742777777777775,47.62222222222222,ST JOHN'S A,8403506,8403506.2005.11.14,2005-11-14 00:00:00,NL,2005,11,14,5.2,,0.8,,9.6,,0.2,,0.2,,0,T,0,,25,E,52,E,0,,12.8,,,M,,M
-52.742777777777775,47.62222222222222,ST JOHN'S A,8403506,8403506.2005.11.15,2005-11-15 00:00:00,NL,2005,11,15,5,,0.9,,9.1,,0,T,0,T,0,,0,,28,E,80,E,0,,13,,,M,,M
-52.742777777777775,47.62222222222222,ST JOHN'S A,8403506,8403506.2005.11.16,2005-11-16 00:00:00,NL,2005,11,16,0.9,,-2.5,,4.3,,0,,0,,0,,0,,29,E,32,E,0,,17.1,,,M,,M
-52.742777777777775,47.62222222222222,ST JOHN'S A,8403506,8403506.2005.11.17,2005-11-17 00:00:00,NL,2005,11,17,8.6,,0.8,,16.4,,1.6,,1.6,,0,,0,,23,E,83,E,0,,9.4,,,M,,M
-52.742777777777775,47.62222222222222,ST JOHN'S A,8403506,8403506.2005.11.18,2005-11-18 00:00:00,NL,2005,11,18,8.1,,-0.6,,16.8,,1.4,,1.4,,0,,0,,23,E,85,E,0,,9.9,,,M,,M
-52.742777777777775,47.62222222222222,ST JOHN'S A,8403506,8403506.2005.11.19,2005-11-19 00:00:00,NL,2005,11,19,-0.2,,-3.1,,2.7,,0,,0,,0,,0,,0,,0,,0,,18.2,,,M,,M
-52.742777777777775,47.62222222222222,ST JOHN'S A,8403506,8403506.2005.11.20,2005-11-20 00:00:00,NL,2005,11,20,0.2,,-3.6,,3.9,,0,T,0,T,0,,0,,23,E,37,E,0,,17.8,,,M,,M
-52.742777777777775,47.62222222222222,ST JOHN'S A,8403506,8403506.2005.11.21,2005-11-21 00:00:00,NL,2005,11,21,4.8,,3.6,,5.9,,3.6,,3.6,,0,,0,,0,,0,,0,,13.2,,,M,,M
-52.742777777777775,47.62222222222222,ST JOHN'S A,8403506,8403506.2005.11.22,2005-11-22 00:00:00,NL,2005,11,22,7.9,,4.5,,11.3,,0,,0,,0,,0,,18,E,59,E,0,,10.1,,,M,,M
-52.742777777777775,47.62222222222222,ST JOHN'S A,8403506,8403506.2005.11.23,2005-11-23 00:00:00,NL,2005,11,23,7.1,,5.4,,8.8,,1.8,,1.8,,0,,0,,15,E,78,E,0,,10.9,,,M,,M
-52.742777777777775,47.62222222222222,ST JOHN'S A,8403506,8403506.2005.11.24,2005-11-24 00:00:00,NL,2005,11,24,8.7,,6.2,,11.1,,11.6,,11.6,,0,,0,,16,E,52,E,0,,9.3,,,M,,M
-52.742777777777775,47.62222222222222,ST JOHN'S A,8403506,8403506.2005.11.25,2005-11-25 00:00:00,NL,2005,11,25,11.1,,9.2,,12.9,,0.2,,0.2,,0,,0,,18,E,39,E,0,,6.9,,,M,,M
-52.742777777777775,47.62222222222222,ST JOHN'S A,8403506,8403506.2005.11.26,2005-11-26 00:00:00,NL,2005,11,26,5.8,,1.3,,10.2,,22.2,,22.2,,0,,0,,1,E,32,E,0,,12.2,,,M,,M
-52.742777777777775,47.62222222222222,ST JOHN'S A,8403506,8403506.2005.11.27,2005-11-27 00:00:00,NL,2005,11,27,0.8,,-0.3,,1.8,,2.6,,2.6,,0,,0,,36,E,32,E,0,,17.2,,,M,,M
-52.742777777777775,47.62222222222222,ST JOHN'S A,8403506,8403506.2005.11.28,2005-11-28 00:00:00,NL,2005,11,28,-1.5,,-5.2,,2.3,,0,,0,,0,,0,,0,,0,,0,,19.5,,,M,,M
-52.742777777777775,47.62222222222222,ST JOHN'S A,8403506,8403506.2005.11.29,2005-11-29 00:00:00,NL,2005,11,29,-2,,-6.5,,2.5,,0,,0,,0,,0,,26,E,48,E,0,,20,,,M,,M
-52.742777777777775,47.62222222222222,ST JOHN'S A,8403506,8403506.2005.11.30,2005-11-30 00:00:00,NL,2005,11,30,4.6,,1.4,,7.8,,0,,0,,0,,0,,26,E,48,E,0,,13.4,,,M,,M
-52.742777777777775,47.62222222222222,ST JOHN'S A,8403506,8403506.2005.12.1,2005-12-01 00:00:00,NL,2005,12,1,6.1,,1,,11.2,,0,,0,,0,,0,,0,,0,,0,,11.9,,,M,,M
-52.742777777777775,47.62222222222222,ST JOHN'S A,8403506,8403506.2005.12.2,2005-12-02 00:00:00,NL,2005,12,2,4.2,,0.9,,7.4,,14.6,,14.6,,0,,0,,11,E,41,E,0,,13.8,,,M,,M
-52.742777777777775,47.62222222222222,ST JOHN'S A,8403506,8403506.2005.12.3,2005-12-03 00:00:00,NL,2005,12,3,7.1,,2.3,,11.9,,2.4,,2.4,,0,,0,,25,E,65,E,0,,10.9,,,M,,M
-52.742777777777775,47.62222222222222,ST JOHN'S A,8403506,8403506.2005.12.4,2005-12-04 00:00:00,NL,2005,12,4,2.1,,-0.1,,4.3,,1,,0.2,,0.8,,0,,24,E,41,E,0,,15.9,,,M,,M
-52.742777777777775,47.62222222222222,ST JOHN'S A,8403506,8403506.2005.12.5,2005-12-05 00:00:00,NL,2005,12,5,1.2,,-2.4,,4.7,,13.4,,12.4,,2.4,,0,,27,E,76,E,0,,16.8,,,M,,M
-52.742777777777775,47.62222222222222,ST JOHN'S A,8403506,8403506.2005.12.6,2005-12-06 00:00:00,NL,2005,12,6,-1.1,,-2.8,,0.7,,6.2,,0,,7,,2,,27,E,59,E,0,,19.1,,,M,,M
-52.742777777777775,47.62222222222222,ST JOHN'S A,8403506,8403506.2005.12.7,2005-12-07 00:00:00,NL,2005,12,7,-2.8,,-3.9,,-1.7,,3.6,,0,,4.2,,12,,28,E,56,E,0,,20.8,,,M,,M
-52.742777777777775,47.62222222222222,ST JOHN'S A,8403506,8403506.2005.12.8,2005-12-08 00:00:00,NL,2005,12,8,-4.7,,-7.4,,-2,,0,T,0,T,0,T,12,,29,E,56,E,0,,22.7,,,M,,M
-52.742777777777775,47.62222222222222,ST JOHN'S A,8403506,8403506.2005.12.9,2005-12-09 00:00:00,NL,2005,12,9,-4.7,,-7.8,,-1.6,,0,T,0,,0,T,12,,28,E,39,E,0,,22.7,,,M,,M
-52.742777777777775,47.62222222222222,ST JOHN'S A,8403506,8403506.2005.12.10,2005-12-10 00:00:00,NL,2005,12,10,1.4,,-2,,4.7,,21.6,,8.4,,13.8,,11,,0,,0,,0,,16.6,,,M,,M
-52.742777777777775,47.62222222222222,ST JOHN'S A,8403506,8403506.2005.12.11,2005-12-11 00:00:00,NL,2005,12,11,-0.5,,-3.2,,2.3,,0,T,0,,0,T,10,,0,,0,,0,,18.5,,,M,,M
-52.742777777777775,47.62222222222222,ST JOHN'S A,8403506,8403506.2005.12.12,2005-12-12 00:00:00,NL,2005,12,12,5.2,,1.9,,8.5,,18.4,,18.4,,0,,9,,15,E,70,E,0,,12.8,,,M,,M
-52.742777777777775,47.62222222222222,ST JOHN'S A,8403506,8403506.2005.12.13,2005-12-13 00:00:00,NL,2005,12,13,3.8,,0.4,,7.1,,3.4,,3.4,,0,,1,,6,E,35,E,0,,14.2,,,M,,M
-52.742777777777775,47.62222222222222,ST JOHN'S A,8403506,8403506.2005.12.14,2005-12-14 00:00:00,NL,2005,12,14,5.9,,2.3,,9.5,,10.8,,10.8,,0,,0,T,16,E,50,E,0,,12.1,,,M,,M
-52.742777777777775,47.62222222222222,ST JOHN'S A,8403506,8403506.2005.12.15,2005-12-15 00:00:00,NL,2005,12,15,4.5,,-0.5,,9.5,,2,,2,,0,T,0,T,15,E,57,E,0,,13.5,,,M,,M
-52.742777777777775,47.62222222222222,ST JOHN'S A,8403506,8403506.2005.12.16,2005-12-16 00:00:00,NL,2005,12,16,0.4,,-1,,1.8,,0,T,0,,0,T,0,T,27,E,59,E,0,,17.6,,,M,,M
-52.742777777777775,47.62222222222222,ST JOHN'S A,8403506,8403506.2005.12.17,2005-12-17 00:00:00,NL,2005,12,17,2.8,,-1.6,,7.1,,5.2,,5.2,,0,T,0,,16,E,65,E,0,,15.2,,,M,,M
-52.742777777777775,47.62222222222222,ST JOHN'S A,8403506,8403506.2005.12.18,2005-12-18 00:00:00,NL,2005,12,18,-0.1,,-2.6,,2.4,,0,T,0,,0,T,0,,26,E,89,E,0,,18.1,,,M,,M
-52.742777777777775,47.62222222222222,ST JOHN'S A,8403506,8403506.2005.12.19,2005-12-19 00:00:00,NL,2005,12,19,-1.2,,-2.9,,0.6,,2.4,,0,,2.4,,0,,28,E,43,E,0,,19.2,,,M,,M
-52.742777777777775,47.62222222222222,ST JOHN'S A,8403506,8403506.2005.12.20,2005-12-20 00:00:00,NL,2005,12,20,-1.5,,-4.9,,2,,0,T,0,,0,T,2,,24,E,33,E,0,,19.5,,,M,,M
-52.742777777777775,47.62222222222222,ST JOHN'S A,8403506,8403506.2005.12.21,2005-12-21 00:00:00,NL,2005,12,21,-5.7,,-11,,-0.4,,3.4,,0,,3.8,,0,T,31,E,32,E,0,,23.7,,,M,,M
-52.742777777777775,47.62222222222222,ST JOHN'S A,8403506,8403506.2005.12.22,2005-12-22 00:00:00,NL,2005,12,22,-9.2,,-14.8,,-3.6,,0.2,,0,,0.2,,3,,0,,0,,0,,27.2,,,M,,M
-52.742777777777775,47.62222222222222,ST JOHN'S A,8403506,8403506.2005.12.23,2005-12-23 00:00:00,NL,2005,12,23,-4,,-9.2,,1.3,,0.8,,0,,0.8,,3,,0,,0,,0,,22,,,M,,M
-52.742777777777775,47.62222222222222,ST JOHN'S A,8403506,8403506.2005.12.24,2005-12-24 00:00:00,NL,2005,12,24,-3,,-6,,0.1,,0.8,,0,,3,,2,,0,,0,,0,,21,,,M,,M
-52.742777777777775,47.62222222222222,ST JOHN'S A,8403506,8403506.2005.12.25,2005-12-25 00:00:00,NL,2005,12,25,-4.7,,-8.3,,-1,,0,T,0,,0,T,4,,0,,0,,0,,22.7,,,M,,M
-52.742777777777775,47.62222222222222,ST JOHN'S A,8403506,8403506.2005.12.26,2005-12-26 00:00:00,NL,2005,12,26,-1,,-2.7,,0.8,,22,,10.2,,13.2,,4,,12,E,46,E,0,,19,,,M,,M
-52.742777777777775,47.62222222222222,ST JOHN'S A,8403506,8403506.2005.12.27,2005-12-27 00:00:00,NL,2005,12,27,3.1,,0.7,,5.5,,16.8,,16.8,,0,,6,,25,E,43,E,0,,14.9,,,M,,M
-52.742777777777775,47.62222222222222,ST JOHN'S A,8403506,8403506.2005.12.28,2005-12-28 00:00:00,NL,2005,12,28,0.7,,0,,1.4,,2.8,,2.8,,0,T,0,T,31,E,46,E,0,,17.3,,,M,,M
-52.742777777777775,47.62222222222222,ST JOHN'S A,8403506,8403506.2005.12.29,2005-12-29 00:00:00,NL,2005,12,29,1.2,,-0.7,,3,,0,,0,,0,,0,T,27,E,32,E,0,,16.8,,,M,,M
-52.742777777777775,47.62222222222222,ST JOHN'S A,8403506,8403506.2005.12.30,2005-12-30 00:00:00,NL,2005,12,30,6.3,,2.7,,9.9,,0.4,,0.4,,0,,0,T,18,E,63,E,0,,11.7,,,M,,M
-52.742777777777775,47.62222222222222,ST JOHN'S A,8403506,8403506.2005.12.31,2005-12-31 00:00:00,NL,2005,12,31,4.1,,-1.1,,9.2,,6.8,,6.8,,0,T,0,,25,E,70,E,0,,13.9,,,M,,M
-52.742777777777775,47.62222222222222,ST JOHN'S A,8403506,8403506.2006.1.1,2006-01-01 00:00:00,NL,2006,1,1,-1.4,,-2.8,,0,,0,T,0,,0,T,0,T,6,E,39,E,0,,19.4,,,M,,M
-52.742777777777775,47.62222222222222,ST JOHN'S A,8403506,8403506.2006.1.2,2006-01-02 00:00:00,NL,2006,1,2,-2,,-3.6,,-0.4,,4,,0,,4.2,,2,,2,E,54,E,0,,20,,,M,,M
-52.742777777777775,47.62222222222222,ST JOHN'S A,8403506,8403506.2006.1.3,2006-01-03 00:00:00,NL,2006,1,3,-5.3,,-8.9,,-1.6,,0,T,0,,0,T,4,,30,E,32,E,0,,23.3,,,M,,M
-52.742777777777775,47.62222222222222,ST JOHN'S A,8403506,8403506.2006.1.4,2006-01-04 00:00:00,NL,2006,1,4,-6.8,,-13.6,,0.1,,1,,1,,0,,4,,13,E,37,E,0,,24.8,,,M,,M
-52.742777777777775,47.62222222222222,ST JOHN'S A,8403506,8403506.2006.1.5,2006-01-05 00:00:00,NL,2006,1,5,-1.5,,-4.6,,1.7,,45.2,,37.8,,7.4,,4,,35,E,67,E,0,,19.5,,,M,,M
-52.742777777777775,47.62222222222222,ST JOHN'S A,8403506,8403506.2006.1.6,2006-01-06 00:00:00,NL,2006,1,6,0.1,,-2.2,,2.4,,0.4,,0.4,,0,,4,,34,E,46,E,0,,17.9,,,M,,M
-52.742777777777775,47.62222222222222,ST JOHN'S A,8403506,8403506.2006.1.7,2006-01-07 00:00:00,NL,2006,1,7,7.2,,2.1,,12.3,,15.2,,15.2,,0,,2,,17,E,74,E,0,,10.8,,,M,,M
-52.742777777777775,47.62222222222222,ST JOHN'S A,8403506,8403506.2006.1.8,2006-01-08 00:00:00,NL,2006,1,8,0.2,,-2.1,,2.5,,0,,0,,0,,0,,26,E,43,E,0,,17.8,,,M,,M
-52.742777777777775,47.62222222222222,ST JOHN'S A,8403506,8403506.2006.1.9,2006-01-09 00:00:00,NL,2006,1,9,-3.3,,-5.7,,-0.9,,2.4,,0,,2.8,,0,,27,E,39,E,0,,21.3,,,M,,M
-52.742777777777775,47.62222222222222,ST JOHN'S A,8403506,8403506.2006.1.10,2006-01-10 00:00:00,NL,2006,1,10,-1.2,,-5.7,,3.4,,4.8,,1.8,,3,,2,,29,E,63,E,0,,19.2,,,M,,M
-52.742777777777775,47.62222222222222,ST JOHN'S A,8403506,8403506.2006.1.11,2006-01-11 00:00:00,NL,2006,1,11,-2.9,,-5.1,,-0.7,,0,T,0,,0,T,2,,28,E,74,E,0,,20.9,,,M,,M
-52.742777777777775,47.62222222222222,ST JOHN'S A,8403506,8403506.2006.1.12,2006-01-12 00:00:00,NL,2006,1,12,-0.2,,-7.9,,7.6,,12.8,,10.4,,2.4,,1,,26,E,80,E,0,,18.2,,,M,,M
-52.742777777777775,47.62222222222222,ST JOHN'S A,8403506,8403506.2006.1.13,2006-01-13 00:00:00,NL,2006,1,13,-0.8,,-4.5,,2.9,,0,T,0,T,0,,0,T,28,E,87,E,0,,18.8,,,M,,M
-52.742777777777775,47.62222222222222,ST JOHN'S A,8403506,8403506.2006.1.14,2006-01-14 00:00:00,NL,2006,1,14,3.1,,-1.8,,8,,0,,0,,0,,0,,21,E,46,E,0,,14.9,,,M,,M
-52.742777777777775,47.62222222222222,ST JOHN'S A,8403506,8403506.2006.1.15,2006-01-15 00:00:00,NL,2006,1,15,10.6,,5.4,,15.7,,1,,1,,0,,0,,19,E,78,E,0,,7.4,,,M,,M
-52.742777777777775,47.62222222222222,ST JOHN'S A,8403506,8403506.2006.1.16,2006-01-16 00:00:00,NL,2006,1,16,7.1,,1.9,,12.2,,10.8,,10.8,,0,,0,,18,E,78,E,0,,10.9,,,M,,M
-52.742777777777775,47.62222222222222,ST JOHN'S A,8403506,8403506.2006.1.17,2006-01-17 00:00:00,NL,2006,1,17,-1.2,,-4.3,,2,,3.8,,0,,3.8,,0,T,24,E,95,E,0,,19.2,,,M,,M
-52.742777777777775,47.62222222222222,ST JOHN'S A,8403506,8403506.2006.1.18,2006-01-18 00:00:00,NL,2006,1,18,-4.2,,-6.4,,-1.9,,0,,0,,0,,0,T,18,E,59,E,0,,22.2,,,M,,M
-52.742777777777775,47.62222222222222,ST JOHN'S A,8403506,8403506.2006.1.19,2006-01-19 00:00:00,NL,2006,1,19,1.5,,-2.5,,5.4,,9.8,,8.6,,1.2,,0,T,17,E,102,E,0,,16.5,,,M,,M
-52.742777777777775,47.62222222222222,ST JOHN'S A,8403506,8403506.2006.1.20,2006-01-20 00:00:00,NL,2006,1,20,-2,,-3.5,,-0.4,,0.4,,0,,0.8,,0,T,28,E,70,E,0,,20,,,M,,M
-52.742777777777775,47.62222222222222,ST JOHN'S A,8403506,8403506.2006.1.21,2006-01-21 00:00:00,NL,2006,1,21,-0.7,,-2.5,,1.1,,5.2,,1.2,,5.4,,5,,17,E,59,E,0,,18.7,,,M,,M
-52.742777777777775,47.62222222222222,ST JOHN'S A,8403506,8403506.2006.1.22,2006-01-22 00:00:00,NL,2006,1,22,-3,,-11.9,,6,,8,,6.4,,1.8,,0,T,29,E,107,E,0,,21,,,M,,M
-52.742777777777775,47.62222222222222,ST JOHN'S A,8403506,8403506.2006.1.23,2006-01-23 00:00:00,NL,2006,1,23,-11.1,,-13.3,,-8.8,,0,,0,,0,,0,T,28,E,96,E,0,,29.1,,,M,,M
-52.742777777777775,47.62222222222222,ST JOHN'S A,8403506,8403506.2006.1.24,2006-01-24 00:00:00,NL,2006,1,24,-8.1,,-11.3,,-4.9,,0,T,0,,0,T,0,T,0,,0,,0,,26.1,,,M,,M
-52.742777777777775,47.62222222222222,ST JOHN'S A,8403506,8403506.2006.1.25,2006-01-25 00:00:00,NL,2006,1,25,-3.4,,-5.7,,-1.1,,2.6,,0,T,3.2,,0,T,6,E,44,E,0,,21.4,,,M,,M
-52.742777777777775,47.62222222222222,ST JOHN'S A,8403506,8403506.2006.1.26,2006-01-26 00:00:00,NL,2006,1,26,0.8,,-2.7,,4.3,,19,,9.7,,11.1,,11,,28,E,59,E,0,,17.2,,,M,,M
-52.742777777777775,47.62222222222222,ST JOHN'S A,8403506,8403506.2006.1.27,2006-01-27 00:00:00,NL,2006,1,27,-4.1,,-5.5,,-2.7,,1,,0,,1.2,,11,,28,E,65,E,0,,22.1,,,M,,M
-52.742777777777775,47.62222222222222,ST JOHN'S A,8403506,8403506.2006.1.28,2006-01-28 00:00:00,NL,2006,1,28,-3.3,,-5.4,,-1.1,,0,T,0,,0,T,11,,28,E,63,E,0,,21.3,,,M,,M
-52.742777777777775,47.62222222222222,ST JOHN'S A,8403506,8403506.2006.1.29,2006-01-29 00:00:00,NL,2006,1,29,-2.3,,-3.5,,-1.1,,0.6,,0,T,0.8,,10,,28,E,46,E,0,,20.3,,,M,,M
-52.742777777777775,47.62222222222222,ST JOHN'S A,8403506,8403506.2006.1.30,2006-01-30 00:00:00,NL,2006,1,30,-4.4,,-6.9,,-1.9,,0.6,,0,T,0.8,,11,,0,,0,,0,,22.4,,,M,,M
-52.742777777777775,47.62222222222222,ST JOHN'S A,8403506,8403506.2006.1.31,2006-01-31 00:00:00,NL,2006,1,31,-4.8,,-6.4,,-3.2,,0.4,,0,,0.4,,11,,8,E,37,E,0,,22.8,,,M,,M
-52.742777777777775,47.62222222222222,ST JOHN'S A,8403506,8403506.2006.2.1,2006-02-01 00:00:00,NL,2006,2,1,-3.4,,-6.4,,-0.4,,38.4,,0,,38.4,,11,,8,E,83,E,0,,21.4,,,M,,M
-52.742777777777775,47.62222222222222,ST JOHN'S A,8403506,8403506.2006.2.2,2006-02-02 00:00:00,NL,2006,2,2,-1.3,,-2.1,,-0.5,,8.6,,0,,11.2,,55,,,M,,M,0,,19.3,,,M,,M
-52.742777777777775,47.62222222222222,ST JOHN'S A,8403506,8403506.2006.2.3,2006-02-03 00:00:00,NL,2006,2,3,-5.5,,-9.1,,-1.8,,0,,0,,0,,55,,,M,,M,0,,23.5,,,M,,M
-52.742777777777775,47.62222222222222,ST JOHN'S A,8403506,8403506.2006.2.4,2006-02-04 00:00:00,NL,2006,2,4,-2.4,,-8.4,,3.6,,0.2,,0.2,,0,,55,,17,E,76,E,0,,20.4,,,M,,M
-52.742777777777775,47.62222222222222,ST JOHN'S A,8403506,8403506.2006.2.5,2006-02-05 00:00:00,NL,2006,2,5,0.6,,-2.5,,3.6,,2.6,,2.6,,0,,54,,14,,37,,0,,17.4,,,M,,M
-52.742777777777775,47.62222222222222,ST JOHN'S A,8403506,8403506.2006.2.6,2006-02-06 00:00:00,NL,2006,2,6,2.6,,-2.4,,7.6,,6.4,,6.4,,0,,50,,15,E,56,E,0,,15.4,,,M,,M
-52.742777777777775,47.62222222222222,ST JOHN'S A,8403506,8403506.2006.2.7,2006-02-07 00:00:00,NL,2006,2,7,0.4,,-2.1,,2.8,,0.4,,0.2,,0.2,,40,,25,E,39,E,0,,17.6,,,M,,M
-52.742777777777775,47.62222222222222,ST JOHN'S A,8403506,8403506.2006.2.8,2006-02-08 00:00:00,NL,2006,2,8,-2.4,,-5.1,,0.4,,0,T,0,,0.2,,36,,0,,0,,0,,20.4,,,M,,M
-52.742777777777775,47.62222222222222,ST JOHN'S A,8403506,8403506.2006.2.9,2006-02-09 00:00:00,NL,2006,2,9,-3.7,,-5.9,,-1.5,,0,T,0,,0.2,,34,,0,,0,,0,,21.7,,,M,,M
-52.742777777777775,47.62222222222222,ST JOHN'S A,8403506,8403506.2006.2.10,2006-02-10 00:00:00,NL,2006,2,10,-3.5,,-5.4,,-1.5,,25.8,,0,,28.2,,34,,36,E,56,E,0,,21.5,,,M,,M
-52.742777777777775,47.62222222222222,ST JOHN'S A,8403506,8403506.2006.2.11,2006-02-11 00:00:00,NL,2006,2,11,-5.8,,-8.4,,-3.1,,7,,0,,9,,64,,29,E,65,E,0,,23.8,,,M,,M
-52.742777777777775,47.62222222222222,ST JOHN'S A,8403506,8403506.2006.2.12,2006-02-12 00:00:00,NL,2006,2,12,-5.7,,-8.4,,-2.9,,9.6,,0,,9.8,,64,,12,E,78,E,0,,23.7,,,M,,M
-52.742777777777775,47.62222222222222,ST JOHN'S A,8403506,8403506.2006.2.13,2006-02-13 00:00:00,NL,2006,2,13,1.1,,-3.2,,5.3,,6.4,,5.4,,1,,68,,25,E,122,E,0,,16.9,,,M,,M
-52.742777777777775,47.62222222222222,ST JOHN'S A,8403506,8403506.2006.2.14,2006-02-14 00:00:00,NL,2006,2,14,-2.6,,-4.1,,-1,,1.4,,0,,2.2,,63,,26,E,59,E,0,,20.6,,,M,,M
-52.742777777777775,47.62222222222222,ST JOHN'S A,8403506,8403506.2006.2.15,2006-02-15 00:00:00,NL,2006,2,15,-2.5,,-4.4,,-0.6,,0,T,0,,0.6,,63,,28,E,59,E,0,,20.5,,,M,,M
-52.742777777777775,47.62222222222222,ST JOHN'S A,8403506,8403506.2006.2.16,2006-02-16 00:00:00,NL,2006,2,16,-0.9,,-4.8,,3,,0,T,0,,0,T,58,,25,E,46,E,0,,18.9,,,M,,M
-52.742777777777775,47.62222222222222,ST JOHN'S A,8403506,8403506.2006.2.17,2006-02-17 00:00:00,NL,2006,2,17,-2.2,,-7.8,,3.5,,0,T,0,T,0,,52,,17,E,59,E,0,,20.2,,,M,,M
-52.742777777777775,47.62222222222222,ST JOHN'S A,8403506,8403506.2006.2.18,2006-02-18 00:00:00,NL,2006,2,18,1,,-5.4,,7.3,,10,,9.2,,1,,40,,24,E,70,E,0,,17,,,M,,M
-52.742777777777775,47.62222222222222,ST JOHN'S A,8403506,8403506.2006.2.19,2006-02-19 00:00:00,NL,2006,2,19,-7.6,,-10.4,,-4.8,,3.6,,0,,4.1,,41,,24,E,46,E,0,,25.6,,,M,,M
-52.742777777777775,47.62222222222222,ST JOHN'S A,8403506,8403506.2006.2.20,2006-02-20 00:00:00,NL,2006,2,20,-7.8,,-10.4,,-5.2,,0,T,0,,0,T,40,,28,E,46,E,0,,25.8,,,M,,M
-52.742777777777775,47.62222222222222,ST JOHN'S A,8403506,8403506.2006.2.21,2006-02-21 00:00:00,NL,2006,2,21,-7.6,,-12,,-3.1,,0.2,,0,,0.4,,40,,16,E,41,E,0,,25.6,,,M,,M
-52.742777777777775,47.62222222222222,ST JOHN'S A,8403506,8403506.2006.2.22,2006-02-22 00:00:00,NL,2006,2,22,-6.1,,-9.4,,-2.7,,1.6,,0,,2.2,,41,,32,E,59,E,0,,24.1,,,M,,M
-52.742777777777775,47.62222222222222,ST JOHN'S A,8403506,8403506.2006.2.23,2006-02-23 00:00:00,NL,2006,2,23,-8.7,,-10.9,,-6.4,,0,T,0,,0,T,40,,30,E,69,E,0,,26.7,,,M,,M
-52.742777777777775,47.62222222222222,ST JOHN'S A,8403506,8403506.2006.2.24,2006-02-24 00:00:00,NL,2006,2,24,-7.2,,-10.4,,-3.9,,0.8,,0,,0.8,,38,,35,E,70,E,0,,25.2,,,M,,M
-52.742777777777775,47.62222222222222,ST JOHN'S A,8403506,8403506.2006.2.25,2006-02-25 00:00:00,NL,2006,2,25,-3.7,,-5.8,,-1.6,,54,,0,,54,,50,,32,E,104,E,0,,21.7,,,M,,M
-52.742777777777775,47.62222222222222,ST JOHN'S A,8403506,8403506.2006.2.26,2006-02-26 00:00:00,NL,2006,2,26,-6.7,,-9.8,,-3.6,,3.2,,0,,3.2,,85,,27,,87,,0,,24.7,,,M,,M
-52.742777777777775,47.62222222222222,ST JOHN'S A,8403506,8403506.2006.2.27,2006-02-27 00:00:00,NL,2006,2,27,-8.2,,-12.8,,-3.6,,2.4,,0,,3.2,,80,,28,E,44,E,0,,26.2,,,M,,M
-52.742777777777775,47.62222222222222,ST JOHN'S A,8403506,8403506.2006.2.28,2006-02-28 00:00:00,NL,2006,2,28,-9.2,,-16,,-2.3,,0.2,,0,,0.2,,82,,26,E,41,E,0,,27.2,,,M,,M
-52.742777777777775,47.62222222222222,ST JOHN'S A,8403506,8403506.2006.3.1,2006-03-01 00:00:00,NL,2006,3,1,-5.6,,-11,,-0.1,,16.8,,0.6,,16.2,,80,,11,E,74,E,0,,23.6,,,M,,M
-52.742777777777775,47.62222222222222,ST JOHN'S A,8403506,8403506.2006.3.2,2006-03-02 00:00:00,NL,2006,3,2,-4,,-7.4,,-0.5,,6,,0,T,6.6,,95,,26,E,83,E,0,,22,,,M,,M
-52.742777777777775,47.62222222222222,ST JOHN'S A,8403506,8403506.2006.3.3,2006-03-03 00:00:00,NL,2006,3,3,-5,,-7.9,,-2,,12,,0,,12.5,,96,,26,E,59,E,0,,23,,,M,,M
-52.742777777777775,47.62222222222222,ST JOHN'S A,8403506,8403506.2006.3.4,2006-03-04 00:00:00,NL,2006,3,4,-5.1,,-7.7,,-2.4,,0,T,0,,0,T,106,,26,E,67,E,0,,23.1,,,M,,M
-52.742777777777775,47.62222222222222,ST JOHN'S A,8403506,8403506.2006.3.5,2006-03-05 00:00:00,NL,2006,3,5,-3.4,,-6,,-0.8,,0.8,,0,,0.8,,104,,22,E,67,E,0,,21.4,,,M,,M
-52.742777777777775,47.62222222222222,ST JOHN'S A,8403506,8403506.2006.3.6,2006-03-06 00:00:00,NL,2006,3,6,-0.7,,-2.2,,0.8,,0,T,0,,0,T,100,,24,E,41,E,0,,18.7,,,M,,M
-52.742777777777775,47.62222222222222,ST JOHN'S A,8403506,8403506.2006.3.7,2006-03-07 00:00:00,NL,2006,3,7,-2.6,,-3.9,,-1.2,,1,,0,T,1,,96,,36,E,43,E,0,,20.6,,,M,,M
-52.742777777777775,47.62222222222222,ST JOHN'S A,8403506,8403506.2006.3.8,2006-03-08 00:00:00,NL,2006,3,8,-0.9,,-3.8,,2,,8.6,,0,,9,,93,,0,,0,,0,,18.9,,,M,,M
-52.742777777777775,47.62222222222222,ST JOHN'S A,8403506,8403506.2006.3.9,2006-03-09 00:00:00,NL,2006,3,9,-3.1,,-3.9,,-2.3,,5.2,,1.4,,4.8,,97,,36,E,57,E,0,,21.1,,,M,,M
-52.742777777777775,47.62222222222222,ST JOHN'S A,8403506,8403506.2006.3.10,2006-03-10 00:00:00,NL,2006,3,10,-4.5,,-8,,-0.9,,0,T,0,,0,T,96,,33,E,48,E,0,,22.5,,,M,,M
-52.742777777777775,47.62222222222222,ST JOHN'S A,8403506,8403506.2006.3.11,2006-03-11 00:00:00,NL,2006,3,11,-1.8,,-4.3,,0.7,,17.8,,14.4,,3.4,,90,,,M,,M,0,,19.8,,,M,,M
-52.742777777777775,47.62222222222222,ST JOHN'S A,8403506,8403506.2006.3.12,2006-03-12 00:00:00,NL,2006,3,12,-0.9,,-3,,1.2,,0,,0,,0,,79,,,M,,M,0,,18.9,,,M,,M
-52.742777777777775,47.62222222222222,ST JOHN'S A,8403506,8403506.2006.3.13,2006-03-13 00:00:00,NL,2006,3,13,-1.8,,-3.9,,0.3,,4.8,,0,,5.2,,76,,29,E,44,E,0,,19.8,,,M,,M
-52.742777777777775,47.62222222222222,ST JOHN'S A,8403506,8403506.2006.3.14,2006-03-14 00:00:00,NL,2006,3,14,-1.1,,-2.6,,0.5,,0.4,,0,,0.6,,78,,31,E,61,E,0,,19.1,,,M,,M
-52.742777777777775,47.62222222222222,ST JOHN'S A,8403506,8403506.2006.3.15,2006-03-15 00:00:00,NL,2006,3,15,-0.5,,-2.6,,1.6,,13.2,,13,,0.2,,75,,,M,,M,0,,18.5,,,M,,M
-52.742777777777775,47.62222222222222,ST JOHN'S A,8403506,8403506.2006.3.16,2006-03-16 00:00:00,NL,2006,3,16,0.6,,-1.9,,3,,1.8,,0,,3.2,,68,,18,E,33,E,0,,17.4,,,M,,M
-52.742777777777775,47.62222222222222,ST JOHN'S A,8403506,8403506.2006.3.17,2006-03-17 00:00:00,NL,2006,3,17,-2.1,,-4.5,,0.4,,4.4,,0,,4.4,,67,,0,,0,,0,,20.1,,,M,,M
-52.742777777777775,47.62222222222222,ST JOHN'S A,8403506,8403506.2006.3.18,2006-03-18 00:00:00,NL,2006,3,18,-2.7,,-5.7,,0.3,,6.6,,0,,6.6,,66,,12,E,44,E,0,,20.7,,,M,,M
-52.742777777777775,47.62222222222222,ST JOHN'S A,8403506,8403506.2006.3.19,2006-03-19 00:00:00,NL,2006,3,19,-1.6,,-3.4,,0.3,,5,,5,,0,,66,,1,E,35,E,0,,19.6,,,M,,M
-52.742777777777775,47.62222222222222,ST JOHN'S A,8403506,8403506.2006.3.20,2006-03-20 00:00:00,NL,2006,3,20,-1.1,,-2.9,,0.7,,0.4,,0,T,0.4,,63,,,M,,M,0,,19.1,,,M,,M
-52.742777777777775,47.62222222222222,ST JOHN'S A,8403506,8403506.2006.3.21,2006-03-21 00:00:00,NL,2006,3,21,-1.8,,-3.9,,0.4,,0,,0,,0,,61,,0,,0,,0,,19.8,,,M,,M
-52.742777777777775,47.62222222222222,ST JOHN'S A,8403506,8403506.2006.3.22,2006-03-22 00:00:00,NL,2006,3,22,-1.6,,-5.5,,2.3,,0,,0,,0,,59,,0,,0,,0,,19.6,,,M,,M
-52.742777777777775,47.62222222222222,ST JOHN'S A,8403506,8403506.2006.3.23,2006-03-23 00:00:00,NL,2006,3,23,-2,,-4.5,,0.6,,0.4,,0.4,,0,,51,,2,E,41,E,0,,20,,,M,,M
-52.742777777777775,47.62222222222222,ST JOHN'S A,8403506,8403506.2006.3.24,2006-03-24 00:00:00,NL,2006,3,24,0.6,,-1,,2.1,,0.4,,0,T,0.4,,49,,2,E,32,E,0,,17.4,,,M,,M
-52.742777777777775,47.62222222222222,ST JOHN'S A,8403506,8403506.2006.3.25,2006-03-25 00:00:00,NL,2006,3,25,0.3,,-1.3,,1.8,,0,T,0,,0,T,46,,0,,0,,0,,17.7,,,M,,M
-52.742777777777775,47.62222222222222,ST JOHN'S A,8403506,8403506.2006.3.26,2006-03-26 00:00:00,NL,2006,3,26,0.3,,-1.9,,2.5,,0,T,0,,0,T,40,,7,E,44,E,0,,17.7,,,M,,M
-52.742777777777775,47.62222222222222,ST JOHN'S A,8403506,8403506.2006.3.27,2006-03-27 00:00:00,NL,2006,3,27,-1.8,,-2.5,,-1,,17.4,,1.4,,17.8,,38,,,M,,M,0,,19.8,,,M,,M
-52.742777777777775,47.62222222222222,ST JOHN'S A,8403506,8403506.2006.3.28,2006-03-28 00:00:00,NL,2006,3,28,-2.7,,-4.2,,-1.1,,13.8,,0,T,13.8,,54,,,M,,M,0,,20.7,,,M,,M
-52.742777777777775,47.62222222222222,ST JOHN'S A,8403506,8403506.2006.3.29,2006-03-29 00:00:00,NL,2006,3,29,-2.1,,-3.5,,-0.6,,5,,3.2,,1.8,,65,,,M,,M,0,,20.1,,,M,,M
-52.742777777777775,47.62222222222222,ST JOHN'S A,8403506,8403506.2006.3.30,2006-03-30 00:00:00,NL,2006,3,30,0.5,,-1.1,,2,,0.4,,0.4,,0,T,62,,,M,,M,0,,17.5,,,M,,M
-52.742777777777775,47.62222222222222,ST JOHN'S A,8403506,8403506.2006.3.31,2006-03-31 00:00:00,NL,2006,3,31,1.2,,-0.5,,2.9,,0,T,0,T,0,T,57,,0,,0,,0,,16.8,,,M,,M
-52.742777777777775,47.62222222222222,ST JOHN'S A,8403506,8403506.2006.4.1,2006-04-01 00:00:00,NL,2006,4,1,2.3,,-0.3,,4.9,,0,,0,,0,,52,,0,,0,,0,,15.7,,,M,,M
-52.742777777777775,47.62222222222222,ST JOHN'S A,8403506,8403506.2006.4.2,2006-04-02 00:00:00,NL,2006,4,2,3.3,,0.9,,5.7,,5.4,,5.4,,0,,46,,17,E,69,E,0,,14.7,,,M,,M
-52.742777777777775,47.62222222222222,ST JOHN'S A,8403506,8403506.2006.4.3,2006-04-03 00:00:00,NL,2006,4,3,1.6,,-0.2,,3.4,,1,,1,,0.4,,37,,18,E,37,E,0,,16.4,,,M,,M
-52.742777777777775,47.62222222222222,ST JOHN'S A,8403506,8403506.2006.4.4,2006-04-04 00:00:00,NL,2006,4,4,0.2,,-1.6,,1.9,,0.4,,0,T,0.4,,32,,0,,0,,0,,17.8,,,M,,M
-52.742777777777775,47.62222222222222,ST JOHN'S A,8403506,8403506.2006.4.5,2006-04-05 00:00:00,NL,2006,4,5,-1.5,,-2.5,,-0.5,,0.2,,0.2,,0,,30,,0,,0,,0,,19.5,,,M,,M
-52.742777777777775,47.62222222222222,ST JOHN'S A,8403506,8403506.2006.4.6,2006-04-06 00:00:00,NL,2006,4,6,0.8,,-1.7,,3.2,,25.2,,25.2,,0,,25,,16,E,52,E,0,,17.2,,,M,,M
-52.742777777777775,47.62222222222222,ST JOHN'S A,8403506,8403506.2006.4.7,2006-04-07 00:00:00,NL,2006,4,7,3.2,,0.4,,6,,0,,0,,0,,16,,22,E,50,E,0,,14.8,,,M,,M
-52.742777777777775,47.62222222222222,ST JOHN'S A,8403506,8403506.2006.4.8,2006-04-08 00:00:00,NL,2006,4,8,4.5,,0.4,,8.5,,12.8,,12.8,,0,,14,,21,E,78,E,0,,13.5,,,M,,M
-52.742777777777775,47.62222222222222,ST JOHN'S A,8403506,8403506.2006.4.9,2006-04-09 00:00:00,NL,2006,4,9,4.5,,2.1,,6.8,,3.6,,3.6,,0,,10,,26,E,52,E,0,,13.5,,,M,,M
-52.742777777777775,47.62222222222222,ST JOHN'S A,8403506,8403506.2006.4.10,2006-04-10 00:00:00,NL,2006,4,10,4.5,,0.3,,8.6,,10.6,,10.6,,0,,7,,21,E,59,E,0,,13.5,,,M,,M
-52.742777777777775,47.62222222222222,ST JOHN'S A,8403506,8403506.2006.4.11,2006-04-11 00:00:00,NL,2006,4,11,4.2,,-0.4,,8.8,,0,,0,,0,,4,,0,,0,,0,,13.8,,,M,,M
-52.742777777777775,47.62222222222222,ST JOHN'S A,8403506,8403506.2006.4.12,2006-04-12 00:00:00,NL,2006,4,12,0.6,,-2.7,,3.8,,0,T,0,,0,T,2,,0,,0,,0,,17.4,,,M,,M
-52.742777777777775,47.62222222222222,ST JOHN'S A,8403506,8403506.2006.4.13,2006-04-13 00:00:00,NL,2006,4,13,3.4,,-3.4,,10.1,,0,,0,,0,,0,,26,E,37,E,0,,14.6,,,M,,M
-52.742777777777775,47.62222222222222,ST JOHN'S A,8403506,8403506.2006.4.14,2006-04-14 00:00:00,NL,2006,4,14,3.5,,-4.2,,11.2,,0.6,,0.6,,0,,0,,0,,0,,0,,14.5,,,M,,M
-52.742777777777775,47.62222222222222,ST JOHN'S A,8403506,8403506.2006.4.15,2006-04-15 00:00:00,NL,2006,4,15,3.3,,0.1,,6.4,,27,,27,,0,,0,,0,,0,,0,,14.7,,,M,,M
-52.742777777777775,47.62222222222222,ST JOHN'S A,8403506,8403506.2006.4.16,2006-04-16 00:00:00,NL,2006,4,16,3.7,,1.1,,6.3,,5.8,,5.8,,0,,0,,0,,0,,0,,14.3,,,M,,M
-52.742777777777775,47.62222222222222,ST JOHN'S A,8403506,8403506.2006.4.17,2006-04-17 00:00:00,NL,2006,4,17,2.2,,0.8,,3.5,,16.5,,16.5,,0,,0,,0,,0,,0,,15.8,,,M,,M
-52.742777777777775,47.62222222222222,ST JOHN'S A,8403506,8403506.2006.4.18,2006-04-18 00:00:00,NL,2006,4,18,5.5,,0.3,,10.6,,0,,0,,0,,0,,0,,0,,0,,12.5,,,M,,M
-52.742777777777775,47.62222222222222,ST JOHN'S A,8403506,8403506.2006.4.19,2006-04-19 00:00:00,NL,2006,4,19,3.1,,0.2,,5.9,,37.4,,37.4,,0,,0,,12,E,48,E,0,,14.9,,,M,,M
-52.742777777777775,47.62222222222222,ST JOHN'S A,8403506,8403506.2006.4.20,2006-04-20 00:00:00,NL,2006,4,20,2.1,,0,,4.2,,2.8,,2.8,,0,,0,,2,E,65,E,0,,15.9,,,M,,M
-52.742777777777775,47.62222222222222,ST JOHN'S A,8403506,8403506.2006.4.21,2006-04-21 00:00:00,NL,2006,4,21,0.2,,-0.4,,0.7,,32,,25.2,,6.8,,0,,3,E,56,E,0,,17.8,,,M,,M
-52.742777777777775,47.62222222222222,ST JOHN'S A,8403506,8403506.2006.4.22,2006-04-22 00:00:00,NL,2006,4,22,0.8,,0.2,,1.4,,16.9,,16.9,,0,,1,,3,E,48,E,0,,17.2,,,M,,M
-52.742777777777775,47.62222222222222,ST JOHN'S A,8403506,8403506.2006.4.23,2006-04-23 00:00:00,NL,2006,4,23,2.1,,-1.1,,5.2,,3.4,,3.4,,0,,0,,36,E,46,E,0,,15.9,,,M,,M
-52.742777777777775,47.62222222222222,ST JOHN'S A,8403506,8403506.2006.4.24,2006-04-24 00:00:00,NL,2006,4,24,5.5,,-1.9,,12.8,,0,,0,,0,,0,,0,,0,,0,,12.5,,,M,,M
-52.742777777777775,47.62222222222222,ST JOHN'S A,8403506,8403506.2006.4.25,2006-04-25 00:00:00,NL,2006,4,25,4.6,,-2.4,,11.6,,7.6,,7.6,,0,,0,,18,E,56,E,0,,13.4,,,M,,M
-52.742777777777775,47.62222222222222,ST JOHN'S A,8403506,8403506.2006.4.26,2006-04-26 00:00:00,NL,2006,4,26,5,,-1.2,,11.1,,9.8,,9.8,,0,,0,,16,E,56,E,0,,13,,,M,,M
-52.742777777777775,47.62222222222222,ST JOHN'S A,8403506,8403506.2006.4.27,2006-04-27 00:00:00,NL,2006,4,27,4.2,,-3,,11.3,,0,,0,,0,,0,,0,,0,,0,,13.8,,,M,,M
-52.742777777777775,47.62222222222222,ST JOHN'S A,8403506,8403506.2006.4.28,2006-04-28 00:00:00,NL,2006,4,28,2.7,,-0.9,,6.2,,0,,0,,0,,0,,0,,0,,0,,15.3,,,M,,M
-52.742777777777775,47.62222222222222,ST JOHN'S A,8403506,8403506.2006.4.29,2006-04-29 00:00:00,NL,2006,4,29,4,,0.7,,7.2,,2.2,,2.2,,0,,0,,0,,0,,0,,14,,,M,,M
-52.742777777777775,47.62222222222222,ST JOHN'S A,8403506,8403506.2006.4.30,2006-04-30 00:00:00,NL,2006,4,30,4.6,,-0.7,,9.8,,9.2,,9.2,,0,,0,,0,,0,,0,,13.4,,,M,,M
-52.742777777777775,47.62222222222222,ST JOHN'S A,8403506,8403506.2006.5.1,2006-05-01 00:00:00,NL,2006,5,1,6,,-1.5,,13.5,,0,,0,,0,,0,,27,E,56,E,0,,12,,,M,,M
-52.742777777777775,47.62222222222222,ST JOHN'S A,8403506,8403506.2006.5.2,2006-05-02 00:00:00,NL,2006,5,2,10.3,,1.5,,19.1,,0,,0,,0,,0,,0,,0,,0,,7.7,,,M,,M
-52.742777777777775,47.62222222222222,ST JOHN'S A,8403506,8403506.2006.5.3,2006-05-03 00:00:00,NL,2006,5,3,8.6,,1.6,,15.6,,0,,0,,0,,0,,0,,0,,0,,9.4,,,M,,M
-52.742777777777775,47.62222222222222,ST JOHN'S A,8403506,8403506.2006.5.4,2006-05-04 00:00:00,NL,2006,5,4,12.8,,4.8,,20.7,,0,,0,,0,,0,,0,,0,,0,,5.2,,,M,,M
-52.742777777777775,47.62222222222222,ST JOHN'S A,8403506,8403506.2006.5.5,2006-05-05 00:00:00,NL,2006,5,5,8.9,,4.4,,13.4,,1.4,,1.4,,0,,0,,0,,0,,0,,9.1,,,M,,M
-52.742777777777775,47.62222222222222,ST JOHN'S A,8403506,8403506.2006.5.6,2006-05-06 00:00:00,NL,2006,5,6,14.8,,10,,19.6,,0,,0,,0,,0,,0,,0,,0,,3.2,,,M,,M
-52.742777777777775,47.62222222222222,ST JOHN'S A,8403506,8403506.2006.5.7,2006-05-07 00:00:00,NL,2006,5,7,12.1,,8,,16.1,,2.2,,2.2,,0,,0,,16,E,37,E,0,,5.9,,,M,,M
-52.742777777777775,47.62222222222222,ST JOHN'S A,8403506,8403506.2006.5.8,2006-05-08 00:00:00,NL,2006,5,8,8.8,,4.6,,13,,0.8,,0.8,,0,,0,,0,,0,,0,,9.2,,,M,,M
-52.742777777777775,47.62222222222222,ST JOHN'S A,8403506,8403506.2006.5.9,2006-05-09 00:00:00,NL,2006,5,9,3.6,,0.6,,6.6,,0,T,0,T,0,,0,,0,,0,,0,,14.4,,,M,,M
-52.742777777777775,47.62222222222222,ST JOHN'S A,8403506,8403506.2006.5.10,2006-05-10 00:00:00,NL,2006,5,10,4.9,,0.6,,9.2,,0,,0,,0,,0,,0,,0,,0,,13.1,,,M,,M
-52.742777777777775,47.62222222222222,ST JOHN'S A,8403506,8403506.2006.5.11,2006-05-11 00:00:00,NL,2006,5,11,3.3,,-0.3,,6.9,,0,T,0,T,0,,0,,0,,0,,0,,14.7,,,M,,M
-52.742777777777775,47.62222222222222,ST JOHN'S A,8403506,8403506.2006.5.12,2006-05-12 00:00:00,NL,2006,5,12,3.4,,2.4,,4.3,,1,,1,,0,,0,,36,E,43,E,0,,14.6,,,M,,M
-52.742777777777775,47.62222222222222,ST JOHN'S A,8403506,8403506.2006.5.13,2006-05-13 00:00:00,NL,2006,5,13,3.4,,1.8,,4.9,,0.4,,0.4,,0,,0,,36,E,41,E,0,,14.6,,,M,,M
-52.742777777777775,47.62222222222222,ST JOHN'S A,8403506,8403506.2006.5.14,2006-05-14 00:00:00,NL,2006,5,14,4.9,,2,,7.8,,0,T,0,T,0,,0,,36,E,32,E,0,,13.1,,,M,,M
-52.742777777777775,47.62222222222222,ST JOHN'S A,8403506,8403506.2006.5.15,2006-05-15 00:00:00,NL,2006,5,15,14.1,,4.6,,23.5,,0,,0,,0,,0,,26,E,41,E,0,,3.9,,,M,,M
-52.742777777777775,47.62222222222222,ST JOHN'S A,8403506,8403506.2006.5.16,2006-05-16 00:00:00,NL,2006,5,16,4.8,,1.9,,7.6,,0,T,0,T,0,,0,,0,,0,,0,,13.2,,,M,,M
-52.742777777777775,47.62222222222222,ST JOHN'S A,8403506,8403506.2006.5.17,2006-05-17 00:00:00,NL,2006,5,17,3.8,,2.4,,5.1,,6.2,,6.2,,0,,0,,0,,0,,0,,14.2,,,M,,M
-52.742777777777775,47.62222222222222,ST JOHN'S A,8403506,8403506.2006.5.18,2006-05-18 00:00:00,NL,2006,5,18,4.7,,3.4,,6,,0.2,,0.2,,0,,0,,0,,0,,0,,13.3,,,M,,M
-52.742777777777775,47.62222222222222,ST JOHN'S A,8403506,8403506.2006.5.19,2006-05-19 00:00:00,NL,2006,5,19,6.5,,2.3,,10.6,,0,,0,,0,,0,,0,,0,,0,,11.5,,,M,,M
-52.742777777777775,47.62222222222222,ST JOHN'S A,8403506,8403506.2006.5.20,2006-05-20 00:00:00,NL,2006,5,20,7.1,,2.3,,11.8,,0,T,0,T,0,,0,,15,E,48,E,0,,10.9,,,M,,M
-52.742777777777775,47.62222222222222,ST JOHN'S A,8403506,8403506.2006.5.21,2006-05-21 00:00:00,NL,2006,5,21,7.2,,5.2,,9.2,,29.8,,29.8,,0,,0,,13,E,56,E,0,,10.8,,,M,,M
-52.742777777777775,47.62222222222222,ST JOHN'S A,8403506,8403506.2006.5.22,2006-05-22 00:00:00,NL,2006,5,22,10.2,,4.9,,15.5,,11.4,,11.4,,0,,0,,21,E,69,E,0,,7.8,,,M,,M
-52.742777777777775,47.62222222222222,ST JOHN'S A,8403506,8403506.2006.5.23,2006-05-23 00:00:00,NL,2006,5,23,8.9,,4.9,,12.8,,0,T,0,T,0,,0,,25,E,78,E,0,,9.1,,,M,,M
-52.742777777777775,47.62222222222222,ST JOHN'S A,8403506,8403506.2006.5.24,2006-05-24 00:00:00,NL,2006,5,24,5.2,,2,,8.3,,1.6,,1.6,,0,,0,,34,E,35,E,0,,12.8,,,M,,M
-52.742777777777775,47.62222222222222,ST JOHN'S A,8403506,8403506.2006.5.25,2006-05-25 00:00:00,NL,2006,5,25,5.3,,2,,8.6,,0.8,,0.8,,0,,0,,0,,0,,0,,12.7,,,M,,M
-52.742777777777775,47.62222222222222,ST JOHN'S A,8403506,8403506.2006.5.26,2006-05-26 00:00:00,NL,2006,5,26,8.4,,2.4,,14.3,,0,,0,,0,,0,,23,E,35,E,0,,9.6,,,M,,M
-52.742777777777775,47.62222222222222,ST JOHN'S A,8403506,8403506.2006.5.27,2006-05-27 00:00:00,NL,2006,5,27,7,,3.3,,10.7,,4.4,,4.4,,0,,0,,17,E,83,E,0,,11,,,M,,M
-52.742777777777775,47.62222222222222,ST JOHN'S A,8403506,8403506.2006.5.28,2006-05-28 00:00:00,NL,2006,5,28,9.8,,5,,14.6,,0.4,,0.4,,0,,0,,25,E,41,E,0,,8.2,,,M,,M
-52.742777777777775,47.62222222222222,ST JOHN'S A,8403506,8403506.2006.5.29,2006-05-29 00:00:00,NL,2006,5,29,8.9,,2,,15.8,,0,,0,,0,,0,,26,E,52,E,0,,9.1,,,M,,M
-52.742777777777775,47.62222222222222,ST JOHN'S A,8403506,8403506.2006.5.30,2006-05-30 00:00:00,NL,2006,5,30,5.6,,1.5,,9.6,,0.6,,0.6,,0,,0,,32,E,37,E,0,,12.4,,,M,,M
-52.742777777777775,47.62222222222222,ST JOHN'S A,8403506,8403506.2006.5.31,2006-05-31 00:00:00,NL,2006,5,31,7,,0.5,,13.5,,0,,0,,0,,0,,31,E,43,E,0,,11,,,M,,M
-52.742777777777775,47.62222222222222,ST JOHN'S A,8403506,8403506.2006.6.1,2006-06-01 00:00:00,NL,2006,6,1,5.4,,-0.3,,11,,3,,3,,0,,0,,17,E,39,E,0,,12.6,,,M,,M
-52.742777777777775,47.62222222222222,ST JOHN'S A,8403506,8403506.2006.6.2,2006-06-02 00:00:00,NL,2006,6,2,11.1,,7.7,,14.4,,0,T,0,T,0,,0,,0,,0,,0,,6.9,,,M,,M
-52.742777777777775,47.62222222222222,ST JOHN'S A,8403506,8403506.2006.6.3,2006-06-03 00:00:00,NL,2006,6,3,9.7,,5.1,,14.3,,0,T,0,T,0,,0,,0,,0,,0,,8.3,,,M,,M
-52.742777777777775,47.62222222222222,ST JOHN'S A,8403506,8403506.2006.6.4,2006-06-04 00:00:00,NL,2006,6,4,7.6,,5.1,,10.1,,4.8,,4.8,,0,,0,,0,,0,,0,,10.4,,,M,,M
-52.742777777777775,47.62222222222222,ST JOHN'S A,8403506,8403506.2006.6.5,2006-06-05 00:00:00,NL,2006,6,5,13.6,,6,,21.1,,8.4,,8.4,,0,,0,,23,E,59,E,0,,4.4,,,M,,M
-52.742777777777775,47.62222222222222,ST JOHN'S A,8403506,8403506.2006.6.6,2006-06-06 00:00:00,NL,2006,6,6,8.6,,3.8,,13.4,,3.6,,3.6,,0,,0,,28,E,39,E,0,,9.4,,,M,,M
-52.742777777777775,47.62222222222222,ST JOHN'S A,8403506,8403506.2006.6.7,2006-06-07 00:00:00,NL,2006,6,7,6.5,,3.8,,9.2,,0.4,,0.4,,0,,0,,0,,0,,0,,11.5,,,M,,M
-52.742777777777775,47.62222222222222,ST JOHN'S A,8403506,8403506.2006.6.8,2006-06-08 00:00:00,NL,2006,6,8,7.7,,3.3,,12.1,,0,,0,,0,,0,,9,E,37,E,0,,10.3,,,M,,M
-52.742777777777775,47.62222222222222,ST JOHN'S A,8403506,8403506.2006.6.9,2006-06-09 00:00:00,NL,2006,6,9,9,,3.3,,14.6,,0,,0,,0,,0,,0,,0,,0,,9,,,M,,M
-52.742777777777775,47.62222222222222,ST JOHN'S A,8403506,8403506.2006.6.10,2006-06-10 00:00:00,NL,2006,6,10,11.8,,7.6,,16,,11.2,,11.2,,0,,0,,15,E,52,E,0,,6.2,,,M,,M
-52.742777777777775,47.62222222222222,ST JOHN'S A,8403506,8403506.2006.6.11,2006-06-11 00:00:00,NL,2006,6,11,15.8,,9.3,,22.3,,2.4,,2.4,,0,,0,,17,E,46,E,0,,2.2,,,M,,M
-52.742777777777775,47.62222222222222,ST JOHN'S A,8403506,8403506.2006.6.12,2006-06-12 00:00:00,NL,2006,6,12,14.2,,8.5,,19.9,,2.2,,2.2,,0,,0,,26,E,52,E,0,,3.8,,,M,,M
-52.742777777777775,47.62222222222222,ST JOHN'S A,8403506,8403506.2006.6.13,2006-06-13 00:00:00,NL,2006,6,13,13.2,,8,,18.4,,0,T,0,T,0,,0,,26,E,52,E,0,,4.8,,,M,,M
-52.742777777777775,47.62222222222222,ST JOHN'S A,8403506,8403506.2006.6.14,2006-06-14 00:00:00,NL,2006,6,14,11.9,,7.4,,16.4,,0,T,0,T,0,,0,,0,,0,,0,,6.1,,,M,,M
-52.742777777777775,47.62222222222222,ST JOHN'S A,8403506,8403506.2006.6.15,2006-06-15 00:00:00,NL,2006,6,15,14.5,,8.2,,20.7,,19.4,,19.4,,0,,0,,27,E,37,E,0,,3.5,,,M,,M
-52.742777777777775,47.62222222222222,ST JOHN'S A,8403506,8403506.2006.6.16,2006-06-16 00:00:00,NL,2006,6,16,10.9,,8.7,,13.1,,2,,2,,0,,0,,31,E,54,E,0,,7.1,,,M,,M
-52.742777777777775,47.62222222222222,ST JOHN'S A,8403506,8403506.2006.6.17,2006-06-17 00:00:00,NL,2006,6,17,16.9,,9.3,,24.4,,0,,0,,0,,0,,24,E,48,E,0,,1.1,,,M,,M
-52.742777777777775,47.62222222222222,ST JOHN'S A,8403506,8403506.2006.6.18,2006-06-18 00:00:00,NL,2006,6,18,18.4,,12,,24.7,,0,T,0,T,0,,0,,25,E,59,E,0.4,,0,,,M,,M
-52.742777777777775,47.62222222222222,ST JOHN'S A,8403506,8403506.2006.6.19,2006-06-19 00:00:00,NL,2006,6,19,18.8,,13.4,,24.1,,0,,0,,0,,0,,25,E,61,E,0.8,,0,,,M,,M
-52.742777777777775,47.62222222222222,ST JOHN'S A,8403506,8403506.2006.6.20,2006-06-20 00:00:00,NL,2006,6,20,18.4,,13.7,,23,,0.2,,0.2,,0,,0,,25,E,65,E,0.4,,0,,,M,,M
-52.742777777777775,47.62222222222222,ST JOHN'S A,8403506,8403506.2006.6.21,2006-06-21 00:00:00,NL,2006,6,21,19.9,,14.9,,24.9,,1.2,,1.2,,0,,0,,24,,46,,1.9,,0,,,M,,M
-52.742777777777775,47.62222222222222,ST JOHN'S A,8403506,8403506.2006.6.22,2006-06-22 00:00:00,NL,2006,6,22,17.6,,10.9,,24.2,,0,,0,,0,,0,,24,E,43,E,0,,0.4,,,M,,M
-52.742777777777775,47.62222222222222,ST JOHN'S A,8403506,8403506.2006.6.23,2006-06-23 00:00:00,NL,2006,6,23,17.2,,10.9,,23.4,,4,,4,,0,,0,,23,E,50,E,0,,0.8,,,M,,M
-52.742777777777775,47.62222222222222,ST JOHN'S A,8403506,8403506.2006.6.24,2006-06-24 00:00:00,NL,2006,6,24,18.7,,15.7,,21.6,,11.6,,11.6,,0,,0,,22,E,44,E,0.7,,0,,,M,,M
-52.742777777777775,47.62222222222222,ST JOHN'S A,8403506,8403506.2006.6.25,2006-06-25 00:00:00,NL,2006,6,25,16.7,,14.6,,18.7,,0.6,,0.6,,0,,0,,25,E,44,E,0,,1.3,,,M,,M
-52.742777777777775,47.62222222222222,ST JOHN'S A,8403506,8403506.2006.6.26,2006-06-26 00:00:00,NL,2006,6,26,17.7,,13.6,,21.7,,26.2,,26.2,,0,,0,,24,E,39,E,0,,0.3,,,M,,M
-52.742777777777775,47.62222222222222,ST JOHN'S A,8403506,8403506.2006.6.27,2006-06-27 00:00:00,NL,2006,6,27,19.2,,13.5,,24.8,,1.2,,1.2,,0,,0,,0,,0,,1.2,,0,,,M,,M
-52.742777777777775,47.62222222222222,ST JOHN'S A,8403506,8403506.2006.6.28,2006-06-28 00:00:00,NL,2006,6,28,19.4,,15,,23.8,,0.2,,0.2,,0,,0,,26,E,78,E,1.4,,0,,,M,,M
-52.742777777777775,47.62222222222222,ST JOHN'S A,8403506,8403506.2006.6.29,2006-06-29 00:00:00,NL,2006,6,29,20.4,,14.9,,25.9,,0,,0,,0,,0,,27,E,56,E,2.4,,0,,,M,,M
-52.742777777777775,47.62222222222222,ST JOHN'S A,8403506,8403506.2006.6.30,2006-06-30 00:00:00,NL,2006,6,30,20.7,,15.7,,25.6,,0,,0,,0,,0,,26,E,46,E,2.7,,0,,,M,,M
-52.742777777777775,47.62222222222222,ST JOHN'S A,8403506,8403506.2006.7.1,2006-07-01 00:00:00,NL,2006,7,1,19.6,,14.4,,24.8,,1,,1,,0,,0,,26,E,37,E,1.6,,0,,,M,,M
-52.742777777777775,47.62222222222222,ST JOHN'S A,8403506,8403506.2006.7.2,2006-07-02 00:00:00,NL,2006,7,2,16.8,,13,,20.5,,0,T,0,T,0,,0,,25,E,67,E,0,,1.2,,,M,,M
-52.742777777777775,47.62222222222222,ST JOHN'S A,8403506,8403506.2006.7.3,2006-07-03 00:00:00,NL,2006,7,3,16.4,,12.4,,20.3,,4,,4,,0,,0,,24,E,67,E,0,,1.6,,,M,,M
-52.742777777777775,47.62222222222222,ST JOHN'S A,8403506,8403506.2006.7.4,2006-07-04 00:00:00,NL,2006,7,4,17,,12.1,,21.9,,0,,0,,0,,0,,26,E,41,E,0,,1,,,M,,M
-52.742777777777775,47.62222222222222,ST JOHN'S A,8403506,8403506.2006.7.5,2006-07-05 00:00:00,NL,2006,7,5,18.3,,13.2,,23.4,,0,T,0,T,0,,0,,16,E,33,E,0.3,,0,,,M,,M
-52.742777777777775,47.62222222222222,ST JOHN'S A,8403506,8403506.2006.7.6,2006-07-06 00:00:00,NL,2006,7,6,19.2,,14.1,,24.3,,3.4,,3.4,,0,,0,,24,E,46,E,1.2,,0,,,M,,M
-52.742777777777775,47.62222222222222,ST JOHN'S A,8403506,8403506.2006.7.7,2006-07-07 00:00:00,NL,2006,7,7,17.1,,10.9,,23.2,,1.2,,1.2,,0,,0,,25,E,44,E,0,,0.9,,,M,,M
-52.742777777777775,47.62222222222222,ST JOHN'S A,8403506,8403506.2006.7.8,2006-07-08 00:00:00,NL,2006,7,8,16.5,,9.5,,23.5,,0,,0,,0,,0,,26,E,39,E,0,,1.5,,,M,,M
-52.742777777777775,47.62222222222222,ST JOHN'S A,8403506,8403506.2006.7.9,2006-07-09 00:00:00,NL,2006,7,9,20.9,,15,,26.8,,0.4,,0.4,,0,,0,,26,E,70,E,2.9,,0,,,M,,M
-52.742777777777775,47.62222222222222,ST JOHN'S A,8403506,8403506.2006.7.10,2006-07-10 00:00:00,NL,2006,7,10,21.3,,16,,26.5,,0,T,0,T,0,,0,,26,E,44,E,3.3,,0,,,M,,M
-52.742777777777775,47.62222222222222,ST JOHN'S A,8403506,8403506.2006.7.11,2006-07-11 00:00:00,NL,2006,7,11,19.4,,14.5,,24.3,,3.2,,3.2,,0,,0,,23,E,43,E,1.4,,0,,,M,,M
-52.742777777777775,47.62222222222222,ST JOHN'S A,8403506,8403506.2006.7.12,2006-07-12 00:00:00,NL,2006,7,12,15.6,,7.5,,23.6,,3.8,,3.8,,0,,0,,23,E,52,E,0,,2.4,,,M,,M
-52.742777777777775,47.62222222222222,ST JOHN'S A,8403506,8403506.2006.7.13,2006-07-13 00:00:00,NL,2006,7,13,11.2,,7.1,,15.3,,0,,0,,0,,0,,13,E,33,E,0,,6.8,,,M,,M
-52.742777777777775,47.62222222222222,ST JOHN'S A,8403506,8403506.2006.7.14,2006-07-14 00:00:00,NL,2006,7,14,10.4,,10,,10.8,,1.8,,1.8,,0,,0,,12,E,39,E,0,,7.6,,,M,,M
-52.742777777777775,47.62222222222222,ST JOHN'S A,8403506,8403506.2006.7.15,2006-07-15 00:00:00,NL,2006,7,15,12.1,,10.6,,13.5,,7.2,,7.2,,0,,0,,0,,0,,0,,5.9,,,M,,M
-52.742777777777775,47.62222222222222,ST JOHN'S A,8403506,8403506.2006.7.16,2006-07-16 00:00:00,NL,2006,7,16,13.2,,10.7,,15.7,,0.2,,0.2,,0,,0,,0,,0,,0,,4.8,,,M,,M
-52.742777777777775,47.62222222222222,ST JOHN'S A,8403506,8403506.2006.7.17,2006-07-17 00:00:00,NL,2006,7,17,15.5,,12.1,,18.9,,0,T,0,T,0,,0,,18,E,41,E,0,,2.5,,,M,,M
-52.742777777777775,47.62222222222222,ST JOHN'S A,8403506,8403506.2006.7.18,2006-07-18 00:00:00,NL,2006,7,18,21,,16.5,,25.5,,0,T,0,T,0,,0,,25,E,61,E,3,,0,,,M,,M
-52.742777777777775,47.62222222222222,ST JOHN'S A,8403506,8403506.2006.7.19,2006-07-19 00:00:00,NL,2006,7,19,20.5,,15.5,,25.4,,0,T,0,T,0,,0,,25,E,50,E,2.5,,0,,,M,,M
-52.742777777777775,47.62222222222222,ST JOHN'S A,8403506,8403506.2006.7.20,2006-07-20 00:00:00,NL,2006,7,20,17.6,,13.6,,21.6,,0,,0,,0,,0,,0,,0,,0,,0.4,,,M,,M
-52.742777777777775,47.62222222222222,ST JOHN'S A,8403506,8403506.2006.7.21,2006-07-21 00:00:00,NL,2006,7,21,20.6,,13.5,,27.7,,0,,0,,0,,0,,27,E,33,E,2.6,,0,,,M,,M
-52.742777777777775,47.62222222222222,ST JOHN'S A,8403506,8403506.2006.7.22,2006-07-22 00:00:00,NL,2006,7,22,17.7,,13.2,,22.2,,0,T,0,T,0,,0,,25,E,54,E,0,,0.3,,,M,,M
-52.742777777777775,47.62222222222222,ST JOHN'S A,8403506,8403506.2006.7.23,2006-07-23 00:00:00,NL,2006,7,23,17.1,,14.3,,19.8,,7.4,,7.4,,0,,0,,25,,46,,0,,0.9,,,M,,M
-52.742777777777775,47.62222222222222,ST JOHN'S A,8403506,8403506.2006.7.24,2006-07-24 00:00:00,NL,2006,7,24,21.4,,18.1,,24.7,,0.4,,0.4,,0,,0,,24,E,57,E,3.4,,0,,,M,,M
-52.742777777777775,47.62222222222222,ST JOHN'S A,8403506,8403506.2006.7.25,2006-07-25 00:00:00,NL,2006,7,25,16.4,,12.2,,20.6,,0.6,,0.6,,0,,0,,27,E,61,E,0,,1.6,,,M,,M
-52.742777777777775,47.62222222222222,ST JOHN'S A,8403506,8403506.2006.7.26,2006-07-26 00:00:00,NL,2006,7,26,18.9,,13.2,,24.6,,0,,0,,0,,0,,22,E,41,E,0.9,,0,,,M,,M
-52.742777777777775,47.62222222222222,ST JOHN'S A,8403506,8403506.2006.7.27,2006-07-27 00:00:00,NL,2006,7,27,15.2,,12.5,,17.9,,0.6,,0.6,,0,,0,,27,E,37,E,0,,2.8,,,M,,M
-52.742777777777775,47.62222222222222,ST JOHN'S A,8403506,8403506.2006.7.28,2006-07-28 00:00:00,NL,2006,7,28,13.7,,12.6,,14.7,,0.4,,0.4,,0,,0,,0,,0,,0,,4.3,,,M,,M
-52.742777777777775,47.62222222222222,ST JOHN'S A,8403506,8403506.2006.7.29,2006-07-29 00:00:00,NL,2006,7,29,16.2,,12.8,,19.5,,13.8,,13.8,,0,,0,,17,E,44,E,0,,1.8,,,M,,M
-52.742777777777775,47.62222222222222,ST JOHN'S A,8403506,8403506.2006.7.30,2006-07-30 00:00:00,NL,2006,7,30,20.6,,15,,26.1,,0.2,,0.2,,0,,0,,25,E,41,E,2.6,,0,,,M,,M
-52.742777777777775,47.62222222222222,ST JOHN'S A,8403506,8403506.2006.7.31,2006-07-31 00:00:00,NL,2006,7,31,18.5,,12.8,,24.1,,0,,0,,0,,0,,25,E,41,E,0.5,,0,,,M,,M
-52.742777777777775,47.62222222222222,ST JOHN'S A,8403506,8403506.2006.8.1,2006-08-01 00:00:00,NL,2006,8,1,16.2,,11.8,,20.5,,0,T,0,T,0,,0,,29,E,44,E,0,,1.8,,,M,,M
-52.742777777777775,47.62222222222222,ST JOHN'S A,8403506,8403506.2006.8.2,2006-08-02 00:00:00,NL,2006,8,2,14.9,,11.8,,18,,14.2,,14.2,,0,,0,,18,E,46,E,0,,3.1,,,M,,M
-52.742777777777775,47.62222222222222,ST JOHN'S A,8403506,8403506.2006.8.3,2006-08-03 00:00:00,NL,2006,8,3,13,,10.6,,15.3,,0,,0,,0,,0,,0,,0,,0,,5,,,M,,M
-52.742777777777775,47.62222222222222,ST JOHN'S A,8403506,8403506.2006.8.4,2006-08-04 00:00:00,NL,2006,8,4,12.9,,10.3,,15.5,,0,,0,,0,,0,,0,,0,,0,,5.1,,,M,,M
-52.742777777777775,47.62222222222222,ST JOHN'S A,8403506,8403506.2006.8.5,2006-08-05 00:00:00,NL,2006,8,5,14.3,,11.8,,16.7,,6.8,,6.8,,0,,0,,16,E,33,E,0,,3.7,,,M,,M
-52.742777777777775,47.62222222222222,ST JOHN'S A,8403506,8403506.2006.8.6,2006-08-06 00:00:00,NL,2006,8,6,17.8,,12.7,,22.9,,0,,0,,0,,0,,0,,0,,0,,0.2,,,M,,M
-52.742777777777775,47.62222222222222,ST JOHN'S A,8403506,8403506.2006.8.7,2006-08-07 00:00:00,NL,2006,8,7,17.7,,10.6,,24.7,,0,,0,,0,,0,,25,E,50,E,0,,0.3,,,M,,M
-52.742777777777775,47.62222222222222,ST JOHN'S A,8403506,8403506.2006.8.8,2006-08-08 00:00:00,NL,2006,8,8,18.6,,13.9,,23.2,,0,,0,,0,,0,,18,E,52,E,0.6,,0,,,M,,M
-52.742777777777775,47.62222222222222,ST JOHN'S A,8403506,8403506.2006.8.9,2006-08-09 00:00:00,NL,2006,8,9,16.6,,14.2,,18.9,,5,,5,,0,,0,,15,E,52,E,0,,1.4,,,M,,M
-52.742777777777775,47.62222222222222,ST JOHN'S A,8403506,8403506.2006.8.10,2006-08-10 00:00:00,NL,2006,8,10,14,,12.5,,15.5,,49,,49,,0,,0,,36,E,32,E,0,,4,,,M,,M
-52.742777777777775,47.62222222222222,ST JOHN'S A,8403506,8403506.2006.8.11,2006-08-11 00:00:00,NL,2006,8,11,17.7,,11.6,,23.7,,0,,0,,0,,0,,17,,35,,0,,0.3,,,M,,M
-52.742777777777775,47.62222222222222,ST JOHN'S A,8403506,8403506.2006.8.12,2006-08-12 00:00:00,NL,2006,8,12,15.4,,12.9,,17.9,,3.6,,3.6,,0,,0,,24,E,41,E,0,,2.6,,,M,,M
-52.742777777777775,47.62222222222222,ST JOHN'S A,8403506,8403506.2006.8.13,2006-08-13 00:00:00,NL,2006,8,13,15.9,,11.2,,20.5,,0,,0,,0,,0,,15,E,32,E,0,,2.1,,,M,,M
-52.742777777777775,47.62222222222222,ST JOHN'S A,8403506,8403506.2006.8.14,2006-08-14 00:00:00,NL,2006,8,14,16.3,,11.2,,21.4,,0,T,0,T,0,,0,,25,E,32,E,0,,1.7,,,M,,M
-52.742777777777775,47.62222222222222,ST JOHN'S A,8403506,8403506.2006.8.15,2006-08-15 00:00:00,NL,2006,8,15,17.8,,13.1,,22.4,,0,,0,,0,,0,,0,,0,,0,,0.2,,,M,,M
-52.742777777777775,47.62222222222222,ST JOHN'S A,8403506,8403506.2006.8.16,2006-08-16 00:00:00,NL,2006,8,16,18.8,,15.3,,22.2,,1.8,,1.8,,0,,0,,22,E,46,E,0.8,,0,,,M,,M
-52.742777777777775,47.62222222222222,ST JOHN'S A,8403506,8403506.2006.8.17,2006-08-17 00:00:00,NL,2006,8,17,17.9,,13.1,,22.6,,0,,0,,0,,0,,0,,0,,0,,0.1,,,M,,M
-52.742777777777775,47.62222222222222,ST JOHN'S A,8403506,8403506.2006.8.18,2006-08-18 00:00:00,NL,2006,8,18,14.8,,10.7,,18.9,,0,T,0,T,0,,0,,0,,0,,0,,3.2,,,M,,M
-52.742777777777775,47.62222222222222,ST JOHN'S A,8403506,8403506.2006.8.19,2006-08-19 00:00:00,NL,2006,8,19,18.5,,13.4,,23.5,,0,,0,,0,,0,,25,E,41,E,0.5,,0,,,M,,M
-52.742777777777775,47.62222222222222,ST JOHN'S A,8403506,8403506.2006.8.20,2006-08-20 00:00:00,NL,2006,8,20,18.1,,16,,20.1,,0.6,,0.6,,0,,0,,25,E,44,E,0.1,,0,,,M,,M
-52.742777777777775,47.62222222222222,ST JOHN'S A,8403506,8403506.2006.8.21,2006-08-21 00:00:00,NL,2006,8,21,17.4,,15.2,,19.6,,13,,13,,0,,0,,0,,0,,0,,0.6,,,M,,M
-52.742777777777775,47.62222222222222,ST JOHN'S A,8403506,8403506.2006.8.22,2006-08-22 00:00:00,NL,2006,8,22,18,,15,,20.9,,5.6,,5.6,,0,,0,,26,E,37,E,0,,0,,,M,,M
-52.742777777777775,47.62222222222222,ST JOHN'S A,8403506,8403506.2006.8.23,2006-08-23 00:00:00,NL,2006,8,23,19.1,,14.3,,23.8,,0.6,,0.6,,0,,0,,25,E,33,E,1.1,,0,,,M,,M
-52.742777777777775,47.62222222222222,ST JOHN'S A,8403506,8403506.2006.8.24,2006-08-24 00:00:00,NL,2006,8,24,17.5,,12.2,,22.7,,0,,0,,0,,0,,26,E,39,E,0,,0.5,,,M,,M
-52.742777777777775,47.62222222222222,ST JOHN'S A,8403506,8403506.2006.8.25,2006-08-25 00:00:00,NL,2006,8,25,15.6,,10.6,,20.5,,0,,0,,0,,0,,26,E,37,E,0,,2.4,,,M,,M
-52.742777777777775,47.62222222222222,ST JOHN'S A,8403506,8403506.2006.8.26,2006-08-26 00:00:00,NL,2006,8,26,14,,10.2,,17.8,,0,,0,,0,,0,,4,E,32,E,0,,4,,,M,,M
-52.742777777777775,47.62222222222222,ST JOHN'S A,8403506,8403506.2006.8.27,2006-08-27 00:00:00,NL,2006,8,27,11.9,,9.2,,14.6,,0,T,0,T,0,,0,,36,E,33,E,0,,6.1,,,M,,M
-52.742777777777775,47.62222222222222,ST JOHN'S A,8403506,8403506.2006.8.28,2006-08-28 00:00:00,NL,2006,8,28,10.6,,8.4,,12.8,,1.2,,1.2,,0,,0,,1,E,41,E,0,,7.4,,,M,,M
-52.742777777777775,47.62222222222222,ST JOHN'S A,8403506,8403506.2006.8.29,2006-08-29 00:00:00,NL,2006,8,29,13.1,,6.8,,19.3,,0,,0,,0,,0,,0,,0,,0,,4.9,,,M,,M
-52.742777777777775,47.62222222222222,ST JOHN'S A,8403506,8403506.2006.8.30,2006-08-30 00:00:00,NL,2006,8,30,12.2,,7.7,,16.6,,9,,9,,0,,0,,11,E,46,E,0,,5.8,,,M,,M
-52.742777777777775,47.62222222222222,ST JOHN'S A,8403506,8403506.2006.8.31,2006-08-31 00:00:00,NL,2006,8,31,13.4,,12.6,,14.1,,29,,29,,0,,0,,15,E,37,E,0,,4.6,,,M,,M
-52.742777777777775,47.62222222222222,ST JOHN'S A,8403506,8403506.2006.9.1,2006-09-01 00:00:00,NL,2006,9,1,11,,8.5,,13.5,,10.8,,10.8,,0,,0,,7,E,67,E,0,,7,,,M,,M
-52.742777777777775,47.62222222222222,ST JOHN'S A,8403506,8403506.2006.9.2,2006-09-02 00:00:00,NL,2006,9,2,11.1,,7.9,,14.2,,0.6,,0.6,,0,,0,,35,E,41,E,0,,6.9,,,M,,M
-52.742777777777775,47.62222222222222,ST JOHN'S A,8403506,8403506.2006.9.3,2006-09-03 00:00:00,NL,2006,9,3,16.2,,9.5,,22.8,,0,,0,,0,,0,,26,E,41,E,0,,1.8,,,M,,M
-52.742777777777775,47.62222222222222,ST JOHN'S A,8403506,8403506.2006.9.4,2006-09-04 00:00:00,NL,2006,9,4,18,,12.5,,23.5,,0.8,,0.8,,0,,0,,24,E,39,E,0,,0,,,M,,M
-52.742777777777775,47.62222222222222,ST JOHN'S A,8403506,8403506.2006.9.5,2006-09-05 00:00:00,NL,2006,9,5,16.2,,13.1,,19.2,,4,,4,,0,,0,,18,E,87,E,0,,1.8,,,M,,M
-52.742777777777775,47.62222222222222,ST JOHN'S A,8403506,8403506.2006.9.6,2006-09-06 00:00:00,NL,2006,9,6,17,,13,,20.9,,1,,1,,0,,0,,26,E,32,E,0,,1,,,M,,M
-52.742777777777775,47.62222222222222,ST JOHN'S A,8403506,8403506.2006.9.7,2006-09-07 00:00:00,NL,2006,9,7,13.5,,11.2,,15.8,,2,,2,,0,,0,,0,,0,,0,,4.5,,,M,,M
-52.742777777777775,47.62222222222222,ST JOHN'S A,8403506,8403506.2006.9.8,2006-09-08 00:00:00,NL,2006,9,8,16.3,,11.9,,20.7,,0,,0,,0,,0,,25,E,35,E,0,,1.7,,,M,,M
-52.742777777777775,47.62222222222222,ST JOHN'S A,8403506,8403506.2006.9.9,2006-09-09 00:00:00,NL,2006,9,9,16.3,,12.3,,20.2,,0,T,0,T,0,,0,,0,,0,,0,,1.7,,,M,,M
-52.742777777777775,47.62222222222222,ST JOHN'S A,8403506,8403506.2006.9.10,2006-09-10 00:00:00,NL,2006,9,10,16.6,,12.1,,21,,0.4,,0.4,,0,,0,,25,E,35,E,0,,1.4,,,M,,M
-52.742777777777775,47.62222222222222,ST JOHN'S A,8403506,8403506.2006.9.11,2006-09-11 00:00:00,NL,2006,9,11,10,,5.8,,14.1,,5.4,,5.4,,0,,0,,33,E,48,E,0,,8,,,M,,M
-52.742777777777775,47.62222222222222,ST JOHN'S A,8403506,8403506.2006.9.12,2006-09-12 00:00:00,NL,2006,9,12,11.1,,5.5,,16.7,,1,,1,,0,,0,,9,E,54,E,0,,6.9,,,M,,M
-52.742777777777775,47.62222222222222,ST JOHN'S A,8403506,8403506.2006.9.13,2006-09-13 00:00:00,NL,2006,9,13,12.8,,10,,15.6,,48,,48,,0,,0,,8,E,102,E,0,,5.2,,,M,,M
-52.742777777777775,47.62222222222222,ST JOHN'S A,8403506,8403506.2006.9.14,2006-09-14 00:00:00,NL,2006,9,14,15.5,,10.2,,20.7,,0,,0,,0,,0,,31,E,83,E,0,,2.5,,,M,,M
-52.742777777777775,47.62222222222222,ST JOHN'S A,8403506,8403506.2006.9.15,2006-09-15 00:00:00,NL,2006,9,15,16,,11.9,,20.1,,0,,0,,0,,0,,27,E,48,E,0,,2,,,M,,M
-52.742777777777775,47.62222222222222,ST JOHN'S A,8403506,8403506.2006.9.16,2006-09-16 00:00:00,NL,2006,9,16,14.5,,8.7,,20.2,,0,,0,,0,,0,,27,E,32,E,0,,3.5,,,M,,M
-52.742777777777775,47.62222222222222,ST JOHN'S A,8403506,8403506.2006.9.17,2006-09-17 00:00:00,NL,2006,9,17,11.1,,6.5,,15.7,,0,T,0,T,0,,0,,25,E,37,E,0,,6.9,,,M,,M
-52.742777777777775,47.62222222222222,ST JOHN'S A,8403506,8403506.2006.9.18,2006-09-18 00:00:00,NL,2006,9,18,8.8,,6.2,,11.4,,1.4,,1.4,,0,,0,,0,,0,,0,,9.2,,,M,,M
-52.742777777777775,47.62222222222222,ST JOHN'S A,8403506,8403506.2006.9.19,2006-09-19 00:00:00,NL,2006,9,19,9.1,,6.8,,11.3,,0,T,0,T,0,,0,,0,,0,,0,,8.9,,,M,,M
-52.742777777777775,47.62222222222222,ST JOHN'S A,8403506,8403506.2006.9.20,2006-09-20 00:00:00,NL,2006,9,20,16.8,,11.1,,22.4,,1.6,,1.6,,0,,0,,15,E,35,E,0,,1.2,,,M,,M
-52.742777777777775,47.62222222222222,ST JOHN'S A,8403506,8403506.2006.9.21,2006-09-21 00:00:00,NL,2006,9,21,17,,12.1,,21.9,,0,T,0,T,0,,0,,22,E,46,E,0,,1,,,M,,M
-52.742777777777775,47.62222222222222,ST JOHN'S A,8403506,8403506.2006.9.22,2006-09-22 00:00:00,NL,2006,9,22,11.7,,7.3,,16,,0,,0,,0,,0,,0,,0,,0,,6.3,,,M,,M
-52.742777777777775,47.62222222222222,ST JOHN'S A,8403506,8403506.2006.9.23,2006-09-23 00:00:00,NL,2006,9,23,10.7,,6.5,,14.9,,0,,0,,0,,0,,29,E,32,E,0,,7.3,,,M,,M
-52.742777777777775,47.62222222222222,ST JOHN'S A,8403506,8403506.2006.9.24,2006-09-24 00:00:00,NL,2006,9,24,12.2,,7.1,,17.3,,0.2,,0.2,,0,,0,,17,E,56,E,0,,5.8,,,M,,M
-52.742777777777775,47.62222222222222,ST JOHN'S A,8403506,8403506.2006.9.25,2006-09-25 00:00:00,NL,2006,9,25,13.5,,9.5,,17.4,,12.6,,12.6,,0,,0,,26,E,67,E,0,,4.5,,,M,,M
-52.742777777777775,47.62222222222222,ST JOHN'S A,8403506,8403506.2006.9.26,2006-09-26 00:00:00,NL,2006,9,26,12.3,,8.2,,16.4,,0,,0,,0,,0,,25,E,37,E,0,,5.7,,,M,,M
-52.742777777777775,47.62222222222222,ST JOHN'S A,8403506,8403506.2006.9.27,2006-09-27 00:00:00,NL,2006,9,27,12.5,,8.2,,16.7,,0,,0,,0,,0,,,M,,M,0,,5.5,,,M,,M
-52.742777777777775,47.62222222222222,ST JOHN'S A,8403506,8403506.2006.9.28,2006-09-28 00:00:00,NL,2006,9,28,11.5,,7.6,,15.3,,0,,0,,0,,0,,0,,0,,0,,6.5,,,M,,M
-52.742777777777775,47.62222222222222,ST JOHN'S A,8403506,8403506.2006.9.29,2006-09-29 00:00:00,NL,2006,9,29,11.6,,7.2,,15.9,,0,,0,,0,,0,,15,E,37,E,0,,6.4,,,M,,M
-52.742777777777775,47.62222222222222,ST JOHN'S A,8403506,8403506.2006.9.30,2006-09-30 00:00:00,NL,2006,9,30,13.7,,10.4,,16.9,,5,,5,,0,,0,,17,E,56,E,0,,4.3,,,M,,M
-52.742777777777775,47.62222222222222,ST JOHN'S A,8403506,8403506.2006.10.1,2006-10-01 00:00:00,NL,2006,10,1,11.9,,8.9,,14.8,,1.8,,1.8,,0,,0,,0,,0,,0,,6.1,,,M,,M
-52.742777777777775,47.62222222222222,ST JOHN'S A,8403506,8403506.2006.10.2,2006-10-02 00:00:00,NL,2006,10,2,11,,9.6,,12.4,,13,,13,,0,,0,,12,E,54,E,0,,7,,,M,,M
-52.742777777777775,47.62222222222222,ST JOHN'S A,8403506,8403506.2006.10.3,2006-10-03 00:00:00,NL,2006,10,3,12.5,,10.4,,14.6,,4.4,,4.4,,0,,0,,0,,0,,0,,5.5,,,M,,M
-52.742777777777775,47.62222222222222,ST JOHN'S A,8403506,8403506.2006.10.4,2006-10-04 00:00:00,NL,2006,10,4,12.3,,10.4,,14.1,,0.4,,0.4,,0,,0,,26,E,37,E,0,,5.7,,,M,,M
-52.742777777777775,47.62222222222222,ST JOHN'S A,8403506,8403506.2006.10.5,2006-10-05 00:00:00,NL,2006,10,5,11.8,,5.2,,18.4,,4.2,,4.2,,0,,0,,23,E,78,E,0,,6.2,,,M,,M
-52.742777777777775,47.62222222222222,ST JOHN'S A,8403506,8403506.2006.10.6,2006-10-06 00:00:00,NL,2006,10,6,5.7,,1.6,,9.7,,0,,0,,0,,0,,29,E,35,E,0,,12.3,,,M,,M
-52.742777777777775,47.62222222222222,ST JOHN'S A,8403506,8403506.2006.10.7,2006-10-07 00:00:00,NL,2006,10,7,5.8,,-0.4,,12,,0,,0,,0,,0,,27,E,63,E,0,,12.2,,,M,,M
-52.742777777777775,47.62222222222222,ST JOHN'S A,8403506,8403506.2006.10.8,2006-10-08 00:00:00,NL,2006,10,8,10.2,,7,,13.4,,0,,0,,0,,0,,26,E,44,E,0,,7.8,,,M,,M
-52.742777777777775,47.62222222222222,ST JOHN'S A,8403506,8403506.2006.10.9,2006-10-09 00:00:00,NL,2006,10,9,10.4,,5.9,,14.9,,0,,0,,0,,0,,25,E,65,E,0,,7.6,,,M,,M
-52.742777777777775,47.62222222222222,ST JOHN'S A,8403506,8403506.2006.10.10,2006-10-10 00:00:00,NL,2006,10,10,10,,5.4,,14.6,,0,,0,,0,,0,,26,E,50,E,0,,8,,,M,,M
-52.742777777777775,47.62222222222222,ST JOHN'S A,8403506,8403506.2006.10.11,2006-10-11 00:00:00,NL,2006,10,11,7.2,,4.2,,10.1,,0,T,0,T,0,,0,,32,E,52,E,0,,10.8,,,M,,M
-52.742777777777775,47.62222222222222,ST JOHN'S A,8403506,8403506.2006.10.12,2006-10-12 00:00:00,NL,2006,10,12,7.1,,5.5,,8.7,,0,T,0,T,0,,0,,0,,0,,0,,10.9,,,M,,M
-52.742777777777775,47.62222222222222,ST JOHN'S A,8403506,8403506.2006.10.13,2006-10-13 00:00:00,NL,2006,10,13,11.1,,8.1,,14.1,,12,,12,,0,,0,,16,E,57,E,0,,6.9,,,M,,M
-52.742777777777775,47.62222222222222,ST JOHN'S A,8403506,8403506.2006.10.14,2006-10-14 00:00:00,NL,2006,10,14,15.5,,11.9,,19,,0.2,,0.2,,0,,0,,0,,0,,0,,2.5,,,M,,M
-52.742777777777775,47.62222222222222,ST JOHN'S A,8403506,8403506.2006.10.15,2006-10-15 00:00:00,NL,2006,10,15,12,,9.1,,14.9,,2,,2,,0,,0,,0,,0,,0,,6,,,M,,M
-52.742777777777775,47.62222222222222,ST JOHN'S A,8403506,8403506.2006.10.16,2006-10-16 00:00:00,NL,2006,10,16,7.2,,4.8,,9.5,,0,,0,,0,,0,,34,E,39,E,0,,10.8,,,M,,M
-52.742777777777775,47.62222222222222,ST JOHN'S A,8403506,8403506.2006.10.17,2006-10-17 00:00:00,NL,2006,10,17,4.2,,-1.4,,9.8,,0,,0,,0,,0,,30,E,41,E,0,,13.8,,,M,,M
-52.742777777777775,47.62222222222222,ST JOHN'S A,8403506,8403506.2006.10.18,2006-10-18 00:00:00,NL,2006,10,18,5.3,,1.8,,8.7,,0,T,0,T,0,,0,,27,E,35,E,0,,12.7,,,M,,M
-52.742777777777775,47.62222222222222,ST JOHN'S A,8403506,8403506.2006.10.19,2006-10-19 00:00:00,NL,2006,10,19,5.4,,2.2,,8.5,,0,T,0,T,0,,0,,0,,0,,0,,12.6,,,M,,M
-52.742777777777775,47.62222222222222,ST JOHN'S A,8403506,8403506.2006.10.20,2006-10-20 00:00:00,NL,2006,10,20,5.8,,2.5,,9.1,,0,T,0,T,0,,0,,,M,,M,0,,12.2,,,M,,M
-52.742777777777775,47.62222222222222,ST JOHN'S A,8403506,8403506.2006.10.21,2006-10-21 00:00:00,NL,2006,10,21,8,,7.4,,8.5,,19,,19,,0,,0,,11,E,52,E,0,,10,,,M,,M
-52.742777777777775,47.62222222222222,ST JOHN'S A,8403506,8403506.2006.10.22,2006-10-22 00:00:00,NL,2006,10,22,7.8,,7.1,,8.5,,28.8,,28.8,,0,,0,,9,E,41,E,0,,10.2,,,M,,M
-52.742777777777775,47.62222222222222,ST JOHN'S A,8403506,8403506.2006.10.23,2006-10-23 00:00:00,NL,2006,10,23,8.2,,7,,9.3,,8.2,,8.2,,0,,0,,0,,0,,0,,9.8,,,M,,M
-52.742777777777775,47.62222222222222,ST JOHN'S A,8403506,8403506.2006.10.24,2006-10-24 00:00:00,NL,2006,10,24,10.6,,8.3,,12.9,,30.8,,30.8,,0,,0,,19,E,61,E,0,,7.4,,,M,,M
-52.742777777777775,47.62222222222222,ST JOHN'S A,8403506,8403506.2006.10.25,2006-10-25 00:00:00,NL,2006,10,25,8.9,,5.7,,12.1,,0.4,,0.4,,0,,0,,25,E,85,E,0,,9.1,,,M,,M
-52.742777777777775,47.62222222222222,ST JOHN'S A,8403506,8403506.2006.10.26,2006-10-26 00:00:00,NL,2006,10,26,6.9,,4.5,,9.3,,1.2,,1.2,,0,,0,,26,E,59,E,0,,11.1,,,M,,M
-52.742777777777775,47.62222222222222,ST JOHN'S A,8403506,8403506.2006.10.27,2006-10-27 00:00:00,NL,2006,10,27,5.1,,4,,6.2,,1.2,,1.2,,0,,0,,,M,,M,0,,12.9,,,M,,M
-52.742777777777775,47.62222222222222,ST JOHN'S A,8403506,8403506.2006.10.28,2006-10-28 00:00:00,NL,2006,10,28,3.1,,-0.3,,6.5,,0.8,,0.8,,0,,0,,33,E,41,E,0,,14.9,,,M,,M
-52.742777777777775,47.62222222222222,ST JOHN'S A,8403506,8403506.2006.10.29,2006-10-29 00:00:00,NL,2006,10,29,5.7,,0.1,,11.3,,13.4,,13.4,,0,,0,,15,E,74,E,0,,12.3,,,M,,M
-52.742777777777775,47.62222222222222,ST JOHN'S A,8403506,8403506.2006.10.30,2006-10-30 00:00:00,NL,2006,10,30,7,,3.5,,10.4,,2.2,,2.2,,0,,0,,23,E,78,E,0,,11,,,M,,M
-52.742777777777775,47.62222222222222,ST JOHN'S A,8403506,8403506.2006.10.31,2006-10-31 00:00:00,NL,2006,10,31,5.3,,2.8,,7.8,,1.4,,1.4,,0,,0,,28,E,52,E,0,,12.7,,,M,,M
-52.742777777777775,47.62222222222222,ST JOHN'S A,8403506,8403506.2006.11.1,2006-11-01 00:00:00,NL,2006,11,1,6.2,,2.7,,9.6,,4.2,,4.2,,0,,0,,0,,0,,0,,11.8,,,M,,M
-52.742777777777775,47.62222222222222,ST JOHN'S A,8403506,8403506.2006.11.2,2006-11-02 00:00:00,NL,2006,11,2,10.6,,6.8,,14.3,,4.8,,4.8,,0,,0,,19,E,41,E,0,,7.4,,,M,,M
-52.742777777777775,47.62222222222222,ST JOHN'S A,8403506,8403506.2006.11.3,2006-11-03 00:00:00,NL,2006,11,3,9.4,,3,,15.7,,21.2,,21.2,,0,,0,,20,E,61,E,0,,8.6,,,M,,M
-52.742777777777775,47.62222222222222,ST JOHN'S A,8403506,8403506.2006.11.4,2006-11-04 00:00:00,NL,2006,11,4,1.8,,-2.1,,5.7,,0,,0,,0,,0,,0,,0,,0,,16.2,,,M,,M
-52.742777777777775,47.62222222222222,ST JOHN'S A,8403506,8403506.2006.11.5,2006-11-05 00:00:00,NL,2006,11,5,2.4,,-1.8,,6.5,,0,,0,,0,,0,,0,,0,,0,,15.6,,,M,,M
-52.742777777777775,47.62222222222222,ST JOHN'S A,8403506,8403506.2006.11.6,2006-11-06 00:00:00,NL,2006,11,6,1.5,,-2.3,,5.2,,0.6,,0,,0.6,,0,,0,,0,,0,,16.5,,,M,,M
-52.742777777777775,47.62222222222222,ST JOHN'S A,8403506,8403506.2006.11.7,2006-11-07 00:00:00,NL,2006,11,7,0.3,,-3.2,,3.8,,0.8,,0,,1.2,,1,,0,,0,,0,,17.7,,,M,,M
-52.742777777777775,47.62222222222222,ST JOHN'S A,8403506,8403506.2006.11.8,2006-11-08 00:00:00,NL,2006,11,8,5.5,,0.9,,10.1,,0,T,0,T,0,,0,,24,,48,,0,,12.5,,,M,,M
-52.742777777777775,47.62222222222222,ST JOHN'S A,8403506,8403506.2006.11.9,2006-11-09 00:00:00,NL,2006,11,9,6.4,,4,,8.8,,1.8,,1.8,,0,,0,,17,E,54,E,0,,11.6,,,M,,M
-52.742777777777775,47.62222222222222,ST JOHN'S A,8403506,8403506.2006.11.10,2006-11-10 00:00:00,NL,2006,11,10,10.4,,6.8,,14,,22.6,,22.6,,0,,0,,18,E,95,E,0,,7.6,,,M,,M
-52.742777777777775,47.62222222222222,ST JOHN'S A,8403506,8403506.2006.11.11,2006-11-11 00:00:00,NL,2006,11,11,5.9,,2.1,,9.7,,0,,0,,0,,0,,27,E,74,E,0,,12.1,,,M,,M
-52.742777777777775,47.62222222222222,ST JOHN'S A,8403506,8403506.2006.11.12,2006-11-12 00:00:00,NL,2006,11,12,5,,0.3,,9.6,,0,,0,,0,,0,,0,,0,,0,,13,,,M,,M
-52.742777777777775,47.62222222222222,ST JOHN'S A,8403506,8403506.2006.11.13,2006-11-13 00:00:00,NL,2006,11,13,0.4,,-2.2,,3,,0,T,0,,0,T,0,T,0,,0,,0,,17.6,,,M,,M
-52.742777777777775,47.62222222222222,ST JOHN'S A,8403506,8403506.2006.11.14,2006-11-14 00:00:00,NL,2006,11,14,1.2,,-2.9,,5.2,,0,,0,,0,,0,,20,E,32,E,0,,16.8,,,M,,M
-52.742777777777775,47.62222222222222,ST JOHN'S A,8403506,8403506.2006.11.15,2006-11-15 00:00:00,NL,2006,11,15,9,,4.5,,13.4,,1.8,,1.8,,0,,0,,26,E,46,E,0,,9,,,M,,M
-52.742777777777775,47.62222222222222,ST JOHN'S A,8403506,8403506.2006.11.16,2006-11-16 00:00:00,NL,2006,11,16,10.8,,7.9,,13.6,,0.8,,0.8,,0,,0,,26,E,44,E,0,,7.2,,,M,,M
-52.742777777777775,47.62222222222222,ST JOHN'S A,8403506,8403506.2006.11.17,2006-11-17 00:00:00,NL,2006,11,17,12,,7.2,,16.8,,0,,0,,0,,0,,24,E,46,E,0,,6,,,M,,M
-52.742777777777775,47.62222222222222,ST JOHN'S A,8403506,8403506.2006.11.18,2006-11-18 00:00:00,NL,2006,11,18,15,,12.2,,17.8,,0,,0,,0,,0,,24,E,59,E,0,,3,,,M,,M
-52.742777777777775,47.62222222222222,ST JOHN'S A,8403506,8403506.2006.11.19,2006-11-19 00:00:00,NL,2006,11,19,15.3,,11.4,,19.2,,2.2,,2.2,,0,,0,,0,,0,,0,,2.7,,,M,,M
-52.742777777777775,47.62222222222222,ST JOHN'S A,8403506,8403506.2006.11.20,2006-11-20 00:00:00,NL,2006,11,20,10.9,,5.1,,16.7,,1.6,,1.6,,0,,0,,26,E,76,E,0,,7.1,,,M,,M
-52.742777777777775,47.62222222222222,ST JOHN'S A,8403506,8403506.2006.11.21,2006-11-21 00:00:00,NL,2006,11,21,4.4,,1.1,,7.7,,1.2,,1.2,,0,,0,,29,E,48,E,0,,13.6,,,M,,M
-52.742777777777775,47.62222222222222,ST JOHN'S A,8403506,8403506.2006.11.22,2006-11-22 00:00:00,NL,2006,11,22,2.4,,-0.6,,5.3,,0,,0,,0,,0,,28,E,63,E,0,,15.6,,,M,,M
-52.742777777777775,47.62222222222222,ST JOHN'S A,8403506,8403506.2006.11.23,2006-11-23 00:00:00,NL,2006,11,23,0.7,,-2.5,,3.8,,0,,0,,0,,0,,33,E,41,E,0,,17.3,,,M,,M
-52.742777777777775,47.62222222222222,ST JOHN'S A,8403506,8403506.2006.11.24,2006-11-24 00:00:00,NL,2006,11,24,5,,0.6,,9.3,,17.8,,17.4,,0.4,,0,,25,E,48,E,0,,13,,,M,,M
-52.742777777777775,47.62222222222222,ST JOHN'S A,8403506,8403506.2006.11.25,2006-11-25 00:00:00,NL,2006,11,25,-1.4,,-3.9,,1.1,,0,T,0,,0,T,0,T,34,E,48,E,0,,19.4,,,M,,M
-52.742777777777775,47.62222222222222,ST JOHN'S A,8403506,8403506.2006.11.26,2006-11-26 00:00:00,NL,2006,11,26,1.4,,-1.8,,4.6,,0,,0,,0,,0,,25,,41,,0,,16.6,,,M,,M
-52.742777777777775,47.62222222222222,ST JOHN'S A,8403506,8403506.2006.11.27,2006-11-27 00:00:00,NL,2006,11,27,2.5,,-0.6,,5.6,,0,,0,,0,,0,,26,E,37,E,0,,15.5,,,M,,M
-52.742777777777775,47.62222222222222,ST JOHN'S A,8403506,8403506.2006.11.28,2006-11-28 00:00:00,NL,2006,11,28,-2.3,,-4.3,,-0.3,,0,T,0,,0,T,0,,33,E,37,E,0,,20.3,,,M,,M
-52.742777777777775,47.62222222222222,ST JOHN'S A,8403506,8403506.2006.11.29,2006-11-29 00:00:00,NL,2006,11,29,-3.9,,-5.6,,-2.2,,0,T,0,,0,T,0,T,31,E,52,E,0,,21.9,,,M,,M
-52.742777777777775,47.62222222222222,ST JOHN'S A,8403506,8403506.2006.11.30,2006-11-30 00:00:00,NL,2006,11,30,1.5,,-5.5,,8.4,,3.6,,1.2,,2.4,,0,T,25,E,59,E,0,,16.5,,,M,,M
-52.742777777777775,47.62222222222222,ST JOHN'S A,8403506,8403506.2006.12.1,2006-12-01 00:00:00,NL,2006,12,1,3.8,,-2,,9.6,,7.8,,7.8,,0,,0,,24,E,70,E,0,,14.2,,,M,,M
-52.742777777777775,47.62222222222222,ST JOHN'S A,8403506,8403506.2006.12.2,2006-12-02 00:00:00,NL,2006,12,2,1.8,,-3.2,,6.7,,13.8,,7.8,,6,,1,,,M,,M,0,,16.2,,,M,,M
-52.742777777777775,47.62222222222222,ST JOHN'S A,8403506,8403506.2006.12.3,2006-12-03 00:00:00,NL,2006,12,3,-2.1,,-4.5,,0.4,,2.2,,0,,2.2,,0,T,28,E,44,E,0,,20.1,,,M,,M
-52.742777777777775,47.62222222222222,ST JOHN'S A,8403506,8403506.2006.12.4,2006-12-04 00:00:00,NL,2006,12,4,-3.1,,-6.9,,0.8,,24,,0,,24,,2,,9,E,80,E,0,,21.1,,,M,,M
-52.742777777777775,47.62222222222222,ST JOHN'S A,8403506,8403506.2006.12.5,2006-12-05 00:00:00,NL,2006,12,5,-0.5,,-2.8,,1.9,,11,,7.6,,4.8,,25,,25,E,93,E,0,,18.5,,,M,,M
-52.742777777777775,47.62222222222222,ST JOHN'S A,8403506,8403506.2006.12.6,2006-12-06 00:00:00,NL,2006,12,6,-4.7,,-7.2,,-2.1,,0.8,,0,,1.4,,29,,31,E,46,E,0,,22.7,,,M,,M
-52.742777777777775,47.62222222222222,ST JOHN'S A,8403506,8403506.2006.12.7,2006-12-07 00:00:00,NL,2006,12,7,-0.1,,-6,,5.9,,6.6,,6.6,,0,,25,,18,E,63,E,0,,18.1,,,M,,M
-52.742777777777775,47.62222222222222,ST JOHN'S A,8403506,8403506.2006.12.8,2006-12-08 00:00:00,NL,2006,12,8,7.1,,2.4,,11.7,,27,,27,,0,,10,,24,E,65,E,0,,10.9,,,M,,M
-52.742777777777775,47.62222222222222,ST JOHN'S A,8403506,8403506.2006.12.9,2006-12-09 00:00:00,NL,2006,12,9,-2,,-6.4,,2.4,,0.2,,0,T,0.2,,0,T,28,E,67,E,0,,20,,,M,,M
-52.742777777777775,47.62222222222222,ST JOHN'S A,8403506,8403506.2006.12.10,2006-12-10 00:00:00,NL,2006,12,10,0,,-5.3,,5.3,,0,T,0,T,0,T,0,T,27,E,74,E,0,,18,,,M,,M
-52.742777777777775,47.62222222222222,ST JOHN'S A,8403506,8403506.2006.12.11,2006-12-11 00:00:00,NL,2006,12,11,-0.6,,-3.9,,2.8,,0.4,,0,T,0.8,,0,T,27,E,41,E,0,,18.6,,,M,,M
-52.742777777777775,47.62222222222222,ST JOHN'S A,8403506,8403506.2006.12.12,2006-12-12 00:00:00,NL,2006,12,12,-5.7,,-7.7,,-3.6,,0,T,0,,0,T,1,,30,E,67,E,0,,23.7,,,M,,M
-52.742777777777775,47.62222222222222,ST JOHN'S A,8403506,8403506.2006.12.13,2006-12-13 00:00:00,NL,2006,12,13,-2.7,,-6.1,,0.8,,0,T,0,,0,T,0,T,27,E,70,E,0,,20.7,,,M,,M
-52.742777777777775,47.62222222222222,ST JOHN'S A,8403506,8403506.2006.12.14,2006-12-14 00:00:00,NL,2006,12,14,4.5,,0.8,,8.1,,4.4,,4.4,,0,,0,T,27,E,67,E,0,,13.5,,,M,,M
-52.742777777777775,47.62222222222222,ST JOHN'S A,8403506,8403506.2006.12.15,2006-12-15 00:00:00,NL,2006,12,15,4.2,,2.1,,6.3,,0,T,0,T,0,,0,,26,E,44,E,0,,13.8,,,M,,M
-52.742777777777775,47.62222222222222,ST JOHN'S A,8403506,8403506.2006.12.16,2006-12-16 00:00:00,NL,2006,12,16,5.8,,2.1,,9.5,,19.8,,19.8,,0,,0,,14,E,54,E,0,,12.2,,,M,,M
-52.742777777777775,47.62222222222222,ST JOHN'S A,8403506,8403506.2006.12.17,2006-12-17 00:00:00,NL,2006,12,17,2.5,,0.1,,4.8,,0,T,0,T,0,,0,,27,E,50,E,0,,15.5,,,M,,M
-52.742777777777775,47.62222222222222,ST JOHN'S A,8403506,8403506.2006.12.18,2006-12-18 00:00:00,NL,2006,12,18,0.9,,-2.7,,4.4,,0,T,0,T,0,T,0,,0,,0,,0,,17.1,,,M,,M
-52.742777777777775,47.62222222222222,ST JOHN'S A,8403506,8403506.2006.12.19,2006-12-19 00:00:00,NL,2006,12,19,-4.3,,-6.4,,-2.1,,0.8,,0,,1.4,,0,T,33,E,37,E,0,,22.3,,,M,,M
-52.742777777777775,47.62222222222222,ST JOHN'S A,8403506,8403506.2006.12.20,2006-12-20 00:00:00,NL,2006,12,20,-5.3,,-8.4,,-2.1,,1.6,,0,,2.2,,2,,0,,0,,0,,23.3,,,M,,M
-52.742777777777775,47.62222222222222,ST JOHN'S A,8403506,8403506.2006.12.21,2006-12-21 00:00:00,NL,2006,12,21,-2.9,,-6.6,,0.9,,0.4,,0,T,0.8,,2,,22,E,35,E,0,,20.9,,,M,,M
-52.742777777777775,47.62222222222222,ST JOHN'S A,8403506,8403506.2006.12.22,2006-12-22 00:00:00,NL,2006,12,22,-3.2,,-6,,-0.3,,6.2,,0,,6.4,,5,,29,E,61,E,0,,21.2,,,M,,M
-52.742777777777775,47.62222222222222,ST JOHN'S A,8403506,8403506.2006.12.23,2006-12-23 00:00:00,NL,2006,12,23,-3.9,,-7,,-0.8,,0,T,0,,0,T,5,,29,E,48,E,0,,21.9,,,M,,M
-52.742777777777775,47.62222222222222,ST JOHN'S A,8403506,8403506.2006.12.24,2006-12-24 00:00:00,NL,2006,12,24,1.4,,-2,,4.8,,10.8,,10.8,,0,,4,,16,E,59,E,0,,16.6,,,M,,M
-52.742777777777775,47.62222222222222,ST JOHN'S A,8403506,8403506.2006.12.25,2006-12-25 00:00:00,NL,2006,12,25,0.6,,-1.4,,2.6,,2,,2,,0,,0,T,28,E,83,E,0,,17.4,,,M,,M
-52.742777777777775,47.62222222222222,ST JOHN'S A,8403506,8403506.2006.12.26,2006-12-26 00:00:00,NL,2006,12,26,-0.7,,-2.1,,0.7,,3.2,,0,,3.8,,0,T,29,E,70,E,0,,18.7,,,M,,M
-52.742777777777775,47.62222222222222,ST JOHN'S A,8403506,8403506.2006.12.27,2006-12-27 00:00:00,NL,2006,12,27,-3,,-5.6,,-0.4,,3.1,,0.6,,2.4,,5,,0,,0,,0,,21,,,M,,M
-52.742777777777775,47.62222222222222,ST JOHN'S A,8403506,8403506.2006.12.28,2006-12-28 00:00:00,NL,2006,12,28,-7.4,,-9.2,,-5.6,,0,,0,,0,,5,,28,E,48,E,0,,25.4,,,M,,M
-52.742777777777775,47.62222222222222,ST JOHN'S A,8403506,8403506.2006.12.29,2006-12-29 00:00:00,NL,2006,12,29,-9.1,,-11,,-7.1,,0.4,,0,,0.4,,5,,28,E,48,E,0,,27.1,,,M,,M
-52.742777777777775,47.62222222222222,ST JOHN'S A,8403506,8403506.2006.12.30,2006-12-30 00:00:00,NL,2006,12,30,-8.8,,-11.7,,-5.8,,0.2,,0,,0.2,,5,,29,E,56,E,0,,26.8,,,M,,M
-52.742777777777775,47.62222222222222,ST JOHN'S A,8403506,8403506.2006.12.31,2006-12-31 00:00:00,NL,2006,12,31,-4.3,,-6.5,,-2.1,,1.2,,0,,2.6,,5,,0,,0,,0,,22.3,,,M,,M
-52.742777777777775,47.62222222222222,ST JOHN'S A,8403506,8403506.2007.1.1,2007-01-01 00:00:00,NL,2007,1,1,-3.7,,-4.7,,-2.6,,0,T,0,,0.2,,7,,36,E,56,E,0,,21.7,,,M,,M
-52.742777777777775,47.62222222222222,ST JOHN'S A,8403506,8403506.2007.1.2,2007-01-02 00:00:00,NL,2007,1,2,0.2,,-5.3,,5.6,,11.2,,10.8,,0.4,,7,,24,E,72,E,0,,17.8,,,M,,M
-52.742777777777775,47.62222222222222,ST JOHN'S A,8403506,8403506.2007.1.3,2007-01-03 00:00:00,NL,2007,1,3,-2.2,,-5.5,,1.2,,0.4,,0,,0.4,,1,,29,E,83,E,0,,20.2,,,M,,M
-52.742777777777775,47.62222222222222,ST JOHN'S A,8403506,8403506.2007.1.4,2007-01-04 00:00:00,NL,2007,1,4,0.3,,-2.1,,2.7,,0,T,0,T,0,,1,,25,E,48,E,0,,17.7,,,M,,M
-52.742777777777775,47.62222222222222,ST JOHN'S A,8403506,8403506.2007.1.5,2007-01-05 00:00:00,NL,2007,1,5,2.3,,0.3,,4.2,,6.8,,6.8,,0,,0,T,26,E,48,E,0,,15.7,,,M,,M
-52.742777777777775,47.62222222222222,ST JOHN'S A,8403506,8403506.2007.1.6,2007-01-06 00:00:00,NL,2007,1,6,8.2,,3.9,,12.5,,21.8,,21.8,,0,,0,T,24,E,69,E,0,,9.8,,,M,,M
-52.742777777777775,47.62222222222222,ST JOHN'S A,8403506,8403506.2007.1.7,2007-01-07 00:00:00,NL,2007,1,7,6.6,,2.4,,10.8,,0.8,,0.8,,0,,0,T,26,E,104,E,0,,11.4,,,M,,M
-52.742777777777775,47.62222222222222,ST JOHN'S A,8403506,8403506.2007.1.8,2007-01-08 00:00:00,NL,2007,1,8,1.9,,0,,3.8,,3,,1,,2,,0,T,18,E,96,E,0,,16.1,,,M,,M
-52.742777777777775,47.62222222222222,ST JOHN'S A,8403506,8403506.2007.1.9,2007-01-09 00:00:00,NL,2007,1,9,5.9,,0.4,,11.4,,5.4,,5.4,,0,,0,,18,E,78,E,0,,12.1,,,M,,M
-52.742777777777775,47.62222222222222,ST JOHN'S A,8403506,8403506.2007.1.10,2007-01-10 00:00:00,NL,2007,1,10,0.7,,-1,,2.3,,4,,0,,5.2,,0,,26,E,37,E,0,,17.3,,,M,,M
-52.742777777777775,47.62222222222222,ST JOHN'S A,8403506,8403506.2007.1.11,2007-01-11 00:00:00,NL,2007,1,11,-2.6,,-4.5,,-0.6,,4.4,,0,,6.5,,12,,30,E,56,E,0,,20.6,,,M,,M
-52.742777777777775,47.62222222222222,ST JOHN'S A,8403506,8403506.2007.1.12,2007-01-12 00:00:00,NL,2007,1,12,-1.5,,-4.1,,1.2,,0.6,,0,,0.6,,12,,25,E,46,E,0,,19.5,,,M,,M
-52.742777777777775,47.62222222222222,ST JOHN'S A,8403506,8403506.2007.1.13,2007-01-13 00:00:00,NL,2007,1,13,-1.3,,-4,,1.5,,3.6,,0,T,5.4,,9,,2,E,57,E,0,,19.3,,,M,,M
-52.742777777777775,47.62222222222222,ST JOHN'S A,8403506,8403506.2007.1.14,2007-01-14 00:00:00,NL,2007,1,14,-5.3,,-6.6,,-4,,0.2,,0,,0.4,,10,,34,E,32,E,0,,23.3,,,M,,M
-52.742777777777775,47.62222222222222,ST JOHN'S A,8403506,8403506.2007.1.15,2007-01-15 00:00:00,NL,2007,1,15,-6.1,,-9.9,,-2.3,,0.6,,0,,0.8,,10,,30,E,65,E,0,,24.1,,,M,,M
-52.742777777777775,47.62222222222222,ST JOHN'S A,8403506,8403506.2007.1.16,2007-01-16 00:00:00,NL,2007,1,16,-6,,-9.6,,-2.3,,9.6,,0.4,,11.6,,10,,35,E,48,E,0,,24,,,M,,M
-52.742777777777775,47.62222222222222,ST JOHN'S A,8403506,8403506.2007.1.17,2007-01-17 00:00:00,NL,2007,1,17,-11.5,,-15.3,,-7.7,,0.4,,0,,0.4,,14,,28,E,56,E,0,,29.5,,,M,,M
-52.742777777777775,47.62222222222222,ST JOHN'S A,8403506,8403506.2007.1.18,2007-01-18 00:00:00,NL,2007,1,18,-13.4,,-16.6,,-10.2,,0,T,0,,0,T,12,,29,E,52,E,0,,31.4,,,M,,M
-52.742777777777775,47.62222222222222,ST JOHN'S A,8403506,8403506.2007.1.19,2007-01-19 00:00:00,NL,2007,1,19,-6.8,,-13.7,,0.2,,0.2,,0,,0.4,,8,,16,E,61,E,0,,24.8,,,M,,M
-52.742777777777775,47.62222222222222,ST JOHN'S A,8403506,8403506.2007.1.20,2007-01-20 00:00:00,NL,2007,1,20,0.1,,-3.1,,3.3,,15.2,,15.2,,0,,6,,15,E,89,E,0,,17.9,,,M,,M
-52.742777777777775,47.62222222222222,ST JOHN'S A,8403506,8403506.2007.1.21,2007-01-21 00:00:00,NL,2007,1,21,-2.2,,-4.5,,0.1,,16.4,,0,,16.4,,2,,31,E,57,E,0,,20.2,,,M,,M
-52.742777777777775,47.62222222222222,ST JOHN'S A,8403506,8403506.2007.1.22,2007-01-22 00:00:00,NL,2007,1,22,-7.2,,-10,,-4.4,,0,T,0,,0.4,,12,,27,E,41,E,0,,25.2,,,M,,M
-52.742777777777775,47.62222222222222,ST JOHN'S A,8403506,8403506.2007.1.23,2007-01-23 00:00:00,NL,2007,1,23,-6.9,,-11.3,,-2.5,,1.4,,0,,2.2,,11,,6,E,56,E,0,,24.9,,,M,,M
-52.742777777777775,47.62222222222222,ST JOHN'S A,8403506,8403506.2007.1.24,2007-01-24 00:00:00,NL,2007,1,24,-0.6,,-2.8,,1.6,,14.4,,9,,10.8,,19,,5,E,83,E,0,,18.6,,,M,,M
-52.742777777777775,47.62222222222222,ST JOHN'S A,8403506,8403506.2007.1.25,2007-01-25 00:00:00,NL,2007,1,25,-1.9,,-4.4,,0.6,,1.2,,0.6,,0.6,,18,,26,E,57,E,0,,19.9,,,M,,M
-52.742777777777775,47.62222222222222,ST JOHN'S A,8403506,8403506.2007.1.26,2007-01-26 00:00:00,NL,2007,1,26,-2.3,,-6.8,,2.2,,10,,0,T,11.2,,16,,7,E,96,E,0,,20.3,,,M,,M
-52.742777777777775,47.62222222222222,ST JOHN'S A,8403506,8403506.2007.1.27,2007-01-27 00:00:00,NL,2007,1,27,-1.8,,-4,,0.4,,1.8,,0,T,1.8,,16,,17,E,96,E,0,,19.8,,,M,,M
-52.742777777777775,47.62222222222222,ST JOHN'S A,8403506,8403506.2007.1.28,2007-01-28 00:00:00,NL,2007,1,28,-4.7,,-6.4,,-2.9,,0,T,0,T,0,T,18,,27,E,67,E,0,,22.7,,,M,,M
-52.742777777777775,47.62222222222222,ST JOHN'S A,8403506,8403506.2007.1.29,2007-01-29 00:00:00,NL,2007,1,29,-5,,-7.6,,-2.4,,11,,0,,11,,18,,5,E,59,E,0,,23,,,M,,M
-52.742777777777775,47.62222222222222,ST JOHN'S A,8403506,8403506.2007.1.30,2007-01-30 00:00:00,NL,2007,1,30,-5.7,,-9.1,,-2.3,,6.6,,0,,6.6,,32,,28,E,74,E,0,,23.7,,,M,,M
-52.742777777777775,47.62222222222222,ST JOHN'S A,8403506,8403506.2007.1.31,2007-01-31 00:00:00,NL,2007,1,31,-7.8,,-10.1,,-5.4,,0,T,0,,0.4,,30,,27,E,46,E,0,,25.8,,,M,,M
-52.742777777777775,47.62222222222222,ST JOHN'S A,8403506,8403506.2007.2.1,2007-02-01 00:00:00,NL,2007,2,1,-11.1,,-14.8,,-7.4,,0,T,0,,0,T,30,,31,E,41,E,0,,29.1,,,M,,M
-52.742777777777775,47.62222222222222,ST JOHN'S A,8403506,8403506.2007.2.2,2007-02-02 00:00:00,NL,2007,2,2,-5.6,,-13,,1.9,,21.6,,14.6,,7,,30,,15,E,89,E,0,,23.6,,,M,,M
-52.742777777777775,47.62222222222222,ST JOHN'S A,8403506,8403506.2007.2.3,2007-02-03 00:00:00,NL,2007,2,3,1.4,,-1.8,,4.5,,31.6,,30.8,,0.8,,20,,15,E,102,E,0,,16.6,,,M,,M
-52.742777777777775,47.62222222222222,ST JOHN'S A,8403506,8403506.2007.2.4,2007-02-04 00:00:00,NL,2007,2,4,-4.8,,-8.3,,-1.3,,1,,0,,1.4,,18,,27,E,96,E,0,,22.8,,,M,,M
-52.742777777777775,47.62222222222222,ST JOHN'S A,8403506,8403506.2007.2.5,2007-02-05 00:00:00,NL,2007,2,5,-8.2,,-11.9,,-4.4,,10.4,,0,,11.8,,19,,29,E,52,E,0,,26.2,,,M,,M
-52.742777777777775,47.62222222222222,ST JOHN'S A,8403506,8403506.2007.2.6,2007-02-06 00:00:00,NL,2007,2,6,-12.6,,-15.1,,-10,,1.4,,0,,1.6,,28,,29,E,32,E,0,,30.6,,,M,,M
-52.742777777777775,47.62222222222222,ST JOHN'S A,8403506,8403506.2007.2.7,2007-02-07 00:00:00,NL,2007,2,7,-10.2,,-12.7,,-7.6,,0,T,0,,0,T,28,,28,E,43,E,0,,28.2,,,M,,M
-52.742777777777775,47.62222222222222,ST JOHN'S A,8403506,8403506.2007.2.8,2007-02-08 00:00:00,NL,2007,2,8,-11.1,,-13.7,,-8.5,,0,T,0,,0,T,28,,28,E,50,E,0,,29.1,,,M,,M
-52.742777777777775,47.62222222222222,ST JOHN'S A,8403506,8403506.2007.2.9,2007-02-09 00:00:00,NL,2007,2,9,-10.8,,-15.5,,-6.1,,0,T,0,,0,T,25,,24,E,46,E,0,,28.8,,,M,,M
-52.742777777777775,47.62222222222222,ST JOHN'S A,8403506,8403506.2007.2.10,2007-02-10 00:00:00,NL,2007,2,10,-10,,-15.5,,-4.4,,0,T,0,,0,T,24,,29,E,33,E,0,,28,,,M,,M
-52.742777777777775,47.62222222222222,ST JOHN'S A,8403506,8403506.2007.2.11,2007-02-11 00:00:00,NL,2007,2,11,-9,,-11.3,,-6.7,,0,T,0,,0,T,24,,27,E,61,E,0,,27,,,M,,M
-52.742777777777775,47.62222222222222,ST JOHN'S A,8403506,8403506.2007.2.12,2007-02-12 00:00:00,NL,2007,2,12,-7.8,,-9.4,,-6.1,,1.4,,0,,1.4,,24,,26,E,67,E,0,,25.8,,,M,,M
-52.742777777777775,47.62222222222222,ST JOHN'S A,8403506,8403506.2007.2.13,2007-02-13 00:00:00,NL,2007,2,13,-5.5,,-8.5,,-2.5,,1.4,,0,,1.4,,24,,28,E,57,E,0,,23.5,,,M,,M
-52.742777777777775,47.62222222222222,ST JOHN'S A,8403506,8403506.2007.2.14,2007-02-14 00:00:00,NL,2007,2,14,-3.6,,-5.5,,-1.6,,0,T,0,,0,T,24,,33,E,48,E,0,,21.6,,,M,,M
-52.742777777777775,47.62222222222222,ST JOHN'S A,8403506,8403506.2007.2.15,2007-02-15 00:00:00,NL,2007,2,15,-2,,-5.2,,1.2,,10.6,,0.8,,5.8,,23,,14,,70,,0,,20,,,M,,M
-52.742777777777775,47.62222222222222,ST JOHN'S A,8403506,8403506.2007.2.16,2007-02-16 00:00:00,NL,2007,2,16,-3.4,,-7.2,,0.4,,0.2,,0,,0.2,,29,,25,E,48,E,0,,21.4,,,M,,M
-52.742777777777775,47.62222222222222,ST JOHN'S A,8403506,8403506.2007.2.17,2007-02-17 00:00:00,NL,2007,2,17,-8,,-11.2,,-4.8,,1.2,,0,,2.8,,30,,25,E,46,E,0,,26,,,M,,M
-52.742777777777775,47.62222222222222,ST JOHN'S A,8403506,8403506.2007.2.18,2007-02-18 00:00:00,NL,2007,2,18,-6.7,,-11.2,,-2.2,,0.6,,0,,0.6,,28,,27,E,83,E,0,,24.7,,,M,,M
-52.742777777777775,47.62222222222222,ST JOHN'S A,8403506,8403506.2007.2.19,2007-02-19 00:00:00,NL,2007,2,19,-3,,-4,,-1.9,,22.2,,0,,30.6,,40,,36,E,89,E,0,,21,,,M,,M
-52.742777777777775,47.62222222222222,ST JOHN'S A,8403506,8403506.2007.2.20,2007-02-20 00:00:00,NL,2007,2,20,-4.3,,-7.2,,-1.3,,11,,0,,11,,61,,34,E,87,E,0,,22.3,,,M,,M
-52.742777777777775,47.62222222222222,ST JOHN'S A,8403506,8403506.2007.2.21,2007-02-21 00:00:00,NL,2007,2,21,-5.4,,-7.9,,-2.9,,0,,0,,0,,59,,,M,,M,0,,23.4,,,M,,M
-52.742777777777775,47.62222222222222,ST JOHN'S A,8403506,8403506.2007.2.22,2007-02-22 00:00:00,NL,2007,2,22,-7.6,,-10.8,,-4.3,,0.2,,0,,0.4,,58,,0,,0,,0,,25.6,,,M,,M
-52.742777777777775,47.62222222222222,ST JOHN'S A,8403506,8403506.2007.2.23,2007-02-23 00:00:00,NL,2007,2,23,-8.5,,-13.5,,-3.5,,11,,0,,12.4,,58,,5,E,54,E,0,,26.5,,,M,,M
-52.742777777777775,47.62222222222222,ST JOHN'S A,8403506,8403506.2007.2.24,2007-02-24 00:00:00,NL,2007,2,24,-3.5,,-5.1,,-1.9,,8.4,,1.4,,9.6,,72,,,M,,M,0,,21.5,,,M,,M
-52.742777777777775,47.62222222222222,ST JOHN'S A,8403506,8403506.2007.2.25,2007-02-25 00:00:00,NL,2007,2,25,-2.3,,-5.1,,0.6,,1.4,,0,,2,,72,,24,E,44,E,0,,20.3,,,M,,M
-52.742777777777775,47.62222222222222,ST JOHN'S A,8403506,8403506.2007.2.26,2007-02-26 00:00:00,NL,2007,2,26,-1.1,,-2.5,,0.4,,1.2,,0,T,1.4,,73,,29,E,37,E,0,,19.1,,,M,,M
-52.742777777777775,47.62222222222222,ST JOHN'S A,8403506,8403506.2007.2.27,2007-02-27 00:00:00,NL,2007,2,27,-2.4,,-3.7,,-1,,0,T,0,T,0,T,69,,30,E,39,E,0,,20.4,,,M,,M
-52.742777777777775,47.62222222222222,ST JOHN'S A,8403506,8403506.2007.2.28,2007-02-28 00:00:00,NL,2007,2,28,-3.8,,-5.1,,-2.4,,0,T,0,T,0,T,68,,0,,0,,0,,21.8,,,M,,M
-52.742777777777775,47.62222222222222,ST JOHN'S A,8403506,8403506.2007.3.1,2007-03-01 00:00:00,NL,2007,3,1,-3.7,,-5,,-2.4,,0.8,,0,T,1,,65,,0,,0,,0,,21.7,,,M,,M
-52.742777777777775,47.62222222222222,ST JOHN'S A,8403506,8403506.2007.3.2,2007-03-02 00:00:00,NL,2007,3,2,-6.1,,-10,,-2.1,,0,T,0,,0,T,66,,0,,0,,0,,24.1,,,M,,M
-52.742777777777775,47.62222222222222,ST JOHN'S A,8403506,8403506.2007.3.3,2007-03-03 00:00:00,NL,2007,3,3,-4.5,,-9,,0.1,,6.6,,0,T,6.6,,65,,15,E,56,E,0,,22.5,,,M,,M
-52.742777777777775,47.62222222222222,ST JOHN'S A,8403506,8403506.2007.3.4,2007-03-04 00:00:00,NL,2007,3,4,-2.2,,-6.1,,1.7,,2,,0,,2,,68,,23,E,43,E,0,,20.2,,,M,,M
-52.742777777777775,47.62222222222222,ST JOHN'S A,8403506,8403506.2007.3.5,2007-03-05 00:00:00,NL,2007,3,5,-2.7,,-4.2,,-1.1,,0,T,0,,0,T,67,,26,E,52,E,0,,20.7,,,M,,M
-52.742777777777775,47.62222222222222,ST JOHN'S A,8403506,8403506.2007.3.6,2007-03-06 00:00:00,NL,2007,3,6,-3.3,,-6.5,,-0.1,,0,T,0,,0,T,66,,25,E,46,E,0,,21.3,,,M,,M
-52.742777777777775,47.62222222222222,ST JOHN'S A,8403506,8403506.2007.3.7,2007-03-07 00:00:00,NL,2007,3,7,-8.4,,-11.7,,-5,,2.4,,0,,3.4,,66,,27,E,89,E,0,,26.4,,,M,,M
-52.742777777777775,47.62222222222222,ST JOHN'S A,8403506,8403506.2007.3.8,2007-03-08 00:00:00,NL,2007,3,8,-10.6,,-13.4,,-7.8,,0.6,,0,,1.4,,68,,26,E,46,E,0,,28.6,,,M,,M
-52.742777777777775,47.62222222222222,ST JOHN'S A,8403506,8403506.2007.3.9,2007-03-09 00:00:00,NL,2007,3,9,-12.6,,-15.6,,-9.5,,0,T,0,,0,T,69,,29,E,74,E,0,,30.6,,,M,,M
-52.742777777777775,47.62222222222222,ST JOHN'S A,8403506,8403506.2007.3.10,2007-03-10 00:00:00,NL,2007,3,10,-8.2,,-11.8,,-4.5,,0,,0,,0,,68,,28,E,67,E,0,,26.2,,,M,,M
-52.742777777777775,47.62222222222222,ST JOHN'S A,8403506,8403506.2007.3.11,2007-03-11 00:00:00,NL,2007,3,11,0.6,,-4.6,,5.8,,0,,0,,0,,65,,25,E,56,E,0,,17.4,,,M,,M
-52.742777777777775,47.62222222222222,ST JOHN'S A,8403506,8403506.2007.3.12,2007-03-12 00:00:00,NL,2007,3,12,-1.2,,-5.6,,3.3,,22,,22,,0,,54,,34,E,48,E,0,,19.2,,,M,,M
-52.742777777777775,47.62222222222222,ST JOHN'S A,8403506,8403506.2007.3.13,2007-03-13 00:00:00,NL,2007,3,13,-4.4,,-7.6,,-1.2,,0,T,0,,0,T,40,,0,,0,,0,,22.4,,,M,,M
-52.742777777777775,47.62222222222222,ST JOHN'S A,8403506,8403506.2007.3.14,2007-03-14 00:00:00,NL,2007,3,14,-0.4,,-8.7,,8,,0,,0,,0,,38,,22,E,70,E,0,,18.4,,,M,,M
-52.742777777777775,47.62222222222222,ST JOHN'S A,8403506,8403506.2007.3.15,2007-03-15 00:00:00,NL,2007,3,15,8.2,,6.6,,9.8,,0,,0,,0,,26,,23,E,65,E,0,,9.8,,,M,,M
-52.742777777777775,47.62222222222222,ST JOHN'S A,8403506,8403506.2007.3.16,2007-03-16 00:00:00,NL,2007,3,16,1,,-5.8,,7.8,,0.2,,0.2,,0,,20,,24,E,56,E,0,,17,,,M,,M
-52.742777777777775,47.62222222222222,ST JOHN'S A,8403506,8403506.2007.3.17,2007-03-17 00:00:00,NL,2007,3,17,-3,,-5.8,,-0.1,,0,T,0,T,0,,18,,,M,,M,0,,21,,,M,,M
-52.742777777777775,47.62222222222222,ST JOHN'S A,8403506,8403506.2007.3.18,2007-03-18 00:00:00,NL,2007,3,18,3.7,,-1.8,,9.2,,1.6,,1.6,,0,,18,,17,E,50,E,0,,14.3,,,M,,M
-52.742777777777775,47.62222222222222,ST JOHN'S A,8403506,8403506.2007.3.19,2007-03-19 00:00:00,NL,2007,3,19,0.6,,-3.2,,4.4,,0,T,0,T,0,,12,,24,E,54,E,0,,17.4,,,M,,M
-52.742777777777775,47.62222222222222,ST JOHN'S A,8403506,8403506.2007.3.20,2007-03-20 00:00:00,NL,2007,3,20,-1.9,,-6.3,,2.6,,5,,0,,5,,12,,23,E,59,E,0,,19.9,,,M,,M
-52.742777777777775,47.62222222222222,ST JOHN'S A,8403506,8403506.2007.3.21,2007-03-21 00:00:00,NL,2007,3,21,-5,,-11.4,,1.4,,0.4,,0,,0.4,,12,,33,E,69,E,0,,23,,,M,,M
-52.742777777777775,47.62222222222222,ST JOHN'S A,8403506,8403506.2007.3.22,2007-03-22 00:00:00,NL,2007,3,22,-4.3,,-11.3,,2.8,,0.6,,0.6,,0,,12,,24,E,93,E,0,,22.3,,,M,,M
-52.742777777777775,47.62222222222222,ST JOHN'S A,8403506,8403506.2007.3.23,2007-03-23 00:00:00,NL,2007,3,23,2,,-1.5,,5.4,,0,T,0,T,0,,9,,23,E,89,E,0,,16,,,M,,M
-52.742777777777775,47.62222222222222,ST JOHN'S A,8403506,8403506.2007.3.24,2007-03-24 00:00:00,NL,2007,3,24,-4.2,,-6.8,,-1.5,,0.6,,0,,0.6,,8,,1,E,33,E,0,,22.2,,,M,,M
-52.742777777777775,47.62222222222222,ST JOHN'S A,8403506,8403506.2007.3.25,2007-03-25 00:00:00,NL,2007,3,25,-4.9,,-6.6,,-3.2,,0.6,,0,,1,,9,,0,,0,,0,,22.9,,,M,,M
-52.742777777777775,47.62222222222222,ST JOHN'S A,8403506,8403506.2007.3.26,2007-03-26 00:00:00,NL,2007,3,26,-3.3,,-4.6,,-2,,2.4,,0,,2.4,,9,,1,E,59,E,0,,21.3,,,M,,M
-52.742777777777775,47.62222222222222,ST JOHN'S A,8403506,8403506.2007.3.27,2007-03-27 00:00:00,NL,2007,3,27,-1.3,,-2.2,,-0.4,,12,,0,T,12,,18,,1,E,70,E,0,,19.3,,,M,,M
-52.742777777777775,47.62222222222222,ST JOHN'S A,8403506,8403506.2007.3.28,2007-03-28 00:00:00,NL,2007,3,28,1.5,,-1.5,,4.4,,0.2,,0.2,,0,T,20,,32,E,44,E,0,,16.5,,,M,,M
-52.742777777777775,47.62222222222222,ST JOHN'S A,8403506,8403506.2007.3.29,2007-03-29 00:00:00,NL,2007,3,29,-1.1,,-2.5,,0.4,,0.4,,0,,1.2,,19,,25,E,41,E,0,,19.1,,,M,,M
-52.742777777777775,47.62222222222222,ST JOHN'S A,8403506,8403506.2007.3.30,2007-03-30 00:00:00,NL,2007,3,30,-0.3,,-2.5,,2,,0.8,,0,,1.2,,18,,30,E,33,E,0,,18.3,,,M,,M
-52.742777777777775,47.62222222222222,ST JOHN'S A,8403506,8403506.2007.3.31,2007-03-31 00:00:00,NL,2007,3,31,-0.3,,-2.7,,2.1,,0,T,0,,0,T,16,,0,,0,,0,,18.3,,,M,,M
-52.742777777777775,47.62222222222222,ST JOHN'S A,8403506,8403506.2007.4.1,2007-04-01 00:00:00,NL,2007,4,1,-2.8,,-6.9,,1.4,,0,T,0,,0,T,15,,34,E,56,E,0,,20.8,,,M,,M
-52.742777777777775,47.62222222222222,ST JOHN'S A,8403506,8403506.2007.4.2,2007-04-02 00:00:00,NL,2007,4,2,-3.6,,-5.8,,-1.4,,0,T,0,,0,T,15,,31,E,46,E,0,,21.6,,,M,,M
-52.742777777777775,47.62222222222222,ST JOHN'S A,8403506,8403506.2007.4.3,2007-04-03 00:00:00,NL,2007,4,3,-2.8,,-5.9,,0.3,,5.6,,3.2,,2.4,,15,,1,E,54,E,0,,20.8,,,M,,M
-52.742777777777775,47.62222222222222,ST JOHN'S A,8403506,8403506.2007.4.4,2007-04-04 00:00:00,NL,2007,4,4,0.8,,0.1,,1.4,,4.6,,4.6,,0,,14,,2,E,33,E,0,,17.2,,,M,,M
-52.742777777777775,47.62222222222222,ST JOHN'S A,8403506,8403506.2007.4.5,2007-04-05 00:00:00,NL,2007,4,5,-0.8,,-1.3,,-0.2,,0.4,,0.4,,0,,10,,2,E,44,E,0,,18.8,,,M,,M
-52.742777777777775,47.62222222222222,ST JOHN'S A,8403506,8403506.2007.4.6,2007-04-06 00:00:00,NL,2007,4,6,2.2,,-1.1,,5.5,,2,,2,,0,,9,,0,,0,,0,,15.8,,,M,,M
-52.742777777777775,47.62222222222222,ST JOHN'S A,8403506,8403506.2007.4.7,2007-04-07 00:00:00,NL,2007,4,7,3.3,,-1.1,,7.6,,5.2,,5.2,,0,T,5,,13,E,39,E,0,,14.7,,,M,,M
-52.742777777777775,47.62222222222222,ST JOHN'S A,8403506,8403506.2007.4.8,2007-04-08 00:00:00,NL,2007,4,8,3.1,,-0.6,,6.8,,6.2,,6.2,,0,,3,,32,E,74,E,0,,14.9,,,M,,M
-52.742777777777775,47.62222222222222,ST JOHN'S A,8403506,8403506.2007.4.9,2007-04-09 00:00:00,NL,2007,4,9,1.2,,-1.6,,4,,0.4,,0,,0.4,,3,,22,E,67,E,0,,16.8,,,M,,M
-52.742777777777775,47.62222222222222,ST JOHN'S A,8403506,8403506.2007.4.10,2007-04-10 00:00:00,NL,2007,4,10,-0.9,,-3.5,,1.8,,0.5,,0,,0.5,,3,,26,E,63,E,0,,18.9,,,M,,M
-52.742777777777775,47.62222222222222,ST JOHN'S A,8403506,8403506.2007.4.11,2007-04-11 00:00:00,NL,2007,4,11,-0.7,,-4.8,,3.4,,0,,0,,0,,3,,0,,0,,0,,18.7,,,M,,M
-52.742777777777775,47.62222222222222,ST JOHN'S A,8403506,8403506.2007.4.12,2007-04-12 00:00:00,NL,2007,4,12,-1.1,,-6.1,,4,,0,,0,,0,,2,,0,,0,,0,,19.1,,,M,,M
-52.742777777777775,47.62222222222222,ST JOHN'S A,8403506,8403506.2007.4.13,2007-04-13 00:00:00,NL,2007,4,13,-1.4,,-5,,2.2,,0,,0,,0,,2,,0,,0,,0,,19.4,,,M,,M
-52.742777777777775,47.62222222222222,ST JOHN'S A,8403506,8403506.2007.4.14,2007-04-14 00:00:00,NL,2007,4,14,-1.7,,-2.5,,-0.8,,0,T,0,,0,T,1,,2,E,48,E,0,,19.7,,,M,,M
-52.742777777777775,47.62222222222222,ST JOHN'S A,8403506,8403506.2007.4.15,2007-04-15 00:00:00,NL,2007,4,15,0.7,,-1.8,,3.1,,0,,0,,0,,0,T,1,E,63,E,0,,17.3,,,M,,M
-52.742777777777775,47.62222222222222,ST JOHN'S A,8403506,8403506.2007.4.16,2007-04-16 00:00:00,NL,2007,4,16,0.7,,-0.4,,1.7,,3.2,,3.2,,0,,0,T,2,E,61,E,0,,17.3,,,M,,M
-52.742777777777775,47.62222222222222,ST JOHN'S A,8403506,8403506.2007.4.17,2007-04-17 00:00:00,NL,2007,4,17,0.7,,-0.4,,1.7,,2.4,,2.4,,0,,0,T,3,E,44,E,0,,17.3,,,M,,M
-52.742777777777775,47.62222222222222,ST JOHN'S A,8403506,8403506.2007.4.18,2007-04-18 00:00:00,NL,2007,4,18,0.4,,-0.3,,1.1,,8.2,,8.2,,0,,0,T,,M,,M,0,,17.6,,,M,,M
-52.742777777777775,47.62222222222222,ST JOHN'S A,8403506,8403506.2007.4.19,2007-04-19 00:00:00,NL,2007,4,19,0.3,,-0.4,,1,,5.4,,5.4,,0,,0,T,,M,,M,0,,17.7,,,M,,M
-52.742777777777775,47.62222222222222,ST JOHN'S A,8403506,8403506.2007.4.20,2007-04-20 00:00:00,NL,2007,4,20,-1.9,,-3.9,,0.2,,0,T,0,T,0,,0,T,,M,,M,0,,19.9,,,M,,M
-52.742777777777775,47.62222222222222,ST JOHN'S A,8403506,8403506.2007.4.21,2007-04-21 00:00:00,NL,2007,4,21,-1.9,,-4.7,,0.9,,0,T,0,,0,T,0,T,,M,,M,0,,19.9,,,M,,M
-52.742777777777775,47.62222222222222,ST JOHN'S A,8403506,8403506.2007.4.22,2007-04-22 00:00:00,NL,2007,4,22,0.5,,-3.6,,4.5,,0,,0,,0,,0,T,,M,,M,0,,17.5,,,M,,M
-52.742777777777775,47.62222222222222,ST JOHN'S A,8403506,8403506.2007.4.23,2007-04-23 00:00:00,NL,2007,4,23,0.1,,-3.5,,3.6,,1.2,,0.4,,0.8,,0,T,25,E,67,E,0,,17.9,,,M,,M
-52.742777777777775,47.62222222222222,ST JOHN'S A,8403506,8403506.2007.4.24,2007-04-24 00:00:00,NL,2007,4,24,7.9,,0.8,,15,,0,,0,,0,,0,T,24,E,80,E,0,,10.1,,,M,,M
-52.742777777777775,47.62222222222222,ST JOHN'S A,8403506,8403506.2007.4.25,2007-04-25 00:00:00,NL,2007,4,25,1.9,,-3.9,,7.7,,0,,0,,0,,0,T,27,E,48,E,0,,16.1,,,M,,M
-52.742777777777775,47.62222222222222,ST JOHN'S A,8403506,8403506.2007.4.26,2007-04-26 00:00:00,NL,2007,4,26,2.3,,-3.6,,8.1,,0,T,0,,0,T,0,T,27,E,56,E,0,,15.7,,,M,,M
-52.742777777777775,47.62222222222222,ST JOHN'S A,8403506,8403506.2007.4.27,2007-04-27 00:00:00,NL,2007,4,27,2.5,,-4.2,,9.1,,0,,0,,0,,0,T,27,E,48,E,0,,15.5,,,M,,M
-52.742777777777775,47.62222222222222,ST JOHN'S A,8403506,8403506.2007.4.28,2007-04-28 00:00:00,NL,2007,4,28,1.7,,-3.5,,6.9,,7.8,,4.4,,3.4,,0,T,14,E,43,E,0,,16.3,,,M,,M
-52.742777777777775,47.62222222222222,ST JOHN'S A,8403506,8403506.2007.4.29,2007-04-29 00:00:00,NL,2007,4,29,0.8,,-0.3,,1.8,,0.4,,0.4,,0,,0,T,,M,,M,0,,17.2,,,M,,M
-52.742777777777775,47.62222222222222,ST JOHN'S A,8403506,8403506.2007.4.30,2007-04-30 00:00:00,NL,2007,4,30,1.4,,0,,2.7,,5.8,,5.8,,0,,0,T,10,E,44,E,0,,16.6,,,M,,M
-52.742777777777775,47.62222222222222,ST JOHN'S A,8403506,8403506.2007.5.1,2007-05-01 00:00:00,NL,2007,5,1,3.2,,0.3,,6.1,,9,,9,,0,,0,T,0,,0,,0,,14.8,,,M,,M
-52.742777777777775,47.62222222222222,ST JOHN'S A,8403506,8403506.2007.5.2,2007-05-02 00:00:00,NL,2007,5,2,4.4,,0.5,,8.2,,2.8,,2.8,,0,,0,T,,M,,M,0,,13.6,,,M,,M
-52.742777777777775,47.62222222222222,ST JOHN'S A,8403506,8403506.2007.5.3,2007-05-03 00:00:00,NL,2007,5,3,4.8,,1.3,,8.2,,1,,1,,0,,0,T,25,E,56,E,0,,13.2,,,M,,M
-52.742777777777775,47.62222222222222,ST JOHN'S A,8403506,8403506.2007.5.4,2007-05-04 00:00:00,NL,2007,5,4,4.1,,1.1,,7,,0.6,,0.6,,0,,0,T,26,E,56,E,0,,13.9,,,M,,M
-52.742777777777775,47.62222222222222,ST JOHN'S A,8403506,8403506.2007.5.5,2007-05-05 00:00:00,NL,2007,5,5,2.7,,-0.1,,5.5,,0.2,,0.2,,0,,0,,0,,0,,0,,15.3,,,M,,M
-52.742777777777775,47.62222222222222,ST JOHN'S A,8403506,8403506.2007.5.6,2007-05-06 00:00:00,NL,2007,5,6,2.1,,-0.2,,4.4,,0,T,0,T,0,T,0,,32,E,37,E,0,,15.9,,,M,,M
-52.742777777777775,47.62222222222222,ST JOHN'S A,8403506,8403506.2007.5.7,2007-05-07 00:00:00,NL,2007,5,7,4.7,,-2.2,,11.5,,0,T,0,T,0,T,0,,26,E,48,E,0,,13.3,,,M,,M
-52.742777777777775,47.62222222222222,ST JOHN'S A,8403506,8403506.2007.5.8,2007-05-08 00:00:00,NL,2007,5,8,3.4,,-2.3,,9.1,,2.2,,2.2,,0,,0,,0,,0,,0,,14.6,,,M,,M
-52.742777777777775,47.62222222222222,ST JOHN'S A,8403506,8403506.2007.5.9,2007-05-09 00:00:00,NL,2007,5,9,12.5,,5.5,,19.4,,0,,0,,0,,0,,27,E,56,E,0,,5.5,,,M,,M
-52.742777777777775,47.62222222222222,ST JOHN'S A,8403506,8403506.2007.5.10,2007-05-10 00:00:00,NL,2007,5,10,6.1,,-1.2,,13.4,,2.2,,2.2,,0,,0,,25,E,37,E,0,,11.9,,,M,,M
-52.742777777777775,47.62222222222222,ST JOHN'S A,8403506,8403506.2007.5.11,2007-05-11 00:00:00,NL,2007,5,11,8.2,,-0.1,,16.5,,0,,0,,0,,0,,22,E,43,E,0,,9.8,,,M,,M
-52.742777777777775,47.62222222222222,ST JOHN'S A,8403506,8403506.2007.5.12,2007-05-12 00:00:00,NL,2007,5,12,9.4,,-0.8,,19.5,,3.8,,3.8,,0,,0,,24,E,63,E,0,,8.6,,,M,,M
-52.742777777777775,47.62222222222222,ST JOHN'S A,8403506,8403506.2007.5.13,2007-05-13 00:00:00,NL,2007,5,13,0.7,,-1.6,,3,,0,,0,,0,,0,,3,,33,,0,,17.3,,,M,,M
-52.742777777777775,47.62222222222222,ST JOHN'S A,8403506,8403506.2007.5.14,2007-05-14 00:00:00,NL,2007,5,14,-0.3,,-2.5,,1.9,,0,,0,,0,,0,,0,,0,,0,,18.3,,,M,,M
-52.742777777777775,47.62222222222222,ST JOHN'S A,8403506,8403506.2007.5.15,2007-05-15 00:00:00,NL,2007,5,15,4.1,,-2.2,,10.3,,0,T,0,T,0,,0,,23,E,41,E,0,,13.9,,,M,,M
-52.742777777777775,47.62222222222222,ST JOHN'S A,8403506,8403506.2007.5.16,2007-05-16 00:00:00,NL,2007,5,16,4.4,,-3.1,,11.8,,0.2,,0.2,,0,,0,,29,E,48,E,0,,13.6,,,M,,M
-52.742777777777775,47.62222222222222,ST JOHN'S A,8403506,8403506.2007.5.17,2007-05-17 00:00:00,NL,2007,5,17,1.9,,-2.8,,6.5,,11.2,,11.2,,0,,0,,14,E,41,E,0,,16.1,,,M,,M
-52.742777777777775,47.62222222222222,ST JOHN'S A,8403506,8403506.2007.5.18,2007-05-18 00:00:00,NL,2007,5,18,2.3,,0.1,,4.4,,0.4,,0.4,,0,,0,,0,,0,,0,,15.7,,,M,,M
-52.742777777777775,47.62222222222222,ST JOHN'S A,8403506,8403506.2007.5.19,2007-05-19 00:00:00,NL,2007,5,19,11.5,,3.1,,19.9,,0,T,0,T,0,,0,,25,E,33,E,0,,6.5,,,M,,M
-52.742777777777775,47.62222222222222,ST JOHN'S A,8403506,8403506.2007.5.20,2007-05-20 00:00:00,NL,2007,5,20,16.5,,11.2,,21.7,,1.2,,1.2,,0,,0,,18,E,69,E,0,,1.5,,,M,,M
-52.742777777777775,47.62222222222222,ST JOHN'S A,8403506,8403506.2007.5.21,2007-05-21 00:00:00,NL,2007,5,21,13.1,,6.3,,19.9,,0.2,,0.2,,0,,0,,24,E,44,E,0,,4.9,,,M,,M
-52.742777777777775,47.62222222222222,ST JOHN'S A,8403506,8403506.2007.5.22,2007-05-22 00:00:00,NL,2007,5,22,5.2,,0.2,,10.1,,1.4,,1.4,,0,,0,,2,E,41,E,0,,12.8,,,M,,M
-52.742777777777775,47.62222222222222,ST JOHN'S A,8403506,8403506.2007.5.23,2007-05-23 00:00:00,NL,2007,5,23,2.2,,-0.1,,4.4,,0.4,,0.4,,0,T,0,,3,E,37,E,0,,15.8,,,M,,M
-52.742777777777775,47.62222222222222,ST JOHN'S A,8403506,8403506.2007.5.24,2007-05-24 00:00:00,NL,2007,5,24,4.2,,-0.2,,8.6,,0,,0,,0,,0,,0,,0,,0,,13.8,,,M,,M
-52.742777777777775,47.62222222222222,ST JOHN'S A,8403506,8403506.2007.5.25,2007-05-25 00:00:00,NL,2007,5,25,7.2,,2.4,,12,,11.4,,11.4,,0,,0,,0,,0,,0,,10.8,,,M,,M
-52.742777777777775,47.62222222222222,ST JOHN'S A,8403506,8403506.2007.5.26,2007-05-26 00:00:00,NL,2007,5,26,5.8,,2.4,,9.2,,8,,8,,0,,0,,15,E,37,E,0,,12.2,,,M,,M
-52.742777777777775,47.62222222222222,ST JOHN'S A,8403506,8403506.2007.5.27,2007-05-27 00:00:00,NL,2007,5,27,4.8,,0.5,,9,,0,T,0,T,0,,0,,27,E,41,E,0,,13.2,,,M,,M
-52.742777777777775,47.62222222222222,ST JOHN'S A,8403506,8403506.2007.5.28,2007-05-28 00:00:00,NL,2007,5,28,6.5,,-0.4,,13.3,,0,T,0,T,0,,0,,0,,0,,0,,11.5,,,M,,M
-52.742777777777775,47.62222222222222,ST JOHN'S A,8403506,8403506.2007.5.29,2007-05-29 00:00:00,NL,2007,5,29,3.7,,2.3,,5.1,,8.4,,8.4,,0,,0,,15,E,37,E,0,,14.3,,,M,,M
-52.742777777777775,47.62222222222222,ST JOHN'S A,8403506,8403506.2007.5.30,2007-05-30 00:00:00,NL,2007,5,30,2.2,,0.9,,3.5,,1.8,,1.8,,0,,0,,5,E,56,E,0,,15.8,,,M,,M
-52.742777777777775,47.62222222222222,ST JOHN'S A,8403506,8403506.2007.5.31,2007-05-31 00:00:00,NL,2007,5,31,2.7,,-0.2,,5.5,,0,T,0,T,0,T,0,,33,E,43,E,0,,15.3,,,M,,M
-52.742777777777775,47.62222222222222,ST JOHN'S A,8403506,8403506.2007.6.1,2007-06-01 00:00:00,NL,2007,6,1,6.1,,0.5,,11.7,,9.2,,9.2,,0,,0,,22,E,59,E,0,,11.9,,,M,,M
-52.742777777777775,47.62222222222222,ST JOHN'S A,8403506,8403506.2007.6.2,2007-06-02 00:00:00,NL,2007,6,2,5,,0,,9.9,,0.6,,0.6,,0,,0,,31,E,74,E,0,,13,,,M,,M
-52.742777777777775,47.62222222222222,ST JOHN'S A,8403506,8403506.2007.6.3,2007-06-03 00:00:00,NL,2007,6,3,4.5,,-0.7,,9.6,,0,,0,,0,,0,,0,,0,,0,,13.5,,,M,,M
-52.742777777777775,47.62222222222222,ST JOHN'S A,8403506,8403506.2007.6.4,2007-06-04 00:00:00,NL,2007,6,4,7.5,,0.1,,14.9,,0,,0,,0,,0,,0,,0,,0,,10.5,,,M,,M
-52.742777777777775,47.62222222222222,ST JOHN'S A,8403506,8403506.2007.6.5,2007-06-05 00:00:00,NL,2007,6,5,7.5,,3,,11.9,,2,,2,,0,,0,,18,E,46,E,0,,10.5,,,M,,M
-52.742777777777775,47.62222222222222,ST JOHN'S A,8403506,8403506.2007.6.6,2007-06-06 00:00:00,NL,2007,6,6,18.6,,11.9,,25.2,,1.2,,1.2,,0,,0,,26,E,35,E,0.6,,0,,,M,,M
-52.742777777777775,47.62222222222222,ST JOHN'S A,8403506,8403506.2007.6.7,2007-06-07 00:00:00,NL,2007,6,7,18.6,,11.3,,25.9,,0,T,0,T,0,,0,,18,E,46,E,0.6,,0,,,M,,M
-52.742777777777775,47.62222222222222,ST JOHN'S A,8403506,8403506.2007.6.8,2007-06-08 00:00:00,NL,2007,6,8,16.9,,9.5,,24.3,,0,,0,,0,,0,,18,E,48,E,0,,1.1,,,M,,M
-52.742777777777775,47.62222222222222,ST JOHN'S A,8403506,8403506.2007.6.9,2007-06-09 00:00:00,NL,2007,6,9,17,,9,,24.9,,0,,0,,0,,0,,20,E,33,E,0,,1,,,M,,M
-52.742777777777775,47.62222222222222,ST JOHN'S A,8403506,8403506.2007.6.10,2007-06-10 00:00:00,NL,2007,6,10,19.7,,14.1,,25.2,,0,T,0,T,0,,0,,28,E,37,E,1.7,,0,,,M,,M
-52.742777777777775,47.62222222222222,ST JOHN'S A,8403506,8403506.2007.6.11,2007-06-11 00:00:00,NL,2007,6,11,10.4,,5,,15.7,,0.4,,0.4,,0,,0,,0,,0,,0,,7.6,,,M,,M
-52.742777777777775,47.62222222222222,ST JOHN'S A,8403506,8403506.2007.6.12,2007-06-12 00:00:00,NL,2007,6,12,6,,4.8,,7.2,,1,,1,,0,,0,,4,E,37,E,0,,12,,,M,,M
-52.742777777777775,47.62222222222222,ST JOHN'S A,8403506,8403506.2007.6.13,2007-06-13 00:00:00,NL,2007,6,13,5.1,,3.7,,6.5,,1,,1,,0,,0,,0,,0,,0,,12.9,,,M,,M
-52.742777777777775,47.62222222222222,ST JOHN'S A,8403506,8403506.2007.6.14,2007-06-14 00:00:00,NL,2007,6,14,7.4,,3.3,,11.4,,0,T,0,T,0,,0,,26,E,39,E,0,,10.6,,,M,,M
-52.742777777777775,47.62222222222222,ST JOHN'S A,8403506,8403506.2007.6.15,2007-06-15 00:00:00,NL,2007,6,15,14.3,,5.7,,22.8,,0,,0,,0,,0,,26,E,57,E,0,,3.7,,,M,,M
-52.742777777777775,47.62222222222222,ST JOHN'S A,8403506,8403506.2007.6.16,2007-06-16 00:00:00,NL,2007,6,16,16.3,,6.9,,25.7,,0,,0,,0,,0,,27,E,44,E,0,,1.7,,,M,,M
-52.742777777777775,47.62222222222222,ST JOHN'S A,8403506,8403506.2007.6.17,2007-06-17 00:00:00,NL,2007,6,17,19.1,,13,,25.1,,0,T,0,T,0,,0,,27,E,43,E,1.1,,0,,,M,,M
-52.742777777777775,47.62222222222222,ST JOHN'S A,8403506,8403506.2007.6.18,2007-06-18 00:00:00,NL,2007,6,18,13.5,,7.6,,19.3,,6.4,,6.4,,0,,0,,6,E,37,E,0,,4.5,,,M,,M
-52.742777777777775,47.62222222222222,ST JOHN'S A,8403506,8403506.2007.6.19,2007-06-19 00:00:00,NL,2007,6,19,7.5,,5.4,,9.5,,13.6,,13.6,,0,,0,,6,E,44,E,0,,10.5,,,M,,M
-52.742777777777775,47.62222222222222,ST JOHN'S A,8403506,8403506.2007.6.20,2007-06-20 00:00:00,NL,2007,6,20,7,,5.4,,8.6,,7.2,,7.2,,0,,0,,2,E,33,E,0,,11,,,M,,M
-52.742777777777775,47.62222222222222,ST JOHN'S A,8403506,8403506.2007.6.21,2007-06-21 00:00:00,NL,2007,6,21,9.9,,6.7,,13.1,,1,,1,,0,,0,,0,,0,,0,,8.1,,,M,,M
-52.742777777777775,47.62222222222222,ST JOHN'S A,8403506,8403506.2007.6.22,2007-06-22 00:00:00,NL,2007,6,22,12.8,,8.9,,16.7,,0,,0,,0,,0,,0,,0,,0,,5.2,,,M,,M
-52.742777777777775,47.62222222222222,ST JOHN'S A,8403506,8403506.2007.6.23,2007-06-23 00:00:00,NL,2007,6,23,12.1,,8.8,,15.4,,12.2,,12.2,,0,,0,,15,E,41,E,0,,5.9,,,M,,M
-52.742777777777775,47.62222222222222,ST JOHN'S A,8403506,8403506.2007.6.24,2007-06-24 00:00:00,NL,2007,6,24,13.9,,8.5,,19.2,,0.6,,0.6,,0,,0,,23,E,46,E,0,,4.1,,,M,,M
-52.742777777777775,47.62222222222222,ST JOHN'S A,8403506,8403506.2007.6.25,2007-06-25 00:00:00,NL,2007,6,25,15.7,,9.7,,21.7,,0,T,0,T,0,,0,,21,E,46,E,0,,2.3,,,M,,M
-52.742777777777775,47.62222222222222,ST JOHN'S A,8403506,8403506.2007.6.26,2007-06-26 00:00:00,NL,2007,6,26,16.5,,9.9,,23.1,,0,,0,,0,,0,,26,E,46,E,0,,1.5,,,M,,M
-52.742777777777775,47.62222222222222,ST JOHN'S A,8403506,8403506.2007.6.27,2007-06-27 00:00:00,NL,2007,6,27,13.6,,9.9,,17.3,,0.2,,0.2,,0,,0,,26,E,56,E,0,,4.4,,,M,,M
-52.742777777777775,47.62222222222222,ST JOHN'S A,8403506,8403506.2007.6.28,2007-06-28 00:00:00,NL,2007,6,28,9.9,,7.3,,12.5,,1.8,,1.8,,0,,0,,33,E,35,E,0,,8.1,,,M,,M
-52.742777777777775,47.62222222222222,ST JOHN'S A,8403506,8403506.2007.6.29,2007-06-29 00:00:00,NL,2007,6,29,7.7,,6.6,,8.8,,3,,3,,0,,0,,0,,0,,0,,10.3,,,M,,M
-52.742777777777775,47.62222222222222,ST JOHN'S A,8403506,8403506.2007.6.30,2007-06-30 00:00:00,NL,2007,6,30,14.1,,8.6,,19.5,,0,T,0,T,0,,0,,26,E,37,E,0,,3.9,,,M,,M
-52.742777777777775,47.62222222222222,ST JOHN'S A,8403506,8403506.2007.7.1,2007-07-01 00:00:00,NL,2007,7,1,12.6,,8.5,,16.7,,0,,0,,0,,0,,26,E,33,E,0,,5.4,,,M,,M
-52.742777777777775,47.62222222222222,ST JOHN'S A,8403506,8403506.2007.7.2,2007-07-02 00:00:00,NL,2007,7,2,11,,7.8,,14.2,,0,,0,,0,,0,,0,,0,,0,,7,,,M,,M
-52.742777777777775,47.62222222222222,ST JOHN'S A,8403506,8403506.2007.7.3,2007-07-03 00:00:00,NL,2007,7,3,10.7,,7.7,,13.7,,0,T,0,T,0,,0,,0,,0,,0,,7.3,,,M,,M
-52.742777777777775,47.62222222222222,ST JOHN'S A,8403506,8403506.2007.7.4,2007-07-04 00:00:00,NL,2007,7,4,14.7,,7.8,,21.5,,0,,0,,0,,0,,26,E,37,E,0,,3.3,,,M,,M
-52.742777777777775,47.62222222222222,ST JOHN'S A,8403506,8403506.2007.7.5,2007-07-05 00:00:00,NL,2007,7,5,15.7,,9.3,,22,,0,,0,,0,,0,,26,E,41,E,0,,2.3,,,M,,M
-52.742777777777775,47.62222222222222,ST JOHN'S A,8403506,8403506.2007.7.6,2007-07-06 00:00:00,NL,2007,7,6,14.4,,12,,16.7,,30,,30,,0,,0,,18,E,50,E,0,,3.6,,,M,,M
-52.742777777777775,47.62222222222222,ST JOHN'S A,8403506,8403506.2007.7.7,2007-07-07 00:00:00,NL,2007,7,7,15.1,,12.4,,17.8,,10.6,,10.6,,0,,0,,23,E,56,E,0,,2.9,,,M,,M
-52.742777777777775,47.62222222222222,ST JOHN'S A,8403506,8403506.2007.7.8,2007-07-08 00:00:00,NL,2007,7,8,13.7,,7.8,,19.6,,2.2,,2.2,,0,,0,,26,E,46,E,0,,4.3,,,M,,M
-52.742777777777775,47.62222222222222,ST JOHN'S A,8403506,8403506.2007.7.9,2007-07-09 00:00:00,NL,2007,7,9,8.9,,6.9,,10.9,,14.4,,14.4,,0,,0,,34,E,33,E,0,,9.1,,,M,,M
-52.742777777777775,47.62222222222222,ST JOHN'S A,8403506,8403506.2007.7.10,2007-07-10 00:00:00,NL,2007,7,10,12.4,,5.7,,19.1,,0,T,0,T,0,,0,,28,E,46,E,0,,5.6,,,M,,M
-52.742777777777775,47.62222222222222,ST JOHN'S A,8403506,8403506.2007.7.11,2007-07-11 00:00:00,NL,2007,7,11,15.5,,10.3,,20.7,,0,,0,,0,,0,,0,,0,,0,,2.5,,,M,,M
-52.742777777777775,47.62222222222222,ST JOHN'S A,8403506,8403506.2007.7.12,2007-07-12 00:00:00,NL,2007,7,12,17.7,,11.2,,24.2,,0,,0,,0,,0,,0,,0,,0,,0.3,,,M,,M
-52.742777777777775,47.62222222222222,ST JOHN'S A,8403506,8403506.2007.7.13,2007-07-13 00:00:00,NL,2007,7,13,20.5,,15.2,,25.7,,0,T,0,T,0,,0,,26,E,37,E,2.5,,0,,,M,,M
-52.742777777777775,47.62222222222222,ST JOHN'S A,8403506,8403506.2007.7.14,2007-07-14 00:00:00,NL,2007,7,14,20.3,,14.8,,25.7,,0,T,0,T,0,,0,,26,E,33,E,2.3,,0,,,M,,M
-52.742777777777775,47.62222222222222,ST JOHN'S A,8403506,8403506.2007.7.15,2007-07-15 00:00:00,NL,2007,7,15,19.6,,13.5,,25.6,,0,,0,,0,,0,,26,E,37,E,1.6,,0,,,M,,M
-52.742777777777775,47.62222222222222,ST JOHN'S A,8403506,8403506.2007.7.16,2007-07-16 00:00:00,NL,2007,7,16,18.6,,14.8,,22.4,,2.4,,2.4,,0,,0,,21,E,39,E,0.6,,0,,,M,,M
-52.742777777777775,47.62222222222222,ST JOHN'S A,8403506,8403506.2007.7.17,2007-07-17 00:00:00,NL,2007,7,17,17.4,,14.6,,20.2,,3,,3,,0,,0,,26,E,37,E,0,,0.6,,,M,,M
-52.742777777777775,47.62222222222222,ST JOHN'S A,8403506,8403506.2007.7.18,2007-07-18 00:00:00,NL,2007,7,18,20.2,,13.8,,26.5,,0,,0,,0,,0,,26,E,32,E,2.2,,0,,,M,,M
-52.742777777777775,47.62222222222222,ST JOHN'S A,8403506,8403506.2007.7.19,2007-07-19 00:00:00,NL,2007,7,19,18,,14.5,,21.5,,14.2,,14.2,,0,,0,,23,E,65,E,0,,0,,,M,,M
-52.742777777777775,47.62222222222222,ST JOHN'S A,8403506,8403506.2007.7.20,2007-07-20 00:00:00,NL,2007,7,20,19.9,,17.3,,22.5,,2,,2,,0,,0,,22,E,56,E,1.9,,0,,,M,,M
-52.742777777777775,47.62222222222222,ST JOHN'S A,8403506,8403506.2007.7.21,2007-07-21 00:00:00,NL,2007,7,21,22.4,,20,,24.7,,0,,0,,0,,0,,24,E,65,E,4.4,,0,,,M,,M
-52.742777777777775,47.62222222222222,ST JOHN'S A,8403506,8403506.2007.7.22,2007-07-22 00:00:00,NL,2007,7,22,18.4,,13.8,,23,,13.2,,13.2,,0,,0,,24,E,59,E,0.4,,0,,,M,,M
-52.742777777777775,47.62222222222222,ST JOHN'S A,8403506,8403506.2007.7.23,2007-07-23 00:00:00,NL,2007,7,23,19.1,,13,,25.2,,0,,0,,0,,0,,26,E,44,E,1.1,,0,,,M,,M
-52.742777777777775,47.62222222222222,ST JOHN'S A,8403506,8403506.2007.7.24,2007-07-24 00:00:00,NL,2007,7,24,19.6,,14.6,,24.6,,1.6,,1.6,,0,,0,,26,E,52,E,1.6,,0,,,M,,M
-52.742777777777775,47.62222222222222,ST JOHN'S A,8403506,8403506.2007.7.25,2007-07-25 00:00:00,NL,2007,7,25,21.6,,15.5,,27.6,,0,,0,,0,,0,,27,E,37,E,3.6,,0,,,M,,M
-52.742777777777775,47.62222222222222,ST JOHN'S A,8403506,8403506.2007.7.26,2007-07-26 00:00:00,NL,2007,7,26,16.3,,11.5,,21,,1.6,,1.6,,0,,0,,26,E,46,E,0,,1.7,,,M,,M
-52.742777777777775,47.62222222222222,ST JOHN'S A,8403506,8403506.2007.7.27,2007-07-27 00:00:00,NL,2007,7,27,14.2,,11,,17.4,,0,T,0,T,0,,0,,0,,0,,0,,3.8,,,M,,M
-52.742777777777775,47.62222222222222,ST JOHN'S A,8403506,8403506.2007.7.28,2007-07-28 00:00:00,NL,2007,7,28,21.5,,13.4,,29.6,,0,,0,,0,,0,,25,E,37,E,3.5,,0,,,M,,M
-52.742777777777775,47.62222222222222,ST JOHN'S A,8403506,8403506.2007.7.29,2007-07-29 00:00:00,NL,2007,7,29,23.1,,18.5,,27.7,,0,,0,,0,,0,,25,E,43,E,5.1,,0,,,M,,M
-52.742777777777775,47.62222222222222,ST JOHN'S A,8403506,8403506.2007.7.30,2007-07-30 00:00:00,NL,2007,7,30,21.2,,18,,24.4,,0,,0,,0,,0,,25,E,32,E,3.2,,0,,,M,,M
-52.742777777777775,47.62222222222222,ST JOHN'S A,8403506,8403506.2007.7.31,2007-07-31 00:00:00,NL,2007,7,31,22.2,,18,,26.4,,18.8,,18.8,,0,,0,,21,E,59,E,4.2,,0,,,M,,M
-52.742777777777775,47.62222222222222,ST JOHN'S A,8403506,8403506.2007.8.1,2007-08-01 00:00:00,NL,2007,8,1,15.6,,11.5,,19.7,,77.8,,77.8,,0,,0,,30,E,44,E,0,,2.4,,,M,,M
-52.742777777777775,47.62222222222222,ST JOHN'S A,8403506,8403506.2007.8.2,2007-08-02 00:00:00,NL,2007,8,2,12.7,,10.2,,15.2,,0,T,0,T,0,,0,,0,,0,,0,,5.3,,,M,,M
-52.742777777777775,47.62222222222222,ST JOHN'S A,8403506,8403506.2007.8.3,2007-08-03 00:00:00,NL,2007,8,3,12.4,,10,,14.8,,0,,0,,0,,0,,0,,0,,0,,5.6,,,M,,M
-52.742777777777775,47.62222222222222,ST JOHN'S A,8403506,8403506.2007.8.4,2007-08-04 00:00:00,NL,2007,8,4,15.7,,11.4,,19.9,,0,,0,,0,,0,,0,,0,,0,,2.3,,,M,,M
-52.742777777777775,47.62222222222222,ST JOHN'S A,8403506,8403506.2007.8.5,2007-08-05 00:00:00,NL,2007,8,5,17,,11.7,,22.3,,2.6,,2.6,,0,,0,,15,E,32,E,0,,1,,,M,,M
-52.742777777777775,47.62222222222222,ST JOHN'S A,8403506,8403506.2007.8.6,2007-08-06 00:00:00,NL,2007,8,6,19,,14,,24,,0,,0,,0,,0,,27,E,41,E,1,,0,,,M,,M
-52.742777777777775,47.62222222222222,ST JOHN'S A,8403506,8403506.2007.8.7,2007-08-07 00:00:00,NL,2007,8,7,19,,12.9,,25,,1.4,,1.4,,0,,0,,25,E,32,E,1,,0,,,M,,M
-52.742777777777775,47.62222222222222,ST JOHN'S A,8403506,8403506.2007.8.8,2007-08-08 00:00:00,NL,2007,8,8,20.5,,16.9,,24,,27.5,,27.5,,0,,0,,18,E,33,E,2.5,,0,,,M,,M
-52.742777777777775,47.62222222222222,ST JOHN'S A,8403506,8403506.2007.8.9,2007-08-09 00:00:00,NL,2007,8,9,16.1,,12,,20.1,,12.4,,12.4,,0,,0,,19,,65,,0,,1.9,,,M,,M
-52.742777777777775,47.62222222222222,ST JOHN'S A,8403506,8403506.2007.8.10,2007-08-10 00:00:00,NL,2007,8,10,15.1,,10.9,,19.2,,2,,2,,0,,0,,29,E,52,E,0,,2.9,,,M,,M
-52.742777777777775,47.62222222222222,ST JOHN'S A,8403506,8403506.2007.8.11,2007-08-11 00:00:00,NL,2007,8,11,18.8,,14,,23.5,,0,,0,,0,,0,,25,E,41,E,0.8,,0,,,M,,M
-52.742777777777775,47.62222222222222,ST JOHN'S A,8403506,8403506.2007.8.12,2007-08-12 00:00:00,NL,2007,8,12,16.2,,11,,21.3,,2.6,,2.6,,0,,0,,26,E,32,E,0,,1.8,,,M,,M
-52.742777777777775,47.62222222222222,ST JOHN'S A,8403506,8403506.2007.8.13,2007-08-13 00:00:00,NL,2007,8,13,16.8,,10.6,,22.9,,0,,0,,0,,0,,0,,0,,0,,1.2,,,M,,M
-52.742777777777775,47.62222222222222,ST JOHN'S A,8403506,8403506.2007.8.14,2007-08-14 00:00:00,NL,2007,8,14,15.9,,11.8,,20,,0,,0,,0,,0,,19,E,39,E,0,,2.1,,,M,,M
-52.742777777777775,47.62222222222222,ST JOHN'S A,8403506,8403506.2007.8.15,2007-08-15 00:00:00,NL,2007,8,15,17.5,,13.5,,21.5,,0.8,,0.8,,0,,0,,0,,0,,0,,0.5,,,M,,M
-52.742777777777775,47.62222222222222,ST JOHN'S A,8403506,8403506.2007.8.16,2007-08-16 00:00:00,NL,2007,8,16,19.1,,15.4,,22.8,,0,T,0,T,0,,0,,24,E,46,E,1.1,,0,,,M,,M
-52.742777777777775,47.62222222222222,ST JOHN'S A,8403506,8403506.2007.8.17,2007-08-17 00:00:00,NL,2007,8,17,20.1,,15.4,,24.7,,5.8,,5.8,,0,,0,,23,E,63,E,2.1,,0,,,M,,M
-52.742777777777775,47.62222222222222,ST JOHN'S A,8403506,8403506.2007.8.18,2007-08-18 00:00:00,NL,2007,8,18,19,,17.6,,20.4,,13.6,,13.6,,0,,0,,21,E,52,E,1,,0,,,M,,M
-52.742777777777775,47.62222222222222,ST JOHN'S A,8403506,8403506.2007.8.19,2007-08-19 00:00:00,NL,2007,8,19,16.3,,13.1,,19.5,,0.4,,0.4,,0,,0,,25,E,70,E,0,,1.7,,,M,,M
-52.742777777777775,47.62222222222222,ST JOHN'S A,8403506,8403506.2007.8.20,2007-08-20 00:00:00,NL,2007,8,20,15.5,,11.9,,19,,0,T,0,T,0,,0,,28,E,44,E,0,,2.5,,,M,,M
-52.742777777777775,47.62222222222222,ST JOHN'S A,8403506,8403506.2007.8.21,2007-08-21 00:00:00,NL,2007,8,21,14,,11.6,,16.3,,0.4,,0.4,,0,,0,,0,,0,,0,,4,,,M,,M
-52.742777777777775,47.62222222222222,ST JOHN'S A,8403506,8403506.2007.8.22,2007-08-22 00:00:00,NL,2007,8,22,12.3,,8.9,,15.7,,5,,5,,0,,0,,0,,0,,0,,5.7,,,M,,M
-52.742777777777775,47.62222222222222,ST JOHN'S A,8403506,8403506.2007.8.23,2007-08-23 00:00:00,NL,2007,8,23,13,,9,,17,,0,T,0,T,0,,0,,0,,0,,0,,5,,,M,,M
-52.742777777777775,47.62222222222222,ST JOHN'S A,8403506,8403506.2007.8.24,2007-08-24 00:00:00,NL,2007,8,24,14.7,,9.1,,20.3,,0,,0,,0,,0,,0,,0,,0,,3.3,,,M,,M
-52.742777777777775,47.62222222222222,ST JOHN'S A,8403506,8403506.2007.8.25,2007-08-25 00:00:00,NL,2007,8,25,13.4,,8.1,,18.6,,0,,0,,0,,0,,0,,0,,0,,4.6,,,M,,M
-52.742777777777775,47.62222222222222,ST JOHN'S A,8403506,8403506.2007.8.26,2007-08-26 00:00:00,NL,2007,8,26,13.6,,9.3,,17.8,,0,,0,,0,,0,,0,,0,,0,,4.4,,,M,,M
-52.742777777777775,47.62222222222222,ST JOHN'S A,8403506,8403506.2007.8.27,2007-08-27 00:00:00,NL,2007,8,27,17.9,,12.4,,23.3,,0,T,0,T,0,,0,,0,,0,,0,,0.1,,,M,,M
-52.742777777777775,47.62222222222222,ST JOHN'S A,8403506,8403506.2007.8.28,2007-08-28 00:00:00,NL,2007,8,28,16.2,,11.3,,21.1,,0,T,0,T,0,,0,,0,,0,,0,,1.8,,,M,,M
-52.742777777777775,47.62222222222222,ST JOHN'S A,8403506,8403506.2007.8.29,2007-08-29 00:00:00,NL,2007,8,29,18.6,,13.3,,23.8,,0,,0,,0,,0,,0,,0,,0.6,,0,,,M,,M
-52.742777777777775,47.62222222222222,ST JOHN'S A,8403506,8403506.2007.8.30,2007-08-30 00:00:00,NL,2007,8,30,18.9,,13,,24.7,,0,,0,,0,,0,,,M,,M,0.9,,0,,,M,,M
-52.742777777777775,47.62222222222222,ST JOHN'S A,8403506,8403506.2007.8.31,2007-08-31 00:00:00,NL,2007,8,31,20.7,,15,,26.3,,0,T,0,T,0,,0,,0,,0,,2.7,,0,,,M,,M
-52.742777777777775,47.62222222222222,ST JOHN'S A,8403506,8403506.2007.9.1,2007-09-01 00:00:00,NL,2007,9,1,17.1,,12,,22.1,,6.2,,6.2,,0,,0,,18,E,65,E,0,,0.9,,,M,,M
-52.742777777777775,47.62222222222222,ST JOHN'S A,8403506,8403506.2007.9.2,2007-09-02 00:00:00,NL,2007,9,2,10.2,,6.2,,14.2,,0.6,,0.6,,0,,0,,35,E,52,E,0,,7.8,,,M,,M
-52.742777777777775,47.62222222222222,ST JOHN'S A,8403506,8403506.2007.9.3,2007-09-03 00:00:00,NL,2007,9,3,12.5,,5.5,,19.4,,0,,0,,0,,0,,23,E,35,E,0,,5.5,,,M,,M
-52.742777777777775,47.62222222222222,ST JOHN'S A,8403506,8403506.2007.9.4,2007-09-04 00:00:00,NL,2007,9,4,15.8,,11.8,,19.7,,7,,7,,0,,0,,25,E,56,E,0,,2.2,,,M,,M
-52.742777777777775,47.62222222222222,ST JOHN'S A,8403506,8403506.2007.9.5,2007-09-05 00:00:00,NL,2007,9,5,13.7,,8.9,,18.4,,0,T,0,T,0,,0,,25,E,44,E,0,,4.3,,,M,,M
-52.742777777777775,47.62222222222222,ST JOHN'S A,8403506,8403506.2007.9.6,2007-09-06 00:00:00,NL,2007,9,6,6.9,,2.1,,11.7,,0.5,,0.5,,0,,0,,2,E,35,E,0,,11.1,,,M,,M
-52.742777777777775,47.62222222222222,ST JOHN'S A,8403506,8403506.2007.9.7,2007-09-07 00:00:00,NL,2007,9,7,10.1,,2.4,,17.8,,0,,0,,0,,0,,0,,0,,0,,7.9,,,M,,M
-52.742777777777775,47.62222222222222,ST JOHN'S A,8403506,8403506.2007.9.8,2007-09-08 00:00:00,NL,2007,9,8,13.6,,8.8,,18.3,,0,,0,,0,,0,,0,,0,,0,,4.4,,,M,,M
-52.742777777777775,47.62222222222222,ST JOHN'S A,8403506,8403506.2007.9.9,2007-09-09 00:00:00,NL,2007,9,9,13.9,,9,,18.8,,0.6,,0.6,,0,,0,,0,,0,,0,,4.1,,,M,,M
-52.742777777777775,47.62222222222222,ST JOHN'S A,8403506,8403506.2007.9.10,2007-09-10 00:00:00,NL,2007,9,10,10.8,,9.7,,11.8,,1.6,,1.6,,0,,0,,0,,0,,0,,7.2,,,M,,M
-52.742777777777775,47.62222222222222,ST JOHN'S A,8403506,8403506.2007.9.11,2007-09-11 00:00:00,NL,2007,9,11,10.9,,9.1,,12.6,,0,T,0,T,0,,0,,0,,0,,0,,7.1,,,M,,M
-52.742777777777775,47.62222222222222,ST JOHN'S A,8403506,8403506.2007.9.12,2007-09-12 00:00:00,NL,2007,9,12,15.8,,10.8,,20.7,,4.6,,4.6,,0,,0,,16,E,69,E,0,,2.2,,,M,,M
-52.742777777777775,47.62222222222222,ST JOHN'S A,8403506,8403506.2007.9.13,2007-09-13 00:00:00,NL,2007,9,13,12.5,,6.9,,18.1,,0,,0,,0,,0,,25,E,59,E,0,,5.5,,,M,,M
-52.742777777777775,47.62222222222222,ST JOHN'S A,8403506,8403506.2007.9.14,2007-09-14 00:00:00,NL,2007,9,14,11.3,,6.9,,15.7,,0,,0,,0,,0,,29,E,48,E,0,,6.7,,,M,,M
-52.742777777777775,47.62222222222222,ST JOHN'S A,8403506,8403506.2007.9.15,2007-09-15 00:00:00,NL,2007,9,15,12.1,,6.2,,17.9,,0,,0,,0,,0,,18,E,56,E,0,,5.9,,,M,,M
-52.742777777777775,47.62222222222222,ST JOHN'S A,8403506,8403506.2007.9.16,2007-09-16 00:00:00,NL,2007,9,16,13.6,,8.8,,18.4,,0.6,,0.6,,0,,0,,18,E,69,E,0,,4.4,,,M,,M
-52.742777777777775,47.62222222222222,ST JOHN'S A,8403506,8403506.2007.9.17,2007-09-17 00:00:00,NL,2007,9,17,11.7,,7.3,,16,,0,,0,,0,,0,,0,,0,,0,,6.3,,,M,,M
-52.742777777777775,47.62222222222222,ST JOHN'S A,8403506,8403506.2007.9.18,2007-09-18 00:00:00,NL,2007,9,18,12.6,,6.2,,18.9,,0,,0,,0,,0,,0,,0,,0,,5.4,,,M,,M
-52.742777777777775,47.62222222222222,ST JOHN'S A,8403506,8403506.2007.9.19,2007-09-19 00:00:00,NL,2007,9,19,13.4,,6.6,,20.1,,0,,0,,0,,0,,26,E,33,E,0,,4.6,,,M,,M
-52.742777777777775,47.62222222222222,ST JOHN'S A,8403506,8403506.2007.9.20,2007-09-20 00:00:00,NL,2007,9,20,16.5,,12,,20.9,,0,T,0,T,0,,0,,26,E,57,E,0,,1.5,,,M,,M
-52.742777777777775,47.62222222222222,ST JOHN'S A,8403506,8403506.2007.9.21,2007-09-21 00:00:00,NL,2007,9,21,10.1,,4.5,,15.7,,0,,0,,0,,0,,27,E,44,E,0,,7.9,,,M,,M
-52.742777777777775,47.62222222222222,ST JOHN'S A,8403506,8403506.2007.9.22,2007-09-22 00:00:00,NL,2007,9,22,12.5,,5.8,,19.1,,0,,0,,0,,0,,0,,0,,0,,5.5,,,M,,M
-52.742777777777775,47.62222222222222,ST JOHN'S A,8403506,8403506.2007.9.23,2007-09-23 00:00:00,NL,2007,9,23,13.2,,8.8,,17.5,,2.8,,2.8,,0,,0,,19,E,59,E,0,,4.8,,,M,,M
-52.742777777777775,47.62222222222222,ST JOHN'S A,8403506,8403506.2007.9.24,2007-09-24 00:00:00,NL,2007,9,24,9.7,,5.5,,13.9,,0.6,,0.6,,0,,0,,30,E,39,E,0,,8.3,,,M,,M
-52.742777777777775,47.62222222222222,ST JOHN'S A,8403506,8403506.2007.9.25,2007-09-25 00:00:00,NL,2007,9,25,8.3,,5.2,,11.3,,0,T,0,T,0,,0,,30,E,44,E,0,,9.7,,,M,,M
-52.742777777777775,47.62222222222222,ST JOHN'S A,8403506,8403506.2007.9.26,2007-09-26 00:00:00,NL,2007,9,26,9.1,,6.9,,11.2,,1.2,,1.2,,0,,0,,0,,0,,0,,8.9,,,M,,M
-52.742777777777775,47.62222222222222,ST JOHN'S A,8403506,8403506.2007.9.27,2007-09-27 00:00:00,NL,2007,9,27,10.2,,5.8,,14.5,,5,,5,,0,,0,,35,E,44,E,0,,7.8,,,M,,M
-52.742777777777775,47.62222222222222,ST JOHN'S A,8403506,8403506.2007.9.28,2007-09-28 00:00:00,NL,2007,9,28,11.1,,6,,16.2,,9.6,,9.6,,0,,0,,19,E,61,E,0,,6.9,,,M,,M
-52.742777777777775,47.62222222222222,ST JOHN'S A,8403506,8403506.2007.9.29,2007-09-29 00:00:00,NL,2007,9,29,13.8,,7.9,,19.6,,10.4,,10.4,,0,,0,,24,E,59,E,0,,4.2,,,M,,M
-52.742777777777775,47.62222222222222,ST JOHN'S A,8403506,8403506.2007.9.30,2007-09-30 00:00:00,NL,2007,9,30,6.2,,1.9,,10.4,,2.2,,2.2,,0,,0,,36,E,37,E,0,,11.8,,,M,,M
-52.742777777777775,47.62222222222222,ST JOHN'S A,8403506,8403506.2007.10.1,2007-10-01 00:00:00,NL,2007,10,1,7.4,,1.9,,12.8,,0,,0,,0,,0,,27,E,57,E,0,,10.6,,,M,,M
-52.742777777777775,47.62222222222222,ST JOHN'S A,8403506,8403506.2007.10.2,2007-10-02 00:00:00,NL,2007,10,2,11.8,,7.6,,16,,0,,0,,0,,0,,27,E,57,E,0,,6.2,,,M,,M
-52.742777777777775,47.62222222222222,ST JOHN'S A,8403506,8403506.2007.10.3,2007-10-03 00:00:00,NL,2007,10,3,14.2,,9.2,,19.1,,0,,0,,0,,0,,0,,0,,0,,3.8,,,M,,M
-52.742777777777775,47.62222222222222,ST JOHN'S A,8403506,8403506.2007.10.4,2007-10-04 00:00:00,NL,2007,10,4,14.4,,9.8,,18.9,,0.4,,0.4,,0,,0,,27,E,50,E,0,,3.6,,,M,,M
-52.742777777777775,47.62222222222222,ST JOHN'S A,8403506,8403506.2007.10.5,2007-10-05 00:00:00,NL,2007,10,5,13,,9.9,,16.1,,0,,0,,0,,0,,29,E,59,E,0,,5,,,M,,M
-52.742777777777775,47.62222222222222,ST JOHN'S A,8403506,8403506.2007.10.6,2007-10-06 00:00:00,NL,2007,10,6,8.8,,4.7,,12.9,,0.8,,0.8,,0,,0,,,M,,M,0,,9.2,,,M,,M
-52.742777777777775,47.62222222222222,ST JOHN'S A,8403506,8403506.2007.10.7,2007-10-07 00:00:00,NL,2007,10,7,6.9,,3.8,,9.9,,0.4,,0.4,,0,,0,,30,E,41,E,0,,11.1,,,M,,M
-52.742777777777775,47.62222222222222,ST JOHN'S A,8403506,8403506.2007.10.8,2007-10-08 00:00:00,NL,2007,10,8,6,,3.8,,8.1,,24.8,,24.8,,0,,0,,31,E,57,E,0,,12,,,M,,M
-52.742777777777775,47.62222222222222,ST JOHN'S A,8403506,8403506.2007.10.9,2007-10-09 00:00:00,NL,2007,10,9,5.8,,4.5,,7,,3,,3,,0,,0,,34,E,57,E,0,,12.2,,,M,,M
-52.742777777777775,47.62222222222222,ST JOHN'S A,8403506,8403506.2007.10.10,2007-10-10 00:00:00,NL,2007,10,10,5.7,,3.5,,7.8,,1,,1,,0,,0,,0,,0,,0,,12.3,,,M,,M
-52.742777777777775,47.62222222222222,ST JOHN'S A,8403506,8403506.2007.10.11,2007-10-11 00:00:00,NL,2007,10,11,4.6,,-0.6,,9.8,,0,,0,,0,,0,,0,,0,,0,,13.4,,,M,,M
-52.742777777777775,47.62222222222222,ST JOHN'S A,8403506,8403506.2007.10.12,2007-10-12 00:00:00,NL,2007,10,12,3.9,,0.3,,7.5,,0,,0,,0,,0,,0,,0,,0,,14.1,,,M,,M
-52.742777777777775,47.62222222222222,ST JOHN'S A,8403506,8403506.2007.10.13,2007-10-13 00:00:00,NL,2007,10,13,6.4,,4.7,,8.1,,16.8,,16.8,,0,,0,,11,E,37,E,0,,11.6,,,M,,M
-52.742777777777775,47.62222222222222,ST JOHN'S A,8403506,8403506.2007.10.14,2007-10-14 00:00:00,NL,2007,10,14,6.6,,5.2,,8,,0,T,0,T,0,,0,,0,,0,,0,,11.4,,,M,,M
-52.742777777777775,47.62222222222222,ST JOHN'S A,8403506,8403506.2007.10.15,2007-10-15 00:00:00,NL,2007,10,15,7.5,,4.7,,10.3,,1.6,,1.6,,0,,0,,0,,0,,0,,10.5,,,M,,M
-52.742777777777775,47.62222222222222,ST JOHN'S A,8403506,8403506.2007.10.16,2007-10-16 00:00:00,NL,2007,10,16,5,,1.9,,8,,7.8,,7.8,,0,,0,,31,E,32,E,0,,13,,,M,,M
-52.742777777777775,47.62222222222222,ST JOHN'S A,8403506,8403506.2007.10.17,2007-10-17 00:00:00,NL,2007,10,17,2.9,,0.4,,5.4,,6.8,,6.8,,0,T,0,,34,E,56,E,0,,15.1,,,M,,M
-52.742777777777775,47.62222222222222,ST JOHN'S A,8403506,8403506.2007.10.18,2007-10-18 00:00:00,NL,2007,10,18,3.5,,1.5,,5.5,,0,T,0,T,0,,0,,30,E,52,E,0,,14.5,,,M,,M
-52.742777777777775,47.62222222222222,ST JOHN'S A,8403506,8403506.2007.10.19,2007-10-19 00:00:00,NL,2007,10,19,3.5,,-0.4,,7.4,,0,,0,,0,,0,,0,,0,,0,,14.5,,,M,,M
-52.742777777777775,47.62222222222222,ST JOHN'S A,8403506,8403506.2007.10.20,2007-10-20 00:00:00,NL,2007,10,20,8.5,,0.7,,16.3,,9.8,,9.8,,0,,0,,19,E,56,E,0,,9.5,,,M,,M
-52.742777777777775,47.62222222222222,ST JOHN'S A,8403506,8403506.2007.10.21,2007-10-21 00:00:00,NL,2007,10,21,12.7,,8.7,,16.6,,27.2,,27.2,,0,,0,,22,E,61,E,0,,5.3,,,M,,M
-52.742777777777775,47.62222222222222,ST JOHN'S A,8403506,8403506.2007.10.22,2007-10-22 00:00:00,NL,2007,10,22,4.5,,-0.2,,9.1,,3.8,,3.8,,0,,0,,27,E,41,E,0,,13.5,,,M,,M
-52.742777777777775,47.62222222222222,ST JOHN'S A,8403506,8403506.2007.10.23,2007-10-23 00:00:00,NL,2007,10,23,7.1,,0.2,,14,,0,T,0,T,0,,0,,25,E,59,E,0,,10.9,,,M,,M
-52.742777777777775,47.62222222222222,ST JOHN'S A,8403506,8403506.2007.10.24,2007-10-24 00:00:00,NL,2007,10,24,10.1,,3.5,,16.6,,0,T,0,T,0,,0,,25,E,72,E,0,,7.9,,,M,,M
-52.742777777777775,47.62222222222222,ST JOHN'S A,8403506,8403506.2007.10.25,2007-10-25 00:00:00,NL,2007,10,25,3.5,,1.8,,5.2,,0,T,0,T,0,,0,,0,,0,,0,,14.5,,,M,,M
-52.742777777777775,47.62222222222222,ST JOHN'S A,8403506,8403506.2007.10.26,2007-10-26 00:00:00,NL,2007,10,26,6.1,,3,,9.1,,0,,0,,0,,0,,27,E,44,E,0,,11.9,,,M,,M
-52.742777777777775,47.62222222222222,ST JOHN'S A,8403506,8403506.2007.10.27,2007-10-27 00:00:00,NL,2007,10,27,10.4,,5.5,,15.3,,0,,0,,0,,0,,27,E,39,E,0,,7.6,,,M,,M
-52.742777777777775,47.62222222222222,ST JOHN'S A,8403506,8403506.2007.10.28,2007-10-28 00:00:00,NL,2007,10,28,11.4,,7.6,,15.2,,0,,0,,0,,0,,22,E,50,E,0,,6.6,,,M,,M
-52.742777777777775,47.62222222222222,ST JOHN'S A,8403506,8403506.2007.10.29,2007-10-29 00:00:00,NL,2007,10,29,8.8,,3.9,,13.7,,2.4,,2.4,,0,,0,,22,E,46,E,0,,9.2,,,M,,M
-52.742777777777775,47.62222222222222,ST JOHN'S A,8403506,8403506.2007.10.30,2007-10-30 00:00:00,NL,2007,10,30,1.6,,-1,,4.2,,0.2,,0,,0.2,,0,,0,,0,,0,,16.4,,,M,,M
-52.742777777777775,47.62222222222222,ST JOHN'S A,8403506,8403506.2007.10.31,2007-10-31 00:00:00,NL,2007,10,31,1.1,,-1.4,,3.5,,0,T,0,,0,T,0,T,32,E,41,E,0,,16.9,,,M,,M
-52.742777777777775,47.62222222222222,ST JOHN'S A,8403506,8403506.2007.11.1,2007-11-01 00:00:00,NL,2007,11,1,5.4,,-2.1,,12.9,,0,,0,,0,,0,,23,E,57,E,0,,12.6,,,M,,M
-52.742777777777775,47.62222222222222,ST JOHN'S A,8403506,8403506.2007.11.2,2007-11-02 00:00:00,NL,2007,11,2,9,,1.7,,16.3,,20,,20,,0,,0,,,M,,M,0,,9,,,M,,M
-52.742777777777775,47.62222222222222,ST JOHN'S A,8403506,8403506.2007.11.3,2007-11-03 00:00:00,NL,2007,11,3,3.1,,-0.5,,6.6,,0,,0,,0,,0,,15,E,56,E,0,,14.9,,,M,,M
-52.742777777777775,47.62222222222222,ST JOHN'S A,8403506,8403506.2007.11.4,2007-11-04 00:00:00,NL,2007,11,4,9.1,,4.8,,13.3,,3.9,,3.9,,0,,0,,18,E,80,E,0,,8.9,,,M,,M
-52.742777777777775,47.62222222222222,ST JOHN'S A,8403506,8403506.2007.11.5,2007-11-05 00:00:00,NL,2007,11,5,6.6,,3,,10.1,,0.2,,0.2,,0,,0,,0,,0,,0,,11.4,,,M,,M
-52.742777777777775,47.62222222222222,ST JOHN'S A,8403506,8403506.2007.11.6,2007-11-06 00:00:00,NL,2007,11,6,4,,2.2,,5.7,,0.4,,0.4,,0,,0,,35,E,37,E,0,,14,,,M,,M
-52.742777777777775,47.62222222222222,ST JOHN'S A,8403506,8403506.2007.11.7,2007-11-07 00:00:00,NL,2007,11,7,2.7,,1.3,,4.1,,0,T,0,T,0,,0,,0,,0,,0,,15.3,,,M,,M
-52.742777777777775,47.62222222222222,ST JOHN'S A,8403506,8403506.2007.11.8,2007-11-08 00:00:00,NL,2007,11,8,6.4,,3.2,,9.6,,1.6,,1.6,,0,,0,,17,E,63,E,0,,11.6,,,M,,M
-52.742777777777775,47.62222222222222,ST JOHN'S A,8403506,8403506.2007.11.9,2007-11-09 00:00:00,NL,2007,11,9,6.4,,2.1,,10.6,,45.4,,45.4,,0,,0,,33,E,59,E,0,,11.6,,,M,,M
-52.742777777777775,47.62222222222222,ST JOHN'S A,8403506,8403506.2007.11.10,2007-11-10 00:00:00,NL,2007,11,10,1.9,,0.7,,3,,0,T,0,T,0,T,0,,31,E,41,E,0,,16.1,,,M,,M
-52.742777777777775,47.62222222222222,ST JOHN'S A,8403506,8403506.2007.11.11,2007-11-11 00:00:00,NL,2007,11,11,6.3,,1.3,,11.3,,21.2,,21.2,,0,T,0,,11,E,57,E,0,,11.7,,,M,,M
-52.742777777777775,47.62222222222222,ST JOHN'S A,8403506,8403506.2007.11.12,2007-11-12 00:00:00,NL,2007,11,12,4.1,,1.1,,7,,0.4,,0.4,,0,,0,,20,E,57,E,0,,13.9,,,M,,M
-52.742777777777775,47.62222222222222,ST JOHN'S A,8403506,8403506.2007.11.13,2007-11-13 00:00:00,NL,2007,11,13,2.6,,0.3,,4.9,,0.4,,0,T,0.4,,0,,29,E,44,E,0,,15.4,,,M,,M
-52.742777777777775,47.62222222222222,ST JOHN'S A,8403506,8403506.2007.11.14,2007-11-14 00:00:00,NL,2007,11,14,1.8,,-0.8,,4.4,,3.6,,3.4,,0.2,,0,,0,,0,,0,,16.2,,,M,,M
-52.742777777777775,47.62222222222222,ST JOHN'S A,8403506,8403506.2007.11.15,2007-11-15 00:00:00,NL,2007,11,15,4.9,,0.7,,9,,0,T,0,T,0,,0,,20,E,48,E,0,,13.1,,,M,,M
-52.742777777777775,47.62222222222222,ST JOHN'S A,8403506,8403506.2007.11.16,2007-11-16 00:00:00,NL,2007,11,16,11.7,,8.7,,14.6,,0,T,0,T,0,,0,,18,E,67,E,0,,6.3,,,M,,M
-52.742777777777775,47.62222222222222,ST JOHN'S A,8403506,8403506.2007.11.17,2007-11-17 00:00:00,NL,2007,11,17,6.6,,1.8,,11.3,,5.6,,5.6,,0,,0,,18,E,82,E,0,,11.4,,,M,,M
-52.742777777777775,47.62222222222222,ST JOHN'S A,8403506,8403506.2007.11.18,2007-11-18 00:00:00,NL,2007,11,18,3.6,,0.1,,7.1,,0,,0,,0,,0,,0,,0,,0,,14.4,,,M,,M
-52.742777777777775,47.62222222222222,ST JOHN'S A,8403506,8403506.2007.11.19,2007-11-19 00:00:00,NL,2007,11,19,0,,-1.5,,1.5,,2.2,,0,,2.2,,0,T,1,E,39,E,0,,18,,,M,,M
-52.742777777777775,47.62222222222222,ST JOHN'S A,8403506,8403506.2007.11.20,2007-11-20 00:00:00,NL,2007,11,20,0.9,,-1.5,,3.2,,1.2,,1.2,,0,T,0,T,3,E,33,E,0,,17.1,,,M,,M
-52.742777777777775,47.62222222222222,ST JOHN'S A,8403506,8403506.2007.11.21,2007-11-21 00:00:00,NL,2007,11,21,5.6,,1.1,,10,,63.4,,63.4,,0,,0,,10,E,50,E,0,,12.4,,,M,,M
-52.742777777777775,47.62222222222222,ST JOHN'S A,8403506,8403506.2007.11.22,2007-11-22 00:00:00,NL,2007,11,22,1.5,,0.4,,2.6,,0.2,,0.2,,0,,0,,0,,0,,0,,16.5,,,M,,M
-52.742777777777775,47.62222222222222,ST JOHN'S A,8403506,8403506.2007.11.23,2007-11-23 00:00:00,NL,2007,11,23,5.9,,1.1,,10.6,,0,T,0,T,0,,0,,21,E,33,E,0,,12.1,,,M,,M
-52.742777777777775,47.62222222222222,ST JOHN'S A,8403506,8403506.2007.11.24,2007-11-24 00:00:00,NL,2007,11,24,4.1,,-2.5,,10.6,,8.6,,8.6,,0,T,0,,29,E,61,E,0,,13.9,,,M,,M
-52.742777777777775,47.62222222222222,ST JOHN'S A,8403506,8403506.2007.11.25,2007-11-25 00:00:00,NL,2007,11,25,-2,,-3.9,,0,,0,T,0,,0,T,0,,29,E,50,E,0,,20,,,M,,M
-52.742777777777775,47.62222222222222,ST JOHN'S A,8403506,8403506.2007.11.26,2007-11-26 00:00:00,NL,2007,11,26,1.3,,-2.2,,4.8,,1.2,,0,,1.2,,1,,24,E,35,E,0,,16.7,,,M,,M
-52.742777777777775,47.62222222222222,ST JOHN'S A,8403506,8403506.2007.11.27,2007-11-27 00:00:00,NL,2007,11,27,8.9,,3.3,,14.5,,50.8,,50.8,,0,,0,,24,E,78,E,0,,9.1,,,M,,M
-52.742777777777775,47.62222222222222,ST JOHN'S A,8403506,8403506.2007.11.28,2007-11-28 00:00:00,NL,2007,11,28,4.8,,-2.5,,12.1,,0.6,,0.6,,0,,0,,27,E,82,E,0,,13.2,,,M,,M
-52.742777777777775,47.62222222222222,ST JOHN'S A,8403506,8403506.2007.11.29,2007-11-29 00:00:00,NL,2007,11,29,-1.9,,-5.4,,1.6,,0,,0,,0,,0,,31,E,57,E,0,,19.9,,,M,,M
-52.742777777777775,47.62222222222222,ST JOHN'S A,8403506,8403506.2007.11.30,2007-11-30 00:00:00,NL,2007,11,30,3.6,,-1.6,,8.7,,5.4,,5.2,,0.2,,0,,18,E,63,E,0,,14.4,,,M,,M
-52.742777777777775,47.62222222222222,ST JOHN'S A,8403506,8403506.2007.12.1,2007-12-01 00:00:00,NL,2007,12,1,-0.3,,-3,,2.5,,1.6,,1.6,,0,T,0,T,27,E,54,E,0,,18.3,,,M,,M
-52.742777777777775,47.62222222222222,ST JOHN'S A,8403506,8403506.2007.12.2,2007-12-02 00:00:00,NL,2007,12,2,0.6,,0,,1.1,,21.2,,0,T,21.2,,0,T,,M,,M,0,,17.4,,,M,,M
-52.742777777777775,47.62222222222222,ST JOHN'S A,8403506,8403506.2007.12.3,2007-12-03 00:00:00,NL,2007,12,3,0.1,,-1.2,,1.4,,2.2,,0,,2.2,,12,,,M,,M,0,,17.9,,,M,,M
-52.742777777777775,47.62222222222222,ST JOHN'S A,8403506,8403506.2007.12.4,2007-12-04 00:00:00,NL,2007,12,4,0.1,,-1.6,,1.8,,8.8,,0,,8.8,,10,,,M,,M,0,,17.9,,,M,,M
-52.742777777777775,47.62222222222222,ST JOHN'S A,8403506,8403506.2007.12.5,2007-12-05 00:00:00,NL,2007,12,5,1.3,,0.2,,2.4,,1.6,,1.6,,0,T,14,,23,E,48,E,0,,16.7,,,M,,M
-52.742777777777775,47.62222222222222,ST JOHN'S A,8403506,8403506.2007.12.6,2007-12-06 00:00:00,NL,2007,12,6,0.1,,-0.7,,0.8,,7.2,,0.2,,7,,12,,26,E,41,E,0,,17.9,,,M,,M
-52.742777777777775,47.62222222222222,ST JOHN'S A,8403506,8403506.2007.12.7,2007-12-07 00:00:00,NL,2007,12,7,-2.8,,-5.7,,0.1,,0,T,0,,0,T,17,,30,E,39,E,0,,20.8,,,M,,M
-52.742777777777775,47.62222222222222,ST JOHN'S A,8403506,8403506.2007.12.8,2007-12-08 00:00:00,NL,2007,12,8,-0.3,,-5,,4.4,,3.8,,2,,1.8,,17,,27,E,72,E,0,,18.3,,,M,,M
-52.742777777777775,47.62222222222222,ST JOHN'S A,8403506,8403506.2007.12.9,2007-12-09 00:00:00,NL,2007,12,9,-4.9,,-10.1,,0.4,,0,,0,,0,,15,,31,E,61,E,0,,22.9,,,M,,M
-52.742777777777775,47.62222222222222,ST JOHN'S A,8403506,8403506.2007.12.10,2007-12-10 00:00:00,NL,2007,12,10,-7.7,,-10,,-5.4,,0,T,0,,0,T,8,,30,E,61,E,0,,25.7,,,M,,M
-52.742777777777775,47.62222222222222,ST JOHN'S A,8403506,8403506.2007.12.11,2007-12-11 00:00:00,NL,2007,12,11,-7.4,,-9,,-5.7,,0,T,0,,0,T,5,,31,E,54,E,0,,25.4,,,M,,M
-52.742777777777775,47.62222222222222,ST JOHN'S A,8403506,8403506.2007.12.12,2007-12-12 00:00:00,NL,2007,12,12,-4.7,,-8.1,,-1.2,,13,,0,,16.8,,5,,14,E,32,E,0,,22.7,,,M,,M
-52.742777777777775,47.62222222222222,ST JOHN'S A,8403506,8403506.2007.12.13,2007-12-13 00:00:00,NL,2007,12,13,-6.4,,-11.2,,-1.6,,4,,0,,7.2,,26,,30,E,63,E,0,,24.4,,,M,,M
-52.742777777777775,47.62222222222222,ST JOHN'S A,8403506,8403506.2007.12.14,2007-12-14 00:00:00,NL,2007,12,14,-11.7,,-13.4,,-9.9,,0,,0,,0,,25,,0,,0,,0,,29.7,,,M,,M
-52.742777777777775,47.62222222222222,ST JOHN'S A,8403506,8403506.2007.12.15,2007-12-15 00:00:00,NL,2007,12,15,-10.4,,-14,,-6.7,,0,T,0,,0,T,24,,0,,0,,0,,28.4,,,M,,M
-52.742777777777775,47.62222222222222,ST JOHN'S A,8403506,8403506.2007.12.16,2007-12-16 00:00:00,NL,2007,12,16,-11.3,,-14.6,,-7.9,,0,T,0,,0,T,22,,29,E,32,E,0,,29.3,,,M,,M
-52.742777777777775,47.62222222222222,ST JOHN'S A,8403506,8403506.2007.12.17,2007-12-17 00:00:00,NL,2007,12,17,-2.4,,-9,,4.3,,17.4,,3.6,,13.8,,26,,14,E,89,E,0,,20.4,,,M,,M
-52.742777777777775,47.62222222222222,ST JOHN'S A,8403506,8403506.2007.12.18,2007-12-18 00:00:00,NL,2007,12,18,-2.3,,-3.6,,-0.9,,0.2,,0,,0.6,,20,,26,E,70,E,0,,20.3,,,M,,M
-52.742777777777775,47.62222222222222,ST JOHN'S A,8403506,8403506.2007.12.19,2007-12-19 00:00:00,NL,2007,12,19,-7,,-10.9,,-3.1,,0,T,0,,0,T,20,,29,E,52,E,0,,25,,,M,,M
-52.742777777777775,47.62222222222222,ST JOHN'S A,8403506,8403506.2007.12.20,2007-12-20 00:00:00,NL,2007,12,20,-10.2,,-13.4,,-7,,0,,0,,0,,20,,0,,0,,0,,28.2,,,M,,M
-52.742777777777775,47.62222222222222,ST JOHN'S A,8403506,8403506.2007.12.21,2007-12-21 00:00:00,NL,2007,12,21,-5.1,,-7.4,,-2.7,,0,T,0,,0,T,19,,4,E,61,E,0,,23.1,,,M,,M
-52.742777777777775,47.62222222222222,ST JOHN'S A,8403506,8403506.2007.12.22,2007-12-22 00:00:00,NL,2007,12,22,-7.7,,-10.6,,-4.7,,0,T,0,,0,T,18,,0,,0,,0,,25.7,,,M,,M
-52.742777777777775,47.62222222222222,ST JOHN'S A,8403506,8403506.2007.12.23,2007-12-23 00:00:00,NL,2007,12,23,-2.6,,-6.2,,1.1,,0,,0,,0,,18,,29,E,57,E,0,,20.6,,,M,,M
-52.742777777777775,47.62222222222222,ST JOHN'S A,8403506,8403506.2007.12.24,2007-12-24 00:00:00,NL,2007,12,24,4.1,,-0.2,,8.4,,9.2,,9.2,,0,,17,,21,E,83,E,0,,13.9,,,M,,M
-52.742777777777775,47.62222222222222,ST JOHN'S A,8403506,8403506.2007.12.25,2007-12-25 00:00:00,NL,2007,12,25,1.1,,-1.2,,3.4,,1,,0,,1,,9,,28,E,72,E,0,,16.9,,,M,,M
-52.742777777777775,47.62222222222222,ST JOHN'S A,8403506,8403506.2007.12.26,2007-12-26 00:00:00,NL,2007,12,26,-1.5,,-2.6,,-0.4,,0,T,0,T,0,T,9,,29,E,59,E,0,,19.5,,,M,,M
-52.742777777777775,47.62222222222222,ST JOHN'S A,8403506,8403506.2007.12.27,2007-12-27 00:00:00,NL,2007,12,27,-4,,-6,,-1.9,,2,,0,,2,,9,,11,E,44,E,0,,22,,,M,,M
-52.742777777777775,47.62222222222222,ST JOHN'S A,8403506,8403506.2007.12.28,2007-12-28 00:00:00,NL,2007,12,28,-3.2,,-4.7,,-1.6,,26.4,,0,,32,,25,,2,E,82,E,0,,21.2,,,M,,M
-52.742777777777775,47.62222222222222,ST JOHN'S A,8403506,8403506.2007.12.29,2007-12-29 00:00:00,NL,2007,12,29,-7.2,,-10.1,,-4.3,,0,T,0,,0,T,32,,34,E,56,E,0,,25.2,,,M,,M
-52.742777777777775,47.62222222222222,ST JOHN'S A,8403506,8403506.2007.12.30,2007-12-30 00:00:00,NL,2007,12,30,-2,,-5.4,,1.4,,12.6,,0.4,,12.2,,41,,,M,,M,0,,20,,,M,,M
-52.742777777777775,47.62222222222222,ST JOHN'S A,8403506,8403506.2007.12.31,2007-12-31 00:00:00,NL,2007,12,31,-1.5,,-4.6,,1.6,,8,,0,T,8,,37,,,M,,M,0,,19.5,,,M,,M
-52.742777777777775,47.62222222222222,ST JOHN'S A,8403506,8403506.2008.1.1,2008-01-01 00:00:00,NL,2008,1,1,-2.5,,-6.6,,1.6,,2,,0.2,,1.8,,42,,,M,,M,0,,20.5,,,M,,M
-52.742777777777775,47.62222222222222,ST JOHN'S A,8403506,8403506.2008.1.2,2008-01-02 00:00:00,NL,2008,1,2,-3.1,,-8.1,,2,,4.5,,0,T,5,,42,,,M,,M,0,,21.1,,,M,,M
-52.742777777777775,47.62222222222222,ST JOHN'S A,8403506,8403506.2008.1.3,2008-01-03 00:00:00,NL,2008,1,3,-5.7,,-11,,-0.4,,0.2,,0.2,,0,T,38,,32,E,65,E,0,,23.7,,,M,,M
-52.742777777777775,47.62222222222222,ST JOHN'S A,8403506,8403506.2008.1.4,2008-01-04 00:00:00,NL,2008,1,4,-9.3,,-12.6,,-5.9,,0,T,0,,0,T,36,,24,E,37,E,0,,27.3,,,M,,M
-52.742777777777775,47.62222222222222,ST JOHN'S A,8403506,8403506.2008.1.5,2008-01-05 00:00:00,NL,2008,1,5,-6,,-9.6,,-2.4,,1.6,,0,,2.6,,34,,28,E,50,E,0,,24,,,M,,M
-52.742777777777775,47.62222222222222,ST JOHN'S A,8403506,8403506.2008.1.6,2008-01-06 00:00:00,NL,2008,1,6,-6.5,,-10.5,,-2.5,,2.2,,0,,6.4,,34,,0,,0,,0,,24.5,,,M,,M
-52.742777777777775,47.62222222222222,ST JOHN'S A,8403506,8403506.2008.1.7,2008-01-07 00:00:00,NL,2008,1,7,-0.9,,-4.2,,2.5,,0,T,0,T,0,T,40,,24,E,54,E,0,,18.9,,,M,,M
-52.742777777777775,47.62222222222222,ST JOHN'S A,8403506,8403506.2008.1.8,2008-01-08 00:00:00,NL,2008,1,8,1.3,,-1.2,,3.8,,0.6,,0.6,,0,,32,,27,E,61,E,0,,16.7,,,M,,M
-52.742777777777775,47.62222222222222,ST JOHN'S A,8403506,8403506.2008.1.9,2008-01-09 00:00:00,NL,2008,1,9,-1,,-2.5,,0.5,,1.8,,0.8,,1.8,,26,,0,,0,,0,,19,,,M,,M
-52.742777777777775,47.62222222222222,ST JOHN'S A,8403506,8403506.2008.1.10,2008-01-10 00:00:00,NL,2008,1,10,4.8,,0,,9.5,,8.2,,8.2,,0,,23,,28,E,74,E,0,,13.2,,,M,,M
-52.742777777777775,47.62222222222222,ST JOHN'S A,8403506,8403506.2008.1.11,2008-01-11 00:00:00,NL,2008,1,11,-1.3,,-3,,0.5,,0,,0,,0,,19,,29,E,82,E,0,,19.3,,,M,,M
-52.742777777777775,47.62222222222222,ST JOHN'S A,8403506,8403506.2008.1.12,2008-01-12 00:00:00,NL,2008,1,12,2.2,,-2.7,,7,,11,,11,,0,T,19,,19,E,57,E,0,,15.8,,,M,,M
-52.742777777777775,47.62222222222222,ST JOHN'S A,8403506,8403506.2008.1.13,2008-01-13 00:00:00,NL,2008,1,13,0.4,,-4.3,,5,,0.4,,0.4,,0,,13,,29,E,74,E,0,,17.6,,,M,,M
-52.742777777777775,47.62222222222222,ST JOHN'S A,8403506,8403506.2008.1.14,2008-01-14 00:00:00,NL,2008,1,14,-4,,-5.3,,-2.6,,1,,0,,1,,12,,30,E,67,E,0,,22,,,M,,M
-52.742777777777775,47.62222222222222,ST JOHN'S A,8403506,8403506.2008.1.15,2008-01-15 00:00:00,NL,2008,1,15,-0.9,,-2.7,,0.9,,11.6,,4.5,,8.6,,16,,11,E,56,E,0,,18.9,,,M,,M
-52.742777777777775,47.62222222222222,ST JOHN'S A,8403506,8403506.2008.1.16,2008-01-16 00:00:00,NL,2008,1,16,-1,,-2,,0.1,,0.2,,0,T,0.8,,18,,4,E,61,E,0,,19,,,M,,M
-52.742777777777775,47.62222222222222,ST JOHN'S A,8403506,8403506.2008.1.17,2008-01-17 00:00:00,NL,2008,1,17,-3.2,,-4.8,,-1.6,,0,T,0,,0,T,18,,1,E,67,E,0,,21.2,,,M,,M
-52.742777777777775,47.62222222222222,ST JOHN'S A,8403506,8403506.2008.1.18,2008-01-18 00:00:00,NL,2008,1,18,-5.2,,-8.4,,-1.9,,0,,0,,0,,18,,18,E,59,E,0,,23.2,,,M,,M
-52.742777777777775,47.62222222222222,ST JOHN'S A,8403506,8403506.2008.1.19,2008-01-19 00:00:00,NL,2008,1,19,-1.9,,-5.8,,2,,2,,0,T,2,,19,,19,E,78,E,0,,19.9,,,M,,M
-52.742777777777775,47.62222222222222,ST JOHN'S A,8403506,8403506.2008.1.20,2008-01-20 00:00:00,NL,2008,1,20,-5.6,,-7.4,,-3.8,,20.8,,0,,24.6,,18,,12,E,33,E,0,,23.6,,,M,,M
-52.742777777777775,47.62222222222222,ST JOHN'S A,8403506,8403506.2008.1.21,2008-01-21 00:00:00,NL,2008,1,21,-9.9,,-15.6,,-4.1,,2.4,,0,,2.6,,43,,29,E,59,E,0,,27.9,,,M,,M
-52.742777777777775,47.62222222222222,ST JOHN'S A,8403506,8403506.2008.1.22,2008-01-22 00:00:00,NL,2008,1,22,-12.5,,-15.1,,-9.8,,0,T,0,,0,T,43,,29,E,69,E,0,,30.5,,,M,,M
-52.742777777777775,47.62222222222222,ST JOHN'S A,8403506,8403506.2008.1.23,2008-01-23 00:00:00,NL,2008,1,23,-3,,-10,,4,,15.4,,6.4,,10.4,,46,,17,E,82,E,0,,21,,,M,,M
-52.742777777777775,47.62222222222222,ST JOHN'S A,8403506,8403506.2008.1.24,2008-01-24 00:00:00,NL,2008,1,24,-5.9,,-8,,-3.8,,0,T,0,,0,T,48,,20,E,37,E,0,,23.9,,,M,,M
-52.742777777777775,47.62222222222222,ST JOHN'S A,8403506,8403506.2008.1.25,2008-01-25 00:00:00,NL,2008,1,25,-7.2,,-10.8,,-3.5,,15.2,,0,,22.2,,48,,2,E,63,E,0,,25.2,,,M,,M
-52.742777777777775,47.62222222222222,ST JOHN'S A,8403506,8403506.2008.1.26,2008-01-26 00:00:00,NL,2008,1,26,-13.4,,-15.9,,-10.8,,0,T,0,,0,T,63,,31,E,46,E,0,,31.4,,,M,,M
-52.742777777777775,47.62222222222222,ST JOHN'S A,8403506,8403506.2008.1.27,2008-01-27 00:00:00,NL,2008,1,27,-13.6,,-17.3,,-9.9,,0,T,0,,0,T,62,,29,E,35,E,0,,31.6,,,M,,M
-52.742777777777775,47.62222222222222,ST JOHN'S A,8403506,8403506.2008.1.28,2008-01-28 00:00:00,NL,2008,1,28,-6.2,,-14.9,,2.6,,1.8,,1.8,,0,T,62,,16,E,59,E,0,,24.2,,,M,,M
-52.742777777777775,47.62222222222222,ST JOHN'S A,8403506,8403506.2008.1.29,2008-01-29 00:00:00,NL,2008,1,29,4.8,,1.6,,7.9,,39.4,,39.4,,0,,47,,14,,65,,0,,13.2,,,M,,M
-52.742777777777775,47.62222222222222,ST JOHN'S A,8403506,8403506.2008.1.30,2008-01-30 00:00:00,NL,2008,1,30,4.7,,0.2,,9.1,,2.2,,2.2,,0,,30,,27,E,33,E,0,,13.3,,,M,,M
-52.742777777777775,47.62222222222222,ST JOHN'S A,8403506,8403506.2008.1.31,2008-01-31 00:00:00,NL,2008,1,31,2.2,,-3.7,,8,,0,T,0,T,0,,22,,24,E,57,E,0,,15.8,,,M,,M
-52.742777777777775,47.62222222222222,ST JOHN'S A,8403506,8403506.2008.2.1,2008-02-01 00:00:00,NL,2008,2,1,-5.3,,-7.1,,-3.4,,0,,0,,0,,16,,29,E,50,E,0,,23.3,,,M,,M
-52.742777777777775,47.62222222222222,ST JOHN'S A,8403506,8403506.2008.2.2,2008-02-02 00:00:00,NL,2008,2,2,-3.2,,-8,,1.6,,10.4,,8.4,,2,,15,,15,E,72,E,0,,21.2,,,M,,M
-52.742777777777775,47.62222222222222,ST JOHN'S A,8403506,8403506.2008.2.3,2008-02-03 00:00:00,NL,2008,2,3,-3.1,,-6.1,,-0.1,,0,T,0,T,0.2,,13,,28,E,70,E,0,,21.1,,,M,,M
-52.742777777777775,47.62222222222222,ST JOHN'S A,8403506,8403506.2008.2.4,2008-02-04 00:00:00,NL,2008,2,4,-6.1,,-7.2,,-5,,0,T,0,,0,T,13,,33,E,46,E,0,,24.1,,,M,,M
-52.742777777777775,47.62222222222222,ST JOHN'S A,8403506,8403506.2008.2.5,2008-02-05 00:00:00,NL,2008,2,5,-9.4,,-12.7,,-6.1,,0,T,0,,0,T,10,,33,E,41,E,0,,27.4,,,M,,M
-52.742777777777775,47.62222222222222,ST JOHN'S A,8403506,8403506.2008.2.6,2008-02-06 00:00:00,NL,2008,2,6,-7.4,,-12.6,,-2.2,,1.8,,0,T,3.2,,10,,14,E,33,E,0,,25.4,,,M,,M
-52.742777777777775,47.62222222222222,ST JOHN'S A,8403506,8403506.2008.2.7,2008-02-07 00:00:00,NL,2008,2,7,-3.6,,-4.9,,-2.3,,2.2,,0,T,3.2,,13,,35,E,44,E,0,,21.6,,,M,,M
-52.742777777777775,47.62222222222222,ST JOHN'S A,8403506,8403506.2008.2.8,2008-02-08 00:00:00,NL,2008,2,8,-3.7,,-4.9,,-2.5,,0,T,0,,0.2,,13,,3,E,35,E,0,,21.7,,,M,,M
-52.742777777777775,47.62222222222222,ST JOHN'S A,8403506,8403506.2008.2.9,2008-02-09 00:00:00,NL,2008,2,9,-4.2,,-7.5,,-0.8,,5.6,,0,,5.8,,18,,33,E,41,E,0,,22.2,,,M,,M
-52.742777777777775,47.62222222222222,ST JOHN'S A,8403506,8403506.2008.2.10,2008-02-10 00:00:00,NL,2008,2,10,-4.6,,-7.3,,-1.9,,4.6,,0,,6,,18,,11,E,54,E,0,,22.6,,,M,,M
-52.742777777777775,47.62222222222222,ST JOHN'S A,8403506,8403506.2008.2.11,2008-02-11 00:00:00,NL,2008,2,11,-2.9,,-5.5,,-0.3,,10.6,,0,,12.8,,22,,23,E,70,E,0,,20.9,,,M,,M
-52.742777777777775,47.62222222222222,ST JOHN'S A,8403506,8403506.2008.2.12,2008-02-12 00:00:00,NL,2008,2,12,-4.7,,-7.6,,-1.7,,0.8,,0,,1.4,,26,,29,E,83,E,0,,22.7,,,M,,M
-52.742777777777775,47.62222222222222,ST JOHN'S A,8403506,8403506.2008.2.13,2008-02-13 00:00:00,NL,2008,2,13,-5.5,,-8.4,,-2.6,,0,T,0,,0,T,24,,29,E,46,E,0,,23.5,,,M,,M
-52.742777777777775,47.62222222222222,ST JOHN'S A,8403506,8403506.2008.2.14,2008-02-14 00:00:00,NL,2008,2,14,2.3,,-4,,8.5,,35.6,,35.6,,0,T,23,,19,E,106,E,0,,15.7,,,M,,M
-52.742777777777775,47.62222222222222,ST JOHN'S A,8403506,8403506.2008.2.15,2008-02-15 00:00:00,NL,2008,2,15,0.4,,-3.8,,4.6,,0.4,,0.4,,0,T,11,,25,E,33,E,0,,17.6,,,M,,M
-52.742777777777775,47.62222222222222,ST JOHN'S A,8403506,8403506.2008.2.16,2008-02-16 00:00:00,NL,2008,2,16,-5.4,,-12.6,,1.8,,0,T,0,T,0,T,11,,29,E,52,E,0,,23.4,,,M,,M
-52.742777777777775,47.62222222222222,ST JOHN'S A,8403506,8403506.2008.2.17,2008-02-17 00:00:00,NL,2008,2,17,-11.6,,-14.1,,-9.1,,0,,0,,0,,10,,29,E,54,E,0,,29.6,,,M,,M
-52.742777777777775,47.62222222222222,ST JOHN'S A,8403506,8403506.2008.2.18,2008-02-18 00:00:00,NL,2008,2,18,-3,,-12.2,,6.2,,4.6,,3.2,,2,,10,,22,E,72,E,0,,21,,,M,,M
-52.742777777777775,47.62222222222222,ST JOHN'S A,8403506,8403506.2008.2.19,2008-02-19 00:00:00,NL,2008,2,19,5.9,,0.9,,10.9,,20.2,,20.2,,0,,8,,22,E,85,E,0,,12.1,,,M,,M
-52.742777777777775,47.62222222222222,ST JOHN'S A,8403506,8403506.2008.2.20,2008-02-20 00:00:00,NL,2008,2,20,-0.7,,-4.2,,2.9,,0,T,0,,0,T,6,,25,E,85,E,0,,18.7,,,M,,M
-52.742777777777775,47.62222222222222,ST JOHN'S A,8403506,8403506.2008.2.21,2008-02-21 00:00:00,NL,2008,2,21,-6.2,,-10.3,,-2,,0,T,0,,0.2,,6,,27,E,54,E,0,,24.2,,,M,,M
-52.742777777777775,47.62222222222222,ST JOHN'S A,8403506,8403506.2008.2.22,2008-02-22 00:00:00,NL,2008,2,22,-8.5,,-11,,-5.9,,0,T,0,,0,T,6,,28,E,57,E,0,,26.5,,,M,,M
-52.742777777777775,47.62222222222222,ST JOHN'S A,8403506,8403506.2008.2.23,2008-02-23 00:00:00,NL,2008,2,23,-7,,-9.6,,-4.3,,17.5,,0,T,17.5,,6,,7,E,54,E,0,,25,,,M,,M
-52.742777777777775,47.62222222222222,ST JOHN'S A,8403506,8403506.2008.2.24,2008-02-24 00:00:00,NL,2008,2,24,-8.5,,-12.1,,-4.8,,0,T,0,,0,T,21,,29,E,50,E,0,,26.5,,,M,,M
-52.742777777777775,47.62222222222222,ST JOHN'S A,8403506,8403506.2008.2.25,2008-02-25 00:00:00,NL,2008,2,25,-3.6,,-7.2,,0.1,,0,,0,,0,,20,,25,E,35,E,0,,21.6,,,M,,M
-52.742777777777775,47.62222222222222,ST JOHN'S A,8403506,8403506.2008.2.26,2008-02-26 00:00:00,NL,2008,2,26,-1.1,,-3.6,,1.5,,0,,0,,0,,20,,0,,0,,0,,19.1,,,M,,M
-52.742777777777775,47.62222222222222,ST JOHN'S A,8403506,8403506.2008.2.27,2008-02-27 00:00:00,NL,2008,2,27,1.8,,-5.8,,9.4,,2.2,,2.2,,0,,17,,18,E,70,E,0,,16.2,,,M,,M
-52.742777777777775,47.62222222222222,ST JOHN'S A,8403506,8403506.2008.2.28,2008-02-28 00:00:00,NL,2008,2,28,3.2,,-2.2,,8.6,,0.6,,0.6,,0,,12,,25,E,61,E,0,,14.8,,,M,,M
-52.742777777777775,47.62222222222222,ST JOHN'S A,8403506,8403506.2008.2.29,2008-02-29 00:00:00,NL,2008,2,29,-7.9,,-13.6,,-2.2,,1.6,,0,T,2.6,,11,,35,E,37,E,0,,25.9,,,M,,M
-52.742777777777775,47.62222222222222,ST JOHN'S A,8403506,8403506.2008.3.1,2008-03-01 00:00:00,NL,2008,3,1,-9.7,,-15.6,,-3.8,,0,T,0,,0,T,13,,16,E,56,E,0,,27.7,,,M,,M
-52.742777777777775,47.62222222222222,ST JOHN'S A,8403506,8403506.2008.3.2,2008-03-02 00:00:00,NL,2008,3,2,-1,,-4,,2.1,,18.4,,11.4,,7,,9,,16,E,70,E,0,,19,,,M,,M
-52.742777777777775,47.62222222222222,ST JOHN'S A,8403506,8403506.2008.3.3,2008-03-03 00:00:00,NL,2008,3,3,-2.5,,-4.5,,-0.4,,2,,0.2,,2,,11,,22,E,48,E,0,,20.5,,,M,,M
-52.742777777777775,47.62222222222222,ST JOHN'S A,8403506,8403506.2008.3.4,2008-03-04 00:00:00,NL,2008,3,4,-1.3,,-6.1,,3.5,,0,T,0,T,0,T,11,,29,E,63,E,0,,19.3,,,M,,M
-52.742777777777775,47.62222222222222,ST JOHN'S A,8403506,8403506.2008.3.5,2008-03-05 00:00:00,NL,2008,3,5,-4.5,,-7,,-2,,0,T,0,T,0,,10,,17,E,72,E,0,,22.5,,,M,,M
-52.742777777777775,47.62222222222222,ST JOHN'S A,8403506,8403506.2008.3.6,2008-03-06 00:00:00,NL,2008,3,6,3.1,,-3.4,,9.5,,5.2,,5.2,,0,,7,,17,E,72,E,0,,14.9,,,M,,M
-52.742777777777775,47.62222222222222,ST JOHN'S A,8403506,8403506.2008.3.7,2008-03-07 00:00:00,NL,2008,3,7,-2.2,,-5.3,,0.9,,0,,0,,0,,5,,0,,0,,0,,20.2,,,M,,M
-52.742777777777775,47.62222222222222,ST JOHN'S A,8403506,8403506.2008.3.8,2008-03-08 00:00:00,NL,2008,3,8,5.1,,-3.6,,13.8,,4.6,,4.6,,0,,5,,26,E,78,E,0,,12.9,,,M,,M
-52.742777777777775,47.62222222222222,ST JOHN'S A,8403506,8403506.2008.3.9,2008-03-09 00:00:00,NL,2008,3,9,-0.2,,-5.6,,5.3,,12.8,,9.8,,1.2,,2,,26,E,76,E,0,,18.2,,,M,,M
-52.742777777777775,47.62222222222222,ST JOHN'S A,8403506,8403506.2008.3.10,2008-03-10 00:00:00,NL,2008,3,10,-6.4,,-12.8,,0.1,,3,,0,,6,,6,,34,E,48,E,0,,24.4,,,M,,M
-52.742777777777775,47.62222222222222,ST JOHN'S A,8403506,8403506.2008.3.11,2008-03-11 00:00:00,NL,2008,3,11,-7.3,,-12.2,,-2.3,,0,,0,,0,,5,,0,,0,,0,,25.3,,,M,,M
-52.742777777777775,47.62222222222222,ST JOHN'S A,8403506,8403506.2008.3.12,2008-03-12 00:00:00,NL,2008,3,12,-2,,-6.4,,2.4,,0,T,0,,0,T,5,,16,E,46,E,0,,20,,,M,,M
-52.742777777777775,47.62222222222222,ST JOHN'S A,8403506,8403506.2008.3.13,2008-03-13 00:00:00,NL,2008,3,13,-3,,-7.4,,1.4,,26.6,,12.2,,14.8,,10,,30,E,76,E,0,,21,,,M,,M
-52.742777777777775,47.62222222222222,ST JOHN'S A,8403506,8403506.2008.3.14,2008-03-14 00:00:00,NL,2008,3,14,-7.1,,-10.5,,-3.7,,0.5,,0,,0.5,,7,,29,E,80,E,0,,25.1,,,M,,M
-52.742777777777775,47.62222222222222,ST JOHN'S A,8403506,8403506.2008.3.15,2008-03-15 00:00:00,NL,2008,3,15,-7.3,,-11.8,,-2.8,,0,T,0,,0,T,7,,25,E,33,E,0,,25.3,,,M,,M
-52.742777777777775,47.62222222222222,ST JOHN'S A,8403506,8403506.2008.3.16,2008-03-16 00:00:00,NL,2008,3,16,-6.9,,-8.4,,-5.4,,17.8,,0,,20.4,,18,,3,E,63,E,0,,24.9,,,M,,M
-52.742777777777775,47.62222222222222,ST JOHN'S A,8403506,8403506.2008.3.17,2008-03-17 00:00:00,NL,2008,3,17,-5.1,,-8.7,,-1.4,,30.3,,0,,37.4,,25,,4,E,96,E,0,,23.1,,,M,,M
-52.742777777777775,47.62222222222222,ST JOHN'S A,8403506,8403506.2008.3.18,2008-03-18 00:00:00,NL,2008,3,18,-0.9,,-1.6,,-0.2,,18.8,,16,,1.2,,53,,,M,,M,0,,18.9,,,M,,M
-52.742777777777775,47.62222222222222,ST JOHN'S A,8403506,8403506.2008.3.19,2008-03-19 00:00:00,NL,2008,3,19,-0.6,,-1.7,,0.6,,32.6,,32.6,,0,,40,,,M,,M,0,,18.6,,,M,,M
-52.742777777777775,47.62222222222222,ST JOHN'S A,8403506,8403506.2008.3.20,2008-03-20 00:00:00,NL,2008,3,20,-0.3,,-1.7,,1.1,,0,T,0,T,0,,33,,,M,,M,0,,18.3,,,M,,M
-52.742777777777775,47.62222222222222,ST JOHN'S A,8403506,8403506.2008.3.21,2008-03-21 00:00:00,NL,2008,3,21,0.1,,-2.9,,3,,11.2,,11.2,,0,T,33,,16,E,63,E,0,,17.9,,,M,,M
-52.742777777777775,47.62222222222222,ST JOHN'S A,8403506,8403506.2008.3.22,2008-03-22 00:00:00,NL,2008,3,22,-1.1,,-4.2,,2,,1.8,,0,,1.8,,28,,23,E,35,E,0,,19.1,,,M,,M
-52.742777777777775,47.62222222222222,ST JOHN'S A,8403506,8403506.2008.3.23,2008-03-23 00:00:00,NL,2008,3,23,-3,,-5.8,,-0.1,,1,,0,,1,,27,,26,E,63,E,0,,21,,,M,,M
-52.742777777777775,47.62222222222222,ST JOHN'S A,8403506,8403506.2008.3.24,2008-03-24 00:00:00,NL,2008,3,24,-4.5,,-7.6,,-1.4,,0,T,0,,0,T,27,,27,E,69,E,0,,22.5,,,M,,M
-52.742777777777775,47.62222222222222,ST JOHN'S A,8403506,8403506.2008.3.25,2008-03-25 00:00:00,NL,2008,3,25,-8,,-9.6,,-6.3,,4.2,,0,,6.4,,26,,2,E,35,E,0,,26,,,M,,M
-52.742777777777775,47.62222222222222,ST JOHN'S A,8403506,8403506.2008.3.26,2008-03-26 00:00:00,NL,2008,3,26,-8.2,,-10.7,,-5.6,,0.4,,0,,0.4,,32,,34,E,32,E,0,,26.2,,,M,,M
-52.742777777777775,47.62222222222222,ST JOHN'S A,8403506,8403506.2008.3.27,2008-03-27 00:00:00,NL,2008,3,27,-3,,-7.6,,1.6,,2.4,,0,,2.4,,31,,17,E,70,E,0,,21,,,M,,M
-52.742777777777775,47.62222222222222,ST JOHN'S A,8403506,8403506.2008.3.28,2008-03-28 00:00:00,NL,2008,3,28,-1.8,,-5.9,,2.3,,0,,0,,0,,32,,28,E,54,E,0,,19.8,,,M,,M
-52.742777777777775,47.62222222222222,ST JOHN'S A,8403506,8403506.2008.3.29,2008-03-29 00:00:00,NL,2008,3,29,-3.8,,-5.8,,-1.8,,8.8,,0,T,10.2,,32,,2,E,44,E,0,,21.8,,,M,,M
-52.742777777777775,47.62222222222222,ST JOHN'S A,8403506,8403506.2008.3.30,2008-03-30 00:00:00,NL,2008,3,30,-4.7,,-7.6,,-1.8,,5.2,,0,,7,,42,,1,E,57,E,0,,22.7,,,M,,M
-52.742777777777775,47.62222222222222,ST JOHN'S A,8403506,8403506.2008.3.31,2008-03-31 00:00:00,NL,2008,3,31,-10,,-13.4,,-6.6,,0,T,0,,0,T,38,,,M,,M,0,,28,,,M,,M
-52.742777777777775,47.62222222222222,ST JOHN'S A,8403506,8403506.2008.4.1,2008-04-01 00:00:00,NL,2008,4,1,-7.9,,-14.1,,-1.7,,0,,0,,0,,35,,0,,0,,0,,25.9,,,M,,M
-52.742777777777775,47.62222222222222,ST JOHN'S A,8403506,8403506.2008.4.2,2008-04-02 00:00:00,NL,2008,4,2,-0.4,,-4.1,,3.4,,8.2,,5,,3.2,,38,,15,E,63,E,0,,18.4,,,M,,M
-52.742777777777775,47.62222222222222,ST JOHN'S A,8403506,8403506.2008.4.3,2008-04-03 00:00:00,NL,2008,4,3,-3.2,,-5.5,,-0.8,,0,T,0,,0.4,,34,,26,E,74,E,0,,21.2,,,M,,M
-52.742777777777775,47.62222222222222,ST JOHN'S A,8403506,8403506.2008.4.4,2008-04-04 00:00:00,NL,2008,4,4,-1.3,,-4.2,,1.7,,0,T,0,,0,T,34,,28,E,67,E,0,,19.3,,,M,,M
-52.742777777777775,47.62222222222222,ST JOHN'S A,8403506,8403506.2008.4.5,2008-04-05 00:00:00,NL,2008,4,5,-2.2,,-6.2,,1.9,,0,,0,,0,,32,,0,,0,,0,,20.2,,,M,,M
-52.742777777777775,47.62222222222222,ST JOHN'S A,8403506,8403506.2008.4.6,2008-04-06 00:00:00,NL,2008,4,6,-1.5,,-4.3,,1.4,,0,T,0,,0,T,30,,2,E,41,E,0,,19.5,,,M,,M
-52.742777777777775,47.62222222222222,ST JOHN'S A,8403506,8403506.2008.4.7,2008-04-07 00:00:00,NL,2008,4,7,-0.7,,-2.1,,0.7,,5.6,,5.6,,0,T,26,,1,E,52,E,0,,18.7,,,M,,M
-52.742777777777775,47.62222222222222,ST JOHN'S A,8403506,8403506.2008.4.8,2008-04-08 00:00:00,NL,2008,4,8,2.5,,0.5,,4.4,,0.8,,0.8,,0,,22,,0,,0,,0,,15.5,,,M,,M
-52.742777777777775,47.62222222222222,ST JOHN'S A,8403506,8403506.2008.4.9,2008-04-09 00:00:00,NL,2008,4,9,4.5,,0.7,,8.3,,0,,0,,0,,17,,0,,0,,0,,13.5,,,M,,M
-52.742777777777775,47.62222222222222,ST JOHN'S A,8403506,8403506.2008.4.10,2008-04-10 00:00:00,NL,2008,4,10,7.2,,3.3,,11,,0,,0,,0,,15,,0,,0,,0,,10.8,,,M,,M
-52.742777777777775,47.62222222222222,ST JOHN'S A,8403506,8403506.2008.4.11,2008-04-11 00:00:00,NL,2008,4,11,2.6,,1.2,,4,,3.6,,3.6,,0,,5,,0,,0,,0,,15.4,,,M,,M
-52.742777777777775,47.62222222222222,ST JOHN'S A,8403506,8403506.2008.4.12,2008-04-12 00:00:00,NL,2008,4,12,2.9,,0.9,,4.8,,0.4,,0.4,,0,,2,,29,E,32,E,0,,15.1,,,M,,M
-52.742777777777775,47.62222222222222,ST JOHN'S A,8403506,8403506.2008.4.13,2008-04-13 00:00:00,NL,2008,4,13,3.2,,0,,6.4,,6.4,,6.4,,0,T,1,,0,,0,,0,,14.8,,,M,,M
-52.742777777777775,47.62222222222222,ST JOHN'S A,8403506,8403506.2008.4.14,2008-04-14 00:00:00,NL,2008,4,14,1,,-1.4,,3.4,,0,T,0,T,0,T,1,,27,E,72,E,0,,17,,,M,,M
-52.742777777777775,47.62222222222222,ST JOHN'S A,8403506,8403506.2008.4.15,2008-04-15 00:00:00,NL,2008,4,15,1.2,,-2.5,,4.8,,0,T,0,,0,T,1,,27,E,72,E,0,,16.8,,,M,,M
-52.742777777777775,47.62222222222222,ST JOHN'S A,8403506,8403506.2008.4.16,2008-04-16 00:00:00,NL,2008,4,16,3.1,,-2.7,,8.8,,0,,0,,0,,1,,27,E,59,E,0,,14.9,,,M,,M
-52.742777777777775,47.62222222222222,ST JOHN'S A,8403506,8403506.2008.4.17,2008-04-17 00:00:00,NL,2008,4,17,7.8,,2.1,,13.4,,0,,0,,0,,1,,27,E,67,E,0,,10.2,,,M,,M
-52.742777777777775,47.62222222222222,ST JOHN'S A,8403506,8403506.2008.4.18,2008-04-18 00:00:00,NL,2008,4,18,9.2,,2.4,,15.9,,20.8,,20.8,,0,,0,T,27,E,52,E,0,,8.8,,,M,,M
-52.742777777777775,47.62222222222222,ST JOHN'S A,8403506,8403506.2008.4.19,2008-04-19 00:00:00,NL,2008,4,19,0.4,,-4.1,,4.8,,12.6,,11.8,,0.8,,0,T,4,E,39,E,0,,17.6,,,M,,M
-52.742777777777775,47.62222222222222,ST JOHN'S A,8403506,8403506.2008.4.20,2008-04-20 00:00:00,NL,2008,4,20,1.1,,-5,,7.2,,0,,0,,0,,1,,32,E,37,E,0,,16.9,,,M,,M
-52.742777777777775,47.62222222222222,ST JOHN'S A,8403506,8403506.2008.4.21,2008-04-21 00:00:00,NL,2008,4,21,4.2,,-2.3,,10.7,,0,,0,,0,,0,,29,E,39,E,0,,13.8,,,M,,M
-52.742777777777775,47.62222222222222,ST JOHN'S A,8403506,8403506.2008.4.22,2008-04-22 00:00:00,NL,2008,4,22,-0.4,,-5.2,,4.4,,0,T,0,,0,T,0,,35,E,37,E,0,,18.4,,,M,,M
-52.742777777777775,47.62222222222222,ST JOHN'S A,8403506,8403506.2008.4.23,2008-04-23 00:00:00,NL,2008,4,23,-1.2,,-6.8,,4.4,,0,,0,,0,,0,,30,E,32,E,0,,19.2,,,M,,M
-52.742777777777775,47.62222222222222,ST JOHN'S A,8403506,8403506.2008.4.24,2008-04-24 00:00:00,NL,2008,4,24,2.1,,-2.7,,6.9,,0,T,0,,0,T,0,T,0,,0,,0,,15.9,,,M,,M
-52.742777777777775,47.62222222222222,ST JOHN'S A,8403506,8403506.2008.4.25,2008-04-25 00:00:00,NL,2008,4,25,-1.5,,-2.8,,-0.2,,0.2,,0,,0.2,,0,,0,,0,,0,,19.5,,,M,,M
-52.742777777777775,47.62222222222222,ST JOHN'S A,8403506,8403506.2008.4.26,2008-04-26 00:00:00,NL,2008,4,26,-1,,-2.9,,0.9,,0,T,0,,0,T,0,T,6,E,37,E,0,,19,,,M,,M
-52.742777777777775,47.62222222222222,ST JOHN'S A,8403506,8403506.2008.4.27,2008-04-27 00:00:00,NL,2008,4,27,1.5,,-0.9,,3.8,,21.2,,21.2,,0,,0,,8,E,52,E,0,,16.5,,,M,,M
-52.742777777777775,47.62222222222222,ST JOHN'S A,8403506,8403506.2008.4.28,2008-04-28 00:00:00,NL,2008,4,28,2.9,,1.9,,3.9,,16,,16,,0,,0,,9,E,46,E,0,,15.1,,,M,,M
-52.742777777777775,47.62222222222222,ST JOHN'S A,8403506,8403506.2008.4.29,2008-04-29 00:00:00,NL,2008,4,29,2.7,,1.1,,4.3,,4.2,,4.2,,0,,0,,7,E,32,E,0,,15.3,,,M,,M
-52.742777777777775,47.62222222222222,ST JOHN'S A,8403506,8403506.2008.4.30,2008-04-30 00:00:00,NL,2008,4,30,2.2,,0.8,,3.6,,9.2,,9.2,,0,,0,,10,E,48,E,0,,15.8,,,M,,M
-52.742777777777775,47.62222222222222,ST JOHN'S A,8403506,8403506.2008.5.1,2008-05-01 00:00:00,NL,2008,5,1,1.6,,-0.7,,3.9,,0,T,0,T,0,,0,,10,E,37,E,0,,16.4,,,M,,M
-52.742777777777775,47.62222222222222,ST JOHN'S A,8403506,8403506.2008.5.2,2008-05-02 00:00:00,NL,2008,5,2,0.3,,-1.2,,1.7,,0,T,0,T,0,T,0,,36,E,33,E,0,,17.7,,,M,,M
-52.742777777777775,47.62222222222222,ST JOHN'S A,8403506,8403506.2008.5.3,2008-05-03 00:00:00,NL,2008,5,3,1.7,,-1.8,,5.1,,0.2,,0.2,,0,,0,,36,E,32,E,0,,16.3,,,M,,M
-52.742777777777775,47.62222222222222,ST JOHN'S A,8403506,8403506.2008.5.4,2008-05-04 00:00:00,NL,2008,5,4,3.1,,-0.3,,6.4,,0,T,0,T,0,,0,,0,,0,,0,,14.9,,,M,,M
-52.742777777777775,47.62222222222222,ST JOHN'S A,8403506,8403506.2008.5.5,2008-05-05 00:00:00,NL,2008,5,5,9.2,,0.9,,17.5,,0,,0,,0,,0,,0,,0,,0,,8.8,,,M,,M
-52.742777777777775,47.62222222222222,ST JOHN'S A,8403506,8403506.2008.5.6,2008-05-06 00:00:00,NL,2008,5,6,4.2,,-0.4,,8.7,,0,,0,,0,,0,,0,,0,,0,,13.8,,,M,,M
-52.742777777777775,47.62222222222222,ST JOHN'S A,8403506,8403506.2008.5.7,2008-05-07 00:00:00,NL,2008,5,7,1.4,,-0.6,,3.3,,2,,2,,0,,0,,6,E,41,E,0,,16.6,,,M,,M
-52.742777777777775,47.62222222222222,ST JOHN'S A,8403506,8403506.2008.5.8,2008-05-08 00:00:00,NL,2008,5,8,1.8,,0.4,,3.1,,31,,31,,0,,0,,2,E,63,E,0,,16.2,,,M,,M
-52.742777777777775,47.62222222222222,ST JOHN'S A,8403506,8403506.2008.5.9,2008-05-09 00:00:00,NL,2008,5,9,2.3,,1.1,,3.4,,0.8,,0.8,,0,,0,,2,E,35,E,0,,15.7,,,M,,M
-52.742777777777775,47.62222222222222,ST JOHN'S A,8403506,8403506.2008.5.10,2008-05-10 00:00:00,NL,2008,5,10,2.8,,-0.7,,6.2,,0.3,,0.3,,0,,0,,0,,0,,0,,15.2,,,M,,M
-52.742777777777775,47.62222222222222,ST JOHN'S A,8403506,8403506.2008.5.11,2008-05-11 00:00:00,NL,2008,5,11,0.7,,-0.7,,2,,14.4,,12.4,,2,,0,,7,E,57,E,0,,17.3,,,M,,M
-52.742777777777775,47.62222222222222,ST JOHN'S A,8403506,8403506.2008.5.12,2008-05-12 00:00:00,NL,2008,5,12,1.6,,0.6,,2.5,,26.4,,26.4,,0,,0,,7,E,52,E,0,,16.4,,,M,,M
-52.742777777777775,47.62222222222222,ST JOHN'S A,8403506,8403506.2008.5.13,2008-05-13 00:00:00,NL,2008,5,13,1.5,,-0.5,,3.4,,0.2,,0.2,,0,,0,,36,E,50,E,0,,16.5,,,M,,M
-52.742777777777775,47.62222222222222,ST JOHN'S A,8403506,8403506.2008.5.14,2008-05-14 00:00:00,NL,2008,5,14,0.7,,-0.7,,2,,2.6,,2.6,,0,,0,,4,E,46,E,0,,17.3,,,M,,M
-52.742777777777775,47.62222222222222,ST JOHN'S A,8403506,8403506.2008.5.15,2008-05-15 00:00:00,NL,2008,5,15,2.1,,0.4,,3.8,,3.8,,3.8,,0,,0,,0,,0,,0,,15.9,,,M,,M
-52.742777777777775,47.62222222222222,ST JOHN'S A,8403506,8403506.2008.5.16,2008-05-16 00:00:00,NL,2008,5,16,5.1,,1.7,,8.4,,3,,3,,0,,0,,27,E,33,E,0,,12.9,,,M,,M
-52.742777777777775,47.62222222222222,ST JOHN'S A,8403506,8403506.2008.5.17,2008-05-17 00:00:00,NL,2008,5,17,12,,4.3,,19.6,,5.2,,5.2,,0,,0,,27,E,33,E,0,,6,,,M,,M
-52.742777777777775,47.62222222222222,ST JOHN'S A,8403506,8403506.2008.5.18,2008-05-18 00:00:00,NL,2008,5,18,6.4,,4.3,,8.4,,3.8,,3.8,,0,,0,,26,E,57,E,0,,11.6,,,M,,M
-52.742777777777775,47.62222222222222,ST JOHN'S A,8403506,8403506.2008.5.19,2008-05-19 00:00:00,NL,2008,5,19,12.7,,3.8,,21.5,,0,,0,,0,,0,,26,E,44,E,0,,5.3,,,M,,M
-52.742777777777775,47.62222222222222,ST JOHN'S A,8403506,8403506.2008.5.20,2008-05-20 00:00:00,NL,2008,5,20,10,,3.3,,16.6,,2.4,,2.4,,0,,0,,25,E,48,E,0,,8,,,M,,M
-52.742777777777775,47.62222222222222,ST JOHN'S A,8403506,8403506.2008.5.21,2008-05-21 00:00:00,NL,2008,5,21,8.8,,3.2,,14.3,,11.4,,11.4,,0,,0,,16,E,63,E,0,,9.2,,,M,,M
-52.742777777777775,47.62222222222222,ST JOHN'S A,8403506,8403506.2008.5.22,2008-05-22 00:00:00,NL,2008,5,22,7.5,,4.1,,10.9,,0,,0,,0,,0,,25,E,59,E,0,,10.5,,,M,,M
-52.742777777777775,47.62222222222222,ST JOHN'S A,8403506,8403506.2008.5.23,2008-05-23 00:00:00,NL,2008,5,23,7.2,,3.2,,11.1,,8.4,,8.4,,0,,0,,8,E,37,E,0,,10.8,,,M,,M
-52.742777777777775,47.62222222222222,ST JOHN'S A,8403506,8403506.2008.5.24,2008-05-24 00:00:00,NL,2008,5,24,8,,3.1,,12.8,,0,T,0,T,0,,0,,26,E,44,E,0,,10,,,M,,M
-52.742777777777775,47.62222222222222,ST JOHN'S A,8403506,8403506.2008.5.25,2008-05-25 00:00:00,NL,2008,5,25,7.1,,2.2,,11.9,,0,,0,,0,,0,,26,E,46,E,0,,10.9,,,M,,M
-52.742777777777775,47.62222222222222,ST JOHN'S A,8403506,8403506.2008.5.26,2008-05-26 00:00:00,NL,2008,5,26,10.2,,2.4,,18,,0,,0,,0,,0,,25,E,57,E,0,,7.8,,,M,,M
-52.742777777777775,47.62222222222222,ST JOHN'S A,8403506,8403506.2008.5.27,2008-05-27 00:00:00,NL,2008,5,27,12,,8.9,,15,,1.4,,1.4,,0,,0,,23,E,67,E,0,,6,,,M,,M
-52.742777777777775,47.62222222222222,ST JOHN'S A,8403506,8403506.2008.5.28,2008-05-28 00:00:00,NL,2008,5,28,7.3,,3.4,,11.1,,3.6,,3.6,,0,,0,,25,E,65,E,0,,10.7,,,M,,M
-52.742777777777775,47.62222222222222,ST JOHN'S A,8403506,8403506.2008.5.29,2008-05-29 00:00:00,NL,2008,5,29,9.4,,2.5,,16.3,,0,,0,,0,,0,,27,E,44,E,0,,8.6,,,M,,M
-52.742777777777775,47.62222222222222,ST JOHN'S A,8403506,8403506.2008.5.30,2008-05-30 00:00:00,NL,2008,5,30,10,,5.1,,14.9,,0,,0,,0,,0,,26,E,61,E,0,,8,,,M,,M
-52.742777777777775,47.62222222222222,ST JOHN'S A,8403506,8403506.2008.5.31,2008-05-31 00:00:00,NL,2008,5,31,11,,4.6,,17.3,,0,,0,,0,,0,,28,E,52,E,0,,7,,,M,,M
-52.742777777777775,47.62222222222222,ST JOHN'S A,8403506,8403506.2008.6.1,2008-06-01 00:00:00,NL,2008,6,1,8.9,,3.9,,13.9,,11.4,,11.4,,0,,0,,18,E,52,E,0,,9.1,,,M,,M
-52.742777777777775,47.62222222222222,ST JOHN'S A,8403506,8403506.2008.6.2,2008-06-02 00:00:00,NL,2008,6,2,11.4,,7.3,,15.4,,31.2,,31.2,,0,,0,,26,E,37,E,0,,6.6,,,M,,M
-52.742777777777775,47.62222222222222,ST JOHN'S A,8403506,8403506.2008.6.3,2008-06-03 00:00:00,NL,2008,6,3,12.9,,7.9,,17.9,,0,,0,,0,,0,,27,E,46,E,0,,5.1,,,M,,M
-52.742777777777775,47.62222222222222,ST JOHN'S A,8403506,8403506.2008.6.4,2008-06-04 00:00:00,NL,2008,6,4,14,,6.8,,21.2,,0,T,0,T,0,,0,,26,E,35,E,0,,4,,,M,,M
-52.742777777777775,47.62222222222222,ST JOHN'S A,8403506,8403506.2008.6.5,2008-06-05 00:00:00,NL,2008,6,5,11.5,,5,,17.9,,3.4,,3.4,,0,,0,,0,,0,,0,,6.5,,,M,,M
-52.742777777777775,47.62222222222222,ST JOHN'S A,8403506,8403506.2008.6.6,2008-06-06 00:00:00,NL,2008,6,6,4.6,,1,,8.2,,0,T,0,T,0,,0,,36,E,46,E,0,,13.4,,,M,,M
-52.742777777777775,47.62222222222222,ST JOHN'S A,8403506,8403506.2008.6.7,2008-06-07 00:00:00,NL,2008,6,7,4.9,,0.2,,9.5,,0,,0,,0,,0,,0,,0,,0,,13.1,,,M,,M
-52.742777777777775,47.62222222222222,ST JOHN'S A,8403506,8403506.2008.6.8,2008-06-08 00:00:00,NL,2008,6,8,8.9,,2.8,,14.9,,0,,0,,0,,0,,18,E,35,E,0,,9.1,,,M,,M
-52.742777777777775,47.62222222222222,ST JOHN'S A,8403506,8403506.2008.6.9,2008-06-09 00:00:00,NL,2008,6,9,6.9,,3.5,,10.3,,0,,0,,0,,0,,0,,0,,0,,11.1,,,M,,M
-52.742777777777775,47.62222222222222,ST JOHN'S A,8403506,8403506.2008.6.10,2008-06-10 00:00:00,NL,2008,6,10,6.4,,4.3,,8.4,,0.4,,0.4,,0,,0,,1,E,65,E,0,,11.6,,,M,,M
-52.742777777777775,47.62222222222222,ST JOHN'S A,8403506,8403506.2008.6.11,2008-06-11 00:00:00,NL,2008,6,11,8.2,,4.7,,11.7,,0.6,,0.6,,0,,0,,1,E,39,E,0,,9.8,,,M,,M
-52.742777777777775,47.62222222222222,ST JOHN'S A,8403506,8403506.2008.6.12,2008-06-12 00:00:00,NL,2008,6,12,11,,5.6,,16.3,,0,T,0,T,0,,0,,0,,0,,0,,7,,,M,,M
-52.742777777777775,47.62222222222222,ST JOHN'S A,8403506,8403506.2008.6.13,2008-06-13 00:00:00,NL,2008,6,13,8,,5.6,,10.3,,9,,9,,0,,0,,1,E,35,E,0,,10,,,M,,M
-52.742777777777775,47.62222222222222,ST JOHN'S A,8403506,8403506.2008.6.14,2008-06-14 00:00:00,NL,2008,6,14,7.3,,5.6,,8.9,,13.8,,13.8,,0,,0,,0,,0,,0,,10.7,,,M,,M
-52.742777777777775,47.62222222222222,ST JOHN'S A,8403506,8403506.2008.6.15,2008-06-15 00:00:00,NL,2008,6,15,8.1,,5.5,,10.7,,7.2,,7.2,,0,,0,,6,E,39,E,0,,9.9,,,M,,M
-52.742777777777775,47.62222222222222,ST JOHN'S A,8403506,8403506.2008.6.16,2008-06-16 00:00:00,NL,2008,6,16,8.3,,6.2,,10.3,,19,,19,,0,,0,,0,,0,,0,,9.7,,,M,,M
-52.742777777777775,47.62222222222222,ST JOHN'S A,8403506,8403506.2008.6.17,2008-06-17 00:00:00,NL,2008,6,17,10.6,,6.5,,14.7,,0.8,,0.8,,0,,0,,0,,0,,0,,7.4,,,M,,M
-52.742777777777775,47.62222222222222,ST JOHN'S A,8403506,8403506.2008.6.18,2008-06-18 00:00:00,NL,2008,6,18,11,,7.2,,14.7,,1.2,,1.2,,0,,0,,0,,0,,0,,7,,,M,,M
-52.742777777777775,47.62222222222222,ST JOHN'S A,8403506,8403506.2008.6.19,2008-06-19 00:00:00,NL,2008,6,19,10.7,,7.3,,14,,0.2,,0.2,,0,,0,,0,,0,,0,,7.3,,,M,,M
-52.742777777777775,47.62222222222222,ST JOHN'S A,8403506,8403506.2008.6.20,2008-06-20 00:00:00,NL,2008,6,20,8.7,,7.2,,10.2,,4.6,,4.6,,0,,0,,14,E,37,E,0,,9.3,,,M,,M
-52.742777777777775,47.62222222222222,ST JOHN'S A,8403506,8403506.2008.6.21,2008-06-21 00:00:00,NL,2008,6,21,10.2,,7.9,,12.5,,2.4,,2.4,,0,,0,,0,,0,,0,,7.8,,,M,,M
-52.742777777777775,47.62222222222222,ST JOHN'S A,8403506,8403506.2008.6.22,2008-06-22 00:00:00,NL,2008,6,22,15.3,,9,,21.6,,0,,0,,0,,0,,27,E,33,E,0,,2.7,,,M,,M
-52.742777777777775,47.62222222222222,ST JOHN'S A,8403506,8403506.2008.6.23,2008-06-23 00:00:00,NL,2008,6,23,16.8,,9.3,,24.2,,0,,0,,0,,0,,27,E,39,E,0,,1.2,,,M,,M
-52.742777777777775,47.62222222222222,ST JOHN'S A,8403506,8403506.2008.6.24,2008-06-24 00:00:00,NL,2008,6,24,18.9,,13.5,,24.2,,0,T,0,T,0,,0,,24,E,46,E,0.9,,0,,,M,,M
-52.742777777777775,47.62222222222222,ST JOHN'S A,8403506,8403506.2008.6.25,2008-06-25 00:00:00,NL,2008,6,25,17.5,,12.4,,22.6,,0,,0,,0,,0,,26,E,52,E,0,,0.5,,,M,,M
-52.742777777777775,47.62222222222222,ST JOHN'S A,8403506,8403506.2008.6.26,2008-06-26 00:00:00,NL,2008,6,26,14.6,,8,,21.2,,0.8,,0.8,,0,,0,,29,E,48,E,0,,3.4,,,M,,M
-52.742777777777775,47.62222222222222,ST JOHN'S A,8403506,8403506.2008.6.27,2008-06-27 00:00:00,NL,2008,6,27,9.2,,8.1,,10.2,,13,,13,,0,,0,,0,,0,,0,,8.8,,,M,,M
-52.742777777777775,47.62222222222222,ST JOHN'S A,8403506,8403506.2008.6.28,2008-06-28 00:00:00,NL,2008,6,28,9.1,,7.6,,10.5,,0.8,,0.8,,0,,0,,0,,0,,0,,8.9,,,M,,M
-52.742777777777775,47.62222222222222,ST JOHN'S A,8403506,8403506.2008.6.29,2008-06-29 00:00:00,NL,2008,6,29,9.4,,7,,11.7,,0,T,0,T,0,,0,,0,,0,,0,,8.6,,,M,,M
-52.742777777777775,47.62222222222222,ST JOHN'S A,8403506,8403506.2008.6.30,2008-06-30 00:00:00,NL,2008,6,30,9.9,,7.4,,12.4,,9.4,,9.4,,0,,0,,15,E,57,E,0,,8.1,,,M,,M
-52.742777777777775,47.62222222222222,ST JOHN'S A,8403506,8403506.2008.7.1,2008-07-01 00:00:00,NL,2008,7,1,16.9,,12.4,,21.4,,2.6,,2.6,,0,,0,,26,E,56,E,0,,1.1,,,M,,M
-52.742777777777775,47.62222222222222,ST JOHN'S A,8403506,8403506.2008.7.2,2008-07-02 00:00:00,NL,2008,7,2,19.6,,13,,26.2,,0,,0,,0,,0,,27,E,37,E,1.6,,0,,,M,,M
-52.742777777777775,47.62222222222222,ST JOHN'S A,8403506,8403506.2008.7.3,2008-07-03 00:00:00,NL,2008,7,3,18.2,,12.4,,23.9,,0,T,0,T,0,,0,,26,E,54,E,0.2,,0,,,M,,M
-52.742777777777775,47.62222222222222,ST JOHN'S A,8403506,8403506.2008.7.4,2008-07-04 00:00:00,NL,2008,7,4,17.2,,12.5,,21.9,,0,,0,,0,,0,,25,E,61,E,0,,0.8,,,M,,M
-52.742777777777775,47.62222222222222,ST JOHN'S A,8403506,8403506.2008.7.5,2008-07-05 00:00:00,NL,2008,7,5,18.1,,11.8,,24.4,,0,,0,,0,,0,,26,E,35,E,0.1,,0,,,M,,M
-52.742777777777775,47.62222222222222,ST JOHN'S A,8403506,8403506.2008.7.6,2008-07-06 00:00:00,NL,2008,7,6,16.7,,11.5,,21.9,,0,,0,,0,,0,,26,E,44,E,0,,1.3,,,M,,M
-52.742777777777775,47.62222222222222,ST JOHN'S A,8403506,8403506.2008.7.7,2008-07-07 00:00:00,NL,2008,7,7,19.2,,11.9,,26.5,,0,,0,,0,,0,,27,E,35,E,1.2,,0,,,M,,M
-52.742777777777775,47.62222222222222,ST JOHN'S A,8403506,8403506.2008.7.8,2008-07-08 00:00:00,NL,2008,7,8,20.9,,14.3,,27.4,,0,,0,,0,,0,,26,E,44,E,2.9,,0,,,M,,M
-52.742777777777775,47.62222222222222,ST JOHN'S A,8403506,8403506.2008.7.9,2008-07-09 00:00:00,NL,2008,7,9,21.6,,13.7,,29.5,,0,,0,,0,,0,,27,E,32,E,3.6,,0,,,M,,M
-52.742777777777775,47.62222222222222,ST JOHN'S A,8403506,8403506.2008.7.10,2008-07-10 00:00:00,NL,2008,7,10,21,,15.7,,26.2,,0,,0,,0,,0,,26,E,59,E,3,,0,,,M,,M
-52.742777777777775,47.62222222222222,ST JOHN'S A,8403506,8403506.2008.7.11,2008-07-11 00:00:00,NL,2008,7,11,20.5,,14.3,,26.7,,1.8,,1.8,,0,,0,,23,E,41,E,2.5,,0,,,M,,M
-52.742777777777775,47.62222222222222,ST JOHN'S A,8403506,8403506.2008.7.12,2008-07-12 00:00:00,NL,2008,7,12,14.5,,9.4,,19.6,,0,,0,,0,,0,,0,,0,,0,,3.5,,,M,,M
-52.742777777777775,47.62222222222222,ST JOHN'S A,8403506,8403506.2008.7.13,2008-07-13 00:00:00,NL,2008,7,13,15.2,,8.8,,21.6,,0,T,0,T,0,,0,,0,,0,,0,,2.8,,,M,,M
-52.742777777777775,47.62222222222222,ST JOHN'S A,8403506,8403506.2008.7.14,2008-07-14 00:00:00,NL,2008,7,14,17.9,,11.4,,24.4,,0,,0,,0,,0,,19,E,35,E,0,,0.1,,,M,,M
-52.742777777777775,47.62222222222222,ST JOHN'S A,8403506,8403506.2008.7.15,2008-07-15 00:00:00,NL,2008,7,15,18.1,,15.2,,21,,0.6,,0.6,,0,,0,,20,E,48,E,0.1,,0,,,M,,M
-52.742777777777775,47.62222222222222,ST JOHN'S A,8403506,8403506.2008.7.16,2008-07-16 00:00:00,NL,2008,7,16,22.4,,16.9,,27.9,,0,,0,,0,,0,,25,E,35,E,4.4,,0,,,M,,M
-52.742777777777775,47.62222222222222,ST JOHN'S A,8403506,8403506.2008.7.17,2008-07-17 00:00:00,NL,2008,7,17,21.1,,16.4,,25.8,,0,,0,,0,,0,,18,E,37,E,3.1,,0,,,M,,M
-52.742777777777775,47.62222222222222,ST JOHN'S A,8403506,8403506.2008.7.18,2008-07-18 00:00:00,NL,2008,7,18,20.4,,15.3,,25.5,,0,,0,,0,,0,,0,,0,,2.4,,0,,,M,,M
-52.742777777777775,47.62222222222222,ST JOHN'S A,8403506,8403506.2008.7.19,2008-07-19 00:00:00,NL,2008,7,19,19.2,,14.4,,24,,10.8,,10.8,,0,,0,,0,,0,,1.2,,0,,,M,,M
-52.742777777777775,47.62222222222222,ST JOHN'S A,8403506,8403506.2008.7.20,2008-07-20 00:00:00,NL,2008,7,20,16.2,,11.2,,21.2,,0,,0,,0,,0,,0,,0,,0,,1.8,,,M,,M
-52.742777777777775,47.62222222222222,ST JOHN'S A,8403506,8403506.2008.7.21,2008-07-21 00:00:00,NL,2008,7,21,15.8,,10.7,,20.9,,36.3,,36.3,,0,,0,,12,E,39,E,0,,2.2,,,M,,M
-52.742777777777775,47.62222222222222,ST JOHN'S A,8403506,8403506.2008.7.22,2008-07-22 00:00:00,NL,2008,7,22,15.4,,12.4,,18.4,,12.8,,12.8,,0,,0,,0,,0,,0,,2.6,,,M,,M
-52.742777777777775,47.62222222222222,ST JOHN'S A,8403506,8403506.2008.7.23,2008-07-23 00:00:00,NL,2008,7,23,10.8,,7.3,,14.3,,2.8,,2.8,,0,,0,,7,E,32,E,0,,7.2,,,M,,M
-52.742777777777775,47.62222222222222,ST JOHN'S A,8403506,8403506.2008.7.24,2008-07-24 00:00:00,NL,2008,7,24,14.3,,6.4,,22.1,,0,,0,,0,,0,,0,,0,,0,,3.7,,,M,,M
-52.742777777777775,47.62222222222222,ST JOHN'S A,8403506,8403506.2008.7.25,2008-07-25 00:00:00,NL,2008,7,25,19.4,,12.9,,25.8,,0,,0,,0,,0,,,M,,M,1.4,,0,,,M,,M
-52.742777777777775,47.62222222222222,ST JOHN'S A,8403506,8403506.2008.7.26,2008-07-26 00:00:00,NL,2008,7,26,22.5,,18.8,,26.1,,7.2,,7.2,,0,,0,,27,E,52,E,4.5,,0,,,M,,M
-52.742777777777775,47.62222222222222,ST JOHN'S A,8403506,8403506.2008.7.27,2008-07-27 00:00:00,NL,2008,7,27,21.7,,18.5,,24.9,,6.6,,6.6,,0,,0,,25,E,44,E,3.7,,0,,,M,,M
-52.742777777777775,47.62222222222222,ST JOHN'S A,8403506,8403506.2008.7.28,2008-07-28 00:00:00,NL,2008,7,28,22,,18,,25.9,,0.4,,0.4,,0,,0,,27,E,37,E,4,,0,,,M,,M
-52.742777777777775,47.62222222222222,ST JOHN'S A,8403506,8403506.2008.7.29,2008-07-29 00:00:00,NL,2008,7,29,21.6,,17.8,,25.4,,0,T,0,T,0,,0,,0,,0,,3.6,,0,,,M,,M
-52.742777777777775,47.62222222222222,ST JOHN'S A,8403506,8403506.2008.7.30,2008-07-30 00:00:00,NL,2008,7,30,16.5,,14.6,,18.4,,22.4,,22.4,,0,,0,,,M,,M,0,,1.5,,,M,,M
-52.742777777777775,47.62222222222222,ST JOHN'S A,8403506,8403506.2008.7.31,2008-07-31 00:00:00,NL,2008,7,31,16.2,,12.8,,19.5,,2.8,,2.8,,0,,0,,0,,0,,0,,1.8,,,M,,M
-52.742777777777775,47.62222222222222,ST JOHN'S A,8403506,8403506.2008.8.1,2008-08-01 00:00:00,NL,2008,8,1,13.9,,12.7,,15,,6.2,,6.2,,0,,0,,0,,0,,0,,4.1,,,M,,M
-52.742777777777775,47.62222222222222,ST JOHN'S A,8403506,8403506.2008.8.2,2008-08-02 00:00:00,NL,2008,8,2,13.9,,12.4,,15.4,,1.4,,1.4,,0,,0,,4,E,32,E,0,,4.1,,,M,,M
-52.742777777777775,47.62222222222222,ST JOHN'S A,8403506,8403506.2008.8.3,2008-08-03 00:00:00,NL,2008,8,3,12.3,,10,,14.5,,0.6,,0.6,,0,,0,,0,,0,,0,,5.7,,,M,,M
-52.742777777777775,47.62222222222222,ST JOHN'S A,8403506,8403506.2008.8.4,2008-08-04 00:00:00,NL,2008,8,4,12.4,,11,,13.7,,16.4,,16.4,,0,,0,,0,,0,,0,,5.6,,,M,,M
-52.742777777777775,47.62222222222222,ST JOHN'S A,8403506,8403506.2008.8.5,2008-08-05 00:00:00,NL,2008,8,5,13.1,,12,,14.2,,7.6,,7.6,,0,,0,,0,,0,,0,,4.9,,,M,,M
-52.742777777777775,47.62222222222222,ST JOHN'S A,8403506,8403506.2008.8.6,2008-08-06 00:00:00,NL,2008,8,6,13,,12,,14,,3.9,,3.9,,0,,0,,6,E,33,E,0,,5,,,M,,M
-52.742777777777775,47.62222222222222,ST JOHN'S A,8403506,8403506.2008.8.7,2008-08-07 00:00:00,NL,2008,8,7,11.6,,8.2,,14.9,,0.4,,0.4,,0,,0,,0,,0,,0,,6.4,,,M,,M
-52.742777777777775,47.62222222222222,ST JOHN'S A,8403506,8403506.2008.8.8,2008-08-08 00:00:00,NL,2008,8,8,14,,7.4,,20.5,,0,,0,,0,,0,,0,,0,,0,,4,,,M,,M
-52.742777777777775,47.62222222222222,ST JOHN'S A,8403506,8403506.2008.8.9,2008-08-09 00:00:00,NL,2008,8,9,13.4,,11.3,,15.4,,5.4,,5.4,,0,,0,,0,,0,,0,,4.6,,,M,,M
-52.742777777777775,47.62222222222222,ST JOHN'S A,8403506,8403506.2008.8.10,2008-08-10 00:00:00,NL,2008,8,10,14.5,,13.6,,15.3,,3,,3,,0,,0,,0,,0,,0,,3.5,,,M,,M
-52.742777777777775,47.62222222222222,ST JOHN'S A,8403506,8403506.2008.8.11,2008-08-11 00:00:00,NL,2008,8,11,14.9,,13.8,,15.9,,2.8,,2.8,,0,,0,,0,,0,,0,,3.1,,,M,,M
-52.742777777777775,47.62222222222222,ST JOHN'S A,8403506,8403506.2008.8.12,2008-08-12 00:00:00,NL,2008,8,12,17,,14.9,,19,,5.2,,5.2,,0,,0,,25,E,33,E,0,,1,,,M,,M
-52.742777777777775,47.62222222222222,ST JOHN'S A,8403506,8403506.2008.8.13,2008-08-13 00:00:00,NL,2008,8,13,20.4,,15.1,,25.6,,0,T,0,T,0,,0,,25,E,46,E,2.4,,0,,,M,,M
-52.742777777777775,47.62222222222222,ST JOHN'S A,8403506,8403506.2008.8.14,2008-08-14 00:00:00,NL,2008,8,14,19,,15,,22.9,,6,,6,,0,,0,,,M,,M,1,,0,,,M,,M
-52.742777777777775,47.62222222222222,ST JOHN'S A,8403506,8403506.2008.8.15,2008-08-15 00:00:00,NL,2008,8,15,16.7,,12,,21.3,,37.8,,37.8,,0,,0,,34,E,85,E,0,,1.3,,,M,,M
-52.742777777777775,47.62222222222222,ST JOHN'S A,8403506,8403506.2008.8.16,2008-08-16 00:00:00,NL,2008,8,16,17,,11.1,,22.9,,0,,0,,0,,0,,28,E,35,E,0,,1,,,M,,M
-52.742777777777775,47.62222222222222,ST JOHN'S A,8403506,8403506.2008.8.17,2008-08-17 00:00:00,NL,2008,8,17,14.9,,12.6,,17.2,,8.8,,8.8,,0,,0,,29,E,89,E,0,,3.1,,,M,,M
-52.742777777777775,47.62222222222222,ST JOHN'S A,8403506,8403506.2008.8.18,2008-08-18 00:00:00,NL,2008,8,18,17.5,,12.4,,22.6,,1.2,,1.2,,0,,0,,25,E,44,E,0,,0.5,,,M,,M
-52.742777777777775,47.62222222222222,ST JOHN'S A,8403506,8403506.2008.8.19,2008-08-19 00:00:00,NL,2008,8,19,17.1,,10.4,,23.8,,0,,0,,0,,0,,25,E,50,E,0,,0.9,,,M,,M
-52.742777777777775,47.62222222222222,ST JOHN'S A,8403506,8403506.2008.8.20,2008-08-20 00:00:00,NL,2008,8,20,17.7,,12.4,,22.9,,4,,4,,0,,0,,25,E,39,E,0,,0.3,,,M,,M
-52.742777777777775,47.62222222222222,ST JOHN'S A,8403506,8403506.2008.8.21,2008-08-21 00:00:00,NL,2008,8,21,15.6,,12.3,,18.9,,0,T,0,T,0,,0,,24,E,48,E,0,,2.4,,,M,,M
-52.742777777777775,47.62222222222222,ST JOHN'S A,8403506,8403506.2008.8.22,2008-08-22 00:00:00,NL,2008,8,22,17.6,,11.3,,23.9,,0,,0,,0,,0,,27,E,41,E,0,,0.4,,,M,,M
-52.742777777777775,47.62222222222222,ST JOHN'S A,8403506,8403506.2008.8.23,2008-08-23 00:00:00,NL,2008,8,23,19.2,,14.2,,24.2,,0,,0,,0,,0,,26,E,54,E,1.2,,0,,,M,,M
-52.742777777777775,47.62222222222222,ST JOHN'S A,8403506,8403506.2008.8.24,2008-08-24 00:00:00,NL,2008,8,24,19.8,,14.3,,25.3,,0,,0,,0,,0,,27,E,56,E,1.8,,0,,,M,,M
-52.742777777777775,47.62222222222222,ST JOHN'S A,8403506,8403506.2008.8.25,2008-08-25 00:00:00,NL,2008,8,25,20,,14.8,,25.2,,0.8,,0.8,,0,,0,,25,E,50,E,2,,0,,,M,,M
-52.742777777777775,47.62222222222222,ST JOHN'S A,8403506,8403506.2008.8.26,2008-08-26 00:00:00,NL,2008,8,26,18.9,,15.6,,22.2,,0,T,0,T,0,,0,,25,E,56,E,0.9,,0,,,M,,M
-52.742777777777775,47.62222222222222,ST JOHN'S A,8403506,8403506.2008.8.27,2008-08-27 00:00:00,NL,2008,8,27,18.5,,13.3,,23.7,,2,,2,,0,,0,,5,E,39,E,0.5,,0,,,M,,M
-52.742777777777775,47.62222222222222,ST JOHN'S A,8403506,8403506.2008.8.28,2008-08-28 00:00:00,NL,2008,8,28,13.3,,11.3,,15.3,,0,,0,,0,,0,,6,E,44,E,0,,4.7,,,M,,M
-52.742777777777775,47.62222222222222,ST JOHN'S A,8403506,8403506.2008.8.29,2008-08-29 00:00:00,NL,2008,8,29,13.8,,11,,16.6,,9.8,,9.8,,0,,0,,13,E,37,E,0,,4.2,,,M,,M
-52.742777777777775,47.62222222222222,ST JOHN'S A,8403506,8403506.2008.8.30,2008-08-30 00:00:00,NL,2008,8,30,17.6,,14.4,,20.7,,0,T,0,T,0,,0,,0,,0,,0,,0.4,,,M,,M
-52.742777777777775,47.62222222222222,ST JOHN'S A,8403506,8403506.2008.8.31,2008-08-31 00:00:00,NL,2008,8,31,17.9,,13.4,,22.3,,0,T,0,T,0,,0,,26,E,35,E,0,,0.1,,,M,,M
-52.742777777777775,47.62222222222222,ST JOHN'S A,8403506,8403506.2008.9.1,2008-09-01 00:00:00,NL,2008,9,1,14.9,,12.5,,17.3,,0.8,,0.8,,0,,0,,0,,0,,0,,3.1,,,M,,M
-52.742777777777775,47.62222222222222,ST JOHN'S A,8403506,8403506.2008.9.2,2008-09-02 00:00:00,NL,2008,9,2,16.2,,14.4,,18,,3,,3,,0,,0,,0,,0,,0,,1.8,,,M,,M
-52.742777777777775,47.62222222222222,ST JOHN'S A,8403506,8403506.2008.9.3,2008-09-03 00:00:00,NL,2008,9,3,20,,13.4,,26.6,,0,,0,,0,,0,,28,E,32,E,2,,0,,,M,,M
-52.742777777777775,47.62222222222222,ST JOHN'S A,8403506,8403506.2008.9.4,2008-09-04 00:00:00,NL,2008,9,4,17.9,,13.3,,22.4,,1.6,,1.6,,0,,0,,26,E,39,E,0,,0.1,,,M,,M
-52.742777777777775,47.62222222222222,ST JOHN'S A,8403506,8403506.2008.9.5,2008-09-05 00:00:00,NL,2008,9,5,15.7,,10,,21.4,,0,T,0,T,0,,0,,27,E,41,E,0,,2.3,,,M,,M
-52.742777777777775,47.62222222222222,ST JOHN'S A,8403506,8403506.2008.9.6,2008-09-06 00:00:00,NL,2008,9,6,17.3,,12.2,,22.4,,0,,0,,0,,0,,26,E,46,E,0,,0.7,,,M,,M
-52.742777777777775,47.62222222222222,ST JOHN'S A,8403506,8403506.2008.9.7,2008-09-07 00:00:00,NL,2008,9,7,18.3,,15.8,,20.7,,39.4,,39.4,,0,,0,,25,E,44,E,0.3,,0,,,M,,M
-52.742777777777775,47.62222222222222,ST JOHN'S A,8403506,8403506.2008.9.8,2008-09-08 00:00:00,NL,2008,9,8,14,,10.1,,17.9,,3,,3,,0,,0,,32,E,56,E,0,,4,,,M,,M
-52.742777777777775,47.62222222222222,ST JOHN'S A,8403506,8403506.2008.9.9,2008-09-09 00:00:00,NL,2008,9,9,13.1,,8.7,,17.4,,0,,0,,0,,0,,0,,0,,0,,4.9,,,M,,M
-52.742777777777775,47.62222222222222,ST JOHN'S A,8403506,8403506.2008.9.10,2008-09-10 00:00:00,NL,2008,9,10,14.9,,10.9,,18.8,,9,,9,,0,,0,,21,E,61,E,0,,3.1,,,M,,M
-52.742777777777775,47.62222222222222,ST JOHN'S A,8403506,8403506.2008.9.11,2008-09-11 00:00:00,NL,2008,9,11,12.9,,8.6,,17.1,,0,,0,,0,,0,,30,E,46,E,0,,5.1,,,M,,M
-52.742777777777775,47.62222222222222,ST JOHN'S A,8403506,8403506.2008.9.12,2008-09-12 00:00:00,NL,2008,9,12,14.1,,9.3,,18.8,,0,,0,,0,,0,,28,E,54,E,0,,3.9,,,M,,M
-52.742777777777775,47.62222222222222,ST JOHN'S A,8403506,8403506.2008.9.13,2008-09-13 00:00:00,NL,2008,9,13,14.7,,11.4,,17.9,,0,,0,,0,,0,,27,E,37,E,0,,3.3,,,M,,M
-52.742777777777775,47.62222222222222,ST JOHN'S A,8403506,8403506.2008.9.14,2008-09-14 00:00:00,NL,2008,9,14,15.8,,10.9,,20.7,,0,,0,,0,,0,,0,,0,,0,,2.2,,,M,,M
-52.742777777777775,47.62222222222222,ST JOHN'S A,8403506,8403506.2008.9.15,2008-09-15 00:00:00,NL,2008,9,15,17.9,,12.2,,23.6,,0,,0,,0,,0,,20,E,52,E,0,,0.1,,,M,,M
-52.742777777777775,47.62222222222222,ST JOHN'S A,8403506,8403506.2008.9.16,2008-09-16 00:00:00,NL,2008,9,16,14.1,,9.1,,19,,0,T,0,T,0,,0,,24,E,48,E,0,,3.9,,,M,,M
-52.742777777777775,47.62222222222222,ST JOHN'S A,8403506,8403506.2008.9.17,2008-09-17 00:00:00,NL,2008,9,17,10.7,,8.7,,12.7,,0,,0,,0,,0,,0,,0,,0,,7.3,,,M,,M
-52.742777777777775,47.62222222222222,ST JOHN'S A,8403506,8403506.2008.9.18,2008-09-18 00:00:00,NL,2008,9,18,10.4,,5.8,,15,,2,,2,,0,,0,,23,E,37,E,0,,7.6,,,M,,M
-52.742777777777775,47.62222222222222,ST JOHN'S A,8403506,8403506.2008.9.19,2008-09-19 00:00:00,NL,2008,9,19,8.3,,4.1,,12.4,,0,,0,,0,,0,,33,E,46,E,0,,9.7,,,M,,M
-52.742777777777775,47.62222222222222,ST JOHN'S A,8403506,8403506.2008.9.20,2008-09-20 00:00:00,NL,2008,9,20,10.1,,4,,16.1,,0,,0,,0,,0,,24,E,48,E,0,,7.9,,,M,,M
-52.742777777777775,47.62222222222222,ST JOHN'S A,8403506,8403506.2008.9.21,2008-09-21 00:00:00,NL,2008,9,21,12.7,,8.9,,16.4,,0,T,0,T,0,,0,,0,,0,,0,,5.3,,,M,,M
-52.742777777777775,47.62222222222222,ST JOHN'S A,8403506,8403506.2008.9.22,2008-09-22 00:00:00,NL,2008,9,22,10.3,,6.8,,13.7,,0,T,0,T,0,,0,,34,E,37,E,0,,7.7,,,M,,M
-52.742777777777775,47.62222222222222,ST JOHN'S A,8403506,8403506.2008.9.23,2008-09-23 00:00:00,NL,2008,9,23,7.8,,3.7,,11.8,,3.4,,3.4,,0,,0,,0,,0,,0,,10.2,,,M,,M
-52.742777777777775,47.62222222222222,ST JOHN'S A,8403506,8403506.2008.9.24,2008-09-24 00:00:00,NL,2008,9,24,5.8,,1.6,,9.9,,2,,2,,0,,0,,34,E,50,E,0,,12.2,,,M,,M
-52.742777777777775,47.62222222222222,ST JOHN'S A,8403506,8403506.2008.9.25,2008-09-25 00:00:00,NL,2008,9,25,5.7,,1.4,,10,,1.4,,1.4,,0,T,0,,26,E,50,E,0,,12.3,,,M,,M
-52.742777777777775,47.62222222222222,ST JOHN'S A,8403506,8403506.2008.9.26,2008-09-26 00:00:00,NL,2008,9,26,13.8,,8.3,,19.2,,0,,0,,0,,0,,27,E,56,E,0,,4.2,,,M,,M
-52.742777777777775,47.62222222222222,ST JOHN'S A,8403506,8403506.2008.9.27,2008-09-27 00:00:00,NL,2008,9,27,14.9,,8.8,,21,,0,,0,,0,,0,,29,E,32,E,0,,3.1,,,M,,M
-52.742777777777775,47.62222222222222,ST JOHN'S A,8403506,8403506.2008.9.28,2008-09-28 00:00:00,NL,2008,9,28,13.7,,7.5,,19.8,,0,,0,,0,,0,,,M,,M,0,,4.3,,,M,,M
-52.742777777777775,47.62222222222222,ST JOHN'S A,8403506,8403506.2008.9.29,2008-09-29 00:00:00,NL,2008,9,29,10.5,,8,,12.9,,1.4,,1.4,,0,,0,,,M,,M,0,,7.5,,,M,,M
-52.742777777777775,47.62222222222222,ST JOHN'S A,8403506,8403506.2008.9.30,2008-09-30 00:00:00,NL,2008,9,30,14.4,,12.2,,16.6,,0.6,,0.6,,0,,0,,0,,0,,0,,3.6,,,M,,M
-52.742777777777775,47.62222222222222,ST JOHN'S A,8403506,8403506.2008.10.1,2008-10-01 00:00:00,NL,2008,10,1,15.6,,13,,18.1,,1.6,,1.6,,0,,0,,26,E,35,E,0,,2.4,,,M,,M
-52.742777777777775,47.62222222222222,ST JOHN'S A,8403506,8403506.2008.10.2,2008-10-02 00:00:00,NL,2008,10,2,13.3,,9.9,,16.7,,0,T,0,T,0,,0,,27,E,39,E,0,,4.7,,,M,,M
-52.742777777777775,47.62222222222222,ST JOHN'S A,8403506,8403506.2008.10.3,2008-10-03 00:00:00,NL,2008,10,3,13.7,,9.5,,17.8,,0,,0,,0,,0,,26,E,54,E,0,,4.3,,,M,,M
-52.742777777777775,47.62222222222222,ST JOHN'S A,8403506,8403506.2008.10.4,2008-10-04 00:00:00,NL,2008,10,4,12.1,,9.5,,14.6,,1.8,,1.8,,0,,0,,26,E,67,E,0,,5.9,,,M,,M
-52.742777777777775,47.62222222222222,ST JOHN'S A,8403506,8403506.2008.10.5,2008-10-05 00:00:00,NL,2008,10,5,8.6,,4.3,,12.8,,0,T,0,T,0,,0,,30,E,54,E,0,,9.4,,,M,,M
-52.742777777777775,47.62222222222222,ST JOHN'S A,8403506,8403506.2008.10.6,2008-10-06 00:00:00,NL,2008,10,6,8.3,,4.3,,12.2,,0,,0,,0,,0,,27,E,46,E,0,,9.7,,,M,,M
-52.742777777777775,47.62222222222222,ST JOHN'S A,8403506,8403506.2008.10.7,2008-10-07 00:00:00,NL,2008,10,7,6.1,,3.4,,8.8,,4.2,,4.2,,0,,0,,,M,,M,0,,11.9,,,M,,M
-52.742777777777775,47.62222222222222,ST JOHN'S A,8403506,8403506.2008.10.8,2008-10-08 00:00:00,NL,2008,10,8,4.4,,2.1,,6.6,,4,,4,,0,T,0,,,M,,M,0,,13.6,,,M,,M
-52.742777777777775,47.62222222222222,ST JOHN'S A,8403506,8403506.2008.10.9,2008-10-09 00:00:00,NL,2008,10,9,7.3,,2.3,,12.2,,1.8,,1.8,,0,,0,,28,E,48,E,0,,10.7,,,M,,M
-52.742777777777775,47.62222222222222,ST JOHN'S A,8403506,8403506.2008.10.10,2008-10-10 00:00:00,NL,2008,10,10,10.7,,8.3,,13,,14.2,,14.2,,0,,0,,27,E,56,E,0,,7.3,,,M,,M
-52.742777777777775,47.62222222222222,ST JOHN'S A,8403506,8403506.2008.10.11,2008-10-11 00:00:00,NL,2008,10,11,5.6,,2.5,,8.7,,0,T,0,T,0,,0,,0,,0,,0,,12.4,,,M,,M
-52.742777777777775,47.62222222222222,ST JOHN'S A,8403506,8403506.2008.10.12,2008-10-12 00:00:00,NL,2008,10,12,5.2,,1.9,,8.4,,0,,0,,0,,0,,0,,0,,0,,12.8,,,M,,M
-52.742777777777775,47.62222222222222,ST JOHN'S A,8403506,8403506.2008.10.13,2008-10-13 00:00:00,NL,2008,10,13,7.4,,4,,10.7,,0,T,0,T,0,,0,,4,E,37,E,0,,10.6,,,M,,M
-52.742777777777775,47.62222222222222,ST JOHN'S A,8403506,8403506.2008.10.14,2008-10-14 00:00:00,NL,2008,10,14,5.7,,3,,8.4,,0,T,0,T,0,,0,,0,,0,,0,,12.3,,,M,,M
-52.742777777777775,47.62222222222222,ST JOHN'S A,8403506,8403506.2008.10.15,2008-10-15 00:00:00,NL,2008,10,15,9.2,,5.2,,13.2,,0,T,0,T,0,,0,,22,E,52,E,0,,8.8,,,M,,M
-52.742777777777775,47.62222222222222,ST JOHN'S A,8403506,8403506.2008.10.16,2008-10-16 00:00:00,NL,2008,10,16,10.7,,6.9,,14.5,,3.8,,3.8,,0,,0,,0,,0,,0,,7.3,,,M,,M
-52.742777777777775,47.62222222222222,ST JOHN'S A,8403506,8403506.2008.10.17,2008-10-17 00:00:00,NL,2008,10,17,11.6,,8.6,,14.6,,2.4,,2.4,,0,,0,,34,E,35,E,0,,6.4,,,M,,M
-52.742777777777775,47.62222222222222,ST JOHN'S A,8403506,8403506.2008.10.18,2008-10-18 00:00:00,NL,2008,10,18,6.4,,3.3,,9.4,,0,T,0,T,0,,0,,30,E,56,E,0,,11.6,,,M,,M
-52.742777777777775,47.62222222222222,ST JOHN'S A,8403506,8403506.2008.10.19,2008-10-19 00:00:00,NL,2008,10,19,5.1,,1.6,,8.5,,1.6,,1.6,,0,,0,,0,,0,,0,,12.9,,,M,,M
-52.742777777777775,47.62222222222222,ST JOHN'S A,8403506,8403506.2008.10.20,2008-10-20 00:00:00,NL,2008,10,20,5.7,,2.2,,9.1,,19.8,,19.8,,0,,0,,12,E,44,E,0,,12.3,,,M,,M
-52.742777777777775,47.62222222222222,ST JOHN'S A,8403506,8403506.2008.10.21,2008-10-21 00:00:00,NL,2008,10,21,9.7,,3.7,,15.6,,65.2,,65.2,,0,,0,,3,E,83,E,0,,8.3,,,M,,M
-52.742777777777775,47.62222222222222,ST JOHN'S A,8403506,8403506.2008.10.22,2008-10-22 00:00:00,NL,2008,10,22,3.6,,1.8,,5.3,,1,,1,,0,T,0,,36,E,65,E,0,,14.4,,,M,,M
-52.742777777777775,47.62222222222222,ST JOHN'S A,8403506,8403506.2008.10.23,2008-10-23 00:00:00,NL,2008,10,23,1.8,,0.5,,3.1,,0,T,0,T,0,T,0,,4,E,50,E,0,,16.2,,,M,,M
-52.742777777777775,47.62222222222222,ST JOHN'S A,8403506,8403506.2008.10.24,2008-10-24 00:00:00,NL,2008,10,24,3.8,,0,,7.5,,0,,0,,0,,0,,0,,0,,0,,14.2,,,M,,M
-52.742777777777775,47.62222222222222,ST JOHN'S A,8403506,8403506.2008.10.25,2008-10-25 00:00:00,NL,2008,10,25,5.4,,0.1,,10.6,,0,,0,,0,,0,,0,,0,,0,,12.6,,,M,,M
-52.742777777777775,47.62222222222222,ST JOHN'S A,8403506,8403506.2008.10.26,2008-10-26 00:00:00,NL,2008,10,26,7.5,,2.7,,12.3,,0,,0,,0,,0,,0,,0,,0,,10.5,,,M,,M
-52.742777777777775,47.62222222222222,ST JOHN'S A,8403506,8403506.2008.10.27,2008-10-27 00:00:00,NL,2008,10,27,8.5,,6.1,,10.8,,0.4,,0.4,,0,,0,,0,,0,,0,,9.5,,,M,,M
-52.742777777777775,47.62222222222222,ST JOHN'S A,8403506,8403506.2008.10.28,2008-10-28 00:00:00,NL,2008,10,28,10.1,,7.3,,12.8,,4.2,,4.2,,0,,0,,0,,0,,0,,7.9,,,M,,M
-52.742777777777775,47.62222222222222,ST JOHN'S A,8403506,8403506.2008.10.29,2008-10-29 00:00:00,NL,2008,10,29,13.9,,10.5,,17.2,,6,,6,,0,,0,,18,E,67,E,0,,4.1,,,M,,M
-52.742777777777775,47.62222222222222,ST JOHN'S A,8403506,8403506.2008.10.30,2008-10-30 00:00:00,NL,2008,10,30,13.8,,8.8,,18.8,,0,T,0,T,0,,0,,23,E,37,E,0,,4.2,,,M,,M
-52.742777777777775,47.62222222222222,ST JOHN'S A,8403506,8403506.2008.10.31,2008-10-31 00:00:00,NL,2008,10,31,9.2,,6.9,,11.5,,2.2,,2.2,,0,,0,,26,E,65,E,0,,8.8,,,M,,M
-52.742777777777775,47.62222222222222,ST JOHN'S A,8403506,8403506.2008.11.1,2008-11-01 00:00:00,NL,2008,11,1,5.7,,2.1,,9.3,,1.2,,1.2,,0,,0,,26,E,61,E,0,,12.3,,,M,,M
-52.742777777777775,47.62222222222222,ST JOHN'S A,8403506,8403506.2008.11.2,2008-11-02 00:00:00,NL,2008,11,2,2.6,,-0.1,,5.2,,2.6,,0.6,,2,,0,,34,E,37,E,0,,15.4,,,M,,M
-52.742777777777775,47.62222222222222,ST JOHN'S A,8403506,8403506.2008.11.3,2008-11-03 00:00:00,NL,2008,11,3,1.2,,-2.1,,4.4,,0,,0,,0,,1,,,M,,M,0,,16.8,,,M,,M
-52.742777777777775,47.62222222222222,ST JOHN'S A,8403506,8403506.2008.11.4,2008-11-04 00:00:00,NL,2008,11,4,3.4,,-0.5,,7.3,,0,,0,,0,,0,,26,E,54,E,0,,14.6,,,M,,M
-52.742777777777775,47.62222222222222,ST JOHN'S A,8403506,8403506.2008.11.5,2008-11-05 00:00:00,NL,2008,11,5,5.7,,0.4,,10.9,,0,,0,,0,,0,,25,E,59,E,0,,12.3,,,M,,M
-52.742777777777775,47.62222222222222,ST JOHN'S A,8403506,8403506.2008.11.6,2008-11-06 00:00:00,NL,2008,11,6,12.2,,8.6,,15.7,,0,,0,,0,,0,,26,E,46,E,0,,5.8,,,M,,M
-52.742777777777775,47.62222222222222,ST JOHN'S A,8403506,8403506.2008.11.7,2008-11-07 00:00:00,NL,2008,11,7,6.9,,3.4,,10.4,,1,,1,,0,,0,,0,,0,,0,,11.1,,,M,,M
-52.742777777777775,47.62222222222222,ST JOHN'S A,8403506,8403506.2008.11.8,2008-11-08 00:00:00,NL,2008,11,8,10.2,,5.2,,15.1,,13.6,,13.6,,0,,0,,23,E,37,E,0,,7.8,,,M,,M
-52.742777777777775,47.62222222222222,ST JOHN'S A,8403506,8403506.2008.11.9,2008-11-09 00:00:00,NL,2008,11,9,9.8,,6.1,,13.5,,1.2,,1.2,,0,,0,,19,E,39,E,0,,8.2,,,M,,M
-52.742777777777775,47.62222222222222,ST JOHN'S A,8403506,8403506.2008.11.10,2008-11-10 00:00:00,NL,2008,11,10,11.2,,4.8,,17.6,,0,,0,,0,,0,,26,E,48,E,0,,6.8,,,M,,M
-52.742777777777775,47.62222222222222,ST JOHN'S A,8403506,8403506.2008.11.11,2008-11-11 00:00:00,NL,2008,11,11,6.9,,4.1,,9.6,,1,,1,,0,,0,,26,E,63,E,0,,11.1,,,M,,M
-52.742777777777775,47.62222222222222,ST JOHN'S A,8403506,8403506.2008.11.12,2008-11-12 00:00:00,NL,2008,11,12,3.4,,-0.6,,7.3,,3.4,,3.4,,0,T,0,,25,E,35,E,0,,14.6,,,M,,M
-52.742777777777775,47.62222222222222,ST JOHN'S A,8403506,8403506.2008.11.13,2008-11-13 00:00:00,NL,2008,11,13,0.5,,-2.2,,3.1,,0,T,0,,0,T,0,T,33,E,32,E,0,,17.5,,,M,,M
-52.742777777777775,47.62222222222222,ST JOHN'S A,8403506,8403506.2008.11.14,2008-11-14 00:00:00,NL,2008,11,14,-0.2,,-4.4,,4.1,,0,,0,,0,,0,,0,,0,,0,,18.2,,,M,,M
-52.742777777777775,47.62222222222222,ST JOHN'S A,8403506,8403506.2008.11.15,2008-11-15 00:00:00,NL,2008,11,15,2.3,,-2.4,,6.9,,0.4,,0.4,,0,,0,,18,E,57,E,0,,15.7,,,M,,M
-52.742777777777775,47.62222222222222,ST JOHN'S A,8403506,8403506.2008.11.16,2008-11-16 00:00:00,NL,2008,11,16,9.8,,6.8,,12.7,,1.4,,1.4,,0,,0,,18,E,63,E,0,,8.2,,,M,,M
-52.742777777777775,47.62222222222222,ST JOHN'S A,8403506,8403506.2008.11.17,2008-11-17 00:00:00,NL,2008,11,17,6.9,,2.2,,11.6,,3.2,,3.2,,0,,0,,18,E,80,E,0,,11.1,,,M,,M
-52.742777777777775,47.62222222222222,ST JOHN'S A,8403506,8403506.2008.11.18,2008-11-18 00:00:00,NL,2008,11,18,4.1,,1.4,,6.8,,2.6,,2.6,,0,,0,,0,,0,,0,,13.9,,,M,,M
-52.742777777777775,47.62222222222222,ST JOHN'S A,8403506,8403506.2008.11.19,2008-11-19 00:00:00,NL,2008,11,19,9.2,,5.6,,12.8,,19.6,,19.6,,0,,0,,16,E,69,E,0,,8.8,,,M,,M
-52.742777777777775,47.62222222222222,ST JOHN'S A,8403506,8403506.2008.11.20,2008-11-20 00:00:00,NL,2008,11,20,7.3,,2.5,,12.1,,27.2,,27.2,,0,,0,,16,E,70,E,0,,10.7,,,M,,M
-52.742777777777775,47.62222222222222,ST JOHN'S A,8403506,8403506.2008.11.21,2008-11-21 00:00:00,NL,2008,11,21,4.6,,1.2,,7.9,,6.4,,6.4,,0,,0,,18,E,48,E,0,,13.4,,,M,,M
-52.742777777777775,47.62222222222222,ST JOHN'S A,8403506,8403506.2008.11.22,2008-11-22 00:00:00,NL,2008,11,22,6.7,,1.3,,12.1,,26,,26,,0,,0,,17,E,72,E,0,,11.3,,,M,,M
-52.742777777777775,47.62222222222222,ST JOHN'S A,8403506,8403506.2008.11.23,2008-11-23 00:00:00,NL,2008,11,23,2.5,,-0.6,,5.5,,1.2,,1.2,,0,,0,,26,E,41,E,0,,15.5,,,M,,M
-52.742777777777775,47.62222222222222,ST JOHN'S A,8403506,8403506.2008.11.24,2008-11-24 00:00:00,NL,2008,11,24,2.2,,-0.8,,5.2,,0.6,,0.6,,0,T,0,,19,E,39,E,0,,15.8,,,M,,M
-52.742777777777775,47.62222222222222,ST JOHN'S A,8403506,8403506.2008.11.25,2008-11-25 00:00:00,NL,2008,11,25,-1,,-3.6,,1.6,,0,T,0,,0,T,0,,0,,0,,0,,19,,,M,,M
-52.742777777777775,47.62222222222222,ST JOHN'S A,8403506,8403506.2008.11.26,2008-11-26 00:00:00,NL,2008,11,26,2.4,,-1.2,,5.9,,20.4,,20.4,,0,,0,,11,E,48,E,0,,15.6,,,M,,M
-52.742777777777775,47.62222222222222,ST JOHN'S A,8403506,8403506.2008.11.27,2008-11-27 00:00:00,NL,2008,11,27,8.2,,5.5,,10.9,,5,,5,,0,,0,,14,E,57,E,0,,9.8,,,M,,M
-52.742777777777775,47.62222222222222,ST JOHN'S A,8403506,8403506.2008.11.28,2008-11-28 00:00:00,NL,2008,11,28,10,,9,,10.9,,6.2,,6.2,,0,,0,,16,E,41,E,0,,8,,,M,,M
-52.742777777777775,47.62222222222222,ST JOHN'S A,8403506,8403506.2008.11.29,2008-11-29 00:00:00,NL,2008,11,29,7.9,,5.5,,10.3,,97.2,,97.2,,0,,0,,28,E,59,E,0,,10.1,,,M,,M
-52.742777777777775,47.62222222222222,ST JOHN'S A,8403506,8403506.2008.11.30,2008-11-30 00:00:00,NL,2008,11,30,4.5,,2.6,,6.3,,0,,0,,0,,0,,28,E,57,E,0,,13.5,,,M,,M
-52.742777777777775,47.62222222222222,ST JOHN'S A,8403506,8403506.2008.12.1,2008-12-01 00:00:00,NL,2008,12,1,7.8,,1.3,,14.2,,4.8,,4.8,,0,,0,,18,E,76,E,0,,10.2,,,M,,M
-52.742777777777775,47.62222222222222,ST JOHN'S A,8403506,8403506.2008.12.2,2008-12-02 00:00:00,NL,2008,12,2,11.1,,5.5,,16.7,,8.6,,8.6,,0,,0,,,M,,M,0,,6.9,,,M,,M
-52.742777777777775,47.62222222222222,ST JOHN'S A,8403506,8403506.2008.12.3,2008-12-03 00:00:00,NL,2008,12,3,3.4,,0.2,,6.6,,25,,14,,11,,0,,0,,0,,0,,14.6,,,M,,M
-52.742777777777775,47.62222222222222,ST JOHN'S A,8403506,8403506.2008.12.4,2008-12-04 00:00:00,NL,2008,12,4,2.6,,0,,5.2,,0,T,0,,0,T,2,,24,E,63,E,0,,15.4,,,M,,M
-52.742777777777775,47.62222222222222,ST JOHN'S A,8403506,8403506.2008.12.5,2008-12-05 00:00:00,NL,2008,12,5,5.8,,2.6,,9,,1.6,,1.6,,0,,0,,25,E,54,E,0,,12.2,,,M,,M
-52.742777777777775,47.62222222222222,ST JOHN'S A,8403506,8403506.2008.12.6,2008-12-06 00:00:00,NL,2008,12,6,-0.9,,-4.3,,2.6,,0,,0,,0,,0,,0,,0,,0,,18.9,,,M,,M
-52.742777777777775,47.62222222222222,ST JOHN'S A,8403506,8403506.2008.12.7,2008-12-07 00:00:00,NL,2008,12,7,4.6,,-3.1,,12.2,,40,,31,,9,,0,T,18,E,80,E,0,,13.4,,,M,,M
-52.742777777777775,47.62222222222222,ST JOHN'S A,8403506,8403506.2008.12.8,2008-12-08 00:00:00,NL,2008,12,8,5.6,,-1.6,,12.8,,30,,29.4,,0.6,,0,,20,E,69,E,0,,12.4,,,M,,M
-52.742777777777775,47.62222222222222,ST JOHN'S A,8403506,8403506.2008.12.9,2008-12-09 00:00:00,NL,2008,12,9,-2.5,,-4.7,,-0.2,,2.2,,0,,2.4,,2,,30,E,67,E,0,,20.5,,,M,,M
-52.742777777777775,47.62222222222222,ST JOHN'S A,8403506,8403506.2008.12.10,2008-12-10 00:00:00,NL,2008,12,10,6,,-0.7,,12.7,,11.6,,11.6,,0,T,2,,24,E,104,E,0,,12,,,M,,M
-52.742777777777775,47.62222222222222,ST JOHN'S A,8403506,8403506.2008.12.11,2008-12-11 00:00:00,NL,2008,12,11,5.4,,-1,,11.8,,38,,28.2,,5.6,,0,,26,E,67,E,0,,12.6,,,M,,M
-52.742777777777775,47.62222222222222,ST JOHN'S A,8403506,8403506.2008.12.12,2008-12-12 00:00:00,NL,2008,12,12,8.1,,-0.6,,16.8,,9,,7,,0.4,,4,,23,E,89,E,0,,9.9,,,M,,M
-52.742777777777775,47.62222222222222,ST JOHN'S A,8403506,8403506.2008.12.13,2008-12-13 00:00:00,NL,2008,12,13,9.2,,1,,17.3,,18.6,,18.6,,0,,0,,21,E,91,E,0,,8.8,,,M,,M
-52.742777777777775,47.62222222222222,ST JOHN'S A,8403506,8403506.2008.12.14,2008-12-14 00:00:00,NL,2008,12,14,-2.6,,-6.2,,1.1,,1.8,,1.8,,0.2,,0,T,13,E,37,E,0,,20.6,,,M,,M
-52.742777777777775,47.62222222222222,ST JOHN'S A,8403506,8403506.2008.12.15,2008-12-15 00:00:00,NL,2008,12,15,2,,-5.3,,9.3,,0,T,0,T,0,,0,,23,E,63,E,0,,16,,,M,,M
-52.742777777777775,47.62222222222222,ST JOHN'S A,8403506,8403506.2008.12.16,2008-12-16 00:00:00,NL,2008,12,16,5.1,,-1.2,,11.4,,1,,1,,0,,0,,23,E,89,E,0,,12.9,,,M,,M
-52.742777777777775,47.62222222222222,ST JOHN'S A,8403506,8403506.2008.12.17,2008-12-17 00:00:00,NL,2008,12,17,-1.6,,-3.2,,0.1,,9.4,,0,T,9.4,,0,,29,E,41,E,0,,19.6,,,M,,M
-52.742777777777775,47.62222222222222,ST JOHN'S A,8403506,8403506.2008.12.18,2008-12-18 00:00:00,NL,2008,12,18,-3.1,,-7,,0.9,,7,,7,,0,T,5,,36,E,50,E,0,,21.1,,,M,,M
-52.742777777777775,47.62222222222222,ST JOHN'S A,8403506,8403506.2008.12.19,2008-12-19 00:00:00,NL,2008,12,19,-7.8,,-13.1,,-2.5,,5.4,,0,,6.8,,5,,29,E,69,E,0,,25.8,,,M,,M
-52.742777777777775,47.62222222222222,ST JOHN'S A,8403506,8403506.2008.12.20,2008-12-20 00:00:00,NL,2008,12,20,-8.2,,-11.3,,-5.1,,0,T,0,,0,T,10,,29,E,56,E,0,,26.2,,,M,,M
-52.742777777777775,47.62222222222222,ST JOHN'S A,8403506,8403506.2008.12.21,2008-12-21 00:00:00,NL,2008,12,21,-9.7,,-13.3,,-6.1,,0,T,0,,0,T,9,,33,E,39,E,0,,27.7,,,M,,M
-52.742777777777775,47.62222222222222,ST JOHN'S A,8403506,8403506.2008.12.22,2008-12-22 00:00:00,NL,2008,12,22,-4.2,,-11.6,,3.2,,18,,4,,16.2,,12,,13,E,89,E,0,,22.2,,,M,,M
-52.742777777777775,47.62222222222222,ST JOHN'S A,8403506,8403506.2008.12.23,2008-12-23 00:00:00,NL,2008,12,23,-5.1,,-8.5,,-1.7,,1.2,,0,,2,,16,,29,E,78,E,0,,23.1,,,M,,M
-52.742777777777775,47.62222222222222,ST JOHN'S A,8403506,8403506.2008.12.24,2008-12-24 00:00:00,NL,2008,12,24,-5.4,,-10.4,,-0.3,,0,T,0,,0,T,16,,29,E,44,E,0,,23.4,,,M,,M
-52.742777777777775,47.62222222222222,ST JOHN'S A,8403506,8403506.2008.12.25,2008-12-25 00:00:00,NL,2008,12,25,3.7,,-1.8,,9.1,,26.4,,26.4,,0,T,14,,20,E,80,E,0,,14.3,,,M,,M
-52.742777777777775,47.62222222222222,ST JOHN'S A,8403506,8403506.2008.12.26,2008-12-26 00:00:00,NL,2008,12,26,-7.6,,-13.3,,-1.8,,0,,0,,0,,5,,30,E,67,E,0,,25.6,,,M,,M
-52.742777777777775,47.62222222222222,ST JOHN'S A,8403506,8403506.2008.12.27,2008-12-27 00:00:00,NL,2008,12,27,-12,,-13.5,,-10.5,,0,T,0,,0,T,5,,30,E,44,E,0,,30,,,M,,M
-52.742777777777775,47.62222222222222,ST JOHN'S A,8403506,8403506.2008.12.28,2008-12-28 00:00:00,NL,2008,12,28,-6.7,,-10.5,,-2.8,,0,T,0,,0.2,,5,,16,E,33,E,0,,24.7,,,M,,M
-52.742777777777775,47.62222222222222,ST JOHN'S A,8403506,8403506.2008.12.29,2008-12-29 00:00:00,NL,2008,12,29,0.8,,-2.9,,4.4,,0.8,,0.8,,0,T,5,,16,E,63,E,0,,17.2,,,M,,M
-52.742777777777775,47.62222222222222,ST JOHN'S A,8403506,8403506.2008.12.30,2008-12-30 00:00:00,NL,2008,12,30,-1,,-1.9,,-0.1,,0,T,0,,0,T,5,,0,,0,,0,,19,,,M,,M
-52.742777777777775,47.62222222222222,ST JOHN'S A,8403506,8403506.2008.12.31,2008-12-31 00:00:00,NL,2008,12,31,-1.6,,-2.8,,-0.3,,2,,0,,2.2,,3,,0,,0,,0,,19.6,,,M,,M
-52.742777777777775,47.62222222222222,ST JOHN'S A,8403506,8403506.2009.1.1,2009-01-01 00:00:00,NL,2009,1,1,-0.8,,-3.6,,2,,7.6,,7,,0.6,,5,,12,E,46,E,0,,18.8,,,M,,M
-52.742777777777775,47.62222222222222,ST JOHN'S A,8403506,8403506.2009.1.2,2009-01-02 00:00:00,NL,2009,1,2,-0.3,,-1.7,,1.2,,2.4,,0,,2.4,,4,,25,E,67,E,0,,18.3,,,M,,M
-52.742777777777775,47.62222222222222,ST JOHN'S A,8403506,8403506.2009.1.3,2009-01-03 00:00:00,NL,2009,1,3,-1.3,,-3.2,,0.6,,4.4,,0,T,4.4,,4,,25,E,61,E,0,,19.3,,,M,,M
-52.742777777777775,47.62222222222222,ST JOHN'S A,8403506,8403506.2009.1.4,2009-01-04 00:00:00,NL,2009,1,4,-2.5,,-4.6,,-0.3,,3.2,,0,,6.2,,9,,24,E,39,E,0,,20.5,,,M,,M
-52.742777777777775,47.62222222222222,ST JOHN'S A,8403506,8403506.2009.1.5,2009-01-05 00:00:00,NL,2009,1,5,-1.1,,-3.5,,1.4,,1.6,,0,,2.4,,11,,26,E,78,E,0,,19.1,,,M,,M
-52.742777777777775,47.62222222222222,ST JOHN'S A,8403506,8403506.2009.1.6,2009-01-06 00:00:00,NL,2009,1,6,-1.8,,-6,,2.4,,4.4,,0.4,,6.4,,9,,27,E,65,E,0,,19.8,,,M,,M
-52.742777777777775,47.62222222222222,ST JOHN'S A,8403506,8403506.2009.1.7,2009-01-07 00:00:00,NL,2009,1,7,-3.9,,-5.7,,-2.1,,0,T,0,,0,T,15,,26,E,74,E,0,,21.9,,,M,,M
-52.742777777777775,47.62222222222222,ST JOHN'S A,8403506,8403506.2009.1.8,2009-01-08 00:00:00,NL,2009,1,8,2.9,,-2.7,,8.5,,3,,1.6,,1.8,,11,,24,E,85,E,0,,15.1,,,M,,M
-52.742777777777775,47.62222222222222,ST JOHN'S A,8403506,8403506.2009.1.9,2009-01-09 00:00:00,NL,2009,1,9,1.3,,-1,,3.5,,0,T,0,,0,T,5,,25,E,74,E,0,,16.7,,,M,,M
-52.742777777777775,47.62222222222222,ST JOHN'S A,8403506,8403506.2009.1.10,2009-01-10 00:00:00,NL,2009,1,10,-2.5,,-4,,-1,,3,,0,,6.2,,6,,32,E,37,E,0,,20.5,,,M,,M
-52.742777777777775,47.62222222222222,ST JOHN'S A,8403506,8403506.2009.1.11,2009-01-11 00:00:00,NL,2009,1,11,-5.2,,-8.1,,-2.2,,7.2,,0,,10,,10,,9,E,46,E,0,,23.2,,,M,,M
-52.742777777777775,47.62222222222222,ST JOHN'S A,8403506,8403506.2009.1.12,2009-01-12 00:00:00,NL,2009,1,12,-4.7,,-7.3,,-2,,2.8,,0,,3.8,,19,,4,E,57,E,0,,22.7,,,M,,M
-52.742777777777775,47.62222222222222,ST JOHN'S A,8403506,8403506.2009.1.13,2009-01-13 00:00:00,NL,2009,1,13,-6.8,,-9.7,,-3.9,,0,T,0,,0,T,19,,28,E,48,E,0,,24.8,,,M,,M
-52.742777777777775,47.62222222222222,ST JOHN'S A,8403506,8403506.2009.1.14,2009-01-14 00:00:00,NL,2009,1,14,1.5,,-4.1,,7.1,,12.2,,2,,12.2,,19,,26,E,95,E,0,,16.5,,,M,,M
-52.742777777777775,47.62222222222222,ST JOHN'S A,8403506,8403506.2009.1.15,2009-01-15 00:00:00,NL,2009,1,15,-7.5,,-12.1,,-2.8,,0,T,0,,0.2,,24,,27,E,89,E,0,,25.5,,,M,,M
-52.742777777777775,47.62222222222222,ST JOHN'S A,8403506,8403506.2009.1.16,2009-01-16 00:00:00,NL,2009,1,16,-12.8,,-13.9,,-11.6,,0,,0,,0,,24,,28,E,65,E,0,,30.8,,,M,,M
-52.742777777777775,47.62222222222222,ST JOHN'S A,8403506,8403506.2009.1.17,2009-01-17 00:00:00,NL,2009,1,17,-12.2,,-14,,-10.3,,1.4,,0,,2,,24,,29,E,78,E,0,,30.2,,,M,,M
-52.742777777777775,47.62222222222222,ST JOHN'S A,8403506,8403506.2009.1.18,2009-01-18 00:00:00,NL,2009,1,18,-11.1,,-13.6,,-8.5,,0,T,0,,0,T,25,,29,E,65,E,0,,29.1,,,M,,M
-52.742777777777775,47.62222222222222,ST JOHN'S A,8403506,8403506.2009.1.19,2009-01-19 00:00:00,NL,2009,1,19,-2.8,,-12.8,,7.2,,2.8,,2.8,,0,T,25,,18,E,78,E,0,,20.8,,,M,,M
-52.742777777777775,47.62222222222222,ST JOHN'S A,8403506,8403506.2009.1.20,2009-01-20 00:00:00,NL,2009,1,20,1.7,,-2.8,,6.2,,0,T,0,T,0.2,,19,,25,E,39,E,0,,16.3,,,M,,M
-52.742777777777775,47.62222222222222,ST JOHN'S A,8403506,8403506.2009.1.21,2009-01-21 00:00:00,NL,2009,1,21,-5.8,,-8.8,,-2.8,,4.4,,0,T,4.8,,19,,0,,0,,0,,23.8,,,M,,M
-52.742777777777775,47.62222222222222,ST JOHN'S A,8403506,8403506.2009.1.22,2009-01-22 00:00:00,NL,2009,1,22,-6.5,,-10.2,,-2.8,,0,T,0,,0.2,,23,,24,E,50,E,0,,24.5,,,M,,M
-52.742777777777775,47.62222222222222,ST JOHN'S A,8403506,8403506.2009.1.23,2009-01-23 00:00:00,NL,2009,1,23,-7.5,,-11.3,,-3.7,,1,,0,,1,,22,,27,E,85,E,0,,25.5,,,M,,M
-52.742777777777775,47.62222222222222,ST JOHN'S A,8403506,8403506.2009.1.24,2009-01-24 00:00:00,NL,2009,1,24,-2.4,,-11.4,,6.7,,8.2,,6.8,,1.4,,20,,18,E,67,E,0,,20.4,,,M,,M
-52.742777777777775,47.62222222222222,ST JOHN'S A,8403506,8403506.2009.1.25,2009-01-25 00:00:00,NL,2009,1,25,-8.2,,-13.1,,-3.2,,0,T,0,,0,T,16,,27,E,78,E,0,,26.2,,,M,,M
-52.742777777777775,47.62222222222222,ST JOHN'S A,8403506,8403506.2009.1.26,2009-01-26 00:00:00,NL,2009,1,26,-12.5,,-13.9,,-11.1,,0,T,0,,0,,16,,29,E,69,E,0,,30.5,,,M,,M
-52.742777777777775,47.62222222222222,ST JOHN'S A,8403506,8403506.2009.1.27,2009-01-27 00:00:00,NL,2009,1,27,-12,,-13.6,,-10.3,,0,,0,,0,,16,,27,E,65,E,0,,30,,,M,,M
-52.742777777777775,47.62222222222222,ST JOHN'S A,8403506,8403506.2009.1.28,2009-01-28 00:00:00,NL,2009,1,28,-8.2,,-12,,-4.3,,0,,0,,0,,16,,28,E,67,E,0,,26.2,,,M,,M
-52.742777777777775,47.62222222222222,ST JOHN'S A,8403506,8403506.2009.1.29,2009-01-29 00:00:00,NL,2009,1,29,-2.4,,-6.9,,2.2,,8.8,,0,T,8.8,,16,,15,E,78,E,0,,20.4,,,M,,M
-52.742777777777775,47.62222222222222,ST JOHN'S A,8403506,8403506.2009.1.30,2009-01-30 00:00:00,NL,2009,1,30,-1.3,,-2.5,,0,,1.8,,0,T,2,,20,,29,E,76,E,0,,19.3,,,M,,M
-52.742777777777775,47.62222222222222,ST JOHN'S A,8403506,8403506.2009.1.31,2009-01-31 00:00:00,NL,2009,1,31,-2.5,,-3.3,,-1.6,,4.2,,0,,7.2,,20,,6,E,32,E,0,,20.5,,,M,,M
-52.742777777777775,47.62222222222222,ST JOHN'S A,8403506,8403506.2009.2.1,2009-02-01 00:00:00,NL,2009,2,1,-4.2,,-6.8,,-1.6,,17,,0,,21.2,,29,,33,E,74,E,0,,22.2,,,M,,M
-52.742777777777775,47.62222222222222,ST JOHN'S A,8403506,8403506.2009.2.2,2009-02-02 00:00:00,NL,2009,2,2,-4,,-7,,-0.9,,0,,0,,0,,32,,28,E,63,E,0,,22,,,M,,M
-52.742777777777775,47.62222222222222,ST JOHN'S A,8403506,8403506.2009.2.3,2009-02-03 00:00:00,NL,2009,2,3,2.2,,-1.7,,6,,7.8,,7.8,,0,T,27,,19,E,48,E,0,,15.8,,,M,,M
-52.742777777777775,47.62222222222222,ST JOHN'S A,8403506,8403506.2009.2.4,2009-02-04 00:00:00,NL,2009,2,4,3.7,,-2.3,,9.7,,7.2,,7.2,,0,T,20,,18,E,69,E,0,,14.3,,,M,,M
-52.742777777777775,47.62222222222222,ST JOHN'S A,8403506,8403506.2009.2.5,2009-02-05 00:00:00,NL,2009,2,5,-0.1,,-5.6,,5.5,,10.4,,7.4,,3,,12,,29,E,56,E,0,,18.1,,,M,,M
-52.742777777777775,47.62222222222222,ST JOHN'S A,8403506,8403506.2009.2.6,2009-02-06 00:00:00,NL,2009,2,6,-6.6,,-8.8,,-4.4,,0.2,,0,,0.4,,14,,29,E,72,E,0,,24.6,,,M,,M
-52.742777777777775,47.62222222222222,ST JOHN'S A,8403506,8403506.2009.2.7,2009-02-07 00:00:00,NL,2009,2,7,-5.5,,-7.7,,-3.3,,0.2,,0,,0.4,,12,,27,,52,,0,,23.5,,,M,,M
-52.742777777777775,47.62222222222222,ST JOHN'S A,8403506,8403506.2009.2.8,2009-02-08 00:00:00,NL,2009,2,8,-0.5,,-5.8,,4.8,,0.8,,0.8,,0,T,12,,26,E,61,E,0,,18.5,,,M,,M
-52.742777777777775,47.62222222222222,ST JOHN'S A,8403506,8403506.2009.2.9,2009-02-09 00:00:00,NL,2009,2,9,-5.5,,-12,,1.1,,4.2,,0.6,,6,,10,,26,E,65,E,0,,23.5,,,M,,M
-52.742777777777775,47.62222222222222,ST JOHN'S A,8403506,8403506.2009.2.10,2009-02-10 00:00:00,NL,2009,2,10,-11.2,,-12.5,,-9.8,,0,T,0,,0,T,11,,29,E,63,E,0,,29.2,,,M,,M
-52.742777777777775,47.62222222222222,ST JOHN'S A,8403506,8403506.2009.2.11,2009-02-11 00:00:00,NL,2009,2,11,-7.6,,-11.1,,-4,,0,,0,,0,,11,,28,E,59,E,0,,25.6,,,M,,M
-52.742777777777775,47.62222222222222,ST JOHN'S A,8403506,8403506.2009.2.12,2009-02-12 00:00:00,NL,2009,2,12,-4.1,,-7.9,,-0.3,,7,,0,T,7,,11,,10,E,56,E,0,,22.1,,,M,,M
-52.742777777777775,47.62222222222222,ST JOHN'S A,8403506,8403506.2009.2.13,2009-02-13 00:00:00,NL,2009,2,13,0.8,,-0.5,,2,,11,,7,,2.4,,16,,9,E,57,E,0,,17.2,,,M,,M
-52.742777777777775,47.62222222222222,ST JOHN'S A,8403506,8403506.2009.2.14,2009-02-14 00:00:00,NL,2009,2,14,-3.5,,-7.2,,0.2,,0,T,0,,0,T,11,,26,E,74,E,0,,21.5,,,M,,M
-52.742777777777775,47.62222222222222,ST JOHN'S A,8403506,8403506.2009.2.15,2009-02-15 00:00:00,NL,2009,2,15,-5.1,,-9.1,,-1.1,,4.4,,0,T,7.4,,11,,36,E,52,E,0,,23.1,,,M,,M
-52.742777777777775,47.62222222222222,ST JOHN'S A,8403506,8403506.2009.2.16,2009-02-16 00:00:00,NL,2009,2,16,-4.4,,-6.7,,-2,,1.8,,0,,3.2,,17,,35,E,54,E,0,,22.4,,,M,,M
-52.742777777777775,47.62222222222222,ST JOHN'S A,8403506,8403506.2009.2.17,2009-02-17 00:00:00,NL,2009,2,17,-5.7,,-8.1,,-3.3,,0,T,0,T,0,T,17,,7,E,39,E,0,,23.7,,,M,,M
-52.742777777777775,47.62222222222222,ST JOHN'S A,8403506,8403506.2009.2.18,2009-02-18 00:00:00,NL,2009,2,18,-1.8,,-3.4,,-0.1,,17.4,,1.6,,21.8,,27,,3,E,80,E,0,,19.8,,,M,,M
-52.742777777777775,47.62222222222222,ST JOHN'S A,8403506,8403506.2009.2.19,2009-02-19 00:00:00,NL,2009,2,19,-2.6,,-4.1,,-1,,0.8,,0,T,0.8,,39,,33,E,67,E,0,,20.6,,,M,,M
-52.742777777777775,47.62222222222222,ST JOHN'S A,8403506,8403506.2009.2.20,2009-02-20 00:00:00,NL,2009,2,20,1.5,,-3,,5.9,,13.2,,5.3,,10.1,,45,,13,E,57,E,0,,16.5,,,M,,M
-52.742777777777775,47.62222222222222,ST JOHN'S A,8403506,8403506.2009.2.21,2009-02-21 00:00:00,NL,2009,2,21,-1,,-3.1,,1.2,,1.2,,0,,3.2,,34,,25,E,50,E,0,,19,,,M,,M
-52.742777777777775,47.62222222222222,ST JOHN'S A,8403506,8403506.2009.2.22,2009-02-22 00:00:00,NL,2009,2,22,-1.6,,-3.6,,0.5,,0,T,0,,0,T,34,,25,E,50,E,0,,19.6,,,M,,M
-52.742777777777775,47.62222222222222,ST JOHN'S A,8403506,8403506.2009.2.23,2009-02-23 00:00:00,NL,2009,2,23,-1.4,,-4.2,,1.4,,18.6,,8.4,,6.6,,34,,12,E,63,E,0,,19.4,,,M,,M
-52.742777777777775,47.62222222222222,ST JOHN'S A,8403506,8403506.2009.2.24,2009-02-24 00:00:00,NL,2009,2,24,-0.9,,-3.7,,2,,0,T,0,,0,T,35,,23,E,59,E,0,,18.9,,,M,,M
-52.742777777777775,47.62222222222222,ST JOHN'S A,8403506,8403506.2009.2.25,2009-02-25 00:00:00,NL,2009,2,25,-2.1,,-5,,0.8,,0,T,0,,0.2,,35,,28,E,61,E,0,,20.1,,,M,,M
-52.742777777777775,47.62222222222222,ST JOHN'S A,8403506,8403506.2009.2.26,2009-02-26 00:00:00,NL,2009,2,26,-2.7,,-5.8,,0.5,,0,,0,,0,,35,,29,E,41,E,0,,20.7,,,M,,M
-52.742777777777775,47.62222222222222,ST JOHN'S A,8403506,8403506.2009.2.27,2009-02-27 00:00:00,NL,2009,2,27,-2,,-6.1,,2.1,,0,,0,,0,,32,,26,E,39,E,0,,20,,,M,,M
-52.742777777777775,47.62222222222222,ST JOHN'S A,8403506,8403506.2009.2.28,2009-02-28 00:00:00,NL,2009,2,28,5.1,,1.1,,9,,0.8,,0.8,,0,,28,,21,E,67,E,0,,12.9,,,M,,M
-52.742777777777775,47.62222222222222,ST JOHN'S A,8403506,8403506.2009.3.1,2009-03-01 00:00:00,NL,2009,3,1,1.8,,-4.8,,8.3,,18,,18,,0,T,10,,25,E,48,E,0,,16.2,,,M,,M
-52.742777777777775,47.62222222222222,ST JOHN'S A,8403506,8403506.2009.3.2,2009-03-02 00:00:00,NL,2009,3,2,4.9,,-2.1,,11.8,,17.2,,17.2,,0,,6,,,M,,M,0,,13.1,,,M,,M
-52.742777777777775,47.62222222222222,ST JOHN'S A,8403506,8403506.2009.3.3,2009-03-03 00:00:00,NL,2009,3,3,11.2,,8.8,,13.5,,3.6,,3.6,,0,,6,,21,E,76,E,0,,6.8,,,M,,M
-52.742777777777775,47.62222222222222,ST JOHN'S A,8403506,8403506.2009.3.4,2009-03-04 00:00:00,NL,2009,3,4,2.4,,-4.8,,9.6,,11.4,,10.6,,1,,2,,26,E,48,E,0,,15.6,,,M,,M
-52.742777777777775,47.62222222222222,ST JOHN'S A,8403506,8403506.2009.3.5,2009-03-05 00:00:00,NL,2009,3,5,-7.4,,-10.1,,-4.6,,2.6,,0,,3.8,,3,,27,E,61,E,0,,25.4,,,M,,M
-52.742777777777775,47.62222222222222,ST JOHN'S A,8403506,8403506.2009.3.6,2009-03-06 00:00:00,NL,2009,3,6,-7.8,,-13.7,,-1.9,,0,T,0,,0,T,5,,29,E,52,E,0,,25.8,,,M,,M
-52.742777777777775,47.62222222222222,ST JOHN'S A,8403506,8403506.2009.3.7,2009-03-07 00:00:00,NL,2009,3,7,-1.7,,-7.2,,3.8,,7,,2.8,,4.2,,5,,18,E,70,E,0,,19.7,,,M,,M
-52.742777777777775,47.62222222222222,ST JOHN'S A,8403506,8403506.2009.3.8,2009-03-08 00:00:00,NL,2009,3,8,-1.1,,-3.4,,1.3,,0,,0,,0,,6,,28,E,74,E,0,,19.1,,,M,,M
-52.742777777777775,47.62222222222222,ST JOHN'S A,8403506,8403506.2009.3.9,2009-03-09 00:00:00,NL,2009,3,9,-3.3,,-6.3,,-0.2,,0.6,,0,,1,,6,,33,E,61,E,0,,21.3,,,M,,M
-52.742777777777775,47.62222222222222,ST JOHN'S A,8403506,8403506.2009.3.10,2009-03-10 00:00:00,NL,2009,3,10,-2,,-3.6,,-0.3,,0,,0,,0,,6,,33,E,46,E,0,,20,,,M,,M
-52.742777777777775,47.62222222222222,ST JOHN'S A,8403506,8403506.2009.3.11,2009-03-11 00:00:00,NL,2009,3,11,-1.1,,-5.1,,2.9,,0,,0,,0,,6,,0,,0,,0,,19.1,,,M,,M
-52.742777777777775,47.62222222222222,ST JOHN'S A,8403506,8403506.2009.3.12,2009-03-12 00:00:00,NL,2009,3,12,-2.5,,-9.8,,4.8,,2.2,,2.2,,0,T,2,,27,E,82,E,0,,20.5,,,M,,M
-52.742777777777775,47.62222222222222,ST JOHN'S A,8403506,8403506.2009.3.13,2009-03-13 00:00:00,NL,2009,3,13,-9.1,,-11.6,,-6.5,,0,T,0,,0,T,1,,28,E,72,E,0,,27.1,,,M,,M
-52.742777777777775,47.62222222222222,ST JOHN'S A,8403506,8403506.2009.3.14,2009-03-14 00:00:00,NL,2009,3,14,-7,,-11.1,,-2.8,,0,T,0,,0,T,1,,29,E,63,E,0,,25,,,M,,M
-52.742777777777775,47.62222222222222,ST JOHN'S A,8403506,8403506.2009.3.15,2009-03-15 00:00:00,NL,2009,3,15,-3,,-9.6,,3.7,,0,T,0,,0,T,1,,27,E,63,E,0,,21,,,M,,M
-52.742777777777775,47.62222222222222,ST JOHN'S A,8403506,8403506.2009.3.16,2009-03-16 00:00:00,NL,2009,3,16,-8.3,,-10.7,,-5.9,,0,T,0,,0,T,1,,29,E,39,E,0,,26.3,,,M,,M
-52.742777777777775,47.62222222222222,ST JOHN'S A,8403506,8403506.2009.3.17,2009-03-17 00:00:00,NL,2009,3,17,-6.3,,-9.8,,-2.8,,2,,0,,2,,3,,32,E,37,E,0,,24.3,,,M,,M
-52.742777777777775,47.62222222222222,ST JOHN'S A,8403506,8403506.2009.3.18,2009-03-18 00:00:00,NL,2009,3,18,-5.5,,-10.7,,-0.3,,0,T,0,,0,T,2,,0,,0,,0,,23.5,,,M,,M
-52.742777777777775,47.62222222222222,ST JOHN'S A,8403506,8403506.2009.3.19,2009-03-19 00:00:00,NL,2009,3,19,0.1,,-3.9,,4,,0.2,,0.2,,0,,0,T,24,E,54,E,0,,17.9,,,M,,M
-52.742777777777775,47.62222222222222,ST JOHN'S A,8403506,8403506.2009.3.20,2009-03-20 00:00:00,NL,2009,3,20,0.6,,-2.8,,3.9,,0.6,,0.6,,0,T,0,T,0,,0,,0,,17.4,,,M,,M
-52.742777777777775,47.62222222222222,ST JOHN'S A,8403506,8403506.2009.3.21,2009-03-21 00:00:00,NL,2009,3,21,-2.8,,-5.5,,-0.1,,36.4,,9.2,,27.8,,7,,5,E,52,E,0,,20.8,,,M,,M
-52.742777777777775,47.62222222222222,ST JOHN'S A,8403506,8403506.2009.3.22,2009-03-22 00:00:00,NL,2009,3,22,-3.4,,-6.7,,-0.1,,3.8,,3.8,,0,T,24,,,M,,M,0,,21.4,,,M,,M
-52.742777777777775,47.62222222222222,ST JOHN'S A,8403506,8403506.2009.3.23,2009-03-23 00:00:00,NL,2009,3,23,-4.5,,-7.4,,-1.6,,6.4,,0,,8,,24,,,M,,M,0,,22.5,,,M,,M
-52.742777777777775,47.62222222222222,ST JOHN'S A,8403506,8403506.2009.3.24,2009-03-24 00:00:00,NL,2009,3,24,-0.9,,-1.7,,-0.1,,2.4,,0,T,3.2,,32,,2,E,76,E,0,,18.9,,,M,,M
-52.742777777777775,47.62222222222222,ST JOHN'S A,8403506,8403506.2009.3.25,2009-03-25 00:00:00,NL,2009,3,25,-0.9,,-1.6,,-0.1,,20,,8,,12.2,,30,,4,E,54,E,0,,18.9,,,M,,M
-52.742777777777775,47.62222222222222,ST JOHN'S A,8403506,8403506.2009.3.26,2009-03-26 00:00:00,NL,2009,3,26,-0.1,,-1.3,,1.1,,11.6,,11.6,,0,,31,,,M,,M,0,,18.1,,,M,,M
-52.742777777777775,47.62222222222222,ST JOHN'S A,8403506,8403506.2009.3.27,2009-03-27 00:00:00,NL,2009,3,27,2.7,,0,,5.3,,0.6,,0.6,,0,,20,,,M,,M,0,,15.3,,,M,,M
-52.742777777777775,47.62222222222222,ST JOHN'S A,8403506,8403506.2009.3.28,2009-03-28 00:00:00,NL,2009,3,28,4.1,,0.9,,7.2,,0,T,0,T,0,,15,,33,E,33,E,0,,13.9,,,M,,M
-52.742777777777775,47.62222222222222,ST JOHN'S A,8403506,8403506.2009.3.29,2009-03-29 00:00:00,NL,2009,3,29,3,,-1.2,,7.1,,0,T,0,,0,T,12,,32,E,50,E,0,,15,,,M,,M
-52.742777777777775,47.62222222222222,ST JOHN'S A,8403506,8403506.2009.3.30,2009-03-30 00:00:00,NL,2009,3,30,0.2,,-1.7,,2.1,,0,T,0,,0,T,12,,35,E,50,E,0,,17.8,,,M,,M
-52.742777777777775,47.62222222222222,ST JOHN'S A,8403506,8403506.2009.3.31,2009-03-31 00:00:00,NL,2009,3,31,-0.5,,-1.9,,0.9,,0,,0,,0,,8,,2,E,54,E,0,,18.5,,,M,,M
-52.742777777777775,47.62222222222222,ST JOHN'S A,8403506,8403506.2009.4.1,2009-04-01 00:00:00,NL,2009,4,1,-0.4,,-2.8,,2,,0,,0,,0,,8,,35,E,37,E,0,,18.4,,,M,,M
-52.742777777777775,47.62222222222222,ST JOHN'S A,8403506,8403506.2009.4.2,2009-04-02 00:00:00,NL,2009,4,2,1.3,,-3.2,,5.8,,0,T,0,,0,T,7,,25,E,44,E,0,,16.7,,,M,,M
-52.742777777777775,47.62222222222222,ST JOHN'S A,8403506,8403506.2009.4.3,2009-04-03 00:00:00,NL,2009,4,3,5.3,,1.1,,9.4,,0,,0,,0,,1,,27,E,44,E,0,,12.7,,,M,,M
-52.742777777777775,47.62222222222222,ST JOHN'S A,8403506,8403506.2009.4.4,2009-04-04 00:00:00,NL,2009,4,4,6.1,,1.2,,10.9,,14.4,,14.4,,0,,1,,18,E,48,E,0,,11.9,,,M,,M
-52.742777777777775,47.62222222222222,ST JOHN'S A,8403506,8403506.2009.4.5,2009-04-05 00:00:00,NL,2009,4,5,9.5,,6.2,,12.8,,2.6,,2.6,,0,,0,T,18,E,48,E,0,,8.5,,,M,,M
-52.742777777777775,47.62222222222222,ST JOHN'S A,8403506,8403506.2009.4.6,2009-04-06 00:00:00,NL,2009,4,6,4.6,,0.2,,8.9,,2.8,,2.8,,0,,0,T,29,E,44,E,0,,13.4,,,M,,M
-52.742777777777775,47.62222222222222,ST JOHN'S A,8403506,8403506.2009.4.7,2009-04-07 00:00:00,NL,2009,4,7,2.9,,-0.3,,6,,0.4,,0.4,,0,,0,T,29,E,37,E,0,,15.1,,,M,,M
-52.742777777777775,47.62222222222222,ST JOHN'S A,8403506,8403506.2009.4.8,2009-04-08 00:00:00,NL,2009,4,8,8.2,,1.3,,15,,8.2,,8.2,,0,T,0,,21,E,67,E,0,,9.8,,,M,,M
-52.742777777777775,47.62222222222222,ST JOHN'S A,8403506,8403506.2009.4.9,2009-04-09 00:00:00,NL,2009,4,9,6.2,,-0.1,,12.5,,0,,0,,0,,0,,26,E,50,E,0,,11.8,,,M,,M
-52.742777777777775,47.62222222222222,ST JOHN'S A,8403506,8403506.2009.4.10,2009-04-10 00:00:00,NL,2009,4,10,3.5,,0.2,,6.7,,11.2,,11.2,,0,,0,,0,,0,,0,,14.5,,,M,,M
-52.742777777777775,47.62222222222222,ST JOHN'S A,8403506,8403506.2009.4.11,2009-04-11 00:00:00,NL,2009,4,11,4.8,,0.4,,9.2,,0,,0,,0,,0,,26,E,46,E,0,,13.2,,,M,,M
-52.742777777777775,47.62222222222222,ST JOHN'S A,8403506,8403506.2009.4.12,2009-04-12 00:00:00,NL,2009,4,12,4.4,,0.6,,8.1,,7,,7,,0,,0,,18,E,63,E,0,,13.6,,,M,,M
-52.742777777777775,47.62222222222222,ST JOHN'S A,8403506,8403506.2009.4.13,2009-04-13 00:00:00,NL,2009,4,13,5.8,,2.2,,9.3,,4.2,,4.2,,0,,0,,19,E,63,E,0,,12.2,,,M,,M
-52.742777777777775,47.62222222222222,ST JOHN'S A,8403506,8403506.2009.4.14,2009-04-14 00:00:00,NL,2009,4,14,3.4,,-0.5,,7.3,,3,,0.4,,3.4,,1,,26,E,46,E,0,,14.6,,,M,,M
-52.742777777777775,47.62222222222222,ST JOHN'S A,8403506,8403506.2009.4.15,2009-04-15 00:00:00,NL,2009,4,15,-0.3,,-3.3,,2.7,,0.6,,0,,1.2,,0,T,33,E,44,E,0,,18.3,,,M,,M
-52.742777777777775,47.62222222222222,ST JOHN'S A,8403506,8403506.2009.4.16,2009-04-16 00:00:00,NL,2009,4,16,-3.9,,-5.8,,-2,,0,T,0,,0,T,0,T,31,E,48,E,0,,21.9,,,M,,M
-52.742777777777775,47.62222222222222,ST JOHN'S A,8403506,8403506.2009.4.17,2009-04-17 00:00:00,NL,2009,4,17,-3.1,,-6.5,,0.4,,0,T,0,,0.2,,0,,29,E,44,E,0,,21.1,,,M,,M
-52.742777777777775,47.62222222222222,ST JOHN'S A,8403506,8403506.2009.4.18,2009-04-18 00:00:00,NL,2009,4,18,-2.1,,-7.1,,2.9,,0,,0,,0,,0,,0,,0,,0,,20.1,,,M,,M
-52.742777777777775,47.62222222222222,ST JOHN'S A,8403506,8403506.2009.4.19,2009-04-19 00:00:00,NL,2009,4,19,-0.1,,-4,,3.8,,0,,0,,0,,0,,26,E,33,E,0,,18.1,,,M,,M
-52.742777777777775,47.62222222222222,ST JOHN'S A,8403506,8403506.2009.4.20,2009-04-20 00:00:00,NL,2009,4,20,-0.7,,-4.9,,3.6,,0,,0,,0,,0,,0,,0,,0,,18.7,,,M,,M
-52.742777777777775,47.62222222222222,ST JOHN'S A,8403506,8403506.2009.4.21,2009-04-21 00:00:00,NL,2009,4,21,4,,-1.8,,9.8,,0,,0,,0,,0,,28,E,33,E,0,,14,,,M,,M
-52.742777777777775,47.62222222222222,ST JOHN'S A,8403506,8403506.2009.4.22,2009-04-22 00:00:00,NL,2009,4,22,5.9,,-0.6,,12.3,,0,,0,,0,,0,,21,E,41,E,0,,12.1,,,M,,M
-52.742777777777775,47.62222222222222,ST JOHN'S A,8403506,8403506.2009.4.23,2009-04-23 00:00:00,NL,2009,4,23,9.8,,6.4,,13.1,,2.8,,2.8,,0,,0,,19,E,65,E,0,,8.2,,,M,,M
-52.742777777777775,47.62222222222222,ST JOHN'S A,8403506,8403506.2009.4.24,2009-04-24 00:00:00,NL,2009,4,24,9.4,,2.5,,16.3,,0,,0,,0,,0,,22,E,50,E,0,,8.6,,,M,,M
-52.742777777777775,47.62222222222222,ST JOHN'S A,8403506,8403506.2009.4.25,2009-04-25 00:00:00,NL,2009,4,25,6.9,,0.8,,12.9,,0,,0,,0,,0,,14,E,39,E,0,,11.1,,,M,,M
-52.742777777777775,47.62222222222222,ST JOHN'S A,8403506,8403506.2009.4.26,2009-04-26 00:00:00,NL,2009,4,26,8.9,,-0.2,,17.9,,0,T,0,T,0,T,0,,25,E,48,E,0,,9.1,,,M,,M
-52.742777777777775,47.62222222222222,ST JOHN'S A,8403506,8403506.2009.4.27,2009-04-27 00:00:00,NL,2009,4,27,2.3,,-2,,6.6,,0,,0,,0,,0,,1,E,33,E,0,,15.7,,,M,,M
-52.742777777777775,47.62222222222222,ST JOHN'S A,8403506,8403506.2009.4.28,2009-04-28 00:00:00,NL,2009,4,28,4.2,,1.1,,7.2,,1.8,,1.8,,0,T,0,,25,E,59,E,0,,13.8,,,M,,M
-52.742777777777775,47.62222222222222,ST JOHN'S A,8403506,8403506.2009.4.29,2009-04-29 00:00:00,NL,2009,4,29,2.7,,-2.2,,7.5,,6,,6,,0.6,,0,,33,E,67,E,0,,15.3,,,M,,M
-52.742777777777775,47.62222222222222,ST JOHN'S A,8403506,8403506.2009.4.30,2009-04-30 00:00:00,NL,2009,4,30,2.8,,-2.6,,8.1,,0,,0,,0,,0,T,29,E,48,E,0,,15.2,,,M,,M
-52.742777777777775,47.62222222222222,ST JOHN'S A,8403506,8403506.2009.5.1,2009-05-01 00:00:00,NL,2009,5,1,4.8,,-1.4,,11,,1.2,,1.2,,0,,0,,20,E,80,E,0,,13.2,,,M,,M
-52.742777777777775,47.62222222222222,ST JOHN'S A,8403506,8403506.2009.5.2,2009-05-02 00:00:00,NL,2009,5,2,10.3,,7.7,,12.8,,3.6,,3.6,,0,,0,,23,E,76,E,0,,7.7,,,M,,M
-52.742777777777775,47.62222222222222,ST JOHN'S A,8403506,8403506.2009.5.3,2009-05-03 00:00:00,NL,2009,5,3,8.1,,5.8,,10.4,,6.8,,6.8,,0,,0,,0,,0,,0,,9.9,,,M,,M
-52.742777777777775,47.62222222222222,ST JOHN'S A,8403506,8403506.2009.5.4,2009-05-04 00:00:00,NL,2009,5,4,9.4,,6.8,,11.9,,4.8,,4.8,,0,,0,,26,E,33,E,0,,8.6,,,M,,M
-52.742777777777775,47.62222222222222,ST JOHN'S A,8403506,8403506.2009.5.5,2009-05-05 00:00:00,NL,2009,5,5,6.2,,1.3,,11.1,,0,,0,,0,,0,,4,E,35,E,0,,11.8,,,M,,M
-52.742777777777775,47.62222222222222,ST JOHN'S A,8403506,8403506.2009.5.6,2009-05-06 00:00:00,NL,2009,5,6,9.1,,2.7,,15.5,,9.2,,9.2,,0,,0,,16,E,52,E,0,,8.9,,,M,,M
-52.742777777777775,47.62222222222222,ST JOHN'S A,8403506,8403506.2009.5.7,2009-05-07 00:00:00,NL,2009,5,7,7.3,,2,,12.5,,3,,3,,0,,0,,26,E,61,E,0,,10.7,,,M,,M
-52.742777777777775,47.62222222222222,ST JOHN'S A,8403506,8403506.2009.5.8,2009-05-08 00:00:00,NL,2009,5,8,7.2,,1.6,,12.7,,15.8,,15.8,,0,,0,,23,E,35,E,0,,10.8,,,M,,M
-52.742777777777775,47.62222222222222,ST JOHN'S A,8403506,8403506.2009.5.9,2009-05-09 00:00:00,NL,2009,5,9,8.6,,4.4,,12.8,,0,T,0,T,0,,0,,27,E,57,E,0,,9.4,,,M,,M
-52.742777777777775,47.62222222222222,ST JOHN'S A,8403506,8403506.2009.5.10,2009-05-10 00:00:00,NL,2009,5,10,4.1,,0.5,,7.6,,17.8,,17.8,,0,,0,,25,E,46,E,0,,13.9,,,M,,M
-52.742777777777775,47.62222222222222,ST JOHN'S A,8403506,8403506.2009.5.11,2009-05-11 00:00:00,NL,2009,5,11,1.6,,-1.6,,4.8,,4.2,,1,,3.2,,0,,33,E,67,E,0,,16.4,,,M,,M
-52.742777777777775,47.62222222222222,ST JOHN'S A,8403506,8403506.2009.5.12,2009-05-12 00:00:00,NL,2009,5,12,4,,-0.9,,8.8,,0,,0,,0,,0,,0,,0,,0,,14,,,M,,M
-52.742777777777775,47.62222222222222,ST JOHN'S A,8403506,8403506.2009.5.13,2009-05-13 00:00:00,NL,2009,5,13,7.7,,-0.1,,15.5,,0,,0,,0,,0,,26,E,35,E,0,,10.3,,,M,,M
-52.742777777777775,47.62222222222222,ST JOHN'S A,8403506,8403506.2009.5.14,2009-05-14 00:00:00,NL,2009,5,14,13.4,,5.4,,21.3,,0,,0,,0,,0,,26,E,48,E,0,,4.6,,,M,,M
-52.742777777777775,47.62222222222222,ST JOHN'S A,8403506,8403506.2009.5.15,2009-05-15 00:00:00,NL,2009,5,15,11.8,,6.9,,16.7,,0,,0,,0,,0,,25,E,74,E,0,,6.2,,,M,,M
-52.742777777777775,47.62222222222222,ST JOHN'S A,8403506,8403506.2009.5.16,2009-05-16 00:00:00,NL,2009,5,16,10.5,,4.5,,16.4,,0,,0,,0,,0,,26,E,46,E,0,,7.5,,,M,,M
-52.742777777777775,47.62222222222222,ST JOHN'S A,8403506,8403506.2009.5.17,2009-05-17 00:00:00,NL,2009,5,17,10.8,,2.6,,18.9,,0,,0,,0,,0,,26,E,33,E,0,,7.2,,,M,,M
-52.742777777777775,47.62222222222222,ST JOHN'S A,8403506,8403506.2009.5.18,2009-05-18 00:00:00,NL,2009,5,18,16.3,,11.4,,21.1,,0,T,0,T,0,,0,,18,E,39,E,0,,1.7,,,M,,M
-52.742777777777775,47.62222222222222,ST JOHN'S A,8403506,8403506.2009.5.19,2009-05-19 00:00:00,NL,2009,5,19,17,,13.8,,20.1,,1,,1,,0,,0,,22,E,44,E,0,,1,,,M,,M
-52.742777777777775,47.62222222222222,ST JOHN'S A,8403506,8403506.2009.5.20,2009-05-20 00:00:00,NL,2009,5,20,9.5,,2.7,,16.3,,0,T,0,T,0,,0,,26,E,52,E,0,,8.5,,,M,,M
-52.742777777777775,47.62222222222222,ST JOHN'S A,8403506,8403506.2009.5.21,2009-05-21 00:00:00,NL,2009,5,21,6.4,,2.1,,10.6,,0.4,,0.4,,0,,0,,30,E,48,E,0,,11.6,,,M,,M
-52.742777777777775,47.62222222222222,ST JOHN'S A,8403506,8403506.2009.5.22,2009-05-22 00:00:00,NL,2009,5,22,13.1,,3,,23.1,,0,,0,,0,,0,,26,E,65,E,0,,4.9,,,M,,M
-52.742777777777775,47.62222222222222,ST JOHN'S A,8403506,8403506.2009.5.23,2009-05-23 00:00:00,NL,2009,5,23,7,,0.3,,13.7,,0,,0,,0,,0,,28,E,48,E,0,,11,,,M,,M
-52.742777777777775,47.62222222222222,ST JOHN'S A,8403506,8403506.2009.5.24,2009-05-24 00:00:00,NL,2009,5,24,8.3,,0.6,,15.9,,1,,1,,0,,0,,26,E,37,E,0,,9.7,,,M,,M
-52.742777777777775,47.62222222222222,ST JOHN'S A,8403506,8403506.2009.5.25,2009-05-25 00:00:00,NL,2009,5,25,6.3,,0.3,,12.3,,2.8,,2.8,,0,,0,,26,E,39,E,0,,11.7,,,M,,M
-52.742777777777775,47.62222222222222,ST JOHN'S A,8403506,8403506.2009.5.26,2009-05-26 00:00:00,NL,2009,5,26,2.2,,-0.5,,4.8,,4.6,,0,,5,,3,,36,E,41,E,0,,15.8,,,M,,M
-52.742777777777775,47.62222222222222,ST JOHN'S A,8403506,8403506.2009.5.27,2009-05-27 00:00:00,NL,2009,5,27,4.3,,0.7,,7.8,,0,,0,,0,,0,,31,E,50,E,0,,13.7,,,M,,M
-52.742777777777775,47.62222222222222,ST JOHN'S A,8403506,8403506.2009.5.28,2009-05-28 00:00:00,NL,2009,5,28,7.9,,1.8,,13.9,,0,,0,,0,,0,,0,,0,,0,,10.1,,,M,,M
-52.742777777777775,47.62222222222222,ST JOHN'S A,8403506,8403506.2009.5.29,2009-05-29 00:00:00,NL,2009,5,29,10.3,,3.1,,17.4,,0,,0,,0,,0,,0,,0,,0,,7.7,,,M,,M
-52.742777777777775,47.62222222222222,ST JOHN'S A,8403506,8403506.2009.5.30,2009-05-30 00:00:00,NL,2009,5,30,8,,5.8,,10.2,,16.4,,16.4,,0,,0,,15,E,69,E,0,,10,,,M,,M
-52.742777777777775,47.62222222222222,ST JOHN'S A,8403506,8403506.2009.5.31,2009-05-31 00:00:00,NL,2009,5,31,14.2,,6.5,,21.9,,2.6,,2.6,,0,,0,,16,E,61,E,0,,3.8,,,M,,M
-52.742777777777775,47.62222222222222,ST JOHN'S A,8403506,8403506.2009.6.1,2009-06-01 00:00:00,NL,2009,6,1,14.5,,5.8,,23.1,,0.2,,0.2,,0,,0,,26,E,41,E,0,,3.5,,,M,,M
-52.742777777777775,47.62222222222222,ST JOHN'S A,8403506,8403506.2009.6.2,2009-06-02 00:00:00,NL,2009,6,2,11.9,,5.2,,18.5,,0,,0,,0,,0,,23,E,56,E,0,,6.1,,,M,,M
-52.742777777777775,47.62222222222222,ST JOHN'S A,8403506,8403506.2009.6.3,2009-06-03 00:00:00,NL,2009,6,3,12.3,,7.2,,17.4,,0,,0,,0,,0,,28,E,57,E,0,,5.7,,,M,,M
-52.742777777777775,47.62222222222222,ST JOHN'S A,8403506,8403506.2009.6.4,2009-06-04 00:00:00,NL,2009,6,4,12.6,,5.9,,19.3,,0,,0,,0,,0,,25,E,39,E,0,,5.4,,,M,,M
-52.742777777777775,47.62222222222222,ST JOHN'S A,8403506,8403506.2009.6.5,2009-06-05 00:00:00,NL,2009,6,5,13.7,,8.6,,18.8,,0,,0,,0,,0,,26,E,39,E,0,,4.3,,,M,,M
-52.742777777777775,47.62222222222222,ST JOHN'S A,8403506,8403506.2009.6.6,2009-06-06 00:00:00,NL,2009,6,6,13,,6.7,,19.3,,0,,0,,0,,0,,26,E,52,E,0,,5,,,M,,M
-52.742777777777775,47.62222222222222,ST JOHN'S A,8403506,8403506.2009.6.7,2009-06-07 00:00:00,NL,2009,6,7,10.4,,5.8,,14.9,,1.4,,1.4,,0,,0,,0,,0,,0,,7.6,,,M,,M
-52.742777777777775,47.62222222222222,ST JOHN'S A,8403506,8403506.2009.6.8,2009-06-08 00:00:00,NL,2009,6,8,10.5,,5.6,,15.4,,2.4,,2.4,,0,,0,,25,E,37,E,0,,7.5,,,M,,M
-52.742777777777775,47.62222222222222,ST JOHN'S A,8403506,8403506.2009.6.9,2009-06-09 00:00:00,NL,2009,6,9,5.5,,4.4,,6.5,,3.8,,3.8,,0,,0,,1,E,41,E,0,,12.5,,,M,,M
-52.742777777777775,47.62222222222222,ST JOHN'S A,8403506,8403506.2009.6.10,2009-06-10 00:00:00,NL,2009,6,10,5,,3.7,,6.2,,0.2,,0.2,,0,,0,,36,E,35,E,0,,13,,,M,,M
-52.742777777777775,47.62222222222222,ST JOHN'S A,8403506,8403506.2009.6.11,2009-06-11 00:00:00,NL,2009,6,11,6.7,,3.7,,9.7,,0,T,0,T,0,,0,,0,,0,,0,,11.3,,,M,,M
-52.742777777777775,47.62222222222222,ST JOHN'S A,8403506,8403506.2009.6.12,2009-06-12 00:00:00,NL,2009,6,12,7.9,,5.3,,10.4,,1.6,,1.6,,0,,0,,18,E,63,E,0,,10.1,,,M,,M
-52.742777777777775,47.62222222222222,ST JOHN'S A,8403506,8403506.2009.6.13,2009-06-13 00:00:00,NL,2009,6,13,11,,3.2,,18.8,,9.2,,9.2,,0,,0,,18,E,65,E,0,,7,,,M,,M
-52.742777777777775,47.62222222222222,ST JOHN'S A,8403506,8403506.2009.6.14,2009-06-14 00:00:00,NL,2009,6,14,5.1,,1.5,,8.7,,0,T,0,T,0,,0,,0,,0,,0,,12.9,,,M,,M
-52.742777777777775,47.62222222222222,ST JOHN'S A,8403506,8403506.2009.6.15,2009-06-15 00:00:00,NL,2009,6,15,7.4,,2,,12.8,,0,,0,,0,,0,,0,,0,,0,,10.6,,,M,,M
-52.742777777777775,47.62222222222222,ST JOHN'S A,8403506,8403506.2009.6.16,2009-06-16 00:00:00,NL,2009,6,16,11.1,,5.1,,17,,0,,0,,0,,0,,0,,0,,0,,6.9,,,M,,M
-52.742777777777775,47.62222222222222,ST JOHN'S A,8403506,8403506.2009.6.17,2009-06-17 00:00:00,NL,2009,6,17,12.7,,6.2,,19.1,,0,,0,,0,,0,,14,E,32,E,0,,5.3,,,M,,M
-52.742777777777775,47.62222222222222,ST JOHN'S A,8403506,8403506.2009.6.18,2009-06-18 00:00:00,NL,2009,6,18,14.2,,8.1,,20.2,,0,,0,,0,,0,,0,,0,,0,,3.8,,,M,,M
-52.742777777777775,47.62222222222222,ST JOHN'S A,8403506,8403506.2009.6.19,2009-06-19 00:00:00,NL,2009,6,19,16.8,,7.2,,26.4,,0,,0,,0,,0,,27,E,33,E,0,,1.2,,,M,,M
-52.742777777777775,47.62222222222222,ST JOHN'S A,8403506,8403506.2009.6.20,2009-06-20 00:00:00,NL,2009,6,20,15.9,,9.4,,22.3,,0,,0,,0,,0,,0,,0,,0,,2.1,,,M,,M
-52.742777777777775,47.62222222222222,ST JOHN'S A,8403506,8403506.2009.6.21,2009-06-21 00:00:00,NL,2009,6,21,15.3,,10.7,,19.8,,0,,0,,0,,0,,0,,0,,0,,2.7,,,M,,M
-52.742777777777775,47.62222222222222,ST JOHN'S A,8403506,8403506.2009.6.22,2009-06-22 00:00:00,NL,2009,6,22,13.3,,10,,16.5,,5.6,,5.6,,0,,0,,13,E,39,E,0,,4.7,,,M,,M
-52.742777777777775,47.62222222222222,ST JOHN'S A,8403506,8403506.2009.6.23,2009-06-23 00:00:00,NL,2009,6,23,15.4,,9.9,,20.9,,23.8,,23.8,,0,,0,,0,,0,,0,,2.6,,,M,,M
-52.742777777777775,47.62222222222222,ST JOHN'S A,8403506,8403506.2009.6.24,2009-06-24 00:00:00,NL,2009,6,24,15.9,,13.2,,18.5,,1.6,,1.6,,0,,0,,0,,0,,0,,2.1,,,M,,M
-52.742777777777775,47.62222222222222,ST JOHN'S A,8403506,8403506.2009.6.25,2009-06-25 00:00:00,NL,2009,6,25,19.1,,14.6,,23.6,,10.6,,10.6,,0,,0,,26,E,35,E,1.1,,0,,,M,,M
-52.742777777777775,47.62222222222222,ST JOHN'S A,8403506,8403506.2009.6.26,2009-06-26 00:00:00,NL,2009,6,26,19.9,,15.8,,23.9,,0.2,,0.2,,0,,0,,28,E,32,E,1.9,,0,,,M,,M
-52.742777777777775,47.62222222222222,ST JOHN'S A,8403506,8403506.2009.6.27,2009-06-27 00:00:00,NL,2009,6,27,13.2,,9.4,,17,,0,T,0,T,0,,0,,0,,0,,0,,4.8,,,M,,M
-52.742777777777775,47.62222222222222,ST JOHN'S A,8403506,8403506.2009.6.28,2009-06-28 00:00:00,NL,2009,6,28,12.8,,9.5,,16,,0,,0,,0,,0,,0,,0,,0,,5.2,,,M,,M
-52.742777777777775,47.62222222222222,ST JOHN'S A,8403506,8403506.2009.6.29,2009-06-29 00:00:00,NL,2009,6,29,11,,8.6,,13.4,,0,,0,,0,,0,,14,E,33,E,0,,7,,,M,,M
-52.742777777777775,47.62222222222222,ST JOHN'S A,8403506,8403506.2009.6.30,2009-06-30 00:00:00,NL,2009,6,30,9.6,,7.8,,11.4,,0,T,0,T,0,,0,,13,E,32,E,0,,8.4,,,M,,M
-52.742777777777775,47.62222222222222,ST JOHN'S A,8403506,8403506.2009.7.1,2009-07-01 00:00:00,NL,2009,7,1,10.1,,7.4,,12.8,,0.8,,0.8,,0,,0,,0,,0,,0,,7.9,,,M,,M
-52.742777777777775,47.62222222222222,ST JOHN'S A,8403506,8403506.2009.7.2,2009-07-02 00:00:00,NL,2009,7,2,12.3,,7.8,,16.7,,0,T,0,T,0,,0,,0,,0,,0,,5.7,,,M,,M
-52.742777777777775,47.62222222222222,ST JOHN'S A,8403506,8403506.2009.7.3,2009-07-03 00:00:00,NL,2009,7,3,13.3,,10.5,,16,,0,T,0,T,0,,0,,0,,0,,0,,4.7,,,M,,M
-52.742777777777775,47.62222222222222,ST JOHN'S A,8403506,8403506.2009.7.4,2009-07-04 00:00:00,NL,2009,7,4,15.6,,10.7,,20.4,,0,T,0,T,0,,0,,0,,0,,0,,2.4,,,M,,M
-52.742777777777775,47.62222222222222,ST JOHN'S A,8403506,8403506.2009.7.5,2009-07-05 00:00:00,NL,2009,7,5,17.8,,12.5,,23.1,,6.2,,6.2,,0,,0,,25,E,44,E,0,,0.2,,,M,,M
-52.742777777777775,47.62222222222222,ST JOHN'S A,8403506,8403506.2009.7.6,2009-07-06 00:00:00,NL,2009,7,6,11.5,,6.7,,16.3,,0.4,,0.4,,0,,0,,26,E,39,E,0,,6.5,,,M,,M
-52.742777777777775,47.62222222222222,ST JOHN'S A,8403506,8403506.2009.7.7,2009-07-07 00:00:00,NL,2009,7,7,6.3,,3.5,,9.1,,3,,3,,0,,0,,0,,0,,0,,11.7,,,M,,M
-52.742777777777775,47.62222222222222,ST JOHN'S A,8403506,8403506.2009.7.8,2009-07-08 00:00:00,NL,2009,7,8,10.6,,2.6,,18.6,,0,,0,,0,,0,,28,E,35,E,0,,7.4,,,M,,M
-52.742777777777775,47.62222222222222,ST JOHN'S A,8403506,8403506.2009.7.9,2009-07-09 00:00:00,NL,2009,7,9,14.2,,7.8,,20.6,,0,,0,,0,,0,,0,,0,,0,,3.8,,,M,,M
-52.742777777777775,47.62222222222222,ST JOHN'S A,8403506,8403506.2009.7.10,2009-07-10 00:00:00,NL,2009,7,10,15.6,,7.3,,23.8,,0,,0,,0,,0,,25,E,52,E,0,,2.4,,,M,,M
-52.742777777777775,47.62222222222222,ST JOHN'S A,8403506,8403506.2009.7.11,2009-07-11 00:00:00,NL,2009,7,11,19.8,,13.3,,26.3,,0,,0,,0,,0,,0,,0,,1.8,,0,,,M,,M
-52.742777777777775,47.62222222222222,ST JOHN'S A,8403506,8403506.2009.7.12,2009-07-12 00:00:00,NL,2009,7,12,18.1,,12.5,,23.6,,0,,0,,0,,0,,27,E,33,E,0.1,,0,,,M,,M
-52.742777777777775,47.62222222222222,ST JOHN'S A,8403506,8403506.2009.7.13,2009-07-13 00:00:00,NL,2009,7,13,16.7,,10.9,,22.5,,3.4,,3.4,,0,,0,,16,E,56,E,0,,1.3,,,M,,M
-52.742777777777775,47.62222222222222,ST JOHN'S A,8403506,8403506.2009.7.14,2009-07-14 00:00:00,NL,2009,7,14,17.6,,12.3,,22.9,,0,T,0,T,0,,0,,15,E,44,E,0,,0.4,,,M,,M
-52.742777777777775,47.62222222222222,ST JOHN'S A,8403506,8403506.2009.7.15,2009-07-15 00:00:00,NL,2009,7,15,18,,12.4,,23.6,,0,,0,,0,,0,,28,E,33,E,0,,0,,,M,,M
-52.742777777777775,47.62222222222222,ST JOHN'S A,8403506,8403506.2009.7.16,2009-07-16 00:00:00,NL,2009,7,16,17.3,,11.6,,22.9,,0,,0,,0,,0,,25,E,39,E,0,,0.7,,,M,,M
-52.742777777777775,47.62222222222222,ST JOHN'S A,8403506,8403506.2009.7.17,2009-07-17 00:00:00,NL,2009,7,17,18.3,,12.5,,24,,0.4,,0.4,,0,,0,,25,E,41,E,0.3,,0,,,M,,M
-52.742777777777775,47.62222222222222,ST JOHN'S A,8403506,8403506.2009.7.18,2009-07-18 00:00:00,NL,2009,7,18,16.3,,12.5,,20.1,,3.2,,3.2,,0,,0,,19,E,32,E,0,,1.7,,,M,,M
-52.742777777777775,47.62222222222222,ST JOHN'S A,8403506,8403506.2009.7.19,2009-07-19 00:00:00,NL,2009,7,19,14.9,,12.2,,17.6,,2.2,,2.2,,0,,0,,27,E,44,E,0,,3.1,,,M,,M
-52.742777777777775,47.62222222222222,ST JOHN'S A,8403506,8403506.2009.7.20,2009-07-20 00:00:00,NL,2009,7,20,21,,15.9,,26.1,,0,T,0,T,0,,0,,27,E,39,E,3,,0,,,M,,M
-52.742777777777775,47.62222222222222,ST JOHN'S A,8403506,8403506.2009.7.21,2009-07-21 00:00:00,NL,2009,7,21,18,,14.2,,21.8,,0,,0,,0,,0,,0,,0,,0,,0,,,M,,M
-52.742777777777775,47.62222222222222,ST JOHN'S A,8403506,8403506.2009.7.22,2009-07-22 00:00:00,NL,2009,7,22,13.7,,11.5,,15.9,,3.2,,3.2,,0,,0,,0,,0,,0,,4.3,,,M,,M
-52.742777777777775,47.62222222222222,ST JOHN'S A,8403506,8403506.2009.7.23,2009-07-23 00:00:00,NL,2009,7,23,11.7,,9.9,,13.5,,2.2,,2.2,,0,,0,,0,,0,,0,,6.3,,,M,,M
-52.742777777777775,47.62222222222222,ST JOHN'S A,8403506,8403506.2009.7.24,2009-07-24 00:00:00,NL,2009,7,24,13.1,,9.8,,16.3,,0,,0,,0,,0,,0,,0,,0,,4.9,,,M,,M
-52.742777777777775,47.62222222222222,ST JOHN'S A,8403506,8403506.2009.7.25,2009-07-25 00:00:00,NL,2009,7,25,16.7,,12.2,,21.1,,14.6,,14.6,,0,,0,,16,E,41,E,0,,1.3,,,M,,M
-52.742777777777775,47.62222222222222,ST JOHN'S A,8403506,8403506.2009.7.26,2009-07-26 00:00:00,NL,2009,7,26,14,,12.2,,15.7,,6.8,,6.8,,0,,0,,0,,0,,0,,4,,,M,,M
-52.742777777777775,47.62222222222222,ST JOHN'S A,8403506,8403506.2009.7.27,2009-07-27 00:00:00,NL,2009,7,27,14.2,,13.3,,15,,2.4,,2.4,,0,,0,,0,,0,,0,,3.8,,,M,,M
-52.742777777777775,47.62222222222222,ST JOHN'S A,8403506,8403506.2009.7.28,2009-07-28 00:00:00,NL,2009,7,28,18.3,,13.7,,22.8,,6.2,,6.2,,0,,0,,25,E,48,E,0.3,,0,,,M,,M
-52.742777777777775,47.62222222222222,ST JOHN'S A,8403506,8403506.2009.7.29,2009-07-29 00:00:00,NL,2009,7,29,15.9,,10.4,,21.3,,0,T,0,T,0,,0,,0,,0,,0,,2.1,,,M,,M
-52.742777777777775,47.62222222222222,ST JOHN'S A,8403506,8403506.2009.7.30,2009-07-30 00:00:00,NL,2009,7,30,17.1,,10.4,,23.7,,0.4,,0.4,,0,,0,,20,E,37,E,0,,0.9,,,M,,M
-52.742777777777775,47.62222222222222,ST JOHN'S A,8403506,8403506.2009.7.31,2009-07-31 00:00:00,NL,2009,7,31,21.2,,16.8,,25.5,,0,T,0,T,0,,0,,27,E,59,E,3.2,,0,,,M,,M
-52.742777777777775,47.62222222222222,ST JOHN'S A,8403506,8403506.2009.8.1,2009-08-01 00:00:00,NL,2009,8,1,20.2,,16.4,,24,,1,,1,,0,,0,,24,E,48,E,2.2,,0,,,M,,M
-52.742777777777775,47.62222222222222,ST JOHN'S A,8403506,8403506.2009.8.2,2009-08-02 00:00:00,NL,2009,8,2,16,,10.9,,21,,0,,0,,0,,0,,0,,0,,0,,2,,,M,,M
-52.742777777777775,47.62222222222222,ST JOHN'S A,8403506,8403506.2009.8.3,2009-08-03 00:00:00,NL,2009,8,3,15.1,,12.2,,17.9,,6,,6,,0,,0,,15,E,41,E,0,,2.9,,,M,,M
-52.742777777777775,47.62222222222222,ST JOHN'S A,8403506,8403506.2009.8.4,2009-08-04 00:00:00,NL,2009,8,4,19.8,,15.3,,24.2,,0.2,,0.2,,0,,0,,28,E,35,E,1.8,,0,,,M,,M
-52.742777777777775,47.62222222222222,ST JOHN'S A,8403506,8403506.2009.8.5,2009-08-05 00:00:00,NL,2009,8,5,20.4,,14.9,,25.8,,0,T,0,T,0,,0,,26,E,37,E,2.4,,0,,,M,,M
-52.742777777777775,47.62222222222222,ST JOHN'S A,8403506,8403506.2009.8.6,2009-08-06 00:00:00,NL,2009,8,6,19.7,,16.1,,23.3,,0,,0,,0,,0,,26,E,50,E,1.7,,0,,,M,,M
-52.742777777777775,47.62222222222222,ST JOHN'S A,8403506,8403506.2009.8.7,2009-08-07 00:00:00,NL,2009,8,7,19.2,,15.9,,22.5,,23.2,,23.2,,0,,0,,23,E,32,E,1.2,,0,,,M,,M
-52.742777777777775,47.62222222222222,ST JOHN'S A,8403506,8403506.2009.8.8,2009-08-08 00:00:00,NL,2009,8,8,17,,13.5,,20.4,,0.4,,0.4,,0,,0,,25,E,33,E,0,,1,,,M,,M
-52.742777777777775,47.62222222222222,ST JOHN'S A,8403506,8403506.2009.8.9,2009-08-09 00:00:00,NL,2009,8,9,16.5,,12.1,,20.9,,0,T,0,T,0,,0,,28,E,37,E,0,,1.5,,,M,,M
-52.742777777777775,47.62222222222222,ST JOHN'S A,8403506,8403506.2009.8.10,2009-08-10 00:00:00,NL,2009,8,10,17.9,,12.1,,23.6,,0,T,0,T,0,,0,,25,E,39,E,0,,0.1,,,M,,M
-52.742777777777775,47.62222222222222,ST JOHN'S A,8403506,8403506.2009.8.11,2009-08-11 00:00:00,NL,2009,8,11,16,,14.5,,17.5,,36.4,,36.4,,0,,0,,18,E,56,E,0,,2,,,M,,M
-52.742777777777775,47.62222222222222,ST JOHN'S A,8403506,8403506.2009.8.12,2009-08-12 00:00:00,NL,2009,8,12,13,,8.4,,17.5,,0,T,0,T,0,,0,,1,E,33,E,0,,5,,,M,,M
-52.742777777777775,47.62222222222222,ST JOHN'S A,8403506,8403506.2009.8.13,2009-08-13 00:00:00,NL,2009,8,13,16.2,,9.1,,23.2,,0,,0,,0,,0,,25,E,39,E,0,,1.8,,,M,,M
-52.742777777777775,47.62222222222222,ST JOHN'S A,8403506,8403506.2009.8.14,2009-08-14 00:00:00,NL,2009,8,14,17.7,,13.7,,21.6,,0,,0,,0,,0,,26,E,44,E,0,,0.3,,,M,,M
-52.742777777777775,47.62222222222222,ST JOHN'S A,8403506,8403506.2009.8.15,2009-08-15 00:00:00,NL,2009,8,15,19.8,,14.3,,25.3,,0,,0,,0,,0,,25,E,37,E,1.8,,0,,,M,,M
-52.742777777777775,47.62222222222222,ST JOHN'S A,8403506,8403506.2009.8.16,2009-08-16 00:00:00,NL,2009,8,16,16.3,,11.4,,21.2,,1.6,,1.6,,0,,0,,25,E,48,E,0,,1.7,,,M,,M
-52.742777777777775,47.62222222222222,ST JOHN'S A,8403506,8403506.2009.8.17,2009-08-17 00:00:00,NL,2009,8,17,15.9,,10.8,,20.9,,0,,0,,0,,0,,2,E,37,E,0,,2.1,,,M,,M
-52.742777777777775,47.62222222222222,ST JOHN'S A,8403506,8403506.2009.8.18,2009-08-18 00:00:00,NL,2009,8,18,12,,10.5,,13.5,,26.4,,26.4,,0,,0,,11,E,44,E,0,,6,,,M,,M
-52.742777777777775,47.62222222222222,ST JOHN'S A,8403506,8403506.2009.8.19,2009-08-19 00:00:00,NL,2009,8,19,18.1,,13.1,,23,,0.2,,0.2,,0,,0,,26,E,44,E,0.1,,0,,,M,,M
-52.742777777777775,47.62222222222222,ST JOHN'S A,8403506,8403506.2009.8.20,2009-08-20 00:00:00,NL,2009,8,20,20.1,,16.2,,24,,2.8,,2.8,,0,,0,,26,E,37,E,2.1,,0,,,M,,M
-52.742777777777775,47.62222222222222,ST JOHN'S A,8403506,8403506.2009.8.21,2009-08-21 00:00:00,NL,2009,8,21,18.3,,13.9,,22.7,,0,,0,,0,,0,,0,,0,,0.3,,0,,,M,,M
-52.742777777777775,47.62222222222222,ST JOHN'S A,8403506,8403506.2009.8.22,2009-08-22 00:00:00,NL,2009,8,22,20.1,,14.4,,25.7,,0,T,0,T,0,,0,,25,E,56,E,2.1,,0,,,M,,M
-52.742777777777775,47.62222222222222,ST JOHN'S A,8403506,8403506.2009.8.23,2009-08-23 00:00:00,NL,2009,8,23,22.1,,18.4,,25.8,,38.2,,38.2,,0,,0,,16,E,80,E,4.1,,0,,,M,,M
-52.742777777777775,47.62222222222222,ST JOHN'S A,8403506,8403506.2009.8.24,2009-08-24 00:00:00,NL,2009,8,24,16.2,,13.3,,19.1,,1.6,,1.6,,0,,0,,31,E,78,E,0,,1.8,,,M,,M
-52.742777777777775,47.62222222222222,ST JOHN'S A,8403506,8403506.2009.8.25,2009-08-25 00:00:00,NL,2009,8,25,14.5,,7.5,,21.5,,0,,0,,0,,0,,30,E,32,E,0,,3.5,,,M,,M
-52.742777777777775,47.62222222222222,ST JOHN'S A,8403506,8403506.2009.8.26,2009-08-26 00:00:00,NL,2009,8,26,12,,7.3,,16.6,,0,T,0,T,0,,0,,20,E,48,E,0,,6,,,M,,M
-52.742777777777775,47.62222222222222,ST JOHN'S A,8403506,8403506.2009.8.27,2009-08-27 00:00:00,NL,2009,8,27,16,,11.8,,20.2,,0.4,,0.4,,0,,0,,27,E,61,E,0,,2,,,M,,M
-52.742777777777775,47.62222222222222,ST JOHN'S A,8403506,8403506.2009.8.28,2009-08-28 00:00:00,NL,2009,8,28,12.7,,9.5,,15.9,,0,,0,,0,,0,,26,E,63,E,0,,5.3,,,M,,M
-52.742777777777775,47.62222222222222,ST JOHN'S A,8403506,8403506.2009.8.29,2009-08-29 00:00:00,NL,2009,8,29,13.2,,8.3,,18.1,,0,,0,,0,,0,,28,E,63,E,0,,4.8,,,M,,M
-52.742777777777775,47.62222222222222,ST JOHN'S A,8403506,8403506.2009.8.30,2009-08-30 00:00:00,NL,2009,8,30,13.4,,8,,18.8,,30,,30,,0,,0,,14,E,74,E,0,,4.6,,,M,,M
-52.742777777777775,47.62222222222222,ST JOHN'S A,8403506,8403506.2009.8.31,2009-08-31 00:00:00,NL,2009,8,31,16.5,,13.8,,19.1,,0,T,0,T,0,,0,,27,E,46,E,0,,1.5,,,M,,M
-52.742777777777775,47.62222222222222,ST JOHN'S A,8403506,8403506.2009.9.1,2009-09-01 00:00:00,NL,2009,9,1,14.6,,9.6,,19.5,,0,T,0,T,0,,0,,25,E,44,E,0,,3.4,,,M,,M
-52.742777777777775,47.62222222222222,ST JOHN'S A,8403506,8403506.2009.9.2,2009-09-02 00:00:00,NL,2009,9,2,12.2,,9.1,,15.3,,0,,0,,0,,0,,25,E,37,E,0,,5.8,,,M,,M
-52.742777777777775,47.62222222222222,ST JOHN'S A,8403506,8403506.2009.9.3,2009-09-03 00:00:00,NL,2009,9,3,16.5,,11.3,,21.6,,0,,0,,0,,0,,26,E,67,E,0,,1.5,,,M,,M
-52.742777777777775,47.62222222222222,ST JOHN'S A,8403506,8403506.2009.9.4,2009-09-04 00:00:00,NL,2009,9,4,17.8,,12.3,,23.3,,0,,0,,0,,0,,25,E,46,E,0,,0.2,,,M,,M
-52.742777777777775,47.62222222222222,ST JOHN'S A,8403506,8403506.2009.9.5,2009-09-05 00:00:00,NL,2009,9,5,9.6,,5.3,,13.9,,0,,0,,0,,0,,0,,0,,0,,8.4,,,M,,M
-52.742777777777775,47.62222222222222,ST JOHN'S A,8403506,8403506.2009.9.6,2009-09-06 00:00:00,NL,2009,9,6,9.5,,4.8,,14.1,,0,,0,,0,,0,,0,,0,,0,,8.5,,,M,,M
-52.742777777777775,47.62222222222222,ST JOHN'S A,8403506,8403506.2009.9.7,2009-09-07 00:00:00,NL,2009,9,7,13.6,,7.4,,19.7,,0,,0,,0,,0,,26,E,70,E,0,,4.4,,,M,,M
-52.742777777777775,47.62222222222222,ST JOHN'S A,8403506,8403506.2009.9.8,2009-09-08 00:00:00,NL,2009,9,8,15.2,,12.5,,17.9,,0.8,,0.8,,0,,0,,,M,,M,0,,2.8,,,M,,M
-52.742777777777775,47.62222222222222,ST JOHN'S A,8403506,8403506.2009.9.9,2009-09-09 00:00:00,NL,2009,9,9,9.3,,5.3,,13.2,,0,T,0,T,0,,0,,,M,,M,0,,8.7,,,M,,M
-52.742777777777775,47.62222222222222,ST JOHN'S A,8403506,8403506.2009.9.10,2009-09-10 00:00:00,NL,2009,9,10,8,,4.5,,11.4,,0.2,,0.2,,0,,0,,33,E,44,E,0,,10,,,M,,M
-52.742777777777775,47.62222222222222,ST JOHN'S A,8403506,8403506.2009.9.11,2009-09-11 00:00:00,NL,2009,9,11,13.9,,7.2,,20.5,,0,,0,,0,,0,,28,E,50,E,0,,4.1,,,M,,M
-52.742777777777775,47.62222222222222,ST JOHN'S A,8403506,8403506.2009.9.12,2009-09-12 00:00:00,NL,2009,9,12,11.2,,6.1,,16.3,,0,,0,,0,,0,,35,E,33,E,0,,6.8,,,M,,M
-52.742777777777775,47.62222222222222,ST JOHN'S A,8403506,8403506.2009.9.13,2009-09-13 00:00:00,NL,2009,9,13,10.2,,6.6,,13.8,,4,,4,,0,,0,,18,E,33,E,0,,7.8,,,M,,M
-52.742777777777775,47.62222222222222,ST JOHN'S A,8403506,8403506.2009.9.14,2009-09-14 00:00:00,NL,2009,9,14,15.1,,12.2,,17.9,,53.2,,53.2,,0,,0,,16,E,69,E,0,,2.9,,,M,,M
-52.742777777777775,47.62222222222222,ST JOHN'S A,8403506,8403506.2009.9.15,2009-09-15 00:00:00,NL,2009,9,15,14,,9.7,,18.2,,0,T,0,T,0,,0,,26,E,61,E,0,,4,,,M,,M
-52.742777777777775,47.62222222222222,ST JOHN'S A,8403506,8403506.2009.9.16,2009-09-16 00:00:00,NL,2009,9,16,7.7,,5.7,,9.7,,1.2,,1.2,,0,,0,,3,E,33,E,0,,10.3,,,M,,M
-52.742777777777775,47.62222222222222,ST JOHN'S A,8403506,8403506.2009.9.17,2009-09-17 00:00:00,NL,2009,9,17,11.4,,5.4,,17.4,,0,,0,,0,,0,,27,E,37,E,0,,6.6,,,M,,M
-52.742777777777775,47.62222222222222,ST JOHN'S A,8403506,8403506.2009.9.18,2009-09-18 00:00:00,NL,2009,9,18,10.3,,6.2,,14.4,,31,,31,,0,,0,,31,E,65,E,0,,7.7,,,M,,M
-52.742777777777775,47.62222222222222,ST JOHN'S A,8403506,8403506.2009.9.19,2009-09-19 00:00:00,NL,2009,9,19,12.3,,7.9,,16.7,,3.2,,3.2,,0,,0,,23,E,37,E,0,,5.7,,,M,,M
-52.742777777777775,47.62222222222222,ST JOHN'S A,8403506,8403506.2009.9.20,2009-09-20 00:00:00,NL,2009,9,20,8.4,,7.2,,9.6,,2,,2,,0,,0,,32,E,41,E,0,,9.6,,,M,,M
-52.742777777777775,47.62222222222222,ST JOHN'S A,8403506,8403506.2009.9.21,2009-09-21 00:00:00,NL,2009,9,21,11.1,,8.3,,13.9,,0.4,,0.4,,0,,0,,26,E,41,E,0,,6.9,,,M,,M
-52.742777777777775,47.62222222222222,ST JOHN'S A,8403506,8403506.2009.9.22,2009-09-22 00:00:00,NL,2009,9,22,14.9,,10,,19.8,,0,,0,,0,,0,,26,E,54,E,0,,3.1,,,M,,M
-52.742777777777775,47.62222222222222,ST JOHN'S A,8403506,8403506.2009.9.23,2009-09-23 00:00:00,NL,2009,9,23,14.5,,11.2,,17.8,,0,,0,,0,,0,,25,E,67,E,0,,3.5,,,M,,M
-52.742777777777775,47.62222222222222,ST JOHN'S A,8403506,8403506.2009.9.24,2009-09-24 00:00:00,NL,2009,9,24,12.3,,7.1,,17.5,,14.6,,14.6,,0,,0,,25,E,70,E,0,,5.7,,,M,,M
-52.742777777777775,47.62222222222222,ST JOHN'S A,8403506,8403506.2009.9.25,2009-09-25 00:00:00,NL,2009,9,25,6.7,,5.5,,7.8,,0.2,,0.2,,0,,0,,4,E,59,E,0,,11.3,,,M,,M
-52.742777777777775,47.62222222222222,ST JOHN'S A,8403506,8403506.2009.9.26,2009-09-26 00:00:00,NL,2009,9,26,4.7,,1.6,,7.7,,0,,0,,0,,0,,3,E,54,E,0,,13.3,,,M,,M
-52.742777777777775,47.62222222222222,ST JOHN'S A,8403506,8403506.2009.9.27,2009-09-27 00:00:00,NL,2009,9,27,9.4,,2.8,,15.9,,0,,0,,0,,0,,0,,0,,0,,8.6,,,M,,M
-52.742777777777775,47.62222222222222,ST JOHN'S A,8403506,8403506.2009.9.28,2009-09-28 00:00:00,NL,2009,9,28,11.2,,6.7,,15.7,,0.4,,0.4,,0,,0,,0,,0,,0,,6.8,,,M,,M
-52.742777777777775,47.62222222222222,ST JOHN'S A,8403506,8403506.2009.9.29,2009-09-29 00:00:00,NL,2009,9,29,10.5,,9.5,,11.4,,6,,6,,0,,0,,16,E,41,E,0,,7.5,,,M,,M
-52.742777777777775,47.62222222222222,ST JOHN'S A,8403506,8403506.2009.9.30,2009-09-30 00:00:00,NL,2009,9,30,13.6,,10.4,,16.8,,0,T,0,T,0,,0,,18,E,37,E,0,,4.4,,,M,,M
-52.742777777777775,47.62222222222222,ST JOHN'S A,8403506,8403506.2009.10.1,2009-10-01 00:00:00,NL,2009,10,1,16.6,,12.4,,20.7,,15.2,,15.2,,0,,0,,0,,0,,0,,1.4,,,M,,M
-52.742777777777775,47.62222222222222,ST JOHN'S A,8403506,8403506.2009.10.2,2009-10-02 00:00:00,NL,2009,10,2,13,,12,,13.9,,34.8,,34.8,,0,,0,,26,E,46,E,0,,5,,,M,,M
-52.742777777777775,47.62222222222222,ST JOHN'S A,8403506,8403506.2009.10.3,2009-10-03 00:00:00,NL,2009,10,3,10.2,,7.1,,13.2,,1.8,,1.8,,0,,0,,31,E,56,E,0,,7.8,,,M,,M
-52.742777777777775,47.62222222222222,ST JOHN'S A,8403506,8403506.2009.10.4,2009-10-04 00:00:00,NL,2009,10,4,7.2,,5.8,,8.6,,1,,1,,0,,0,,32,E,50,E,0,,10.8,,,M,,M
-52.742777777777775,47.62222222222222,ST JOHN'S A,8403506,8403506.2009.10.5,2009-10-05 00:00:00,NL,2009,10,5,8.1,,5.8,,10.3,,9.6,,9.6,,0,,0,,16,E,54,E,0,,9.9,,,M,,M
-52.742777777777775,47.62222222222222,ST JOHN'S A,8403506,8403506.2009.10.6,2009-10-06 00:00:00,NL,2009,10,6,12.4,,9.8,,15,,7.6,,7.6,,0,,0,,24,E,41,E,0,,5.6,,,M,,M
-52.742777777777775,47.62222222222222,ST JOHN'S A,8403506,8403506.2009.10.7,2009-10-07 00:00:00,NL,2009,10,7,9.7,,7.2,,12.1,,0,T,0,T,0,,0,,28,E,57,E,0,,8.3,,,M,,M
-52.742777777777775,47.62222222222222,ST JOHN'S A,8403506,8403506.2009.10.8,2009-10-08 00:00:00,NL,2009,10,8,7.7,,6.9,,8.4,,44.4,,44.4,,0,,0,,3,E,61,E,0,,10.3,,,M,,M
-52.742777777777775,47.62222222222222,ST JOHN'S A,8403506,8403506.2009.10.9,2009-10-09 00:00:00,NL,2009,10,9,7.8,,6.7,,8.9,,8.2,,8.2,,0,,0,,1,E,57,E,0,,10.2,,,M,,M
-52.742777777777775,47.62222222222222,ST JOHN'S A,8403506,8403506.2009.10.10,2009-10-10 00:00:00,NL,2009,10,10,7,,5.8,,8.2,,1.8,,1.8,,0,,0,,36,E,37,E,0,,11,,,M,,M
-52.742777777777775,47.62222222222222,ST JOHN'S A,8403506,8403506.2009.10.11,2009-10-11 00:00:00,NL,2009,10,11,6.9,,4.9,,8.8,,7,,7,,0,,0,,30,E,63,E,0,,11.1,,,M,,M
-52.742777777777775,47.62222222222222,ST JOHN'S A,8403506,8403506.2009.10.12,2009-10-12 00:00:00,NL,2009,10,12,5.8,,4.1,,7.5,,2.2,,2.2,,0,,0,,29,E,61,E,0,,12.2,,,M,,M
-52.742777777777775,47.62222222222222,ST JOHN'S A,8403506,8403506.2009.10.13,2009-10-13 00:00:00,NL,2009,10,13,6.7,,3.3,,10.1,,0,,0,,0,,0,,,M,,M,0,,11.3,,,M,,M
-52.742777777777775,47.62222222222222,ST JOHN'S A,8403506,8403506.2009.10.14,2009-10-14 00:00:00,NL,2009,10,14,3,,0.7,,5.2,,46.4,,41.2,,5.2,,0,,,M,,M,0,,15,,,M,,M
-52.742777777777775,47.62222222222222,ST JOHN'S A,8403506,8403506.2009.10.15,2009-10-15 00:00:00,NL,2009,10,15,4.8,,1.1,,8.4,,0,,0,,0,,0,,30,E,65,E,0,,13.2,,,M,,M
-52.742777777777775,47.62222222222222,ST JOHN'S A,8403506,8403506.2009.10.16,2009-10-16 00:00:00,NL,2009,10,16,4,,-0.5,,8.4,,23,,23,,0,,0,,11,E,67,E,0,,14,,,M,,M
-52.742777777777775,47.62222222222222,ST JOHN'S A,8403506,8403506.2009.10.17,2009-10-17 00:00:00,NL,2009,10,17,6.9,,3,,10.7,,30.6,,30.6,,0,,0,,12,E,83,E,0,,11.1,,,M,,M
-52.742777777777775,47.62222222222222,ST JOHN'S A,8403506,8403506.2009.10.18,2009-10-18 00:00:00,NL,2009,10,18,2.4,,0.1,,4.6,,0.4,,0.4,,0,,0,,0,,0,,0,,15.6,,,M,,M
-52.742777777777775,47.62222222222222,ST JOHN'S A,8403506,8403506.2009.10.19,2009-10-19 00:00:00,NL,2009,10,19,4.9,,1.1,,8.6,,14,,14,,0,,0,,13,E,54,E,0,,13.1,,,M,,M
-52.742777777777775,47.62222222222222,ST JOHN'S A,8403506,8403506.2009.10.20,2009-10-20 00:00:00,NL,2009,10,20,4.9,,2.4,,7.4,,2,,2,,0,,0,,3,E,41,E,0,,13.1,,,M,,M
-52.742777777777775,47.62222222222222,ST JOHN'S A,8403506,8403506.2009.10.21,2009-10-21 00:00:00,NL,2009,10,21,4.2,,2.9,,5.5,,3,,3,,0,,0,,0,,0,,0,,13.8,,,M,,M
-52.742777777777775,47.62222222222222,ST JOHN'S A,8403506,8403506.2009.10.22,2009-10-22 00:00:00,NL,2009,10,22,2.8,,0.5,,5.1,,1,,1,,0,,0,,0,,0,,0,,15.2,,,M,,M
-52.742777777777775,47.62222222222222,ST JOHN'S A,8403506,8403506.2009.10.23,2009-10-23 00:00:00,NL,2009,10,23,1.8,,0.8,,2.8,,5.8,,5,,0.8,,0,,35,E,59,E,0,,16.2,,,M,,M
-52.742777777777775,47.62222222222222,ST JOHN'S A,8403506,8403506.2009.10.24,2009-10-24 00:00:00,NL,2009,10,24,1.2,,-0.3,,2.6,,0.2,,0,,0.2,,0,T,35,E,59,E,0,,16.8,,,M,,M
-52.742777777777775,47.62222222222222,ST JOHN'S A,8403506,8403506.2009.10.25,2009-10-25 00:00:00,NL,2009,10,25,5.4,,0.1,,10.7,,3.6,,3.6,,0,,0,,19,E,59,E,0,,12.6,,,M,,M
-52.742777777777775,47.62222222222222,ST JOHN'S A,8403506,8403506.2009.10.26,2009-10-26 00:00:00,NL,2009,10,26,4.3,,0.1,,8.4,,1,,1,,0,T,0,,29,E,67,E,0,,13.7,,,M,,M
-52.742777777777775,47.62222222222222,ST JOHN'S A,8403506,8403506.2009.10.27,2009-10-27 00:00:00,NL,2009,10,27,0.1,,-2,,2.2,,0,,0,,0,,0,,32,E,65,E,0,,17.9,,,M,,M
-52.742777777777775,47.62222222222222,ST JOHN'S A,8403506,8403506.2009.10.28,2009-10-28 00:00:00,NL,2009,10,28,0.8,,-1.7,,3.2,,1.2,,0.6,,0.6,,0,,32,E,74,E,0,,17.2,,,M,,M
-52.742777777777775,47.62222222222222,ST JOHN'S A,8403506,8403506.2009.10.29,2009-10-29 00:00:00,NL,2009,10,29,1.6,,-0.2,,3.3,,2.8,,2.8,,0,T,0,,35,E,54,E,0,,16.4,,,M,,M
-52.742777777777775,47.62222222222222,ST JOHN'S A,8403506,8403506.2009.10.30,2009-10-30 00:00:00,NL,2009,10,30,1.7,,-1.4,,4.7,,0,,0,,0,,0,,0,,0,,0,,16.3,,,M,,M
-52.742777777777775,47.62222222222222,ST JOHN'S A,8403506,8403506.2009.10.31,2009-10-31 00:00:00,NL,2009,10,31,6.2,,-0.5,,12.8,,0,T,0,T,0,,0,,24,E,78,E,0,,11.8,,,M,,M
-52.742777777777775,47.62222222222222,ST JOHN'S A,8403506,8403506.2009.11.1,2009-11-01 00:00:00,NL,2009,11,1,11.9,,6.7,,17.1,,2.8,,2.8,,0,,0,,25,E,85,E,0,,6.1,,,M,,M
-52.742777777777775,47.62222222222222,ST JOHN'S A,8403506,8403506.2009.11.2,2009-11-02 00:00:00,NL,2009,11,2,3.9,,1.1,,6.7,,0,,0,,0,,0,,7,E,32,E,0,,14.1,,,M,,M
-52.742777777777775,47.62222222222222,ST JOHN'S A,8403506,8403506.2009.11.3,2009-11-03 00:00:00,NL,2009,11,3,6.9,,1.3,,12.5,,24,,24,,0,,0,,21,E,54,E,0,,11.1,,,M,,M
-52.742777777777775,47.62222222222222,ST JOHN'S A,8403506,8403506.2009.11.4,2009-11-04 00:00:00,NL,2009,11,4,8.6,,2.3,,14.8,,15.4,,15.4,,0,,0,,28,E,52,E,0,,9.4,,,M,,M
-52.742777777777775,47.62222222222222,ST JOHN'S A,8403506,8403506.2009.11.5,2009-11-05 00:00:00,NL,2009,11,5,1.8,,-1.6,,5.2,,0,,0,,0,,0,,29,E,59,E,0,,16.2,,,M,,M
-52.742777777777775,47.62222222222222,ST JOHN'S A,8403506,8403506.2009.11.6,2009-11-06 00:00:00,NL,2009,11,6,2.3,,-0.6,,5.1,,15.4,,13.2,,2.2,,0,,,M,,M,0,,15.7,,,M,,M
-52.742777777777775,47.62222222222222,ST JOHN'S A,8403506,8403506.2009.11.7,2009-11-07 00:00:00,NL,2009,11,7,2.2,,-1.3,,5.6,,3.8,,3.4,,0.4,,0,,34,E,74,E,0,,15.8,,,M,,M
-52.742777777777775,47.62222222222222,ST JOHN'S A,8403506,8403506.2009.11.8,2009-11-08 00:00:00,NL,2009,11,8,2.2,,-2.2,,6.5,,2.6,,2.6,,0,,0,T,24,E,46,E,0,,15.8,,,M,,M
-52.742777777777775,47.62222222222222,ST JOHN'S A,8403506,8403506.2009.11.9,2009-11-09 00:00:00,NL,2009,11,9,5.6,,3.5,,7.7,,0.6,,0.6,,0,,0,,28,E,56,E,0,,12.4,,,M,,M
-52.742777777777775,47.62222222222222,ST JOHN'S A,8403506,8403506.2009.11.10,2009-11-10 00:00:00,NL,2009,11,10,2.6,,-2.5,,7.7,,0,,0,,0,,0,,0,,0,,0,,15.4,,,M,,M
-52.742777777777775,47.62222222222222,ST JOHN'S A,8403506,8403506.2009.11.11,2009-11-11 00:00:00,NL,2009,11,11,1.2,,-2.8,,5.2,,1.8,,0,T,1.8,,0,,35,E,44,E,0,,16.8,,,M,,M
-52.742777777777775,47.62222222222222,ST JOHN'S A,8403506,8403506.2009.11.12,2009-11-12 00:00:00,NL,2009,11,12,0.2,,-2.8,,3.2,,0,,0,,0,,1,,,M,,M,0,,17.8,,,M,,M
-52.742777777777775,47.62222222222222,ST JOHN'S A,8403506,8403506.2009.11.13,2009-11-13 00:00:00,NL,2009,11,13,2.9,,0.2,,5.6,,0,T,0,T,0,T,0,T,,M,,M,0,,15.1,,,M,,M
-52.742777777777775,47.62222222222222,ST JOHN'S A,8403506,8403506.2009.11.14,2009-11-14 00:00:00,NL,2009,11,14,3.2,,-1,,7.4,,0,,0,,0,,0,,27,E,46,E,0,,14.8,,,M,,M
-52.742777777777775,47.62222222222222,ST JOHN'S A,8403506,8403506.2009.11.15,2009-11-15 00:00:00,NL,2009,11,15,7,,3.9,,10,,9.4,,9.4,,0,,0,,27,E,57,E,0,,11,,,M,,M
-52.742777777777775,47.62222222222222,ST JOHN'S A,8403506,8403506.2009.11.16,2009-11-16 00:00:00,NL,2009,11,16,8.7,,4.2,,13.2,,5.4,,5.4,,0,,0,,25,E,61,E,0,,9.3,,,M,,M
-52.742777777777775,47.62222222222222,ST JOHN'S A,8403506,8403506.2009.11.17,2009-11-17 00:00:00,NL,2009,11,17,1.8,,-0.9,,4.4,,1.8,,1,,0.8,,0,,29,E,70,E,0,,16.2,,,M,,M
-52.742777777777775,47.62222222222222,ST JOHN'S A,8403506,8403506.2009.11.18,2009-11-18 00:00:00,NL,2009,11,18,0.8,,-2.1,,3.6,,0.2,,0.2,,0,,0,T,30,E,54,E,0,,17.2,,,M,,M
-52.742777777777775,47.62222222222222,ST JOHN'S A,8403506,8403506.2009.11.19,2009-11-19 00:00:00,NL,2009,11,19,-0.3,,-3.5,,2.9,,0,T,0,T,0,T,0,,34,E,61,E,0,,18.3,,,M,,M
-52.742777777777775,47.62222222222222,ST JOHN'S A,8403506,8403506.2009.11.20,2009-11-20 00:00:00,NL,2009,11,20,2,,-2.7,,6.7,,0,,0,,0,,0,,27,E,52,E,0,,16,,,M,,M
-52.742777777777775,47.62222222222222,ST JOHN'S A,8403506,8403506.2009.11.21,2009-11-21 00:00:00,NL,2009,11,21,7.8,,3.5,,12.1,,3,,3,,0,,0,,24,E,69,E,0,,10.2,,,M,,M
-52.742777777777775,47.62222222222222,ST JOHN'S A,8403506,8403506.2009.11.22,2009-11-22 00:00:00,NL,2009,11,22,1.4,,-2.1,,4.8,,0.8,,0.2,,0.8,,0,,33,E,37,E,0,,16.6,,,M,,M
-52.742777777777775,47.62222222222222,ST JOHN'S A,8403506,8403506.2009.11.23,2009-11-23 00:00:00,NL,2009,11,23,-0.5,,-3.9,,3,,0,,0,,0,,0,T,27,E,59,E,0,,18.5,,,M,,M
-52.742777777777775,47.62222222222222,ST JOHN'S A,8403506,8403506.2009.11.24,2009-11-24 00:00:00,NL,2009,11,24,3.3,,0.9,,5.6,,0,,0,,0,,0,T,27,E,56,E,0,,14.7,,,M,,M
-52.742777777777775,47.62222222222222,ST JOHN'S A,8403506,8403506.2009.11.25,2009-11-25 00:00:00,NL,2009,11,25,3.9,,1.8,,6,,0,,0,,0,,0,,0,,0,,0,,14.1,,,M,,M
-52.742777777777775,47.62222222222222,ST JOHN'S A,8403506,8403506.2009.11.26,2009-11-26 00:00:00,NL,2009,11,26,9.8,,5.7,,13.9,,8.8,,8.8,,0,,0,,22,E,59,E,0,,8.2,,,M,,M
-52.742777777777775,47.62222222222222,ST JOHN'S A,8403506,8403506.2009.11.27,2009-11-27 00:00:00,NL,2009,11,27,9.2,,5.5,,12.9,,17.2,,17.2,,0,,0,,19,E,52,E,0,,8.8,,,M,,M
-52.742777777777775,47.62222222222222,ST JOHN'S A,8403506,8403506.2009.11.28,2009-11-28 00:00:00,NL,2009,11,28,11.6,,8.6,,14.6,,1.4,,1.4,,0,,0,,19,E,59,E,0,,6.4,,,M,,M
-52.742777777777775,47.62222222222222,ST JOHN'S A,8403506,8403506.2009.11.29,2009-11-29 00:00:00,NL,2009,11,29,5.4,,0.9,,9.9,,1,,0.6,,0.4,,0,,26,E,67,E,0,,12.6,,,M,,M
-52.742777777777775,47.62222222222222,ST JOHN'S A,8403506,8403506.2009.11.30,2009-11-30 00:00:00,NL,2009,11,30,6.4,,1,,11.8,,3.8,,3.8,,0,T,0,,27,E,82,E,0,,11.6,,,M,,M
-52.742777777777775,47.62222222222222,ST JOHN'S A,8403506,8403506.2009.12.1,2009-12-01 00:00:00,NL,2009,12,1,8.8,,2.5,,15.1,,13.4,,13.4,,0,,0,,22,E,91,E,0,,9.2,,,M,,M
-52.742777777777775,47.62222222222222,ST JOHN'S A,8403506,8403506.2009.12.2,2009-12-02 00:00:00,NL,2009,12,2,1.3,,-0.1,,2.7,,0,T,0,T,0,T,0,T,26,E,83,E,0,,16.7,,,M,,M
-52.742777777777775,47.62222222222222,ST JOHN'S A,8403506,8403506.2009.12.3,2009-12-03 00:00:00,NL,2009,12,3,2,,-0.2,,4.1,,2,,0,,2,,0,,28,E,83,E,0,,16,,,M,,M
-52.742777777777775,47.62222222222222,ST JOHN'S A,8403506,8403506.2009.12.4,2009-12-04 00:00:00,NL,2009,12,4,-0.1,,-0.9,,0.8,,1.2,,0,T,1.4,,2,,35,E,32,E,0,,18.1,,,M,,M
-52.742777777777775,47.62222222222222,ST JOHN'S A,8403506,8403506.2009.12.5,2009-12-05 00:00:00,NL,2009,12,5,0.7,,-1.5,,2.9,,0,T,0,T,0,T,2,,25,E,35,E,0,,17.3,,,M,,M
-52.742777777777775,47.62222222222222,ST JOHN'S A,8403506,8403506.2009.12.6,2009-12-06 00:00:00,NL,2009,12,6,-0.8,,-3.2,,1.7,,30,,0,,30,,0,,2,E,74,E,0,,18.8,,,M,,M
-52.742777777777775,47.62222222222222,ST JOHN'S A,8403506,8403506.2009.12.7,2009-12-07 00:00:00,NL,2009,12,7,-3,,-3.9,,-2.1,,0.8,,0,,1.2,,35,,31,E,67,E,0,,21,,,M,,M
-52.742777777777775,47.62222222222222,ST JOHN'S A,8403506,8403506.2009.12.8,2009-12-08 00:00:00,NL,2009,12,8,-4.7,,-6.8,,-2.5,,0,T,0,,0.2,,33,,30,E,50,E,0,,22.7,,,M,,M
-52.742777777777775,47.62222222222222,ST JOHN'S A,8403506,8403506.2009.12.9,2009-12-09 00:00:00,NL,2009,12,9,-5.4,,-7.3,,-3.4,,0.6,,0,,0.6,,28,,30,E,39,E,0,,23.4,,,M,,M
-52.742777777777775,47.62222222222222,ST JOHN'S A,8403506,8403506.2009.12.10,2009-12-10 00:00:00,NL,2009,12,10,-0.7,,-5.2,,3.9,,7,,0.2,,7.2,,27,,15,E,74,E,0,,18.7,,,M,,M
-52.742777777777775,47.62222222222222,ST JOHN'S A,8403506,8403506.2009.12.11,2009-12-11 00:00:00,NL,2009,12,11,-0.4,,-3.4,,2.6,,3.6,,0,,4.2,,25,,26,E,80,E,0,,18.4,,,M,,M
-52.742777777777775,47.62222222222222,ST JOHN'S A,8403506,8403506.2009.12.12,2009-12-12 00:00:00,NL,2009,12,12,-3.2,,-5,,-1.4,,3.2,,0,,3.2,,27,,29,E,59,E,0,,21.2,,,M,,M
-52.742777777777775,47.62222222222222,ST JOHN'S A,8403506,8403506.2009.12.13,2009-12-13 00:00:00,NL,2009,12,13,-6.6,,-8.4,,-4.7,,0.2,,0,,1,,27,,30,E,56,E,0,,24.6,,,M,,M
-52.742777777777775,47.62222222222222,ST JOHN'S A,8403506,8403506.2009.12.14,2009-12-14 00:00:00,NL,2009,12,14,-4.4,,-8.8,,0,,0,,0,,0,,25,,29,E,37,E,0,,22.4,,,M,,M
-52.742777777777775,47.62222222222222,ST JOHN'S A,8403506,8403506.2009.12.15,2009-12-15 00:00:00,NL,2009,12,15,2.1,,-0.3,,4.4,,0,,0,,0,,22,,16,E,52,E,0,,15.9,,,M,,M
-52.742777777777775,47.62222222222222,ST JOHN'S A,8403506,8403506.2009.12.16,2009-12-16 00:00:00,NL,2009,12,16,1.3,,0.2,,2.3,,31.6,,31.6,,0,T,17,,16,E,63,E,0,,16.7,,,M,,M
-52.742777777777775,47.62222222222222,ST JOHN'S A,8403506,8403506.2009.12.17,2009-12-17 00:00:00,NL,2009,12,17,-0.3,,-2.8,,2.2,,8.6,,3.4,,5.6,,9,,29,E,56,E,0,,18.3,,,M,,M
-52.742777777777775,47.62222222222222,ST JOHN'S A,8403506,8403506.2009.12.18,2009-12-18 00:00:00,NL,2009,12,18,-5.1,,-8.2,,-1.9,,0,T,0,,0,T,11,,22,E,37,E,0,,23.1,,,M,,M
-52.742777777777775,47.62222222222222,ST JOHN'S A,8403506,8403506.2009.12.19,2009-12-19 00:00:00,NL,2009,12,19,-1.8,,-3.8,,0.2,,10.6,,2,,8.6,,14,,33,E,57,E,0,,19.8,,,M,,M
-52.742777777777775,47.62222222222222,ST JOHN'S A,8403506,8403506.2009.12.20,2009-12-20 00:00:00,NL,2009,12,20,0.9,,-0.9,,2.7,,4,,4,,0,,12,,15,E,46,E,0,,17.1,,,M,,M
-52.742777777777775,47.62222222222222,ST JOHN'S A,8403506,8403506.2009.12.21,2009-12-21 00:00:00,NL,2009,12,21,1.7,,-0.3,,3.7,,8.2,,8.2,,0,T,8,,7,E,83,E,0,,16.3,,,M,,M
-52.742777777777775,47.62222222222222,ST JOHN'S A,8403506,8403506.2009.12.22,2009-12-22 00:00:00,NL,2009,12,22,2.8,,2.1,,3.5,,8.8,,8.8,,0,,5,,7,E,89,E,0,,15.2,,,M,,M
-52.742777777777775,47.62222222222222,ST JOHN'S A,8403506,8403506.2009.12.23,2009-12-23 00:00:00,NL,2009,12,23,1.2,,-0.3,,2.6,,0.4,,0.4,,0.4,,2,,5,E,41,E,0,,16.8,,,M,,M
-52.742777777777775,47.62222222222222,ST JOHN'S A,8403506,8403506.2009.12.24,2009-12-24 00:00:00,NL,2009,12,24,-1.2,,-2.2,,-0.1,,0.6,,0,T,0.6,,1,,3,E,37,E,0,,19.2,,,M,,M
-52.742777777777775,47.62222222222222,ST JOHN'S A,8403506,8403506.2009.12.25,2009-12-25 00:00:00,NL,2009,12,25,0.2,,-0.3,,0.6,,0,T,0,,0,T,1,,2,E,44,E,0,,17.8,,,M,,M
-52.742777777777775,47.62222222222222,ST JOHN'S A,8403506,8403506.2009.12.26,2009-12-26 00:00:00,NL,2009,12,26,-1.4,,-2.6,,-0.1,,0.2,,0,,0.2,,1,,1,E,50,E,0,,19.4,,,M,,M
-52.742777777777775,47.62222222222222,ST JOHN'S A,8403506,8403506.2009.12.27,2009-12-27 00:00:00,NL,2009,12,27,-4.8,,-7.2,,-2.4,,0,T,0,T,0,T,1,,34,E,35,E,0,,22.8,,,M,,M
-52.742777777777775,47.62222222222222,ST JOHN'S A,8403506,8403506.2009.12.28,2009-12-28 00:00:00,NL,2009,12,28,-2.3,,-5.7,,1.2,,5.4,,5.4,,0,T,1,,15,E,70,E,0,,20.3,,,M,,M
-52.742777777777775,47.62222222222222,ST JOHN'S A,8403506,8403506.2009.12.29,2009-12-29 00:00:00,NL,2009,12,29,3.1,,0.3,,5.9,,16.2,,16.2,,0,,0,T,17,E,70,E,0,,14.9,,,M,,M
-52.742777777777775,47.62222222222222,ST JOHN'S A,8403506,8403506.2009.12.30,2009-12-30 00:00:00,NL,2009,12,30,-1.6,,-6,,2.9,,0,T,0,,0,T,0,T,27,E,52,E,0,,19.6,,,M,,M
-52.742777777777775,47.62222222222222,ST JOHN'S A,8403506,8403506.2009.12.31,2009-12-31 00:00:00,NL,2009,12,31,-4.7,,-6.2,,-3.2,,0.4,,0.2,,0.2,,0,T,34,E,63,E,0,,22.7,,,M,,M
-52.742777777777775,47.62222222222222,ST JOHN'S A,8403506,8403506.2010.1.1,2010-01-01 00:00:00,NL,2010,1,1,-1.8,,-5,,1.5,,1.2,,0.2,,1,,1,,31,E,63,E,0,,19.8,,,M,,M
-52.742777777777775,47.62222222222222,ST JOHN'S A,8403506,8403506.2010.1.2,2010-01-02 00:00:00,NL,2010,1,2,2.3,,1.3,,3.2,,0.2,,0.2,,0,,0,T,9,E,50,E,0,,15.7,,,M,,M
-52.742777777777775,47.62222222222222,ST JOHN'S A,8403506,8403506.2010.1.3,2010-01-03 00:00:00,NL,2010,1,3,2.2,,1.4,,3,,29.4,,29.4,,0,,0,T,9,E,56,E,0,,15.8,,,M,,M
-52.742777777777775,47.62222222222222,ST JOHN'S A,8403506,8403506.2010.1.4,2010-01-04 00:00:00,NL,2010,1,4,2.5,,1.3,,3.7,,8.4,,8.4,,0,,0,T,22,E,59,E,0,,15.5,,,M,,M
-52.742777777777775,47.62222222222222,ST JOHN'S A,8403506,8403506.2010.1.5,2010-01-05 00:00:00,NL,2010,1,5,2.1,,1.1,,3,,2.4,,2.4,,0,T,0,T,27,E,50,E,0,,15.9,,,M,,M
-52.742777777777775,47.62222222222222,ST JOHN'S A,8403506,8403506.2010.1.6,2010-01-06 00:00:00,NL,2010,1,6,1.3,,-2.2,,4.7,,0.4,,0.4,,0,,0,,21,E,35,E,0,,16.7,,,M,,M
-52.742777777777775,47.62222222222222,ST JOHN'S A,8403506,8403506.2010.1.7,2010-01-07 00:00:00,NL,2010,1,7,0.4,,-1.7,,2.4,,0,T,0,,0,T,0,,0,,0,,0,,17.6,,,M,,M
-52.742777777777775,47.62222222222222,ST JOHN'S A,8403506,8403506.2010.1.8,2010-01-08 00:00:00,NL,2010,1,8,0.2,,-2,,2.4,,0,T,0,,0,T,0,,0,,0,,0,,17.8,,,M,,M
-52.742777777777775,47.62222222222222,ST JOHN'S A,8403506,8403506.2010.1.9,2010-01-09 00:00:00,NL,2010,1,9,-1.7,,-2.8,,-0.6,,14.4,,0,,14.8,,0,T,36,E,63,E,0,,19.7,,,M,,M
-52.742777777777775,47.62222222222222,ST JOHN'S A,8403506,8403506.2010.1.10,2010-01-10 00:00:00,NL,2010,1,10,-4.1,,-7.5,,-0.7,,0.4,,0,,0.6,,14,,28,E,70,E,0,,22.1,,,M,,M
-52.742777777777775,47.62222222222222,ST JOHN'S A,8403506,8403506.2010.1.11,2010-01-11 00:00:00,NL,2010,1,11,-5.6,,-8.3,,-2.9,,0,T,0,,0,T,12,,28,E,80,E,0,,23.6,,,M,,M
-52.742777777777775,47.62222222222222,ST JOHN'S A,8403506,8403506.2010.1.12,2010-01-12 00:00:00,NL,2010,1,12,-2.4,,-4.1,,-0.6,,0,,0,,0,,12,,27,E,76,E,0,,20.4,,,M,,M
-52.742777777777775,47.62222222222222,ST JOHN'S A,8403506,8403506.2010.1.13,2010-01-13 00:00:00,NL,2010,1,13,-1.5,,-3,,0,,0.6,,0,T,0.6,,11,,1,E,46,E,0,,19.5,,,M,,M
-52.742777777777775,47.62222222222222,ST JOHN'S A,8403506,8403506.2010.1.14,2010-01-14 00:00:00,NL,2010,1,14,-3,,-5.8,,-0.2,,0.4,,0,T,0.4,,11,,36,E,54,E,0,,21,,,M,,M
-52.742777777777775,47.62222222222222,ST JOHN'S A,8403506,8403506.2010.1.15,2010-01-15 00:00:00,NL,2010,1,15,-2,,-5.4,,1.4,,0.2,,0,,0.8,,11,,26,E,69,E,0,,20,,,M,,M
-52.742777777777775,47.62222222222222,ST JOHN'S A,8403506,8403506.2010.1.16,2010-01-16 00:00:00,NL,2010,1,16,-2.2,,-6.1,,1.8,,3.4,,0,,4,,11,,27,E,39,E,0,,20.2,,,M,,M
-52.742777777777775,47.62222222222222,ST JOHN'S A,8403506,8403506.2010.1.17,2010-01-17 00:00:00,NL,2010,1,17,-9.6,,-13,,-6.1,,3.2,,0,,5,,15,,31,E,74,E,0,,27.6,,,M,,M
-52.742777777777775,47.62222222222222,ST JOHN'S A,8403506,8403506.2010.1.18,2010-01-18 00:00:00,NL,2010,1,18,-8.9,,-11.9,,-5.8,,0,T,0,,0,T,13,,31,E,41,E,0,,26.9,,,M,,M
-52.742777777777775,47.62222222222222,ST JOHN'S A,8403506,8403506.2010.1.19,2010-01-19 00:00:00,NL,2010,1,19,-4.6,,-6.1,,-3,,0,,0,,0,,13,,,M,,M,0,,22.6,,,M,,M
-52.742777777777775,47.62222222222222,ST JOHN'S A,8403506,8403506.2010.1.20,2010-01-20 00:00:00,NL,2010,1,20,-5.7,,-8.3,,-3,,0,,0,,0,,13,,0,,0,,0,,23.7,,,M,,M
-52.742777777777775,47.62222222222222,ST JOHN'S A,8403506,8403506.2010.1.21,2010-01-21 00:00:00,NL,2010,1,21,-4.7,,-7.6,,-1.8,,8.2,,0,,9.6,,13,,35,E,56,E,0,,22.7,,,M,,M
-52.742777777777775,47.62222222222222,ST JOHN'S A,8403506,8403506.2010.1.22,2010-01-22 00:00:00,NL,2010,1,22,-6.6,,-8.9,,-4.3,,0,T,0,T,0,T,22,,32,E,48,E,0,,24.6,,,M,,M
-52.742777777777775,47.62222222222222,ST JOHN'S A,8403506,8403506.2010.1.23,2010-01-23 00:00:00,NL,2010,1,23,-10.8,,-13.9,,-7.6,,0.4,,0,,2.2,,22,,29,E,39,E,0,,28.8,,,M,,M
-52.742777777777775,47.62222222222222,ST JOHN'S A,8403506,8403506.2010.1.24,2010-01-24 00:00:00,NL,2010,1,24,-9,,-10.6,,-7.3,,0,T,0,,0,T,22,,0,,0,,0,,27,,,M,,M
-52.742777777777775,47.62222222222222,ST JOHN'S A,8403506,8403506.2010.1.25,2010-01-25 00:00:00,NL,2010,1,25,-9.7,,-13.9,,-5.4,,0,T,0,,0,T,22,,33,E,41,E,0,,27.7,,,M,,M
-52.742777777777775,47.62222222222222,ST JOHN'S A,8403506,8403506.2010.1.26,2010-01-26 00:00:00,NL,2010,1,26,-5.4,,-10.4,,-0.3,,0.4,,0,,0.4,,22,,16,E,76,E,0,,23.4,,,M,,M
-52.742777777777775,47.62222222222222,ST JOHN'S A,8403506,8403506.2010.1.27,2010-01-27 00:00:00,NL,2010,1,27,1.8,,-0.4,,4,,15.2,,15.2,,0,T,21,,16,E,70,E,0,,16.2,,,M,,M
-52.742777777777775,47.62222222222222,ST JOHN'S A,8403506,8403506.2010.1.28,2010-01-28 00:00:00,NL,2010,1,28,2.8,,0.9,,4.6,,22.2,,22.2,,0,,8,,0,,0,,0,,15.2,,,M,,M
-52.742777777777775,47.62222222222222,ST JOHN'S A,8403506,8403506.2010.1.29,2010-01-29 00:00:00,NL,2010,1,29,0,,-3.1,,3.1,,4.8,,4,,2,,6,,18,E,56,E,0,,18,,,M,,M
-52.742777777777775,47.62222222222222,ST JOHN'S A,8403506,8403506.2010.1.30,2010-01-30 00:00:00,NL,2010,1,30,-3.2,,-5.4,,-0.9,,3.8,,0,,5.6,,8,,26,E,65,E,0,,21.2,,,M,,M
-52.742777777777775,47.62222222222222,ST JOHN'S A,8403506,8403506.2010.1.31,2010-01-31 00:00:00,NL,2010,1,31,-6,,-8.3,,-3.7,,2.4,,0,,3.6,,10,,28,E,56,E,0,,24,,,M,,M
-52.742777777777775,47.62222222222222,ST JOHN'S A,8403506,8403506.2010.2.1,2010-02-01 00:00:00,NL,2010,2,1,-7.6,,-10.3,,-4.9,,0,T,0,,0,T,10,,30,E,50,E,0,,25.6,,,M,,M
-52.742777777777775,47.62222222222222,ST JOHN'S A,8403506,8403506.2010.2.2,2010-02-02 00:00:00,NL,2010,2,2,-11.8,,-14.1,,-9.4,,0,,0,,0,,10,,30,E,57,E,0,,29.8,,,M,,M
-52.742777777777775,47.62222222222222,ST JOHN'S A,8403506,8403506.2010.2.3,2010-02-03 00:00:00,NL,2010,2,3,-10.7,,-13,,-8.4,,0,,0,,0,,10,,29,E,52,E,0,,28.7,,,M,,M
-52.742777777777775,47.62222222222222,ST JOHN'S A,8403506,8403506.2010.2.4,2010-02-04 00:00:00,NL,2010,2,4,-10.6,,-13.6,,-7.5,,3,,0,,6,,3,,36,E,54,E,0,,28.6,,,M,,M
-52.742777777777775,47.62222222222222,ST JOHN'S A,8403506,8403506.2010.2.5,2010-02-05 00:00:00,NL,2010,2,5,-4.4,,-8.6,,-0.2,,17.6,,0,,24.7,,14,,35,E,76,E,0,,22.4,,,M,,M
-52.742777777777775,47.62222222222222,ST JOHN'S A,8403506,8403506.2010.2.6,2010-02-06 00:00:00,NL,2010,2,6,-0.7,,-1.4,,0.1,,5.3,,0,T,8.6,,30,,32,E,61,E,0,,18.7,,,M,,M
-52.742777777777775,47.62222222222222,ST JOHN'S A,8403506,8403506.2010.2.7,2010-02-07 00:00:00,NL,2010,2,7,-0.7,,-1.8,,0.5,,0.2,,0.2,,0,,34,,27,E,54,E,0,,18.7,,,M,,M
-52.742777777777775,47.62222222222222,ST JOHN'S A,8403506,8403506.2010.2.8,2010-02-08 00:00:00,NL,2010,2,8,-0.1,,-1.5,,1.3,,1.8,,0,T,1.8,,34,,27,E,44,E,0,,18.1,,,M,,M
-52.742777777777775,47.62222222222222,ST JOHN'S A,8403506,8403506.2010.2.9,2010-02-09 00:00:00,NL,2010,2,9,-0.1,,-0.8,,0.7,,3.6,,0,T,5.4,,36,,29,E,48,E,0,,18.1,,,M,,M
-52.742777777777775,47.62222222222222,ST JOHN'S A,8403506,8403506.2010.2.10,2010-02-10 00:00:00,NL,2010,2,10,0.4,,-1.5,,2.2,,2.8,,0.4,,2.4,,34,,30,E,46,E,0,,17.6,,,M,,M
-52.742777777777775,47.62222222222222,ST JOHN'S A,8403506,8403506.2010.2.11,2010-02-11 00:00:00,NL,2010,2,11,-2.6,,-5.6,,0.4,,5.5,,0,,5.5,,28,,7,E,59,E,0,,20.6,,,M,,M
-52.742777777777775,47.62222222222222,ST JOHN'S A,8403506,8403506.2010.2.12,2010-02-12 00:00:00,NL,2010,2,12,0.6,,-0.2,,1.4,,16,,16,,0,T,23,,2,E,52,E,0,,17.4,,,M,,M
-52.742777777777775,47.62222222222222,ST JOHN'S A,8403506,8403506.2010.2.13,2010-02-13 00:00:00,NL,2010,2,13,0.4,,-0.8,,1.5,,4,,1.6,,2.4,,15,,25,E,44,E,0,,17.6,,,M,,M
-52.742777777777775,47.62222222222222,ST JOHN'S A,8403506,8403506.2010.2.14,2010-02-14 00:00:00,NL,2010,2,14,-0.8,,-1.4,,-0.1,,0,T,0,,0.2,,14,,0,,0,,0,,18.8,,,M,,M
-52.742777777777775,47.62222222222222,ST JOHN'S A,8403506,8403506.2010.2.15,2010-02-15 00:00:00,NL,2010,2,15,-1.2,,-2.3,,-0.1,,0,T,0,,0,T,13,,31,E,41,E,0,,19.2,,,M,,M
-52.742777777777775,47.62222222222222,ST JOHN'S A,8403506,8403506.2010.2.16,2010-02-16 00:00:00,NL,2010,2,16,-1.3,,-2.7,,0.2,,0.4,,0.4,,0,T,12,,29,E,48,E,0,,19.3,,,M,,M
-52.742777777777775,47.62222222222222,ST JOHN'S A,8403506,8403506.2010.2.17,2010-02-17 00:00:00,NL,2010,2,17,-1,,-2,,0,,4,,3.8,,0.4,,12,,15,E,37,E,0,,19,,,M,,M
-52.742777777777775,47.62222222222222,ST JOHN'S A,8403506,8403506.2010.2.18,2010-02-18 00:00:00,NL,2010,2,18,-0.1,,-1.2,,1,,1.4,,1.4,,0,T,11,,21,E,44,E,0,,18.1,,,M,,M
-52.742777777777775,47.62222222222222,ST JOHN'S A,8403506,8403506.2010.2.19,2010-02-19 00:00:00,NL,2010,2,19,0.4,,-1,,1.7,,11,,8.4,,2.6,,8,,7,E,70,E,0,,17.6,,,M,,M
-52.742777777777775,47.62222222222222,ST JOHN'S A,8403506,8403506.2010.2.20,2010-02-20 00:00:00,NL,2010,2,20,-1.3,,-2.8,,0.2,,0.6,,0,T,0.6,,7,,16,E,39,E,0,,19.3,,,M,,M
-52.742777777777775,47.62222222222222,ST JOHN'S A,8403506,8403506.2010.2.21,2010-02-21 00:00:00,NL,2010,2,21,-0.5,,-2.3,,1.3,,8.8,,2,,7.4,,7,,9,E,41,E,0,,18.5,,,M,,M
-52.742777777777775,47.62222222222222,ST JOHN'S A,8403506,8403506.2010.2.22,2010-02-22 00:00:00,NL,2010,2,22,0.9,,-0.5,,2.3,,0,,0,,0,,8,,9,E,57,E,0,,17.1,,,M,,M
-52.742777777777775,47.62222222222222,ST JOHN'S A,8403506,8403506.2010.2.23,2010-02-23 00:00:00,NL,2010,2,23,-0.6,,-2.5,,1.3,,0.6,,0,T,1,,9,,4,E,35,E,0,,18.6,,,M,,M
-52.742777777777775,47.62222222222222,ST JOHN'S A,8403506,8403506.2010.2.24,2010-02-24 00:00:00,NL,2010,2,24,-1.5,,-2.8,,-0.1,,0.2,,0,T,1.2,,9,,0,,0,,0,,19.5,,,M,,M
-52.742777777777775,47.62222222222222,ST JOHN'S A,8403506,8403506.2010.2.25,2010-02-25 00:00:00,NL,2010,2,25,-3.1,,-4.7,,-1.4,,0.2,,0,,0.4,,9,,0,,0,,0,,21.1,,,M,,M
-52.742777777777775,47.62222222222222,ST JOHN'S A,8403506,8403506.2010.2.26,2010-02-26 00:00:00,NL,2010,2,26,-2.8,,-5.3,,-0.3,,0,T,0,,0,T,9,,0,,0,,0,,20.8,,,M,,M
-52.742777777777775,47.62222222222222,ST JOHN'S A,8403506,8403506.2010.2.27,2010-02-27 00:00:00,NL,2010,2,27,-4.4,,-6.3,,-2.4,,0,T,0,,0.2,,9,,0,,0,,0,,22.4,,,M,,M
-52.742777777777775,47.62222222222222,ST JOHN'S A,8403506,8403506.2010.2.28,2010-02-28 00:00:00,NL,2010,2,28,-1.6,,-2.7,,-0.4,,0.2,,0,,0.4,,9,,13,E,35,E,0,,19.6,,,M,,M
-52.742777777777775,47.62222222222222,ST JOHN'S A,8403506,8403506.2010.3.1,2010-03-01 00:00:00,NL,2010,3,1,0.4,,-1.2,,1.9,,45.2,,45.2,,0,,9,,11,E,57,E,0,,17.6,,,M,,M
-52.742777777777775,47.62222222222222,ST JOHN'S A,8403506,8403506.2010.3.2,2010-03-02 00:00:00,NL,2010,3,2,2,,0.6,,3.3,,6.2,,6.2,,0,,5,,0,,0,,0,,16,,,M,,M
-52.742777777777775,47.62222222222222,ST JOHN'S A,8403506,8403506.2010.3.3,2010-03-03 00:00:00,NL,2010,3,3,1.3,,-0.7,,3.3,,1,,1,,0,,3,,36,E,35,E,0,,16.7,,,M,,M
-52.742777777777775,47.62222222222222,ST JOHN'S A,8403506,8403506.2010.3.4,2010-03-04 00:00:00,NL,2010,3,4,-0.5,,-1,,0.1,,10,,10,,0,,3,,,M,,M,0,,18.5,,,M,,M
-52.742777777777775,47.62222222222222,ST JOHN'S A,8403506,8403506.2010.3.5,2010-03-05 00:00:00,NL,2010,3,5,0.4,,0,,0.7,,71.4,,71.4,,0,,3,,,M,,M,0,,17.6,,,M,,M
-52.742777777777775,47.62222222222222,ST JOHN'S A,8403506,8403506.2010.3.6,2010-03-06 00:00:00,NL,2010,3,6,0.6,,-0.2,,1.4,,46.6,,46.6,,0,,3,,1,E,59,E,0,,17.4,,,M,,M
-52.742777777777775,47.62222222222222,ST JOHN'S A,8403506,8403506.2010.3.7,2010-03-07 00:00:00,NL,2010,3,7,-2.7,,-5.2,,-0.1,,0.2,,0.2,,0,T,3,,36,E,52,E,0,,20.7,,,M,,M
-52.742777777777775,47.62222222222222,ST JOHN'S A,8403506,8403506.2010.3.8,2010-03-08 00:00:00,NL,2010,3,8,-1.3,,-5.4,,2.9,,0,,0,,0,,3,,20,E,46,E,0,,19.3,,,M,,M
-52.742777777777775,47.62222222222222,ST JOHN'S A,8403506,8403506.2010.3.9,2010-03-09 00:00:00,NL,2010,3,9,-0.9,,-3.4,,1.7,,3.6,,2.2,,1.4,,3,,19,E,35,E,0,,18.9,,,M,,M
-52.742777777777775,47.62222222222222,ST JOHN'S A,8403506,8403506.2010.3.10,2010-03-10 00:00:00,NL,2010,3,10,-1.4,,-4.1,,1.3,,0,T,0,,0.2,,3,,25,E,39,E,0,,19.4,,,M,,M
-52.742777777777775,47.62222222222222,ST JOHN'S A,8403506,8403506.2010.3.11,2010-03-11 00:00:00,NL,2010,3,11,-2.8,,-4.4,,-1.1,,0,T,0,,0,T,3,,0,,0,,0,,20.8,,,M,,M
-52.742777777777775,47.62222222222222,ST JOHN'S A,8403506,8403506.2010.3.12,2010-03-12 00:00:00,NL,2010,3,12,-3.3,,-4.6,,-2,,3.8,,0,,3.8,,3,,0,,0,,0,,21.3,,,M,,M
-52.742777777777775,47.62222222222222,ST JOHN'S A,8403506,8403506.2010.3.13,2010-03-13 00:00:00,NL,2010,3,13,-3.9,,-7.2,,-0.5,,3.8,,0,,3.8,,6,,0,,0,,0,,21.9,,,M,,M
-52.742777777777775,47.62222222222222,ST JOHN'S A,8403506,8403506.2010.3.14,2010-03-14 00:00:00,NL,2010,3,14,-0.7,,-6.1,,4.7,,0,,0,,0,,6,,26,E,32,E,0,,18.7,,,M,,M
-52.742777777777775,47.62222222222222,ST JOHN'S A,8403506,8403506.2010.3.15,2010-03-15 00:00:00,NL,2010,3,15,-0.9,,-2.6,,0.9,,0,T,0,,0,T,5,,35,E,48,E,0,,18.9,,,M,,M
-52.742777777777775,47.62222222222222,ST JOHN'S A,8403506,8403506.2010.3.16,2010-03-16 00:00:00,NL,2010,3,16,0.5,,-4.7,,5.6,,0,,0,,0,,5,,27,E,33,E,0,,17.5,,,M,,M
-52.742777777777775,47.62222222222222,ST JOHN'S A,8403506,8403506.2010.3.17,2010-03-17 00:00:00,NL,2010,3,17,2,,-1.9,,5.8,,0,,0,,0,,3,,30,E,33,E,0,,16,,,M,,M
-52.742777777777775,47.62222222222222,ST JOHN'S A,8403506,8403506.2010.3.18,2010-03-18 00:00:00,NL,2010,3,18,2.7,,-1.3,,6.7,,0,,0,,0,,2,,22,E,52,E,0,,15.3,,,M,,M
-52.742777777777775,47.62222222222222,ST JOHN'S A,8403506,8403506.2010.3.19,2010-03-19 00:00:00,NL,2010,3,19,1.7,,-2.8,,6.2,,0,T,0,,0,T,2,,28,E,33,E,0,,16.3,,,M,,M
-52.742777777777775,47.62222222222222,ST JOHN'S A,8403506,8403506.2010.3.20,2010-03-20 00:00:00,NL,2010,3,20,0.3,,-3.4,,3.9,,3,,1.2,,1.8,,2,,26,E,37,E,0,,17.7,,,M,,M
-52.742777777777775,47.62222222222222,ST JOHN'S A,8403506,8403506.2010.3.21,2010-03-21 00:00:00,NL,2010,3,21,0.5,,-3.8,,4.7,,1.2,,0.8,,0.4,,2,,28,E,61,E,0,,17.5,,,M,,M
-52.742777777777775,47.62222222222222,ST JOHN'S A,8403506,8403506.2010.3.22,2010-03-22 00:00:00,NL,2010,3,22,-1.3,,-4.5,,2,,0,T,0,,0,T,2,,0,,0,,0,,19.3,,,M,,M
-52.742777777777775,47.62222222222222,ST JOHN'S A,8403506,8403506.2010.3.23,2010-03-23 00:00:00,NL,2010,3,23,0.8,,-1.8,,3.4,,0,,0,,0,,2,,0,,0,,0,,17.2,,,M,,M
-52.742777777777775,47.62222222222222,ST JOHN'S A,8403506,8403506.2010.3.24,2010-03-24 00:00:00,NL,2010,3,24,-0.2,,-1.5,,1.1,,33.8,,33.8,,0,T,2,,,M,,M,0,,18.2,,,M,,M
-52.742777777777775,47.62222222222222,ST JOHN'S A,8403506,8403506.2010.3.25,2010-03-25 00:00:00,NL,2010,3,25,2.3,,0.6,,3.9,,11,,11,,0,,1,,32,E,44,E,0,,15.7,,,M,,M
-52.742777777777775,47.62222222222222,ST JOHN'S A,8403506,8403506.2010.3.26,2010-03-26 00:00:00,NL,2010,3,26,5.8,,1.1,,10.4,,0,T,0,T,0,,1,,33,E,41,E,0,,12.2,,,M,,M
-52.742777777777775,47.62222222222222,ST JOHN'S A,8403506,8403506.2010.3.27,2010-03-27 00:00:00,NL,2010,3,27,0.2,,-7,,7.3,,9.4,,1,,10.6,,0,T,2,E,46,E,0,,17.8,,,M,,M
-52.742777777777775,47.62222222222222,ST JOHN'S A,8403506,8403506.2010.3.28,2010-03-28 00:00:00,NL,2010,3,28,-6.9,,-9.7,,-4.1,,0.2,,0,,0.4,,6,,36,E,50,E,0,,24.9,,,M,,M
-52.742777777777775,47.62222222222222,ST JOHN'S A,8403506,8403506.2010.3.29,2010-03-29 00:00:00,NL,2010,3,29,-5.5,,-9.4,,-1.6,,0,,0,,0,,6,,0,,0,,0,,23.5,,,M,,M
-52.742777777777775,47.62222222222222,ST JOHN'S A,8403506,8403506.2010.3.30,2010-03-30 00:00:00,NL,2010,3,30,-0.2,,-3.4,,3.1,,0,,0,,0,,4,,17,E,41,E,0,,18.2,,,M,,M
-52.742777777777775,47.62222222222222,ST JOHN'S A,8403506,8403506.2010.3.31,2010-03-31 00:00:00,NL,2010,3,31,2.1,,-0.1,,4.2,,1.2,,1.2,,0,,3,,0,,0,,0,,15.9,,,M,,M
-52.742777777777775,47.62222222222222,ST JOHN'S A,8403506,8403506.2010.4.1,2010-04-01 00:00:00,NL,2010,4,1,1.2,,0.4,,2,,0.6,,0.6,,0,,2,,12,E,32,E,0,,16.8,,,M,,M
-52.742777777777775,47.62222222222222,ST JOHN'S A,8403506,8403506.2010.4.2,2010-04-02 00:00:00,NL,2010,4,2,8.3,,0.9,,15.7,,0.2,,0.2,,0,,1,,0,,0,,0,,9.7,,,M,,M
-52.742777777777775,47.62222222222222,ST JOHN'S A,8403506,8403506.2010.4.3,2010-04-03 00:00:00,NL,2010,4,3,9,,5.5,,12.5,,0,,0,,0,,0,T,27,E,48,E,0,,9,,,M,,M
-52.742777777777775,47.62222222222222,ST JOHN'S A,8403506,8403506.2010.4.4,2010-04-04 00:00:00,NL,2010,4,4,1.9,,-2,,5.8,,0,,0,,0,,0,T,0,,0,,0,,16.1,,,M,,M
-52.742777777777775,47.62222222222222,ST JOHN'S A,8403506,8403506.2010.4.5,2010-04-05 00:00:00,NL,2010,4,5,3.8,,-2,,9.6,,0,,0,,0,,0,T,23,E,39,E,0,,14.2,,,M,,M
-52.742777777777775,47.62222222222222,ST JOHN'S A,8403506,8403506.2010.4.6,2010-04-06 00:00:00,NL,2010,4,6,3.2,,1,,5.4,,0,,0,,0,,0,T,28,E,50,E,0,,14.8,,,M,,M
-52.742777777777775,47.62222222222222,ST JOHN'S A,8403506,8403506.2010.4.7,2010-04-07 00:00:00,NL,2010,4,7,3.3,,-0.7,,7.2,,0,,0,,0,,0,T,29,E,50,E,0,,14.7,,,M,,M
-52.742777777777775,47.62222222222222,ST JOHN'S A,8403506,8403506.2010.4.8,2010-04-08 00:00:00,NL,2010,4,8,3.5,,-0.4,,7.4,,0,T,0,T,0,,0,T,33,E,48,E,0,,14.5,,,M,,M
-52.742777777777775,47.62222222222222,ST JOHN'S A,8403506,8403506.2010.4.9,2010-04-09 00:00:00,NL,2010,4,9,3.3,,-1.3,,7.9,,0,,0,,0,,0,,33,E,50,E,0,,14.7,,,M,,M
-52.742777777777775,47.62222222222222,ST JOHN'S A,8403506,8403506.2010.4.10,2010-04-10 00:00:00,NL,2010,4,10,3.4,,-1,,7.7,,2.6,,2.6,,0,,0,,19,E,63,E,0,,14.6,,,M,,M
-52.742777777777775,47.62222222222222,ST JOHN'S A,8403506,8403506.2010.4.11,2010-04-11 00:00:00,NL,2010,4,11,6.2,,2,,10.4,,0,T,0,T,0,,0,,23,E,65,E,0,,11.8,,,M,,M
-52.742777777777775,47.62222222222222,ST JOHN'S A,8403506,8403506.2010.4.12,2010-04-12 00:00:00,NL,2010,4,12,5.8,,-0.2,,11.8,,0,,0,,0,,0,,26,E,57,E,0,,12.2,,,M,,M
-52.742777777777775,47.62222222222222,ST JOHN'S A,8403506,8403506.2010.4.13,2010-04-13 00:00:00,NL,2010,4,13,3.4,,0.2,,6.6,,15.4,,15.4,,0,,0,,34,E,39,E,0,,14.6,,,M,,M
-52.742777777777775,47.62222222222222,ST JOHN'S A,8403506,8403506.2010.4.14,2010-04-14 00:00:00,NL,2010,4,14,-0.1,,-2.2,,2,,0.2,,0.2,,0.2,,0,,36,E,50,E,0,,18.1,,,M,,M
-52.742777777777775,47.62222222222222,ST JOHN'S A,8403506,8403506.2010.4.15,2010-04-15 00:00:00,NL,2010,4,15,-0.4,,-1.2,,0.5,,17,,8.8,,5,,0,T,3,E,67,E,0,,18.4,,,M,,M
-52.742777777777775,47.62222222222222,ST JOHN'S A,8403506,8403506.2010.4.16,2010-04-16 00:00:00,NL,2010,4,16,2.7,,0.1,,5.2,,43.6,,43.6,,0,,2,,11,E,70,E,0,,15.3,,,M,,M
-52.742777777777775,47.62222222222222,ST JOHN'S A,8403506,8403506.2010.4.17,2010-04-17 00:00:00,NL,2010,4,17,4.3,,3.2,,5.3,,0.2,,0.2,,0,,0,T,11,E,52,E,0,,13.7,,,M,,M
-52.742777777777775,47.62222222222222,ST JOHN'S A,8403506,8403506.2010.4.18,2010-04-18 00:00:00,NL,2010,4,18,3.6,,2.2,,5,,0,T,0,T,0,,0,T,0,,0,,0,,14.4,,,M,,M
-52.742777777777775,47.62222222222222,ST JOHN'S A,8403506,8403506.2010.4.19,2010-04-19 00:00:00,NL,2010,4,19,2.7,,0,,5.3,,23,,23,,0,,0,T,13,E,41,E,0,,15.3,,,M,,M
-52.742777777777775,47.62222222222222,ST JOHN'S A,8403506,8403506.2010.4.20,2010-04-20 00:00:00,NL,2010,4,20,1.9,,-0.1,,3.8,,39,,39,,0,,0,,7,E,67,E,0,,16.1,,,M,,M
-52.742777777777775,47.62222222222222,ST JOHN'S A,8403506,8403506.2010.4.21,2010-04-21 00:00:00,NL,2010,4,21,2.3,,1,,3.5,,6.4,,5.2,,1.2,,0,,34,E,48,E,0,,15.7,,,M,,M
-52.742777777777775,47.62222222222222,ST JOHN'S A,8403506,8403506.2010.4.22,2010-04-22 00:00:00,NL,2010,4,22,4.5,,1.7,,7.2,,1.4,,1.4,,0,,0,,32,E,44,E,0,,13.5,,,M,,M
-52.742777777777775,47.62222222222222,ST JOHN'S A,8403506,8403506.2010.4.23,2010-04-23 00:00:00,NL,2010,4,23,4.1,,0.3,,7.9,,0.6,,0.2,,0.4,,0,,31,E,41,E,0,,13.9,,,M,,M
-52.742777777777775,47.62222222222222,ST JOHN'S A,8403506,8403506.2010.4.24,2010-04-24 00:00:00,NL,2010,4,24,1,,0,,2,,3.4,,1.4,,2,,0,,35,E,48,E,0,,17,,,M,,M
-52.742777777777775,47.62222222222222,ST JOHN'S A,8403506,8403506.2010.4.25,2010-04-25 00:00:00,NL,2010,4,25,1.4,,-1.7,,4.5,,0,T,0,,0,T,0,,35,E,37,E,0,,16.6,,,M,,M
-52.742777777777775,47.62222222222222,ST JOHN'S A,8403506,8403506.2010.4.26,2010-04-26 00:00:00,NL,2010,4,26,6,,-0.3,,12.3,,0,,0,,0,,0,,26,E,37,E,0,,12,,,M,,M
-52.742777777777775,47.62222222222222,ST JOHN'S A,8403506,8403506.2010.4.27,2010-04-27 00:00:00,NL,2010,4,27,2.1,,1.3,,2.9,,11.2,,10.8,,0.4,,0,,11,E,56,E,0,,15.9,,,M,,M
-52.742777777777775,47.62222222222222,ST JOHN'S A,8403506,8403506.2010.4.28,2010-04-28 00:00:00,NL,2010,4,28,10,,2.7,,17.3,,3.4,,3.4,,0,,0,,22,E,46,E,0,,8,,,M,,M
-52.742777777777775,47.62222222222222,ST JOHN'S A,8403506,8403506.2010.4.29,2010-04-29 00:00:00,NL,2010,4,29,7,,1.6,,12.3,,1.6,,1.6,,0,,0,,17,E,54,E,0,,11,,,M,,M
-52.742777777777775,47.62222222222222,ST JOHN'S A,8403506,8403506.2010.4.30,2010-04-30 00:00:00,NL,2010,4,30,4.8,,0.6,,8.9,,5,,4,,1,,0,,22,E,39,E,0,,13.2,,,M,,M
-52.742777777777775,47.62222222222222,ST JOHN'S A,8403506,8403506.2010.5.1,2010-05-01 00:00:00,NL,2010,5,1,2.3,,0.1,,4.4,,3.4,,0.2,,3.2,,2,,31,E,44,E,0,,15.7,,,M,,M
-52.742777777777775,47.62222222222222,ST JOHN'S A,8403506,8403506.2010.5.2,2010-05-02 00:00:00,NL,2010,5,2,3.7,,0.6,,6.7,,0,T,0,T,0,,0,,36,E,35,E,0,,14.3,,,M,,M
-52.742777777777775,47.62222222222222,ST JOHN'S A,8403506,8403506.2010.5.3,2010-05-03 00:00:00,NL,2010,5,3,6.1,,1.9,,10.3,,1.2,,1.2,,0,,0,,0,,0,,0,,11.9,,,M,,M
-52.742777777777775,47.62222222222222,ST JOHN'S A,8403506,8403506.2010.5.4,2010-05-04 00:00:00,NL,2010,5,4,3.7,,1.6,,5.8,,34.6,,34.6,,0,,0,,14,E,57,E,0,,14.3,,,M,,M
-52.742777777777775,47.62222222222222,ST JOHN'S A,8403506,8403506.2010.5.5,2010-05-05 00:00:00,NL,2010,5,5,4.9,,2.4,,7.3,,1.2,,1.2,,0,,0,,31,,59,,0,,13.1,,,M,,M
-52.742777777777775,47.62222222222222,ST JOHN'S A,8403506,8403506.2010.5.6,2010-05-06 00:00:00,NL,2010,5,6,7.5,,3.4,,11.6,,1.4,,1.4,,0,,0,,30,E,57,E,0,,10.5,,,M,,M
-52.742777777777775,47.62222222222222,ST JOHN'S A,8403506,8403506.2010.5.7,2010-05-07 00:00:00,NL,2010,5,7,7.2,,2.8,,11.6,,6.8,,6.8,,0,,0,,25,E,44,E,0,,10.8,,,M,,M
-52.742777777777775,47.62222222222222,ST JOHN'S A,8403506,8403506.2010.5.8,2010-05-08 00:00:00,NL,2010,5,8,8.1,,2.9,,13.2,,0,T,0,T,0,,0,,26,E,52,E,0,,9.9,,,M,,M
-52.742777777777775,47.62222222222222,ST JOHN'S A,8403506,8403506.2010.5.9,2010-05-09 00:00:00,NL,2010,5,9,9,,4.3,,13.6,,8.9,,8.9,,0,,0,,17,E,76,E,0,,9,,,M,,M
-52.742777777777775,47.62222222222222,ST JOHN'S A,8403506,8403506.2010.5.10,2010-05-10 00:00:00,NL,2010,5,10,6.5,,2.3,,10.6,,0.2,,0.2,,0,,0,,24,E,35,E,0,,11.5,,,M,,M
-52.742777777777775,47.62222222222222,ST JOHN'S A,8403506,8403506.2010.5.11,2010-05-11 00:00:00,NL,2010,5,11,5,,1.6,,8.3,,14,,14,,0,,0,,0,,0,,0,,13,,,M,,M
-52.742777777777775,47.62222222222222,ST JOHN'S A,8403506,8403506.2010.5.12,2010-05-12 00:00:00,NL,2010,5,12,5.1,,3,,7.2,,5.8,,5.8,,0,,0,,17,E,57,E,0,,12.9,,,M,,M
-52.742777777777775,47.62222222222222,ST JOHN'S A,8403506,8403506.2010.5.13,2010-05-13 00:00:00,NL,2010,5,13,6.9,,1.7,,12,,0,,0,,0,,0,,23,E,39,E,0,,11.1,,,M,,M
-52.742777777777775,47.62222222222222,ST JOHN'S A,8403506,8403506.2010.5.14,2010-05-14 00:00:00,NL,2010,5,14,1.1,,0,,2.2,,17.7,,12,,5.7,,2,,33,E,46,E,0,,16.9,,,M,,M
-52.742777777777775,47.62222222222222,ST JOHN'S A,8403506,8403506.2010.5.15,2010-05-15 00:00:00,NL,2010,5,15,3.8,,2.1,,5.5,,1.6,,1.6,,0,,0,,32,E,50,E,0,,14.2,,,M,,M
-52.742777777777775,47.62222222222222,ST JOHN'S A,8403506,8403506.2010.5.16,2010-05-16 00:00:00,NL,2010,5,16,4,,1.5,,6.5,,2.2,,2.2,,0,,0,,26,E,41,E,0,,14,,,M,,M
-52.742777777777775,47.62222222222222,ST JOHN'S A,8403506,8403506.2010.5.17,2010-05-17 00:00:00,NL,2010,5,17,3.5,,0.2,,6.7,,4.2,,4.2,,0,,0,,34,E,57,E,0,,14.5,,,M,,M
-52.742777777777775,47.62222222222222,ST JOHN'S A,8403506,8403506.2010.5.18,2010-05-18 00:00:00,NL,2010,5,18,4,,0.2,,7.7,,1.2,,1.2,,0,,0,,33,E,52,E,0,,14,,,M,,M
-52.742777777777775,47.62222222222222,ST JOHN'S A,8403506,8403506.2010.5.19,2010-05-19 00:00:00,NL,2010,5,19,4.9,,-0.2,,10,,0,,0,,0,,0,,0,,0,,0,,13.1,,,M,,M
-52.742777777777775,47.62222222222222,ST JOHN'S A,8403506,8403506.2010.5.20,2010-05-20 00:00:00,NL,2010,5,20,11.2,,5.5,,16.9,,4.2,,4.2,,0,,0,,18,E,69,E,0,,6.8,,,M,,M
-52.742777777777775,47.62222222222222,ST JOHN'S A,8403506,8403506.2010.5.21,2010-05-21 00:00:00,NL,2010,5,21,7.1,,0.7,,13.4,,0.2,,0.2,,0,T,0,,27,E,50,E,0,,10.9,,,M,,M
-52.742777777777775,47.62222222222222,ST JOHN'S A,8403506,8403506.2010.5.22,2010-05-22 00:00:00,NL,2010,5,22,6.8,,0.6,,12.9,,0,,0,,0,,0,,26,E,46,E,0,,11.2,,,M,,M
-52.742777777777775,47.62222222222222,ST JOHN'S A,8403506,8403506.2010.5.23,2010-05-23 00:00:00,NL,2010,5,23,10.7,,5.1,,16.3,,1.5,,1.5,,0,,0,,27,E,65,E,0,,7.3,,,M,,M
-52.742777777777775,47.62222222222222,ST JOHN'S A,8403506,8403506.2010.5.24,2010-05-24 00:00:00,NL,2010,5,24,4.5,,0.4,,8.6,,9.4,,9.4,,0,,0,,1,E,33,E,0,,13.5,,,M,,M
-52.742777777777775,47.62222222222222,ST JOHN'S A,8403506,8403506.2010.5.25,2010-05-25 00:00:00,NL,2010,5,25,4.7,,0.6,,8.7,,0,,0,,0,,0,,35,E,54,E,0,,13.3,,,M,,M
-52.742777777777775,47.62222222222222,ST JOHN'S A,8403506,8403506.2010.5.26,2010-05-26 00:00:00,NL,2010,5,26,5.5,,3,,7.9,,0.4,,0.4,,0,,0,,29,E,56,E,0,,12.5,,,M,,M
-52.742777777777775,47.62222222222222,ST JOHN'S A,8403506,8403506.2010.5.27,2010-05-27 00:00:00,NL,2010,5,27,4.8,,2,,7.5,,2,,2,,0,,0,,0,,0,,0,,13.2,,,M,,M
-52.742777777777775,47.62222222222222,ST JOHN'S A,8403506,8403506.2010.5.28,2010-05-28 00:00:00,NL,2010,5,28,3.9,,1.6,,6.2,,1.4,,1.4,,0,,0,,0,,0,,0,,14.1,,,M,,M
-52.742777777777775,47.62222222222222,ST JOHN'S A,8403506,8403506.2010.5.29,2010-05-29 00:00:00,NL,2010,5,29,5.4,,2.4,,8.3,,3.8,,3.8,,0,,0,,34,E,50,E,0,,12.6,,,M,,M
-52.742777777777775,47.62222222222222,ST JOHN'S A,8403506,8403506.2010.5.30,2010-05-30 00:00:00,NL,2010,5,30,7.6,,3.7,,11.4,,2.2,,2.2,,0,,0,,11,E,46,E,0,,10.4,,,M,,M
-52.742777777777775,47.62222222222222,ST JOHN'S A,8403506,8403506.2010.5.31,2010-05-31 00:00:00,NL,2010,5,31,3.9,,2.4,,5.4,,34.9,,34.9,,0,T,0,,36,E,72,E,0,,14.1,,,M,,M
-52.742777777777775,47.62222222222222,ST JOHN'S A,8403506,8403506.2010.6.1,2010-06-01 00:00:00,NL,2010,6,1,6,,2.4,,9.5,,1.6,,1.6,,0,,0,,35,E,59,E,0,,12,,,M,,M
-52.742777777777775,47.62222222222222,ST JOHN'S A,8403506,8403506.2010.6.2,2010-06-02 00:00:00,NL,2010,6,2,6.1,,0.8,,11.4,,0,T,0,T,0,,0,,0,,0,,0,,11.9,,,M,,M
-52.742777777777775,47.62222222222222,ST JOHN'S A,8403506,8403506.2010.6.3,2010-06-03 00:00:00,NL,2010,6,3,7.4,,0.9,,13.8,,3,,3,,0,,0,,27,E,33,E,0,,10.6,,,M,,M
-52.742777777777775,47.62222222222222,ST JOHN'S A,8403506,8403506.2010.6.4,2010-06-04 00:00:00,NL,2010,6,4,7.3,,4.8,,9.7,,2.2,,2.2,,0,,0,,31,E,76,E,0,,10.7,,,M,,M
-52.742777777777775,47.62222222222222,ST JOHN'S A,8403506,8403506.2010.6.5,2010-06-05 00:00:00,NL,2010,6,5,10.1,,4.7,,15.5,,0,T,0,T,0,,0,,31,E,56,E,0,,7.9,,,M,,M
-52.742777777777775,47.62222222222222,ST JOHN'S A,8403506,8403506.2010.6.6,2010-06-06 00:00:00,NL,2010,6,6,10.6,,4,,17.1,,7.8,,7.8,,0,,0,,15,E,56,E,0,,7.4,,,M,,M
-52.742777777777775,47.62222222222222,ST JOHN'S A,8403506,8403506.2010.6.7,2010-06-07 00:00:00,NL,2010,6,7,12,,4.6,,19.4,,30.4,,30.4,,0,,0,,23,E,65,E,0,,6,,,M,,M
-52.742777777777775,47.62222222222222,ST JOHN'S A,8403506,8403506.2010.6.8,2010-06-08 00:00:00,NL,2010,6,8,12.2,,8.2,,16.1,,1.6,,1.6,,0,,0,,23,E,46,E,0,,5.8,,,M,,M
-52.742777777777775,47.62222222222222,ST JOHN'S A,8403506,8403506.2010.6.9,2010-06-09 00:00:00,NL,2010,6,9,10.4,,6.7,,14,,0,T,0,T,0,,0,,0,,0,,0,,7.6,,,M,,M
-52.742777777777775,47.62222222222222,ST JOHN'S A,8403506,8403506.2010.6.10,2010-06-10 00:00:00,NL,2010,6,10,10.4,,6.3,,14.5,,0,T,0,T,0,,0,,27,E,48,E,0,,7.6,,,M,,M
-52.742777777777775,47.62222222222222,ST JOHN'S A,8403506,8403506.2010.6.11,2010-06-11 00:00:00,NL,2010,6,11,14.5,,7.5,,21.5,,0,,0,,0,,0,,25,E,56,E,0,,3.5,,,M,,M
-52.742777777777775,47.62222222222222,ST JOHN'S A,8403506,8403506.2010.6.12,2010-06-12 00:00:00,NL,2010,6,12,10.7,,8.1,,13.3,,0,T,0,T,0,,0,,0,,0,,0,,7.3,,,M,,M
-52.742777777777775,47.62222222222222,ST JOHN'S A,8403506,8403506.2010.6.13,2010-06-13 00:00:00,NL,2010,6,13,8,,4.4,,11.5,,0,T,0,T,0,,0,,0,,0,,0,,10,,,M,,M
-52.742777777777775,47.62222222222222,ST JOHN'S A,8403506,8403506.2010.6.14,2010-06-14 00:00:00,NL,2010,6,14,9.7,,5.5,,13.9,,2.8,,2.8,,0,,0,,18,E,35,E,0,,8.3,,,M,,M
-52.742777777777775,47.62222222222222,ST JOHN'S A,8403506,8403506.2010.6.15,2010-06-15 00:00:00,NL,2010,6,15,9.5,,4.6,,14.3,,36,,36,,0,,0,,15,E,72,E,0,,8.5,,,M,,M
-52.742777777777775,47.62222222222222,ST JOHN'S A,8403506,8403506.2010.6.16,2010-06-16 00:00:00,NL,2010,6,16,6.6,,4.3,,8.9,,2.9,,2.9,,0,,0,,33,E,69,E,0,,11.4,,,M,,M
-52.742777777777775,47.62222222222222,ST JOHN'S A,8403506,8403506.2010.6.17,2010-06-17 00:00:00,NL,2010,6,17,10.8,,3.7,,17.8,,0,,0,,0,,0,,30,E,41,E,0,,7.2,,,M,,M
-52.742777777777775,47.62222222222222,ST JOHN'S A,8403506,8403506.2010.6.18,2010-06-18 00:00:00,NL,2010,6,18,11.9,,7.2,,16.5,,0.4,,0.4,,0,,0,,34,E,41,E,0,,6.1,,,M,,M
-52.742777777777775,47.62222222222222,ST JOHN'S A,8403506,8403506.2010.6.19,2010-06-19 00:00:00,NL,2010,6,19,10.4,,5.6,,15.2,,0,T,0,T,0,,0,,,M,,M,0,,7.6,,,M,,M
-52.742777777777775,47.62222222222222,ST JOHN'S A,8403506,8403506.2010.6.20,2010-06-20 00:00:00,NL,2010,6,20,17.6,,11.1,,24,,0,,0,,0,,0,,26,E,59,E,0,,0.4,,,M,,M
-52.742777777777775,47.62222222222222,ST JOHN'S A,8403506,8403506.2010.6.21,2010-06-21 00:00:00,NL,2010,6,21,11.9,,4.9,,18.8,,20,,20,,0,,0,,24,E,33,E,0,,6.1,,,M,,M
-52.742777777777775,47.62222222222222,ST JOHN'S A,8403506,8403506.2010.6.22,2010-06-22 00:00:00,NL,2010,6,22,6.1,,3.3,,8.9,,0.2,,0.2,,0,,0,,2,E,39,E,0,,11.9,,,M,,M
-52.742777777777775,47.62222222222222,ST JOHN'S A,8403506,8403506.2010.6.23,2010-06-23 00:00:00,NL,2010,6,23,14.5,,6.5,,22.5,,0,,0,,0,,0,,27,E,56,E,0,,3.5,,,M,,M
-52.742777777777775,47.62222222222222,ST JOHN'S A,8403506,8403506.2010.6.24,2010-06-24 00:00:00,NL,2010,6,24,12,,8.1,,15.9,,3,,3,,0,,0,,18,E,52,E,0,,6,,,M,,M
-52.742777777777775,47.62222222222222,ST JOHN'S A,8403506,8403506.2010.6.25,2010-06-25 00:00:00,NL,2010,6,25,15.1,,10.4,,19.7,,4.2,,4.2,,0,,0,,26,E,52,E,0,,2.9,,,M,,M
-52.742777777777775,47.62222222222222,ST JOHN'S A,8403506,8403506.2010.6.26,2010-06-26 00:00:00,NL,2010,6,26,15.5,,9.9,,21.1,,0,,0,,0,,0,,30,E,44,E,0,,2.5,,,M,,M
-52.742777777777775,47.62222222222222,ST JOHN'S A,8403506,8403506.2010.6.27,2010-06-27 00:00:00,NL,2010,6,27,13.9,,10,,17.7,,0.2,,0.2,,0,,0,,22,E,44,E,0,,4.1,,,M,,M
-52.742777777777775,47.62222222222222,ST JOHN'S A,8403506,8403506.2010.6.28,2010-06-28 00:00:00,NL,2010,6,28,13.3,,8.2,,18.4,,1.2,,1.2,,0,,0,,0,,0,,0,,4.7,,,M,,M
-52.742777777777775,47.62222222222222,ST JOHN'S A,8403506,8403506.2010.6.29,2010-06-29 00:00:00,NL,2010,6,29,9.1,,6.3,,11.9,,2.4,,2.4,,0,,0,,0,,0,,0,,8.9,,,M,,M
-52.742777777777775,47.62222222222222,ST JOHN'S A,8403506,8403506.2010.6.30,2010-06-30 00:00:00,NL,2010,6,30,8.9,,6.5,,11.2,,2.2,,2.2,,0,,0,,14,E,39,E,0,,9.1,,,M,,M
-52.742777777777775,47.62222222222222,ST JOHN'S A,8403506,8403506.2010.7.1,2010-07-01 00:00:00,NL,2010,7,1,12.3,,6.6,,17.9,,11.4,,11.4,,0,,0,,0,,0,,0,,5.7,,,M,,M
-52.742777777777775,47.62222222222222,ST JOHN'S A,8403506,8403506.2010.7.2,2010-07-02 00:00:00,NL,2010,7,2,13.7,,9.2,,18.2,,0,T,0,T,0,,0,,27,E,32,E,0,,4.3,,,M,,M
-52.742777777777775,47.62222222222222,ST JOHN'S A,8403506,8403506.2010.7.3,2010-07-03 00:00:00,NL,2010,7,3,15,,9.6,,20.4,,0,,0,,0,,0,,0,,0,,0,,3,,,M,,M
-52.742777777777775,47.62222222222222,ST JOHN'S A,8403506,8403506.2010.7.4,2010-07-04 00:00:00,NL,2010,7,4,15.8,,11.5,,20.1,,0,,0,,0,,0,,24,E,46,E,0,,2.2,,,M,,M
-52.742777777777775,47.62222222222222,ST JOHN'S A,8403506,8403506.2010.7.5,2010-07-05 00:00:00,NL,2010,7,5,9,,5.3,,12.6,,2.2,,2.2,,0,,0,,0,,0,,0,,9,,,M,,M
-52.742777777777775,47.62222222222222,ST JOHN'S A,8403506,8403506.2010.7.6,2010-07-06 00:00:00,NL,2010,7,6,11.1,,6.2,,16,,2.6,,2.6,,0,,0,,25,E,39,E,0,,6.9,,,M,,M
-52.742777777777775,47.62222222222222,ST JOHN'S A,8403506,8403506.2010.7.7,2010-07-07 00:00:00,NL,2010,7,7,11.9,,7.2,,16.6,,0,T,0,T,0,,0,,0,,0,,0,,6.1,,,M,,M
-52.742777777777775,47.62222222222222,ST JOHN'S A,8403506,8403506.2010.7.8,2010-07-08 00:00:00,NL,2010,7,8,14.5,,7.7,,21.3,,0,T,0,T,0,,0,,26,E,39,E,0,,3.5,,,M,,M
-52.742777777777775,47.62222222222222,ST JOHN'S A,8403506,8403506.2010.7.9,2010-07-09 00:00:00,NL,2010,7,9,20.9,,14.5,,27.3,,0,,0,,0,,0,,27,E,61,E,2.9,,0,,,M,,M
-52.742777777777775,47.62222222222222,ST JOHN'S A,8403506,8403506.2010.7.10,2010-07-10 00:00:00,NL,2010,7,10,21.3,,16,,26.6,,0,,0,,0,,0,,27,E,59,E,3.3,,0,,,M,,M
-52.742777777777775,47.62222222222222,ST JOHN'S A,8403506,8403506.2010.7.11,2010-07-11 00:00:00,NL,2010,7,11,21.1,,18.7,,23.5,,3.6,,3.6,,0,,0,,26,E,57,E,3.1,,0,,,M,,M
-52.742777777777775,47.62222222222222,ST JOHN'S A,8403506,8403506.2010.7.12,2010-07-12 00:00:00,NL,2010,7,12,23.3,,19.1,,27.4,,0,T,0,T,0,,0,,24,E,44,E,5.3,,0,,,M,,M
-52.742777777777775,47.62222222222222,ST JOHN'S A,8403506,8403506.2010.7.13,2010-07-13 00:00:00,NL,2010,7,13,21.4,,18,,24.7,,4.2,,4.2,,0,,0,,24,E,52,E,3.4,,0,,,M,,M
-52.742777777777775,47.62222222222222,ST JOHN'S A,8403506,8403506.2010.7.14,2010-07-14 00:00:00,NL,2010,7,14,21.7,,17.4,,26,,10.6,,10.6,,0,,0,,27,E,44,E,3.7,,0,,,M,,M
-52.742777777777775,47.62222222222222,ST JOHN'S A,8403506,8403506.2010.7.15,2010-07-15 00:00:00,NL,2010,7,15,15.9,,10.5,,21.2,,28.8,,28.8,,0,,0,,34,E,50,E,0,,2.1,,,M,,M
-52.742777777777775,47.62222222222222,ST JOHN'S A,8403506,8403506.2010.7.16,2010-07-16 00:00:00,NL,2010,7,16,17.1,,10.7,,23.4,,0,,0,,0,,0,,,M,,M,0,,0.9,,,M,,M
-52.742777777777775,47.62222222222222,ST JOHN'S A,8403506,8403506.2010.7.17,2010-07-17 00:00:00,NL,2010,7,17,19.1,,13.2,,24.9,,0,T,0,T,0,,0,,27,E,50,E,1.1,,0,,,M,,M
-52.742777777777775,47.62222222222222,ST JOHN'S A,8403506,8403506.2010.7.18,2010-07-18 00:00:00,NL,2010,7,18,19.7,,15.7,,23.7,,0,T,0,T,0,,0,,0,,0,,1.7,,0,,,M,,M
-52.742777777777775,47.62222222222222,ST JOHN'S A,8403506,8403506.2010.7.19,2010-07-19 00:00:00,NL,2010,7,19,21.4,,16.3,,26.5,,0,,0,,0,,0,,26,E,41,E,3.4,,0,,,M,,M
-52.742777777777775,47.62222222222222,ST JOHN'S A,8403506,8403506.2010.7.20,2010-07-20 00:00:00,NL,2010,7,20,21.5,,17.4,,25.5,,0.2,,0.2,,0,,0,,26,E,41,E,3.5,,0,,,M,,M
-52.742777777777775,47.62222222222222,ST JOHN'S A,8403506,8403506.2010.7.21,2010-07-21 00:00:00,NL,2010,7,21,19.8,,15.6,,23.9,,5.2,,5.2,,0,,0,,0,,0,,1.8,,0,,,M,,M
-52.742777777777775,47.62222222222222,ST JOHN'S A,8403506,8403506.2010.7.22,2010-07-22 00:00:00,NL,2010,7,22,18.3,,12.8,,23.7,,6.6,,6.6,,0,,0,,21,E,37,E,0.3,,0,,,M,,M
-52.742777777777775,47.62222222222222,ST JOHN'S A,8403506,8403506.2010.7.23,2010-07-23 00:00:00,NL,2010,7,23,13.2,,11.1,,15.3,,9.2,,9.2,,0,,0,,1,E,48,E,0,,4.8,,,M,,M
-52.742777777777775,47.62222222222222,ST JOHN'S A,8403506,8403506.2010.7.24,2010-07-24 00:00:00,NL,2010,7,24,17.2,,11.5,,22.8,,0,T,0,T,0,,0,,34,E,32,E,0,,0.8,,,M,,M
-52.742777777777775,47.62222222222222,ST JOHN'S A,8403506,8403506.2010.7.25,2010-07-25 00:00:00,NL,2010,7,25,17.3,,12.4,,22.1,,8.2,,8.2,,0,,0,,16,E,56,E,0,,0.7,,,M,,M
-52.742777777777775,47.62222222222222,ST JOHN'S A,8403506,8403506.2010.7.26,2010-07-26 00:00:00,NL,2010,7,26,17.8,,13.4,,22.2,,7.6,,7.6,,0,,0,,16,E,57,E,0,,0.2,,,M,,M
-52.742777777777775,47.62222222222222,ST JOHN'S A,8403506,8403506.2010.7.27,2010-07-27 00:00:00,NL,2010,7,27,16.1,,11.6,,20.6,,2.2,,2.2,,0,,0,,24,E,52,E,0,,1.9,,,M,,M
-52.742777777777775,47.62222222222222,ST JOHN'S A,8403506,8403506.2010.7.28,2010-07-28 00:00:00,NL,2010,7,28,16.9,,11.4,,22.3,,0.2,,0.2,,0,,0,,25,E,50,E,0,,1.1,,,M,,M
-52.742777777777775,47.62222222222222,ST JOHN'S A,8403506,8403506.2010.7.29,2010-07-29 00:00:00,NL,2010,7,29,19.9,,15.2,,24.6,,0,,0,,0,,0,,24,E,59,E,1.9,,0,,,M,,M
-52.742777777777775,47.62222222222222,ST JOHN'S A,8403506,8403506.2010.7.30,2010-07-30 00:00:00,NL,2010,7,30,22.2,,17,,27.3,,1.8,,1.8,,0,,0,,24,E,61,E,4.2,,0,,,M,,M
-52.742777777777775,47.62222222222222,ST JOHN'S A,8403506,8403506.2010.7.31,2010-07-31 00:00:00,NL,2010,7,31,20.2,,17.3,,23,,2.4,,2.4,,0,,0,,22,E,33,E,2.2,,0,,,M,,M
-52.742777777777775,47.62222222222222,ST JOHN'S A,8403506,8403506.2010.8.1,2010-08-01 00:00:00,NL,2010,8,1,15.2,,11.9,,18.5,,0.8,,0.8,,0,,0,,0,,0,,0,,2.8,,,M,,M
-52.742777777777775,47.62222222222222,ST JOHN'S A,8403506,8403506.2010.8.2,2010-08-02 00:00:00,NL,2010,8,2,12.1,,10.8,,13.4,,9.6,,9.6,,0,,0,,0,,0,,0,,5.9,,,M,,M
-52.742777777777775,47.62222222222222,ST JOHN'S A,8403506,8403506.2010.8.3,2010-08-03 00:00:00,NL,2010,8,3,16.3,,12.4,,20.2,,3.6,,3.6,,0,,0,,28,E,48,E,0,,1.7,,,M,,M
-52.742777777777775,47.62222222222222,ST JOHN'S A,8403506,8403506.2010.8.4,2010-08-04 00:00:00,NL,2010,8,4,19.1,,14.9,,23.3,,2.4,,2.4,,0,,0,,26,E,39,E,1.1,,0,,,M,,M
-52.742777777777775,47.62222222222222,ST JOHN'S A,8403506,8403506.2010.8.5,2010-08-05 00:00:00,NL,2010,8,5,17.6,,14.8,,20.3,,3.4,,3.4,,0,,0,,19,E,35,E,0,,0.4,,,M,,M
-52.742777777777775,47.62222222222222,ST JOHN'S A,8403506,8403506.2010.8.6,2010-08-06 00:00:00,NL,2010,8,6,20.6,,17.1,,24,,1.2,,1.2,,0,,0,,19,E,39,E,2.6,,0,,,M,,M
-52.742777777777775,47.62222222222222,ST JOHN'S A,8403506,8403506.2010.8.7,2010-08-07 00:00:00,NL,2010,8,7,20.1,,13.9,,26.2,,3.2,,3.2,,0,,0,,26,E,39,E,2.1,,0,,,M,,M
-52.742777777777775,47.62222222222222,ST JOHN'S A,8403506,8403506.2010.8.8,2010-08-08 00:00:00,NL,2010,8,8,16.7,,12.4,,21,,0,,0,,0,,0,,28,E,39,E,0,,1.3,,,M,,M
-52.742777777777775,47.62222222222222,ST JOHN'S A,8403506,8403506.2010.8.9,2010-08-09 00:00:00,NL,2010,8,9,18.1,,13.1,,23,,5.8,,5.8,,0,,0,,25,E,44,E,0.1,,0,,,M,,M
-52.742777777777775,47.62222222222222,ST JOHN'S A,8403506,8403506.2010.8.10,2010-08-10 00:00:00,NL,2010,8,10,16.3,,13.4,,19.2,,1.4,,1.4,,0,,0,,0,,0,,0,,1.7,,,M,,M
-52.742777777777775,47.62222222222222,ST JOHN'S A,8403506,8403506.2010.8.11,2010-08-11 00:00:00,NL,2010,8,11,16,,12.1,,19.8,,23.6,,23.6,,0,,0,,0,,0,,0,,2,,,M,,M
-52.742777777777775,47.62222222222222,ST JOHN'S A,8403506,8403506.2010.8.12,2010-08-12 00:00:00,NL,2010,8,12,11.8,,10.4,,13.2,,0.2,,0.2,,0,,0,,1,E,33,E,0,,6.2,,,M,,M
-52.742777777777775,47.62222222222222,ST JOHN'S A,8403506,8403506.2010.8.13,2010-08-13 00:00:00,NL,2010,8,13,13.5,,10.4,,16.6,,0,,0,,0,,0,,0,,0,,0,,4.5,,,M,,M
-52.742777777777775,47.62222222222222,ST JOHN'S A,8403506,8403506.2010.8.14,2010-08-14 00:00:00,NL,2010,8,14,17.4,,13,,21.8,,0,,0,,0,,0,,0,,0,,0,,0.6,,,M,,M
-52.742777777777775,47.62222222222222,ST JOHN'S A,8403506,8403506.2010.8.15,2010-08-15 00:00:00,NL,2010,8,15,15.3,,12.1,,18.4,,0,,0,,0,,0,,0,,0,,0,,2.7,,,M,,M
-52.742777777777775,47.62222222222222,ST JOHN'S A,8403506,8403506.2010.8.16,2010-08-16 00:00:00,NL,2010,8,16,13.2,,12.2,,14.2,,4.4,,4.4,,0,,0,,5,E,37,E,0,,4.8,,,M,,M
-52.742777777777775,47.62222222222222,ST JOHN'S A,8403506,8403506.2010.8.17,2010-08-17 00:00:00,NL,2010,8,17,15.5,,11.5,,19.4,,0,,0,,0,,0,,0,,0,,0,,2.5,,,M,,M
-52.742777777777775,47.62222222222222,ST JOHN'S A,8403506,8403506.2010.8.18,2010-08-18 00:00:00,NL,2010,8,18,19.2,,16.1,,22.3,,2.8,,2.8,,0,,0,,23,E,39,E,1.2,,0,,,M,,M
-52.742777777777775,47.62222222222222,ST JOHN'S A,8403506,8403506.2010.8.19,2010-08-19 00:00:00,NL,2010,8,19,16.2,,11.9,,20.5,,0,,0,,0,,0,,0,,0,,0,,1.8,,,M,,M
-52.742777777777775,47.62222222222222,ST JOHN'S A,8403506,8403506.2010.8.20,2010-08-20 00:00:00,NL,2010,8,20,13.3,,11.3,,15.3,,1.4,,1.4,,0,,0,,10,E,32,E,0,,4.7,,,M,,M
-52.742777777777775,47.62222222222222,ST JOHN'S A,8403506,8403506.2010.8.21,2010-08-21 00:00:00,NL,2010,8,21,13.8,,12.4,,15.2,,0,,0,,0,,0,,7,E,41,E,0,,4.2,,,M,,M
-52.742777777777775,47.62222222222222,ST JOHN'S A,8403506,8403506.2010.8.22,2010-08-22 00:00:00,NL,2010,8,22,12.8,,11,,14.5,,0.4,,0.4,,0,,0,,0,,0,,0,,5.2,,,M,,M
-52.742777777777775,47.62222222222222,ST JOHN'S A,8403506,8403506.2010.8.23,2010-08-23 00:00:00,NL,2010,8,23,11,,7.2,,14.7,,3.4,,3.4,,0,,0,,0,,0,,0,,7,,,M,,M
-52.742777777777775,47.62222222222222,ST JOHN'S A,8403506,8403506.2010.8.24,2010-08-24 00:00:00,NL,2010,8,24,11.8,,6.9,,16.7,,0,,0,,0,,0,,0,,0,,0,,6.2,,,M,,M
-52.742777777777775,47.62222222222222,ST JOHN'S A,8403506,8403506.2010.8.25,2010-08-25 00:00:00,NL,2010,8,25,17.9,,12.2,,23.6,,0,,0,,0,,0,,27,E,32,E,0,,0.1,,,M,,M
-52.742777777777775,47.62222222222222,ST JOHN'S A,8403506,8403506.2010.8.26,2010-08-26 00:00:00,NL,2010,8,26,16.9,,13.5,,20.3,,0.2,,0.2,,0,,0,,17,E,37,E,0,,1.1,,,M,,M
-52.742777777777775,47.62222222222222,ST JOHN'S A,8403506,8403506.2010.8.27,2010-08-27 00:00:00,NL,2010,8,27,15.8,,13.8,,17.8,,0.8,,0.8,,0,,0,,16,E,59,E,0,,2.2,,,M,,M
-52.742777777777775,47.62222222222222,ST JOHN'S A,8403506,8403506.2010.8.28,2010-08-28 00:00:00,NL,2010,8,28,17.7,,13.4,,21.9,,0,,0,,0,,0,,0,,0,,0,,0.3,,,M,,M
-52.742777777777775,47.62222222222222,ST JOHN'S A,8403506,8403506.2010.8.29,2010-08-29 00:00:00,NL,2010,8,29,16.6,,12.7,,20.4,,0,,0,,0,,0,,0,,0,,0,,1.4,,,M,,M
-52.742777777777775,47.62222222222222,ST JOHN'S A,8403506,8403506.2010.8.30,2010-08-30 00:00:00,NL,2010,8,30,16.6,,10.5,,22.7,,0,,0,,0,,0,,29,E,33,E,0,,1.4,,,M,,M
-52.742777777777775,47.62222222222222,ST JOHN'S A,8403506,8403506.2010.8.31,2010-08-31 00:00:00,NL,2010,8,31,15.1,,10.8,,19.4,,0,,0,,0,,0,,27,E,50,E,0,,2.9,,,M,,M
-52.742777777777775,47.62222222222222,ST JOHN'S A,8403506,8403506.2010.9.1,2010-09-01 00:00:00,NL,2010,9,1,16.1,,12.6,,19.6,,0.4,,0.4,,0,,0,,31,E,37,E,0,,1.9,,,M,,M
-52.742777777777775,47.62222222222222,ST JOHN'S A,8403506,8403506.2010.9.2,2010-09-02 00:00:00,NL,2010,9,2,18.6,,16.2,,20.9,,5.6,,5.6,,0,,0,,0,,0,,0.6,,0,,,M,,M
-52.742777777777775,47.62222222222222,ST JOHN'S A,8403506,8403506.2010.9.3,2010-09-03 00:00:00,NL,2010,9,3,16.5,,13.4,,19.5,,0,T,0,T,0,,0,,34,E,33,E,0,,1.5,,,M,,M
-52.742777777777775,47.62222222222222,ST JOHN'S A,8403506,8403506.2010.9.4,2010-09-04 00:00:00,NL,2010,9,4,20.4,,15.9,,24.8,,0,T,0,T,0,,0,,23,E,59,E,2.4,,0,,,M,,M
-52.742777777777775,47.62222222222222,ST JOHN'S A,8403506,8403506.2010.9.5,2010-09-05 00:00:00,NL,2010,9,5,20.9,,16.3,,25.5,,0,,0,,0,,0,,24,E,67,E,2.9,,0,,,M,,M
-52.742777777777775,47.62222222222222,ST JOHN'S A,8403506,8403506.2010.9.6,2010-09-06 00:00:00,NL,2010,9,6,17.6,,12.9,,22.2,,0,,0,,0,,0,,26,E,50,E,0,,0.4,,,M,,M
-52.742777777777775,47.62222222222222,ST JOHN'S A,8403506,8403506.2010.9.7,2010-09-07 00:00:00,NL,2010,9,7,16.8,,12.8,,20.7,,0.6,,0.6,,0,,0,,25,E,39,E,0,,1.2,,,M,,M
-52.742777777777775,47.62222222222222,ST JOHN'S A,8403506,8403506.2010.9.8,2010-09-08 00:00:00,NL,2010,9,8,12.4,,10.6,,14.2,,1,,1,,0,,0,,31,E,35,E,0,,5.6,,,M,,M
-52.742777777777775,47.62222222222222,ST JOHN'S A,8403506,8403506.2010.9.9,2010-09-09 00:00:00,NL,2010,9,9,12.5,,10.6,,14.4,,26.2,,26.2,,0,,0,,14,E,54,E,0,,5.5,,,M,,M
-52.742777777777775,47.62222222222222,ST JOHN'S A,8403506,8403506.2010.9.10,2010-09-10 00:00:00,NL,2010,9,10,16.7,,14.2,,19.1,,27.2,,27.2,,0,,0,,15,E,59,E,0,,1.3,,,M,,M
-52.742777777777775,47.62222222222222,ST JOHN'S A,8403506,8403506.2010.9.11,2010-09-11 00:00:00,NL,2010,9,11,15.6,,10.8,,20.4,,1.8,,1.8,,0,,0,,35,E,32,E,0,,2.4,,,M,,M
-52.742777777777775,47.62222222222222,ST JOHN'S A,8403506,8403506.2010.9.12,2010-09-12 00:00:00,NL,2010,9,12,10.3,,9.4,,11.1,,6.4,,6.4,,0,,0,,3,E,52,E,0,,7.7,,,M,,M
-52.742777777777775,47.62222222222222,ST JOHN'S A,8403506,8403506.2010.9.13,2010-09-13 00:00:00,NL,2010,9,13,10.6,,9.7,,11.4,,8.4,,8.4,,0,,0,,4,E,46,E,0,,7.4,,,M,,M
-52.742777777777775,47.62222222222222,ST JOHN'S A,8403506,8403506.2010.9.14,2010-09-14 00:00:00,NL,2010,9,14,10.3,,8.5,,12,,0,,0,,0,,0,,0,,0,,0,,7.7,,,M,,M
-52.742777777777775,47.62222222222222,ST JOHN'S A,8403506,8403506.2010.9.15,2010-09-15 00:00:00,NL,2010,9,15,13.9,,9.6,,18.1,,16.8,,16.8,,0,,0,,15,E,35,E,0,,4.1,,,M,,M
-52.742777777777775,47.62222222222222,ST JOHN'S A,8403506,8403506.2010.9.16,2010-09-16 00:00:00,NL,2010,9,16,15.4,,9.6,,21.1,,19.8,,19.8,,0,,0,,25,E,44,E,0,,2.6,,,M,,M
-52.742777777777775,47.62222222222222,ST JOHN'S A,8403506,8403506.2010.9.17,2010-09-17 00:00:00,NL,2010,9,17,15.1,,12,,18.1,,0.2,,0.2,,0,,0,,27,E,50,E,0,,2.9,,,M,,M
-52.742777777777775,47.62222222222222,ST JOHN'S A,8403506,8403506.2010.9.18,2010-09-18 00:00:00,NL,2010,9,18,13.3,,8.6,,18,,12.8,,12.8,,0,,0,,23,E,61,E,0,,4.7,,,M,,M
-52.742777777777775,47.62222222222222,ST JOHN'S A,8403506,8403506.2010.9.19,2010-09-19 00:00:00,NL,2010,9,19,12.5,,6.6,,18.4,,0,,0,,0,,0,,0,,0,,0,,5.5,,,M,,M
-52.742777777777775,47.62222222222222,ST JOHN'S A,8403506,8403506.2010.9.20,2010-09-20 00:00:00,NL,2010,9,20,13.3,,10.9,,15.7,,47.2,,47.2,,0,,0,,18,E,65,E,0,,4.7,,,M,,M
-52.742777777777775,47.62222222222222,ST JOHN'S A,8403506,8403506.2010.9.21,2010-09-21 00:00:00,NL,2010,9,21,11.9,,7.9,,15.8,,73,,73,,0,,0,,,M,,M,0,,6.1,,,M,,M
-52.742777777777775,47.62222222222222,ST JOHN'S A,8403506,8403506.2010.9.22,2010-09-22 00:00:00,NL,2010,9,22,11.8,,8.5,,15,,0,T,0,T,0,,0,,28,E,78,E,0,,6.2,,,M,,M
-52.742777777777775,47.62222222222222,ST JOHN'S A,8403506,8403506.2010.9.23,2010-09-23 00:00:00,NL,2010,9,23,12.5,,7.2,,17.7,,0,,0,,0,,0,,28,E,59,E,0,,5.5,,,M,,M
-52.742777777777775,47.62222222222222,ST JOHN'S A,8403506,8403506.2010.9.24,2010-09-24 00:00:00,NL,2010,9,24,9.2,,4.8,,13.5,,0,T,0,T,0,,0,,28,E,56,E,0,,8.8,,,M,,M
-52.742777777777775,47.62222222222222,ST JOHN'S A,8403506,8403506.2010.9.25,2010-09-25 00:00:00,NL,2010,9,25,6.8,,4.3,,9.2,,1.6,,1.6,,0,,0,,0,,0,,0,,11.2,,,M,,M
-52.742777777777775,47.62222222222222,ST JOHN'S A,8403506,8403506.2010.9.26,2010-09-26 00:00:00,NL,2010,9,26,6.7,,2.3,,11,,2.6,,2.6,,0,,0,,0,,0,,0,,11.3,,,M,,M
-52.742777777777775,47.62222222222222,ST JOHN'S A,8403506,8403506.2010.9.27,2010-09-27 00:00:00,NL,2010,9,27,8.6,,2.4,,14.7,,0,,0,,0,,0,,27,E,59,E,0,,9.4,,,M,,M
-52.742777777777775,47.62222222222222,ST JOHN'S A,8403506,8403506.2010.9.28,2010-09-28 00:00:00,NL,2010,9,28,11.8,,7.6,,16,,0,T,0,T,0,,0,,26,E,61,E,0,,6.2,,,M,,M
-52.742777777777775,47.62222222222222,ST JOHN'S A,8403506,8403506.2010.9.29,2010-09-29 00:00:00,NL,2010,9,29,18,,15.4,,20.6,,1.4,,1.4,,0,,0,,25,E,65,E,0,,0,,,M,,M
-52.742777777777775,47.62222222222222,ST JOHN'S A,8403506,8403506.2010.9.30,2010-09-30 00:00:00,NL,2010,9,30,14.4,,9.9,,18.8,,0,T,0,T,0,,0,,26,E,41,E,0,,3.6,,,M,,M
-52.742777777777775,47.62222222222222,ST JOHN'S A,8403506,8403506.2010.10.1,2010-10-01 00:00:00,NL,2010,10,1,18.7,,14.2,,23.1,,0,T,0,T,0,,0,,26,E,72,E,0.7,,0,,,M,,M
-52.742777777777775,47.62222222222222,ST JOHN'S A,8403506,8403506.2010.10.2,2010-10-02 00:00:00,NL,2010,10,2,18.3,,14.3,,22.2,,0,T,0,T,0,,0,,22,E,72,E,0.3,,0,,,M,,M
-52.742777777777775,47.62222222222222,ST JOHN'S A,8403506,8403506.2010.10.3,2010-10-03 00:00:00,NL,2010,10,3,11.6,,7.4,,15.7,,0,,0,,0,,0,,29,E,56,E,0,,6.4,,,M,,M
-52.742777777777775,47.62222222222222,ST JOHN'S A,8403506,8403506.2010.10.4,2010-10-04 00:00:00,NL,2010,10,4,9.6,,6.7,,12.5,,0,,0,,0,,0,,26,E,32,E,0,,8.4,,,M,,M
-52.742777777777775,47.62222222222222,ST JOHN'S A,8403506,8403506.2010.10.5,2010-10-05 00:00:00,NL,2010,10,5,10.7,,7.1,,14.2,,0,,0,,0,,0,,27,E,44,E,0,,7.3,,,M,,M
-52.742777777777775,47.62222222222222,ST JOHN'S A,8403506,8403506.2010.10.6,2010-10-06 00:00:00,NL,2010,10,6,6.7,,2.9,,10.4,,0,,0,,0,,0,,31,E,37,E,0,,11.3,,,M,,M
-52.742777777777775,47.62222222222222,ST JOHN'S A,8403506,8403506.2010.10.7,2010-10-07 00:00:00,NL,2010,10,7,7.5,,2.3,,12.6,,12.2,,12.2,,0,,0,,16,E,70,E,0,,10.5,,,M,,M
-52.742777777777775,47.62222222222222,ST JOHN'S A,8403506,8403506.2010.10.8,2010-10-08 00:00:00,NL,2010,10,8,11.3,,5.8,,16.8,,0.6,,0.6,,0,,0,,26,E,54,E,0,,6.7,,,M,,M
-52.742777777777775,47.62222222222222,ST JOHN'S A,8403506,8403506.2010.10.9,2010-10-09 00:00:00,NL,2010,10,9,7.9,,5,,10.7,,0.2,,0.2,,0,,0,,25,E,44,E,0,,10.1,,,M,,M
-52.742777777777775,47.62222222222222,ST JOHN'S A,8403506,8403506.2010.10.10,2010-10-10 00:00:00,NL,2010,10,10,7.7,,5.1,,10.2,,2.6,,2.6,,0,,0,,24,E,50,E,0,,10.3,,,M,,M
-52.742777777777775,47.62222222222222,ST JOHN'S A,8403506,8403506.2010.10.11,2010-10-11 00:00:00,NL,2010,10,11,8.2,,5.1,,11.3,,1.8,,1.8,,0,,0,,24,E,48,E,0,,9.8,,,M,,M
-52.742777777777775,47.62222222222222,ST JOHN'S A,8403506,8403506.2010.10.12,2010-10-12 00:00:00,NL,2010,10,12,8.6,,5.7,,11.5,,0,,0,,0,,0,,26,E,39,E,0,,9.4,,,M,,M
-52.742777777777775,47.62222222222222,ST JOHN'S A,8403506,8403506.2010.10.13,2010-10-13 00:00:00,NL,2010,10,13,7.5,,6.5,,8.4,,19.8,,19.8,,0,,0,,16,E,32,E,0,,10.5,,,M,,M
-52.742777777777775,47.62222222222222,ST JOHN'S A,8403506,8403506.2010.10.14,2010-10-14 00:00:00,NL,2010,10,14,6.2,,5.1,,7.2,,3.4,,3.4,,0,,0,,34,E,39,E,0,,11.8,,,M,,M
-52.742777777777775,47.62222222222222,ST JOHN'S A,8403506,8403506.2010.10.15,2010-10-15 00:00:00,NL,2010,10,15,5.7,,1.4,,9.9,,0,T,0,T,0,,0,,,M,,M,0,,12.3,,,M,,M
-52.742777777777775,47.62222222222222,ST JOHN'S A,8403506,8403506.2010.10.16,2010-10-16 00:00:00,NL,2010,10,16,9.3,,7.1,,11.4,,35.2,,35.2,,0,,0,,14,E,65,E,0,,8.7,,,M,,M
-52.742777777777775,47.62222222222222,ST JOHN'S A,8403506,8403506.2010.10.17,2010-10-17 00:00:00,NL,2010,10,17,11.5,,9.1,,13.9,,7.8,,7.8,,0,,0,,22,E,41,E,0,,6.5,,,M,,M
-52.742777777777775,47.62222222222222,ST JOHN'S A,8403506,8403506.2010.10.18,2010-10-18 00:00:00,NL,2010,10,18,8.5,,5.1,,11.9,,0.2,,0.2,,0,,0,,23,E,56,E,0,,9.5,,,M,,M
-52.742777777777775,47.62222222222222,ST JOHN'S A,8403506,8403506.2010.10.19,2010-10-19 00:00:00,NL,2010,10,19,6.2,,2.6,,9.7,,3.4,,3.1,,0.3,,0,,25,E,63,E,0,,11.8,,,M,,M
-52.742777777777775,47.62222222222222,ST JOHN'S A,8403506,8403506.2010.10.20,2010-10-20 00:00:00,NL,2010,10,20,5.6,,2.5,,8.6,,4.6,,4.6,,0,,0,,0,,0,,0,,12.4,,,M,,M
-52.742777777777775,47.62222222222222,ST JOHN'S A,8403506,8403506.2010.10.21,2010-10-21 00:00:00,NL,2010,10,21,8.1,,5.7,,10.5,,11.8,,11.8,,0,,0,,0,,0,,0,,9.9,,,M,,M
-52.742777777777775,47.62222222222222,ST JOHN'S A,8403506,8403506.2010.10.22,2010-10-22 00:00:00,NL,2010,10,22,11.5,,6.9,,16.1,,0.6,,0.6,,0,,0,,23,E,61,E,0,,6.5,,,M,,M
-52.742777777777775,47.62222222222222,ST JOHN'S A,8403506,8403506.2010.10.23,2010-10-23 00:00:00,NL,2010,10,23,7.2,,4.4,,10,,0.8,,0.8,,0,,0,,23,E,46,E,0,,10.8,,,M,,M
-52.742777777777775,47.62222222222222,ST JOHN'S A,8403506,8403506.2010.10.24,2010-10-24 00:00:00,NL,2010,10,24,5.9,,3.4,,8.4,,0,T,0,T,0,,0,,31,E,37,E,0,,12.1,,,M,,M
-52.742777777777775,47.62222222222222,ST JOHN'S A,8403506,8403506.2010.10.25,2010-10-25 00:00:00,NL,2010,10,25,5.5,,2.5,,8.5,,0,,0,,0,,0,,29,E,37,E,0,,12.5,,,M,,M
-52.742777777777775,47.62222222222222,ST JOHN'S A,8403506,8403506.2010.10.26,2010-10-26 00:00:00,NL,2010,10,26,4.1,,2.7,,5.5,,3.8,,3.8,,0,,0,,0,,0,,0,,13.9,,,M,,M
-52.742777777777775,47.62222222222222,ST JOHN'S A,8403506,8403506.2010.10.27,2010-10-27 00:00:00,NL,2010,10,27,4.4,,2.4,,6.4,,1.6,,1.6,,0,,0,,18,E,44,E,0,,13.6,,,M,,M
-52.742777777777775,47.62222222222222,ST JOHN'S A,8403506,8403506.2010.10.28,2010-10-28 00:00:00,NL,2010,10,28,11.3,,5.8,,16.7,,21.8,,21.8,,0,,0,,25,E,65,E,0,,6.7,,,M,,M
-52.742777777777775,47.62222222222222,ST JOHN'S A,8403506,8403506.2010.10.29,2010-10-29 00:00:00,NL,2010,10,29,11.7,,10.2,,13.2,,0.2,,0.2,,0,,0,,26,E,35,E,0,,6.3,,,M,,M
-52.742777777777775,47.62222222222222,ST JOHN'S A,8403506,8403506.2010.10.30,2010-10-30 00:00:00,NL,2010,10,30,9.9,,4.1,,15.7,,10.4,,10.4,,0,,0,,25,E,78,E,0,,8.1,,,M,,M
-52.742777777777775,47.62222222222222,ST JOHN'S A,8403506,8403506.2010.10.31,2010-10-31 00:00:00,NL,2010,10,31,4.5,,1.6,,7.4,,0,T,0,T,0,,0,,25,E,74,E,0,,13.5,,,M,,M
-52.742777777777775,47.62222222222222,ST JOHN'S A,8403506,8403506.2010.11.1,2010-11-01 00:00:00,NL,2010,11,1,3.9,,2.1,,5.7,,2.4,,2.4,,0,T,0,,5,E,41,E,0,,14.1,,,M,,M
-52.742777777777775,47.62222222222222,ST JOHN'S A,8403506,8403506.2010.11.2,2010-11-02 00:00:00,NL,2010,11,2,2.2,,0,,4.4,,3.2,,3,,0.8,,0,,1,E,41,E,0,,15.8,,,M,,M
-52.742777777777775,47.62222222222222,ST JOHN'S A,8403506,8403506.2010.11.3,2010-11-03 00:00:00,NL,2010,11,3,0.7,,-1.1,,2.5,,0,T,0,,0,T,0,T,0,,0,,0,,17.3,,,M,,M
-52.742777777777775,47.62222222222222,ST JOHN'S A,8403506,8403506.2010.11.4,2010-11-04 00:00:00,NL,2010,11,4,3.8,,1.1,,6.4,,0,T,0,T,0,,0,,0,,0,,0,,14.2,,,M,,M
-52.742777777777775,47.62222222222222,ST JOHN'S A,8403506,8403506.2010.11.5,2010-11-05 00:00:00,NL,2010,11,5,6,,1.4,,10.6,,0,,0,,0,,0,,18,E,57,E,0,,12,,,M,,M
-52.742777777777775,47.62222222222222,ST JOHN'S A,8403506,8403506.2010.11.6,2010-11-06 00:00:00,NL,2010,11,6,12.3,,7.8,,16.7,,0,,0,,0,,0,,22,E,54,E,0,,5.7,,,M,,M
-52.742777777777775,47.62222222222222,ST JOHN'S A,8403506,8403506.2010.11.7,2010-11-07 00:00:00,NL,2010,11,7,12.2,,8.5,,15.9,,0,T,0,T,0,,0,,20,E,41,E,0,,5.8,,,M,,M
-52.742777777777775,47.62222222222222,ST JOHN'S A,8403506,8403506.2010.11.8,2010-11-08 00:00:00,NL,2010,11,8,11.8,,8.6,,15,,38.2,,38.2,,0,,0,,18,E,35,E,0,,6.2,,,M,,M
-52.742777777777775,47.62222222222222,ST JOHN'S A,8403506,8403506.2010.11.9,2010-11-09 00:00:00,NL,2010,11,9,9.6,,2.7,,16.4,,8.2,,8.2,,0,,0,,2,E,46,E,0,,8.4,,,M,,M
-52.742777777777775,47.62222222222222,ST JOHN'S A,8403506,8403506.2010.11.10,2010-11-10 00:00:00,NL,2010,11,10,2.4,,1.6,,3.2,,0,T,0,,0,T,0,,4,E,63,E,0,,15.6,,,M,,M
-52.742777777777775,47.62222222222222,ST JOHN'S A,8403506,8403506.2010.11.11,2010-11-11 00:00:00,NL,2010,11,11,1.4,,-1.8,,4.6,,0,T,0,,0,T,0,,2,E,56,E,0,,16.6,,,M,,M
-52.742777777777775,47.62222222222222,ST JOHN'S A,8403506,8403506.2010.11.12,2010-11-12 00:00:00,NL,2010,11,12,2.7,,-2.1,,7.4,,0,,0,,0,,0,,0,,0,,0,,15.3,,,M,,M
-52.742777777777775,47.62222222222222,ST JOHN'S A,8403506,8403506.2010.11.13,2010-11-13 00:00:00,NL,2010,11,13,5.9,,1.1,,10.7,,0,,0,,0,,0,,26,E,41,E,0,,12.1,,,M,,M
-52.742777777777775,47.62222222222222,ST JOHN'S A,8403506,8403506.2010.11.14,2010-11-14 00:00:00,NL,2010,11,14,3.2,,0.5,,5.8,,0,,0,,0,,0,,1,E,33,E,0,,14.8,,,M,,M
-52.742777777777775,47.62222222222222,ST JOHN'S A,8403506,8403506.2010.11.15,2010-11-15 00:00:00,NL,2010,11,15,0.6,,-2.6,,3.7,,0,,0,,0,,0,,0,,0,,0,,17.4,,,M,,M
-52.742777777777775,47.62222222222222,ST JOHN'S A,8403506,8403506.2010.11.16,2010-11-16 00:00:00,NL,2010,11,16,2.5,,-0.3,,5.2,,0,,0,,0,,0,,0,,0,,0,,15.5,,,M,,M
-52.742777777777775,47.62222222222222,ST JOHN'S A,8403506,8403506.2010.11.17,2010-11-17 00:00:00,NL,2010,11,17,6.2,,3.4,,8.9,,0,,0,,0,,0,,16,E,33,E,0,,11.8,,,M,,M
-52.742777777777775,47.62222222222222,ST JOHN'S A,8403506,8403506.2010.11.18,2010-11-18 00:00:00,NL,2010,11,18,7.1,,5,,9.1,,4.2,,4.2,,0,,0,,18,E,65,E,0,,10.9,,,M,,M
-52.742777777777775,47.62222222222222,ST JOHN'S A,8403506,8403506.2010.11.19,2010-11-19 00:00:00,NL,2010,11,19,4.1,,1.6,,6.5,,0,T,0,T,0,,0,,0,,0,,0,,13.9,,,M,,M
-52.742777777777775,47.62222222222222,ST JOHN'S A,8403506,8403506.2010.11.20,2010-11-20 00:00:00,NL,2010,11,20,-0.7,,-3,,1.7,,0,T,0,,0,T,0,,30,E,48,E,0,,18.7,,,M,,M
-52.742777777777775,47.62222222222222,ST JOHN'S A,8403506,8403506.2010.11.21,2010-11-21 00:00:00,NL,2010,11,21,-2.7,,-3.7,,-1.7,,0,T,0,,0,T,0,,32,E,57,E,0,,20.7,,,M,,M
-52.742777777777775,47.62222222222222,ST JOHN'S A,8403506,8403506.2010.11.22,2010-11-22 00:00:00,NL,2010,11,22,-3,,-4.7,,-1.2,,0,T,0,,0,T,0,T,29,E,67,E,0,,21,,,M,,M
-52.742777777777775,47.62222222222222,ST JOHN'S A,8403506,8403506.2010.11.23,2010-11-23 00:00:00,NL,2010,11,23,-0.7,,-4.8,,3.5,,6.4,,4.4,,3.4,,1,,29,E,70,E,0,,18.7,,,M,,M
-52.742777777777775,47.62222222222222,ST JOHN'S A,8403506,8403506.2010.11.24,2010-11-24 00:00:00,NL,2010,11,24,2.8,,1.4,,4.1,,1.6,,1.6,,0,T,0,,35,E,46,E,0,,15.2,,,M,,M
-52.742777777777775,47.62222222222222,ST JOHN'S A,8403506,8403506.2010.11.25,2010-11-25 00:00:00,NL,2010,11,25,2.4,,1.4,,3.3,,1.6,,1.6,,0,,0,,33,E,56,E,0,,15.6,,,M,,M
-52.742777777777775,47.62222222222222,ST JOHN'S A,8403506,8403506.2010.11.26,2010-11-26 00:00:00,NL,2010,11,26,2.8,,-0.3,,5.8,,0.2,,0.2,,0,,0,,28,E,48,E,0,,15.2,,,M,,M
-52.742777777777775,47.62222222222222,ST JOHN'S A,8403506,8403506.2010.11.27,2010-11-27 00:00:00,NL,2010,11,27,4.5,,1.2,,7.8,,5,,5,,0,,0,,16,E,69,E,0,,13.5,,,M,,M
-52.742777777777775,47.62222222222222,ST JOHN'S A,8403506,8403506.2010.11.28,2010-11-28 00:00:00,NL,2010,11,28,3.1,,-1.6,,7.8,,1.8,,1.8,,0,T,0,,26,E,56,E,0,,14.9,,,M,,M
-52.742777777777775,47.62222222222222,ST JOHN'S A,8403506,8403506.2010.11.29,2010-11-29 00:00:00,NL,2010,11,29,0.3,,-2.4,,2.9,,0.8,,0,,2.4,,0,,35,E,35,E,0,,17.7,,,M,,M
-52.742777777777775,47.62222222222222,ST JOHN'S A,8403506,8403506.2010.11.30,2010-11-30 00:00:00,NL,2010,11,30,2.6,,-0.6,,5.8,,11.6,,7.6,,4.4,,2,,35,E,78,E,0,,15.4,,,M,,M
-52.742777777777775,47.62222222222222,ST JOHN'S A,8403506,8403506.2010.12.1,2010-12-01 00:00:00,NL,2010,12,1,5.3,,3.7,,6.8,,0,T,0,T,0,,0,T,7,E,59,E,0,,12.7,,,M,,M
-52.742777777777775,47.62222222222222,ST JOHN'S A,8403506,8403506.2010.12.2,2010-12-02 00:00:00,NL,2010,12,2,5.3,,4.4,,6.2,,0,T,0,T,0,,0,,7,E,48,E,0,,12.7,,,M,,M
-52.742777777777775,47.62222222222222,ST JOHN'S A,8403506,8403506.2010.12.3,2010-12-03 00:00:00,NL,2010,12,3,5.1,,4.4,,5.8,,18.6,,18.6,,0,,0,,9,E,41,E,0,,12.9,,,M,,M
-52.742777777777775,47.62222222222222,ST JOHN'S A,8403506,8403506.2010.12.4,2010-12-04 00:00:00,NL,2010,12,4,4.5,,3.2,,5.8,,0,T,0,T,0,,0,,12,E,41,E,0,,13.5,,,M,,M
-52.742777777777775,47.62222222222222,ST JOHN'S A,8403506,8403506.2010.12.5,2010-12-05 00:00:00,NL,2010,12,5,4.5,,3,,5.9,,3.4,,3.4,,0,,0,,13,,46,,0,,13.5,,,M,,M
-52.742777777777775,47.62222222222222,ST JOHN'S A,8403506,8403506.2010.12.6,2010-12-06 00:00:00,NL,2010,12,6,6.4,,5,,7.7,,35,,35,,0,,0,,16,E,69,E,0,,11.6,,,M,,M
-52.742777777777775,47.62222222222222,ST JOHN'S A,8403506,8403506.2010.12.7,2010-12-07 00:00:00,NL,2010,12,7,8.8,,6.2,,11.4,,0.8,,0.8,,0,,0,,16,E,32,E,0,,9.2,,,M,,M
-52.742777777777775,47.62222222222222,ST JOHN'S A,8403506,8403506.2010.12.8,2010-12-08 00:00:00,NL,2010,12,8,6.9,,4.2,,9.5,,1.2,,1.2,,0,,0,,23,E,37,E,0,,11.1,,,M,,M
-52.742777777777775,47.62222222222222,ST JOHN'S A,8403506,8403506.2010.12.9,2010-12-09 00:00:00,NL,2010,12,9,3.7,,0.2,,7.1,,12.2,,10.2,,2,,0,,23,E,37,E,0,,14.3,,,M,,M
-52.742777777777775,47.62222222222222,ST JOHN'S A,8403506,8403506.2010.12.10,2010-12-10 00:00:00,NL,2010,12,10,-2.1,,-5.1,,1,,4,,0,,4,,2,,31,E,35,E,0,,20.1,,,M,,M
-52.742777777777775,47.62222222222222,ST JOHN'S A,8403506,8403506.2010.12.11,2010-12-11 00:00:00,NL,2010,12,11,-5.6,,-7,,-4.2,,0,T,0,,0.2,,1,,0,,0,,0,,23.6,,,M,,M
-52.742777777777775,47.62222222222222,ST JOHN'S A,8403506,8403506.2010.12.12,2010-12-12 00:00:00,NL,2010,12,12,-2.1,,-5.4,,1.3,,0,,0,,0,,1,,0,,0,,0,,20.1,,,M,,M
-52.742777777777775,47.62222222222222,ST JOHN'S A,8403506,8403506.2010.12.13,2010-12-13 00:00:00,NL,2010,12,13,-2.1,,-6.7,,2.5,,0,,0,,0,,1,,0,,0,,0,,20.1,,,M,,M
-52.742777777777775,47.62222222222222,ST JOHN'S A,8403506,8403506.2010.12.14,2010-12-14 00:00:00,NL,2010,12,14,1.6,,-1,,4.2,,0.4,,0.4,,0,,0,T,13,E,39,E,0,,16.4,,,M,,M
-52.742777777777775,47.62222222222222,ST JOHN'S A,8403506,8403506.2010.12.15,2010-12-15 00:00:00,NL,2010,12,15,4,,2.3,,5.7,,14,,14,,0,,0,,14,E,46,E,0,,14,,,M,,M
-52.742777777777775,47.62222222222222,ST JOHN'S A,8403506,8403506.2010.12.16,2010-12-16 00:00:00,NL,2010,12,16,6.6,,5.6,,7.5,,53.6,,53.6,,0,,0,,12,E,48,E,0,,11.4,,,M,,M
-52.742777777777775,47.62222222222222,ST JOHN'S A,8403506,8403506.2010.12.17,2010-12-17 00:00:00,NL,2010,12,17,6.6,,4.7,,8.4,,15,,15,,0,,0,,0,,0,,0,,11.4,,,M,,M
-52.742777777777775,47.62222222222222,ST JOHN'S A,8403506,8403506.2010.12.18,2010-12-18 00:00:00,NL,2010,12,18,5.2,,4.1,,6.2,,11.6,,11.6,,0,,0,,0,,0,,0,,12.8,,,M,,M
-52.742777777777775,47.62222222222222,ST JOHN'S A,8403506,8403506.2010.12.19,2010-12-19 00:00:00,NL,2010,12,19,4.1,,3.6,,4.6,,7.4,,7.4,,0,,0,,7,E,50,E,0,,13.9,,,M,,M
-52.742777777777775,47.62222222222222,ST JOHN'S A,8403506,8403506.2010.12.20,2010-12-20 00:00:00,NL,2010,12,20,4.6,,3.7,,5.4,,0.4,,0.4,,0,,0,,9,E,54,E,0,,13.4,,,M,,M
-52.742777777777775,47.62222222222222,ST JOHN'S A,8403506,8403506.2010.12.21,2010-12-21 00:00:00,NL,2010,12,21,4.3,,3.8,,4.7,,34.8,,34.8,,0,,0,,,M,,M,0,,13.7,,,M,,M
-52.742777777777775,47.62222222222222,ST JOHN'S A,8403506,8403506.2010.12.22,2010-12-22 00:00:00,NL,2010,12,22,4.5,,4,,4.9,,25.7,,25.7,,0,,0,,8,E,91,E,0,,13.5,,,M,,M
-52.742777777777775,47.62222222222222,ST JOHN'S A,8403506,8403506.2010.12.23,2010-12-23 00:00:00,NL,2010,12,23,4.4,,3.7,,5,,4.6,,4.6,,0,,0,,3,E,72,E,0,,13.6,,,M,,M
-52.742777777777775,47.62222222222222,ST JOHN'S A,8403506,8403506.2010.12.24,2010-12-24 00:00:00,NL,2010,12,24,4.2,,3.2,,5.1,,19.6,,19.6,,0,,0,,36,E,69,E,0,,13.8,,,M,,M
-52.742777777777775,47.62222222222222,ST JOHN'S A,8403506,8403506.2010.12.25,2010-12-25 00:00:00,NL,2010,12,25,3.4,,2.4,,4.4,,10.4,,10.4,,0,,0,,34,E,70,E,0,,14.6,,,M,,M
-52.742777777777775,47.62222222222222,ST JOHN'S A,8403506,8403506.2010.12.26,2010-12-26 00:00:00,NL,2010,12,26,2.1,,0.8,,3.3,,1.6,,1.6,,0,,0,,,M,,M,0,,15.9,,,M,,M
-52.742777777777775,47.62222222222222,ST JOHN'S A,8403506,8403506.2010.12.27,2010-12-27 00:00:00,NL,2010,12,27,4.2,,0.7,,7.6,,44.4,,44.4,,0,,0,,15,E,80,E,0,,13.8,,,M,,M
-52.742777777777775,47.62222222222222,ST JOHN'S A,8403506,8403506.2010.12.28,2010-12-28 00:00:00,NL,2010,12,28,6.1,,3.1,,9,,3.2,,3.2,,0,,0,,18,E,56,E,0,,11.9,,,M,,M
-52.742777777777775,47.62222222222222,ST JOHN'S A,8403506,8403506.2010.12.29,2010-12-29 00:00:00,NL,2010,12,29,2,,-0.3,,4.2,,2.2,,2.2,,0,,0,,0,,0,,0,,16,,,M,,M
-52.742777777777775,47.62222222222222,ST JOHN'S A,8403506,8403506.2010.12.30,2010-12-30 00:00:00,NL,2010,12,30,-0.2,,-2.1,,1.7,,2.8,,0.4,,2.6,,1,,28,E,54,E,0,,18.2,,,M,,M
-52.742777777777775,47.62222222222222,ST JOHN'S A,8403506,8403506.2010.12.31,2010-12-31 00:00:00,NL,2010,12,31,-1.2,,-1.9,,-0.4,,0,T,0,,0,T,1,,29,E,48,E,0,,19.2,,,M,,M
-52.742777777777775,47.62222222222222,ST JOHN'S A,8403506,8403506.2011.1.1,2011-01-01 00:00:00,NL,2011,1,1,0.1,,-2,,2.2,,5.4,,2,,3.4,,1,,29,E,52,E,0,,17.9,,,M,,M
-52.742777777777775,47.62222222222222,ST JOHN'S A,8403506,8403506.2011.1.2,2011-01-02 00:00:00,NL,2011,1,2,1.1,,-0.5,,2.6,,2,,1.5,,0.5,,1,,12,E,37,E,0,,16.9,,,M,,M
-52.742777777777775,47.62222222222222,ST JOHN'S A,8403506,8403506.2011.1.3,2011-01-03 00:00:00,NL,2011,1,3,2.8,,1.1,,4.4,,4,,4,,0,,0,T,,M,,M,0,,15.2,,,M,,M
-52.742777777777775,47.62222222222222,ST JOHN'S A,8403506,8403506.2011.1.4,2011-01-04 00:00:00,NL,2011,1,4,1.6,,-1,,4.2,,10.6,,10.1,,0.5,,0,,,M,,M,0,,16.4,,,M,,M
-52.742777777777775,47.62222222222222,ST JOHN'S A,8403506,8403506.2011.1.5,2011-01-05 00:00:00,NL,2011,1,5,-2.5,,-5,,0,,0,T,0,,0,T,0,T,27,E,54,E,0,,20.5,,,M,,M
-52.742777777777775,47.62222222222222,ST JOHN'S A,8403506,8403506.2011.1.6,2011-01-06 00:00:00,NL,2011,1,6,-2.4,,-5.2,,0.4,,0,T,0,,0,T,0,T,32,E,32,E,0,,20.4,,,M,,M
-52.742777777777775,47.62222222222222,ST JOHN'S A,8403506,8403506.2011.1.7,2011-01-07 00:00:00,NL,2011,1,7,-3.5,,-6.9,,-0.1,,0,T,0,,0,T,0,T,9,E,44,E,0,,21.5,,,M,,M
-52.742777777777775,47.62222222222222,ST JOHN'S A,8403506,8403506.2011.1.8,2011-01-08 00:00:00,NL,2011,1,8,0.5,,-0.7,,1.6,,22.8,,11,,11.8,,0,T,8,E,54,E,0,,17.5,,,M,,M
-52.742777777777775,47.62222222222222,ST JOHN'S A,8403506,8403506.2011.1.9,2011-01-09 00:00:00,NL,2011,1,9,2,,0.2,,3.7,,10.6,,10.6,,0,,2,,0,,0,,0,,16,,,M,,M
-52.742777777777775,47.62222222222222,ST JOHN'S A,8403506,8403506.2011.1.10,2011-01-10 00:00:00,NL,2011,1,10,2.5,,0.4,,4.5,,1.8,,1.8,,0,T,0,,34,E,41,E,0,,15.5,,,M,,M
-52.742777777777775,47.62222222222222,ST JOHN'S A,8403506,8403506.2011.1.11,2011-01-11 00:00:00,NL,2011,1,11,1,,0,,2,,0.4,,0.4,,0,T,0,,36,E,69,E,0,,17,,,M,,M
-52.742777777777775,47.62222222222222,ST JOHN'S A,8403506,8403506.2011.1.12,2011-01-12 00:00:00,NL,2011,1,12,1.1,,-1,,3.2,,0,T,0,T,0,T,0,,31,E,48,E,0,,16.9,,,M,,M
-52.742777777777775,47.62222222222222,ST JOHN'S A,8403506,8403506.2011.1.13,2011-01-13 00:00:00,NL,2011,1,13,-0.2,,-1,,0.7,,29.2,,0,T,37.8,,8,,2,E,56,E,0,,18.2,,,M,,M
-52.742777777777775,47.62222222222222,ST JOHN'S A,8403506,8403506.2011.1.14,2011-01-14 00:00:00,NL,2011,1,14,-0.9,,-3.2,,1.5,,1.8,,0,,1.8,,38,,36,E,67,E,0,,18.9,,,M,,M
-52.742777777777775,47.62222222222222,ST JOHN'S A,8403506,8403506.2011.1.15,2011-01-15 00:00:00,NL,2011,1,15,-1.2,,-3.3,,0.9,,0,T,0,,0,T,38,,0,,0,,0,,19.2,,,M,,M
-52.742777777777775,47.62222222222222,ST JOHN'S A,8403506,8403506.2011.1.16,2011-01-16 00:00:00,NL,2011,1,16,0,,-2.5,,2.5,,2.8,,0.8,,2,,35,,17,E,63,E,0,,18,,,M,,M
-52.742777777777775,47.62222222222222,ST JOHN'S A,8403506,8403506.2011.1.17,2011-01-17 00:00:00,NL,2011,1,17,-3.8,,-6.5,,-1.1,,0,T,0,,0.2,,37,,28,E,70,E,0,,21.8,,,M,,M
-52.742777777777775,47.62222222222222,ST JOHN'S A,8403506,8403506.2011.1.18,2011-01-18 00:00:00,NL,2011,1,18,-5.4,,-8,,-2.8,,0,,0,,0,,37,,30,E,65,E,0,,23.4,,,M,,M
-52.742777777777775,47.62222222222222,ST JOHN'S A,8403506,8403506.2011.1.19,2011-01-19 00:00:00,NL,2011,1,19,0.7,,-3.9,,5.3,,19,,14.3,,4.7,,36,,16,E,76,E,0,,17.3,,,M,,M
-52.742777777777775,47.62222222222222,ST JOHN'S A,8403506,8403506.2011.1.20,2011-01-20 00:00:00,NL,2011,1,20,2.4,,-0.5,,5.3,,1,,0.2,,0.8,,15,,34,E,41,E,0,,15.6,,,M,,M
-52.742777777777775,47.62222222222222,ST JOHN'S A,8403506,8403506.2011.1.21,2011-01-21 00:00:00,NL,2011,1,21,-1.6,,-3.7,,0.5,,0,,0,,0,,15,,16,E,57,E,0,,19.6,,,M,,M
-52.742777777777775,47.62222222222222,ST JOHN'S A,8403506,8403506.2011.1.22,2011-01-22 00:00:00,NL,2011,1,22,1.4,,-2.1,,4.9,,10.4,,8.8,,1.6,,11,,16,E,72,E,0,,16.6,,,M,,M
-52.742777777777775,47.62222222222222,ST JOHN'S A,8403506,8403506.2011.1.23,2011-01-23 00:00:00,NL,2011,1,23,1.5,,-3.9,,6.8,,48.4,,39.4,,6.6,,10,,17,E,78,E,0,,16.5,,,M,,M
-52.742777777777775,47.62222222222222,ST JOHN'S A,8403506,8403506.2011.1.24,2011-01-24 00:00:00,NL,2011,1,24,-1.3,,-9.4,,6.8,,3.8,,2.4,,2.2,,13,,26,E,93,E,0,,19.3,,,M,,M
-52.742777777777775,47.62222222222222,ST JOHN'S A,8403506,8403506.2011.1.25,2011-01-25 00:00:00,NL,2011,1,25,-6.4,,-9.9,,-2.8,,0.2,,0,,0.6,,15,,25,E,46,E,0,,24.4,,,M,,M
-52.742777777777775,47.62222222222222,ST JOHN'S A,8403506,8403506.2011.1.26,2011-01-26 00:00:00,NL,2011,1,26,-7.3,,-9.9,,-4.7,,0,T,0,,0.2,,15,,0,,0,,0,,25.3,,,M,,M
-52.742777777777775,47.62222222222222,ST JOHN'S A,8403506,8403506.2011.1.27,2011-01-27 00:00:00,NL,2011,1,27,-0.8,,-7.5,,5.9,,15.9,,10.4,,5.5,,15,,19,E,63,E,0,,18.8,,,M,,M
-52.742777777777775,47.62222222222222,ST JOHN'S A,8403506,8403506.2011.1.28,2011-01-28 00:00:00,NL,2011,1,28,1.7,,-1.5,,4.9,,0.2,,0.2,,0,T,6,,25,E,83,E,0,,16.3,,,M,,M
-52.742777777777775,47.62222222222222,ST JOHN'S A,8403506,8403506.2011.1.29,2011-01-29 00:00:00,NL,2011,1,29,-0.6,,-1.7,,0.6,,7.3,,1,,7.3,,6,,12,E,54,E,0,,18.6,,,M,,M
-52.742777777777775,47.62222222222222,ST JOHN'S A,8403506,8403506.2011.1.30,2011-01-30 00:00:00,NL,2011,1,30,-2.6,,-4.3,,-0.9,,0,T,0,,0.2,,9,,0,,0,,0,,20.6,,,M,,M
-52.742777777777775,47.62222222222222,ST JOHN'S A,8403506,8403506.2011.1.31,2011-01-31 00:00:00,NL,2011,1,31,-6.5,,-11.2,,-1.8,,5.2,,0,,10.4,,9,,30,E,56,E,0,,24.5,,,M,,M
-52.742777777777775,47.62222222222222,ST JOHN'S A,8403506,8403506.2011.2.1,2011-02-01 00:00:00,NL,2011,2,1,-8.5,,-11.7,,-5.3,,0.8,,0,,1.4,,18,,30,E,54,E,0,,26.5,,,M,,M
-52.742777777777775,47.62222222222222,ST JOHN'S A,8403506,8403506.2011.2.2,2011-02-02 00:00:00,NL,2011,2,2,-7.8,,-10.8,,-4.7,,11,,0,,12.8,,23,,36,E,33,E,0,,25.8,,,M,,M
-52.742777777777775,47.62222222222222,ST JOHN'S A,8403506,8403506.2011.2.3,2011-02-03 00:00:00,NL,2011,2,3,-8.8,,-12.2,,-5.4,,7.6,,0,,10.2,,40,,11,E,46,E,0,,26.8,,,M,,M
-52.742777777777775,47.62222222222222,ST JOHN'S A,8403506,8403506.2011.2.4,2011-02-04 00:00:00,NL,2011,2,4,-7.6,,-12.6,,-2.5,,0,T,0,,0,T,41,,26,E,54,E,0,,25.6,,,M,,M
-52.742777777777775,47.62222222222222,ST JOHN'S A,8403506,8403506.2011.2.5,2011-02-05 00:00:00,NL,2011,2,5,-2.9,,-4.3,,-1.5,,0,T,0,,0,T,38,,0,,0,,0,,20.9,,,M,,M
-52.742777777777775,47.62222222222222,ST JOHN'S A,8403506,8403506.2011.2.6,2011-02-06 00:00:00,NL,2011,2,6,-0.4,,-3.5,,2.7,,7.2,,0.8,,10.6,,37,,31,E,85,E,0,,18.4,,,M,,M
-52.742777777777775,47.62222222222222,ST JOHN'S A,8403506,8403506.2011.2.7,2011-02-07 00:00:00,NL,2011,2,7,-4.8,,-8.7,,-0.8,,0,T,0,,0,T,38,,33,E,70,E,0,,22.8,,,M,,M
-52.742777777777775,47.62222222222222,ST JOHN'S A,8403506,8403506.2011.2.8,2011-02-08 00:00:00,NL,2011,2,8,-5.5,,-8.9,,-2.1,,21.8,,0,,25.4,,38,,8,E,74,E,0,,23.5,,,M,,M
-52.742777777777775,47.62222222222222,ST JOHN'S A,8403506,8403506.2011.2.9,2011-02-09 00:00:00,NL,2011,2,9,-4.7,,-8.8,,-0.5,,6.6,,0,,9.6,,62,,30,E,76,E,0,,22.7,,,M,,M
-52.742777777777775,47.62222222222222,ST JOHN'S A,8403506,8403506.2011.2.10,2011-02-10 00:00:00,NL,2011,2,10,-7.2,,-9.4,,-5,,10.2,,0,,13.8,,62,,29,E,63,E,0,,25.2,,,M,,M
-52.742777777777775,47.62222222222222,ST JOHN'S A,8403506,8403506.2011.2.11,2011-02-11 00:00:00,NL,2011,2,11,-9.9,,-12.8,,-6.9,,4.8,,0,,6.2,,70,,32,E,57,E,0,,27.9,,,M,,M
-52.742777777777775,47.62222222222222,ST JOHN'S A,8403506,8403506.2011.2.12,2011-02-12 00:00:00,NL,2011,2,12,-7.6,,-11.9,,-3.3,,0,T,0,,0,T,72,,31,E,41,E,0,,25.6,,,M,,M
-52.742777777777775,47.62222222222222,ST JOHN'S A,8403506,8403506.2011.2.13,2011-02-13 00:00:00,NL,2011,2,13,-6.2,,-10.7,,-1.7,,2,,0,,4,,75,,29,E,89,E,0,,24.2,,,M,,M
-52.742777777777775,47.62222222222222,ST JOHN'S A,8403506,8403506.2011.2.14,2011-02-14 00:00:00,NL,2011,2,14,-9.2,,-12.8,,-5.6,,0,T,0,,0,T,74,,29,E,59,E,0,,27.2,,,M,,M
-52.742777777777775,47.62222222222222,ST JOHN'S A,8403506,8403506.2011.2.15,2011-02-15 00:00:00,NL,2011,2,15,-1.1,,-6.3,,4.1,,13.6,,1.6,,13.8,,76,,14,E,65,E,0,,19.1,,,M,,M
-52.742777777777775,47.62222222222222,ST JOHN'S A,8403506,8403506.2011.2.16,2011-02-16 00:00:00,NL,2011,2,16,-2.3,,-4.7,,0.1,,2.4,,0,,2.8,,70,,36,E,95,E,0,,20.3,,,M,,M
-52.742777777777775,47.62222222222222,ST JOHN'S A,8403506,8403506.2011.2.17,2011-02-17 00:00:00,NL,2011,2,17,-2.7,,-5,,-0.4,,0.4,,0,,0.4,,70,,30,E,74,E,0,,20.7,,,M,,M
-52.742777777777775,47.62222222222222,ST JOHN'S A,8403506,8403506.2011.2.18,2011-02-18 00:00:00,NL,2011,2,18,-1.3,,-3.4,,0.8,,0,,0,,0,,70,,31,E,70,E,0,,19.3,,,M,,M
-52.742777777777775,47.62222222222222,ST JOHN'S A,8403506,8403506.2011.2.19,2011-02-19 00:00:00,NL,2011,2,19,-1.8,,-2.9,,-0.6,,3.8,,0,,5,,70,,8,E,56,E,0,,19.8,,,M,,M
-52.742777777777775,47.62222222222222,ST JOHN'S A,8403506,8403506.2011.2.20,2011-02-20 00:00:00,NL,2011,2,20,-0.3,,-0.6,,0.1,,5.6,,0,T,7.6,,75,,8,E,56,E,0,,18.3,,,M,,M
-52.742777777777775,47.62222222222222,ST JOHN'S A,8403506,8403506.2011.2.21,2011-02-21 00:00:00,NL,2011,2,21,-0.4,,-1.4,,0.6,,1.2,,0,T,1.2,,73,,34,E,44,E,0,,18.4,,,M,,M
-52.742777777777775,47.62222222222222,ST JOHN'S A,8403506,8403506.2011.2.22,2011-02-22 00:00:00,NL,2011,2,22,-1,,-2,,0,,2.8,,0,,3.4,,68,,0,,0,,0,,19,,,M,,M
-52.742777777777775,47.62222222222222,ST JOHN'S A,8403506,8403506.2011.2.23,2011-02-23 00:00:00,NL,2011,2,23,-0.9,,-2.2,,0.5,,5.6,,0,,5.6,,69,,2,E,65,E,0,,18.9,,,M,,M
-52.742777777777775,47.62222222222222,ST JOHN'S A,8403506,8403506.2011.2.24,2011-02-24 00:00:00,NL,2011,2,24,-3.5,,-5.4,,-1.5,,0,T,0,,0,T,71,,35,E,41,E,0,,21.5,,,M,,M
-52.742777777777775,47.62222222222222,ST JOHN'S A,8403506,8403506.2011.2.25,2011-02-25 00:00:00,NL,2011,2,25,-1.5,,-5.1,,2.1,,0.8,,0.8,,0,T,71,,19,E,59,E,0,,19.5,,,M,,M
-52.742777777777775,47.62222222222222,ST JOHN'S A,8403506,8403506.2011.2.26,2011-02-26 00:00:00,NL,2011,2,26,-1.7,,-7.9,,4.6,,27.2,,27,,0.2,,61,,29,E,104,E,0,,19.7,,,M,,M
-52.742777777777775,47.62222222222222,ST JOHN'S A,8403506,8403506.2011.2.27,2011-02-27 00:00:00,NL,2011,2,27,-7.2,,-9.6,,-4.7,,0,T,0,,0,T,50,,29,E,70,E,0,,25.2,,,M,,M
-52.742777777777775,47.62222222222222,ST JOHN'S A,8403506,8403506.2011.2.28,2011-02-28 00:00:00,NL,2011,2,28,-9.2,,-12.3,,-6.1,,0,T,0,,0,T,50,,35,E,35,E,0,,27.2,,,M,,M
-52.742777777777775,47.62222222222222,ST JOHN'S A,8403506,8403506.2011.3.1,2011-03-01 00:00:00,NL,2011,3,1,-0.8,,-6.8,,5.2,,8.9,,2.2,,10.6,,57,,18,E,91,E,0,,18.8,,,M,,M
-52.742777777777775,47.62222222222222,ST JOHN'S A,8403506,8403506.2011.3.2,2011-03-02 00:00:00,NL,2011,3,2,-3.4,,-6.3,,-0.4,,0,,0,,0,,52,,31,E,44,E,0,,21.4,,,M,,M
-52.742777777777775,47.62222222222222,ST JOHN'S A,8403506,8403506.2011.3.3,2011-03-03 00:00:00,NL,2011,3,3,-3,,-6.1,,0.1,,0.8,,0,,1,,51,,18,E,57,E,0,,21,,,M,,M
-52.742777777777775,47.62222222222222,ST JOHN'S A,8403506,8403506.2011.3.4,2011-03-04 00:00:00,NL,2011,3,4,-6.8,,-10.7,,-2.8,,0,T,0,,0,T,51,,29,E,63,E,0,,24.8,,,M,,M
-52.742777777777775,47.62222222222222,ST JOHN'S A,8403506,8403506.2011.3.5,2011-03-05 00:00:00,NL,2011,3,5,-7.1,,-11.7,,-2.5,,0,,0,,0,,51,,0,,0,,0,,25.1,,,M,,M
-52.742777777777775,47.62222222222222,ST JOHN'S A,8403506,8403506.2011.3.6,2011-03-06 00:00:00,NL,2011,3,6,-1.3,,-5.6,,3.1,,0,,0,,0,,51,,24,E,48,E,0,,19.3,,,M,,M
-52.742777777777775,47.62222222222222,ST JOHN'S A,8403506,8403506.2011.3.7,2011-03-07 00:00:00,NL,2011,3,7,5.4,,2.6,,8.2,,0,,0,,0,,44,,22,E,56,E,0,,12.6,,,M,,M
-52.742777777777775,47.62222222222222,ST JOHN'S A,8403506,8403506.2011.3.8,2011-03-08 00:00:00,NL,2011,3,8,2.7,,-4.1,,9.5,,0,T,0,T,0,,36,,21,E,72,E,0,,15.3,,,M,,M
-52.742777777777775,47.62222222222222,ST JOHN'S A,8403506,8403506.2011.3.9,2011-03-09 00:00:00,NL,2011,3,9,-3.1,,-4.5,,-1.7,,0.4,,0,T,0.4,,32,,3,E,33,E,0,,21.1,,,M,,M
-52.742777777777775,47.62222222222222,ST JOHN'S A,8403506,8403506.2011.3.10,2011-03-10 00:00:00,NL,2011,3,10,-5.7,,-8.5,,-2.8,,0,T,0,,0,T,32,,0,,0,,0,,23.7,,,M,,M
-52.742777777777775,47.62222222222222,ST JOHN'S A,8403506,8403506.2011.3.11,2011-03-11 00:00:00,NL,2011,3,11,-3.6,,-7.9,,0.7,,0,T,0,,0,T,32,,22,E,32,E,0,,21.6,,,M,,M
-52.742777777777775,47.62222222222222,ST JOHN'S A,8403506,8403506.2011.3.12,2011-03-12 00:00:00,NL,2011,3,12,2.5,,0.2,,4.8,,0,T,0,T,0,,28,,20,E,65,E,0,,15.5,,,M,,M
-52.742777777777775,47.62222222222222,ST JOHN'S A,8403506,8403506.2011.3.13,2011-03-13 00:00:00,NL,2011,3,13,2.8,,-1.1,,6.7,,3.4,,3.4,,0,,18,,19,E,59,E,0,,15.2,,,M,,M
-52.742777777777775,47.62222222222222,ST JOHN'S A,8403506,8403506.2011.3.14,2011-03-14 00:00:00,NL,2011,3,14,-1.4,,-4.3,,1.6,,23.8,,0.2,,24,,16,,,M,,M,0,,19.4,,,M,,M
-52.742777777777775,47.62222222222222,ST JOHN'S A,8403506,8403506.2011.3.15,2011-03-15 00:00:00,NL,2011,3,15,-6,,-7.8,,-4.2,,0,T,0,,0.6,,27,,36,E,50,E,0,,24,,,M,,M
-52.742777777777775,47.62222222222222,ST JOHN'S A,8403506,8403506.2011.3.16,2011-03-16 00:00:00,NL,2011,3,16,-1.8,,-6.1,,2.5,,0,,0,,0,,27,,26,E,54,E,0,,19.8,,,M,,M
-52.742777777777775,47.62222222222222,ST JOHN'S A,8403506,8403506.2011.3.17,2011-03-17 00:00:00,NL,2011,3,17,2.6,,-1,,6.1,,1.5,,1.5,,0,T,21,,22,E,67,E,0,,15.4,,,M,,M
-52.742777777777775,47.62222222222222,ST JOHN'S A,8403506,8403506.2011.3.18,2011-03-18 00:00:00,NL,2011,3,18,1.8,,-0.7,,4.3,,3.2,,1.2,,2,,10,,18,E,46,E,0,,16.2,,,M,,M
-52.742777777777775,47.62222222222222,ST JOHN'S A,8403506,8403506.2011.3.19,2011-03-19 00:00:00,NL,2011,3,19,0.7,,-2,,3.4,,3.8,,0,T,3.8,,7,,36,E,57,E,0,,17.3,,,M,,M
-52.742777777777775,47.62222222222222,ST JOHN'S A,8403506,8403506.2011.3.20,2011-03-20 00:00:00,NL,2011,3,20,-4,,-6.2,,-1.7,,0,T,0,,0,T,11,,1,E,52,E,0,,22,,,M,,M
-52.742777777777775,47.62222222222222,ST JOHN'S A,8403506,8403506.2011.3.21,2011-03-21 00:00:00,NL,2011,3,21,-4.5,,-6.2,,-2.8,,0,T,0,,0,T,11,,4,E,33,E,0,,22.5,,,M,,M
-52.742777777777775,47.62222222222222,ST JOHN'S A,8403506,8403506.2011.3.22,2011-03-22 00:00:00,NL,2011,3,22,-3.3,,-4.9,,-1.6,,0,T,0,,0,T,11,,36,E,57,E,0,,21.3,,,M,,M
-52.742777777777775,47.62222222222222,ST JOHN'S A,8403506,8403506.2011.3.23,2011-03-23 00:00:00,NL,2011,3,23,-2.5,,-3.7,,-1.3,,14.8,,0,,15.7,,11,,34,E,74,E,0,,20.5,,,M,,M
-52.742777777777775,47.62222222222222,ST JOHN'S A,8403506,8403506.2011.3.24,2011-03-24 00:00:00,NL,2011,3,24,-1.5,,-3.6,,0.7,,0.4,,0,,0.4,,20,,31,E,54,E,0,,19.5,,,M,,M
-52.742777777777775,47.62222222222222,ST JOHN'S A,8403506,8403506.2011.3.25,2011-03-25 00:00:00,NL,2011,3,25,-1.7,,-3.5,,0.2,,22,,0.8,,21.2,,24,,4,E,70,E,0,,19.7,,,M,,M
-52.742777777777775,47.62222222222222,ST JOHN'S A,8403506,8403506.2011.3.26,2011-03-26 00:00:00,NL,2011,3,26,-3.3,,-5.2,,-1.3,,2.2,,0,,2.2,,37,,26,E,76,E,0,,21.3,,,M,,M
-52.742777777777775,47.62222222222222,ST JOHN'S A,8403506,8403506.2011.3.27,2011-03-27 00:00:00,NL,2011,3,27,-3.3,,-5.8,,-0.7,,0,T,0,,0,T,36,,23,E,41,E,0,,21.3,,,M,,M
-52.742777777777775,47.62222222222222,ST JOHN'S A,8403506,8403506.2011.3.28,2011-03-28 00:00:00,NL,2011,3,28,-2.6,,-4.7,,-0.5,,1,,0,,1,,36,,26,E,35,E,0,,20.6,,,M,,M
-52.742777777777775,47.62222222222222,ST JOHN'S A,8403506,8403506.2011.3.29,2011-03-29 00:00:00,NL,2011,3,29,-0.1,,-3.2,,3,,1.2,,0,,2.4,,36,,1,E,44,E,0,,18.1,,,M,,M
-52.742777777777775,47.62222222222222,ST JOHN'S A,8403506,8403506.2011.3.30,2011-03-30 00:00:00,NL,2011,3,30,0.3,,-2.3,,2.8,,1.6,,0,,2.2,,34,,30,E,46,E,0,,17.7,,,M,,M
-52.742777777777775,47.62222222222222,ST JOHN'S A,8403506,8403506.2011.3.31,2011-03-31 00:00:00,NL,2011,3,31,-0.1,,-1.9,,1.8,,0.4,,0,,0.6,,34,,1,E,35,E,0,,18.1,,,M,,M
-52.742777777777775,47.62222222222222,ST JOHN'S A,8403506,8403506.2011.4.1,2011-04-01 00:00:00,NL,2011,4,1,1.8,,-1.3,,4.8,,0,T,0,,0,T,32,,16,E,57,E,0,,16.2,,,M,,M
-52.742777777777775,47.62222222222222,ST JOHN'S A,8403506,8403506.2011.4.2,2011-04-02 00:00:00,NL,2011,4,2,2.9,,-0.6,,6.4,,19.2,,11.8,,7.4,,31,,26,E,67,E,0,,15.1,,,M,,M
-52.742777777777775,47.62222222222222,ST JOHN'S A,8403506,8403506.2011.4.3,2011-04-03 00:00:00,NL,2011,4,3,0.6,,-1.5,,2.6,,2.4,,0,T,2.4,,26,,25,E,56,E,0,,17.4,,,M,,M
-52.742777777777775,47.62222222222222,ST JOHN'S A,8403506,8403506.2011.4.4,2011-04-04 00:00:00,NL,2011,4,4,-3.2,,-7.6,,1.2,,0,T,0,,0,T,24,,34,E,37,E,0,,21.2,,,M,,M
-52.742777777777775,47.62222222222222,ST JOHN'S A,8403506,8403506.2011.4.5,2011-04-05 00:00:00,NL,2011,4,5,1.6,,-6.8,,10,,2.6,,1.2,,1,,22,,18,E,72,E,0,,16.4,,,M,,M
-52.742777777777775,47.62222222222222,ST JOHN'S A,8403506,8403506.2011.4.6,2011-04-06 00:00:00,NL,2011,4,6,6.6,,-0.1,,13.2,,1.6,,1.6,,0,,16,,24,E,80,E,0,,11.4,,,M,,M
-52.742777777777775,47.62222222222222,ST JOHN'S A,8403506,8403506.2011.4.7,2011-04-07 00:00:00,NL,2011,4,7,0.7,,-2.2,,3.6,,2,,0,,2,,4,,36,E,52,E,0,,17.3,,,M,,M
-52.742777777777775,47.62222222222222,ST JOHN'S A,8403506,8403506.2011.4.8,2011-04-08 00:00:00,NL,2011,4,8,-3.3,,-6.9,,0.3,,1.6,,0,,2.8,,7,,35,E,46,E,0,,21.3,,,M,,M
-52.742777777777775,47.62222222222222,ST JOHN'S A,8403506,8403506.2011.4.9,2011-04-09 00:00:00,NL,2011,4,9,-2.3,,-6.6,,2.1,,0,T,0,,0,T,4,,28,E,37,E,0,,20.3,,,M,,M
-52.742777777777775,47.62222222222222,ST JOHN'S A,8403506,8403506.2011.4.10,2011-04-10 00:00:00,NL,2011,4,10,0.7,,-4.2,,5.6,,0,,0,,0,,4,,26,E,39,E,0,,17.3,,,M,,M
-52.742777777777775,47.62222222222222,ST JOHN'S A,8403506,8403506.2011.4.11,2011-04-11 00:00:00,NL,2011,4,11,4.5,,-0.2,,9.1,,0,,0,,0,,2,,22,E,78,E,0,,13.5,,,M,,M
-52.742777777777775,47.62222222222222,ST JOHN'S A,8403506,8403506.2011.4.12,2011-04-12 00:00:00,NL,2011,4,12,4.6,,-0.7,,9.8,,5.4,,5.4,,0,T,0,T,24,E,95,E,0,,13.4,,,M,,M
-52.742777777777775,47.62222222222222,ST JOHN'S A,8403506,8403506.2011.4.13,2011-04-13 00:00:00,NL,2011,4,13,3,,-0.9,,6.8,,0,,0,,0,,0,T,33,E,56,E,0,,15,,,M,,M
-52.742777777777775,47.62222222222222,ST JOHN'S A,8403506,8403506.2011.4.14,2011-04-14 00:00:00,NL,2011,4,14,6.4,,0.9,,11.8,,1.6,,1.6,,0,,0,T,22,E,69,E,0,,11.6,,,M,,M
-52.742777777777775,47.62222222222222,ST JOHN'S A,8403506,8403506.2011.4.15,2011-04-15 00:00:00,NL,2011,4,15,-1,,-7.4,,5.4,,0.4,,0.4,,0,T,0,T,1,E,50,E,0,,19,,,M,,M
-52.742777777777775,47.62222222222222,ST JOHN'S A,8403506,8403506.2011.4.16,2011-04-16 00:00:00,NL,2011,4,16,-3.7,,-8.5,,1.1,,0,T,0,,0,T,0,T,27,E,39,E,0,,21.7,,,M,,M
-52.742777777777775,47.62222222222222,ST JOHN'S A,8403506,8403506.2011.4.17,2011-04-17 00:00:00,NL,2011,4,17,1.8,,-2.9,,6.4,,0.8,,0.8,,0,,0,T,19,E,72,E,0,,16.2,,,M,,M
-52.742777777777775,47.62222222222222,ST JOHN'S A,8403506,8403506.2011.4.18,2011-04-18 00:00:00,NL,2011,4,18,6.8,,2.2,,11.4,,5.4,,5.4,,0,,0,T,19,E,80,E,0,,11.2,,,M,,M
-52.742777777777775,47.62222222222222,ST JOHN'S A,8403506,8403506.2011.4.19,2011-04-19 00:00:00,NL,2011,4,19,6.5,,1,,12,,6.6,,6.6,,0,,0,,22,E,57,E,0,,11.5,,,M,,M
-52.742777777777775,47.62222222222222,ST JOHN'S A,8403506,8403506.2011.4.20,2011-04-20 00:00:00,NL,2011,4,20,2.5,,-0.8,,5.8,,0,,0,,0,,0,,29,E,67,E,0,,15.5,,,M,,M
-52.742777777777775,47.62222222222222,ST JOHN'S A,8403506,8403506.2011.4.21,2011-04-21 00:00:00,NL,2011,4,21,0.4,,-2,,2.7,,12.4,,0.6,,11.8,,9,,29,E,50,E,0,,17.6,,,M,,M
-52.742777777777775,47.62222222222222,ST JOHN'S A,8403506,8403506.2011.4.22,2011-04-22 00:00:00,NL,2011,4,22,-1.2,,-4,,1.6,,1.8,,0,T,1.8,,2,,29,E,57,E,0,,19.2,,,M,,M
-52.742777777777775,47.62222222222222,ST JOHN'S A,8403506,8403506.2011.4.23,2011-04-23 00:00:00,NL,2011,4,23,4.4,,-2.8,,11.6,,0,,0,,0,,0,T,26,E,41,E,0,,13.6,,,M,,M
-52.742777777777775,47.62222222222222,ST JOHN'S A,8403506,8403506.2011.4.24,2011-04-24 00:00:00,NL,2011,4,24,4.1,,1.6,,6.6,,7,,4.8,,2.2,,0,T,19,E,72,E,0,,13.9,,,M,,M
-52.742777777777775,47.62222222222222,ST JOHN'S A,8403506,8403506.2011.4.25,2011-04-25 00:00:00,NL,2011,4,25,4.5,,0.3,,8.6,,0,,0,,0,,0,,0,,0,,0,,13.5,,,M,,M
-52.742777777777775,47.62222222222222,ST JOHN'S A,8403506,8403506.2011.4.26,2011-04-26 00:00:00,NL,2011,4,26,6.9,,3,,10.7,,0,,0,,0,,0,,33,E,44,E,0,,11.1,,,M,,M
-52.742777777777775,47.62222222222222,ST JOHN'S A,8403506,8403506.2011.4.27,2011-04-27 00:00:00,NL,2011,4,27,0.9,,-1.4,,3.1,,0,T,0,,0,T,0,,0,,0,,0,,17.1,,,M,,M
-52.742777777777775,47.62222222222222,ST JOHN'S A,8403506,8403506.2011.4.28,2011-04-28 00:00:00,NL,2011,4,28,0.8,,-1.1,,2.7,,10.8,,10.4,,0.4,,0,,,M,,M,0,,17.2,,,M,,M
-52.742777777777775,47.62222222222222,ST JOHN'S A,8403506,8403506.2011.4.29,2011-04-29 00:00:00,NL,2011,4,29,8.3,,0.8,,15.8,,0,T,0,T,0,,0,,26,E,69,E,0,,9.7,,,M,,M
-52.742777777777775,47.62222222222222,ST JOHN'S A,8403506,8403506.2011.4.30,2011-04-30 00:00:00,NL,2011,4,30,6.6,,1.1,,12.1,,4.4,,4.4,,0,,0,,3,E,32,E,0,,11.4,,,M,,M
-52.742777777777775,47.62222222222222,ST JOHN'S A,8403506,8403506.2011.5.1,2011-05-01 00:00:00,NL,2011,5,1,0.2,,-2.1,,2.5,,0,T,0,T,0,,0,,4,E,46,E,0,,17.8,,,M,,M
-52.742777777777775,47.62222222222222,ST JOHN'S A,8403506,8403506.2011.5.2,2011-05-02 00:00:00,NL,2011,5,2,0.7,,-2.1,,3.4,,0,T,0,T,0,,0,,6,E,39,E,0,,17.3,,,M,,M
-52.742777777777775,47.62222222222222,ST JOHN'S A,8403506,8403506.2011.5.3,2011-05-03 00:00:00,NL,2011,5,3,3.2,,-0.1,,6.5,,0,,0,,0,,0,,0,,0,,0,,14.8,,,M,,M
-52.742777777777775,47.62222222222222,ST JOHN'S A,8403506,8403506.2011.5.4,2011-05-04 00:00:00,NL,2011,5,4,7,,0.5,,13.4,,0,,0,,0,,0,,25,E,35,E,0,,11,,,M,,M
-52.742777777777775,47.62222222222222,ST JOHN'S A,8403506,8403506.2011.5.5,2011-05-05 00:00:00,NL,2011,5,5,9.3,,1.3,,17.3,,0,T,0,T,0,,0,,26,E,41,E,0,,8.7,,,M,,M
-52.742777777777775,47.62222222222222,ST JOHN'S A,8403506,8403506.2011.5.6,2011-05-06 00:00:00,NL,2011,5,6,2.6,,0.9,,4.3,,0.4,,0.4,,0,,0,,12,E,39,E,0,,15.4,,,M,,M
-52.742777777777775,47.62222222222222,ST JOHN'S A,8403506,8403506.2011.5.7,2011-05-07 00:00:00,NL,2011,5,7,3.7,,1.7,,5.7,,0.2,,0.2,,0,,0,,0,,0,,0,,14.3,,,M,,M
-52.742777777777775,47.62222222222222,ST JOHN'S A,8403506,8403506.2011.5.8,2011-05-08 00:00:00,NL,2011,5,8,4.1,,2,,6.2,,0.4,,0.4,,0,,0,,0,,0,,0,,13.9,,,M,,M
-52.742777777777775,47.62222222222222,ST JOHN'S A,8403506,8403506.2011.5.9,2011-05-09 00:00:00,NL,2011,5,9,6.1,,2.5,,9.7,,0,,0,,0,,0,,0,,0,,0,,11.9,,,M,,M
-52.742777777777775,47.62222222222222,ST JOHN'S A,8403506,8403506.2011.5.10,2011-05-10 00:00:00,NL,2011,5,10,7.8,,3.6,,12,,0,,0,,0,,0,,0,,0,,0,,10.2,,,M,,M
-52.742777777777775,47.62222222222222,ST JOHN'S A,8403506,8403506.2011.5.11,2011-05-11 00:00:00,NL,2011,5,11,5.7,,3.4,,8,,0,,0,,0,,0,,10,E,50,E,0,,12.3,,,M,,M
-52.742777777777775,47.62222222222222,ST JOHN'S A,8403506,8403506.2011.5.12,2011-05-12 00:00:00,NL,2011,5,12,5.7,,3.7,,7.6,,15,,15,,0,,0,,13,E,46,E,0,,12.3,,,M,,M
-52.742777777777775,47.62222222222222,ST JOHN'S A,8403506,8403506.2011.5.13,2011-05-13 00:00:00,NL,2011,5,13,8.5,,2.8,,14.1,,0.8,,0.8,,0,,0,,0,,0,,0,,9.5,,,M,,M
-52.742777777777775,47.62222222222222,ST JOHN'S A,8403506,8403506.2011.5.14,2011-05-14 00:00:00,NL,2011,5,14,3.4,,2.1,,4.6,,0.4,,0.4,,0,,0,,4,E,32,E,0,,14.6,,,M,,M
-52.742777777777775,47.62222222222222,ST JOHN'S A,8403506,8403506.2011.5.15,2011-05-15 00:00:00,NL,2011,5,15,7,,2.1,,11.9,,0,T,0,T,0,,0,,27,E,39,E,0,,11,,,M,,M
-52.742777777777775,47.62222222222222,ST JOHN'S A,8403506,8403506.2011.5.16,2011-05-16 00:00:00,NL,2011,5,16,4.8,,1.5,,8.1,,0,,0,,0,,0,,0,,0,,0,,13.2,,,M,,M
-52.742777777777775,47.62222222222222,ST JOHN'S A,8403506,8403506.2011.5.17,2011-05-17 00:00:00,NL,2011,5,17,6.1,,1.8,,10.4,,0,T,0,T,0,,0,,0,,0,,0,,11.9,,,M,,M
-52.742777777777775,47.62222222222222,ST JOHN'S A,8403506,8403506.2011.5.18,2011-05-18 00:00:00,NL,2011,5,18,9.4,,6.6,,12.2,,2.6,,2.6,,0,,0,,0,,0,,0,,8.6,,,M,,M
-52.742777777777775,47.62222222222222,ST JOHN'S A,8403506,8403506.2011.5.19,2011-05-19 00:00:00,NL,2011,5,19,10.6,,2.4,,18.7,,0.6,,0.6,,0,,0,,27,E,48,E,0,,7.4,,,M,,M
-52.742777777777775,47.62222222222222,ST JOHN'S A,8403506,8403506.2011.5.20,2011-05-20 00:00:00,NL,2011,5,20,7.3,,2.3,,12.3,,0.6,,0.6,,0,,0,,25,E,50,E,0,,10.7,,,M,,M
-52.742777777777775,47.62222222222222,ST JOHN'S A,8403506,8403506.2011.5.21,2011-05-21 00:00:00,NL,2011,5,21,6.5,,1,,12,,18.8,,18.8,,0,,0,,26,E,52,E,0,,11.5,,,M,,M
-52.742777777777775,47.62222222222222,ST JOHN'S A,8403506,8403506.2011.5.22,2011-05-22 00:00:00,NL,2011,5,22,2.6,,0.9,,4.2,,0,,0,,0,,0,,8,E,41,E,0,,15.4,,,M,,M
-52.742777777777775,47.62222222222222,ST JOHN'S A,8403506,8403506.2011.5.23,2011-05-23 00:00:00,NL,2011,5,23,4.1,,1.4,,6.7,,0,,0,,0,,0,,0,,0,,0,,13.9,,,M,,M
-52.742777777777775,47.62222222222222,ST JOHN'S A,8403506,8403506.2011.5.24,2011-05-24 00:00:00,NL,2011,5,24,6.8,,1.1,,12.5,,0,,0,,0,,0,,21,E,39,E,0,,11.2,,,M,,M
-52.742777777777775,47.62222222222222,ST JOHN'S A,8403506,8403506.2011.5.25,2011-05-25 00:00:00,NL,2011,5,25,12.2,,5.7,,18.7,,5.4,,5.4,,0,,0,,24,E,54,E,0,,5.8,,,M,,M
-52.742777777777775,47.62222222222222,ST JOHN'S A,8403506,8403506.2011.5.26,2011-05-26 00:00:00,NL,2011,5,26,14.1,,10.4,,17.8,,1.6,,1.6,,0,,0,,24,E,46,E,0,,3.9,,,M,,M
-52.742777777777775,47.62222222222222,ST JOHN'S A,8403506,8403506.2011.5.27,2011-05-27 00:00:00,NL,2011,5,27,18.6,,15,,22.1,,1,,1,,0,,0,,25,E,61,E,0.6,,0,,,M,,M
-52.742777777777775,47.62222222222222,ST JOHN'S A,8403506,8403506.2011.5.28,2011-05-28 00:00:00,NL,2011,5,28,9.8,,3.4,,16.1,,10.2,,10.2,,0,,0,,26,E,37,E,0,,8.2,,,M,,M
-52.742777777777775,47.62222222222222,ST JOHN'S A,8403506,8403506.2011.5.29,2011-05-29 00:00:00,NL,2011,5,29,12.1,,4.3,,19.8,,0.4,,0.4,,0,,0,,25,E,54,E,0,,5.9,,,M,,M
-52.742777777777775,47.62222222222222,ST JOHN'S A,8403506,8403506.2011.5.30,2011-05-30 00:00:00,NL,2011,5,30,12.3,,8.7,,15.8,,19,,19,,0,,0,,25,E,59,E,0,,5.7,,,M,,M
-52.742777777777775,47.62222222222222,ST JOHN'S A,8403506,8403506.2011.5.31,2011-05-31 00:00:00,NL,2011,5,31,5.4,,1.7,,9.1,,1.4,,1.4,,0,,0,,1,E,52,E,0,,12.6,,,M,,M
-52.742777777777775,47.62222222222222,ST JOHN'S A,8403506,8403506.2011.6.1,2011-06-01 00:00:00,NL,2011,6,1,5.6,,1.6,,9.5,,0.2,,0.2,,0,,0,,21,E,33,E,0,,12.4,,,M,,M
-52.742777777777775,47.62222222222222,ST JOHN'S A,8403506,8403506.2011.6.2,2011-06-02 00:00:00,NL,2011,6,2,6.9,,4,,9.7,,6.8,,6.8,,0,,0,,20,E,61,E,0,,11.1,,,M,,M
-52.742777777777775,47.62222222222222,ST JOHN'S A,8403506,8403506.2011.6.3,2011-06-03 00:00:00,NL,2011,6,3,12.5,,8.1,,16.9,,0,T,0,T,0,,0,,20,E,69,E,0,,5.5,,,M,,M
-52.742777777777775,47.62222222222222,ST JOHN'S A,8403506,8403506.2011.6.4,2011-06-04 00:00:00,NL,2011,6,4,10.8,,6.7,,14.9,,0,T,0,T,0,,0,,17,E,39,E,0,,7.2,,,M,,M
-52.742777777777775,47.62222222222222,ST JOHN'S A,8403506,8403506.2011.6.5,2011-06-05 00:00:00,NL,2011,6,5,8.3,,6.7,,9.8,,4,,4,,0,,0,,0,,0,,0,,9.7,,,M,,M
-52.742777777777775,47.62222222222222,ST JOHN'S A,8403506,8403506.2011.6.6,2011-06-06 00:00:00,NL,2011,6,6,8.9,,6.9,,10.9,,1.4,,1.4,,0,,0,,0,,0,,0,,9.1,,,M,,M
-52.742777777777775,47.62222222222222,ST JOHN'S A,8403506,8403506.2011.6.7,2011-06-07 00:00:00,NL,2011,6,7,7.5,,6.6,,8.4,,8.4,,8.4,,0,,0,,0,,0,,0,,10.5,,,M,,M
-52.742777777777775,47.62222222222222,ST JOHN'S A,8403506,8403506.2011.6.8,2011-06-08 00:00:00,NL,2011,6,8,10.8,,7.6,,13.9,,1.6,,1.6,,0,,0,,0,,0,,0,,7.2,,,M,,M
-52.742777777777775,47.62222222222222,ST JOHN'S A,8403506,8403506.2011.6.9,2011-06-09 00:00:00,NL,2011,6,9,11.5,,8.3,,14.6,,0.2,,0.2,,0,,0,,0,,0,,0,,6.5,,,M,,M
-52.742777777777775,47.62222222222222,ST JOHN'S A,8403506,8403506.2011.6.10,2011-06-10 00:00:00,NL,2011,6,10,15.4,,12.4,,18.3,,0.2,,0.2,,0,,0,,0,,0,,0,,2.6,,,M,,M
-52.742777777777775,47.62222222222222,ST JOHN'S A,8403506,8403506.2011.6.11,2011-06-11 00:00:00,NL,2011,6,11,8.2,,3.6,,12.8,,11.2,,11.2,,0,,0,,31,E,44,E,0,,9.8,,,M,,M
-52.742777777777775,47.62222222222222,ST JOHN'S A,8403506,8403506.2011.6.12,2011-06-12 00:00:00,NL,2011,6,12,5.6,,3.5,,7.6,,1.6,,1.6,,0,,0,,35,E,56,E,0,,12.4,,,M,,M
-52.742777777777775,47.62222222222222,ST JOHN'S A,8403506,8403506.2011.6.13,2011-06-13 00:00:00,NL,2011,6,13,8.4,,5.3,,11.4,,0,T,0,T,0,,0,,0,,0,,0,,9.6,,,M,,M
-52.742777777777775,47.62222222222222,ST JOHN'S A,8403506,8403506.2011.6.14,2011-06-14 00:00:00,NL,2011,6,14,8.7,,5.5,,11.9,,0,,0,,0,,0,,0,,0,,0,,9.3,,,M,,M
-52.742777777777775,47.62222222222222,ST JOHN'S A,8403506,8403506.2011.6.15,2011-06-15 00:00:00,NL,2011,6,15,7.5,,5.8,,9.1,,1.6,,1.6,,0,,0,,10,E,50,E,0,,10.5,,,M,,M
-52.742777777777775,47.62222222222222,ST JOHN'S A,8403506,8403506.2011.6.16,2011-06-16 00:00:00,NL,2011,6,16,6.6,,5.8,,7.4,,13.6,,13.6,,0,,0,,10,E,46,E,0,,11.4,,,M,,M
-52.742777777777775,47.62222222222222,ST JOHN'S A,8403506,8403506.2011.6.17,2011-06-17 00:00:00,NL,2011,6,17,7,,5.4,,8.5,,3.2,,3.2,,0,,0,,0,,0,,0,,11,,,M,,M
-52.742777777777775,47.62222222222222,ST JOHN'S A,8403506,8403506.2011.6.18,2011-06-18 00:00:00,NL,2011,6,18,7.5,,5.2,,9.7,,0,,0,,0,,0,,0,,0,,0,,10.5,,,M,,M
-52.742777777777775,47.62222222222222,ST JOHN'S A,8403506,8403506.2011.6.19,2011-06-19 00:00:00,NL,2011,6,19,6.9,,5,,8.8,,0,T,0,T,0,,0,,16,E,50,E,0,,11.1,,,M,,M
-52.742777777777775,47.62222222222222,ST JOHN'S A,8403506,8403506.2011.6.20,2011-06-20 00:00:00,NL,2011,6,20,7.5,,6.5,,8.5,,24.8,,24.8,,0,,0,,15,E,69,E,0,,10.5,,,M,,M
-52.742777777777775,47.62222222222222,ST JOHN'S A,8403506,8403506.2011.6.21,2011-06-21 00:00:00,NL,2011,6,21,10.4,,7,,13.7,,4,,4,,0,,0,,28,E,37,E,0,,7.6,,,M,,M
-52.742777777777775,47.62222222222222,ST JOHN'S A,8403506,8403506.2011.6.22,2011-06-22 00:00:00,NL,2011,6,22,8.3,,5.5,,11.1,,3,,3,,0,,0,,34,E,33,E,0,,9.7,,,M,,M
-52.742777777777775,47.62222222222222,ST JOHN'S A,8403506,8403506.2011.6.23,2011-06-23 00:00:00,NL,2011,6,23,6.8,,5.4,,8.2,,4.2,,4.2,,0,,0,,35,E,46,E,0,,11.2,,,M,,M
-52.742777777777775,47.62222222222222,ST JOHN'S A,8403506,8403506.2011.6.24,2011-06-24 00:00:00,NL,2011,6,24,6.3,,5.2,,7.3,,1.2,,1.2,,0,,0,,36,E,46,E,0,,11.7,,,M,,M
-52.742777777777775,47.62222222222222,ST JOHN'S A,8403506,8403506.2011.6.25,2011-06-25 00:00:00,NL,2011,6,25,9.1,,5.7,,12.5,,0,,0,,0,,0,,0,,0,,0,,8.9,,,M,,M
-52.742777777777775,47.62222222222222,ST JOHN'S A,8403506,8403506.2011.6.26,2011-06-26 00:00:00,NL,2011,6,26,9.4,,7.2,,11.6,,2,,2,,0,,0,,17,E,46,E,0,,8.6,,,M,,M
-52.742777777777775,47.62222222222222,ST JOHN'S A,8403506,8403506.2011.6.27,2011-06-27 00:00:00,NL,2011,6,27,14.6,,9.8,,19.4,,1.6,,1.6,,0,,0,,26,E,32,E,0,,3.4,,,M,,M
-52.742777777777775,47.62222222222222,ST JOHN'S A,8403506,8403506.2011.6.28,2011-06-28 00:00:00,NL,2011,6,28,11,,6.9,,15,,0.2,,0.2,,0,,0,,28,E,33,E,0,,7,,,M,,M
-52.742777777777775,47.62222222222222,ST JOHN'S A,8403506,8403506.2011.6.29,2011-06-29 00:00:00,NL,2011,6,29,9.5,,6.7,,12.2,,0,,0,,0,,0,,0,,0,,0,,8.5,,,M,,M
-52.742777777777775,47.62222222222222,ST JOHN'S A,8403506,8403506.2011.6.30,2011-06-30 00:00:00,NL,2011,6,30,12.3,,7.4,,17.1,,5,,5,,0,,0,,13,E,35,E,0,,5.7,,,M,,M
-52.742777777777775,47.62222222222222,ST JOHN'S A,8403506,8403506.2011.7.1,2011-07-01 00:00:00,NL,2011,7,1,13,,7.6,,18.4,,0.6,,0.6,,0,,,,13,,32,,0,,5,,78,,94,
-52.742777777777775,47.62222222222222,ST JOHN'S A,8403506,8403506.2011.7.2,2011-07-02 00:00:00,NL,2011,7,2,15.9,,10.6,,21.1,,0,T,0,T,0,,,,27,,44,,0,,2.1,,65,,93,
-52.742777777777775,47.62222222222222,ST JOHN'S A,8403506,8403506.2011.7.3,2011-07-03 00:00:00,NL,2011,7,3,16.8,,11.6,,21.9,,0,,0,,0,,,,29,,48,,0,,1.2,,60,,91,
-52.742777777777775,47.62222222222222,ST JOHN'S A,8403506,8403506.2011.7.4,2011-07-04 00:00:00,NL,2011,7,4,18.4,,12.9,,23.8,,0,,0,,0,,,,0,,0,,0.4,,0,,54,,84,
-52.742777777777775,47.62222222222222,ST JOHN'S A,8403506,8403506.2011.7.5,2011-07-05 00:00:00,NL,2011,7,5,18.8,,15.3,,22.2,,7.2,,7.2,,0,,,,27,,37,,0.8,,0,,71,,88,
-52.742777777777775,47.62222222222222,ST JOHN'S A,8403506,8403506.2011.7.6,2011-07-06 00:00:00,NL,2011,7,6,19.5,,13.9,,25.1,,0,,0,,0,,,,27,,41,,1.5,,0,,50,,90,
-52.742777777777775,47.62222222222222,ST JOHN'S A,8403506,8403506.2011.7.7,2011-07-07 00:00:00,NL,2011,7,7,19,,12.9,,25,,0,T,0,T,0,,,,26,,48,,1,,0,,48,,88,
-52.742777777777775,47.62222222222222,ST JOHN'S A,8403506,8403506.2011.7.8,2011-07-08 00:00:00,NL,2011,7,8,16.7,,10.6,,22.8,,0,,0,,0,,,,27,,48,,0,,1.3,,49,,88,
-52.742777777777775,47.62222222222222,ST JOHN'S A,8403506,8403506.2011.7.9,2011-07-09 00:00:00,NL,2011,7,9,15.1,,9.8,,20.4,,15.8,,15.8,,0,,,,20,,50,,0,,2.9,,60,,90,
-52.742777777777775,47.62222222222222,ST JOHN'S A,8403506,8403506.2011.7.10,2011-07-10 00:00:00,NL,2011,7,10,14.1,,10.4,,17.8,,2.4,,2.4,,0,,,,24,,93,,0,,3.9,,59,,89,
-52.742777777777775,47.62222222222222,ST JOHN'S A,8403506,8403506.2011.7.11,2011-07-11 00:00:00,NL,2011,7,11,16.9,,10.6,,23.1,,0,,0,,0,,,,26,,50,,0,,1.1,,42,,84,
-52.742777777777775,47.62222222222222,ST JOHN'S A,8403506,8403506.2011.7.12,2011-07-12 00:00:00,NL,2011,7,12,18.7,,15,,22.3,,0,T,0,T,0,,,,24,,52,,0.7,,0,,43,,83,
-52.742777777777775,47.62222222222222,ST JOHN'S A,8403506,8403506.2011.7.13,2011-07-13 00:00:00,NL,2011,7,13,12.6,,6.8,,18.4,,5.6,,5.6,,0,,,,24,,50,,0,,5.4,,70,,88,
-52.742777777777775,47.62222222222222,ST JOHN'S A,8403506,8403506.2011.7.14,2011-07-14 00:00:00,NL,2011,7,14,7.2,,6.3,,8,,31.4,,31.4,,0,,,,7,,37,,0,,10.8,,81,,89,
-52.742777777777775,47.62222222222222,ST JOHN'S A,8403506,8403506.2011.7.15,2011-07-15 00:00:00,NL,2011,7,15,13.7,,7.1,,20.2,,23,,23,,0,,,,19,,70,,0,,4.3,,80,,92,
-52.742777777777775,47.62222222222222,ST JOHN'S A,8403506,8403506.2011.7.16,2011-07-16 00:00:00,NL,2011,7,16,18.8,,13.8,,23.8,,12.4,,12.4,,0,,,,19,,46,,0.8,,0,,65,,90,
-52.742777777777775,47.62222222222222,ST JOHN'S A,8403506,8403506.2011.7.17,2011-07-17 00:00:00,NL,2011,7,17,15.1,,11.4,,18.8,,0.6,,0.6,,0,,,,26,,52,,0,,2.9,,67,,88,
-52.742777777777775,47.62222222222222,ST JOHN'S A,8403506,8403506.2011.7.18,2011-07-18 00:00:00,NL,2011,7,18,17.2,,11.4,,23,,6.6,,6.6,,0,,,,25,,57,,0,,0.8,,55,,86,
-52.742777777777775,47.62222222222222,ST JOHN'S A,8403506,8403506.2011.7.19,2011-07-19 00:00:00,NL,2011,7,19,16.9,,13.6,,20.2,,6.6,,6.6,,0,,,,19,,44,,0,,1.1,,76,,88,
-52.742777777777775,47.62222222222222,ST JOHN'S A,8403506,8403506.2011.7.20,2011-07-20 00:00:00,NL,2011,7,20,18.4,,15.2,,21.5,,0.2,,0.2,,0,,,,23,,35,,0.4,,0,,71,,88,
-52.742777777777775,47.62222222222222,ST JOHN'S A,8403506,8403506.2011.7.21,2011-07-21 00:00:00,NL,2011,7,21,16.8,,14.2,,19.3,,0.2,,0.2,,0,,,,26,,48,,0,,1.2,,61,,85,
-52.742777777777775,47.62222222222222,ST JOHN'S A,8403506,8403506.2011.7.22,2011-07-22 00:00:00,NL,2011,7,22,16.4,,12.7,,20,,7.2,,7.2,,0,,,,25,,63,,0,,1.6,,69,,88,
-52.742777777777775,47.62222222222222,ST JOHN'S A,8403506,8403506.2011.7.23,2011-07-23 00:00:00,NL,2011,7,23,14,,9,,19,,0.8,,0.8,,0,,,,0,,0,,0,,4,,59,,90,
-52.742777777777775,47.62222222222222,ST JOHN'S A,8403506,8403506.2011.7.24,2011-07-24 00:00:00,NL,2011,7,24,14.8,,9.1,,20.5,,5.4,,5.4,,0,,,,26,,59,,0,,3.2,,62,,92,
-52.742777777777775,47.62222222222222,ST JOHN'S A,8403506,8403506.2011.7.25,2011-07-25 00:00:00,NL,2011,7,25,16.5,,9.8,,23.1,,0,,0,,0,,,,27,,32,,0,,1.5,,44,,78,
-52.742777777777775,47.62222222222222,ST JOHN'S A,8403506,8403506.2011.7.26,2011-07-26 00:00:00,NL,2011,7,26,17.9,,12.1,,23.6,,0,T,0,T,0,,,,20,,35,,0,,0.1,,38,,85,
-52.742777777777775,47.62222222222222,ST JOHN'S A,8403506,8403506.2011.7.27,2011-07-27 00:00:00,NL,2011,7,27,11.5,,9.6,,13.4,,2.4,,2.4,,0,,,,8,,37,,0,,6.5,,84,,95,
-52.742777777777775,47.62222222222222,ST JOHN'S A,8403506,8403506.2011.7.28,2011-07-28 00:00:00,NL,2011,7,28,10.7,,9.2,,12.1,,9.8,,9.8,,0,,,,0,,0,,0,,7.3,,87,,97,
-52.742777777777775,47.62222222222222,ST JOHN'S A,8403506,8403506.2011.7.29,2011-07-29 00:00:00,NL,2011,7,29,12.4,,9.3,,15.4,,6.6,,6.6,,0,,,,0,,0,,0,,5.6,,82,,94,
-52.742777777777775,47.62222222222222,ST JOHN'S A,8403506,8403506.2011.7.30,2011-07-30 00:00:00,NL,2011,7,30,14.5,,10.8,,18.2,,0,T,0,T,0,,,,0,,0,,0,,3.5,,73,,96,
-52.742777777777775,47.62222222222222,ST JOHN'S A,8403506,8403506.2011.7.31,2011-07-31 00:00:00,NL,2011,7,31,14.3,,11,,17.5,,5.4,,5.4,,0,,,,26,,35,,0,,3.7,,90,,99,
-52.742777777777775,47.62222222222222,ST JOHN'S A,8403506,8403506.2011.8.1,2011-08-01 00:00:00,NL,2011,8,1,12.9,,7.4,,18.4,,0,T,0,T,0,,0,,31,E,32,E,0,,5.1,,,M,,M
-52.742777777777775,47.62222222222222,ST JOHN'S A,8403506,8403506.2011.8.2,2011-08-02 00:00:00,NL,2011,8,2,9.9,,5.8,,13.9,,0.6,,0.6,,0,,0,,0,,0,,0,,8.1,,,M,,M
-52.742777777777775,47.62222222222222,ST JOHN'S A,8403506,8403506.2011.8.3,2011-08-03 00:00:00,NL,2011,8,3,11.5,,9.6,,13.3,,1.4,,1.4,,0,,0,,0,,0,,0,,6.5,,,M,,M
-52.742777777777775,47.62222222222222,ST JOHN'S A,8403506,8403506.2011.8.4,2011-08-04 00:00:00,NL,2011,8,4,11.1,,10.1,,12,,0.8,,0.8,,0,,0,,0,,0,,0,,6.9,,,M,,M
-52.742777777777775,47.62222222222222,ST JOHN'S A,8403506,8403506.2011.8.5,2011-08-05 00:00:00,NL,2011,8,5,10.6,,10.1,,11,,7.4,,7.4,,0,,0,,8,E,44,E,0,,7.4,,,M,,M
-52.742777777777775,47.62222222222222,ST JOHN'S A,8403506,8403506.2011.8.6,2011-08-06 00:00:00,NL,2011,8,6,9.9,,9.5,,10.3,,33.6,,33.6,,0,,0,,5,E,65,E,0,,8.1,,,M,,M
-52.742777777777775,47.62222222222222,ST JOHN'S A,8403506,8403506.2011.8.7,2011-08-07 00:00:00,NL,2011,8,7,9.6,,9,,10.1,,5.8,,5.8,,0,,0,,3,E,61,E,0,,8.4,,,M,,M
-52.742777777777775,47.62222222222222,ST JOHN'S A,8403506,8403506.2011.8.8,2011-08-08 00:00:00,NL,2011,8,8,10.1,,8.4,,11.7,,1.6,,1.6,,0,,0,,0,,0,,0,,7.9,,,M,,M
-52.742777777777775,47.62222222222222,ST JOHN'S A,8403506,8403506.2011.8.9,2011-08-09 00:00:00,NL,2011,8,9,9.5,,8.2,,10.7,,0.4,,0.4,,0,,0,,0,,0,,0,,8.5,,,M,,M
-52.742777777777775,47.62222222222222,ST JOHN'S A,8403506,8403506.2011.8.10,2011-08-10 00:00:00,NL,2011,8,10,9.4,,8,,10.7,,0.2,,0.2,,0,,0,,0,,0,,0,,8.6,,,M,,M
-52.742777777777775,47.62222222222222,ST JOHN'S A,8403506,8403506.2011.8.11,2011-08-11 00:00:00,NL,2011,8,11,10,,8.3,,11.6,,1.4,,1.4,,0,,0,,11,E,33,E,0,,8,,,M,,M
-52.742777777777775,47.62222222222222,ST JOHN'S A,8403506,8403506.2011.8.12,2011-08-12 00:00:00,NL,2011,8,12,15.7,,11.4,,19.9,,0,T,0,T,0,,0,,27,E,32,E,0,,2.3,,,M,,M
-52.742777777777775,47.62222222222222,ST JOHN'S A,8403506,8403506.2011.8.13,2011-08-13 00:00:00,NL,2011,8,13,17.1,,12.2,,21.9,,0,T,0,T,0,,0,,28,E,32,E,0,,0.9,,,M,,M
-52.742777777777775,47.62222222222222,ST JOHN'S A,8403506,8403506.2011.8.14,2011-08-14 00:00:00,NL,2011,8,14,14.6,,10.9,,18.3,,0,,0,,0,,0,,0,,0,,0,,3.4,,,M,,M
-52.742777777777775,47.62222222222222,ST JOHN'S A,8403506,8403506.2011.8.15,2011-08-15 00:00:00,NL,2011,8,15,18.4,,13,,23.7,,0,T,0,T,0,,0,,27,E,44,E,0.4,,0,,,M,,M
-52.742777777777775,47.62222222222222,ST JOHN'S A,8403506,8403506.2011.8.16,2011-08-16 00:00:00,NL,2011,8,16,17.4,,13.5,,21.3,,30.4,,30.4,,0,,0,,16,E,44,E,0,,0.6,,,M,,M
-52.742777777777775,47.62222222222222,ST JOHN'S A,8403506,8403506.2011.8.17,2011-08-17 00:00:00,NL,2011,8,17,17.8,,12.2,,23.3,,4.4,,4.4,,0,,0,,26,E,54,E,0,,0.2,,,M,,M
-52.742777777777775,47.62222222222222,ST JOHN'S A,8403506,8403506.2011.8.18,2011-08-18 00:00:00,NL,2011,8,18,16.7,,11.4,,21.9,,0,,0,,0,,0,,27,E,56,E,0,,1.3,,,M,,M
-52.742777777777775,47.62222222222222,ST JOHN'S A,8403506,8403506.2011.8.19,2011-08-19 00:00:00,NL,2011,8,19,17.2,,11.8,,22.5,,0,,0,,0,,0,,26,E,44,E,0,,0.8,,,M,,M
-52.742777777777775,47.62222222222222,ST JOHN'S A,8403506,8403506.2011.8.20,2011-08-20 00:00:00,NL,2011,8,20,16.1,,10.2,,22,,0,T,0,T,0,,0,,0,,0,,0,,1.9,,,M,,M
-52.742777777777775,47.62222222222222,ST JOHN'S A,8403506,8403506.2011.8.21,2011-08-21 00:00:00,NL,2011,8,21,18.3,,14.2,,22.3,,0,T,0,T,0,,0,,0,,0,,0.3,,0,,,M,,M
-52.742777777777775,47.62222222222222,ST JOHN'S A,8403506,8403506.2011.8.22,2011-08-22 00:00:00,NL,2011,8,22,16.3,,12.1,,20.4,,0,,0,,0,,0,,0,,0,,0,,1.7,,,M,,M
-52.742777777777775,47.62222222222222,ST JOHN'S A,8403506,8403506.2011.8.23,2011-08-23 00:00:00,NL,2011,8,23,15.6,,12.5,,18.7,,2.8,,2.8,,0,,0,,27,E,41,E,0,,2.4,,,M,,M
-52.742777777777775,47.62222222222222,ST JOHN'S A,8403506,8403506.2011.8.24,2011-08-24 00:00:00,NL,2011,8,24,17.2,,12.6,,21.8,,0,,0,,0,,0,,28,E,41,E,0,,0.8,,,M,,M
-52.742777777777775,47.62222222222222,ST JOHN'S A,8403506,8403506.2011.8.25,2011-08-25 00:00:00,NL,2011,8,25,17.7,,12.1,,23.3,,0,,0,,0,,0,,,M,,M,0,,0.3,,,M,,M
-52.742777777777775,47.62222222222222,ST JOHN'S A,8403506,8403506.2011.8.26,2011-08-26 00:00:00,NL,2011,8,26,20,,16.7,,23.3,,0.8,,0.8,,0,,0,,,M,,M,2,,0,,,M,,M
-52.742777777777775,47.62222222222222,ST JOHN'S A,8403506,8403506.2011.8.27,2011-08-27 00:00:00,NL,2011,8,27,18.2,,14.2,,22.2,,0,,0,,0,,0,,28,E,46,E,0.2,,0,,,M,,M
-52.742777777777775,47.62222222222222,ST JOHN'S A,8403506,8403506.2011.8.28,2011-08-28 00:00:00,NL,2011,8,28,18,,10,,26,,0,,0,,0,,0,,0,,0,,0,,0,,,M,,M
-52.742777777777775,47.62222222222222,ST JOHN'S A,8403506,8403506.2011.8.29,2011-08-29 00:00:00,NL,2011,8,29,21.8,,17,,26.6,,0,T,0,T,0,,0,,23,E,70,E,3.8,,0,,,M,,M
-52.742777777777775,47.62222222222222,ST JOHN'S A,8403506,8403506.2011.8.30,2011-08-30 00:00:00,NL,2011,8,30,18,,13.4,,22.5,,5.6,,5.6,,0,,0,,25,E,67,E,0,,0,,,M,,M
-52.742777777777775,47.62222222222222,ST JOHN'S A,8403506,8403506.2011.8.31,2011-08-31 00:00:00,NL,2011,8,31,14.7,,12.6,,16.8,,3.2,,3.2,,0,,0,,0,,0,,0,,3.3,,,M,,M
-52.742777777777775,47.62222222222222,ST JOHN'S A,8403506,8403506.2011.9.1,2011-09-01 00:00:00,NL,2011,9,1,12.2,,8.8,,15.6,,0.4,,0.4,,0,,,,0,,0,,0,,5.8,,76,,92,
-52.742777777777775,47.62222222222222,ST JOHN'S A,8403506,8403506.2011.9.2,2011-09-02 00:00:00,NL,2011,9,2,15.4,,9.6,,21.1,,0,,0,,0,,,,24,,35,,0,,2.6,,55,,92,
-52.742777777777775,47.62222222222222,ST JOHN'S A,8403506,8403506.2011.9.3,2011-09-03 00:00:00,NL,2011,9,3,16.7,,11.5,,21.9,,0,,0,,0,,,,19,,33,,0,,1.3,,66,,91,
-52.742777777777775,47.62222222222222,ST JOHN'S A,8403506,8403506.2011.9.4,2011-09-04 00:00:00,NL,2011,9,4,18.3,,13.6,,22.9,,0,,0,,0,,,,28,E,35,E,0.3,,0,,67,,93,
-52.742777777777775,47.62222222222222,ST JOHN'S A,8403506,8403506.2011.9.5,2011-09-05 00:00:00,NL,2011,9,5,18.9,,13.3,,24.4,,0,,0,,0,,,,24,,52,,0.9,,0,,56,,94,
-52.742777777777775,47.62222222222222,ST JOHN'S A,8403506,8403506.2011.9.6,2011-09-06 00:00:00,NL,2011,9,6,19.7,,14.3,,25,,1.2,,1.2,,0,,,,26,,54,,1.7,,0,,69,,89,
-52.742777777777775,47.62222222222222,ST JOHN'S A,8403506,8403506.2011.9.7,2011-09-07 00:00:00,NL,2011,9,7,10.9,,7.2,,14.5,,2.4,,2.4,,0,,,,33,,87,,0,,7.1,,56,,86,
-52.742777777777775,47.62222222222222,ST JOHN'S A,8403506,8403506.2011.9.8,2011-09-08 00:00:00,NL,2011,9,8,13.3,,11.4,,15.1,,6.4,,6.4,,0,,,,25,E,50,E,0,,4.7,,72,,91,
-52.742777777777775,47.62222222222222,ST JOHN'S A,8403506,8403506.2011.9.9,2011-09-09 00:00:00,NL,2011,9,9,15.7,,11.6,,19.7,,0,,0,,0,,,,26,,54,,0,,2.3,,68,,91,
-52.742777777777775,47.62222222222222,ST JOHN'S A,8403506,8403506.2011.9.10,2011-09-10 00:00:00,NL,2011,9,10,8.8,,4.8,,12.7,,0,T,0,T,0,,,,35,,59,,0,,9.2,,73,,92,
-52.742777777777775,47.62222222222222,ST JOHN'S A,8403506,8403506.2011.9.11,2011-09-11 00:00:00,NL,2011,9,11,9.7,,5.1,,14.3,,0,,0,,0,,,,25,E,57,E,0,,8.3,,39,,86,
-52.742777777777775,47.62222222222222,ST JOHN'S A,8403506,8403506.2011.9.12,2011-09-12 00:00:00,NL,2011,9,12,14.6,,11.1,,18,,0,,0,,0,,,,34,,65,,0,,3.4,,58,,86,
-52.742777777777775,47.62222222222222,ST JOHN'S A,8403506,8403506.2011.9.13,2011-09-13 00:00:00,NL,2011,9,13,16,,11.2,,20.8,,0,T,0,T,0,,,,26,,35,,0,,2,,46,,94,
-52.742777777777775,47.62222222222222,ST JOHN'S A,8403506,8403506.2011.9.14,2011-09-14 00:00:00,NL,2011,9,14,17.8,,13,,22.5,,0,T,0,T,0,,,,25,,57,,0,,0.2,,69,,91,
-52.742777777777775,47.62222222222222,ST JOHN'S A,8403506,8403506.2011.9.15,2011-09-15 00:00:00,NL,2011,9,15,19.6,,15.9,,23.2,,0,T,0,T,0,,,,18,,43,,1.6,,0,,71,,93,
-52.742777777777775,47.62222222222222,ST JOHN'S A,8403506,8403506.2011.9.16,2011-09-16 00:00:00,NL,2011,9,16,14.3,,9.6,,19,,18,,18,,0,,,,25,,80,,0,,3.7,,70,,93,
-52.742777777777775,47.62222222222222,ST JOHN'S A,8403506,8403506.2011.9.17,2011-09-17 00:00:00,NL,2011,9,17,10.4,,6.1,,14.6,,0,T,0,T,0,,,,26,,87,,0,,7.6,,53,,78,
-52.742777777777775,47.62222222222222,ST JOHN'S A,8403506,8403506.2011.9.18,2011-09-18 00:00:00,NL,2011,9,18,10.8,,6.1,,15.5,,0,,0,,0,,,,0,,0,,0,,7.2,,41,,84,
-52.742777777777775,47.62222222222222,ST JOHN'S A,8403506,8403506.2011.9.19,2011-09-19 00:00:00,NL,2011,9,19,12.3,,6.8,,17.8,,0,,0,,0,,,,0,,0,,0,,5.7,,43,,86,
-52.742777777777775,47.62222222222222,ST JOHN'S A,8403506,8403506.2011.9.20,2011-09-20 00:00:00,NL,2011,9,20,11.8,,9.5,,14,,17,,17,,0,,,,30,E,56,E,0,,6.2,,84,,94,
-52.742777777777775,47.62222222222222,ST JOHN'S A,8403506,8403506.2011.9.21,2011-09-21 00:00:00,NL,2011,9,21,13.6,,9.1,,18,,0.2,,0.2,,0,,,,29,,46,,0,,4.4,,58,,88,
-52.742777777777775,47.62222222222222,ST JOHN'S A,8403506,8403506.2011.9.22,2011-09-22 00:00:00,NL,2011,9,22,14,,9.6,,18.3,,0,,0,,0,,,,27,,39,,0,,4,,53,,87,
-52.742777777777775,47.62222222222222,ST JOHN'S A,8403506,8403506.2011.9.23,2011-09-23 00:00:00,NL,2011,9,23,11.4,,7.9,,14.9,,2,,2,,0,,,,0,,0,,0,,6.6,,70,,93,
-52.742777777777775,47.62222222222222,ST JOHN'S A,8403506,8403506.2011.9.24,2011-09-24 00:00:00,NL,2011,9,24,10.4,,7.3,,13.4,,0,,0,,0,,,,27,,39,,0,,7.6,,74,,91,
-52.742777777777775,47.62222222222222,ST JOHN'S A,8403506,8403506.2011.9.25,2011-09-25 00:00:00,NL,2011,9,25,13.8,,10.6,,16.9,,0,,0,,0,,,,27,,74,,0,,4.2,,70,,89,
-52.742777777777775,47.62222222222222,ST JOHN'S A,8403506,8403506.2011.9.26,2011-09-26 00:00:00,NL,2011,9,26,10.8,,5.7,,15.8,,0,T,0,T,0,,,,31,,48,,0,,7.2,,49,,85,
-52.742777777777775,47.62222222222222,ST JOHN'S A,8403506,8403506.2011.9.27,2011-09-27 00:00:00,NL,2011,9,27,7.8,,5.7,,9.9,,4,,4,,0,,,,36,,43,,0,,10.2,,61,,88,
-52.742777777777775,47.62222222222222,ST JOHN'S A,8403506,8403506.2011.9.28,2011-09-28 00:00:00,NL,2011,9,28,8.7,,5.7,,11.7,,3.4,,3.4,,0,,,,26,E,54,E,0,,9.3,,55,,87,
-52.742777777777775,47.62222222222222,ST JOHN'S A,8403506,8403506.2011.9.29,2011-09-29 00:00:00,NL,2011,9,29,13.5,,9.9,,17,,0,,0,,0,,,,26,,63,,0,,4.5,,67,,87,
-52.742777777777775,47.62222222222222,ST JOHN'S A,8403506,8403506.2011.9.30,2011-09-30 00:00:00,NL,2011,9,30,16.1,,11.2,,20.9,,0.4,,0.4,,0,,,,22,,59,,0,,1.9,,77,,91,
-52.742777777777775,47.62222222222222,ST JOHN'S A,8403506,8403506.2011.10.1,2011-10-01 00:00:00,NL,2011,10,1,19.5,,15.4,,23.5,,0,T,0,T,0,,0,,24,E,56,E,1.5,,0,,,M,,M
-52.742777777777775,47.62222222222222,ST JOHN'S A,8403506,8403506.2011.10.2,2011-10-02 00:00:00,NL,2011,10,2,14.9,,8.6,,21.2,,9.4,,9.4,,0,,0,,26,E,44,E,0,,3.1,,,M,,M
-52.742777777777775,47.62222222222222,ST JOHN'S A,8403506,8403506.2011.10.3,2011-10-03 00:00:00,NL,2011,10,3,12.6,,8.4,,16.8,,27,,27,,0,,0,,32,E,78,E,0,,5.4,,,M,,M
-52.742777777777775,47.62222222222222,ST JOHN'S A,8403506,8403506.2011.10.4,2011-10-04 00:00:00,NL,2011,10,4,8.9,,7.7,,10,,0.8,,0.8,,0,,0,,10,E,54,E,0,,9.1,,,M,,M
-52.742777777777775,47.62222222222222,ST JOHN'S A,8403506,8403506.2011.10.5,2011-10-05 00:00:00,NL,2011,10,5,11.3,,7.2,,15.3,,13.6,,13.6,,0,,0,,11,E,67,E,0,,6.7,,,M,,M
-52.742777777777775,47.62222222222222,ST JOHN'S A,8403506,8403506.2011.10.6,2011-10-06 00:00:00,NL,2011,10,6,7.4,,3.7,,11.1,,2,,2,,0,,0,,22,E,95,E,0,,10.6,,,M,,M
-52.742777777777775,47.62222222222222,ST JOHN'S A,8403506,8403506.2011.10.7,2011-10-07 00:00:00,NL,2011,10,7,3.9,,0.9,,6.8,,1.8,,1.4,,0.4,,0,,,M,,M,0,,14.1,,,M,,M
-52.742777777777775,47.62222222222222,ST JOHN'S A,8403506,8403506.2011.10.8,2011-10-08 00:00:00,NL,2011,10,8,5.2,,1.3,,9,,0.2,,0.2,,0,,0,,25,E,46,E,0,,12.8,,,M,,M
-52.742777777777775,47.62222222222222,ST JOHN'S A,8403506,8403506.2011.10.9,2011-10-09 00:00:00,NL,2011,10,9,8.1,,4.9,,11.2,,0,,0,,0,,0,,36,E,48,E,0,,9.9,,,M,,M
-52.742777777777775,47.62222222222222,ST JOHN'S A,8403506,8403506.2011.10.10,2011-10-10 00:00:00,NL,2011,10,10,11.7,,6.3,,17,,4,,4,,0,,0,,25,E,46,E,0,,6.3,,,M,,M
-52.742777777777775,47.62222222222222,ST JOHN'S A,8403506,8403506.2011.10.11,2011-10-11 00:00:00,NL,2011,10,11,5.8,,4.1,,7.4,,9.6,,9.6,,0,,0,,32,E,69,E,0,,12.2,,,M,,M
-52.742777777777775,47.62222222222222,ST JOHN'S A,8403506,8403506.2011.10.12,2011-10-12 00:00:00,NL,2011,10,12,3.6,,0.4,,6.7,,0.2,,0.2,,0,,0,,35,E,50,E,0,,14.4,,,M,,M
-52.742777777777775,47.62222222222222,ST JOHN'S A,8403506,8403506.2011.10.13,2011-10-13 00:00:00,NL,2011,10,13,7.5,,3.9,,11,,0,,0,,0,,0,,,M,,M,0,,10.5,,,M,,M
-52.742777777777775,47.62222222222222,ST JOHN'S A,8403506,8403506.2011.10.14,2011-10-14 00:00:00,NL,2011,10,14,9.5,,7.2,,11.7,,0.2,,0.2,,0,,0,,,M,,M,0,,8.5,,,M,,M
-52.742777777777775,47.62222222222222,ST JOHN'S A,8403506,8403506.2011.10.15,2011-10-15 00:00:00,NL,2011,10,15,13.5,,9.5,,17.5,,28,,28,,0,,0,,18,E,59,E,0,,4.5,,,M,,M
-52.742777777777775,47.62222222222222,ST JOHN'S A,8403506,8403506.2011.10.16,2011-10-16 00:00:00,NL,2011,10,16,15.5,,11.4,,19.5,,7.8,,7.8,,0,,0,,27,E,39,E,0,,2.5,,,M,,M
-52.742777777777775,47.62222222222222,ST JOHN'S A,8403506,8403506.2011.10.17,2011-10-17 00:00:00,NL,2011,10,17,12.5,,10,,15,,3.2,,3.2,,0,,0,,19,E,67,E,0,,5.5,,,M,,M
-52.742777777777775,47.62222222222222,ST JOHN'S A,8403506,8403506.2011.10.18,2011-10-18 00:00:00,NL,2011,10,18,12.1,,8.9,,15.2,,0.4,,0.4,,0,,0,,24,E,50,E,0,,5.9,,,M,,M
-52.742777777777775,47.62222222222222,ST JOHN'S A,8403506,8403506.2011.10.19,2011-10-19 00:00:00,NL,2011,10,19,11.6,,7.4,,15.7,,0,,0,,0,,0,,24,E,43,E,0,,6.4,,,M,,M
-52.742777777777775,47.62222222222222,ST JOHN'S A,8403506,8403506.2011.10.20,2011-10-20 00:00:00,NL,2011,10,20,8.7,,7.3,,10,,16,,16,,0,,0,,9,E,41,E,0,,9.3,,,M,,M
-52.742777777777775,47.62222222222222,ST JOHN'S A,8403506,8403506.2011.10.21,2011-10-21 00:00:00,NL,2011,10,21,12.1,,7.5,,16.6,,2,,2,,0,,0,,26,E,43,E,0,,5.9,,,M,,M
-52.742777777777775,47.62222222222222,ST JOHN'S A,8403506,8403506.2011.10.22,2011-10-22 00:00:00,NL,2011,10,22,10.1,,5.5,,14.7,,0,T,0,T,0,,0,,24,E,41,E,0,,7.9,,,M,,M
-52.742777777777775,47.62222222222222,ST JOHN'S A,8403506,8403506.2011.10.23,2011-10-23 00:00:00,NL,2011,10,23,9.7,,5.7,,13.7,,0,,0,,0,,0,,,M,,M,0,,8.3,,,M,,M
-52.742777777777775,47.62222222222222,ST JOHN'S A,8403506,8403506.2011.10.24,2011-10-24 00:00:00,NL,2011,10,24,7.9,,5.7,,10,,0,T,0,T,0,,0,,0,,0,,0,,10.1,,,M,,M
-52.742777777777775,47.62222222222222,ST JOHN'S A,8403506,8403506.2011.10.25,2011-10-25 00:00:00,NL,2011,10,25,6.5,,5.1,,7.8,,1.4,,1.4,,0,,0,,9,E,78,E,0,,11.5,,,M,,M
-52.742777777777775,47.62222222222222,ST JOHN'S A,8403506,8403506.2011.10.26,2011-10-26 00:00:00,NL,2011,10,26,7.7,,5.7,,9.6,,64.4,,64.4,,0,,0,,8,E,82,E,0,,10.3,,,M,,M
-52.742777777777775,47.62222222222222,ST JOHN'S A,8403506,8403506.2011.10.27,2011-10-27 00:00:00,NL,2011,10,27,4.3,,2.2,,6.4,,2.6,,2.4,,0.2,,0,T,29,E,96,E,0,,13.7,,,M,,M
-52.742777777777775,47.62222222222222,ST JOHN'S A,8403506,8403506.2011.10.28,2011-10-28 00:00:00,NL,2011,10,28,2.2,,1,,3.4,,3.2,,0.8,,2.4,,0,,28,E,59,E,0,,15.8,,,M,,M
-52.742777777777775,47.62222222222222,ST JOHN'S A,8403506,8403506.2011.10.29,2011-10-29 00:00:00,NL,2011,10,29,3.3,,-0.2,,6.8,,0.6,,0.6,,0,,0,,28,E,67,E,0,,14.7,,,M,,M
-52.742777777777775,47.62222222222222,ST JOHN'S A,8403506,8403506.2011.10.30,2011-10-30 00:00:00,NL,2011,10,30,2.2,,-0.9,,5.2,,33,,33,,0,,0,,9,E,72,E,0,,15.8,,,M,,M
-52.742777777777775,47.62222222222222,ST JOHN'S A,8403506,8403506.2011.10.31,2011-10-31 00:00:00,NL,2011,10,31,4,,2,,6,,22,,22,,0,T,0,,33,E,82,E,0,,14,,,M,,M
-52.742777777777775,47.62222222222222,ST JOHN'S A,8403506,8403506.2011.11.1,2011-11-01 00:00:00,NL,2011,11,1,1.3,,-0.3,,2.8,,0,T,0,T,0,T,0,T,,M,,M,0,,16.7,,,M,,M
-52.742777777777775,47.62222222222222,ST JOHN'S A,8403506,8403506.2011.11.2,2011-11-02 00:00:00,NL,2011,11,2,3.2,,-0.7,,7,,0,,0,,0,,0,,25,E,35,E,0,,14.8,,,M,,M
-52.742777777777775,47.62222222222222,ST JOHN'S A,8403506,8403506.2011.11.3,2011-11-03 00:00:00,NL,2011,11,3,5.9,,2,,9.7,,0,,0,,0,,0,,26,E,46,E,0,,12.1,,,M,,M
-52.742777777777775,47.62222222222222,ST JOHN'S A,8403506,8403506.2011.11.4,2011-11-04 00:00:00,NL,2011,11,4,5.3,,2.2,,8.4,,3.4,,3.4,,0,,0,,25,E,44,E,0,,12.7,,,M,,M
-52.742777777777775,47.62222222222222,ST JOHN'S A,8403506,8403506.2011.11.5,2011-11-05 00:00:00,NL,2011,11,5,1.4,,-0.7,,3.4,,0.6,,0.2,,0.4,,0,T,35,E,61,E,0,,16.6,,,M,,M
-52.742777777777775,47.62222222222222,ST JOHN'S A,8403506,8403506.2011.11.6,2011-11-06 00:00:00,NL,2011,11,6,1.5,,-2.1,,5.1,,0,,0,,0,,0,,27,E,69,E,0,,16.5,,,M,,M
-52.742777777777775,47.62222222222222,ST JOHN'S A,8403506,8403506.2011.11.7,2011-11-07 00:00:00,NL,2011,11,7,1.5,,-1.9,,4.8,,0,,0,,0,,0,,30,E,67,E,0,,16.5,,,M,,M
-52.742777777777775,47.62222222222222,ST JOHN'S A,8403506,8403506.2011.11.8,2011-11-08 00:00:00,NL,2011,11,8,5.7,,1.6,,9.7,,0.8,,0.8,,0,,0,,29,E,54,E,0,,12.3,,,M,,M
-52.742777777777775,47.62222222222222,ST JOHN'S A,8403506,8403506.2011.11.9,2011-11-09 00:00:00,NL,2011,11,9,5.7,,2.8,,8.6,,0,,0,,0,,0,,,M,,M,0,,12.3,,,M,,M
-52.742777777777775,47.62222222222222,ST JOHN'S A,8403506,8403506.2011.11.10,2011-11-10 00:00:00,NL,2011,11,10,4.3,,1.6,,6.9,,0,,0,,0,,0,,,M,,M,0,,13.7,,,M,,M
-52.742777777777775,47.62222222222222,ST JOHN'S A,8403506,8403506.2011.11.11,2011-11-11 00:00:00,NL,2011,11,11,6.1,,2.3,,9.8,,0,,0,,0,,0,,17,E,70,E,0,,11.9,,,M,,M
-52.742777777777775,47.62222222222222,ST JOHN'S A,8403506,8403506.2011.11.12,2011-11-12 00:00:00,NL,2011,11,12,7.6,,3.2,,12,,13,,13,,0,,0,,17,E,93,E,0,,10.4,,,M,,M
-52.742777777777775,47.62222222222222,ST JOHN'S A,8403506,8403506.2011.11.13,2011-11-13 00:00:00,NL,2011,11,13,5.3,,1.4,,9.1,,0,,0,,0,,0,,26,E,41,E,0,,12.7,,,M,,M
-52.742777777777775,47.62222222222222,ST JOHN'S A,8403506,8403506.2011.11.14,2011-11-14 00:00:00,NL,2011,11,14,5.8,,0.2,,11.3,,9,,9,,0,,0,,24,E,52,E,0,,12.2,,,M,,M
-52.742777777777775,47.62222222222222,ST JOHN'S A,8403506,8403506.2011.11.15,2011-11-15 00:00:00,NL,2011,11,15,10.1,,9.1,,11,,12.4,,12.4,,0,,0,,25,E,59,E,0,,7.9,,,M,,M
-52.742777777777775,47.62222222222222,ST JOHN'S A,8403506,8403506.2011.11.16,2011-11-16 00:00:00,NL,2011,11,16,6.4,,3.1,,9.7,,0.2,,0.2,,0,,0,,27,E,67,E,0,,11.6,,,M,,M
-52.742777777777775,47.62222222222222,ST JOHN'S A,8403506,8403506.2011.11.17,2011-11-17 00:00:00,NL,2011,11,17,5.9,,2.9,,8.9,,12,,12,,0,,0,,16,E,57,E,0,,12.1,,,M,,M
-52.742777777777775,47.62222222222222,ST JOHN'S A,8403506,8403506.2011.11.18,2011-11-18 00:00:00,NL,2011,11,18,7.1,,-1.4,,15.6,,4,,3.6,,0.4,,0,,21,E,87,E,0,,10.9,,,M,,M
-52.742777777777775,47.62222222222222,ST JOHN'S A,8403506,8403506.2011.11.19,2011-11-19 00:00:00,NL,2011,11,19,1.7,,-1.4,,4.8,,0.2,,0.2,,0,T,0,T,28,E,63,E,0,,16.3,,,M,,M
-52.742777777777775,47.62222222222222,ST JOHN'S A,8403506,8403506.2011.11.20,2011-11-20 00:00:00,NL,2011,11,20,7.9,,4.8,,11,,3.6,,3.6,,0,,0,,23,E,91,E,0,,10.1,,,M,,M
-52.742777777777775,47.62222222222222,ST JOHN'S A,8403506,8403506.2011.11.21,2011-11-21 00:00:00,NL,2011,11,21,1.3,,-5.2,,7.7,,0,T,0,,0,T,0,,27,E,72,E,0,,16.7,,,M,,M
-52.742777777777775,47.62222222222222,ST JOHN'S A,8403506,8403506.2011.11.22,2011-11-22 00:00:00,NL,2011,11,22,-2.6,,-4.8,,-0.4,,0,T,0,,0,T,0,,29,E,48,E,0,,20.6,,,M,,M
-52.742777777777775,47.62222222222222,ST JOHN'S A,8403506,8403506.2011.11.23,2011-11-23 00:00:00,NL,2011,11,23,-1.8,,-4,,0.4,,1,,0,,1,,0,T,27,E,39,E,0,,19.8,,,M,,M
-52.742777777777775,47.62222222222222,ST JOHN'S A,8403506,8403506.2011.11.24,2011-11-24 00:00:00,NL,2011,11,24,-1.4,,-3,,0.3,,23,,0,,29,,22,,4,E,67,E,0,,19.4,,,M,,M
-52.742777777777775,47.62222222222222,ST JOHN'S A,8403506,8403506.2011.11.25,2011-11-25 00:00:00,NL,2011,11,25,-3.9,,-6.4,,-1.4,,0,T,0,,0.2,,22,,18,E,52,E,0,,21.9,,,M,,M
-52.742777777777775,47.62222222222222,ST JOHN'S A,8403506,8403506.2011.11.26,2011-11-26 00:00:00,NL,2011,11,26,2.4,,-1.5,,6.3,,0.4,,0.4,,0,T,21,,20,E,69,E,0,,15.6,,,M,,M
-52.742777777777775,47.62222222222222,ST JOHN'S A,8403506,8403506.2011.11.27,2011-11-27 00:00:00,NL,2011,11,27,-3.7,,-7.8,,0.4,,0,T,0,,0,T,4,,32,E,41,E,0,,21.7,,,M,,M
-52.742777777777775,47.62222222222222,ST JOHN'S A,8403506,8403506.2011.11.28,2011-11-28 00:00:00,NL,2011,11,28,0.8,,-6.1,,7.7,,5.8,,5.8,,0,T,4,,23,E,82,E,0,,17.2,,,M,,M
-52.742777777777775,47.62222222222222,ST JOHN'S A,8403506,8403506.2011.11.29,2011-11-29 00:00:00,NL,2011,11,29,2.7,,-1.1,,6.4,,2.6,,2.6,,0,T,2,,31,E,69,E,0,,15.3,,,M,,M
-52.742777777777775,47.62222222222222,ST JOHN'S A,8403506,8403506.2011.11.30,2011-11-30 00:00:00,NL,2011,11,30,5.5,,2.5,,8.5,,0,T,0,,0,T,0,T,19,E,59,E,0,,12.5,,,M,,M
-52.742777777777775,47.62222222222222,ST JOHN'S A,8403506,8403506.2011.12.1,2011-12-01 00:00:00,NL,2011,12,1,9.2,,3.7,,14.6,,25.2,,25.2,,0,,0,,21,E,72,E,0,,8.8,,,M,,M
-52.742777777777775,47.62222222222222,ST JOHN'S A,8403506,8403506.2011.12.2,2011-12-02 00:00:00,NL,2011,12,2,1.6,,-0.8,,3.9,,1.2,,1.2,,0,,0,,1,E,43,E,0,,16.4,,,M,,M
-52.742777777777775,47.62222222222222,ST JOHN'S A,8403506,8403506.2011.12.3,2011-12-03 00:00:00,NL,2011,12,3,-1,,-4,,2.1,,0,T,0,,0,T,0,T,1,E,37,E,0,,19,,,M,,M
-52.742777777777775,47.62222222222222,ST JOHN'S A,8403506,8403506.2011.12.4,2011-12-04 00:00:00,NL,2011,12,4,-3.2,,-6.6,,0.3,,0,,0,,0,,0,,25,E,33,E,0,,21.2,,,M,,M
-52.742777777777775,47.62222222222222,ST JOHN'S A,8403506,8403506.2011.12.5,2011-12-05 00:00:00,NL,2011,12,5,1.6,,-0.9,,4.1,,0,,0,,0,,0,,26,E,52,E,0,,16.4,,,M,,M
-52.742777777777775,47.62222222222222,ST JOHN'S A,8403506,8403506.2011.12.6,2011-12-06 00:00:00,NL,2011,12,6,4.6,,2.9,,6.2,,0,T,0,T,0,,0,,25,E,39,E,0,,13.4,,,M,,M
-52.742777777777775,47.62222222222222,ST JOHN'S A,8403506,8403506.2011.12.7,2011-12-07 00:00:00,NL,2011,12,7,4.5,,1.6,,7.4,,20.6,,20.6,,0,,0,,20,E,46,E,0,,13.5,,,M,,M
-52.742777777777775,47.62222222222222,ST JOHN'S A,8403506,8403506.2011.12.8,2011-12-08 00:00:00,NL,2011,12,8,7.5,,1.8,,13.1,,5.8,,5.8,,0,,0,,,M,,M,0,,10.5,,,M,,M
-52.742777777777775,47.62222222222222,ST JOHN'S A,8403506,8403506.2011.12.9,2011-12-09 00:00:00,NL,2011,12,9,1,,-0.7,,2.7,,0,,0,,0,,0,,27,E,106,E,0,,17,,,M,,M
-52.742777777777775,47.62222222222222,ST JOHN'S A,8403506,8403506.2011.12.10,2011-12-10 00:00:00,NL,2011,12,10,1.9,,-0.9,,4.7,,2,,2,,0,,0,,18,E,56,E,0,,16.1,,,M,,M
-52.742777777777775,47.62222222222222,ST JOHN'S A,8403506,8403506.2011.12.11,2011-12-11 00:00:00,NL,2011,12,11,-1,,-6.6,,4.7,,3,,3,,0,T,0,,29,E,65,E,0,,19,,,M,,M
-52.742777777777775,47.62222222222222,ST JOHN'S A,8403506,8403506.2011.12.12,2011-12-12 00:00:00,NL,2011,12,12,-3.1,,-6.4,,0.2,,0.4,,0,,0.8,,0,,28,E,78,E,0,,21.1,,,M,,M
-52.742777777777775,47.62222222222222,ST JOHN'S A,8403506,8403506.2011.12.13,2011-12-13 00:00:00,NL,2011,12,13,-2.2,,-5,,0.7,,1.6,,0,,2.6,,1,,4,E,41,E,0,,20.2,,,M,,M
-52.742777777777775,47.62222222222222,ST JOHN'S A,8403506,8403506.2011.12.14,2011-12-14 00:00:00,NL,2011,12,14,-5.1,,-5.9,,-4.3,,0,T,0,,0,T,3,,2,E,48,E,0,,23.1,,,M,,M
-52.742777777777775,47.62222222222222,ST JOHN'S A,8403506,8403506.2011.12.15,2011-12-15 00:00:00,NL,2011,12,15,-5.8,,-8.8,,-2.8,,0,,0,,0,,3,,0,,0,,0,,23.8,,,M,,M
-52.742777777777775,47.62222222222222,ST JOHN'S A,8403506,8403506.2011.12.16,2011-12-16 00:00:00,NL,2011,12,16,2.1,,-3.1,,7.3,,10.8,,10.8,,0.2,,1,,18,E,78,E,0,,15.9,,,M,,M
-52.742777777777775,47.62222222222222,ST JOHN'S A,8403506,8403506.2011.12.17,2011-12-17 00:00:00,NL,2011,12,17,0.2,,-3.1,,3.4,,0,T,0,T,0,T,0,,25,E,67,E,0,,17.8,,,M,,M
-52.742777777777775,47.62222222222222,ST JOHN'S A,8403506,8403506.2011.12.18,2011-12-18 00:00:00,NL,2011,12,18,-4.1,,-5.2,,-2.9,,5.5,,0,,8.2,,0,,4,E,54,E,0,,22.1,,,M,,M
-52.742777777777775,47.62222222222222,ST JOHN'S A,8403506,8403506.2011.12.19,2011-12-19 00:00:00,NL,2011,12,19,-2.4,,-3,,-1.8,,0.6,,0,,1.4,,8,,3,E,54,E,0,,20.4,,,M,,M
-52.742777777777775,47.62222222222222,ST JOHN'S A,8403506,8403506.2011.12.20,2011-12-20 00:00:00,NL,2011,12,20,-3.4,,-4.9,,-1.9,,7,,0,,8.4,,7,,30,E,56,E,0,,21.4,,,M,,M
-52.742777777777775,47.62222222222222,ST JOHN'S A,8403506,8403506.2011.12.21,2011-12-21 00:00:00,NL,2011,12,21,-3.6,,-5.4,,-1.8,,0,,0,,0,,11,,28,E,56,E,0,,21.6,,,M,,M
-52.742777777777775,47.62222222222222,ST JOHN'S A,8403506,8403506.2011.12.22,2011-12-22 00:00:00,NL,2011,12,22,2.7,,-1.8,,7.1,,8.2,,8.2,,0,,9,,17,E,80,E,0,,15.3,,,M,,M
-52.742777777777775,47.62222222222222,ST JOHN'S A,8403506,8403506.2011.12.23,2011-12-23 00:00:00,NL,2011,12,23,-0.4,,-2,,1.3,,6.8,,0,T,7.8,,0,T,31,E,41,E,0,,18.4,,,M,,M
-52.742777777777775,47.62222222222222,ST JOHN'S A,8403506,8403506.2011.12.24,2011-12-24 00:00:00,NL,2011,12,24,-7.7,,-13.6,,-1.7,,1.8,,0,,2.8,,11,,36,E,61,E,0,,25.7,,,M,,M
-52.742777777777775,47.62222222222222,ST JOHN'S A,8403506,8403506.2011.12.25,2011-12-25 00:00:00,NL,2011,12,25,-10.9,,-13.6,,-8.2,,0,T,0,,0,T,8,,31,E,50,E,0,,28.9,,,M,,M
-52.742777777777775,47.62222222222222,ST JOHN'S A,8403506,8403506.2011.12.26,2011-12-26 00:00:00,NL,2011,12,26,-8.2,,-12,,-4.4,,0,,0,,0,,8,,0,,0,,0,,26.2,,,M,,M
-52.742777777777775,47.62222222222222,ST JOHN'S A,8403506,8403506.2011.12.27,2011-12-27 00:00:00,NL,2011,12,27,-3.7,,-8.3,,0.9,,0,,0,,0,,6,,0,,0,,0,,21.7,,,M,,M
-52.742777777777775,47.62222222222222,ST JOHN'S A,8403506,8403506.2011.12.28,2011-12-28 00:00:00,NL,2011,12,28,-2.9,,-8.6,,2.8,,0.4,,0.4,,0,,5,,0,,0,,0,,20.9,,,M,,M
-52.742777777777775,47.62222222222222,ST JOHN'S A,8403506,8403506.2011.12.29,2011-12-29 00:00:00,NL,2011,12,29,2.6,,-0.2,,5.3,,1.8,,1.8,,0,T,2,,24,E,93,E,0,,15.4,,,M,,M
-52.742777777777775,47.62222222222222,ST JOHN'S A,8403506,8403506.2011.12.30,2011-12-30 00:00:00,NL,2011,12,30,-1.5,,-3.1,,0.2,,0,T,0,,0,T,1,,25,E,93,E,0,,19.5,,,M,,M
-52.742777777777775,47.62222222222222,ST JOHN'S A,8403506,8403506.2011.12.31,2011-12-31 00:00:00,NL,2011,12,31,-1.9,,-3.5,,-0.3,,0,,0,,0,,1,,30,E,43,E,0,,19.9,,,M,,M
-52.742777777777775,47.62222222222222,ST JOHN'S A,8403506,8403506.2012.1.1,2012-01-01 00:00:00,NL,2012,1,1,-0.4,,-1.4,,0.7,,34,,23.5,,10.5,,2,,2,E,74,E,0,,18.4,,,M,,M
-52.742777777777775,47.62222222222222,ST JOHN'S A,8403506,8403506.2012.1.2,2012-01-02 00:00:00,NL,2012,1,2,1.8,,-1.5,,5.1,,1.4,,1.4,,0,T,5,,18,E,89,E,0,,16.2,,,M,,M
-52.742777777777775,47.62222222222222,ST JOHN'S A,8403506,8403506.2012.1.3,2012-01-03 00:00:00,NL,2012,1,3,4.5,,-0.4,,9.4,,9.8,,9.4,,0.4,,1,,23,E,57,E,0,,13.5,,,M,,M
-52.742777777777775,47.62222222222222,ST JOHN'S A,8403506,8403506.2012.1.4,2012-01-04 00:00:00,NL,2012,1,4,3.6,,-1.1,,8.2,,16.6,,13.2,,3.4,,0,T,17,E,106,E,0,,14.4,,,M,,M
-52.742777777777775,47.62222222222222,ST JOHN'S A,8403506,8403506.2012.1.5,2012-01-05 00:00:00,NL,2012,1,5,-1.8,,-3.5,,-0.1,,1,,0,,1,,0,T,27,E,70,E,0,,19.8,,,M,,M
-52.742777777777775,47.62222222222222,ST JOHN'S A,8403506,8403506.2012.1.6,2012-01-06 00:00:00,NL,2012,1,6,-1,,-7.6,,5.6,,4,,4,,0,T,0,,15,E,70,E,0,,19,,,M,,M
-52.742777777777775,47.62222222222222,ST JOHN'S A,8403506,8403506.2012.1.7,2012-01-07 00:00:00,NL,2012,1,7,-4.4,,-8.5,,-0.3,,0.4,,0,T,0.4,,0,,15,E,44,E,0,,22.4,,,M,,M
-52.742777777777775,47.62222222222222,ST JOHN'S A,8403506,8403506.2012.1.8,2012-01-08 00:00:00,NL,2012,1,8,2.7,,-1.4,,6.8,,0.8,,0.8,,0,T,0,T,26,E,57,E,0,,15.3,,,M,,M
-52.742777777777775,47.62222222222222,ST JOHN'S A,8403506,8403506.2012.1.9,2012-01-09 00:00:00,NL,2012,1,9,-1.3,,-3.6,,1,,1,,0,,1.4,,1,,0,,0,,0,,19.3,,,M,,M
-52.742777777777775,47.62222222222222,ST JOHN'S A,8403506,8403506.2012.1.10,2012-01-10 00:00:00,NL,2012,1,10,-1.8,,-3.2,,-0.4,,3.2,,0,,4.4,,3,,0,,0,,0,,19.8,,,M,,M
-52.742777777777775,47.62222222222222,ST JOHN'S A,8403506,8403506.2012.1.11,2012-01-11 00:00:00,NL,2012,1,11,-5,,-8.5,,-1.4,,13.4,,0,,15,,6,,30,E,59,E,0,,23,,,M,,M
-52.742777777777775,47.62222222222222,ST JOHN'S A,8403506,8403506.2012.1.12,2012-01-12 00:00:00,NL,2012,1,12,-11.1,,-13.6,,-8.5,,0.2,,0,,0.2,,19,,,M,,M,0,,29.1,,,M,,M
-52.742777777777775,47.62222222222222,ST JOHN'S A,8403506,8403506.2012.1.13,2012-01-13 00:00:00,NL,2012,1,13,-3.6,,-13.3,,6.1,,5,,0.8,,4.2,,17,,15,E,72,E,0,,21.6,,,M,,M
-52.742777777777775,47.62222222222222,ST JOHN'S A,8403506,8403506.2012.1.14,2012-01-14 00:00:00,NL,2012,1,14,5.3,,1,,9.5,,1.8,,1.8,,0,T,2,,25,E,93,E,0,,12.7,,,M,,M
-52.742777777777775,47.62222222222222,ST JOHN'S A,8403506,8403506.2012.1.15,2012-01-15 00:00:00,NL,2012,1,15,-5,,-11,,1,,0.6,,0,,1.2,,1,,28,E,56,E,0,,23,,,M,,M
-52.742777777777775,47.62222222222222,ST JOHN'S A,8403506,8403506.2012.1.16,2012-01-16 00:00:00,NL,2012,1,16,-9.5,,-10.2,,-8.7,,0,,0,,0,,0,,30,E,50,E,0,,27.5,,,M,,M
-52.742777777777775,47.62222222222222,ST JOHN'S A,8403506,8403506.2012.1.17,2012-01-17 00:00:00,NL,2012,1,17,-3.7,,-8.7,,1.4,,0.8,,0.2,,1,,0,,23,E,69,E,0,,21.7,,,M,,M
-52.742777777777775,47.62222222222222,ST JOHN'S A,8403506,8403506.2012.1.18,2012-01-18 00:00:00,NL,2012,1,18,3.4,,-2.2,,8.9,,6,,6,,0,,0,T,34,E,56,E,0,,14.6,,,M,,M
-52.742777777777775,47.62222222222222,ST JOHN'S A,8403506,8403506.2012.1.19,2012-01-19 00:00:00,NL,2012,1,19,0.6,,-4.3,,5.4,,0,,0,,0,,0,T,25,E,65,E,0,,17.4,,,M,,M
-52.742777777777775,47.62222222222222,ST JOHN'S A,8403506,8403506.2012.1.20,2012-01-20 00:00:00,NL,2012,1,20,-4,,-5.4,,-2.6,,23.6,,0,,25.2,,14,,2,E,74,E,0,,22,,,M,,M
-52.742777777777775,47.62222222222222,ST JOHN'S A,8403506,8403506.2012.1.21,2012-01-21 00:00:00,NL,2012,1,21,-1.1,,-3,,0.9,,0.4,,0,T,0.6,,25,,16,E,48,E,0,,19.1,,,M,,M
-52.742777777777775,47.62222222222222,ST JOHN'S A,8403506,8403506.2012.1.22,2012-01-22 00:00:00,NL,2012,1,22,-6.8,,-11.6,,-1.9,,1.4,,0,,2,,22,,30,E,39,E,0,,24.8,,,M,,M
-52.742777777777775,47.62222222222222,ST JOHN'S A,8403506,8403506.2012.1.23,2012-01-23 00:00:00,NL,2012,1,23,-8.7,,-12.2,,-5.2,,0,T,0,,0,T,20,,29,E,44,E,0,,26.7,,,M,,M
-52.742777777777775,47.62222222222222,ST JOHN'S A,8403506,8403506.2012.1.24,2012-01-24 00:00:00,NL,2012,1,24,-2.1,,-5.2,,1,,3.2,,1.6,,1.4,,20,,17,E,54,E,0,,20.1,,,M,,M
-52.742777777777775,47.62222222222222,ST JOHN'S A,8403506,8403506.2012.1.25,2012-01-25 00:00:00,NL,2012,1,25,4,,1,,7,,16.8,,16.8,,0,,10,,19,E,63,E,0,,14,,,M,,M
-52.742777777777775,47.62222222222222,ST JOHN'S A,8403506,8403506.2012.1.26,2012-01-26 00:00:00,NL,2012,1,26,-1.6,,-5,,1.9,,3,,0,,3.2,,4,,28,E,46,E,0,,19.6,,,M,,M
-52.742777777777775,47.62222222222222,ST JOHN'S A,8403506,8403506.2012.1.27,2012-01-27 00:00:00,NL,2012,1,27,-5.2,,-6,,-4.3,,0.6,,0,,1.2,,7,,34,E,43,E,0,,23.2,,,M,,M
-52.742777777777775,47.62222222222222,ST JOHN'S A,8403506,8403506.2012.1.28,2012-01-28 00:00:00,NL,2012,1,28,-1.7,,-5.1,,1.8,,19.8,,1.2,,16.8,,12,,12,E,93,E,0,,19.7,,,M,,M
-52.742777777777775,47.62222222222222,ST JOHN'S A,8403506,8403506.2012.1.29,2012-01-29 00:00:00,NL,2012,1,29,-0.4,,-2.3,,1.6,,0,T,0,,0,T,17,,29,E,69,E,0,,18.4,,,M,,M
-52.742777777777775,47.62222222222222,ST JOHN'S A,8403506,8403506.2012.1.30,2012-01-30 00:00:00,NL,2012,1,30,-1.5,,-2.9,,-0.1,,2.4,,0,,3.2,,16,,27,E,63,E,0,,19.5,,,M,,M
-52.742777777777775,47.62222222222222,ST JOHN'S A,8403506,8403506.2012.1.31,2012-01-31 00:00:00,NL,2012,1,31,-5.3,,-10.2,,-0.3,,15.7,,0,,21,,17,,32,E,80,E,0,,23.3,,,M,,M
-52.742777777777775,47.62222222222222,ST JOHN'S A,8403506,8403506.2012.2.1,2012-02-01 00:00:00,NL,2012,2,1,-8.6,,-10.3,,-6.9,,0.2,,0,,0.2,,36,,29,E,54,E,0,,26.6,,,M,,M
-52.742777777777775,47.62222222222222,ST JOHN'S A,8403506,8403506.2012.2.2,2012-02-02 00:00:00,NL,2012,2,2,-8.2,,-11.6,,-4.7,,10.2,,0,,17.8,,47,,3,E,46,E,0,,26.2,,,M,,M
-52.742777777777775,47.62222222222222,ST JOHN'S A,8403506,8403506.2012.2.3,2012-02-03 00:00:00,NL,2012,2,3,-9.5,,-14,,-4.9,,0.8,,0,,1.6,,54,,3,E,65,E,0,,27.5,,,M,,M
-52.742777777777775,47.62222222222222,ST JOHN'S A,8403506,8403506.2012.2.4,2012-02-04 00:00:00,NL,2012,2,4,-4.9,,-5.9,,-3.9,,9.9,,0,,11.8,,60,,33,E,83,E,0,,22.9,,,M,,M
-52.742777777777775,47.62222222222222,ST JOHN'S A,8403506,8403506.2012.2.5,2012-02-05 00:00:00,NL,2012,2,5,-7.1,,-9.1,,-5,,0.2,,0,,0.4,,62,,29,E,67,E,0,,25.1,,,M,,M
-52.742777777777775,47.62222222222222,ST JOHN'S A,8403506,8403506.2012.2.6,2012-02-06 00:00:00,NL,2012,2,6,-6.2,,-9.7,,-2.6,,1.6,,0,,2.2,,60,,27,E,50,E,0,,24.2,,,M,,M
-52.742777777777775,47.62222222222222,ST JOHN'S A,8403506,8403506.2012.2.7,2012-02-07 00:00:00,NL,2012,2,7,-1.7,,-4.2,,0.9,,0.2,,0,,0.4,,55,,24,E,50,E,0,,19.7,,,M,,M
-52.742777777777775,47.62222222222222,ST JOHN'S A,8403506,8403506.2012.2.8,2012-02-08 00:00:00,NL,2012,2,8,-5.5,,-6.8,,-4.1,,0,T,0,,0,T,50,,27,E,52,E,0,,23.5,,,M,,M
-52.742777777777775,47.62222222222222,ST JOHN'S A,8403506,8403506.2012.2.9,2012-02-09 00:00:00,NL,2012,2,9,-2,,-4.9,,0.9,,7.4,,3.6,,4,,50,,7,E,72,E,0,,20,,,M,,M
-52.742777777777775,47.62222222222222,ST JOHN'S A,8403506,8403506.2012.2.10,2012-02-10 00:00:00,NL,2012,2,10,-1.7,,-6.3,,2.9,,6.8,,6.8,,0,T,42,,31,E,74,E,0,,19.7,,,M,,M
-52.742777777777775,47.62222222222222,ST JOHN'S A,8403506,8403506.2012.2.11,2012-02-11 00:00:00,NL,2012,2,11,-3.1,,-7.5,,1.3,,0,,0,,0,,40,,15,E,72,E,0,,21.1,,,M,,M
-52.742777777777775,47.62222222222222,ST JOHN'S A,8403506,8403506.2012.2.12,2012-02-12 00:00:00,NL,2012,2,12,4.1,,0.8,,7.4,,65.2,,65.2,,0,,30,,,M,,M,0,,13.9,,,M,,M
-52.742777777777775,47.62222222222222,ST JOHN'S A,8403506,8403506.2012.2.13,2012-02-13 00:00:00,NL,2012,2,13,-1.7,,-9.6,,6.3,,4.8,,4.8,,0.2,,15,,23,E,72,E,0,,19.7,,,M,,M
-52.742777777777775,47.62222222222222,ST JOHN'S A,8403506,8403506.2012.2.14,2012-02-14 00:00:00,NL,2012,2,14,-6.1,,-8.6,,-3.6,,0.2,,0,,0.8,,13,,25,E,54,E,0,,24.1,,,M,,M
-52.742777777777775,47.62222222222222,ST JOHN'S A,8403506,8403506.2012.2.15,2012-02-15 00:00:00,NL,2012,2,15,-4.7,,-9.9,,0.6,,0,T,0,,0,T,13,,16,E,39,E,0,,22.7,,,M,,M
-52.742777777777775,47.62222222222222,ST JOHN'S A,8403506,8403506.2012.2.16,2012-02-16 00:00:00,NL,2012,2,16,1.6,,-0.9,,4.1,,53.8,,53.8,,0,T,10,,,M,,M,0,,16.4,,,M,,M
-52.742777777777775,47.62222222222222,ST JOHN'S A,8403506,8403506.2012.2.17,2012-02-17 00:00:00,NL,2012,2,17,0.6,,-2.8,,3.9,,6.6,,6.4,,0.2,,3,,17,E,56,E,0,,17.4,,,M,,M
-52.742777777777775,47.62222222222222,ST JOHN'S A,8403506,8403506.2012.2.18,2012-02-18 00:00:00,NL,2012,2,18,-1.2,,-2.9,,0.5,,8,,2.8,,5.2,,2,,11,E,57,E,0,,19.2,,,M,,M
-52.742777777777775,47.62222222222222,ST JOHN'S A,8403506,8403506.2012.2.19,2012-02-19 00:00:00,NL,2012,2,19,-1.5,,-2.6,,-0.3,,0,T,0,T,0.2,,6,,24,E,82,E,0,,19.5,,,M,,M
-52.742777777777775,47.62222222222222,ST JOHN'S A,8403506,8403506.2012.2.20,2012-02-20 00:00:00,NL,2012,2,20,-4.5,,-6.4,,-2.6,,0,,0,,0,,6,,27,E,78,E,0,,22.5,,,M,,M
-52.742777777777775,47.62222222222222,ST JOHN'S A,8403506,8403506.2012.2.21,2012-02-21 00:00:00,NL,2012,2,21,-6.8,,-8,,-5.6,,0,T,0,,0,T,6,,33,E,56,E,0,,24.8,,,M,,M
-52.742777777777775,47.62222222222222,ST JOHN'S A,8403506,8403506.2012.2.22,2012-02-22 00:00:00,NL,2012,2,22,-3.8,,-9.7,,2.1,,5.8,,1.6,,4.8,,6,,17,E,67,E,0,,21.8,,,M,,M
-52.742777777777775,47.62222222222222,ST JOHN'S A,8403506,8403506.2012.2.23,2012-02-23 00:00:00,NL,2012,2,23,1.2,,-1.4,,3.8,,1.6,,0.6,,1,,4,,26,E,54,E,0,,16.8,,,M,,M
-52.742777777777775,47.62222222222222,ST JOHN'S A,8403506,8403506.2012.2.24,2012-02-24 00:00:00,NL,2012,2,24,0.8,,-1.1,,2.7,,6.7,,4.9,,1.8,,2,,28,E,70,E,0,,17.2,,,M,,M
-52.742777777777775,47.62222222222222,ST JOHN'S A,8403506,8403506.2012.2.25,2012-02-25 00:00:00,NL,2012,2,25,0,,-2,,2,,3.1,,2.2,,0.9,,2,,14,E,80,E,0,,18,,,M,,M
-52.742777777777775,47.62222222222222,ST JOHN'S A,8403506,8403506.2012.2.26,2012-02-26 00:00:00,NL,2012,2,26,-0.6,,-2.3,,1.2,,0,T,0,,0.8,,7,,24,E,85,E,0,,18.6,,,M,,M
-52.742777777777775,47.62222222222222,ST JOHN'S A,8403506,8403506.2012.2.27,2012-02-27 00:00:00,NL,2012,2,27,-5.9,,-10,,-1.8,,0.4,,0,,0.8,,2,,30,E,44,E,0,,23.9,,,M,,M
-52.742777777777775,47.62222222222222,ST JOHN'S A,8403506,8403506.2012.2.28,2012-02-28 00:00:00,NL,2012,2,28,-9.5,,-12.2,,-6.7,,0,,0,,0,,2,,3,E,35,E,0,,27.5,,,M,,M
-52.742777777777775,47.62222222222222,ST JOHN'S A,8403506,8403506.2012.2.29,2012-02-29 00:00:00,NL,2012,2,29,-9,,-11.1,,-6.8,,0,T,0,,0,T,2,,32,E,132,E,0,,27,,,M,,M
-52.742777777777775,47.62222222222222,ST JOHN'S A,8403506,8403506.2012.3.1,2012-03-01 00:00:00,NL,2012,3,1,-10.8,,-13.1,,-8.4,,0,T,0,,0.2,,2,,33,E,48,E,0,,28.8,,,M,,M
-52.742777777777775,47.62222222222222,ST JOHN'S A,8403506,8403506.2012.3.2,2012-03-02 00:00:00,NL,2012,3,2,-6.1,,-8.6,,-3.6,,0,T,0,,0.2,,2,,4,E,33,E,0,,24.1,,,M,,M
-52.742777777777775,47.62222222222222,ST JOHN'S A,8403506,8403506.2012.3.3,2012-03-03 00:00:00,NL,2012,3,3,-1.5,,-3.6,,0.7,,0.8,,0.2,,0.6,,2,,16,E,74,E,0,,19.5,,,M,,M
-52.742777777777775,47.62222222222222,ST JOHN'S A,8403506,8403506.2012.3.4,2012-03-04 00:00:00,NL,2012,3,4,2.2,,-0.8,,5.2,,5.4,,3.4,,2.2,,7,,17,E,96,E,0,,15.8,,,M,,M
-52.742777777777775,47.62222222222222,ST JOHN'S A,8403506,8403506.2012.3.5,2012-03-05 00:00:00,NL,2012,3,5,-0.3,,-4.1,,3.5,,10.2,,9.8,,0.4,,2,,30,E,72,E,0,,18.3,,,M,,M
-52.742777777777775,47.62222222222222,ST JOHN'S A,8403506,8403506.2012.3.6,2012-03-06 00:00:00,NL,2012,3,6,-2.1,,-4.1,,0,,6.8,,0,,8.4,,1,,5,E,70,E,0,,20.1,,,M,,M
-52.742777777777775,47.62222222222222,ST JOHN'S A,8403506,8403506.2012.3.7,2012-03-07 00:00:00,NL,2012,3,7,-4.7,,-7.6,,-1.8,,15.2,,0,,16.2,,25,,36,E,95,E,0,,22.7,,,M,,M
-52.742777777777775,47.62222222222222,ST JOHN'S A,8403506,8403506.2012.3.8,2012-03-08 00:00:00,NL,2012,3,8,-1.5,,-7.6,,4.7,,0,T,0,T,0,T,22,,25,E,69,E,0,,19.5,,,M,,M
-52.742777777777775,47.62222222222222,ST JOHN'S A,8403506,8403506.2012.3.9,2012-03-09 00:00:00,NL,2012,3,9,5.5,,-1.2,,12.2,,0.2,,0,T,0.2,,4,,24,E,98,E,0,,12.5,,,M,,M
-52.742777777777775,47.62222222222222,ST JOHN'S A,8403506,8403506.2012.3.10,2012-03-10 00:00:00,NL,2012,3,10,-3.7,,-6.3,,-1.1,,4,,0,,4.4,,1,,1,E,46,E,0,,21.7,,,M,,M
-52.742777777777775,47.62222222222222,ST JOHN'S A,8403506,8403506.2012.3.11,2012-03-11 00:00:00,NL,2012,3,11,-6.2,,-9.2,,-3.2,,0,T,0,,0,T,5,,31,E,69,E,0,,24.2,,,M,,M
-52.742777777777775,47.62222222222222,ST JOHN'S A,8403506,8403506.2012.3.12,2012-03-12 00:00:00,NL,2012,3,12,-3,,-6.6,,0.6,,1.2,,0,,1.6,,3,,22,E,48,E,0,,21,,,M,,M
-52.742777777777775,47.62222222222222,ST JOHN'S A,8403506,8403506.2012.3.13,2012-03-13 00:00:00,NL,2012,3,13,-5.7,,-8.6,,-2.8,,0,T,0,,0,T,3,,32,E,65,E,0,,23.7,,,M,,M
-52.742777777777775,47.62222222222222,ST JOHN'S A,8403506,8403506.2012.3.14,2012-03-14 00:00:00,NL,2012,3,14,-6.3,,-9.4,,-3.2,,0,,0,,0,,2,,33,E,33,E,0,,24.3,,,M,,M
-52.742777777777775,47.62222222222222,ST JOHN'S A,8403506,8403506.2012.3.15,2012-03-15 00:00:00,NL,2012,3,15,-5.6,,-8.3,,-2.8,,0,,0,,0,,2,,10,E,44,E,0,,23.6,,,M,,M
-52.742777777777775,47.62222222222222,ST JOHN'S A,8403506,8403506.2012.3.16,2012-03-16 00:00:00,NL,2012,3,16,-1.5,,-3.1,,0.1,,13,,13,,0,,0,T,6,E,44,E,0,,19.5,,,M,,M
-52.742777777777775,47.62222222222222,ST JOHN'S A,8403506,8403506.2012.3.17,2012-03-17 00:00:00,NL,2012,3,17,0.9,,-1.5,,3.3,,0,T,0,T,0,,0,T,28,E,39,E,0,,17.1,,,M,,M
-52.742777777777775,47.62222222222222,ST JOHN'S A,8403506,8403506.2012.3.18,2012-03-18 00:00:00,NL,2012,3,18,1,,-4,,6,,0,,0,,0,,0,T,25,E,72,E,0,,17,,,M,,M
-52.742777777777775,47.62222222222222,ST JOHN'S A,8403506,8403506.2012.3.19,2012-03-19 00:00:00,NL,2012,3,19,-1.3,,-4.7,,2.2,,0.2,,0,T,0.4,,0,T,34,E,74,E,0,,19.3,,,M,,M
