x,y,STATION_NAME,CLIMATE_IDENTIFIER,ID,LOCAL_DATE,PROVINCE_CODE,LOCAL_YEAR,LOCAL_MONTH,LOCAL_DAY,MEAN_TEMPERATURE,MEAN_TEMPERATURE_FLAG,MIN_TEMPERATURE,MIN_TEMPERATURE_FLAG,MAX_TEMPERATURE,MAX_TEMPERATURE_FLAG,TOTAL_PRECIPITATION,TOTAL_PRECIPITATION_FLAG,TOTAL_RAIN,TOTAL_RAIN_FLAG,TOTAL_SNOW,TOTAL_SNOW_FLAG,SNOW_ON_GROUND,SNOW_ON_GROUND_FLAG,DIRECTION_MAX_GUST,DIRECTION_MAX_GUST_FLAG,SPEED_MAX_GUST,SPEED_MAX_GUST_FLAG,COOLING_DEGREE_DAYS,COOLING_DEGREE_DAYS_FLAG,HEATING_DEGREE_DAYS,HEATING_DEGREE_DAYS_FLAG,MIN_REL_HUMIDITY,MIN_REL_HUMIDITY_FLAG,MAX_REL_HUMIDITY,MAX_REL_HUMIDITY_FLAG
-52.78333888888889,47.513355555555556,ST JOHNS WEST CLIMATE,8403603,8403603.2010.8.24,2010-08-24 00:00:00,NL,2010,8,24,,M,,M,,M,,M,,M,,M,,,0,,0,,,M,,M,,,,
-52.78333888888889,47.513355555555556,ST JOHNS WEST CLIMATE,8403603,8403603.2010.8.25,2010-08-25 00:00:00,NL,2010,8,25,17.4,,11.3,,23.4,,0,,,M,,M,,,0,,0,,0,,0.6,,49,,96,
-52.78333888888889,47.513355555555556,ST JOHNS WEST CLIMATE,8403603,8403603.2010.8.26,2010-08-26 00:00:00,NL,2010,8,26,17.9,,13.8,,21.9,,0,,,M,,M,,,14,,32,,0,,0.1,,64,,98,
-52.78333888888889,47.513355555555556,ST JOHNS WEST CLIMATE,8403603,8403603.2010.8.27,2010-08-27 00:00:00,NL,2010,8,27,16.1,,14,,18.1,,0,,,M,,M,,,18,,46,,0,,1.9,,84,,97,
-52.78333888888889,47.513355555555556,ST JOHNS WEST CLIMATE,8403603,8403603.2010.8.28,2010-08-28 00:00:00,NL,2010,8,28,16.9,,11.7,,22.1,,0,,,M,,M,,,0,,0,,0,,1.1,,56,,94,
-52.78333888888889,47.513355555555556,ST JOHNS WEST CLIMATE,8403603,8403603.2010.8.29,2010-08-29 00:00:00,NL,2010,8,29,16.1,,10.3,,21.8,,0,,,M,,M,,,0,,0,,0,,1.9,,60,,97,
-52.78333888888889,47.513355555555556,ST JOHNS WEST CLIMATE,8403603,8403603.2010.8.30,2010-08-30 00:00:00,NL,2010,8,30,15.8,,8.8,,22.8,,0,,,M,,M,,,0,,0,,0,,2.2,,48,,97,
-52.78333888888889,47.513355555555556,ST JOHNS WEST CLIMATE,8403603,8403603.2010.8.31,2010-08-31 00:00:00,NL,2010,8,31,14.7,,10,,19.4,,0,,,M,,M,,,26,,41,,0,,3.3,,52,,93,
-52.78333888888889,47.513355555555556,ST JOHNS WEST CLIMATE,8403603,8403603.2010.9.1,2010-09-01 00:00:00,NL,2010,9,1,15.9,,12.1,,19.7,,0,,,M,,M,,,32,,35,,0,,2.1,,39,,95,
-52.78333888888889,47.513355555555556,ST JOHNS WEST CLIMATE,8403603,8403603.2010.9.2,2010-09-02 00:00:00,NL,2010,9,2,19.5,,16.3,,22.6,,6.4,,,M,,M,,,0,,0,,1.5,,0,,70,,96,
-52.78333888888889,47.513355555555556,ST JOHNS WEST CLIMATE,8403603,8403603.2010.9.3,2010-09-03 00:00:00,NL,2010,9,3,16.4,,12.9,,19.9,,0,,,M,,M,,,32,,39,,0,,1.6,,68,,95,
-52.78333888888889,47.513355555555556,ST JOHNS WEST CLIMATE,8403603,8403603.2010.9.4,2010-09-04 00:00:00,NL,2010,9,4,20.1,,15.8,,24.4,,0,,,M,,M,,,23,,61,,2.1,,0,,55,,96,
-52.78333888888889,47.513355555555556,ST JOHNS WEST CLIMATE,8403603,8403603.2010.9.5,2010-09-05 00:00:00,NL,2010,9,5,21,,16.1,,25.8,,0,,,M,,M,,,24,,57,,3,,0,,41,,87,
-52.78333888888889,47.513355555555556,ST JOHNS WEST CLIMATE,8403603,8403603.2010.9.6,2010-09-06 00:00:00,NL,2010,9,6,17.5,,12.6,,22.3,,0,,,M,,M,,,23,,50,,0,,0.5,,46,,86,
-52.78333888888889,47.513355555555556,ST JOHNS WEST CLIMATE,8403603,8403603.2010.9.7,2010-09-07 00:00:00,NL,2010,9,7,16.5,,12.2,,20.8,,0,,,M,,M,,,27,,41,,0,,1.5,,37,,92,
-52.78333888888889,47.513355555555556,ST JOHNS WEST CLIMATE,8403603,8403603.2010.9.8,2010-09-08 00:00:00,NL,2010,9,8,12.5,,10.9,,14.1,,0.4,,,M,,M,,,30,,41,,0,,5.5,,65,,94,
-52.78333888888889,47.513355555555556,ST JOHNS WEST CLIMATE,8403603,8403603.2010.9.9,2010-09-09 00:00:00,NL,2010,9,9,12.8,,10.7,,14.8,,17.1,,,M,,M,,,14,,43,,0,,5.2,,,,,
-52.78333888888889,47.513355555555556,ST JOHNS WEST CLIMATE,8403603,8403603.2010.9.10,2010-09-10 00:00:00,NL,2010,9,10,15.5,,12.6,,18.4,,30.8,,,M,,M,,,16,,50,,0,,2.5,,91,,97,
-52.78333888888889,47.513355555555556,ST JOHNS WEST CLIMATE,8403603,8403603.2010.9.11,2010-09-11 00:00:00,NL,2010,9,11,15.6,,11,,20.2,,1.4,,,M,,M,,,33,,32,,0,,2.4,,69,,97,
-52.78333888888889,47.513355555555556,ST JOHNS WEST CLIMATE,8403603,8403603.2010.9.12,2010-09-12 00:00:00,NL,2010,9,12,10.6,,9.5,,11.7,,6.2,,,M,,M,,,36,,48,,0,,7.4,,90,,96,
-52.78333888888889,47.513355555555556,ST JOHNS WEST CLIMATE,8403603,8403603.2010.9.13,2010-09-13 00:00:00,NL,2010,9,13,10.5,,9.5,,11.4,,3.9,,,M,,M,,,3,,43,,0,,7.5,,87,,96,
-52.78333888888889,47.513355555555556,ST JOHNS WEST CLIMATE,8403603,8403603.2010.9.14,2010-09-14 00:00:00,NL,2010,9,14,10,,7.7,,12.2,,0.2,,,M,,M,,,0,,0,,0,,8,,74,,95,
-52.78333888888889,47.513355555555556,ST JOHNS WEST CLIMATE,8403603,8403603.2010.9.15,2010-09-15 00:00:00,NL,2010,9,15,13.9,,8.6,,19.2,,7.9,,,M,,M,,,12,,33,,0,,4.1,,87,,97,
-52.78333888888889,47.513355555555556,ST JOHNS WEST CLIMATE,8403603,8403603.2010.9.16,2010-09-16 00:00:00,NL,2010,9,16,16.2,,11.5,,20.8,,22.1,,,M,,M,,,24,,43,,0,,1.8,,64,,98,
-52.78333888888889,47.513355555555556,ST JOHNS WEST CLIMATE,8403603,8403603.2010.9.17,2010-09-17 00:00:00,NL,2010,9,17,15,,12.1,,17.8,,0,,,M,,M,,,24,,50,,0,,3,,65,,93,
-52.78333888888889,47.513355555555556,ST JOHNS WEST CLIMATE,8403603,8403603.2010.9.18,2010-09-18 00:00:00,NL,2010,9,18,13.5,,9.4,,17.6,,14.3,,,M,,M,,,22,,46,,0,,4.5,,80,,93,
-52.78333888888889,47.513355555555556,ST JOHNS WEST CLIMATE,8403603,8403603.2010.9.19,2010-09-19 00:00:00,NL,2010,9,19,11.7,,4.9,,18.4,,0.2,,,M,,M,,,0,,0,,0,,6.3,,63,,97,
-52.78333888888889,47.513355555555556,ST JOHNS WEST CLIMATE,8403603,8403603.2010.9.20,2010-09-20 00:00:00,NL,2010,9,20,13.7,,11.5,,15.8,,45.5,,,M,,M,,,14,,56,,0,,4.3,,85,,96,
-52.78333888888889,47.513355555555556,ST JOHNS WEST CLIMATE,8403603,8403603.2010.9.21,2010-09-21 00:00:00,NL,2010,9,21,12.3,,8.3,,16.3,,72.6,,,M,,M,,,32,E,109,E,0,,5.7,,58,,97,
-52.78333888888889,47.513355555555556,ST JOHNS WEST CLIMATE,8403603,8403603.2010.9.22,2010-09-22 00:00:00,NL,2010,9,22,12.1,,8.8,,15.4,,0,,,M,,M,,,28,,67,,0,,5.9,,49,,91,
-52.78333888888889,47.513355555555556,ST JOHNS WEST CLIMATE,8403603,8403603.2010.9.23,2010-09-23 00:00:00,NL,2010,9,23,12.3,,7,,17.5,,,M,,M,,M,,,28,,52,,0,,5.7,,53,,95,
-52.78333888888889,47.513355555555556,ST JOHNS WEST CLIMATE,8403603,8403603.2010.9.24,2010-09-24 00:00:00,NL,2010,9,24,8.9,,4.4,,13.4,,0,,,M,,M,,,29,,50,,0,,9.1,,47,,90,
-52.78333888888889,47.513355555555556,ST JOHNS WEST CLIMATE,8403603,8403603.2010.9.25,2010-09-25 00:00:00,NL,2010,9,25,5.2,,1.7,,8.7,,1.7,,,M,,M,,,0,,0,,0,,12.8,,80,,97,
-52.78333888888889,47.513355555555556,ST JOHNS WEST CLIMATE,8403603,8403603.2010.9.26,2010-09-26 00:00:00,NL,2010,9,26,5.6,,0,,11.1,,,M,,M,,M,,,5,,32,,0,,12.4,,56,,98,
-52.78333888888889,47.513355555555556,ST JOHNS WEST CLIMATE,8403603,8403603.2010.9.27,2010-09-27 00:00:00,NL,2010,9,27,7.5,,-0.3,,15.2,,0,,,M,,M,,,24,,41,,0,,10.5,,41,,99,
-52.78333888888889,47.513355555555556,ST JOHNS WEST CLIMATE,8403603,8403603.2010.9.28,2010-09-28 00:00:00,NL,2010,9,28,10.4,,5.2,,15.6,,0,,,M,,M,,,25,,56,,0,,7.6,,65,,94,
-52.78333888888889,47.513355555555556,ST JOHNS WEST CLIMATE,8403603,8403603.2010.9.29,2010-09-29 00:00:00,NL,2010,9,29,18.2,,15.5,,20.9,,2.4,,,M,,M,,,25,,52,,0.2,,0,,83,,95,
-52.78333888888889,47.513355555555556,ST JOHNS WEST CLIMATE,8403603,8403603.2010.9.30,2010-09-30 00:00:00,NL,2010,9,30,16,,12.9,,19.1,,0,,,M,,M,,,25,,32,,0,,2,,81,,96,
-52.78333888888889,47.513355555555556,ST JOHNS WEST CLIMATE,8403603,8403603.2010.10.1,2010-10-01 00:00:00,NL,2010,10,1,18.7,,13.7,,23.7,,0,,,M,,M,,,24,,59,,0.7,,0,,77,,95,
-52.78333888888889,47.513355555555556,ST JOHNS WEST CLIMATE,8403603,8403603.2010.10.2,2010-10-02 00:00:00,NL,2010,10,2,18.3,,14.8,,21.7,,0,,,M,,M,,,24,,69,,0.3,,0,,80,,94,
-52.78333888888889,47.513355555555556,ST JOHNS WEST CLIMATE,8403603,8403603.2010.10.3,2010-10-03 00:00:00,NL,2010,10,3,11.5,,7.4,,15.6,,,M,,M,,M,,,28,,48,,0,,6.5,,57,,91,
-52.78333888888889,47.513355555555556,ST JOHNS WEST CLIMATE,8403603,8403603.2010.10.4,2010-10-04 00:00:00,NL,2010,10,4,8.6,,4.1,,13.1,,,M,,M,,M,,,0,,0,,0,,9.4,,72,,97,
-52.78333888888889,47.513355555555556,ST JOHNS WEST CLIMATE,8403603,8403603.2010.10.5,2010-10-05 00:00:00,NL,2010,10,5,10.4,,5.9,,14.8,,0,,,M,,M,,,29,,37,,0,,7.6,,45,,94,
-52.78333888888889,47.513355555555556,ST JOHNS WEST CLIMATE,8403603,8403603.2010.10.6,2010-10-06 00:00:00,NL,2010,10,6,5.6,,0.5,,10.6,,0,,,M,,M,,,32,,43,,0,,12.4,,53,,97,
-52.78333888888889,47.513355555555556,ST JOHNS WEST CLIMATE,8403603,8403603.2010.10.7,2010-10-07 00:00:00,NL,2010,10,7,6.4,,0.2,,12.5,,13.8,,,M,,M,,,18,,56,,0,,11.6,,71,,98,
-52.78333888888889,47.513355555555556,ST JOHNS WEST CLIMATE,8403603,8403603.2010.10.8,2010-10-08 00:00:00,NL,2010,10,8,9.9,,5.2,,14.6,,0.2,,,M,,M,,,25,,54,,0,,8.1,,60,,97,
-52.78333888888889,47.513355555555556,ST JOHNS WEST CLIMATE,8403603,8403603.2010.10.9,2010-10-09 00:00:00,NL,2010,10,9,7.4,,4.7,,10.1,,1.4,,,M,,M,,,27,,41,,0,,10.6,,59,,88,
-52.78333888888889,47.513355555555556,ST JOHNS WEST CLIMATE,8403603,8403603.2010.10.10,2010-10-10 00:00:00,NL,2010,10,10,7.5,,4.9,,10,,1.5,,,M,,M,,,25,,46,,0,,10.5,,66,,92,
-52.78333888888889,47.513355555555556,ST JOHNS WEST CLIMATE,8403603,8403603.2010.10.11,2010-10-11 00:00:00,NL,2010,10,11,7.9,,4.9,,10.9,,1.2,,,M,,M,,,24,,54,,0,,10.1,,61,,91,
-52.78333888888889,47.513355555555556,ST JOHNS WEST CLIMATE,8403603,8403603.2010.10.12,2010-10-12 00:00:00,NL,2010,10,12,8.4,,4.4,,12.4,,0,,,M,,M,,,26,,35,,0,,9.6,,49,,94,
-52.78333888888889,47.513355555555556,ST JOHNS WEST CLIMATE,8403603,8403603.2010.10.13,2010-10-13 00:00:00,NL,2010,10,13,7.5,,6.5,,8.4,,15.7,,,M,,M,,,0,,0,,0,,10.5,,93,,97,
-52.78333888888889,47.513355555555556,ST JOHNS WEST CLIMATE,8403603,8403603.2010.10.14,2010-10-14 00:00:00,NL,2010,10,14,6.3,,5.1,,7.4,,6.1,,,M,,M,,,33,,43,,0,,11.7,,80,,96,
-52.78333888888889,47.513355555555556,ST JOHNS WEST CLIMATE,8403603,8403603.2010.10.15,2010-10-15 00:00:00,NL,2010,10,15,5.2,,0.7,,9.7,,0,,,M,,M,,,13,,39,,0,,12.8,,68,,97,
-52.78333888888889,47.513355555555556,ST JOHNS WEST CLIMATE,8403603,8403603.2010.10.16,2010-10-16 00:00:00,NL,2010,10,16,9.5,,6.9,,12,,15.5,,,M,,M,,,12,,63,,0,,8.5,,91,,97,
-52.78333888888889,47.513355555555556,ST JOHNS WEST CLIMATE,8403603,8403603.2010.10.17,2010-10-17 00:00:00,NL,2010,10,17,11.7,,8.6,,14.8,,0.2,,,M,,M,,,24,,50,,0,,6.3,,90,,98,
-52.78333888888889,47.513355555555556,ST JOHNS WEST CLIMATE,8403603,8403603.2010.10.18,2010-10-18 00:00:00,NL,2010,10,18,7.8,,3.8,,11.7,,0.8,,,M,,M,,,23,,44,,0,,10.2,,68,,95,
-52.78333888888889,47.513355555555556,ST JOHNS WEST CLIMATE,8403603,8403603.2010.10.19,2010-10-19 00:00:00,NL,2010,10,19,5.1,,0,,10.1,,0.2,,,M,,M,,,24,,52,,0,,12.9,,52,,94,
-52.78333888888889,47.513355555555556,ST JOHNS WEST CLIMATE,8403603,8403603.2010.10.20,2010-10-20 00:00:00,NL,2010,10,20,,M,0,E,,M,2.3,,,M,,M,,,0,,0,,,M,,M,,,,
-52.78333888888889,47.513355555555556,ST JOHNS WEST CLIMATE,8403603,8403603.2010.10.21,2010-10-21 00:00:00,NL,2010,10,21,8,,5.6,,10.3,,7.6,,,M,,M,,,0,,0,,0,,10,,94,,99,
-52.78333888888889,47.513355555555556,ST JOHNS WEST CLIMATE,8403603,8403603.2010.10.22,2010-10-22 00:00:00,NL,2010,10,22,11.2,,6.6,,15.7,,2,,,M,,M,,,23,,56,,0,,6.8,,70,,99,
-52.78333888888889,47.513355555555556,ST JOHNS WEST CLIMATE,8403603,8403603.2010.10.23,2010-10-23 00:00:00,NL,2010,10,23,6.8,,3.6,,10,,1.5,,,M,,M,,,23,,46,,0,,11.2,,64,,97,
-52.78333888888889,47.513355555555556,ST JOHNS WEST CLIMATE,8403603,8403603.2010.10.24,2010-10-24 00:00:00,NL,2010,10,24,5.2,,2.7,,7.7,,0.3,,,M,,M,,,30,,39,,0,,12.8,,74,,97,
-52.78333888888889,47.513355555555556,ST JOHNS WEST CLIMATE,8403603,8403603.2010.10.25,2010-10-25 00:00:00,NL,2010,10,25,5.3,,1.9,,8.7,,0,,,M,,M,,,29,,33,,0,,12.7,,58,,94,
-52.78333888888889,47.513355555555556,ST JOHNS WEST CLIMATE,8403603,8403603.2010.10.26,2010-10-26 00:00:00,NL,2010,10,26,3.7,,2.2,,5.2,,2.3,,,M,,M,,,0,,0,,0,,14.3,,74,,95,
-52.78333888888889,47.513355555555556,ST JOHNS WEST CLIMATE,8403603,8403603.2010.10.27,2010-10-27 00:00:00,NL,2010,10,27,4.4,,1.4,,7.4,,1.9,,,M,,M,,,18,,37,,0,,13.6,,63,,94,
-52.78333888888889,47.513355555555556,ST JOHNS WEST CLIMATE,8403603,8403603.2010.10.28,2010-10-28 00:00:00,NL,2010,10,28,11.2,,5.9,,16.4,,16,,,M,,M,,,25,,61,,0,,6.8,,90,,97,
-52.78333888888889,47.513355555555556,ST JOHNS WEST CLIMATE,8403603,8403603.2010.10.29,2010-10-29 00:00:00,NL,2010,10,29,11.4,,9.4,,13.4,,0,,,M,,M,,,27,,39,,0,,6.6,,86,,97,
-52.78333888888889,47.513355555555556,ST JOHNS WEST CLIMATE,8403603,8403603.2010.10.30,2010-10-30 00:00:00,NL,2010,10,30,9.5,,3.6,,15.3,,12.4,,,M,,M,,,24,,63,,0,,8.5,,69,,97,
-52.78333888888889,47.513355555555556,ST JOHNS WEST CLIMATE,8403603,8403603.2010.10.31,2010-10-31 00:00:00,NL,2010,10,31,3.8,,0.5,,7.1,,0,,,M,,M,,,24,,69,,0,,14.2,,63,,95,
-52.78333888888889,47.513355555555556,ST JOHNS WEST CLIMATE,8403603,8403603.2010.11.1,2010-11-01 00:00:00,NL,2010,11,1,3.7,,1.8,,5.6,,2.2,,,M,,M,,,4,,39,,0,,14.3,,76,,94,
-52.78333888888889,47.513355555555556,ST JOHNS WEST CLIMATE,8403603,8403603.2010.11.2,2010-11-02 00:00:00,NL,2010,11,2,2.4,,0.5,,4.3,,3,,,M,,M,,,36,,39,,0,,15.6,,74,,94,
-52.78333888888889,47.513355555555556,ST JOHNS WEST CLIMATE,8403603,8403603.2010.11.3,2010-11-03 00:00:00,NL,2010,11,3,-0.2,,-2.6,,2.3,,0,,,M,,M,,,20,,32,,0,,18.2,,70,,94,
-52.78333888888889,47.513355555555556,ST JOHNS WEST CLIMATE,8403603,8403603.2010.11.4,2010-11-04 00:00:00,NL,2010,11,4,3.3,,0.3,,6.3,,0,,,M,,M,,,0,,0,,0,,14.7,,68,,95,
-52.78333888888889,47.513355555555556,ST JOHNS WEST CLIMATE,8403603,8403603.2010.11.5,2010-11-05 00:00:00,NL,2010,11,5,4.9,,-0.4,,10.2,,0,,,M,,M,,,18,,50,,0,,13.1,,71,,97,
-52.78333888888889,47.513355555555556,ST JOHNS WEST CLIMATE,8403603,8403603.2010.11.6,2010-11-06 00:00:00,NL,2010,11,6,12.2,,7.8,,16.6,,0,,,M,,M,,,24,,44,,0,,5.8,,72,,93,
-52.78333888888889,47.513355555555556,ST JOHNS WEST CLIMATE,8403603,8403603.2010.11.7,2010-11-07 00:00:00,NL,2010,11,7,11.1,,6.2,,15.9,,0,,,M,,M,,,20,,33,,0,,6.9,,59,,97,
-52.78333888888889,47.513355555555556,ST JOHNS WEST CLIMATE,8403603,8403603.2010.11.8,2010-11-08 00:00:00,NL,2010,11,8,11.7,,9,,14.3,,24.4,,,M,,M,,,18,,32,,0,,6.3,,97,,98,
-52.78333888888889,47.513355555555556,ST JOHNS WEST CLIMATE,8403603,8403603.2010.11.9,2010-11-09 00:00:00,NL,2010,11,9,9.9,,2.9,,16.8,,11.3,,,M,,M,,,3,,46,,0,,8.1,,92,,98,
-52.78333888888889,47.513355555555556,ST JOHNS WEST CLIMATE,8403603,8403603.2010.11.10,2010-11-10 00:00:00,NL,2010,11,10,2.6,,1.8,,3.4,,0,,,M,,M,,,4,,59,,0,,15.4,,67,,90,
-52.78333888888889,47.513355555555556,ST JOHNS WEST CLIMATE,8403603,8403603.2010.11.11,2010-11-11 00:00:00,NL,2010,11,11,1.1,,-1.7,,3.9,,0,,,M,,M,,,1,,52,,0,,16.9,,64,,90,
-52.78333888888889,47.513355555555556,ST JOHNS WEST CLIMATE,8403603,8403603.2010.11.12,2010-11-12 00:00:00,NL,2010,11,12,2.6,,-2.6,,7.8,,0.2,,,M,,M,,,0,,0,,0,,15.4,,43,,98,
-52.78333888888889,47.513355555555556,ST JOHNS WEST CLIMATE,8403603,8403603.2010.11.13,2010-11-13 00:00:00,NL,2010,11,13,5.1,,-2,,12.2,,0,,,M,,M,,,27,,33,,0,,12.9,,44,,99,
-52.78333888888889,47.513355555555556,ST JOHNS WEST CLIMATE,8403603,8403603.2010.11.14,2010-11-14 00:00:00,NL,2010,11,14,2.8,,-0.6,,6.1,,0,,,M,,M,,,36,,32,,0,,15.2,,57,,95,
-52.78333888888889,47.513355555555556,ST JOHNS WEST CLIMATE,8403603,8403603.2010.11.15,2010-11-15 00:00:00,NL,2010,11,15,-0.3,,-4.5,,4,,0,,,M,,M,,,0,,0,,0,,18.3,,61,,95,
-52.78333888888889,47.513355555555556,ST JOHNS WEST CLIMATE,8403603,8403603.2010.11.16,2010-11-16 00:00:00,NL,2010,11,16,2.3,,-0.5,,5.1,,0,,,M,,M,,,0,,0,,0,,15.7,,71,,93,
-52.78333888888889,47.513355555555556,ST JOHNS WEST CLIMATE,8403603,8403603.2010.11.17,2010-11-17 00:00:00,NL,2010,11,17,5.1,,1,,9.1,,0,,,M,,M,,,15,,32,,0,,12.9,,69,,96,
-52.78333888888889,47.513355555555556,ST JOHNS WEST CLIMATE,8403603,8403603.2010.11.18,2010-11-18 00:00:00,NL,2010,11,18,6.9,,4.9,,8.9,,4.9,,,M,,M,,,25,,50,,0,,11.1,,85,,97,
-52.78333888888889,47.513355555555556,ST JOHNS WEST CLIMATE,8403603,8403603.2010.11.19,2010-11-19 00:00:00,NL,2010,11,19,3.6,,1,,6.1,,1.2,,,M,,M,,,25,,41,,0,,14.4,,74,,96,
-52.78333888888889,47.513355555555556,ST JOHNS WEST CLIMATE,8403603,8403603.2010.11.20,2010-11-20 00:00:00,NL,2010,11,20,-1,,-3.6,,1.7,,0,,,M,,M,,,30,,43,,0,,19,,60,,83,
-52.78333888888889,47.513355555555556,ST JOHNS WEST CLIMATE,8403603,8403603.2010.11.21,2010-11-21 00:00:00,NL,2010,11,21,-3,,-4.6,,-1.3,,0,,,M,,M,,,33,,52,,0,,21,,46,,86,
-52.78333888888889,47.513355555555556,ST JOHNS WEST CLIMATE,8403603,8403603.2010.11.22,2010-11-22 00:00:00,NL,2010,11,22,-2.7,,-4,,-1.3,,0,,,M,,M,,,32,,61,,0,,20.7,,52,,67,
-52.78333888888889,47.513355555555556,ST JOHNS WEST CLIMATE,8403603,8403603.2010.11.23,2010-11-23 00:00:00,NL,2010,11,23,0,,-3.4,,3.4,,11.6,,,M,,M,,,29,,67,,0,,18,,71,,99,
-52.78333888888889,47.513355555555556,ST JOHNS WEST CLIMATE,8403603,8403603.2010.11.24,2010-11-24 00:00:00,NL,2010,11,24,2.8,,1.6,,3.9,,0.7,,,M,,M,,,33,,50,,0,,15.2,,82,,99,
-52.78333888888889,47.513355555555556,ST JOHNS WEST CLIMATE,8403603,8403603.2010.11.25,2010-11-25 00:00:00,NL,2010,11,25,2.3,,1.2,,3.4,,2.6,,,M,,M,,,33,,48,,0,,15.7,,82,,96,
-52.78333888888889,47.513355555555556,ST JOHNS WEST CLIMATE,8403603,8403603.2010.11.26,2010-11-26 00:00:00,NL,2010,11,26,2.1,,-1.9,,6,,0.2,,,M,,M,,,29,,50,,0,,15.9,,68,,99,
-52.78333888888889,47.513355555555556,ST JOHNS WEST CLIMATE,8403603,8403603.2010.11.27,2010-11-27 00:00:00,NL,2010,11,27,4.4,,1.4,,7.4,,5,,,M,,M,,,15,,57,,0,,13.6,,92,,98,
-52.78333888888889,47.513355555555556,ST JOHNS WEST CLIMATE,8403603,8403603.2010.11.28,2010-11-28 00:00:00,NL,2010,11,28,2.7,,-1.4,,6.8,,1.3,,,M,,M,,,25,,56,,0,,15.3,,78,,99,
-52.78333888888889,47.513355555555556,ST JOHNS WEST CLIMATE,8403603,8403603.2010.11.29,2010-11-29 00:00:00,NL,2010,11,29,0.3,,-2.3,,2.8,,0.7,,,M,,M,,,35,,37,,0,,17.7,,68,,92,
-52.78333888888889,47.513355555555556,ST JOHNS WEST CLIMATE,8403603,8403603.2010.11.30,2010-11-30 00:00:00,NL,2010,11,30,2.5,,-0.6,,5.6,,9.1,,,M,,M,,,32,,82,,0,,15.5,,82,,99,
-52.78333888888889,47.513355555555556,ST JOHNS WEST CLIMATE,8403603,8403603.2010.12.1,2010-12-01 00:00:00,NL,2010,12,1,5.8,,4.7,,6.8,,0,,,M,,M,,,6,,54,,0,,12.2,,87,,97,
-52.78333888888889,47.513355555555556,ST JOHNS WEST CLIMATE,8403603,8403603.2010.12.2,2010-12-02 00:00:00,NL,2010,12,2,5.2,,4.5,,5.8,,0.3,,,M,,M,,,8,,39,,0,,12.8,,92,,97,
-52.78333888888889,47.513355555555556,ST JOHNS WEST CLIMATE,8403603,8403603.2010.12.3,2010-12-03 00:00:00,NL,2010,12,3,5.6,,4.9,,6.3,,26.3,,,M,,M,,,12,,43,,0,,12.4,,93,,98,
-52.78333888888889,47.513355555555556,ST JOHNS WEST CLIMATE,8403603,8403603.2010.12.4,2010-12-04 00:00:00,NL,2010,12,4,5,,3.4,,6.6,,0,,,M,,M,,,11,,50,,0,,13,,91,,97,
-52.78333888888889,47.513355555555556,ST JOHNS WEST CLIMATE,8403603,8403603.2010.12.5,2010-12-05 00:00:00,NL,2010,12,5,4.8,,3.1,,6.4,,1.4,,,M,,M,,,12,,43,,0,,13.2,,93,,98,
-52.78333888888889,47.513355555555556,ST JOHNS WEST CLIMATE,8403603,8403603.2010.12.6,2010-12-06 00:00:00,NL,2010,12,6,6.7,,5.3,,8.1,,32.7,,,M,,M,,,11,,54,,0,,11.3,,93,,97,
-52.78333888888889,47.513355555555556,ST JOHNS WEST CLIMATE,8403603,8403603.2010.12.7,2010-12-07 00:00:00,NL,2010,12,7,8.6,,6.8,,10.3,,1.7,,,M,,M,,,16,E,37,E,0,,9.4,,95,,99,
-52.78333888888889,47.513355555555556,ST JOHNS WEST CLIMATE,8403603,8403603.2010.12.8,2010-12-08 00:00:00,NL,2010,12,8,6.1,,3,,9.1,,1.6,,,M,,M,,,0,,0,,0,,11.9,,85,,99,
-52.78333888888889,47.513355555555556,ST JOHNS WEST CLIMATE,8403603,8403603.2010.12.9,2010-12-09 00:00:00,NL,2010,12,9,4,,0.6,,7.3,,12.8,,,M,,M,,,23,,33,,0,,14,,81,,99,
-52.78333888888889,47.513355555555556,ST JOHNS WEST CLIMATE,8403603,8403603.2010.12.10,2010-12-10 00:00:00,NL,2010,12,10,-1.9,,-5,,1.2,,3.4,,,M,,M,,,32,,33,,0,,19.9,,68,,99,
-52.78333888888889,47.513355555555556,ST JOHNS WEST CLIMATE,8403603,8403603.2010.12.11,2010-12-11 00:00:00,NL,2010,12,11,-5.7,,-7,,-4.4,,0.2,,,M,,M,,,0,,0,,0,,23.7,,69,,93,
-52.78333888888889,47.513355555555556,ST JOHNS WEST CLIMATE,8403603,8403603.2010.12.12,2010-12-12 00:00:00,NL,2010,12,12,-2.8,,-7.2,,1.7,,0,,,M,,M,,,0,,0,,0,,20.8,,70,,95,
-52.78333888888889,47.513355555555556,ST JOHNS WEST CLIMATE,8403603,8403603.2010.12.13,2010-12-13 00:00:00,NL,2010,12,13,-2.8,,-7.9,,2.4,,0,,,M,,M,,,0,,0,,0,,20.8,,73,,99,
-52.78333888888889,47.513355555555556,ST JOHNS WEST CLIMATE,8403603,8403603.2010.12.14,2010-12-14 00:00:00,NL,2010,12,14,1,,-2.6,,4.5,,0.2,,,M,,M,,,0,,0,,0,,17,,86,,99,
-52.78333888888889,47.513355555555556,ST JOHNS WEST CLIMATE,8403603,8403603.2010.12.15,2010-12-15 00:00:00,NL,2010,12,15,4.3,,2.4,,6.1,,10.1,,,M,,M,,,11,,48,,0,,13.7,,99,,99,
-52.78333888888889,47.513355555555556,ST JOHNS WEST CLIMATE,8403603,8403603.2010.12.16,2010-12-16 00:00:00,NL,2010,12,16,7,,6.1,,7.9,,45.2,,,M,,M,,,13,,52,,0,,11,,97,,99,
-52.78333888888889,47.513355555555556,ST JOHNS WEST CLIMATE,8403603,8403603.2010.12.17,2010-12-17 00:00:00,NL,2010,12,17,6.8,,5.3,,8.3,,17.1,,,M,,M,,,13,,39,,0,,11.2,,99,,99,
-52.78333888888889,47.513355555555556,ST JOHNS WEST CLIMATE,8403603,8403603.2010.12.18,2010-12-18 00:00:00,NL,2010,12,18,5.4,,4.3,,6.5,,7.3,,,M,,M,,,0,,0,,0,,12.6,,99,,99,
-52.78333888888889,47.513355555555556,ST JOHNS WEST CLIMATE,8403603,8403603.2010.12.19,2010-12-19 00:00:00,NL,2010,12,19,4.3,,3.9,,4.7,,6.1,,,M,,M,,,8,,35,,0,,13.7,,99,,100,
-52.78333888888889,47.513355555555556,ST JOHNS WEST CLIMATE,8403603,8403603.2010.12.20,2010-12-20 00:00:00,NL,2010,12,20,4.6,,3.8,,5.4,,0.2,,,M,,M,,,8,,54,,0,,13.4,,92,,98,
-52.78333888888889,47.513355555555556,ST JOHNS WEST CLIMATE,8403603,8403603.2010.12.21,2010-12-21 00:00:00,NL,2010,12,21,4.5,,4.1,,4.8,,42,,,M,,M,,,6,,76,,0,,13.5,,89,,99,
-52.78333888888889,47.513355555555556,ST JOHNS WEST CLIMATE,8403603,8403603.2010.12.22,2010-12-22 00:00:00,NL,2010,12,22,4.5,,4.1,,4.9,,27.2,,,M,,M,,,5,,72,,0,,13.5,,99,,99,
-52.78333888888889,47.513355555555556,ST JOHNS WEST CLIMATE,8403603,8403603.2010.12.23,2010-12-23 00:00:00,NL,2010,12,23,4.7,,4.2,,5.1,,9.9,,,M,,M,,,2,,72,,0,,13.3,,97,,99,
-52.78333888888889,47.513355555555556,ST JOHNS WEST CLIMATE,8403603,8403603.2010.12.24,2010-12-24 00:00:00,NL,2010,12,24,4.6,,3.7,,5.5,,17.4,,,M,,M,,,36,,69,,0,,13.4,,97,,99,
-52.78333888888889,47.513355555555556,ST JOHNS WEST CLIMATE,8403603,8403603.2010.12.25,2010-12-25 00:00:00,NL,2010,12,25,3.8,,2.4,,5.2,,14.1,,,M,,M,,,22,,67,,0,,14.2,,94,,97,
-52.78333888888889,47.513355555555556,ST JOHNS WEST CLIMATE,8403603,8403603.2010.12.26,2010-12-26 00:00:00,NL,2010,12,26,2.1,,1,,3.1,,2.4,,,M,,M,,,33,,48,,0,,15.9,,88,,96,
-52.78333888888889,47.513355555555556,ST JOHNS WEST CLIMATE,8403603,8403603.2010.12.27,2010-12-27 00:00:00,NL,2010,12,27,4.2,,0.7,,7.7,,21,,,M,,M,,,14,,76,,0,,13.8,,91,,97,
-52.78333888888889,47.513355555555556,ST JOHNS WEST CLIMATE,8403603,8403603.2010.12.28,2010-12-28 00:00:00,NL,2010,12,28,5.8,,3.7,,7.8,,0.5,,,M,,M,,,19,,39,,0,,12.2,,93,,99,
-52.78333888888889,47.513355555555556,ST JOHNS WEST CLIMATE,8403603,8403603.2010.12.29,2010-12-29 00:00:00,NL,2010,12,29,1.8,,-0.7,,4.2,,0.7,,,M,,M,,,0,,0,,0,,16.2,,68,,99,
-52.78333888888889,47.513355555555556,ST JOHNS WEST CLIMATE,8403603,8403603.2010.12.30,2010-12-30 00:00:00,NL,2010,12,30,-0.3,,-2,,1.5,,3.9,,,M,,M,,,28,,48,,0,,18.3,,76,,99,
-52.78333888888889,47.513355555555556,ST JOHNS WEST CLIMATE,8403603,8403603.2010.12.31,2010-12-31 00:00:00,NL,2010,12,31,-0.9,,-1.5,,-0.3,,0,,,M,,M,,,30,,33,,0,,18.9,,75,,92,
-52.78333888888889,47.513355555555556,ST JOHNS WEST CLIMATE,8403603,8403603.2011.1.1,2011-01-01 00:00:00,NL,2011,1,1,0.1,,-1.9,,2.1,,2.9,,,M,,M,,,32,,44,,0,,17.9,,80,,99,
-52.78333888888889,47.513355555555556,ST JOHNS WEST CLIMATE,8403603,8403603.2011.1.2,2011-01-02 00:00:00,NL,2011,1,2,0.9,,-0.5,,2.2,,0,,,M,,M,,,12,,35,,0,,17.1,,92,,99,
-52.78333888888889,47.513355555555556,ST JOHNS WEST CLIMATE,8403603,8403603.2011.1.3,2011-01-03 00:00:00,NL,2011,1,3,2.6,,1,,4.1,,0,,,M,,M,,,0,,0,,0,,15.4,,99,,99,
-52.78333888888889,47.513355555555556,ST JOHNS WEST CLIMATE,8403603,8403603.2011.1.4,2011-01-04 00:00:00,NL,2011,1,4,1.7,,-1.3,,4.6,,2.3,,,M,,M,,,0,,0,,0,,16.3,,,,,
-52.78333888888889,47.513355555555556,ST JOHNS WEST CLIMATE,8403603,8403603.2011.1.5,2011-01-05 00:00:00,NL,2011,1,5,-2.5,,-5.8,,0.8,,0,,,M,,M,,,26,,41,,0,,20.5,,72,,98,
-52.78333888888889,47.513355555555556,ST JOHNS WEST CLIMATE,8403603,8403603.2011.1.6,2011-01-06 00:00:00,NL,2011,1,6,-3.4,,-7,,0.2,,0,,,M,,M,,,32,,32,,0,,21.4,,74,,95,
-52.78333888888889,47.513355555555556,ST JOHNS WEST CLIMATE,8403603,8403603.2011.1.7,2011-01-07 00:00:00,NL,2011,1,7,-4.1,,-8.1,,0,,0.6,,,M,,M,,,7,,48,,0,,22.1,,72,,96,
-52.78333888888889,47.513355555555556,ST JOHNS WEST CLIMATE,8403603,8403603.2011.1.8,2011-01-08 00:00:00,NL,2011,1,8,0.6,,-0.6,,1.7,,16.3,,,M,,M,,,6,,46,,0,,17.4,,99,,100,
-52.78333888888889,47.513355555555556,ST JOHNS WEST CLIMATE,8403603,8403603.2011.1.9,2011-01-09 00:00:00,NL,2011,1,9,1.6,,0.3,,2.8,,10.8,,,M,,M,,,30,,32,,0,,16.4,,99,,100,
-52.78333888888889,47.513355555555556,ST JOHNS WEST CLIMATE,8403603,8403603.2011.1.10,2011-01-10 00:00:00,NL,2011,1,10,2.5,,0.3,,4.6,,2.6,,,M,,M,,,33,,43,,0,,15.5,,90,,100,
-52.78333888888889,47.513355555555556,ST JOHNS WEST CLIMATE,8403603,8403603.2011.1.11,2011-01-11 00:00:00,NL,2011,1,11,1.3,,0.4,,2.2,,3.3,,,M,,M,,,36,,72,,0,,16.7,,70,,99,
-52.78333888888889,47.513355555555556,ST JOHNS WEST CLIMATE,8403603,8403603.2011.1.12,2011-01-12 00:00:00,NL,2011,1,12,0.5,,-0.7,,1.7,,0,,,M,,M,,,32,,41,,0,,17.5,,66,,98,
-52.78333888888889,47.513355555555556,ST JOHNS WEST CLIMATE,8403603,8403603.2011.1.13,2011-01-13 00:00:00,NL,2011,1,13,0.1,,-0.8,,1,,19.3,,,M,,M,,,2,,54,,0,,17.9,,97,,100,
-52.78333888888889,47.513355555555556,ST JOHNS WEST CLIMATE,8403603,8403603.2011.1.14,2011-01-14 00:00:00,NL,2011,1,14,-0.6,,-2.4,,1.2,,2,,,M,,M,,,36,,61,,0,,18.6,,85,,100,
-52.78333888888889,47.513355555555556,ST JOHNS WEST CLIMATE,8403603,8403603.2011.1.15,2011-01-15 00:00:00,NL,2011,1,15,-2.1,,-4.5,,0.4,,0,,,M,,M,,,0,,0,,0,,20.1,,66,,99,
-52.78333888888889,47.513355555555556,ST JOHNS WEST CLIMATE,8403603,8403603.2011.1.16,2011-01-16 00:00:00,NL,2011,1,16,-0.6,,-3.4,,2.3,,5.6,,,M,,M,,,27,,48,,0,,18.6,,78,,99,
-52.78333888888889,47.513355555555556,ST JOHNS WEST CLIMATE,8403603,8403603.2011.1.17,2011-01-17 00:00:00,NL,2011,1,17,-3.9,,-6.2,,-1.5,,0,,,M,,M,,,25,,56,,0,,21.9,,59,,85,
-52.78333888888889,47.513355555555556,ST JOHNS WEST CLIMATE,8403603,8403603.2011.1.18,2011-01-18 00:00:00,NL,2011,1,18,-5.8,,-7.8,,-3.8,,0,,,M,,M,,,28,,54,,0,,23.8,,65,,87,
-52.78333888888889,47.513355555555556,ST JOHNS WEST CLIMATE,8403603,8403603.2011.1.19,2011-01-19 00:00:00,NL,2011,1,19,0.6,,-3.8,,5,,20.8,,,M,,M,,,13,,63,,0,,17.4,,,,,
-52.78333888888889,47.513355555555556,ST JOHNS WEST CLIMATE,8403603,8403603.2011.1.20,2011-01-20 00:00:00,NL,2011,1,20,2.4,,-0.4,,5.2,,1,,,M,,M,,,32,,44,,0,,15.6,,85,,99,
-52.78333888888889,47.513355555555556,ST JOHNS WEST CLIMATE,8403603,8403603.2011.1.21,2011-01-21 00:00:00,NL,2011,1,21,-2.7,,-5.9,,0.6,,0,,,M,,M,,,13,,46,,0,,20.7,,65,,96,
-52.78333888888889,47.513355555555556,ST JOHNS WEST CLIMATE,8403603,8403603.2011.1.22,2011-01-22 00:00:00,NL,2011,1,22,1,,-2.5,,4.5,,13.1,,,M,,M,,,14,,63,,0,,17,,63,,98,
-52.78333888888889,47.513355555555556,ST JOHNS WEST CLIMATE,8403603,8403603.2011.1.23,2011-01-23 00:00:00,NL,2011,1,23,1.1,,-4.7,,6.9,,41.4,,,M,,M,,,14,,65,,0,,16.9,,73,,99,
-52.78333888888889,47.513355555555556,ST JOHNS WEST CLIMATE,8403603,8403603.2011.1.24,2011-01-24 00:00:00,NL,2011,1,24,-2,,-10.9,,6.9,,1.9,,,M,,M,,,25,,83,,0,,20,,61,,99,
-52.78333888888889,47.513355555555556,ST JOHNS WEST CLIMATE,8403603,8403603.2011.1.25,2011-01-25 00:00:00,NL,2011,1,25,-6.5,,-10.1,,-2.8,,0.6,,,M,,M,,,25,,46,,0,,24.5,,68,,94,
-52.78333888888889,47.513355555555556,ST JOHNS WEST CLIMATE,8403603,8403603.2011.1.26,2011-01-26 00:00:00,NL,2011,1,26,-7.3,,-10.8,,-3.8,,0.7,,,M,,M,,,30,,32,,0,,25.3,,74,,97,
-52.78333888888889,47.513355555555556,ST JOHNS WEST CLIMATE,8403603,8403603.2011.1.27,2011-01-27 00:00:00,NL,2011,1,27,-0.7,,-7.2,,5.8,,16.1,,,M,,M,,,11,,50,,0,,18.7,,82,,99,
-52.78333888888889,47.513355555555556,ST JOHNS WEST CLIMATE,8403603,8403603.2011.1.28,2011-01-28 00:00:00,NL,2011,1,28,1.3,,-1.4,,3.9,,0,,,M,,M,,,25,,83,,0,,16.7,,70,,95,
-52.78333888888889,47.513355555555556,ST JOHNS WEST CLIMATE,8403603,8403603.2011.1.29,2011-01-29 00:00:00,NL,2011,1,29,-0.5,,-1.7,,0.8,,4,,,M,,M,,,13,,46,,0,,18.5,,90,,99,
-52.78333888888889,47.513355555555556,ST JOHNS WEST CLIMATE,8403603,8403603.2011.1.30,2011-01-30 00:00:00,NL,2011,1,30,-2.7,,-4.6,,-0.7,,1.2,,,M,,M,,,23,,44,,0,,20.7,,79,,95,
-52.78333888888889,47.513355555555556,ST JOHNS WEST CLIMATE,8403603,8403603.2011.1.31,2011-01-31 00:00:00,NL,2011,1,31,-6.5,,-11,,-2,,4.5,,,M,,M,,,30,,57,,0,,24.5,,71,,97,
-52.78333888888889,47.513355555555556,ST JOHNS WEST CLIMATE,8403603,8403603.2011.2.1,2011-02-01 00:00:00,NL,2011,2,1,-8.2,,-11.2,,-5.2,,0.9,,,M,,M,,,30,,48,,0,,26.2,,65,,92,
-52.78333888888889,47.513355555555556,ST JOHNS WEST CLIMATE,8403603,8403603.2011.2.2,2011-02-02 00:00:00,NL,2011,2,2,-7.7,,-10.6,,-4.7,,10.6,,,M,,M,,,35,,32,,0,,25.7,,64,,95,
-52.78333888888889,47.513355555555556,ST JOHNS WEST CLIMATE,8403603,8403603.2011.2.3,2011-02-03 00:00:00,NL,2011,2,3,-8.9,,-12.5,,-5.2,,6.1,,,M,,M,,,9,,39,,0,,26.9,,77,,96,
-52.78333888888889,47.513355555555556,ST JOHNS WEST CLIMATE,8403603,8403603.2011.2.4,2011-02-04 00:00:00,NL,2011,2,4,-8.1,,-13.7,,-2.4,,0,,,M,,M,,,25,,46,,0,,26.1,,76,,88,
-52.78333888888889,47.513355555555556,ST JOHNS WEST CLIMATE,8403603,8403603.2011.2.5,2011-02-05 00:00:00,NL,2011,2,5,-3,,-4.8,,-1.2,,0.2,,,M,,M,,,0,,0,,0,,21,,69,,91,
-52.78333888888889,47.513355555555556,ST JOHNS WEST CLIMATE,8403603,8403603.2011.2.6,2011-02-06 00:00:00,NL,2011,2,6,-0.6,,-3.7,,2.6,,,M,,M,,M,,,31,,74,,0,,18.6,,83,,99,
-52.78333888888889,47.513355555555556,ST JOHNS WEST CLIMATE,8403603,8403603.2011.2.7,2011-02-07 00:00:00,NL,2011,2,7,-5.3,,-9.8,,-0.7,,0,,,M,,M,,,31,,74,,0,,23.3,,64,,94,
-52.78333888888889,47.513355555555556,ST JOHNS WEST CLIMATE,8403603,8403603.2011.2.8,2011-02-08 00:00:00,NL,2011,2,8,-6,,-9.9,,-2,,11.8,,,M,,M,,,7,,69,,0,,24,,70,,98,
-52.78333888888889,47.513355555555556,ST JOHNS WEST CLIMATE,8403603,8403603.2011.2.9,2011-02-09 00:00:00,NL,2011,2,9,-4.4,,-8.2,,-0.5,,4.3,,,M,,M,,,30,,65,,0,,22.4,,60,,96,
-52.78333888888889,47.513355555555556,ST JOHNS WEST CLIMATE,8403603,8403603.2011.2.10,2011-02-10 00:00:00,NL,2011,2,10,-7,,-9.3,,-4.6,,7.3,,,M,,M,,,35,,44,,0,,25,,60,,96,
-52.78333888888889,47.513355555555556,ST JOHNS WEST CLIMATE,8403603,8403603.2011.2.11,2011-02-11 00:00:00,NL,2011,2,11,-10.7,,-14.7,,-6.7,,,M,,M,,M,,,31,,52,,0,,28.7,,56,,89,
-52.78333888888889,47.513355555555556,ST JOHNS WEST CLIMATE,8403603,8403603.2011.2.12,2011-02-12 00:00:00,NL,2011,2,12,-7.5,,-11.9,,-3.1,,0,,,M,,M,,,30,,39,,0,,25.5,,54,,87,
-52.78333888888889,47.513355555555556,ST JOHNS WEST CLIMATE,8403603,8403603.2011.2.13,2011-02-13 00:00:00,NL,2011,2,13,-5.7,,-10.1,,-1.2,,4.7,,,M,,M,,,29,,67,,0,,23.7,,59,,96,
-52.78333888888889,47.513355555555556,ST JOHNS WEST CLIMATE,8403603,8403603.2011.2.14,2011-02-14 00:00:00,NL,2011,2,14,-10.1,,-14.1,,-6,,0.7,,,M,,M,,,27,,50,,0,,28.1,,46,,90,
-52.78333888888889,47.513355555555556,ST JOHNS WEST CLIMATE,8403603,8403603.2011.2.15,2011-02-15 00:00:00,NL,2011,2,15,-1.3,,-6.3,,3.8,,24.2,,,M,,M,,,13,,63,,0,,19.3,,90,,99,
-52.78333888888889,47.513355555555556,ST JOHNS WEST CLIMATE,8403603,8403603.2011.2.16,2011-02-16 00:00:00,NL,2011,2,16,-2.1,,-4.5,,0.3,,0.7,,,M,,M,,,34,,82,,0,,20.1,,67,,95,
-52.78333888888889,47.513355555555556,ST JOHNS WEST CLIMATE,8403603,8403603.2011.2.17,2011-02-17 00:00:00,NL,2011,2,17,-2.4,,-4.5,,-0.2,,2,,,M,,M,,,31,,69,,0,,20.4,,58,,96,
-52.78333888888889,47.513355555555556,ST JOHNS WEST CLIMATE,8403603,8403603.2011.2.18,2011-02-18 00:00:00,NL,2011,2,18,-1.4,,-3.5,,0.8,,0,,,M,,M,,,29,,57,,0,,19.4,,72,,87,
-52.78333888888889,47.513355555555556,ST JOHNS WEST CLIMATE,8403603,8403603.2011.2.19,2011-02-19 00:00:00,NL,2011,2,19,-1.7,,-2.8,,-0.5,,5.3,,,M,,M,,,6,,43,,0,,19.7,,87,,99,
-52.78333888888889,47.513355555555556,ST JOHNS WEST CLIMATE,8403603,8403603.2011.2.20,2011-02-20 00:00:00,NL,2011,2,20,-0.1,,-0.5,,0.4,,7.9,,,M,,M,,,2,,48,,0,,18.1,,98,,99,
-52.78333888888889,47.513355555555556,ST JOHNS WEST CLIMATE,8403603,8403603.2011.2.21,2011-02-21 00:00:00,NL,2011,2,21,-0.5,,-1.3,,0.3,,,M,,M,,M,,,0,,0,,0,,18.5,,,,,
-52.78333888888889,47.513355555555556,ST JOHNS WEST CLIMATE,8403603,8403603.2011.2.22,2011-02-22 00:00:00,NL,2011,2,22,-1.1,,-1.8,,-0.3,,1.7,,,M,,M,,,33,,32,,0,,19.1,,92,,99,
-52.78333888888889,47.513355555555556,ST JOHNS WEST CLIMATE,8403603,8403603.2011.2.23,2011-02-23 00:00:00,NL,2011,2,23,-0.5,,-2,,1,,4.7,,,M,,M,,,35,,67,,0,,18.5,,90,,99,
-52.78333888888889,47.513355555555556,ST JOHNS WEST CLIMATE,8403603,8403603.2011.2.24,2011-02-24 00:00:00,NL,2011,2,24,-3.4,,-5.2,,-1.5,,0,,,M,,M,,,35,,43,,0,,21.4,,72,,93,
-52.78333888888889,47.513355555555556,ST JOHNS WEST CLIMATE,8403603,8403603.2011.2.25,2011-02-25 00:00:00,NL,2011,2,25,-1.7,,-5.3,,2,,1.7,,,M,,M,,,18,,50,,0,,19.7,,81,,97,
-52.78333888888889,47.513355555555556,ST JOHNS WEST CLIMATE,8403603,8403603.2011.2.26,2011-02-26 00:00:00,NL,2011,2,26,-1.6,,-7.5,,4.4,,31,,,M,,M,,,22,,87,,0,,19.6,,61,,97,
-52.78333888888889,47.513355555555556,ST JOHNS WEST CLIMATE,8403603,8403603.2011.2.27,2011-02-27 00:00:00,NL,2011,2,27,-7,,-9.2,,-4.8,,0.2,,,M,,M,,,26,,54,,0,,25,,53,,78,
-52.78333888888889,47.513355555555556,ST JOHNS WEST CLIMATE,8403603,8403603.2011.2.28,2011-02-28 00:00:00,NL,2011,2,28,-9.3,,-12.7,,-5.9,,0,,,M,,M,,,4,,32,,0,,27.3,,59,,88,
-52.78333888888889,47.513355555555556,ST JOHNS WEST CLIMATE,8403603,8403603.2011.3.1,2011-03-01 00:00:00,NL,2011,3,1,-0.8,,-6.3,,4.8,,12.6,,,M,,M,,,16,,67,,0,,18.8,,70,,97,
-52.78333888888889,47.513355555555556,ST JOHNS WEST CLIMATE,8403603,8403603.2011.3.2,2011-03-02 00:00:00,NL,2011,3,2,-4.4,,-9,,0.2,,0,,,M,,M,,,29,,43,,0,,22.4,,46,,95,
-52.78333888888889,47.513355555555556,ST JOHNS WEST CLIMATE,8403603,8403603.2011.3.3,2011-03-03 00:00:00,NL,2011,3,3,-4.2,,-8.9,,0.5,,0.6,,,M,,M,,,16,,44,,0,,22.2,,73,,95,
-52.78333888888889,47.513355555555556,ST JOHNS WEST CLIMATE,8403603,8403603.2011.3.4,2011-03-04 00:00:00,NL,2011,3,4,-6.6,,-10.5,,-2.7,,0,,,M,,M,,,1,,50,,0,,24.6,,60,,88,
-52.78333888888889,47.513355555555556,ST JOHNS WEST CLIMATE,8403603,8403603.2011.3.5,2011-03-05 00:00:00,NL,2011,3,5,-7.3,,-12.4,,-2.1,,0.2,,,M,,M,,,0,,0,,0,,25.3,,33,,89,
-52.78333888888889,47.513355555555556,ST JOHNS WEST CLIMATE,8403603,8403603.2011.3.6,2011-03-06 00:00:00,NL,2011,3,6,-2.4,,-7.3,,2.5,,0,,,M,,M,,,23,,50,,0,,20.4,,65,,87,
-52.78333888888889,47.513355555555556,ST JOHNS WEST CLIMATE,8403603,8403603.2011.3.7,2011-03-07 00:00:00,NL,2011,3,7,4.9,,2.2,,7.5,,0,,,M,,M,,,24,,46,,0,,13.1,,66,,89,
-52.78333888888889,47.513355555555556,ST JOHNS WEST CLIMATE,8403603,8403603.2011.3.8,2011-03-08 00:00:00,NL,2011,3,8,2.9,,-3.7,,9.5,,0,,,M,,M,,,19,,67,,0,,15.1,,69,,89,
-52.78333888888889,47.513355555555556,ST JOHNS WEST CLIMATE,8403603,8403603.2011.3.9,2011-03-09 00:00:00,NL,2011,3,9,-3,,-4.6,,-1.3,,0,,,M,,M,,,2,,32,,0,,21,,76,,92,
-52.78333888888889,47.513355555555556,ST JOHNS WEST CLIMATE,8403603,8403603.2011.3.10,2011-03-10 00:00:00,NL,2011,3,10,-6.3,,-9.7,,-2.9,,0,,,M,,M,,,16,,32,,0,,24.3,,68,,92,
-52.78333888888889,47.513355555555556,ST JOHNS WEST CLIMATE,8403603,8403603.2011.3.11,2011-03-11 00:00:00,NL,2011,3,11,-4.1,,-8.8,,0.7,,0,,,M,,M,,,31,,33,,0,,22.1,,75,,97,
-52.78333888888889,47.513355555555556,ST JOHNS WEST CLIMATE,8403603,8403603.2011.3.12,2011-03-12 00:00:00,NL,2011,3,12,2.4,,0.3,,4.4,,0,,,M,,M,,,20,,44,,0,,15.6,,83,,98,
-52.78333888888889,47.513355555555556,ST JOHNS WEST CLIMATE,8403603,8403603.2011.3.13,2011-03-13 00:00:00,NL,2011,3,13,2.5,,-1.2,,6.1,,3.7,,,M,,M,,,24,,56,,0,,15.5,,64,,98,
-52.78333888888889,47.513355555555556,ST JOHNS WEST CLIMATE,8403603,8403603.2011.3.14,2011-03-14 00:00:00,NL,2011,3,14,-1.3,,-4,,1.5,,11.7,,,M,,M,,,1,,70,,0,,19.3,,84,,99,
-52.78333888888889,47.513355555555556,ST JOHNS WEST CLIMATE,8403603,8403603.2011.3.15,2011-03-15 00:00:00,NL,2011,3,15,-6.9,,-9.8,,-4,,0.2,,,M,,M,,,1,,44,,0,,24.9,,63,,87,
-52.78333888888889,47.513355555555556,ST JOHNS WEST CLIMATE,8403603,8403603.2011.3.16,2011-03-16 00:00:00,NL,2011,3,16,-1.1,,-5.5,,3.3,,0,,,M,,M,,,26,,44,,0,,19.1,,64,,87,
-52.78333888888889,47.513355555555556,ST JOHNS WEST CLIMATE,8403603,8403603.2011.3.17,2011-03-17 00:00:00,NL,2011,3,17,2.4,,-0.7,,5.4,,1.9,,,M,,M,,,19,,46,,0,,15.6,,86,,99,
-52.78333888888889,47.513355555555556,ST JOHNS WEST CLIMATE,8403603,8403603.2011.3.18,2011-03-18 00:00:00,NL,2011,3,18,1.3,,-0.7,,3.2,,3.2,,,M,,M,,,18,,35,,0,,16.7,,79,,99,
-52.78333888888889,47.513355555555556,ST JOHNS WEST CLIMATE,8403603,8403603.2011.3.19,2011-03-19 00:00:00,NL,2011,3,19,0.8,,-1.7,,3.2,,2.1,,,M,,M,,,35,,52,,0,,17.2,,83,,97,
-52.78333888888889,47.513355555555556,ST JOHNS WEST CLIMATE,8403603,8403603.2011.3.20,2011-03-20 00:00:00,NL,2011,3,20,-3.9,,-6.2,,-1.6,,0.2,,,M,,M,,,34,,50,,0,,21.9,,73,,85,
-52.78333888888889,47.513355555555556,ST JOHNS WEST CLIMATE,8403603,8403603.2011.3.21,2011-03-21 00:00:00,NL,2011,3,21,-4.6,,-6.1,,-3,,0,,,M,,M,,,35,,35,,0,,22.6,,71,,81,
-52.78333888888889,47.513355555555556,ST JOHNS WEST CLIMATE,8403603,8403603.2011.3.22,2011-03-22 00:00:00,NL,2011,3,22,-3.3,,-4.9,,-1.6,,0,,,M,,M,,,1,,57,,0,,21.3,,68,,81,
-52.78333888888889,47.513355555555556,ST JOHNS WEST CLIMATE,8403603,8403603.2011.3.23,2011-03-23 00:00:00,NL,2011,3,23,-2.2,,-3.2,,-1.2,,13.4,,,M,,M,,,33,,70,,0,,20.2,,79,,96,
-52.78333888888889,47.513355555555556,ST JOHNS WEST CLIMATE,8403603,8403603.2011.3.24,2011-03-24 00:00:00,NL,2011,3,24,-1.2,,-3,,0.7,,0.5,,,M,,M,,,5,,44,,0,,19.2,,79,,97,
-52.78333888888889,47.513355555555556,ST JOHNS WEST CLIMATE,8403603,8403603.2011.3.25,2011-03-25 00:00:00,NL,2011,3,25,-1.5,,-3.3,,0.3,,13.2,,,M,,M,,,3,,65,,0,,19.5,,91,,99,
-52.78333888888889,47.513355555555556,ST JOHNS WEST CLIMATE,8403603,8403603.2011.3.26,2011-03-26 00:00:00,NL,2011,3,26,-4.7,,-8.3,,-1,,0.6,,,M,,M,,,23,,72,,0,,22.7,,61,,93,
-52.78333888888889,47.513355555555556,ST JOHNS WEST CLIMATE,8403603,8403603.2011.3.27,2011-03-27 00:00:00,NL,2011,3,27,-4.5,,-8.8,,-0.2,,0.2,,,M,,M,,,25,,43,,0,,22.5,,69,,94,
-52.78333888888889,47.513355555555556,ST JOHNS WEST CLIMATE,8403603,8403603.2011.3.28,2011-03-28 00:00:00,NL,2011,3,28,-2.3,,-5,,0.4,,0.8,,,M,,M,,,27,,35,,0,,20.3,,65,,93,
-52.78333888888889,47.513355555555556,ST JOHNS WEST CLIMATE,8403603,8403603.2011.3.29,2011-03-29 00:00:00,NL,2011,3,29,-1,,-3.1,,1.2,,2.3,,,M,,M,,,24,,41,,0,,19,,72,,96,
-52.78333888888889,47.513355555555556,ST JOHNS WEST CLIMATE,8403603,8403603.2011.3.30,2011-03-30 00:00:00,NL,2011,3,30,0.4,,-2.3,,3,,1.3,,,M,,M,,,30,,44,,0,,17.6,,64,,96,
-52.78333888888889,47.513355555555556,ST JOHNS WEST CLIMATE,8403603,8403603.2011.3.31,2011-03-31 00:00:00,NL,2011,3,31,0.2,,-1.6,,2,,0.8,,,M,,M,,,0,,0,,0,,17.8,,64,,94,
-52.78333888888889,47.513355555555556,ST JOHNS WEST CLIMATE,8403603,8403603.2011.4.1,2011-04-01 00:00:00,NL,2011,4,1,1.5,,-2.1,,5.1,,0,,,M,,M,,,14,,50,,0,,16.5,,59,,96,
-52.78333888888889,47.513355555555556,ST JOHNS WEST CLIMATE,8403603,8403603.2011.4.2,2011-04-02 00:00:00,NL,2011,4,2,2.8,,-0.4,,5.9,,13.2,,,M,,M,,,12,,65,,0,,15.2,,78,,97,
-52.78333888888889,47.513355555555556,ST JOHNS WEST CLIMATE,8403603,8403603.2011.4.3,2011-04-03 00:00:00,NL,2011,4,3,0.8,,-1.3,,2.9,,2,,,M,,M,,,23,,52,,0,,17.2,,69,,94,
-52.78333888888889,47.513355555555556,ST JOHNS WEST CLIMATE,8403603,8403603.2011.4.4,2011-04-04 00:00:00,NL,2011,4,4,-3.8,,-8.9,,1.4,,0.2,,,M,,M,,,32,,37,,0,,21.8,,47,,92,
-52.78333888888889,47.513355555555556,ST JOHNS WEST CLIMATE,8403603,8403603.2011.4.5,2011-04-05 00:00:00,NL,2011,4,5,-0.7,,-9.5,,8.1,,2.1,,,M,,M,,,17,,63,,0,,18.7,,67,,97,
-52.78333888888889,47.513355555555556,ST JOHNS WEST CLIMATE,8403603,8403603.2011.4.6,2011-04-06 00:00:00,NL,2011,4,6,5.7,,0.1,,11.2,,1,,,M,,M,,,21,,69,,0,,12.3,,78,,95,
-52.78333888888889,47.513355555555556,ST JOHNS WEST CLIMATE,8403603,8403603.2011.4.7,2011-04-07 00:00:00,NL,2011,4,7,0.7,,-2.1,,3.5,,1.7,,,M,,M,,,33,,52,,0,,17.3,,52,,94,
-52.78333888888889,47.513355555555556,ST JOHNS WEST CLIMATE,8403603,8403603.2011.4.8,2011-04-08 00:00:00,NL,2011,4,8,-3.5,,-6.8,,-0.2,,0.4,,,M,,M,,,33,,46,,0,,21.5,,63,,93,
-52.78333888888889,47.513355555555556,ST JOHNS WEST CLIMATE,8403603,8403603.2011.4.9,2011-04-09 00:00:00,NL,2011,4,9,-3,,-7.8,,1.9,,0,,,M,,M,,,28,,35,,0,,21,,44,,93,
-52.78333888888889,47.513355555555556,ST JOHNS WEST CLIMATE,8403603,8403603.2011.4.10,2011-04-10 00:00:00,NL,2011,4,10,0.4,,-4.1,,4.9,,0,,,M,,M,,,21,,32,,0,,17.6,,47,,95,
-52.78333888888889,47.513355555555556,ST JOHNS WEST CLIMATE,8403603,8403603.2011.4.11,2011-04-11 00:00:00,NL,2011,4,11,4.5,,0.2,,8.8,,0,,,M,,M,,,20,,56,,0,,13.5,,50,,87,
-52.78333888888889,47.513355555555556,ST JOHNS WEST CLIMATE,8403603,8403603.2011.4.12,2011-04-12 00:00:00,NL,2011,4,12,4.4,,-0.3,,9.1,,7.4,,,M,,M,,,22,,76,,0,,13.6,,68,,95,
-52.78333888888889,47.513355555555556,ST JOHNS WEST CLIMATE,8403603,8403603.2011.4.13,2011-04-13 00:00:00,NL,2011,4,13,2.9,,-1.1,,6.8,,0.2,,,M,,M,,,32,,56,,0,,15.1,,40,,81,
-52.78333888888889,47.513355555555556,ST JOHNS WEST CLIMATE,8403603,8403603.2011.4.14,2011-04-14 00:00:00,NL,2011,4,14,5.5,,0,,11,,2.7,,,M,,M,,,22,,61,,0,,12.5,,59,,97,
-52.78333888888889,47.513355555555556,ST JOHNS WEST CLIMATE,8403603,8403603.2011.4.15,2011-04-15 00:00:00,NL,2011,4,15,-0.9,,-7.6,,5.9,,0.2,,,M,,M,,,29,,54,,0,,18.9,,66,,97,
-52.78333888888889,47.513355555555556,ST JOHNS WEST CLIMATE,8403603,8403603.2011.4.16,2011-04-16 00:00:00,NL,2011,4,16,-3.8,,-8,,0.5,,0,,,M,,M,,,29,,35,,0,,21.8,,37,,82,
-52.78333888888889,47.513355555555556,ST JOHNS WEST CLIMATE,8403603,8403603.2011.4.17,2011-04-17 00:00:00,NL,2011,4,17,1.6,,-3.1,,6.2,,1.3,,,M,,M,,,19,,63,,0,,16.4,,30,,96,
-52.78333888888889,47.513355555555556,ST JOHNS WEST CLIMATE,8403603,8403603.2011.4.18,2011-04-18 00:00:00,NL,2011,4,18,6.3,,1.9,,10.6,,8.2,,,M,,M,,,18,,56,,0,,11.7,,69,,97,
-52.78333888888889,47.513355555555556,ST JOHNS WEST CLIMATE,8403603,8403603.2011.4.19,2011-04-19 00:00:00,NL,2011,4,19,6.5,,1,,11.9,,3.8,,,M,,M,,,24,,57,,0,,11.5,,44,,94,
-52.78333888888889,47.513355555555556,ST JOHNS WEST CLIMATE,8403603,8403603.2011.4.20,2011-04-20 00:00:00,NL,2011,4,20,2.4,,-1.1,,5.8,,0,,,M,,M,,,28,,61,,0,,15.6,,55,,91,
-52.78333888888889,47.513355555555556,ST JOHNS WEST CLIMATE,8403603,8403603.2011.4.21,2011-04-21 00:00:00,NL,2011,4,21,0.6,,-1.8,,3,,6.3,,,M,,M,,,29,,48,,0,,17.4,,96,,99,
-52.78333888888889,47.513355555555556,ST JOHNS WEST CLIMATE,8403603,8403603.2011.4.22,2011-04-22 00:00:00,NL,2011,4,22,-1,,-3.7,,1.7,,1.3,,,M,,M,,,29,,52,,0,,19,,72,,97,
-52.78333888888889,47.513355555555556,ST JOHNS WEST CLIMATE,8403603,8403603.2011.4.23,2011-04-23 00:00:00,NL,2011,4,23,4.4,,-3.2,,11.9,,0,,,M,,M,,,29,,37,,0,,13.6,,29,,84,
-52.78333888888889,47.513355555555556,ST JOHNS WEST CLIMATE,8403603,8403603.2011.4.24,2011-04-24 00:00:00,NL,2011,4,24,3.9,,1.6,,6.2,,9.8,,,M,,M,,,21,,65,,0,,14.1,,53,,97,
-52.78333888888889,47.513355555555556,ST JOHNS WEST CLIMATE,8403603,8403603.2011.4.25,2011-04-25 00:00:00,NL,2011,4,25,5,,0,,9.9,,0,,,M,,M,,,32,,32,,0,,13,,49,,96,
-52.78333888888889,47.513355555555556,ST JOHNS WEST CLIMATE,8403603,8403603.2011.4.26,2011-04-26 00:00:00,NL,2011,4,26,6.1,,2,,10.2,,0,,,M,,M,,,22,,39,,0,,11.9,,49,,92,
-52.78333888888889,47.513355555555556,ST JOHNS WEST CLIMATE,8403603,8403603.2011.4.27,2011-04-27 00:00:00,NL,2011,4,27,1.2,,-1.3,,3.7,,0,,,M,,M,,,36,,33,,0,,16.8,,68,,92,
-52.78333888888889,47.513355555555556,ST JOHNS WEST CLIMATE,8403603,8403603.2011.4.28,2011-04-28 00:00:00,NL,2011,4,28,1.4,,-1,,3.7,,15.1,,,M,,M,,,13,,33,,0,,16.6,,45,,99,
-52.78333888888889,47.513355555555556,ST JOHNS WEST CLIMATE,8403603,8403603.2011.4.29,2011-04-29 00:00:00,NL,2011,4,29,8.7,,0.9,,16.5,,0.4,,,M,,M,,,24,,57,,0,,9.3,,81,,99,
-52.78333888888889,47.513355555555556,ST JOHNS WEST CLIMATE,8403603,8403603.2011.4.30,2011-04-30 00:00:00,NL,2011,4,30,8,,2,,14,,3,,,M,,M,,,0,,0,,0,,10,,82,,98,
-52.78333888888889,47.513355555555556,ST JOHNS WEST CLIMATE,8403603,8403603.2011.5.1,2011-05-01 00:00:00,NL,2011,5,1,0.5,,-2,,2.9,,0,,,M,,M,,,5,,37,,0,,17.5,,82,,99,
-52.78333888888889,47.513355555555556,ST JOHNS WEST CLIMATE,8403603,8403603.2011.5.2,2011-05-02 00:00:00,NL,2011,5,2,0.7,,-2.1,,3.5,,0,,,M,,M,,,3,,39,,0,,17.3,,76,,99,
-52.78333888888889,47.513355555555556,ST JOHNS WEST CLIMATE,8403603,8403603.2011.5.3,2011-05-03 00:00:00,NL,2011,5,3,3.2,,-0.5,,6.9,,0,,,M,,M,,,0,,0,,0,,14.8,,66,,98,
-52.78333888888889,47.513355555555556,ST JOHNS WEST CLIMATE,8403603,8403603.2011.5.4,2011-05-04 00:00:00,NL,2011,5,4,6.6,,-1.3,,14.5,,0,,,M,,M,,,22,,33,,0,,11.4,,30,,95,
-52.78333888888889,47.513355555555556,ST JOHNS WEST CLIMATE,8403603,8403603.2011.5.5,2011-05-05 00:00:00,NL,2011,5,5,,M,3.3,E,,M,,M,,M,,M,,,0,,0,,,M,,M,,,,
-52.78333888888889,47.513355555555556,ST JOHNS WEST CLIMATE,8403603,8403603.2011.5.6,2011-05-06 00:00:00,NL,2011,5,6,3.5,,1.3,,5.6,,0.2,,,M,,M,,,13,,39,,0,,14.5,,80,,99,
-52.78333888888889,47.513355555555556,ST JOHNS WEST CLIMATE,8403603,8403603.2011.5.7,2011-05-07 00:00:00,NL,2011,5,7,3.7,,1.9,,5.4,,0,,,M,,M,,,0,,0,,0,,14.3,,94,,99,
-52.78333888888889,47.513355555555556,ST JOHNS WEST CLIMATE,8403603,8403603.2011.5.8,2011-05-08 00:00:00,NL,2011,5,8,4,,2.2,,5.7,,0,,,M,,M,,,0,,0,,0,,14,,91,,99,
-52.78333888888889,47.513355555555556,ST JOHNS WEST CLIMATE,8403603,8403603.2011.5.9,2011-05-09 00:00:00,NL,2011,5,9,6.6,,3,,10.2,,0,,,M,,M,,,14,,33,,0,,11.4,,75,,99,
-52.78333888888889,47.513355555555556,ST JOHNS WEST CLIMATE,8403603,8403603.2011.5.10,2011-05-10 00:00:00,NL,2011,5,10,8.4,,4.2,,12.5,,0,,,M,,M,,,0,,0,,0,,9.6,,72,,98,
-52.78333888888889,47.513355555555556,ST JOHNS WEST CLIMATE,8403603,8403603.2011.5.11,2011-05-11 00:00:00,NL,2011,5,11,7.2,,3.9,,10.5,,0,,,M,,M,,,7,,44,,0,,10.8,,61,,94,
-52.78333888888889,47.513355555555556,ST JOHNS WEST CLIMATE,8403603,8403603.2011.5.12,2011-05-12 00:00:00,NL,2011,5,12,6.6,,4.1,,9,,12,,,M,,M,,,11,,43,,0,,11.4,,82,,97,
-52.78333888888889,47.513355555555556,ST JOHNS WEST CLIMATE,8403603,8403603.2011.5.13,2011-05-13 00:00:00,NL,2011,5,13,9.4,,3.2,,15.6,,1.1,,,M,,M,,,0,,0,,0,,8.6,,77,,97,
-52.78333888888889,47.513355555555556,ST JOHNS WEST CLIMATE,8403603,8403603.2011.5.14,2011-05-14 00:00:00,NL,2011,5,14,4.1,,2.4,,5.8,,0,,,M,,M,,,2,,33,,0,,13.9,,88,,98,
-52.78333888888889,47.513355555555556,ST JOHNS WEST CLIMATE,8403603,8403603.2011.5.15,2011-05-15 00:00:00,NL,2011,5,15,7.5,,2.5,,12.4,,0,,,M,,M,,,23,,33,,0,,10.5,,79,,98,
-52.78333888888889,47.513355555555556,ST JOHNS WEST CLIMATE,8403603,8403603.2011.5.16,2011-05-16 00:00:00,NL,2011,5,16,5.2,,1.5,,8.8,,0,,,M,,M,,,0,,0,,0,,12.8,,55,,94,
-52.78333888888889,47.513355555555556,ST JOHNS WEST CLIMATE,8403603,8403603.2011.5.17,2011-05-17 00:00:00,NL,2011,5,17,7.2,,2,,12.4,,0,,,M,,M,,,0,,0,,0,,10.8,,37,,97,
-52.78333888888889,47.513355555555556,ST JOHNS WEST CLIMATE,8403603,8403603.2011.5.18,2011-05-18 00:00:00,NL,2011,5,18,9.6,,6.3,,12.9,,2.8,,,M,,M,,,0,,0,,0,,8.4,,88,,97,
-52.78333888888889,47.513355555555556,ST JOHNS WEST CLIMATE,8403603,8403603.2011.5.19,2011-05-19 00:00:00,NL,2011,5,19,10.9,,2.9,,18.8,,0.2,,,M,,M,,,29,,41,,0,,7.1,,61,,97,
-52.78333888888889,47.513355555555556,ST JOHNS WEST CLIMATE,8403603,8403603.2011.5.20,2011-05-20 00:00:00,NL,2011,5,20,7.5,,2.6,,12.3,,1.6,,,M,,M,,,25,,43,,0,,10.5,,93,,97,
-52.78333888888889,47.513355555555556,ST JOHNS WEST CLIMATE,8403603,8403603.2011.5.21,2011-05-21 00:00:00,NL,2011,5,21,6.8,,1.3,,12.3,,16.4,,,M,,M,,,3,,46,,0,,11.2,,90,,97,
-52.78333888888889,47.513355555555556,ST JOHNS WEST CLIMATE,8403603,8403603.2011.5.22,2011-05-22 00:00:00,NL,2011,5,22,2.7,,1.2,,4.1,,0,,,M,,M,,,7,,39,,0,,15.3,,81,,92,
-52.78333888888889,47.513355555555556,ST JOHNS WEST CLIMATE,8403603,8403603.2011.5.23,2011-05-23 00:00:00,NL,2011,5,23,3.3,,-0.8,,7.3,,0,,,M,,M,,,0,,0,,0,,14.7,,58,,95,
-52.78333888888889,47.513355555555556,ST JOHNS WEST CLIMATE,8403603,8403603.2011.5.24,2011-05-24 00:00:00,NL,2011,5,24,5.5,,-0.5,,11.5,,0,,,M,,M,,,23,,39,,0,,12.5,,65,,97,
-52.78333888888889,47.513355555555556,ST JOHNS WEST CLIMATE,8403603,8403603.2011.5.25,2011-05-25 00:00:00,NL,2011,5,25,12,,5.5,,18.4,,1.3,,,M,,M,,,23,,50,,0,,6,,60,,94,
-52.78333888888889,47.513355555555556,ST JOHNS WEST CLIMATE,8403603,8403603.2011.5.26,2011-05-26 00:00:00,NL,2011,5,26,14.6,,10.8,,18.3,,3.6,,,M,,M,,,23,,39,,0,,3.4,,84,,95,
-52.78333888888889,47.513355555555556,ST JOHNS WEST CLIMATE,8403603,8403603.2011.5.27,2011-05-27 00:00:00,NL,2011,5,27,18.1,,14.5,,21.7,,0.9,,,M,,M,,,23,,50,,0.1,,0,,75,,96,
-52.78333888888889,47.513355555555556,ST JOHNS WEST CLIMATE,8403603,8403603.2011.5.28,2011-05-28 00:00:00,NL,2011,5,28,9.4,,3.8,,15,,9,,,M,,M,,,23,,32,,0,,8.6,,95,,98,
-52.78333888888889,47.513355555555556,ST JOHNS WEST CLIMATE,8403603,8403603.2011.5.29,2011-05-29 00:00:00,NL,2011,5,29,13,,4.5,,21.4,,0.2,,,M,,M,,,22,,43,,0,,5,,72,,98,
-52.78333888888889,47.513355555555556,ST JOHNS WEST CLIMATE,8403603,8403603.2011.5.30,2011-05-30 00:00:00,NL,2011,5,30,12.1,,9.1,,15.1,,18.7,,,M,,M,,,25,,50,,0,,5.9,,89,,95,
-52.78333888888889,47.513355555555556,ST JOHNS WEST CLIMATE,8403603,8403603.2011.5.31,2011-05-31 00:00:00,NL,2011,5,31,5.8,,1.9,,9.7,,1.2,,,M,,M,,,33,,48,,0,,12.2,,82,,95,
-52.78333888888889,47.513355555555556,ST JOHNS WEST CLIMATE,8403603,8403603.2011.6.1,2011-06-01 00:00:00,NL,2011,6,1,5.9,,1.3,,10.5,,0,,,M,,M,,,0,,0,,0,,12.1,,48,,87,
-52.78333888888889,47.513355555555556,ST JOHNS WEST CLIMATE,8403603,8403603.2011.6.2,2011-06-02 00:00:00,NL,2011,6,2,6.5,,3.7,,9.2,,8.2,,,M,,M,,,20,,54,,0,,11.5,,82,,95,
-52.78333888888889,47.513355555555556,ST JOHNS WEST CLIMATE,8403603,8403603.2011.6.3,2011-06-03 00:00:00,NL,2011,6,3,12,,8.1,,15.8,,0,,,M,,M,,,21,,56,,0,,6,,76,,93,
-52.78333888888889,47.513355555555556,ST JOHNS WEST CLIMATE,8403603,8403603.2011.6.4,2011-06-04 00:00:00,NL,2011,6,4,10.7,,7.5,,13.8,,0,,,M,,M,,,14,,39,,0,,7.3,,74,,97,
-52.78333888888889,47.513355555555556,ST JOHNS WEST CLIMATE,8403603,8403603.2011.6.5,2011-06-05 00:00:00,NL,2011,6,5,9.4,,7.4,,11.4,,1.4,,,M,,M,,,0,,0,,0,,8.6,,96,,97,
-52.78333888888889,47.513355555555556,ST JOHNS WEST CLIMATE,8403603,8403603.2011.6.6,2011-06-06 00:00:00,NL,2011,6,6,9.3,,6.9,,11.6,,0.4,,,M,,M,,,0,,0,,0,,8.7,,97,,99,
-52.78333888888889,47.513355555555556,ST JOHNS WEST CLIMATE,8403603,8403603.2011.6.7,2011-06-07 00:00:00,NL,2011,6,7,7.9,,7.1,,8.6,,5,,,M,,M,,,0,,0,,0,,10.1,,97,,99,
-52.78333888888889,47.513355555555556,ST JOHNS WEST CLIMATE,8403603,8403603.2011.6.8,2011-06-08 00:00:00,NL,2011,6,8,10.9,,7.3,,14.5,,1.3,,,M,,M,,,0,,0,,0,,7.1,,96,,100,
-52.78333888888889,47.513355555555556,ST JOHNS WEST CLIMATE,8403603,8403603.2011.6.9,2011-06-09 00:00:00,NL,2011,6,9,12.8,,9.1,,16.4,,0.2,,,M,,M,,,0,,0,,0,,5.2,,90,,99,
-52.78333888888889,47.513355555555556,ST JOHNS WEST CLIMATE,8403603,8403603.2011.6.10,2011-06-10 00:00:00,NL,2011,6,10,15.6,,12,,19.2,,1.3,,,M,,M,,,0,,0,,0,,2.4,,78,,99,
-52.78333888888889,47.513355555555556,ST JOHNS WEST CLIMATE,8403603,8403603.2011.6.11,2011-06-11 00:00:00,NL,2011,6,11,8.3,,4.2,,12.4,,11.2,,,M,,M,,,30,,44,,0,,9.7,,75,,97,
-52.78333888888889,47.513355555555556,ST JOHNS WEST CLIMATE,8403603,8403603.2011.6.12,2011-06-12 00:00:00,NL,2011,6,12,5.7,,3.9,,7.5,,1.4,,,M,,M,,,33,,50,,0,,12.3,,87,,96,
-52.78333888888889,47.513355555555556,ST JOHNS WEST CLIMATE,8403603,8403603.2011.6.13,2011-06-13 00:00:00,NL,2011,6,13,7.9,,3.7,,12,,0,,,M,,M,,,32,,33,,0,,10.1,,73,,97,
-52.78333888888889,47.513355555555556,ST JOHNS WEST CLIMATE,8403603,8403603.2011.6.14,2011-06-14 00:00:00,NL,2011,6,14,7.9,,3.7,,12.1,,0,,,M,,M,,,0,,0,,0,,10.1,,68,,96,
-52.78333888888889,47.513355555555556,ST JOHNS WEST CLIMATE,8403603,8403603.2011.6.15,2011-06-15 00:00:00,NL,2011,6,15,7.7,,6,,9.3,,4.2,,,M,,M,,,6,,44,,0,,10.3,,79,,96,
-52.78333888888889,47.513355555555556,ST JOHNS WEST CLIMATE,8403603,8403603.2011.6.16,2011-06-16 00:00:00,NL,2011,6,16,7.3,,6.5,,8,,8.6,,,M,,M,,,8,,41,,0,,10.7,,97,,97,
-52.78333888888889,47.513355555555556,ST JOHNS WEST CLIMATE,8403603,8403603.2011.6.17,2011-06-17 00:00:00,NL,2011,6,17,7.6,,5.7,,9.4,,2.1,,,M,,M,,,0,,0,,0,,10.4,,95,,97,
-52.78333888888889,47.513355555555556,ST JOHNS WEST CLIMATE,8403603,8403603.2011.6.18,2011-06-18 00:00:00,NL,2011,6,18,8,,5.1,,10.8,,0,,,M,,M,,,0,,0,,0,,10,,70,,97,
-52.78333888888889,47.513355555555556,ST JOHNS WEST CLIMATE,8403603,8403603.2011.6.19,2011-06-19 00:00:00,NL,2011,6,19,6.9,,4.9,,8.9,,0,,,M,,M,,,14,,43,,0,,11.1,,81,,97,
-52.78333888888889,47.513355555555556,ST JOHNS WEST CLIMATE,8403603,8403603.2011.6.20,2011-06-20 00:00:00,NL,2011,6,20,7.9,,6.7,,9,,27.5,,,M,,M,,,12,,69,,0,,10.1,,93,,97,
-52.78333888888889,47.513355555555556,ST JOHNS WEST CLIMATE,8403603,8403603.2011.6.21,2011-06-21 00:00:00,NL,2011,6,21,10.5,,7.1,,13.9,,2.5,,,M,,M,,,29,,32,,0,,7.5,,82,,97,
-52.78333888888889,47.513355555555556,ST JOHNS WEST CLIMATE,8403603,8403603.2011.6.22,2011-06-22 00:00:00,NL,2011,6,22,8.6,,5.9,,11.3,,2.3,,,M,,M,,,33,,32,,0,,9.4,,75,,96,
-52.78333888888889,47.513355555555556,ST JOHNS WEST CLIMATE,8403603,8403603.2011.6.23,2011-06-23 00:00:00,NL,2011,6,23,7.5,,5.8,,9.1,,1.2,,,M,,M,,,32,,50,,0,,10.5,,91,,95,
-52.78333888888889,47.513355555555556,ST JOHNS WEST CLIMATE,8403603,8403603.2011.6.24,2011-06-24 00:00:00,NL,2011,6,24,7,,5.9,,8,,0.6,,,M,,M,,,33,,41,,0,,11,,92,,96,
-52.78333888888889,47.513355555555556,ST JOHNS WEST CLIMATE,8403603,8403603.2011.6.25,2011-06-25 00:00:00,NL,2011,6,25,9.7,,6.1,,13.3,,0,,,M,,M,,,0,,0,,0,,8.3,,78,,97,
-52.78333888888889,47.513355555555556,ST JOHNS WEST CLIMATE,8403603,8403603.2011.6.26,2011-06-26 00:00:00,NL,2011,6,26,9.6,,7.3,,11.8,,1,,,M,,M,,,17,,35,,0,,8.4,,89,,97,
-52.78333888888889,47.513355555555556,ST JOHNS WEST CLIMATE,8403603,8403603.2011.6.27,2011-06-27 00:00:00,NL,2011,6,27,14.8,,9.9,,19.6,,2.2,,,M,,M,,,14,,32,,0,,3.2,,84,,97,
-52.78333888888889,47.513355555555556,ST JOHNS WEST CLIMATE,8403603,8403603.2011.6.28,2011-06-28 00:00:00,NL,2011,6,28,11.3,,7.3,,15.3,,0,,,M,,M,,,31,,33,,0,,6.7,,83,,97,
-52.78333888888889,47.513355555555556,ST JOHNS WEST CLIMATE,8403603,8403603.2011.6.29,2011-06-29 00:00:00,NL,2011,6,29,11.3,,7.2,,15.4,,0,,,M,,M,,,0,,0,,0,,6.7,,72,,93,
-52.78333888888889,47.513355555555556,ST JOHNS WEST CLIMATE,8403603,8403603.2011.6.30,2011-06-30 00:00:00,NL,2011,6,30,12.6,,8.1,,17.1,,2.6,,,M,,M,,,8,,33,,0,,5.4,,69,,97,
-52.78333888888889,47.513355555555556,ST JOHNS WEST CLIMATE,8403603,8403603.2011.7.1,2011-07-01 00:00:00,NL,2011,7,1,14.4,,8.3,,20.5,,0.6,,,M,,M,,,0,,0,,0,,3.6,,75,,97,
-52.78333888888889,47.513355555555556,ST JOHNS WEST CLIMATE,8403603,8403603.2011.7.2,2011-07-02 00:00:00,NL,2011,7,2,15.9,,10.7,,21.1,,0,,,M,,M,,,24,,33,,0,,2.1,,62,,96,
-52.78333888888889,47.513355555555556,ST JOHNS WEST CLIMATE,8403603,8403603.2011.7.3,2011-07-03 00:00:00,NL,2011,7,3,17.4,,11.4,,23.4,,0,,,M,,M,,,27,,39,,0,,0.6,,55,,94,
-52.78333888888889,47.513355555555556,ST JOHNS WEST CLIMATE,8403603,8403603.2011.7.4,2011-07-04 00:00:00,NL,2011,7,4,17.7,,11.3,,24.1,,0,,,M,,M,,,20,,32,,0,,0.3,,56,,94,
-52.78333888888889,47.513355555555556,ST JOHNS WEST CLIMATE,8403603,8403603.2011.7.5,2011-07-05 00:00:00,NL,2011,7,5,18.5,,15.2,,21.7,,7.9,,,M,,M,,,18,,37,,0.5,,0,,77,,94,
-52.78333888888889,47.513355555555556,ST JOHNS WEST CLIMATE,8403603,8403603.2011.7.6,2011-07-06 00:00:00,NL,2011,7,6,19.4,,12.9,,25.9,,0,,,M,,M,,,28,,39,,1.4,,0,,42,,96,
-52.78333888888889,47.513355555555556,ST JOHNS WEST CLIMATE,8403603,8403603.2011.7.7,2011-07-07 00:00:00,NL,2011,7,7,18.3,,12.3,,24.2,,0,,,M,,M,,,24,,39,,0.3,,0,,51,,93,
-52.78333888888889,47.513355555555556,ST JOHNS WEST CLIMATE,8403603,8403603.2011.7.8,2011-07-08 00:00:00,NL,2011,7,8,15.9,,8.8,,22.9,,0,,,M,,M,,,28,,43,,0,,2.1,,47,,92,
-52.78333888888889,47.513355555555556,ST JOHNS WEST CLIMATE,8403603,8403603.2011.7.9,2011-07-09 00:00:00,NL,2011,7,9,15.5,,8.1,,22.8,,15.5,,,M,,M,,,15,,41,,0,,2.5,,56,,96,
-52.78333888888889,47.513355555555556,ST JOHNS WEST CLIMATE,8403603,8403603.2011.7.10,2011-07-10 00:00:00,NL,2011,7,10,13.4,,8.7,,18.1,,2.6,,,M,,M,,,24,,80,,0,,4.6,,62,,94,
-52.78333888888889,47.513355555555556,ST JOHNS WEST CLIMATE,8403603,8403603.2011.7.11,2011-07-11 00:00:00,NL,2011,7,11,16.3,,8.8,,23.8,,0,,,M,,M,,,26,,46,,0,,1.7,,38,,88,
-52.78333888888889,47.513355555555556,ST JOHNS WEST CLIMATE,8403603,8403603.2011.7.12,2011-07-12 00:00:00,NL,2011,7,12,18.2,,14.2,,22.1,,0,,,M,,M,,,24,,48,,0.2,,0,,46,,93,
-52.78333888888889,47.513355555555556,ST JOHNS WEST CLIMATE,8403603,8403603.2011.7.13,2011-07-13 00:00:00,NL,2011,7,13,13.1,,7.3,,18.9,,0.2,,,M,,M,,,20,,50,,0,,4.9,,74,,96,
-52.78333888888889,47.513355555555556,ST JOHNS WEST CLIMATE,8403603,8403603.2011.7.14,2011-07-14 00:00:00,NL,2011,7,14,7.7,,6.7,,8.6,,22,,,M,,M,,,6,,37,,0,,10.3,,85,,97,
-52.78333888888889,47.513355555555556,ST JOHNS WEST CLIMATE,8403603,8403603.2011.7.15,2011-07-15 00:00:00,NL,2011,7,15,13.3,,7.3,,19.2,,21.4,,,M,,M,,,19,,54,,0,,4.7,,89,,99,
-52.78333888888889,47.513355555555556,ST JOHNS WEST CLIMATE,8403603,8403603.2011.7.16,2011-07-16 00:00:00,NL,2011,7,16,17.9,,12.7,,23,,11.1,,,M,,M,,,18,,41,,0,,0.1,,73,,96,
-52.78333888888889,47.513355555555556,ST JOHNS WEST CLIMATE,8403603,8403603.2011.7.17,2011-07-17 00:00:00,NL,2011,7,17,14.1,,9.8,,18.4,,0,,,M,,M,,,24,,37,,0,,3.9,,68,,95,
-52.78333888888889,47.513355555555556,ST JOHNS WEST CLIMATE,8403603,8403603.2011.7.18,2011-07-18 00:00:00,NL,2011,7,18,16.6,,10.3,,22.9,,4.5,,,M,,M,,,22,,48,,0,,1.4,,59,,93,
-52.78333888888889,47.513355555555556,ST JOHNS WEST CLIMATE,8403603,8403603.2011.7.19,2011-07-19 00:00:00,NL,2011,7,19,17.5,,14.4,,20.5,,5.4,,,M,,M,,,20,,39,,0,,0.5,,81,,96,
-52.78333888888889,47.513355555555556,ST JOHNS WEST CLIMATE,8403603,8403603.2011.7.20,2011-07-20 00:00:00,NL,2011,7,20,17.7,,14.5,,20.8,,0,,,M,,M,,,22,,41,,0,,0.3,,80,,94,
-52.78333888888889,47.513355555555556,ST JOHNS WEST CLIMATE,8403603,8403603.2011.7.21,2011-07-21 00:00:00,NL,2011,7,21,16.8,,13.5,,20.1,,0,,,M,,M,,,24,,41,,0,,1.2,,71,,93,
-52.78333888888889,47.513355555555556,ST JOHNS WEST CLIMATE,8403603,8403603.2011.7.22,2011-07-22 00:00:00,NL,2011,7,22,16.2,,12,,20.4,,8.3,,,M,,M,,,24,,57,,0,,1.8,,70,,95,
-52.78333888888889,47.513355555555556,ST JOHNS WEST CLIMATE,8403603,8403603.2011.7.23,2011-07-23 00:00:00,NL,2011,7,23,15.2,,9.6,,20.8,,0,,,M,,M,,,0,,0,,0,,2.8,,49,,94,
-52.78333888888889,47.513355555555556,ST JOHNS WEST CLIMATE,8403603,8403603.2011.7.24,2011-07-24 00:00:00,NL,2011,7,24,15.8,,9.8,,21.8,,1.7,,,M,,M,,,26,,54,,0,,2.2,,52,,95,
-52.78333888888889,47.513355555555556,ST JOHNS WEST CLIMATE,8403603,8403603.2011.7.25,2011-07-25 00:00:00,NL,2011,7,25,16.5,,10.3,,22.7,,0,,,M,,M,,,29,,41,,0,,1.5,,38,,80,
-52.78333888888889,47.513355555555556,ST JOHNS WEST CLIMATE,8403603,8403603.2011.7.26,2011-07-26 00:00:00,NL,2011,7,26,16.9,,10.2,,23.6,,0,,,M,,M,,,18,,32,,0,,1.1,,38,,87,
-52.78333888888889,47.513355555555556,ST JOHNS WEST CLIMATE,8403603,8403603.2011.7.27,2011-07-27 00:00:00,NL,2011,7,27,11.8,,9.8,,13.7,,0.6,,,M,,M,,,0,,0,,0,,6.2,,89,,97,
-52.78333888888889,47.513355555555556,ST JOHNS WEST CLIMATE,8403603,8403603.2011.7.28,2011-07-28 00:00:00,NL,2011,7,28,11.8,,9.4,,14.2,,3.9,,,M,,M,,,0,,0,,0,,6.2,,85,,97,
-52.78333888888889,47.513355555555556,ST JOHNS WEST CLIMATE,8403603,8403603.2011.7.29,2011-07-29 00:00:00,NL,2011,7,29,13,,9.7,,16.2,,0,,,M,,M,,,0,,0,,0,,5,,79,,97,
-52.78333888888889,47.513355555555556,ST JOHNS WEST CLIMATE,8403603,8403603.2011.7.30,2011-07-30 00:00:00,NL,2011,7,30,14.9,,11,,18.8,,0,,,M,,M,,,0,,0,,0,,3.1,,77,,97,
-52.78333888888889,47.513355555555556,ST JOHNS WEST CLIMATE,8403603,8403603.2011.7.31,2011-07-31 00:00:00,NL,2011,7,31,15.4,,11.3,,19.4,,2.1,,,M,,M,,,31,,44,,0,,2.6,,87,,97,
-52.78333888888889,47.513355555555556,ST JOHNS WEST CLIMATE,8403603,8403603.2011.8.1,2011-08-01 00:00:00,NL,2011,8,1,13.3,,6.5,,20,,0,,,M,,M,,,0,,0,,0,,4.7,,66,,95,
-52.78333888888889,47.513355555555556,ST JOHNS WEST CLIMATE,8403603,8403603.2011.8.2,2011-08-02 00:00:00,NL,2011,8,2,11.1,,5.7,,16.4,,0,,,M,,M,,,0,,0,,0,,6.9,,76,,97,
-52.78333888888889,47.513355555555556,ST JOHNS WEST CLIMATE,8403603,8403603.2011.8.3,2011-08-03 00:00:00,NL,2011,8,3,12.1,,9.6,,14.6,,0.4,,,M,,M,,,0,,0,,0,,5.9,,83,,97,
-52.78333888888889,47.513355555555556,ST JOHNS WEST CLIMATE,8403603,8403603.2011.8.4,2011-08-04 00:00:00,NL,2011,8,4,11.2,,10.3,,12,,0.4,,,M,,M,,,0,,0,,0,,6.8,,97,,97,
-52.78333888888889,47.513355555555556,ST JOHNS WEST CLIMATE,8403603,8403603.2011.8.5,2011-08-05 00:00:00,NL,2011,8,5,10.8,,10.3,,11.2,,20.5,,,M,,M,,,4,,41,,0,,7.2,,97,,97,
-52.78333888888889,47.513355555555556,ST JOHNS WEST CLIMATE,8403603,8403603.2011.8.6,2011-08-06 00:00:00,NL,2011,8,6,10.4,,9.7,,11.1,,37.9,,,M,,M,,,3,,69,,0,,7.6,,94,,97,
-52.78333888888889,47.513355555555556,ST JOHNS WEST CLIMATE,8403603,8403603.2011.8.7,2011-08-07 00:00:00,NL,2011,8,7,9.9,,9.2,,10.5,,3,,,M,,M,,,1,,57,,0,,8.1,,93,,95,
-52.78333888888889,47.513355555555556,ST JOHNS WEST CLIMATE,8403603,8403603.2011.8.8,2011-08-08 00:00:00,NL,2011,8,8,10.1,,8.5,,11.6,,0.2,,,M,,M,,,0,,0,,0,,7.9,,79,,94,
-52.78333888888889,47.513355555555556,ST JOHNS WEST CLIMATE,8403603,8403603.2011.8.9,2011-08-09 00:00:00,NL,2011,8,9,9.7,,8.3,,11.1,,0,,,M,,M,,,0,,0,,0,,8.3,,76,,96,
-52.78333888888889,47.513355555555556,ST JOHNS WEST CLIMATE,8403603,8403603.2011.8.10,2011-08-10 00:00:00,NL,2011,8,10,9.5,,8.3,,10.6,,0,,,M,,M,,,0,,0,,0,,8.5,,88,,97,
-52.78333888888889,47.513355555555556,ST JOHNS WEST CLIMATE,8403603,8403603.2011.8.11,2011-08-11 00:00:00,NL,2011,8,11,10.2,,8.4,,11.9,,0.7,,,M,,M,,,8,,32,,0,,7.8,,95,,97,
-52.78333888888889,47.513355555555556,ST JOHNS WEST CLIMATE,8403603,8403603.2011.8.12,2011-08-12 00:00:00,NL,2011,8,12,16.8,,11.9,,21.7,,0,,,M,,M,,,0,,0,,0,,1.2,,78,,97,
-52.78333888888889,47.513355555555556,ST JOHNS WEST CLIMATE,8403603,8403603.2011.8.13,2011-08-13 00:00:00,NL,2011,8,13,18,,13.9,,22,,0,,,M,,M,,,0,,0,,0,,0,,54,,94,
-52.78333888888889,47.513355555555556,ST JOHNS WEST CLIMATE,8403603,8403603.2011.8.14,2011-08-14 00:00:00,NL,2011,8,14,15.1,,10.7,,19.5,,0,,,M,,M,,,0,,0,,0,,2.9,,72,,96,
-52.78333888888889,47.513355555555556,ST JOHNS WEST CLIMATE,8403603,8403603.2011.8.15,2011-08-15 00:00:00,NL,2011,8,15,18.8,,13.1,,24.4,,0,,,M,,M,,,28,,32,,0.8,,0,,56,,93,
-52.78333888888889,47.513355555555556,ST JOHNS WEST CLIMATE,8403603,8403603.2011.8.16,2011-08-16 00:00:00,NL,2011,8,16,17.2,,13.5,,20.8,,20.7,,,M,,M,,,24,,41,,0,,0.8,,90,,96,
-52.78333888888889,47.513355555555556,ST JOHNS WEST CLIMATE,8403603,8403603.2011.8.17,2011-08-17 00:00:00,NL,2011,8,17,,M,,M,,M,1.5,,,M,,M,,,0,,0,,,M,,M,,,,
-52.78333888888889,47.513355555555556,ST JOHNS WEST CLIMATE,8403603,8403603.2011.8.18,2011-08-18 00:00:00,NL,2011,8,18,15.8,,9.5,,22.1,,0,,,M,,M,,,22,,48,,0,,2.2,,43,,92,
-52.78333888888889,47.513355555555556,ST JOHNS WEST CLIMATE,8403603,8403603.2011.8.19,2011-08-19 00:00:00,NL,2011,8,19,16.2,,9.8,,22.6,,0,,,M,,M,,,24,,35,,0,,1.8,,50,,91,
-52.78333888888889,47.513355555555556,ST JOHNS WEST CLIMATE,8403603,8403603.2011.8.20,2011-08-20 00:00:00,NL,2011,8,20,15.5,,9,,22,,0,,,M,,M,,,0,,0,,0,,2.5,,67,,96,
-52.78333888888889,47.513355555555556,ST JOHNS WEST CLIMATE,8403603,8403603.2011.8.21,2011-08-21 00:00:00,NL,2011,8,21,17.7,,12.4,,22.9,,0,,,M,,M,,,0,,0,,0,,0.3,,66,,94,
-52.78333888888889,47.513355555555556,ST JOHNS WEST CLIMATE,8403603,8403603.2011.8.22,2011-08-22 00:00:00,NL,2011,8,22,16.3,,11.4,,21.2,,0,,,M,,M,,,0,,0,,0,,1.7,,50,,96,
-52.78333888888889,47.513355555555556,ST JOHNS WEST CLIMATE,8403603,8403603.2011.8.23,2011-08-23 00:00:00,NL,2011,8,23,15.8,,12.7,,18.9,,1.2,,,M,,M,,,0,,0,,0,,2.2,,84,,96,
-52.78333888888889,47.513355555555556,ST JOHNS WEST CLIMATE,8403603,8403603.2011.8.24,2011-08-24 00:00:00,NL,2011,8,24,16.5,,11.5,,21.4,,0,,,M,,M,,,27,,37,,0,,1.5,,51,,90,
-52.78333888888889,47.513355555555556,ST JOHNS WEST CLIMATE,8403603,8403603.2011.8.25,2011-08-25 00:00:00,NL,2011,8,25,17.3,,10.6,,24,,0,,,M,,M,,,25,,44,,0,,0.7,,49,,90,
-52.78333888888889,47.513355555555556,ST JOHNS WEST CLIMATE,8403603,8403603.2011.8.26,2011-08-26 00:00:00,NL,2011,8,26,20.2,,15.7,,24.6,,0,,,M,,M,,,25,,46,,2.2,,0,,49,,92,
-52.78333888888889,47.513355555555556,ST JOHNS WEST CLIMATE,8403603,8403603.2011.8.27,2011-08-27 00:00:00,NL,2011,8,27,17.2,,11.8,,22.6,,0,,,M,,M,,,29,,41,,0,,0.8,,52,,89,
-52.78333888888889,47.513355555555556,ST JOHNS WEST CLIMATE,8403603,8403603.2011.8.28,2011-08-28 00:00:00,NL,2011,8,28,18.6,,11.9,,25.2,,0,,,M,,M,,,0,,0,,0.6,,0,,56,,92,
-52.78333888888889,47.513355555555556,ST JOHNS WEST CLIMATE,8403603,8403603.2011.8.29,2011-08-29 00:00:00,NL,2011,8,29,21.3,,16.2,,26.4,,0.6,,,M,,M,,,23,,56,,3.3,,0,,75,,91,
-52.78333888888889,47.513355555555556,ST JOHNS WEST CLIMATE,8403603,8403603.2011.8.30,2011-08-30 00:00:00,NL,2011,8,30,18.3,,13.5,,23,,6.1,,,M,,M,,,27,,57,,0.3,,0,,36,,93,
-52.78333888888889,47.513355555555556,ST JOHNS WEST CLIMATE,8403603,8403603.2011.8.31,2011-08-31 00:00:00,NL,2011,8,31,15,,12.4,,17.5,,3.4,,,M,,M,,,0,,0,,0,,3,,76,,94,
-52.78333888888889,47.513355555555556,ST JOHNS WEST CLIMATE,8403603,8403603.2011.9.1,2011-09-01 00:00:00,NL,2011,9,1,11.5,,7.3,,15.6,,0.2,,,M,,M,,,0,,0,,0,,6.5,,78,,96,
-52.78333888888889,47.513355555555556,ST JOHNS WEST CLIMATE,8403603,8403603.2011.9.2,2011-09-02 00:00:00,NL,2011,9,2,13.8,,6.4,,21.1,,0,,,M,,M,,,0,,0,,0,,4.2,,53,,96,
-52.78333888888889,47.513355555555556,ST JOHNS WEST CLIMATE,8403603,8403603.2011.9.3,2011-09-03 00:00:00,NL,2011,9,3,17,,12.6,,21.4,,0,,,M,,M,,,0,,0,,0,,1,,66,,96,
-52.78333888888889,47.513355555555556,ST JOHNS WEST CLIMATE,8403603,8403603.2011.9.4,2011-09-04 00:00:00,NL,2011,9,4,18.7,,14,,23.3,,0,,,M,,M,,,0,,0,,0.7,,0,,61,,96,
-52.78333888888889,47.513355555555556,ST JOHNS WEST CLIMATE,8403603,8403603.2011.9.5,2011-09-05 00:00:00,NL,2011,9,5,18.5,,13,,23.9,,0,,,M,,M,,,23,,44,,0.5,,0,,51,,96,
-52.78333888888889,47.513355555555556,ST JOHNS WEST CLIMATE,8403603,8403603.2011.9.6,2011-09-06 00:00:00,NL,2011,9,6,18.9,,14.4,,23.3,,0.5,,,M,,M,,,25,,69,,0.9,,0,,73,,92,
-52.78333888888889,47.513355555555556,ST JOHNS WEST CLIMATE,8403603,8403603.2011.9.7,2011-09-07 00:00:00,NL,2011,9,7,10,,5.6,,14.4,,1.3,,,M,,M,,,19,,80,,0,,8,,58,,93,
-52.78333888888889,47.513355555555556,ST JOHNS WEST CLIMATE,8403603,8403603.2011.9.8,2011-09-08 00:00:00,NL,2011,9,8,12.1,,8.8,,15.4,,5.5,,,M,,M,,,26,,52,,0,,5.9,,72,,92,
-52.78333888888889,47.513355555555556,ST JOHNS WEST CLIMATE,8403603,8403603.2011.9.9,2011-09-09 00:00:00,NL,2011,9,9,15.9,,11.5,,20.2,,0,,,M,,M,,,25,,54,,0,,2.1,,66,,92,
-52.78333888888889,47.513355555555556,ST JOHNS WEST CLIMATE,8403603,8403603.2011.9.10,2011-09-10 00:00:00,NL,2011,9,10,9.3,,5.7,,12.9,,0,,,M,,M,,,2,,50,,0,,8.7,,75,,96,
-52.78333888888889,47.513355555555556,ST JOHNS WEST CLIMATE,8403603,8403603.2011.9.11,2011-09-11 00:00:00,NL,2011,9,11,10,,5.5,,14.4,,0,,,M,,M,,,22,,35,,0,,8,,34,,92,
-52.78333888888889,47.513355555555556,ST JOHNS WEST CLIMATE,8403603,8403603.2011.9.12,2011-09-12 00:00:00,NL,2011,9,12,14.4,,10.9,,17.8,,0,,,M,,M,,,24,,61,,0,,3.6,,58,,86,
-52.78333888888889,47.513355555555556,ST JOHNS WEST CLIMATE,8403603,8403603.2011.9.13,2011-09-13 00:00:00,NL,2011,9,13,16,,11.1,,20.8,,0,,,M,,M,,,27,,32,,0,,2,,42,,95,
-52.78333888888889,47.513355555555556,ST JOHNS WEST CLIMATE,8403603,8403603.2011.9.14,2011-09-14 00:00:00,NL,2011,9,14,17.6,,12.7,,22.4,,0,,,M,,M,,,26,,43,,0,,0.4,,69,,94,
-52.78333888888889,47.513355555555556,ST JOHNS WEST CLIMATE,8403603,8403603.2011.9.15,2011-09-15 00:00:00,NL,2011,9,15,19.4,,15.6,,23.1,,0,,,M,,M,,,23,,35,,1.4,,0,,71,,94,
-52.78333888888889,47.513355555555556,ST JOHNS WEST CLIMATE,8403603,8403603.2011.9.16,2011-09-16 00:00:00,NL,2011,9,16,14.3,,9.3,,19.3,,19.2,,,M,,M,,,27,,72,,0,,3.7,,69,,95,
-52.78333888888889,47.513355555555556,ST JOHNS WEST CLIMATE,8403603,8403603.2011.9.17,2011-09-17 00:00:00,NL,2011,9,17,10.2,,5.7,,14.6,,0,,,M,,M,,,24,,70,,0,,7.8,,49,,85,
-52.78333888888889,47.513355555555556,ST JOHNS WEST CLIMATE,8403603,8403603.2011.9.18,2011-09-18 00:00:00,NL,2011,9,18,9.2,,3.7,,14.7,,0,,,M,,M,,,26,,70,,0,,8.8,,41,,93,
-52.78333888888889,47.513355555555556,ST JOHNS WEST CLIMATE,8403603,8403603.2011.9.19,2011-09-19 00:00:00,NL,2011,9,19,10.7,,3.4,,18,,0,,,M,,M,,,0,,0,,0,,7.3,,42,,93,
-52.78333888888889,47.513355555555556,ST JOHNS WEST CLIMATE,8403603,8403603.2011.9.20,2011-09-20 00:00:00,NL,2011,9,20,12,,9.6,,14.4,,16.5,,,M,,M,,,15,,44,,0,,6,,87,,96,
-52.78333888888889,47.513355555555556,ST JOHNS WEST CLIMATE,8403603,8403603.2011.9.21,2011-09-21 00:00:00,NL,2011,9,21,13.7,,9.2,,18.2,,0,,,M,,M,,,24,,46,,0,,4.3,,57,,90,
-52.78333888888889,47.513355555555556,ST JOHNS WEST CLIMATE,8403603,8403603.2011.9.22,2011-09-22 00:00:00,NL,2011,9,22,14,,9.2,,18.7,,0,,,M,,M,,,0,,0,,0,,4,,50,,91,
-52.78333888888889,47.513355555555556,ST JOHNS WEST CLIMATE,8403603,8403603.2011.9.23,2011-09-23 00:00:00,NL,2011,9,23,11.8,,8.2,,15.4,,1.8,,,M,,M,,,0,,0,,0,,6.2,,65,,96,
-52.78333888888889,47.513355555555556,ST JOHNS WEST CLIMATE,8403603,8403603.2011.9.24,2011-09-24 00:00:00,NL,2011,9,24,11.1,,7.8,,14.3,,0.4,,,M,,M,,,31,,35,,0,,6.9,,67,,93,
-52.78333888888889,47.513355555555556,ST JOHNS WEST CLIMATE,8403603,8403603.2011.9.25,2011-09-25 00:00:00,NL,2011,9,25,13.1,,8.7,,17.5,,0,,,M,,M,,,26,,54,,0,,4.9,,63,,89,
-52.78333888888889,47.513355555555556,ST JOHNS WEST CLIMATE,8403603,8403603.2011.9.26,2011-09-26 00:00:00,NL,2011,9,26,10.8,,5.6,,16,,0,,,M,,M,,,32,,39,,0,,7.2,,47,,91,
-52.78333888888889,47.513355555555556,ST JOHNS WEST CLIMATE,8403603,8403603.2011.9.27,2011-09-27 00:00:00,NL,2011,9,27,7.9,,5.8,,9.9,,2.1,,,M,,M,,,31,,37,,0,,10.1,,69,,91,
-52.78333888888889,47.513355555555556,ST JOHNS WEST CLIMATE,8403603,8403603.2011.9.28,2011-09-28 00:00:00,NL,2011,9,28,8.8,,5.8,,11.7,,1.5,,,M,,M,,,31,,41,,0,,9.2,,54,,91,
-52.78333888888889,47.513355555555556,ST JOHNS WEST CLIMATE,8403603,8403603.2011.9.29,2011-09-29 00:00:00,NL,2011,9,29,13.8,,9.9,,17.7,,0,,,M,,M,,,28,,54,,0,,4.2,,63,,87,
-52.78333888888889,47.513355555555556,ST JOHNS WEST CLIMATE,8403603,8403603.2011.9.30,2011-09-30 00:00:00,NL,2011,9,30,15.8,,11.3,,20.3,,0,,,M,,M,,,23,,46,,0,,2.2,,81,,93,
-52.78333888888889,47.513355555555556,ST JOHNS WEST CLIMATE,8403603,8403603.2011.10.1,2011-10-01 00:00:00,NL,2011,10,1,19,,15.3,,22.6,,0,,,M,,M,,,25,,50,,1,,0,,80,,92,
-52.78333888888889,47.513355555555556,ST JOHNS WEST CLIMATE,8403603,8403603.2011.10.2,2011-10-02 00:00:00,NL,2011,10,2,14.6,,8.9,,20.2,,11.4,,,M,,M,,,24,,39,,0,,3.4,,91,,96,
-52.78333888888889,47.513355555555556,ST JOHNS WEST CLIMATE,8403603,8403603.2011.10.3,2011-10-03 00:00:00,NL,2011,10,3,12.8,,8.8,,16.7,,22.2,,,M,,M,,,30,,69,,0,,5.2,,79,,96,
-52.78333888888889,47.513355555555556,ST JOHNS WEST CLIMATE,8403603,8403603.2011.10.4,2011-10-04 00:00:00,NL,2011,10,4,9.1,,7.8,,10.3,,0.7,,,M,,M,,,9,,43,,0,,8.9,,77,,91,
-52.78333888888889,47.513355555555556,ST JOHNS WEST CLIMATE,8403603,8403603.2011.10.5,2011-10-05 00:00:00,NL,2011,10,5,11.4,,7.7,,15.1,,12,,,M,,M,,,23,,59,,0,,6.6,,79,,96,
-52.78333888888889,47.513355555555556,ST JOHNS WEST CLIMATE,8403603,8403603.2011.10.6,2011-10-06 00:00:00,NL,2011,10,6,7.2,,3.7,,10.7,,1.2,,,M,,M,,,21,,83,,0,,10.8,,62,,91,
-52.78333888888889,47.513355555555556,ST JOHNS WEST CLIMATE,8403603,8403603.2011.10.7,2011-10-07 00:00:00,NL,2011,10,7,3.5,,-0.3,,7.3,,0.2,,,M,,M,,,30,,48,,0,,14.5,,64,,93,
-52.78333888888889,47.513355555555556,ST JOHNS WEST CLIMATE,8403603,8403603.2011.10.8,2011-10-08 00:00:00,NL,2011,10,8,4.7,,0.3,,9.1,,0,,,M,,M,,,24,,41,,0,,13.3,,67,,90,
-52.78333888888889,47.513355555555556,ST JOHNS WEST CLIMATE,8403603,8403603.2011.10.9,2011-10-09 00:00:00,NL,2011,10,9,8.2,,5,,11.4,,0,,,M,,M,,,29,,35,,0,,9.8,,70,,91,
-52.78333888888889,47.513355555555556,ST JOHNS WEST CLIMATE,8403603,8403603.2011.10.10,2011-10-10 00:00:00,NL,2011,10,10,11.8,,6.4,,17.1,,8.6,,,M,,M,,,32,,41,,0,,6.2,,70,,93,
-52.78333888888889,47.513355555555556,ST JOHNS WEST CLIMATE,8403603,8403603.2011.10.11,2011-10-11 00:00:00,NL,2011,10,11,6,,4.3,,7.6,,6.8,,,M,,M,,,33,,61,,0,,12,,84,,92,
-52.78333888888889,47.513355555555556,ST JOHNS WEST CLIMATE,8403603,8403603.2011.10.12,2011-10-12 00:00:00,NL,2011,10,12,2.7,,-0.9,,6.2,,0.2,,,M,,M,,,18,,52,,0,,15.3,,67,,94,
-52.78333888888889,47.513355555555556,ST JOHNS WEST CLIMATE,8403603,8403603.2011.10.13,2011-10-13 00:00:00,NL,2011,10,13,7.2,,1.9,,12.4,,0,,,M,,M,,,25,,44,,0,,10.8,,51,,91,
-52.78333888888889,47.513355555555556,ST JOHNS WEST CLIMATE,8403603,8403603.2011.10.14,2011-10-14 00:00:00,NL,2011,10,14,9.5,,6.9,,12,,0,,,M,,M,,,11,,33,,0,,8.5,,73,,94,
-52.78333888888889,47.513355555555556,ST JOHNS WEST CLIMATE,8403603,8403603.2011.10.15,2011-10-15 00:00:00,NL,2011,10,15,13.3,,9.5,,17,,21.4,,,M,,M,,,17,,39,,0,,4.7,,92,,95,
-52.78333888888889,47.513355555555556,ST JOHNS WEST CLIMATE,8403603,8403603.2011.10.16,2011-10-16 00:00:00,NL,2011,10,16,15.3,,11.2,,19.3,,5,,,M,,M,,,16,,32,,0,,2.7,,75,,95,
-52.78333888888889,47.513355555555556,ST JOHNS WEST CLIMATE,8403603,8403603.2011.10.17,2011-10-17 00:00:00,NL,2011,10,17,12.2,,9.7,,14.7,,3.4,,,M,,M,,,19,,44,,0,,5.8,,59,,94,
-52.78333888888889,47.513355555555556,ST JOHNS WEST CLIMATE,8403603,8403603.2011.10.18,2011-10-18 00:00:00,NL,2011,10,18,11.5,,7.7,,15.2,,0.2,,,M,,M,,,22,,44,,0,,6.5,,58,,92,
-52.78333888888889,47.513355555555556,ST JOHNS WEST CLIMATE,8403603,8403603.2011.10.19,2011-10-19 00:00:00,NL,2011,10,19,10.5,,4.8,,16.1,,0,,,M,,M,,,24,,35,,0,,7.5,,62,,93,
-52.78333888888889,47.513355555555556,ST JOHNS WEST CLIMATE,8403603,8403603.2011.10.20,2011-10-20 00:00:00,NL,2011,10,20,7.4,,5.2,,9.6,,12.8,,,M,,M,,,0,,0,,0,,10.6,,88,,96,
-52.78333888888889,47.513355555555556,ST JOHNS WEST CLIMATE,8403603,8403603.2011.10.21,2011-10-21 00:00:00,NL,2011,10,21,12.2,,7.7,,16.7,,2,,,M,,M,,,27,,44,,0,,5.8,,88,,96,
-52.78333888888889,47.513355555555556,ST JOHNS WEST CLIMATE,8403603,8403603.2011.10.22,2011-10-22 00:00:00,NL,2011,10,22,9.5,,4.1,,14.9,,0,,,M,,M,,,26,,35,,0,,8.5,,65,,93,
-52.78333888888889,47.513355555555556,ST JOHNS WEST CLIMATE,8403603,8403603.2011.10.23,2011-10-23 00:00:00,NL,2011,10,23,8.8,,3.1,,14.5,,0,,,M,,M,,,29,,32,,0,,9.2,,68,,95,
-52.78333888888889,47.513355555555556,ST JOHNS WEST CLIMATE,8403603,8403603.2011.10.24,2011-10-24 00:00:00,NL,2011,10,24,8.2,,6.2,,10.1,,0,,,M,,M,,,0,,0,,0,,9.8,,81,,93,
-52.78333888888889,47.513355555555556,ST JOHNS WEST CLIMATE,8403603,8403603.2011.10.25,2011-10-25 00:00:00,NL,2011,10,25,6.8,,5.3,,8.3,,1.8,,,M,,M,,,7,,67,,0,,11.2,,76,,92,
-52.78333888888889,47.513355555555556,ST JOHNS WEST CLIMATE,8403603,8403603.2011.10.26,2011-10-26 00:00:00,NL,2011,10,26,7.3,,5.3,,9.3,,63.7,,,M,,M,,,9,,72,,0,,10.7,,93,,96,
-52.78333888888889,47.513355555555556,ST JOHNS WEST CLIMATE,8403603,8403603.2011.10.27,2011-10-27 00:00:00,NL,2011,10,27,3.9,,2.4,,5.3,,9.1,,,M,,M,,,30,,83,,0,,14.1,,74,,93,
-52.78333888888889,47.513355555555556,ST JOHNS WEST CLIMATE,8403603,8403603.2011.10.28,2011-10-28 00:00:00,NL,2011,10,28,2.2,,0.9,,3.4,,3.4,,,M,,M,,,28,,44,,0,,15.8,,79,,94,
-52.78333888888889,47.513355555555556,ST JOHNS WEST CLIMATE,8403603,8403603.2011.10.29,2011-10-29 00:00:00,NL,2011,10,29,3.1,,-0.5,,6.6,,29.7,,,M,,M,,,27,,52,,0,,14.9,,62,,93,
-52.78333888888889,47.513355555555556,ST JOHNS WEST CLIMATE,8403603,8403603.2011.10.30,2011-10-30 00:00:00,NL,2011,10,30,2,,-2,,6,,27.6,,,M,,M,,,10,,65,,0,,16,,74,,96,
-52.78333888888889,47.513355555555556,ST JOHNS WEST CLIMATE,8403603,8403603.2011.10.31,2011-10-31 00:00:00,NL,2011,10,31,4.4,,2.3,,6.4,,,M,,M,,M,,,33,,78,,0,,13.6,,81,,96,
-52.78333888888889,47.513355555555556,ST JOHNS WEST CLIMATE,8403603,8403603.2011.11.1,2011-11-01 00:00:00,NL,2011,11,1,,M,0.5,E,,M,,M,,M,,M,,,0,,0,,,M,,M,,,,
-52.78333888888889,47.513355555555556,ST JOHNS WEST CLIMATE,8403603,8403603.2011.11.2,2011-11-02 00:00:00,NL,2011,11,2,2.7,,-2.1,,7.5,,0,,,M,,M,,,0,,0,,0,,15.3,,48,,92,
-52.78333888888889,47.513355555555556,ST JOHNS WEST CLIMATE,8403603,8403603.2011.11.3,2011-11-03 00:00:00,NL,2011,11,3,5.6,,1.6,,9.6,,0,,,M,,M,,,23,,35,,0,,12.4,,44,,91,
-52.78333888888889,47.513355555555556,ST JOHNS WEST CLIMATE,8403603,8403603.2011.11.4,2011-11-04 00:00:00,NL,2011,11,4,5.6,,2.3,,8.8,,0,,,M,,M,,,27,,39,,0,,12.4,,34,,91,
-52.78333888888889,47.513355555555556,ST JOHNS WEST CLIMATE,8403603,8403603.2011.11.5,2011-11-05 00:00:00,NL,2011,11,5,1.3,,-0.8,,3.3,,1.4,,,M,,M,,,1,,48,,0,,16.7,,59,,90,
-52.78333888888889,47.513355555555556,ST JOHNS WEST CLIMATE,8403603,8403603.2011.11.6,2011-11-06 00:00:00,NL,2011,11,6,1.6,,-2.1,,5.2,,0,,,M,,M,,,28,,59,,0,,16.4,,59,,72,
-52.78333888888889,47.513355555555556,ST JOHNS WEST CLIMATE,8403603,8403603.2011.11.7,2011-11-07 00:00:00,NL,2011,11,7,1.3,,-2.3,,4.8,,0,,,M,,M,,,31,,57,,0,,16.7,,58,,85,
-52.78333888888889,47.513355555555556,ST JOHNS WEST CLIMATE,8403603,8403603.2011.11.8,2011-11-08 00:00:00,NL,2011,11,8,5,,0.1,,9.8,,0,,,M,,M,,,30,,48,,0,,13,,65,,91,
-52.78333888888889,47.513355555555556,ST JOHNS WEST CLIMATE,8403603,8403603.2011.11.9,2011-11-09 00:00:00,NL,2011,11,9,4.5,,0.6,,8.4,,0,,,M,,M,,,32,,32,,0,,13.5,,58,,93,
-52.78333888888889,47.513355555555556,ST JOHNS WEST CLIMATE,8403603,8403603.2011.11.10,2011-11-10 00:00:00,NL,2011,11,10,2.8,,-1.5,,7.1,,0,,,M,,M,,,34,,33,,0,,15.2,,56,,96,
-52.78333888888889,47.513355555555556,ST JOHNS WEST CLIMATE,8403603,8403603.2011.11.11,2011-11-11 00:00:00,NL,2011,11,11,5.2,,0.7,,9.6,,0,,,M,,M,,,17,,56,,0,,12.8,,77,,95,
-52.78333888888889,47.513355555555556,ST JOHNS WEST CLIMATE,8403603,8403603.2011.11.12,2011-11-12 00:00:00,NL,2011,11,12,7.1,,2.5,,11.7,,13.6,,,M,,M,,,24,,80,,0,,10.9,,54,,94,
-52.78333888888889,47.513355555555556,ST JOHNS WEST CLIMATE,8403603,8403603.2011.11.13,2011-11-13 00:00:00,NL,2011,11,13,3.2,,-1.7,,8,,0,,,M,,M,,,26,,33,,0,,14.8,,58,,94,
-52.78333888888889,47.513355555555556,ST JOHNS WEST CLIMATE,8403603,8403603.2011.11.14,2011-11-14 00:00:00,NL,2011,11,14,4,,-2.7,,10.7,,3.8,,,M,,M,,,23,,41,,0,,14,,68,,96,
-52.78333888888889,47.513355555555556,ST JOHNS WEST CLIMATE,8403603,8403603.2011.11.15,2011-11-15 00:00:00,NL,2011,11,15,10.4,,9.6,,11.1,,11.3,,,M,,M,,,24,,48,,0,,7.6,,86,,93,
-52.78333888888889,47.513355555555556,ST JOHNS WEST CLIMATE,8403603,8403603.2011.11.16,2011-11-16 00:00:00,NL,2011,11,16,5.8,,1.4,,10.1,,0,,,M,,M,,,27,,57,,0,,12.2,,59,,91,
-52.78333888888889,47.513355555555556,ST JOHNS WEST CLIMATE,8403603,8403603.2011.11.17,2011-11-17 00:00:00,NL,2011,11,17,5.3,,1.1,,9.5,,10,,,M,,M,,,14,,44,,0,,12.7,,87,,96,
-52.78333888888889,47.513355555555556,ST JOHNS WEST CLIMATE,8403603,8403603.2011.11.18,2011-11-18 00:00:00,NL,2011,11,18,6.9,,-1.3,,15.1,,4.3,,,M,,M,,,24,,74,,0,,11.1,,62,,95,
-52.78333888888889,47.513355555555556,ST JOHNS WEST CLIMATE,8403603,8403603.2011.11.19,2011-11-19 00:00:00,NL,2011,11,19,1.8,,-0.9,,4.5,,1.6,,,M,,M,,,29,,56,,0,,16.2,,51,,90,
-52.78333888888889,47.513355555555556,ST JOHNS WEST CLIMATE,8403603,8403603.2011.11.20,2011-11-20 00:00:00,NL,2011,11,20,7.7,,4.5,,10.9,,2.1,,,M,,M,,,23,,74,,0,,10.3,,73,,89,
-52.78333888888889,47.513355555555556,ST JOHNS WEST CLIMATE,8403603,8403603.2011.11.21,2011-11-21 00:00:00,NL,2011,11,21,1.8,,-4.4,,7.9,,0.2,,,M,,M,,,27,,57,,0,,16.2,,55,,83,
-52.78333888888889,47.513355555555556,ST JOHNS WEST CLIMATE,8403603,8403603.2011.11.22,2011-11-22 00:00:00,NL,2011,11,22,-2.3,,-4.2,,-0.3,,0,,,M,,M,,,30,,33,,0,,20.3,,44,,79,
-52.78333888888889,47.513355555555556,ST JOHNS WEST CLIMATE,8403603,8403603.2011.11.23,2011-11-23 00:00:00,NL,2011,11,23,-1,,-3,,1,,1.5,,,M,,M,,,24,,32,,0,,19,,51,,96,
-52.78333888888889,47.513355555555556,ST JOHNS WEST CLIMATE,8403603,8403603.2011.11.24,2011-11-24 00:00:00,NL,2011,11,24,-0.9,,-2.1,,0.4,,21.2,,,M,,M,,,5,,54,,0,,18.9,,83,,97,
-52.78333888888889,47.513355555555556,ST JOHNS WEST CLIMATE,8403603,8403603.2011.11.25,2011-11-25 00:00:00,NL,2011,11,25,-5.6,,-9.6,,-1.6,,0.4,,,M,,M,,,33,,35,,0,,23.6,,73,,92,
-52.78333888888889,47.513355555555556,ST JOHNS WEST CLIMATE,8403603,8403603.2011.11.26,2011-11-26 00:00:00,NL,2011,11,26,2.4,,-1.6,,6.3,,0.7,,,M,,M,,,29,,46,,0,,15.6,,78,,94,
-52.78333888888889,47.513355555555556,ST JOHNS WEST CLIMATE,8403603,8403603.2011.11.27,2011-11-27 00:00:00,NL,2011,11,27,-3.4,,-8,,1.3,,0,,,M,,M,,,31,,37,,0,,21.4,,57,,86,
-52.78333888888889,47.513355555555556,ST JOHNS WEST CLIMATE,8403603,8403603.2011.11.28,2011-11-28 00:00:00,NL,2011,11,28,0.2,,-7.7,,8,,4.2,,,M,,M,,,22,,61,,0,,17.8,,77,,91,
-52.78333888888889,47.513355555555556,ST JOHNS WEST CLIMATE,8403603,8403603.2011.11.29,2011-11-29 00:00:00,NL,2011,11,29,2.9,,-1.3,,7,,0.8,,,M,,M,,,31,,57,,0,,15.1,,69,,91,
-52.78333888888889,47.513355555555556,ST JOHNS WEST CLIMATE,8403603,8403603.2011.11.30,2011-11-30 00:00:00,NL,2011,11,30,5.5,,2.9,,8,,0,,,M,,M,,,17,,41,,0,,12.5,,80,,92,
-52.78333888888889,47.513355555555556,ST JOHNS WEST CLIMATE,8403603,8403603.2011.12.1,2011-12-01 00:00:00,NL,2011,12,1,9.6,,4.6,,14.5,,24.2,,,M,,M,,,21,,56,,0,,8.4,,87,,95,
-52.78333888888889,47.513355555555556,ST JOHNS WEST CLIMATE,8403603,8403603.2011.12.2,2011-12-02 00:00:00,NL,2011,12,2,2.3,,-0.1,,4.7,,0.5,,,M,,M,,,36,,35,,0,,15.7,,77,,96,
-52.78333888888889,47.513355555555556,ST JOHNS WEST CLIMATE,8403603,8403603.2011.12.3,2011-12-03 00:00:00,NL,2011,12,3,-0.8,,-3.8,,2.3,,0,,,M,,M,,,35,,35,,0,,18.8,,69,,80,
-52.78333888888889,47.513355555555556,ST JOHNS WEST CLIMATE,8403603,8403603.2011.12.4,2011-12-04 00:00:00,NL,2011,12,4,-1.7,,-4.2,,0.9,,0,,,M,,M,,,1,E,32,E,0,,19.7,,50,,93,
-52.78333888888889,47.513355555555556,ST JOHNS WEST CLIMATE,8403603,8403603.2011.12.5,2011-12-05 00:00:00,NL,2011,12,5,0.6,,-4,,5.1,,0,,,M,,M,,,26,,37,,0,,17.4,,76,,95,
-52.78333888888889,47.513355555555556,ST JOHNS WEST CLIMATE,8403603,8403603.2011.12.6,2011-12-06 00:00:00,NL,2011,12,6,5,,3.4,,6.6,,0,,,M,,M,,,0,,0,,0,,13,,86,,95,
-52.78333888888889,47.513355555555556,ST JOHNS WEST CLIMATE,8403603,8403603.2011.12.7,2011-12-07 00:00:00,NL,2011,12,7,5.4,,2.3,,8.4,,13.7,,,M,,M,,,25,,32,,0,,12.6,,93,,97,
-52.78333888888889,47.513355555555556,ST JOHNS WEST CLIMATE,8403603,8403603.2011.12.8,2011-12-08 00:00:00,NL,2011,12,8,8,,2.5,,13.4,,5.2,,,M,,M,,,23,,78,,0,,10,,75,,96,
-52.78333888888889,47.513355555555556,ST JOHNS WEST CLIMATE,8403603,8403603.2011.12.9,2011-12-09 00:00:00,NL,2011,12,9,0.7,,-1.6,,2.9,,0.2,,,M,,M,,,27,,102,,0,,17.3,,43,,86,
-52.78333888888889,47.513355555555556,ST JOHNS WEST CLIMATE,8403603,8403603.2011.12.10,2011-12-10 00:00:00,NL,2011,12,10,1.5,,-1.7,,4.6,,1.5,,,M,,M,,,20,,44,,0,,16.5,,62,,96,
-52.78333888888889,47.513355555555556,ST JOHNS WEST CLIMATE,8403603,8403603.2011.12.11,2011-12-11 00:00:00,NL,2011,12,11,-0.3,,-6.3,,5.7,,1.8,,,M,,M,,,28,,52,,0,,18.3,,59,,96,
-52.78333888888889,47.513355555555556,ST JOHNS WEST CLIMATE,8403603,8403603.2011.12.12,2011-12-12 00:00:00,NL,2011,12,12,-2.7,,-5.9,,0.6,,0.2,,,M,,M,,,27,,57,,0,,20.7,,55,,89,
-52.78333888888889,47.513355555555556,ST JOHNS WEST CLIMATE,8403603,8403603.2011.12.13,2011-12-13 00:00:00,NL,2011,12,13,-2.1,,-4.9,,0.8,,0.2,,,M,,M,,,35,,37,,0,,20.1,,71,,95,
-52.78333888888889,47.513355555555556,ST JOHNS WEST CLIMATE,8403603,8403603.2011.12.14,2011-12-14 00:00:00,NL,2011,12,14,-4.6,,-5.5,,-3.6,,0,,,M,,M,,,4,,41,,0,,22.6,,64,,80,
-52.78333888888889,47.513355555555556,ST JOHNS WEST CLIMATE,8403603,8403603.2011.12.15,2011-12-15 00:00:00,NL,2011,12,15,-4.6,,-7.7,,-1.4,,0,,,M,,M,,,0,,0,,0,,22.6,,52,,83,
-52.78333888888889,47.513355555555556,ST JOHNS WEST CLIMATE,8403603,8403603.2011.12.16,2011-12-16 00:00:00,NL,2011,12,16,2.4,,-2.7,,7.5,,14.1,,,M,,M,,,22,,65,,0,,15.6,,78,,94,
-52.78333888888889,47.513355555555556,ST JOHNS WEST CLIMATE,8403603,8403603.2011.12.17,2011-12-17 00:00:00,NL,2011,12,17,0.7,,-2.6,,3.9,,0,,,M,,M,,,24,,59,,0,,17.3,,70,,88,
-52.78333888888889,47.513355555555556,ST JOHNS WEST CLIMATE,8403603,8403603.2011.12.18,2011-12-18 00:00:00,NL,2011,12,18,-3.6,,-5,,-2.2,,3.3,,,M,,M,,,7,,50,,0,,21.6,,79,,95,
-52.78333888888889,47.513355555555556,ST JOHNS WEST CLIMATE,8403603,8403603.2011.12.19,2011-12-19 00:00:00,NL,2011,12,19,-2.1,,-2.7,,-1.4,,1,,,M,,M,,,1,,48,,0,,20.1,,81,,94,
-52.78333888888889,47.513355555555556,ST JOHNS WEST CLIMATE,8403603,8403603.2011.12.20,2011-12-20 00:00:00,NL,2011,12,20,-2.9,,-4.4,,-1.4,,6.8,,,M,,M,,,28,,48,,0,,20.9,,77,,96,
-52.78333888888889,47.513355555555556,ST JOHNS WEST CLIMATE,8403603,8403603.2011.12.21,2011-12-21 00:00:00,NL,2011,12,21,-4.4,,-7.3,,-1.4,,0,,,M,,M,,,28,,43,,0,,22.4,,73,,91,
-52.78333888888889,47.513355555555556,ST JOHNS WEST CLIMATE,8403603,8403603.2011.12.22,2011-12-22 00:00:00,NL,2011,12,22,2.4,,-1.8,,6.5,,13.1,,,M,,M,,,18,,54,,0,,15.6,,79,,96,
-52.78333888888889,47.513355555555556,ST JOHNS WEST CLIMATE,8403603,8403603.2011.12.23,2011-12-23 00:00:00,NL,2011,12,23,0.3,,-1.6,,2.1,,6.4,,,M,,M,,,29,,33,,0,,17.7,,70,,97,
-52.78333888888889,47.513355555555556,ST JOHNS WEST CLIMATE,8403603,8403603.2011.12.24,2011-12-24 00:00:00,NL,2011,12,24,-7,,-12.8,,-1.2,,0.9,,,M,,M,,,34,,48,,0,,25,,70,,96,
-52.78333888888889,47.513355555555556,ST JOHNS WEST CLIMATE,8403603,8403603.2011.12.25,2011-12-25 00:00:00,NL,2011,12,25,-10.3,,-12.9,,-7.6,,0,,,M,,M,,,30,,37,,0,,28.3,,71,,84,
-52.78333888888889,47.513355555555556,ST JOHNS WEST CLIMATE,8403603,8403603.2011.12.26,2011-12-26 00:00:00,NL,2011,12,26,-9,,-14,,-3.9,,0,,,M,,M,,,0,,0,,0,,27,,58,,92,
-52.78333888888889,47.513355555555556,ST JOHNS WEST CLIMATE,8403603,8403603.2011.12.27,2011-12-27 00:00:00,NL,2011,12,27,-6,,-12.9,,0.9,,0,,,M,,M,,,0,,0,,0,,24,,63,,94,
-52.78333888888889,47.513355555555556,ST JOHNS WEST CLIMATE,8403603,8403603.2011.12.28,2011-12-28 00:00:00,NL,2011,12,28,-3.2,,-9.6,,3.3,,0.4,,,M,,M,,,0,,0,,0,,21.2,,66,,97,
-52.78333888888889,47.513355555555556,ST JOHNS WEST CLIMATE,8403603,8403603.2011.12.29,2011-12-29 00:00:00,NL,2011,12,29,3,,0.6,,5.4,,1.8,,,M,,M,,,25,,78,,0,,15,,63,,97,
-52.78333888888889,47.513355555555556,ST JOHNS WEST CLIMATE,8403603,8403603.2011.12.30,2011-12-30 00:00:00,NL,2011,12,30,-0.7,,-2.2,,0.8,,0,,,M,,M,,,23,,78,,0,,18.7,,59,,77,
-52.78333888888889,47.513355555555556,ST JOHNS WEST CLIMATE,8403603,8403603.2011.12.31,2011-12-31 00:00:00,NL,2011,12,31,-1,,-2.5,,0.5,,0,,,M,,M,,,0,,0,,0,,19,,59,,87,
-52.78333888888889,47.513355555555556,ST JOHNS WEST CLIMATE,8403603,8403603.2012.1.1,2012-01-01 00:00:00,NL,2012,1,1,0.3,,-0.6,,1.2,,31.2,,,M,,M,,,2,,56,,0,,17.7,,86,,97,
-52.78333888888889,47.513355555555556,ST JOHNS WEST CLIMATE,8403603,8403603.2012.1.2,2012-01-02 00:00:00,NL,2012,1,2,2.4,,-1,,5.7,,0.8,,,M,,M,,,18,,57,,0,,15.6,,90,,97,
-52.78333888888889,47.513355555555556,ST JOHNS WEST CLIMATE,8403603,8403603.2012.1.3,2012-01-03 00:00:00,NL,2012,1,3,4.9,,0.2,,9.6,,11.5,,,M,,M,,,21,,44,,0,,13.1,,86,,96,
-52.78333888888889,47.513355555555556,ST JOHNS WEST CLIMATE,8403603,8403603.2012.1.4,2012-01-04 00:00:00,NL,2012,1,4,4.2,,-0.5,,8.8,,11.1,,,M,,M,,,23,,85,,0,,13.8,,78,,97,
-52.78333888888889,47.513355555555556,ST JOHNS WEST CLIMATE,8403603,8403603.2012.1.5,2012-01-05 00:00:00,NL,2012,1,5,-1.6,,-4.2,,1.1,,1.1,,,M,,M,,,27,,59,,0,,19.6,,62,,95,
-52.78333888888889,47.513355555555556,ST JOHNS WEST CLIMATE,8403603,8403603.2012.1.6,2012-01-06 00:00:00,NL,2012,1,6,-0.5,,-6.8,,5.9,,5.5,,,M,,M,,,14,,63,,0,,18.5,,63,,96,
-52.78333888888889,47.513355555555556,ST JOHNS WEST CLIMATE,8403603,8403603.2012.1.7,2012-01-07 00:00:00,NL,2012,1,7,-3.6,,-7.4,,0.2,,,M,,M,,M,,,27,,41,,0,,21.6,,64,,96,
-52.78333888888889,47.513355555555556,ST JOHNS WEST CLIMATE,8403603,8403603.2012.1.8,2012-01-08 00:00:00,NL,2012,1,8,2.8,,-1,,6.5,,,M,,M,,M,,,24,,50,,0,,15.2,,81,,96,
-52.78333888888889,47.513355555555556,ST JOHNS WEST CLIMATE,8403603,8403603.2012.1.9,2012-01-09 00:00:00,NL,2012,1,9,-0.6,,-2.7,,1.6,,,M,,M,,M,,,0,,0,,0,,18.6,,70,,96,
-52.78333888888889,47.513355555555556,ST JOHNS WEST CLIMATE,8403603,8403603.2012.1.10,2012-01-10 00:00:00,NL,2012,1,10,-1.2,,-2.9,,0.6,,,M,,M,,M,,,0,,0,,0,,19.2,,,,,
-52.78333888888889,47.513355555555556,ST JOHNS WEST CLIMATE,8403603,8403603.2012.1.11,2012-01-11 00:00:00,NL,2012,1,11,-4.8,,-8.2,,-1.4,,10.3,,,M,,M,,,32,,52,,0,,22.8,,80,,96,
-52.78333888888889,47.513355555555556,ST JOHNS WEST CLIMATE,8403603,8403603.2012.1.12,2012-01-12 00:00:00,NL,2012,1,12,-11.1,,-14,,-8.2,,0.2,,,M,,M,,,30,,65,,0,,29.1,,63,,85,
-52.78333888888889,47.513355555555556,ST JOHNS WEST CLIMATE,8403603,8403603.2012.1.13,2012-01-13 00:00:00,NL,2012,1,13,-3.6,,-13,,5.8,,3.5,,,M,,M,,,14,,54,,0,,21.6,,80,,97,
-52.78333888888889,47.513355555555556,ST JOHNS WEST CLIMATE,8403603,8403603.2012.1.14,2012-01-14 00:00:00,NL,2012,1,14,5.4,,1.5,,9.3,,2.2,,,M,,M,,,25,,76,,0,,12.6,,74,,97,
-52.78333888888889,47.513355555555556,ST JOHNS WEST CLIMATE,8403603,8403603.2012.1.15,2012-01-15 00:00:00,NL,2012,1,15,-4,,-10.1,,2.1,,1,,,M,,M,,,25,,54,,0,,22,,55,,92,
-52.78333888888889,47.513355555555556,ST JOHNS WEST CLIMATE,8403603,8403603.2012.1.16,2012-01-16 00:00:00,NL,2012,1,16,-9.7,,-10.9,,-8.4,,,M,,M,,M,,,30,,44,,0,,27.7,,50,,80,
-52.78333888888889,47.513355555555556,ST JOHNS WEST CLIMATE,8403603,8403603.2012.1.17,2012-01-17 00:00:00,NL,2012,1,17,-5,,-11.9,,2,,,M,,M,,M,,,23,,57,,0,,23,,78,,96,
-52.78333888888889,47.513355555555556,ST JOHNS WEST CLIMATE,8403603,8403603.2012.1.18,2012-01-18 00:00:00,NL,2012,1,18,3.5,,-1.6,,8.5,,6,,,M,,M,,,25,,44,,0,,14.5,,85,,97,
-52.78333888888889,47.513355555555556,ST JOHNS WEST CLIMATE,8403603,8403603.2012.1.19,2012-01-19 00:00:00,NL,2012,1,19,0.8,,-3.8,,5.3,,,M,,M,,M,,,27,,50,,0,,17.2,,55,,90,
-52.78333888888889,47.513355555555556,ST JOHNS WEST CLIMATE,8403603,8403603.2012.1.20,2012-01-20 00:00:00,NL,2012,1,20,-3.6,,-5,,-2.1,,15.9,,,M,,M,,,2,,63,,0,,21.6,,84,,94,
-52.78333888888889,47.513355555555556,ST JOHNS WEST CLIMATE,8403603,8403603.2012.1.21,2012-01-21 00:00:00,NL,2012,1,21,-0.9,,-2.8,,1.1,,0.5,,,M,,M,,,25,,35,,0,,18.9,,77,,94,
-52.78333888888889,47.513355555555556,ST JOHNS WEST CLIMATE,8403603,8403603.2012.1.22,2012-01-22 00:00:00,NL,2012,1,22,-6.4,,-11.3,,-1.5,,2.1,,,M,,M,,,33,,39,,0,,24.4,,68,,92,
-52.78333888888889,47.513355555555556,ST JOHNS WEST CLIMATE,8403603,8403603.2012.1.23,2012-01-23 00:00:00,NL,2012,1,23,-8.9,,-14.1,,-3.7,,0.2,,,M,,M,,,29,,37,,0,,26.9,,64,,92,
-52.78333888888889,47.513355555555556,ST JOHNS WEST CLIMATE,8403603,8403603.2012.1.24,2012-01-24 00:00:00,NL,2012,1,24,-1.5,,-4.8,,1.9,,3,,,M,,M,,,19,,35,,0,,19.5,,67,,95,
-52.78333888888889,47.513355555555556,ST JOHNS WEST CLIMATE,8403603,8403603.2012.1.25,2012-01-25 00:00:00,NL,2012,1,25,4.3,,1.8,,6.7,,15.8,,,M,,M,,,19,,48,,0,,13.7,,93,,97,
-52.78333888888889,47.513355555555556,ST JOHNS WEST CLIMATE,8403603,8403603.2012.1.26,2012-01-26 00:00:00,NL,2012,1,26,-1.1,,-4.5,,2.3,,2.6,,,M,,M,,,34,,39,,0,,19.1,,81,,96,
-52.78333888888889,47.513355555555556,ST JOHNS WEST CLIMATE,8403603,8403603.2012.1.27,2012-01-27 00:00:00,NL,2012,1,27,-4.7,,-5.6,,-3.7,,0.9,,,M,,M,,,34,,37,,0,,22.7,,76,,89,
-52.78333888888889,47.513355555555556,ST JOHNS WEST CLIMATE,8403603,8403603.2012.1.28,2012-01-28 00:00:00,NL,2012,1,28,-1.4,,-4.8,,2.1,,13.3,,,M,,M,,,11,,69,,0,,19.4,,79,,96,
-52.78333888888889,47.513355555555556,ST JOHNS WEST CLIMATE,8403603,8403603.2012.1.29,2012-01-29 00:00:00,NL,2012,1,29,0.3,,-1.9,,2.4,,,M,,M,,M,,,25,,63,,0,,17.7,,70,,93,
-52.78333888888889,47.513355555555556,ST JOHNS WEST CLIMATE,8403603,8403603.2012.1.30,2012-01-30 00:00:00,NL,2012,1,30,-0.5,,-1.8,,0.8,,1.5,,,M,,M,,,0,,0,,0,,18.5,,,,,
-52.78333888888889,47.513355555555556,ST JOHNS WEST CLIMATE,8403603,8403603.2012.1.31,2012-01-31 00:00:00,NL,2012,1,31,-4.8,,-9.7,,0.2,,7.2,,,M,,M,,,32,,78,,0,,22.8,,72,,97,
-52.78333888888889,47.513355555555556,ST JOHNS WEST CLIMATE,8403603,8403603.2012.2.1,2012-02-01 00:00:00,NL,2012,2,1,-8.4,,-10.5,,-6.2,,0.2,,,M,,M,,,27,,48,,0,,26.4,,64,,92,
-52.78333888888889,47.513355555555556,ST JOHNS WEST CLIMATE,8403603,8403603.2012.2.2,2012-02-02 00:00:00,NL,2012,2,2,-7.4,E,-10.5,E,-4.3,,6.5,,,M,,M,,,2,E,37,E,0,E,25.4,E,74,,94,
-52.78333888888889,47.513355555555556,ST JOHNS WEST CLIMATE,8403603,8403603.2012.2.3,2012-02-03 00:00:00,NL,2012,2,3,-11,E,-17.3,E,-4.7,,3.6,,,M,,M,,,2,E,52,E,0,E,29,E,76,,92,
-52.78333888888889,47.513355555555556,ST JOHNS WEST CLIMATE,8403603,8403603.2012.2.4,2012-02-04 00:00:00,NL,2012,2,4,-4.8,,-5.8,,-3.8,,5.9,,,M,,M,,,32,,70,,0,,22.8,,84,,92,
-52.78333888888889,47.513355555555556,ST JOHNS WEST CLIMATE,8403603,8403603.2012.2.5,2012-02-05 00:00:00,NL,2012,2,5,-6.5,,-8.4,,-4.5,,0.9,,,M,,M,,,29,,48,,0,,24.5,,56,,87,
-52.78333888888889,47.513355555555556,ST JOHNS WEST CLIMATE,8403603,8403603.2012.2.6,2012-02-06 00:00:00,NL,2012,2,6,-5.7,,-9.3,,-2.1,,1.4,,,M,,M,,,27,,37,,0,,23.7,,60,,93,
-52.78333888888889,47.513355555555556,ST JOHNS WEST CLIMATE,8403603,8403603.2012.2.7,2012-02-07 00:00:00,NL,2012,2,7,-1.2,,-4,,1.6,,0.5,,,M,,M,,,25,,44,,0,,19.2,,69,,93,
-52.78333888888889,47.513355555555556,ST JOHNS WEST CLIMATE,8403603,8403603.2012.2.8,2012-02-08 00:00:00,NL,2012,2,8,-4.7,,-5.8,,-3.5,,0.2,,,M,,M,,,27,,44,,0,,22.7,,54,,89,
-52.78333888888889,47.513355555555556,ST JOHNS WEST CLIMATE,8403603,8403603.2012.2.9,2012-02-09 00:00:00,NL,2012,2,9,-1.7,,-4.5,,1.2,,22.9,,,M,,M,,,9,,54,,0,,19.7,,66,,97,
-52.78333888888889,47.513355555555556,ST JOHNS WEST CLIMATE,8403603,8403603.2012.2.10,2012-02-10 00:00:00,NL,2012,2,10,-1.6,,-6.3,,3.2,,4.3,,,M,,M,,,32,,61,,0,,19.6,,77,,97,
-52.78333888888889,47.513355555555556,ST JOHNS WEST CLIMATE,8403603,8403603.2012.2.11,2012-02-11 00:00:00,NL,2012,2,11,-3.1,,-8.2,,2.1,,,M,,M,,M,,,15,,54,,0,,21.1,,75,,95,
-52.78333888888889,47.513355555555556,ST JOHNS WEST CLIMATE,8403603,8403603.2012.2.12,2012-02-12 00:00:00,NL,2012,2,12,4.5,,1.3,,7.7,,71.9,,,M,,M,,,14,,87,,0,,13.5,,87,,96,
-52.78333888888889,47.513355555555556,ST JOHNS WEST CLIMATE,8403603,8403603.2012.2.13,2012-02-13 00:00:00,NL,2012,2,13,-1.6,,-9.3,,6.1,,5,,,M,,M,,,24,,59,,0,,19.6,,58,,96,
-52.78333888888889,47.513355555555556,ST JOHNS WEST CLIMATE,8403603,8403603.2012.2.14,2012-02-14 00:00:00,NL,2012,2,14,-5.8,,-8.8,,-2.7,,0.2,,,M,,M,,,25,,46,,0,,23.8,,56,,87,
-52.78333888888889,47.513355555555556,ST JOHNS WEST CLIMATE,8403603,8403603.2012.2.15,2012-02-15 00:00:00,NL,2012,2,15,-5.2,,-10.7,,0.3,,,M,,M,,M,,,13,,32,,0,,23.2,,66,,95,
-52.78333888888889,47.513355555555556,ST JOHNS WEST CLIMATE,8403603,8403603.2012.2.16,2012-02-16 00:00:00,NL,2012,2,16,2,,-0.4,,4.4,,52.6,,,M,,M,,,11,,32,,0,,16,,95,,97,
-52.78333888888889,47.513355555555556,ST JOHNS WEST CLIMATE,8403603,8403603.2012.2.17,2012-02-17 00:00:00,NL,2012,2,17,1,,-2.2,,4.2,,6.9,,,M,,M,,,18,,35,,0,,17,,89,,97,
-52.78333888888889,47.513355555555556,ST JOHNS WEST CLIMATE,8403603,8403603.2012.2.18,2012-02-18 00:00:00,NL,2012,2,18,-0.8,,-2.5,,1,,12,,,M,,M,,,23,,48,,0,,18.8,,86,,97,
-52.78333888888889,47.513355555555556,ST JOHNS WEST CLIMATE,8403603,8403603.2012.2.19,2012-02-19 00:00:00,NL,2012,2,19,-0.9,,-2,,0.2,,0.3,,,M,,M,,,23,,67,,0,,18.9,,76,,90,
-52.78333888888889,47.513355555555556,ST JOHNS WEST CLIMATE,8403603,8403603.2012.2.20,2012-02-20 00:00:00,NL,2012,2,20,-3.7,,-5.6,,-1.8,,,M,,M,,M,,,26,,63,,0,,21.7,,70,,81,
-52.78333888888889,47.513355555555556,ST JOHNS WEST CLIMATE,8403603,8403603.2012.2.21,2012-02-21 00:00:00,NL,2012,2,21,-6.3,,-7.4,,-5.2,,,M,,M,,M,,,35,,41,,0,,24.3,,63,,80,
-52.78333888888889,47.513355555555556,ST JOHNS WEST CLIMATE,8403603,8403603.2012.2.22,2012-02-22 00:00:00,NL,2012,2,22,-3.8,,-10.1,,2.5,,7.4,,,M,,M,,,18,,41,,0,,21.8,,60,,95,
-52.78333888888889,47.513355555555556,ST JOHNS WEST CLIMATE,8403603,8403603.2012.2.23,2012-02-23 00:00:00,NL,2012,2,23,1.6,,-1.1,,4.3,,2.3,,,M,,M,,,28,,43,,0,,16.4,,77,,97,
-52.78333888888889,47.513355555555556,ST JOHNS WEST CLIMATE,8403603,8403603.2012.2.24,2012-02-24 00:00:00,NL,2012,2,24,1.1,,-0.7,,2.8,,26.2,,,M,,M,,,28,,59,,0,,16.9,,81,,97,
-52.78333888888889,47.513355555555556,ST JOHNS WEST CLIMATE,8403603,8403603.2012.2.25,2012-02-25 00:00:00,NL,2012,2,25,0.5,,-1.7,,2.6,,3.9,,,M,,M,,,24,,57,,0,,17.5,,80,,97,
-52.78333888888889,47.513355555555556,ST JOHNS WEST CLIMATE,8403603,8403603.2012.2.26,2012-02-26 00:00:00,NL,2012,2,26,0.1,,-1.7,,1.9,,0.7,,,M,,M,,,25,,67,,0,,17.9,,68,,86,
-52.78333888888889,47.513355555555556,ST JOHNS WEST CLIMATE,8403603,8403603.2012.2.27,2012-02-27 00:00:00,NL,2012,2,27,-5.3,,-9.1,,-1.4,,1.2,,,M,,M,,,26,,43,,0,,23.3,,51,,89,
-52.78333888888889,47.513355555555556,ST JOHNS WEST CLIMATE,8403603,8403603.2012.2.28,2012-02-28 00:00:00,NL,2012,2,28,-8.9,,-12.2,,-5.6,,0.2,,,M,,M,,,31,,32,,0,,26.9,,52,,83,
-52.78333888888889,47.513355555555556,ST JOHNS WEST CLIMATE,8403603,8403603.2012.2.29,2012-02-29 00:00:00,NL,2012,2,29,-9.8,,-12,,-7.6,,,M,,M,,M,,,30,,35,,0,,27.8,,53,,75,
-52.78333888888889,47.513355555555556,ST JOHNS WEST CLIMATE,8403603,8403603.2012.3.1,2012-03-01 00:00:00,NL,2012,3,1,-10.4,,-12.8,,-8,,,M,,M,,M,,,29,,44,,0,,28.4,,45,,83,
-52.78333888888889,47.513355555555556,ST JOHNS WEST CLIMATE,8403603,8403603.2012.3.2,2012-03-02 00:00:00,NL,2012,3,2,-5.6,,-8.1,,-3.1,,,M,,M,,M,,,4,,35,,0,,23.6,,72,,86,
-52.78333888888889,47.513355555555556,ST JOHNS WEST CLIMATE,8403603,8403603.2012.3.3,2012-03-03 00:00:00,NL,2012,3,3,-1.3,,-3.1,,0.6,,0.2,,,M,,M,,,17,,50,,0,,19.3,,71,,96,
-52.78333888888889,47.513355555555556,ST JOHNS WEST CLIMATE,8403603,8403603.2012.3.4,2012-03-04 00:00:00,NL,2012,3,4,2.6,,-0.5,,5.7,,10.6,,,M,,M,,,17,,69,,0,,15.4,,58,,96,
-52.78333888888889,47.513355555555556,ST JOHNS WEST CLIMATE,8403603,8403603.2012.3.5,2012-03-05 00:00:00,NL,2012,3,5,1,,-3.3,,5.3,,11.6,,,M,,M,,,23,,59,,0,,17,,80,,97,
-52.78333888888889,47.513355555555556,ST JOHNS WEST CLIMATE,8403603,8403603.2012.3.6,2012-03-06 00:00:00,NL,2012,3,6,-0.8,,-3.2,,1.6,,4.5,,,M,,M,,,5,,54,,0,,18.8,,83,,97,
-52.78333888888889,47.513355555555556,ST JOHNS WEST CLIMATE,8403603,8403603.2012.3.7,2012-03-07 00:00:00,NL,2012,3,7,-4.6,,-7.2,,-1.9,,2.8,,,M,,M,,,36,,83,,0,,22.6,,55,,96,
-52.78333888888889,47.513355555555556,ST JOHNS WEST CLIMATE,8403603,8403603.2012.3.8,2012-03-08 00:00:00,NL,2012,3,8,-0.1,,-5.5,,5.4,,,M,,M,,M,,,24,,57,,0,,18.1,,81,,93,
-52.78333888888889,47.513355555555556,ST JOHNS WEST CLIMATE,8403603,8403603.2012.3.9,2012-03-09 00:00:00,NL,2012,3,9,5.8,,-0.8,,12.3,,,M,,M,,M,,,22,,74,,0,,12.2,,68,,91,
-52.78333888888889,47.513355555555556,ST JOHNS WEST CLIMATE,8403603,8403603.2012.3.10,2012-03-10 00:00:00,NL,2012,3,10,-3.2,,-5.8,,-0.6,,,M,,M,,M,,,36,,44,,0,,21.2,,73,,93,
-52.78333888888889,47.513355555555556,ST JOHNS WEST CLIMATE,8403603,8403603.2012.3.11,2012-03-11 00:00:00,NL,2012,3,11,-6.3,,-9.5,,-3,,,M,,M,,M,,,31,,56,,0,,24.3,,44,,78,
-52.78333888888889,47.513355555555556,ST JOHNS WEST CLIMATE,8403603,8403603.2012.3.12,2012-03-12 00:00:00,NL,2012,3,12,-2.7,,-6.4,,1,,1.8,,,M,,M,,,23,,44,,0,,20.7,,72,,92,
-52.78333888888889,47.513355555555556,ST JOHNS WEST CLIMATE,8403603,8403603.2012.3.13,2012-03-13 00:00:00,NL,2012,3,13,-5.1,,-8.2,,-2,,,M,,M,,M,,,31,,65,,0,,23.1,,43,,82,
-52.78333888888889,47.513355555555556,ST JOHNS WEST CLIMATE,8403603,8403603.2012.3.14,2012-03-14 00:00:00,NL,2012,3,14,-6.1,,-9.3,,-2.8,,,M,,M,,M,,,0,,0,,0,,24.1,,49,,82,
-52.78333888888889,47.513355555555556,ST JOHNS WEST CLIMATE,8403603,8403603.2012.3.15,2012-03-15 00:00:00,NL,2012,3,15,-5.1,,-7.9,,-2.2,,,M,,M,,M,,,10,,37,,0,,23.1,,71,,87,
-52.78333888888889,47.513355555555556,ST JOHNS WEST CLIMATE,8403603,8403603.2012.3.16,2012-03-16 00:00:00,NL,2012,3,16,-1,,-2.5,,0.6,,8.7,,,M,,M,,,6,,32,,0,,19,,89,,98,
-52.78333888888889,47.513355555555556,ST JOHNS WEST CLIMATE,8403603,8403603.2012.3.17,2012-03-17 00:00:00,NL,2012,3,17,1.3,,-1.1,,3.6,,,M,,M,,M,,,28,,35,,0,,16.7,,52,,98,
-52.78333888888889,47.513355555555556,ST JOHNS WEST CLIMATE,8403603,8403603.2012.3.18,2012-03-18 00:00:00,NL,2012,3,18,1.7,,-3.4,,6.8,,,M,,M,,M,,,26,,52,,0,,16.3,,48,,96,
-52.78333888888889,47.513355555555556,ST JOHNS WEST CLIMATE,8403603,8403603.2012.3.19,2012-03-19 00:00:00,NL,2012,3,19,-0.4,,-4,,3.2,,1,,,M,,M,,,32,,69,,0,,18.4,,72,,92,
-52.78333888888889,47.513355555555556,ST JOHNS WEST CLIMATE,8403603,8403603.2012.3.20,2012-03-20 00:00:00,NL,2012,3,20,-1.1,,-5.2,,3.1,,2.9,,,M,,M,,,23,,56,,0,,19.1,,41,,94,
-52.78333888888889,47.513355555555556,ST JOHNS WEST CLIMATE,8403603,8403603.2012.3.21,2012-03-21 00:00:00,NL,2012,3,21,-5.2,,-7.1,,-3.3,,,M,,M,,M,,,32,,48,,0,,23.2,,55,,82,
-52.78333888888889,47.513355555555556,ST JOHNS WEST CLIMATE,8403603,8403603.2012.3.22,2012-03-22 00:00:00,NL,2012,3,22,-0.4,,-4.5,,3.8,,1.2,,,M,,M,,,29,,37,,0,,18.4,,63,,96,
-52.78333888888889,47.513355555555556,ST JOHNS WEST CLIMATE,8403603,8403603.2012.3.23,2012-03-23 00:00:00,NL,2012,3,23,0.8,,-2.2,,3.7,,0.5,,,M,,M,,,33,,59,,0,,17.2,,72,,89,
-52.78333888888889,47.513355555555556,ST JOHNS WEST CLIMATE,8403603,8403603.2012.3.24,2012-03-24 00:00:00,NL,2012,3,24,-3.3,,-7,,0.4,,,M,,M,,M,,,29,,57,,0,,21.3,,57,,87,
-52.78333888888889,47.513355555555556,ST JOHNS WEST CLIMATE,8403603,8403603.2012.3.25,2012-03-25 00:00:00,NL,2012,3,25,-4.3,,-7.4,,-1.2,,,M,,M,,M,,,32,,41,,0,,22.3,,53,,90,
-52.78333888888889,47.513355555555556,ST JOHNS WEST CLIMATE,8403603,8403603.2012.3.26,2012-03-26 00:00:00,NL,2012,3,26,-1.5,,-6.2,,3.2,,10.7,,,M,,M,,,13,,44,,0,,19.5,,66,,96,
-52.78333888888889,47.513355555555556,ST JOHNS WEST CLIMATE,8403603,8403603.2012.3.27,2012-03-27 00:00:00,NL,2012,3,27,3.6,,-0.8,,7.9,,3.1,,,M,,M,,,0,,0,,0,,14.4,,,,,
-52.78333888888889,47.513355555555556,ST JOHNS WEST CLIMATE,8403603,8403603.2012.3.28,2012-03-28 00:00:00,NL,2012,3,28,0.2,,-2.1,,2.4,,0,,,M,,M,,,0,,0,,0,,17.8,,66,,91,
-52.78333888888889,47.513355555555556,ST JOHNS WEST CLIMATE,8403603,8403603.2012.3.29,2012-03-29 00:00:00,NL,2012,3,29,1.3,,-1.7,,4.3,,0,,,M,,M,,,24,,41,,0,,16.7,,57,,88,
-52.78333888888889,47.513355555555556,ST JOHNS WEST CLIMATE,8403603,8403603.2012.3.30,2012-03-30 00:00:00,NL,2012,3,30,0.6,,-2.7,,3.9,,3.5,,,M,,M,,,36,,46,,0,,17.4,,68,,94,
-52.78333888888889,47.513355555555556,ST JOHNS WEST CLIMATE,8403603,8403603.2012.3.31,2012-03-31 00:00:00,NL,2012,3,31,-2.3,,-3,,-1.6,,8.7,,,M,,M,,,31,,61,,0,,20.3,,89,,94,
-52.78333888888889,47.513355555555556,ST JOHNS WEST CLIMATE,8403603,8403603.2012.4.1,2012-04-01 00:00:00,NL,2012,4,1,-2.9,,-6.4,,0.7,,1.4,,,M,,M,,,29,,32,,0,,20.9,,69,,94,
-52.78333888888889,47.513355555555556,ST JOHNS WEST CLIMATE,8403603,8403603.2012.4.2,2012-04-02 00:00:00,NL,2012,4,2,-2.3,,-6.3,,1.8,,0,,,M,,M,,,0,,0,,0,,20.3,,74,,93,
-52.78333888888889,47.513355555555556,ST JOHNS WEST CLIMATE,8403603,8403603.2012.4.3,2012-04-03 00:00:00,NL,2012,4,3,-0.2,,-3.7,,3.4,,18.9,,,M,,M,,,5,,54,,0,,18.2,,81,,97,
-52.78333888888889,47.513355555555556,ST JOHNS WEST CLIMATE,8403603,8403603.2012.4.4,2012-04-04 00:00:00,NL,2012,4,4,2.4,,0.6,,4.2,,9.4,,,M,,M,,,11,,65,,0,,15.6,,89,,97,
-52.78333888888889,47.513355555555556,ST JOHNS WEST CLIMATE,8403603,8403603.2012.4.5,2012-04-05 00:00:00,NL,2012,4,5,2.8,,0,,5.5,,0.2,,,M,,M,,,22,,56,,0,,15.2,,53,,92,
-52.78333888888889,47.513355555555556,ST JOHNS WEST CLIMATE,8403603,8403603.2012.4.6,2012-04-06 00:00:00,NL,2012,4,6,2.5,,-1.7,,6.6,,0,,,M,,M,,,22,,46,,0,,15.5,,48,,89,
-52.78333888888889,47.513355555555556,ST JOHNS WEST CLIMATE,8403603,8403603.2012.4.7,2012-04-07 00:00:00,NL,2012,4,7,3,,-1.7,,7.6,,9.5,,,M,,M,,,9,,32,,0,,15,,57,,97,
-52.78333888888889,47.513355555555556,ST JOHNS WEST CLIMATE,8403603,8403603.2012.4.8,2012-04-08 00:00:00,NL,2012,4,8,4.5,,-1,,9.9,,1.1,,,M,,M,,,18,,35,,0,,13.5,,77,,96,
-52.78333888888889,47.513355555555556,ST JOHNS WEST CLIMATE,8403603,8403603.2012.4.9,2012-04-09 00:00:00,NL,2012,4,9,3.5,,-2.2,,9.1,,0.8,,,M,,M,,,16,,37,,0,,14.5,,56,,97,
-52.78333888888889,47.513355555555556,ST JOHNS WEST CLIMATE,8403603,8403603.2012.4.10,2012-04-10 00:00:00,NL,2012,4,10,8.6,,3,,14.1,,0.7,,,M,,M,,,25,,54,,0,,9.4,,30,,97,
-52.78333888888889,47.513355555555556,ST JOHNS WEST CLIMATE,8403603,8403603.2012.4.11,2012-04-11 00:00:00,NL,2012,4,11,8.8,,2.5,,15.1,,0,,,M,,M,,,25,,37,,0,,9.2,,56,,95,
-52.78333888888889,47.513355555555556,ST JOHNS WEST CLIMATE,8403603,8403603.2012.4.12,2012-04-12 00:00:00,NL,2012,4,12,7.1,,2.8,,11.3,,10,,,M,,M,,,0,,0,,0,,10.9,,73,,96,
-52.78333888888889,47.513355555555556,ST JOHNS WEST CLIMATE,8403603,8403603.2012.4.13,2012-04-13 00:00:00,NL,2012,4,13,6.6,,1.2,,12,,4.1,,,M,,M,,,28,,32,,0,,11.4,,73,,96,
-52.78333888888889,47.513355555555556,ST JOHNS WEST CLIMATE,8403603,8403603.2012.4.14,2012-04-14 00:00:00,NL,2012,4,14,2.2,,-2.5,,6.8,,0,,,M,,M,,,28,,44,,0,,15.8,,47,,92,
-52.78333888888889,47.513355555555556,ST JOHNS WEST CLIMATE,8403603,8403603.2012.4.15,2012-04-15 00:00:00,NL,2012,4,15,3.2,,-2.7,,9,,0,,,M,,M,,,29,,39,,0,,14.8,,31,,93,
-52.78333888888889,47.513355555555556,ST JOHNS WEST CLIMATE,8403603,8403603.2012.4.16,2012-04-16 00:00:00,NL,2012,4,16,6.8,,0.1,,13.4,,0,,,M,,M,,,22,,41,,0,,11.2,,25,,69,
-52.78333888888889,47.513355555555556,ST JOHNS WEST CLIMATE,8403603,8403603.2012.4.17,2012-04-17 00:00:00,NL,2012,4,17,9.7,,0.8,,18.6,,0,,,M,,M,,,21,,39,,0,,8.3,,32,,94,
-52.78333888888889,47.513355555555556,ST JOHNS WEST CLIMATE,8403603,8403603.2012.4.18,2012-04-18 00:00:00,NL,2012,4,18,13.7,,7.1,,20.2,,0.4,,,M,,M,,,26,,35,,0,,4.3,,65,,94,
-52.78333888888889,47.513355555555556,ST JOHNS WEST CLIMATE,8403603,8403603.2012.4.19,2012-04-19 00:00:00,NL,2012,4,19,4,,0.8,,7.2,,7.6,,,M,,M,,,0,,0,,0,,14,,86,,97,
-52.78333888888889,47.513355555555556,ST JOHNS WEST CLIMATE,8403603,8403603.2012.4.20,2012-04-20 00:00:00,NL,2012,4,20,4.9,,1.1,,8.7,,11.2,,,M,,M,,,33,,33,,0,,13.1,,69,,97,
-52.78333888888889,47.513355555555556,ST JOHNS WEST CLIMATE,8403603,8403603.2012.4.21,2012-04-21 00:00:00,NL,2012,4,21,9.8,,1.6,,17.9,,0,,,M,,M,,,21,,33,,0,,8.2,,33,,89,
-52.78333888888889,47.513355555555556,ST JOHNS WEST CLIMATE,8403603,8403603.2012.4.22,2012-04-22 00:00:00,NL,2012,4,22,8.5,,1.3,,15.7,,,M,,M,,M,,,18,,41,,0,,9.5,,32,,94,
-52.78333888888889,47.513355555555556,ST JOHNS WEST CLIMATE,8403603,8403603.2012.4.23,2012-04-23 00:00:00,NL,2012,4,23,5.1,,0.7,,9.5,,0,,,M,,M,,,0,,0,,0,,12.9,,86,,97,
-52.78333888888889,47.513355555555556,ST JOHNS WEST CLIMATE,8403603,8403603.2012.4.24,2012-04-24 00:00:00,NL,2012,4,24,4.6,,1.2,,7.9,,0,,,M,,M,,,16,,32,,0,,13.4,,91,,97,
-52.78333888888889,47.513355555555556,ST JOHNS WEST CLIMATE,8403603,8403603.2012.4.25,2012-04-25 00:00:00,NL,2012,4,25,8,,5.7,,10.2,,1,,,M,,M,,,20,,44,,0,,10,,96,,97,
-52.78333888888889,47.513355555555556,ST JOHNS WEST CLIMATE,8403603,8403603.2012.4.26,2012-04-26 00:00:00,NL,2012,4,26,10.2,,5.5,,14.8,,1.8,,,M,,M,,,19,,43,,0,,7.8,,85,,97,
-52.78333888888889,47.513355555555556,ST JOHNS WEST CLIMATE,8403603,8403603.2012.4.27,2012-04-27 00:00:00,NL,2012,4,27,8.7,,1.7,,15.7,,4.1,,,M,,M,,,17,,50,,0,,9.3,,34,,95,
-52.78333888888889,47.513355555555556,ST JOHNS WEST CLIMATE,8403603,8403603.2012.4.28,2012-04-28 00:00:00,NL,2012,4,28,5.9,,1.5,,10.3,,6,,,M,,M,,,23,,54,,0,,12.1,,66,,95,
-52.78333888888889,47.513355555555556,ST JOHNS WEST CLIMATE,8403603,8403603.2012.4.29,2012-04-29 00:00:00,NL,2012,4,29,3.5,,-0.3,,7.2,,0.5,,,M,,M,,,25,,59,,0,,14.5,,36,,90,
-52.78333888888889,47.513355555555556,ST JOHNS WEST CLIMATE,8403603,8403603.2012.4.30,2012-04-30 00:00:00,NL,2012,4,30,2.6,,-2.4,,7.5,,6.2,,,M,,M,,,4,,33,,0,,15.4,,60,,97,
-52.78333888888889,47.513355555555556,ST JOHNS WEST CLIMATE,8403603,8403603.2012.5.1,2012-05-01 00:00:00,NL,2012,5,1,1.6,,-2.4,,5.6,,0,,,M,,M,,,1,,35,,0,,16.4,,52,,94,
-52.78333888888889,47.513355555555556,ST JOHNS WEST CLIMATE,8403603,8403603.2012.5.2,2012-05-02 00:00:00,NL,2012,5,2,0.1,,-1.3,,1.5,,7.7,,,M,,M,,,33,,54,,0,,17.9,,75,,98,
-52.78333888888889,47.513355555555556,ST JOHNS WEST CLIMATE,8403603,8403603.2012.5.3,2012-05-03 00:00:00,NL,2012,5,3,1.3,,-0.3,,2.8,,6.6,,,M,,M,,,4,,50,,0,,16.7,,93,,98,
-52.78333888888889,47.513355555555556,ST JOHNS WEST CLIMATE,8403603,8403603.2012.5.4,2012-05-04 00:00:00,NL,2012,5,4,2.9,E,0.9,E,4.9,E,9.5,,,M,,M,,,6,E,46,E,0,E,15.1,E,91,,97,
-52.78333888888889,47.513355555555556,ST JOHNS WEST CLIMATE,8403603,8403603.2012.5.5,2012-05-05 00:00:00,NL,2012,5,5,5.3,,2.9,,7.6,,0.2,,,M,,M,,,8,,43,,0,,12.7,,91,,97,
-52.78333888888889,47.513355555555556,ST JOHNS WEST CLIMATE,8403603,8403603.2012.5.6,2012-05-06 00:00:00,NL,2012,5,6,4.6,E,2.5,E,6.6,,0.6,,,M,,M,,,0,,0,,0,E,13.4,E,95,,97,
-52.78333888888889,47.513355555555556,ST JOHNS WEST CLIMATE,8403603,8403603.2012.5.7,2012-05-07 00:00:00,NL,2012,5,7,7.4,,4,,10.7,,0,,,M,,M,,,7,,44,,0,,10.6,,60,,97,
-52.78333888888889,47.513355555555556,ST JOHNS WEST CLIMATE,8403603,8403603.2012.5.8,2012-05-08 00:00:00,NL,2012,5,8,6,,1.7,,10.2,,37.2,,,M,,M,,,0,,0,,0,,12,,52,,93,
-52.78333888888889,47.513355555555556,ST JOHNS WEST CLIMATE,8403603,8403603.2012.5.9,2012-05-09 00:00:00,NL,2012,5,9,8.6,,3.1,,14,,,M,,M,,M,,,0,,0,,0,,9.4,,53,,86,
-52.78333888888889,47.513355555555556,ST JOHNS WEST CLIMATE,8403603,8403603.2012.5.10,2012-05-10 00:00:00,NL,2012,5,10,9.7,,4.8,,14.5,,0.6,,,M,,M,,,19,,39,,0,,8.3,,66,,95,
-52.78333888888889,47.513355555555556,ST JOHNS WEST CLIMATE,8403603,8403603.2012.5.11,2012-05-11 00:00:00,NL,2012,5,11,,M,6.7,E,,M,,M,,M,,M,,,0,,0,,,M,,M,,,,
-52.78333888888889,47.513355555555556,ST JOHNS WEST CLIMATE,8403603,8403603.2012.5.12,2012-05-12 00:00:00,NL,2012,5,12,11.9,,7.8,,15.9,,0,,,M,,M,,,18,,52,,0,,6.1,,78,,95,
-52.78333888888889,47.513355555555556,ST JOHNS WEST CLIMATE,8403603,8403603.2012.5.13,2012-05-13 00:00:00,NL,2012,5,13,6.9,,3.8,,9.9,,15.2,,,M,,M,,,0,,0,,0,,11.1,,76,,96,
-52.78333888888889,47.513355555555556,ST JOHNS WEST CLIMATE,8403603,8403603.2012.5.14,2012-05-14 00:00:00,NL,2012,5,14,6.4,,1.1,,11.7,,0,,,M,,M,,,0,,0,,0,,11.6,,77,,97,
-52.78333888888889,47.513355555555556,ST JOHNS WEST CLIMATE,8403603,8403603.2012.5.15,2012-05-15 00:00:00,NL,2012,5,15,11.1,,2.9,,19.2,,0,,,M,,M,,,0,,0,,0,,6.9,,45,,93,
-52.78333888888889,47.513355555555556,ST JOHNS WEST CLIMATE,8403603,8403603.2012.5.16,2012-05-16 00:00:00,NL,2012,5,16,16.8,,11.2,,22.4,,0.2,,,M,,M,,,22,,39,,0,,1.2,,42,,93,
-52.78333888888889,47.513355555555556,ST JOHNS WEST CLIMATE,8403603,8403603.2012.5.17,2012-05-17 00:00:00,NL,2012,5,17,15.9,,10.8,,21,,0.2,,,M,,M,,,22,,54,,0,,2.1,,65,,95,
-52.78333888888889,47.513355555555556,ST JOHNS WEST CLIMATE,8403603,8403603.2012.5.18,2012-05-18 00:00:00,NL,2012,5,18,11,,5.6,,16.4,,10.7,,,M,,M,,,24,,56,,0,,7,,43,,92,
-52.78333888888889,47.513355555555556,ST JOHNS WEST CLIMATE,8403603,8403603.2012.5.19,2012-05-19 00:00:00,NL,2012,5,19,11.9,,5.8,,18,,0,,,M,,M,,,26,,70,,0,,6.1,,32,,66,
-52.78333888888889,47.513355555555556,ST JOHNS WEST CLIMATE,8403603,8403603.2012.5.20,2012-05-20 00:00:00,NL,2012,5,20,5.7,,0.9,,10.4,,0,,,M,,M,,,34,,33,,0,,12.3,,55,,90,
-52.78333888888889,47.513355555555556,ST JOHNS WEST CLIMATE,8403603,8403603.2012.5.21,2012-05-21 00:00:00,NL,2012,5,21,7.6,,1.9,,13.2,,0,,,M,,M,,,30,,33,,0,,10.4,,39,,89,
-52.78333888888889,47.513355555555556,ST JOHNS WEST CLIMATE,8403603,8403603.2012.5.22,2012-05-22 00:00:00,NL,2012,5,22,17.1,,7.7,,26.5,,0,,,M,,M,,,30,,41,,0,,0.9,,34,,89,
-52.78333888888889,47.513355555555556,ST JOHNS WEST CLIMATE,8403603,8403603.2012.5.23,2012-05-23 00:00:00,NL,2012,5,23,12.7,,4.2,,21.1,,6.3,,,M,,M,,,23,,56,,0,,5.3,,68,,92,
-52.78333888888889,47.513355555555556,ST JOHNS WEST CLIMATE,8403603,8403603.2012.5.24,2012-05-24 00:00:00,NL,2012,5,24,4.8,,0.2,,9.4,,1.3,,,M,,M,,,34,,52,,0,,13.2,,42,,93,
-52.78333888888889,47.513355555555556,ST JOHNS WEST CLIMATE,8403603,8403603.2012.5.25,2012-05-25 00:00:00,NL,2012,5,25,9.5,,0.5,,18.4,,0,,,M,,M,,,28,,59,,0,,8.5,,37,,91,
-52.78333888888889,47.513355555555556,ST JOHNS WEST CLIMATE,8403603,8403603.2012.5.26,2012-05-26 00:00:00,NL,2012,5,26,14.3,,7.8,,20.7,,0,,,M,,M,,,29,,41,,0,,3.7,,34,,92,
-52.78333888888889,47.513355555555556,ST JOHNS WEST CLIMATE,8403603,8403603.2012.5.27,2012-05-27 00:00:00,NL,2012,5,27,7,,-0.2,,14.2,,0,,,M,,M,,,5,,44,,0,,11,,57,,93,
-52.78333888888889,47.513355555555556,ST JOHNS WEST CLIMATE,8403603,8403603.2012.5.28,2012-05-28 00:00:00,NL,2012,5,28,4.4,,0.6,,8.2,,2.8,,,M,,M,,,0,,0,,0,,13.6,,50,,96,
-52.78333888888889,47.513355555555556,ST JOHNS WEST CLIMATE,8403603,8403603.2012.5.29,2012-05-29 00:00:00,NL,2012,5,29,3.5,,0.5,,6.5,,0.4,,,M,,M,,,32,,61,,0,,14.5,,57,,93,
-52.78333888888889,47.513355555555556,ST JOHNS WEST CLIMATE,8403603,8403603.2012.5.30,2012-05-30 00:00:00,NL,2012,5,30,4.7,,3.2,,6.1,,0.2,,,M,,M,,,32,,48,,0,,13.3,,83,,94,
-52.78333888888889,47.513355555555556,ST JOHNS WEST CLIMATE,8403603,8403603.2012.5.31,2012-05-31 00:00:00,NL,2012,5,31,6.8,,3.6,,9.9,,0,,,M,,M,,,0,,0,,0,,11.2,,77,,95,
-52.78333888888889,47.513355555555556,ST JOHNS WEST CLIMATE,8403603,8403603.2012.6.1,2012-06-01 00:00:00,NL,2012,6,1,8,,4.8,,11.2,,0,,,M,,M,,,35,,39,,0,,10,,73,,95,
-52.78333888888889,47.513355555555556,ST JOHNS WEST CLIMATE,8403603,8403603.2012.6.2,2012-06-02 00:00:00,NL,2012,6,2,5.5,,3.9,,7,,0.2,,,M,,M,,,32,,56,,0,,12.5,,86,,95,
-52.78333888888889,47.513355555555556,ST JOHNS WEST CLIMATE,8403603,8403603.2012.6.3,2012-06-03 00:00:00,NL,2012,6,3,5.6,,3.9,,7.2,,0.2,,,M,,M,,,32,,56,,0,,12.4,,78,,95,
-52.78333888888889,47.513355555555556,ST JOHNS WEST CLIMATE,8403603,8403603.2012.6.4,2012-06-04 00:00:00,NL,2012,6,4,5.1,,3.8,,6.4,,0.4,,,M,,M,,,32,,46,,0,,12.9,,89,,97,
-52.78333888888889,47.513355555555556,ST JOHNS WEST CLIMATE,8403603,8403603.2012.6.5,2012-06-05 00:00:00,NL,2012,6,5,5.2,,3.7,,6.7,,1.7,,,M,,M,,,0,,0,,0,,12.8,,96,,97,
-52.78333888888889,47.513355555555556,ST JOHNS WEST CLIMATE,8403603,8403603.2012.6.6,2012-06-06 00:00:00,NL,2012,6,6,9,,4.7,,13.3,,33.6,,,M,,M,,,6,,50,,0,,9,,84,,97,
-52.78333888888889,47.513355555555556,ST JOHNS WEST CLIMATE,8403603,8403603.2012.6.7,2012-06-07 00:00:00,NL,2012,6,7,6.5,,3.6,,9.3,,0.4,,,M,,M,,,34,,33,,0,,11.5,,75,,95,
-52.78333888888889,47.513355555555556,ST JOHNS WEST CLIMATE,8403603,8403603.2012.6.8,2012-06-08 00:00:00,NL,2012,6,8,5.2,,3.5,,6.9,,1,,,M,,M,,,32,,50,,0,,12.8,,89,,95,
-52.78333888888889,47.513355555555556,ST JOHNS WEST CLIMATE,8403603,8403603.2012.6.9,2012-06-09 00:00:00,NL,2012,6,9,7.2,,3.2,,11.2,,0,,,M,,M,,,34,,39,,0,,10.8,,76,,97,
-52.78333888888889,47.513355555555556,ST JOHNS WEST CLIMATE,8403603,8403603.2012.6.10,2012-06-10 00:00:00,NL,2012,6,10,6.2,,2.9,,9.4,,0,,,M,,M,,,0,,0,,0,,11.8,,81,,97,
-52.78333888888889,47.513355555555556,ST JOHNS WEST CLIMATE,8403603,8403603.2012.6.11,2012-06-11 00:00:00,NL,2012,6,11,6.9,,1.6,,12.1,,0,,,M,,M,,,0,,0,,0,,11.1,,61,,97,
-52.78333888888889,47.513355555555556,ST JOHNS WEST CLIMATE,8403603,8403603.2012.6.12,2012-06-12 00:00:00,NL,2012,6,12,8.5,,0.4,,16.6,,0,,,M,,M,,,15,,35,,0,,9.5,,51,,96,
-52.78333888888889,47.513355555555556,ST JOHNS WEST CLIMATE,8403603,8403603.2012.6.13,2012-06-13 00:00:00,NL,2012,6,13,16,,8.5,,23.5,,0,,,M,,M,,,0,,0,,0,,2,,46,,94,
-52.78333888888889,47.513355555555556,ST JOHNS WEST CLIMATE,8403603,8403603.2012.6.14,2012-06-14 00:00:00,NL,2012,6,14,9.8,,6.6,,13,,0,,,M,,M,,,0,,0,,0,,8.2,,67,,96,
-52.78333888888889,47.513355555555556,ST JOHNS WEST CLIMATE,8403603,8403603.2012.6.15,2012-06-15 00:00:00,NL,2012,6,15,7.2,,5.3,,9,,0,,,M,,M,,,6,,35,,0,,10.8,,84,,96,
-52.78333888888889,47.513355555555556,ST JOHNS WEST CLIMATE,8403603,8403603.2012.6.16,2012-06-16 00:00:00,NL,2012,6,16,5.1,,0.3,,9.8,,0,,,M,,M,,,5,,35,,0,,12.9,,69,,96,
-52.78333888888889,47.513355555555556,ST JOHNS WEST CLIMATE,8403603,8403603.2012.6.17,2012-06-17 00:00:00,NL,2012,6,17,6.9,,0.9,,12.9,,0,,,M,,M,,,0,,0,,0,,11.1,,65,,97,
-52.78333888888889,47.513355555555556,ST JOHNS WEST CLIMATE,8403603,8403603.2012.6.18,2012-06-18 00:00:00,NL,2012,6,18,12,,3.5,,20.4,,0,,,M,,M,,,0,,0,,0,,6,,42,,92,
-52.78333888888889,47.513355555555556,ST JOHNS WEST CLIMATE,8403603,8403603.2012.6.19,2012-06-19 00:00:00,NL,2012,6,19,12.3,,5.3,,19.3,,0,,,M,,M,,,19,,32,,0,,5.7,,35,,92,
-52.78333888888889,47.513355555555556,ST JOHNS WEST CLIMATE,8403603,8403603.2012.6.20,2012-06-20 00:00:00,NL,2012,6,20,13.5,,5.8,,21.2,,0,,,M,,M,,,0,,0,,0,,4.5,,42,,95,
-52.78333888888889,47.513355555555556,ST JOHNS WEST CLIMATE,8403603,8403603.2012.6.21,2012-06-21 00:00:00,NL,2012,6,21,12.8,,8.3,,17.3,,0,,,M,,M,,,0,,0,,0,,5.2,,47,,95,
-52.78333888888889,47.513355555555556,ST JOHNS WEST CLIMATE,8403603,8403603.2012.6.22,2012-06-22 00:00:00,NL,2012,6,22,12.1,,8.7,,15.5,,0,,,M,,M,,,6,,32,,0,,5.9,,70,,96,
-52.78333888888889,47.513355555555556,ST JOHNS WEST CLIMATE,8403603,8403603.2012.6.23,2012-06-23 00:00:00,NL,2012,6,23,10.6,,5.1,,16,,0,,,M,,M,,,0,,0,,0,,7.4,,57,,95,
-52.78333888888889,47.513355555555556,ST JOHNS WEST CLIMATE,8403603,8403603.2012.6.24,2012-06-24 00:00:00,NL,2012,6,24,11.8,,5.3,,18.3,,0,,,M,,M,,,0,,0,,0,,6.2,,61,,95,
-52.78333888888889,47.513355555555556,ST JOHNS WEST CLIMATE,8403603,8403603.2012.6.25,2012-06-25 00:00:00,NL,2012,6,25,9.7,,6.3,,13,,0,,,M,,M,,,0,,0,,0,,8.3,,72,,96,
-52.78333888888889,47.513355555555556,ST JOHNS WEST CLIMATE,8403603,8403603.2012.6.26,2012-06-26 00:00:00,NL,2012,6,26,11.6,,8.8,,14.3,,0,,,M,,M,,,0,,0,,0,,6.4,,78,,95,
-52.78333888888889,47.513355555555556,ST JOHNS WEST CLIMATE,8403603,8403603.2012.6.27,2012-06-27 00:00:00,NL,2012,6,27,12.7,,9.7,,15.7,,6.2,,,M,,M,,,19,,44,,0,,5.3,,85,,96,
-52.78333888888889,47.513355555555556,ST JOHNS WEST CLIMATE,8403603,8403603.2012.6.28,2012-06-28 00:00:00,NL,2012,6,28,17.2,E,15.2,E,19.1,,6.6,,,M,,M,,,18,E,43,E,0,E,0.8,E,93,,95,
-52.78333888888889,47.513355555555556,ST JOHNS WEST CLIMATE,8403603,8403603.2012.6.29,2012-06-29 00:00:00,NL,2012,6,29,18.3,,13.8,,22.7,,0,,,M,,M,,,24,,50,,0.3,,0,,65,,94,
-52.78333888888889,47.513355555555556,ST JOHNS WEST CLIMATE,8403603,8403603.2012.6.30,2012-06-30 00:00:00,NL,2012,6,30,19.5,,14.1,,24.9,,0,,,M,,M,,,23,,54,,1.5,,0,,54,,92,
-52.78333888888889,47.513355555555556,ST JOHNS WEST CLIMATE,8403603,8403603.2012.7.1,2012-07-01 00:00:00,NL,2012,7,1,21.8,,15.2,,28.3,,0,,,M,,M,,,24,,43,,3.8,,0,,38,,91,
-52.78333888888889,47.513355555555556,ST JOHNS WEST CLIMATE,8403603,8403603.2012.7.2,2012-07-02 00:00:00,NL,2012,7,2,21.3,,14,,28.6,,3.3,,,M,,M,,,23,,35,,3.3,,0,,44,,94,
-52.78333888888889,47.513355555555556,ST JOHNS WEST CLIMATE,8403603,8403603.2012.7.3,2012-07-03 00:00:00,NL,2012,7,3,18.6,,15.1,,22.1,,1.9,,,M,,M,,,0,,0,,0.6,,0,,75,,94,
-52.78333888888889,47.513355555555556,ST JOHNS WEST CLIMATE,8403603,8403603.2012.7.4,2012-07-04 00:00:00,NL,2012,7,4,19.3,,14.5,,24.1,,0,,,M,,M,,,0,,0,,1.3,,0,,70,,94,
-52.78333888888889,47.513355555555556,ST JOHNS WEST CLIMATE,8403603,8403603.2012.7.5,2012-07-05 00:00:00,NL,2012,7,5,19.7,,12.6,,26.7,,0,,,M,,M,,,0,,0,,1.7,,0,,43,,94,
-52.78333888888889,47.513355555555556,ST JOHNS WEST CLIMATE,8403603,8403603.2012.7.6,2012-07-06 00:00:00,NL,2012,7,6,15.7,E,11.8,E,19.6,E,7.1,,,M,,M,,,14,E,44,E,0,E,2.3,E,80,,96,
-52.78333888888889,47.513355555555556,ST JOHNS WEST CLIMATE,8403603,8403603.2012.7.7,2012-07-07 00:00:00,NL,2012,7,7,16.3,,13.8,,18.7,,8.1,,,M,,M,,,21,,46,,0,,1.7,,87,,96,
-52.78333888888889,47.513355555555556,ST JOHNS WEST CLIMATE,8403603,8403603.2012.7.8,2012-07-08 00:00:00,NL,2012,7,8,18,,14.2,,21.8,,5.8,,,M,,M,,,24,,39,,0,,0,,77,,94,
-52.78333888888889,47.513355555555556,ST JOHNS WEST CLIMATE,8403603,8403603.2012.7.9,2012-07-09 00:00:00,NL,2012,7,9,17.8,,13.1,,22.5,,0,,,M,,M,,,24,,46,,0,,0.2,,48,,94,
-52.78333888888889,47.513355555555556,ST JOHNS WEST CLIMATE,8403603,8403603.2012.7.10,2012-07-10 00:00:00,NL,2012,7,10,17,,9.9,,24.1,,0,,,M,,M,,,26,,48,,0,,1,,35,,86,
-52.78333888888889,47.513355555555556,ST JOHNS WEST CLIMATE,8403603,8403603.2012.7.11,2012-07-11 00:00:00,NL,2012,7,11,17.2,,9.1,,25.3,,0,,,M,,M,,,25,,48,,0,,0.8,,26,,84,
-52.78333888888889,47.513355555555556,ST JOHNS WEST CLIMATE,8403603,8403603.2012.7.12,2012-07-12 00:00:00,NL,2012,7,12,17.9,,11.2,,24.5,,0,,,M,,M,,,23,,43,,0,,0.1,,30,,82,
-52.78333888888889,47.513355555555556,ST JOHNS WEST CLIMATE,8403603,8403603.2012.7.13,2012-07-13 00:00:00,NL,2012,7,13,18.7,,12.8,,24.5,,0,,,M,,M,,,28,,43,,0.7,,0,,56,,85,
-52.78333888888889,47.513355555555556,ST JOHNS WEST CLIMATE,8403603,8403603.2012.7.14,2012-07-14 00:00:00,NL,2012,7,14,15.2,,9.1,,21.2,,0,,,M,,M,,,0,,0,,0,,2.8,,44,,83,
-52.78333888888889,47.513355555555556,ST JOHNS WEST CLIMATE,8403603,8403603.2012.7.15,2012-07-15 00:00:00,NL,2012,7,15,14.2,,9.1,,19.3,,0,,,M,,M,,,0,,0,,0,,3.8,,49,,93,
-52.78333888888889,47.513355555555556,ST JOHNS WEST CLIMATE,8403603,8403603.2012.7.16,2012-07-16 00:00:00,NL,2012,7,16,16.7,,9.8,,23.5,,0,,,M,,M,,,23,,39,,0,,1.3,,42,,91,
-52.78333888888889,47.513355555555556,ST JOHNS WEST CLIMATE,8403603,8403603.2012.7.17,2012-07-17 00:00:00,NL,2012,7,17,16.7,,13.7,,19.7,,0,,,M,,M,,,0,,0,,0,,1.3,,73,,92,
-52.78333888888889,47.513355555555556,ST JOHNS WEST CLIMATE,8403603,8403603.2012.7.18,2012-07-18 00:00:00,NL,2012,7,18,19.6,,14.7,,24.4,,0,,,M,,M,,,24,,56,,1.6,,0,,64,,94,
-52.78333888888889,47.513355555555556,ST JOHNS WEST CLIMATE,8403603,8403603.2012.7.19,2012-07-19 00:00:00,NL,2012,7,19,18.8,,15,,22.6,,0,,,M,,M,,,24,,43,,0.8,,0,,63,,90,
-52.78333888888889,47.513355555555556,ST JOHNS WEST CLIMATE,8403603,8403603.2012.7.20,2012-07-20 00:00:00,NL,2012,7,20,13.9,,10.7,,17,,0,,,M,,M,,,33,,43,,0,,4.1,,60,,93,
-52.78333888888889,47.513355555555556,ST JOHNS WEST CLIMATE,8403603,8403603.2012.7.21,2012-07-21 00:00:00,NL,2012,7,21,16.8,,11.1,,22.5,,0,,,M,,M,,,29,,39,,0,,1.2,,43,,85,
-52.78333888888889,47.513355555555556,ST JOHNS WEST CLIMATE,8403603,8403603.2012.7.22,2012-07-22 00:00:00,NL,2012,7,22,18.6,,11.8,,25.4,,0,,,M,,M,,,28,,32,,0.6,,0,,34,,86,
-52.78333888888889,47.513355555555556,ST JOHNS WEST CLIMATE,8403603,8403603.2012.7.23,2012-07-23 00:00:00,NL,2012,7,23,18.2,,12,,24.3,,0,,,M,,M,,,31,,37,,0.2,,0,,43,,89,
-52.78333888888889,47.513355555555556,ST JOHNS WEST CLIMATE,8403603,8403603.2012.7.24,2012-07-24 00:00:00,NL,2012,7,24,19.2,,12.6,,25.8,,0,,,M,,M,,,21,,39,,1.2,,0,,34,,92,
-52.78333888888889,47.513355555555556,ST JOHNS WEST CLIMATE,8403603,8403603.2012.7.25,2012-07-25 00:00:00,NL,2012,7,25,17.2,,13,,21.4,,0,,,M,,M,,,18,,43,,0,,0.8,,62,,95,
-52.78333888888889,47.513355555555556,ST JOHNS WEST CLIMATE,8403603,8403603.2012.7.26,2012-07-26 00:00:00,NL,2012,7,26,17.5,,13.1,,21.8,,1,,,M,,M,,,14,,39,,0,,0.5,,84,,96,
-52.78333888888889,47.513355555555556,ST JOHNS WEST CLIMATE,8403603,8403603.2012.7.27,2012-07-27 00:00:00,NL,2012,7,27,21.6,,15.1,,28,,4.4,,,M,,M,,,23,,44,,3.6,,0,,38,,93,
-52.78333888888889,47.513355555555556,ST JOHNS WEST CLIMATE,8403603,8403603.2012.7.28,2012-07-28 00:00:00,NL,2012,7,28,14.1,,12.8,,15.3,,3.9,,,M,,M,,,15,,37,,0,,3.9,,92,,96,
-52.78333888888889,47.513355555555556,ST JOHNS WEST CLIMATE,8403603,8403603.2012.7.29,2012-07-29 00:00:00,NL,2012,7,29,16.4,,11.3,,21.4,,0,,,M,,M,,,0,,0,,0,,1.6,,61,,95,
-52.78333888888889,47.513355555555556,ST JOHNS WEST CLIMATE,8403603,8403603.2012.7.30,2012-07-30 00:00:00,NL,2012,7,30,14.5,E,11.3,E,17.7,,7.4,,,M,,M,,,0,,0,,0,E,3.5,E,73,,96,
-52.78333888888889,47.513355555555556,ST JOHNS WEST CLIMATE,8403603,8403603.2012.7.31,2012-07-31 00:00:00,NL,2012,7,31,15.5,E,13.9,E,17,E,,M,,M,,M,,,31,E,32,E,0,E,2.5,E,87,,96,
-52.78333888888889,47.513355555555556,ST JOHNS WEST CLIMATE,8403603,8403603.2012.8.1,2012-08-01 00:00:00,NL,2012,8,1,17.5,,12.9,,22,,0,,,M,,M,,,0,,0,,0,,0.5,,71,,96,
-52.78333888888889,47.513355555555556,ST JOHNS WEST CLIMATE,8403603,8403603.2012.8.2,2012-08-02 00:00:00,NL,2012,8,2,17.3,,12.9,,21.7,,0,,,M,,M,,,20,,37,,0,,0.7,,75,,95,
-52.78333888888889,47.513355555555556,ST JOHNS WEST CLIMATE,8403603,8403603.2012.8.3,2012-08-03 00:00:00,NL,2012,8,3,20.2,,16.6,,23.7,,0,,,M,,M,,,24,,41,,2.2,,0,,76,,94,
-52.78333888888889,47.513355555555556,ST JOHNS WEST CLIMATE,8403603,8403603.2012.8.4,2012-08-04 00:00:00,NL,2012,8,4,21,,13.5,,28.4,,0,,,M,,M,,,26,,33,,3,,0,,58,,93,
-52.78333888888889,47.513355555555556,ST JOHNS WEST CLIMATE,8403603,8403603.2012.8.5,2012-08-05 00:00:00,NL,2012,8,5,15.4,,11.8,,19,,0,,,M,,M,,,0,,0,,0,,2.6,,44,,91,
-52.78333888888889,47.513355555555556,ST JOHNS WEST CLIMATE,8403603,8403603.2012.8.6,2012-08-06 00:00:00,NL,2012,8,6,19.5,,14.1,,24.8,,0,,,M,,M,,,22,,39,,1.5,,0,,56,,94,
-52.78333888888889,47.513355555555556,ST JOHNS WEST CLIMATE,8403603,8403603.2012.8.7,2012-08-07 00:00:00,NL,2012,8,7,23.7,,20,,27.4,,0,,,M,,M,,,27,,37,,5.7,,0,,65,,91,
-52.78333888888889,47.513355555555556,ST JOHNS WEST CLIMATE,8403603,8403603.2012.8.8,2012-08-08 00:00:00,NL,2012,8,8,24.3,,20.4,,28.2,,6,,,M,,M,,,24,,52,,6.3,,0,,61,,92,
-52.78333888888889,47.513355555555556,ST JOHNS WEST CLIMATE,8403603,8403603.2012.8.9,2012-08-09 00:00:00,NL,2012,8,9,19.6,,13.3,,25.8,,1.5,,,M,,M,,,0,,0,,1.6,,0,,48,,93,
-52.78333888888889,47.513355555555556,ST JOHNS WEST CLIMATE,8403603,8403603.2012.8.10,2012-08-10 00:00:00,NL,2012,8,10,17.6,,12.3,,22.9,,0,,,M,,M,,,0,,0,,0,,0.4,,72,,94,
-52.78333888888889,47.513355555555556,ST JOHNS WEST CLIMATE,8403603,8403603.2012.8.11,2012-08-11 00:00:00,NL,2012,8,11,18,,15.1,,20.9,,0,,,M,,M,,,0,,0,,0,,0,,76,,95,
-52.78333888888889,47.513355555555556,ST JOHNS WEST CLIMATE,8403603,8403603.2012.8.12,2012-08-12 00:00:00,NL,2012,8,12,18.1,,15.7,,20.5,,0,,,M,,M,,,0,,0,,0.1,,0,,76,,95,
-52.78333888888889,47.513355555555556,ST JOHNS WEST CLIMATE,8403603,8403603.2012.8.13,2012-08-13 00:00:00,NL,2012,8,13,20.9,,16,,25.8,,3.2,,,M,,M,,,26,,33,,2.9,,0,,78,,95,
-52.78333888888889,47.513355555555556,ST JOHNS WEST CLIMATE,8403603,8403603.2012.8.14,2012-08-14 00:00:00,NL,2012,8,14,19.7,,13.4,,26,,4,,,M,,M,,,27,,32,,1.7,,0,,66,,92,
-52.78333888888889,47.513355555555556,ST JOHNS WEST CLIMATE,8403603,8403603.2012.8.15,2012-08-15 00:00:00,NL,2012,8,15,13.6,,10.3,,16.9,,0.3,,,M,,M,,,7,,32,,0,,4.4,,72,,93,
-52.78333888888889,47.513355555555556,ST JOHNS WEST CLIMATE,8403603,8403603.2012.8.16,2012-08-16 00:00:00,NL,2012,8,16,12.4,,8.2,,16.5,,0,,,M,,M,,,0,,0,,0,,5.6,,67,,94,
-52.78333888888889,47.513355555555556,ST JOHNS WEST CLIMATE,8403603,8403603.2012.8.17,2012-08-17 00:00:00,NL,2012,8,17,14.8,,13.1,,16.4,,18.7,,,M,,M,,,13,E,37,E,0,,3.2,,72,,93,
-52.78333888888889,47.513355555555556,ST JOHNS WEST CLIMATE,8403603,8403603.2012.8.18,2012-08-18 00:00:00,NL,2012,8,18,15,,14.2,,15.8,,0.2,,,M,,M,,,10,,44,,0,,3,,86,,94,
-52.78333888888889,47.513355555555556,ST JOHNS WEST CLIMATE,8403603,8403603.2012.8.19,2012-08-19 00:00:00,NL,2012,8,19,15.5,,14.1,,16.9,,0.6,,,M,,M,,,0,,0,,0,,2.5,,79,,93,
-52.78333888888889,47.513355555555556,ST JOHNS WEST CLIMATE,8403603,8403603.2012.8.20,2012-08-20 00:00:00,NL,2012,8,20,18.1,,15,,21.2,,22.4,,,M,,M,,,18,,33,,0.1,,0,,79,,95,
-52.78333888888889,47.513355555555556,ST JOHNS WEST CLIMATE,8403603,8403603.2012.8.21,2012-08-21 00:00:00,NL,2012,8,21,20.3,,17.1,,23.4,,1.5,,,M,,M,,,25,,33,,2.3,,0,,72,,94,
-52.78333888888889,47.513355555555556,ST JOHNS WEST CLIMATE,8403603,8403603.2012.8.22,2012-08-22 00:00:00,NL,2012,8,22,20.5,,15.9,,25.1,,0,,,M,,M,,,28,,33,,2.5,,0,,45,,93,
-52.78333888888889,47.513355555555556,ST JOHNS WEST CLIMATE,8403603,8403603.2012.8.23,2012-08-23 00:00:00,NL,2012,8,23,19,,14.9,,23.1,,0,,,M,,M,,,29,,35,,1,,0,,44,,87,
-52.78333888888889,47.513355555555556,ST JOHNS WEST CLIMATE,8403603,8403603.2012.8.24,2012-08-24 00:00:00,NL,2012,8,24,18.9,,13.4,,24.3,,3.9,,,M,,M,,,23,,41,,0.9,,0,,40,,93,
-52.78333888888889,47.513355555555556,ST JOHNS WEST CLIMATE,8403603,8403603.2012.8.25,2012-08-25 00:00:00,NL,2012,8,25,12.5,,7.5,,17.4,,0,,,M,,M,,,31,,37,,0,,5.5,,57,,93,
-52.78333888888889,47.513355555555556,ST JOHNS WEST CLIMATE,8403603,8403603.2012.8.26,2012-08-26 00:00:00,NL,2012,8,26,15.7,,8.7,,22.7,,0,,,M,,M,,,27,,44,,0,,2.3,,49,,93,
-52.78333888888889,47.513355555555556,ST JOHNS WEST CLIMATE,8403603,8403603.2012.8.27,2012-08-27 00:00:00,NL,2012,8,27,21.1,,16.8,,25.4,,0,,,M,,M,,,29,,37,,3.1,,0,,61,,85,
-52.78333888888889,47.513355555555556,ST JOHNS WEST CLIMATE,8403603,8403603.2012.8.28,2012-08-28 00:00:00,NL,2012,8,28,22.1,,18.1,,26,,2.5,,,M,,M,,,24,,46,,4.1,,0,,46,,90,
-52.78333888888889,47.513355555555556,ST JOHNS WEST CLIMATE,8403603,8403603.2012.8.29,2012-08-29 00:00:00,NL,2012,8,29,18.9,,13.3,,24.5,,5.1,,,M,,M,,,25,,46,,0.9,,0,,47,,90,
-52.78333888888889,47.513355555555556,ST JOHNS WEST CLIMATE,8403603,8403603.2012.8.30,2012-08-30 00:00:00,NL,2012,8,30,16.6,,12.8,,20.3,,0,,,M,,M,,,25,,48,,0,,1.4,,53,,86,
-52.78333888888889,47.513355555555556,ST JOHNS WEST CLIMATE,8403603,8403603.2012.8.31,2012-08-31 00:00:00,NL,2012,8,31,19.1,,14.9,,23.3,,3.9,,,M,,M,,,23,,52,,1.1,,0,,58,,91,
-52.78333888888889,47.513355555555556,ST JOHNS WEST CLIMATE,8403603,8403603.2012.9.1,2012-09-01 00:00:00,NL,2012,9,1,15.5,,10.6,,20.4,,22.2,,,M,,M,,,25,,50,,0,,2.5,,62,,93,
-52.78333888888889,47.513355555555556,ST JOHNS WEST CLIMATE,8403603,8403603.2012.9.2,2012-09-02 00:00:00,NL,2012,9,2,10.6,,5.8,,15.4,,0.2,,,M,,M,,,35,,37,,0,,7.4,,44,,91,
-52.78333888888889,47.513355555555556,ST JOHNS WEST CLIMATE,8403603,8403603.2012.9.3,2012-09-03 00:00:00,NL,2012,9,3,10.9,,4.8,,16.9,,0,,,M,,M,,,0,,0,,0,,7.1,,50,,92,
-52.78333888888889,47.513355555555556,ST JOHNS WEST CLIMATE,8403603,8403603.2012.9.4,2012-09-04 00:00:00,NL,2012,9,4,,M,6.1,E,,M,,M,,M,,M,,,0,,0,,,M,,M,,,,
-52.78333888888889,47.513355555555556,ST JOHNS WEST CLIMATE,8403603,8403603.2012.9.13,2012-09-13 00:00:00,NL,2012,9,13,,M,,M,,M,,M,,M,,M,,,0,,0,,,M,,M,,,,
-52.78333888888889,47.513355555555556,ST JOHNS WEST CLIMATE,8403603,8403603.2012.9.14,2012-09-14 00:00:00,NL,2012,9,14,16.9,,9.9,,23.8,,,M,,M,,M,,,0,,0,,0,,1.1,,,,,
-52.78333888888889,47.513355555555556,ST JOHNS WEST CLIMATE,8403603,8403603.2012.9.15,2012-09-15 00:00:00,NL,2012,9,15,12.2,,9.8,,14.6,,0,,,M,,M,,,0,,0,,0,,5.8,,89,,95,
-52.78333888888889,47.513355555555556,ST JOHNS WEST CLIMATE,8403603,8403603.2012.9.16,2012-09-16 00:00:00,NL,2012,9,16,14,E,12.5,E,15.5,,4.4,,,M,,M,,,0,,0,,0,E,4,E,86,,94,
-52.78333888888889,47.513355555555556,ST JOHNS WEST CLIMATE,8403603,8403603.2012.9.17,2012-09-17 00:00:00,NL,2012,9,17,14.1,,11.2,,16.9,,0,,,M,,M,,,,M,39,,0,,3.9,,61,,90,
-52.78333888888889,47.513355555555556,ST JOHNS WEST CLIMATE,8403603,8403603.2012.9.18,2012-09-18 00:00:00,NL,2012,9,18,14.2,,7.6,,20.7,,0,,,M,,M,,,0,,0,,0,,3.8,,45,,90,
-52.78333888888889,47.513355555555556,ST JOHNS WEST CLIMATE,8403603,8403603.2012.9.19,2012-09-19 00:00:00,NL,2012,9,19,13.8,,5.6,,22,,0,,,M,,M,,,0,,0,,0,,4.2,,45,,93,
-52.78333888888889,47.513355555555556,ST JOHNS WEST CLIMATE,8403603,8403603.2012.9.20,2012-09-20 00:00:00,NL,2012,9,20,16.9,,11.9,,21.9,,0,,,M,,M,,,,M,32,,0,,1.1,,55,,94,
-52.78333888888889,47.513355555555556,ST JOHNS WEST CLIMATE,8403603,8403603.2012.9.21,2012-09-21 00:00:00,NL,2012,9,21,16,,12.3,,19.6,,0,,,M,,M,,,,M,32,,0,,2,,71,,94,
-52.78333888888889,47.513355555555556,ST JOHNS WEST CLIMATE,8403603,8403603.2012.9.22,2012-09-22 00:00:00,NL,2012,9,22,18.2,,15,,21.3,,,M,,M,,M,,,0,,0,,0.2,,0,,67,,94,
-52.78333888888889,47.513355555555556,ST JOHNS WEST CLIMATE,8403603,8403603.2012.9.23,2012-09-23 00:00:00,NL,2012,9,23,19.2,,15.8,,22.6,,0,,,M,,M,,,,M,35,,1.2,,0,,79,,95,
-52.78333888888889,47.513355555555556,ST JOHNS WEST CLIMATE,8403603,8403603.2012.9.24,2012-09-24 00:00:00,NL,2012,9,24,20.3,,18,,22.6,,7.5,,,M,,M,,,,M,37,,2.3,,0,,85,,95,
-52.78333888888889,47.513355555555556,ST JOHNS WEST CLIMATE,8403603,8403603.2012.9.25,2012-09-25 00:00:00,NL,2012,9,25,15.1,,8.1,,22,,1.3,,,M,,M,,,,M,52,,0,,2.9,,60,,95,
-52.78333888888889,47.513355555555556,ST JOHNS WEST CLIMATE,8403603,8403603.2012.9.26,2012-09-26 00:00:00,NL,2012,9,26,12.5,,5.7,,19.3,,,M,,M,,M,,,0,,0,,0,,5.5,,45,,95,
-52.78333888888889,47.513355555555556,ST JOHNS WEST CLIMATE,8403603,8403603.2012.9.27,2012-09-27 00:00:00,NL,2012,9,27,12.9,,7.7,,18.1,,,M,,M,,M,,,,M,44,E,0,,5.1,,58,,93,
-52.78333888888889,47.513355555555556,ST JOHNS WEST CLIMATE,8403603,8403603.2012.9.28,2012-09-28 00:00:00,NL,2012,9,28,9.7,,4,,15.3,,,M,,M,,M,,,,M,37,E,0,,8.3,,47,,89,
-52.78333888888889,47.513355555555556,ST JOHNS WEST CLIMATE,8403603,8403603.2012.9.29,2012-09-29 00:00:00,NL,2012,9,29,8.9,,2.6,,15.2,,,M,,M,,M,,,0,,0,,0,,9.1,,55,,93,
-52.78333888888889,47.513355555555556,ST JOHNS WEST CLIMATE,8403603,8403603.2012.9.30,2012-09-30 00:00:00,NL,2012,9,30,11.6,,5.6,,17.5,,,M,,M,,M,,,0,,0,,0,,6.4,,63,,95,
-52.78333888888889,47.513355555555556,ST JOHNS WEST CLIMATE,8403603,8403603.2012.10.1,2012-10-01 00:00:00,NL,2012,10,1,,M,7.6,E,,M,6.3,,,M,,M,,,0,,0,,,M,,M,,,,
-52.78333888888889,47.513355555555556,ST JOHNS WEST CLIMATE,8403603,8403603.2012.10.2,2012-10-02 00:00:00,NL,2012,10,2,,M,,M,,M,6.4,,,M,,M,,,0,,0,,,M,,M,,,,
-52.78333888888889,47.513355555555556,ST JOHNS WEST CLIMATE,8403603,8403603.2012.10.3,2012-10-03 00:00:00,NL,2012,10,3,12.3,,10,,14.6,,14.7,,,M,,M,,,0,,0,,0,,5.7,,,,,
-52.78333888888889,47.513355555555556,ST JOHNS WEST CLIMATE,8403603,8403603.2012.10.4,2012-10-04 00:00:00,NL,2012,10,4,10.4,,9.6,,11.1,,3.9,,,M,,M,,,1,,63,,0,,7.6,,90,,94,
-52.78333888888889,47.513355555555556,ST JOHNS WEST CLIMATE,8403603,8403603.2012.10.5,2012-10-05 00:00:00,NL,2012,10,5,10.2,,9.1,,11.2,,1,,,M,,M,,,0,,0,,0,,7.8,,69,,95,
-52.78333888888889,47.513355555555556,ST JOHNS WEST CLIMATE,8403603,8403603.2012.10.6,2012-10-06 00:00:00,NL,2012,10,6,8.9,,4.5,,13.2,,0.3,,,M,,M,,,0,,0,,0,,9.1,,74,,95,
-52.78333888888889,47.513355555555556,ST JOHNS WEST CLIMATE,8403603,8403603.2012.10.7,2012-10-07 00:00:00,NL,2012,10,7,10.1,,3.8,,16.4,,0,,,M,,M,,,22,,37,,0,,7.9,,68,,96,
-52.78333888888889,47.513355555555556,ST JOHNS WEST CLIMATE,8403603,8403603.2012.10.8,2012-10-08 00:00:00,NL,2012,10,8,14.6,,10.6,,18.5,,4.4,,,M,,M,,,19,,52,,0,,3.4,,83,,94,
-52.78333888888889,47.513355555555556,ST JOHNS WEST CLIMATE,8403603,8403603.2012.10.9,2012-10-09 00:00:00,NL,2012,10,9,8.7,,6.8,,10.6,,0,,,M,,M,,,29,,32,,0,,9.3,,60,,87,
-52.78333888888889,47.513355555555556,ST JOHNS WEST CLIMATE,8403603,8403603.2012.10.10,2012-10-10 00:00:00,NL,2012,10,10,8,,5.9,,10.1,,0,,,M,,M,,,7,,35,,0,,10,,67,,90,
-52.78333888888889,47.513355555555556,ST JOHNS WEST CLIMATE,8403603,8403603.2012.10.11,2012-10-11 00:00:00,NL,2012,10,11,10.9,,7.4,,14.4,,6.8,,,M,,M,,,28,,54,,0,,7.1,,72,,95,
-52.78333888888889,47.513355555555556,ST JOHNS WEST CLIMATE,8403603,8403603.2012.10.12,2012-10-12 00:00:00,NL,2012,10,12,9.4,,6.2,,12.5,,0,,,M,,M,,,25,,56,,0,,8.6,,48,,89,
-52.78333888888889,47.513355555555556,ST JOHNS WEST CLIMATE,8403603,8403603.2012.10.13,2012-10-13 00:00:00,NL,2012,10,13,7.4,,2.1,,12.6,,8.4,,,M,,M,,,32,,50,,0,,10.6,,47,,92,
-52.78333888888889,47.513355555555556,ST JOHNS WEST CLIMATE,8403603,8403603.2012.10.14,2012-10-14 00:00:00,NL,2012,10,14,5.3,,2.2,,8.3,,0,,,M,,M,,,28,,61,,0,,12.7,,40,,73,
-52.78333888888889,47.513355555555556,ST JOHNS WEST CLIMATE,8403603,8403603.2012.10.15,2012-10-15 00:00:00,NL,2012,10,15,5.7,,3.4,,8,,0.2,,,M,,M,,,29,,37,,0,,12.3,,57,,94,
-52.78333888888889,47.513355555555556,ST JOHNS WEST CLIMATE,8403603,8403603.2012.10.16,2012-10-16 00:00:00,NL,2012,10,16,14,,6.9,,21,,9.6,,,M,,M,,,21,,56,,0,,4,,70,,95,
-52.78333888888889,47.513355555555556,ST JOHNS WEST CLIMATE,8403603,8403603.2012.10.17,2012-10-17 00:00:00,NL,2012,10,17,12.8,,7.3,,18.3,,1.2,,,M,,M,,,22,,48,,0,,5.2,,71,,93,
-52.78333888888889,47.513355555555556,ST JOHNS WEST CLIMATE,8403603,8403603.2012.10.18,2012-10-18 00:00:00,NL,2012,10,18,5.8,,1,,10.6,,0,,,M,,M,,,26,,43,,0,,12.2,,58,,92,
-52.78333888888889,47.513355555555556,ST JOHNS WEST CLIMATE,8403603,8403603.2012.10.19,2012-10-19 00:00:00,NL,2012,10,19,6.2,,1.1,,11.3,,0,,,M,,M,,,0,,0,,0,,11.8,,50,,88,
-52.78333888888889,47.513355555555556,ST JOHNS WEST CLIMATE,8403603,8403603.2012.10.20,2012-10-20 00:00:00,NL,2012,10,20,8.7,,2.2,,15.1,,0,,,M,,M,,,0,,0,,0,,9.3,,55,,92,
-52.78333888888889,47.513355555555556,ST JOHNS WEST CLIMATE,8403603,8403603.2012.10.21,2012-10-21 00:00:00,NL,2012,10,21,9.2,,4.9,,13.5,,7,,,M,,M,,,14,,46,,0,,8.8,,86,,94,
-52.78333888888889,47.513355555555556,ST JOHNS WEST CLIMATE,8403603,8403603.2012.10.22,2012-10-22 00:00:00,NL,2012,10,22,11.9,,8.3,,15.4,,0.8,,,M,,M,,,18,,48,,0,,6.1,,76,,94,
-52.78333888888889,47.513355555555556,ST JOHNS WEST CLIMATE,8403603,8403603.2012.10.23,2012-10-23 00:00:00,NL,2012,10,23,8.2,,2.9,,13.5,,0,,,M,,M,,,0,,0,,0,,9.8,,62,,95,
-52.78333888888889,47.513355555555556,ST JOHNS WEST CLIMATE,8403603,8403603.2012.10.24,2012-10-24 00:00:00,NL,2012,10,24,5.3,,1.2,,9.4,,0,,,M,,M,,,0,,0,,0,,12.7,,59,,96,
-52.78333888888889,47.513355555555556,ST JOHNS WEST CLIMATE,8403603,8403603.2012.10.25,2012-10-25 00:00:00,NL,2012,10,25,5.8,,5.4,,6.2,,12.8,,,M,,M,,,35,,76,,0,,12.2,,78,,92,
-52.78333888888889,47.513355555555556,ST JOHNS WEST CLIMATE,8403603,8403603.2012.10.26,2012-10-26 00:00:00,NL,2012,10,26,,M,5.4,E,,M,10.8,,,M,,M,,,33,E,61,E,,M,,M,80,,95,
-52.78333888888889,47.513355555555556,ST JOHNS WEST CLIMATE,8403603,8403603.2012.10.27,2012-10-27 00:00:00,NL,2012,10,27,,M,,M,10.1,,6.9,,,M,,M,,,1,E,48,E,,M,,M,93,,95,
-52.78333888888889,47.513355555555556,ST JOHNS WEST CLIMATE,8403603,8403603.2012.10.28,2012-10-28 00:00:00,NL,2012,10,28,,M,,M,,M,1.1,,,M,,M,,,,M,,M,,M,,M,,,,
-52.78333888888889,47.513355555555556,ST JOHNS WEST CLIMATE,8403603,8403603.2012.10.30,2012-10-30 00:00:00,NL,2012,10,30,,M,,M,,M,0.2,,,M,,M,,,0,,0,,,M,,M,,,,
-52.78333888888889,47.513355555555556,ST JOHNS WEST CLIMATE,8403603,8403603.2012.10.31,2012-10-31 00:00:00,NL,2012,10,31,,M,,M,8.4,,0.7,,,M,,M,,,0,,0,,,M,,M,90,,96,
-52.78333888888889,47.513355555555556,ST JOHNS WEST CLIMATE,8403603,8403603.2012.11.1,2012-11-01 00:00:00,NL,2012,11,1,,M,6.4,E,,M,1.9,,,M,,M,,,15,E,35,E,,M,,M,92,,95,
-52.78333888888889,47.513355555555556,ST JOHNS WEST CLIMATE,8403603,8403603.2012.11.2,2012-11-02 00:00:00,NL,2012,11,2,,M,,M,,M,9.9,,,M,,M,,,14,E,39,E,,M,,M,94,,95,
-52.78333888888889,47.513355555555556,ST JOHNS WEST CLIMATE,8403603,8403603.2012.11.3,2012-11-03 00:00:00,NL,2012,11,3,,M,,M,,M,10.1,,,M,,M,,,0,,0,,,M,,M,86,,96,
-52.78333888888889,47.513355555555556,ST JOHNS WEST CLIMATE,8403603,8403603.2012.11.4,2012-11-04 00:00:00,NL,2012,11,4,11.9,,9.4,,14.3,,0,,,M,,M,,,20,,44,,0,,6.1,,75,,95,
-52.78333888888889,47.513355555555556,ST JOHNS WEST CLIMATE,8403603,8403603.2012.11.5,2012-11-05 00:00:00,NL,2012,11,5,7.8,,3.5,,12.1,,0.2,,,M,,M,,,0,,0,,0,,10.2,,72,,95,
-52.78333888888889,47.513355555555556,ST JOHNS WEST CLIMATE,8403603,8403603.2012.11.6,2012-11-06 00:00:00,NL,2012,11,6,7.9,,1.3,,14.4,,17.7,,,M,,M,,,15,,61,,0,,10.1,,71,,95,
-52.78333888888889,47.513355555555556,ST JOHNS WEST CLIMATE,8403603,8403603.2012.11.7,2012-11-07 00:00:00,NL,2012,11,7,4,,1,,6.9,,4.6,,,M,,M,,,29,,35,,0,,14,,55,,93,
-52.78333888888889,47.513355555555556,ST JOHNS WEST CLIMATE,8403603,8403603.2012.11.8,2012-11-08 00:00:00,NL,2012,11,8,5.5,,3.6,,7.3,,15.3,,,M,,M,,,6,,52,,0,,12.5,,94,,95,
-52.78333888888889,47.513355555555556,ST JOHNS WEST CLIMATE,8403603,8403603.2012.11.9,2012-11-09 00:00:00,NL,2012,11,9,11.5,,7.3,,15.6,,8.9,,,M,,M,,,23,,56,,0,,6.5,,90,,96,
-52.78333888888889,47.513355555555556,ST JOHNS WEST CLIMATE,8403603,8403603.2012.11.10,2012-11-10 00:00:00,NL,2012,11,10,5,,1.7,,8.3,,0.5,,,M,,M,,,27,,56,,0,,13,,60,,92,
-52.78333888888889,47.513355555555556,ST JOHNS WEST CLIMATE,8403603,8403603.2012.11.11,2012-11-11 00:00:00,NL,2012,11,11,2.5,,0.1,,4.8,,0,,,M,,M,,,27,,59,,0,,15.5,,49,,63,
-52.78333888888889,47.513355555555556,ST JOHNS WEST CLIMATE,8403603,8403603.2012.11.12,2012-11-12 00:00:00,NL,2012,11,12,4.3,,-0.8,,9.3,,0,,,M,,M,,,31,,37,,0,,13.7,,37,,85,
-52.78333888888889,47.513355555555556,ST JOHNS WEST CLIMATE,8403603,8403603.2012.11.13,2012-11-13 00:00:00,NL,2012,11,13,12.7,,9.3,,16.1,,0,,,M,,M,,,25,,48,,0,,5.3,,59,,87,
-52.78333888888889,47.513355555555556,ST JOHNS WEST CLIMATE,8403603,8403603.2012.11.14,2012-11-14 00:00:00,NL,2012,11,14,11.4,,5.5,,17.2,,3.2,,,M,,M,,,25,,48,,0,,6.6,,79,,96,
-52.78333888888889,47.513355555555556,ST JOHNS WEST CLIMATE,8403603,8403603.2012.11.15,2012-11-15 00:00:00,NL,2012,11,15,5.3,,4.5,,6.1,,17.2,,,M,,M,,,3,,43,,0,,12.7,,95,,96,
-52.78333888888889,47.513355555555556,ST JOHNS WEST CLIMATE,8403603,8403603.2012.11.16,2012-11-16 00:00:00,NL,2012,11,16,6.5,,4.3,,8.6,,3.1,,,M,,M,,,4,E,32,E,0,,11.5,,95,,97,
-52.78333888888889,47.513355555555556,ST JOHNS WEST CLIMATE,8403603,8403603.2012.11.17,2012-11-17 00:00:00,NL,2012,11,17,1.5,,-2,,4.9,,1.2,,,M,,M,,,34,,32,,0,,16.5,,75,,95,
-52.78333888888889,47.513355555555556,ST JOHNS WEST CLIMATE,8403603,8403603.2012.11.18,2012-11-18 00:00:00,NL,2012,11,18,-1.2,,-2.7,,0.4,,0.2,,,M,,M,,,30,,37,,0,,19.2,,57,,79,
-52.78333888888889,47.513355555555556,ST JOHNS WEST CLIMATE,8403603,8403603.2012.11.19,2012-11-19 00:00:00,NL,2012,11,19,0.6,,-3.8,,5,,0,,,M,,M,,,25,,48,,0,,17.4,,51,,85,
-52.78333888888889,47.513355555555556,ST JOHNS WEST CLIMATE,8403603,8403603.2012.11.20,2012-11-20 00:00:00,NL,2012,11,20,1.7,,-1.6,,4.9,,0,,,M,,M,,,1,,44,,0,,16.3,,56,,90,
-52.78333888888889,47.513355555555556,ST JOHNS WEST CLIMATE,8403603,8403603.2012.11.21,2012-11-21 00:00:00,NL,2012,11,21,0.3,,-1,,1.6,,0,,,M,,M,,,2,,35,,0,,17.7,,64,,86,
-52.78333888888889,47.513355555555556,ST JOHNS WEST CLIMATE,8403603,8403603.2012.11.22,2012-11-22 00:00:00,NL,2012,11,22,1.5,,-2.9,,5.8,,0,,,M,,M,,,0,,0,,0,,16.5,,61,,92,
-52.78333888888889,47.513355555555556,ST JOHNS WEST CLIMATE,8403603,8403603.2012.11.23,2012-11-23 00:00:00,NL,2012,11,23,6.1,,2.6,,9.5,,0,,,M,,M,,,22,,39,,0,,11.9,,67,,94,
-52.78333888888889,47.513355555555556,ST JOHNS WEST CLIMATE,8403603,8403603.2012.11.24,2012-11-24 00:00:00,NL,2012,11,24,7.1,,4.6,,9.6,,7.7,,,M,,M,,,12,,59,,0,,10.9,,92,,96,
-52.78333888888889,47.513355555555556,ST JOHNS WEST CLIMATE,8403603,8403603.2012.11.25,2012-11-25 00:00:00,NL,2012,11,25,7.3,,2.7,,11.9,,8,,,M,,M,,,24,,50,,0,,10.7,,72,,95,
-52.78333888888889,47.513355555555556,ST JOHNS WEST CLIMATE,8403603,8403603.2012.11.26,2012-11-26 00:00:00,NL,2012,11,26,3.5,,0,,7,,0.8,,,M,,M,,,21,,44,,0,,14.5,,67,,90,
-52.78333888888889,47.513355555555556,ST JOHNS WEST CLIMATE,8403603,8403603.2012.11.27,2012-11-27 00:00:00,NL,2012,11,27,1.3,,-0.2,,2.7,,1,,,M,,M,,,26,,44,,0,,16.7,,64,,92,
-52.78333888888889,47.513355555555556,ST JOHNS WEST CLIMATE,8403603,8403603.2012.11.28,2012-11-28 00:00:00,NL,2012,11,28,0.6,E,-1.4,E,2.5,,13.3,,,M,,M,,,4,E,52,E,0,E,17.4,E,79,,97,
-52.78333888888889,47.513355555555556,ST JOHNS WEST CLIMATE,8403603,8403603.2012.11.29,2012-11-29 00:00:00,NL,2012,11,29,0.1,,-1.8,,1.9,,15.5,,,M,,M,,,27,,78,,0,,17.9,,73,,97,
-52.78333888888889,47.513355555555556,ST JOHNS WEST CLIMATE,8403603,8403603.2012.11.30,2012-11-30 00:00:00,NL,2012,11,30,-3.3,,-5.3,,-1.2,,1.7,,,M,,M,,,25,,52,,0,,21.3,,72,,92,
-52.78333888888889,47.513355555555556,ST JOHNS WEST CLIMATE,8403603,8403603.2012.12.1,2012-12-01 00:00:00,NL,2012,12,1,-4.3,,-6.5,,-2.1,,1,,,M,,M,,,29,,48,,0,,22.3,,65,,78,
-52.78333888888889,47.513355555555556,ST JOHNS WEST CLIMATE,8403603,8403603.2012.12.2,2012-12-02 00:00:00,NL,2012,12,2,-6.5,,-9.1,,-3.8,,0.2,,,M,,M,,,30,,32,,0,,24.5,,63,,86,
-52.78333888888889,47.513355555555556,ST JOHNS WEST CLIMATE,8403603,8403603.2012.12.3,2012-12-03 00:00:00,NL,2012,12,3,-0.4,,-4,,3.2,,0,,,M,,M,,,19,,32,,0,,18.4,,71,,90,
-52.78333888888889,47.513355555555556,ST JOHNS WEST CLIMATE,8403603,8403603.2012.12.4,2012-12-04 00:00:00,NL,2012,12,4,4.9,,2.8,,7,,0,,,M,,M,,,19,,33,,0,,13.1,,77,,97,
-52.78333888888889,47.513355555555556,ST JOHNS WEST CLIMATE,8403603,8403603.2012.12.5,2012-12-05 00:00:00,NL,2012,12,5,4.1,E,1.2,E,7,,0.2,,,M,,M,,,0,,0,,0,E,13.9,E,94,,97,
-52.78333888888889,47.513355555555556,ST JOHNS WEST CLIMATE,8403603,8403603.2012.12.6,2012-12-06 00:00:00,NL,2012,12,6,5.6,E,3,E,8.1,,8.3,,,M,,M,,,32,E,43,E,0,E,12.4,E,92,,95,
-52.78333888888889,47.513355555555556,ST JOHNS WEST CLIMATE,8403603,8403603.2012.12.7,2012-12-07 00:00:00,NL,2012,12,7,0.2,,-1.2,,1.5,,2.6,,,M,,M,,,32,,59,,0,,17.8,,81,,94,
-52.78333888888889,47.513355555555556,ST JOHNS WEST CLIMATE,8403603,8403603.2012.12.8,2012-12-08 00:00:00,NL,2012,12,8,-1.2,,-4.6,,2.2,,0,,,M,,M,,,30,,44,,0,,19.2,,61,,93,
-52.78333888888889,47.513355555555556,ST JOHNS WEST CLIMATE,8403603,8403603.2012.12.9,2012-12-09 00:00:00,NL,2012,12,9,1.4,,-4.9,,7.6,,1.7,,,M,,M,,,27,,56,,0,,16.6,,70,,95,
-52.78333888888889,47.513355555555556,ST JOHNS WEST CLIMATE,8403603,8403603.2012.12.10,2012-12-10 00:00:00,NL,2012,12,10,0.1,,-1.3,,1.5,,2.8,,,M,,M,,,28,,57,,0,,17.9,,51,,95,
-52.78333888888889,47.513355555555556,ST JOHNS WEST CLIMATE,8403603,8403603.2012.12.11,2012-12-11 00:00:00,NL,2012,12,11,7.4,,0.4,,14.4,,24.1,,,M,,M,,,22,,67,,0,,10.6,,76,,96,
-52.78333888888889,47.513355555555556,ST JOHNS WEST CLIMATE,8403603,8403603.2012.12.12,2012-12-12 00:00:00,NL,2012,12,12,0.1,,-2.3,,2.4,,,M,,M,,M,,,0,,0,,0,,17.9,,,,,
-52.78333888888889,47.513355555555556,ST JOHNS WEST CLIMATE,8403603,8403603.2012.12.13,2012-12-13 00:00:00,NL,2012,12,13,-1.5,,-3.2,,0.3,,0,,,M,,M,,,30,,59,,0,,19.5,,45,,70,
-52.78333888888889,47.513355555555556,ST JOHNS WEST CLIMATE,8403603,8403603.2012.12.14,2012-12-14 00:00:00,NL,2012,12,14,-3,,-5,,-0.9,,0,,,M,,M,,,30,,48,,0,,21,,55,,90,
-52.78333888888889,47.513355555555556,ST JOHNS WEST CLIMATE,8403603,8403603.2012.12.15,2012-12-15 00:00:00,NL,2012,12,15,-0.4,,-2.8,,2.1,,4.4,,,M,,M,,,12,,37,,0,,18.4,,82,,96,
-52.78333888888889,47.513355555555556,ST JOHNS WEST CLIMATE,8403603,8403603.2012.12.16,2012-12-16 00:00:00,NL,2012,12,16,-1.9,E,-2.7,E,-1.1,E,5.3,,,M,,M,,,30,E,41,E,0,E,19.9,E,84,,96,
-52.78333888888889,47.513355555555556,ST JOHNS WEST CLIMATE,8403603,8403603.2012.12.17,2012-12-17 00:00:00,NL,2012,12,17,0.7,,-0.2,,1.5,,4.1,,,M,,M,,,32,,56,,0,,17.3,,86,,92,
-52.78333888888889,47.513355555555556,ST JOHNS WEST CLIMATE,8403603,8403603.2012.12.18,2012-12-18 00:00:00,NL,2012,12,18,-1.3,,-2.4,,-0.1,,0.4,,,M,,M,,,1,,32,,0,,19.3,,73,,88,
-52.78333888888889,47.513355555555556,ST JOHNS WEST CLIMATE,8403603,8403603.2012.12.19,2012-12-19 00:00:00,NL,2012,12,19,-0.9,,-2.2,,0.4,,0,,,M,,M,,,4,,50,,0,,18.9,,68,,86,
-52.78333888888889,47.513355555555556,ST JOHNS WEST CLIMATE,8403603,8403603.2012.12.20,2012-12-20 00:00:00,NL,2012,12,20,-1.2,,-2.1,,-0.3,,0,,,M,,M,,,2,,46,,0,,19.2,,72,,84,
-52.78333888888889,47.513355555555556,ST JOHNS WEST CLIMATE,8403603,8403603.2012.12.21,2012-12-21 00:00:00,NL,2012,12,21,-4.4,,-6.7,,-2.1,,0,,,M,,M,,,0,,0,,0,,22.4,,75,,92,
-52.78333888888889,47.513355555555556,ST JOHNS WEST CLIMATE,8403603,8403603.2012.12.22,2012-12-22 00:00:00,NL,2012,12,22,-1,,-3.5,,1.5,,0,,,M,,M,,,14,,43,,0,,19,,75,,92,
-52.78333888888889,47.513355555555556,ST JOHNS WEST CLIMATE,8403603,8403603.2012.12.23,2012-12-23 00:00:00,NL,2012,12,23,3.8,,0.7,,6.8,,32.7,,,M,,M,,,22,,57,,0,,14.2,,81,,95,
-52.78333888888889,47.513355555555556,ST JOHNS WEST CLIMATE,8403603,8403603.2012.12.24,2012-12-24 00:00:00,NL,2012,12,24,0.3,,-2.6,,3.2,,1.5,,,M,,M,,,23,,70,,0,,17.7,,56,,88,
-52.78333888888889,47.513355555555556,ST JOHNS WEST CLIMATE,8403603,8403603.2012.12.25,2012-12-25 00:00:00,NL,2012,12,25,-1.7,,-3.2,,-0.2,,0.2,,,M,,M,,,26,,61,,0,,19.7,,68,,82,
-52.78333888888889,47.513355555555556,ST JOHNS WEST CLIMATE,8403603,8403603.2012.12.26,2012-12-26 00:00:00,NL,2012,12,26,-1.6,,-3.7,,0.6,,0,,,M,,M,,,1,,32,,0,,19.6,,64,,88,
-52.78333888888889,47.513355555555556,ST JOHNS WEST CLIMATE,8403603,8403603.2012.12.27,2012-12-27 00:00:00,NL,2012,12,27,-3.2,,-3.8,,-2.6,,0,,,M,,M,,,32,,35,,0,,21.2,,64,,76,
-52.78333888888889,47.513355555555556,ST JOHNS WEST CLIMATE,8403603,8403603.2012.12.28,2012-12-28 00:00:00,NL,2012,12,28,0.3,,-2.7,,3.3,,17.3,,,M,,M,,,12,,57,,0,,17.7,,75,,97,
-52.78333888888889,47.513355555555556,ST JOHNS WEST CLIMATE,8403603,8403603.2012.12.29,2012-12-29 00:00:00,NL,2012,12,29,2.3,,0.8,,3.8,,3.6,,,M,,M,,,28,,56,,0,,15.7,,87,,96,
-52.78333888888889,47.513355555555556,ST JOHNS WEST CLIMATE,8403603,8403603.2012.12.30,2012-12-30 00:00:00,NL,2012,12,30,3,,0.4,,5.6,,13.5,,,M,,M,,,12,,50,,0,,15,,87,,97,
-52.78333888888889,47.513355555555556,ST JOHNS WEST CLIMATE,8403603,8403603.2012.12.31,2012-12-31 00:00:00,NL,2012,12,31,1.2,,-0.1,,2.5,,0.9,,,M,,M,,,22,,56,,0,,16.8,,81,,91,
-52.78333888888889,47.513355555555556,ST JOHNS WEST CLIMATE,8403603,8403603.2013.1.1,2013-01-01 00:00:00,NL,2013,1,1,-1.7,,-3.6,,0.3,,1.3,,,M,,M,,,24,,56,,0,,19.7,,64,,89,
-52.78333888888889,47.513355555555556,ST JOHNS WEST CLIMATE,8403603,8403603.2013.1.2,2013-01-02 00:00:00,NL,2013,1,2,-4.6,,-7.1,,-2,,0.8,,,M,,M,,,23,,37,,0,,22.6,,62,,93,
-52.78333888888889,47.513355555555556,ST JOHNS WEST CLIMATE,8403603,8403603.2013.1.3,2013-01-03 00:00:00,NL,2013,1,3,,M,-7.1,E,,M,0.6,,,M,,M,,,29,E,37,E,,M,,M,70,,91,
-52.78333888888889,47.513355555555556,ST JOHNS WEST CLIMATE,8403603,8403603.2013.1.4,2013-01-04 00:00:00,NL,2013,1,4,,M,-4.9,E,,M,,M,,M,,M,,,27,E,39,E,,M,,M,64,,92,
-52.78333888888889,47.513355555555556,ST JOHNS WEST CLIMATE,8403603,8403603.2013.1.5,2013-01-05 00:00:00,NL,2013,1,5,-4,E,-7.9,E,0,E,2.6,,,M,,M,,,30,E,46,E,0,E,22,E,66,,93,
-52.78333888888889,47.513355555555556,ST JOHNS WEST CLIMATE,8403603,8403603.2013.1.6,2013-01-06 00:00:00,NL,2013,1,6,,M,,M,,M,,M,,M,,M,,,30,E,48,E,,M,,M,61,,84,
-52.78333888888889,47.513355555555556,ST JOHNS WEST CLIMATE,8403603,8403603.2013.1.7,2013-01-07 00:00:00,NL,2013,1,7,,M,,M,,M,0.5,,,M,,M,,,0,,0,,,M,,M,48,,89,
-52.78333888888889,47.513355555555556,ST JOHNS WEST CLIMATE,8403603,8403603.2013.1.8,2013-01-08 00:00:00,NL,2013,1,8,,M,,M,,M,,M,,M,,M,,,29,E,50,E,,M,,M,56,,86,
-52.78333888888889,47.513355555555556,ST JOHNS WEST CLIMATE,8403603,8403603.2013.1.9,2013-01-09 00:00:00,NL,2013,1,9,-6,,-12.1,,0.2,,,M,,M,,M,,,30,E,48,E,0,,24,,53,,87,
-52.78333888888889,47.513355555555556,ST JOHNS WEST CLIMATE,8403603,8403603.2013.1.10,2013-01-10 00:00:00,NL,2013,1,10,,M,-12.1,E,,M,13,,,M,,M,,,5,E,69,E,,M,,M,80,,96,
-52.78333888888889,47.513355555555556,ST JOHNS WEST CLIMATE,8403603,8403603.2013.1.11,2013-01-11 00:00:00,NL,2013,1,11,-0.6,E,-1.6,E,0.5,E,19.5,,,M,,M,,,2,E,93,E,0,E,18.6,E,96,,96,
-52.78333888888889,47.513355555555556,ST JOHNS WEST CLIMATE,8403603,8403603.2013.1.12,2013-01-12 00:00:00,NL,2013,1,12,,M,,M,,M,9.2,,,M,,M,,,,M,,M,,M,,M,,,,
-52.78333888888889,47.513355555555556,ST JOHNS WEST CLIMATE,8403603,8403603.2013.1.14,2013-01-14 00:00:00,NL,2013,1,14,,M,,M,,M,,M,,M,,M,,,0,,0,,,M,,M,,,,
-52.78333888888889,47.513355555555556,ST JOHNS WEST CLIMATE,8403603,8403603.2013.1.15,2013-01-15 00:00:00,NL,2013,1,15,2.8,E,1.5,E,4.1,,,M,,M,,M,,,30,E,37,E,0,E,15.2,E,63,,95,
-52.78333888888889,47.513355555555556,ST JOHNS WEST CLIMATE,8403603,8403603.2013.1.16,2013-01-16 00:00:00,NL,2013,1,16,,M,-7,E,,M,,M,,M,,M,,,30,E,37,E,,M,,M,61,,73,
-52.78333888888889,47.513355555555556,ST JOHNS WEST CLIMATE,8403603,8403603.2013.1.17,2013-01-17 00:00:00,NL,2013,1,17,-4.9,E,-9.2,E,-0.6,E,1.1,,,M,,M,,,0,,0,,0,E,22.9,E,72,,96,
-52.78333888888889,47.513355555555556,ST JOHNS WEST CLIMATE,8403603,8403603.2013.1.18,2013-01-18 00:00:00,NL,2013,1,18,-8.2,,-16,,-0.4,,7.3,,,M,,M,,,30,E,48,E,0,,26.2,,59,,89,
-52.78333888888889,47.513355555555556,ST JOHNS WEST CLIMATE,8403603,8403603.2013.1.19,2013-01-19 00:00:00,NL,2013,1,19,-8.4,E,-16.8,E,0.1,,1.5,,,M,,M,,,25,E,48,E,0,E,26.4,E,69,,93,
-52.78333888888889,47.513355555555556,ST JOHNS WEST CLIMATE,8403603,8403603.2013.1.20,2013-01-20 00:00:00,NL,2013,1,20,-1.6,,-9,,5.8,,6.2,,,M,,M,,,16,E,39,E,0,,19.6,,62,,96,
-52.78333888888889,47.513355555555556,ST JOHNS WEST CLIMATE,8403603,8403603.2013.1.21,2013-01-21 00:00:00,NL,2013,1,21,0.7,,-5.5,,6.8,,14.2,,,M,,M,,,25,,72,,0,,17.3,,58,,93,
-52.78333888888889,47.513355555555556,ST JOHNS WEST CLIMATE,8403603,8403603.2013.1.22,2013-01-22 00:00:00,NL,2013,1,22,-6.1,,-8.4,,-3.8,,12.5,,,M,,M,,,0,,0,,0,,24.1,,58,,93,
-52.78333888888889,47.513355555555556,ST JOHNS WEST CLIMATE,8403603,8403603.2013.1.23,2013-01-23 00:00:00,NL,2013,1,23,-8.7,,-11.5,,-5.9,,1.1,,,M,,M,,,0,,0,,0,,26.7,,,,,
-52.78333888888889,47.513355555555556,ST JOHNS WEST CLIMATE,8403603,8403603.2013.1.24,2013-01-24 00:00:00,NL,2013,1,24,-10.9,,-14.9,,-6.9,,0,,,M,,M,,,27,,65,,0,,28.9,,61,,88,
-52.78333888888889,47.513355555555556,ST JOHNS WEST CLIMATE,8403603,8403603.2013.1.25,2013-01-25 00:00:00,NL,2013,1,25,-8.5,,-10.5,,-6.5,,0.4,,,M,,M,,,28,,65,,0,,26.5,,59,,87,
-52.78333888888889,47.513355555555556,ST JOHNS WEST CLIMATE,8403603,8403603.2013.1.26,2013-01-26 00:00:00,NL,2013,1,26,-5.6,,-7.8,,-3.4,,0.2,,,M,,M,,,29,,59,,0,,23.6,,65,,81,
-52.78333888888889,47.513355555555556,ST JOHNS WEST CLIMATE,8403603,8403603.2013.1.27,2013-01-27 00:00:00,NL,2013,1,27,-7.7,,-9.3,,-6.1,,0,,,M,,M,,,30,,41,,0,,25.7,,73,,86,
-52.78333888888889,47.513355555555556,ST JOHNS WEST CLIMATE,8403603,8403603.2013.1.28,2013-01-28 00:00:00,NL,2013,1,28,-8.8,,-10.9,,-6.6,,0,,,M,,M,,,31,,37,,0,,26.8,,63,,83,
-52.78333888888889,47.513355555555556,ST JOHNS WEST CLIMATE,8403603,8403603.2013.1.29,2013-01-29 00:00:00,NL,2013,1,29,-9.1,,-11.9,,-6.2,,0,,,M,,M,,,29,,33,,0,,27.1,,61,,87,
-52.78333888888889,47.513355555555556,ST JOHNS WEST CLIMATE,8403603,8403603.2013.1.30,2013-01-30 00:00:00,NL,2013,1,30,-2.4,,-6.4,,1.6,,1.3,,,M,,M,,,19,,61,,0,,20.4,,64,,91,
-52.78333888888889,47.513355555555556,ST JOHNS WEST CLIMATE,8403603,8403603.2013.1.31,2013-01-31 00:00:00,NL,2013,1,31,6,,1.6,,10.3,,12.9,,,M,,M,,,24,,72,,0,,12,,89,,94,
-52.78333888888889,47.513355555555556,ST JOHNS WEST CLIMATE,8403603,8403603.2013.2.1,2013-02-01 00:00:00,NL,2013,2,1,4.9,,-0.8,,10.6,,8.1,,,M,,M,,,24,,67,,0,,13.1,,58,,92,
-52.78333888888889,47.513355555555556,ST JOHNS WEST CLIMATE,8403603,8403603.2013.2.2,2013-02-02 00:00:00,NL,2013,2,2,-3.8,,-6.8,,-0.7,,7.4,,,M,,M,,,31,,46,,0,,21.8,,74,,95,
-52.78333888888889,47.513355555555556,ST JOHNS WEST CLIMATE,8403603,8403603.2013.2.3,2013-02-03 00:00:00,NL,2013,2,3,-4.4,,-8.4,,-0.3,,0,,,M,,M,,,13,,61,,0,,22.4,,66,,90,
-52.78333888888889,47.513355555555556,ST JOHNS WEST CLIMATE,8403603,8403603.2013.2.4,2013-02-04 00:00:00,NL,2013,2,4,2.2,,-2.6,,6.9,,23.3,,,M,,M,,,13,,78,,0,,15.8,,76,,96,
-52.78333888888889,47.513355555555556,ST JOHNS WEST CLIMATE,8403603,8403603.2013.2.5,2013-02-05 00:00:00,NL,2013,2,5,-4.4,,-6.9,,-1.9,,0.4,,,M,,M,,,23,,72,,0,,22.4,,52,,86,
-52.78333888888889,47.513355555555556,ST JOHNS WEST CLIMATE,8403603,8403603.2013.2.6,2013-02-06 00:00:00,NL,2013,2,6,-6.5,,-9,,-4,,5.2,,,M,,M,,,35,,33,,0,,24.5,,72,,93,
-52.78333888888889,47.513355555555556,ST JOHNS WEST CLIMATE,8403603,8403603.2013.2.7,2013-02-07 00:00:00,NL,2013,2,7,-7.1,,-10.9,,-3.2,,1.6,,,M,,M,,,28,,67,,0,,25.1,,72,,93,
-52.78333888888889,47.513355555555556,ST JOHNS WEST CLIMATE,8403603,8403603.2013.2.8,2013-02-08 00:00:00,NL,2013,2,8,-11.6,,-14.2,,-9,,0.5,,,M,,M,,,29,,59,,0,,29.6,,57,,85,
-52.78333888888889,47.513355555555556,ST JOHNS WEST CLIMATE,8403603,8403603.2013.2.9,2013-02-09 00:00:00,NL,2013,2,9,-8.3,,-15.3,,-1.3,,15.5,,,M,,M,,,11,,63,,0,,26.3,,69,,95,
-52.78333888888889,47.513355555555556,ST JOHNS WEST CLIMATE,8403603,8403603.2013.2.10,2013-02-10 00:00:00,NL,2013,2,10,-0.6,E,-3.7,E,2.6,,3.9,,,M,,M,,,0,,0,,0,E,18.6,E,94,,97,
-52.78333888888889,47.513355555555556,ST JOHNS WEST CLIMATE,8403603,8403603.2013.2.11,2013-02-11 00:00:00,NL,2013,2,11,-4,,-7.1,,-0.9,,0.8,,,M,,M,,,32,,69,,0,,22,,81,,96,
-52.78333888888889,47.513355555555556,ST JOHNS WEST CLIMATE,8403603,8403603.2013.2.12,2013-02-12 00:00:00,NL,2013,2,12,-4.8,,-10.9,,1.3,,18,,,M,,M,,,11,E,54,E,0,,22.8,,67,,96,
-52.78333888888889,47.513355555555556,ST JOHNS WEST CLIMATE,8403603,8403603.2013.2.13,2013-02-13 00:00:00,NL,2013,2,13,-0.3,,-2,,1.4,,0.8,,,M,,M,,,26,,63,,0,,18.3,,78,,96,
-52.78333888888889,47.513355555555556,ST JOHNS WEST CLIMATE,8403603,8403603.2013.2.14,2013-02-14 00:00:00,NL,2013,2,14,-0.7,,-2,,0.7,,0,,,M,,M,,,27,,43,,0,,18.7,,77,,89,
-52.78333888888889,47.513355555555556,ST JOHNS WEST CLIMATE,8403603,8403603.2013.2.15,2013-02-15 00:00:00,NL,2013,2,15,-2,,-2.6,,-1.4,,0,,,M,,M,,,32,,41,,0,,20,,69,,89,
-52.78333888888889,47.513355555555556,ST JOHNS WEST CLIMATE,8403603,8403603.2013.2.16,2013-02-16 00:00:00,NL,2013,2,16,-2.6,,-6.3,,1.1,,0,,,M,,M,,,30,,39,,0,,20.6,,56,,94,
-52.78333888888889,47.513355555555556,ST JOHNS WEST CLIMATE,8403603,8403603.2013.2.17,2013-02-17 00:00:00,NL,2013,2,17,-1.9,E,-6.5,E,2.7,,29.7,,,M,,M,,,10,E,65,E,0,E,19.9,E,85,,96,
-52.78333888888889,47.513355555555556,ST JOHNS WEST CLIMATE,8403603,8403603.2013.2.18,2013-02-18 00:00:00,NL,2013,2,18,1.2,,-1.8,,4.2,,3.3,,,M,,M,,,19,,69,,0,,16.8,,61,,92,
-52.78333888888889,47.513355555555556,ST JOHNS WEST CLIMATE,8403603,8403603.2013.2.19,2013-02-19 00:00:00,NL,2013,2,19,-0.5,,-1.6,,0.6,,4.8,,,M,,M,,,31,,63,,0,,18.5,,84,,94,
-52.78333888888889,47.513355555555556,ST JOHNS WEST CLIMATE,8403603,8403603.2013.2.20,2013-02-20 00:00:00,NL,2013,2,20,0.5,,-0.6,,1.5,,0,,,M,,M,,,35,,56,,0,,17.5,,85,,97,
-52.78333888888889,47.513355555555556,ST JOHNS WEST CLIMATE,8403603,8403603.2013.2.21,2013-02-21 00:00:00,NL,2013,2,21,-0.4,,-0.7,,-0.1,,9.5,,,M,,M,,,9,,35,,0,,18.4,,96,,97,
-52.78333888888889,47.513355555555556,ST JOHNS WEST CLIMATE,8403603,8403603.2013.2.22,2013-02-22 00:00:00,NL,2013,2,22,-2.1,,-3.8,,-0.4,,6.9,,,M,,M,,,1,,57,,0,,20.1,,90,,97,
-52.78333888888889,47.513355555555556,ST JOHNS WEST CLIMATE,8403603,8403603.2013.2.23,2013-02-23 00:00:00,NL,2013,2,23,-3.7,,-4.4,,-2.9,,0,,,M,,M,,,1,,57,,0,,21.7,,81,,90,
-52.78333888888889,47.513355555555556,ST JOHNS WEST CLIMATE,8403603,8403603.2013.2.24,2013-02-24 00:00:00,NL,2013,2,24,-7.7,,-11.9,,-3.5,,0.3,,,M,,M,,,29,,37,,0,,25.7,,53,,88,
-52.78333888888889,47.513355555555556,ST JOHNS WEST CLIMATE,8403603,8403603.2013.2.25,2013-02-25 00:00:00,NL,2013,2,25,-9,,-13.9,,-4,,,M,,M,,M,,,0,,0,,0,,27,,,,,
-52.78333888888889,47.513355555555556,ST JOHNS WEST CLIMATE,8403603,8403603.2013.2.26,2013-02-26 00:00:00,NL,2013,2,26,-3.6,,-4.8,,-2.3,,0.2,,,M,,M,,,32,,54,,0,,21.6,,74,,90,
-52.78333888888889,47.513355555555556,ST JOHNS WEST CLIMATE,8403603,8403603.2013.2.27,2013-02-27 00:00:00,NL,2013,2,27,-2.8,,-3.7,,-1.9,,2.1,,,M,,M,,,32,,74,,0,,20.8,,84,,93,
-52.78333888888889,47.513355555555556,ST JOHNS WEST CLIMATE,8403603,8403603.2013.2.28,2013-02-28 00:00:00,NL,2013,2,28,,M,-2.7,E,,M,,M,,M,,M,,,32,E,63,E,,M,,M,88,,94,
-52.78333888888889,47.513355555555556,ST JOHNS WEST CLIMATE,8403603,8403603.2013.3.1,2013-03-01 00:00:00,NL,2013,3,1,,M,,M,,M,8.5,,,M,,M,,,11,E,32,E,,M,,M,93,,97,
-52.78333888888889,47.513355555555556,ST JOHNS WEST CLIMATE,8403603,8403603.2013.3.2,2013-03-02 00:00:00,NL,2013,3,2,,M,,M,,M,19.5,,,M,,M,,,6,E,50,E,,M,,M,96,,97,
-52.78333888888889,47.513355555555556,ST JOHNS WEST CLIMATE,8403603,8403603.2013.3.3,2013-03-03 00:00:00,NL,2013,3,3,,M,,M,,M,8,,,M,,M,,,9,E,41,E,,M,,M,96,,97,
-52.78333888888889,47.513355555555556,ST JOHNS WEST CLIMATE,8403603,8403603.2013.3.4,2013-03-04 00:00:00,NL,2013,3,4,1.4,E,0.9,E,1.9,E,51.9,,,M,,M,,,6,E,44,E,0,E,16.6,E,97,,97,
-52.78333888888889,47.513355555555556,ST JOHNS WEST CLIMATE,8403603,8403603.2013.3.5,2013-03-05 00:00:00,NL,2013,3,5,0.2,,-0.9,,1.3,,0,,,M,,M,,,6,,56,,0,,17.8,,73,,97,
-52.78333888888889,47.513355555555556,ST JOHNS WEST CLIMATE,8403603,8403603.2013.3.6,2013-03-06 00:00:00,NL,2013,3,6,-0.3,,-2,,1.4,,0,,,M,,M,,,3,,44,,0,,18.3,,65,,89,
-52.78333888888889,47.513355555555556,ST JOHNS WEST CLIMATE,8403603,8403603.2013.3.7,2013-03-07 00:00:00,NL,2013,3,7,-1.5,,-4.1,,1.1,,0,,,M,,M,,,2,,39,,0,,19.5,,61,,86,
-52.78333888888889,47.513355555555556,ST JOHNS WEST CLIMATE,8403603,8403603.2013.3.8,2013-03-08 00:00:00,NL,2013,3,8,-2.3,,-3.7,,-0.8,,0,,,M,,M,,,4,,37,,0,,20.3,,72,,94,
-52.78333888888889,47.513355555555556,ST JOHNS WEST CLIMATE,8403603,8403603.2013.3.9,2013-03-09 00:00:00,NL,2013,3,9,-0.1,,-1.1,,1,,0,,,M,,M,,,7,,35,,0,,18.1,,69,,92,
-52.78333888888889,47.513355555555556,ST JOHNS WEST CLIMATE,8403603,8403603.2013.3.10,2013-03-10 00:00:00,NL,2013,3,10,-2.2,,-3.7,,-0.6,,0,,,M,,M,,,5,,35,,0,,20.2,,81,,91,
-52.78333888888889,47.513355555555556,ST JOHNS WEST CLIMATE,8403603,8403603.2013.3.11,2013-03-11 00:00:00,NL,2013,3,11,-1.9,,-5.1,,1.4,,0,,,M,,M,,,0,,0,,0,,19.9,,71,,93,
-52.78333888888889,47.513355555555556,ST JOHNS WEST CLIMATE,8403603,8403603.2013.3.12,2013-03-12 00:00:00,NL,2013,3,12,2.4,,-2.4,,7.2,,0,,,M,,M,,,0,,0,,0,,15.6,,32,,91,
-52.78333888888889,47.513355555555556,ST JOHNS WEST CLIMATE,8403603,8403603.2013.3.13,2013-03-13 00:00:00,NL,2013,3,13,3.8,,-0.2,,7.8,,0,,,M,,M,,,0,,0,,0,,14.2,,32,,83,
-52.78333888888889,47.513355555555556,ST JOHNS WEST CLIMATE,8403603,8403603.2013.3.14,2013-03-14 00:00:00,NL,2013,3,14,3,,0.3,,5.6,,1.3,,,M,,M,,,15,,54,,0,,15,,88,,96,
-52.78333888888889,47.513355555555556,ST JOHNS WEST CLIMATE,8403603,8403603.2013.3.15,2013-03-15 00:00:00,NL,2013,3,15,2.5,,0,,5,,28.2,,,M,,M,,,16,,54,,0,,15.5,,93,,96,
-52.78333888888889,47.513355555555556,ST JOHNS WEST CLIMATE,8403603,8403603.2013.3.16,2013-03-16 00:00:00,NL,2013,3,16,0.9,,-2.6,,4.4,,0.9,,,M,,M,,,28,,32,,0,,17.1,,53,,96,
-52.78333888888889,47.513355555555556,ST JOHNS WEST CLIMATE,8403603,8403603.2013.3.17,2013-03-17 00:00:00,NL,2013,3,17,-2.2,,-4.9,,0.5,,3.3,,,M,,M,,,26,,46,,0,,20.2,,61,,95,
-52.78333888888889,47.513355555555556,ST JOHNS WEST CLIMATE,8403603,8403603.2013.3.18,2013-03-18 00:00:00,NL,2013,3,18,-6,,-9.5,,-2.5,,2.1,,,M,,M,,,24,,61,,0,,24,,40,,92,
-52.78333888888889,47.513355555555556,ST JOHNS WEST CLIMATE,8403603,8403603.2013.3.19,2013-03-19 00:00:00,NL,2013,3,19,-4.6,,-9.5,,0.4,,0.8,,,M,,M,,,32,,70,,0,,22.6,,76,,96,
-52.78333888888889,47.513355555555556,ST JOHNS WEST CLIMATE,8403603,8403603.2013.3.20,2013-03-20 00:00:00,NL,2013,3,20,2.9,,0.4,,5.3,,1.5,,,M,,M,,,11,,50,,0,,15.1,,83,,96,
-52.78333888888889,47.513355555555556,ST JOHNS WEST CLIMATE,8403603,8403603.2013.3.21,2013-03-21 00:00:00,NL,2013,3,21,2.7,,-0.1,,5.4,,0.2,,,M,,M,,,11,,50,,0,,15.3,,47,,96,
-52.78333888888889,47.513355555555556,ST JOHNS WEST CLIMATE,8403603,8403603.2013.3.22,2013-03-22 00:00:00,NL,2013,3,22,2.6,,-1.5,,6.6,,15.2,,,M,,M,,,10,,65,,0,,15.4,,64,,96,
-52.78333888888889,47.513355555555556,ST JOHNS WEST CLIMATE,8403603,8403603.2013.3.23,2013-03-23 00:00:00,NL,2013,3,23,1.3,,-1.8,,4.4,,0,,,M,,M,,,29,,50,,0,,16.7,,51,,90,
-52.78333888888889,47.513355555555556,ST JOHNS WEST CLIMATE,8403603,8403603.2013.3.24,2013-03-24 00:00:00,NL,2013,3,24,0.5,,-2.1,,3.1,,0,,,M,,M,,,0,,0,,0,,17.5,,61,,91,
-52.78333888888889,47.513355555555556,ST JOHNS WEST CLIMATE,8403603,8403603.2013.3.25,2013-03-25 00:00:00,NL,2013,3,25,-0.6,,-1.5,,0.4,,6.4,,,M,,M,,,32,E,50,E,0,,18.6,,83,,96,
-52.78333888888889,47.513355555555556,ST JOHNS WEST CLIMATE,8403603,8403603.2013.3.26,2013-03-26 00:00:00,NL,2013,3,26,1.9,,-0.2,,4,,3,,,M,,M,,,36,E,50,E,0,,16.1,,84,,97,
-52.78333888888889,47.513355555555556,ST JOHNS WEST CLIMATE,8403603,8403603.2013.3.27,2013-03-27 00:00:00,NL,2013,3,27,1.3,,0.1,,2.5,,1,,,M,,M,,,33,,57,,0,,16.7,,91,,95,
-52.78333888888889,47.513355555555556,ST JOHNS WEST CLIMATE,8403603,8403603.2013.3.28,2013-03-28 00:00:00,NL,2013,3,28,-0.2,,-0.8,,0.4,,1.5,,,M,,M,,,32,,63,,0,,18.2,,78,,94,
-52.78333888888889,47.513355555555556,ST JOHNS WEST CLIMATE,8403603,8403603.2013.3.29,2013-03-29 00:00:00,NL,2013,3,29,-0.9,,-1.9,,0.1,,12.8,,,M,,M,,,31,,65,,0,,18.9,,89,,96,
-52.78333888888889,47.513355555555556,ST JOHNS WEST CLIMATE,8403603,8403603.2013.3.30,2013-03-30 00:00:00,NL,2013,3,30,-0.3,,-2,,1.4,,2.9,,,M,,M,,,30,,61,,0,,18.3,,78,,95,
-52.78333888888889,47.513355555555556,ST JOHNS WEST CLIMATE,8403603,8403603.2013.3.31,2013-03-31 00:00:00,NL,2013,3,31,-2.1,,-4.4,,0.2,,1.4,,,M,,M,,,33,,50,,0,,20.1,,74,,93,
-52.78333888888889,47.513355555555556,ST JOHNS WEST CLIMATE,8403603,8403603.2013.4.1,2013-04-01 00:00:00,NL,2013,4,1,-0.8,,-6.6,,5.1,,0,,,M,,M,,,32,,35,,0,,18.8,,36,,94,
-52.78333888888889,47.513355555555556,ST JOHNS WEST CLIMATE,8403603,8403603.2013.4.2,2013-04-02 00:00:00,NL,2013,4,2,1.2,,-1.1,,3.4,,4.6,,,M,,M,,,15,,48,,0,,16.8,,76,,96,
-52.78333888888889,47.513355555555556,ST JOHNS WEST CLIMATE,8403603,8403603.2013.4.3,2013-04-03 00:00:00,NL,2013,4,3,0.4,,-2.9,,3.6,,0.3,,,M,,M,,,23,,48,,0,,17.6,,49,,88,
-52.78333888888889,47.513355555555556,ST JOHNS WEST CLIMATE,8403603,8403603.2013.4.4,2013-04-04 00:00:00,NL,2013,4,4,-0.4,,-2.4,,1.7,,0,,,M,,M,,,25,,46,,0,,18.4,,53,,84,
-52.78333888888889,47.513355555555556,ST JOHNS WEST CLIMATE,8403603,8403603.2013.4.5,2013-04-05 00:00:00,NL,2013,4,5,2.7,,-1.8,,7.2,,0.2,,,M,,M,,,25,,48,,0,,15.3,,31,,91,
-52.78333888888889,47.513355555555556,ST JOHNS WEST CLIMATE,8403603,8403603.2013.4.6,2013-04-06 00:00:00,NL,2013,4,6,4.9,,0.8,,8.9,,27,,,M,,M,,,24,,72,,0,,13.1,,66,,95,
-52.78333888888889,47.513355555555556,ST JOHNS WEST CLIMATE,8403603,8403603.2013.4.7,2013-04-07 00:00:00,NL,2013,4,7,0.3,,-2.9,,3.5,,0,,,M,,M,,,27,,69,,0,,17.7,,41,,66,
-52.78333888888889,47.513355555555556,ST JOHNS WEST CLIMATE,8403603,8403603.2013.4.8,2013-04-08 00:00:00,NL,2013,4,8,1.1,,-3.5,,5.6,,0,,,M,,M,,,28,,39,,0,,16.9,,33,,90,
-52.78333888888889,47.513355555555556,ST JOHNS WEST CLIMATE,8403603,8403603.2013.4.9,2013-04-09 00:00:00,NL,2013,4,9,2.4,,-3,,7.7,,0,,,M,,M,,,0,,0,,0,,15.6,,44,,93,
-52.78333888888889,47.513355555555556,ST JOHNS WEST CLIMATE,8403603,8403603.2013.4.10,2013-04-10 00:00:00,NL,2013,4,10,1.6,,-1.7,,4.9,,1.7,,,M,,M,,,0,,0,,0,,16.4,,64,,94,
-52.78333888888889,47.513355555555556,ST JOHNS WEST CLIMATE,8403603,8403603.2013.4.11,2013-04-11 00:00:00,NL,2013,4,11,1.7,,-1.8,,5.1,,2.1,,,M,,M,,,25,,50,,0,,16.3,,61,,95,
-52.78333888888889,47.513355555555556,ST JOHNS WEST CLIMATE,8403603,8403603.2013.4.12,2013-04-12 00:00:00,NL,2013,4,12,0.4,,-1.8,,2.6,,1.2,,,M,,M,,,36,,59,,0,,17.6,,78,,92,
-52.78333888888889,47.513355555555556,ST JOHNS WEST CLIMATE,8403603,8403603.2013.4.13,2013-04-13 00:00:00,NL,2013,4,13,1.3,,-3.1,,5.7,,0,,,M,,M,,,1,,33,,0,,16.7,,58,,86,
-52.78333888888889,47.513355555555556,ST JOHNS WEST CLIMATE,8403603,8403603.2013.4.14,2013-04-14 00:00:00,NL,2013,4,14,-0.1,,-2.4,,2.3,,0,,,M,,M,,,35,,37,,0,,18.1,,77,,96,
-52.78333888888889,47.513355555555556,ST JOHNS WEST CLIMATE,8403603,8403603.2013.4.15,2013-04-15 00:00:00,NL,2013,4,15,0.4,,-3.5,,4.3,,0,,,M,,M,,,0,,0,,0,,17.6,,64,,91,
-52.78333888888889,47.513355555555556,ST JOHNS WEST CLIMATE,8403603,8403603.2013.4.16,2013-04-16 00:00:00,NL,2013,4,16,0.7,,-3.6,,4.9,,0,,,M,,M,,,22,,37,,0,,17.3,,46,,86,
-52.78333888888889,47.513355555555556,ST JOHNS WEST CLIMATE,8403603,8403603.2013.4.17,2013-04-17 00:00:00,NL,2013,4,17,2.8,,-1.1,,6.6,,2.2,,,M,,M,,,22,,67,,0,,15.2,,71,,90,
-52.78333888888889,47.513355555555556,ST JOHNS WEST CLIMATE,8403603,8403603.2013.4.18,2013-04-18 00:00:00,NL,2013,4,18,1,,-4.6,,6.6,,0.2,,,M,,M,,,32,,44,,0,,17,,41,,91,
-52.78333888888889,47.513355555555556,ST JOHNS WEST CLIMATE,8403603,8403603.2013.4.19,2013-04-19 00:00:00,NL,2013,4,19,-0.5,E,-4.6,E,3.6,E,3.3,,,M,,M,,,19,E,35,E,0,E,18.5,E,53,,95,
-52.78333888888889,47.513355555555556,ST JOHNS WEST CLIMATE,8403603,8403603.2013.4.20,2013-04-20 00:00:00,NL,2013,4,20,11.3,,8.1,,14.4,,0.4,,,M,,M,,,21,,69,,0,,6.7,,85,,93,
-52.78333888888889,47.513355555555556,ST JOHNS WEST CLIMATE,8403603,8403603.2013.4.21,2013-04-21 00:00:00,NL,2013,4,21,6.2,,-1.2,,13.5,,0,,,M,,M,,,24,,57,,0,,11.8,,49,,91,
-52.78333888888889,47.513355555555556,ST JOHNS WEST CLIMATE,8403603,8403603.2013.4.22,2013-04-22 00:00:00,NL,2013,4,22,-1,,-5.3,,3.3,,0,,,M,,M,,,33,,37,,0,,19,,54,,87,
-52.78333888888889,47.513355555555556,ST JOHNS WEST CLIMATE,8403603,8403603.2013.4.23,2013-04-23 00:00:00,NL,2013,4,23,1,,-7.3,,9.3,,0,,,M,,M,,,0,,0,,0,,17,,41,,90,
-52.78333888888889,47.513355555555556,ST JOHNS WEST CLIMATE,8403603,8403603.2013.4.24,2013-04-24 00:00:00,NL,2013,4,24,2.2,,-3.7,,8,,0,,,M,,M,,,17,,37,,0,,15.8,,37,,93,
-52.78333888888889,47.513355555555556,ST JOHNS WEST CLIMATE,8403603,8403603.2013.4.25,2013-04-25 00:00:00,NL,2013,4,25,6.2,,1.2,,11.2,,0,,,M,,M,,,20,,48,,0,,11.8,,62,,94,
-52.78333888888889,47.513355555555556,ST JOHNS WEST CLIMATE,8403603,8403603.2013.4.26,2013-04-26 00:00:00,NL,2013,4,26,8.8,,3.5,,14,,0,,,M,,M,,,18,,46,,0,,9.2,,69,,94,
-52.78333888888889,47.513355555555556,ST JOHNS WEST CLIMATE,8403603,8403603.2013.4.27,2013-04-27 00:00:00,NL,2013,4,27,8.4,,4.7,,12.1,,0,,,M,,M,,,18,,43,,0,,9.6,,59,,88,
-52.78333888888889,47.513355555555556,ST JOHNS WEST CLIMATE,8403603,8403603.2013.4.28,2013-04-28 00:00:00,NL,2013,4,28,8.8,,4.7,,12.8,,0,,,M,,M,,,0,,0,,0,,9.2,,54,,93,
-52.78333888888889,47.513355555555556,ST JOHNS WEST CLIMATE,8403603,8403603.2013.4.29,2013-04-29 00:00:00,NL,2013,4,29,6.5,,3.8,,9.1,,0,,,M,,M,,,0,,0,,0,,11.5,,87,,96,
-52.78333888888889,47.513355555555556,ST JOHNS WEST CLIMATE,8403603,8403603.2013.4.30,2013-04-30 00:00:00,NL,2013,4,30,7.4,,4,,10.8,,0,,,M,,M,,,0,,0,,0,,10.6,,79,,97,
-52.78333888888889,47.513355555555556,ST JOHNS WEST CLIMATE,8403603,8403603.2013.5.1,2013-05-01 00:00:00,NL,2013,5,1,6.5,,1,,11.9,,0,,,M,,M,,,5,,37,,0,,11.5,,70,,97,
-52.78333888888889,47.513355555555556,ST JOHNS WEST CLIMATE,8403603,8403603.2013.5.2,2013-05-02 00:00:00,NL,2013,5,2,3.9,,2.4,,5.4,,10.3,,,M,,M,,,6,,52,,0,,14.1,,79,,97,
-52.78333888888889,47.513355555555556,ST JOHNS WEST CLIMATE,8403603,8403603.2013.5.3,2013-05-03 00:00:00,NL,2013,5,3,4,,-0.3,,8.2,,0,,,M,,M,,,11,,39,,0,,14,,64,,95,
-52.78333888888889,47.513355555555556,ST JOHNS WEST CLIMATE,8403603,8403603.2013.5.4,2013-05-04 00:00:00,NL,2013,5,4,4.6,,-1.1,,10.3,,0,,,M,,M,,,0,,0,,0,,13.4,,57,,96,
-52.78333888888889,47.513355555555556,ST JOHNS WEST CLIMATE,8403603,8403603.2013.5.5,2013-05-05 00:00:00,NL,2013,5,5,8.9,,-0.7,,18.4,,0,,,M,,M,,,4,,39,,0,,9.1,,28,,96,
-52.78333888888889,47.513355555555556,ST JOHNS WEST CLIMATE,8403603,8403603.2013.5.6,2013-05-06 00:00:00,NL,2013,5,6,4.1,,0,,8.2,,0,,,M,,M,,,0,,0,,0,,13.9,,60,,96,
-52.78333888888889,47.513355555555556,ST JOHNS WEST CLIMATE,8403603,8403603.2013.5.7,2013-05-07 00:00:00,NL,2013,5,7,11.1,,4.7,,17.4,,0,,,M,,M,,,26,,56,,0,,6.9,,48,,91,
-52.78333888888889,47.513355555555556,ST JOHNS WEST CLIMATE,8403603,8403603.2013.5.8,2013-05-08 00:00:00,NL,2013,5,8,2.3,,-2.5,,7.1,,0.4,,,M,,M,,,32,,44,,0,,15.7,,64,,93,
-52.78333888888889,47.513355555555556,ST JOHNS WEST CLIMATE,8403603,8403603.2013.5.9,2013-05-09 00:00:00,NL,2013,5,9,8.4,,-0.4,,17.2,,0,,,M,,M,,,25,,37,,0,,9.6,,48,,93,
-52.78333888888889,47.513355555555556,ST JOHNS WEST CLIMATE,8403603,8403603.2013.5.10,2013-05-10 00:00:00,NL,2013,5,10,12.6,,8.5,,16.6,,0,,,M,,M,,,22,,44,,0,,5.4,,75,,93,
-52.78333888888889,47.513355555555556,ST JOHNS WEST CLIMATE,8403603,8403603.2013.5.11,2013-05-11 00:00:00,NL,2013,5,11,8.6,,2.8,,14.3,,2,,,M,,M,,,20,,32,,0,,9.4,,87,,97,
-52.78333888888889,47.513355555555556,ST JOHNS WEST CLIMATE,8403603,8403603.2013.5.12,2013-05-12 00:00:00,NL,2013,5,12,13,,5.4,,20.6,,0,,,M,,M,,,22,,48,,0,,5,,72,,95,
-52.78333888888889,47.513355555555556,ST JOHNS WEST CLIMATE,8403603,8403603.2013.5.13,2013-05-13 00:00:00,NL,2013,5,13,16.7,,13.3,,20,,0,,,M,,M,,,20,,59,,0,,1.3,,68,,90,
-52.78333888888889,47.513355555555556,ST JOHNS WEST CLIMATE,8403603,8403603.2013.5.14,2013-05-14 00:00:00,NL,2013,5,14,13.4,,8.9,,17.8,,0,,,M,,M,,,18,,48,,0,,4.6,,68,,94,
-52.78333888888889,47.513355555555556,ST JOHNS WEST CLIMATE,8403603,8403603.2013.5.15,2013-05-15 00:00:00,NL,2013,5,15,8.7,,6.4,,11,,2,,,M,,M,,,17,,56,,0,,9.3,,87,,95,
-52.78333888888889,47.513355555555556,ST JOHNS WEST CLIMATE,8403603,8403603.2013.5.16,2013-05-16 00:00:00,NL,2013,5,16,7.2,,3.7,,10.6,,9.7,,,M,,M,,,17,,37,,0,,10.8,,78,,95,
-52.78333888888889,47.513355555555556,ST JOHNS WEST CLIMATE,8403603,8403603.2013.5.17,2013-05-17 00:00:00,NL,2013,5,17,8.5,,2.9,,14,,2.9,,,M,,M,,,0,,0,,0,,9.5,,77,,95,
-52.78333888888889,47.513355555555556,ST JOHNS WEST CLIMATE,8403603,8403603.2013.5.18,2013-05-18 00:00:00,NL,2013,5,18,3.2,,2.3,,4,,2.6,,,M,,M,,,3,,35,,0,,14.8,,95,,97,
-52.78333888888889,47.513355555555556,ST JOHNS WEST CLIMATE,8403603,8403603.2013.5.19,2013-05-19 00:00:00,NL,2013,5,19,2.9,,1.1,,4.7,,1.4,,,M,,M,,,34,E,50,E,0,,15.1,,92,,97,
-52.78333888888889,47.513355555555556,ST JOHNS WEST CLIMATE,8403603,8403603.2013.5.20,2013-05-20 00:00:00,NL,2013,5,20,1.3,,-0.3,,2.8,,0.6,,,M,,M,,,35,,37,,0,,16.7,,89,,95,
-52.78333888888889,47.513355555555556,ST JOHNS WEST CLIMATE,8403603,8403603.2013.5.21,2013-05-21 00:00:00,NL,2013,5,21,5.2,,-0.2,,10.6,,0.2,,,M,,M,,,0,,0,,0,,12.8,,53,,94,
-52.78333888888889,47.513355555555556,ST JOHNS WEST CLIMATE,8403603,8403603.2013.5.22,2013-05-22 00:00:00,NL,2013,5,22,6.5,,-0.2,,13.2,,0,,,M,,M,,,28,,32,,0,,11.5,,54,,96,
-52.78333888888889,47.513355555555556,ST JOHNS WEST CLIMATE,8403603,8403603.2013.5.23,2013-05-23 00:00:00,NL,2013,5,23,7.3,,0.7,,13.8,,0.2,,,M,,M,,,18,,43,,0,,10.7,,56,,97,
-52.78333888888889,47.513355555555556,ST JOHNS WEST CLIMATE,8403603,8403603.2013.5.24,2013-05-24 00:00:00,NL,2013,5,24,13.5,,5.8,,21.1,,0,,,M,,M,,,25,,56,,0,,4.5,,73,,94,
-52.78333888888889,47.513355555555556,ST JOHNS WEST CLIMATE,8403603,8403603.2013.5.25,2013-05-25 00:00:00,NL,2013,5,25,18.7,,15,,22.3,,0,,,M,,M,,,23,,56,,0.7,,0,,64,,91,
-52.78333888888889,47.513355555555556,ST JOHNS WEST CLIMATE,8403603,8403603.2013.5.26,2013-05-26 00:00:00,NL,2013,5,26,16.2,E,12.2,E,20.2,,,M,,M,,M,,,19,E,41,E,0,E,1.8,E,69,,95,
-52.78333888888889,47.513355555555556,ST JOHNS WEST CLIMATE,8403603,8403603.2013.5.27,2013-05-27 00:00:00,NL,2013,5,27,11.6,,4.8,,18.4,,4.1,,,M,,M,,,25,,44,,0,,6.4,,54,,95,
-52.78333888888889,47.513355555555556,ST JOHNS WEST CLIMATE,8403603,8403603.2013.5.28,2013-05-28 00:00:00,NL,2013,5,28,8.4,,2.9,,13.8,,1.7,,,M,,M,,,30,,43,,0,,9.6,,58,,93,
-52.78333888888889,47.513355555555556,ST JOHNS WEST CLIMATE,8403603,8403603.2013.5.29,2013-05-29 00:00:00,NL,2013,5,29,6.4,,2.5,,10.3,,0,,,M,,M,,,0,,0,,0,,11.6,,53,,93,
-52.78333888888889,47.513355555555556,ST JOHNS WEST CLIMATE,8403603,8403603.2013.5.30,2013-05-30 00:00:00,NL,2013,5,30,9.5,,3.6,,15.4,,0.7,,,M,,M,,,19,,33,,0,,8.5,,54,,95,
-52.78333888888889,47.513355555555556,ST JOHNS WEST CLIMATE,8403603,8403603.2013.5.31,2013-05-31 00:00:00,NL,2013,5,31,9.6,,5.7,,13.5,,5.9,,,M,,M,,,15,,43,,0,,8.4,,83,,95,
-52.78333888888889,47.513355555555556,ST JOHNS WEST CLIMATE,8403603,8403603.2013.6.1,2013-06-01 00:00:00,NL,2013,6,1,9,,4,,13.9,,0,,,M,,M,,,33,,59,,0,,9,,65,,91,
-52.78333888888889,47.513355555555556,ST JOHNS WEST CLIMATE,8403603,8403603.2013.6.2,2013-06-02 00:00:00,NL,2013,6,2,5.9,,2.9,,8.8,,1.4,,,M,,M,,,0,,0,,0,,12.1,,66,,96,
-52.78333888888889,47.513355555555556,ST JOHNS WEST CLIMATE,8403603,8403603.2013.6.3,2013-06-03 00:00:00,NL,2013,6,3,12.2,,3.5,,20.9,,0.2,,,M,,M,,,29,,44,,0,,5.8,,66,,96,
-52.78333888888889,47.513355555555556,ST JOHNS WEST CLIMATE,8403603,8403603.2013.6.4,2013-06-04 00:00:00,NL,2013,6,4,16.5,,11.7,,21.2,,1.2,,,M,,M,,,22,,54,,0,,1.5,,73,,93,
-52.78333888888889,47.513355555555556,ST JOHNS WEST CLIMATE,8403603,8403603.2013.6.5,2013-06-05 00:00:00,NL,2013,6,5,10.8,,5,,16.6,,1.2,,,M,,M,,,29,,48,,0,,7.2,,50,,91,
-52.78333888888889,47.513355555555556,ST JOHNS WEST CLIMATE,8403603,8403603.2013.6.6,2013-06-06 00:00:00,NL,2013,6,6,9.6,,3.6,,15.5,,0,,,M,,M,,,22,,65,,0,,8.4,,19,,75,
-52.78333888888889,47.513355555555556,ST JOHNS WEST CLIMATE,8403603,8403603.2013.6.7,2013-06-07 00:00:00,NL,2013,6,7,10.3,,5.2,,15.3,,0,,,M,,M,,,26,,50,,0,,7.7,,42,,82,
-52.78333888888889,47.513355555555556,ST JOHNS WEST CLIMATE,8403603,8403603.2013.6.8,2013-06-08 00:00:00,NL,2013,6,8,8.9,,4.1,,13.7,,13,,,M,,M,,,0,,0,,0,,9.1,,57,,95,
-52.78333888888889,47.513355555555556,ST JOHNS WEST CLIMATE,8403603,8403603.2013.6.9,2013-06-09 00:00:00,NL,2013,6,9,4.4,,3,,5.7,,17.1,,,M,,M,,,6,,43,,0,,13.6,,93,,96,
-52.78333888888889,47.513355555555556,ST JOHNS WEST CLIMATE,8403603,8403603.2013.6.10,2013-06-10 00:00:00,NL,2013,6,10,10.2,,3,,17.3,,0.6,,,M,,M,,,29,,41,,0,,7.8,,52,,96,
-52.78333888888889,47.513355555555556,ST JOHNS WEST CLIMATE,8403603,8403603.2013.6.11,2013-06-11 00:00:00,NL,2013,6,11,12.7,,7,,18.3,,1.5,,,M,,M,,,29,,41,,0,,5.3,,67,,94,
-52.78333888888889,47.513355555555556,ST JOHNS WEST CLIMATE,8403603,8403603.2013.6.12,2013-06-12 00:00:00,NL,2013,6,12,6.7,,2.2,,11.1,,0,,,M,,M,,,0,,0,,0,,11.3,,54,,96,
-52.78333888888889,47.513355555555556,ST JOHNS WEST CLIMATE,8403603,8403603.2013.6.13,2013-06-13 00:00:00,NL,2013,6,13,4.4,,3.5,,5.3,,14.9,,,M,,M,,,6,,41,,0,,13.6,,93,,96,
-52.78333888888889,47.513355555555556,ST JOHNS WEST CLIMATE,8403603,8403603.2013.6.14,2013-06-14 00:00:00,NL,2013,6,14,6.4,,5,,7.7,,1.1,,,M,,M,,,0,,0,,0,,11.6,,93,,96,
-52.78333888888889,47.513355555555556,ST JOHNS WEST CLIMATE,8403603,8403603.2013.6.15,2013-06-15 00:00:00,NL,2013,6,15,11.3,,6.7,,15.9,,3,,,M,,M,,,0,,0,,0,,6.7,,83,,95,
-52.78333888888889,47.513355555555556,ST JOHNS WEST CLIMATE,8403603,8403603.2013.6.16,2013-06-16 00:00:00,NL,2013,6,16,13.5,,7.7,,19.2,,0,,,M,,M,,,25,,67,,0,,4.5,,30,,88,
-52.78333888888889,47.513355555555556,ST JOHNS WEST CLIMATE,8403603,8403603.2013.6.17,2013-06-17 00:00:00,NL,2013,6,17,13.8,,8.2,,19.4,,0.2,,,M,,M,,,0,,0,,0,,4.2,,,,,
-52.78333888888889,47.513355555555556,ST JOHNS WEST CLIMATE,8403603,8403603.2013.6.18,2013-06-18 00:00:00,NL,2013,6,18,14.2,,9.8,,18.5,,0,,,M,,M,,,29,,35,,0,,3.8,,71,,93,
-52.78333888888889,47.513355555555556,ST JOHNS WEST CLIMATE,8403603,8403603.2013.6.19,2013-06-19 00:00:00,NL,2013,6,19,13,,10.1,,15.9,,10.5,,,M,,M,,,0,,0,,0,,5,,78,,95,
-52.78333888888889,47.513355555555556,ST JOHNS WEST CLIMATE,8403603,8403603.2013.6.20,2013-06-20 00:00:00,NL,2013,6,20,12.6,,7.4,,17.8,,0,,,M,,M,,,28,,37,,0,,5.4,,45,,93,
-52.78333888888889,47.513355555555556,ST JOHNS WEST CLIMATE,8403603,8403603.2013.6.21,2013-06-21 00:00:00,NL,2013,6,21,14.4,,7,,21.8,,0,,,M,,M,,,24,,41,,0,,3.6,,35,,88,
-52.78333888888889,47.513355555555556,ST JOHNS WEST CLIMATE,8403603,8403603.2013.6.22,2013-06-22 00:00:00,NL,2013,6,22,14.1,,7.6,,20.5,,0,,,M,,M,,,22,,43,,0,,3.9,,46,,92,
-52.78333888888889,47.513355555555556,ST JOHNS WEST CLIMATE,8403603,8403603.2013.6.23,2013-06-23 00:00:00,NL,2013,6,23,17.8,,10.6,,25,,0,,,M,,M,,,24,,46,,0,,0.2,,43,,86,
-52.78333888888889,47.513355555555556,ST JOHNS WEST CLIMATE,8403603,8403603.2013.6.24,2013-06-24 00:00:00,NL,2013,6,24,14.7,,11.6,,17.7,,2.5,,,M,,M,,,23,,46,,0,,3.3,,80,,92,
-52.78333888888889,47.513355555555556,ST JOHNS WEST CLIMATE,8403603,8403603.2013.6.25,2013-06-25 00:00:00,NL,2013,6,25,11.3,,7.1,,15.4,,0,,,M,,M,,,3,,39,,0,,6.7,,74,,95,
-52.78333888888889,47.513355555555556,ST JOHNS WEST CLIMATE,8403603,8403603.2013.6.26,2013-06-26 00:00:00,NL,2013,6,26,12.5,,6.8,,18.2,,6.2,,,M,,M,,,25,,39,,0,,5.5,,87,,96,
-52.78333888888889,47.513355555555556,ST JOHNS WEST CLIMATE,8403603,8403603.2013.6.27,2013-06-27 00:00:00,NL,2013,6,27,9.6,,6.7,,12.4,,24.6,,,M,,M,,,31,,35,,0,,8.4,,93,,95,
-52.78333888888889,47.513355555555556,ST JOHNS WEST CLIMATE,8403603,8403603.2013.6.28,2013-06-28 00:00:00,NL,2013,6,28,9.4,,7.4,,11.3,,0.5,,,M,,M,,,0,,0,,0,,8.6,,86,,95,
-52.78333888888889,47.513355555555556,ST JOHNS WEST CLIMATE,8403603,8403603.2013.6.29,2013-06-29 00:00:00,NL,2013,6,29,15.8,,7.8,,23.8,,13.1,,,M,,M,,,22,,44,,0,,2.2,,77,,95,
-52.78333888888889,47.513355555555556,ST JOHNS WEST CLIMATE,8403603,8403603.2013.6.30,2013-06-30 00:00:00,NL,2013,6,30,21.2,,18.3,,24,,0,,,M,,M,,,24,,57,,3.2,,0,,79,,93,
-52.78333888888889,47.513355555555556,ST JOHNS WEST CLIMATE,8403603,8403603.2013.7.1,2013-07-01 00:00:00,NL,2013,7,1,19.4,,15.2,,23.5,,1.3,,,M,,M,,,25,,50,,1.4,,0,,75,,93,
-52.78333888888889,47.513355555555556,ST JOHNS WEST CLIMATE,8403603,8403603.2013.7.2,2013-07-02 00:00:00,NL,2013,7,2,11.5,,4.3,,18.7,,0,,,M,,M,,,4,,33,,0,,6.5,,53,,92,
-52.78333888888889,47.513355555555556,ST JOHNS WEST CLIMATE,8403603,8403603.2013.7.3,2013-07-03 00:00:00,NL,2013,7,3,14.9,,6.7,,23.1,,,M,,M,,M,,,25,E,33,E,0,,3.1,,39,,79,
-52.78333888888889,47.513355555555556,ST JOHNS WEST CLIMATE,8403603,8403603.2013.7.4,2013-07-04 00:00:00,NL,2013,7,4,18.2,,11.4,,24.9,,0,,,M,,M,,,27,,48,,0.2,,0,,35,,81,
-52.78333888888889,47.513355555555556,ST JOHNS WEST CLIMATE,8403603,8403603.2013.7.5,2013-07-05 00:00:00,NL,2013,7,5,20.6,,15.1,,26,,0,,,M,,M,,,25,,44,,2.6,,0,,47,,81,
-52.78333888888889,47.513355555555556,ST JOHNS WEST CLIMATE,8403603,8403603.2013.7.6,2013-07-06 00:00:00,NL,2013,7,6,20.6,,12.6,,28.6,,0,,,M,,M,,,6,,33,,2.6,,0,,48,,89,
-52.78333888888889,47.513355555555556,ST JOHNS WEST CLIMATE,8403603,8403603.2013.7.7,2013-07-07 00:00:00,NL,2013,7,7,18.7,,11.3,,26.1,,0,,,M,,M,,,0,,0,,0.7,,0,,55,,91,
-52.78333888888889,47.513355555555556,ST JOHNS WEST CLIMATE,8403603,8403603.2013.7.8,2013-07-08 00:00:00,NL,2013,7,8,15.6,,10.3,,20.9,,0,,,M,,M,,,29,,33,,0,,2.4,,71,,95,
-52.78333888888889,47.513355555555556,ST JOHNS WEST CLIMATE,8403603,8403603.2013.7.9,2013-07-09 00:00:00,NL,2013,7,9,13.6,,7.8,,19.4,,0,,,M,,M,,,0,,0,,0,,4.4,,61,,95,
-52.78333888888889,47.513355555555556,ST JOHNS WEST CLIMATE,8403603,8403603.2013.7.10,2013-07-10 00:00:00,NL,2013,7,10,11.3,,5.4,,17.1,,0,,,M,,M,,,0,,0,,0,,6.7,,48,,95,
-52.78333888888889,47.513355555555556,ST JOHNS WEST CLIMATE,8403603,8403603.2013.7.11,2013-07-11 00:00:00,NL,2013,7,11,11.3,,5.1,,17.5,,0,,,M,,M,,,0,,0,,0,,6.7,,58,,96,
-52.78333888888889,47.513355555555556,ST JOHNS WEST CLIMATE,8403603,8403603.2013.7.12,2013-07-12 00:00:00,NL,2013,7,12,18.2,,11.5,,24.8,,0,,,M,,M,,,22,,35,,0.2,,0,,74,,95,
-52.78333888888889,47.513355555555556,ST JOHNS WEST CLIMATE,8403603,8403603.2013.7.13,2013-07-13 00:00:00,NL,2013,7,13,,M,17.7,E,,M,,M,,M,,M,,,0,,0,,,M,,M,72,,94,
-52.78333888888889,47.513355555555556,ST JOHNS WEST CLIMATE,8403603,8403603.2013.7.14,2013-07-14 00:00:00,NL,2013,7,14,20.5,E,13.5,E,27.4,E,,M,,M,,M,,,0,,0,,2.5,E,0,E,36,,88,
-52.78333888888889,47.513355555555556,ST JOHNS WEST CLIMATE,8403603,8403603.2013.7.15,2013-07-15 00:00:00,NL,2013,7,15,,M,,M,,M,,M,,M,,M,,,1,E,39,E,,M,,M,32,,80,
-52.78333888888889,47.513355555555556,ST JOHNS WEST CLIMATE,8403603,8403603.2013.7.16,2013-07-16 00:00:00,NL,2013,7,16,,M,,M,,M,,M,,M,,M,,,36,E,44,E,,M,,M,56,,83,
-52.78333888888889,47.513355555555556,ST JOHNS WEST CLIMATE,8403603,8403603.2013.7.17,2013-07-17 00:00:00,NL,2013,7,17,,M,,M,19.9,,,M,,M,,M,,,28,E,35,E,,M,,M,43,,86,
-52.78333888888889,47.513355555555556,ST JOHNS WEST CLIMATE,8403603,8403603.2013.7.18,2013-07-18 00:00:00,NL,2013,7,18,,M,12.4,E,,M,9.8,,,M,,M,,,23,E,41,E,,M,,M,67,,94,
-52.78333888888889,47.513355555555556,ST JOHNS WEST CLIMATE,8403603,8403603.2013.7.19,2013-07-19 00:00:00,NL,2013,7,19,,M,,M,20.3,E,4.2,,,M,,M,,,0,,0,,,M,,M,40,,93,
-52.78333888888889,47.513355555555556,ST JOHNS WEST CLIMATE,8403603,8403603.2013.7.20,2013-07-20 00:00:00,NL,2013,7,20,17.6,,11.5,,23.7,,17.1,,,M,,M,,,19,E,50,E,0,,0.4,,79,,94,
-52.78333888888889,47.513355555555556,ST JOHNS WEST CLIMATE,8403603,8403603.2013.7.21,2013-07-21 00:00:00,NL,2013,7,21,19.2,,12.3,,26.1,,0,,,M,,M,,,24,,48,,1.2,,0,,44,,93,
-52.78333888888889,47.513355555555556,ST JOHNS WEST CLIMATE,8403603,8403603.2013.7.22,2013-07-22 00:00:00,NL,2013,7,22,,M,11.3,E,,M,,M,,M,,M,,,28,E,32,E,,M,,M,37,,88,
-52.78333888888889,47.513355555555556,ST JOHNS WEST CLIMATE,8403603,8403603.2013.7.23,2013-07-23 00:00:00,NL,2013,7,23,17.3,,10.1,,24.5,,,M,,M,,M,,,0,,0,,0,,0.7,,43,,85,
-52.78333888888889,47.513355555555556,ST JOHNS WEST CLIMATE,8403603,8403603.2013.7.24,2013-07-24 00:00:00,NL,2013,7,24,19,,12.7,,25.3,,5.4,,,M,,M,,,23,,52,,1,,0,,78,,94,
-52.78333888888889,47.513355555555556,ST JOHNS WEST CLIMATE,8403603,8403603.2013.7.25,2013-07-25 00:00:00,NL,2013,7,25,25.2,,21.7,,28.7,,0,,,M,,M,,,23,,54,,7.2,,0,,66,,92,
-52.78333888888889,47.513355555555556,ST JOHNS WEST CLIMATE,8403603,8403603.2013.7.26,2013-07-26 00:00:00,NL,2013,7,26,25.1,,21.4,,28.8,,0,,,M,,M,,,25,,41,,7.1,,0,,61,,92,
-52.78333888888889,47.513355555555556,ST JOHNS WEST CLIMATE,8403603,8403603.2013.7.27,2013-07-27 00:00:00,NL,2013,7,27,24.2,,20,,28.4,,13.4,,,M,,M,,,24,,44,,6.2,,0,,63,,93,
-52.78333888888889,47.513355555555556,ST JOHNS WEST CLIMATE,8403603,8403603.2013.7.28,2013-07-28 00:00:00,NL,2013,7,28,15,,9.9,,20,,0.6,,,M,,M,,,1,,46,,0,,3,,76,,92,
-52.78333888888889,47.513355555555556,ST JOHNS WEST CLIMATE,8403603,8403603.2013.7.29,2013-07-29 00:00:00,NL,2013,7,29,14.5,,10,,18.9,,0,,,M,,M,,,0,,0,,0,,3.5,,51,,90,
-52.78333888888889,47.513355555555556,ST JOHNS WEST CLIMATE,8403603,8403603.2013.7.30,2013-07-30 00:00:00,NL,2013,7,30,15.9,,10.3,,21.5,,0,,,M,,M,,,17,,35,,0,,2.1,,52,,92,
-52.78333888888889,47.513355555555556,ST JOHNS WEST CLIMATE,8403603,8403603.2013.7.31,2013-07-31 00:00:00,NL,2013,7,31,19.4,,15,,23.7,,4.6,,,M,,M,,,18,,41,,1.4,,0,,82,,94,
-52.78333888888889,47.513355555555556,ST JOHNS WEST CLIMATE,8403603,8403603.2013.8.1,2013-08-01 00:00:00,NL,2013,8,1,20.3,,16.2,,24.3,,0,,,M,,M,,,29,,32,,2.3,,0,,59,,91,
-52.78333888888889,47.513355555555556,ST JOHNS WEST CLIMATE,8403603,8403603.2013.8.2,2013-08-02 00:00:00,NL,2013,8,2,20,,14.4,,25.5,,0,,,M,,M,,,0,,0,,2,,0,,54,,90,
-52.78333888888889,47.513355555555556,ST JOHNS WEST CLIMATE,8403603,8403603.2013.8.3,2013-08-03 00:00:00,NL,2013,8,3,18.8,,14.6,,22.9,,9.1,,,M,,M,,,27,,50,,0.8,,0,,68,,95,
-52.78333888888889,47.513355555555556,ST JOHNS WEST CLIMATE,8403603,8403603.2013.8.4,2013-08-04 00:00:00,NL,2013,8,4,18.3,,15.6,,21,,14.5,,,M,,M,,,0,,0,,0.3,,0,,86,,94,
-52.78333888888889,47.513355555555556,ST JOHNS WEST CLIMATE,8403603,8403603.2013.8.5,2013-08-05 00:00:00,NL,2013,8,5,16.7,,14.1,,19.2,,16,,,M,,M,,,27,,44,,0,,1.3,,74,,94,
-52.78333888888889,47.513355555555556,ST JOHNS WEST CLIMATE,8403603,8403603.2013.8.6,2013-08-06 00:00:00,NL,2013,8,6,18.7,,14.2,,23.1,,0,,,M,,M,,,24,,46,,0.7,,0,,55,,92,
-52.78333888888889,47.513355555555556,ST JOHNS WEST CLIMATE,8403603,8403603.2013.8.7,2013-08-07 00:00:00,NL,2013,8,7,15.3,E,13.2,E,17.4,E,0,,,M,,M,,,,M,,M,0,E,2.7,E,,,,
-52.78333888888889,47.513355555555556,ST JOHNS WEST CLIMATE,8403603,8403603.2013.8.8,2013-08-08 00:00:00,NL,2013,8,8,,M,,M,22.3,E,,M,,M,,M,,,0,,0,,,M,,M,,,,
-52.78333888888889,47.513355555555556,ST JOHNS WEST CLIMATE,8403603,8403603.2013.8.9,2013-08-09 00:00:00,NL,2013,8,9,18.7,,12.9,,24.5,,0,,,M,,M,,,24,,35,,0.7,,0,,48,,94,
-52.78333888888889,47.513355555555556,ST JOHNS WEST CLIMATE,8403603,8403603.2013.8.10,2013-08-10 00:00:00,NL,2013,8,10,16.8,,14.5,,19.1,,19.4,,,M,,M,,,19,,63,,0,,1.2,,75,,93,
-52.78333888888889,47.513355555555556,ST JOHNS WEST CLIMATE,8403603,8403603.2013.8.11,2013-08-11 00:00:00,NL,2013,8,11,18.6,,14.1,,23.1,,8.2,,,M,,M,,,20,,48,,0.6,,0,,53,,94,
-52.78333888888889,47.513355555555556,ST JOHNS WEST CLIMATE,8403603,8403603.2013.8.12,2013-08-12 00:00:00,NL,2013,8,12,18.9,,13.9,,23.9,,0,,,M,,M,,,24,,50,,0.9,,0,,43,,87,
-52.78333888888889,47.513355555555556,ST JOHNS WEST CLIMATE,8403603,8403603.2013.8.13,2013-08-13 00:00:00,NL,2013,8,13,18.5,,11.9,,25.1,,0,,,M,,M,,,23,,37,,0.5,,0,,51,,89,
-52.78333888888889,47.513355555555556,ST JOHNS WEST CLIMATE,8403603,8403603.2013.8.14,2013-08-14 00:00:00,NL,2013,8,14,17.2,,14.8,,19.6,,15.7,,,M,,M,,,0,,0,,0,,0.8,,85,,96,
-52.78333888888889,47.513355555555556,ST JOHNS WEST CLIMATE,8403603,8403603.2013.8.15,2013-08-15 00:00:00,NL,2013,8,15,19,,14.8,,23.2,,7.3,,,M,,M,,,25,,59,,1,,0,,59,,94,
-52.78333888888889,47.513355555555556,ST JOHNS WEST CLIMATE,8403603,8403603.2013.8.16,2013-08-16 00:00:00,NL,2013,8,16,14.7,,11.1,,18.2,,0,,,M,,M,,,25,,48,,0,,3.3,,65,,95,
-52.78333888888889,47.513355555555556,ST JOHNS WEST CLIMATE,8403603,8403603.2013.8.17,2013-08-17 00:00:00,NL,2013,8,17,16.7,,10.3,,23,,0,,,M,,M,,,0,,0,,0,,1.3,,46,,95,
-52.78333888888889,47.513355555555556,ST JOHNS WEST CLIMATE,8403603,8403603.2013.8.18,2013-08-18 00:00:00,NL,2013,8,18,17.3,,13.6,,21,,0,,,M,,M,,,27,,41,,0,,0.7,,53,,93,
-52.78333888888889,47.513355555555556,ST JOHNS WEST CLIMATE,8403603,8403603.2013.8.19,2013-08-19 00:00:00,NL,2013,8,19,18.7,,14.1,,23.3,,0,,,M,,M,,,31,,50,,0.7,,0,,53,,85,
-52.78333888888889,47.513355555555556,ST JOHNS WEST CLIMATE,8403603,8403603.2013.8.20,2013-08-20 00:00:00,NL,2013,8,20,9.6,,5.1,,14.1,,2,,,M,,M,,,36,,44,,0,,8.4,,64,,90,
-52.78333888888889,47.513355555555556,ST JOHNS WEST CLIMATE,8403603,8403603.2013.8.21,2013-08-21 00:00:00,NL,2013,8,21,12.1,,5.1,,19,,0,,,M,,M,,,23,,48,,0,,5.9,,32,,88,
-52.78333888888889,47.513355555555556,ST JOHNS WEST CLIMATE,8403603,8403603.2013.8.22,2013-08-22 00:00:00,NL,2013,8,22,19.8,,16.2,,23.3,,0,,,M,,M,,,24,,54,,1.8,,0,,67,,85,
-52.78333888888889,47.513355555555556,ST JOHNS WEST CLIMATE,8403603,8403603.2013.8.23,2013-08-23 00:00:00,NL,2013,8,23,21.2,,18.2,,24.2,,0,,,M,,M,,,23,,54,,3.2,,0,,66,,92,
-52.78333888888889,47.513355555555556,ST JOHNS WEST CLIMATE,8403603,8403603.2013.8.24,2013-08-24 00:00:00,NL,2013,8,24,14.6,,10,,19.2,,1.2,,,M,,M,,,3,,32,,0,,3.4,,85,,94,
-52.78333888888889,47.513355555555556,ST JOHNS WEST CLIMATE,8403603,8403603.2013.8.25,2013-08-25 00:00:00,NL,2013,8,25,12.4,,9.8,,15,,0,,,M,,M,,,5,,32,,0,,5.6,,79,,93,
-52.78333888888889,47.513355555555556,ST JOHNS WEST CLIMATE,8403603,8403603.2013.8.26,2013-08-26 00:00:00,NL,2013,8,26,15.4,,11,,19.7,,2.3,,,M,,M,,,32,,33,,0,,2.6,,50,,92,
-52.78333888888889,47.513355555555556,ST JOHNS WEST CLIMATE,8403603,8403603.2013.8.27,2013-08-27 00:00:00,NL,2013,8,27,16.9,,11.7,,22.1,,0,,,M,,M,,,17,,32,,0,,1.1,,56,,94,
-52.78333888888889,47.513355555555556,ST JOHNS WEST CLIMATE,8403603,8403603.2013.8.28,2013-08-28 00:00:00,NL,2013,8,28,16.8,,10.4,,23.1,,4.3,,,M,,M,,,1,,37,,0,,1.2,,67,,93,
-52.78333888888889,47.513355555555556,ST JOHNS WEST CLIMATE,8403603,8403603.2013.8.29,2013-08-29 00:00:00,NL,2013,8,29,11.5,,9.9,,13,,1.7,,,M,,M,,,7,,41,,0,,6.5,,77,,94,
-52.78333888888889,47.513355555555556,ST JOHNS WEST CLIMATE,8403603,8403603.2013.8.30,2013-08-30 00:00:00,NL,2013,8,30,16,,13,,19,,16.8,,,M,,M,,,15,,52,,0,,2,,94,,96,
-52.78333888888889,47.513355555555556,ST JOHNS WEST CLIMATE,8403603,8403603.2013.8.31,2013-08-31 00:00:00,NL,2013,8,31,11.2,,4.1,,18.2,,17.2,,,M,,M,,,32,,63,,0,,6.8,,79,,95,
-52.78333888888889,47.513355555555556,ST JOHNS WEST CLIMATE,8403603,8403603.2013.9.1,2013-09-01 00:00:00,NL,2013,9,1,10.9,,3.6,,18.2,,24.7,,,M,,M,,,20,,39,,0,,7.1,,72,,96,
-52.78333888888889,47.513355555555556,ST JOHNS WEST CLIMATE,8403603,8403603.2013.9.2,2013-09-02 00:00:00,NL,2013,9,2,14.1,,10.1,,18.1,,1.1,,,M,,M,,,2,,44,,0,,3.9,,84,,94,
-52.78333888888889,47.513355555555556,ST JOHNS WEST CLIMATE,8403603,8403603.2013.9.3,2013-09-03 00:00:00,NL,2013,9,3,12,,10.3,,13.6,,0.9,,,M,,M,,,12,,32,,0,,6,,85,,96,
-52.78333888888889,47.513355555555556,ST JOHNS WEST CLIMATE,8403603,8403603.2013.9.4,2013-09-04 00:00:00,NL,2013,9,4,17.7,,13.2,,22.1,,3.1,,,M,,M,,,19,,43,,0,,0.3,,88,,96,
-52.78333888888889,47.513355555555556,ST JOHNS WEST CLIMATE,8403603,8403603.2013.9.5,2013-09-05 00:00:00,NL,2013,9,5,18.3,,15.5,,21.1,,3.2,,,M,,M,,,24,,33,,0.3,,0,,85,,94,
-52.78333888888889,47.513355555555556,ST JOHNS WEST CLIMATE,8403603,8403603.2013.9.6,2013-09-06 00:00:00,NL,2013,9,6,13.2,,7.8,,18.6,,0,,,M,,M,,,27,,39,,0,,4.8,,67,,93,
-52.78333888888889,47.513355555555556,ST JOHNS WEST CLIMATE,8403603,8403603.2013.9.7,2013-09-07 00:00:00,NL,2013,9,7,12.7,,6.2,,19.1,,0,,,M,,M,,,22,,43,,0,,5.3,,56,,93,
-52.78333888888889,47.513355555555556,ST JOHNS WEST CLIMATE,8403603,8403603.2013.9.8,2013-09-08 00:00:00,NL,2013,9,8,15.4,,11.7,,19.1,,8.7,,,M,,M,,,19,,46,,0,,2.6,,85,,94,
-52.78333888888889,47.513355555555556,ST JOHNS WEST CLIMATE,8403603,8403603.2013.9.9,2013-09-09 00:00:00,NL,2013,9,9,13.5,,9.6,,17.3,,5.9,,,M,,M,,,27,,56,,0,,4.5,,49,,94,
-52.78333888888889,47.513355555555556,ST JOHNS WEST CLIMATE,8403603,8403603.2013.9.10,2013-09-10 00:00:00,NL,2013,9,10,14.7,,9.8,,19.5,,0,,,M,,M,,,24,,48,,0,,3.3,,55,,85,
-52.78333888888889,47.513355555555556,ST JOHNS WEST CLIMATE,8403603,8403603.2013.9.11,2013-09-11 00:00:00,NL,2013,9,11,14.1,,10.9,,17.3,,0,,,M,,M,,,0,,0,,0,,3.9,,74,,93,
-52.78333888888889,47.513355555555556,ST JOHNS WEST CLIMATE,8403603,8403603.2013.9.12,2013-09-12 00:00:00,NL,2013,9,12,18.1,,15,,21.2,,8.2,,,M,,M,,,25,,48,,0.1,,0,,83,,94,
-52.78333888888889,47.513355555555556,ST JOHNS WEST CLIMATE,8403603,8403603.2013.9.13,2013-09-13 00:00:00,NL,2013,9,13,20.3,,15.5,,25.1,,0,,,M,,M,,,22,,46,,2.3,,0,,69,,94,
-52.78333888888889,47.513355555555556,ST JOHNS WEST CLIMATE,8403603,8403603.2013.9.14,2013-09-14 00:00:00,NL,2013,9,14,21.7,,18.1,,25.3,,0.8,,,M,,M,,,21,,48,,3.7,,0,,77,,95,
-52.78333888888889,47.513355555555556,ST JOHNS WEST CLIMATE,8403603,8403603.2013.9.15,2013-09-15 00:00:00,NL,2013,9,15,18.1,,13.8,,22.4,,15.4,,,M,,M,,,27,,39,,0.1,,0,,85,,95,
-52.78333888888889,47.513355555555556,ST JOHNS WEST CLIMATE,8403603,8403603.2013.9.16,2013-09-16 00:00:00,NL,2013,9,16,15.7,,11.3,,20.1,,0,,,M,,M,,,26,,39,,0,,2.3,,61,,93,
-52.78333888888889,47.513355555555556,ST JOHNS WEST CLIMATE,8403603,8403603.2013.9.17,2013-09-17 00:00:00,NL,2013,9,17,10.3,,2.9,,17.7,,0.6,,,M,,M,,,28,,41,,0,,7.7,,69,,94,
-52.78333888888889,47.513355555555556,ST JOHNS WEST CLIMATE,8403603,8403603.2013.9.18,2013-09-18 00:00:00,NL,2013,9,18,10.4,,3.5,,17.3,,0,,,M,,M,,,23,,46,,0,,7.6,,52,,93,
-52.78333888888889,47.513355555555556,ST JOHNS WEST CLIMATE,8403603,8403603.2013.9.19,2013-09-19 00:00:00,NL,2013,9,19,12.5,,6,,18.9,,0,,,M,,M,,,0,,0,,0,,5.5,,51,,95,
-52.78333888888889,47.513355555555556,ST JOHNS WEST CLIMATE,8403603,8403603.2013.9.20,2013-09-20 00:00:00,NL,2013,9,20,8.1,,3.7,,12.4,,0,,,M,,M,,,1,,46,,0,,9.9,,55,,90,
-52.78333888888889,47.513355555555556,ST JOHNS WEST CLIMATE,8403603,8403603.2013.9.21,2013-09-21 00:00:00,NL,2013,9,21,9.2,,4.6,,13.7,,0,,,M,,M,,,0,,0,,0,,8.8,,47,,85,
-52.78333888888889,47.513355555555556,ST JOHNS WEST CLIMATE,8403603,8403603.2013.9.22,2013-09-22 00:00:00,NL,2013,9,22,15.3,,8.9,,21.7,,0,,,M,,M,,,23,,44,,0,,2.7,,62,,92,
-52.78333888888889,47.513355555555556,ST JOHNS WEST CLIMATE,8403603,8403603.2013.9.23,2013-09-23 00:00:00,NL,2013,9,23,16.4,,14,,18.7,,33.6,,,M,,M,,,12,,44,,0,,1.6,,84,,95,
-52.78333888888889,47.513355555555556,ST JOHNS WEST CLIMATE,8403603,8403603.2013.9.24,2013-09-24 00:00:00,NL,2013,9,24,,M,14.6,E,,M,2.3,,,M,,M,,,0,,0,,,M,,M,,,,
-52.78333888888889,47.513355555555556,ST JOHNS WEST CLIMATE,8403603,8403603.2013.9.25,2013-09-25 00:00:00,NL,2013,9,25,13,,11.5,,14.4,,5.1,,,M,,M,,,0,,0,,0,,5,,92,,96,
-52.78333888888889,47.513355555555556,ST JOHNS WEST CLIMATE,8403603,8403603.2013.9.26,2013-09-26 00:00:00,NL,2013,9,26,11.9,,10.3,,13.5,,51.4,,,M,,M,,,8,,44,,0,,6.1,,94,,96,
-52.78333888888889,47.513355555555556,ST JOHNS WEST CLIMATE,8403603,8403603.2013.9.27,2013-09-27 00:00:00,NL,2013,9,27,8.5,,6.5,,10.4,,11.5,,,M,,M,,,35,,59,,0,,9.5,,85,,94,
-52.78333888888889,47.513355555555556,ST JOHNS WEST CLIMATE,8403603,8403603.2013.9.28,2013-09-28 00:00:00,NL,2013,9,28,11.6,,6,,17.1,,0,,,M,,M,,,1,,37,,0,,6.4,,54,,87,
-52.78333888888889,47.513355555555556,ST JOHNS WEST CLIMATE,8403603,8403603.2013.9.29,2013-09-29 00:00:00,NL,2013,9,29,15.6,,10.3,,20.8,,0,,,M,,M,,,28,,33,,0,,2.4,,57,,92,
-52.78333888888889,47.513355555555556,ST JOHNS WEST CLIMATE,8403603,8403603.2013.9.30,2013-09-30 00:00:00,NL,2013,9,30,17.6,,10.2,,24.9,,0,,,M,,M,,,0,,0,,0,,0.4,,50,,93,
-52.78333888888889,47.513355555555556,ST JOHNS WEST CLIMATE,8403603,8403603.2013.10.1,2013-10-01 00:00:00,NL,2013,10,1,16.7,,10.1,,23.2,,0,,,M,,M,,,0,,0,,0,,1.3,,45,,94,
-52.78333888888889,47.513355555555556,ST JOHNS WEST CLIMATE,8403603,8403603.2013.10.2,2013-10-02 00:00:00,NL,2013,10,2,17.2,,13,,21.3,,0,,,M,,M,,,28,,37,,0,,0.8,,82,,96,
-52.78333888888889,47.513355555555556,ST JOHNS WEST CLIMATE,8403603,8403603.2013.10.3,2013-10-03 00:00:00,NL,2013,10,3,13.7,,10,,17.4,,0,,,M,,M,,,26,,46,,0,,4.3,,63,,89,
-52.78333888888889,47.513355555555556,ST JOHNS WEST CLIMATE,8403603,8403603.2013.10.4,2013-10-04 00:00:00,NL,2013,10,4,10,,7.1,,12.8,,5.2,,,M,,M,,,30,,65,,0,,8,,56,,91,
-52.78333888888889,47.513355555555556,ST JOHNS WEST CLIMATE,8403603,8403603.2013.10.5,2013-10-05 00:00:00,NL,2013,10,5,8.4,,7.3,,9.5,,2.4,,,M,,M,,,33,,46,,0,,9.6,,87,,94,
-52.78333888888889,47.513355555555556,ST JOHNS WEST CLIMATE,8403603,8403603.2013.10.6,2013-10-06 00:00:00,NL,2013,10,6,6.9,,4.8,,9,,5.9,,,M,,M,,,2,,44,,0,,11.1,,80,,95,
-52.78333888888889,47.513355555555556,ST JOHNS WEST CLIMATE,8403603,8403603.2013.10.7,2013-10-07 00:00:00,NL,2013,10,7,3.3,,-0.9,,7.5,,0.8,,,M,,M,,,3,,39,,0,,14.7,,71,,96,
-52.78333888888889,47.513355555555556,ST JOHNS WEST CLIMATE,8403603,8403603.2013.10.8,2013-10-08 00:00:00,NL,2013,10,8,6.9,,-0.3,,14.1,,0,,,M,,M,,,23,,32,,0,,11.1,,55,,96,
-52.78333888888889,47.513355555555556,ST JOHNS WEST CLIMATE,8403603,8403603.2013.10.9,2013-10-09 00:00:00,NL,2013,10,9,7.2,,2.5,,11.9,,0,,,M,,M,,,32,,39,,0,,10.8,,53,,92,
-52.78333888888889,47.513355555555556,ST JOHNS WEST CLIMATE,8403603,8403603.2013.10.10,2013-10-10 00:00:00,NL,2013,10,10,7.8,,1.6,,13.9,,0,,,M,,M,,,25,,43,,0,,10.2,,56,,93,
-52.78333888888889,47.513355555555556,ST JOHNS WEST CLIMATE,8403603,8403603.2013.10.11,2013-10-11 00:00:00,NL,2013,10,11,5.3,,2.8,,7.7,,2.5,,,M,,M,,,0,,0,,0,,12.7,,70,,93,
-52.78333888888889,47.513355555555556,ST JOHNS WEST CLIMATE,8403603,8403603.2013.10.12,2013-10-12 00:00:00,NL,2013,10,12,3.7,,1.3,,6.1,,0.4,,,M,,M,,,1,,35,,0,,14.3,,62,,92,
-52.78333888888889,47.513355555555556,ST JOHNS WEST CLIMATE,8403603,8403603.2013.10.13,2013-10-13 00:00:00,NL,2013,10,13,4.5,,1.8,,7.2,,0.3,,,M,,M,,,36,,48,,0,,13.5,,51,,87,
-52.78333888888889,47.513355555555556,ST JOHNS WEST CLIMATE,8403603,8403603.2013.10.14,2013-10-14 00:00:00,NL,2013,10,14,5.4,,2.5,,8.3,,0.4,,,M,,M,,,31,,33,,0,,12.6,,54,,89,
-52.78333888888889,47.513355555555556,ST JOHNS WEST CLIMATE,8403603,8403603.2013.10.15,2013-10-15 00:00:00,NL,2013,10,15,7.5,,4.3,,10.7,,1.5,,,M,,M,,,31,,39,,0,,10.5,,77,,92,
-52.78333888888889,47.513355555555556,ST JOHNS WEST CLIMATE,8403603,8403603.2013.10.16,2013-10-16 00:00:00,NL,2013,10,16,5,,0.2,,9.8,,0,,,M,,M,,,32,,41,,0,,13,,71,,97,
-52.78333888888889,47.513355555555556,ST JOHNS WEST CLIMATE,8403603,8403603.2013.10.17,2013-10-17 00:00:00,NL,2013,10,17,5.2,,-1,,11.4,,28.4,,,M,,M,,,18,,44,,0,,12.8,,80,,97,
-52.78333888888889,47.513355555555556,ST JOHNS WEST CLIMATE,8403603,8403603.2013.10.18,2013-10-18 00:00:00,NL,2013,10,18,13.6,,9.2,,18,,12.6,,,M,,M,,,21,,35,,0,,4.4,,78,,95,
-52.78333888888889,47.513355555555556,ST JOHNS WEST CLIMATE,8403603,8403603.2013.10.19,2013-10-19 00:00:00,NL,2013,10,19,9.3,,7.1,,11.5,,2.1,,,M,,M,,,32,,32,,0,,8.7,,85,,94,
-52.78333888888889,47.513355555555556,ST JOHNS WEST CLIMATE,8403603,8403603.2013.10.20,2013-10-20 00:00:00,NL,2013,10,20,7.8,,6.2,,9.4,,0,,,M,,M,,,0,,0,,0,,10.2,,72,,93,
-52.78333888888889,47.513355555555556,ST JOHNS WEST CLIMATE,8403603,8403603.2013.10.21,2013-10-21 00:00:00,NL,2013,10,21,8.6,,5.4,,11.7,,6,,,M,,M,,,28,,57,,0,,9.4,,66,,95,
-52.78333888888889,47.513355555555556,ST JOHNS WEST CLIMATE,8403603,8403603.2013.10.22,2013-10-22 00:00:00,NL,2013,10,22,5.6,,4.2,,7,,0.2,,,M,,M,,,32,,52,,0,,12.4,,68,,95,
-52.78333888888889,47.513355555555556,ST JOHNS WEST CLIMATE,8403603,8403603.2013.10.23,2013-10-23 00:00:00,NL,2013,10,23,6.1,,2.1,,10.1,,9.6,,,M,,M,,,0,,0,,0,,11.9,,,,,
-52.78333888888889,47.513355555555556,ST JOHNS WEST CLIMATE,8403603,8403603.2013.10.24,2013-10-24 00:00:00,NL,2013,10,24,7.9,,4.4,,11.4,,19.8,,,M,,M,,,31,,52,,0,,10.1,,79,,95,
-52.78333888888889,47.513355555555556,ST JOHNS WEST CLIMATE,8403603,8403603.2013.10.25,2013-10-25 00:00:00,NL,2013,10,25,4.4,,-0.8,,9.5,,0.3,,,M,,M,,,25,,67,,0,,13.6,,62,,95,
-52.78333888888889,47.513355555555556,ST JOHNS WEST CLIMATE,8403603,8403603.2013.10.26,2013-10-26 00:00:00,NL,2013,10,26,3.8,,-1.3,,8.9,,0,,,M,,M,,,0,,0,,0,,14.2,,45,,96,
-52.78333888888889,47.513355555555556,ST JOHNS WEST CLIMATE,8403603,8403603.2013.10.27,2013-10-27 00:00:00,NL,2013,10,27,7.4,,1.8,,12.9,,5.9,,,M,,M,,,19,,65,,0,,10.6,,53,,93,
-52.78333888888889,47.513355555555556,ST JOHNS WEST CLIMATE,8403603,8403603.2013.10.28,2013-10-28 00:00:00,NL,2013,10,28,7.4,,3.5,,11.2,,0,,,M,,M,,,29,,50,,0,,10.6,,62,,88,
-52.78333888888889,47.513355555555556,ST JOHNS WEST CLIMATE,8403603,8403603.2013.10.29,2013-10-29 00:00:00,NL,2013,10,29,4.6,,1.4,,7.8,,0,,,M,,M,,,27,,43,,0,,13.4,,46,,79,
-52.78333888888889,47.513355555555556,ST JOHNS WEST CLIMATE,8403603,8403603.2013.10.30,2013-10-30 00:00:00,NL,2013,10,30,0.8,,-3.2,,4.8,,0,,,M,,M,,,0,,0,,0,,17.2,,41,,86,
-52.78333888888889,47.513355555555556,ST JOHNS WEST CLIMATE,8403603,8403603.2013.10.31,2013-10-31 00:00:00,NL,2013,10,31,2.3,,-0.8,,5.4,,0,,,M,,M,,,27,,43,,0,,15.7,,51,,91,
-52.78333888888889,47.513355555555556,ST JOHNS WEST CLIMATE,8403603,8403603.2013.11.1,2013-11-01 00:00:00,NL,2013,11,1,9.2,,0.9,,17.4,,7.7,,,M,,M,,,23,,78,,0,,8.8,,85,,92,
-52.78333888888889,47.513355555555556,ST JOHNS WEST CLIMATE,8403603,8403603.2013.11.2,2013-11-02 00:00:00,NL,2013,11,2,14.1,,10.6,,17.5,,7,,,M,,M,,,23,,78,,0,,3.9,,80,,93,
-52.78333888888889,47.513355555555556,ST JOHNS WEST CLIMATE,8403603,8403603.2013.11.3,2013-11-03 00:00:00,NL,2013,11,3,6.9,,3,,10.7,,5.4,,,M,,M,,,0,,0,,0,,11.1,,69,,94,
-52.78333888888889,47.513355555555556,ST JOHNS WEST CLIMATE,8403603,8403603.2013.11.4,2013-11-04 00:00:00,NL,2013,11,4,2.1,,-0.2,,4.4,,0.2,,,M,,M,,,36,,39,,0,,15.9,,58,,86,
-52.78333888888889,47.513355555555556,ST JOHNS WEST CLIMATE,8403603,8403603.2013.11.5,2013-11-05 00:00:00,NL,2013,11,5,-1.1,,-2.7,,0.6,,0,,,M,,M,,,34,,37,,0,,19.1,,56,,77,
-52.78333888888889,47.513355555555556,ST JOHNS WEST CLIMATE,8403603,8403603.2013.11.6,2013-11-06 00:00:00,NL,2013,11,6,1.5,,-2.7,,5.7,,0,,,M,,M,,,27,,41,,0,,16.5,,62,,85,
-52.78333888888889,47.513355555555556,ST JOHNS WEST CLIMATE,8403603,8403603.2013.11.7,2013-11-07 00:00:00,NL,2013,11,7,10,,5.4,,14.6,,10.1,,,M,,M,,,24,,65,,0,,8,,83,,93,
-52.78333888888889,47.513355555555556,ST JOHNS WEST CLIMATE,8403603,8403603.2013.11.8,2013-11-08 00:00:00,NL,2013,11,8,8.8,,2.3,,15.3,,9.3,,,M,,M,,,20,,70,,0,,9.2,,80,,96,
-52.78333888888889,47.513355555555556,ST JOHNS WEST CLIMATE,8403603,8403603.2013.11.9,2013-11-09 00:00:00,NL,2013,11,9,3,,0.4,,5.6,,2.8,,,M,,M,,,30,,37,,0,,15,,58,,94,
-52.78333888888889,47.513355555555556,ST JOHNS WEST CLIMATE,8403603,8403603.2013.11.10,2013-11-10 00:00:00,NL,2013,11,10,0.2,,-2.5,,2.9,,0,,,M,,M,,,0,,0,,0,,17.8,,65,,93,
-52.78333888888889,47.513355555555556,ST JOHNS WEST CLIMATE,8403603,8403603.2013.11.11,2013-11-11 00:00:00,NL,2013,11,11,2.7,,-1,,6.4,,37.9,,,M,,M,,,31,,70,,0,,15.3,,86,,95,
-52.78333888888889,47.513355555555556,ST JOHNS WEST CLIMATE,8403603,8403603.2013.11.12,2013-11-12 00:00:00,NL,2013,11,12,4.9,,0.8,,9,,0.3,,,M,,M,,,18,,52,,0,,13.1,,74,,93,
-52.78333888888889,47.513355555555556,ST JOHNS WEST CLIMATE,8403603,8403603.2013.11.13,2013-11-13 00:00:00,NL,2013,11,13,4.9,,0,,9.8,,16.6,,,M,,M,,,20,,70,,0,,13.1,,80,,95,
-52.78333888888889,47.513355555555556,ST JOHNS WEST CLIMATE,8403603,8403603.2013.11.14,2013-11-14 00:00:00,NL,2013,11,14,0.1,,-0.9,,1.1,,0,,,M,,M,,,32,,37,,0,,17.9,,62,,83,
-52.78333888888889,47.513355555555556,ST JOHNS WEST CLIMATE,8403603,8403603.2013.11.15,2013-11-15 00:00:00,NL,2013,11,15,3.1,,-0.4,,6.5,,0.2,,,M,,M,,,0,,0,,0,,14.9,,65,,92,
-52.78333888888889,47.513355555555556,ST JOHNS WEST CLIMATE,8403603,8403603.2013.11.16,2013-11-16 00:00:00,NL,2013,11,16,5.2,,1.4,,8.9,,0,,,M,,M,,,0,,0,,0,,12.8,,74,,95,
-52.78333888888889,47.513355555555556,ST JOHNS WEST CLIMATE,8403603,8403603.2013.11.17,2013-11-17 00:00:00,NL,2013,11,17,6.8,,4.9,,8.6,,0,,,M,,M,,,0,,0,,0,,11.2,,85,,94,
-52.78333888888889,47.513355555555556,ST JOHNS WEST CLIMATE,8403603,8403603.2013.11.18,2013-11-18 00:00:00,NL,2013,11,18,5.4,,3.8,,6.9,,0,,,M,,M,,,0,,0,,0,,12.6,,83,,96,
-52.78333888888889,47.513355555555556,ST JOHNS WEST CLIMATE,8403603,8403603.2013.11.19,2013-11-19 00:00:00,NL,2013,11,19,5.3,,4.5,,6.1,,0.2,,,M,,M,,,17,,46,,0,,12.7,,91,,95,
-52.78333888888889,47.513355555555556,ST JOHNS WEST CLIMATE,8403603,8403603.2013.11.20,2013-11-20 00:00:00,NL,2013,11,20,4.5,,1,,7.9,,7.2,,,M,,M,,,16,,33,,0,,13.5,,88,,95,
-52.78333888888889,47.513355555555556,ST JOHNS WEST CLIMATE,8403603,8403603.2013.11.21,2013-11-21 00:00:00,NL,2013,11,21,2.1,,0.1,,4,,8.4,,,M,,M,,,3,,37,,0,,15.9,,80,,96,
-52.78333888888889,47.513355555555556,ST JOHNS WEST CLIMATE,8403603,8403603.2013.11.22,2013-11-22 00:00:00,NL,2013,11,22,2.7,,1.2,,4.2,,6.9,,,M,,M,,,33,,52,,0,,15.3,,91,,96,
-52.78333888888889,47.513355555555556,ST JOHNS WEST CLIMATE,8403603,8403603.2013.11.23,2013-11-23 00:00:00,NL,2013,11,23,2.2,,1.2,,3.2,,1.5,,,M,,M,,,21,,43,,0,,15.8,,83,,94,
-52.78333888888889,47.513355555555556,ST JOHNS WEST CLIMATE,8403603,8403603.2013.11.24,2013-11-24 00:00:00,NL,2013,11,24,1.8,,0.1,,3.5,,5.3,,,M,,M,,,22,,69,,0,,16.2,,50,,96,
-52.78333888888889,47.513355555555556,ST JOHNS WEST CLIMATE,8403603,8403603.2013.11.25,2013-11-25 00:00:00,NL,2013,11,25,-0.8,,-2.1,,0.6,,0.6,,,M,,M,,,23,,44,,0,,18.8,,67,,91,
-52.78333888888889,47.513355555555556,ST JOHNS WEST CLIMATE,8403603,8403603.2013.11.26,2013-11-26 00:00:00,NL,2013,11,26,0.5,,-0.8,,1.8,,0,,,M,,M,,,24,,33,,0,,17.5,,70,,86,
-52.78333888888889,47.513355555555556,ST JOHNS WEST CLIMATE,8403603,8403603.2013.11.27,2013-11-27 00:00:00,NL,2013,11,27,4,,0.6,,7.3,,0,,,M,,M,,,16,,48,,0,,14,,80,,92,
-52.78333888888889,47.513355555555556,ST JOHNS WEST CLIMATE,8403603,8403603.2013.11.28,2013-11-28 00:00:00,NL,2013,11,28,7.2,,4.1,,10.3,,2.9,,,M,,M,,,19,,67,,0,,10.8,,81,,92,
-52.78333888888889,47.513355555555556,ST JOHNS WEST CLIMATE,8403603,8403603.2013.11.29,2013-11-29 00:00:00,NL,2013,11,29,1.7,,-0.9,,4.3,,0,,,M,,M,,,23,,33,,0,,16.3,,61,,90,
-52.78333888888889,47.513355555555556,ST JOHNS WEST CLIMATE,8403603,8403603.2013.11.30,2013-11-30 00:00:00,NL,2013,11,30,-5,,-9.4,,-0.5,,1.7,,,M,,M,,,33,,37,,0,,23,,64,,90,
-52.78333888888889,47.513355555555556,ST JOHNS WEST CLIMATE,8403603,8403603.2013.12.1,2013-12-01 00:00:00,NL,2013,12,1,-6.9,,-11.3,,-2.5,,0,,,M,,M,,,0,,0,,0,,24.9,,52,,85,
-52.78333888888889,47.513355555555556,ST JOHNS WEST CLIMATE,8403603,8403603.2013.12.2,2013-12-02 00:00:00,NL,2013,12,2,-2.4,,-8.8,,4,,0.5,,,M,,M,,,14,,37,,0,,20.4,,71,,94,
-52.78333888888889,47.513355555555556,ST JOHNS WEST CLIMATE,8403603,8403603.2013.12.3,2013-12-03 00:00:00,NL,2013,12,3,6.9,,3.9,,9.8,,23.6,,,M,,M,,,15,,56,,0,,11.1,,93,,95,
-52.78333888888889,47.513355555555556,ST JOHNS WEST CLIMATE,8403603,8403603.2013.12.4,2013-12-04 00:00:00,NL,2013,12,4,7.1,,2.4,,11.7,,17.1,,,M,,M,,,23,,74,,0,,10.9,,74,,95,
-52.78333888888889,47.513355555555556,ST JOHNS WEST CLIMATE,8403603,8403603.2013.12.5,2013-12-05 00:00:00,NL,2013,12,5,1.2,,-0.4,,2.7,,1.2,,,M,,M,,,23,,65,,0,,16.8,,71,,87,
-52.78333888888889,47.513355555555556,ST JOHNS WEST CLIMATE,8403603,8403603.2013.12.6,2013-12-06 00:00:00,NL,2013,12,6,3.8,,-2.1,,9.6,,1.2,,,M,,M,,,0,,0,,0,,14.2,,,,,
-52.78333888888889,47.513355555555556,ST JOHNS WEST CLIMATE,8403603,8403603.2013.12.7,2013-12-07 00:00:00,NL,2013,12,7,2.9,,-1.3,,7.1,,0,,,M,,M,,,29,,41,,0,,15.1,,52,,91,
-52.78333888888889,47.513355555555556,ST JOHNS WEST CLIMATE,8403603,8403603.2013.12.8,2013-12-08 00:00:00,NL,2013,12,8,-3.6,,-6.6,,-0.5,,0,,,M,,M,,,28,,61,,0,,21.6,,47,,80,
-52.78333888888889,47.513355555555556,ST JOHNS WEST CLIMATE,8403603,8403603.2013.12.9,2013-12-09 00:00:00,NL,2013,12,9,-5.2,,-7.5,,-2.9,,0,,,M,,M,,,30,,56,,0,,23.2,,55,,81,
-52.78333888888889,47.513355555555556,ST JOHNS WEST CLIMATE,8403603,8403603.2013.12.10,2013-12-10 00:00:00,NL,2013,12,10,-1.8,,-4.4,,0.9,,8.8,,,M,,M,,,15,,35,,0,,19.8,,,,,
-52.78333888888889,47.513355555555556,ST JOHNS WEST CLIMATE,8403603,8403603.2013.12.11,2013-12-11 00:00:00,NL,2013,12,11,-4.5,,-8.3,,-0.7,,0.2,,,M,,M,,,29,,52,,0,,22.5,,,,,
-52.78333888888889,47.513355555555556,ST JOHNS WEST CLIMATE,8403603,8403603.2013.12.12,2013-12-12 00:00:00,NL,2013,12,12,-9.1,,-12.3,,-5.8,,0,,,M,,M,,,27,,43,,0,,27.1,,,,,
-52.78333888888889,47.513355555555556,ST JOHNS WEST CLIMATE,8403603,8403603.2013.12.13,2013-12-13 00:00:00,NL,2013,12,13,-10.4,,-13.1,,-7.6,,0.2,,,M,,M,,,26,,41,,0,,28.4,,,,,
-52.78333888888889,47.513355555555556,ST JOHNS WEST CLIMATE,8403603,8403603.2013.12.14,2013-12-14 00:00:00,NL,2013,12,14,-9.4,,-11.6,,-7.1,,0,,,M,,M,,,29,,56,,0,,27.4,,,,,
-52.78333888888889,47.513355555555556,ST JOHNS WEST CLIMATE,8403603,8403603.2013.12.15,2013-12-15 00:00:00,NL,2013,12,15,-4.4,,-8.8,,0.1,,14.4,,,M,,M,,,12,,80,,0,,22.4,,,,,
-52.78333888888889,47.513355555555556,ST JOHNS WEST CLIMATE,8403603,8403603.2013.12.16,2013-12-16 00:00:00,NL,2013,12,16,0.5,,-3.2,,4.1,,1.1,,,M,,M,,,25,,67,,0,,17.5,,,,,
-52.78333888888889,47.513355555555556,ST JOHNS WEST CLIMATE,8403603,8403603.2013.12.17,2013-12-17 00:00:00,NL,2013,12,17,-6.4,,-9.6,,-3.1,,1,,,M,,M,,,27,,44,,0,,24.4,,,,,
-52.78333888888889,47.513355555555556,ST JOHNS WEST CLIMATE,8403603,8403603.2013.12.18,2013-12-18 00:00:00,NL,2013,12,18,-5.2,,-14.2,,3.9,,12.2,,,M,,M,,,12,,70,,0,,23.2,,,,,
-52.78333888888889,47.513355555555556,ST JOHNS WEST CLIMATE,8403603,8403603.2013.12.19,2013-12-19 00:00:00,NL,2013,12,19,-0.3,,-6.1,,5.5,,1.4,,,M,,M,,,26,,85,,0,,18.3,,,,,
-52.78333888888889,47.513355555555556,ST JOHNS WEST CLIMATE,8403603,8403603.2013.12.20,2013-12-20 00:00:00,NL,2013,12,20,-5.3,,-7,,-3.6,,1.1,,,M,,M,,,30,,57,,0,,23.3,,,,,
-52.78333888888889,47.513355555555556,ST JOHNS WEST CLIMATE,8403603,8403603.2013.12.21,2013-12-21 00:00:00,NL,2013,12,21,-3.8,,-7.2,,-0.4,,7.8,,,M,,M,,,0,,0,,0,,21.8,,,,,
-52.78333888888889,47.513355555555556,ST JOHNS WEST CLIMATE,8403603,8403603.2013.12.22,2013-12-22 00:00:00,NL,2013,12,22,-4.5,,-10.3,,1.4,,2.8,,,M,,M,,,30,,33,,0,,22.5,,,,,
-52.78333888888889,47.513355555555556,ST JOHNS WEST CLIMATE,8403603,8403603.2013.12.23,2013-12-23 00:00:00,NL,2013,12,23,-9.7,,-10.9,,-8.4,,3.3,,,M,,M,,,0,,0,,0,,27.7,,,,,
-52.78333888888889,47.513355555555556,ST JOHNS WEST CLIMATE,8403603,8403603.2013.12.24,2013-12-24 00:00:00,NL,2013,12,24,-6.4,,-8.9,,-3.9,,10.9,,,M,,M,29,,5,,33,,0,,24.4,,,,,
-52.78333888888889,47.513355555555556,ST JOHNS WEST CLIMATE,8403603,8403603.2013.12.25,2013-12-25 00:00:00,NL,2013,12,25,-8.1,,-11.3,,-4.8,,5,,,M,,M,36,,1,,41,,0,,26.1,,,,,
-52.78333888888889,47.513355555555556,ST JOHNS WEST CLIMATE,8403603,8403603.2013.12.26,2013-12-26 00:00:00,NL,2013,12,26,-9.2,,-12.3,,-6.1,,0,,,M,,M,34,,29,,33,,0,,27.2,,,,,
-52.78333888888889,47.513355555555556,ST JOHNS WEST CLIMATE,8403603,8403603.2013.12.27,2013-12-27 00:00:00,NL,2013,12,27,-2.2,,-6.4,,2.1,,10.7,,,M,,M,34,,15,,54,,0,,20.2,,,,,
-52.78333888888889,47.513355555555556,ST JOHNS WEST CLIMATE,8403603,8403603.2013.12.28,2013-12-28 00:00:00,NL,2013,12,28,-3.9,,-7.6,,-0.2,,1.1,,,M,,M,42,,24,,48,,0,,21.9,,,,,
-52.78333888888889,47.513355555555556,ST JOHNS WEST CLIMATE,8403603,8403603.2013.12.29,2013-12-29 00:00:00,NL,2013,12,29,-7.1,,-13.8,,-0.4,,2.2,,,M,,M,47,,28,,61,,0,,25.1,,,,,
-52.78333888888889,47.513355555555556,ST JOHNS WEST CLIMATE,8403603,8403603.2013.12.30,2013-12-30 00:00:00,NL,2013,12,30,-7.1,,-13.1,,-1,,8,,,M,,M,39,,10,,57,,0,,25.1,,,,,
-52.78333888888889,47.513355555555556,ST JOHNS WEST CLIMATE,8403603,8403603.2013.12.31,2013-12-31 00:00:00,NL,2013,12,31,-5.7,,-9.6,,-1.7,,0,,,M,,M,43,,27,,54,,0,,23.7,,,,,
-52.78333888888889,47.513355555555556,ST JOHNS WEST CLIMATE,8403603,8403603.2014.1.1,2014-01-01 00:00:00,NL,2014,1,1,-11.9,,-14.2,,-9.6,,0,,,M,,M,41,,30,,50,,0,,29.9,,,,,
-52.78333888888889,47.513355555555556,ST JOHNS WEST CLIMATE,8403603,8403603.2014.1.2,2014-01-02 00:00:00,NL,2014,1,2,-15.3,,-17.5,,-13,,0,,,M,,M,40,,29,,63,,0,,33.3,,,,,
-52.78333888888889,47.513355555555556,ST JOHNS WEST CLIMATE,8403603,8403603.2014.1.3,2014-01-03 00:00:00,NL,2014,1,3,-12,,-17.5,,-6.4,,10.6,,,M,,M,40,,29,,74,,0,,30,,,,,
-52.78333888888889,47.513355555555556,ST JOHNS WEST CLIMATE,8403603,8403603.2014.1.4,2014-01-04 00:00:00,NL,2014,1,4,-10.9,,-14.5,,-7.3,,5.6,,,M,,M,63,,32,,87,,0,,28.9,,,,,
-52.78333888888889,47.513355555555556,ST JOHNS WEST CLIMATE,8403603,8403603.2014.1.5,2014-01-05 00:00:00,NL,2014,1,5,-6.5,,-10.3,,-2.6,,0,,,M,,M,39,,28,,54,,0,,24.5,,,,,
-52.78333888888889,47.513355555555556,ST JOHNS WEST CLIMATE,8403603,8403603.2014.1.6,2014-01-06 00:00:00,NL,2014,1,6,-6.5,,-11.1,,-1.8,,0,,,M,,M,39,,16,,48,,0,,24.5,,,,,
-52.78333888888889,47.513355555555556,ST JOHNS WEST CLIMATE,8403603,8403603.2014.1.7,2014-01-07 00:00:00,NL,2014,1,7,2.5,,-4.8,,9.7,,14,,,M,,M,38,,26,,87,,0,,15.5,,,,,
-52.78333888888889,47.513355555555556,ST JOHNS WEST CLIMATE,8403603,8403603.2014.1.8,2014-01-08 00:00:00,NL,2014,1,8,-6.9,,-9,,-4.8,,,M,,M,,M,30,,0,,0,,0,,24.9,,,,,
-52.78333888888889,47.513355555555556,ST JOHNS WEST CLIMATE,8403603,8403603.2014.1.9,2014-01-09 00:00:00,NL,2014,1,9,-7,,-10.4,,-3.5,,0.2,,,M,,M,29,,25,,54,,0,,25,,,,,
-52.78333888888889,47.513355555555556,ST JOHNS WEST CLIMATE,8403603,8403603.2014.1.10,2014-01-10 00:00:00,NL,2014,1,10,-8.2,,-12,,-4.4,,0,,,M,,M,29,,30,,63,,0,,26.2,,,,,
-52.78333888888889,47.513355555555556,ST JOHNS WEST CLIMATE,8403603,8403603.2014.1.11,2014-01-11 00:00:00,NL,2014,1,11,-1.2,,-4.6,,2.3,,0,,,M,,M,29,,27,,54,,0,,19.2,,,,,
-52.78333888888889,47.513355555555556,ST JOHNS WEST CLIMATE,8403603,8403603.2014.1.12,2014-01-12 00:00:00,NL,2014,1,12,6.4,,1.8,,10.9,,23.1,,,M,,M,,,23,,74,,0,,11.6,,,,,
-52.78333888888889,47.513355555555556,ST JOHNS WEST CLIMATE,8403603,8403603.2014.1.13,2014-01-13 00:00:00,NL,2014,1,13,1.4,,-1.4,,4.2,,0,,,M,,M,,,27,,70,,0,,16.6,,,,,
-52.78333888888889,47.513355555555556,ST JOHNS WEST CLIMATE,8403603,8403603.2014.1.14,2014-01-14 00:00:00,NL,2014,1,14,1.9,,-2.7,,6.4,,0,,,M,,M,0,T,21,,43,,0,,16.1,,,,,
-52.78333888888889,47.513355555555556,ST JOHNS WEST CLIMATE,8403603,8403603.2014.1.15,2014-01-15 00:00:00,NL,2014,1,15,5.3,,-0.5,,11,,4,,,M,,M,,,23,,74,,0,,12.7,,,,,
-52.78333888888889,47.513355555555556,ST JOHNS WEST CLIMATE,8403603,8403603.2014.1.16,2014-01-16 00:00:00,NL,2014,1,16,4.6,,0.1,,9.1,,11,,,M,,M,,,0,,0,,0,,13.4,,,,,
-52.78333888888889,47.513355555555556,ST JOHNS WEST CLIMATE,8403603,8403603.2014.1.17,2014-01-17 00:00:00,NL,2014,1,17,5.9,,-0.5,,12.3,,5.7,,,M,,M,,,22,,61,,0,,12.1,,,,,
-52.78333888888889,47.513355555555556,ST JOHNS WEST CLIMATE,8403603,8403603.2014.1.18,2014-01-18 00:00:00,NL,2014,1,18,1,,-0.4,,2.3,,0,,,M,,M,,,0,,0,,0,,17,,,,,
-52.78333888888889,47.513355555555556,ST JOHNS WEST CLIMATE,8403603,8403603.2014.1.19,2014-01-19 00:00:00,NL,2014,1,19,0.9,,-1.3,,3,,4.2,,,M,,M,,,29,,65,,0,,17.1,,,,,
-52.78333888888889,47.513355555555556,ST JOHNS WEST CLIMATE,8403603,8403603.2014.1.20,2014-01-20 00:00:00,NL,2014,1,20,0.3,,-1.5,,2.1,,3.2,,,M,,M,,,23,,52,,0,,17.7,,,,,
-52.78333888888889,47.513355555555556,ST JOHNS WEST CLIMATE,8403603,8403603.2014.1.21,2014-01-21 00:00:00,NL,2014,1,21,-1.5,,-6.8,,3.8,,0.5,,,M,,M,1,,26,,52,,0,,19.5,,,,,
-52.78333888888889,47.513355555555556,ST JOHNS WEST CLIMATE,8403603,8403603.2014.1.22,2014-01-22 00:00:00,NL,2014,1,22,1.4,,-6.8,,9.5,,19.6,,,M,,M,0,T,19,,50,,0,,16.6,,,,,
-52.78333888888889,47.513355555555556,ST JOHNS WEST CLIMATE,8403603,8403603.2014.1.23,2014-01-23 00:00:00,NL,2014,1,23,1.7,,-5.2,,8.5,,0.9,,,M,,M,,,24,,91,,0,,16.3,,,,,
-52.78333888888889,47.513355555555556,ST JOHNS WEST CLIMATE,8403603,8403603.2014.1.24,2014-01-24 00:00:00,NL,2014,1,24,-5.1,,-7.2,,-3,,0,,,M,,M,,,26,,48,,0,,23.1,,,,,
-52.78333888888889,47.513355555555556,ST JOHNS WEST CLIMATE,8403603,8403603.2014.1.25,2014-01-25 00:00:00,NL,2014,1,25,-6.7,,-10.4,,-3,,0.4,,,M,,M,,,28,,50,,0,,24.7,,,,,
-52.78333888888889,47.513355555555556,ST JOHNS WEST CLIMATE,8403603,8403603.2014.1.26,2014-01-26 00:00:00,NL,2014,1,26,1.6,,-3.1,,6.2,,43.5,,,M,,M,1,,15,,78,,0,,16.4,,,,,
-52.78333888888889,47.513355555555556,ST JOHNS WEST CLIMATE,8403603,8403603.2014.1.27,2014-01-27 00:00:00,NL,2014,1,27,-1.7,,-5.1,,1.8,,10.9,,,M,,M,,,24,,70,,0,,19.7,,,,,
-52.78333888888889,47.513355555555556,ST JOHNS WEST CLIMATE,8403603,8403603.2014.1.28,2014-01-28 00:00:00,NL,2014,1,28,-0.1,,-9.2,,9,,9.6,,,M,,M,,,28,,61,,0,,18.1,,,,,
-52.78333888888889,47.513355555555556,ST JOHNS WEST CLIMATE,8403603,8403603.2014.1.29,2014-01-29 00:00:00,NL,2014,1,29,-7.7,,-9.6,,-5.8,,15.7,,,M,,M,2,,31,,33,,0,,25.7,,,,,
-52.78333888888889,47.513355555555556,ST JOHNS WEST CLIMATE,8403603,8403603.2014.1.30,2014-01-30 00:00:00,NL,2014,1,30,-8.3,,-11.4,,-5.1,,1.2,,,M,,M,26,,28,,50,,0,,26.3,,,,,
-52.78333888888889,47.513355555555556,ST JOHNS WEST CLIMATE,8403603,8403603.2014.1.31,2014-01-31 00:00:00,NL,2014,1,31,-5,,-12.1,,2.1,,2.1,,,M,,M,23,,23,,48,,0,,23,,,,,
-52.78333888888889,47.513355555555556,ST JOHNS WEST CLIMATE,8403603,8403603.2014.2.1,2014-02-01 00:00:00,NL,2014,2,1,-3.6,,-7.8,,0.7,,0,,,M,,M,,,29,,52,,0,,21.6,,,,,
-52.78333888888889,47.513355555555556,ST JOHNS WEST CLIMATE,8403603,8403603.2014.2.2,2014-02-02 00:00:00,NL,2014,2,2,-5.2,,-10,,-0.3,,8.3,,,M,,M,19,,32,,32,,0,,23.2,,,,,
-52.78333888888889,47.513355555555556,ST JOHNS WEST CLIMATE,8403603,8403603.2014.2.3,2014-02-03 00:00:00,NL,2014,2,3,-5.7,,-9.7,,-1.7,,0.4,,,M,,M,28,,33,,41,,0,,23.7,,,,,
-52.78333888888889,47.513355555555556,ST JOHNS WEST CLIMATE,8403603,8403603.2014.2.4,2014-02-04 00:00:00,NL,2014,2,4,-10.8,,-13.8,,-7.8,,0.2,,,M,,M,30,,28,,33,,0,,28.8,,,,,
-52.78333888888889,47.513355555555556,ST JOHNS WEST CLIMATE,8403603,8403603.2014.2.5,2014-02-05 00:00:00,NL,2014,2,5,-10.3,,-12.3,,-8.2,,1.6,,,M,,M,28,,29,,41,,0,,28.3,,,,,
-52.78333888888889,47.513355555555556,ST JOHNS WEST CLIMATE,8403603,8403603.2014.2.6,2014-02-06 00:00:00,NL,2014,2,6,-11.1,,-15.1,,-7,,7.7,,,M,,M,43,,34,,46,,0,,29.1,,,,,
-52.78333888888889,47.513355555555556,ST JOHNS WEST CLIMATE,8403603,8403603.2014.2.7,2014-02-07 00:00:00,NL,2014,2,7,-10.9,,-16,,-5.7,,0.2,,,M,,M,38,,27,,35,,0,,28.9,,,,,
-52.78333888888889,47.513355555555556,ST JOHNS WEST CLIMATE,8403603,8403603.2014.2.8,2014-02-08 00:00:00,NL,2014,2,8,-9.5,,-15.7,,-3.3,,0.2,,,M,,M,35,,23,,41,,0,,27.5,,,,,
-52.78333888888889,47.513355555555556,ST JOHNS WEST CLIMATE,8403603,8403603.2014.2.9,2014-02-09 00:00:00,NL,2014,2,9,-11.4,,-15.9,,-6.8,,0,,,M,,M,35,,29,,43,,0,,29.4,,,,,
-52.78333888888889,47.513355555555556,ST JOHNS WEST CLIMATE,8403603,8403603.2014.2.10,2014-02-10 00:00:00,NL,2014,2,10,-14.2,,-18,,-10.4,,0,,,M,,M,34,,0,,0,,0,,32.2,,,,,
-52.78333888888889,47.513355555555556,ST JOHNS WEST CLIMATE,8403603,8403603.2014.2.11,2014-02-11 00:00:00,NL,2014,2,11,-12.2,,-14,,-10.4,,0,,,M,,M,33,,27,,41,,0,,30.2,,,,,
-52.78333888888889,47.513355555555556,ST JOHNS WEST CLIMATE,8403603,8403603.2014.2.12,2014-02-12 00:00:00,NL,2014,2,12,-11.5,,-15.7,,-7.2,,0,,,M,,M,32,,33,,44,,0,,29.5,,,,,
-52.78333888888889,47.513355555555556,ST JOHNS WEST CLIMATE,8403603,8403603.2014.2.13,2014-02-13 00:00:00,NL,2014,2,13,-6.1,,-10.4,,-1.7,,0,,,M,,M,32,,31,,37,,0,,24.1,,,,,
-52.78333888888889,47.513355555555556,ST JOHNS WEST CLIMATE,8403603,8403603.2014.2.14,2014-02-14 00:00:00,NL,2014,2,14,1.9,,-4.2,,7.9,,36,,,M,,M,32,,14,,76,,0,,16.1,,,,,
-52.78333888888889,47.513355555555556,ST JOHNS WEST CLIMATE,8403603,8403603.2014.2.16,2014-02-16 00:00:00,NL,2014,2,16,0,,-4.2,,4.2,,26.3,,,M,,M,,,26,,98,,0,,18,,,,,
-52.78333888888889,47.513355555555556,ST JOHNS WEST CLIMATE,8403603,8403603.2014.2.17,2014-02-17 00:00:00,NL,2014,2,17,-4.8,,-6.1,,-3.4,,1.6,,,M,,M,,,24,,83,,0,,22.8,,,,,
-52.78333888888889,47.513355555555556,ST JOHNS WEST CLIMATE,8403603,8403603.2014.2.18,2014-02-18 00:00:00,NL,2014,2,18,-6.5,,-8.6,,-4.4,,0.8,,,M,,M,,,27,,56,,0,,24.5,,,,,
-52.78333888888889,47.513355555555556,ST JOHNS WEST CLIMATE,8403603,8403603.2014.2.19,2014-02-19 00:00:00,NL,2014,2,19,-3.8,,-8.4,,0.9,,5.9,,,M,,M,,,13,,48,,0,,21.8,,,,,
-52.78333888888889,47.513355555555556,ST JOHNS WEST CLIMATE,8403603,8403603.2014.2.20,2014-02-20 00:00:00,NL,2014,2,20,-0.2,,-3.1,,2.7,,12.7,,,M,,M,39,,28,,80,,0,,18.2,,,,,
-52.78333888888889,47.513355555555556,ST JOHNS WEST CLIMATE,8403603,8403603.2014.2.21,2014-02-21 00:00:00,NL,2014,2,21,-2.4,,-3.9,,-0.8,,0,,,M,,M,39,,29,,74,,0,,20.4,,,,,
-52.78333888888889,47.513355555555556,ST JOHNS WEST CLIMATE,8403603,8403603.2014.2.22,2014-02-22 00:00:00,NL,2014,2,22,-1.5,,-4.4,,1.4,,4.8,,,M,,M,38,,26,,50,,0,,19.5,,,,,
-52.78333888888889,47.513355555555556,ST JOHNS WEST CLIMATE,8403603,8403603.2014.2.23,2014-02-23 00:00:00,NL,2014,2,23,0.1,,-3.2,,3.3,,0,,,M,,M,41,,28,,57,,0,,17.9,,,,,
-52.78333888888889,47.513355555555556,ST JOHNS WEST CLIMATE,8403603,8403603.2014.2.24,2014-02-24 00:00:00,NL,2014,2,24,-1.9,,-5.3,,1.5,,13.2,,,M,,M,39,,9,,33,,0,,19.9,,,,,
-52.78333888888889,47.513355555555556,ST JOHNS WEST CLIMATE,8403603,8403603.2014.2.25,2014-02-25 00:00:00,NL,2014,2,25,-4.1,,-8.9,,0.8,,1.6,,,M,,M,47,,28,,56,,0,,22.1,,,,,
-52.78333888888889,47.513355555555556,ST JOHNS WEST CLIMATE,8403603,8403603.2014.2.26,2014-02-26 00:00:00,NL,2014,2,26,-8.1,,-11.2,,-4.9,,0,,,M,,M,45,,28,,39,,0,,26.1,,,,,
-52.78333888888889,47.513355555555556,ST JOHNS WEST CLIMATE,8403603,8403603.2014.2.27,2014-02-27 00:00:00,NL,2014,2,27,-7.7,,-10.1,,-5.2,,5,,,M,,M,44,,2,,43,,0,,25.7,,,,,
-52.78333888888889,47.513355555555556,ST JOHNS WEST CLIMATE,8403603,8403603.2014.2.28,2014-02-28 00:00:00,NL,2014,2,28,-4.2,,-9.3,,0.9,,1.4,,,M,,M,46,,28,,78,,0,,22.2,,,,,
-52.78333888888889,47.513355555555556,ST JOHNS WEST CLIMATE,8403603,8403603.2014.3.1,2014-03-01 00:00:00,NL,2014,3,1,-10.7,,-15.1,,-6.3,,0,,,M,,M,46,,25,,65,,0,,28.7,,,,,
-52.78333888888889,47.513355555555556,ST JOHNS WEST CLIMATE,8403603,8403603.2014.3.2,2014-03-02 00:00:00,NL,2014,3,2,-7.2,,-13.3,,-1.1,,0.7,,,M,,M,46,,19,,41,,0,,25.2,,,,,
-52.78333888888889,47.513355555555556,ST JOHNS WEST CLIMATE,8403603,8403603.2014.3.3,2014-03-03 00:00:00,NL,2014,3,3,-9,,-12.7,,-5.2,,3.4,,,M,,M,47,,31,,44,,0,,27,,,,,
-52.78333888888889,47.513355555555556,ST JOHNS WEST CLIMATE,8403603,8403603.2014.3.4,2014-03-04 00:00:00,NL,2014,3,4,-13.9,,-17.4,,-10.3,,0,,,M,,M,55,,28,,52,,0,,31.9,,,,,
-52.78333888888889,47.513355555555556,ST JOHNS WEST CLIMATE,8403603,8403603.2014.3.5,2014-03-05 00:00:00,NL,2014,3,5,-12.8,,-17,,-8.5,,0,,,M,,M,51,,25,,52,,0,,30.8,,,,,
-52.78333888888889,47.513355555555556,ST JOHNS WEST CLIMATE,8403603,8403603.2014.3.6,2014-03-06 00:00:00,NL,2014,3,6,-14.1,,-19.2,,-9,,0,,,M,,M,46,,30,,35,,0,,32.1,,,,,
-52.78333888888889,47.513355555555556,ST JOHNS WEST CLIMATE,8403603,8403603.2014.3.7,2014-03-07 00:00:00,NL,2014,3,7,-8.4,,-14.7,,-2.1,,0,,,M,,M,46,,24,,50,,0,,26.4,,,,,
-52.78333888888889,47.513355555555556,ST JOHNS WEST CLIMATE,8403603,8403603.2014.3.8,2014-03-08 00:00:00,NL,2014,3,8,-2.5,,-6.4,,1.4,,0.5,,,M,,M,45,,22,,35,,0,,20.5,,,,,
-52.78333888888889,47.513355555555556,ST JOHNS WEST CLIMATE,8403603,8403603.2014.3.9,2014-03-09 00:00:00,NL,2014,3,9,-6,,-10.7,,-1.3,,0.4,,,M,,M,48,,32,,44,,0,,24,,,,,
-52.78333888888889,47.513355555555556,ST JOHNS WEST CLIMATE,8403603,8403603.2014.3.10,2014-03-10 00:00:00,NL,2014,3,10,-12,,-18.6,,-5.3,,2.7,,,M,,M,45,,0,,0,,0,,30,,,,,
-52.78333888888889,47.513355555555556,ST JOHNS WEST CLIMATE,8403603,8403603.2014.3.11,2014-03-11 00:00:00,NL,2014,3,11,-12.4,,-20.2,,-4.5,,0,,,M,,M,54,,14,,39,,0,,30.4,,,,,
-52.78333888888889,47.513355555555556,ST JOHNS WEST CLIMATE,8403603,8403603.2014.3.12,2014-03-12 00:00:00,NL,2014,3,12,-1.2,,-5,,2.7,,4.2,,,M,,M,54,,13,,35,,0,,19.2,,,,,
-52.78333888888889,47.513355555555556,ST JOHNS WEST CLIMATE,8403603,8403603.2014.3.13,2014-03-13 00:00:00,NL,2014,3,13,3.7,,-3.1,,10.4,,9,,,M,,M,52,,20,,57,,0,,14.3,,,,,
-52.78333888888889,47.513355555555556,ST JOHNS WEST CLIMATE,8403603,8403603.2014.3.14,2014-03-14 00:00:00,NL,2014,3,14,-0.8,,-8.7,,7.1,,3.5,,,M,,M,28,,26,,59,,0,,18.8,,,,,
-52.78333888888889,47.513355555555556,ST JOHNS WEST CLIMATE,8403603,8403603.2014.3.15,2014-03-15 00:00:00,NL,2014,3,15,-7.2,,-11,,-3.3,,0,,,M,,M,27,,0,,0,,0,,25.2,,,,,
-52.78333888888889,47.513355555555556,ST JOHNS WEST CLIMATE,8403603,8403603.2014.3.16,2014-03-16 00:00:00,NL,2014,3,16,-4.3,,-11.3,,2.8,,0,,,M,,M,27,,23,,54,,0,,22.3,,,,,
-52.78333888888889,47.513355555555556,ST JOHNS WEST CLIMATE,8403603,8403603.2014.3.17,2014-03-17 00:00:00,NL,2014,3,17,-5.2,,-8.9,,-1.5,,0,,,M,,M,27,,25,,65,,0,,23.2,,,,,
-52.78333888888889,47.513355555555556,ST JOHNS WEST CLIMATE,8403603,8403603.2014.3.18,2014-03-18 00:00:00,NL,2014,3,18,-6.6,,-10.2,,-2.9,,0,,,M,,M,26,,26,,50,,0,,24.6,,,,,
-52.78333888888889,47.513355555555556,ST JOHNS WEST CLIMATE,8403603,8403603.2014.3.19,2014-03-19 00:00:00,NL,2014,3,19,-3.3,,-6.7,,0.1,,0,,,M,,M,26,,0,,0,,0,,21.3,,,,,
-52.78333888888889,47.513355555555556,ST JOHNS WEST CLIMATE,8403603,8403603.2014.3.20,2014-03-20 00:00:00,NL,2014,3,20,-4.4,,-8.6,,-0.1,,0,,,M,,M,26,,13,,33,,0,,22.4,,,,,
-52.78333888888889,47.513355555555556,ST JOHNS WEST CLIMATE,8403603,8403603.2014.3.21,2014-03-21 00:00:00,NL,2014,3,21,0.2,,-3,,3.4,,14.4,,,M,,M,26,,17,,52,,0,,17.8,,,,,
-52.78333888888889,47.513355555555556,ST JOHNS WEST CLIMATE,8403603,8403603.2014.3.22,2014-03-22 00:00:00,NL,2014,3,22,-1.2,,-5,,2.6,,0,,,M,,M,25,,25,,50,,0,,19.2,,,,,
-52.78333888888889,47.513355555555556,ST JOHNS WEST CLIMATE,8403603,8403603.2014.3.23,2014-03-23 00:00:00,NL,2014,3,23,-0.6,,-3.9,,2.7,,1.7,,,M,,M,27,,27,,56,,0,,18.6,,,,,
-52.78333888888889,47.513355555555556,ST JOHNS WEST CLIMATE,8403603,8403603.2014.3.24,2014-03-24 00:00:00,NL,2014,3,24,-3.2,,-3.8,,-2.6,,10.9,,,M,,M,26,,33,,43,,0,,21.2,,,,,
-52.78333888888889,47.513355555555556,ST JOHNS WEST CLIMATE,8403603,8403603.2014.3.25,2014-03-25 00:00:00,NL,2014,3,25,-6.5,,-9.3,,-3.7,,0.2,,,M,,M,42,,28,,61,,0,,24.5,,,,,
-52.78333888888889,47.513355555555556,ST JOHNS WEST CLIMATE,8403603,8403603.2014.3.26,2014-03-26 00:00:00,NL,2014,3,26,-6.1,,-14.6,,2.4,,20,,,M,,M,42,,12,,74,,0,,24.1,,,,,
-52.78333888888889,47.513355555555556,ST JOHNS WEST CLIMATE,8403603,8403603.2014.3.27,2014-03-27 00:00:00,NL,2014,3,27,0.3,,-3.8,,4.3,,2.1,,,M,,M,26,,23,,78,,0,,17.7,,,,,
-52.78333888888889,47.513355555555556,ST JOHNS WEST CLIMATE,8403603,8403603.2014.3.28,2014-03-28 00:00:00,NL,2014,3,28,-1.8,,-4.4,,0.8,,0.2,,,M,,M,25,,29,,74,,0,,19.8,,,,,
-52.78333888888889,47.513355555555556,ST JOHNS WEST CLIMATE,8403603,8403603.2014.3.29,2014-03-29 00:00:00,NL,2014,3,29,0.3,,-3.6,,4.1,,3.4,,,M,,M,25,,25,,33,,0,,17.7,,,,,
-52.78333888888889,47.513355555555556,ST JOHNS WEST CLIMATE,8403603,8403603.2014.3.30,2014-03-30 00:00:00,NL,2014,3,30,-2.9,,-5.1,,-0.7,,0,,,M,,M,23,,3,,32,,0,,20.9,,,,,
-52.78333888888889,47.513355555555556,ST JOHNS WEST CLIMATE,8403603,8403603.2014.3.31,2014-03-31 00:00:00,NL,2014,3,31,-4.2,,-5.4,,-3,,10.4,,,M,,M,23,,7,,41,,0,,22.2,,,,,
-52.78333888888889,47.513355555555556,ST JOHNS WEST CLIMATE,8403603,8403603.2014.4.1,2014-04-01 00:00:00,NL,2014,4,1,-1.4,,-3,,0.2,,9.5,,,M,,M,40,,6,,54,,0,,19.4,,,,,
-52.78333888888889,47.513355555555556,ST JOHNS WEST CLIMATE,8403603,8403603.2014.4.2,2014-04-02 00:00:00,NL,2014,4,2,-1.8,,-3.2,,-0.4,,0.2,,,M,,M,43,,4,,61,,0,,19.8,,,,,
-52.78333888888889,47.513355555555556,ST JOHNS WEST CLIMATE,8403603,8403603.2014.4.3,2014-04-03 00:00:00,NL,2014,4,3,-4.2,,-5.6,,-2.7,,0,,,M,,M,47,,4,,39,,0,,22.2,,,,,
-52.78333888888889,47.513355555555556,ST JOHNS WEST CLIMATE,8403603,8403603.2014.4.4,2014-04-04 00:00:00,NL,2014,4,4,-1,,-5.7,,3.7,,0,,,M,,M,47,,0,,0,,0,,19,,,,,
-52.78333888888889,47.513355555555556,ST JOHNS WEST CLIMATE,8403603,8403603.2014.4.5,2014-04-05 00:00:00,NL,2014,4,5,-1.2,,-3.9,,1.5,,0,,,M,,M,45,,0,,0,,0,,19.2,,,,,
-52.78333888888889,47.513355555555556,ST JOHNS WEST CLIMATE,8403603,8403603.2014.4.6,2014-04-06 00:00:00,NL,2014,4,6,0.4,,-2.8,,3.5,,2.5,,,M,,M,43,,24,,61,,0,,17.6,,,,,
-52.78333888888889,47.513355555555556,ST JOHNS WEST CLIMATE,8403603,8403603.2014.4.7,2014-04-07 00:00:00,NL,2014,4,7,1.6,,-1,,4.1,,0,,,M,,M,40,,27,,56,,0,,16.4,,,,,
-52.78333888888889,47.513355555555556,ST JOHNS WEST CLIMATE,8403603,8403603.2014.4.8,2014-04-08 00:00:00,NL,2014,4,8,1.5,,-2.8,,5.8,,0.2,,,M,,M,36,,17,,54,,0,,16.5,,,,,
-52.78333888888889,47.513355555555556,ST JOHNS WEST CLIMATE,8403603,8403603.2014.4.9,2014-04-09 00:00:00,NL,2014,4,9,4.7,,-0.7,,10,,25.4,,,M,,M,33,,18,,57,,0,,13.3,,,,,
-52.78333888888889,47.513355555555556,ST JOHNS WEST CLIMATE,8403603,8403603.2014.4.10,2014-04-10 00:00:00,NL,2014,4,10,0.4,,-3.6,,4.3,,1.4,,,M,,M,19,,29,,50,,0,,17.6,,,,,
-52.78333888888889,47.513355555555556,ST JOHNS WEST CLIMATE,8403603,8403603.2014.4.11,2014-04-11 00:00:00,NL,2014,4,11,2.1,,-3.7,,7.8,,0,,,M,,M,16,,23,,65,,0,,15.9,,,,,
-52.78333888888889,47.513355555555556,ST JOHNS WEST CLIMATE,8403603,8403603.2014.4.12,2014-04-12 00:00:00,NL,2014,4,12,5.8,,3,,8.5,,9.9,,,M,,M,3,,22,,48,,0,,12.2,,,,,
-52.78333888888889,47.513355555555556,ST JOHNS WEST CLIMATE,8403603,8403603.2014.4.13,2014-04-13 00:00:00,NL,2014,4,13,2.4,,-2.3,,7,,0.3,,,M,,M,,,25,,39,,0,,15.6,,,,,
-52.78333888888889,47.513355555555556,ST JOHNS WEST CLIMATE,8403603,8403603.2014.4.14,2014-04-14 00:00:00,NL,2014,4,14,-0.8,,-4.2,,2.7,,1.4,,,M,,M,,,20,,41,,0,,18.8,,,,,
-52.78333888888889,47.513355555555556,ST JOHNS WEST CLIMATE,8403603,8403603.2014.4.15,2014-04-15 00:00:00,NL,2014,4,15,7.7,,0.4,,15,,0.2,,,M,,M,,,25,,59,,0,,10.3,,,,,
-52.78333888888889,47.513355555555556,ST JOHNS WEST CLIMATE,8403603,8403603.2014.4.16,2014-04-16 00:00:00,NL,2014,4,16,10.9,,3.9,,17.9,,0,,,M,,M,,,22,,59,,0,,7.1,,,,,
-52.78333888888889,47.513355555555556,ST JOHNS WEST CLIMATE,8403603,8403603.2014.4.17,2014-04-17 00:00:00,NL,2014,4,17,1.1,,-4.3,,6.5,,0,,,M,,M,,,32,,43,,0,,16.9,,,,,
-52.78333888888889,47.513355555555556,ST JOHNS WEST CLIMATE,8403603,8403603.2014.4.18,2014-04-18 00:00:00,NL,2014,4,18,-2.3,,-6.3,,1.7,,0,,,M,,M,,,0,,0,,0,,20.3,,,,,
-52.78333888888889,47.513355555555556,ST JOHNS WEST CLIMATE,8403603,8403603.2014.4.19,2014-04-19 00:00:00,NL,2014,4,19,-1.6,,-2.9,,-0.2,,2.8,,,M,,M,,,11,,33,,0,,19.6,,,,,
-52.78333888888889,47.513355555555556,ST JOHNS WEST CLIMATE,8403603,8403603.2014.4.20,2014-04-20 00:00:00,NL,2014,4,20,-0.9,,-3.5,,1.8,,0.9,,,M,,M,10,,0,,0,,0,,18.9,,,,,
-52.78333888888889,47.513355555555556,ST JOHNS WEST CLIMATE,8403603,8403603.2014.4.21,2014-04-21 00:00:00,NL,2014,4,21,2,,-3.2,,7.2,,0,,,M,,M,6,,28,,39,,0,,16,,,,,
-52.78333888888889,47.513355555555556,ST JOHNS WEST CLIMATE,8403603,8403603.2014.4.22,2014-04-22 00:00:00,NL,2014,4,22,4.2,,-0.1,,8.5,,0,,,M,,M,1,,0,,0,,0,,13.8,,,,,
-52.78333888888889,47.513355555555556,ST JOHNS WEST CLIMATE,8403603,8403603.2014.4.23,2014-04-23 00:00:00,NL,2014,4,23,-0.6,,-1.5,,0.3,,0,,,M,,M,,,4,,46,,0,,18.6,,,,,
-52.78333888888889,47.513355555555556,ST JOHNS WEST CLIMATE,8403603,8403603.2014.4.24,2014-04-24 00:00:00,NL,2014,4,24,0.8,,-0.2,,1.7,,5.2,,,M,,M,,,5,,56,,0,,17.2,,,,,
-52.78333888888889,47.513355555555556,ST JOHNS WEST CLIMATE,8403603,8403603.2014.4.25,2014-04-25 00:00:00,NL,2014,4,25,2.2,,1.2,,3.1,,9.7,,,M,,M,,,6,,54,,0,,15.8,,,,,
-52.78333888888889,47.513355555555556,ST JOHNS WEST CLIMATE,8403603,8403603.2014.4.26,2014-04-26 00:00:00,NL,2014,4,26,4.5,,1.1,,7.9,,0,,,M,,M,,,0,,0,,0,,13.5,,,,,
-52.78333888888889,47.513355555555556,ST JOHNS WEST CLIMATE,8403603,8403603.2014.4.27,2014-04-27 00:00:00,NL,2014,4,27,3.4,,1.1,,5.6,,0.2,,,M,,M,,,0,,0,,0,,14.6,,,,,
-52.78333888888889,47.513355555555556,ST JOHNS WEST CLIMATE,8403603,8403603.2014.4.28,2014-04-28 00:00:00,NL,2014,4,28,2.3,,0.2,,4.3,,,M,,M,,M,,,0,,0,,0,,15.7,,,,,
-52.78333888888889,47.513355555555556,ST JOHNS WEST CLIMATE,8403603,8403603.2014.4.29,2014-04-29 00:00:00,NL,2014,4,29,1,,-1.4,,3.4,,0.3,,,M,,M,,,2,,59,,0,,17,,,,,
-52.78333888888889,47.513355555555556,ST JOHNS WEST CLIMATE,8403603,8403603.2014.4.30,2014-04-30 00:00:00,NL,2014,4,30,,M,,M,,M,,M,,M,,M,,,0,,0,,,M,,M,,,,
-52.78333888888889,47.513355555555556,ST JOHNS WEST CLIMATE,8403603,8403603.2014.5.1,2014-05-01 00:00:00,NL,2014,5,1,2.5,,-4,,8.9,,0,,,M,,M,,,3,,32,,0,,15.5,,,,,
-52.78333888888889,47.513355555555556,ST JOHNS WEST CLIMATE,8403603,8403603.2014.5.2,2014-05-02 00:00:00,NL,2014,5,2,-0.6,,-4.7,,3.5,,0,,,M,,M,,,0,,0,,0,,18.6,,,,,
-52.78333888888889,47.513355555555556,ST JOHNS WEST CLIMATE,8403603,8403603.2014.5.3,2014-05-03 00:00:00,NL,2014,5,3,1.1,,-4.1,,6.2,,1.1,,,M,,M,,,0,,0,,0,,16.9,,,,,
-52.78333888888889,47.513355555555556,ST JOHNS WEST CLIMATE,8403603,8403603.2014.5.4,2014-05-04 00:00:00,NL,2014,5,4,2.2,,0.2,,4.1,,0,,,M,,M,,,0,,0,,0,,15.8,,,,,
-52.78333888888889,47.513355555555556,ST JOHNS WEST CLIMATE,8403603,8403603.2014.5.5,2014-05-05 00:00:00,NL,2014,5,5,0.8,,-0.7,,2.2,,12.5,,,M,,M,,,9,,37,,0,,17.2,,,,,
-52.78333888888889,47.513355555555556,ST JOHNS WEST CLIMATE,8403603,8403603.2014.5.6,2014-05-06 00:00:00,NL,2014,5,6,1,,-0.6,,2.6,,4.4,,,M,,M,,,32,,43,,0,,17,,,,,
-52.78333888888889,47.513355555555556,ST JOHNS WEST CLIMATE,8403603,8403603.2014.5.7,2014-05-07 00:00:00,NL,2014,5,7,1.6,,-0.5,,3.6,,0.9,,,M,,M,,,32,,37,,0,,16.4,,,,,
-52.78333888888889,47.513355555555556,ST JOHNS WEST CLIMATE,8403603,8403603.2014.5.8,2014-05-08 00:00:00,NL,2014,5,8,1.5,,-0.5,,3.5,,0.5,,,M,,M,,,1,,32,,0,,16.5,,,,,
-52.78333888888889,47.513355555555556,ST JOHNS WEST CLIMATE,8403603,8403603.2014.5.9,2014-05-09 00:00:00,NL,2014,5,9,3.5,,-0.3,,7.2,,0,,,M,,M,,,26,,32,,0,,14.5,,,,,
-52.78333888888889,47.513355555555556,ST JOHNS WEST CLIMATE,8403603,8403603.2014.5.10,2014-05-10 00:00:00,NL,2014,5,10,5.8,,1.7,,9.8,,2.9,,,M,,M,,,20,,50,,0,,12.2,,,,,
-52.78333888888889,47.513355555555556,ST JOHNS WEST CLIMATE,8403603,8403603.2014.5.11,2014-05-11 00:00:00,NL,2014,5,11,4.9,,-1.7,,11.5,,5.6,,,M,,M,,,21,,54,,0,,13.1,,,,,
-52.78333888888889,47.513355555555556,ST JOHNS WEST CLIMATE,8403603,8403603.2014.5.12,2014-05-12 00:00:00,NL,2014,5,12,3.6,,-0.9,,8,,5.6,,,M,,M,,,29,,32,,0,,14.4,,,,,
-52.78333888888889,47.513355555555556,ST JOHNS WEST CLIMATE,8403603,8403603.2014.5.13,2014-05-13 00:00:00,NL,2014,5,13,1.9,,-2.2,,5.9,,0,,,M,,M,,,0,,0,,0,,16.1,,,,,
-52.78333888888889,47.513355555555556,ST JOHNS WEST CLIMATE,8403603,8403603.2014.5.14,2014-05-14 00:00:00,NL,2014,5,14,1.3,,-1.9,,4.4,,0,,,M,,M,,,32,,39,,0,,16.7,,,,,
-52.78333888888889,47.513355555555556,ST JOHNS WEST CLIMATE,8403603,8403603.2014.5.15,2014-05-15 00:00:00,NL,2014,5,15,4.1,,-1.4,,9.6,,0,,,M,,M,,,0,,0,,0,,13.9,,,,,
-52.78333888888889,47.513355555555556,ST JOHNS WEST CLIMATE,8403603,8403603.2014.5.16,2014-05-16 00:00:00,NL,2014,5,16,12.2,,4.1,,20.2,,0,,,M,,M,,,0,,0,,0,,5.8,,,,,
-52.78333888888889,47.513355555555556,ST JOHNS WEST CLIMATE,8403603,8403603.2014.5.17,2014-05-17 00:00:00,NL,2014,5,17,11.2,,3.6,,18.7,,0,,,M,,M,,,0,,0,,0,,6.8,,,,,
-52.78333888888889,47.513355555555556,ST JOHNS WEST CLIMATE,8403603,8403603.2014.5.18,2014-05-18 00:00:00,NL,2014,5,18,6.7,,3,,10.3,,0.9,,,M,,M,,,0,,0,,0,,11.3,,,,,
-52.78333888888889,47.513355555555556,ST JOHNS WEST CLIMATE,8403603,8403603.2014.5.19,2014-05-19 00:00:00,NL,2014,5,19,6.5,,3,,10,,6.5,,,M,,M,,,0,,0,,0,,11.5,,,,,
-52.78333888888889,47.513355555555556,ST JOHNS WEST CLIMATE,8403603,8403603.2014.5.20,2014-05-20 00:00:00,NL,2014,5,20,7.7,,4.3,,11,,29.1,,,M,,M,,,11,,39,,0,,10.3,,,,,
-52.78333888888889,47.513355555555556,ST JOHNS WEST CLIMATE,8403603,8403603.2014.5.21,2014-05-21 00:00:00,NL,2014,5,21,13.1,,7.2,,18.9,,0,,,M,,M,,,0,,0,,0,,4.9,,,,,
-52.78333888888889,47.513355555555556,ST JOHNS WEST CLIMATE,8403603,8403603.2014.5.22,2014-05-22 00:00:00,NL,2014,5,22,9.6,,6,,13.2,,1.6,,,M,,M,,,15,,33,,0,,8.4,,,,,
-52.78333888888889,47.513355555555556,ST JOHNS WEST CLIMATE,8403603,8403603.2014.5.23,2014-05-23 00:00:00,NL,2014,5,23,10.5,,6,,14.9,,0,,,M,,M,,,0,,0,,0,,7.5,,,,,
-52.78333888888889,47.513355555555556,ST JOHNS WEST CLIMATE,8403603,8403603.2014.5.24,2014-05-24 00:00:00,NL,2014,5,24,7.1,,2.9,,11.3,,0.2,,,M,,M,,,0,,0,,0,,10.9,,,,,
-52.78333888888889,47.513355555555556,ST JOHNS WEST CLIMATE,8403603,8403603.2014.5.25,2014-05-25 00:00:00,NL,2014,5,25,3.5,,2.4,,4.5,,0,,,M,,M,,,0,,0,,0,,14.5,,,,,
-52.78333888888889,47.513355555555556,ST JOHNS WEST CLIMATE,8403603,8403603.2014.5.26,2014-05-26 00:00:00,NL,2014,5,26,4.6,,3.1,,6,,3.4,,,M,,M,,,3,,39,,0,,13.4,,,,,
-52.78333888888889,47.513355555555556,ST JOHNS WEST CLIMATE,8403603,8403603.2014.5.27,2014-05-27 00:00:00,NL,2014,5,27,3.9,,3.1,,4.6,,58.3,,,M,,M,,,36,,57,,0,,14.1,,,,,
-52.78333888888889,47.513355555555556,ST JOHNS WEST CLIMATE,8403603,8403603.2014.5.28,2014-05-28 00:00:00,NL,2014,5,28,3.1,,1.7,,4.5,,3.7,,,M,,M,,,1,,63,,0,,14.9,,,,,
-52.78333888888889,47.513355555555556,ST JOHNS WEST CLIMATE,8403603,8403603.2014.5.29,2014-05-29 00:00:00,NL,2014,5,29,3.8,,-2.4,,10,,0,,,M,,M,,,32,,37,,0,,14.2,,,,,
-52.78333888888889,47.513355555555556,ST JOHNS WEST CLIMATE,8403603,8403603.2014.5.30,2014-05-30 00:00:00,NL,2014,5,30,3.1,,-1.2,,7.3,,0,,,M,,M,,,0,,0,,0,,14.9,,,,,
-52.78333888888889,47.513355555555556,ST JOHNS WEST CLIMATE,8403603,8403603.2014.5.31,2014-05-31 00:00:00,NL,2014,5,31,3.7,,-1.5,,8.9,,0,,,M,,M,,,0,,0,,0,,14.3,,,,,
-52.78333888888889,47.513355555555556,ST JOHNS WEST CLIMATE,8403603,8403603.2014.6.1,2014-06-01 00:00:00,NL,2014,6,1,4.9,,-1.7,,11.4,,0,,,M,,M,,,0,,0,,0,,13.1,,,,,
-52.78333888888889,47.513355555555556,ST JOHNS WEST CLIMATE,8403603,8403603.2014.6.2,2014-06-02 00:00:00,NL,2014,6,2,6.7,,-1.4,,14.8,,0,,,M,,M,,,19,,33,,0,,11.3,,,,,
-52.78333888888889,47.513355555555556,ST JOHNS WEST CLIMATE,8403603,8403603.2014.6.3,2014-06-03 00:00:00,NL,2014,6,3,11.7,,3.3,,20,,0.5,,,M,,M,,,0,,0,,0,,6.3,,,,,
-52.78333888888889,47.513355555555556,ST JOHNS WEST CLIMATE,8403603,8403603.2014.6.4,2014-06-04 00:00:00,NL,2014,6,4,12.1,,5.9,,18.2,,0.4,,,M,,M,,,0,,0,,0,,5.9,,,,,
-52.78333888888889,47.513355555555556,ST JOHNS WEST CLIMATE,8403603,8403603.2014.6.5,2014-06-05 00:00:00,NL,2014,6,5,14.9,,8.8,,20.9,,0.7,,,M,,M,,,0,,0,,0,,3.1,,,,,
-52.78333888888889,47.513355555555556,ST JOHNS WEST CLIMATE,8403603,8403603.2014.6.6,2014-06-06 00:00:00,NL,2014,6,6,14.7,,8.9,,20.5,,0.2,,,M,,M,,,21,,33,,0,,3.3,,,,,
-52.78333888888889,47.513355555555556,ST JOHNS WEST CLIMATE,8403603,8403603.2014.6.7,2014-06-07 00:00:00,NL,2014,6,7,14.6,,9.2,,20,,8.5,,,M,,M,,,0,,0,,0,,3.4,,,,,
-52.78333888888889,47.513355555555556,ST JOHNS WEST CLIMATE,8403603,8403603.2014.6.8,2014-06-08 00:00:00,NL,2014,6,8,8.6,,4.7,,12.4,,1,,,M,,M,,,0,,0,,0,,9.4,,,,,
-52.78333888888889,47.513355555555556,ST JOHNS WEST CLIMATE,8403603,8403603.2014.6.9,2014-06-09 00:00:00,NL,2014,6,9,7.1,,4.6,,9.6,,0,,,M,,M,,,35,,37,,0,,10.9,,,,,
-52.78333888888889,47.513355555555556,ST JOHNS WEST CLIMATE,8403603,8403603.2014.6.10,2014-06-10 00:00:00,NL,2014,6,10,7.6,,5.5,,9.6,,0,,,M,,M,,,33,,32,,0,,10.4,,,,,
-52.78333888888889,47.513355555555556,ST JOHNS WEST CLIMATE,8403603,8403603.2014.6.11,2014-06-11 00:00:00,NL,2014,6,11,7,,3.7,,10.3,,0,,,M,,M,,,0,,0,,0,,11,,,,,
-52.78333888888889,47.513355555555556,ST JOHNS WEST CLIMATE,8403603,8403603.2014.6.12,2014-06-12 00:00:00,NL,2014,6,12,6.8,,3.3,,10.2,,0,,,M,,M,,,1,,59,,0,,11.2,,,,,
-52.78333888888889,47.513355555555556,ST JOHNS WEST CLIMATE,8403603,8403603.2014.6.13,2014-06-13 00:00:00,NL,2014,6,13,9.1,,3.7,,14.4,,0,,,M,,M,,,32,,35,,0,,8.9,,,,,
-52.78333888888889,47.513355555555556,ST JOHNS WEST CLIMATE,8403603,8403603.2014.6.14,2014-06-14 00:00:00,NL,2014,6,14,13.6,,6.3,,20.8,,0,,,M,,M,,,29,,32,,0,,4.4,,,,,
-52.78333888888889,47.513355555555556,ST JOHNS WEST CLIMATE,8403603,8403603.2014.6.15,2014-06-15 00:00:00,NL,2014,6,15,14.6,,8.5,,20.6,,0,,,M,,M,,,0,,0,,0,,3.4,,,,,
-52.78333888888889,47.513355555555556,ST JOHNS WEST CLIMATE,8403603,8403603.2014.6.16,2014-06-16 00:00:00,NL,2014,6,16,9.3,,7.2,,11.3,,4.7,,,M,,M,,,13,,48,,0,,8.7,,,,,
-52.78333888888889,47.513355555555556,ST JOHNS WEST CLIMATE,8403603,8403603.2014.6.17,2014-06-17 00:00:00,NL,2014,6,17,9.5,,5.3,,13.6,,0,,,M,,M,,,31,,44,,0,,8.5,,,,,
-52.78333888888889,47.513355555555556,ST JOHNS WEST CLIMATE,8403603,8403603.2014.6.18,2014-06-18 00:00:00,NL,2014,6,18,13.1,,3.8,,22.3,,0,,,M,,M,,,0,,0,,0,,4.9,,,,,
-52.78333888888889,47.513355555555556,ST JOHNS WEST CLIMATE,8403603,8403603.2014.6.19,2014-06-19 00:00:00,NL,2014,6,19,10.9,,6.6,,15.2,,11.2,,,M,,M,,,11,,48,,0,,7.1,,,,,
-52.78333888888889,47.513355555555556,ST JOHNS WEST CLIMATE,8403603,8403603.2014.6.20,2014-06-20 00:00:00,NL,2014,6,20,12.3,,7.5,,17.1,,0,,,M,,M,,,25,,43,,0,,5.7,,,,,
-52.78333888888889,47.513355555555556,ST JOHNS WEST CLIMATE,8403603,8403603.2014.6.21,2014-06-21 00:00:00,NL,2014,6,21,9.9,,5.8,,14,,9.6,,,M,,M,,,28,,32,,0,,8.1,,,,,
-52.78333888888889,47.513355555555556,ST JOHNS WEST CLIMATE,8403603,8403603.2014.6.22,2014-06-22 00:00:00,NL,2014,6,22,9.3,,6.2,,12.3,,0,,,M,,M,,,30,,33,,0,,8.7,,,,,
-52.78333888888889,47.513355555555556,ST JOHNS WEST CLIMATE,8403603,8403603.2014.6.23,2014-06-23 00:00:00,NL,2014,6,23,12.7,,5.8,,19.5,,0,,,M,,M,,,0,,0,,0,,5.3,,,,,
-52.78333888888889,47.513355555555556,ST JOHNS WEST CLIMATE,8403603,8403603.2014.6.24,2014-06-24 00:00:00,NL,2014,6,24,16.9,,10.2,,23.6,,0,,,M,,M,,,24,,35,,0,,1.1,,,,,
-52.78333888888889,47.513355555555556,ST JOHNS WEST CLIMATE,8403603,8403603.2014.6.25,2014-06-25 00:00:00,NL,2014,6,25,14.4,,10.3,,18.5,,4.7,,,M,,M,,,25,,50,,0,,3.6,,,,,
-52.78333888888889,47.513355555555556,ST JOHNS WEST CLIMATE,8403603,8403603.2014.6.26,2014-06-26 00:00:00,NL,2014,6,26,12.3,,8.6,,15.9,,2.2,,,M,,M,,,0,,0,,0,,5.7,,,,,
-52.78333888888889,47.513355555555556,ST JOHNS WEST CLIMATE,8403603,8403603.2014.6.27,2014-06-27 00:00:00,NL,2014,6,27,8.2,,6.8,,9.6,,19.7,,,M,,M,,,0,,0,,0,,9.8,,,,,
-52.78333888888889,47.513355555555556,ST JOHNS WEST CLIMATE,8403603,8403603.2014.6.28,2014-06-28 00:00:00,NL,2014,6,28,11.8,,6.6,,17,,0,,,M,,M,,,0,,0,,0,,6.2,,,,,
-52.78333888888889,47.513355555555556,ST JOHNS WEST CLIMATE,8403603,8403603.2014.6.29,2014-06-29 00:00:00,NL,2014,6,29,10.9,,4.3,,17.4,,0,,,M,,M,,,0,,0,,0,,7.1,,,,,
-52.78333888888889,47.513355555555556,ST JOHNS WEST CLIMATE,8403603,8403603.2014.6.30,2014-06-30 00:00:00,NL,2014,6,30,13.6,,7.1,,20.1,,0,,,M,,M,,,0,,0,,0,,4.4,,,,,
-52.78333888888889,47.513355555555556,ST JOHNS WEST CLIMATE,8403603,8403603.2014.7.1,2014-07-01 00:00:00,NL,2014,7,1,17.6,,9.1,,26,,0,,,M,,M,,,22,,46,,0,,0.4,,,,,
-52.78333888888889,47.513355555555556,ST JOHNS WEST CLIMATE,8403603,8403603.2014.7.2,2014-07-02 00:00:00,NL,2014,7,2,20.6,,15.8,,25.4,,0,,,M,,M,,,26,,50,,2.6,,0,,,,,
-52.78333888888889,47.513355555555556,ST JOHNS WEST CLIMATE,8403603,8403603.2014.7.3,2014-07-03 00:00:00,NL,2014,7,3,21.2,,16,,26.3,,0,,,M,,M,,,25,,57,,3.2,,0,,,,,
-52.78333888888889,47.513355555555556,ST JOHNS WEST CLIMATE,8403603,8403603.2014.7.4,2014-07-04 00:00:00,NL,2014,7,4,20.9,,16.1,,25.7,,0,,,M,,M,,,25,,52,,2.9,,0,,,,,
-52.78333888888889,47.513355555555556,ST JOHNS WEST CLIMATE,8403603,8403603.2014.7.5,2014-07-05 00:00:00,NL,2014,7,5,19.3,,13.3,,25.3,,0,,,M,,M,,,19,,44,,1.3,,0,,,,,
-52.78333888888889,47.513355555555556,ST JOHNS WEST CLIMATE,8403603,8403603.2014.7.6,2014-07-06 00:00:00,NL,2014,7,6,15.1,,11.6,,18.6,,0.5,,,M,,M,,,20,,54,,0,,2.9,,,,,
-52.78333888888889,47.513355555555556,ST JOHNS WEST CLIMATE,8403603,8403603.2014.7.7,2014-07-07 00:00:00,NL,2014,7,7,18,,13,,22.9,,1.1,,,M,,M,,,25,,44,,0,,0,,,,,
-52.78333888888889,47.513355555555556,ST JOHNS WEST CLIMATE,8403603,8403603.2014.7.8,2014-07-08 00:00:00,NL,2014,7,8,19.1,,14.5,,23.6,,0.8,,,M,,M,,,21,,56,,1.1,,0,,,,,
-52.78333888888889,47.513355555555556,ST JOHNS WEST CLIMATE,8403603,8403603.2014.7.9,2014-07-09 00:00:00,NL,2014,7,9,21.3,,17.3,,25.2,,0,,,M,,M,,,25,,50,,3.3,,0,,,,,
-52.78333888888889,47.513355555555556,ST JOHNS WEST CLIMATE,8403603,8403603.2014.7.10,2014-07-10 00:00:00,NL,2014,7,10,22.4,,19.2,,25.6,,0,,,M,,M,,,23,,48,,4.4,,0,,,,,
-52.78333888888889,47.513355555555556,ST JOHNS WEST CLIMATE,8403603,8403603.2014.7.11,2014-07-11 00:00:00,NL,2014,7,11,23,,17.8,,28.2,,10,,,M,,M,,,25,,37,,5,,0,,,,,
-52.78333888888889,47.513355555555556,ST JOHNS WEST CLIMATE,8403603,8403603.2014.7.12,2014-07-12 00:00:00,NL,2014,7,12,18.9,,13.8,,23.9,,5.4,,,M,,M,,,0,,0,,0.9,,0,,,,,
-52.78333888888889,47.513355555555556,ST JOHNS WEST CLIMATE,8403603,8403603.2014.7.13,2014-07-13 00:00:00,NL,2014,7,13,19.3,,12.8,,25.8,,0,,,M,,M,,,0,,0,,1.3,,0,,,,,
-52.78333888888889,47.513355555555556,ST JOHNS WEST CLIMATE,8403603,8403603.2014.7.14,2014-07-14 00:00:00,NL,2014,7,14,18.9,,13.2,,24.6,,0,,,M,,M,,,24,,39,,0.9,,0,,,,,
-52.78333888888889,47.513355555555556,ST JOHNS WEST CLIMATE,8403603,8403603.2014.7.15,2014-07-15 00:00:00,NL,2014,7,15,21.4,,16.6,,26.2,,0,,,M,,M,,,28,,46,,3.4,,0,,,,,
-52.78333888888889,47.513355555555556,ST JOHNS WEST CLIMATE,8403603,8403603.2014.7.16,2014-07-16 00:00:00,NL,2014,7,16,21.5,,17,,25.9,,0,,,M,,M,,,26,,54,,3.5,,0,,,,,
-52.78333888888889,47.513355555555556,ST JOHNS WEST CLIMATE,8403603,8403603.2014.7.17,2014-07-17 00:00:00,NL,2014,7,17,23.6,,19.5,,27.7,,0,,,M,,M,,,25,,57,,5.6,,0,,,,,
-52.78333888888889,47.513355555555556,ST JOHNS WEST CLIMATE,8403603,8403603.2014.7.18,2014-07-18 00:00:00,NL,2014,7,18,20.9,,15.8,,25.9,,0,,,M,,M,,,24,,52,,2.9,,0,,,,,
-52.78333888888889,47.513355555555556,ST JOHNS WEST CLIMATE,8403603,8403603.2014.7.19,2014-07-19 00:00:00,NL,2014,7,19,13.7,,8.2,,19.1,,0,,,M,,M,,,29,,33,,0,,4.3,,,,,
-52.78333888888889,47.513355555555556,ST JOHNS WEST CLIMATE,8403603,8403603.2014.7.20,2014-07-20 00:00:00,NL,2014,7,20,17.5,,8.7,,26.3,,0,,,M,,M,,,28,,39,,0,,0.5,,,,,
-52.78333888888889,47.513355555555556,ST JOHNS WEST CLIMATE,8403603,8403603.2014.7.21,2014-07-21 00:00:00,NL,2014,7,21,21.3,,13.7,,28.8,,0,,,M,,M,,,31,,32,,3.3,,0,,,,,
-52.78333888888889,47.513355555555556,ST JOHNS WEST CLIMATE,8403603,8403603.2014.7.22,2014-07-22 00:00:00,NL,2014,7,22,20.5,,13.1,,27.8,,0,,,M,,M,,,0,,0,,2.5,,0,,,,,
-52.78333888888889,47.513355555555556,ST JOHNS WEST CLIMATE,8403603,8403603.2014.7.23,2014-07-23 00:00:00,NL,2014,7,23,21.3,,16.8,,25.7,,0,,,M,,M,,,24,,50,,3.3,,0,,,,,
-52.78333888888889,47.513355555555556,ST JOHNS WEST CLIMATE,8403603,8403603.2014.7.24,2014-07-24 00:00:00,NL,2014,7,24,21.9,,17.3,,26.4,,0,,,M,,M,,,25,,50,,3.9,,0,,,,,
-52.78333888888889,47.513355555555556,ST JOHNS WEST CLIMATE,8403603,8403603.2014.7.25,2014-07-25 00:00:00,NL,2014,7,25,21.5,,17,,26,,25.3,,,M,,M,,,23,,43,,3.5,,0,,,,,
-52.78333888888889,47.513355555555556,ST JOHNS WEST CLIMATE,8403603,8403603.2014.7.26,2014-07-26 00:00:00,NL,2014,7,26,17.1,,11.8,,22.4,,1.2,,,M,,M,,,0,,0,,0,,0.9,,,,,
-52.78333888888889,47.513355555555556,ST JOHNS WEST CLIMATE,8403603,8403603.2014.7.27,2014-07-27 00:00:00,NL,2014,7,27,19.6,,11.9,,27.3,,0,,,M,,M,,,0,,0,,1.6,,0,,,,,
-52.78333888888889,47.513355555555556,ST JOHNS WEST CLIMATE,8403603,8403603.2014.7.28,2014-07-28 00:00:00,NL,2014,7,28,18.4,,12.2,,24.5,,0,,,M,,M,,,0,,0,,0.4,,0,,,,,
-52.78333888888889,47.513355555555556,ST JOHNS WEST CLIMATE,8403603,8403603.2014.7.29,2014-07-29 00:00:00,NL,2014,7,29,17.8,,13.3,,22.3,,0,,,M,,M,,,15,,32,,0,,0.2,,,,,
-52.78333888888889,47.513355555555556,ST JOHNS WEST CLIMATE,8403603,8403603.2014.7.30,2014-07-30 00:00:00,NL,2014,7,30,24.3,,18.9,,29.6,,0,,,M,,M,,,24,,46,,6.3,,0,,,,,
-52.78333888888889,47.513355555555556,ST JOHNS WEST CLIMATE,8403603,8403603.2014.7.31,2014-07-31 00:00:00,NL,2014,7,31,24.6,,19.3,,29.8,,0,,,M,,M,,,25,,35,,6.6,,0,,,,,
-52.78333888888889,47.513355555555556,ST JOHNS WEST CLIMATE,8403603,8403603.2014.8.1,2014-08-01 00:00:00,NL,2014,8,1,23.8,,21,,26.5,,0,,,M,,M,,,22,,44,,5.8,,0,,,,,
-52.78333888888889,47.513355555555556,ST JOHNS WEST CLIMATE,8403603,8403603.2014.8.2,2014-08-02 00:00:00,NL,2014,8,2,22.8,,19.7,,25.9,,0,,,M,,M,,,0,,0,,4.8,,0,,,,,
-52.78333888888889,47.513355555555556,ST JOHNS WEST CLIMATE,8403603,8403603.2014.8.3,2014-08-03 00:00:00,NL,2014,8,3,22.7,,17.5,,27.8,,0,,,M,,M,,,26,,35,,4.7,,0,,,,,
-52.78333888888889,47.513355555555556,ST JOHNS WEST CLIMATE,8403603,8403603.2014.8.4,2014-08-04 00:00:00,NL,2014,8,4,20.9,,15.8,,25.9,,0,,,M,,M,,,0,,0,,2.9,,0,,,,,
-52.78333888888889,47.513355555555556,ST JOHNS WEST CLIMATE,8403603,8403603.2014.8.5,2014-08-05 00:00:00,NL,2014,8,5,17,,15.4,,18.5,,0,,,M,,M,,,0,,0,,0,,1,,,,,
-52.78333888888889,47.513355555555556,ST JOHNS WEST CLIMATE,8403603,8403603.2014.8.6,2014-08-06 00:00:00,NL,2014,8,6,18.1,,16.1,,20,,1.4,,,M,,M,,,16,,37,,0.1,,0,,,,,
-52.78333888888889,47.513355555555556,ST JOHNS WEST CLIMATE,8403603,8403603.2014.8.7,2014-08-07 00:00:00,NL,2014,8,7,17.8,,16.7,,18.9,,9,,,M,,M,,,0,,0,,0,,0.2,,,,,
-52.78333888888889,47.513355555555556,ST JOHNS WEST CLIMATE,8403603,8403603.2014.8.8,2014-08-08 00:00:00,NL,2014,8,8,17.6,,15.7,,19.5,,40.9,,,M,,M,,,15,,33,,0,,0.4,,,,,
-52.78333888888889,47.513355555555556,ST JOHNS WEST CLIMATE,8403603,8403603.2014.8.9,2014-08-09 00:00:00,NL,2014,8,9,17.6,,12.6,,22.6,,9.3,,,M,,M,,,0,,0,,0,,0.4,,,,,
-52.78333888888889,47.513355555555556,ST JOHNS WEST CLIMATE,8403603,8403603.2014.8.10,2014-08-10 00:00:00,NL,2014,8,10,15.3,,12.3,,18.3,,0.5,,,M,,M,,,0,,0,,0,,2.7,,,,,
-52.78333888888889,47.513355555555556,ST JOHNS WEST CLIMATE,8403603,8403603.2014.8.11,2014-08-11 00:00:00,NL,2014,8,11,15.7,,15.1,,16.3,,15,,,M,,M,,,7,,33,,0,,2.3,,,,,
-52.78333888888889,47.513355555555556,ST JOHNS WEST CLIMATE,8403603,8403603.2014.8.12,2014-08-12 00:00:00,NL,2014,8,12,16.2,,15.2,,17.2,,2.5,,,M,,M,,,0,,0,,0,,1.8,,,,,
-52.78333888888889,47.513355555555556,ST JOHNS WEST CLIMATE,8403603,8403603.2014.8.13,2014-08-13 00:00:00,NL,2014,8,13,16.4,,14.6,,18.1,,1.3,,,M,,M,,,0,,0,,0,,1.6,,,,,
-52.78333888888889,47.513355555555556,ST JOHNS WEST CLIMATE,8403603,8403603.2014.8.14,2014-08-14 00:00:00,NL,2014,8,14,16.4,,15,,17.7,,0.7,,,M,,M,,,0,,0,,0,,1.6,,,,,
-52.78333888888889,47.513355555555556,ST JOHNS WEST CLIMATE,8403603,8403603.2014.8.15,2014-08-15 00:00:00,NL,2014,8,15,15,,13.5,,16.5,,0,,,M,,M,,,11,,33,,0,,3,,,,,
-52.78333888888889,47.513355555555556,ST JOHNS WEST CLIMATE,8403603,8403603.2014.8.16,2014-08-16 00:00:00,NL,2014,8,16,15.4,,13.4,,17.3,,0,,,M,,M,,,0,,0,,0,,2.6,,,,,
-52.78333888888889,47.513355555555556,ST JOHNS WEST CLIMATE,8403603,8403603.2014.8.17,2014-08-17 00:00:00,NL,2014,8,17,15.4,,13.1,,17.6,,0,,,M,,M,,,0,,0,,0,,2.6,,,,,
-52.78333888888889,47.513355555555556,ST JOHNS WEST CLIMATE,8403603,8403603.2014.8.18,2014-08-18 00:00:00,NL,2014,8,18,15.3,,14,,16.6,,10.2,,,M,,M,,,15,,37,,0,,2.7,,,,,
-52.78333888888889,47.513355555555556,ST JOHNS WEST CLIMATE,8403603,8403603.2014.8.19,2014-08-19 00:00:00,NL,2014,8,19,19.2,,15.3,,23,,23,,,M,,M,,,11,,54,,1.2,,0,,,,,
-52.78333888888889,47.513355555555556,ST JOHNS WEST CLIMATE,8403603,8403603.2014.8.20,2014-08-20 00:00:00,NL,2014,8,20,18.5,,15.1,,21.8,,6,,,M,,M,,,21,,41,,0.5,,0,,,,,
-52.78333888888889,47.513355555555556,ST JOHNS WEST CLIMATE,8403603,8403603.2014.8.21,2014-08-21 00:00:00,NL,2014,8,21,16.3,,13.7,,18.9,,5,,,M,,M,,,33,,44,,0,,1.7,,,,,
-52.78333888888889,47.513355555555556,ST JOHNS WEST CLIMATE,8403603,8403603.2014.8.22,2014-08-22 00:00:00,NL,2014,8,22,13.5,,12,,14.9,,0,,,M,,M,,,1,,41,,0,,4.5,,,,,
-52.78333888888889,47.513355555555556,ST JOHNS WEST CLIMATE,8403603,8403603.2014.8.23,2014-08-23 00:00:00,NL,2014,8,23,13.1,,11,,15.1,,1.1,,,M,,M,,,36,,35,,0,,4.9,,,,,
-52.78333888888889,47.513355555555556,ST JOHNS WEST CLIMATE,8403603,8403603.2014.8.24,2014-08-24 00:00:00,NL,2014,8,24,12.1,,9.4,,14.7,,0,,,M,,M,,,0,,0,,0,,5.9,,,,,
-52.78333888888889,47.513355555555556,ST JOHNS WEST CLIMATE,8403603,8403603.2014.8.25,2014-08-25 00:00:00,NL,2014,8,25,16.1,,9.7,,22.4,,0,,,M,,M,,,28,,37,,0,,1.9,,,,,
-52.78333888888889,47.513355555555556,ST JOHNS WEST CLIMATE,8403603,8403603.2014.8.26,2014-08-26 00:00:00,NL,2014,8,26,14.1,,12.6,,15.6,,0,,,M,,M,,,0,,0,,0,,3.9,,,,,
-52.78333888888889,47.513355555555556,ST JOHNS WEST CLIMATE,8403603,8403603.2014.8.27,2014-08-27 00:00:00,NL,2014,8,27,19.5,,15.2,,23.7,,0.2,,,M,,M,,,22,,50,,1.5,,0,,,,,
-52.78333888888889,47.513355555555556,ST JOHNS WEST CLIMATE,8403603,8403603.2014.8.28,2014-08-28 00:00:00,NL,2014,8,28,14.9,,11.7,,18,,11.7,,,M,,M,,,4,,43,,0,,3.1,,,,,
-52.78333888888889,47.513355555555556,ST JOHNS WEST CLIMATE,8403603,8403603.2014.8.29,2014-08-29 00:00:00,NL,2014,8,29,9.7,,7.4,,11.9,,8.1,,,M,,M,,,1,,61,,0,,8.3,,,,,
-52.78333888888889,47.513355555555556,ST JOHNS WEST CLIMATE,8403603,8403603.2014.8.30,2014-08-30 00:00:00,NL,2014,8,30,12.6,,5.5,,19.7,,0,,,M,,M,,,27,,41,,0,,5.4,,,,,
-52.78333888888889,47.513355555555556,ST JOHNS WEST CLIMATE,8403603,8403603.2014.8.31,2014-08-31 00:00:00,NL,2014,8,31,17.4,,14,,20.7,,1.3,,,M,,M,,,23,,54,,0,,0.6,,,,,
-52.78333888888889,47.513355555555556,ST JOHNS WEST CLIMATE,8403603,8403603.2014.9.1,2014-09-01 00:00:00,NL,2014,9,1,13.8,,9.3,,18.3,,3.3,,,M,,M,,,0,,0,,0,,4.2,,,,,
-52.78333888888889,47.513355555555556,ST JOHNS WEST CLIMATE,8403603,8403603.2014.9.2,2014-09-02 00:00:00,NL,2014,9,2,12.4,,9.1,,15.7,,0,,,M,,M,,,0,,0,,0,,5.6,,,,,
-52.78333888888889,47.513355555555556,ST JOHNS WEST CLIMATE,8403603,8403603.2014.9.3,2014-09-03 00:00:00,NL,2014,9,3,14.1,,11.1,,17.1,,0.6,,,M,,M,,,20,,39,,0,,3.9,,,,,
-52.78333888888889,47.513355555555556,ST JOHNS WEST CLIMATE,8403603,8403603.2014.9.4,2014-09-04 00:00:00,NL,2014,9,4,17.8,,13.2,,22.4,,5.7,,,M,,M,,,32,,32,,0,,0.2,,,,,
-52.78333888888889,47.513355555555556,ST JOHNS WEST CLIMATE,8403603,8403603.2014.9.5,2014-09-05 00:00:00,NL,2014,9,5,16.1,,9.4,,22.8,,0,,,M,,M,,,27,,39,,0,,1.9,,,,,
-52.78333888888889,47.513355555555556,ST JOHNS WEST CLIMATE,8403603,8403603.2014.9.6,2014-09-06 00:00:00,NL,2014,9,6,16.9,,9.1,,24.6,,0,,,M,,M,,,24,,57,,0,,1.1,,,,,
-52.78333888888889,47.513355555555556,ST JOHNS WEST CLIMATE,8403603,8403603.2014.9.7,2014-09-07 00:00:00,NL,2014,9,7,16.7,,12,,21.3,,4.2,,,M,,M,,,25,,54,,0,,1.3,,,,,
-52.78333888888889,47.513355555555556,ST JOHNS WEST CLIMATE,8403603,8403603.2014.9.8,2014-09-08 00:00:00,NL,2014,9,8,10.9,,4.6,,17.2,,0,,,M,,M,,,30,,46,,0,,7.1,,,,,
-52.78333888888889,47.513355555555556,ST JOHNS WEST CLIMATE,8403603,8403603.2014.9.9,2014-09-09 00:00:00,NL,2014,9,9,11.1,,4,,18.2,,0,,,M,,M,,,0,,0,,0,,6.9,,,,,
-52.78333888888889,47.513355555555556,ST JOHNS WEST CLIMATE,8403603,8403603.2014.9.10,2014-09-10 00:00:00,NL,2014,9,10,12.9,,6.9,,18.8,,0,,,M,,M,,,16,,32,,0,,5.1,,,,,
-52.78333888888889,47.513355555555556,ST JOHNS WEST CLIMATE,8403603,8403603.2014.9.11,2014-09-11 00:00:00,NL,2014,9,11,16.2,,13.6,,18.7,,0,,,M,,M,,,13,,35,,0,,1.8,,,,,
-52.78333888888889,47.513355555555556,ST JOHNS WEST CLIMATE,8403603,8403603.2014.9.12,2014-09-12 00:00:00,NL,2014,9,12,16.8,,10.7,,22.8,,0.7,,,M,,M,,,28,,50,,0,,1.2,,,,,
-52.78333888888889,47.513355555555556,ST JOHNS WEST CLIMATE,8403603,8403603.2014.9.13,2014-09-13 00:00:00,NL,2014,9,13,8.2,,2.7,,13.6,,0,,,M,,M,,,32,,41,,0,,9.8,,,,,
-52.78333888888889,47.513355555555556,ST JOHNS WEST CLIMATE,8403603,8403603.2014.9.14,2014-09-14 00:00:00,NL,2014,9,14,7.2,,2.2,,12.1,,3,,,M,,M,,,12,,41,,0,,10.8,,,,,
-52.78333888888889,47.513355555555556,ST JOHNS WEST CLIMATE,8403603,8403603.2014.9.15,2014-09-15 00:00:00,NL,2014,9,15,12.1,,10.6,,13.6,,16.6,,,M,,M,,,11,,39,,0,,5.9,,,,,
-52.78333888888889,47.513355555555556,ST JOHNS WEST CLIMATE,8403603,8403603.2014.9.16,2014-09-16 00:00:00,NL,2014,9,16,11.7,,8.2,,15.2,,0,,,M,,M,,,28,,37,,0,,6.3,,,,,
-52.78333888888889,47.513355555555556,ST JOHNS WEST CLIMATE,8403603,8403603.2014.9.17,2014-09-17 00:00:00,NL,2014,9,17,11.7,,5.5,,17.8,,0,,,M,,M,,,0,,0,,0,,6.3,,,,,
-52.78333888888889,47.513355555555556,ST JOHNS WEST CLIMATE,8403603,8403603.2014.9.18,2014-09-18 00:00:00,NL,2014,9,18,14.3,,11.1,,17.4,,0,,,M,,M,,,0,,0,,0,,3.7,,,,,
-52.78333888888889,47.513355555555556,ST JOHNS WEST CLIMATE,8403603,8403603.2014.9.19,2014-09-19 00:00:00,NL,2014,9,19,12.2,,6.3,,18.1,,0,,,M,,M,,,32,,44,,0,,5.8,,,,,
-52.78333888888889,47.513355555555556,ST JOHNS WEST CLIMATE,8403603,8403603.2014.9.20,2014-09-20 00:00:00,NL,2014,9,20,10.3,,6.3,,14.2,,0,,,M,,M,,,24,,59,,0,,7.7,,,,,
-52.78333888888889,47.513355555555556,ST JOHNS WEST CLIMATE,8403603,8403603.2014.9.21,2014-09-21 00:00:00,NL,2014,9,21,17,,13,,21,,0,,,M,,M,,,24,,67,,0,,1,,,,,
-52.78333888888889,47.513355555555556,ST JOHNS WEST CLIMATE,8403603,8403603.2014.9.22,2014-09-22 00:00:00,NL,2014,9,22,18.4,,16.3,,20.4,,2.6,,,M,,M,,,22,,65,,0.4,,0,,,,,
-52.78333888888889,47.513355555555556,ST JOHNS WEST CLIMATE,8403603,8403603.2014.9.23,2014-09-23 00:00:00,NL,2014,9,23,13.7,,7.9,,19.5,,0,,,M,,M,,,24,,56,,0,,4.3,,,,,
-52.78333888888889,47.513355555555556,ST JOHNS WEST CLIMATE,8403603,8403603.2014.9.24,2014-09-24 00:00:00,NL,2014,9,24,7.2,,1.1,,13.2,,0,,,M,,M,,,29,,52,,0,,10.8,,,,,
-52.78333888888889,47.513355555555556,ST JOHNS WEST CLIMATE,8403603,8403603.2014.9.25,2014-09-25 00:00:00,NL,2014,9,25,10.3,,2.8,,17.8,,0,,,M,,M,,,27,,59,,0,,7.7,,,,,
-52.78333888888889,47.513355555555556,ST JOHNS WEST CLIMATE,8403603,8403603.2014.9.26,2014-09-26 00:00:00,NL,2014,9,26,11.8,,9,,14.6,,0,,,M,,M,,,24,,35,,0,,6.2,,,,,
-52.78333888888889,47.513355555555556,ST JOHNS WEST CLIMATE,8403603,8403603.2014.9.27,2014-09-27 00:00:00,NL,2014,9,27,10.7,,5.9,,15.4,,2.3,,,M,,M,,,29,,57,,0,,7.3,,,,,
-52.78333888888889,47.513355555555556,ST JOHNS WEST CLIMATE,8403603,8403603.2014.9.28,2014-09-28 00:00:00,NL,2014,9,28,9.4,,3.6,,15.1,,0,,,M,,M,,,23,,52,,0,,8.6,,,,,
-52.78333888888889,47.513355555555556,ST JOHNS WEST CLIMATE,8403603,8403603.2014.9.29,2014-09-29 00:00:00,NL,2014,9,29,7.5,,0.6,,14.4,,0,,,M,,M,,,0,,0,,0,,10.5,,,,,
-52.78333888888889,47.513355555555556,ST JOHNS WEST CLIMATE,8403603,8403603.2014.9.30,2014-09-30 00:00:00,NL,2014,9,30,6.8,,1,,12.6,,0.4,,,M,,M,,,0,,0,,0,,11.2,,,,,
-52.78333888888889,47.513355555555556,ST JOHNS WEST CLIMATE,8403603,8403603.2014.10.1,2014-10-01 00:00:00,NL,2014,10,1,6.6,,0.6,,12.5,,0,,,M,,M,,,0,,0,,0,,11.4,,,,,
-52.78333888888889,47.513355555555556,ST JOHNS WEST CLIMATE,8403603,8403603.2014.10.2,2014-10-02 00:00:00,NL,2014,10,2,3.7,,-0.9,,8.2,,0,,,M,,M,,,11,,32,,0,,14.3,,,,,
-52.78333888888889,47.513355555555556,ST JOHNS WEST CLIMATE,8403603,8403603.2014.10.3,2014-10-03 00:00:00,NL,2014,10,3,7.7,,5.3,,10,,0,,,M,,M,,,11,,35,,0,,10.3,,,,,
-52.78333888888889,47.513355555555556,ST JOHNS WEST CLIMATE,8403603,8403603.2014.10.4,2014-10-04 00:00:00,NL,2014,10,4,7.5,,2.1,,12.9,,0,,,M,,M,,,0,,0,,0,,10.5,,,,,
-52.78333888888889,47.513355555555556,ST JOHNS WEST CLIMATE,8403603,8403603.2014.10.5,2014-10-05 00:00:00,NL,2014,10,5,8.7,,2.8,,14.6,,2,,,M,,M,,,6,,32,,0,,9.3,,,,,
-52.78333888888889,47.513355555555556,ST JOHNS WEST CLIMATE,8403603,8403603.2014.10.6,2014-10-06 00:00:00,NL,2014,10,6,15.9,,11.6,,20.1,,0,,,M,,M,,,0,,0,,0,,2.1,,,,,
-52.78333888888889,47.513355555555556,ST JOHNS WEST CLIMATE,8403603,8403603.2014.10.7,2014-10-07 00:00:00,NL,2014,10,7,8.9,,1.9,,15.8,,0.2,,,M,,M,,,0,,0,,0,,9.1,,,,,
-52.78333888888889,47.513355555555556,ST JOHNS WEST CLIMATE,8403603,8403603.2014.10.8,2014-10-08 00:00:00,NL,2014,10,8,7.1,,0.9,,13.2,,0,,,M,,M,,,0,,0,,0,,10.9,,,,,
-52.78333888888889,47.513355555555556,ST JOHNS WEST CLIMATE,8403603,8403603.2014.10.9,2014-10-09 00:00:00,NL,2014,10,9,12.3,,10,,14.5,,,M,,M,,M,,,0,,0,,0,,5.7,,,,,
-52.78333888888889,47.513355555555556,ST JOHNS WEST CLIMATE,8403603,8403603.2014.10.10,2014-10-10 00:00:00,NL,2014,10,10,11.7,,7,,16.3,,0,,,M,,M,,,27,,44,,0,,6.3,,,,,
-52.78333888888889,47.513355555555556,ST JOHNS WEST CLIMATE,8403603,8403603.2014.10.11,2014-10-11 00:00:00,NL,2014,10,11,9.8,,4.1,,15.5,,0,,,M,,M,,,24,,37,,0,,8.2,,,,,
-52.78333888888889,47.513355555555556,ST JOHNS WEST CLIMATE,8403603,8403603.2014.10.12,2014-10-12 00:00:00,NL,2014,10,12,6.7,,4.9,,8.5,,18.3,,,M,,M,,,3,,43,,0,,11.3,,,,,
-52.78333888888889,47.513355555555556,ST JOHNS WEST CLIMATE,8403603,8403603.2014.10.13,2014-10-13 00:00:00,NL,2014,10,13,7.4,,4.9,,9.8,,0,,,M,,M,,,30,,52,,0,,10.6,,,,,
-52.78333888888889,47.513355555555556,ST JOHNS WEST CLIMATE,8403603,8403603.2014.10.14,2014-10-14 00:00:00,NL,2014,10,14,9.4,,4.2,,14.5,,0,,,M,,M,,,0,,0,,0,,8.6,,,,,
-52.78333888888889,47.513355555555556,ST JOHNS WEST CLIMATE,8403603,8403603.2014.10.15,2014-10-15 00:00:00,NL,2014,10,15,13.2,,9.3,,17.1,,0,,,M,,M,,,28,,65,,0,,4.8,,,,,
-52.78333888888889,47.513355555555556,ST JOHNS WEST CLIMATE,8403603,8403603.2014.10.16,2014-10-16 00:00:00,NL,2014,10,16,5.5,,1.2,,9.8,,0,,,M,,M,,,33,,50,,0,,12.5,,,,,
-52.78333888888889,47.513355555555556,ST JOHNS WEST CLIMATE,8403603,8403603.2014.10.17,2014-10-17 00:00:00,NL,2014,10,17,5,,-0.7,,10.7,,0,,,M,,M,,,18,,43,,0,,13,,,,,
-52.78333888888889,47.513355555555556,ST JOHNS WEST CLIMATE,8403603,8403603.2014.10.18,2014-10-18 00:00:00,NL,2014,10,18,14.7,,10.6,,18.8,,6.4,,,M,,M,,,24,,56,,0,,3.3,,,,,
-52.78333888888889,47.513355555555556,ST JOHNS WEST CLIMATE,8403603,8403603.2014.10.19,2014-10-19 00:00:00,NL,2014,10,19,16,,10.5,,21.5,,49.9,,,M,,M,,,33,,63,,0,,2,,,,,
-52.78333888888889,47.513355555555556,ST JOHNS WEST CLIMATE,8403603,8403603.2014.10.20,2014-10-20 00:00:00,NL,2014,10,20,12.3,,7.2,,17.4,,9.9,,,M,,M,,,20,,67,,0,,5.7,,,,,
-52.78333888888889,47.513355555555556,ST JOHNS WEST CLIMATE,8403603,8403603.2014.10.21,2014-10-21 00:00:00,NL,2014,10,21,7,,2.1,,11.9,,0,,,M,,M,,,26,,48,,0,,11,,,,,
-52.78333888888889,47.513355555555556,ST JOHNS WEST CLIMATE,8403603,8403603.2014.10.22,2014-10-22 00:00:00,NL,2014,10,22,5.4,,0.6,,10.2,,0,,,M,,M,,,0,,0,,0,,12.6,,,,,
-52.78333888888889,47.513355555555556,ST JOHNS WEST CLIMATE,8403603,8403603.2014.10.23,2014-10-23 00:00:00,NL,2014,10,23,4.9,,0.5,,9.2,,2,,,M,,M,,,0,,0,,0,,13.1,,,,,
-52.78333888888889,47.513355555555556,ST JOHNS WEST CLIMATE,8403603,8403603.2014.10.24,2014-10-24 00:00:00,NL,2014,10,24,10.2,,9.1,,11.2,,18.8,,,M,,M,,,0,,0,,0,,7.8,,,,,
-52.78333888888889,47.513355555555556,ST JOHNS WEST CLIMATE,8403603,8403603.2014.10.25,2014-10-25 00:00:00,NL,2014,10,25,9.3,,7.8,,10.7,,13,,,M,,M,,,0,,0,,0,,8.7,,,,,
-52.78333888888889,47.513355555555556,ST JOHNS WEST CLIMATE,8403603,8403603.2014.10.26,2014-10-26 00:00:00,NL,2014,10,26,8,,7,,8.9,,1.5,,,M,,M,,,1,,33,,0,,10,,,,,
-52.78333888888889,47.513355555555556,ST JOHNS WEST CLIMATE,8403603,8403603.2014.10.27,2014-10-27 00:00:00,NL,2014,10,27,10,,7,,12.9,,14.4,,,M,,M,,,12,,48,,0,,8,,,,,
-52.78333888888889,47.513355555555556,ST JOHNS WEST CLIMATE,8403603,8403603.2014.10.28,2014-10-28 00:00:00,NL,2014,10,28,7.8,,5.1,,10.5,,2.9,,,M,,M,,,32,,54,,0,,10.2,,,,,
-52.78333888888889,47.513355555555556,ST JOHNS WEST CLIMATE,8403603,8403603.2014.10.29,2014-10-29 00:00:00,NL,2014,10,29,5,,3.3,,6.6,,0.7,,,M,,M,,,35,,39,,0,,13,,,,,
-52.78333888888889,47.513355555555556,ST JOHNS WEST CLIMATE,8403603,8403603.2014.10.30,2014-10-30 00:00:00,NL,2014,10,30,11.5,,6.6,,16.3,,29,,,M,,M,,,23,,56,,0,,6.5,,,,,
-52.78333888888889,47.513355555555556,ST JOHNS WEST CLIMATE,8403603,8403603.2014.10.31,2014-10-31 00:00:00,NL,2014,10,31,6.8,,4.3,,9.3,,0,,,M,,M,,,0,,0,,0,,11.2,,,,,
-52.78333888888889,47.513355555555556,ST JOHNS WEST CLIMATE,8403603,8403603.2014.11.1,2014-11-01 00:00:00,NL,2014,11,1,6.2,,4.5,,7.9,,10.8,,,M,,M,,,8,,39,,0,,11.8,,,,,
-52.78333888888889,47.513355555555556,ST JOHNS WEST CLIMATE,8403603,8403603.2014.11.2,2014-11-02 00:00:00,NL,2014,11,2,12,,5.8,,18.1,,38.2,,,M,,M,,,8,,35,,0,,6,,,,,
-52.78333888888889,47.513355555555556,ST JOHNS WEST CLIMATE,8403603,8403603.2014.11.3,2014-11-03 00:00:00,NL,2014,11,3,13.1,,7.8,,18.4,,1.8,,,M,,M,,,23,,63,,0,,4.9,,,,,
-52.78333888888889,47.513355555555556,ST JOHNS WEST CLIMATE,8403603,8403603.2014.11.4,2014-11-04 00:00:00,NL,2014,11,4,7.3,,3.2,,11.4,,10.5,,,M,,M,,,32,,33,,0,,10.7,,,,,
-52.78333888888889,47.513355555555556,ST JOHNS WEST CLIMATE,8403603,8403603.2014.11.5,2014-11-05 00:00:00,NL,2014,11,5,5.1,,1.5,,8.6,,0.7,,,M,,M,,,20,,41,,0,,12.9,,,,,
-52.78333888888889,47.513355555555556,ST JOHNS WEST CLIMATE,8403603,8403603.2014.11.6,2014-11-06 00:00:00,NL,2014,11,6,,M,4.3,E,,M,,M,,M,,M,,,24,,52,,,M,,M,,,,
-52.78333888888889,47.513355555555556,ST JOHNS WEST CLIMATE,8403603,8403603.2014.11.7,2014-11-07 00:00:00,NL,2014,11,7,9.8,,5.2,,14.4,,16.2,,,M,,M,,,16,,44,,0,,8.2,,,,,
-52.78333888888889,47.513355555555556,ST JOHNS WEST CLIMATE,8403603,8403603.2014.11.8,2014-11-08 00:00:00,NL,2014,11,8,8.6,,1.7,,15.5,,5,,,M,,M,,,25,,87,,0,,9.4,,,,,
-52.78333888888889,47.513355555555556,ST JOHNS WEST CLIMATE,8403603,8403603.2014.11.9,2014-11-09 00:00:00,NL,2014,11,9,5.1,,2.4,,7.7,,0,,,M,,M,,,27,,80,,0,,12.9,,,,,
-52.78333888888889,47.513355555555556,ST JOHNS WEST CLIMATE,8403603,8403603.2014.11.10,2014-11-10 00:00:00,NL,2014,11,10,7.5,,2.5,,12.4,,1.6,,,M,,M,,,26,,32,,0,,10.5,,,,,
-52.78333888888889,47.513355555555556,ST JOHNS WEST CLIMATE,8403603,8403603.2014.11.11,2014-11-11 00:00:00,NL,2014,11,11,4.2,,1.4,,6.9,,0,,,M,,M,,,29,,50,,0,,13.8,,,,,
-52.78333888888889,47.513355555555556,ST JOHNS WEST CLIMATE,8403603,8403603.2014.11.12,2014-11-12 00:00:00,NL,2014,11,12,0.7,,-1.2,,2.5,,0,,,M,,M,,,0,,0,,0,,17.3,,,,,
-52.78333888888889,47.513355555555556,ST JOHNS WEST CLIMATE,8403603,8403603.2014.11.13,2014-11-13 00:00:00,NL,2014,11,13,2.9,,0.8,,4.9,,0,,,M,,M,,,14,,33,,0,,15.1,,,,,
-52.78333888888889,47.513355555555556,ST JOHNS WEST CLIMATE,8403603,8403603.2014.11.14,2014-11-14 00:00:00,NL,2014,11,14,6.5,,4.1,,8.9,,,M,,M,,M,,,15,,48,,0,,11.5,,,,,
-52.78333888888889,47.513355555555556,ST JOHNS WEST CLIMATE,8403603,8403603.2014.11.15,2014-11-15 00:00:00,NL,2014,11,15,4.9,,-1,,10.8,,2.9,,,M,,M,,,23,,63,,0,,13.1,,,,,
-52.78333888888889,47.513355555555556,ST JOHNS WEST CLIMATE,8403603,8403603.2014.11.16,2014-11-16 00:00:00,NL,2014,11,16,-0.4,,-1.4,,0.6,,0,,,M,,M,,,27,,44,,0,,18.4,,,,,
-52.78333888888889,47.513355555555556,ST JOHNS WEST CLIMATE,8403603,8403603.2014.11.17,2014-11-17 00:00:00,NL,2014,11,17,0.6,,-3.8,,5,,8.2,,,M,,M,,,0,,0,,0,,17.4,,,,,
-52.78333888888889,47.513355555555556,ST JOHNS WEST CLIMATE,8403603,8403603.2014.11.18,2014-11-18 00:00:00,NL,2014,11,18,10.6,,4.9,,16.2,,18.8,,,M,,M,,,25,,67,,0,,7.4,,,,,
-52.78333888888889,47.513355555555556,ST JOHNS WEST CLIMATE,8403603,8403603.2014.11.19,2014-11-19 00:00:00,NL,2014,11,19,2.7,,-1.5,,6.8,,0.3,,,M,,M,,,26,,72,,0,,15.3,,,,,
-52.78333888888889,47.513355555555556,ST JOHNS WEST CLIMATE,8403603,8403603.2014.11.20,2014-11-20 00:00:00,NL,2014,11,20,-0.1,,-3.5,,3.3,,1.8,,,M,,M,,,27,,52,,0,,18.1,,,,,
-52.78333888888889,47.513355555555556,ST JOHNS WEST CLIMATE,8403603,8403603.2014.11.21,2014-11-21 00:00:00,NL,2014,11,21,3,,-2.4,,8.3,,8.9,,,M,,M,,,15,,56,,0,,15,,,,,
-52.78333888888889,47.513355555555556,ST JOHNS WEST CLIMATE,8403603,8403603.2014.11.22,2014-11-22 00:00:00,NL,2014,11,22,-2.4,,-3.8,,-1,,0,,,M,,M,,,29,,61,,0,,20.4,,,,,
-52.78333888888889,47.513355555555556,ST JOHNS WEST CLIMATE,8403603,8403603.2014.11.23,2014-11-23 00:00:00,NL,2014,11,23,0.9,,-1.1,,2.8,,0.2,,,M,,M,,,29,,41,,0,,17.1,,,,,
-52.78333888888889,47.513355555555556,ST JOHNS WEST CLIMATE,8403603,8403603.2014.11.24,2014-11-24 00:00:00,NL,2014,11,24,-0.3,,-3.6,,3,,2.3,,,M,,M,,,30,,35,,0,,18.3,,,,,
-52.78333888888889,47.513355555555556,ST JOHNS WEST CLIMATE,8403603,8403603.2014.11.25,2014-11-25 00:00:00,NL,2014,11,25,8.8,,3,,14.5,,8,,,M,,M,,,25,,74,,0,,9.2,,,,,
-52.78333888888889,47.513355555555556,ST JOHNS WEST CLIMATE,8403603,8403603.2014.11.26,2014-11-26 00:00:00,NL,2014,11,26,5.9,,2.3,,9.5,,0.2,,,M,,M,,,28,,56,,0,,12.1,,,,,
-52.78333888888889,47.513355555555556,ST JOHNS WEST CLIMATE,8403603,8403603.2014.11.27,2014-11-27 00:00:00,NL,2014,11,27,8,,0.7,,15.2,,19.7,,,M,,M,,,24,,69,,0,,10,,,,,
-52.78333888888889,47.513355555555556,ST JOHNS WEST CLIMATE,8403603,8403603.2014.11.28,2014-11-28 00:00:00,NL,2014,11,28,1.3,,-1.1,,3.7,,5.6,,,M,,M,,,25,,52,,0,,16.7,,,,,
-52.78333888888889,47.513355555555556,ST JOHNS WEST CLIMATE,8403603,8403603.2014.11.29,2014-11-29 00:00:00,NL,2014,11,29,-3.6,,-6.2,,-1,,1.8,,,M,,M,,,2,,33,,0,,21.6,,,,,
-52.78333888888889,47.513355555555556,ST JOHNS WEST CLIMATE,8403603,8403603.2014.11.30,2014-11-30 00:00:00,NL,2014,11,30,-3.7,,-9.7,,2.3,,1.8,,,M,,M,,,0,,0,,0,,21.7,,,,,
-52.78333888888889,47.513355555555556,ST JOHNS WEST CLIMATE,8403603,8403603.2014.12.1,2014-12-01 00:00:00,NL,2014,12,1,6.8,,1.9,,11.6,,8.9,,,M,,M,,,22,,61,,0,,11.2,,,,,
-52.78333888888889,47.513355555555556,ST JOHNS WEST CLIMATE,8403603,8403603.2014.12.2,2014-12-02 00:00:00,NL,2014,12,2,2,,-6.7,,10.6,,4.3,,,M,,M,,,23,,48,,0,,16,,,,,
-52.78333888888889,47.513355555555556,ST JOHNS WEST CLIMATE,8403603,8403603.2014.12.3,2014-12-03 00:00:00,NL,2014,12,3,-1.1,,-6.5,,4.3,,0.3,,,M,,M,,,18,,52,,0,,19.1,,,,,
-52.78333888888889,47.513355555555556,ST JOHNS WEST CLIMATE,8403603,8403603.2014.12.4,2014-12-04 00:00:00,NL,2014,12,4,6.2,,-0.2,,12.6,,17.9,,,M,,M,,,19,,65,,0,,11.8,,,,,
-52.78333888888889,47.513355555555556,ST JOHNS WEST CLIMATE,8403603,8403603.2014.12.5,2014-12-05 00:00:00,NL,2014,12,5,-3.9,,-7.7,,0,,0,,,M,,M,,,27,,39,,0,,21.9,,,,,
-52.78333888888889,47.513355555555556,ST JOHNS WEST CLIMATE,8403603,8403603.2014.12.6,2014-12-06 00:00:00,NL,2014,12,6,-4,,-9.5,,1.5,,0,,,M,,M,,,0,,0,,0,,22,,,,,
-52.78333888888889,47.513355555555556,ST JOHNS WEST CLIMATE,8403603,8403603.2014.12.7,2014-12-07 00:00:00,NL,2014,12,7,0.8,,-5.3,,6.8,,0,,,M,,M,,,32,,48,,0,,17.2,,,,,
-52.78333888888889,47.513355555555556,ST JOHNS WEST CLIMATE,8403603,8403603.2014.12.8,2014-12-08 00:00:00,NL,2014,12,8,-8.2,,-11,,-5.3,,0,,,M,,M,,,34,,52,,0,,26.2,,,,,
-52.78333888888889,47.513355555555556,ST JOHNS WEST CLIMATE,8403603,8403603.2014.12.9,2014-12-09 00:00:00,NL,2014,12,9,-5.9,,-11.5,,-0.3,,0,,,M,,M,,,0,,0,,0,,23.9,,,,,
-52.78333888888889,47.513355555555556,ST JOHNS WEST CLIMATE,8403603,8403603.2014.12.10,2014-12-10 00:00:00,NL,2014,12,10,1,,-0.4,,2.4,,0,,,M,,M,,,4,,37,,0,,17,,,,,
-52.78333888888889,47.513355555555556,ST JOHNS WEST CLIMATE,8403603,8403603.2014.12.11,2014-12-11 00:00:00,NL,2014,12,11,3.7,,1.9,,5.4,,21.8,,,M,,M,,,7,,52,,0,,14.3,,,,,
-52.78333888888889,47.513355555555556,ST JOHNS WEST CLIMATE,8403603,8403603.2014.12.12,2014-12-12 00:00:00,NL,2014,12,12,8.3,,5.4,,11.1,,1.9,,,M,,M,,,0,,0,,0,,9.7,,,,,
-52.78333888888889,47.513355555555556,ST JOHNS WEST CLIMATE,8403603,8403603.2014.12.13,2014-12-13 00:00:00,NL,2014,12,13,9.8,,7.7,,11.9,,4.2,,,M,,M,,,18,,32,,0,,8.2,,,,,
-52.78333888888889,47.513355555555556,ST JOHNS WEST CLIMATE,8403603,8403603.2014.12.14,2014-12-14 00:00:00,NL,2014,12,14,10.2,,8.6,,11.8,,6.2,,,M,,M,,,0,,0,,0,,7.8,,,,,
-52.78333888888889,47.513355555555556,ST JOHNS WEST CLIMATE,8403603,8403603.2014.12.15,2014-12-15 00:00:00,NL,2014,12,15,5.9,,-0.4,,12.1,,0.2,,,M,,M,,,2,,43,,0,,12.1,,,,,
-52.78333888888889,47.513355555555556,ST JOHNS WEST CLIMATE,8403603,8403603.2014.12.16,2014-12-16 00:00:00,NL,2014,12,16,-0.7,,-1.4,,0,,0,,,M,,M,,,2,,50,,0,,18.7,,,,,
-52.78333888888889,47.513355555555556,ST JOHNS WEST CLIMATE,8403603,8403603.2014.12.17,2014-12-17 00:00:00,NL,2014,12,17,-0.3,,-1.5,,0.9,,0.4,,,M,,M,,,4,,32,,0,,18.3,,,,,
-52.78333888888889,47.513355555555556,ST JOHNS WEST CLIMATE,8403603,8403603.2014.12.18,2014-12-18 00:00:00,NL,2014,12,18,4.1,,0.8,,7.3,,9.9,,,M,,M,,,14,,39,,0,,13.9,,,,,
-52.78333888888889,47.513355555555556,ST JOHNS WEST CLIMATE,8403603,8403603.2014.12.19,2014-12-19 00:00:00,NL,2014,12,19,4.2,,0,,8.4,,1.7,,,M,,M,,,22,,59,,0,,13.8,,,,,
-52.78333888888889,47.513355555555556,ST JOHNS WEST CLIMATE,8403603,8403603.2014.12.20,2014-12-20 00:00:00,NL,2014,12,20,0.4,,-0.5,,1.2,,0.2,,,M,,M,,,2,,43,,0,,17.6,,,,,
-52.78333888888889,47.513355555555556,ST JOHNS WEST CLIMATE,8403603,8403603.2014.12.21,2014-12-21 00:00:00,NL,2014,12,21,-2.2,,-4,,-0.3,,0,,,M,,M,,,2,,32,,0,,20.2,,,,,
-52.78333888888889,47.513355555555556,ST JOHNS WEST CLIMATE,8403603,8403603.2014.12.22,2014-12-22 00:00:00,NL,2014,12,22,-2.8,,-3.6,,-2,,,M,,M,,M,,,0,,0,,0,,20.8,,,,,
-52.78333888888889,47.513355555555556,ST JOHNS WEST CLIMATE,8403603,8403603.2014.12.23,2014-12-23 00:00:00,NL,2014,12,23,-2.9,,-3.5,,-2.3,,0,,,M,,M,,,0,,0,,0,,20.9,,,,,
-52.78333888888889,47.513355555555556,ST JOHNS WEST CLIMATE,8403603,8403603.2014.12.24,2014-12-24 00:00:00,NL,2014,12,24,-1.9,,-3.3,,-0.4,,0.2,,,M,,M,,,0,,0,,0,,19.9,,,,,
-52.78333888888889,47.513355555555556,ST JOHNS WEST CLIMATE,8403603,8403603.2014.12.25,2014-12-25 00:00:00,NL,2014,12,25,1.4,,-1.2,,4,,0,,,M,,M,,,15,,56,,0,,16.6,,,,,
-52.78333888888889,47.513355555555556,ST JOHNS WEST CLIMATE,8403603,8403603.2014.12.26,2014-12-26 00:00:00,NL,2014,12,26,3.6,,0.7,,6.5,,15.7,,,M,,M,,,18,,52,,0,,14.4,,,,,
-52.78333888888889,47.513355555555556,ST JOHNS WEST CLIMATE,8403603,8403603.2014.12.27,2014-12-27 00:00:00,NL,2014,12,27,0.7,,-1.1,,2.4,,0.9,,,M,,M,,,25,,44,,0,,17.3,,,,,
-52.78333888888889,47.513355555555556,ST JOHNS WEST CLIMATE,8403603,8403603.2014.12.28,2014-12-28 00:00:00,NL,2014,12,28,0.1,,-1.2,,1.3,,5.4,,,M,,M,,,30,,37,,0,,17.9,,,,,
-52.78333888888889,47.513355555555556,ST JOHNS WEST CLIMATE,8403603,8403603.2014.12.29,2014-12-29 00:00:00,NL,2014,12,29,-2.1,,-5.3,,1.1,,1.1,,,M,,M,,,29,,48,,0,,20.1,,,,,
-52.78333888888889,47.513355555555556,ST JOHNS WEST CLIMATE,8403603,8403603.2014.12.30,2014-12-30 00:00:00,NL,2014,12,30,-6.8,,-10,,-3.5,,0.5,,,M,,M,,,28,,52,,0,,24.8,,,,,
-52.78333888888889,47.513355555555556,ST JOHNS WEST CLIMATE,8403603,8403603.2014.12.31,2014-12-31 00:00:00,NL,2014,12,31,,M,-10.2,E,,M,,M,,M,,M,,,28,,43,,,M,,M,,,,
-52.78333888888889,47.513355555555556,ST JOHNS WEST CLIMATE,8403603,8403603.2015.1.1,2015-01-01 00:00:00,NL,2015,1,1,-10.7,,-16.3,,-5.1,,0,,,M,,M,,,0,,0,,0,,28.7,,,,,
-52.78333888888889,47.513355555555556,ST JOHNS WEST CLIMATE,8403603,8403603.2015.1.2,2015-01-02 00:00:00,NL,2015,1,2,-3.9,,-8,,0.3,,1.9,,,M,,M,,,25,,50,,0,,21.9,,,,,
-52.78333888888889,47.513355555555556,ST JOHNS WEST CLIMATE,8403603,8403603.2015.1.3,2015-01-03 00:00:00,NL,2015,1,3,-8.4,,-13.1,,-3.6,,0,,,M,,M,,,29,,63,,0,,26.4,,,,,
-52.78333888888889,47.513355555555556,ST JOHNS WEST CLIMATE,8403603,8403603.2015.1.4,2015-01-04 00:00:00,NL,2015,1,4,-7.4,,-13.9,,-0.9,,5.6,,,M,,M,,,30,,59,,0,,25.4,,,,,
-52.78333888888889,47.513355555555556,ST JOHNS WEST CLIMATE,8403603,8403603.2015.1.5,2015-01-05 00:00:00,NL,2015,1,5,3.7,,-2.4,,9.8,,8.4,,,M,,M,,,26,,67,,0,,14.3,,,,,
-52.78333888888889,47.513355555555556,ST JOHNS WEST CLIMATE,8403603,8403603.2015.1.6,2015-01-06 00:00:00,NL,2015,1,6,-5.3,,-8.1,,-2.4,,0.8,,,M,,M,,,23,,72,,0,,23.3,,,,,
-52.78333888888889,47.513355555555556,ST JOHNS WEST CLIMATE,8403603,8403603.2015.1.7,2015-01-07 00:00:00,NL,2015,1,7,-7.5,,-8.6,,-6.3,,1.1,,,M,,M,,,0,,0,,0,,25.5,,,,,
-52.78333888888889,47.513355555555556,ST JOHNS WEST CLIMATE,8403603,8403603.2015.1.8,2015-01-08 00:00:00,NL,2015,1,8,-9,,-11.7,,-6.3,,5.5,,,M,,M,,,4,,39,,0,,27,,,,,
-52.78333888888889,47.513355555555556,ST JOHNS WEST CLIMATE,8403603,8403603.2015.1.9,2015-01-09 00:00:00,NL,2015,1,9,-7.5,,-18.1,,3.1,,0.3,,,M,,M,,,17,,67,,0,,25.5,,,,,
-52.78333888888889,47.513355555555556,ST JOHNS WEST CLIMATE,8403603,8403603.2015.1.10,2015-01-10 00:00:00,NL,2015,1,10,-1.6,,-7.3,,4.1,,15.5,,,M,,M,,,19,,82,,0,,19.6,,,,,
-52.78333888888889,47.513355555555556,ST JOHNS WEST CLIMATE,8403603,8403603.2015.1.11,2015-01-11 00:00:00,NL,2015,1,11,-10.3,,-16,,-4.5,,0.8,,,M,,M,,,28,,50,,0,,28.3,,,,,
-52.78333888888889,47.513355555555556,ST JOHNS WEST CLIMATE,8403603,8403603.2015.1.12,2015-01-12 00:00:00,NL,2015,1,12,-5.5,,-11.6,,0.7,,4.8,,,M,,M,,,22,,33,,0,,23.5,,,,,
-52.78333888888889,47.513355555555556,ST JOHNS WEST CLIMATE,8403603,8403603.2015.1.13,2015-01-13 00:00:00,NL,2015,1,13,-6.3,,-14.3,,1.7,,10.3,,,M,,M,,,34,,43,,0,,24.3,,,,,
-52.78333888888889,47.513355555555556,ST JOHNS WEST CLIMATE,8403603,8403603.2015.1.14,2015-01-14 00:00:00,NL,2015,1,14,-10.2,,-14.7,,-5.7,,0,,,M,,M,,,26,,37,,0,,28.2,,,,,
-52.78333888888889,47.513355555555556,ST JOHNS WEST CLIMATE,8403603,8403603.2015.1.15,2015-01-15 00:00:00,NL,2015,1,15,-5,,-8.1,,-1.9,,3.3,,,M,,M,,,5,,37,,0,,23,,,,,
-52.78333888888889,47.513355555555556,ST JOHNS WEST CLIMATE,8403603,8403603.2015.1.16,2015-01-16 00:00:00,NL,2015,1,16,-0.6,,-2.9,,1.8,,3.3,,,M,,M,,,15,,41,,0,,18.6,,,,,
-52.78333888888889,47.513355555555556,ST JOHNS WEST CLIMATE,8403603,8403603.2015.1.17,2015-01-17 00:00:00,NL,2015,1,17,-4.5,,-10.1,,1.2,,5.7,,,M,,M,,,29,,61,,0,,22.5,,,,,
-52.78333888888889,47.513355555555556,ST JOHNS WEST CLIMATE,8403603,8403603.2015.1.18,2015-01-18 00:00:00,NL,2015,1,18,-8.4,,-11.3,,-5.5,,0,,,M,,M,,,31,,57,,0,,26.4,,,,,
-52.78333888888889,47.513355555555556,ST JOHNS WEST CLIMATE,8403603,8403603.2015.1.19,2015-01-19 00:00:00,NL,2015,1,19,-3,,-10.1,,4.2,,16.6,,,M,,M,,,12,,44,,0,,21,,,,,
-52.78333888888889,47.513355555555556,ST JOHNS WEST CLIMATE,8403603,8403603.2015.1.20,2015-01-20 00:00:00,NL,2015,1,20,4.2,,1.7,,6.7,,,M,,M,,M,,,22,,52,,0,,13.8,,,,,
-52.78333888888889,47.513355555555556,ST JOHNS WEST CLIMATE,8403603,8403603.2015.1.21,2015-01-21 00:00:00,NL,2015,1,21,-2.6,,-7.9,,2.7,,0,,,M,,M,,,27,,52,,0,,20.6,,,,,
-52.78333888888889,47.513355555555556,ST JOHNS WEST CLIMATE,8403603,8403603.2015.1.22,2015-01-22 00:00:00,NL,2015,1,22,-5,,-7.9,,-2,,1.6,,,M,,M,,,8,,50,,0,,23,,,,,
-52.78333888888889,47.513355555555556,ST JOHNS WEST CLIMATE,8403603,8403603.2015.1.23,2015-01-23 00:00:00,NL,2015,1,23,-3.2,,-8.2,,1.9,,7.7,,,M,,M,,,29,,61,,0,,21.2,,,,,
-52.78333888888889,47.513355555555556,ST JOHNS WEST CLIMATE,8403603,8403603.2015.1.24,2015-01-24 00:00:00,NL,2015,1,24,-3.9,,-9.3,,1.5,,0.5,,,M,,M,,,17,,39,,0,,21.9,,,,,
-52.78333888888889,47.513355555555556,ST JOHNS WEST CLIMATE,8403603,8403603.2015.1.25,2015-01-25 00:00:00,NL,2015,1,25,4.9,,0.6,,9.1,,30.5,,,M,,M,,,19,,87,,0,,13.1,,,,,
-52.78333888888889,47.513355555555556,ST JOHNS WEST CLIMATE,8403603,8403603.2015.1.26,2015-01-26 00:00:00,NL,2015,1,26,-2.2,,-6.7,,2.3,,0,,,M,,M,,,24,,63,,0,,20.2,,,,,
-52.78333888888889,47.513355555555556,ST JOHNS WEST CLIMATE,8403603,8403603.2015.1.27,2015-01-27 00:00:00,NL,2015,1,27,-4.6,,-9.1,,0,,11.3,,,M,,M,,,7,,57,,0,,22.6,,,,,
-52.78333888888889,47.513355555555556,ST JOHNS WEST CLIMATE,8403603,8403603.2015.1.28,2015-01-28 00:00:00,NL,2015,1,28,4.4,,-0.1,,8.9,,11.2,,,M,,M,,,0,,0,,0,,13.6,,,,,
-52.78333888888889,47.513355555555556,ST JOHNS WEST CLIMATE,8403603,8403603.2015.1.29,2015-01-29 00:00:00,NL,2015,1,29,1.3,,-3.4,,6,,0,,,M,,M,,,26,,50,,0,,16.7,,,,,
-52.78333888888889,47.513355555555556,ST JOHNS WEST CLIMATE,8403603,8403603.2015.1.30,2015-01-30 00:00:00,NL,2015,1,30,-1.4,,-3.4,,0.7,,14,,,M,,M,,,6,,37,,0,,19.4,,,,,
-52.78333888888889,47.513355555555556,ST JOHNS WEST CLIMATE,8403603,8403603.2015.1.31,2015-01-31 00:00:00,NL,2015,1,31,-2.5,,-4.7,,-0.3,,0.4,,,M,,M,,,0,,0,,0,,20.5,,,,,
-52.78333888888889,47.513355555555556,ST JOHNS WEST CLIMATE,8403603,8403603.2015.2.1,2015-02-01 00:00:00,NL,2015,2,1,1.3,,-4.1,,6.7,,3.3,,,M,,M,,,25,,56,,0,,16.7,,,,,
-52.78333888888889,47.513355555555556,ST JOHNS WEST CLIMATE,8403603,8403603.2015.2.2,2015-02-02 00:00:00,NL,2015,2,2,-6.4,,-8.6,,-4.1,,1,,,M,,M,,,25,,67,,0,,24.4,,,,,
-52.78333888888889,47.513355555555556,ST JOHNS WEST CLIMATE,8403603,8403603.2015.2.3,2015-02-03 00:00:00,NL,2015,2,3,-0.3,,-7.4,,6.9,,21.4,,,M,,M,,,17,,80,,0,,18.3,,,,,
-52.78333888888889,47.513355555555556,ST JOHNS WEST CLIMATE,8403603,8403603.2015.2.4,2015-02-04 00:00:00,NL,2015,2,4,-9.8,,-12.9,,-6.7,,0,,,M,,M,,,32,,46,,0,,27.8,,,,,
-52.78333888888889,47.513355555555556,ST JOHNS WEST CLIMATE,8403603,8403603.2015.2.5,2015-02-05 00:00:00,NL,2015,2,5,-6.8,,-14.4,,0.9,,0.5,,,M,,M,,,15,,56,,0,,24.8,,,,,
-52.78333888888889,47.513355555555556,ST JOHNS WEST CLIMATE,8403603,8403603.2015.2.6,2015-02-06 00:00:00,NL,2015,2,6,-0.5,,-6.2,,5.3,,15.1,,,M,,M,,,16,,72,,0,,18.5,,,,,
-52.78333888888889,47.513355555555556,ST JOHNS WEST CLIMATE,8403603,8403603.2015.2.7,2015-02-07 00:00:00,NL,2015,2,7,-6.5,,-8.9,,-4.1,,0.2,,,M,,M,1,,26,,37,,0,,24.5,,,,,
-52.78333888888889,47.513355555555556,ST JOHNS WEST CLIMATE,8403603,8403603.2015.2.8,2015-02-08 00:00:00,NL,2015,2,8,-8,,-13.5,,-2.4,,0.7,,,M,,M,,,23,,41,,0,,26,,,,,
-52.78333888888889,47.513355555555556,ST JOHNS WEST CLIMATE,8403603,8403603.2015.2.9,2015-02-09 00:00:00,NL,2015,2,9,-10.7,,-12.5,,-8.9,,0,,,M,,M,,,1,,32,,0,,28.7,,,,,
-52.78333888888889,47.513355555555556,ST JOHNS WEST CLIMATE,8403603,8403603.2015.2.10,2015-02-10 00:00:00,NL,2015,2,10,-6.4,,-9.4,,-3.4,,2.6,,,M,,M,,,0,,0,,0,,24.4,,,,,
-52.78333888888889,47.513355555555556,ST JOHNS WEST CLIMATE,8403603,8403603.2015.2.11,2015-02-11 00:00:00,NL,2015,2,11,-6.3,,-9.3,,-3.3,,2.1,,,M,,M,,,5,,44,,0,,24.3,,,,,
-52.78333888888889,47.513355555555556,ST JOHNS WEST CLIMATE,8403603,8403603.2015.2.12,2015-02-12 00:00:00,NL,2015,2,12,-5,,-8.4,,-1.6,,17.7,,,M,,M,,,2,,80,,0,,23,,,,,
-52.78333888888889,47.513355555555556,ST JOHNS WEST CLIMATE,8403603,8403603.2015.2.13,2015-02-13 00:00:00,NL,2015,2,13,-1.6,,-4.7,,1.5,,3.2,,,M,,M,,,25,,80,,0,,19.6,,,,,
-52.78333888888889,47.513355555555556,ST JOHNS WEST CLIMATE,8403603,8403603.2015.2.14,2015-02-14 00:00:00,NL,2015,2,14,-6.5,,-9.7,,-3.3,,0,,,M,,M,,,27,,72,,0,,24.5,,,,,
-52.78333888888889,47.513355555555556,ST JOHNS WEST CLIMATE,8403603,8403603.2015.2.15,2015-02-15 00:00:00,NL,2015,2,15,-5.7,,-14.5,,3.1,,2.6,,,M,,M,,,12,,69,,0,,23.7,,,,,
-52.78333888888889,47.513355555555556,ST JOHNS WEST CLIMATE,8403603,8403603.2015.2.16,2015-02-16 00:00:00,NL,2015,2,16,-1,,-6.4,,4.4,,9.1,,,M,,M,,,23,,70,,0,,19,,,,,
-52.78333888888889,47.513355555555556,ST JOHNS WEST CLIMATE,8403603,8403603.2015.2.17,2015-02-17 00:00:00,NL,2015,2,17,-6.1,,-8.3,,-3.8,,0,,,M,,M,,,24,,67,,0,,24.1,,,,,
-52.78333888888889,47.513355555555556,ST JOHNS WEST CLIMATE,8403603,8403603.2015.2.18,2015-02-18 00:00:00,NL,2015,2,18,-4.4,,-6.2,,-2.5,,5.6,,,M,,M,,,6,,32,,0,,22.4,,,,,
-52.78333888888889,47.513355555555556,ST JOHNS WEST CLIMATE,8403603,8403603.2015.2.19,2015-02-19 00:00:00,NL,2015,2,19,-1.3,,-2.5,,0,,1.7,,,M,,M,,,6,,35,,0,,19.3,,,,,
-52.78333888888889,47.513355555555556,ST JOHNS WEST CLIMATE,8403603,8403603.2015.2.20,2015-02-20 00:00:00,NL,2015,2,20,2.6,,-2.2,,7.4,,3.9,,,M,,M,,,29,,41,,0,,15.4,,,,,
-52.78333888888889,47.513355555555556,ST JOHNS WEST CLIMATE,8403603,8403603.2015.2.21,2015-02-21 00:00:00,NL,2015,2,21,-4.3,,-6.7,,-1.9,,0,,,M,,M,20,,25,,70,,0,,22.3,,,,,
-52.78333888888889,47.513355555555556,ST JOHNS WEST CLIMATE,8403603,8403603.2015.2.22,2015-02-22 00:00:00,NL,2015,2,22,-0.5,,-7.1,,6.1,,9.5,,,M,,M,,,22,,54,,0,,18.5,,,,,
-52.78333888888889,47.513355555555556,ST JOHNS WEST CLIMATE,8403603,8403603.2015.2.23,2015-02-23 00:00:00,NL,2015,2,23,1.3,,-2.4,,5,,4.8,,,M,,M,,,25,,39,,0,,16.7,,,,,
-52.78333888888889,47.513355555555556,ST JOHNS WEST CLIMATE,8403603,8403603.2015.2.24,2015-02-24 00:00:00,NL,2015,2,24,-7.1,,-12.5,,-1.6,,4.7,,,M,,M,,,26,,63,,0,,25.1,,,,,
-52.78333888888889,47.513355555555556,ST JOHNS WEST CLIMATE,8403603,8403603.2015.2.25,2015-02-25 00:00:00,NL,2015,2,25,-7.4,,-13.8,,-0.9,,0,,,M,,M,12,,14,,59,,0,,25.4,,,,,
-52.78333888888889,47.513355555555556,ST JOHNS WEST CLIMATE,8403603,8403603.2015.2.26,2015-02-26 00:00:00,NL,2015,2,26,-2,,-5.5,,1.6,,2.6,,,M,,M,12,,26,,74,,0,,20,,,,,
-52.78333888888889,47.513355555555556,ST JOHNS WEST CLIMATE,8403603,8403603.2015.2.27,2015-02-27 00:00:00,NL,2015,2,27,-7,,-10.7,,-3.2,,0.9,,,M,,M,,,28,,48,,0,,25,,,,,
-52.78333888888889,47.513355555555556,ST JOHNS WEST CLIMATE,8403603,8403603.2015.2.28,2015-02-28 00:00:00,NL,2015,2,28,-9.5,,-12.1,,-6.8,,0,,,M,,M,15,,28,,44,,0,,27.5,,,,,
-52.78333888888889,47.513355555555556,ST JOHNS WEST CLIMATE,8403603,8403603.2015.3.1,2015-03-01 00:00:00,NL,2015,3,1,-8,,-13.4,,-2.6,,0,,,M,,M,15,,25,,48,,0,,26,,,,,
-52.78333888888889,47.513355555555556,ST JOHNS WEST CLIMATE,8403603,8403603.2015.3.2,2015-03-02 00:00:00,NL,2015,3,2,-5.3,,-13.6,,3,,18.8,,,M,,M,15,,11,,69,,0,,23.3,,,,,
-52.78333888888889,47.513355555555556,ST JOHNS WEST CLIMATE,8403603,8403603.2015.3.3,2015-03-03 00:00:00,NL,2015,3,3,-6.2,,-12.1,,-0.3,,0,,,M,,M,,,28,,82,,0,,24.2,,,,,
-52.78333888888889,47.513355555555556,ST JOHNS WEST CLIMATE,8403603,8403603.2015.3.4,2015-03-04 00:00:00,NL,2015,3,4,-4.9,,-13.4,,3.7,,7.8,,,M,,M,,,28,,65,,0,,22.9,,,,,
-52.78333888888889,47.513355555555556,ST JOHNS WEST CLIMATE,8403603,8403603.2015.3.5,2015-03-05 00:00:00,NL,2015,3,5,-4.6,,-10,,0.8,,0,,,M,,M,,,25,,54,,0,,22.6,,,,,
-52.78333888888889,47.513355555555556,ST JOHNS WEST CLIMATE,8403603,8403603.2015.3.6,2015-03-06 00:00:00,NL,2015,3,6,-11.3,,-12.7,,-9.9,,0,,,M,,M,,,29,,46,,0,,29.3,,,,,
-52.78333888888889,47.513355555555556,ST JOHNS WEST CLIMATE,8403603,8403603.2015.3.7,2015-03-07 00:00:00,NL,2015,3,7,-10.3,,-15.9,,-4.7,,0,,,M,,M,,,22,,41,,0,,28.3,,,,,
-52.78333888888889,47.513355555555556,ST JOHNS WEST CLIMATE,8403603,8403603.2015.3.8,2015-03-08 00:00:00,NL,2015,3,8,-5.7,,-10.6,,-0.8,,0.3,,,M,,M,,,24,,33,,0,,23.7,,,,,
-52.78333888888889,47.513355555555556,ST JOHNS WEST CLIMATE,8403603,8403603.2015.3.9,2015-03-09 00:00:00,NL,2015,3,9,-9.9,,-16.4,,-3.4,,0,,,M,,M,,,29,,39,,0,,27.9,,,,,
-52.78333888888889,47.513355555555556,ST JOHNS WEST CLIMATE,8403603,8403603.2015.3.10,2015-03-10 00:00:00,NL,2015,3,10,-11.8,,-18.5,,-5.1,,0,,,M,,M,,,29,,39,,0,,29.8,,,,,
-52.78333888888889,47.513355555555556,ST JOHNS WEST CLIMATE,8403603,8403603.2015.3.11,2015-03-11 00:00:00,NL,2015,3,11,-5.3,,-13.7,,3.2,,11.2,,,M,,M,,,25,,63,,0,,23.3,,,,,
-52.78333888888889,47.513355555555556,ST JOHNS WEST CLIMATE,8403603,8403603.2015.3.12,2015-03-12 00:00:00,NL,2015,3,12,-6.1,,-11.4,,-0.8,,0.5,,,M,,M,17,,27,,65,,0,,24.1,,,,,
-52.78333888888889,47.513355555555556,ST JOHNS WEST CLIMATE,8403603,8403603.2015.3.13,2015-03-13 00:00:00,NL,2015,3,13,-13.5,,-15.6,,-11.3,,0,,,M,,M,,,27,,52,,0,,31.5,,,,,
-52.78333888888889,47.513355555555556,ST JOHNS WEST CLIMATE,8403603,8403603.2015.3.14,2015-03-14 00:00:00,NL,2015,3,14,-12,,-15.4,,-8.6,,0,,,M,,M,,,31,,41,,0,,30,,,,,
-52.78333888888889,47.513355555555556,ST JOHNS WEST CLIMATE,8403603,8403603.2015.3.15,2015-03-15 00:00:00,NL,2015,3,15,-10.2,,-15.6,,-4.7,,4.4,,,M,,M,,,11,,56,,0,,28.2,,,,,
-52.78333888888889,47.513355555555556,ST JOHNS WEST CLIMATE,8403603,8403603.2015.3.16,2015-03-16 00:00:00,NL,2015,3,16,-2.7,,-4.7,,-0.7,,16,,,M,,M,,,9,,69,,0,,20.7,,,,,
-52.78333888888889,47.513355555555556,ST JOHNS WEST CLIMATE,8403603,8403603.2015.3.17,2015-03-17 00:00:00,NL,2015,3,17,-0.6,,-1.6,,0.5,,4.5,,,M,,M,,,30,,44,,0,,18.6,,,,,
-52.78333888888889,47.513355555555556,ST JOHNS WEST CLIMATE,8403603,8403603.2015.3.18,2015-03-18 00:00:00,NL,2015,3,18,-1.1,,-2.6,,0.4,,5.4,,,M,,M,,,9,,52,,0,,19.1,,,,,
-52.78333888888889,47.513355555555556,ST JOHNS WEST CLIMATE,8403603,8403603.2015.3.19,2015-03-19 00:00:00,NL,2015,3,19,-1.1,,-4,,1.8,,3.7,,,M,,M,,,15,,50,,0,,19.1,,,,,
-52.78333888888889,47.513355555555556,ST JOHNS WEST CLIMATE,8403603,8403603.2015.3.20,2015-03-20 00:00:00,NL,2015,3,20,-3.9,,-8.9,,1.2,,0,,,M,,M,,,28,,48,,0,,21.9,,,,,
-52.78333888888889,47.513355555555556,ST JOHNS WEST CLIMATE,8403603,8403603.2015.3.21,2015-03-21 00:00:00,NL,2015,3,21,-4.5,,-10.9,,1.9,,0,,,M,,M,,,12,,35,,0,,22.5,,,,,
-52.78333888888889,47.513355555555556,ST JOHNS WEST CLIMATE,8403603,8403603.2015.3.22,2015-03-22 00:00:00,NL,2015,3,22,2.1,,-1.9,,6,,18.2,,,M,,M,,,14,,72,,0,,15.9,,,,,
-52.78333888888889,47.513355555555556,ST JOHNS WEST CLIMATE,8403603,8403603.2015.3.23,2015-03-23 00:00:00,NL,2015,3,23,-3.7,,-6,,-1.4,,0.5,,,M,,M,,,24,,76,,0,,21.7,,,,,
-52.78333888888889,47.513355555555556,ST JOHNS WEST CLIMATE,8403603,8403603.2015.3.24,2015-03-24 00:00:00,NL,2015,3,24,-2.4,,-6.2,,1.4,,0,,,M,,M,,,28,,50,,0,,20.4,,,,,
-52.78333888888889,47.513355555555556,ST JOHNS WEST CLIMATE,8403603,8403603.2015.3.25,2015-03-25 00:00:00,NL,2015,3,25,-4,,-8.4,,0.5,,0,,,M,,M,,,0,,0,,0,,22,,,,,
-52.78333888888889,47.513355555555556,ST JOHNS WEST CLIMATE,8403603,8403603.2015.3.26,2015-03-26 00:00:00,NL,2015,3,26,-1.6,,-7.3,,4.1,,1.9,,,M,,M,,,23,,50,,0,,19.6,,,,,
-52.78333888888889,47.513355555555556,ST JOHNS WEST CLIMATE,8403603,8403603.2015.3.27,2015-03-27 00:00:00,NL,2015,3,27,3.6,,1.1,,6.1,,11.9,,,M,,M,,,0,,0,,0,,14.4,,,,,
-52.78333888888889,47.513355555555556,ST JOHNS WEST CLIMATE,8403603,8403603.2015.3.28,2015-03-28 00:00:00,NL,2015,3,28,1.5,,-1.1,,4.1,,10,,,M,,M,,,0,,0,,0,,16.5,,,,,
-52.78333888888889,47.513355555555556,ST JOHNS WEST CLIMATE,8403603,8403603.2015.3.29,2015-03-29 00:00:00,NL,2015,3,29,-0.8,,-5.5,,4,,3.1,,,M,,M,,,31,,52,,0,,18.8,,,,,
-52.78333888888889,47.513355555555556,ST JOHNS WEST CLIMATE,8403603,8403603.2015.3.30,2015-03-30 00:00:00,NL,2015,3,30,-2.7,,-8.1,,2.7,,0.2,,,M,,M,,,0,,0,,0,,20.7,,,,,
-52.78333888888889,47.513355555555556,ST JOHNS WEST CLIMATE,8403603,8403603.2015.3.31,2015-03-31 00:00:00,NL,2015,3,31,-0.8,,-4.3,,2.7,,0.2,,,M,,M,,,21,,33,,0,,18.8,,,,,
-52.78333888888889,47.513355555555556,ST JOHNS WEST CLIMATE,8403603,8403603.2015.4.1,2015-04-01 00:00:00,NL,2015,4,1,2.2,,-0.8,,5.2,,14.9,,,M,,M,,,24,,57,,0,,15.8,,,,,
-52.78333888888889,47.513355555555556,ST JOHNS WEST CLIMATE,8403603,8403603.2015.4.2,2015-04-02 00:00:00,NL,2015,4,2,-3.3,,-6.3,,-0.3,,0.4,,,M,,M,,,31,,69,,0,,21.3,,,,,
-52.78333888888889,47.513355555555556,ST JOHNS WEST CLIMATE,8403603,8403603.2015.4.3,2015-04-03 00:00:00,NL,2015,4,3,-2.9,,-7.3,,1.5,,0.3,,,M,,M,,,28,,37,,0,,20.9,,,,,
-52.78333888888889,47.513355555555556,ST JOHNS WEST CLIMATE,8403603,8403603.2015.4.4,2015-04-04 00:00:00,NL,2015,4,4,3,,-1.8,,7.7,,4.5,,,M,,M,,,25,,52,,0,,15,,,,,
-52.78333888888889,47.513355555555556,ST JOHNS WEST CLIMATE,8403603,8403603.2015.4.5,2015-04-05 00:00:00,NL,2015,4,5,-0.5,,-7.3,,6.4,,0,,,M,,M,,,25,,70,,0,,18.5,,,,,
-52.78333888888889,47.513355555555556,ST JOHNS WEST CLIMATE,8403603,8403603.2015.4.6,2015-04-06 00:00:00,NL,2015,4,6,-4.7,,-8.5,,-0.9,,0.9,,,M,,M,,,25,,54,,0,,22.7,,,,,
-52.78333888888889,47.513355555555556,ST JOHNS WEST CLIMATE,8403603,8403603.2015.4.7,2015-04-07 00:00:00,NL,2015,4,7,-6,,-11.4,,-0.6,,0,,,M,,M,,,0,,0,,0,,24,,,,,
-52.78333888888889,47.513355555555556,ST JOHNS WEST CLIMATE,8403603,8403603.2015.4.8,2015-04-08 00:00:00,NL,2015,4,8,-5.6,,-11.9,,0.8,,0.8,,,M,,M,,,31,,44,,0,,23.6,,,,,
-52.78333888888889,47.513355555555556,ST JOHNS WEST CLIMATE,8403603,8403603.2015.4.9,2015-04-09 00:00:00,NL,2015,4,9,-6.7,,-11.3,,-2,,0,,,M,,M,,,28,,32,,0,,24.7,,,,,
-52.78333888888889,47.513355555555556,ST JOHNS WEST CLIMATE,8403603,8403603.2015.4.10,2015-04-10 00:00:00,NL,2015,4,10,-5.5,,-10.6,,-0.4,,0,,,M,,M,,,19,,37,,0,,23.5,,,,,
-52.78333888888889,47.513355555555556,ST JOHNS WEST CLIMATE,8403603,8403603.2015.4.11,2015-04-11 00:00:00,NL,2015,4,11,3.2,,-1.9,,8.2,,8.7,,,M,,M,,,18,,61,,0,,14.8,,,,,
-52.78333888888889,47.513355555555556,ST JOHNS WEST CLIMATE,8403603,8403603.2015.4.12,2015-04-12 00:00:00,NL,2015,4,12,0.5,,-2.7,,3.7,,0,,,M,,M,,,23,,46,,0,,17.5,,,,,
-52.78333888888889,47.513355555555556,ST JOHNS WEST CLIMATE,8403603,8403603.2015.4.13,2015-04-13 00:00:00,NL,2015,4,13,0.2,,-3.3,,3.7,,0,,,M,,M,,,24,,37,,0,,17.8,,,,,
-52.78333888888889,47.513355555555556,ST JOHNS WEST CLIMATE,8403603,8403603.2015.4.14,2015-04-14 00:00:00,NL,2015,4,14,4.8,,-1.4,,10.9,,6.8,,,M,,M,,,22,,59,,0,,13.2,,,,,
-52.78333888888889,47.513355555555556,ST JOHNS WEST CLIMATE,8403603,8403603.2015.4.15,2015-04-15 00:00:00,NL,2015,4,15,2.8,,-3.2,,8.8,,0,,,M,,M,,,22,,50,,0,,15.2,,,,,
-52.78333888888889,47.513355555555556,ST JOHNS WEST CLIMATE,8403603,8403603.2015.4.16,2015-04-16 00:00:00,NL,2015,4,16,-4.8,,-6.6,,-3,,0,,,M,,M,,,34,,69,,0,,22.8,,,,,
-52.78333888888889,47.513355555555556,ST JOHNS WEST CLIMATE,8403603,8403603.2015.4.17,2015-04-17 00:00:00,NL,2015,4,17,-1.5,,-6.9,,4,,0,,,M,,M,,,32,,41,,0,,19.5,,,,,
-52.78333888888889,47.513355555555556,ST JOHNS WEST CLIMATE,8403603,8403603.2015.4.18,2015-04-18 00:00:00,NL,2015,4,18,2.9,,-2.2,,8,,0,,,M,,M,,,35,,32,,0,,15.1,,,,,
-52.78333888888889,47.513355555555556,ST JOHNS WEST CLIMATE,8403603,8403603.2015.4.19,2015-04-19 00:00:00,NL,2015,4,19,-1.9,,-3.8,,0,,0,,,M,,M,,,1,,35,,0,,19.9,,,,,
-52.78333888888889,47.513355555555556,ST JOHNS WEST CLIMATE,8403603,8403603.2015.4.20,2015-04-20 00:00:00,NL,2015,4,20,-1,,-4,,2,,0,,,M,,M,,,34,,52,,0,,19,,,,,
-52.78333888888889,47.513355555555556,ST JOHNS WEST CLIMATE,8403603,8403603.2015.4.21,2015-04-21 00:00:00,NL,2015,4,21,-0.5,,-3.7,,2.7,,0,,,M,,M,,,34,,48,,0,,18.5,,,,,
-52.78333888888889,47.513355555555556,ST JOHNS WEST CLIMATE,8403603,8403603.2015.4.22,2015-04-22 00:00:00,NL,2015,4,22,0.5,,-3.5,,4.4,,0,,,M,,M,,,0,,0,,0,,17.5,,,,,
-52.78333888888889,47.513355555555556,ST JOHNS WEST CLIMATE,8403603,8403603.2015.4.23,2015-04-23 00:00:00,NL,2015,4,23,2.3,,-0.5,,5,,0,,,M,,M,,,0,,0,,0,,15.7,,,,,
-52.78333888888889,47.513355555555556,ST JOHNS WEST CLIMATE,8403603,8403603.2015.4.24,2015-04-24 00:00:00,NL,2015,4,24,2.2,,-0.5,,4.9,,0,,,M,,M,,,0,,0,,0,,15.8,,,,,
-52.78333888888889,47.513355555555556,ST JOHNS WEST CLIMATE,8403603,8403603.2015.4.25,2015-04-25 00:00:00,NL,2015,4,25,2.8,,-0.5,,6,,16.4,,,M,,M,0,T,10,,69,,0,,15.2,,,,,
-52.78333888888889,47.513355555555556,ST JOHNS WEST CLIMATE,8403603,8403603.2015.4.26,2015-04-26 00:00:00,NL,2015,4,26,4,,1.3,,6.7,,19.7,,,M,,M,,,13,,57,,0,,14,,,,,
-52.78333888888889,47.513355555555556,ST JOHNS WEST CLIMATE,8403603,8403603.2015.4.27,2015-04-27 00:00:00,NL,2015,4,27,2.7,,0.5,,4.9,,28.6,,,M,,M,,,3,,50,,0,,15.3,,,,,
-52.78333888888889,47.513355555555556,ST JOHNS WEST CLIMATE,8403603,8403603.2015.4.28,2015-04-28 00:00:00,NL,2015,4,28,2.6,,0.3,,4.9,,2.5,,,M,,M,,,9,,37,,0,,15.4,,,,,
-52.78333888888889,47.513355555555556,ST JOHNS WEST CLIMATE,8403603,8403603.2015.4.29,2015-04-29 00:00:00,NL,2015,4,29,3.7,,-0.2,,7.5,,3.5,,,M,,M,,,3,,41,,0,,14.3,,,,,
-52.78333888888889,47.513355555555556,ST JOHNS WEST CLIMATE,8403603,8403603.2015.4.30,2015-04-30 00:00:00,NL,2015,4,30,1.5,,0.7,,2.3,,19,,,M,,M,,,5,,54,,0,,16.5,,,,,
-52.78333888888889,47.513355555555556,ST JOHNS WEST CLIMATE,8403603,8403603.2015.5.1,2015-05-01 00:00:00,NL,2015,5,1,2.2,,0.8,,3.5,,5,,,M,,M,,,4,,44,,0,,15.8,,,,,
-52.78333888888889,47.513355555555556,ST JOHNS WEST CLIMATE,8403603,8403603.2015.5.2,2015-05-02 00:00:00,NL,2015,5,2,4.5,,1,,8,,0,,,M,,M,,,0,,0,,0,,13.5,,,,,
-52.78333888888889,47.513355555555556,ST JOHNS WEST CLIMATE,8403603,8403603.2015.5.3,2015-05-03 00:00:00,NL,2015,5,3,5.5,,2.2,,8.7,,0,,,M,,M,,,0,,0,,0,,12.5,,,,,
-52.78333888888889,47.513355555555556,ST JOHNS WEST CLIMATE,8403603,8403603.2015.5.4,2015-05-04 00:00:00,NL,2015,5,4,8.4,,2.3,,14.4,,0.2,,,M,,M,,,0,,0,,0,,9.6,,,,,
-52.78333888888889,47.513355555555556,ST JOHNS WEST CLIMATE,8403603,8403603.2015.5.5,2015-05-05 00:00:00,NL,2015,5,5,8.6,,1.5,,15.7,,0,,,M,,M,,,26,,44,,0,,9.4,,,,,
-52.78333888888889,47.513355555555556,ST JOHNS WEST CLIMATE,8403603,8403603.2015.5.6,2015-05-06 00:00:00,NL,2015,5,6,5.7,,0,,11.3,,2.7,,,M,,M,,,29,,80,,0,,12.3,,,,,
-52.78333888888889,47.513355555555556,ST JOHNS WEST CLIMATE,8403603,8403603.2015.5.7,2015-05-07 00:00:00,NL,2015,5,7,,M,0,E,,M,,M,,M,,M,,,0,,0,,,M,,M,,,,
-52.78333888888889,47.513355555555556,ST JOHNS WEST CLIMATE,8403603,8403603.2015.5.8,2015-05-08 00:00:00,NL,2015,5,8,0.3,,-1.6,,2.2,,2.8,,,M,,M,,,35,,54,,0,,17.7,,,,,
-52.78333888888889,47.513355555555556,ST JOHNS WEST CLIMATE,8403603,8403603.2015.5.9,2015-05-09 00:00:00,NL,2015,5,9,3.9,,1,,6.8,,1.1,,,M,,M,,,1,,63,,0,,14.1,,,,,
-52.78333888888889,47.513355555555556,ST JOHNS WEST CLIMATE,8403603,8403603.2015.5.10,2015-05-10 00:00:00,NL,2015,5,10,4.8,,1.1,,8.4,,3.9,,,M,,M,,,27,,39,,0,,13.2,,,,,
-52.78333888888889,47.513355555555556,ST JOHNS WEST CLIMATE,8403603,8403603.2015.5.11,2015-05-11 00:00:00,NL,2015,5,11,3.3,,-2.7,,9.3,,0,,,M,,M,,,1,,39,,0,,14.7,,,,,
-52.78333888888889,47.513355555555556,ST JOHNS WEST CLIMATE,8403603,8403603.2015.5.12,2015-05-12 00:00:00,NL,2015,5,12,5.6,,-0.7,,11.8,,18.7,,,M,,M,,,14,,37,,0,,12.4,,,,,
-52.78333888888889,47.513355555555556,ST JOHNS WEST CLIMATE,8403603,8403603.2015.5.13,2015-05-13 00:00:00,NL,2015,5,13,4.1,,-0.2,,8.4,,8,,,M,,M,,,33,,32,,0,,13.9,,,,,
-52.78333888888889,47.513355555555556,ST JOHNS WEST CLIMATE,8403603,8403603.2015.5.14,2015-05-14 00:00:00,NL,2015,5,14,4.6,,0.2,,9,,0,,,M,,M,,,31,,37,,0,,13.4,,,,,
-52.78333888888889,47.513355555555556,ST JOHNS WEST CLIMATE,8403603,8403603.2015.5.15,2015-05-15 00:00:00,NL,2015,5,15,9.3,,0.8,,17.8,,0,,,M,,M,,,28,,43,,0,,8.7,,,,,
-52.78333888888889,47.513355555555556,ST JOHNS WEST CLIMATE,8403603,8403603.2015.5.16,2015-05-16 00:00:00,NL,2015,5,16,7.4,,-0.1,,14.8,,0,,,M,,M,,,0,,0,,0,,10.6,,,,,
-52.78333888888889,47.513355555555556,ST JOHNS WEST CLIMATE,8403603,8403603.2015.5.17,2015-05-17 00:00:00,NL,2015,5,17,4.1,,-0.6,,8.7,,0,,,M,,M,,,0,,0,,0,,13.9,,,,,
-52.78333888888889,47.513355555555556,ST JOHNS WEST CLIMATE,8403603,8403603.2015.5.18,2015-05-18 00:00:00,NL,2015,5,18,4.3,,3.3,,5.3,,2.8,,,M,,M,,,5,,39,,0,,13.7,,,,,
-52.78333888888889,47.513355555555556,ST JOHNS WEST CLIMATE,8403603,8403603.2015.5.19,2015-05-19 00:00:00,NL,2015,5,19,10.3,,3.9,,16.7,,0.2,,,M,,M,,,0,,0,,0,,7.7,,,,,
-52.78333888888889,47.513355555555556,ST JOHNS WEST CLIMATE,8403603,8403603.2015.5.20,2015-05-20 00:00:00,NL,2015,5,20,11.6,,7.6,,15.6,,0,,,M,,M,,,21,,35,,0,,6.4,,,,,
-52.78333888888889,47.513355555555556,ST JOHNS WEST CLIMATE,8403603,8403603.2015.5.21,2015-05-21 00:00:00,NL,2015,5,21,8.1,,1.9,,14.2,,2.4,,,M,,M,,,26,,59,,0,,9.9,,,,,
-52.78333888888889,47.513355555555556,ST JOHNS WEST CLIMATE,8403603,8403603.2015.5.22,2015-05-22 00:00:00,NL,2015,5,22,9.4,,1.3,,17.4,,12,,,M,,M,,,11,,56,,0,,8.6,,,,,
-52.78333888888889,47.513355555555556,ST JOHNS WEST CLIMATE,8403603,8403603.2015.5.23,2015-05-23 00:00:00,NL,2015,5,23,9,,4.4,,13.6,,1.5,,,M,,M,,,25,,63,,0,,9,,,,,
-52.78333888888889,47.513355555555556,ST JOHNS WEST CLIMATE,8403603,8403603.2015.5.24,2015-05-24 00:00:00,NL,2015,5,24,8.8,,3.1,,14.4,,0,,,M,,M,,,28,,65,,0,,9.2,,,,,
-52.78333888888889,47.513355555555556,ST JOHNS WEST CLIMATE,8403603,8403603.2015.5.25,2015-05-25 00:00:00,NL,2015,5,25,12.7,,7.2,,18.2,,0,,,M,,M,,,22,,61,,0,,5.3,,,,,
-52.78333888888889,47.513355555555556,ST JOHNS WEST CLIMATE,8403603,8403603.2015.5.26,2015-05-26 00:00:00,NL,2015,5,26,15.6,,7.3,,23.9,,2,,,M,,M,,,24,,57,,0,,2.4,,,,,
-52.78333888888889,47.513355555555556,ST JOHNS WEST CLIMATE,8403603,8403603.2015.5.27,2015-05-27 00:00:00,NL,2015,5,27,12.7,,8.7,,16.7,,5,,,M,,M,,,24,,63,,0,,5.3,,,,,
-52.78333888888889,47.513355555555556,ST JOHNS WEST CLIMATE,8403603,8403603.2015.5.28,2015-05-28 00:00:00,NL,2015,5,28,13.6,,8.1,,19.1,,0,,,M,,M,,,23,,59,,0,,4.4,,,,,
-52.78333888888889,47.513355555555556,ST JOHNS WEST CLIMATE,8403603,8403603.2015.5.29,2015-05-29 00:00:00,NL,2015,5,29,5,,0.5,,9.5,,0.2,,,M,,M,,,0,,0,,0,,13,,,,,
-52.78333888888889,47.513355555555556,ST JOHNS WEST CLIMATE,8403603,8403603.2015.5.30,2015-05-30 00:00:00,NL,2015,5,30,8.9,,0.6,,17.2,,0,,,M,,M,,,24,,50,,0,,9.1,,,,,
-52.78333888888889,47.513355555555556,ST JOHNS WEST CLIMATE,8403603,8403603.2015.5.31,2015-05-31 00:00:00,NL,2015,5,31,11.4,,3.5,,19.2,,0,,,M,,M,,,26,,63,,0,,6.6,,,,,
-52.78333888888889,47.513355555555556,ST JOHNS WEST CLIMATE,8403603,8403603.2015.6.1,2015-06-01 00:00:00,NL,2015,6,1,2.6,,-1.8,,7,,0,,,M,,M,,,35,,35,,0,,15.4,,,,,
-52.78333888888889,47.513355555555556,ST JOHNS WEST CLIMATE,8403603,8403603.2015.6.2,2015-06-02 00:00:00,NL,2015,6,2,3.8,,-2.5,,10,,0,,,M,,M,,,0,,0,,0,,14.2,,,,,
-52.78333888888889,47.513355555555556,ST JOHNS WEST CLIMATE,8403603,8403603.2015.6.3,2015-06-03 00:00:00,NL,2015,6,3,6.6,,2.6,,10.5,,0,,,M,,M,,,0,,0,,0,,11.4,,,,,
-52.78333888888889,47.513355555555556,ST JOHNS WEST CLIMATE,8403603,8403603.2015.6.4,2015-06-04 00:00:00,NL,2015,6,4,3.2,,-1.4,,7.7,,0,,,M,,M,,,5,,37,,0,,14.8,,,,,
-52.78333888888889,47.513355555555556,ST JOHNS WEST CLIMATE,8403603,8403603.2015.6.5,2015-06-05 00:00:00,NL,2015,6,5,5.9,,-1.8,,13.6,,0,,,M,,M,,,14,,32,,0,,12.1,,,,,
-52.78333888888889,47.513355555555556,ST JOHNS WEST CLIMATE,8403603,8403603.2015.6.6,2015-06-06 00:00:00,NL,2015,6,6,8.7,,4.3,,13,,4.2,,,M,,M,,,19,,39,,0,,9.3,,,,,
-52.78333888888889,47.513355555555556,ST JOHNS WEST CLIMATE,8403603,8403603.2015.6.7,2015-06-07 00:00:00,NL,2015,6,7,9.4,,3.7,,15,,38.1,,,M,,M,,,1,,35,,0,,8.6,,,,,
-52.78333888888889,47.513355555555556,ST JOHNS WEST CLIMATE,8403603,8403603.2015.6.8,2015-06-08 00:00:00,NL,2015,6,8,7.4,,2.5,,12.3,,0,,,M,,M,,,36,,41,,0,,10.6,,,,,
-52.78333888888889,47.513355555555556,ST JOHNS WEST CLIMATE,8403603,8403603.2015.6.9,2015-06-09 00:00:00,NL,2015,6,9,10.6,,2.2,,18.9,,0,,,M,,M,,,0,,0,,0,,7.4,,,,,
-52.78333888888889,47.513355555555556,ST JOHNS WEST CLIMATE,8403603,8403603.2015.6.10,2015-06-10 00:00:00,NL,2015,6,10,12.1,,4.2,,19.9,,0,,,M,,M,,,18,,33,,0,,5.9,,,,,
-52.78333888888889,47.513355555555556,ST JOHNS WEST CLIMATE,8403603,8403603.2015.6.11,2015-06-11 00:00:00,NL,2015,6,11,14.3,,6.8,,21.8,,0.4,,,M,,M,,,0,,0,,0,,3.7,,,,,
-52.78333888888889,47.513355555555556,ST JOHNS WEST CLIMATE,8403603,8403603.2015.6.12,2015-06-12 00:00:00,NL,2015,6,12,15.9,,11.9,,19.8,,0.4,,,M,,M,,,28,,33,,0,,2.1,,,,,
-52.78333888888889,47.513355555555556,ST JOHNS WEST CLIMATE,8403603,8403603.2015.6.13,2015-06-13 00:00:00,NL,2015,6,13,10.6,,4.9,,16.2,,10.1,,,M,,M,,,32,,41,,0,,7.4,,,,,
-52.78333888888889,47.513355555555556,ST JOHNS WEST CLIMATE,8403603,8403603.2015.6.14,2015-06-14 00:00:00,NL,2015,6,14,7.6,,4.8,,10.3,,2.3,,,M,,M,,,35,,52,,0,,10.4,,,,,
-52.78333888888889,47.513355555555556,ST JOHNS WEST CLIMATE,8403603,8403603.2015.6.15,2015-06-15 00:00:00,NL,2015,6,15,6.7,,1.8,,11.5,,0.2,,,M,,M,,,34,,46,,0,,11.3,,,,,
-52.78333888888889,47.513355555555556,ST JOHNS WEST CLIMATE,8403603,8403603.2015.6.16,2015-06-16 00:00:00,NL,2015,6,16,10.1,,4.1,,16.1,,0,,,M,,M,,,22,,41,,0,,7.9,,,,,
-52.78333888888889,47.513355555555556,ST JOHNS WEST CLIMATE,8403603,8403603.2015.6.17,2015-06-17 00:00:00,NL,2015,6,17,9.5,,4.6,,14.3,,6.5,,,M,,M,,,31,,63,,0,,8.5,,,,,
-52.78333888888889,47.513355555555556,ST JOHNS WEST CLIMATE,8403603,8403603.2015.6.18,2015-06-18 00:00:00,NL,2015,6,18,13.3,,3.5,,23,,0,,,M,,M,,,26,,48,,0,,4.7,,,,,
-52.78333888888889,47.513355555555556,ST JOHNS WEST CLIMATE,8403603,8403603.2015.6.19,2015-06-19 00:00:00,NL,2015,6,19,13.7,,8,,19.3,,0.7,,,M,,M,,,16,,37,,0,,4.3,,,,,
-52.78333888888889,47.513355555555556,ST JOHNS WEST CLIMATE,8403603,8403603.2015.6.20,2015-06-20 00:00:00,NL,2015,6,20,12.9,,7.1,,18.6,,0,,,M,,M,,,33,,33,,0,,5.1,,,,,
-52.78333888888889,47.513355555555556,ST JOHNS WEST CLIMATE,8403603,8403603.2015.6.21,2015-06-21 00:00:00,NL,2015,6,21,13.9,,7.7,,20,,0,,,M,,M,,,28,,33,,0,,4.1,,,,,
-52.78333888888889,47.513355555555556,ST JOHNS WEST CLIMATE,8403603,8403603.2015.6.22,2015-06-22 00:00:00,NL,2015,6,22,12.2,,7.4,,16.9,,6.3,,,M,,M,,,0,,0,,0,,5.8,,,,,
-52.78333888888889,47.513355555555556,ST JOHNS WEST CLIMATE,8403603,8403603.2015.6.23,2015-06-23 00:00:00,NL,2015,6,23,7.8,,3.8,,11.8,,1.8,,,M,,M,,,3,,41,,0,,10.2,,,,,
-52.78333888888889,47.513355555555556,ST JOHNS WEST CLIMATE,8403603,8403603.2015.6.24,2015-06-24 00:00:00,NL,2015,6,24,8,,4.3,,11.6,,0,,,M,,M,,,0,,0,,0,,10,,,,,
-52.78333888888889,47.513355555555556,ST JOHNS WEST CLIMATE,8403603,8403603.2015.6.25,2015-06-25 00:00:00,NL,2015,6,25,6.8,,5.6,,8,,1.3,,,M,,M,,,0,,0,,0,,11.2,,,,,
-52.78333888888889,47.513355555555556,ST JOHNS WEST CLIMATE,8403603,8403603.2015.6.26,2015-06-26 00:00:00,NL,2015,6,26,8.3,,5.9,,10.6,,0.2,,,M,,M,,,0,,0,,0,,9.7,,,,,
-52.78333888888889,47.513355555555556,ST JOHNS WEST CLIMATE,8403603,8403603.2015.6.27,2015-06-27 00:00:00,NL,2015,6,27,6.3,,2.3,,10.3,,0,,,M,,M,,,0,,0,,0,,11.7,,,,,
-52.78333888888889,47.513355555555556,ST JOHNS WEST CLIMATE,8403603,8403603.2015.6.28,2015-06-28 00:00:00,NL,2015,6,28,12.3,,2.3,,22.2,,0,,,M,,M,,,28,,41,,0,,5.7,,,,,
-52.78333888888889,47.513355555555556,ST JOHNS WEST CLIMATE,8403603,8403603.2015.6.29,2015-06-29 00:00:00,NL,2015,6,29,12.8,,8,,17.5,,1.8,,,M,,M,,,15,,44,,0,,5.2,,,,,
-52.78333888888889,47.513355555555556,ST JOHNS WEST CLIMATE,8403603,8403603.2015.6.30,2015-06-30 00:00:00,NL,2015,6,30,14.7,,8.2,,21.1,,0.2,,,M,,M,,,28,,41,,0,,3.3,,,,,
-52.78333888888889,47.513355555555556,ST JOHNS WEST CLIMATE,8403603,8403603.2015.7.1,2015-07-01 00:00:00,NL,2015,7,1,14.5,,8.2,,20.8,,0,,,M,,M,,,30,,39,,0,,3.5,,,,,
-52.78333888888889,47.513355555555556,ST JOHNS WEST CLIMATE,8403603,8403603.2015.7.2,2015-07-02 00:00:00,NL,2015,7,2,12.4,,8.1,,16.7,,6.7,,,M,,M,,,0,,0,,0,,5.6,,,,,
-52.78333888888889,47.513355555555556,ST JOHNS WEST CLIMATE,8403603,8403603.2015.7.3,2015-07-03 00:00:00,NL,2015,7,3,16.7,,9,,24.3,,12.4,,,M,,M,,,33,,41,,0,,1.3,,,,,
-52.78333888888889,47.513355555555556,ST JOHNS WEST CLIMATE,8403603,8403603.2015.7.4,2015-07-04 00:00:00,NL,2015,7,4,16.2,,11.6,,20.8,,0,,,M,,M,,,29,,39,,0,,1.8,,,,,
-52.78333888888889,47.513355555555556,ST JOHNS WEST CLIMATE,8403603,8403603.2015.7.5,2015-07-05 00:00:00,NL,2015,7,5,12.7,,8.6,,16.8,,0,,,M,,M,,,0,,0,,0,,5.3,,,,,
-52.78333888888889,47.513355555555556,ST JOHNS WEST CLIMATE,8403603,8403603.2015.7.6,2015-07-06 00:00:00,NL,2015,7,6,7.7,,6.1,,9.3,,3.9,,,M,,M,,,1,,32,,0,,10.3,,,,,
-52.78333888888889,47.513355555555556,ST JOHNS WEST CLIMATE,8403603,8403603.2015.7.7,2015-07-07 00:00:00,NL,2015,7,7,10.7,,6.2,,15.2,,0,,,M,,M,,,0,,0,,0,,7.3,,,,,
-52.78333888888889,47.513355555555556,ST JOHNS WEST CLIMATE,8403603,8403603.2015.7.8,2015-07-08 00:00:00,NL,2015,7,8,14.5,,9.8,,19.2,,3.4,,,M,,M,,,24,,41,,0,,3.5,,,,,
-52.78333888888889,47.513355555555556,ST JOHNS WEST CLIMATE,8403603,8403603.2015.7.9,2015-07-09 00:00:00,NL,2015,7,9,18.8,,14.3,,23.2,,6,,,M,,M,,,21,,46,,0.8,,0,,,,,
-52.78333888888889,47.513355555555556,ST JOHNS WEST CLIMATE,8403603,8403603.2015.7.10,2015-07-10 00:00:00,NL,2015,7,10,15.6,,7.9,,23.3,,0,,,M,,M,,,0,,0,,0,,2.4,,,,,
-52.78333888888889,47.513355555555556,ST JOHNS WEST CLIMATE,8403603,8403603.2015.7.11,2015-07-11 00:00:00,NL,2015,7,11,9.2,,6.9,,11.4,,0,,,M,,M,,,1,,32,,0,,8.8,,,,,
-52.78333888888889,47.513355555555556,ST JOHNS WEST CLIMATE,8403603,8403603.2015.7.12,2015-07-12 00:00:00,NL,2015,7,12,10.5,,6.7,,14.2,,0.6,,,M,,M,,,17,,33,,0,,7.5,,,,,
-52.78333888888889,47.513355555555556,ST JOHNS WEST CLIMATE,8403603,8403603.2015.7.13,2015-07-13 00:00:00,NL,2015,7,13,12.8,,9,,16.6,,5.2,,,M,,M,,,22,,43,,0,,5.2,,,,,
-52.78333888888889,47.513355555555556,ST JOHNS WEST CLIMATE,8403603,8403603.2015.7.14,2015-07-14 00:00:00,NL,2015,7,14,14.8,,8.3,,21.2,,0,,,M,,M,,,0,,0,,0,,3.2,,,,,
-52.78333888888889,47.513355555555556,ST JOHNS WEST CLIMATE,8403603,8403603.2015.7.15,2015-07-15 00:00:00,NL,2015,7,15,13.7,,9.9,,17.5,,11.5,,,M,,M,,,8,,35,,0,,4.3,,,,,
-52.78333888888889,47.513355555555556,ST JOHNS WEST CLIMATE,8403603,8403603.2015.7.16,2015-07-16 00:00:00,NL,2015,7,16,18.8,,12.8,,24.7,,0,,,M,,M,,,31,,33,,0.8,,0,,,,,
-52.78333888888889,47.513355555555556,ST JOHNS WEST CLIMATE,8403603,8403603.2015.7.17,2015-07-17 00:00:00,NL,2015,7,17,13.3,,7.2,,19.4,,0,,,M,,M,,,31,,32,,0,,4.7,,,,,
-52.78333888888889,47.513355555555556,ST JOHNS WEST CLIMATE,8403603,8403603.2015.7.18,2015-07-18 00:00:00,NL,2015,7,18,11.2,,8.3,,14.1,,0,,,M,,M,,,32,,46,,0,,6.8,,,,,
-52.78333888888889,47.513355555555556,ST JOHNS WEST CLIMATE,8403603,8403603.2015.7.19,2015-07-19 00:00:00,NL,2015,7,19,10.3,,8.1,,12.5,,0.2,,,M,,M,,,0,,0,,0,,7.7,,,,,
-52.78333888888889,47.513355555555556,ST JOHNS WEST CLIMATE,8403603,8403603.2015.7.20,2015-07-20 00:00:00,NL,2015,7,20,10,,8.1,,11.8,,2.3,,,M,,M,,,8,,32,,0,,8,,,,,
-52.78333888888889,47.513355555555556,ST JOHNS WEST CLIMATE,8403603,8403603.2015.7.21,2015-07-21 00:00:00,NL,2015,7,21,9.4,,8.4,,10.3,,3.8,,,M,,M,,,0,,0,,0,,8.6,,,,,
-52.78333888888889,47.513355555555556,ST JOHNS WEST CLIMATE,8403603,8403603.2015.7.22,2015-07-22 00:00:00,NL,2015,7,22,10,,8.3,,11.6,,23.2,,,M,,M,,,9,,43,,0,,8,,,,,
-52.78333888888889,47.513355555555556,ST JOHNS WEST CLIMATE,8403603,8403603.2015.7.23,2015-07-23 00:00:00,NL,2015,7,23,14.4,,10.1,,18.6,,11.5,,,M,,M,,,24,,61,,0,,3.6,,,,,
-52.78333888888889,47.513355555555556,ST JOHNS WEST CLIMATE,8403603,8403603.2015.7.24,2015-07-24 00:00:00,NL,2015,7,24,8.5,,6.8,,10.1,,3.3,,,M,,M,,,33,,50,,0,,9.5,,,,,
-52.78333888888889,47.513355555555556,ST JOHNS WEST CLIMATE,8403603,8403603.2015.7.25,2015-07-25 00:00:00,NL,2015,7,25,8.1,,6.1,,10,,0,,,M,,M,,,0,,0,,0,,9.9,,,,,
-52.78333888888889,47.513355555555556,ST JOHNS WEST CLIMATE,8403603,8403603.2015.7.26,2015-07-26 00:00:00,NL,2015,7,26,8.6,,7,,10.2,,0.2,,,M,,M,,,0,,0,,0,,9.4,,,,,
-52.78333888888889,47.513355555555556,ST JOHNS WEST CLIMATE,8403603,8403603.2015.7.27,2015-07-27 00:00:00,NL,2015,7,27,13.7,,7.7,,19.6,,0,,,M,,M,,,0,,0,,0,,4.3,,,,,
-52.78333888888889,47.513355555555556,ST JOHNS WEST CLIMATE,8403603,8403603.2015.7.28,2015-07-28 00:00:00,NL,2015,7,28,13.2,,7.3,,19.1,,0,,,M,,M,,,0,,0,,0,,4.8,,,,,
-52.78333888888889,47.513355555555556,ST JOHNS WEST CLIMATE,8403603,8403603.2015.7.29,2015-07-29 00:00:00,NL,2015,7,29,12.6,,9.8,,15.4,,3.7,,,M,,M,,,8,,43,,0,,5.4,,,,,
-52.78333888888889,47.513355555555556,ST JOHNS WEST CLIMATE,8403603,8403603.2015.7.30,2015-07-30 00:00:00,NL,2015,7,30,11.5,,9.6,,13.4,,13.5,,,M,,M,,,7,,57,,0,,6.5,,,,,
-52.78333888888889,47.513355555555556,ST JOHNS WEST CLIMATE,8403603,8403603.2015.7.31,2015-07-31 00:00:00,NL,2015,7,31,11.9,,9.6,,14.2,,0.5,,,M,,M,,,33,,37,,0,,6.1,,,,,
-52.78333888888889,47.513355555555556,ST JOHNS WEST CLIMATE,8403603,8403603.2015.8.1,2015-08-01 00:00:00,NL,2015,8,1,12.2,,9.7,,14.7,,4.4,,,M,,M,,,15,,32,,0,,5.8,,,,,
-52.78333888888889,47.513355555555556,ST JOHNS WEST CLIMATE,8403603,8403603.2015.8.2,2015-08-02 00:00:00,NL,2015,8,2,21,,14.6,,27.4,,0,,,M,,M,,,25,,44,,3,,0,,,,,
-52.78333888888889,47.513355555555556,ST JOHNS WEST CLIMATE,8403603,8403603.2015.8.3,2015-08-03 00:00:00,NL,2015,8,3,19.7,,13.5,,25.8,,0,,,M,,M,,,26,,56,,1.7,,0,,,,,
-52.78333888888889,47.513355555555556,ST JOHNS WEST CLIMATE,8403603,8403603.2015.8.4,2015-08-04 00:00:00,NL,2015,8,4,16.8,,11.7,,21.9,,0,,,M,,M,,,0,,0,,0,,1.2,,,,,
-52.78333888888889,47.513355555555556,ST JOHNS WEST CLIMATE,8403603,8403603.2015.8.5,2015-08-05 00:00:00,NL,2015,8,5,19.2,,12.3,,26,,0.5,,,M,,M,,,21,,37,,1.2,,0,,,,,
-52.78333888888889,47.513355555555556,ST JOHNS WEST CLIMATE,8403603,8403603.2015.8.6,2015-08-06 00:00:00,NL,2015,8,6,18.7,,14.9,,22.5,,1.1,,,M,,M,,,25,,41,,0.7,,0,,,,,
-52.78333888888889,47.513355555555556,ST JOHNS WEST CLIMATE,8403603,8403603.2015.8.7,2015-08-07 00:00:00,NL,2015,8,7,18.2,,12,,24.4,,0,,,M,,M,,,24,,48,,0.2,,0,,,,,
-52.78333888888889,47.513355555555556,ST JOHNS WEST CLIMATE,8403603,8403603.2015.8.8,2015-08-08 00:00:00,NL,2015,8,8,13.5,,10.7,,16.3,,0,,,M,,M,,,0,,0,,0,,4.5,,,,,
-52.78333888888889,47.513355555555556,ST JOHNS WEST CLIMATE,8403603,8403603.2015.8.9,2015-08-09 00:00:00,NL,2015,8,9,11,,10.1,,11.9,,0.5,,,M,,M,,,5,,39,,0,,7,,,,,
-52.78333888888889,47.513355555555556,ST JOHNS WEST CLIMATE,8403603,8403603.2015.8.10,2015-08-10 00:00:00,NL,2015,8,10,18,,10.8,,25.2,,2.4,,,M,,M,,,22,,56,,0,,0,,,,,
-52.78333888888889,47.513355555555556,ST JOHNS WEST CLIMATE,8403603,8403603.2015.8.11,2015-08-11 00:00:00,NL,2015,8,11,17.4,,10.1,,24.6,,0,,,M,,M,,,30,,44,,0,,0.6,,,,,
-52.78333888888889,47.513355555555556,ST JOHNS WEST CLIMATE,8403603,8403603.2015.8.12,2015-08-12 00:00:00,NL,2015,8,12,14.5,,8.6,,20.3,,1.9,,,M,,M,,,18,,32,,0,,3.5,,,,,
-52.78333888888889,47.513355555555556,ST JOHNS WEST CLIMATE,8403603,8403603.2015.8.13,2015-08-13 00:00:00,NL,2015,8,13,22.5,,20.2,,24.8,,0.8,,,M,,M,,,25,,50,,4.5,,0,,,,,
-52.78333888888889,47.513355555555556,ST JOHNS WEST CLIMATE,8403603,8403603.2015.8.14,2015-08-14 00:00:00,NL,2015,8,14,19.7,,16.6,,22.7,,10.3,,,M,,M,,,22,,43,,1.7,,0,,,,,
-52.78333888888889,47.513355555555556,ST JOHNS WEST CLIMATE,8403603,8403603.2015.8.15,2015-08-15 00:00:00,NL,2015,8,15,20,,14.4,,25.6,,0,,,M,,M,,,24,,43,,2,,0,,,,,
-52.78333888888889,47.513355555555556,ST JOHNS WEST CLIMATE,8403603,8403603.2015.8.16,2015-08-16 00:00:00,NL,2015,8,16,20.6,,15.8,,25.4,,0,,,M,,M,,,23,,37,,2.6,,0,,,,,
-52.78333888888889,47.513355555555556,ST JOHNS WEST CLIMATE,8403603,8403603.2015.8.17,2015-08-17 00:00:00,NL,2015,8,17,16.8,,12,,21.5,,0,,,M,,M,,,25,,33,,0,,1.2,,,,,
-52.78333888888889,47.513355555555556,ST JOHNS WEST CLIMATE,8403603,8403603.2015.8.18,2015-08-18 00:00:00,NL,2015,8,18,20.7,,13.4,,28,,0,,,M,,M,,,26,,41,,2.7,,0,,,,,
-52.78333888888889,47.513355555555556,ST JOHNS WEST CLIMATE,8403603,8403603.2015.8.19,2015-08-19 00:00:00,NL,2015,8,19,14.3,,12.6,,15.9,,0,,,M,,M,,,0,,0,,0,,3.7,,,,,
-52.78333888888889,47.513355555555556,ST JOHNS WEST CLIMATE,8403603,8403603.2015.8.20,2015-08-20 00:00:00,NL,2015,8,20,15.2,,12.7,,17.7,,0,,,M,,M,,,0,,0,,0,,2.8,,,,,
-52.78333888888889,47.513355555555556,ST JOHNS WEST CLIMATE,8403603,8403603.2015.8.21,2015-08-21 00:00:00,NL,2015,8,21,20.1,,15.2,,25,,0,,,M,,M,,,26,,37,,2.1,,0,,,,,
-52.78333888888889,47.513355555555556,ST JOHNS WEST CLIMATE,8403603,8403603.2015.8.22,2015-08-22 00:00:00,NL,2015,8,22,22.8,,18.7,,26.8,,0,,,M,,M,,,26,,39,,4.8,,0,,,,,
-52.78333888888889,47.513355555555556,ST JOHNS WEST CLIMATE,8403603,8403603.2015.8.23,2015-08-23 00:00:00,NL,2015,8,23,21.7,,18.8,,24.5,,2,,,M,,M,,,26,,39,,3.7,,0,,,,,
-52.78333888888889,47.513355555555556,ST JOHNS WEST CLIMATE,8403603,8403603.2015.8.24,2015-08-24 00:00:00,NL,2015,8,24,17.3,,14.1,,20.4,,0.8,,,M,,M,,,0,,0,,0,,0.7,,,,,
-52.78333888888889,47.513355555555556,ST JOHNS WEST CLIMATE,8403603,8403603.2015.8.25,2015-08-25 00:00:00,NL,2015,8,25,13.2,,11.1,,15.2,,0.4,,,M,,M,,,10,,35,,0,,4.8,,,,,
-52.78333888888889,47.513355555555556,ST JOHNS WEST CLIMATE,8403603,8403603.2015.8.26,2015-08-26 00:00:00,NL,2015,8,26,12.5,,8.8,,16.1,,0,,,M,,M,,,0,,0,,0,,5.5,,,,,
-52.78333888888889,47.513355555555556,ST JOHNS WEST CLIMATE,8403603,8403603.2015.8.27,2015-08-27 00:00:00,NL,2015,8,27,15.3,,10.1,,20.5,,0,,,M,,M,,,0,,0,,0,,2.7,,,,,
-52.78333888888889,47.513355555555556,ST JOHNS WEST CLIMATE,8403603,8403603.2015.8.28,2015-08-28 00:00:00,NL,2015,8,28,17.1,,12.3,,21.8,,9.7,,,M,,M,,,16,,41,,0,,0.9,,,,,
-52.78333888888889,47.513355555555556,ST JOHNS WEST CLIMATE,8403603,8403603.2015.8.29,2015-08-29 00:00:00,NL,2015,8,29,17.7,,12.1,,23.2,,0,,,M,,M,,,27,,32,,0,,0.3,,,,,
-52.78333888888889,47.513355555555556,ST JOHNS WEST CLIMATE,8403603,8403603.2015.8.30,2015-08-30 00:00:00,NL,2015,8,30,16.9,,11.9,,21.8,,0,,,M,,M,,,0,,0,,0,,1.1,,,,,
-52.78333888888889,47.513355555555556,ST JOHNS WEST CLIMATE,8403603,8403603.2015.8.31,2015-08-31 00:00:00,NL,2015,8,31,18.3,,15.3,,21.3,,0,,,M,,M,,,24,,32,,0.3,,0,,,,,
-52.78333888888889,47.513355555555556,ST JOHNS WEST CLIMATE,8403603,8403603.2015.9.1,2015-09-01 00:00:00,NL,2015,9,1,15.5,,10.4,,20.5,,2.5,,,M,,M,,,33,,50,,0,,2.5,,,,,
-52.78333888888889,47.513355555555556,ST JOHNS WEST CLIMATE,8403603,8403603.2015.9.2,2015-09-02 00:00:00,NL,2015,9,2,8.1,,4.9,,11.2,,0.4,,,M,,M,,,31,,57,,0,,9.9,,,,,
-52.78333888888889,47.513355555555556,ST JOHNS WEST CLIMATE,8403603,8403603.2015.9.3,2015-09-03 00:00:00,NL,2015,9,3,13.4,,5.1,,21.6,,0,,,M,,M,,,25,,39,,0,,4.6,,,,,
-52.78333888888889,47.513355555555556,ST JOHNS WEST CLIMATE,8403603,8403603.2015.9.4,2015-09-04 00:00:00,NL,2015,9,4,11.7,,7.9,,15.5,,0,,,M,,M,,,33,,39,,0,,6.3,,,,,
-52.78333888888889,47.513355555555556,ST JOHNS WEST CLIMATE,8403603,8403603.2015.9.5,2015-09-05 00:00:00,NL,2015,9,5,12.1,,6.7,,17.5,,0.2,,,M,,M,,,26,,52,,0,,5.9,,,,,
-52.78333888888889,47.513355555555556,ST JOHNS WEST CLIMATE,8403603,8403603.2015.9.6,2015-09-06 00:00:00,NL,2015,9,6,10.6,,5.3,,15.8,,0,,,M,,M,,,32,,37,,0,,7.4,,,,,
-52.78333888888889,47.513355555555556,ST JOHNS WEST CLIMATE,8403603,8403603.2015.9.7,2015-09-07 00:00:00,NL,2015,9,7,15.8,,9.4,,22.1,,2.8,,,M,,M,,,25,,61,,0,,2.2,,,,,
-52.78333888888889,47.513355555555556,ST JOHNS WEST CLIMATE,8403603,8403603.2015.9.8,2015-09-08 00:00:00,NL,2015,9,8,6.1,,1.6,,10.6,,3.2,,,M,,M,,,1,,41,,0,,11.9,,,,,
-52.78333888888889,47.513355555555556,ST JOHNS WEST CLIMATE,8403603,8403603.2015.9.9,2015-09-09 00:00:00,NL,2015,9,9,7.5,,0.6,,14.3,,0,,,M,,M,,,0,,0,,0,,10.5,,,,,
-52.78333888888889,47.513355555555556,ST JOHNS WEST CLIMATE,8403603,8403603.2015.9.10,2015-09-10 00:00:00,NL,2015,9,10,17.4,,12.3,,22.4,,0,,,M,,M,,,25,,46,,0,,0.6,,,,,
-52.78333888888889,47.513355555555556,ST JOHNS WEST CLIMATE,8403603,8403603.2015.9.11,2015-09-11 00:00:00,NL,2015,9,11,16.7,,12.8,,20.6,,0.2,,,M,,M,,,0,,0,,0,,1.3,,,,,
-52.78333888888889,47.513355555555556,ST JOHNS WEST CLIMATE,8403603,8403603.2015.9.12,2015-09-12 00:00:00,NL,2015,9,12,14.1,,12.1,,16,,5.1,,,M,,M,,,10,,33,,0,,3.9,,,,,
-52.78333888888889,47.513355555555556,ST JOHNS WEST CLIMATE,8403603,8403603.2015.9.13,2015-09-13 00:00:00,NL,2015,9,13,18.2,,12,,24.3,,0.3,,,M,,M,,,28,,32,,0.2,,0,,,,,
-52.78333888888889,47.513355555555556,ST JOHNS WEST CLIMATE,8403603,8403603.2015.9.14,2015-09-14 00:00:00,NL,2015,9,14,13.2,,11.1,,15.3,,7.2,,,M,,M,,,10,,32,,0,,4.8,,,,,
-52.78333888888889,47.513355555555556,ST JOHNS WEST CLIMATE,8403603,8403603.2015.9.15,2015-09-15 00:00:00,NL,2015,9,15,16.2,,12.8,,19.6,,56.5,,,M,,M,,,28,,32,,0,,1.8,,,,,
-52.78333888888889,47.513355555555556,ST JOHNS WEST CLIMATE,8403603,8403603.2015.9.16,2015-09-16 00:00:00,NL,2015,9,16,11.1,,7.6,,14.5,,16.6,,,M,,M,,,31,,67,,0,,6.9,,,,,
-52.78333888888889,47.513355555555556,ST JOHNS WEST CLIMATE,8403603,8403603.2015.9.17,2015-09-17 00:00:00,NL,2015,9,17,,M,7.1,E,,M,,M,,M,,M,,,0,,0,,,M,,M,,,,
-52.78333888888889,47.513355555555556,ST JOHNS WEST CLIMATE,8403603,8403603.2015.9.18,2015-09-18 00:00:00,NL,2015,9,18,10.6,,5,,16.1,,0,,,M,,M,,,0,,0,,0,,7.4,,,,,
-52.78333888888889,47.513355555555556,ST JOHNS WEST CLIMATE,8403603,8403603.2015.9.19,2015-09-19 00:00:00,NL,2015,9,19,13.9,,5.8,,22,,0,,,M,,M,,,23,,35,,0,,4.1,,,,,
-52.78333888888889,47.513355555555556,ST JOHNS WEST CLIMATE,8403603,8403603.2015.9.20,2015-09-20 00:00:00,NL,2015,9,20,16.4,,10.5,,22.2,,0,,,M,,M,,,24,,39,,0,,1.6,,,,,
-52.78333888888889,47.513355555555556,ST JOHNS WEST CLIMATE,8403603,8403603.2015.9.21,2015-09-21 00:00:00,NL,2015,9,21,13.1,,7.1,,19.1,,28.9,,,M,,M,,,33,,39,,0,,4.9,,,,,
-52.78333888888889,47.513355555555556,ST JOHNS WEST CLIMATE,8403603,8403603.2015.9.22,2015-09-22 00:00:00,NL,2015,9,22,8.9,,3.5,,14.2,,0,,,M,,M,,,5,,37,,0,,9.1,,,,,
-52.78333888888889,47.513355555555556,ST JOHNS WEST CLIMATE,8403603,8403603.2015.9.23,2015-09-23 00:00:00,NL,2015,9,23,11,,2.8,,19.2,,0,,,M,,M,,,0,,0,,0,,7,,,,,
-52.78333888888889,47.513355555555556,ST JOHNS WEST CLIMATE,8403603,8403603.2015.9.24,2015-09-24 00:00:00,NL,2015,9,24,12.5,,5.7,,19.2,,0,,,M,,M,,,4,,32,,0,,5.5,,,,,
-52.78333888888889,47.513355555555556,ST JOHNS WEST CLIMATE,8403603,8403603.2015.9.25,2015-09-25 00:00:00,NL,2015,9,25,8.1,,3.4,,12.7,,0,,,M,,M,,,29,,52,,0,,9.9,,,,,
-52.78333888888889,47.513355555555556,ST JOHNS WEST CLIMATE,8403603,8403603.2015.9.26,2015-09-26 00:00:00,NL,2015,9,26,5.7,,2.3,,9,,1.7,,,M,,M,,,32,,52,,0,,12.3,,,,,
-52.78333888888889,47.513355555555556,ST JOHNS WEST CLIMATE,8403603,8403603.2015.9.27,2015-09-27 00:00:00,NL,2015,9,27,7.2,,1.6,,12.8,,0.4,,,M,,M,,,26,,46,,0,,10.8,,,,,
-52.78333888888889,47.513355555555556,ST JOHNS WEST CLIMATE,8403603,8403603.2015.9.28,2015-09-28 00:00:00,NL,2015,9,28,16.2,,12.6,,19.8,,0,,,M,,M,,,24,,52,,0,,1.8,,,,,
-52.78333888888889,47.513355555555556,ST JOHNS WEST CLIMATE,8403603,8403603.2015.9.29,2015-09-29 00:00:00,NL,2015,9,29,18.6,,13.5,,23.7,,0,,,M,,M,,,27,,37,,0.6,,0,,,,,
-52.78333888888889,47.513355555555556,ST JOHNS WEST CLIMATE,8403603,8403603.2015.9.30,2015-09-30 00:00:00,NL,2015,9,30,18.9,,13.3,,24.4,,0,,,M,,M,,,27,,37,,0.9,,0,,,,,
-52.78333888888889,47.513355555555556,ST JOHNS WEST CLIMATE,8403603,8403603.2015.10.1,2015-10-01 00:00:00,NL,2015,10,1,18.4,,14.4,,22.4,,0,,,M,,M,,,20,,33,,0.4,,0,,,,,
-52.78333888888889,47.513355555555556,ST JOHNS WEST CLIMATE,8403603,8403603.2015.10.2,2015-10-02 00:00:00,NL,2015,10,2,11.6,,6.3,,16.9,,15.2,,,M,,M,,,3,,43,,0,,6.4,,,,,
-52.78333888888889,47.513355555555556,ST JOHNS WEST CLIMATE,8403603,8403603.2015.10.3,2015-10-03 00:00:00,NL,2015,10,3,5.8,,4.9,,6.6,,0,,,M,,M,,,1,,41,,0,,12.2,,,,,
-52.78333888888889,47.513355555555556,ST JOHNS WEST CLIMATE,8403603,8403603.2015.10.4,2015-10-04 00:00:00,NL,2015,10,4,5.3,,2.3,,8.3,,0,,,M,,M,,,3,,33,,0,,12.7,,,,,
-52.78333888888889,47.513355555555556,ST JOHNS WEST CLIMATE,8403603,8403603.2015.10.5,2015-10-05 00:00:00,NL,2015,10,5,8.2,,1.4,,14.9,,0,,,M,,M,,,0,,0,,0,,9.8,,,,,
-52.78333888888889,47.513355555555556,ST JOHNS WEST CLIMATE,8403603,8403603.2015.10.6,2015-10-06 00:00:00,NL,2015,10,6,11.3,,4.8,,17.7,,0,,,M,,M,,,0,,0,,0,,6.7,,,,,
-52.78333888888889,47.513355555555556,ST JOHNS WEST CLIMATE,8403603,8403603.2015.10.7,2015-10-07 00:00:00,NL,2015,10,7,7.8,,7,,8.6,,0,,,M,,M,,,0,,0,,0,,10.2,,,,,
-52.78333888888889,47.513355555555556,ST JOHNS WEST CLIMATE,8403603,8403603.2015.10.8,2015-10-08 00:00:00,NL,2015,10,8,11.2,,6.1,,16.3,,0.3,,,M,,M,,,25,,35,,0,,6.8,,,,,
-52.78333888888889,47.513355555555556,ST JOHNS WEST CLIMATE,8403603,8403603.2015.10.9,2015-10-09 00:00:00,NL,2015,10,9,6.6,,1.5,,11.6,,0,,,M,,M,,,0,,0,,0,,11.4,,,,,
-52.78333888888889,47.513355555555556,ST JOHNS WEST CLIMATE,8403603,8403603.2015.10.10,2015-10-10 00:00:00,NL,2015,10,10,9.5,,3.8,,15.2,,18.6,,,M,,M,,,24,,69,,0,,8.5,,,,,
-52.78333888888889,47.513355555555556,ST JOHNS WEST CLIMATE,8403603,8403603.2015.10.11,2015-10-11 00:00:00,NL,2015,10,11,6.3,,3,,9.6,,0.5,,,M,,M,,,28,,50,,0,,11.7,,,,,
-52.78333888888889,47.513355555555556,ST JOHNS WEST CLIMATE,8403603,8403603.2015.10.12,2015-10-12 00:00:00,NL,2015,10,12,9.7,,4.7,,14.6,,0.2,,,M,,M,,,22,,33,,0,,8.3,,,,,
-52.78333888888889,47.513355555555556,ST JOHNS WEST CLIMATE,8403603,8403603.2015.10.13,2015-10-13 00:00:00,NL,2015,10,13,11,,4.7,,17.3,,5.2,,,M,,M,,,17,,32,,0,,7,,,,,
-52.78333888888889,47.513355555555556,ST JOHNS WEST CLIMATE,8403603,8403603.2015.10.14,2015-10-14 00:00:00,NL,2015,10,14,17.6,,12.4,,22.8,,0.9,,,M,,M,,,22,,43,,0,,0.4,,,,,
-52.78333888888889,47.513355555555556,ST JOHNS WEST CLIMATE,8403603,8403603.2015.10.15,2015-10-15 00:00:00,NL,2015,10,15,14.3,,10.1,,18.5,,0.5,,,M,,M,,,0,,0,,0,,3.7,,,,,
-52.78333888888889,47.513355555555556,ST JOHNS WEST CLIMATE,8403603,8403603.2015.10.16,2015-10-16 00:00:00,NL,2015,10,16,6.8,,2,,11.6,,0.2,,,M,,M,,,0,,0,,0,,11.2,,,,,
-52.78333888888889,47.513355555555556,ST JOHNS WEST CLIMATE,8403603,8403603.2015.10.17,2015-10-17 00:00:00,NL,2015,10,17,6.3,,-0.4,,13,,12.7,,,M,,M,,,24,,39,,0,,11.7,,,,,
-52.78333888888889,47.513355555555556,ST JOHNS WEST CLIMATE,8403603,8403603.2015.10.18,2015-10-18 00:00:00,NL,2015,10,18,5.4,,-1.1,,11.8,,3.5,,,M,,M,,,27,,46,,0,,12.6,,,,,
-52.78333888888889,47.513355555555556,ST JOHNS WEST CLIMATE,8403603,8403603.2015.10.19,2015-10-19 00:00:00,NL,2015,10,19,5,,3.2,,6.8,,0,,,M,,M,,,28,,37,,0,,13,,,,,
-52.78333888888889,47.513355555555556,ST JOHNS WEST CLIMATE,8403603,8403603.2015.10.20,2015-10-20 00:00:00,NL,2015,10,20,7.3,,3.2,,11.4,,1.2,,,M,,M,,,24,,44,,0,,10.7,,,,,
-52.78333888888889,47.513355555555556,ST JOHNS WEST CLIMATE,8403603,8403603.2015.10.21,2015-10-21 00:00:00,NL,2015,10,21,7.3,,3.3,,11.2,,0.7,,,M,,M,,,28,,50,,0,,10.7,,,,,
-52.78333888888889,47.513355555555556,ST JOHNS WEST CLIMATE,8403603,8403603.2015.10.22,2015-10-22 00:00:00,NL,2015,10,22,5.4,,2.3,,8.4,,0,,,M,,M,,,31,,44,,0,,12.6,,,,,
-52.78333888888889,47.513355555555556,ST JOHNS WEST CLIMATE,8403603,8403603.2015.10.23,2015-10-23 00:00:00,NL,2015,10,23,8.7,,3.8,,13.5,,8.1,,,M,,M,,,19,,46,,0,,9.3,,,,,
-52.78333888888889,47.513355555555556,ST JOHNS WEST CLIMATE,8403603,8403603.2015.10.24,2015-10-24 00:00:00,NL,2015,10,24,1,,-2.3,,4.3,,1.8,,,M,,M,,,34,,54,,0,,17,,,,,
-52.78333888888889,47.513355555555556,ST JOHNS WEST CLIMATE,8403603,8403603.2015.10.25,2015-10-25 00:00:00,NL,2015,10,25,3.8,,-2.3,,9.8,,0,,,M,,M,,,21,,41,,0,,14.2,,,,,
-52.78333888888889,47.513355555555556,ST JOHNS WEST CLIMATE,8403603,8403603.2015.10.26,2015-10-26 00:00:00,NL,2015,10,26,8.3,,1.6,,14.9,,2.1,,,M,,M,,,1,,43,,0,,9.7,,,,,
-52.78333888888889,47.513355555555556,ST JOHNS WEST CLIMATE,8403603,8403603.2015.10.27,2015-10-27 00:00:00,NL,2015,10,27,1.7,,0.1,,3.3,,0.4,,,M,,M,,,31,,48,,0,,16.3,,,,,
-52.78333888888889,47.513355555555556,ST JOHNS WEST CLIMATE,8403603,8403603.2015.10.28,2015-10-28 00:00:00,NL,2015,10,28,1.8,,0.4,,3.2,,0,,,M,,M,,,31,,52,,0,,16.2,,,,,
-52.78333888888889,47.513355555555556,ST JOHNS WEST CLIMATE,8403603,8403603.2015.10.29,2015-10-29 00:00:00,NL,2015,10,29,6.5,,-0.8,,13.8,,7.8,,,M,,M,,,18,,59,,0,,11.5,,,,,
-52.78333888888889,47.513355555555556,ST JOHNS WEST CLIMATE,8403603,8403603.2015.10.30,2015-10-30 00:00:00,NL,2015,10,30,10.6,,4.5,,16.6,,12.6,,,M,,M,,,23,,63,,0,,7.4,,,,,
-52.78333888888889,47.513355555555556,ST JOHNS WEST CLIMATE,8403603,8403603.2015.10.31,2015-10-31 00:00:00,NL,2015,10,31,4.9,,3.2,,6.6,,0,,,M,,M,,,27,,61,,0,,13.1,,,,,
-52.78333888888889,47.513355555555556,ST JOHNS WEST CLIMATE,8403603,8403603.2015.11.1,2015-11-01 00:00:00,NL,2015,11,1,4.1,,0.1,,8,,1.8,,,M,,M,,,29,,33,,0,,13.9,,,,,
-52.78333888888889,47.513355555555556,ST JOHNS WEST CLIMATE,8403603,8403603.2015.11.2,2015-11-02 00:00:00,NL,2015,11,2,7.4,,2.7,,12,,17.9,,,M,,M,,,32,,67,,0,,10.6,,,,,
-52.78333888888889,47.513355555555556,ST JOHNS WEST CLIMATE,8403603,8403603.2015.11.3,2015-11-03 00:00:00,NL,2015,11,3,1.5,,-0.8,,3.7,,3,,,M,,M,,,14,,48,,0,,16.5,,,,,
-52.78333888888889,47.513355555555556,ST JOHNS WEST CLIMATE,8403603,8403603.2015.11.4,2015-11-04 00:00:00,NL,2015,11,4,0.4,,-1.1,,1.8,,1.1,,,M,,M,,,31,,32,,0,,17.6,,,,,
-52.78333888888889,47.513355555555556,ST JOHNS WEST CLIMATE,8403603,8403603.2015.11.5,2015-11-05 00:00:00,NL,2015,11,5,0.2,,-1.9,,2.2,,3.8,,,M,,M,,,32,,50,,0,,17.8,,,,,
-52.78333888888889,47.513355555555556,ST JOHNS WEST CLIMATE,8403603,8403603.2015.11.6,2015-11-06 00:00:00,NL,2015,11,6,3.4,,-0.8,,7.5,,0,,,M,,M,,,19,,35,,0,,14.6,,,,,
-52.78333888888889,47.513355555555556,ST JOHNS WEST CLIMATE,8403603,8403603.2015.11.7,2015-11-07 00:00:00,NL,2015,11,7,9.2,,4.3,,14,,0.4,,,M,,M,,,27,,74,,0,,8.8,,,,,
-52.78333888888889,47.513355555555556,ST JOHNS WEST CLIMATE,8403603,8403603.2015.11.8,2015-11-08 00:00:00,NL,2015,11,8,3.7,,1.2,,6.2,,0,,,M,,M,,,27,,76,,0,,14.3,,,,,
-52.78333888888889,47.513355555555556,ST JOHNS WEST CLIMATE,8403603,8403603.2015.11.9,2015-11-09 00:00:00,NL,2015,11,9,1.8,,0.5,,3,,0,,,M,,M,,,29,,59,,0,,16.2,,,,,
-52.78333888888889,47.513355555555556,ST JOHNS WEST CLIMATE,8403603,8403603.2015.11.10,2015-11-10 00:00:00,NL,2015,11,10,3.3,,-0.8,,7.3,,1.4,,,M,,M,,,32,,46,,0,,14.7,,,,,
-52.78333888888889,47.513355555555556,ST JOHNS WEST CLIMATE,8403603,8403603.2015.11.11,2015-11-11 00:00:00,NL,2015,11,11,0.4,,-3.3,,4.1,,0,,,M,,M,,,0,,0,,0,,17.6,,,,,
-52.78333888888889,47.513355555555556,ST JOHNS WEST CLIMATE,8403603,8403603.2015.11.12,2015-11-12 00:00:00,NL,2015,11,12,-0.5,,-2.3,,1.3,,0,,,M,,M,,,11,,33,,0,,18.5,,,,,
-52.78333888888889,47.513355555555556,ST JOHNS WEST CLIMATE,8403603,8403603.2015.11.13,2015-11-13 00:00:00,NL,2015,11,13,2.7,,0.8,,4.6,,1.9,,,M,,M,,,6,,33,,0,,15.3,,,,,
-52.78333888888889,47.513355555555556,ST JOHNS WEST CLIMATE,8403603,8403603.2015.11.14,2015-11-14 00:00:00,NL,2015,11,14,4.8,,4.1,,5.5,,21.2,,,M,,M,,,10,,39,,0,,13.2,,,,,
-52.78333888888889,47.513355555555556,ST JOHNS WEST CLIMATE,8403603,8403603.2015.11.15,2015-11-15 00:00:00,NL,2015,11,15,3.5,,1.2,,5.7,,10.1,,,M,,M,,,31,,46,,0,,14.5,,,,,
-52.78333888888889,47.513355555555556,ST JOHNS WEST CLIMATE,8403603,8403603.2015.11.16,2015-11-16 00:00:00,NL,2015,11,16,1.5,,0.7,,2.2,,19.6,,,M,,M,,,30,,57,,0,,16.5,,,,,
-52.78333888888889,47.513355555555556,ST JOHNS WEST CLIMATE,8403603,8403603.2015.11.17,2015-11-17 00:00:00,NL,2015,11,17,2,,0.7,,3.3,,0.2,,,M,,M,,,32,,54,,0,,16,,,,,
-52.78333888888889,47.513355555555556,ST JOHNS WEST CLIMATE,8403603,8403603.2015.11.18,2015-11-18 00:00:00,NL,2015,11,18,0.3,,-0.8,,1.4,,1.3,,,M,,M,,,34,,37,,0,,17.7,,,,,
-52.78333888888889,47.513355555555556,ST JOHNS WEST CLIMATE,8403603,8403603.2015.11.19,2015-11-19 00:00:00,NL,2015,11,19,0.1,,-0.7,,0.8,,1.1,,,M,,M,,,0,,0,,0,,17.9,,,,,
-52.78333888888889,47.513355555555556,ST JOHNS WEST CLIMATE,8403603,8403603.2015.11.20,2015-11-20 00:00:00,NL,2015,11,20,1.7,,-0.3,,3.6,,0.9,,,M,,M,,,0,,0,,0,,16.3,,,,,
-52.78333888888889,47.513355555555556,ST JOHNS WEST CLIMATE,8403603,8403603.2015.11.21,2015-11-21 00:00:00,NL,2015,11,21,0.7,,-2.4,,3.8,,0,,,M,,M,,,6,,32,,0,,17.3,,,,,
-52.78333888888889,47.513355555555556,ST JOHNS WEST CLIMATE,8403603,8403603.2015.11.22,2015-11-22 00:00:00,NL,2015,11,22,2.4,,-2.5,,7.2,,0.2,,,M,,M,,,18,,41,,0,,15.6,,,,,
-52.78333888888889,47.513355555555556,ST JOHNS WEST CLIMATE,8403603,8403603.2015.11.23,2015-11-23 00:00:00,NL,2015,11,23,5.1,,2.7,,7.5,,0.2,,,M,,M,,,18,,48,,0,,12.9,,,,,
-52.78333888888889,47.513355555555556,ST JOHNS WEST CLIMATE,8403603,8403603.2015.11.24,2015-11-24 00:00:00,NL,2015,11,24,5.5,,1.3,,9.6,,0.6,,,M,,M,,,17,,54,,0,,12.5,,,,,
-52.78333888888889,47.513355555555556,ST JOHNS WEST CLIMATE,8403603,8403603.2015.11.25,2015-11-25 00:00:00,NL,2015,11,25,0.3,,-1.5,,2.1,,1.1,,,M,,M,,,27,,43,,0,,17.7,,,,,
-52.78333888888889,47.513355555555556,ST JOHNS WEST CLIMATE,8403603,8403603.2015.11.26,2015-11-26 00:00:00,NL,2015,11,26,-0.4,,-3.4,,2.7,,0,,,M,,M,,,25,,48,,0,,18.4,,,,,
-52.78333888888889,47.513355555555556,ST JOHNS WEST CLIMATE,8403603,8403603.2015.11.27,2015-11-27 00:00:00,NL,2015,11,27,6.4,,2.7,,10.1,,0,,,M,,M,,,23,,76,,0,,11.6,,,,,
-52.78333888888889,47.513355555555556,ST JOHNS WEST CLIMATE,8403603,8403603.2015.11.28,2015-11-28 00:00:00,NL,2015,11,28,5.1,,0,,10.2,,2.6,,,M,,M,,,23,,57,,0,,12.9,,,,,
-52.78333888888889,47.513355555555556,ST JOHNS WEST CLIMATE,8403603,8403603.2015.11.29,2015-11-29 00:00:00,NL,2015,11,29,,M,-0.7,E,,M,,M,,M,,M,,,3,,32,,,M,,M,,,,
-52.78333888888889,47.513355555555556,ST JOHNS WEST CLIMATE,8403603,8403603.2015.11.30,2015-11-30 00:00:00,NL,2015,11,30,-6.5,,-8.4,,-4.6,,1.1,,,M,,M,,,29,,44,,0,,24.5,,,,,
-52.78333888888889,47.513355555555556,ST JOHNS WEST CLIMATE,8403603,8403603.2015.12.1,2015-12-01 00:00:00,NL,2015,12,1,-4.5,,-9.7,,0.7,,0.3,,,M,,M,,,24,,41,,0,,22.5,,,,,
-52.78333888888889,47.513355555555556,ST JOHNS WEST CLIMATE,8403603,8403603.2015.12.2,2015-12-02 00:00:00,NL,2015,12,2,3,,-0.1,,6.1,,0.7,,,M,,M,,,25,,61,,0,,15,,,,,
-52.78333888888889,47.513355555555556,ST JOHNS WEST CLIMATE,8403603,8403603.2015.12.3,2015-12-03 00:00:00,NL,2015,12,3,4.5,,-2.4,,11.4,,6.7,,,M,,M,,,25,,46,,0,,13.5,,,,,
-52.78333888888889,47.513355555555556,ST JOHNS WEST CLIMATE,8403603,8403603.2015.12.4,2015-12-04 00:00:00,NL,2015,12,4,-3.7,,-5,,-2.3,,12.2,,,M,,M,,,6,,56,,0,,21.7,,,,,
-52.78333888888889,47.513355555555556,ST JOHNS WEST CLIMATE,8403603,8403603.2015.12.5,2015-12-05 00:00:00,NL,2015,12,5,-3.4,,-6.5,,-0.3,,0,,,M,,M,,,31,,59,,0,,21.4,,,,,
-52.78333888888889,47.513355555555556,ST JOHNS WEST CLIMATE,8403603,8403603.2015.12.6,2015-12-06 00:00:00,NL,2015,12,6,-2.4,,-6.8,,2.1,,0.2,,,M,,M,,,24,,33,,0,,20.4,,,,,
-52.78333888888889,47.513355555555556,ST JOHNS WEST CLIMATE,8403603,8403603.2015.12.7,2015-12-07 00:00:00,NL,2015,12,7,3.1,,1.6,,4.5,,0,,,M,,M,,,26,,54,,0,,14.9,,,,,
-52.78333888888889,47.513355555555556,ST JOHNS WEST CLIMATE,8403603,8403603.2015.12.8,2015-12-08 00:00:00,NL,2015,12,8,0.8,,-1.5,,3.1,,0.4,,,M,,M,,,0,,0,,0,,17.2,,,,,
-52.78333888888889,47.513355555555556,ST JOHNS WEST CLIMATE,8403603,8403603.2015.12.9,2015-12-09 00:00:00,NL,2015,12,9,-1.1,,-1.7,,-0.4,,0,,,M,,M,,,6,,37,,0,,19.1,,,,,
-52.78333888888889,47.513355555555556,ST JOHNS WEST CLIMATE,8403603,8403603.2015.12.10,2015-12-10 00:00:00,NL,2015,12,10,0.6,,-0.7,,1.9,,0,,,M,,M,,,0,,0,,0,,17.4,,,,,
-52.78333888888889,47.513355555555556,ST JOHNS WEST CLIMATE,8403603,8403603.2015.12.11,2015-12-11 00:00:00,NL,2015,12,11,3.6,,1.8,,5.3,,0.9,,,M,,M,,,0,,0,,0,,14.4,,,,,
-52.78333888888889,47.513355555555556,ST JOHNS WEST CLIMATE,8403603,8403603.2015.12.12,2015-12-12 00:00:00,NL,2015,12,12,5.3,,3.6,,6.9,,10.6,,,M,,M,,,18,,43,,0,,12.7,,,,,
-52.78333888888889,47.513355555555556,ST JOHNS WEST CLIMATE,8403603,8403603.2015.12.13,2015-12-13 00:00:00,NL,2015,12,13,2.1,,-0.9,,5.1,,0.2,,,M,,M,,,31,,43,,0,,15.9,,,,,
-52.78333888888889,47.513355555555556,ST JOHNS WEST CLIMATE,8403603,8403603.2015.12.14,2015-12-14 00:00:00,NL,2015,12,14,-0.9,,-1.9,,0.1,,1.2,,,M,,M,,,32,,67,,0,,18.9,,,,,
-52.78333888888889,47.513355555555556,ST JOHNS WEST CLIMATE,8403603,8403603.2015.12.15,2015-12-15 00:00:00,NL,2015,12,15,-0.7,,-1.3,,0,,0.4,,,M,,M,,,34,,41,,0,,18.7,,,,,
-52.78333888888889,47.513355555555556,ST JOHNS WEST CLIMATE,8403603,8403603.2015.12.16,2015-12-16 00:00:00,NL,2015,12,16,-1.1,,-2.1,,-0.1,,0.4,,,M,,M,,,1,,48,,0,,19.1,,,,,
-52.78333888888889,47.513355555555556,ST JOHNS WEST CLIMATE,8403603,8403603.2015.12.17,2015-12-17 00:00:00,NL,2015,12,17,-4.3,,-6.9,,-1.6,,0.3,,,M,,M,,,1,,46,,0,,22.3,,,,,
-52.78333888888889,47.513355555555556,ST JOHNS WEST CLIMATE,8403603,8403603.2015.12.18,2015-12-18 00:00:00,NL,2015,12,18,-2.3,,-7.1,,2.5,,6.6,,,M,,M,,,14,,43,,0,,20.3,,,,,
-52.78333888888889,47.513355555555556,ST JOHNS WEST CLIMATE,8403603,8403603.2015.12.19,2015-12-19 00:00:00,NL,2015,12,19,6,,0.4,,11.6,,3.7,,,M,,M,,,23,,80,,0,,12,,,,,
-52.78333888888889,47.513355555555556,ST JOHNS WEST CLIMATE,8403603,8403603.2015.12.20,2015-12-20 00:00:00,NL,2015,12,20,-0.9,,-2.4,,0.7,,0.6,,,M,,M,,,23,,76,,0,,18.9,,,,,
-52.78333888888889,47.513355555555556,ST JOHNS WEST CLIMATE,8403603,8403603.2015.12.21,2015-12-21 00:00:00,NL,2015,12,21,-1.1,,-2.1,,-0.1,,4.6,,,M,,M,,,29,,59,,0,,19.1,,,,,
-52.78333888888889,47.513355555555556,ST JOHNS WEST CLIMATE,8403603,8403603.2015.12.22,2015-12-22 00:00:00,NL,2015,12,22,-6.9,,-12.9,,-0.8,,4,,,M,,M,,,33,,35,,0,,24.9,,,,,
-52.78333888888889,47.513355555555556,ST JOHNS WEST CLIMATE,8403603,8403603.2015.12.23,2015-12-23 00:00:00,NL,2015,12,23,-8.3,,-13.3,,-3.3,,0,,,M,,M,18,,0,,0,,0,,26.3,,,,,
-52.78333888888889,47.513355555555556,ST JOHNS WEST CLIMATE,8403603,8403603.2015.12.24,2015-12-24 00:00:00,NL,2015,12,24,-2.4,,-5.9,,1.2,,0,,,M,,M,15,,18,,61,,0,,20.4,,,,,
-52.78333888888889,47.513355555555556,ST JOHNS WEST CLIMATE,8403603,8403603.2015.12.25,2015-12-25 00:00:00,NL,2015,12,25,4.6,,1.2,,7.9,,0.7,,,M,,M,6,,18,,63,,0,,13.4,,,,,
-52.78333888888889,47.513355555555556,ST JOHNS WEST CLIMATE,8403603,8403603.2015.12.26,2015-12-26 00:00:00,NL,2015,12,26,-0.5,,-2.3,,1.4,,0,,,M,,M,0,T,29,,56,,0,,18.5,,,,,
-52.78333888888889,47.513355555555556,ST JOHNS WEST CLIMATE,8403603,8403603.2015.12.27,2015-12-27 00:00:00,NL,2015,12,27,-3.6,,-5.7,,-1.5,,0,,,M,,M,0,T,29,,56,,0,,21.6,,,,,
-52.78333888888889,47.513355555555556,ST JOHNS WEST CLIMATE,8403603,8403603.2015.12.28,2015-12-28 00:00:00,NL,2015,12,28,-8.3,,-10.9,,-5.7,,0,,,M,,M,0,T,31,,74,,0,,26.3,,,,,
-52.78333888888889,47.513355555555556,ST JOHNS WEST CLIMATE,8403603,8403603.2015.12.29,2015-12-29 00:00:00,NL,2015,12,29,-9.1,,-11.5,,-6.6,,0,,,M,,M,0,T,33,,69,,0,,27.1,,,,,
-52.78333888888889,47.513355555555556,ST JOHNS WEST CLIMATE,8403603,8403603.2015.12.30,2015-12-30 00:00:00,NL,2015,12,30,-8.7,,-11.7,,-5.7,,0,,,M,,M,0,T,32,,33,,0,,26.7,,,,,
-52.78333888888889,47.513355555555556,ST JOHNS WEST CLIMATE,8403603,8403603.2015.12.31,2015-12-31 00:00:00,NL,2015,12,31,-5.5,,-9.3,,-1.6,,2.5,,,M,,M,0,T,0,,0,,0,,23.5,,,,,
-52.78333888888889,47.513355555555556,ST JOHNS WEST CLIMATE,8403603,8403603.2016.1.1,2016-01-01 00:00:00,NL,2016,1,1,-1.8,,-4.4,,0.8,,7,,,M,,M,17,,29,,44,,0,,19.8,,,,,
-52.78333888888889,47.513355555555556,ST JOHNS WEST CLIMATE,8403603,8403603.2016.1.2,2016-01-02 00:00:00,NL,2016,1,2,-2.2,,-4.5,,0.2,,0,,,M,,M,14,,26,,33,,0,,20.2,,,,,
-52.78333888888889,47.513355555555556,ST JOHNS WEST CLIMATE,8403603,8403603.2016.1.3,2016-01-03 00:00:00,NL,2016,1,3,-1.1,,-3.3,,1.1,,2.8,,,M,,M,13,,22,,43,,0,,19.1,,,,,
-52.78333888888889,47.513355555555556,ST JOHNS WEST CLIMATE,8403603,8403603.2016.1.4,2016-01-04 00:00:00,NL,2016,1,4,-0.5,,-4.6,,3.6,,1.3,,,M,,M,12,,2,,39,,0,,18.5,,,,,
-52.78333888888889,47.513355555555556,ST JOHNS WEST CLIMATE,8403603,8403603.2016.1.5,2016-01-05 00:00:00,NL,2016,1,5,-8.3,,-11.9,,-4.6,,0.4,,,M,,M,9,,29,,52,,0,,26.3,,,,,
-52.78333888888889,47.513355555555556,ST JOHNS WEST CLIMATE,8403603,8403603.2016.1.6,2016-01-06 00:00:00,NL,2016,1,6,-6.3,,-11.7,,-0.8,,0,,,M,,M,10,,24,,54,,0,,24.3,,,,,
-52.78333888888889,47.513355555555556,ST JOHNS WEST CLIMATE,8403603,8403603.2016.1.7,2016-01-07 00:00:00,NL,2016,1,7,-2.1,,-4.1,,-0.1,,0,,,M,,M,9,,29,,43,,0,,20.1,,,,,
-52.78333888888889,47.513355555555556,ST JOHNS WEST CLIMATE,8403603,8403603.2016.1.8,2016-01-08 00:00:00,NL,2016,1,8,-6.2,,-8.4,,-4,,0,,,M,,M,8,,31,,44,,0,,24.2,,,,,
-52.78333888888889,47.513355555555556,ST JOHNS WEST CLIMATE,8403603,8403603.2016.1.9,2016-01-09 00:00:00,NL,2016,1,9,-4.9,,-6.9,,-2.9,,0,,,M,,M,8,,32,,37,,0,,22.9,,,,,
-52.78333888888889,47.513355555555556,ST JOHNS WEST CLIMATE,8403603,8403603.2016.1.10,2016-01-10 00:00:00,NL,2016,1,10,-4.4,,-5.4,,-3.4,,0,,,M,,M,8,,0,,0,,0,,22.4,,,,,
-52.78333888888889,47.513355555555556,ST JOHNS WEST CLIMATE,8403603,8403603.2016.1.11,2016-01-11 00:00:00,NL,2016,1,11,-2.1,,-6.9,,2.8,,8.7,,,M,,M,8,,15,,48,,0,,20.1,,,,,
-52.78333888888889,47.513355555555556,ST JOHNS WEST CLIMATE,8403603,8403603.2016.1.12,2016-01-12 00:00:00,NL,2016,1,12,-2.2,,-8.2,,3.8,,3.7,,,M,,M,6,,18,,46,,0,,20.2,,,,,
-52.78333888888889,47.513355555555556,ST JOHNS WEST CLIMATE,8403603,8403603.2016.1.13,2016-01-13 00:00:00,NL,2016,1,13,-2.5,,-8.1,,3.2,,11.7,,,M,,M,5,,10,,65,,0,,20.5,,,,,
-52.78333888888889,47.513355555555556,ST JOHNS WEST CLIMATE,8403603,8403603.2016.1.14,2016-01-14 00:00:00,NL,2016,1,14,-2.1,,-4.2,,0,,1.1,,,M,,M,9,,23,,63,,0,,20.1,,,,,
-52.78333888888889,47.513355555555556,ST JOHNS WEST CLIMATE,8403603,8403603.2016.1.15,2016-01-15 00:00:00,NL,2016,1,15,-4.3,,-6.5,,-2,,2,,,M,,M,11,,29,,52,,0,,22.3,,,,,
-52.78333888888889,47.513355555555556,ST JOHNS WEST CLIMATE,8403603,8403603.2016.1.16,2016-01-16 00:00:00,NL,2016,1,16,-3.4,,-6,,-0.8,,4.4,,,M,,M,17,,27,,56,,0,,21.4,,,,,
-52.78333888888889,47.513355555555556,ST JOHNS WEST CLIMATE,8403603,8403603.2016.1.17,2016-01-17 00:00:00,NL,2016,1,17,-2.2,,-3.5,,-0.8,,5.7,,,M,,M,15,,32,,46,,0,,20.2,,,,,
-52.78333888888889,47.513355555555556,ST JOHNS WEST CLIMATE,8403603,8403603.2016.1.18,2016-01-18 00:00:00,NL,2016,1,18,-2.1,,-3.6,,-0.6,,20.5,,,M,,M,16,,0,,0,,0,,20.1,,,,,
-52.78333888888889,47.513355555555556,ST JOHNS WEST CLIMATE,8403603,8403603.2016.1.19,2016-01-19 00:00:00,NL,2016,1,19,-3.9,,-7.3,,-0.5,,1.6,,,M,,M,47,,21,,63,,0,,21.9,,,,,
-52.78333888888889,47.513355555555556,ST JOHNS WEST CLIMATE,8403603,8403603.2016.1.20,2016-01-20 00:00:00,NL,2016,1,20,-4.1,,-6.6,,-1.6,,0.7,,,M,,M,47,,28,,61,,0,,22.1,,,,,
-52.78333888888889,47.513355555555556,ST JOHNS WEST CLIMATE,8403603,8403603.2016.1.21,2016-01-21 00:00:00,NL,2016,1,21,-5.4,,-8.3,,-2.5,,0.2,,,M,,M,41,,30,,52,,0,,23.4,,,,,
-52.78333888888889,47.513355555555556,ST JOHNS WEST CLIMATE,8403603,8403603.2016.1.22,2016-01-22 00:00:00,NL,2016,1,22,-5.9,,-8.5,,-3.2,,0,,,M,,M,38,,31,,44,,0,,23.9,,,,,
-52.78333888888889,47.513355555555556,ST JOHNS WEST CLIMATE,8403603,8403603.2016.1.23,2016-01-23 00:00:00,NL,2016,1,23,-5.2,,-6.7,,-3.7,,0,,,M,,M,35,,31,,39,,0,,23.2,,,,,
-52.78333888888889,47.513355555555556,ST JOHNS WEST CLIMATE,8403603,8403603.2016.1.24,2016-01-24 00:00:00,NL,2016,1,24,-5.7,,-7.7,,-3.6,,1.5,,,M,,M,34,,4,,32,,0,,23.7,,,,,
-52.78333888888889,47.513355555555556,ST JOHNS WEST CLIMATE,8403603,8403603.2016.1.25,2016-01-25 00:00:00,NL,2016,1,25,-7.2,,-10.8,,-3.6,,0,,,M,,M,34,,31,,33,,0,,25.2,,,,,
-52.78333888888889,47.513355555555556,ST JOHNS WEST CLIMATE,8403603,8403603.2016.1.26,2016-01-26 00:00:00,NL,2016,1,26,-3.3,,-12.2,,5.6,,1.9,,,M,,M,33,,25,,59,,0,,21.3,,,,,
-52.78333888888889,47.513355555555556,ST JOHNS WEST CLIMATE,8403603,8403603.2016.1.27,2016-01-27 00:00:00,NL,2016,1,27,3.5,,-0.1,,7,,11.8,,,M,,M,16,,24,,67,,0,,14.5,,,,,
-52.78333888888889,47.513355555555556,ST JOHNS WEST CLIMATE,8403603,8403603.2016.1.28,2016-01-28 00:00:00,NL,2016,1,28,-4.2,,-8.4,,0,,0.5,,,M,,M,12,,27,,41,,0,,22.2,,,,,
-52.78333888888889,47.513355555555556,ST JOHNS WEST CLIMATE,8403603,8403603.2016.1.29,2016-01-29 00:00:00,NL,2016,1,29,-4.3,,-8.5,,0,,21.8,,,M,,M,12,,7,,59,,0,,22.3,,,,,
-52.78333888888889,47.513355555555556,ST JOHNS WEST CLIMATE,8403603,8403603.2016.1.30,2016-01-30 00:00:00,NL,2016,1,30,-1.5,,-6.1,,3.2,,7.9,,,M,,M,18,,23,,61,,0,,19.5,,,,,
-52.78333888888889,47.513355555555556,ST JOHNS WEST CLIMATE,8403603,8403603.2016.1.31,2016-01-31 00:00:00,NL,2016,1,31,-3.4,,-7.3,,0.5,,0.4,,,M,,M,18,,32,,37,,0,,21.4,,,,,
-52.78333888888889,47.513355555555556,ST JOHNS WEST CLIMATE,8403603,8403603.2016.2.1,2016-02-01 00:00:00,NL,2016,2,1,5,,0.4,,9.6,,0.2,,,M,,M,19,,26,,67,,0,,13,,,,,
-52.78333888888889,47.513355555555556,ST JOHNS WEST CLIMATE,8403603,8403603.2016.2.2,2016-02-02 00:00:00,NL,2016,2,2,0.1,,-6.7,,6.9,,0,,,M,,M,9,,24,,59,,0,,17.9,,,,,
-52.78333888888889,47.513355555555556,ST JOHNS WEST CLIMATE,8403603,8403603.2016.2.3,2016-02-03 00:00:00,NL,2016,2,3,-6.6,,-8.6,,-4.6,,0,,,M,,M,8,,30,,48,,0,,24.6,,,,,
-52.78333888888889,47.513355555555556,ST JOHNS WEST CLIMATE,8403603,8403603.2016.2.4,2016-02-04 00:00:00,NL,2016,2,4,1.9,,-4.9,,8.6,,7.2,,,M,,M,9,,22,,63,,0,,16.1,,,,,
-52.78333888888889,47.513355555555556,ST JOHNS WEST CLIMATE,8403603,8403603.2016.2.5,2016-02-05 00:00:00,NL,2016,2,5,3.2,,0.6,,5.7,,1.7,,,M,,M,0,T,28,,32,,0,,14.8,,,,,
-52.78333888888889,47.513355555555556,ST JOHNS WEST CLIMATE,8403603,8403603.2016.2.6,2016-02-06 00:00:00,NL,2016,2,6,3.2,,-5.9,,12.3,,6,,,M,,M,,,30,,89,,0,,14.8,,,,,
-52.78333888888889,47.513355555555556,ST JOHNS WEST CLIMATE,8403603,8403603.2016.2.7,2016-02-07 00:00:00,NL,2016,2,7,-3.4,,-6.3,,-0.5,,0,,,M,,M,0,T,26,,52,,0,,21.4,,,,,
-52.78333888888889,47.513355555555556,ST JOHNS WEST CLIMATE,8403603,8403603.2016.2.8,2016-02-08 00:00:00,NL,2016,2,8,-5.1,,-7.1,,-3.1,,1.5,,,M,,M,0,T,6,,52,,0,,23.1,,,,,
-52.78333888888889,47.513355555555556,ST JOHNS WEST CLIMATE,8403603,8403603.2016.2.9,2016-02-09 00:00:00,NL,2016,2,9,-1,,-3.1,,1.1,,12.7,,,M,,M,11,,6,,72,,0,,19,,,,,
-52.78333888888889,47.513355555555556,ST JOHNS WEST CLIMATE,8403603,8403603.2016.2.10,2016-02-10 00:00:00,NL,2016,2,10,-0.4,,-2.1,,1.4,,4,,,M,,M,12,,25,,78,,0,,18.4,,,,,
-52.78333888888889,47.513355555555556,ST JOHNS WEST CLIMATE,8403603,8403603.2016.2.11,2016-02-11 00:00:00,NL,2016,2,11,-4.9,,-8.7,,-1,,5.2,,,M,,M,11,,30,,35,,0,,22.9,,,,,
-52.78333888888889,47.513355555555556,ST JOHNS WEST CLIMATE,8403603,8403603.2016.2.12,2016-02-12 00:00:00,NL,2016,2,12,-6.1,,-10.5,,-1.6,,0.5,,,M,,M,16,,25,,43,,0,,24.1,,,,,
-52.78333888888889,47.513355555555556,ST JOHNS WEST CLIMATE,8403603,8403603.2016.2.13,2016-02-13 00:00:00,NL,2016,2,13,-4.9,,-8.8,,-0.9,,13.6,,,M,,M,15,,5,,56,,0,,22.9,,,,,
-52.78333888888889,47.513355555555556,ST JOHNS WEST CLIMATE,8403603,8403603.2016.2.14,2016-02-14 00:00:00,NL,2016,2,14,-6.5,,-9.6,,-3.3,,0.3,,,M,,M,30,,0,,0,,0,,24.5,,,,,
-52.78333888888889,47.513355555555556,ST JOHNS WEST CLIMATE,8403603,8403603.2016.2.15,2016-02-15 00:00:00,NL,2016,2,15,-9.5,,-11.7,,-7.3,,0.9,,,M,,M,29,,29,,74,,0,,27.5,,,,,
-52.78333888888889,47.513355555555556,ST JOHNS WEST CLIMATE,8403603,8403603.2016.2.16,2016-02-16 00:00:00,NL,2016,2,16,-2.5,,-8.4,,3.5,,0,,,M,,M,28,,19,,46,,0,,20.5,,,,,
-52.78333888888889,47.513355555555556,ST JOHNS WEST CLIMATE,8403603,8403603.2016.2.17,2016-02-17 00:00:00,NL,2016,2,17,7,,2.5,,11.4,,14.4,,,M,,M,26,,22,,69,,0,,11,,,,,
-52.78333888888889,47.513355555555556,ST JOHNS WEST CLIMATE,8403603,8403603.2016.2.18,2016-02-18 00:00:00,NL,2016,2,18,3.8,,-2.2,,9.7,,0.8,,,M,,M,,,24,,50,,0,,14.2,,,,,
-52.78333888888889,47.513355555555556,ST JOHNS WEST CLIMATE,8403603,8403603.2016.2.19,2016-02-19 00:00:00,NL,2016,2,19,-4.2,,-6.3,,-2.1,,0,,,M,,M,0,T,1,,48,,0,,22.2,,,,,
-52.78333888888889,47.513355555555556,ST JOHNS WEST CLIMATE,8403603,8403603.2016.2.20,2016-02-20 00:00:00,NL,2016,2,20,-7.2,,-12.1,,-2.3,,0,,,M,,M,0,T,0,,0,,0,,25.2,,,,,
-52.78333888888889,47.513355555555556,ST JOHNS WEST CLIMATE,8403603,8403603.2016.2.21,2016-02-21 00:00:00,NL,2016,2,21,-6.7,,-11.8,,-1.5,,0.7,,,M,,M,0,T,15,,46,,0,,24.7,,,,,
-52.78333888888889,47.513355555555556,ST JOHNS WEST CLIMATE,8403603,8403603.2016.2.22,2016-02-22 00:00:00,NL,2016,2,22,1.4,,-1.5,,4.2,,3.2,,,M,,M,2,,14,,41,,0,,16.6,,,,,
-52.78333888888889,47.513355555555556,ST JOHNS WEST CLIMATE,8403603,8403603.2016.2.23,2016-02-23 00:00:00,NL,2016,2,23,-7,,-12.9,,-1.1,,0,,,M,,M,2,,29,,50,,0,,25,,,,,
-52.78333888888889,47.513355555555556,ST JOHNS WEST CLIMATE,8403603,8403603.2016.2.24,2016-02-24 00:00:00,NL,2016,2,24,-8.7,,-14.4,,-3,,0,,,M,,M,2,,0,,0,,0,,26.7,,,,,
-52.78333888888889,47.513355555555556,ST JOHNS WEST CLIMATE,8403603,8403603.2016.2.25,2016-02-25 00:00:00,NL,2016,2,25,4.8,,-3,,12.6,,4.6,,,M,,M,3,,21,,67,,0,,13.2,,,,,
-52.78333888888889,47.513355555555556,ST JOHNS WEST CLIMATE,8403603,8403603.2016.2.26,2016-02-26 00:00:00,NL,2016,2,26,8.4,,3.8,,12.9,,11.7,,,M,,M,,,21,,70,,0,,9.6,,,,,
-52.78333888888889,47.513355555555556,ST JOHNS WEST CLIMATE,8403603,8403603.2016.2.27,2016-02-27 00:00:00,NL,2016,2,27,-0.8,,-5.3,,3.8,,0,,,M,,M,,,25,,59,,0,,18.8,,,,,
-52.78333888888889,47.513355555555556,ST JOHNS WEST CLIMATE,8403603,8403603.2016.2.28,2016-02-28 00:00:00,NL,2016,2,28,-2.3,,-6.7,,2.1,,0,,,M,,M,0,T,21,,57,,0,,20.3,,,,,
-52.78333888888889,47.513355555555556,ST JOHNS WEST CLIMATE,8403603,8403603.2016.2.29,2016-02-29 00:00:00,NL,2016,2,29,0.2,,-6.5,,6.8,,0,,,M,,M,0,T,22,,37,,0,,17.8,,,,,
-52.78333888888889,47.513355555555556,ST JOHNS WEST CLIMATE,8403603,8403603.2016.3.1,2016-03-01 00:00:00,NL,2016,3,1,3.3,,-2.4,,8.9,,3.3,,,M,,M,0,T,22,,59,,0,,14.7,,,,,
-52.78333888888889,47.513355555555556,ST JOHNS WEST CLIMATE,8403603,8403603.2016.3.2,2016-03-02 00:00:00,NL,2016,3,2,-0.1,,-4.4,,4.3,,0,,,M,,M,0,T,16,,43,,0,,18.1,,,,,
-52.78333888888889,47.513355555555556,ST JOHNS WEST CLIMATE,8403603,8403603.2016.3.3,2016-03-03 00:00:00,NL,2016,3,3,0.1,,-4.8,,5,,5.1,,,M,,M,0,T,16,,57,,0,,17.9,,,,,
-52.78333888888889,47.513355555555556,ST JOHNS WEST CLIMATE,8403603,8403603.2016.3.4,2016-03-04 00:00:00,NL,2016,3,4,-4.7,,-7.6,,-1.7,,0,,,M,,M,0,T,25,,48,,0,,22.7,,,,,
-52.78333888888889,47.513355555555556,ST JOHNS WEST CLIMATE,8403603,8403603.2016.3.5,2016-03-05 00:00:00,NL,2016,3,5,-1.7,,-8.9,,5.6,,26.9,,,M,,M,0,T,11,,57,,0,,19.7,,,,,
-52.78333888888889,47.513355555555556,ST JOHNS WEST CLIMATE,8403603,8403603.2016.3.6,2016-03-06 00:00:00,NL,2016,3,6,0.6,,-3.9,,5.1,,4.1,,,M,,M,3,,29,,74,,0,,17.4,,,,,
-52.78333888888889,47.513355555555556,ST JOHNS WEST CLIMATE,8403603,8403603.2016.3.7,2016-03-07 00:00:00,NL,2016,3,7,-6.4,,-9.8,,-3,,0,,,M,,M,,,0,,0,,0,,24.4,,,,,
-52.78333888888889,47.513355555555556,ST JOHNS WEST CLIMATE,8403603,8403603.2016.3.8,2016-03-08 00:00:00,NL,2016,3,8,-3.7,,-7.9,,0.5,,0.2,,,M,,M,3,,30,,52,,0,,21.7,,,,,
-52.78333888888889,47.513355555555556,ST JOHNS WEST CLIMATE,8403603,8403603.2016.3.9,2016-03-09 00:00:00,NL,2016,3,9,-6.8,,-10.2,,-3.3,,0.9,,,M,,M,3,,32,,43,,0,,24.8,,,,,
-52.78333888888889,47.513355555555556,ST JOHNS WEST CLIMATE,8403603,8403603.2016.3.10,2016-03-10 00:00:00,NL,2016,3,10,-3.8,,-8.7,,1.2,,8.1,,,M,,M,8,,35,,52,,0,,21.8,,,,,
-52.78333888888889,47.513355555555556,ST JOHNS WEST CLIMATE,8403603,8403603.2016.3.11,2016-03-11 00:00:00,NL,2016,3,11,-6.9,,-11.8,,-1.9,,0,,,M,,M,7,,0,,0,,0,,24.9,,,,,
-52.78333888888889,47.513355555555556,ST JOHNS WEST CLIMATE,8403603,8403603.2016.3.12,2016-03-12 00:00:00,NL,2016,3,12,-7.5,,-10.9,,-4.1,,0,,,M,,M,7,,32,,43,,0,,25.5,,,,,
-52.78333888888889,47.513355555555556,ST JOHNS WEST CLIMATE,8403603,8403603.2016.3.13,2016-03-13 00:00:00,NL,2016,3,13,-6.1,,-11.1,,-1.1,,4.5,,,M,,M,8,,10,,35,,0,,24.1,,,,,
-52.78333888888889,47.513355555555556,ST JOHNS WEST CLIMATE,8403603,8403603.2016.3.14,2016-03-14 00:00:00,NL,2016,3,14,-5.5,,-7.4,,-3.5,,1.4,,,M,,M,13,,34,,59,,0,,23.5,,,,,
-52.78333888888889,47.513355555555556,ST JOHNS WEST CLIMATE,8403603,8403603.2016.3.15,2016-03-15 00:00:00,NL,2016,3,15,-6,,-10.8,,-1.1,,0,,,M,,M,8,,33,,44,,0,,24,,,,,
-52.78333888888889,47.513355555555556,ST JOHNS WEST CLIMATE,8403603,8403603.2016.3.16,2016-03-16 00:00:00,NL,2016,3,16,-4.4,,-10.8,,2.1,,0.2,,,M,,M,8,,26,,43,,0,,22.4,,,,,
-52.78333888888889,47.513355555555556,ST JOHNS WEST CLIMATE,8403603,8403603.2016.3.17,2016-03-17 00:00:00,NL,2016,3,17,-0.2,,-4.1,,3.7,,1.2,,,M,,M,8,,6,,35,,0,,18.2,,,,,
-52.78333888888889,47.513355555555556,ST JOHNS WEST CLIMATE,8403603,8403603.2016.3.18,2016-03-18 00:00:00,NL,2016,3,18,-1.9,,-5.1,,1.4,,5.3,,,M,,M,13,,15,,39,,0,,19.9,,,,,
-52.78333888888889,47.513355555555556,ST JOHNS WEST CLIMATE,8403603,8403603.2016.3.19,2016-03-19 00:00:00,NL,2016,3,19,-1.3,,-6.2,,3.6,,0.7,,,M,,M,10,,29,,63,,0,,19.3,,,,,
-52.78333888888889,47.513355555555556,ST JOHNS WEST CLIMATE,8403603,8403603.2016.3.20,2016-03-20 00:00:00,NL,2016,3,20,-3.9,,-6.3,,-1.5,,1,,,M,,M,7,,28,,61,,0,,21.9,,,,,
-52.78333888888889,47.513355555555556,ST JOHNS WEST CLIMATE,8403603,8403603.2016.3.21,2016-03-21 00:00:00,NL,2016,3,21,-2.9,,-7.2,,1.5,,4.4,,,M,,M,7,,13,,57,,0,,20.9,,,,,
-52.78333888888889,47.513355555555556,ST JOHNS WEST CLIMATE,8403603,8403603.2016.3.22,2016-03-22 00:00:00,NL,2016,3,22,0.6,,-5.3,,6.4,,2.6,,,M,,M,5,,25,,78,,0,,17.4,,,,,
-52.78333888888889,47.513355555555556,ST JOHNS WEST CLIMATE,8403603,8403603.2016.3.23,2016-03-23 00:00:00,NL,2016,3,23,-3,,-7.6,,1.7,,1.5,,,M,,M,4,,26,,85,,0,,21,,,,,
-52.78333888888889,47.513355555555556,ST JOHNS WEST CLIMATE,8403603,8403603.2016.3.24,2016-03-24 00:00:00,NL,2016,3,24,-5.2,,-7.8,,-2.5,,0,,,M,,M,3,,28,,74,,0,,23.2,,,,,
-52.78333888888889,47.513355555555556,ST JOHNS WEST CLIMATE,8403603,8403603.2016.3.25,2016-03-25 00:00:00,NL,2016,3,25,-3.6,,-7,,-0.1,,1.3,,,M,,M,4,,30,,52,,0,,21.6,,,,,
-52.78333888888889,47.513355555555556,ST JOHNS WEST CLIMATE,8403603,8403603.2016.3.26,2016-03-26 00:00:00,NL,2016,3,26,-2.5,,-6.1,,1.1,,7,,,M,,M,4,,1,,46,,0,,20.5,,,,,
-52.78333888888889,47.513355555555556,ST JOHNS WEST CLIMATE,8403603,8403603.2016.3.27,2016-03-27 00:00:00,NL,2016,3,27,-3,,-8.3,,2.4,,0,,,M,,M,3,,0,,0,,0,,21,,,,,
-52.78333888888889,47.513355555555556,ST JOHNS WEST CLIMATE,8403603,8403603.2016.3.28,2016-03-28 00:00:00,NL,2016,3,28,-0.3,,-6.6,,6,,0,,,M,,M,3,,25,,33,,0,,18.3,,,,,
-52.78333888888889,47.513355555555556,ST JOHNS WEST CLIMATE,8403603,8403603.2016.3.29,2016-03-29 00:00:00,NL,2016,3,29,4.3,,-0.3,,8.9,,20.1,,,M,,M,3,,23,,74,,0,,13.7,,,,,
-52.78333888888889,47.513355555555556,ST JOHNS WEST CLIMATE,8403603,8403603.2016.3.30,2016-03-30 00:00:00,NL,2016,3,30,-0.3,,-2.2,,1.7,,0.3,,,M,,M,2,,31,,59,,0,,18.3,,,,,
-52.78333888888889,47.513355555555556,ST JOHNS WEST CLIMATE,8403603,8403603.2016.3.31,2016-03-31 00:00:00,NL,2016,3,31,2.8,,-1.9,,7.4,,0,,,M,,M,2,,23,,57,,0,,15.2,,,,,
-52.78333888888889,47.513355555555556,ST JOHNS WEST CLIMATE,8403603,8403603.2016.4.1,2016-04-01 00:00:00,NL,2016,4,1,7.4,,2.9,,11.9,,25.9,,,M,,M,2,,24,,65,,0,,10.6,,,,,
-52.78333888888889,47.513355555555556,ST JOHNS WEST CLIMATE,8403603,8403603.2016.4.2,2016-04-02 00:00:00,NL,2016,4,2,10.4,,5.4,,15.4,,16.4,,,M,,M,,,23,,65,,0,,7.6,,,,,
-52.78333888888889,47.513355555555556,ST JOHNS WEST CLIMATE,8403603,8403603.2016.4.3,2016-04-03 00:00:00,NL,2016,4,3,8,,2.1,,13.9,,6.7,,,M,,M,,,19,,82,,0,,10,,,,,
-52.78333888888889,47.513355555555556,ST JOHNS WEST CLIMATE,8403603,8403603.2016.4.4,2016-04-04 00:00:00,NL,2016,4,4,-1.1,,-4.5,,2.3,,0.2,,,M,,M,,,23,,91,,0,,19.1,,,,,
-52.78333888888889,47.513355555555556,ST JOHNS WEST CLIMATE,8403603,8403603.2016.4.5,2016-04-05 00:00:00,NL,2016,4,5,-3.7,,-4.8,,-2.5,,11.3,,,M,,M,,,26,,39,,0,,21.7,,,,,
-52.78333888888889,47.513355555555556,ST JOHNS WEST CLIMATE,8403603,8403603.2016.4.6,2016-04-06 00:00:00,NL,2016,4,6,-5.4,,-7.4,,-3.4,,2.1,,,M,,M,17,,29,,54,,0,,23.4,,,,,
-52.78333888888889,47.513355555555556,ST JOHNS WEST CLIMATE,8403603,8403603.2016.4.7,2016-04-07 00:00:00,NL,2016,4,7,-2.2,,-7.1,,2.8,,0,,,M,,M,12,,23,,46,,0,,20.2,,,,,
-52.78333888888889,47.513355555555556,ST JOHNS WEST CLIMATE,8403603,8403603.2016.4.8,2016-04-08 00:00:00,NL,2016,4,8,2.4,,0.3,,4.4,,0.7,,,M,,M,8,,19,,52,,0,,15.6,,,,,
-52.78333888888889,47.513355555555556,ST JOHNS WEST CLIMATE,8403603,8403603.2016.4.9,2016-04-09 00:00:00,NL,2016,4,9,8.4,,3.3,,13.5,,1.1,,,M,,M,0,T,17,,43,,0,,9.6,,,,,
-52.78333888888889,47.513355555555556,ST JOHNS WEST CLIMATE,8403603,8403603.2016.4.10,2016-04-10 00:00:00,NL,2016,4,10,4.6,,-1,,10.2,,7.8,,,M,,M,,,27,,56,,0,,13.4,,,,,
-52.78333888888889,47.513355555555556,ST JOHNS WEST CLIMATE,8403603,8403603.2016.4.11,2016-04-11 00:00:00,NL,2016,4,11,0.8,,-2.5,,4.1,,0.2,,,M,,M,,,26,,54,,0,,17.2,,,,,
-52.78333888888889,47.513355555555556,ST JOHNS WEST CLIMATE,8403603,8403603.2016.4.12,2016-04-12 00:00:00,NL,2016,4,12,,M,,M,,M,,M,,M,,M,,,0,,0,,,M,,M,,,,
-52.78333888888889,47.513355555555556,ST JOHNS WEST CLIMATE,8403603,8403603.2016.4.13,2016-04-13 00:00:00,NL,2016,4,13,6.9,,1.5,,12.2,,0,,,M,,M,,,0,,0,,0,,11.1,,,,,
-52.78333888888889,47.513355555555556,ST JOHNS WEST CLIMATE,8403603,8403603.2016.4.14,2016-04-14 00:00:00,NL,2016,4,14,7.8,,1.4,,14.1,,0,,,M,,M,,,0,,0,,0,,10.2,,,,,
-52.78333888888889,47.513355555555556,ST JOHNS WEST CLIMATE,8403603,8403603.2016.4.15,2016-04-15 00:00:00,NL,2016,4,15,3.4,,-1.3,,8.1,,0,,,M,,M,,,0,,0,,0,,14.6,,,,,
-52.78333888888889,47.513355555555556,ST JOHNS WEST CLIMATE,8403603,8403603.2016.4.16,2016-04-16 00:00:00,NL,2016,4,16,2.2,,-0.7,,5,,0,,,M,,M,,,0,,0,,0,,15.8,,,,,
-52.78333888888889,47.513355555555556,ST JOHNS WEST CLIMATE,8403603,8403603.2016.4.17,2016-04-17 00:00:00,NL,2016,4,17,4.2,,-1.1,,9.5,,0,,,M,,M,,,25,,43,,0,,13.8,,,,,
-52.78333888888889,47.513355555555556,ST JOHNS WEST CLIMATE,8403603,8403603.2016.4.18,2016-04-18 00:00:00,NL,2016,4,18,1.4,,-2.3,,5,,0,,,M,,M,,,28,,35,,0,,16.6,,,,,
-52.78333888888889,47.513355555555556,ST JOHNS WEST CLIMATE,8403603,8403603.2016.4.19,2016-04-19 00:00:00,NL,2016,4,19,-1.9,,-2.7,,-1.1,,0,,,M,,M,,,3,,54,,0,,19.9,,,,,
-52.78333888888889,47.513355555555556,ST JOHNS WEST CLIMATE,8403603,8403603.2016.4.20,2016-04-20 00:00:00,NL,2016,4,20,-1.7,,-3,,-0.3,,24.2,,,M,,M,,,31,,98,,0,,19.7,,,,,
-52.78333888888889,47.513355555555556,ST JOHNS WEST CLIMATE,8403603,8403603.2016.4.21,2016-04-21 00:00:00,NL,2016,4,21,-1.7,,-3.9,,0.6,,2.2,,,M,,M,,,0,,0,,0,,19.7,,,,,
-52.78333888888889,47.513355555555556,ST JOHNS WEST CLIMATE,8403603,8403603.2016.4.22,2016-04-22 00:00:00,NL,2016,4,22,1.1,,-1.9,,4.1,,1.9,,,M,,M,,,5,,52,,0,,16.9,,,,,
-52.78333888888889,47.513355555555556,ST JOHNS WEST CLIMATE,8403603,8403603.2016.4.23,2016-04-23 00:00:00,NL,2016,4,23,3.3,,-2.7,,9.3,,0,,,M,,M,,,0,,0,,0,,14.7,,,,,
-52.78333888888889,47.513355555555556,ST JOHNS WEST CLIMATE,8403603,8403603.2016.4.24,2016-04-24 00:00:00,NL,2016,4,24,4.6,,-2.7,,11.9,,0,,,M,,M,,,15,,33,,0,,13.4,,,,,
-52.78333888888889,47.513355555555556,ST JOHNS WEST CLIMATE,8403603,8403603.2016.4.25,2016-04-25 00:00:00,NL,2016,4,25,2.1,,-2.9,,7,,0.2,,,M,,M,,,29,,37,,0,,15.9,,,,,
-52.78333888888889,47.513355555555556,ST JOHNS WEST CLIMATE,8403603,8403603.2016.4.26,2016-04-26 00:00:00,NL,2016,4,26,0.3,,-4.2,,4.8,,1.1,,,M,,M,,,24,,41,,0,,17.7,,,,,
-52.78333888888889,47.513355555555556,ST JOHNS WEST CLIMATE,8403603,8403603.2016.4.27,2016-04-27 00:00:00,NL,2016,4,27,3.1,,-1.8,,7.9,,10.5,,,M,,M,,,14,,65,,0,,14.9,,,,,
-52.78333888888889,47.513355555555556,ST JOHNS WEST CLIMATE,8403603,8403603.2016.4.28,2016-04-28 00:00:00,NL,2016,4,28,1.2,,-2.7,,5,,0.2,,,M,,M,,,26,,37,,0,,16.8,,,,,
-52.78333888888889,47.513355555555556,ST JOHNS WEST CLIMATE,8403603,8403603.2016.4.29,2016-04-29 00:00:00,NL,2016,4,29,3.1,,-0.2,,6.3,,0.2,,,M,,M,,,27,,59,,0,,14.9,,,,,
-52.78333888888889,47.513355555555556,ST JOHNS WEST CLIMATE,8403603,8403603.2016.4.30,2016-04-30 00:00:00,NL,2016,4,30,3.5,,-3.2,,10.2,,0,,,M,,M,,,26,,59,,0,,14.5,,,,,
-52.78333888888889,47.513355555555556,ST JOHNS WEST CLIMATE,8403603,8403603.2016.5.1,2016-05-01 00:00:00,NL,2016,5,1,1.1,,-4,,6.2,,0,,,M,,M,,,0,,0,,0,,16.9,,,,,
-52.78333888888889,47.513355555555556,ST JOHNS WEST CLIMATE,8403603,8403603.2016.5.2,2016-05-02 00:00:00,NL,2016,5,2,4,,-0.7,,8.7,,0,,,M,,M,,,31,,35,,0,,14,,,,,
-52.78333888888889,47.513355555555556,ST JOHNS WEST CLIMATE,8403603,8403603.2016.5.3,2016-05-03 00:00:00,NL,2016,5,3,4.8,,-1.5,,11.1,,6.8,,,M,,M,,,12,,50,,0,,13.2,,,,,
-52.78333888888889,47.513355555555556,ST JOHNS WEST CLIMATE,8403603,8403603.2016.5.4,2016-05-04 00:00:00,NL,2016,5,4,7.6,,2.1,,13.1,,0.5,,,M,,M,,,0,,0,,0,,10.4,,,,,
-52.78333888888889,47.513355555555556,ST JOHNS WEST CLIMATE,8403603,8403603.2016.5.5,2016-05-05 00:00:00,NL,2016,5,5,3,,0.6,,5.3,,13.4,,,M,,M,,,0,,0,,0,,15,,,,,
-52.78333888888889,47.513355555555556,ST JOHNS WEST CLIMATE,8403603,8403603.2016.5.6,2016-05-06 00:00:00,NL,2016,5,6,8.1,,0.9,,15.2,,15.9,,,M,,M,,,25,,46,,0,,9.9,,,,,
-52.78333888888889,47.513355555555556,ST JOHNS WEST CLIMATE,8403603,8403603.2016.5.7,2016-05-07 00:00:00,NL,2016,5,7,11.2,,7.5,,14.8,,0.2,,,M,,M,,,0,,0,,0,,6.8,,,,,
-52.78333888888889,47.513355555555556,ST JOHNS WEST CLIMATE,8403603,8403603.2016.5.8,2016-05-08 00:00:00,NL,2016,5,8,15.4,,9.5,,21.2,,2,,,M,,M,,,22,,54,,0,,2.6,,,,,
-52.78333888888889,47.513355555555556,ST JOHNS WEST CLIMATE,8403603,8403603.2016.5.9,2016-05-09 00:00:00,NL,2016,5,9,10.5,,1.2,,19.7,,0.5,,,M,,M,,,19,,44,,0,,7.5,,,,,
-52.78333888888889,47.513355555555556,ST JOHNS WEST CLIMATE,8403603,8403603.2016.5.10,2016-05-10 00:00:00,NL,2016,5,10,6,,1.2,,10.7,,0,,,M,,M,,,23,,54,,0,,12,,,,,
-52.78333888888889,47.513355555555556,ST JOHNS WEST CLIMATE,8403603,8403603.2016.5.11,2016-05-11 00:00:00,NL,2016,5,11,3.4,,-1.7,,8.5,,0,,,M,,M,,,0,,0,,0,,14.6,,,,,
-52.78333888888889,47.513355555555556,ST JOHNS WEST CLIMATE,8403603,8403603.2016.5.12,2016-05-12 00:00:00,NL,2016,5,12,2.1,,-2.7,,6.8,,0,,,M,,M,,,33,,43,,0,,15.9,,,,,
-52.78333888888889,47.513355555555556,ST JOHNS WEST CLIMATE,8403603,8403603.2016.5.13,2016-05-13 00:00:00,NL,2016,5,13,3.8,,-0.1,,7.6,,4.2,,,M,,M,,,29,,54,,0,,14.2,,,,,
-52.78333888888889,47.513355555555556,ST JOHNS WEST CLIMATE,8403603,8403603.2016.5.14,2016-05-14 00:00:00,NL,2016,5,14,7.5,,2.3,,12.7,,0,,,M,,M,,,31,,46,,0,,10.5,,,,,
-52.78333888888889,47.513355555555556,ST JOHNS WEST CLIMATE,8403603,8403603.2016.5.15,2016-05-15 00:00:00,NL,2016,5,15,7.7,,2.3,,13.1,,0,,,M,,M,,,0,,0,,0,,10.3,,,,,
-52.78333888888889,47.513355555555556,ST JOHNS WEST CLIMATE,8403603,8403603.2016.5.16,2016-05-16 00:00:00,NL,2016,5,16,8.8,,2.4,,15.2,,0,,,M,,M,,,25,,56,,0,,9.2,,,,,
-52.78333888888889,47.513355555555556,ST JOHNS WEST CLIMATE,8403603,8403603.2016.5.17,2016-05-17 00:00:00,NL,2016,5,17,6.3,,3.6,,9,,0.4,,,M,,M,,,23,,44,,0,,11.7,,,,,
-52.78333888888889,47.513355555555556,ST JOHNS WEST CLIMATE,8403603,8403603.2016.5.18,2016-05-18 00:00:00,NL,2016,5,18,6.7,,1.7,,11.7,,1.1,,,M,,M,,,26,,43,,0,,11.3,,,,,
-52.78333888888889,47.513355555555556,ST JOHNS WEST CLIMATE,8403603,8403603.2016.5.19,2016-05-19 00:00:00,NL,2016,5,19,9.7,,3,,16.4,,0,,,M,,M,,,0,,0,,0,,8.3,,,,,
-52.78333888888889,47.513355555555556,ST JOHNS WEST CLIMATE,8403603,8403603.2016.5.20,2016-05-20 00:00:00,NL,2016,5,20,11.8,,5.3,,18.2,,0,,,M,,M,,,22,,32,,0,,6.2,,,,,
-52.78333888888889,47.513355555555556,ST JOHNS WEST CLIMATE,8403603,8403603.2016.5.21,2016-05-21 00:00:00,NL,2016,5,21,11.9,,3.4,,20.3,,0,,,M,,M,,,31,,37,,0,,6.1,,,,,
-52.78333888888889,47.513355555555556,ST JOHNS WEST CLIMATE,8403603,8403603.2016.5.22,2016-05-22 00:00:00,NL,2016,5,22,6,,1.5,,10.4,,0,,,M,,M,,,0,,0,,0,,12,,,,,
-52.78333888888889,47.513355555555556,ST JOHNS WEST CLIMATE,8403603,8403603.2016.5.23,2016-05-23 00:00:00,NL,2016,5,23,10,,2.3,,17.7,,0,,,M,,M,,,18,,33,,0,,8,,,,,
-52.78333888888889,47.513355555555556,ST JOHNS WEST CLIMATE,8403603,8403603.2016.5.24,2016-05-24 00:00:00,NL,2016,5,24,15.4,,6.4,,24.3,,0,,,M,,M,,,25,,44,,0,,2.6,,,,,
-52.78333888888889,47.513355555555556,ST JOHNS WEST CLIMATE,8403603,8403603.2016.5.25,2016-05-25 00:00:00,NL,2016,5,25,18.9,,14.4,,23.4,,15.1,,,M,,M,,,24,,39,,0.9,,0,,,,,
-52.78333888888889,47.513355555555556,ST JOHNS WEST CLIMATE,8403603,8403603.2016.5.26,2016-05-26 00:00:00,NL,2016,5,26,9,,2.9,,15,,1.2,,,M,,M,,,36,,37,,0,,9,,,,,
-52.78333888888889,47.513355555555556,ST JOHNS WEST CLIMATE,8403603,8403603.2016.5.27,2016-05-27 00:00:00,NL,2016,5,27,3.4,,0.1,,6.6,,0.2,,,M,,M,,,36,,37,,0,,14.6,,,,,
-52.78333888888889,47.513355555555556,ST JOHNS WEST CLIMATE,8403603,8403603.2016.5.28,2016-05-28 00:00:00,NL,2016,5,28,2.5,,-0.3,,5.3,,10.8,,,M,,M,,,3,,32,,0,,15.5,,,,,
-52.78333888888889,47.513355555555556,ST JOHNS WEST CLIMATE,8403603,8403603.2016.5.29,2016-05-29 00:00:00,NL,2016,5,29,1.8,,-1.1,,4.6,,0.4,,,M,,M,,,3,,37,,0,,16.2,,,,,
-52.78333888888889,47.513355555555556,ST JOHNS WEST CLIMATE,8403603,8403603.2016.5.30,2016-05-30 00:00:00,NL,2016,5,30,6.8,,-0.9,,14.4,,4.2,,,M,,M,,,0,,0,,0,,11.2,,,,,
-52.78333888888889,47.513355555555556,ST JOHNS WEST CLIMATE,8403603,8403603.2016.5.31,2016-05-31 00:00:00,NL,2016,5,31,8.2,,4.8,,11.5,,1.8,,,M,,M,,,16,,44,,0,,9.8,,,,,
-52.78333888888889,47.513355555555556,ST JOHNS WEST CLIMATE,8403603,8403603.2016.6.1,2016-06-01 00:00:00,NL,2016,6,1,5.9,,0.6,,11.1,,0,,,M,,M,,,34,,56,,0,,12.1,,,,,
-52.78333888888889,47.513355555555556,ST JOHNS WEST CLIMATE,8403603,8403603.2016.6.2,2016-06-02 00:00:00,NL,2016,6,2,3.7,,-1.8,,9.1,,0,,,M,,M,,,1,,48,,0,,14.3,,,,,
-52.78333888888889,47.513355555555556,ST JOHNS WEST CLIMATE,8403603,8403603.2016.6.3,2016-06-03 00:00:00,NL,2016,6,3,6.3,,-1.6,,14.1,,0,,,M,,M,,,30,,33,,0,,11.7,,,,,
-52.78333888888889,47.513355555555556,ST JOHNS WEST CLIMATE,8403603,8403603.2016.6.4,2016-06-04 00:00:00,NL,2016,6,4,5.1,,1.7,,8.4,,0,,,M,,M,,,0,,0,,0,,12.9,,,,,
-52.78333888888889,47.513355555555556,ST JOHNS WEST CLIMATE,8403603,8403603.2016.6.5,2016-06-05 00:00:00,NL,2016,6,5,6.3,,1.7,,10.8,,0,,,M,,M,,,0,,0,,0,,11.7,,,,,
-52.78333888888889,47.513355555555556,ST JOHNS WEST CLIMATE,8403603,8403603.2016.6.6,2016-06-06 00:00:00,NL,2016,6,6,7.3,,2.9,,11.6,,0,,,M,,M,,,0,,0,,0,,10.7,,,,,
-52.78333888888889,47.513355555555556,ST JOHNS WEST CLIMATE,8403603,8403603.2016.6.7,2016-06-07 00:00:00,NL,2016,6,7,7.5,,3.4,,11.6,,0,,,M,,M,,,14,,32,,0,,10.5,,,,,
-52.78333888888889,47.513355555555556,ST JOHNS WEST CLIMATE,8403603,8403603.2016.6.8,2016-06-08 00:00:00,NL,2016,6,8,4.3,,3.5,,5.1,,32.7,,,M,,M,,,11,,48,,0,,13.7,,,,,
-52.78333888888889,47.513355555555556,ST JOHNS WEST CLIMATE,8403603,8403603.2016.6.9,2016-06-09 00:00:00,NL,2016,6,9,8.9,,4.4,,13.3,,5.6,,,M,,M,,,11,,35,,0,,9.1,,,,,
-52.78333888888889,47.513355555555556,ST JOHNS WEST CLIMATE,8403603,8403603.2016.6.10,2016-06-10 00:00:00,NL,2016,6,10,6.8,,4.6,,9,,1.9,,,M,,M,,,0,,0,,0,,11.2,,,,,
-52.78333888888889,47.513355555555556,ST JOHNS WEST CLIMATE,8403603,8403603.2016.6.11,2016-06-11 00:00:00,NL,2016,6,11,9.6,,4.6,,14.5,,0,,,M,,M,,,30,,33,,0,,8.4,,,,,
-52.78333888888889,47.513355555555556,ST JOHNS WEST CLIMATE,8403603,8403603.2016.6.12,2016-06-12 00:00:00,NL,2016,6,12,10.4,,5,,15.7,,0,,,M,,M,,,0,,0,,0,,7.6,,,,,
-52.78333888888889,47.513355555555556,ST JOHNS WEST CLIMATE,8403603,8403603.2016.6.13,2016-06-13 00:00:00,NL,2016,6,13,8.1,,4.6,,11.6,,18.2,,,M,,M,,,11,,50,,0,,9.9,,,,,
-52.78333888888889,47.513355555555556,ST JOHNS WEST CLIMATE,8403603,8403603.2016.6.14,2016-06-14 00:00:00,NL,2016,6,14,13.1,,9.4,,16.7,,9.3,,,M,,M,,,0,,0,,0,,4.9,,,,,
-52.78333888888889,47.513355555555556,ST JOHNS WEST CLIMATE,8403603,8403603.2016.6.15,2016-06-15 00:00:00,NL,2016,6,15,13.1,,8.1,,18,,0,,,M,,M,,,24,,37,,0,,4.9,,,,,
-52.78333888888889,47.513355555555556,ST JOHNS WEST CLIMATE,8403603,8403603.2016.6.16,2016-06-16 00:00:00,NL,2016,6,16,10.4,,7.2,,13.6,,4.9,,,M,,M,,,22,,32,,0,,7.6,,,,,
-52.78333888888889,47.513355555555556,ST JOHNS WEST CLIMATE,8403603,8403603.2016.6.17,2016-06-17 00:00:00,NL,2016,6,17,6.6,,4.3,,8.8,,1.4,,,M,,M,,,32,,33,,0,,11.4,,,,,
-52.78333888888889,47.513355555555556,ST JOHNS WEST CLIMATE,8403603,8403603.2016.6.18,2016-06-18 00:00:00,NL,2016,6,18,4.7,,1.5,,7.8,,0,,,M,,M,,,33,,41,,0,,13.3,,,,,
-52.78333888888889,47.513355555555556,ST JOHNS WEST CLIMATE,8403603,8403603.2016.6.19,2016-06-19 00:00:00,NL,2016,6,19,12.3,,1.8,,22.7,,0,,,M,,M,,,24,,57,,0,,5.7,,,,,
-52.78333888888889,47.513355555555556,ST JOHNS WEST CLIMATE,8403603,8403603.2016.6.20,2016-06-20 00:00:00,NL,2016,6,20,19.2,,12.7,,25.6,,0,,,M,,M,,,25,,59,,1.2,,0,,,,,
-52.78333888888889,47.513355555555556,ST JOHNS WEST CLIMATE,8403603,8403603.2016.6.21,2016-06-21 00:00:00,NL,2016,6,21,17.6,,12.2,,23,,0,,,M,,M,,,22,,61,,0,,0.4,,,,,
-52.78333888888889,47.513355555555556,ST JOHNS WEST CLIMATE,8403603,8403603.2016.6.22,2016-06-22 00:00:00,NL,2016,6,22,17.9,,14.5,,21.3,,0.5,,,M,,M,,,23,,50,,0,,0.1,,,,,
-52.78333888888889,47.513355555555556,ST JOHNS WEST CLIMATE,8403603,8403603.2016.6.23,2016-06-23 00:00:00,NL,2016,6,23,15.4,,9.5,,21.3,,1.8,,,M,,M,,,21,,52,,0,,2.6,,,,,
-52.78333888888889,47.513355555555556,ST JOHNS WEST CLIMATE,8403603,8403603.2016.6.24,2016-06-24 00:00:00,NL,2016,6,24,13.5,,9.3,,17.7,,0,,,M,,M,,,24,,48,,0,,4.5,,,,,
-52.78333888888889,47.513355555555556,ST JOHNS WEST CLIMATE,8403603,8403603.2016.6.25,2016-06-25 00:00:00,NL,2016,6,25,15.5,,9.2,,21.7,,0,,,M,,M,,,0,,0,,0,,2.5,,,,,
-52.78333888888889,47.513355555555556,ST JOHNS WEST CLIMATE,8403603,8403603.2016.6.26,2016-06-26 00:00:00,NL,2016,6,26,17.4,,11.2,,23.6,,0,,,M,,M,,,25,,32,,0,,0.6,,,,,
-52.78333888888889,47.513355555555556,ST JOHNS WEST CLIMATE,8403603,8403603.2016.6.27,2016-06-27 00:00:00,NL,2016,6,27,18.2,,12.5,,23.9,,5.3,,,M,,M,,,23,,57,,0.2,,0,,,,,
-52.78333888888889,47.513355555555556,ST JOHNS WEST CLIMATE,8403603,8403603.2016.6.28,2016-06-28 00:00:00,NL,2016,6,28,19.6,,13.4,,25.8,,0,,,M,,M,,,24,,54,,1.6,,0,,,,,
-52.78333888888889,47.513355555555556,ST JOHNS WEST CLIMATE,8403603,8403603.2016.6.29,2016-06-29 00:00:00,NL,2016,6,29,22.1,,18,,26.1,,0,,,M,,M,,,23,,48,,4.1,,0,,,,,
-52.78333888888889,47.513355555555556,ST JOHNS WEST CLIMATE,8403603,8403603.2016.6.30,2016-06-30 00:00:00,NL,2016,6,30,21.7,,17.1,,26.2,,2.8,,,M,,M,,,22,,54,,3.7,,0,,,,,
-52.78333888888889,47.513355555555556,ST JOHNS WEST CLIMATE,8403603,8403603.2016.7.1,2016-07-01 00:00:00,NL,2016,7,1,19.5,,13.9,,25,,4.1,,,M,,M,,,22,,46,,1.5,,0,,,,,
-52.78333888888889,47.513355555555556,ST JOHNS WEST CLIMATE,8403603,8403603.2016.7.2,2016-07-02 00:00:00,NL,2016,7,2,13.2,,9,,17.4,,0,,,M,,M,,,0,,0,,0,,4.8,,,,,
-52.78333888888889,47.513355555555556,ST JOHNS WEST CLIMATE,8403603,8403603.2016.7.3,2016-07-03 00:00:00,NL,2016,7,3,11.3,,9.1,,13.5,,2.4,,,M,,M,,,27,,39,,0,,6.7,,,,,
-52.78333888888889,47.513355555555556,ST JOHNS WEST CLIMATE,8403603,8403603.2016.7.4,2016-07-04 00:00:00,NL,2016,7,4,15.1,,10.6,,19.6,,0,,,M,,M,,,28,,59,,0,,2.9,,,,,
-52.78333888888889,47.513355555555556,ST JOHNS WEST CLIMATE,8403603,8403603.2016.7.5,2016-07-05 00:00:00,NL,2016,7,5,15.5,,8.3,,22.7,,0,,,M,,M,,,27,,52,,0,,2.5,,,,,
-52.78333888888889,47.513355555555556,ST JOHNS WEST CLIMATE,8403603,8403603.2016.7.6,2016-07-06 00:00:00,NL,2016,7,6,9.5,,7.3,,11.7,,18.8,,,M,,M,,,35,,37,,0,,8.5,,,,,
-52.78333888888889,47.513355555555556,ST JOHNS WEST CLIMATE,8403603,8403603.2016.7.7,2016-07-07 00:00:00,NL,2016,7,7,7.7,,4.6,,10.8,,1.6,,,M,,M,,,34,,54,,0,,10.3,,,,,
-52.78333888888889,47.513355555555556,ST JOHNS WEST CLIMATE,8403603,8403603.2016.7.8,2016-07-08 00:00:00,NL,2016,7,8,9.1,,3.5,,14.6,,0,,,M,,M,,,0,,0,,0,,8.9,,,,,
-52.78333888888889,47.513355555555556,ST JOHNS WEST CLIMATE,8403603,8403603.2016.7.9,2016-07-09 00:00:00,NL,2016,7,9,8.4,,2.5,,14.3,,0,,,M,,M,,,0,,0,,0,,9.6,,,,,
-52.78333888888889,47.513355555555556,ST JOHNS WEST CLIMATE,8403603,8403603.2016.7.10,2016-07-10 00:00:00,NL,2016,7,10,7.4,,5.5,,9.2,,0.9,,,M,,M,,,0,,0,,0,,10.6,,,,,
-52.78333888888889,47.513355555555556,ST JOHNS WEST CLIMATE,8403603,8403603.2016.7.11,2016-07-11 00:00:00,NL,2016,7,11,9.9,,8.4,,11.4,,26,,,M,,M,,,7,,52,,0,,8.1,,,,,
-52.78333888888889,47.513355555555556,ST JOHNS WEST CLIMATE,8403603,8403603.2016.7.12,2016-07-12 00:00:00,NL,2016,7,12,9,,7.9,,10,,3.5,,,M,,M,,,32,,57,,0,,9,,,,,
-52.78333888888889,47.513355555555556,ST JOHNS WEST CLIMATE,8403603,8403603.2016.7.13,2016-07-13 00:00:00,NL,2016,7,13,8.2,,5,,11.3,,0,,,M,,M,,,33,,48,,0,,9.8,,,,,
-52.78333888888889,47.513355555555556,ST JOHNS WEST CLIMATE,8403603,8403603.2016.7.14,2016-07-14 00:00:00,NL,2016,7,14,13.5,,5.9,,21.1,,2.8,,,M,,M,,,26,,46,,0,,4.5,,,,,
-52.78333888888889,47.513355555555556,ST JOHNS WEST CLIMATE,8403603,8403603.2016.7.15,2016-07-15 00:00:00,NL,2016,7,15,19.7,,15.8,,23.5,,1.3,,,M,,M,,,23,,59,,1.7,,0,,,,,
-52.78333888888889,47.513355555555556,ST JOHNS WEST CLIMATE,8403603,8403603.2016.7.16,2016-07-16 00:00:00,NL,2016,7,16,20.7,,16,,25.4,,0,,,M,,M,,,28,,37,,2.7,,0,,,,,
-52.78333888888889,47.513355555555556,ST JOHNS WEST CLIMATE,8403603,8403603.2016.7.17,2016-07-17 00:00:00,NL,2016,7,17,21,,15.7,,26.3,,0,,,M,,M,,,0,,0,,3,,0,,,,,
-52.78333888888889,47.513355555555556,ST JOHNS WEST CLIMATE,8403603,8403603.2016.7.18,2016-07-18 00:00:00,NL,2016,7,18,19.2,,15.4,,22.9,,2.2,,,M,,M,,,27,,33,,1.2,,0,,,,,
-52.78333888888889,47.513355555555556,ST JOHNS WEST CLIMATE,8403603,8403603.2016.7.19,2016-07-19 00:00:00,NL,2016,7,19,20.1,,15.1,,25,,0,,,M,,M,,,25,,44,,2.1,,0,,,,,
-52.78333888888889,47.513355555555556,ST JOHNS WEST CLIMATE,8403603,8403603.2016.7.20,2016-07-20 00:00:00,NL,2016,7,20,16.6,,12.4,,20.7,,0,,,M,,M,,,26,,33,,0,,1.4,,,,,
-52.78333888888889,47.513355555555556,ST JOHNS WEST CLIMATE,8403603,8403603.2016.7.21,2016-07-21 00:00:00,NL,2016,7,21,17.1,,12.3,,21.8,,0,,,M,,M,,,27,,48,,0,,0.9,,,,,
-52.78333888888889,47.513355555555556,ST JOHNS WEST CLIMATE,8403603,8403603.2016.7.22,2016-07-22 00:00:00,NL,2016,7,22,18.4,,10.2,,26.5,,0,,,M,,M,,,25,,37,,0.4,,0,,,,,
-52.78333888888889,47.513355555555556,ST JOHNS WEST CLIMATE,8403603,8403603.2016.7.23,2016-07-23 00:00:00,NL,2016,7,23,20.7,,15.6,,25.8,,0,,,M,,M,,,21,,54,,2.7,,0,,,,,
-52.78333888888889,47.513355555555556,ST JOHNS WEST CLIMATE,8403603,8403603.2016.7.24,2016-07-24 00:00:00,NL,2016,7,24,20.5,,17.4,,23.6,,1.4,,,M,,M,,,21,,44,,2.5,,0,,,,,
-52.78333888888889,47.513355555555556,ST JOHNS WEST CLIMATE,8403603,8403603.2016.7.25,2016-07-25 00:00:00,NL,2016,7,25,18.5,,12.1,,24.8,,0.2,,,M,,M,,,0,,0,,0.5,,0,,,,,
-52.78333888888889,47.513355555555556,ST JOHNS WEST CLIMATE,8403603,8403603.2016.7.26,2016-07-26 00:00:00,NL,2016,7,26,16.6,,12.3,,20.8,,0,,,M,,M,,,0,,0,,0,,1.4,,,,,
-52.78333888888889,47.513355555555556,ST JOHNS WEST CLIMATE,8403603,8403603.2016.7.27,2016-07-27 00:00:00,NL,2016,7,27,18,,13,,23,,0,,,M,,M,,,0,,0,,0,,0,,,,,
-52.78333888888889,47.513355555555556,ST JOHNS WEST CLIMATE,8403603,8403603.2016.7.28,2016-07-28 00:00:00,NL,2016,7,28,21.6,,16.9,,26.2,,0.3,,,M,,M,,,0,,0,,3.6,,0,,,,,
-52.78333888888889,47.513355555555556,ST JOHNS WEST CLIMATE,8403603,8403603.2016.7.29,2016-07-29 00:00:00,NL,2016,7,29,22.1,,17.3,,26.8,,0,,,M,,M,,,25,,33,,4.1,,0,,,,,
-52.78333888888889,47.513355555555556,ST JOHNS WEST CLIMATE,8403603,8403603.2016.7.30,2016-07-30 00:00:00,NL,2016,7,30,20.4,,16.3,,24.5,,0.9,,,M,,M,,,0,,0,,2.4,,0,,,,,
-52.78333888888889,47.513355555555556,ST JOHNS WEST CLIMATE,8403603,8403603.2016.7.31,2016-07-31 00:00:00,NL,2016,7,31,17.2,,13,,21.3,,4.3,,,M,,M,,,0,,0,,0,,0.8,,,,,
-52.78333888888889,47.513355555555556,ST JOHNS WEST CLIMATE,8403603,8403603.2016.8.1,2016-08-01 00:00:00,NL,2016,8,1,17.7,,13,,22.3,,0.4,,,M,,M,,,0,,0,,0,,0.3,,,,,
-52.78333888888889,47.513355555555556,ST JOHNS WEST CLIMATE,8403603,8403603.2016.8.2,2016-08-02 00:00:00,NL,2016,8,2,12,,8.9,,15,,0,,,M,,M,,,0,,0,,0,,6,,,,,
-52.78333888888889,47.513355555555556,ST JOHNS WEST CLIMATE,8403603,8403603.2016.8.3,2016-08-03 00:00:00,NL,2016,8,3,9,,4.1,,13.8,,0,,,M,,M,,,0,,0,,0,,9,,,,,
-52.78333888888889,47.513355555555556,ST JOHNS WEST CLIMATE,8403603,8403603.2016.8.4,2016-08-04 00:00:00,NL,2016,8,4,12,,4.9,,19.1,,0,,,M,,M,,,27,,33,,0,,6,,,,,
-52.78333888888889,47.513355555555556,ST JOHNS WEST CLIMATE,8403603,8403603.2016.8.5,2016-08-05 00:00:00,NL,2016,8,5,19.1,,15.2,,23,,0,,,M,,M,,,28,,48,,1.1,,0,,,,,
-52.78333888888889,47.513355555555556,ST JOHNS WEST CLIMATE,8403603,8403603.2016.8.6,2016-08-06 00:00:00,NL,2016,8,6,20.9,,16.2,,25.5,,3.4,,,M,,M,,,25,,57,,2.9,,0,,,,,
-52.78333888888889,47.513355555555556,ST JOHNS WEST CLIMATE,8403603,8403603.2016.8.7,2016-08-07 00:00:00,NL,2016,8,7,16.9,,15.8,,18,,52.3,,,M,,M,,,17,,48,,0,,1.1,,,,,
-52.78333888888889,47.513355555555556,ST JOHNS WEST CLIMATE,8403603,8403603.2016.8.8,2016-08-08 00:00:00,NL,2016,8,8,20.3,,15.2,,25.3,,0.5,,,M,,M,,,0,,0,,2.3,,0,,,,,
-52.78333888888889,47.513355555555556,ST JOHNS WEST CLIMATE,8403603,8403603.2016.8.9,2016-08-09 00:00:00,NL,2016,8,9,18.2,,13.7,,22.6,,0,,,M,,M,,,27,,41,,0.2,,0,,,,,
-52.78333888888889,47.513355555555556,ST JOHNS WEST CLIMATE,8403603,8403603.2016.8.10,2016-08-10 00:00:00,NL,2016,8,10,17.4,,11.7,,23,,0,,,M,,M,,,26,,32,,0,,0.6,,,,,
-52.78333888888889,47.513355555555556,ST JOHNS WEST CLIMATE,8403603,8403603.2016.8.11,2016-08-11 00:00:00,NL,2016,8,11,19.7,,14.7,,24.7,,8.6,,,M,,M,,,24,,44,,1.7,,0,,,,,
-52.78333888888889,47.513355555555556,ST JOHNS WEST CLIMATE,8403603,8403603.2016.8.12,2016-08-12 00:00:00,NL,2016,8,12,18.2,,13.4,,22.9,,0.4,,,M,,M,,,25,,35,,0.2,,0,,,,,
-52.78333888888889,47.513355555555556,ST JOHNS WEST CLIMATE,8403603,8403603.2016.8.13,2016-08-13 00:00:00,NL,2016,8,13,14.5,,9.5,,19.5,,0,,,M,,M,,,32,,41,,0,,3.5,,,,,
-52.78333888888889,47.513355555555556,ST JOHNS WEST CLIMATE,8403603,8403603.2016.8.14,2016-08-14 00:00:00,NL,2016,8,14,15.3,,10.5,,20,,0,,,M,,M,,,0,,0,,0,,2.7,,,,,
-52.78333888888889,47.513355555555556,ST JOHNS WEST CLIMATE,8403603,8403603.2016.8.15,2016-08-15 00:00:00,NL,2016,8,15,15.3,,9,,21.5,,0,,,M,,M,,,0,,0,,0,,2.7,,,,,
-52.78333888888889,47.513355555555556,ST JOHNS WEST CLIMATE,8403603,8403603.2016.8.16,2016-08-16 00:00:00,NL,2016,8,16,15.1,,9.7,,20.5,,0,,,M,,M,,,0,,0,,0,,2.9,,,,,
-52.78333888888889,47.513355555555556,ST JOHNS WEST CLIMATE,8403603,8403603.2016.8.17,2016-08-17 00:00:00,NL,2016,8,17,16.3,,8.6,,24,,0,,,M,,M,,,0,,0,,0,,1.7,,,,,
-52.78333888888889,47.513355555555556,ST JOHNS WEST CLIMATE,8403603,8403603.2016.8.18,2016-08-18 00:00:00,NL,2016,8,18,14.4,,11.8,,17,,1.5,,,M,,M,,,0,,0,,0,,3.6,,,,,
-52.78333888888889,47.513355555555556,ST JOHNS WEST CLIMATE,8403603,8403603.2016.8.19,2016-08-19 00:00:00,NL,2016,8,19,13.1,,11.2,,15,,0.2,,,M,,M,,,0,,0,,0,,4.9,,,,,
-52.78333888888889,47.513355555555556,ST JOHNS WEST CLIMATE,8403603,8403603.2016.8.20,2016-08-20 00:00:00,NL,2016,8,20,11.5,,7.2,,15.8,,0,,,M,,M,,,0,,0,,0,,6.5,,,,,
-52.78333888888889,47.513355555555556,ST JOHNS WEST CLIMATE,8403603,8403603.2016.8.21,2016-08-21 00:00:00,NL,2016,8,21,13.1,,6.8,,19.4,,0,,,M,,M,,,0,,0,,0,,4.9,,,,,
-52.78333888888889,47.513355555555556,ST JOHNS WEST CLIMATE,8403603,8403603.2016.8.22,2016-08-22 00:00:00,NL,2016,8,22,16.3,,10.8,,21.8,,0,,,M,,M,,,18,,35,,0,,1.7,,,,,
-52.78333888888889,47.513355555555556,ST JOHNS WEST CLIMATE,8403603,8403603.2016.8.23,2016-08-23 00:00:00,NL,2016,8,23,18.3,,14.4,,22.1,,13.6,,,M,,M,,,26,,43,,0.3,,0,,,,,
-52.78333888888889,47.513355555555556,ST JOHNS WEST CLIMATE,8403603,8403603.2016.8.24,2016-08-24 00:00:00,NL,2016,8,24,18.6,,13.1,,24,,0,,,M,,M,,,24,,50,,0.6,,0,,,,,
-52.78333888888889,47.513355555555556,ST JOHNS WEST CLIMATE,8403603,8403603.2016.8.25,2016-08-25 00:00:00,NL,2016,8,25,20.2,,15.9,,24.5,,0,,,M,,M,,,23,,44,,2.2,,0,,,,,
-52.78333888888889,47.513355555555556,ST JOHNS WEST CLIMATE,8403603,8403603.2016.8.26,2016-08-26 00:00:00,NL,2016,8,26,19.7,,17.5,,21.9,,6.8,,,M,,M,,,24,,54,,1.7,,0,,,,,
-52.78333888888889,47.513355555555556,ST JOHNS WEST CLIMATE,8403603,8403603.2016.8.27,2016-08-27 00:00:00,NL,2016,8,27,15.8,,10.3,,21.3,,7.9,,,M,,M,,,30,,50,,0,,2.2,,,,,
-52.78333888888889,47.513355555555556,ST JOHNS WEST CLIMATE,8403603,8403603.2016.8.28,2016-08-28 00:00:00,NL,2016,8,28,13.3,,8.2,,18.3,,0,,,M,,M,,,32,,44,,0,,4.7,,,,,
-52.78333888888889,47.513355555555556,ST JOHNS WEST CLIMATE,8403603,8403603.2016.8.29,2016-08-29 00:00:00,NL,2016,8,29,14.7,,7.4,,22,,4.6,,,M,,M,,,17,,48,,0,,3.3,,,,,
-52.78333888888889,47.513355555555556,ST JOHNS WEST CLIMATE,8403603,8403603.2016.8.30,2016-08-30 00:00:00,NL,2016,8,30,12,,7.5,,16.5,,4.1,,,M,,M,,,33,,67,,0,,6,,,,,
-52.78333888888889,47.513355555555556,ST JOHNS WEST CLIMATE,8403603,8403603.2016.8.31,2016-08-31 00:00:00,NL,2016,8,31,12.3,,6.4,,18.1,,7,,,M,,M,,,25,,46,,0,,5.7,,,,,
-52.78333888888889,47.513355555555556,ST JOHNS WEST CLIMATE,8403603,8403603.2016.9.1,2016-09-01 00:00:00,NL,2016,9,1,11.9,,9.2,,14.6,,5.5,,,M,,M,,,0,,0,,0,,6.1,,,,,
-52.78333888888889,47.513355555555556,ST JOHNS WEST CLIMATE,8403603,8403603.2016.9.2,2016-09-02 00:00:00,NL,2016,9,2,9.9,,8.4,,11.4,,0,,,M,,M,,,0,,0,,0,,8.1,,,,,
-52.78333888888889,47.513355555555556,ST JOHNS WEST CLIMATE,8403603,8403603.2016.9.3,2016-09-03 00:00:00,NL,2016,9,3,8.4,,3.7,,13.1,,1.2,,,M,,M,,,0,,0,,0,,9.6,,,,,
-52.78333888888889,47.513355555555556,ST JOHNS WEST CLIMATE,8403603,8403603.2016.9.4,2016-09-04 00:00:00,NL,2016,9,4,7.4,,2.1,,12.6,,0,,,M,,M,,,0,,0,,0,,10.6,,,,,
-52.78333888888889,47.513355555555556,ST JOHNS WEST CLIMATE,8403603,8403603.2016.9.5,2016-09-05 00:00:00,NL,2016,9,5,11.5,,2.5,,20.4,,0,,,M,,M,,,27,,48,,0,,6.5,,,,,
-52.78333888888889,47.513355555555556,ST JOHNS WEST CLIMATE,8403603,8403603.2016.9.6,2016-09-06 00:00:00,NL,2016,9,6,17.9,,12.9,,22.9,,0,,,M,,M,,,26,,56,,0,,0.1,,,,,
-52.78333888888889,47.513355555555556,ST JOHNS WEST CLIMATE,8403603,8403603.2016.9.7,2016-09-07 00:00:00,NL,2016,9,7,22,,18.6,,25.3,,0,,,M,,M,,,26,,46,,4,,0,,,,,
-52.78333888888889,47.513355555555556,ST JOHNS WEST CLIMATE,8403603,8403603.2016.9.8,2016-09-08 00:00:00,NL,2016,9,8,15.1,,10.1,,20,,2,,,M,,M,,,26,,41,,0,,2.9,,,,,
-52.78333888888889,47.513355555555556,ST JOHNS WEST CLIMATE,8403603,8403603.2016.9.9,2016-09-09 00:00:00,NL,2016,9,9,14.6,,10.5,,18.6,,22.5,,,M,,M,,,23,,41,,0,,3.4,,,,,
-52.78333888888889,47.513355555555556,ST JOHNS WEST CLIMATE,8403603,8403603.2016.9.10,2016-09-10 00:00:00,NL,2016,9,10,10.6,,2.8,,18.3,,0,,,M,,M,,,30,,54,,0,,7.4,,,,,
-52.78333888888889,47.513355555555556,ST JOHNS WEST CLIMATE,8403603,8403603.2016.9.11,2016-09-11 00:00:00,NL,2016,9,11,9.1,,1.5,,16.6,,0.2,,,M,,M,,,19,,44,,0,,8.9,,,,,
-52.78333888888889,47.513355555555556,ST JOHNS WEST CLIMATE,8403603,8403603.2016.9.12,2016-09-12 00:00:00,NL,2016,9,12,15,,11.5,,18.4,,0.9,,,M,,M,,,25,,59,,0,,3,,,,,
-52.78333888888889,47.513355555555556,ST JOHNS WEST CLIMATE,8403603,8403603.2016.9.13,2016-09-13 00:00:00,NL,2016,9,13,16.8,,11.5,,22.1,,0,,,M,,M,,,25,,61,,0,,1.2,,,,,
-52.78333888888889,47.513355555555556,ST JOHNS WEST CLIMATE,8403603,8403603.2016.9.14,2016-09-14 00:00:00,NL,2016,9,14,19.1,,14.1,,24,,0,,,M,,M,,,22,,37,,1.1,,0,,,,,
-52.78333888888889,47.513355555555556,ST JOHNS WEST CLIMATE,8403603,8403603.2016.9.15,2016-09-15 00:00:00,NL,2016,9,15,12.7,,7.2,,18.1,,2.2,,,M,,M,,,34,,56,,0,,5.3,,,,,
-52.78333888888889,47.513355555555556,ST JOHNS WEST CLIMATE,8403603,8403603.2016.9.16,2016-09-16 00:00:00,NL,2016,9,16,10.8,,6.1,,15.5,,0,,,M,,M,,,31,,39,,0,,7.2,,,,,
-52.78333888888889,47.513355555555556,ST JOHNS WEST CLIMATE,8403603,8403603.2016.9.17,2016-09-17 00:00:00,NL,2016,9,17,14.4,,9.9,,18.9,,0,,,M,,M,,,25,,52,,0,,3.6,,,,,
-52.78333888888889,47.513355555555556,ST JOHNS WEST CLIMATE,8403603,8403603.2016.9.18,2016-09-18 00:00:00,NL,2016,9,18,15.6,,11.9,,19.3,,8.1,,,M,,M,,,24,,54,,0,,2.4,,,,,
-52.78333888888889,47.513355555555556,ST JOHNS WEST CLIMATE,8403603,8403603.2016.9.19,2016-09-19 00:00:00,NL,2016,9,19,12.1,,7.5,,16.7,,1.9,,,M,,M,,,7,,33,,0,,5.9,,,,,
-52.78333888888889,47.513355555555556,ST JOHNS WEST CLIMATE,8403603,8403603.2016.9.20,2016-09-20 00:00:00,NL,2016,9,20,9.4,,7.8,,11,,1,,,M,,M,,,0,,0,,0,,8.6,,,,,
-52.78333888888889,47.513355555555556,ST JOHNS WEST CLIMATE,8403603,8403603.2016.9.21,2016-09-21 00:00:00,NL,2016,9,21,15.9,,11,,20.7,,0.3,,,M,,M,,,28,,43,,0,,2.1,,,,,
-52.78333888888889,47.513355555555556,ST JOHNS WEST CLIMATE,8403603,8403603.2016.9.22,2016-09-22 00:00:00,NL,2016,9,22,14.2,,9.5,,18.8,,0.4,,,M,,M,,,27,,48,,0,,3.8,,,,,
-52.78333888888889,47.513355555555556,ST JOHNS WEST CLIMATE,8403603,8403603.2016.9.23,2016-09-23 00:00:00,NL,2016,9,23,12,,9.3,,14.7,,9.1,,,M,,M,,,0,,0,,0,,6,,,,,
-52.78333888888889,47.513355555555556,ST JOHNS WEST CLIMATE,8403603,8403603.2016.9.24,2016-09-24 00:00:00,NL,2016,9,24,8.4,,1.4,,15.3,,10.1,,,M,,M,,,33,,43,,0,,9.6,,,,,
-52.78333888888889,47.513355555555556,ST JOHNS WEST CLIMATE,8403603,8403603.2016.9.25,2016-09-25 00:00:00,NL,2016,9,25,6.5,,0.9,,12.1,,0.2,,,M,,M,,,0,,0,,0,,11.5,,,,,
-52.78333888888889,47.513355555555556,ST JOHNS WEST CLIMATE,8403603,8403603.2016.9.26,2016-09-26 00:00:00,NL,2016,9,26,6.5,,2,,11,,10.1,,,M,,M,,,28,,33,,0,,11.5,,,,,
-52.78333888888889,47.513355555555556,ST JOHNS WEST CLIMATE,8403603,8403603.2016.9.27,2016-09-27 00:00:00,NL,2016,9,27,8.2,,5.1,,11.3,,4.9,,,M,,M,,,0,,0,,0,,9.8,,,,,
-52.78333888888889,47.513355555555556,ST JOHNS WEST CLIMATE,8403603,8403603.2016.9.28,2016-09-28 00:00:00,NL,2016,9,28,6.7,,3.4,,10,,0,,,M,,M,,,0,,0,,0,,11.3,,,,,
-52.78333888888889,47.513355555555556,ST JOHNS WEST CLIMATE,8403603,8403603.2016.9.29,2016-09-29 00:00:00,NL,2016,9,29,8.7,,5.3,,12.1,,46.4,,,M,,M,,,34,,65,,0,,9.3,,,,,
-52.78333888888889,47.513355555555556,ST JOHNS WEST CLIMATE,8403603,8403603.2016.9.30,2016-09-30 00:00:00,NL,2016,9,30,9.1,,5.1,,13,,0,,,M,,M,,,34,,74,,0,,8.9,,,,,
-52.78333888888889,47.513355555555556,ST JOHNS WEST CLIMATE,8403603,8403603.2016.10.1,2016-10-01 00:00:00,NL,2016,10,1,10.2,,3.7,,16.6,,0,,,M,,M,,,26,,41,,0,,7.8,,,,,
-52.78333888888889,47.513355555555556,ST JOHNS WEST CLIMATE,8403603,8403603.2016.10.2,2016-10-02 00:00:00,NL,2016,10,2,7,,0.2,,13.8,,0,,,M,,M,,,0,,0,,0,,11,,,,,
-52.78333888888889,47.513355555555556,ST JOHNS WEST CLIMATE,8403603,8403603.2016.10.3,2016-10-03 00:00:00,NL,2016,10,3,7.1,,2.7,,11.4,,9.8,,,M,,M,,,36,,43,,0,,10.9,,,,,
-52.78333888888889,47.513355555555556,ST JOHNS WEST CLIMATE,8403603,8403603.2016.10.4,2016-10-04 00:00:00,NL,2016,10,4,6.5,,2.8,,10.1,,0,,,M,,M,,,28,,43,,0,,11.5,,,,,
-52.78333888888889,47.513355555555556,ST JOHNS WEST CLIMATE,8403603,8403603.2016.10.5,2016-10-05 00:00:00,NL,2016,10,5,11.7,,6.7,,16.7,,0,,,M,,M,,,27,,52,,0,,6.3,,,,,
-52.78333888888889,47.513355555555556,ST JOHNS WEST CLIMATE,8403603,8403603.2016.10.6,2016-10-06 00:00:00,NL,2016,10,6,11.9,,4.4,,19.4,,0,,,M,,M,,,0,,0,,0,,6.1,,,,,
-52.78333888888889,47.513355555555556,ST JOHNS WEST CLIMATE,8403603,8403603.2016.10.7,2016-10-07 00:00:00,NL,2016,10,7,11.7,,5,,18.4,,0.4,,,M,,M,,,30,,46,,0,,6.3,,,,,
-52.78333888888889,47.513355555555556,ST JOHNS WEST CLIMATE,8403603,8403603.2016.10.8,2016-10-08 00:00:00,NL,2016,10,8,6.6,,3.5,,9.6,,0,,,M,,M,,,36,,35,,0,,11.4,,,,,
-52.78333888888889,47.513355555555556,ST JOHNS WEST CLIMATE,8403603,8403603.2016.10.9,2016-10-09 00:00:00,NL,2016,10,9,9.4,,4.2,,14.6,,0,,,M,,M,,,20,,35,,0,,8.6,,,,,
-52.78333888888889,47.513355555555556,ST JOHNS WEST CLIMATE,8403603,8403603.2016.10.10,2016-10-10 00:00:00,NL,2016,10,10,14.8,,13.3,,16.2,,13.5,,,M,,M,,,20,,65,,0,,3.2,,,,,
-52.78333888888889,47.513355555555556,ST JOHNS WEST CLIMATE,8403603,8403603.2016.10.11,2016-10-11 00:00:00,NL,2016,10,11,10.6,,3.7,,17.5,,6.3,,,M,,M,,,34,,72,,0,,7.4,,,,,
-52.78333888888889,47.513355555555556,ST JOHNS WEST CLIMATE,8403603,8403603.2016.10.12,2016-10-12 00:00:00,NL,2016,10,12,8.3,,2,,14.5,,0,,,M,,M,,,0,,0,,0,,9.7,,,,,
-52.78333888888889,47.513355555555556,ST JOHNS WEST CLIMATE,8403603,8403603.2016.10.13,2016-10-13 00:00:00,NL,2016,10,13,10.4,,3.4,,17.4,,0,,,M,,M,,,0,,0,,0,,7.6,,,,,
-52.78333888888889,47.513355555555556,ST JOHNS WEST CLIMATE,8403603,8403603.2016.10.14,2016-10-14 00:00:00,NL,2016,10,14,11,,7.6,,14.3,,0,,,M,,M,,,21,,35,,0,,7,,,,,
-52.78333888888889,47.513355555555556,ST JOHNS WEST CLIMATE,8403603,8403603.2016.10.15,2016-10-15 00:00:00,NL,2016,10,15,7.8,,3,,12.6,,3.7,,,M,,M,,,36,,50,,0,,10.2,,,,,
-52.78333888888889,47.513355555555556,ST JOHNS WEST CLIMATE,8403603,8403603.2016.10.16,2016-10-16 00:00:00,NL,2016,10,16,5.6,,3.2,,7.9,,0,,,M,,M,,,5,,39,,0,,12.4,,,,,
-52.78333888888889,47.513355555555556,ST JOHNS WEST CLIMATE,8403603,8403603.2016.10.17,2016-10-17 00:00:00,NL,2016,10,17,6.9,,2.2,,11.6,,1.5,,,M,,M,,,0,,0,,0,,11.1,,,,,
-52.78333888888889,47.513355555555556,ST JOHNS WEST CLIMATE,8403603,8403603.2016.10.18,2016-10-18 00:00:00,NL,2016,10,18,5.5,,2,,9,,2,,,M,,M,,,34,,44,,0,,12.5,,,,,
-52.78333888888889,47.513355555555556,ST JOHNS WEST CLIMATE,8403603,8403603.2016.10.19,2016-10-19 00:00:00,NL,2016,10,19,8.3,,1.2,,15.3,,7.6,,,M,,M,,,19,,56,,0,,9.7,,,,,
-52.78333888888889,47.513355555555556,ST JOHNS WEST CLIMATE,8403603,8403603.2016.10.20,2016-10-20 00:00:00,NL,2016,10,20,4.4,,-1.5,,10.2,,0,,,M,,M,,,29,,59,,0,,13.6,,,,,
-52.78333888888889,47.513355555555556,ST JOHNS WEST CLIMATE,8403603,8403603.2016.10.21,2016-10-21 00:00:00,NL,2016,10,21,2.5,,-2.7,,7.6,,0,,,M,,M,,,0,,0,,0,,15.5,,,,,
-52.78333888888889,47.513355555555556,ST JOHNS WEST CLIMATE,8403603,8403603.2016.10.22,2016-10-22 00:00:00,NL,2016,10,22,13.5,,7,,20,,21.9,,,M,,M,,,21,,46,,0,,4.5,,,,,
-52.78333888888889,47.513355555555556,ST JOHNS WEST CLIMATE,8403603,8403603.2016.10.23,2016-10-23 00:00:00,NL,2016,10,23,16,,10.9,,21,,6.8,,,M,,M,,,22,,48,,0,,2,,,,,
-52.78333888888889,47.513355555555556,ST JOHNS WEST CLIMATE,8403603,8403603.2016.10.24,2016-10-24 00:00:00,NL,2016,10,24,8.8,,6,,11.5,,2.5,,,M,,M,,,22,,70,,0,,9.2,,,,,
-52.78333888888889,47.513355555555556,ST JOHNS WEST CLIMATE,8403603,8403603.2016.10.25,2016-10-25 00:00:00,NL,2016,10,25,6.7,,0.8,,12.6,,1.3,,,M,,M,,,25,,43,,0,,11.3,,,,,
-52.78333888888889,47.513355555555556,ST JOHNS WEST CLIMATE,8403603,8403603.2016.10.26,2016-10-26 00:00:00,NL,2016,10,26,3.4,,-0.1,,6.8,,2.3,,,M,,M,,,0,,0,,0,,14.6,,,,,
-52.78333888888889,47.513355555555556,ST JOHNS WEST CLIMATE,8403603,8403603.2016.10.27,2016-10-27 00:00:00,NL,2016,10,27,3,,1.2,,4.7,,13,,,M,,M,,,2,,50,,0,,15,,,,,
-52.78333888888889,47.513355555555556,ST JOHNS WEST CLIMATE,8403603,8403603.2016.10.28,2016-10-28 00:00:00,NL,2016,10,28,0.5,,-1.7,,2.6,,0.6,,,M,,M,,,0,,0,,0,,17.5,,,,,
-52.78333888888889,47.513355555555556,ST JOHNS WEST CLIMATE,8403603,8403603.2016.10.29,2016-10-29 00:00:00,NL,2016,10,29,4.2,,-0.5,,8.8,,24.4,,,M,,M,,,11,,61,,0,,13.8,,,,,
-52.78333888888889,47.513355555555556,ST JOHNS WEST CLIMATE,8403603,8403603.2016.10.30,2016-10-30 00:00:00,NL,2016,10,30,10.4,,7,,13.8,,4.1,,,M,,M,,,12,,46,,0,,7.6,,,,,
-52.78333888888889,47.513355555555556,ST JOHNS WEST CLIMATE,8403603,8403603.2016.10.31,2016-10-31 00:00:00,NL,2016,10,31,5.8,,3.3,,8.3,,0.4,,,M,,M,,,26,,39,,0,,12.2,,,,,
-52.78333888888889,47.513355555555556,ST JOHNS WEST CLIMATE,8403603,8403603.2016.11.1,2016-11-01 00:00:00,NL,2016,11,1,4.9,,3.4,,6.4,,15,,,M,,M,,,5,,44,,0,,13.1,,,,,
-52.78333888888889,47.513355555555556,ST JOHNS WEST CLIMATE,8403603,8403603.2016.11.2,2016-11-02 00:00:00,NL,2016,11,2,9.6,,6.4,,12.7,,2,,,M,,M,,,13,,43,,0,,8.4,,,,,
-52.78333888888889,47.513355555555556,ST JOHNS WEST CLIMATE,8403603,8403603.2016.11.3,2016-11-03 00:00:00,NL,2016,11,3,9.8,,5.7,,13.9,,4.1,,,M,,M,,,13,,39,,0,,8.2,,,,,
-52.78333888888889,47.513355555555556,ST JOHNS WEST CLIMATE,8403603,8403603.2016.11.4,2016-11-04 00:00:00,NL,2016,11,4,8.5,,5.7,,11.2,,1.2,,,M,,M,,,15,,35,,0,,9.5,,,,,
-52.78333888888889,47.513355555555556,ST JOHNS WEST CLIMATE,8403603,8403603.2016.11.5,2016-11-05 00:00:00,NL,2016,11,5,7,,2.8,,11.2,,0.8,,,M,,M,,,28,,41,,0,,11,,,,,
-52.78333888888889,47.513355555555556,ST JOHNS WEST CLIMATE,8403603,8403603.2016.11.6,2016-11-06 00:00:00,NL,2016,11,6,1.5,,-1,,3.9,,0,,,M,,M,,,0,,0,,0,,16.5,,,,,
-52.78333888888889,47.513355555555556,ST JOHNS WEST CLIMATE,8403603,8403603.2016.11.7,2016-11-07 00:00:00,NL,2016,11,7,2.7,,-1,,6.4,,0,,,M,,M,,,0,,0,,0,,15.3,,,,,
-52.78333888888889,47.513355555555556,ST JOHNS WEST CLIMATE,8403603,8403603.2016.11.8,2016-11-08 00:00:00,NL,2016,11,8,4.1,,-1.7,,9.9,,0,,,M,,M,,,0,,0,,0,,13.9,,,,,
-52.78333888888889,47.513355555555556,ST JOHNS WEST CLIMATE,8403603,8403603.2016.11.9,2016-11-09 00:00:00,NL,2016,11,9,4.5,,0.6,,8.4,,8.9,,,M,,M,,,32,,32,,0,,13.5,,,,,
-52.78333888888889,47.513355555555556,ST JOHNS WEST CLIMATE,8403603,8403603.2016.11.10,2016-11-10 00:00:00,NL,2016,11,10,5.5,,2.9,,8.1,,0,,,M,,M,,,26,,33,,0,,12.5,,,,,
-52.78333888888889,47.513355555555556,ST JOHNS WEST CLIMATE,8403603,8403603.2016.11.11,2016-11-11 00:00:00,NL,2016,11,11,7,,2.8,,11.2,,0,,,M,,M,,,21,,41,,0,,11,,,,,
-52.78333888888889,47.513355555555556,ST JOHNS WEST CLIMATE,8403603,8403603.2016.11.12,2016-11-12 00:00:00,NL,2016,11,12,4.2,,-1.9,,10.3,,0,,,M,,M,,,28,,48,,0,,13.8,,,,,
-52.78333888888889,47.513355555555556,ST JOHNS WEST CLIMATE,8403603,8403603.2016.11.13,2016-11-13 00:00:00,NL,2016,11,13,4,,-0.8,,8.7,,1.1,,,M,,M,,,25,,50,,0,,14,,,,,
-52.78333888888889,47.513355555555556,ST JOHNS WEST CLIMATE,8403603,8403603.2016.11.14,2016-11-14 00:00:00,NL,2016,11,14,5.7,,1.1,,10.3,,0,,,M,,M,,,24,,50,,0,,12.3,,,,,
-52.78333888888889,47.513355555555556,ST JOHNS WEST CLIMATE,8403603,8403603.2016.11.15,2016-11-15 00:00:00,NL,2016,11,15,7.2,,1.6,,12.8,,0,,,M,,M,,,0,,0,,0,,10.8,,,,,
-52.78333888888889,47.513355555555556,ST JOHNS WEST CLIMATE,8403603,8403603.2016.11.16,2016-11-16 00:00:00,NL,2016,11,16,6.7,,5.2,,8.1,,18.8,,,M,,M,,,6,,37,,0,,11.3,,,,,
-52.78333888888889,47.513355555555556,ST JOHNS WEST CLIMATE,8403603,8403603.2016.11.17,2016-11-17 00:00:00,NL,2016,11,17,12.7,,7.9,,17.5,,2.4,,,M,,M,,,21,,33,,0,,5.3,,,,,
-52.78333888888889,47.513355555555556,ST JOHNS WEST CLIMATE,8403603,8403603.2016.11.18,2016-11-18 00:00:00,NL,2016,11,18,13.1,,9.8,,16.3,,8.7,,,M,,M,,,23,,32,,0,,4.9,,,,,
-52.78333888888889,47.513355555555556,ST JOHNS WEST CLIMATE,8403603,8403603.2016.11.19,2016-11-19 00:00:00,NL,2016,11,19,7.7,,5.5,,9.8,,27.5,,,M,,M,,,0,,0,,0,,10.3,,,,,
-52.78333888888889,47.513355555555556,ST JOHNS WEST CLIMATE,8403603,8403603.2016.11.20,2016-11-20 00:00:00,NL,2016,11,20,11.4,,8.5,,14.2,,29.1,,,M,,M,,,18,,41,,0,,6.6,,,,,
-52.78333888888889,47.513355555555556,ST JOHNS WEST CLIMATE,8403603,8403603.2016.11.21,2016-11-21 00:00:00,NL,2016,11,21,12.8,,11,,14.6,,10.2,,,M,,M,,,18,,37,,0,,5.2,,,,,
-52.78333888888889,47.513355555555556,ST JOHNS WEST CLIMATE,8403603,8403603.2016.11.22,2016-11-22 00:00:00,NL,2016,11,22,12.7,,9.7,,15.6,,17.7,,,M,,M,,,0,,0,,0,,5.3,,,,,
-52.78333888888889,47.513355555555556,ST JOHNS WEST CLIMATE,8403603,8403603.2016.11.23,2016-11-23 00:00:00,NL,2016,11,23,5.5,,0.1,,10.8,,2.1,,,M,,M,,,25,,39,,0,,12.5,,,,,
-52.78333888888889,47.513355555555556,ST JOHNS WEST CLIMATE,8403603,8403603.2016.11.24,2016-11-24 00:00:00,NL,2016,11,24,1.8,,-0.2,,3.8,,5.9,,,M,,M,,,1,,43,,0,,16.2,,,,,
-52.78333888888889,47.513355555555556,ST JOHNS WEST CLIMATE,8403603,8403603.2016.11.25,2016-11-25 00:00:00,NL,2016,11,25,0.2,,-1.5,,1.9,,0.5,,,M,,M,,,34,,54,,0,,17.8,,,,,
-52.78333888888889,47.513355555555556,ST JOHNS WEST CLIMATE,8403603,8403603.2016.11.26,2016-11-26 00:00:00,NL,2016,11,26,-1.7,,-3.3,,-0.1,,0,,,M,,M,,,0,,0,,0,,19.7,,,,,
-52.78333888888889,47.513355555555556,ST JOHNS WEST CLIMATE,8403603,8403603.2016.11.27,2016-11-27 00:00:00,NL,2016,11,27,3.7,,-2.1,,9.5,,44,,,M,,M,,,13,,72,,0,,14.3,,,,,
-52.78333888888889,47.513355555555556,ST JOHNS WEST CLIMATE,8403603,8403603.2016.11.28,2016-11-28 00:00:00,NL,2016,11,28,5.6,,2.4,,8.8,,0.6,,,M,,M,,,19,,43,,0,,12.4,,,,,
-52.78333888888889,47.513355555555556,ST JOHNS WEST CLIMATE,8403603,8403603.2016.11.29,2016-11-29 00:00:00,NL,2016,11,29,2,,0.2,,3.7,,7.2,,,M,,M,,,33,,46,,0,,16,,,,,
-52.78333888888889,47.513355555555556,ST JOHNS WEST CLIMATE,8403603,8403603.2016.11.30,2016-11-30 00:00:00,NL,2016,11,30,-0.4,,-1.3,,0.6,,0.7,,,M,,M,,,34,,41,,0,,18.4,,,,,
-52.78333888888889,47.513355555555556,ST JOHNS WEST CLIMATE,8403603,8403603.2016.12.1,2016-12-01 00:00:00,NL,2016,12,1,-0.5,,-1.7,,0.7,,0.2,,,M,,M,,,11,,33,,0,,18.5,,,,,
-52.78333888888889,47.513355555555556,ST JOHNS WEST CLIMATE,8403603,8403603.2016.12.2,2016-12-02 00:00:00,NL,2016,12,2,1.5,,0.2,,2.8,,25.9,,,M,,M,,,9,,46,,0,,16.5,,,,,
-52.78333888888889,47.513355555555556,ST JOHNS WEST CLIMATE,8403603,8403603.2016.12.3,2016-12-03 00:00:00,NL,2016,12,3,1.8,,0.6,,2.9,,35.6,,,M,,M,,,5,,50,,0,,16.2,,,,,
-52.78333888888889,47.513355555555556,ST JOHNS WEST CLIMATE,8403603,8403603.2016.12.4,2016-12-04 00:00:00,NL,2016,12,4,-0.4,,-1.9,,1.2,,1.9,,,M,,M,,,2,,50,,0,,18.4,,,,,
-52.78333888888889,47.513355555555556,ST JOHNS WEST CLIMATE,8403603,8403603.2016.12.5,2016-12-05 00:00:00,NL,2016,12,5,-3.6,,-5.5,,-1.7,,0,,,M,,M,,,32,,35,,0,,21.6,,,,,
-52.78333888888889,47.513355555555556,ST JOHNS WEST CLIMATE,8403603,8403603.2016.12.6,2016-12-06 00:00:00,NL,2016,12,6,-5,,-5.7,,-4.3,,0,,,M,,M,,,32,,43,,0,,23,,,,,
-52.78333888888889,47.513355555555556,ST JOHNS WEST CLIMATE,8403603,8403603.2016.12.7,2016-12-07 00:00:00,NL,2016,12,7,-5,,-6.5,,-3.5,,0,,,M,,M,,,30,,50,,0,,23,,,,,
-52.78333888888889,47.513355555555556,ST JOHNS WEST CLIMATE,8403603,8403603.2016.12.8,2016-12-08 00:00:00,NL,2016,12,8,-2.1,,-6.3,,2.1,,0,,,M,,M,,,0,,0,,0,,20.1,,,,,
-52.78333888888889,47.513355555555556,ST JOHNS WEST CLIMATE,8403603,8403603.2016.12.9,2016-12-09 00:00:00,NL,2016,12,9,0.2,,-2.2,,2.5,,18.2,,,M,,M,,,26,,54,,0,,17.8,,,,,
-52.78333888888889,47.513355555555556,ST JOHNS WEST CLIMATE,8403603,8403603.2016.12.10,2016-12-10 00:00:00,NL,2016,12,10,-3.2,,-5.8,,-0.5,,0,,,M,,M,,,25,,39,,0,,21.2,,,,,
-52.78333888888889,47.513355555555556,ST JOHNS WEST CLIMATE,8403603,8403603.2016.12.11,2016-12-11 00:00:00,NL,2016,12,11,-6.6,,-9.2,,-4,,0,,,M,,M,,,28,,61,,0,,24.6,,,,,
-52.78333888888889,47.513355555555556,ST JOHNS WEST CLIMATE,8403603,8403603.2016.12.12,2016-12-12 00:00:00,NL,2016,12,12,-7.8,,-8.8,,-6.7,,1.4,,,M,,M,,,27,,54,,0,,25.8,,,,,
-52.78333888888889,47.513355555555556,ST JOHNS WEST CLIMATE,8403603,8403603.2016.12.13,2016-12-13 00:00:00,NL,2016,12,13,-4.2,,-6.8,,-1.6,,8.4,,,M,,M,,,5,,57,,0,,22.2,,,,,
-52.78333888888889,47.513355555555556,ST JOHNS WEST CLIMATE,8403603,8403603.2016.12.14,2016-12-14 00:00:00,NL,2016,12,14,-5.2,,-11.2,,0.8,,2.5,,,M,,M,,,13,,54,,0,,23.2,,,,,
-52.78333888888889,47.513355555555556,ST JOHNS WEST CLIMATE,8403603,8403603.2016.12.15,2016-12-15 00:00:00,NL,2016,12,15,-4,,-8.7,,0.7,,8.8,,,M,,M,,,10,,63,,0,,22,,,,,
-52.78333888888889,47.513355555555556,ST JOHNS WEST CLIMATE,8403603,8403603.2016.12.16,2016-12-16 00:00:00,NL,2016,12,16,-3.7,,-8.8,,1.5,,4.9,,,M,,M,,,25,,91,,0,,21.7,,,,,
-52.78333888888889,47.513355555555556,ST JOHNS WEST CLIMATE,8403603,8403603.2016.12.17,2016-12-17 00:00:00,NL,2016,12,17,-7.5,,-10,,-4.9,,0,,,M,,M,,,29,,72,,0,,25.5,,,,,
-52.78333888888889,47.513355555555556,ST JOHNS WEST CLIMATE,8403603,8403603.2016.12.18,2016-12-18 00:00:00,NL,2016,12,18,2.6,,-5.6,,10.7,,8.7,,,M,,M,,,24,,83,,0,,15.4,,,,,
-52.78333888888889,47.513355555555556,ST JOHNS WEST CLIMATE,8403603,8403603.2016.12.19,2016-12-19 00:00:00,NL,2016,12,19,-0.1,,-9.7,,9.5,,0.6,,,M,,M,,,25,,82,,0,,18.1,,,,,
-52.78333888888889,47.513355555555556,ST JOHNS WEST CLIMATE,8403603,8403603.2016.12.20,2016-12-20 00:00:00,NL,2016,12,20,-6.6,,-10.6,,-2.6,,0,,,M,,M,,,0,,0,,0,,24.6,,,,,
-52.78333888888889,47.513355555555556,ST JOHNS WEST CLIMATE,8403603,8403603.2016.12.21,2016-12-21 00:00:00,NL,2016,12,21,,M,-5.9,E,,M,,M,,M,,M,,,19,,50,,,M,,M,,,,
-52.78333888888889,47.513355555555556,ST JOHNS WEST CLIMATE,8403603,8403603.2016.12.22,2016-12-22 00:00:00,NL,2016,12,22,-0.8,,-2.6,,1,,0,,,M,,M,3,,29,,54,,0,,18.8,,,,,
-52.78333888888889,47.513355555555556,ST JOHNS WEST CLIMATE,8403603,8403603.2016.12.23,2016-12-23 00:00:00,NL,2016,12,23,-2.5,,-5.6,,0.6,,6.6,,,M,,M,3,,33,,54,,0,,20.5,,,,,
-52.78333888888889,47.513355555555556,ST JOHNS WEST CLIMATE,8403603,8403603.2016.12.24,2016-12-24 00:00:00,NL,2016,12,24,-2.5,,-7.9,,3,,1.5,,,M,,M,21,,25,,37,,0,,20.5,,,,,
-52.78333888888889,47.513355555555556,ST JOHNS WEST CLIMATE,8403603,8403603.2016.12.25,2016-12-25 00:00:00,NL,2016,12,25,1.5,,-2.8,,5.8,,17.4,,,M,,M,14,,36,,63,,0,,16.5,,,,,
-52.78333888888889,47.513355555555556,ST JOHNS WEST CLIMATE,8403603,8403603.2016.12.26,2016-12-26 00:00:00,NL,2016,12,26,-6.6,,-10.7,,-2.5,,1,,,M,,M,15,,34,,63,,0,,24.6,,,,,
-52.78333888888889,47.513355555555556,ST JOHNS WEST CLIMATE,8403603,8403603.2016.12.27,2016-12-27 00:00:00,NL,2016,12,27,-3.8,,-11.7,,4.1,,6.1,,,M,,M,11,,16,,69,,0,,21.8,,,,,
-52.78333888888889,47.513355555555556,ST JOHNS WEST CLIMATE,8403603,8403603.2016.12.28,2016-12-28 00:00:00,NL,2016,12,28,-0.4,,-2.8,,2,,0.5,,,M,,M,14,,29,,44,,0,,18.4,,,,,
-52.78333888888889,47.513355555555556,ST JOHNS WEST CLIMATE,8403603,8403603.2016.12.29,2016-12-29 00:00:00,NL,2016,12,29,-3.6,,-6.1,,-1,,0.2,,,M,,M,14,,3,,32,,0,,21.6,,,,,
-52.78333888888889,47.513355555555556,ST JOHNS WEST CLIMATE,8403603,8403603.2016.12.30,2016-12-30 00:00:00,NL,2016,12,30,0.1,,-4.5,,4.6,,24,,,M,,M,14,,13,,70,,0,,17.9,,,,,
-52.78333888888889,47.513355555555556,ST JOHNS WEST CLIMATE,8403603,8403603.2016.12.31,2016-12-31 00:00:00,NL,2016,12,31,1.4,,-1.2,,3.9,,31.7,,,M,,M,10,,31,,41,,0,,16.6,,,,,
-52.78333888888889,47.513355555555556,ST JOHNS WEST CLIMATE,8403603,8403603.2017.1.1,2017-01-01 00:00:00,NL,2017,1,1,-2.2,,-4,,-0.3,,0,,,M,,M,10,,14,,44,,0,,20.2,,,,,
-52.78333888888889,47.513355555555556,ST JOHNS WEST CLIMATE,8403603,8403603.2017.1.2,2017-01-02 00:00:00,NL,2017,1,2,-0.7,,-1.4,,0.1,,16.8,,,M,,M,12,,33,,48,,0,,18.7,,,,,
-52.78333888888889,47.513355555555556,ST JOHNS WEST CLIMATE,8403603,8403603.2017.1.3,2017-01-03 00:00:00,NL,2017,1,3,-2.9,,-4.6,,-1.1,,0,,,M,,M,31,,29,,44,,0,,20.9,,,,,
-52.78333888888889,47.513355555555556,ST JOHNS WEST CLIMATE,8403603,8403603.2017.1.4,2017-01-04 00:00:00,NL,2017,1,4,-2.2,,-4.6,,0.3,,1.6,,,M,,M,30,,14,,56,,0,,20.2,,,,,
-52.78333888888889,47.513355555555556,ST JOHNS WEST CLIMATE,8403603,8403603.2017.1.5,2017-01-05 00:00:00,NL,2017,1,5,3.4,,0.1,,6.6,,7.9,,,M,,M,27,,24,,56,,0,,14.6,,,,,
-52.78333888888889,47.513355555555556,ST JOHNS WEST CLIMATE,8403603,8403603.2017.1.6,2017-01-06 00:00:00,NL,2017,1,6,1,,-0.5,,2.4,,9.9,,,M,,M,15,,25,,44,,0,,17,,,,,
-52.78333888888889,47.513355555555556,ST JOHNS WEST CLIMATE,8403603,8403603.2017.1.7,2017-01-07 00:00:00,NL,2017,1,7,-3.4,,-7.4,,0.6,,15.4,,,M,,M,17,,29,,48,,0,,21.4,,,,,
-52.78333888888889,47.513355555555556,ST JOHNS WEST CLIMATE,8403603,8403603.2017.1.8,2017-01-08 00:00:00,NL,2017,1,8,1.4,,-6,,8.7,,19.1,,,M,,M,17,,14,,67,,0,,16.6,,,,,
-52.78333888888889,47.513355555555556,ST JOHNS WEST CLIMATE,8403603,8403603.2017.1.9,2017-01-09 00:00:00,NL,2017,1,9,-5.5,,-9.7,,-1.2,,1.2,,,M,,M,18,,28,,46,,0,,23.5,,,,,
-52.78333888888889,47.513355555555556,ST JOHNS WEST CLIMATE,8403603,8403603.2017.1.10,2017-01-10 00:00:00,NL,2017,1,10,-9.2,,-12.7,,-5.6,,0,,,M,,M,20,,29,,44,,0,,27.2,,,,,
-52.78333888888889,47.513355555555556,ST JOHNS WEST CLIMATE,8403603,8403603.2017.1.11,2017-01-11 00:00:00,NL,2017,1,11,-7.3,,-12.9,,-1.7,,0,,,M,,M,19,,0,,0,,0,,25.3,,,,,
-52.78333888888889,47.513355555555556,ST JOHNS WEST CLIMATE,8403603,8403603.2017.1.12,2017-01-12 00:00:00,NL,2017,1,12,0.3,,-2.8,,3.3,,1.3,,,M,,M,20,,17,,37,,0,,17.7,,,,,
-52.78333888888889,47.513355555555556,ST JOHNS WEST CLIMATE,8403603,8403603.2017.1.13,2017-01-13 00:00:00,NL,2017,1,13,1.7,,-4.9,,8.2,,5.7,,,M,,M,16,,28,,59,,0,,16.3,,,,,
-52.78333888888889,47.513355555555556,ST JOHNS WEST CLIMATE,8403603,8403603.2017.1.14,2017-01-14 00:00:00,NL,2017,1,14,-8.4,,-11.8,,-4.9,,0,,,M,,M,4,,27,,63,,0,,26.4,,,,,
-52.78333888888889,47.513355555555556,ST JOHNS WEST CLIMATE,8403603,8403603.2017.1.15,2017-01-15 00:00:00,NL,2017,1,15,-8.1,,-12,,-4.1,,15.2,,,M,,M,5,,1,,46,,0,,26.1,,,,,
-52.78333888888889,47.513355555555556,ST JOHNS WEST CLIMATE,8403603,8403603.2017.1.16,2017-01-16 00:00:00,NL,2017,1,16,-12.5,,-18.5,,-6.4,,0.9,,,M,,M,35,,35,,56,,0,,30.5,,,,,
-52.78333888888889,47.513355555555556,ST JOHNS WEST CLIMATE,8403603,8403603.2017.1.17,2017-01-17 00:00:00,NL,2017,1,17,-7.4,,-13.6,,-1.2,,2.4,,,M,,M,29,,18,,44,,0,,25.4,,,,,
-52.78333888888889,47.513355555555556,ST JOHNS WEST CLIMATE,8403603,8403603.2017.1.18,2017-01-18 00:00:00,NL,2017,1,18,-3.3,,-5.5,,-1,,0.9,,,M,,M,32,,1,,43,,0,,21.3,,,,,
-52.78333888888889,47.513355555555556,ST JOHNS WEST CLIMATE,8403603,8403603.2017.1.19,2017-01-19 00:00:00,NL,2017,1,19,-6.5,,-11.9,,-1,,0.2,,,M,,M,27,,0,,0,,0,,24.5,,,,,
-52.78333888888889,47.513355555555556,ST JOHNS WEST CLIMATE,8403603,8403603.2017.1.20,2017-01-20 00:00:00,NL,2017,1,20,-4.4,,-6.9,,-1.9,,2.3,,,M,,M,25,,1,,63,,0,,22.4,,,,,
-52.78333888888889,47.513355555555556,ST JOHNS WEST CLIMATE,8403603,8403603.2017.1.21,2017-01-21 00:00:00,NL,2017,1,21,-2.8,,-4,,-1.5,,13.2,,,M,,M,27,,32,,78,,0,,20.8,,,,,
-52.78333888888889,47.513355555555556,ST JOHNS WEST CLIMATE,8403603,8403603.2017.1.22,2017-01-22 00:00:00,NL,2017,1,22,-3.9,,-5.3,,-2.5,,1.3,,,M,,M,42,,29,,52,,0,,21.9,,,,,
-52.78333888888889,47.513355555555556,ST JOHNS WEST CLIMATE,8403603,8403603.2017.1.23,2017-01-23 00:00:00,NL,2017,1,23,-8.7,,-12.4,,-4.9,,2.1,,,M,,M,41,,32,,39,,0,,26.7,,,,,
-52.78333888888889,47.513355555555556,ST JOHNS WEST CLIMATE,8403603,8403603.2017.1.24,2017-01-24 00:00:00,NL,2017,1,24,-8.4,,-15.2,,-1.6,,0,,,M,,M,45,,0,,0,,0,,26.4,,,,,
-52.78333888888889,47.513355555555556,ST JOHNS WEST CLIMATE,8403603,8403603.2017.1.25,2017-01-25 00:00:00,NL,2017,1,25,-7,,-13.4,,-0.6,,0.3,,,M,,M,44,,9,,46,,0,,25,,,,,
-52.78333888888889,47.513355555555556,ST JOHNS WEST CLIMATE,8403603,8403603.2017.1.26,2017-01-26 00:00:00,NL,2017,1,26,1.7,,-0.7,,4,,35.1,,,M,,M,39,,11,,59,,0,,16.3,,,,,
-52.78333888888889,47.513355555555556,ST JOHNS WEST CLIMATE,8403603,8403603.2017.1.27,2017-01-27 00:00:00,NL,2017,1,27,2.3,,-1.4,,5.9,,5.2,,,M,,M,33,,25,,72,,0,,15.7,,,,,
-52.78333888888889,47.513355555555556,ST JOHNS WEST CLIMATE,8403603,8403603.2017.1.28,2017-01-28 00:00:00,NL,2017,1,28,0,,-2.4,,2.4,,0.8,,,M,,M,30,,27,,56,,0,,18,,,,,
-52.78333888888889,47.513355555555556,ST JOHNS WEST CLIMATE,8403603,8403603.2017.1.29,2017-01-29 00:00:00,NL,2017,1,29,-1.1,,-2.7,,0.6,,0.2,,,M,,M,30,,26,,59,,0,,19.1,,,,,
-52.78333888888889,47.513355555555556,ST JOHNS WEST CLIMATE,8403603,8403603.2017.1.30,2017-01-30 00:00:00,NL,2017,1,30,-2,,-7.1,,3.1,,0.2,,,M,,M,29,,25,,35,,0,,20,,,,,
-52.78333888888889,47.513355555555556,ST JOHNS WEST CLIMATE,8403603,8403603.2017.1.31,2017-01-31 00:00:00,NL,2017,1,31,-5.6,,-8.1,,-3.1,,0,,,M,,M,31,,35,,35,,0,,23.6,,,,,
-52.78333888888889,47.513355555555556,ST JOHNS WEST CLIMATE,8403603,8403603.2017.2.1,2017-02-01 00:00:00,NL,2017,2,1,-7.1,,-11.3,,-2.9,,0,,,M,,M,31,,29,,32,,0,,25.1,,,,,
-52.78333888888889,47.513355555555556,ST JOHNS WEST CLIMATE,8403603,8403603.2017.2.2,2017-02-02 00:00:00,NL,2017,2,2,-7.1,,-10.1,,-4.1,,0,,,M,,M,31,,0,,0,,0,,25.1,,,,,
-52.78333888888889,47.513355555555556,ST JOHNS WEST CLIMATE,8403603,8403603.2017.2.3,2017-02-03 00:00:00,NL,2017,2,3,-6,,-11.5,,-0.5,,0.9,,,M,,M,31,,25,,48,,0,,24,,,,,
-52.78333888888889,47.513355555555556,ST JOHNS WEST CLIMATE,8403603,8403603.2017.2.4,2017-02-04 00:00:00,NL,2017,2,4,-10.1,,-12.6,,-7.5,,0,,,M,,M,30,,28,,48,,0,,28.1,,,,,
-52.78333888888889,47.513355555555556,ST JOHNS WEST CLIMATE,8403603,8403603.2017.2.5,2017-02-05 00:00:00,NL,2017,2,5,-12,,-13.6,,-10.4,,0,,,M,,M,31,,30,,63,,0,,30,,,,,
-52.78333888888889,47.513355555555556,ST JOHNS WEST CLIMATE,8403603,8403603.2017.2.6,2017-02-06 00:00:00,NL,2017,2,6,-5.4,,-12.7,,1.9,,6.7,,,M,,M,37,,23,,85,,0,,23.4,,,,,
-52.78333888888889,47.513355555555556,ST JOHNS WEST CLIMATE,8403603,8403603.2017.2.7,2017-02-07 00:00:00,NL,2017,2,7,-11.9,,-14.6,,-9.1,,0,,,M,,M,31,,28,,63,,0,,29.9,,,,,
-52.78333888888889,47.513355555555556,ST JOHNS WEST CLIMATE,8403603,8403603.2017.2.8,2017-02-08 00:00:00,NL,2017,2,8,-6.1,,-18,,5.9,,7.4,,,M,,M,31,,19,,54,,0,,24.1,,,,,
-52.78333888888889,47.513355555555556,ST JOHNS WEST CLIMATE,8403603,8403603.2017.2.9,2017-02-09 00:00:00,NL,2017,2,9,1.2,,-3.8,,6.2,,4.9,,,M,,M,32,,11,,37,,0,,16.8,,,,,
-52.78333888888889,47.513355555555556,ST JOHNS WEST CLIMATE,8403603,8403603.2017.2.10,2017-02-10 00:00:00,NL,2017,2,10,2.7,,-3.9,,9.2,,9.1,,,M,,M,30,,24,,74,,0,,15.3,,,,,
-52.78333888888889,47.513355555555556,ST JOHNS WEST CLIMATE,8403603,8403603.2017.2.11,2017-02-11 00:00:00,NL,2017,2,11,-6,,-8.4,,-3.5,,0.2,,,M,,M,28,,23,,39,,0,,24,,,,,
-52.78333888888889,47.513355555555556,ST JOHNS WEST CLIMATE,8403603,8403603.2017.2.12,2017-02-12 00:00:00,NL,2017,2,12,-7.1,,-8.7,,-5.5,,0.3,,,M,,M,28,,0,,0,,0,,25.1,,,,,
-52.78333888888889,47.513355555555556,ST JOHNS WEST CLIMATE,8403603,8403603.2017.2.13,2017-02-13 00:00:00,NL,2017,2,13,-5.1,,-8.1,,-2,,0.2,,,M,,M,29,,4,,54,,0,,23.1,,,,,
-52.78333888888889,47.513355555555556,ST JOHNS WEST CLIMATE,8403603,8403603.2017.2.14,2017-02-14 00:00:00,NL,2017,2,14,-1.4,,-2.7,,-0.1,,13.4,,,M,,M,28,,4,,74,,0,,19.4,,,,,
-52.78333888888889,47.513355555555556,ST JOHNS WEST CLIMATE,8403603,8403603.2017.2.15,2017-02-15 00:00:00,NL,2017,2,15,-1.3,,-1.9,,-0.6,,6.2,,,M,,M,29,,31,,61,,0,,19.3,,,,,
-52.78333888888889,47.513355555555556,ST JOHNS WEST CLIMATE,8403603,8403603.2017.2.16,2017-02-16 00:00:00,NL,2017,2,16,-1.9,,-3.8,,0,,6.8,,,M,,M,47,,12,,43,,0,,19.9,,,,,
-52.78333888888889,47.513355555555556,ST JOHNS WEST CLIMATE,8403603,8403603.2017.2.17,2017-02-17 00:00:00,NL,2017,2,17,-0.9,,-2.1,,0.3,,3.4,,,M,,M,45,,22,,37,,0,,18.9,,,,,
-52.78333888888889,47.513355555555556,ST JOHNS WEST CLIMATE,8403603,8403603.2017.2.18,2017-02-18 00:00:00,NL,2017,2,18,-1.3,,-2.6,,0,,0.9,,,M,,M,46,,25,,59,,0,,19.3,,,,,
-52.78333888888889,47.513355555555556,ST JOHNS WEST CLIMATE,8403603,8403603.2017.2.19,2017-02-19 00:00:00,NL,2017,2,19,0.1,,-2.6,,2.8,,8.5,,,M,,M,46,,26,,35,,0,,17.9,,,,,
-52.78333888888889,47.513355555555556,ST JOHNS WEST CLIMATE,8403603,8403603.2017.2.20,2017-02-20 00:00:00,NL,2017,2,20,-1.3,,-2.9,,0.3,,,M,,M,,M,45,,0,,0,,0,,19.3,,,,,
-52.78333888888889,47.513355555555556,ST JOHNS WEST CLIMATE,8403603,8403603.2017.2.21,2017-02-21 00:00:00,NL,2017,2,21,-3.6,,-5.3,,-1.9,,0.2,,,M,,M,42,,1,,35,,0,,21.6,,,,,
-52.78333888888889,47.513355555555556,ST JOHNS WEST CLIMATE,8403603,8403603.2017.2.22,2017-02-22 00:00:00,NL,2017,2,22,-3.9,,-5.3,,-2.4,,0.2,,,M,,M,44,,0,,0,,0,,21.9,,,,,
-52.78333888888889,47.513355555555556,ST JOHNS WEST CLIMATE,8403603,8403603.2017.2.23,2017-02-23 00:00:00,NL,2017,2,23,-0.9,,-3.1,,1.3,,0,,,M,,M,44,,33,,48,,0,,18.9,,,,,
-52.78333888888889,47.513355555555556,ST JOHNS WEST CLIMATE,8403603,8403603.2017.2.24,2017-02-24 00:00:00,NL,2017,2,24,1.8,,-1.9,,5.4,,3.6,,,M,,M,43,,28,,61,,0,,16.2,,,,,
-52.78333888888889,47.513355555555556,ST JOHNS WEST CLIMATE,8403603,8403603.2017.2.25,2017-02-25 00:00:00,NL,2017,2,25,0.1,,-1.7,,1.8,,3.8,,,M,,M,41,,26,,32,,0,,17.9,,,,,
-52.78333888888889,47.513355555555556,ST JOHNS WEST CLIMATE,8403603,8403603.2017.2.26,2017-02-26 00:00:00,NL,2017,2,26,3.6,,-0.9,,8.1,,10.2,,,M,,M,38,,22,,52,,0,,14.4,,,,,
-52.78333888888889,47.513355555555556,ST JOHNS WEST CLIMATE,8403603,8403603.2017.2.27,2017-02-27 00:00:00,NL,2017,2,27,-0.5,,-3.3,,2.4,,0,,,M,,M,29,,27,,63,,0,,18.5,,,,,
-52.78333888888889,47.513355555555556,ST JOHNS WEST CLIMATE,8403603,8403603.2017.2.28,2017-02-28 00:00:00,NL,2017,2,28,-3.5,,-6.8,,-0.2,,0,,,M,,M,29,,26,,57,,0,,21.5,,,,,
-52.78333888888889,47.513355555555556,ST JOHNS WEST CLIMATE,8403603,8403603.2017.3.1,2017-03-01 00:00:00,NL,2017,3,1,-2.4,,-6.9,,2.1,,3.3,,,M,,M,29,,18,,57,,0,,20.4,,,,,
-52.78333888888889,47.513355555555556,ST JOHNS WEST CLIMATE,8403603,8403603.2017.3.2,2017-03-02 00:00:00,NL,2017,3,2,4.6,,2.1,,7.1,,6.3,,,M,,M,27,,23,,59,,0,,13.4,,,,,
-52.78333888888889,47.513355555555556,ST JOHNS WEST CLIMATE,8403603,8403603.2017.3.3,2017-03-03 00:00:00,NL,2017,3,3,-1.8,,-6.3,,2.7,,0,,,M,,M,20,,26,,80,,0,,19.8,,,,,
-52.78333888888889,47.513355555555556,ST JOHNS WEST CLIMATE,8403603,8403603.2017.3.4,2017-03-04 00:00:00,NL,2017,3,4,-5.5,,-8.4,,-2.6,,0.2,,,M,,M,20,,25,,65,,0,,23.5,,,,,
-52.78333888888889,47.513355555555556,ST JOHNS WEST CLIMATE,8403603,8403603.2017.3.5,2017-03-05 00:00:00,NL,2017,3,5,-6.1,,-8.1,,-4.1,,2.9,,,M,,M,20,,23,,54,,0,,24.1,,,,,
-52.78333888888889,47.513355555555556,ST JOHNS WEST CLIMATE,8403603,8403603.2017.3.6,2017-03-06 00:00:00,NL,2017,3,6,-4.5,,-7.8,,-1.1,,2.2,,,M,,M,24,,5,,50,,0,,22.5,,,,,
-52.78333888888889,47.513355555555556,ST JOHNS WEST CLIMATE,8403603,8403603.2017.3.7,2017-03-07 00:00:00,NL,2017,3,7,-4.5,,-8,,-1,,0,,,M,,M,20,,32,,43,,0,,22.5,,,,,
-52.78333888888889,47.513355555555556,ST JOHNS WEST CLIMATE,8403603,8403603.2017.3.8,2017-03-08 00:00:00,NL,2017,3,8,-1.5,,-5.7,,2.8,,0.3,,,M,,M,20,,31,,35,,0,,19.5,,,,,
-52.78333888888889,47.513355555555556,ST JOHNS WEST CLIMATE,8403603,8403603.2017.3.9,2017-03-09 00:00:00,NL,2017,3,9,2.2,,-1,,5.4,,4.3,,,M,,M,21,,26,,46,,0,,15.8,,,,,
-52.78333888888889,47.513355555555556,ST JOHNS WEST CLIMATE,8403603,8403603.2017.3.10,2017-03-10 00:00:00,NL,2017,3,10,-2.5,,-5.9,,0.9,,0,,,M,,M,18,,24,,65,,0,,20.5,,,,,
-52.78333888888889,47.513355555555556,ST JOHNS WEST CLIMATE,8403603,8403603.2017.3.11,2017-03-11 00:00:00,NL,2017,3,11,-2.5,,-10,,5.1,,10.2,,,M,,M,20,,22,,126,,0,,20.5,,,,,
-52.78333888888889,47.513355555555556,ST JOHNS WEST CLIMATE,8403603,8403603.2017.3.12,2017-03-12 00:00:00,NL,2017,3,12,-8.3,,-10.4,,-6.1,,0,,,M,,M,18,,22,,65,,0,,26.3,,,,,
-52.78333888888889,47.513355555555556,ST JOHNS WEST CLIMATE,8403603,8403603.2017.3.13,2017-03-13 00:00:00,NL,2017,3,13,-2.8,,-6.1,,0.6,,0.2,,,M,,M,18,,25,,39,,0,,20.8,,,,,
-52.78333888888889,47.513355555555556,ST JOHNS WEST CLIMATE,8403603,8403603.2017.3.14,2017-03-14 00:00:00,NL,2017,3,14,-2,,-6,,2,,0,,,M,,M,18,,0,,0,,0,,20,,,,,
-52.78333888888889,47.513355555555556,ST JOHNS WEST CLIMATE,8403603,8403603.2017.3.15,2017-03-15 00:00:00,NL,2017,3,15,2,,-4.9,,8.9,,24.5,,,M,,M,18,,15,,57,,0,,16,,,,,
-52.78333888888889,47.513355555555556,ST JOHNS WEST CLIMATE,8403603,8403603.2017.3.16,2017-03-16 00:00:00,NL,2017,3,16,3.6,,-1.9,,9,,0.4,,,M,,M,12,,26,,48,,0,,14.4,,,,,
-52.78333888888889,47.513355555555556,ST JOHNS WEST CLIMATE,8403603,8403603.2017.3.17,2017-03-17 00:00:00,NL,2017,3,17,-0.1,,-3.8,,3.6,,2.4,,,M,,M,10,,25,,32,,0,,18.1,,,,,
-52.78333888888889,47.513355555555556,ST JOHNS WEST CLIMATE,8403603,8403603.2017.3.18,2017-03-18 00:00:00,NL,2017,3,18,-4.4,,-7.9,,-0.9,,2.7,,,M,,M,18,,0,,0,,0,,22.4,,,,,
-52.78333888888889,47.513355555555556,ST JOHNS WEST CLIMATE,8403603,8403603.2017.3.19,2017-03-19 00:00:00,NL,2017,3,19,-3.3,,-9.7,,3.2,,0,,,M,,M,14,,0,,0,,0,,21.3,,,,,
-52.78333888888889,47.513355555555556,ST JOHNS WEST CLIMATE,8403603,8403603.2017.3.20,2017-03-20 00:00:00,NL,2017,3,20,-1.4,,-2.8,,0.1,,14,,,M,,M,11,,11,,39,,0,,19.4,,,,,
-52.78333888888889,47.513355555555556,ST JOHNS WEST CLIMATE,8403603,8403603.2017.3.21,2017-03-21 00:00:00,NL,2017,3,21,3.1,,-0.2,,6.3,,9.4,,,M,,M,23,,18,,32,,0,,14.9,,,,,
-52.78333888888889,47.513355555555556,ST JOHNS WEST CLIMATE,8403603,8403603.2017.3.22,2017-03-22 00:00:00,NL,2017,3,22,1,,-1,,2.9,,7.6,,,M,,M,14,,13,,48,,0,,17,,,,,
-52.78333888888889,47.513355555555556,ST JOHNS WEST CLIMATE,8403603,8403603.2017.3.23,2017-03-23 00:00:00,NL,2017,3,23,-1.9,,-7.5,,3.8,,3.6,,,M,,M,22,,21,,52,,0,,19.9,,,,,
-52.78333888888889,47.513355555555556,ST JOHNS WEST CLIMATE,8403603,8403603.2017.3.24,2017-03-24 00:00:00,NL,2017,3,24,-8.7,,-11.8,,-5.5,,0.2,,,M,,M,15,,0,,0,,0,,26.7,,,,,
-52.78333888888889,47.513355555555556,ST JOHNS WEST CLIMATE,8403603,8403603.2017.3.25,2017-03-25 00:00:00,NL,2017,3,25,-5.8,,-13,,1.5,,0.2,,,M,,M,18,,22,,43,,0,,23.8,,,,,
-52.78333888888889,47.513355555555556,ST JOHNS WEST CLIMATE,8403603,8403603.2017.3.26,2017-03-26 00:00:00,NL,2017,3,26,-8.7,,-10.9,,-6.4,,0,,,M,,M,16,,30,,57,,0,,26.7,,,,,
-52.78333888888889,47.513355555555556,ST JOHNS WEST CLIMATE,8403603,8403603.2017.3.27,2017-03-27 00:00:00,NL,2017,3,27,-8.3,,-12.9,,-3.7,,0,,,M,,M,16,,31,,70,,0,,26.3,,,,,
-52.78333888888889,47.513355555555556,ST JOHNS WEST CLIMATE,8403603,8403603.2017.3.28,2017-03-28 00:00:00,NL,2017,3,28,-2.5,,-5.9,,0.9,,0,,,M,,M,16,,32,,61,,0,,20.5,,,,,
-52.78333888888889,47.513355555555556,ST JOHNS WEST CLIMATE,8403603,8403603.2017.3.29,2017-03-29 00:00:00,NL,2017,3,29,-0.1,,-2.2,,2.1,,0,,,M,,M,16,,32,,32,,0,,18.1,,,,,
-52.78333888888889,47.513355555555556,ST JOHNS WEST CLIMATE,8403603,8403603.2017.3.30,2017-03-30 00:00:00,NL,2017,3,30,-0.3,,-2.2,,1.6,,10.2,,,M,,M,15,,2,,65,,0,,18.3,,,,,
-52.78333888888889,47.513355555555556,ST JOHNS WEST CLIMATE,8403603,8403603.2017.3.31,2017-03-31 00:00:00,NL,2017,3,31,0.8,,-0.6,,2.2,,35.2,,,M,,M,10,,1,,82,,0,,17.2,,,,,
-52.78333888888889,47.513355555555556,ST JOHNS WEST CLIMATE,8403603,8403603.2017.4.1,2017-04-01 00:00:00,NL,2017,4,1,-1.1,,-2.3,,0.1,,2.1,,,M,,M,13,,34,,76,,0,,19.1,,,,,
-52.78333888888889,47.513355555555556,ST JOHNS WEST CLIMATE,8403603,8403603.2017.4.2,2017-04-02 00:00:00,NL,2017,4,2,-2.1,,-2.9,,-1.2,,4,,,M,,M,13,,6,,59,,0,,20.1,,,,,
-52.78333888888889,47.513355555555556,ST JOHNS WEST CLIMATE,8403603,8403603.2017.4.3,2017-04-03 00:00:00,NL,2017,4,3,-0.3,,-1.6,,1.1,,29.8,,,M,,M,22,,7,,70,,0,,18.3,,,,,
-52.78333888888889,47.513355555555556,ST JOHNS WEST CLIMATE,8403603,8403603.2017.4.4,2017-04-04 00:00:00,NL,2017,4,4,-0.7,,-1.4,,0.1,,2.9,,,M,,M,23,,35,,59,,0,,18.7,,,,,
-52.78333888888889,47.513355555555556,ST JOHNS WEST CLIMATE,8403603,8403603.2017.4.5,2017-04-05 00:00:00,NL,2017,4,5,-1.3,,-2.5,,0,,0.3,,,M,,M,23,,2,,54,,0,,19.3,,,,,
-52.78333888888889,47.513355555555556,ST JOHNS WEST CLIMATE,8403603,8403603.2017.4.6,2017-04-06 00:00:00,NL,2017,4,6,-1.4,,-5.3,,2.5,,0,,,M,,M,23,,0,,0,,0,,19.4,,,,,
-52.78333888888889,47.513355555555556,ST JOHNS WEST CLIMATE,8403603,8403603.2017.4.7,2017-04-07 00:00:00,NL,2017,4,7,-1.7,,-5.4,,2.1,,1.9,,,M,,M,22,,19,,44,,0,,19.7,,,,,
-52.78333888888889,47.513355555555556,ST JOHNS WEST CLIMATE,8403603,8403603.2017.4.8,2017-04-08 00:00:00,NL,2017,4,8,4.4,,2,,6.7,,15.5,,,M,,M,20,,18,,48,,0,,13.6,,,,,
-52.78333888888889,47.513355555555556,ST JOHNS WEST CLIMATE,8403603,8403603.2017.4.9,2017-04-09 00:00:00,NL,2017,4,9,3.9,,-0.8,,8.5,,0.2,,,M,,M,11,,24,,44,,0,,14.1,,,,,
-52.78333888888889,47.513355555555556,ST JOHNS WEST CLIMATE,8403603,8403603.2017.4.10,2017-04-10 00:00:00,NL,2017,4,10,3.8,,-1.8,,9.4,,0,,,M,,M,4,,0,,0,,0,,14.2,,,,,
-52.78333888888889,47.513355555555556,ST JOHNS WEST CLIMATE,8403603,8403603.2017.4.11,2017-04-11 00:00:00,NL,2017,4,11,5,,-2.1,,12,,0,,,M,,M,2,,24,,35,,0,,13,,,,,
-52.78333888888889,47.513355555555556,ST JOHNS WEST CLIMATE,8403603,8403603.2017.4.12,2017-04-12 00:00:00,NL,2017,4,12,1.5,,-1,,3.9,,0,,,M,,M,0,T,0,,0,,0,,16.5,,,,,
-52.78333888888889,47.513355555555556,ST JOHNS WEST CLIMATE,8403603,8403603.2017.4.13,2017-04-13 00:00:00,NL,2017,4,13,4.3,,-0.7,,9.3,,0,,,M,,M,0,T,17,,39,,0,,13.7,,,,,
-52.78333888888889,47.513355555555556,ST JOHNS WEST CLIMATE,8403603,8403603.2017.4.14,2017-04-14 00:00:00,NL,2017,4,14,2.3,,-1.5,,6.1,,0,,,M,,M,0,T,26,,43,,0,,15.7,,,,,
-52.78333888888889,47.513355555555556,ST JOHNS WEST CLIMATE,8403603,8403603.2017.4.15,2017-04-15 00:00:00,NL,2017,4,15,-1.9,,-5.2,,1.4,,0.5,,,M,,M,0,T,36,,32,,0,,19.9,,,,,
-52.78333888888889,47.513355555555556,ST JOHNS WEST CLIMATE,8403603,8403603.2017.4.16,2017-04-16 00:00:00,NL,2017,4,16,1.8,,-5.6,,9.2,,0,,,M,,M,0,T,18,,33,,0,,16.2,,,,,
-52.78333888888889,47.513355555555556,ST JOHNS WEST CLIMATE,8403603,8403603.2017.4.17,2017-04-17 00:00:00,NL,2017,4,17,0.4,,-3.8,,4.6,,1.7,,,M,,M,0,T,17,,52,,0,,17.6,,,,,
-52.78333888888889,47.513355555555556,ST JOHNS WEST CLIMATE,8403603,8403603.2017.4.18,2017-04-18 00:00:00,NL,2017,4,18,-3,,-4.5,,-1.5,,0,,,M,,M,0,T,1,,46,,0,,21,,,,,
-52.78333888888889,47.513355555555556,ST JOHNS WEST CLIMATE,8403603,8403603.2017.4.19,2017-04-19 00:00:00,NL,2017,4,19,-0.8,,-2.9,,1.4,,0,,,M,,M,0,T,4,,54,,0,,18.8,,,,,
-52.78333888888889,47.513355555555556,ST JOHNS WEST CLIMATE,8403603,8403603.2017.4.20,2017-04-20 00:00:00,NL,2017,4,20,-0.3,,-2.4,,1.9,,8.5,,,M,,M,0,T,2,,46,,0,,18.3,,,,,
-52.78333888888889,47.513355555555556,ST JOHNS WEST CLIMATE,8403603,8403603.2017.4.21,2017-04-21 00:00:00,NL,2017,4,21,0.1,,-1.3,,1.4,,8.3,,,M,,M,0,T,36,,41,,0,,17.9,,,,,
-52.78333888888889,47.513355555555556,ST JOHNS WEST CLIMATE,8403603,8403603.2017.4.22,2017-04-22 00:00:00,NL,2017,4,22,-0.2,,-1.5,,1.1,,1.4,,,M,,M,0,T,1,,39,,0,,18.2,,,,,
-52.78333888888889,47.513355555555556,ST JOHNS WEST CLIMATE,8403603,8403603.2017.4.23,2017-04-23 00:00:00,NL,2017,4,23,-0.1,,-1.9,,1.7,,10.9,,,M,,M,0,T,0,,0,,0,,18.1,,,,,
-52.78333888888889,47.513355555555556,ST JOHNS WEST CLIMATE,8403603,8403603.2017.4.24,2017-04-24 00:00:00,NL,2017,4,24,4.3,,-2,,10.5,,0.6,,,M,,M,2,,27,,35,,0,,13.7,,,,,
-52.78333888888889,47.513355555555556,ST JOHNS WEST CLIMATE,8403603,8403603.2017.4.25,2017-04-25 00:00:00,NL,2017,4,25,0.7,,-3.1,,4.4,,0.2,,,M,,M,0,T,30,,41,,0,,17.3,,,,,
-52.78333888888889,47.513355555555556,ST JOHNS WEST CLIMATE,8403603,8403603.2017.4.26,2017-04-26 00:00:00,NL,2017,4,26,2.6,,-4.6,,9.8,,0,,,M,,M,0,T,20,,37,,0,,15.4,,,,,
-52.78333888888889,47.513355555555556,ST JOHNS WEST CLIMATE,8403603,8403603.2017.4.27,2017-04-27 00:00:00,NL,2017,4,27,7.5,,0.3,,14.6,,0.3,,,M,,M,0,T,23,,52,,0,,10.5,,,,,
-52.78333888888889,47.513355555555556,ST JOHNS WEST CLIMATE,8403603,8403603.2017.4.28,2017-04-28 00:00:00,NL,2017,4,28,9.6,,1.7,,17.4,,0.2,,,M,,M,,,24,,35,,0,,8.4,,,,,
-52.78333888888889,47.513355555555556,ST JOHNS WEST CLIMATE,8403603,8403603.2017.4.29,2017-04-29 00:00:00,NL,2017,4,29,11.9,,7.6,,16.1,,0.2,,,M,,M,,,28,,44,,0,,6.1,,,,,
-52.78333888888889,47.513355555555556,ST JOHNS WEST CLIMATE,8403603,8403603.2017.4.30,2017-04-30 00:00:00,NL,2017,4,30,2.8,,-3,,8.5,,0.5,,,M,,M,,,35,,59,,0,,15.2,,,,,
-52.78333888888889,47.513355555555556,ST JOHNS WEST CLIMATE,8403603,8403603.2017.5.1,2017-05-01 00:00:00,NL,2017,5,1,0.8,,-2.6,,4.1,,0,,,M,,M,,,32,,52,,0,,17.2,,,,,
-52.78333888888889,47.513355555555556,ST JOHNS WEST CLIMATE,8403603,8403603.2017.5.2,2017-05-02 00:00:00,NL,2017,5,2,1.5,,-3.6,,6.6,,0.2,,,M,,M,,,15,,33,,0,,16.5,,,,,
-52.78333888888889,47.513355555555556,ST JOHNS WEST CLIMATE,8403603,8403603.2017.5.3,2017-05-03 00:00:00,NL,2017,5,3,5.5,,-1.5,,12.4,,6.5,,,M,,M,,,16,,44,,0,,12.5,,,,,
-52.78333888888889,47.513355555555556,ST JOHNS WEST CLIMATE,8403603,8403603.2017.5.4,2017-05-04 00:00:00,NL,2017,5,4,6.5,,2.7,,10.2,,0,,,M,,M,,,30,,43,,0,,11.5,,,,,
-52.78333888888889,47.513355555555556,ST JOHNS WEST CLIMATE,8403603,8403603.2017.5.5,2017-05-05 00:00:00,NL,2017,5,5,4.1,,-2.6,,10.8,,0,,,M,,M,,,32,,54,,0,,13.9,,,,,
-52.78333888888889,47.513355555555556,ST JOHNS WEST CLIMATE,8403603,8403603.2017.5.6,2017-05-06 00:00:00,NL,2017,5,6,4,,-2.6,,10.5,,0,,,M,,M,,,35,,37,,0,,14,,,,,
-52.78333888888889,47.513355555555556,ST JOHNS WEST CLIMATE,8403603,8403603.2017.5.7,2017-05-07 00:00:00,NL,2017,5,7,3.5,,-1.7,,8.7,,0,,,M,,M,,,0,,0,,0,,14.5,,,,,
-52.78333888888889,47.513355555555556,ST JOHNS WEST CLIMATE,8403603,8403603.2017.5.8,2017-05-08 00:00:00,NL,2017,5,8,2.7,,1.5,,3.9,,0,,,M,,M,,,0,,0,,0,,15.3,,,,,
-52.78333888888889,47.513355555555556,ST JOHNS WEST CLIMATE,8403603,8403603.2017.5.9,2017-05-09 00:00:00,NL,2017,5,9,3.7,,1.2,,6.1,,0.2,,,M,,M,,,0,,0,,0,,14.3,,,,,
-52.78333888888889,47.513355555555556,ST JOHNS WEST CLIMATE,8403603,8403603.2017.5.10,2017-05-10 00:00:00,NL,2017,5,10,4.9,,2,,7.7,,2.1,,,M,,M,,,0,,0,,0,,13.1,,,,,
-52.78333888888889,47.513355555555556,ST JOHNS WEST CLIMATE,8403603,8403603.2017.5.11,2017-05-11 00:00:00,NL,2017,5,11,3.6,,1.5,,5.6,,0,,,M,,M,,,3,,32,,0,,14.4,,,,,
-52.78333888888889,47.513355555555556,ST JOHNS WEST CLIMATE,8403603,8403603.2017.5.12,2017-05-12 00:00:00,NL,2017,5,12,2.5,,-0.3,,5.3,,0,,,M,,M,,,4,,35,,0,,15.5,,,,,
-52.78333888888889,47.513355555555556,ST JOHNS WEST CLIMATE,8403603,8403603.2017.5.13,2017-05-13 00:00:00,NL,2017,5,13,1.4,,-1.1,,3.9,,0,,,M,,M,,,1,,43,,0,,16.6,,,,,
-52.78333888888889,47.513355555555556,ST JOHNS WEST CLIMATE,8403603,8403603.2017.5.14,2017-05-14 00:00:00,NL,2017,5,14,4.2,,-1.4,,9.7,,0.2,,,M,,M,,,0,,0,,0,,13.8,,,,,
-52.78333888888889,47.513355555555556,ST JOHNS WEST CLIMATE,8403603,8403603.2017.5.15,2017-05-15 00:00:00,NL,2017,5,15,5.5,,-1.1,,12.1,,3.1,,,M,,M,,,19,,37,,0,,12.5,,,,,
-52.78333888888889,47.513355555555556,ST JOHNS WEST CLIMATE,8403603,8403603.2017.5.16,2017-05-16 00:00:00,NL,2017,5,16,8.3,,2.3,,14.3,,0.2,,,M,,M,,,17,,39,,0,,9.7,,,,,
-52.78333888888889,47.513355555555556,ST JOHNS WEST CLIMATE,8403603,8403603.2017.5.17,2017-05-17 00:00:00,NL,2017,5,17,8.2,,4.6,,11.8,,0,,,M,,M,,,22,,43,,0,,9.8,,,,,
-52.78333888888889,47.513355555555556,ST JOHNS WEST CLIMATE,8403603,8403603.2017.5.18,2017-05-18 00:00:00,NL,2017,5,18,7.7,,0.6,,14.8,,0,,,M,,M,,,28,,37,,0,,10.3,,,,,
-52.78333888888889,47.513355555555556,ST JOHNS WEST CLIMATE,8403603,8403603.2017.5.19,2017-05-19 00:00:00,NL,2017,5,19,5.9,,-0.4,,12.2,,0.8,,,M,,M,,,16,,33,,0,,12.1,,,,,
-52.78333888888889,47.513355555555556,ST JOHNS WEST CLIMATE,8403603,8403603.2017.5.20,2017-05-20 00:00:00,NL,2017,5,20,4.1,,0.3,,7.9,,4.1,,,M,,M,,,26,,52,,0,,13.9,,,,,
-52.78333888888889,47.513355555555556,ST JOHNS WEST CLIMATE,8403603,8403603.2017.5.21,2017-05-21 00:00:00,NL,2017,5,21,1.9,,0.5,,3.3,,8.3,,,M,,M,,,32,,59,,0,,16.1,,,,,
-52.78333888888889,47.513355555555556,ST JOHNS WEST CLIMATE,8403603,8403603.2017.5.22,2017-05-22 00:00:00,NL,2017,5,22,2.2,,1,,3.4,,1.3,,,M,,M,,,1,,61,,0,,15.8,,,,,
-52.78333888888889,47.513355555555556,ST JOHNS WEST CLIMATE,8403603,8403603.2017.5.23,2017-05-23 00:00:00,NL,2017,5,23,7.5,,0.3,,14.7,,0.2,,,M,,M,,,32,,43,,0,,10.5,,,,,
-52.78333888888889,47.513355555555556,ST JOHNS WEST CLIMATE,8403603,8403603.2017.5.24,2017-05-24 00:00:00,NL,2017,5,24,6.6,,4.9,,8.2,,1.6,,,M,,M,,,18,,41,,0,,11.4,,,,,
-52.78333888888889,47.513355555555556,ST JOHNS WEST CLIMATE,8403603,8403603.2017.5.25,2017-05-25 00:00:00,NL,2017,5,25,3,,-0.7,,6.7,,0.3,,,M,,M,,,35,,44,,0,,15,,,,,
-52.78333888888889,47.513355555555556,ST JOHNS WEST CLIMATE,8403603,8403603.2017.5.26,2017-05-26 00:00:00,NL,2017,5,26,3,,-2,,7.9,,0,,,M,,M,,,0,,0,,0,,15,,,,,
-52.78333888888889,47.513355555555556,ST JOHNS WEST CLIMATE,8403603,8403603.2017.5.27,2017-05-27 00:00:00,NL,2017,5,27,1.5,,0,,3,,2.9,,,M,,M,,,6,,37,,0,,16.5,,,,,
-52.78333888888889,47.513355555555556,ST JOHNS WEST CLIMATE,8403603,8403603.2017.5.28,2017-05-28 00:00:00,NL,2017,5,28,3.1,,-0.2,,6.4,,0,,,M,,M,,,0,,0,,0,,14.9,,,,,
-52.78333888888889,47.513355555555556,ST JOHNS WEST CLIMATE,8403603,8403603.2017.5.29,2017-05-29 00:00:00,NL,2017,5,29,3.1,,-0.6,,6.8,,0,,,M,,M,,,0,,0,,0,,14.9,,,,,
-52.78333888888889,47.513355555555556,ST JOHNS WEST CLIMATE,8403603,8403603.2017.5.30,2017-05-30 00:00:00,NL,2017,5,30,7,,-1.1,,15.1,,0,,,M,,M,,,0,,0,,0,,11,,,,,
-52.78333888888889,47.513355555555556,ST JOHNS WEST CLIMATE,8403603,8403603.2017.5.31,2017-05-31 00:00:00,NL,2017,5,31,12.2,,5.1,,19.2,,0,,,M,,M,,,26,,37,,0,,5.8,,,,,
-52.78333888888889,47.513355555555556,ST JOHNS WEST CLIMATE,8403603,8403603.2017.6.1,2017-06-01 00:00:00,NL,2017,6,1,10,,5.3,,14.7,,3.5,,,M,,M,,,24,,33,,0,,8,,,,,
-52.78333888888889,47.513355555555556,ST JOHNS WEST CLIMATE,8403603,8403603.2017.6.2,2017-06-02 00:00:00,NL,2017,6,2,11.5,,5.2,,17.8,,0.5,,,M,,M,,,25,,43,,0,,6.5,,,,,
-52.78333888888889,47.513355555555556,ST JOHNS WEST CLIMATE,8403603,8403603.2017.6.3,2017-06-03 00:00:00,NL,2017,6,3,9,,5.6,,12.3,,0.7,,,M,,M,,,0,,0,,0,,9,,,,,
-52.78333888888889,47.513355555555556,ST JOHNS WEST CLIMATE,8403603,8403603.2017.6.4,2017-06-04 00:00:00,NL,2017,6,4,9.2,,3.7,,14.6,,7,,,M,,M,,,0,,0,,0,,8.8,,,,,
-52.78333888888889,47.513355555555556,ST JOHNS WEST CLIMATE,8403603,8403603.2017.6.5,2017-06-05 00:00:00,NL,2017,6,5,4.4,,2.5,,6.3,,21,,,M,,M,,,2,,57,,0,,13.6,,,,,
-52.78333888888889,47.513355555555556,ST JOHNS WEST CLIMATE,8403603,8403603.2017.6.6,2017-06-06 00:00:00,NL,2017,6,6,4.9,,-0.7,,10.5,,0,,,M,,M,,,35,,43,,0,,13.1,,,,,
-52.78333888888889,47.513355555555556,ST JOHNS WEST CLIMATE,8403603,8403603.2017.6.7,2017-06-07 00:00:00,NL,2017,6,7,4.7,,-1.5,,10.9,,0,,,M,,M,,,33,,32,,0,,13.3,,,,,
-52.78333888888889,47.513355555555556,ST JOHNS WEST CLIMATE,8403603,8403603.2017.6.8,2017-06-08 00:00:00,NL,2017,6,8,7.7,,0.5,,14.8,,0,,,M,,M,,,36,,32,,0,,10.3,,,,,
-52.78333888888889,47.513355555555556,ST JOHNS WEST CLIMATE,8403603,8403603.2017.6.9,2017-06-09 00:00:00,NL,2017,6,9,15.9,,7.9,,23.8,,2.5,,,M,,M,,,18,,59,,0,,2.1,,,,,
-52.78333888888889,47.513355555555556,ST JOHNS WEST CLIMATE,8403603,8403603.2017.6.10,2017-06-10 00:00:00,NL,2017,6,10,13,,8.1,,17.9,,0.2,,,M,,M,,,27,,69,,0,,5,,,,,
-52.78333888888889,47.513355555555556,ST JOHNS WEST CLIMATE,8403603,8403603.2017.6.11,2017-06-11 00:00:00,NL,2017,6,11,14.5,,8.2,,20.7,,3.7,,,M,,M,,,23,,57,,0,,3.5,,,,,
-52.78333888888889,47.513355555555556,ST JOHNS WEST CLIMATE,8403603,8403603.2017.6.12,2017-06-12 00:00:00,NL,2017,6,12,12.8,,6.7,,18.8,,0.2,,,M,,M,,,25,,56,,0,,5.2,,,,,
-52.78333888888889,47.513355555555556,ST JOHNS WEST CLIMATE,8403603,8403603.2017.6.13,2017-06-13 00:00:00,NL,2017,6,13,8.9,,5.2,,12.6,,0,,,M,,M,,,0,,0,,0,,9.1,,,,,
-52.78333888888889,47.513355555555556,ST JOHNS WEST CLIMATE,8403603,8403603.2017.6.14,2017-06-14 00:00:00,NL,2017,6,14,9.5,,3.2,,15.8,,0.2,,,M,,M,,,34,,50,,0,,8.5,,,,,
-52.78333888888889,47.513355555555556,ST JOHNS WEST CLIMATE,8403603,8403603.2017.6.15,2017-06-15 00:00:00,NL,2017,6,15,7.3,,2.9,,11.7,,0.2,,,M,,M,,,32,,46,,0,,10.7,,,,,
-52.78333888888889,47.513355555555556,ST JOHNS WEST CLIMATE,8403603,8403603.2017.6.16,2017-06-16 00:00:00,NL,2017,6,16,8.4,,2.9,,13.8,,0,,,M,,M,,,31,,32,,0,,9.6,,,,,
-52.78333888888889,47.513355555555556,ST JOHNS WEST CLIMATE,8403603,8403603.2017.6.17,2017-06-17 00:00:00,NL,2017,6,17,12.6,,5.2,,19.9,,0,,,M,,M,,,29,,37,,0,,5.4,,,,,
-52.78333888888889,47.513355555555556,ST JOHNS WEST CLIMATE,8403603,8403603.2017.6.18,2017-06-18 00:00:00,NL,2017,6,18,13.6,,8.6,,18.5,,1.1,,,M,,M,,,19,,48,,0,,4.4,,,,,
-52.78333888888889,47.513355555555556,ST JOHNS WEST CLIMATE,8403603,8403603.2017.6.19,2017-06-19 00:00:00,NL,2017,6,19,18.5,,12.6,,24.3,,0,,,M,,M,,,24,,57,,0.5,,0,,,,,
-52.78333888888889,47.513355555555556,ST JOHNS WEST CLIMATE,8403603,8403603.2017.6.20,2017-06-20 00:00:00,NL,2017,6,20,20.4,,14.6,,26.2,,0,,,M,,M,,,27,,61,,2.4,,0,,,,,
-52.78333888888889,47.513355555555556,ST JOHNS WEST CLIMATE,8403603,8403603.2017.6.21,2017-06-21 00:00:00,NL,2017,6,21,17.5,,13.3,,21.6,,0.6,,,M,,M,,,24,,57,,0,,0.5,,,,,
-52.78333888888889,47.513355555555556,ST JOHNS WEST CLIMATE,8403603,8403603.2017.6.22,2017-06-22 00:00:00,NL,2017,6,22,14.8,,9.1,,20.4,,,M,,M,,M,,,23,,44,,0,,3.2,,,,,
-52.78333888888889,47.513355555555556,ST JOHNS WEST CLIMATE,8403603,8403603.2017.6.23,2017-06-23 00:00:00,NL,2017,6,23,14.4,,7.7,,21.1,,0,,,M,,M,,,26,,32,,0,,3.6,,,,,
-52.78333888888889,47.513355555555556,ST JOHNS WEST CLIMATE,8403603,8403603.2017.6.24,2017-06-24 00:00:00,NL,2017,6,24,13.2,,9,,17.4,,26,,,M,,M,,,23,,52,,0,,4.8,,,,,
-52.78333888888889,47.513355555555556,ST JOHNS WEST CLIMATE,8403603,8403603.2017.6.25,2017-06-25 00:00:00,NL,2017,6,25,17.5,,10.4,,24.5,,2.3,,,M,,M,,,26,,46,,0,,0.5,,,,,
-52.78333888888889,47.513355555555556,ST JOHNS WEST CLIMATE,8403603,8403603.2017.6.26,2017-06-26 00:00:00,NL,2017,6,26,16.6,,7.9,,25.3,,0,,,M,,M,,,23,,41,,0,,1.4,,,,,
-52.78333888888889,47.513355555555556,ST JOHNS WEST CLIMATE,8403603,8403603.2017.6.27,2017-06-27 00:00:00,NL,2017,6,27,18.5,,10.9,,26.1,,0,,,M,,M,,,20,,43,,0.5,,0,,,,,
-52.78333888888889,47.513355555555556,ST JOHNS WEST CLIMATE,8403603,8403603.2017.6.28,2017-06-28 00:00:00,NL,2017,6,28,14.4,,10.1,,18.6,,15.7,,,M,,M,,,28,,48,,0,,3.6,,,,,
-52.78333888888889,47.513355555555556,ST JOHNS WEST CLIMATE,8403603,8403603.2017.6.29,2017-06-29 00:00:00,NL,2017,6,29,15.5,,10.3,,20.6,,0,,,M,,M,,,26,,33,,0,,2.5,,,,,
-52.78333888888889,47.513355555555556,ST JOHNS WEST CLIMATE,8403603,8403603.2017.6.30,2017-06-30 00:00:00,NL,2017,6,30,16.9,,10.6,,23.2,,1.2,,,M,,M,,,22,,39,,0,,1.1,,,,,
-52.78333888888889,47.513355555555556,ST JOHNS WEST CLIMATE,8403603,8403603.2017.7.1,2017-07-01 00:00:00,NL,2017,7,1,10.8,,6.3,,15.2,,12.4,,,M,,M,,,34,,39,,0,,7.2,,,,,
-52.78333888888889,47.513355555555556,ST JOHNS WEST CLIMATE,8403603,8403603.2017.7.2,2017-07-02 00:00:00,NL,2017,7,2,11.8,,6,,17.5,,27.4,,,M,,M,,,22,,41,,0,,6.2,,,,,
-52.78333888888889,47.513355555555556,ST JOHNS WEST CLIMATE,8403603,8403603.2017.7.3,2017-07-03 00:00:00,NL,2017,7,3,20,,15.3,,24.7,,0,,,M,,M,,,23,,50,,2,,0,,,,,
-52.78333888888889,47.513355555555556,ST JOHNS WEST CLIMATE,8403603,8403603.2017.7.4,2017-07-04 00:00:00,NL,2017,7,4,16.2,,7.5,,24.8,,0,,,M,,M,,,24,,37,,0,,1.8,,,,,
-52.78333888888889,47.513355555555556,ST JOHNS WEST CLIMATE,8403603,8403603.2017.7.5,2017-07-05 00:00:00,NL,2017,7,5,7,,2.6,,11.4,,0,,,M,,M,,,0,,0,,0,,11,,,,,
-52.78333888888889,47.513355555555556,ST JOHNS WEST CLIMATE,8403603,8403603.2017.7.6,2017-07-06 00:00:00,NL,2017,7,6,14.5,,5.3,,23.6,,0,,,M,,M,,,24,,39,,0,,3.5,,,,,
-52.78333888888889,47.513355555555556,ST JOHNS WEST CLIMATE,8403603,8403603.2017.7.7,2017-07-07 00:00:00,NL,2017,7,7,15.9,,10.4,,21.3,,0,,,M,,M,,,22,,43,,0,,2.1,,,,,
-52.78333888888889,47.513355555555556,ST JOHNS WEST CLIMATE,8403603,8403603.2017.7.8,2017-07-08 00:00:00,NL,2017,7,8,16.4,,12,,20.7,,28.1,,,M,,M,,,18,,44,,0,,1.6,,,,,
-52.78333888888889,47.513355555555556,ST JOHNS WEST CLIMATE,8403603,8403603.2017.7.9,2017-07-09 00:00:00,NL,2017,7,9,20.6,,16.9,,24.2,,0,,,M,,M,,,26,,52,,2.6,,0,,,,,
-52.78333888888889,47.513355555555556,ST JOHNS WEST CLIMATE,8403603,8403603.2017.7.10,2017-07-10 00:00:00,NL,2017,7,10,21.2,,16,,26.3,,0,,,M,,M,,,25,,39,,3.2,,0,,,,,
-52.78333888888889,47.513355555555556,ST JOHNS WEST CLIMATE,8403603,8403603.2017.7.11,2017-07-11 00:00:00,NL,2017,7,11,20.8,,15.8,,25.7,,2.8,,,M,,M,,,24,,39,,2.8,,0,,,,,
-52.78333888888889,47.513355555555556,ST JOHNS WEST CLIMATE,8403603,8403603.2017.7.12,2017-07-12 00:00:00,NL,2017,7,12,18.8,,13.5,,24,,0,,,M,,M,,,21,,46,,0.8,,0,,,,,
-52.78333888888889,47.513355555555556,ST JOHNS WEST CLIMATE,8403603,8403603.2017.7.13,2017-07-13 00:00:00,NL,2017,7,13,16.5,,12.1,,20.8,,0,,,M,,M,,,26,,52,,0,,1.5,,,,,
-52.78333888888889,47.513355555555556,ST JOHNS WEST CLIMATE,8403603,8403603.2017.7.14,2017-07-14 00:00:00,NL,2017,7,14,16.7,,10.1,,23.2,,0,,,M,,M,,,0,,0,,0,,1.3,,,,,
-52.78333888888889,47.513355555555556,ST JOHNS WEST CLIMATE,8403603,8403603.2017.7.15,2017-07-15 00:00:00,NL,2017,7,15,16.6,,9.8,,23.3,,0,,,M,,M,,,20,,33,,0,,1.4,,,,,
-52.78333888888889,47.513355555555556,ST JOHNS WEST CLIMATE,8403603,8403603.2017.7.16,2017-07-16 00:00:00,NL,2017,7,16,17.7,,10.8,,24.5,,0,,,M,,M,,,0,,0,,0,,0.3,,,,,
-52.78333888888889,47.513355555555556,ST JOHNS WEST CLIMATE,8403603,8403603.2017.7.17,2017-07-17 00:00:00,NL,2017,7,17,19,,13.2,,24.8,,0,,,M,,M,,,0,,0,,1,,0,,,,,
-52.78333888888889,47.513355555555556,ST JOHNS WEST CLIMATE,8403603,8403603.2017.7.18,2017-07-18 00:00:00,NL,2017,7,18,20.3,,12.9,,27.6,,0,,,M,,M,,,27,,32,,2.3,,0,,,,,
-52.78333888888889,47.513355555555556,ST JOHNS WEST CLIMATE,8403603,8403603.2017.7.19,2017-07-19 00:00:00,NL,2017,7,19,18.1,,13.6,,22.6,,0,,,M,,M,,,15,,35,,0.1,,0,,,,,
-52.78333888888889,47.513355555555556,ST JOHNS WEST CLIMATE,8403603,8403603.2017.7.20,2017-07-20 00:00:00,NL,2017,7,20,20.2,,15,,25.4,,0,,,M,,M,,,26,,37,,2.2,,0,,,,,
-52.78333888888889,47.513355555555556,ST JOHNS WEST CLIMATE,8403603,8403603.2017.7.21,2017-07-21 00:00:00,NL,2017,7,21,17,,14,,20,,0.2,,,M,,M,,,0,,0,,0,,1,,,,,
-52.78333888888889,47.513355555555556,ST JOHNS WEST CLIMATE,8403603,8403603.2017.7.22,2017-07-22 00:00:00,NL,2017,7,22,18.6,,12.7,,24.5,,0,,,M,,M,,,22,,39,,0.6,,0,,,,,
-52.78333888888889,47.513355555555556,ST JOHNS WEST CLIMATE,8403603,8403603.2017.7.23,2017-07-23 00:00:00,NL,2017,7,23,,M,11.8,E,,M,,M,,M,,M,,,26,,57,,,M,,M,,,,
-52.78333888888889,47.513355555555556,ST JOHNS WEST CLIMATE,8403603,8403603.2017.7.24,2017-07-24 00:00:00,NL,2017,7,24,14.8,,8.4,,21.1,,0,,,M,,M,,,26,,46,,0,,3.2,,,,,
-52.78333888888889,47.513355555555556,ST JOHNS WEST CLIMATE,8403603,8403603.2017.7.25,2017-07-25 00:00:00,NL,2017,7,25,11.8,,8.7,,14.9,,8.8,,,M,,M,,,0,,0,,0,,6.2,,,,,
-52.78333888888889,47.513355555555556,ST JOHNS WEST CLIMATE,8403603,8403603.2017.7.26,2017-07-26 00:00:00,NL,2017,7,26,14.4,,9.2,,19.5,,0,,,M,,M,,,0,,0,,0,,3.6,,,,,
-52.78333888888889,47.513355555555556,ST JOHNS WEST CLIMATE,8403603,8403603.2017.7.27,2017-07-27 00:00:00,NL,2017,7,27,18.3,,11.6,,24.9,,0,,,M,,M,,,28,,41,,0.3,,0,,,,,
-52.78333888888889,47.513355555555556,ST JOHNS WEST CLIMATE,8403603,8403603.2017.7.28,2017-07-28 00:00:00,NL,2017,7,28,14.7,,7.7,,21.7,,0,,,M,,M,,,0,,0,,0,,3.3,,,,,
-52.78333888888889,47.513355555555556,ST JOHNS WEST CLIMATE,8403603,8403603.2017.7.29,2017-07-29 00:00:00,NL,2017,7,29,14.5,,8,,21,,0.9,,,M,,M,,,0,,0,,0,,3.5,,,,,
-52.78333888888889,47.513355555555556,ST JOHNS WEST CLIMATE,8403603,8403603.2017.7.30,2017-07-30 00:00:00,NL,2017,7,30,14.1,,12.9,,15.2,,18.4,,,M,,M,,,28,,35,,0,,3.9,,,,,
-52.78333888888889,47.513355555555556,ST JOHNS WEST CLIMATE,8403603,8403603.2017.7.31,2017-07-31 00:00:00,NL,2017,7,31,17.3,,11.9,,22.7,,0,,,M,,M,,,27,,39,,0,,0.7,,,,,
-52.78333888888889,47.513355555555556,ST JOHNS WEST CLIMATE,8403603,8403603.2017.8.1,2017-08-01 00:00:00,NL,2017,8,1,13.5,,11.7,,15.2,,1.1,,,M,,M,,,0,,0,,0,,4.5,,,,,
-52.78333888888889,47.513355555555556,ST JOHNS WEST CLIMATE,8403603,8403603.2017.8.2,2017-08-02 00:00:00,NL,2017,8,2,11.6,,8.4,,14.7,,0.5,,,M,,M,,,0,,0,,0,,6.4,,,,,
-52.78333888888889,47.513355555555556,ST JOHNS WEST CLIMATE,8403603,8403603.2017.8.3,2017-08-03 00:00:00,NL,2017,8,3,11.9,,7.6,,16.2,,0,,,M,,M,,,0,,0,,0,,6.1,,,,,
-52.78333888888889,47.513355555555556,ST JOHNS WEST CLIMATE,8403603,8403603.2017.8.4,2017-08-04 00:00:00,NL,2017,8,4,12,,6.5,,17.5,,0,,,M,,M,,,0,,0,,0,,6,,,,,
-52.78333888888889,47.513355555555556,ST JOHNS WEST CLIMATE,8403603,8403603.2017.8.5,2017-08-05 00:00:00,NL,2017,8,5,16,,12.5,,19.5,,0,,,M,,M,,,15,,32,,0,,2,,,,,
-52.78333888888889,47.513355555555556,ST JOHNS WEST CLIMATE,8403603,8403603.2017.8.6,2017-08-06 00:00:00,NL,2017,8,6,17.8,,13.9,,21.7,,0,,,M,,M,,,15,,35,,0,,0.2,,,,,
-52.78333888888889,47.513355555555556,ST JOHNS WEST CLIMATE,8403603,8403603.2017.8.7,2017-08-07 00:00:00,NL,2017,8,7,14,,11.3,,16.7,,8,,,M,,M,,,17,,46,,0,,4,,,,,
-52.78333888888889,47.513355555555556,ST JOHNS WEST CLIMATE,8403603,8403603.2017.8.8,2017-08-08 00:00:00,NL,2017,8,8,17.2,,12.4,,22,,1.8,,,M,,M,,,27,,35,,0,,0.8,,,,,
-52.78333888888889,47.513355555555556,ST JOHNS WEST CLIMATE,8403603,8403603.2017.8.9,2017-08-09 00:00:00,NL,2017,8,9,17.1,,12.9,,21.2,,13.5,,,M,,M,,,35,,32,,0,,0.9,,,,,
-52.78333888888889,47.513355555555556,ST JOHNS WEST CLIMATE,8403603,8403603.2017.8.10,2017-08-10 00:00:00,NL,2017,8,10,18.2,,11.3,,25,,0,,,M,,M,,,22,,33,,0.2,,0,,,,,
-52.78333888888889,47.513355555555556,ST JOHNS WEST CLIMATE,8403603,8403603.2017.8.11,2017-08-11 00:00:00,NL,2017,8,11,17.8,,11.2,,24.3,,0,,,M,,M,,,29,,32,,0,,0.2,,,,,
-52.78333888888889,47.513355555555556,ST JOHNS WEST CLIMATE,8403603,8403603.2017.8.12,2017-08-12 00:00:00,NL,2017,8,12,17.4,,11.2,,23.5,,0,,,M,,M,,,0,,0,,0,,0.6,,,,,
-52.78333888888889,47.513355555555556,ST JOHNS WEST CLIMATE,8403603,8403603.2017.8.13,2017-08-13 00:00:00,NL,2017,8,13,18.8,,15.1,,22.4,,24.8,,,M,,M,,,25,,39,,0.8,,0,,,,,
-52.78333888888889,47.513355555555556,ST JOHNS WEST CLIMATE,8403603,8403603.2017.8.14,2017-08-14 00:00:00,NL,2017,8,14,19.3,,14.5,,24.1,,1.7,,,M,,M,,,26,,48,,1.3,,0,,,,,
-52.78333888888889,47.513355555555556,ST JOHNS WEST CLIMATE,8403603,8403603.2017.8.15,2017-08-15 00:00:00,NL,2017,8,15,15.7,,8.9,,22.5,,0,,,M,,M,,,27,,43,,0,,2.3,,,,,
-52.78333888888889,47.513355555555556,ST JOHNS WEST CLIMATE,8403603,8403603.2017.8.16,2017-08-16 00:00:00,NL,2017,8,16,12.7,,8.3,,17.1,,1.2,,,M,,M,,,0,,0,,0,,5.3,,,,,
-52.78333888888889,47.513355555555556,ST JOHNS WEST CLIMATE,8403603,8403603.2017.8.17,2017-08-17 00:00:00,NL,2017,8,17,17.2,,13.2,,21.2,,4,,,M,,M,,,28,,39,,0,,0.8,,,,,
-52.78333888888889,47.513355555555556,ST JOHNS WEST CLIMATE,8403603,8403603.2017.8.18,2017-08-18 00:00:00,NL,2017,8,18,11.5,,9.4,,13.5,,9.8,,,M,,M,,,32,,65,,0,,6.5,,,,,
-52.78333888888889,47.513355555555556,ST JOHNS WEST CLIMATE,8403603,8403603.2017.8.19,2017-08-19 00:00:00,NL,2017,8,19,9.7,,5.7,,13.7,,0.2,,,M,,M,,,32,,48,,0,,8.3,,,,,
-52.78333888888889,47.513355555555556,ST JOHNS WEST CLIMATE,8403603,8403603.2017.8.20,2017-08-20 00:00:00,NL,2017,8,20,11.6,,5.9,,17.2,,7.9,,,M,,M,,,17,,43,,0,,6.4,,,,,
-52.78333888888889,47.513355555555556,ST JOHNS WEST CLIMATE,8403603,8403603.2017.8.21,2017-08-21 00:00:00,NL,2017,8,21,18.6,,13.9,,23.2,,1.5,,,M,,M,,,19,,43,,0.6,,0,,,,,
-52.78333888888889,47.513355555555556,ST JOHNS WEST CLIMATE,8403603,8403603.2017.8.22,2017-08-22 00:00:00,NL,2017,8,22,18.8,,10.8,,26.8,,0,,,M,,M,,,27,,41,,0.8,,0,,,,,
-52.78333888888889,47.513355555555556,ST JOHNS WEST CLIMATE,8403603,8403603.2017.8.23,2017-08-23 00:00:00,NL,2017,8,23,20.7,,15.4,,26,,0,,,M,,M,,,24,,41,,2.7,,0,,,,,
-52.78333888888889,47.513355555555556,ST JOHNS WEST CLIMATE,8403603,8403603.2017.8.24,2017-08-24 00:00:00,NL,2017,8,24,22.5,,18.4,,26.6,,0,,,M,,M,,,23,,48,,4.5,,0,,,,,
-52.78333888888889,47.513355555555556,ST JOHNS WEST CLIMATE,8403603,8403603.2017.8.25,2017-08-25 00:00:00,NL,2017,8,25,19,,16.6,,21.4,,14,,,M,,M,,,24,,33,,1,,0,,,,,
-52.78333888888889,47.513355555555556,ST JOHNS WEST CLIMATE,8403603,8403603.2017.8.26,2017-08-26 00:00:00,NL,2017,8,26,15.1,,10.1,,20.1,,2.9,,,M,,M,,,35,,43,,0,,2.9,,,,,
-52.78333888888889,47.513355555555556,ST JOHNS WEST CLIMATE,8403603,8403603.2017.8.27,2017-08-27 00:00:00,NL,2017,8,27,12.5,,10,,14.9,,4,,,M,,M,,,0,,0,,0,,5.5,,,,,
-52.78333888888889,47.513355555555556,ST JOHNS WEST CLIMATE,8403603,8403603.2017.8.28,2017-08-28 00:00:00,NL,2017,8,28,11.3,,4.7,,17.9,,0,,,M,,M,,,0,,0,,0,,6.7,,,,,
-52.78333888888889,47.513355555555556,ST JOHNS WEST CLIMATE,8403603,8403603.2017.8.29,2017-08-29 00:00:00,NL,2017,8,29,11.5,,4.1,,18.8,,0.2,,,M,,M,,,0,,0,,0,,6.5,,,,,
-52.78333888888889,47.513355555555556,ST JOHNS WEST CLIMATE,8403603,8403603.2017.8.30,2017-08-30 00:00:00,NL,2017,8,30,13.1,,7.5,,18.7,,0,,,M,,M,,,35,,39,,0,,4.9,,,,,
-52.78333888888889,47.513355555555556,ST JOHNS WEST CLIMATE,8403603,8403603.2017.8.31,2017-08-31 00:00:00,NL,2017,8,31,11,,6.8,,15.1,,15.3,,,M,,M,,,6,,44,,0,,7,,,,,
-52.78333888888889,47.513355555555556,ST JOHNS WEST CLIMATE,8403603,8403603.2017.9.1,2017-09-01 00:00:00,NL,2017,9,1,14.1,,11.2,,16.9,,0.7,,,M,,M,,,32,,39,,0,,3.9,,,,,
-52.78333888888889,47.513355555555556,ST JOHNS WEST CLIMATE,8403603,8403603.2017.9.2,2017-09-02 00:00:00,NL,2017,9,2,13.4,,9.5,,17.3,,3.5,,,M,,M,,,26,,52,,0,,4.6,,,,,
-52.78333888888889,47.513355555555556,ST JOHNS WEST CLIMATE,8403603,8403603.2017.9.3,2017-09-03 00:00:00,NL,2017,9,3,12.9,,7.6,,18.1,,0,,,M,,M,,,32,,46,,0,,5.1,,,,,
-52.78333888888889,47.513355555555556,ST JOHNS WEST CLIMATE,8403603,8403603.2017.9.4,2017-09-04 00:00:00,NL,2017,9,4,12,,7.1,,16.8,,8.7,,,M,,M,,,18,,48,,0,,6,,,,,
-52.78333888888889,47.513355555555556,ST JOHNS WEST CLIMATE,8403603,8403603.2017.9.5,2017-09-05 00:00:00,NL,2017,9,5,18.4,,14.6,,22.1,,0,,,M,,M,,,27,,44,,0.4,,0,,,,,
-52.78333888888889,47.513355555555556,ST JOHNS WEST CLIMATE,8403603,8403603.2017.9.6,2017-09-06 00:00:00,NL,2017,9,6,19.5,,14.6,,24.3,,0,,,M,,M,,,24,,43,,1.5,,0,,,,,
-52.78333888888889,47.513355555555556,ST JOHNS WEST CLIMATE,8403603,8403603.2017.9.7,2017-09-07 00:00:00,NL,2017,9,7,21.8,,17.3,,26.3,,0,,,M,,M,,,24,,48,,3.8,,0,,,,,
-52.78333888888889,47.513355555555556,ST JOHNS WEST CLIMATE,8403603,8403603.2017.9.8,2017-09-08 00:00:00,NL,2017,9,8,19.9,,16,,23.7,,2.7,,,M,,M,,,20,,54,,1.9,,0,,,,,
-52.78333888888889,47.513355555555556,ST JOHNS WEST CLIMATE,8403603,8403603.2017.9.9,2017-09-09 00:00:00,NL,2017,9,9,14.5,,12.9,,16.1,,46.5,,,M,,M,,,0,,0,,0,,3.5,,,,,
-52.78333888888889,47.513355555555556,ST JOHNS WEST CLIMATE,8403603,8403603.2017.9.10,2017-09-10 00:00:00,NL,2017,9,10,12.1,,11.1,,13.1,,39.2,,,M,,M,,,5,,35,,0,,5.9,,,,,
-52.78333888888889,47.513355555555556,ST JOHNS WEST CLIMATE,8403603,8403603.2017.9.11,2017-09-11 00:00:00,NL,2017,9,11,11.7,,11.2,,12.2,,36.3,,,M,,M,,,5,,50,,0,,6.3,,,,,
-52.78333888888889,47.513355555555556,ST JOHNS WEST CLIMATE,8403603,8403603.2017.9.12,2017-09-12 00:00:00,NL,2017,9,12,14.5,,12.1,,16.8,,1.9,,,M,,M,,,0,,0,,0,,3.5,,,,,
-52.78333888888889,47.513355555555556,ST JOHNS WEST CLIMATE,8403603,8403603.2017.9.13,2017-09-13 00:00:00,NL,2017,9,13,11.4,,10,,12.8,,1.8,,,M,,M,,,32,,37,,0,,6.6,,,,,
-52.78333888888889,47.513355555555556,ST JOHNS WEST CLIMATE,8403603,8403603.2017.9.14,2017-09-14 00:00:00,NL,2017,9,14,16.7,,9.5,,23.9,,,M,,M,,M,,,26,,43,,0,,1.3,,,,,
-52.78333888888889,47.513355555555556,ST JOHNS WEST CLIMATE,8403603,8403603.2017.9.15,2017-09-15 00:00:00,NL,2017,9,15,13.3,,7.5,,19.1,,,M,,M,,M,,,0,,0,,0,,4.7,,,,,
-52.78333888888889,47.513355555555556,ST JOHNS WEST CLIMATE,8403603,8403603.2017.9.16,2017-09-16 00:00:00,NL,2017,9,16,13.1,,7.7,,18.5,,2.7,,,M,,M,,,28,,37,,0,,4.9,,,,,
-52.78333888888889,47.513355555555556,ST JOHNS WEST CLIMATE,8403603,8403603.2017.9.17,2017-09-17 00:00:00,NL,2017,9,17,10.9,,8.3,,13.4,,0,,,M,,M,,,0,,0,,0,,7.1,,,,,
-52.78333888888889,47.513355555555556,ST JOHNS WEST CLIMATE,8403603,8403603.2017.9.18,2017-09-18 00:00:00,NL,2017,9,18,9.6,,3.3,,15.8,,0,,,M,,M,,,0,,0,,0,,8.4,,,,,
-52.78333888888889,47.513355555555556,ST JOHNS WEST CLIMATE,8403603,8403603.2017.9.19,2017-09-19 00:00:00,NL,2017,9,19,10.7,,2.8,,18.5,,0,,,M,,M,,,23,,39,,0,,7.3,,,,,
-52.78333888888889,47.513355555555556,ST JOHNS WEST CLIMATE,8403603,8403603.2017.9.20,2017-09-20 00:00:00,NL,2017,9,20,15.9,,12.5,,19.2,,2.2,,,M,,M,,,21,,44,,0,,2.1,,,,,
-52.78333888888889,47.513355555555556,ST JOHNS WEST CLIMATE,8403603,8403603.2017.9.21,2017-09-21 00:00:00,NL,2017,9,21,13,,8.9,,17.1,,0.7,,,M,,M,,,32,,56,,0,,5,,,,,
-52.78333888888889,47.513355555555556,ST JOHNS WEST CLIMATE,8403603,8403603.2017.9.22,2017-09-22 00:00:00,NL,2017,9,22,12.1,,7.1,,17.1,,0,,,M,,M,,,25,,39,,0,,5.9,,,,,
-52.78333888888889,47.513355555555556,ST JOHNS WEST CLIMATE,8403603,8403603.2017.9.23,2017-09-23 00:00:00,NL,2017,9,23,14,,7.9,,20.1,,0,,,M,,M,,,24,,54,,0,,4,,,,,
-52.78333888888889,47.513355555555556,ST JOHNS WEST CLIMATE,8403603,8403603.2017.9.24,2017-09-24 00:00:00,NL,2017,9,24,8,,5.7,,10.3,,0,,,M,,M,,,1,,33,,0,,10,,,,,
-52.78333888888889,47.513355555555556,ST JOHNS WEST CLIMATE,8403603,8403603.2017.9.25,2017-09-25 00:00:00,NL,2017,9,25,11.7,,7.6,,15.7,,0,,,M,,M,,,0,,0,,0,,6.3,,,,,
-52.78333888888889,47.513355555555556,ST JOHNS WEST CLIMATE,8403603,8403603.2017.9.26,2017-09-26 00:00:00,NL,2017,9,26,12.4,,6.3,,18.5,,1.9,,,M,,M,,,23,,50,,0,,5.6,,,,,
-52.78333888888889,47.513355555555556,ST JOHNS WEST CLIMATE,8403603,8403603.2017.9.27,2017-09-27 00:00:00,NL,2017,9,27,7.4,,4.6,,10.1,,2.9,,,M,,M,,,13,,37,,0,,10.6,,,,,
-52.78333888888889,47.513355555555556,ST JOHNS WEST CLIMATE,8403603,8403603.2017.9.28,2017-09-28 00:00:00,NL,2017,9,28,,M,6.6,E,,M,,M,,M,,M,,,23,,48,,,M,,M,,,,
-52.78333888888889,47.513355555555556,ST JOHNS WEST CLIMATE,8403603,8403603.2017.9.29,2017-09-29 00:00:00,NL,2017,9,29,11.8,,5.6,,18,,9.7,,,M,,M,,,32,,43,,0,,6.2,,,,,
-52.78333888888889,47.513355555555556,ST JOHNS WEST CLIMATE,8403603,8403603.2017.9.30,2017-09-30 00:00:00,NL,2017,9,30,3.4,,-0.7,,7.4,,0.2,,,M,,M,,,35,,32,,0,,14.6,,,,,
-52.78333888888889,47.513355555555556,ST JOHNS WEST CLIMATE,8403603,8403603.2017.10.1,2017-10-01 00:00:00,NL,2017,10,1,7.6,,1.3,,13.9,,0,,,M,,M,,,23,,52,,0,,10.4,,,,,
-52.78333888888889,47.513355555555556,ST JOHNS WEST CLIMATE,8403603,8403603.2017.10.2,2017-10-02 00:00:00,NL,2017,10,2,9.4,,4.5,,14.2,,0,,,M,,M,,,2,,56,,0,,8.6,,,,,
-52.78333888888889,47.513355555555556,ST JOHNS WEST CLIMATE,8403603,8403603.2017.10.3,2017-10-03 00:00:00,NL,2017,10,3,4.9,,2.8,,6.9,,0,,,M,,M,,,35,,65,,0,,13.1,,,,,
-52.78333888888889,47.513355555555556,ST JOHNS WEST CLIMATE,8403603,8403603.2017.10.4,2017-10-04 00:00:00,NL,2017,10,4,7.2,,2.2,,12.2,,0,,,M,,M,,,0,,0,,0,,10.8,,,,,
-52.78333888888889,47.513355555555556,ST JOHNS WEST CLIMATE,8403603,8403603.2017.10.5,2017-10-05 00:00:00,NL,2017,10,5,12.9,,10.1,,15.6,,0,,,M,,M,,,24,,56,,0,,5.1,,,,,
-52.78333888888889,47.513355555555556,ST JOHNS WEST CLIMATE,8403603,8403603.2017.10.6,2017-10-06 00:00:00,NL,2017,10,6,12.7,,6.7,,18.7,,3.2,,,M,,M,,,25,,35,,0,,5.3,,,,,
-52.78333888888889,47.513355555555556,ST JOHNS WEST CLIMATE,8403603,8403603.2017.10.7,2017-10-07 00:00:00,NL,2017,10,7,10.6,,6,,15.1,,0.2,,,M,,M,,,25,,41,,0,,7.4,,,,,
-52.78333888888889,47.513355555555556,ST JOHNS WEST CLIMATE,8403603,8403603.2017.10.8,2017-10-08 00:00:00,NL,2017,10,8,12.4,,8.1,,16.7,,1.7,,,M,,M,,,23,,39,,0,,5.6,,,,,
-52.78333888888889,47.513355555555556,ST JOHNS WEST CLIMATE,8403603,8403603.2017.10.9,2017-10-09 00:00:00,NL,2017,10,9,15.7,,11.5,,19.8,,3.7,,,M,,M,,,23,,43,,0,,2.3,,,,,
-52.78333888888889,47.513355555555556,ST JOHNS WEST CLIMATE,8403603,8403603.2017.10.10,2017-10-10 00:00:00,NL,2017,10,10,15.9,,11.9,,19.9,,3.4,,,M,,M,,,26,,39,,0,,2.1,,,,,
-52.78333888888889,47.513355555555556,ST JOHNS WEST CLIMATE,8403603,8403603.2017.10.11,2017-10-11 00:00:00,NL,2017,10,11,10.6,,6.2,,14.9,,0,,,M,,M,,,31,,46,,0,,7.4,,,,,
-52.78333888888889,47.513355555555556,ST JOHNS WEST CLIMATE,8403603,8403603.2017.10.12,2017-10-12 00:00:00,NL,2017,10,12,6.2,,2.8,,9.6,,3.4,,,M,,M,,,31,,33,,0,,11.8,,,,,
-52.78333888888889,47.513355555555556,ST JOHNS WEST CLIMATE,8403603,8403603.2017.10.13,2017-10-13 00:00:00,NL,2017,10,13,3.9,,0.2,,7.6,,0.3,,,M,,M,,,36,,35,,0,,14.1,,,,,
-52.78333888888889,47.513355555555556,ST JOHNS WEST CLIMATE,8403603,8403603.2017.10.14,2017-10-14 00:00:00,NL,2017,10,14,6.5,,0.2,,12.7,,0.8,,,M,,M,,,24,,56,,0,,11.5,,,,,
-52.78333888888889,47.513355555555556,ST JOHNS WEST CLIMATE,8403603,8403603.2017.10.15,2017-10-15 00:00:00,NL,2017,10,15,10.2,,7.7,,12.7,,1.5,,,M,,M,,,27,,44,,0,,7.8,,,,,
-52.78333888888889,47.513355555555556,ST JOHNS WEST CLIMATE,8403603,8403603.2017.10.16,2017-10-16 00:00:00,NL,2017,10,16,11.1,,5.4,,16.8,,1.1,,,M,,M,,,23,,63,,0,,6.9,,,,,
-52.78333888888889,47.513355555555556,ST JOHNS WEST CLIMATE,8403603,8403603.2017.10.17,2017-10-17 00:00:00,NL,2017,10,17,4.2,,3,,5.4,,3.3,,,M,,M,,,0,,0,,0,,13.8,,,,,
-52.78333888888889,47.513355555555556,ST JOHNS WEST CLIMATE,8403603,8403603.2017.10.18,2017-10-18 00:00:00,NL,2017,10,18,4,,0,,7.9,,0.5,,,M,,M,,,28,,39,,0,,14,,,,,
-52.78333888888889,47.513355555555556,ST JOHNS WEST CLIMATE,8403603,8403603.2017.10.19,2017-10-19 00:00:00,NL,2017,10,19,,M,4.9,E,,M,,M,,M,,M,,,0,,0,,,M,,M,,,,
-52.78333888888889,47.513355555555556,ST JOHNS WEST CLIMATE,8403603,8403603.2017.10.20,2017-10-20 00:00:00,NL,2017,10,20,,M,,M,,M,,M,,M,,M,,,0,,0,,,M,,M,,,,
-52.78333888888889,47.513355555555556,ST JOHNS WEST CLIMATE,8403603,8403603.2017.10.21,2017-10-21 00:00:00,NL,2017,10,21,4.9,,1.2,,8.6,,1.2,,,M,,M,,,31,,63,,0,,13.1,,,,,
-52.78333888888889,47.513355555555556,ST JOHNS WEST CLIMATE,8403603,8403603.2017.10.22,2017-10-22 00:00:00,NL,2017,10,22,2.2,,0.6,,3.7,,0.6,,,M,,M,,,32,,59,,0,,15.8,,,,,
-52.78333888888889,47.513355555555556,ST JOHNS WEST CLIMATE,8403603,8403603.2017.10.23,2017-10-23 00:00:00,NL,2017,10,23,-1.2,,-4.3,,2,,0.2,,,M,,M,,,31,,35,,0,,19.2,,,,,
-52.78333888888889,47.513355555555556,ST JOHNS WEST CLIMATE,8403603,8403603.2017.10.24,2017-10-24 00:00:00,NL,2017,10,24,4.1,,-3.3,,11.4,,0,,,M,,M,,,0,,0,,0,,13.9,,,,,
-52.78333888888889,47.513355555555556,ST JOHNS WEST CLIMATE,8403603,8403603.2017.10.25,2017-10-25 00:00:00,NL,2017,10,25,9.4,,3.3,,15.5,,0,,,M,,M,,,0,,0,,0,,8.6,,,,,
-52.78333888888889,47.513355555555556,ST JOHNS WEST CLIMATE,8403603,8403603.2017.10.26,2017-10-26 00:00:00,NL,2017,10,26,11.3,,3.1,,19.4,,0,,,M,,M,,,0,,0,,0,,6.7,,,,,
-52.78333888888889,47.513355555555556,ST JOHNS WEST CLIMATE,8403603,8403603.2017.10.27,2017-10-27 00:00:00,NL,2017,10,27,7.3,,4.7,,9.9,,0,,,M,,M,,,0,,0,,0,,10.7,,,,,
-52.78333888888889,47.513355555555556,ST JOHNS WEST CLIMATE,8403603,8403603.2017.10.28,2017-10-28 00:00:00,NL,2017,10,28,5.9,,3.5,,8.3,,0,,,M,,M,,,0,,0,,0,,12.1,,,,,
-52.78333888888889,47.513355555555556,ST JOHNS WEST CLIMATE,8403603,8403603.2017.10.29,2017-10-29 00:00:00,NL,2017,10,29,8.4,,7,,9.8,,0,,,M,,M,,,0,,0,,0,,9.6,,,,,
-52.78333888888889,47.513355555555556,ST JOHNS WEST CLIMATE,8403603,8403603.2017.10.30,2017-10-30 00:00:00,NL,2017,10,30,9.1,,6.5,,11.6,,0,,,M,,M,,,18,,44,,0,,8.9,,,,,
-52.78333888888889,47.513355555555556,ST JOHNS WEST CLIMATE,8403603,8403603.2017.10.31,2017-10-31 00:00:00,NL,2017,10,31,11.3,,7.1,,15.5,,1.6,,,M,,M,,,17,,48,,0,,6.7,,,,,
-52.78333888888889,47.513355555555556,ST JOHNS WEST CLIMATE,8403603,8403603.2017.11.1,2017-11-01 00:00:00,NL,2017,11,1,8.7,,3.6,,13.7,,0,,,M,,M,,,29,,35,,0,,9.3,,,,,
-52.78333888888889,47.513355555555556,ST JOHNS WEST CLIMATE,8403603,8403603.2017.11.2,2017-11-02 00:00:00,NL,2017,11,2,3.9,,-1.4,,9.2,,0,,,M,,M,,,0,,0,,0,,14.1,,,,,
-52.78333888888889,47.513355555555556,ST JOHNS WEST CLIMATE,8403603,8403603.2017.11.3,2017-11-03 00:00:00,NL,2017,11,3,4.6,,-1.3,,10.4,,0,,,M,,M,,,17,,39,,0,,13.4,,,,,
-52.78333888888889,47.513355555555556,ST JOHNS WEST CLIMATE,8403603,8403603.2017.11.4,2017-11-04 00:00:00,NL,2017,11,4,8.2,,2.8,,13.6,,3.5,,,M,,M,,,29,,56,,0,,9.8,,,,,
-52.78333888888889,47.513355555555556,ST JOHNS WEST CLIMATE,8403603,8403603.2017.11.5,2017-11-05 00:00:00,NL,2017,11,5,-1.2,,-5.3,,2.9,,0.2,,,M,,M,,,27,,50,,0,,19.2,,,,,
-52.78333888888889,47.513355555555556,ST JOHNS WEST CLIMATE,8403603,8403603.2017.11.6,2017-11-06 00:00:00,NL,2017,11,6,4.6,,-4.7,,13.9,,0,,,M,,M,,,18,,56,,0,,13.4,,,,,
-52.78333888888889,47.513355555555556,ST JOHNS WEST CLIMATE,8403603,8403603.2017.11.7,2017-11-07 00:00:00,NL,2017,11,7,9.8,,2.2,,17.3,,6.4,,,M,,M,,,21,,61,,0,,8.2,,,,,
-52.78333888888889,47.513355555555556,ST JOHNS WEST CLIMATE,8403603,8403603.2017.11.8,2017-11-08 00:00:00,NL,2017,11,8,3,,1.9,,4.1,,0,,,M,,M,,,5,,33,,0,,15,,,,,
-52.78333888888889,47.513355555555556,ST JOHNS WEST CLIMATE,8403603,8403603.2017.11.9,2017-11-09 00:00:00,NL,2017,11,9,3.5,,2.9,,4,,22.4,,,M,,M,,,1,,46,,0,,14.5,,,,,
-52.78333888888889,47.513355555555556,ST JOHNS WEST CLIMATE,8403603,8403603.2017.11.10,2017-11-10 00:00:00,NL,2017,11,10,4.7,,2.4,,6.9,,6.6,,,M,,M,,,14,,54,,0,,13.3,,,,,
-52.78333888888889,47.513355555555556,ST JOHNS WEST CLIMATE,8403603,8403603.2017.11.11,2017-11-11 00:00:00,NL,2017,11,11,5.6,,0.1,,11.1,,0.5,,,M,,M,,,24,,69,,0,,12.4,,,,,
-52.78333888888889,47.513355555555556,ST JOHNS WEST CLIMATE,8403603,8403603.2017.11.12,2017-11-12 00:00:00,NL,2017,11,12,1.2,,-1.6,,4,,0.2,,,M,,M,,,27,,43,,0,,16.8,,,,,
-52.78333888888889,47.513355555555556,ST JOHNS WEST CLIMATE,8403603,8403603.2017.11.13,2017-11-13 00:00:00,NL,2017,11,13,0,,-4.5,,4.5,,0,,,M,,M,0,T,0,,0,,0,,18,,,,,
-52.78333888888889,47.513355555555556,ST JOHNS WEST CLIMATE,8403603,8403603.2017.11.14,2017-11-14 00:00:00,NL,2017,11,14,1.8,,-1.2,,4.8,,0.4,,,M,,M,0,T,5,,43,,0,,16.2,,,,,
-52.78333888888889,47.513355555555556,ST JOHNS WEST CLIMATE,8403603,8403603.2017.11.15,2017-11-15 00:00:00,NL,2017,11,15,1.3,,-0.1,,2.7,,0,,,M,,M,0,T,33,,46,,0,,16.7,,,,,
-52.78333888888889,47.513355555555556,ST JOHNS WEST CLIMATE,8403603,8403603.2017.11.16,2017-11-16 00:00:00,NL,2017,11,16,1.5,,-0.7,,3.7,,0,,,M,,M,0,T,34,,52,,0,,16.5,,,,,
-52.78333888888889,47.513355555555556,ST JOHNS WEST CLIMATE,8403603,8403603.2017.11.17,2017-11-17 00:00:00,NL,2017,11,17,1.5,,-0.9,,3.9,,4.5,,,M,,M,0,T,11,,33,,0,,16.5,,,,,
-52.78333888888889,47.513355555555556,ST JOHNS WEST CLIMATE,8403603,8403603.2017.11.18,2017-11-18 00:00:00,NL,2017,11,18,5,,3.7,,6.3,,1.2,,,M,,M,0,T,27,,41,,0,,13,,,,,
-52.78333888888889,47.513355555555556,ST JOHNS WEST CLIMATE,8403603,8403603.2017.11.19,2017-11-19 00:00:00,NL,2017,11,19,,M,3,E,,M,,M,,M,,M,0,T,31,,46,,,M,,M,,,,
-52.78333888888889,47.513355555555556,ST JOHNS WEST CLIMATE,8403603,8403603.2017.11.20,2017-11-20 00:00:00,NL,2017,11,20,6.7,,1,,12.4,,5,,,M,,M,0,T,23,,37,,0,,11.3,,,,,
-52.78333888888889,47.513355555555556,ST JOHNS WEST CLIMATE,8403603,8403603.2017.11.21,2017-11-21 00:00:00,NL,2017,11,21,1.3,,-0.5,,3.1,,0,,,M,,M,,,29,,54,,0,,16.7,,,,,
-52.78333888888889,47.513355555555556,ST JOHNS WEST CLIMATE,8403603,8403603.2017.11.22,2017-11-22 00:00:00,NL,2017,11,22,-0.1,,-4.2,,4,,0,,,M,,M,,,29,,46,,0,,18.1,,,,,
-52.78333888888889,47.513355555555556,ST JOHNS WEST CLIMATE,8403603,8403603.2017.11.23,2017-11-23 00:00:00,NL,2017,11,23,2.3,,-3.8,,8.4,,5.4,,,M,,M,,,23,,67,,0,,15.7,,,,,
-52.78333888888889,47.513355555555556,ST JOHNS WEST CLIMATE,8403603,8403603.2017.11.24,2017-11-24 00:00:00,NL,2017,11,24,3.5,,1.1,,5.9,,0,,,M,,M,0,T,26,,46,,0,,14.5,,,,,
-52.78333888888889,47.513355555555556,ST JOHNS WEST CLIMATE,8403603,8403603.2017.11.25,2017-11-25 00:00:00,NL,2017,11,25,1.5,,-2.7,,5.7,,0.2,,,M,,M,0,T,18,,33,,0,,16.5,,,,,
-52.78333888888889,47.513355555555556,ST JOHNS WEST CLIMATE,8403603,8403603.2017.11.26,2017-11-26 00:00:00,NL,2017,11,26,7,,3.8,,10.2,,23.8,,,M,,M,0,T,14,,67,,0,,11,,,,,
-52.78333888888889,47.513355555555556,ST JOHNS WEST CLIMATE,8403603,8403603.2017.11.27,2017-11-27 00:00:00,NL,2017,11,27,3.9,,-0.5,,8.2,,0.2,,,M,,M,,,24,,54,,0,,14.1,,,,,
-52.78333888888889,47.513355555555556,ST JOHNS WEST CLIMATE,8403603,8403603.2017.11.28,2017-11-28 00:00:00,NL,2017,11,28,-1.2,,-3.5,,1.2,,0.9,,,M,,M,0,T,32,,35,,0,,19.2,,,,,
-52.78333888888889,47.513355555555556,ST JOHNS WEST CLIMATE,8403603,8403603.2017.11.29,2017-11-29 00:00:00,NL,2017,11,29,0.7,,-5.7,,7,,0.2,,,M,,M,0,T,20,,41,,0,,17.3,,,,,
-52.78333888888889,47.513355555555556,ST JOHNS WEST CLIMATE,8403603,8403603.2017.11.30,2017-11-30 00:00:00,NL,2017,11,30,2.6,,-2,,7.1,,12.2,,,M,,M,0,T,34,,50,,0,,15.4,,,,,
-52.78333888888889,47.513355555555556,ST JOHNS WEST CLIMATE,8403603,8403603.2017.12.1,2017-12-01 00:00:00,NL,2017,12,1,-0.2,,-1.9,,1.5,,0.2,,,M,,M,0,T,0,,0,,0,,18.2,,,,,
-52.78333888888889,47.513355555555556,ST JOHNS WEST CLIMATE,8403603,8403603.2017.12.2,2017-12-02 00:00:00,NL,2017,12,2,1.6,,0.4,,2.7,,0.2,,,M,,M,0,T,0,,0,,0,,16.4,,,,,
-52.78333888888889,47.513355555555556,ST JOHNS WEST CLIMATE,8403603,8403603.2017.12.3,2017-12-03 00:00:00,NL,2017,12,3,0.5,,-0.4,,1.4,,0.2,,,M,,M,0,T,2,,33,,0,,17.5,,,,,
-52.78333888888889,47.513355555555556,ST JOHNS WEST CLIMATE,8403603,8403603.2017.12.4,2017-12-04 00:00:00,NL,2017,12,4,1.3,,0.7,,1.8,,0.7,,,M,,M,0,T,36,,46,,0,,16.7,,,,,
-52.78333888888889,47.513355555555556,ST JOHNS WEST CLIMATE,8403603,8403603.2017.12.5,2017-12-05 00:00:00,NL,2017,12,5,0.5,,-0.4,,1.4,,0.2,,,M,,M,0,T,35,,41,,0,,17.5,,,,,
-52.78333888888889,47.513355555555556,ST JOHNS WEST CLIMATE,8403603,8403603.2017.12.6,2017-12-06 00:00:00,NL,2017,12,6,0.3,,-2.7,,3.3,,0,,,M,,M,0,T,0,,0,,0,,17.7,,,,,
-52.78333888888889,47.513355555555556,ST JOHNS WEST CLIMATE,8403603,8403603.2017.12.7,2017-12-07 00:00:00,NL,2017,12,7,2.6,,-0.4,,5.6,,10.1,,,M,,M,0,T,31,,41,,0,,15.4,,,,,
-52.78333888888889,47.513355555555556,ST JOHNS WEST CLIMATE,8403603,8403603.2017.12.8,2017-12-08 00:00:00,NL,2017,12,8,0.7,,-1.5,,2.9,,3.6,,,M,,M,0,T,22,,33,,0,,17.3,,,,,
-52.78333888888889,47.513355555555556,ST JOHNS WEST CLIMATE,8403603,8403603.2017.12.9,2017-12-09 00:00:00,NL,2017,12,9,1,,-0.3,,2.2,,5.3,,,M,,M,0,T,11,,35,,0,,17,,,,,
-52.78333888888889,47.513355555555556,ST JOHNS WEST CLIMATE,8403603,8403603.2017.12.10,2017-12-10 00:00:00,NL,2017,12,10,9.4,,1.4,,17.3,,28.2,,,M,,M,0,T,21,,69,,0,,8.6,,,,,
-52.78333888888889,47.513355555555556,ST JOHNS WEST CLIMATE,8403603,8403603.2017.12.11,2017-12-11 00:00:00,NL,2017,12,11,1.5,,-1.2,,4.1,,0,,,M,,M,,,24,,43,,0,,16.5,,,,,
-52.78333888888889,47.513355555555556,ST JOHNS WEST CLIMATE,8403603,8403603.2017.12.12,2017-12-12 00:00:00,NL,2017,12,12,2.2,,0,,4.4,,2.5,,,M,,M,0,T,0,,0,,0,,15.8,,,,,
-52.78333888888889,47.513355555555556,ST JOHNS WEST CLIMATE,8403603,8403603.2017.12.13,2017-12-13 00:00:00,NL,2017,12,13,6.8,,1.8,,11.8,,32.1,,,M,,M,0,T,13,,59,,0,,11.2,,,,,
-52.78333888888889,47.513355555555556,ST JOHNS WEST CLIMATE,8403603,8403603.2017.12.14,2017-12-14 00:00:00,NL,2017,12,14,7,,2.6,,11.4,,14.9,,,M,,M,,,14,,74,,0,,11,,,,,
-52.78333888888889,47.513355555555556,ST JOHNS WEST CLIMATE,8403603,8403603.2017.12.15,2017-12-15 00:00:00,NL,2017,12,15,1.3,,-0.6,,3.1,,0.5,,,M,,M,,,24,,67,,0,,16.7,,,,,
-52.78333888888889,47.513355555555556,ST JOHNS WEST CLIMATE,8403603,8403603.2017.12.16,2017-12-16 00:00:00,NL,2017,12,16,-2.3,,-4.6,,0,,17,,,M,,M,0,T,32,,91,,0,,20.3,,,,,
-52.78333888888889,47.513355555555556,ST JOHNS WEST CLIMATE,8403603,8403603.2017.12.17,2017-12-17 00:00:00,NL,2017,12,17,-5.1,,-6.3,,-3.8,,1.3,,,M,,M,19,,30,,41,,0,,23.1,,,,,
-52.78333888888889,47.513355555555556,ST JOHNS WEST CLIMATE,8403603,8403603.2017.12.18,2017-12-18 00:00:00,NL,2017,12,18,-8.4,,-12.6,,-4.1,,0,,,M,,M,16,,28,,37,,0,,26.4,,,,,
-52.78333888888889,47.513355555555556,ST JOHNS WEST CLIMATE,8403603,8403603.2017.12.19,2017-12-19 00:00:00,NL,2017,12,19,-3.5,,-7.7,,0.7,,0.2,,,M,,M,14,,0,,0,,0,,21.5,,,,,
-52.78333888888889,47.513355555555556,ST JOHNS WEST CLIMATE,8403603,8403603.2017.12.20,2017-12-20 00:00:00,NL,2017,12,20,1.4,,-1.4,,4.2,,18.1,,,M,,M,12,,21,,52,,0,,16.6,,,,,
-52.78333888888889,47.513355555555556,ST JOHNS WEST CLIMATE,8403603,8403603.2017.12.21,2017-12-21 00:00:00,NL,2017,12,21,-0.4,,-1.9,,1.1,,0,,,M,,M,10,,22,,61,,0,,18.4,,,,,
-52.78333888888889,47.513355555555556,ST JOHNS WEST CLIMATE,8403603,8403603.2017.12.22,2017-12-22 00:00:00,NL,2017,12,22,-2.3,,-4.4,,-0.1,,0,,,M,,M,9,,28,,50,,0,,20.3,,,,,
-52.78333888888889,47.513355555555556,ST JOHNS WEST CLIMATE,8403603,8403603.2017.12.23,2017-12-23 00:00:00,NL,2017,12,23,-3.4,,-5.5,,-1.3,,0.2,,,M,,M,9,,28,,32,,0,,21.4,,,,,
-52.78333888888889,47.513355555555556,ST JOHNS WEST CLIMATE,8403603,8403603.2017.12.24,2017-12-24 00:00:00,NL,2017,12,24,4.1,,-1.5,,9.7,,18.6,,,M,,M,11,,22,,65,,0,,13.9,,,,,
-52.78333888888889,47.513355555555556,ST JOHNS WEST CLIMATE,8403603,8403603.2017.12.25,2017-12-25 00:00:00,NL,2017,12,25,1.6,,-3.8,,6.9,,13.2,,,M,,M,5,,24,,70,,0,,16.4,,,,,
-52.78333888888889,47.513355555555556,ST JOHNS WEST CLIMATE,8403603,8403603.2017.12.26,2017-12-26 00:00:00,NL,2017,12,26,0.3,,-3.8,,4.3,,0,,,M,,M,5,,23,,91,,0,,17.7,,,,,
-52.78333888888889,47.513355555555556,ST JOHNS WEST CLIMATE,8403603,8403603.2017.12.27,2017-12-27 00:00:00,NL,2017,12,27,-4.7,,-7.5,,-1.9,,1.9,,,M,,M,5,,23,,87,,0,,22.7,,,,,
-52.78333888888889,47.513355555555556,ST JOHNS WEST CLIMATE,8403603,8403603.2017.12.28,2017-12-28 00:00:00,NL,2017,12,28,-4.9,,-6.6,,-3.1,,0.2,,,M,,M,5,,25,,76,,0,,22.9,,,,,
-52.78333888888889,47.513355555555556,ST JOHNS WEST CLIMATE,8403603,8403603.2017.12.29,2017-12-29 00:00:00,NL,2017,12,29,-3.5,,-6.1,,-0.9,,2,,,M,,M,6,,31,,48,,0,,21.5,,,,,
-52.78333888888889,47.513355555555556,ST JOHNS WEST CLIMATE,8403603,8403603.2017.12.30,2017-12-30 00:00:00,NL,2017,12,30,-6.6,,-10.8,,-2.4,,4.9,,,M,,M,,,5,,39,,0,,24.6,,,,,
-52.78333888888889,47.513355555555556,ST JOHNS WEST CLIMATE,8403603,8403603.2017.12.31,2017-12-31 00:00:00,NL,2017,12,31,-5.6,,-8.8,,-2.4,,4.1,,,M,,M,,,26,,41,,0,,23.6,,,,,
-52.78333888888889,47.513355555555556,ST JOHNS WEST CLIMATE,8403603,8403603.2018.1.1,2018-01-01 00:00:00,NL,2018,1,1,-5,,-8.6,,-1.4,,2.9,,,M,,M,19,,23,,43,,0,,23,,,,,
-52.78333888888889,47.513355555555556,ST JOHNS WEST CLIMATE,8403603,8403603.2018.1.2,2018-01-02 00:00:00,NL,2018,1,2,-4.4,,-8.1,,-0.7,,0.2,,,M,,M,,,0,,0,,0,,22.4,,,,,
-52.78333888888889,47.513355555555556,ST JOHNS WEST CLIMATE,8403603,8403603.2018.1.3,2018-01-03 00:00:00,NL,2018,1,3,-5.1,,-8.1,,-2,,0,,,M,,M,19,,24,,50,,0,,23.1,,,,,
-52.78333888888889,47.513355555555556,ST JOHNS WEST CLIMATE,8403603,8403603.2018.1.4,2018-01-04 00:00:00,NL,2018,1,4,-6,,-12.4,,0.5,,4.6,,,M,,M,17,,11,,70,,0,,24,,,,,
-52.78333888888889,47.513355555555556,ST JOHNS WEST CLIMATE,8403603,8403603.2018.1.5,2018-01-05 00:00:00,NL,2018,1,5,4.6,,0.4,,8.7,,8.2,,,M,,M,,,22,,48,,0,,13.4,,,,,
-52.78333888888889,47.513355555555556,ST JOHNS WEST CLIMATE,8403603,8403603.2018.1.6,2018-01-06 00:00:00,NL,2018,1,6,-2,,-7.1,,3.2,,3,,,M,,M,7,,25,,70,,0,,20,,,,,
-52.78333888888889,47.513355555555556,ST JOHNS WEST CLIMATE,8403603,8403603.2018.1.7,2018-01-07 00:00:00,NL,2018,1,7,-7.2,,-9.1,,-5.3,,1.5,,,M,,M,11,,28,,59,,0,,25.2,,,,,
-52.78333888888889,47.513355555555556,ST JOHNS WEST CLIMATE,8403603,8403603.2018.1.8,2018-01-08 00:00:00,NL,2018,1,8,-6.1,,-8.2,,-4,,0,,,M,,M,7,,26,,69,,0,,24.1,,,,,
-52.78333888888889,47.513355555555556,ST JOHNS WEST CLIMATE,8403603,8403603.2018.1.9,2018-01-09 00:00:00,NL,2018,1,9,-3.7,,-9.1,,1.7,,5.1,,,M,,M,7,,26,,46,,0,,21.7,,,,,
-52.78333888888889,47.513355555555556,ST JOHNS WEST CLIMATE,8403603,8403603.2018.1.10,2018-01-10 00:00:00,NL,2018,1,10,-5.3,,-9.1,,-1.4,,0.2,,,M,,M,12,,30,,65,,0,,23.3,,,,,
-52.78333888888889,47.513355555555556,ST JOHNS WEST CLIMATE,8403603,8403603.2018.1.11,2018-01-11 00:00:00,NL,2018,1,11,-4,,-11.5,,3.6,,1.7,,,M,,M,11,,29,,41,,0,,22,,,,,
-52.78333888888889,47.513355555555556,ST JOHNS WEST CLIMATE,8403603,8403603.2018.1.12,2018-01-12 00:00:00,NL,2018,1,12,6.5,,3.3,,9.7,,0,,,M,,M,6,,27,,56,,0,,11.5,,,,,
-52.78333888888889,47.513355555555556,ST JOHNS WEST CLIMATE,8403603,8403603.2018.1.13,2018-01-13 00:00:00,NL,2018,1,13,11.4,,8,,14.8,,3.3,,,M,,M,,,23,,80,,0,,6.6,,,,,
-52.78333888888889,47.513355555555556,ST JOHNS WEST CLIMATE,8403603,8403603.2018.1.14,2018-01-14 00:00:00,NL,2018,1,14,6,,-1,,12.9,,0.9,,,M,,M,,,21,,76,,0,,12,,,,,
-52.78333888888889,47.513355555555556,ST JOHNS WEST CLIMATE,8403603,8403603.2018.1.15,2018-01-15 00:00:00,NL,2018,1,15,-3.5,,-6,,-0.9,,1.9,,,M,,M,,,8,,33,,0,,21.5,,,,,
-52.78333888888889,47.513355555555556,ST JOHNS WEST CLIMATE,8403603,8403603.2018.1.16,2018-01-16 00:00:00,NL,2018,1,16,-3.5,,-5.3,,-1.6,,27.8,,,M,,M,5,,3,,50,,0,,21.5,,,,,
-52.78333888888889,47.513355555555556,ST JOHNS WEST CLIMATE,8403603,8403603.2018.1.17,2018-01-17 00:00:00,NL,2018,1,17,-3.2,,-4.8,,-1.5,,0,,,M,,M,10,,0,,0,,0,,21.2,,,,,
-52.78333888888889,47.513355555555556,ST JOHNS WEST CLIMATE,8403603,8403603.2018.1.18,2018-01-18 00:00:00,NL,2018,1,18,0.9,,-2.7,,4.4,,1.9,,,M,,M,9,,16,,39,,0,,17.1,,,,,
-52.78333888888889,47.513355555555556,ST JOHNS WEST CLIMATE,8403603,8403603.2018.1.19,2018-01-19 00:00:00,NL,2018,1,19,-4,,-6.4,,-1.5,,0,,,M,,M,9,,34,,41,,0,,22,,,,,
-52.78333888888889,47.513355555555556,ST JOHNS WEST CLIMATE,8403603,8403603.2018.1.20,2018-01-20 00:00:00,NL,2018,1,20,-2.9,,-8.4,,2.7,,4.1,,,M,,M,9,,24,,43,,0,,20.9,,,,,
-52.78333888888889,47.513355555555556,ST JOHNS WEST CLIMATE,8403603,8403603.2018.1.21,2018-01-21 00:00:00,NL,2018,1,21,-2.7,,-6.4,,1,,0,,,M,,M,10,,30,,67,,0,,20.7,,,,,
-52.78333888888889,47.513355555555556,ST JOHNS WEST CLIMATE,8403603,8403603.2018.1.22,2018-01-22 00:00:00,NL,2018,1,22,-7.2,,-8.6,,-5.8,,0,,,M,,M,10,,31,,56,,0,,25.2,,,,,
-52.78333888888889,47.513355555555556,ST JOHNS WEST CLIMATE,8403603,8403603.2018.1.23,2018-01-23 00:00:00,NL,2018,1,23,-4.7,,-9,,-0.3,,0,,,M,,M,11,,28,,35,,0,,22.7,,,,,
-52.78333888888889,47.513355555555556,ST JOHNS WEST CLIMATE,8403603,8403603.2018.1.24,2018-01-24 00:00:00,NL,2018,1,24,3.4,,-1.5,,8.2,,25.8,,,M,,M,11,,19,,57,,0,,14.6,,,,,
-52.78333888888889,47.513355555555556,ST JOHNS WEST CLIMATE,8403603,8403603.2018.1.25,2018-01-25 00:00:00,NL,2018,1,25,-1.9,,-5.8,,2,,0,,,M,,M,,,26,,56,,0,,19.9,,,,,
-52.78333888888889,47.513355555555556,ST JOHNS WEST CLIMATE,8403603,8403603.2018.1.26,2018-01-26 00:00:00,NL,2018,1,26,-5.1,,-7.3,,-2.8,,0.5,,,M,,M,6,,26,,44,,0,,23.1,,,,,
-52.78333888888889,47.513355555555556,ST JOHNS WEST CLIMATE,8403603,8403603.2018.1.27,2018-01-27 00:00:00,NL,2018,1,27,-6.8,,-10.4,,-3.2,,0.2,,,M,,M,7,,31,,33,,0,,24.8,,,,,
-52.78333888888889,47.513355555555556,ST JOHNS WEST CLIMATE,8403603,8403603.2018.1.28,2018-01-28 00:00:00,NL,2018,1,28,1.1,,-3.2,,5.3,,0.3,,,M,,M,7,,25,,59,,0,,16.9,,,,,
-52.78333888888889,47.513355555555556,ST JOHNS WEST CLIMATE,8403603,8403603.2018.1.29,2018-01-29 00:00:00,NL,2018,1,29,-1.2,,-5.1,,2.8,,1.1,,,M,,M,4,,7,,32,,0,,19.2,,,,,
-52.78333888888889,47.513355555555556,ST JOHNS WEST CLIMATE,8403603,8403603.2018.1.30,2018-01-30 00:00:00,NL,2018,1,30,1,,-5.3,,7.2,,13.2,,,M,,M,17,,8,,46,,0,,17,,,,,
-52.78333888888889,47.513355555555556,ST JOHNS WEST CLIMATE,8403603,8403603.2018.1.31,2018-01-31 00:00:00,NL,2018,1,31,1.6,,-5.2,,8.3,,3.5,,,M,,M,3,,21,,59,,0,,16.4,,,,,
-52.78333888888889,47.513355555555556,ST JOHNS WEST CLIMATE,8403603,8403603.2018.2.1,2018-02-01 00:00:00,NL,2018,2,1,-1.1,,-5.1,,2.9,,0,,,M,,M,3,,26,,46,,0,,19.1,,,,,
-52.78333888888889,47.513355555555556,ST JOHNS WEST CLIMATE,8403603,8403603.2018.2.2,2018-02-02 00:00:00,NL,2018,2,2,5.8,,2.8,,8.7,,3.2,,,M,,M,1,,21,,52,,0,,12.2,,,,,
-52.78333888888889,47.513355555555556,ST JOHNS WEST CLIMATE,8403603,8403603.2018.2.3,2018-02-03 00:00:00,NL,2018,2,3,-1.4,,-11,,8.2,,3.5,,,M,,M,0,T,25,,57,,0,,19.4,,,,,
-52.78333888888889,47.513355555555556,ST JOHNS WEST CLIMATE,8403603,8403603.2018.2.4,2018-02-04 00:00:00,NL,2018,2,4,-6.9,,-11.7,,-2,,0,,,M,,M,2,,30,,39,,0,,24.9,,,,,
-52.78333888888889,47.513355555555556,ST JOHNS WEST CLIMATE,8403603,8403603.2018.2.5,2018-02-05 00:00:00,NL,2018,2,5,4.6,,-2.3,,11.4,,12.3,,,M,,M,1,,17,,65,,0,,13.4,,,,,
-52.78333888888889,47.513355555555556,ST JOHNS WEST CLIMATE,8403603,8403603.2018.2.6,2018-02-06 00:00:00,NL,2018,2,6,2.1,,-3.2,,7.3,,0.3,,,M,,M,,,27,,50,,0,,15.9,,,,,
-52.78333888888889,47.513355555555556,ST JOHNS WEST CLIMATE,8403603,8403603.2018.2.7,2018-02-07 00:00:00,NL,2018,2,7,,M,-3.9,E,,M,,M,,M,,M,1,,17,,35,,,M,,M,,,,
-52.78333888888889,47.513355555555556,ST JOHNS WEST CLIMATE,8403603,8403603.2018.2.8,2018-02-08 00:00:00,NL,2018,2,8,2.3,,-4.7,,9.3,,16.3,,,M,,M,1,,19,,57,,0,,15.7,,,,,
-52.78333888888889,47.513355555555556,ST JOHNS WEST CLIMATE,8403603,8403603.2018.2.9,2018-02-09 00:00:00,NL,2018,2,9,-7.2,,-9.9,,-4.5,,0.2,,,M,,M,0,T,30,,32,,0,,25.2,,,,,
-52.78333888888889,47.513355555555556,ST JOHNS WEST CLIMATE,8403603,8403603.2018.2.10,2018-02-10 00:00:00,NL,2018,2,10,-3.9,,-12,,4.3,,0.5,,,M,,M,0,T,22,,41,,0,,21.9,,,,,
-52.78333888888889,47.513355555555556,ST JOHNS WEST CLIMATE,8403603,8403603.2018.2.11,2018-02-11 00:00:00,NL,2018,2,11,2.2,,-3.1,,7.5,,6.7,,,M,,M,,,25,,61,,0,,15.8,,,,,
-52.78333888888889,47.513355555555556,ST JOHNS WEST CLIMATE,8403603,8403603.2018.2.12,2018-02-12 00:00:00,NL,2018,2,12,1.7,,-4.2,,7.6,,3.2,,,M,,M,0,T,29,,65,,0,,16.3,,,,,
-52.78333888888889,47.513355555555556,ST JOHNS WEST CLIMATE,8403603,8403603.2018.2.13,2018-02-13 00:00:00,NL,2018,2,13,-7.9,,-11.7,,-4.1,,0.2,,,M,,M,0,T,30,,61,,0,,25.9,,,,,
-52.78333888888889,47.513355555555556,ST JOHNS WEST CLIMATE,8403603,8403603.2018.2.14,2018-02-14 00:00:00,NL,2018,2,14,-6.3,,-12.1,,-0.5,,0,,,M,,M,0,T,25,,57,,0,,24.3,,,,,
-52.78333888888889,47.513355555555556,ST JOHNS WEST CLIMATE,8403603,8403603.2018.2.15,2018-02-15 00:00:00,NL,2018,2,15,1.7,,-3.1,,6.5,,0,,,M,,M,0,T,0,,0,,0,,16.3,,,,,
-52.78333888888889,47.513355555555556,ST JOHNS WEST CLIMATE,8403603,8403603.2018.2.16,2018-02-16 00:00:00,NL,2018,2,16,0.5,,-1.5,,2.5,,7.2,,,M,,M,,,28,,43,,0,,17.5,,,,,
-52.78333888888889,47.513355555555556,ST JOHNS WEST CLIMATE,8403603,8403603.2018.2.17,2018-02-17 00:00:00,NL,2018,2,17,-6.3,,-13.1,,0.5,,3.1,,,M,,M,17,,30,,67,,0,,24.3,,,,,
-52.78333888888889,47.513355555555556,ST JOHNS WEST CLIMATE,8403603,8403603.2018.2.18,2018-02-18 00:00:00,NL,2018,2,18,-9.2,,-12.9,,-5.5,,0.3,,,M,,M,5,,30,,37,,0,,27.2,,,,,
-52.78333888888889,47.513355555555556,ST JOHNS WEST CLIMATE,8403603,8403603.2018.2.19,2018-02-19 00:00:00,NL,2018,2,19,-6.2,,-9.5,,-2.8,,0,,,M,,M,5,,2,,33,,0,,24.2,,,,,
-52.78333888888889,47.513355555555556,ST JOHNS WEST CLIMATE,8403603,8403603.2018.2.20,2018-02-20 00:00:00,NL,2018,2,20,-2.8,,-7.5,,1.9,,0,,,M,,M,5,,3,,37,,0,,20.8,,,,,
-52.78333888888889,47.513355555555556,ST JOHNS WEST CLIMATE,8403603,8403603.2018.2.21,2018-02-21 00:00:00,NL,2018,2,21,-3.8,E,-7.8,E,0.2,E,1.5,E,,M,,M,4,,,M,,M,0,E,21.8,E,,,,
-52.78333888888889,47.513355555555556,ST JOHNS WEST CLIMATE,8403603,8403603.2018.2.22,2018-02-22 00:00:00,NL,2018,2,22,,M,,M,,M,,M,,M,,M,,,0,,0,,,M,,M,,,,
-52.78333888888889,47.513355555555556,ST JOHNS WEST CLIMATE,8403603,8403603.2018.2.23,2018-02-23 00:00:00,NL,2018,2,23,-8.7,,-10.7,,-6.6,,0,,,M,,M,4,,34,,59,,0,,26.7,,,,,
-52.78333888888889,47.513355555555556,ST JOHNS WEST CLIMATE,8403603,8403603.2018.2.24,2018-02-24 00:00:00,NL,2018,2,24,-5.7,,-9.3,,-2,,4.7,,,M,,M,5,,3,,50,,0,,23.7,,,,,
-52.78333888888889,47.513355555555556,ST JOHNS WEST CLIMATE,8403603,8403603.2018.2.25,2018-02-25 00:00:00,NL,2018,2,25,-9.4,,-12.7,,-6.1,,0,,,M,,M,16,,34,,57,,0,,27.4,,,,,
-52.78333888888889,47.513355555555556,ST JOHNS WEST CLIMATE,8403603,8403603.2018.2.26,2018-02-26 00:00:00,NL,2018,2,26,-7.4,,-12.7,,-2.1,,0,,,M,,M,16,,12,,35,,0,,25.4,,,,,
-52.78333888888889,47.513355555555556,ST JOHNS WEST CLIMATE,8403603,8403603.2018.2.27,2018-02-27 00:00:00,NL,2018,2,27,-1.9,,-3.2,,-0.6,,9.7,,,M,,M,23,,13,,57,,0,,19.9,,,,,
-52.78333888888889,47.513355555555556,ST JOHNS WEST CLIMATE,8403603,8403603.2018.2.28,2018-02-28 00:00:00,NL,2018,2,28,-1.1,,-2.2,,0,,0.9,,,M,,M,22,,0,,0,,0,,19.1,,,,,
-52.78333888888889,47.513355555555556,ST JOHNS WEST CLIMATE,8403603,8403603.2018.3.1,2018-03-01 00:00:00,NL,2018,3,1,0.6,,-1.1,,2.3,,3,,,M,,M,19,,33,,43,,0,,17.4,,,,,
-52.78333888888889,47.513355555555556,ST JOHNS WEST CLIMATE,8403603,8403603.2018.3.2,2018-03-02 00:00:00,NL,2018,3,2,1,,-0.7,,2.7,,0.5,,,M,,M,18,,8,,32,,0,,17,,,,,
-52.78333888888889,47.513355555555556,ST JOHNS WEST CLIMATE,8403603,8403603.2018.3.3,2018-03-03 00:00:00,NL,2018,3,3,0.1,,-0.4,,0.5,,0,,,M,,M,14,,7,,50,,0,,17.9,,,,,
-52.78333888888889,47.513355555555556,ST JOHNS WEST CLIMATE,8403603,8403603.2018.3.4,2018-03-04 00:00:00,NL,2018,3,4,1,,-0.1,,2.1,,0,,,M,,M,12,,7,,52,,0,,17,,,,,
-52.78333888888889,47.513355555555556,ST JOHNS WEST CLIMATE,8403603,8403603.2018.3.5,2018-03-05 00:00:00,NL,2018,3,5,0.5,,-1,,1.9,,0,,,M,,M,10,,7,,59,,0,,17.5,,,,,
-52.78333888888889,47.513355555555556,ST JOHNS WEST CLIMATE,8403603,8403603.2018.3.6,2018-03-06 00:00:00,NL,2018,3,6,-0.1,,-0.8,,0.7,,0,,,M,,M,8,,4,,63,,0,,18.1,,,,,
-52.78333888888889,47.513355555555556,ST JOHNS WEST CLIMATE,8403603,8403603.2018.3.7,2018-03-07 00:00:00,NL,2018,3,7,-0.7,,-1.5,,0.2,,0,,,M,,M,8,,3,,61,,0,,18.7,,,,,
-52.78333888888889,47.513355555555556,ST JOHNS WEST CLIMATE,8403603,8403603.2018.3.8,2018-03-08 00:00:00,NL,2018,3,8,-1.6,,-3.1,,0,,0,,,M,,M,7,,5,,35,,0,,19.6,,,,,
-52.78333888888889,47.513355555555556,ST JOHNS WEST CLIMATE,8403603,8403603.2018.3.9,2018-03-09 00:00:00,NL,2018,3,9,-1.4,,-3.3,,0.5,,0.3,,,M,,M,7,,13,,44,,0,,19.4,,,,,
-52.78333888888889,47.513355555555556,ST JOHNS WEST CLIMATE,8403603,8403603.2018.3.10,2018-03-10 00:00:00,NL,2018,3,10,-0.6,,-1.6,,0.5,,16.3,,,M,,M,,,9,,52,,0,,18.6,,,,,
-52.78333888888889,47.513355555555556,ST JOHNS WEST CLIMATE,8403603,8403603.2018.3.11,2018-03-11 00:00:00,NL,2018,3,11,-1,,-2.5,,0.6,,0.7,,,M,,M,23,,0,,0,,0,,19,,,,,
-52.78333888888889,47.513355555555556,ST JOHNS WEST CLIMATE,8403603,8403603.2018.3.12,2018-03-12 00:00:00,NL,2018,3,12,-0.8,,-1.8,,0.3,,2.3,,,M,,M,22,,32,,43,,0,,18.8,,,,,
-52.78333888888889,47.513355555555556,ST JOHNS WEST CLIMATE,8403603,8403603.2018.3.13,2018-03-13 00:00:00,NL,2018,3,13,0.4,,-0.9,,1.7,,0.2,,,M,,M,23,,9,,39,,0,,17.6,,,,,
-52.78333888888889,47.513355555555556,ST JOHNS WEST CLIMATE,8403603,8403603.2018.3.14,2018-03-14 00:00:00,NL,2018,3,14,0.7,,-0.8,,2.1,,12.9,,,M,,M,20,,11,,56,,0,,17.3,,,,,
-52.78333888888889,47.513355555555556,ST JOHNS WEST CLIMATE,8403603,8403603.2018.3.15,2018-03-15 00:00:00,NL,2018,3,15,1.3,,-1.1,,3.6,,24.4,,,M,,M,19,,13,,57,,0,,16.7,,,,,
-52.78333888888889,47.513355555555556,ST JOHNS WEST CLIMATE,8403603,8403603.2018.3.16,2018-03-16 00:00:00,NL,2018,3,16,2.1,,-2.6,,6.7,,0,,,M,,M,16,,21,,43,,0,,15.9,,,,,
-52.78333888888889,47.513355555555556,ST JOHNS WEST CLIMATE,8403603,8403603.2018.3.17,2018-03-17 00:00:00,NL,2018,3,17,-0.5,,-3.3,,2.4,,0.7,,,M,,M,14,,0,,0,,0,,18.5,,,,,
-52.78333888888889,47.513355555555556,ST JOHNS WEST CLIMATE,8403603,8403603.2018.3.18,2018-03-18 00:00:00,NL,2018,3,18,-1.6,,-3.8,,0.7,,1.6,,,M,,M,15,,26,,59,,0,,19.6,,,,,
-52.78333888888889,47.513355555555556,ST JOHNS WEST CLIMATE,8403603,8403603.2018.3.19,2018-03-19 00:00:00,NL,2018,3,19,-2.4,,-3.2,,-1.6,,0,,,M,,M,,,23,,57,,0,,20.4,,,,,
-52.78333888888889,47.513355555555556,ST JOHNS WEST CLIMATE,8403603,8403603.2018.3.20,2018-03-20 00:00:00,NL,2018,3,20,-2.1,,-4.9,,0.7,,0,,,M,,M,,,23,,43,,0,,20.1,,,,,
-52.78333888888889,47.513355555555556,ST JOHNS WEST CLIMATE,8403603,8403603.2018.3.21,2018-03-21 00:00:00,NL,2018,3,21,0.3,,-1.8,,2.3,,0,,,M,,M,12,,25,,41,,0,,17.7,,,,,
-52.78333888888889,47.513355555555556,ST JOHNS WEST CLIMATE,8403603,8403603.2018.3.22,2018-03-22 00:00:00,NL,2018,3,22,-1.4,,-2.9,,0.1,,1.9,,,M,,M,13,,6,,46,,0,,19.4,,,,,
-52.78333888888889,47.513355555555556,ST JOHNS WEST CLIMATE,8403603,8403603.2018.3.23,2018-03-23 00:00:00,NL,2018,3,23,4.5,,-0.2,,9.1,,5.5,,,M,,M,13,,23,,50,,0,,13.5,,,,,
-52.78333888888889,47.513355555555556,ST JOHNS WEST CLIMATE,8403603,8403603.2018.3.24,2018-03-24 00:00:00,NL,2018,3,24,,M,-0.2,E,,M,,M,,M,,M,7,,1,,39,,,M,,M,,,,
-52.78333888888889,47.513355555555556,ST JOHNS WEST CLIMATE,8403603,8403603.2018.3.25,2018-03-25 00:00:00,NL,2018,3,25,-2.9,,-4.6,,-1.2,,1.1,,,M,,M,6,,3,,61,,0,,20.9,,,,,
-52.78333888888889,47.513355555555556,ST JOHNS WEST CLIMATE,8403603,8403603.2018.3.26,2018-03-26 00:00:00,NL,2018,3,26,-4.1,,-8,,-0.2,,0,,,M,,M,5,,0,,0,,0,,22.1,,,,,
-52.78333888888889,47.513355555555556,ST JOHNS WEST CLIMATE,8403603,8403603.2018.3.27,2018-03-27 00:00:00,NL,2018,3,27,0.1,,-8.6,,8.7,,0,,,M,,M,3,,0,,0,,0,,17.9,,,,,
-52.78333888888889,47.513355555555556,ST JOHNS WEST CLIMATE,8403603,8403603.2018.3.28,2018-03-28 00:00:00,NL,2018,3,28,0.9,,-2.1,,3.9,,18.2,,,M,,M,3,,10,,37,,0,,17.1,,,,,
-52.78333888888889,47.513355555555556,ST JOHNS WEST CLIMATE,8403603,8403603.2018.3.29,2018-03-29 00:00:00,NL,2018,3,29,1.8,,-0.4,,4,,5.7,,,M,,M,0,T,33,,48,,0,,16.2,,,,,
-52.78333888888889,47.513355555555556,ST JOHNS WEST CLIMATE,8403603,8403603.2018.3.30,2018-03-30 00:00:00,NL,2018,3,30,2.7,,0.1,,5.2,,2.4,,,M,,M,0,T,29,,50,,0,,15.3,,,,,
-52.78333888888889,47.513355555555556,ST JOHNS WEST CLIMATE,8403603,8403603.2018.3.31,2018-03-31 00:00:00,NL,2018,3,31,4,,-2.1,,10.1,,0.3,,,M,,M,,,26,,61,,0,,14,,,,,
-52.78333888888889,47.513355555555556,ST JOHNS WEST CLIMATE,8403603,8403603.2018.4.1,2018-04-01 00:00:00,NL,2018,4,1,1.2,,-2.8,,5.1,,0,,,M,,M,,,28,,61,,0,,16.8,,,,,
-52.78333888888889,47.513355555555556,ST JOHNS WEST CLIMATE,8403603,8403603.2018.4.2,2018-04-02 00:00:00,NL,2018,4,2,2.5,,-1.7,,6.6,,1.4,,,M,,M,0,T,27,,52,,0,,15.5,,,,,
-52.78333888888889,47.513355555555556,ST JOHNS WEST CLIMATE,8403603,8403603.2018.4.3,2018-04-03 00:00:00,NL,2018,4,3,-1.7,,-6.3,,2.9,,0,,,M,,M,,,32,,39,,0,,19.7,,,,,
-52.78333888888889,47.513355555555556,ST JOHNS WEST CLIMATE,8403603,8403603.2018.4.4,2018-04-04 00:00:00,NL,2018,4,4,-1.5,,-7.7,,4.7,,5.2,,,M,,M,,,15,,52,,0,,19.5,,,,,
-52.78333888888889,47.513355555555556,ST JOHNS WEST CLIMATE,8403603,8403603.2018.4.5,2018-04-05 00:00:00,NL,2018,4,5,5.2,,-1.1,,11.5,,3.8,,,M,,M,1,,22,,56,,0,,12.8,,,,,
-52.78333888888889,47.513355555555556,ST JOHNS WEST CLIMATE,8403603,8403603.2018.4.6,2018-04-06 00:00:00,NL,2018,4,6,-1.9,,-4.6,,0.9,,0,,,M,,M,2,,24,,63,,0,,19.9,,,,,
-52.78333888888889,47.513355555555556,ST JOHNS WEST CLIMATE,8403603,8403603.2018.4.7,2018-04-07 00:00:00,NL,2018,4,7,1.7,,-4.2,,7.6,,20.1,,,M,,M,0,T,24,,67,,0,,16.3,,,,,
-52.78333888888889,47.513355555555556,ST JOHNS WEST CLIMATE,8403603,8403603.2018.4.8,2018-04-08 00:00:00,NL,2018,4,8,2.8,,-1.9,,7.4,,22.2,,,M,,M,,,20,,33,,0,,15.2,,,,,
-52.78333888888889,47.513355555555556,ST JOHNS WEST CLIMATE,8403603,8403603.2018.4.9,2018-04-09 00:00:00,NL,2018,4,9,4.2,,-1.9,,10.2,,2.4,,,M,,M,,,23,,89,,0,,13.8,,,,,
-52.78333888888889,47.513355555555556,ST JOHNS WEST CLIMATE,8403603,8403603.2018.4.10,2018-04-10 00:00:00,NL,2018,4,10,0.1,,-2.8,,3,,0,,,M,,M,,,26,,54,,0,,17.9,,,,,
-52.78333888888889,47.513355555555556,ST JOHNS WEST CLIMATE,8403603,8403603.2018.4.11,2018-04-11 00:00:00,NL,2018,4,11,-1.3,,-5.9,,3.3,,0,,,M,,M,,,0,,0,,0,,19.3,,,,,
-52.78333888888889,47.513355555555556,ST JOHNS WEST CLIMATE,8403603,8403603.2018.4.12,2018-04-12 00:00:00,NL,2018,4,12,-1.8,,-5.8,,2.2,,0,,,M,,M,,,3,,33,,0,,19.8,,,,,
-52.78333888888889,47.513355555555556,ST JOHNS WEST CLIMATE,8403603,8403603.2018.4.13,2018-04-13 00:00:00,NL,2018,4,13,-0.7,,-6.8,,5.5,,2.6,,,M,,M,,,16,,48,,0,,18.7,,,,,
-52.78333888888889,47.513355555555556,ST JOHNS WEST CLIMATE,8403603,8403603.2018.4.14,2018-04-14 00:00:00,NL,2018,4,14,0.6,,-4.3,,5.5,,1.5,,,M,,M,4,,27,,65,,0,,17.4,,,,,
-52.78333888888889,47.513355555555556,ST JOHNS WEST CLIMATE,8403603,8403603.2018.4.15,2018-04-15 00:00:00,NL,2018,4,15,-1.5,,-5.1,,2.2,,0,,,M,,M,,,26,,69,,0,,19.5,,,,,
-52.78333888888889,47.513355555555556,ST JOHNS WEST CLIMATE,8403603,8403603.2018.4.16,2018-04-16 00:00:00,NL,2018,4,16,-1.9,,-6,,2.2,,0,,,M,,M,,,31,,54,,0,,19.9,,,,,
-52.78333888888889,47.513355555555556,ST JOHNS WEST CLIMATE,8403603,8403603.2018.4.17,2018-04-17 00:00:00,NL,2018,4,17,1.1,,-4.9,,7.1,,0,,,M,,M,,,26,,33,,0,,16.9,,,,,
-52.78333888888889,47.513355555555556,ST JOHNS WEST CLIMATE,8403603,8403603.2018.4.18,2018-04-18 00:00:00,NL,2018,4,18,3.7,,-0.6,,7.9,,8.3,,,M,,M,,,24,,52,,0,,14.3,,,,,
-52.78333888888889,47.513355555555556,ST JOHNS WEST CLIMATE,8403603,8403603.2018.4.19,2018-04-19 00:00:00,NL,2018,4,19,4.4,,-0.3,,9.1,,0,,,M,,M,,,21,,56,,0,,13.6,,,,,
-52.78333888888889,47.513355555555556,ST JOHNS WEST CLIMATE,8403603,8403603.2018.4.20,2018-04-20 00:00:00,NL,2018,4,20,2.2,,0,,4.3,,8.4,,,M,,M,,,21,,57,,0,,15.8,,,,,
-52.78333888888889,47.513355555555556,ST JOHNS WEST CLIMATE,8403603,8403603.2018.4.21,2018-04-21 00:00:00,NL,2018,4,21,3.1,,-0.4,,6.6,,0,,,M,,M,,,25,,50,,0,,14.9,,,,,
-52.78333888888889,47.513355555555556,ST JOHNS WEST CLIMATE,8403603,8403603.2018.4.22,2018-04-22 00:00:00,NL,2018,4,22,3.7,,-0.5,,7.8,,0,,,M,,M,,,29,,35,,0,,14.3,,,,,
-52.78333888888889,47.513355555555556,ST JOHNS WEST CLIMATE,8403603,8403603.2018.4.23,2018-04-23 00:00:00,NL,2018,4,23,3.9,,-1.4,,9.1,,0,,,M,,M,,,0,,0,,0,,14.1,,,,,
-52.78333888888889,47.513355555555556,ST JOHNS WEST CLIMATE,8403603,8403603.2018.4.24,2018-04-24 00:00:00,NL,2018,4,24,6.7,,-0.7,,14.1,,0,,,M,,M,,,26,,37,,0,,11.3,,,,,
-52.78333888888889,47.513355555555556,ST JOHNS WEST CLIMATE,8403603,8403603.2018.4.25,2018-04-25 00:00:00,NL,2018,4,25,9.7,,0.2,,19.1,,0,,,M,,M,,,24,,41,,0,,8.3,,,,,
-52.78333888888889,47.513355555555556,ST JOHNS WEST CLIMATE,8403603,8403603.2018.4.26,2018-04-26 00:00:00,NL,2018,4,26,11.4,,5,,17.8,,0,,,M,,M,,,24,,44,,0,,6.6,,,,,
-52.78333888888889,47.513355555555556,ST JOHNS WEST CLIMATE,8403603,8403603.2018.4.27,2018-04-27 00:00:00,NL,2018,4,27,10,,4.6,,15.3,,3.3,,,M,,M,,,22,,57,,0,,8,,,,,
-52.78333888888889,47.513355555555556,ST JOHNS WEST CLIMATE,8403603,8403603.2018.4.28,2018-04-28 00:00:00,NL,2018,4,28,12.2,,3.8,,20.6,,2.8,,,M,,M,,,24,,39,,0,,5.8,,,,,
-52.78333888888889,47.513355555555556,ST JOHNS WEST CLIMATE,8403603,8403603.2018.4.29,2018-04-29 00:00:00,NL,2018,4,29,12.9,,5.6,,20.2,,4.2,,,M,,M,,,19,,57,,0,,5.1,,,,,
-52.78333888888889,47.513355555555556,ST JOHNS WEST CLIMATE,8403603,8403603.2018.4.30,2018-04-30 00:00:00,NL,2018,4,30,4.3,,0.6,,7.9,,0,,,M,,M,,,28,,46,,0,,13.7,,,,,
-52.78333888888889,47.513355555555556,ST JOHNS WEST CLIMATE,8403603,8403603.2018.5.1,2018-05-01 00:00:00,NL,2018,5,1,6.6,,0,,13.1,,6.3,,,M,,M,,,22,,39,,0,,11.4,,,,,
-52.78333888888889,47.513355555555556,ST JOHNS WEST CLIMATE,8403603,8403603.2018.5.2,2018-05-02 00:00:00,NL,2018,5,2,8.9,,3.9,,13.9,,0,,,M,,M,,,25,,41,,0,,9.1,,,,,
-52.78333888888889,47.513355555555556,ST JOHNS WEST CLIMATE,8403603,8403603.2018.5.3,2018-05-03 00:00:00,NL,2018,5,3,2.4,,-1.4,,6.2,,2.6,,,M,,M,,,2,,43,,0,,15.6,,,,,
-52.78333888888889,47.513355555555556,ST JOHNS WEST CLIMATE,8403603,8403603.2018.5.4,2018-05-04 00:00:00,NL,2018,5,4,0.5,,-2.1,,3.1,,0,,,M,,M,,,0,,0,,0,,17.5,,,,,
-52.78333888888889,47.513355555555556,ST JOHNS WEST CLIMATE,8403603,8403603.2018.5.5,2018-05-05 00:00:00,NL,2018,5,5,5.1,,1.2,,9,,5.6,,,M,,M,,,26,,76,,0,,12.9,,,,,
-52.78333888888889,47.513355555555556,ST JOHNS WEST CLIMATE,8403603,8403603.2018.5.6,2018-05-06 00:00:00,NL,2018,5,6,10.3,,5.7,,14.8,,0,,,M,,M,,,24,,67,,0,,7.7,,,,,
-52.78333888888889,47.513355555555556,ST JOHNS WEST CLIMATE,8403603,8403603.2018.5.7,2018-05-07 00:00:00,NL,2018,5,7,6.6,,1.1,,12,,7,,,M,,M,,,31,,57,,0,,11.4,,,,,
-52.78333888888889,47.513355555555556,ST JOHNS WEST CLIMATE,8403603,8403603.2018.5.8,2018-05-08 00:00:00,NL,2018,5,8,6.2,,0.3,,12.1,,0,,,M,,M,,,25,,41,,0,,11.8,,,,,
-52.78333888888889,47.513355555555556,ST JOHNS WEST CLIMATE,8403603,8403603.2018.5.9,2018-05-09 00:00:00,NL,2018,5,9,6.7,,-2.6,,16,,0,,,M,,M,,,28,,50,,0,,11.3,,,,,
-52.78333888888889,47.513355555555556,ST JOHNS WEST CLIMATE,8403603,8403603.2018.5.10,2018-05-10 00:00:00,NL,2018,5,10,3,,-3.3,,9.3,,1.7,,,M,,M,,,17,,54,,0,,15,,,,,
-52.78333888888889,47.513355555555556,ST JOHNS WEST CLIMATE,8403603,8403603.2018.5.11,2018-05-11 00:00:00,NL,2018,5,11,8.9,,2.5,,15.2,,1.2,,,M,,M,,,24,,61,,0,,9.1,,,,,
-52.78333888888889,47.513355555555556,ST JOHNS WEST CLIMATE,8403603,8403603.2018.5.12,2018-05-12 00:00:00,NL,2018,5,12,5.4,,1.1,,9.6,,0,,,M,,M,,,29,,43,,0,,12.6,,,,,
-52.78333888888889,47.513355555555556,ST JOHNS WEST CLIMATE,8403603,8403603.2018.5.13,2018-05-13 00:00:00,NL,2018,5,13,6.6,,-0.8,,13.9,,0,,,M,,M,,,24,,63,,0,,11.4,,,,,
-52.78333888888889,47.513355555555556,ST JOHNS WEST CLIMATE,8403603,8403603.2018.5.14,2018-05-14 00:00:00,NL,2018,5,14,7.1,,-1.4,,15.6,,0,,,M,,M,,,18,,52,,0,,10.9,,25,,91,
-52.78333888888889,47.513355555555556,ST JOHNS WEST CLIMATE,8403603,8403603.2018.5.15,2018-05-15 00:00:00,NL,2018,5,15,12.5,,5,,20.1,,0,,,M,,M,,,22,,42,,0,,5.5,,47,,97,
-52.78333888888889,47.513355555555556,ST JOHNS WEST CLIMATE,8403603,8403603.2018.5.16,2018-05-16 00:00:00,NL,2018,5,16,,M,,M,,M,,M,,M,,M,,,,M,,M,,M,,M,,M,,M
-52.78333888888889,47.513355555555556,ST JOHNS WEST CLIMATE,8403603,8403603.2018.5.17,2018-05-17 00:00:00,NL,2018,5,17,7.3,,1,,13.7,,0,,,M,,M,,,22,,49,,0,,10.7,,21,,95,
-52.78333888888889,47.513355555555556,ST JOHNS WEST CLIMATE,8403603,8403603.2018.5.18,2018-05-18 00:00:00,NL,2018,5,18,4.2,,-0.7,,9.2,,0,,,M,,M,,,28,,39,,0,,13.8,,34,,84,
-52.78333888888889,47.513355555555556,ST JOHNS WEST CLIMATE,8403603,8403603.2018.5.19,2018-05-19 00:00:00,NL,2018,5,19,5.2,,-0.8,,11.2,,0,,,M,,M,,,27,,51,,0,,12.8,,35,,67,
-52.78333888888889,47.513355555555556,ST JOHNS WEST CLIMATE,8403603,8403603.2018.5.20,2018-05-20 00:00:00,NL,2018,5,20,8,,2.5,,13.6,,4.2,,,M,,M,,,25,,60,,0,,10,,,M,,M
-52.78333888888889,47.513355555555556,ST JOHNS WEST CLIMATE,8403603,8403603.2018.5.21,2018-05-21 00:00:00,NL,2018,5,21,7.5,,2.1,,12.8,,0,,,M,,M,,,25,,49,,0,,10.5,,48,,93,
-52.78333888888889,47.513355555555556,ST JOHNS WEST CLIMATE,8403603,8403603.2018.5.22,2018-05-22 00:00:00,NL,2018,5,22,4.5,,1,,7.9,,0,,,M,,M,,,34,,45,,0,,13.5,,65,,93,
-52.78333888888889,47.513355555555556,ST JOHNS WEST CLIMATE,8403603,8403603.2018.5.23,2018-05-23 00:00:00,NL,2018,5,23,,M,,M,,M,,M,,M,,M,,,,M,,M,,M,,M,,M,,M
-52.78333888888889,47.513355555555556,ST JOHNS WEST CLIMATE,8403603,8403603.2018.5.24,2018-05-24 00:00:00,NL,2018,5,24,,M,,M,,M,,M,,M,,M,,,,M,,M,,M,,M,,M,,M
-52.78333888888889,47.513355555555556,ST JOHNS WEST CLIMATE,8403603,8403603.2018.5.25,2018-05-25 00:00:00,NL,2018,5,25,2.7,,-0.4,,5.9,,4.4,,,M,,M,,,15,,46,,0,,15.3,,45,,98,
-52.78333888888889,47.513355555555556,ST JOHNS WEST CLIMATE,8403603,8403603.2018.5.26,2018-05-26 00:00:00,NL,2018,5,26,5.5,,0.7,,10.4,,4.9,,,M,,M,,,24,,32,,0,,12.5,,78,,100,
-52.78333888888889,47.513355555555556,ST JOHNS WEST CLIMATE,8403603,8403603.2018.5.27,2018-05-27 00:00:00,NL,2018,5,27,2.4,,-1.7,,6.5,,1.7,,,M,,M,,,33,,47,,0,,15.6,,51,,98,
-52.78333888888889,47.513355555555556,ST JOHNS WEST CLIMATE,8403603,8403603.2018.5.28,2018-05-28 00:00:00,NL,2018,5,28,5.9,,-2.4,,14.2,,0,,,M,,M,,,19,,34,,0,,12.1,,39,,92,
-52.78333888888889,47.513355555555556,ST JOHNS WEST CLIMATE,8403603,8403603.2018.5.29,2018-05-29 00:00:00,NL,2018,5,29,6.8,,2.3,,11.3,,25.3,,,M,,M,,,17,,49,,0,,11.2,,71,,99,
-52.78333888888889,47.513355555555556,ST JOHNS WEST CLIMATE,8403603,8403603.2018.5.30,2018-05-30 00:00:00,NL,2018,5,30,4.3,,2.8,,5.7,,54,,,M,,M,,,36,,86,,0,,13.7,,93,,99,
-52.78333888888889,47.513355555555556,ST JOHNS WEST CLIMATE,8403603,8403603.2018.5.31,2018-05-31 00:00:00,NL,2018,5,31,4,,2.7,,5.2,,3.7,,,M,,M,,,35,,63,,0,,14,,94,,99,
-52.78333888888889,47.513355555555556,ST JOHNS WEST CLIMATE,8403603,8403603.2018.6.1,2018-06-01 00:00:00,NL,2018,6,1,7.7,,3.4,,12,,0.2,,,M,,M,,,0,,0,,0,,10.3,,83,,100,
-52.78333888888889,47.513355555555556,ST JOHNS WEST CLIMATE,8403603,8403603.2018.6.2,2018-06-02 00:00:00,NL,2018,6,2,6.8,,2.4,,11.3,,0,,,M,,M,,,0,,0,,0,,11.2,,82,,100,
-52.78333888888889,47.513355555555556,ST JOHNS WEST CLIMATE,8403603,8403603.2018.6.3,2018-06-03 00:00:00,NL,2018,6,3,1.8,,-0.2,,3.8,,1,,,M,,M,,,34,,63,,0,,16.2,,88,,98,
-52.78333888888889,47.513355555555556,ST JOHNS WEST CLIMATE,8403603,8403603.2018.6.4,2018-06-04 00:00:00,NL,2018,6,4,2.1,,-0.2,,4.4,,0.6,,,M,,M,,,32,,58,,0,,15.9,,59,,92,
-52.78333888888889,47.513355555555556,ST JOHNS WEST CLIMATE,8403603,8403603.2018.6.5,2018-06-05 00:00:00,NL,2018,6,5,6.9,,0.9,,12.8,,4.9,,,M,,M,,,9,,35,,0,,11.1,,30,,98,
-52.78333888888889,47.513355555555556,ST JOHNS WEST CLIMATE,8403603,8403603.2018.6.6,2018-06-06 00:00:00,NL,2018,6,6,3.1,,2,,4.2,,2.2,,,M,,M,,,31,,46,,0,,14.9,,94,,99,
-52.78333888888889,47.513355555555556,ST JOHNS WEST CLIMATE,8403603,8403603.2018.6.7,2018-06-07 00:00:00,NL,2018,6,7,4.6,,0.4,,8.8,,0,,,M,,M,,,0,,0,,0,,13.4,,70,,98,
-52.78333888888889,47.513355555555556,ST JOHNS WEST CLIMATE,8403603,8403603.2018.6.8,2018-06-08 00:00:00,NL,2018,6,8,8.7,,0.2,,17.2,,0,,,M,,M,,,23,,35,,0,,9.3,,38,,98,
-52.78333888888889,47.513355555555556,ST JOHNS WEST CLIMATE,8403603,8403603.2018.6.9,2018-06-09 00:00:00,NL,2018,6,9,4.9,,2.1,,7.7,,0.9,,,M,,M,,,17,,42,,0,,13.1,,86,,97,
-52.78333888888889,47.513355555555556,ST JOHNS WEST CLIMATE,8403603,8403603.2018.6.10,2018-06-10 00:00:00,NL,2018,6,10,10.1,,4.6,,15.6,,0,,,M,,M,,,28,,45,,0,,7.9,,40,,91,
-52.78333888888889,47.513355555555556,ST JOHNS WEST CLIMATE,8403603,8403603.2018.6.11,2018-06-11 00:00:00,NL,2018,6,11,6.4,,2.1,,10.7,,0.2,,,M,,M,,,0,,0,,0,,11.6,,65,,86,
-52.78333888888889,47.513355555555556,ST JOHNS WEST CLIMATE,8403603,8403603.2018.6.12,2018-06-12 00:00:00,NL,2018,6,12,6.5,,2.4,,10.7,,0,,,M,,M,,,0,,0,,0,,11.5,,60,,92,
-52.78333888888889,47.513355555555556,ST JOHNS WEST CLIMATE,8403603,8403603.2018.6.13,2018-06-13 00:00:00,NL,2018,6,13,7.9,,3.9,,11.8,,1.7,,,M,,M,,,21,,63,,0,,10.1,,75,,93,
-52.78333888888889,47.513355555555556,ST JOHNS WEST CLIMATE,8403603,8403603.2018.6.14,2018-06-14 00:00:00,NL,2018,6,14,5.9,,2.2,,9.6,,0.2,,,M,,M,,,31,,37,,0,,12.1,,66,,99,
-52.78333888888889,47.513355555555556,ST JOHNS WEST CLIMATE,8403603,8403603.2018.6.15,2018-06-15 00:00:00,NL,2018,6,15,4.4,,2.6,,6.3,,1.1,,,M,,M,,,0,,0,,0,,13.6,,93,,100,
-52.78333888888889,47.513355555555556,ST JOHNS WEST CLIMATE,8403603,8403603.2018.6.16,2018-06-16 00:00:00,NL,2018,6,16,8.3,,2.1,,14.6,,0,,,M,,M,,,0,,0,,0,,9.7,,45,,100,
-52.78333888888889,47.513355555555556,ST JOHNS WEST CLIMATE,8403603,8403603.2018.6.17,2018-06-17 00:00:00,NL,2018,6,17,3.1,,-0.5,,6.7,,0,,,M,,M,,,0,,0,,0,,14.9,,71,,100,
-52.78333888888889,47.513355555555556,ST JOHNS WEST CLIMATE,8403603,8403603.2018.6.18,2018-06-18 00:00:00,NL,2018,6,18,5.1,,-1.4,,11.6,,0.7,,,M,,M,,,19,,36,,0,,12.9,,57,,100,
-52.78333888888889,47.513355555555556,ST JOHNS WEST CLIMATE,8403603,8403603.2018.6.19,2018-06-19 00:00:00,NL,2018,6,19,11.4,,6.1,,16.7,,27.4,,,M,,M,,,21,,68,,0,,6.6,,91,,98,
-52.78333888888889,47.513355555555556,ST JOHNS WEST CLIMATE,8403603,8403603.2018.6.20,2018-06-20 00:00:00,NL,2018,6,20,14.7,,9.1,,20.3,,0,,,M,,M,,,0,,0,,0,,3.3,,53,,98,
-52.78333888888889,47.513355555555556,ST JOHNS WEST CLIMATE,8403603,8403603.2018.6.21,2018-06-21 00:00:00,NL,2018,6,21,15.4,,9,,21.8,,0,,,M,,M,,,24,,57,,0,,2.6,,43,,91,
-52.78333888888889,47.513355555555556,ST JOHNS WEST CLIMATE,8403603,8403603.2018.6.22,2018-06-22 00:00:00,NL,2018,6,22,9.7,,4.6,,14.8,,0,,,M,,M,,,0,,0,,0,,8.3,,70,,97,
-52.78333888888889,47.513355555555556,ST JOHNS WEST CLIMATE,8403603,8403603.2018.6.23,2018-06-23 00:00:00,NL,2018,6,23,13.4,,4.4,,22.4,,0,,,M,,M,,,24,,57,,0,,4.6,,36,,96,
-52.78333888888889,47.513355555555556,ST JOHNS WEST CLIMATE,8403603,8403603.2018.6.24,2018-06-24 00:00:00,NL,2018,6,24,11.9,,7.4,,16.5,,14.7,,,M,,M,,,0,,0,,0,,6.1,,72,,98,
-52.78333888888889,47.513355555555556,ST JOHNS WEST CLIMATE,8403603,8403603.2018.6.25,2018-06-25 00:00:00,NL,2018,6,25,5.5,,3.6,,7.4,,15,,,M,,M,,,7,,48,,0,,12.5,,92,,100,
-52.78333888888889,47.513355555555556,ST JOHNS WEST CLIMATE,8403603,8403603.2018.6.26,2018-06-26 00:00:00,NL,2018,6,26,4.6,,3,,6.1,,20.7,,,M,,M,,,5,,61,,0,,13.4,,97,,100,
-52.78333888888889,47.513355555555556,ST JOHNS WEST CLIMATE,8403603,8403603.2018.6.27,2018-06-27 00:00:00,NL,2018,6,27,10.6,,3.1,,18.1,,0,,,M,,M,,,25,,58,,0,,7.4,,48,,92,
-52.78333888888889,47.513355555555556,ST JOHNS WEST CLIMATE,8403603,8403603.2018.6.28,2018-06-28 00:00:00,NL,2018,6,28,15.8,,7.5,,24.2,,0,,,M,,M,,,24,,53,,0,,2.2,,43,,91,
-52.78333888888889,47.513355555555556,ST JOHNS WEST CLIMATE,8403603,8403603.2018.6.29,2018-06-29 00:00:00,NL,2018,6,29,18,,12.8,,23.3,,0.5,,,M,,M,,,19,,54,,0,,0,,55,,99,
-52.78333888888889,47.513355555555556,ST JOHNS WEST CLIMATE,8403603,8403603.2018.6.30,2018-06-30 00:00:00,NL,2018,6,30,14.9,,11.1,,18.7,,8.1,,,M,,M,,,22,,44,,0,,3.1,,89,,98,
-52.78333888888889,47.513355555555556,ST JOHNS WEST CLIMATE,8403603,8403603.2018.7.1,2018-07-01 00:00:00,NL,2018,7,1,10.4,,7,,13.8,,0,,,M,,M,,,0,,0,,0,,7.6,,85,,100,
-52.78333888888889,47.513355555555556,ST JOHNS WEST CLIMATE,8403603,8403603.2018.7.2,2018-07-02 00:00:00,NL,2018,7,2,13.3,,8.1,,18.5,,0,,,M,,M,,,0,,0,,0,,4.7,,67,,100,
-52.78333888888889,47.513355555555556,ST JOHNS WEST CLIMATE,8403603,8403603.2018.7.3,2018-07-03 00:00:00,NL,2018,7,3,16.4,,8.8,,24,,0,,,M,,M,,,24,,42,,0,,1.6,,55,,100,
-52.78333888888889,47.513355555555556,ST JOHNS WEST CLIMATE,8403603,8403603.2018.7.4,2018-07-04 00:00:00,NL,2018,7,4,,M,,M,,M,,M,,M,,M,,,,M,,M,,M,,M,,M,,M
-52.78333888888889,47.513355555555556,ST JOHNS WEST CLIMATE,8403603,8403603.2018.7.5,2018-07-05 00:00:00,NL,2018,7,5,,M,,M,,M,,M,,M,,M,,,,M,,M,,M,,M,,M,,M
-52.78333888888889,47.513355555555556,ST JOHNS WEST CLIMATE,8403603,8403603.2018.7.6,2018-07-06 00:00:00,NL,2018,7,6,15.5,,6.5,,24.6,,0,,,M,,M,,,23,,65,,0,,2.5,,31,,94,
-52.78333888888889,47.513355555555556,ST JOHNS WEST CLIMATE,8403603,8403603.2018.7.7,2018-07-07 00:00:00,NL,2018,7,7,15.2,,10.3,,20.1,,0.2,,,M,,M,,,24,,57,,0,,2.8,,46,,93,
-52.78333888888889,47.513355555555556,ST JOHNS WEST CLIMATE,8403603,8403603.2018.7.8,2018-07-08 00:00:00,NL,2018,7,8,16.4,,10.6,,22.2,,0,,,M,,M,,,28,,55,,0,,1.6,,34,,72,
-52.78333888888889,47.513355555555556,ST JOHNS WEST CLIMATE,8403603,8403603.2018.7.9,2018-07-09 00:00:00,NL,2018,7,9,17.7,,12.5,,23,,0,,,M,,M,,,24,,59,,0,,0.3,,40,,81,
-52.78333888888889,47.513355555555556,ST JOHNS WEST CLIMATE,8403603,8403603.2018.7.10,2018-07-10 00:00:00,NL,2018,7,10,21,,15.1,,26.8,,0,,,M,,M,,,24,,50,,3,,0,,22,,97,
-52.78333888888889,47.513355555555556,ST JOHNS WEST CLIMATE,8403603,8403603.2018.7.11,2018-07-11 00:00:00,NL,2018,7,11,20.5,,16.1,,25,,0,,,M,,M,,,18,,42,,2.5,,0,,59,,96,
-52.78333888888889,47.513355555555556,ST JOHNS WEST CLIMATE,8403603,8403603.2018.7.12,2018-07-12 00:00:00,NL,2018,7,12,17.9,,11.6,,24.2,,4.2,,,M,,M,,,29,,70,,0,,0.1,,79,,99,
-52.78333888888889,47.513355555555556,ST JOHNS WEST CLIMATE,8403603,8403603.2018.7.13,2018-07-13 00:00:00,NL,2018,7,13,14.1,,9.6,,18.7,,0,,,M,,M,,,28,,44,,0,,3.9,,47,,84,
-52.78333888888889,47.513355555555556,ST JOHNS WEST CLIMATE,8403603,8403603.2018.7.14,2018-07-14 00:00:00,NL,2018,7,14,11.4,,8.7,,14.1,,0.9,,,M,,M,,,0,,0,,0,,6.6,,76,,98,
-52.78333888888889,47.513355555555556,ST JOHNS WEST CLIMATE,8403603,8403603.2018.7.15,2018-07-15 00:00:00,NL,2018,7,15,16.7,,11.5,,21.8,,17.5,,,M,,M,,,20,,34,,0,,1.3,,88,,99,
-52.78333888888889,47.513355555555556,ST JOHNS WEST CLIMATE,8403603,8403603.2018.7.16,2018-07-16 00:00:00,NL,2018,7,16,20.4,,16.3,,24.6,,9.9,,,,,,,,,,,,2.4,,0,,83,,100,
-52.78333888888889,47.513355555555556,ST JOHNS WEST CLIMATE,8403603,8403603.2018.7.17,2018-07-17 00:00:00,NL,2018,7,17,19.3,,14.5,,24,,0.6,,,,,,,,23,,42,,1.3,,0,,76,,99,
-52.78333888888889,47.513355555555556,ST JOHNS WEST CLIMATE,8403603,8403603.2018.7.18,2018-07-18 00:00:00,NL,2018,7,18,19.8,,14.8,,24.9,,2.3,,,,,,,,24,,44,,1.8,,0,,79,,97,
-52.78333888888889,47.513355555555556,ST JOHNS WEST CLIMATE,8403603,8403603.2018.7.19,2018-07-19 00:00:00,NL,2018,7,19,21.7,,17.5,,25.9,,10,,,,,,,,20,,53,,3.7,,0,,77,,98,
-52.78333888888889,47.513355555555556,ST JOHNS WEST CLIMATE,8403603,8403603.2018.7.20,2018-07-20 00:00:00,NL,2018,7,20,19.4,,13.2,,25.7,,0,,,,,,,,,,,,1.4,,0,,51,,97,
-52.78333888888889,47.513355555555556,ST JOHNS WEST CLIMATE,8403603,8403603.2018.7.21,2018-07-21 00:00:00,NL,2018,7,21,20.6,,13.5,,27.8,,0,,,,,,,,,,,,2.6,,0,,39,,68,
-52.78333888888889,47.513355555555556,ST JOHNS WEST CLIMATE,8403603,8403603.2018.7.22,2018-07-22 00:00:00,NL,2018,7,22,20.6,,16.8,,24.3,,11.2,,,,,,,,25,,47,,2.6,,0,,73,,97,
-52.78333888888889,47.513355555555556,ST JOHNS WEST CLIMATE,8403603,8403603.2018.7.23,2018-07-23 00:00:00,NL,2018,7,23,18.3,,11.9,,24.6,,5.7,,,,,,,,25,,53,,0.3,,0,,78,,97,
-52.78333888888889,47.513355555555556,ST JOHNS WEST CLIMATE,8403603,8403603.2018.7.24,2018-07-24 00:00:00,NL,2018,7,24,15.2,,10.7,,19.6,,0.2,,,,,,,,27,,35,,0,,2.8,,71,,96,
-52.78333888888889,47.513355555555556,ST JOHNS WEST CLIMATE,8403603,8403603.2018.7.25,2018-07-25 00:00:00,NL,2018,7,25,22.1,,18,,26.1,,0,,,,,,,,27,,51,,4.1,,0,,,M,,M
-52.78333888888889,47.513355555555556,ST JOHNS WEST CLIMATE,8403603,8403603.2018.7.26,2018-07-26 00:00:00,NL,2018,7,26,22.3,,17.5,,27.1,,0,,,,,,,,27,,57,,4.3,,0,,63,,94,
-52.78333888888889,47.513355555555556,ST JOHNS WEST CLIMATE,8403603,8403603.2018.7.27,2018-07-27 00:00:00,NL,2018,7,27,17,,11.8,,22.3,,0,,,,,,,,24,,58,,0,,1,,78,,97,
-52.78333888888889,47.513355555555556,ST JOHNS WEST CLIMATE,8403603,8403603.2018.7.28,2018-07-28 00:00:00,NL,2018,7,28,13.4,,10.9,,15.8,,0.3,,,,,,,,,,,,0,,4.6,,89,,100,
-52.78333888888889,47.513355555555556,ST JOHNS WEST CLIMATE,8403603,8403603.2018.7.29,2018-07-29 00:00:00,NL,2018,7,29,20.7,,15.8,,25.5,,15.3,,,,,,,,27,,36,,2.7,,0,,80,,99,
-52.78333888888889,47.513355555555556,ST JOHNS WEST CLIMATE,8403603,8403603.2018.7.30,2018-07-30 00:00:00,NL,2018,7,30,20.4,,15.1,,25.7,,0,,,,,,,,29,,39,,2.4,,0,,68,,96,
-52.78333888888889,47.513355555555556,ST JOHNS WEST CLIMATE,8403603,8403603.2018.7.31,2018-07-31 00:00:00,NL,2018,7,31,20.1,,14.4,,25.9,,0,,,,,,,,28,,41,,2.1,,0,,50,,89,
-52.78333888888889,47.513355555555556,ST JOHNS WEST CLIMATE,8403603,8403603.2018.8.1,2018-08-01 00:00:00,NL,2018,8,1,21.7,,14.7,,28.8,,0,,,,,,,,,,,,3.7,,0,,35,,87,
-52.78333888888889,47.513355555555556,ST JOHNS WEST CLIMATE,8403603,8403603.2018.8.2,2018-08-02 00:00:00,NL,2018,8,2,22.8,,17.8,,27.7,,0.9,,,,,,,,26,,55,,4.8,,0,,39,,94,
-52.78333888888889,47.513355555555556,ST JOHNS WEST CLIMATE,8403603,8403603.2018.8.3,2018-08-03 00:00:00,NL,2018,8,3,18.7,,11.8,,25.7,,10.6,,,,,,,,23,,41,,0.7,,0,,67,,99,
-52.78333888888889,47.513355555555556,ST JOHNS WEST CLIMATE,8403603,8403603.2018.8.4,2018-08-04 00:00:00,NL,2018,8,4,13.9,,10.7,,17.1,,0,,,,,,,,,,,,0,,4.1,,73,,99,
-52.78333888888889,47.513355555555556,ST JOHNS WEST CLIMATE,8403603,8403603.2018.8.5,2018-08-05 00:00:00,NL,2018,8,5,15,,10.7,,19.2,,0.2,,,,,,,,,,,,0,,3,,71,,98,
-52.78333888888889,47.513355555555556,ST JOHNS WEST CLIMATE,8403603,8403603.2018.8.6,2018-08-06 00:00:00,NL,2018,8,6,14.6,,12.1,,17.2,,0,,,,,,,,,,,,0,,3.4,,76,,99,
-52.78333888888889,47.513355555555556,ST JOHNS WEST CLIMATE,8403603,8403603.2018.8.7,2018-08-07 00:00:00,NL,2018,8,7,18.8,,12.4,,25.2,,0,,,,,,,,,,,,0.8,,0,,67,,99,
-52.78333888888889,47.513355555555556,ST JOHNS WEST CLIMATE,8403603,8403603.2018.8.8,2018-08-08 00:00:00,NL,2018,8,8,20.5,,14.1,,26.8,,0,,,,,,,,26,,35,,2.5,,0,,60,,100,
-52.78333888888889,47.513355555555556,ST JOHNS WEST CLIMATE,8403603,8403603.2018.8.9,2018-08-09 00:00:00,NL,2018,8,9,15.7,,12.7,,18.7,,0,,,,,,,,,,,,0,,2.3,,63,,98,
-52.78333888888889,47.513355555555556,ST JOHNS WEST CLIMATE,8403603,8403603.2018.8.10,2018-08-10 00:00:00,NL,2018,8,10,20.7,,14,,27.3,,9.4,,,,,,,,21,,56,,2.7,,0,,66,,99,
-52.78333888888889,47.513355555555556,ST JOHNS WEST CLIMATE,8403603,8403603.2018.8.11,2018-08-11 00:00:00,NL,2018,8,11,19.6,,14.9,,24.3,,4.9,,,,,,,,26,,41,,1.6,,0,,38,,97,
-52.78333888888889,47.513355555555556,ST JOHNS WEST CLIMATE,8403603,8403603.2018.8.12,2018-08-12 00:00:00,NL,2018,8,12,18.6,,13.1,,24.1,,0,,,,,,,,,,,,0.6,,0,,51,,94,
-52.78333888888889,47.513355555555556,ST JOHNS WEST CLIMATE,8403603,8403603.2018.8.13,2018-08-13 00:00:00,NL,2018,8,13,19.4,,12.2,,26.7,,0,,,,,,,,25,,45,,1.4,,0,,41,,93,
-52.78333888888889,47.513355555555556,ST JOHNS WEST CLIMATE,8403603,8403603.2018.8.14,2018-08-14 00:00:00,NL,2018,8,14,21.4,,15.2,,27.6,,0,,,,,,,,26,,35,,3.4,,0,,43,,93,
-52.78333888888889,47.513355555555556,ST JOHNS WEST CLIMATE,8403603,8403603.2018.8.15,2018-08-15 00:00:00,NL,2018,8,15,20.2,,13.5,,26.9,,27.9,,,,,,,,21,,45,,2.2,,0,,58,,98,
-52.78333888888889,47.513355555555556,ST JOHNS WEST CLIMATE,8403603,8403603.2018.8.16,2018-08-16 00:00:00,NL,2018,8,16,18.3,,12.6,,24.1,,12.2,,,,,,,,,,,,0.3,,0,,78,,99,
-52.78333888888889,47.513355555555556,ST JOHNS WEST CLIMATE,8403603,8403603.2018.8.17,2018-08-17 00:00:00,NL,2018,8,17,12.1,,10.6,,13.7,,0,,,,,,,,,,,,0,,5.9,,85,,99,
-52.78333888888889,47.513355555555556,ST JOHNS WEST CLIMATE,8403603,8403603.2018.8.18,2018-08-18 00:00:00,NL,2018,8,18,13.6,,10,,17.1,,0.2,,,,,,,,,,,,0,,4.4,,70,,96,
-52.78333888888889,47.513355555555556,ST JOHNS WEST CLIMATE,8403603,8403603.2018.8.19,2018-08-19 00:00:00,NL,2018,8,19,12.6,,10.7,,14.5,,20,,,,,,,,,,,,0,,5.4,,93,,99,
-52.78333888888889,47.513355555555556,ST JOHNS WEST CLIMATE,8403603,8403603.2018.8.20,2018-08-20 00:00:00,NL,2018,8,20,11.6,,6.9,,16.4,,0,,,,,,,,,,,,0,,6.4,,75,,100,
-52.78333888888889,47.513355555555556,ST JOHNS WEST CLIMATE,8403603,8403603.2018.8.21,2018-08-21 00:00:00,NL,2018,8,21,12.9,,9.1,,16.8,,0.3,,,,,,,,,,,,0,,5.1,,77,,100,
-52.78333888888889,47.513355555555556,ST JOHNS WEST CLIMATE,8403603,8403603.2018.8.22,2018-08-22 00:00:00,NL,2018,8,22,18.7,,15.2,,22.2,,0.4,,,,,,,,,,,,0.7,,0,,79,,100,
-52.78333888888889,47.513355555555556,ST JOHNS WEST CLIMATE,8403603,8403603.2018.8.23,2018-08-23 00:00:00,NL,2018,8,23,22.5,,18.4,,26.7,,0.3,,,,,,,,22,,45,,4.5,,0,,76,,98,
-52.78333888888889,47.513355555555556,ST JOHNS WEST CLIMATE,8403603,8403603.2018.8.24,2018-08-24 00:00:00,NL,2018,8,24,20.3,,16,,24.7,,0.3,,,,,,,,25,,46,,2.3,,0,,59,,96,
-52.78333888888889,47.513355555555556,ST JOHNS WEST CLIMATE,8403603,8403603.2018.8.25,2018-08-25 00:00:00,NL,2018,8,25,19.4,,13,,25.7,,0,,,,,,,,,,,,1.4,,0,,52,,95,
-52.78333888888889,47.513355555555556,ST JOHNS WEST CLIMATE,8403603,8403603.2018.8.26,2018-08-26 00:00:00,NL,2018,8,26,21,,15.1,,26.8,,0,,,,,,,,23,,34,,3,,0,,53,,95,
-52.78333888888889,47.513355555555556,ST JOHNS WEST CLIMATE,8403603,8403603.2018.8.27,2018-08-27 00:00:00,NL,2018,8,27,18.2,,13.2,,23.2,,0,,,,,,,,,,,,0.2,,0,,50,,99,
-52.78333888888889,47.513355555555556,ST JOHNS WEST CLIMATE,8403603,8403603.2018.8.28,2018-08-28 00:00:00,NL,2018,8,28,20.3,,15.8,,24.7,,0,,,,,,,,22,,31,,2.3,,0,,57,,98,
-52.78333888888889,47.513355555555556,ST JOHNS WEST CLIMATE,8403603,8403603.2018.8.29,2018-08-29 00:00:00,NL,2018,8,29,17.5,,10.2,,24.8,,0,,,,,,,,24,,60,,0,,0.5,,66,,92,
-52.78333888888889,47.513355555555556,ST JOHNS WEST CLIMATE,8403603,8403603.2018.8.30,2018-08-30 00:00:00,NL,2018,8,30,13.7,,9,,18.3,,5.1,,,,,,,,19,,41,,0,,4.3,,62,,99,
-52.78333888888889,47.513355555555556,ST JOHNS WEST CLIMATE,8403603,8403603.2018.8.31,2018-08-31 00:00:00,NL,2018,8,31,13.2,,8,,18.5,,0,,,,,,,,1,,46,,0,,4.8,,80,,98,
-52.78333888888889,47.513355555555556,ST JOHNS WEST CLIMATE,8403603,8403603.2018.9.1,2018-09-01 00:00:00,NL,2018,9,1,9.5,,3.9,,15,,0,,,,,,,,,,,,0,,8.5,,61,,98,
-52.78333888888889,47.513355555555556,ST JOHNS WEST CLIMATE,8403603,8403603.2018.9.2,2018-09-02 00:00:00,NL,2018,9,2,10.5,,4,,17,,0,,,,,,,,,,,,0,,7.5,,62,,99,
-52.78333888888889,47.513355555555556,ST JOHNS WEST CLIMATE,8403603,8403603.2018.9.3,2018-09-03 00:00:00,NL,2018,9,3,18.1,,11.7,,24.5,,0,,,,,,,,30,,31,,0.1,,0,,61,,97,
-52.78333888888889,47.513355555555556,ST JOHNS WEST CLIMATE,8403603,8403603.2018.9.4,2018-09-04 00:00:00,NL,2018,9,4,16.3,,11.8,,20.9,,0.5,,,,,,,,25,,48,,0,,1.7,,75,,96,
-52.78333888888889,47.513355555555556,ST JOHNS WEST CLIMATE,8403603,8403603.2018.9.5,2018-09-05 00:00:00,NL,2018,9,5,14.4,,8.8,,20.1,,0,,,,,,,,,,,,0,,3.6,,46,,98,
-52.78333888888889,47.513355555555556,ST JOHNS WEST CLIMATE,8403603,8403603.2018.9.6,2018-09-06 00:00:00,NL,2018,9,6,15.4,,9,,21.7,,0,,,,,,,,23,,63,,0,,2.6,,41,,98,
-52.78333888888889,47.513355555555556,ST JOHNS WEST CLIMATE,8403603,8403603.2018.9.7,2018-09-07 00:00:00,NL,2018,9,7,13.1,,6.7,,19.4,,0,,,,,,,,33,,33,,0,,4.9,,41,,97,
-52.78333888888889,47.513355555555556,ST JOHNS WEST CLIMATE,8403603,8403603.2018.9.8,2018-09-08 00:00:00,NL,2018,9,8,12.4,,5.5,,19.3,,1.3,,,,,,,,25,,47,,0,,5.6,,50,,99,
-52.78333888888889,47.513355555555556,ST JOHNS WEST CLIMATE,8403603,8403603.2018.9.9,2018-09-09 00:00:00,NL,2018,9,9,9.9,,3.7,,16.2,,0.3,,,,,,,,,,,,0,,8.1,,42,,99,
-52.78333888888889,47.513355555555556,ST JOHNS WEST CLIMATE,8403603,8403603.2018.9.10,2018-09-10 00:00:00,NL,2018,9,10,9.7,,3.6,,15.8,,0,,,,,,,,,,,,0,,8.3,,40,,98,
-52.78333888888889,47.513355555555556,ST JOHNS WEST CLIMATE,8403603,8403603.2018.9.11,2018-09-11 00:00:00,NL,2018,9,11,13,,7.1,,18.9,,0,,,,,,,,30,,43,,0,,5,,46,,84,
-52.78333888888889,47.513355555555556,ST JOHNS WEST CLIMATE,8403603,8403603.2018.9.12,2018-09-12 00:00:00,NL,2018,9,12,14.2,,12.3,,16.1,,52.3,,,,,,,,15,,34,,0,,3.8,,80,,99,
-52.78333888888889,47.513355555555556,ST JOHNS WEST CLIMATE,8403603,8403603.2018.9.13,2018-09-13 00:00:00,NL,2018,9,13,12.2,,9.3,,15.1,,0,,,,,,,,,,,,0,,5.8,,89,,100,
-52.78333888888889,47.513355555555556,ST JOHNS WEST CLIMATE,8403603,8403603.2018.9.14,2018-09-14 00:00:00,NL,2018,9,14,9.7,,7.5,,11.9,,0,,,,,,,,35,,33,,0,,8.3,,88,,,M
-52.78333888888889,47.513355555555556,ST JOHNS WEST CLIMATE,8403603,8403603.2018.9.15,2018-09-15 00:00:00,NL,2018,9,15,15.7,,11.7,,19.7,,0,,,,,,,,25,,45,,0,,2.3,,72,,98,
-52.78333888888889,47.513355555555556,ST JOHNS WEST CLIMATE,8403603,8403603.2018.9.16,2018-09-16 00:00:00,NL,2018,9,16,12.8,,9.1,,16.5,,0.6,,,,,,,,,,,,0,,5.2,,93,,99,
-52.78333888888889,47.513355555555556,ST JOHNS WEST CLIMATE,8403603,8403603.2018.9.17,2018-09-17 00:00:00,NL,2018,9,17,11.9,,7,,16.8,,6.5,,,,,,,,6,,40,,0,,6.1,,64,,99,
-52.78333888888889,47.513355555555556,ST JOHNS WEST CLIMATE,8403603,8403603.2018.9.18,2018-09-18 00:00:00,NL,2018,9,18,6.2,,5,,7.4,,22.6,,,,,,,,4,,38,,0,,11.8,,78,,98,
-52.78333888888889,47.513355555555556,ST JOHNS WEST CLIMATE,8403603,8403603.2018.9.19,2018-09-19 00:00:00,NL,2018,9,19,6.8,,4.4,,9.2,,0,,,,,,,,6,,39,,0,,11.2,,59,,79,
-52.78333888888889,47.513355555555556,ST JOHNS WEST CLIMATE,8403603,8403603.2018.9.20,2018-09-20 00:00:00,NL,2018,9,20,7.8,,5.9,,9.6,,2.6,,,,,,,,3,,41,,0,,10.2,,69,,94,
-52.78333888888889,47.513355555555556,ST JOHNS WEST CLIMATE,8403603,8403603.2018.9.21,2018-09-21 00:00:00,NL,2018,9,21,4.5,,-0.6,,9.6,,0,,,,,,,,,,,,0,,13.5,,50,,96,
-52.78333888888889,47.513355555555556,ST JOHNS WEST CLIMATE,8403603,8403603.2018.9.22,2018-09-22 00:00:00,NL,2018,9,22,7.8,,0.2,,15.5,,4.5,,,,,,,,19,,55,,0,,10.2,,75,,97,
-52.78333888888889,47.513355555555556,ST JOHNS WEST CLIMATE,8403603,8403603.2018.9.23,2018-09-23 00:00:00,NL,2018,9,23,10.3,,4.8,,15.8,,0,,,,,,,,,,,,0,,7.7,,44,,88,
-52.78333888888889,47.513355555555556,ST JOHNS WEST CLIMATE,8403603,8403603.2018.9.24,2018-09-24 00:00:00,NL,2018,9,24,6.8,,2.9,,10.7,,0,,,,,,,,33,,45,,0,,11.2,,29,,89,
-52.78333888888889,47.513355555555556,ST JOHNS WEST CLIMATE,8403603,8403603.2018.9.25,2018-09-25 00:00:00,NL,2018,9,25,3.5,,-1.9,,8.8,,0,,,,,,,,31,,35,,0,,14.5,,54,,95,
-52.78333888888889,47.513355555555556,ST JOHNS WEST CLIMATE,8403603,8403603.2018.9.26,2018-09-26 00:00:00,NL,2018,9,26,5.6,,-1.9,,13.1,,0.2,,,,,,,,22,,37,,0,,12.4,,47,,96,
-52.78333888888889,47.513355555555556,ST JOHNS WEST CLIMATE,8403603,8403603.2018.9.27,2018-09-27 00:00:00,NL,2018,9,27,13.8,,10.5,,17.1,,3,,,,,,,,20,,44,,0,,4.2,,73,,99,
-52.78333888888889,47.513355555555556,ST JOHNS WEST CLIMATE,8403603,8403603.2018.9.28,2018-09-28 00:00:00,NL,2018,9,28,11.1,,10.1,,12.2,,0.4,,,,,,,,,,,,0,,6.9,,88,,100,
-52.78333888888889,47.513355555555556,ST JOHNS WEST CLIMATE,8403603,8403603.2018.9.29,2018-09-29 00:00:00,NL,2018,9,29,15.8,,11.9,,19.8,,0.2,,,,,,,,22,,36,,0,,2.2,,86,,99,
-52.78333888888889,47.513355555555556,ST JOHNS WEST CLIMATE,8403603,8403603.2018.9.30,2018-09-30 00:00:00,NL,2018,9,30,11,,6.7,,15.2,,7.8,,,,,,,,,,,,0,,7,,78,,98,
-52.78333888888889,47.513355555555556,ST JOHNS WEST CLIMATE,8403603,8403603.2018.10.1,2018-10-01 00:00:00,NL,2018,10,1,9.3,,5.7,,12.9,,0,,,,,,,,,,,,0,,8.7,,67,,94,
-52.78333888888889,47.513355555555556,ST JOHNS WEST CLIMATE,8403603,8403603.2018.10.2,2018-10-02 00:00:00,NL,2018,10,2,4.7,,-1.2,,10.7,,0,,,,,,,,,,,,0,,13.3,,49,,97,
-52.78333888888889,47.513355555555556,ST JOHNS WEST CLIMATE,8403603,8403603.2018.10.3,2018-10-03 00:00:00,NL,2018,10,3,3.5,,-2.4,,9.5,,0,,,,,,,,,,,,0,,14.5,,57,,97,
-52.78333888888889,47.513355555555556,ST JOHNS WEST CLIMATE,8403603,8403603.2018.10.4,2018-10-04 00:00:00,NL,2018,10,4,11.3,,6.7,,15.9,,0.4,,,,,,,,19,,42,,0,,6.7,,71,,99,
-52.78333888888889,47.513355555555556,ST JOHNS WEST CLIMATE,8403603,8403603.2018.10.5,2018-10-05 00:00:00,NL,2018,10,5,13.7,,8.4,,19.1,,5.2,,,,,,,,22,,44,,0,,4.3,,73,,98,
-52.78333888888889,47.513355555555556,ST JOHNS WEST CLIMATE,8403603,8403603.2018.10.6,2018-10-06 00:00:00,NL,2018,10,6,6.9,,1.4,,12.5,,0,,,,,,,,,,,,0,,11.1,,55,,97,
-52.78333888888889,47.513355555555556,ST JOHNS WEST CLIMATE,8403603,8403603.2018.10.7,2018-10-07 00:00:00,NL,2018,10,7,6.8,,0.6,,13.1,,0.8,,,,,,,,32,,33,,0,,11.2,,42,,98,
-52.78333888888889,47.513355555555556,ST JOHNS WEST CLIMATE,8403603,8403603.2018.10.8,2018-10-08 00:00:00,NL,2018,10,8,3.7,,-1.1,,8.4,,0.2,,,,,,,,30,,35,,0,,14.3,,45,,88,
-52.78333888888889,47.513355555555556,ST JOHNS WEST CLIMATE,8403603,8403603.2018.10.9,2018-10-09 00:00:00,NL,2018,10,9,4.2,,1,,7.4,,3.1,,,,,,,,,,,,0,,13.8,,54,,99,
-52.78333888888889,47.513355555555556,ST JOHNS WEST CLIMATE,8403603,8403603.2018.10.10,2018-10-10 00:00:00,NL,2018,10,10,5,,1,,9.1,,3.4,,,,,,,,1,,50,,0,,13,,72,,100,
-52.78333888888889,47.513355555555556,ST JOHNS WEST CLIMATE,8403603,8403603.2018.10.11,2018-10-11 00:00:00,NL,2018,10,11,2.4,,-0.4,,5.1,,0,,,,,,,,32,,48,,0,,15.6,,45,,81,
-52.78333888888889,47.513355555555556,ST JOHNS WEST CLIMATE,8403603,8403603.2018.10.12,2018-10-12 00:00:00,NL,2018,10,12,3.5,,-0.9,,8,,22.6,,,,,,,,11,,45,,0,,14.5,,64,,98,
-52.78333888888889,47.513355555555556,ST JOHNS WEST CLIMATE,8403603,8403603.2018.10.13,2018-10-13 00:00:00,NL,2018,10,13,7.3,,6.3,,8.2,,19.8,,,,,,,,7,,51,,0,,10.7,,94,,99,
-52.78333888888889,47.513355555555556,ST JOHNS WEST CLIMATE,8403603,8403603.2018.10.14,2018-10-14 00:00:00,NL,2018,10,14,7.5,,5.2,,9.9,,0.5,,,,,,,,26,,48,,0,,10.5,,60,,99,
-52.78333888888889,47.513355555555556,ST JOHNS WEST CLIMATE,8403603,8403603.2018.10.15,2018-10-15 00:00:00,NL,2018,10,15,5.4,,0.8,,9.9,,0,,,,,,,,30,,39,,0,,12.6,,53,,95,
-52.78333888888889,47.513355555555556,ST JOHNS WEST CLIMATE,8403603,8403603.2018.10.16,2018-10-16 00:00:00,NL,2018,10,16,7.7,,0.9,,14.6,,26.9,,,,,,,,22,,83,,0,,10.3,,66,,98,
-52.78333888888889,47.513355555555556,ST JOHNS WEST CLIMATE,8403603,8403603.2018.10.17,2018-10-17 00:00:00,NL,2018,10,17,5.9,,1.6,,10.1,,0,,,,,,,,25,,62,,0,,12.1,,55,,96,
-52.78333888888889,47.513355555555556,ST JOHNS WEST CLIMATE,8403603,8403603.2018.10.18,2018-10-18 00:00:00,NL,2018,10,18,7,,2.9,,11.1,,5,,,,,,,,28,,44,,0,,11,,70,,98,
-52.78333888888889,47.513355555555556,ST JOHNS WEST CLIMATE,8403603,8403603.2018.10.19,2018-10-19 00:00:00,NL,2018,10,19,3.7,,1.6,,5.8,,3.5,,,,,,,,27,,47,,0,,14.3,,82,,,M
-52.78333888888889,47.513355555555556,ST JOHNS WEST CLIMATE,8403603,8403603.2018.10.20,2018-10-20 00:00:00,NL,2018,10,20,5.9,,1,,10.9,,0.2,,,,,,,,18,,59,,0,,12.1,,61,,95,
-52.78333888888889,47.513355555555556,ST JOHNS WEST CLIMATE,8403603,8403603.2018.10.21,2018-10-21 00:00:00,NL,2018,10,21,12.7,,10.7,,14.7,,11.8,,,,,,,,18,,65,,0,,5.3,,92,,99,
-52.78333888888889,47.513355555555556,ST JOHNS WEST CLIMATE,8403603,8403603.2018.10.22,2018-10-22 00:00:00,NL,2018,10,22,8.4,,1.6,,15.3,,8,,,,,,,,18,,45,,0,,9.6,,87,,98,
-52.78333888888889,47.513355555555556,ST JOHNS WEST CLIMATE,8403603,8403603.2018.10.23,2018-10-23 00:00:00,NL,2018,10,23,3.2,,-1.8,,8.3,,0.2,,,,,,,,24,,34,,0,,14.8,,53,,94,
-52.78333888888889,47.513355555555556,ST JOHNS WEST CLIMATE,8403603,8403603.2018.10.24,2018-10-24 00:00:00,NL,2018,10,24,,M,,M,,M,,M,,,,,,,,M,,M,,M,,M,,M,,M
-52.78333888888889,47.513355555555556,ST JOHNS WEST CLIMATE,8403603,8403603.2018.10.25,2018-10-25 00:00:00,NL,2018,10,25,8.8,,6.2,,11.5,,26.5,,,,,,,,14,,43,,0,,9.2,,91,,100,
-52.78333888888889,47.513355555555556,ST JOHNS WEST CLIMATE,8403603,8403603.2018.10.26,2018-10-26 00:00:00,NL,2018,10,26,5.1,,1.8,,8.3,,1.8,,,,,,,,22,,61,,0,,12.9,,65,,94,
-52.78333888888889,47.513355555555556,ST JOHNS WEST CLIMATE,8403603,8403603.2018.10.27,2018-10-27 00:00:00,NL,2018,10,27,4.1,,0.2,,8.1,,0,,,,,,,,23,,38,,0,,13.9,,49,,92,
-52.78333888888889,47.513355555555556,ST JOHNS WEST CLIMATE,8403603,8403603.2018.10.28,2018-10-28 00:00:00,NL,2018,10,28,,M,,M,,M,,M,,,,,,,,M,,M,,M,,M,,M,,M
-52.78333888888889,47.513355555555556,ST JOHNS WEST CLIMATE,8403603,8403603.2018.10.29,2018-10-29 00:00:00,NL,2018,10,29,13.6,,8.3,,18.8,,6.8,,,,,,,,24,,47,,0,,4.4,,94,,99,
-52.78333888888889,47.513355555555556,ST JOHNS WEST CLIMATE,8403603,8403603.2018.10.30,2018-10-30 00:00:00,NL,2018,10,30,13.2,,10.2,,16.1,,8.6,,,,,,,,24,,46,,0,,4.8,,92,,100,
-52.78333888888889,47.513355555555556,ST JOHNS WEST CLIMATE,8403603,8403603.2018.10.31,2018-10-31 00:00:00,NL,2018,10,31,,M,,M,,M,,M,,,,,,,,M,,M,,M,,M,,M,,M
-52.78333888888889,47.513355555555556,ST JOHNS WEST CLIMATE,8403603,8403603.2018.11.1,2018-11-01 00:00:00,NL,2018,11,1,,M,,M,,M,,M,,,,,,,,M,,M,,M,,M,,M,,M
-52.78333888888889,47.513355555555556,ST JOHNS WEST CLIMATE,8403603,8403603.2018.11.2,2018-11-02 00:00:00,NL,2018,11,2,7.2,,5.4,,9,,6,,,,,,,,30,,33,,0,,10.8,,62,,99,
-52.78333888888889,47.513355555555556,ST JOHNS WEST CLIMATE,8403603,8403603.2018.11.3,2018-11-03 00:00:00,NL,2018,11,3,11.6,,5.3,,17.9,,3.6,,,,,,,,24,,55,,0,,6.4,,90,,100,
-52.78333888888889,47.513355555555556,ST JOHNS WEST CLIMATE,8403603,8403603.2018.11.4,2018-11-04 00:00:00,NL,2018,11,4,11.3,,3.7,,18.8,,1.7,,,,,,,,26,,83,,0,,6.7,,63,,93,
-52.78333888888889,47.513355555555556,ST JOHNS WEST CLIMATE,8403603,8403603.2018.11.5,2018-11-05 00:00:00,NL,2018,11,5,1.3,,-2.2,,4.8,,0,,,,,,,,29,,44,,0,,16.7,,63,,91,
-52.78333888888889,47.513355555555556,ST JOHNS WEST CLIMATE,8403603,8403603.2018.11.6,2018-11-06 00:00:00,NL,2018,11,6,2.1,,-0.5,,4.8,,0.3,,,,,,,,,,,,0,,15.9,,69,,96,
-52.78333888888889,47.513355555555556,ST JOHNS WEST CLIMATE,8403603,8403603.2018.11.7,2018-11-07 00:00:00,NL,2018,11,7,10.4,,4.4,,16.3,,21.7,,,,,,,,24,,51,,0,,7.6,,91,,99,
-52.78333888888889,47.513355555555556,ST JOHNS WEST CLIMATE,8403603,8403603.2018.11.8,2018-11-08 00:00:00,NL,2018,11,8,7.1,,4.6,,9.6,,0,,,,,,,,27,,69,,0,,10.9,,63,,88,
-52.78333888888889,47.513355555555556,ST JOHNS WEST CLIMATE,8403603,8403603.2018.11.9,2018-11-09 00:00:00,NL,2018,11,9,3.5,,0,,6.9,,0.9,,,,,,,,30,,44,,0,,14.5,,59,,93,
-52.78333888888889,47.513355555555556,ST JOHNS WEST CLIMATE,8403603,8403603.2018.11.10,2018-11-10 00:00:00,NL,2018,11,10,2.3,,-1.3,,5.8,,24.3,,,,,,,,14,,54,,0,,15.7,,73,,99,
-52.78333888888889,47.513355555555556,ST JOHNS WEST CLIMATE,8403603,8403603.2018.11.11,2018-11-11 00:00:00,NL,2018,11,11,6.8,,1.1,,12.4,,1.8,,,,,,,,26,,68,,0,,11.2,,58,,99,
-52.78333888888889,47.513355555555556,ST JOHNS WEST CLIMATE,8403603,8403603.2018.11.12,2018-11-12 00:00:00,NL,2018,11,12,2.1,,-0.4,,4.5,,0.5,,,,,,,,25,,65,,0,,15.9,,55,,84,
-52.78333888888889,47.513355555555556,ST JOHNS WEST CLIMATE,8403603,8403603.2018.11.13,2018-11-13 00:00:00,NL,2018,11,13,1.5,,-1,,4,,0,,,,,,,,27,,47,,0,,16.5,,62,,87,
-52.78333888888889,47.513355555555556,ST JOHNS WEST CLIMATE,8403603,8403603.2018.11.14,2018-11-14 00:00:00,NL,2018,11,14,2.7,,-2.3,,7.8,,11,,,,,,,,24,,85,,0,,15.3,,61,,99,
-52.78333888888889,47.513355555555556,ST JOHNS WEST CLIMATE,8403603,8403603.2018.11.15,2018-11-15 00:00:00,NL,2018,11,15,-0.7,,-2.4,,0.9,,0,,,,,,,,29,,95,,0,,18.7,,58,,73,
-52.78333888888889,47.513355555555556,ST JOHNS WEST CLIMATE,8403603,8403603.2018.11.16,2018-11-16 00:00:00,NL,2018,11,16,-2.4,,-4.2,,-0.6,,3.2,,,,,,,,10,,54,,0,,20.4,,61,,98,
-52.78333888888889,47.513355555555556,ST JOHNS WEST CLIMATE,8403603,8403603.2018.11.17,2018-11-17 00:00:00,NL,2018,11,17,2.2,,-0.7,,5.1,,6.9,,,,,,,,29,,62,,0,,15.8,,83,,98,
-52.78333888888889,47.513355555555556,ST JOHNS WEST CLIMATE,8403603,8403603.2018.11.18,2018-11-18 00:00:00,NL,2018,11,18,-1.2,,-4.8,,2.4,,0,,,,,,,,28,,51,,0,,19.2,,58,,84,
-52.78333888888889,47.513355555555556,ST JOHNS WEST CLIMATE,8403603,8403603.2018.11.19,2018-11-19 00:00:00,NL,2018,11,19,-2.4,,-5.6,,0.8,,0.2,,,,,,,,32,,41,,0,,20.4,,57,,94,
-52.78333888888889,47.513355555555556,ST JOHNS WEST CLIMATE,8403603,8403603.2018.11.20,2018-11-20 00:00:00,NL,2018,11,20,3.6,,0.8,,6.3,,5.9,,,,,,,,,,,,0,,14.4,,95,,100,
-52.78333888888889,47.513355555555556,ST JOHNS WEST CLIMATE,8403603,8403603.2018.11.21,2018-11-21 00:00:00,NL,2018,11,21,5.7,,0.5,,11,,10.3,,,,,,,,25,,62,,0,,12.3,,74,,100,
-52.78333888888889,47.513355555555556,ST JOHNS WEST CLIMATE,8403603,8403603.2018.11.22,2018-11-22 00:00:00,NL,2018,11,22,-0.2,,-4.4,,3.9,,7.7,,,,,,,,15,,45,,0,,18.2,,75,,97,
-52.78333888888889,47.513355555555556,ST JOHNS WEST CLIMATE,8403603,8403603.2018.11.23,2018-11-23 00:00:00,NL,2018,11,23,-5.5,,-7.6,,-3.4,,2.2,,,,,,,,29,,50,,0,,23.5,,49,,91,
-52.78333888888889,47.513355555555556,ST JOHNS WEST CLIMATE,8403603,8403603.2018.11.24,2018-11-24 00:00:00,NL,2018,11,24,-3,,-5.3,,-0.8,,0,,,,,,,,24,,73,,0,,21,,55,,87,
-52.78333888888889,47.513355555555556,ST JOHNS WEST CLIMATE,8403603,8403603.2018.11.25,2018-11-25 00:00:00,NL,2018,11,25,-1.8,,-4.8,,1.2,,0,,,,,,,,29,,51,,0,,19.8,,52,,87,
-52.78333888888889,47.513355555555556,ST JOHNS WEST CLIMATE,8403603,8403603.2018.11.26,2018-11-26 00:00:00,NL,2018,11,26,1.6,,0.3,,2.8,,0.8,,,,,,,,1,,36,,0,,16.4,,85,,99,
-52.78333888888889,47.513355555555556,ST JOHNS WEST CLIMATE,8403603,8403603.2018.11.27,2018-11-27 00:00:00,NL,2018,11,27,,M,,M,,M,,M,,,,,,,,M,,M,,M,,M,,M,,M
-52.78333888888889,47.513355555555556,ST JOHNS WEST CLIMATE,8403603,8403603.2018.11.28,2018-11-28 00:00:00,NL,2018,11,28,1.6,,0.6,,2.6,,11.5,,,,,,,,10,,69,,0,,16.4,,93,,100,
-52.78333888888889,47.513355555555556,ST JOHNS WEST CLIMATE,8403603,8403603.2018.11.29,2018-11-29 00:00:00,NL,2018,11,29,3.4,,1.5,,5.3,,20,,,,,,,,8,,77,,0,,14.6,,98,,100,
-52.78333888888889,47.513355555555556,ST JOHNS WEST CLIMATE,8403603,8403603.2018.11.30,2018-11-30 00:00:00,NL,2018,11,30,1.7,,0.7,,2.8,,10.7,,,,,,,,36,,68,,0,,16.3,,96,,100,
-52.78333888888889,47.513355555555556,ST JOHNS WEST CLIMATE,8403603,8403603.2018.12.1,2018-12-01 00:00:00,NL,2018,12,1,1.7,,1.1,,2.3,,4.6,,,,,,,,33,,50,,0,,16.3,,93,,97,
-52.78333888888889,47.513355555555556,ST JOHNS WEST CLIMATE,8403603,8403603.2018.12.2,2018-12-02 00:00:00,NL,2018,12,2,0.8,,-0.4,,2,,1.7,,,,,,,,,,,,0,,17.2,,79,,97,
-52.78333888888889,47.513355555555556,ST JOHNS WEST CLIMATE,8403603,8403603.2018.12.3,2018-12-03 00:00:00,NL,2018,12,3,3.4,,-0.4,,7.1,,10.3,,,,,,,,14,,67,,0,,14.6,,86,,99,
-52.78333888888889,47.513355555555556,ST JOHNS WEST CLIMATE,8403603,8403603.2018.12.4,2018-12-04 00:00:00,NL,2018,12,4,0.6,,-1.9,,3.1,,1.1,,,,,,,,30,,34,,0,,17.4,,77,,99,
-52.78333888888889,47.513355555555556,ST JOHNS WEST CLIMATE,8403603,8403603.2018.12.5,2018-12-05 00:00:00,NL,2018,12,5,-4.4,,-7.2,,-1.6,,0.9,,,,,,,,28,,43,,0,,22.4,,66,,92,
-52.78333888888889,47.513355555555556,ST JOHNS WEST CLIMATE,8403603,8403603.2018.12.6,2018-12-06 00:00:00,NL,2018,12,6,-4.7,,-8.6,,-0.8,,13.5,,,,,,,,3,,68,,0,,22.7,,77,,98,
-52.78333888888889,47.513355555555556,ST JOHNS WEST CLIMATE,8403603,8403603.2018.12.7,2018-12-07 00:00:00,NL,2018,12,7,-3.3,,-5.7,,-0.8,,5.2,,,,,,,,33,,46,,0,,21.3,,79,,95,
-52.78333888888889,47.513355555555556,ST JOHNS WEST CLIMATE,8403603,8403603.2018.12.8,2018-12-08 00:00:00,NL,2018,12,8,-6,,-10.7,,-1.3,,4.1,,,,,,,,35,,32,,0,,24,,80,,98,
-52.78333888888889,47.513355555555556,ST JOHNS WEST CLIMATE,8403603,8403603.2018.12.9,2018-12-09 00:00:00,NL,2018,12,9,-4.7,,-6.5,,-2.9,,0.9,,,,,,,,28,,55,,0,,22.7,,65,,91,
-52.78333888888889,47.513355555555556,ST JOHNS WEST CLIMATE,8403603,8403603.2018.12.10,2018-12-10 00:00:00,NL,2018,12,10,-4.2,,-6.3,,-2.1,,1.1,,,,,,,,27,,51,,0,,22.2,,70,,95,
-52.78333888888889,47.513355555555556,ST JOHNS WEST CLIMATE,8403603,8403603.2018.12.11,2018-12-11 00:00:00,NL,2018,12,11,-5.9,,-11.3,,-0.4,,1.8,,,,,,,,32,,42,,0,,23.9,,79,,93,
-52.78333888888889,47.513355555555556,ST JOHNS WEST CLIMATE,8403603,8403603.2018.12.12,2018-12-12 00:00:00,NL,2018,12,12,-5.6,,-10.2,,-1,,,M,,,,,,,5,,55,,0,,23.6,,77,,94,
-52.78333888888889,47.513355555555556,ST JOHNS WEST CLIMATE,8403603,8403603.2018.12.13,2018-12-13 00:00:00,NL,2018,12,13,-5,,-8.2,,-1.7,,,M,,,,,,,28,,50,,0,,23,,65,,88,
-52.78333888888889,47.513355555555556,ST JOHNS WEST CLIMATE,8403603,8403603.2018.12.14,2018-12-14 00:00:00,NL,2018,12,14,-3,,-5.6,,-0.3,,,M,,,,,,,30,,57,,0,,21,,55,,88,
-52.78333888888889,47.513355555555556,ST JOHNS WEST CLIMATE,8403603,8403603.2018.12.15,2018-12-15 00:00:00,NL,2018,12,15,1,,-0.4,,2.4,,,M,,,,,,,27,,50,,0,,17,,69,,96,
-52.78333888888889,47.513355555555556,ST JOHNS WEST CLIMATE,8403603,8403603.2018.12.16,2018-12-16 00:00:00,NL,2018,12,16,-1,,-2,,0,,,M,,,,,,,29,,53,,0,,19,,65,,81,
-52.78333888888889,47.513355555555556,ST JOHNS WEST CLIMATE,8403603,8403603.2018.12.17,2018-12-17 00:00:00,NL,2018,12,17,-3.4,,-7,,0.2,,2.1,,,,,,,,13,,55,,0,,21.4,,63,,97,
-52.78333888888889,47.513355555555556,ST JOHNS WEST CLIMATE,8403603,8403603.2018.12.18,2018-12-18 00:00:00,NL,2018,12,18,2.8,,0.1,,5.5,,7.6,,,,,,,,11,,46,,0,,15.2,,86,,99,
-52.78333888888889,47.513355555555556,ST JOHNS WEST CLIMATE,8403603,8403603.2018.12.19,2018-12-19 00:00:00,NL,2018,12,19,-0.6,,-3.1,,1.9,,1.3,,,,,,,,29,,52,,0,,18.6,,73,,95,
-52.78333888888889,47.513355555555556,ST JOHNS WEST CLIMATE,8403603,8403603.2018.12.20,2018-12-20 00:00:00,NL,2018,12,20,-1.1,,-2.3,,0.1,,0,,,,,,,,28,,75,,0,,19.1,,54,,76,
-52.78333888888889,47.513355555555556,ST JOHNS WEST CLIMATE,8403603,8403603.2018.12.21,2018-12-21 00:00:00,NL,2018,12,21,-2.3,,-5.3,,0.7,,0,,,,,,,,29,,65,,0,,20.3,,69,,94,
-52.78333888888889,47.513355555555556,ST JOHNS WEST CLIMATE,8403603,8403603.2018.12.22,2018-12-22 00:00:00,NL,2018,12,22,-1.4,,-6.3,,3.6,,2.4,,,,,,,,17,,47,,0,,19.4,,85,,97,
-52.78333888888889,47.513355555555556,ST JOHNS WEST CLIMATE,8403603,8403603.2018.12.23,2018-12-23 00:00:00,NL,2018,12,23,2.4,,-2.1,,6.9,,7.9,,,,,,,,18,,50,,0,,15.6,,81,,100,
-52.78333888888889,47.513355555555556,ST JOHNS WEST CLIMATE,8403603,8403603.2018.12.24,2018-12-24 00:00:00,NL,2018,12,24,-3.7,,-5.4,,-2.1,,0.4,,,,,,,,28,,41,,0,,21.7,,66,,80,
-52.78333888888889,47.513355555555556,ST JOHNS WEST CLIMATE,8403603,8403603.2018.12.25,2018-12-25 00:00:00,NL,2018,12,25,-3.5,,-5.6,,-1.3,,0.5,,,,,,,,26,,32,,0,,21.5,,68,,87,
-52.78333888888889,47.513355555555556,ST JOHNS WEST CLIMATE,8403603,8403603.2018.12.26,2018-12-26 00:00:00,NL,2018,12,26,-4.8,,-6.1,,-3.6,,0.2,,,,,,,,29,,43,,0,,22.8,,56,,71,
-52.78333888888889,47.513355555555556,ST JOHNS WEST CLIMATE,8403603,8403603.2018.12.27,2018-12-27 00:00:00,NL,2018,12,27,-5.6,,-8.3,,-2.9,,0,,,,,,,,33,,36,,0,,23.6,,52,,80,
-52.78333888888889,47.513355555555556,ST JOHNS WEST CLIMATE,8403603,8403603.2018.12.28,2018-12-28 00:00:00,NL,2018,12,28,-11.3,,-14.5,,-8.1,,0.2,,,,,,,,32,,32,,0,,29.3,,58,,87,
-52.78333888888889,47.513355555555556,ST JOHNS WEST CLIMATE,8403603,8403603.2018.12.29,2018-12-29 00:00:00,NL,2018,12,29,-8.1,,-15,,-1.2,,8.8,,,,,,,,13,,44,,0,,26.1,,79,,99,
-52.78333888888889,47.513355555555556,ST JOHNS WEST CLIMATE,8403603,8403603.2018.12.30,2018-12-30 00:00:00,NL,2018,12,30,-2.1,,-3.7,,-0.5,,1.9,,,,,,,,33,,59,,0,,20.1,,89,,99,
-52.78333888888889,47.513355555555556,ST JOHNS WEST CLIMATE,8403603,8403603.2018.12.31,2018-12-31 00:00:00,NL,2018,12,31,-7.2,,-10.6,,-3.7,,0.4,,,,,,,,32,,53,,0,,25.2,,73,,89,
-52.78333888888889,47.513355555555556,ST JOHNS WEST CLIMATE,8403603,8403603.2019.1.1,2019-01-01 00:00:00,NL,2019,1,1,-7.1,,-11.2,,-2.9,,6.1,,,,,,,,13,,74,,0,,25.1,,58,,96,
-52.78333888888889,47.513355555555556,ST JOHNS WEST CLIMATE,8403603,8403603.2019.1.2,2019-01-02 00:00:00,NL,2019,1,2,-3.2,,-7.2,,0.7,,13.9,,,,,,,,28,,76,,0,,21.2,,78,,99,
-52.78333888888889,47.513355555555556,ST JOHNS WEST CLIMATE,8403603,8403603.2019.1.3,2019-01-03 00:00:00,NL,2019,1,3,-13.3,,-19.5,,-7.1,,0.2,,,,,,,,29,,61,,0,,31.3,,58,,90,
-52.78333888888889,47.513355555555556,ST JOHNS WEST CLIMATE,8403603,8403603.2019.1.4,2019-01-04 00:00:00,NL,2019,1,4,-11.5,,-19.4,,-3.6,,0.2,,,,,,,,,,,,0,,29.5,,75,,91,
-52.78333888888889,47.513355555555556,ST JOHNS WEST CLIMATE,8403603,8403603.2019.1.5,2019-01-05 00:00:00,NL,2019,1,5,-1.4,,-3.8,,1,,3.1,,,,,,,,19,,36,,0,,19.4,,88,,100,
-52.78333888888889,47.513355555555556,ST JOHNS WEST CLIMATE,8403603,8403603.2019.1.6,2019-01-06 00:00:00,NL,2019,1,6,2.3,,-0.2,,4.9,,36.2,,,,,,,,24,,62,,0,,15.7,,87,,100,
-52.78333888888889,47.513355555555556,ST JOHNS WEST CLIMATE,8403603,8403603.2019.1.7,2019-01-07 00:00:00,NL,2019,1,7,-2.6,,-5.3,,0,,0.2,,,,,,,,24,,70,,0,,20.6,,69,,83,
-52.78333888888889,47.513355555555556,ST JOHNS WEST CLIMATE,8403603,8403603.2019.1.8,2019-01-08 00:00:00,NL,2019,1,8,-5.6,,-6.7,,-4.6,,0.2,,,,,,,,34,,57,,0,,23.6,,74,,89,
-52.78333888888889,47.513355555555556,ST JOHNS WEST CLIMATE,8403603,8403603.2019.1.9,2019-01-09 00:00:00,NL,2019,1,9,-4.1,,-4.6,,-3.5,,0,,,,,,,,1,,41,,0,,22.1,,70,,87,
-52.78333888888889,47.513355555555556,ST JOHNS WEST CLIMATE,8403603,8403603.2019.1.10,2019-01-10 00:00:00,NL,2019,1,10,1.2,,-3.6,,6.1,,13.7,,,,,,,,13,,37,,0,,16.8,,86,,99,
-52.78333888888889,47.513355555555556,ST JOHNS WEST CLIMATE,8403603,8403603.2019.1.11,2019-01-11 00:00:00,NL,2019,1,11,1.2,,-0.4,,2.9,,3,,,,,,,,24,,37,,0,,16.8,,82,,98,
-52.78333888888889,47.513355555555556,ST JOHNS WEST CLIMATE,8403603,8403603.2019.1.12,2019-01-12 00:00:00,NL,2019,1,12,-1.5,,-4.7,,1.7,,0.3,,,,,,,,23,,43,,0,,19.5,,69,,85,
-52.78333888888889,47.513355555555556,ST JOHNS WEST CLIMATE,8403603,8403603.2019.1.13,2019-01-13 00:00:00,NL,2019,1,13,-4.4,,-6.8,,-1.9,,0.2,,,,,,,,26,,50,,0,,22.4,,62,,88,
-52.78333888888889,47.513355555555556,ST JOHNS WEST CLIMATE,8403603,8403603.2019.1.14,2019-01-14 00:00:00,NL,2019,1,14,-4.6,,-6.6,,-2.5,,0,,,,,,,,29,,39,,0,,22.6,,59,,81,
-52.78333888888889,47.513355555555556,ST JOHNS WEST CLIMATE,8403603,8403603.2019.1.15,2019-01-15 00:00:00,NL,2019,1,15,-0.5,,-4.4,,3.4,,46.2,,,,,,,,32,,62,,0,,18.5,,80,,100,
-52.78333888888889,47.513355555555556,ST JOHNS WEST CLIMATE,8403603,8403603.2019.1.16,2019-01-16 00:00:00,NL,2019,1,16,-4,,-5.7,,-2.2,,0,,,,,,,,31,,56,,0,,22,,80,,89,
-52.78333888888889,47.513355555555556,ST JOHNS WEST CLIMATE,8403603,8403603.2019.1.17,2019-01-17 00:00:00,NL,2019,1,17,-3.8,,-9.2,,1.6,,0.5,,,,,,,,24,,50,,0,,21.8,,60,,93,
-52.78333888888889,47.513355555555556,ST JOHNS WEST CLIMATE,8403603,8403603.2019.1.18,2019-01-18 00:00:00,NL,2019,1,18,-7.2,,-10.3,,-4.2,,0.2,,,,,,,,30,,44,,0,,25.2,,57,,76,
-52.78333888888889,47.513355555555556,ST JOHNS WEST CLIMATE,8403603,8403603.2019.1.19,2019-01-19 00:00:00,NL,2019,1,19,-4.1,,-9.9,,1.7,,10.2,,,,,,,,28,,41,,0,,22.1,,65,,98,
-52.78333888888889,47.513355555555556,ST JOHNS WEST CLIMATE,8403603,8403603.2019.1.20,2019-01-20 00:00:00,NL,2019,1,20,-5.4,,-10.1,,-0.7,,0,,,,,,,,15,,54,,0,,23.4,,56,,95,
-52.78333888888889,47.513355555555556,ST JOHNS WEST CLIMATE,8403603,8403603.2019.1.21,2019-01-21 00:00:00,NL,2019,1,21,4.8,,-0.7,,10.3,,16.3,,,,,,,,19,,64,,0,,13.2,,91,,99,
-52.78333888888889,47.513355555555556,ST JOHNS WEST CLIMATE,8403603,8403603.2019.1.22,2019-01-22 00:00:00,NL,2019,1,22,0.1,,-3.7,,4,,2.1,,,,,,,,28,,39,,0,,17.9,,78,,98,
-52.78333888888889,47.513355555555556,ST JOHNS WEST CLIMATE,8403603,8403603.2019.1.23,2019-01-23 00:00:00,NL,2019,1,23,-5.8,,-9.4,,-2.1,,1.5,,,,,,,,34,,45,,0,,23.8,,62,,92,
-52.78333888888889,47.513355555555556,ST JOHNS WEST CLIMATE,8403603,8403603.2019.1.24,2019-01-24 00:00:00,NL,2019,1,24,-2.5,,-7.4,,2.3,,3.4,,,,,,,,16,,36,,0,,20.5,,88,,100,
-52.78333888888889,47.513355555555556,ST JOHNS WEST CLIMATE,8403603,8403603.2019.1.25,2019-01-25 00:00:00,NL,2019,1,25,5.2,,1.1,,9.4,,4.3,,,,,,,,21,,57,,0,,12.8,,95,,100,
-52.78333888888889,47.513355555555556,ST JOHNS WEST CLIMATE,8403603,8403603.2019.1.26,2019-01-26 00:00:00,NL,2019,1,26,-1.9,,-6.2,,2.3,,0,,,,,,,,26,,36,,0,,19.9,,46,,97,
-52.78333888888889,47.513355555555556,ST JOHNS WEST CLIMATE,8403603,8403603.2019.1.27,2019-01-27 00:00:00,NL,2019,1,27,-3.6,,-6.5,,-0.7,,0,,,,,,,,,,,,0,,21.6,,54,,96,
-52.78333888888889,47.513355555555556,ST JOHNS WEST CLIMATE,8403603,8403603.2019.1.28,2019-01-28 00:00:00,NL,2019,1,28,0.8,,-1.4,,3.1,,2.3,,,,,,,,14,,47,,0,,17.2,,92,,100,
-52.78333888888889,47.513355555555556,ST JOHNS WEST CLIMATE,8403603,8403603.2019.1.29,2019-01-29 00:00:00,NL,2019,1,29,-3.2,,-7.1,,0.7,,0,,,,,,,,33,,32,,0,,21.2,,52,,94,
-52.78333888888889,47.513355555555556,ST JOHNS WEST CLIMATE,8403603,8403603.2019.1.30,2019-01-30 00:00:00,NL,2019,1,30,-3.4,,-6.2,,-0.6,,0.2,,,,,,,,12,,39,,0,,21.4,,87,,99,
-52.78333888888889,47.513355555555556,ST JOHNS WEST CLIMATE,8403603,8403603.2019.1.31,2019-01-31 00:00:00,NL,2019,1,31,-1.9,,-7.2,,3.5,,0.5,,,,,,,,26,,52,,0,,19.9,,48,,100,
-52.78333888888889,47.513355555555556,ST JOHNS WEST CLIMATE,8403603,8403603.2019.2.1,2019-02-01 00:00:00,NL,2019,2,1,-8.3,,-10.3,,-6.4,,1.7,,,,,,,,25,,53,,0,,26.3,,56,,90,
-52.78333888888889,47.513355555555556,ST JOHNS WEST CLIMATE,8403603,8403603.2019.2.2,2019-02-02 00:00:00,NL,2019,2,2,-6.8,,-8.5,,-5,,1.1,,,,,,,,25,,49,,0,,24.8,,63,,90,
-52.78333888888889,47.513355555555556,ST JOHNS WEST CLIMATE,8403603,8403603.2019.2.3,2019-02-03 00:00:00,NL,2019,2,3,-9.4,,-12.5,,-6.4,,0.9,,,,,,,,29,,53,,0,,27.4,,57,,94,
-52.78333888888889,47.513355555555556,ST JOHNS WEST CLIMATE,8403603,8403603.2019.2.4,2019-02-04 00:00:00,NL,2019,2,4,-6.8,,-13.6,,0.1,,0.2,,,,,,,,29,,52,,0,,24.8,,52,,96,
-52.78333888888889,47.513355555555556,ST JOHNS WEST CLIMATE,8403603,8403603.2019.2.5,2019-02-05 00:00:00,NL,2019,2,5,-0.5,,-2.4,,1.5,,8.8,,,,,,,,20,,36,,0,,18.5,,81,,99,
-52.78333888888889,47.513355555555556,ST JOHNS WEST CLIMATE,8403603,8403603.2019.2.6,2019-02-06 00:00:00,NL,2019,2,6,0.8,,-4.2,,5.8,,11.4,,,,,,,,35,,55,,0,,17.2,,83,,99,
-52.78333888888889,47.513355555555556,ST JOHNS WEST CLIMATE,8403603,8403603.2019.2.7,2019-02-07 00:00:00,NL,2019,2,7,-3.7,,-4.4,,-3,,0.7,,,,,,,,,,,,0,,21.7,,84,,95,
-52.78333888888889,47.513355555555556,ST JOHNS WEST CLIMATE,8403603,8403603.2019.2.8,2019-02-08 00:00:00,NL,2019,2,8,-1.1,,-4.2,,1.9,,6,,,,,,,,19,,60,,0,,19.1,,82,,99,
-52.78333888888889,47.513355555555556,ST JOHNS WEST CLIMATE,8403603,8403603.2019.2.9,2019-02-09 00:00:00,NL,2019,2,9,-3.1,,-11.4,,5.1,,5,,,,,,,,25,,69,,0,,21.1,,54,,99,
-52.78333888888889,47.513355555555556,ST JOHNS WEST CLIMATE,8403603,8403603.2019.2.10,2019-02-10 00:00:00,NL,2019,2,10,-7.7,,-9.1,,-6.2,,0.7,,,,,,,,30,,77,,0,,25.7,,53,,90,
-52.78333888888889,47.513355555555556,ST JOHNS WEST CLIMATE,8403603,8403603.2019.2.11,2019-02-11 00:00:00,NL,2019,2,11,-8.3,,-10,,-6.6,,0,,,,,,,,28,,65,,0,,26.3,,52,,78,
-52.78333888888889,47.513355555555556,ST JOHNS WEST CLIMATE,8403603,8403603.2019.2.12,2019-02-12 00:00:00,NL,2019,2,12,-6.4,,-7.8,,-5.1,,0,,,,,,,,29,,52,,0,,24.4,,66,,75,
-52.78333888888889,47.513355555555556,ST JOHNS WEST CLIMATE,8403603,8403603.2019.2.13,2019-02-13 00:00:00,NL,2019,2,13,-6.2,,-9.2,,-3.2,,2.6,,,,,,,,14,,47,,0,,24.2,,67,,95,
-52.78333888888889,47.513355555555556,ST JOHNS WEST CLIMATE,8403603,8403603.2019.2.14,2019-02-14 00:00:00,NL,2019,2,14,-1.1,,-3.3,,1.1,,3.7,,,,,,,,24,,62,,0,,19.1,,75,,97,
-52.78333888888889,47.513355555555556,ST JOHNS WEST CLIMATE,8403603,8403603.2019.2.15,2019-02-15 00:00:00,NL,2019,2,15,-7,,-12.4,,-1.7,,1.4,,,,,,,,31,,59,,0,,25,,65,,92,
-52.78333888888889,47.513355555555556,ST JOHNS WEST CLIMATE,8403603,8403603.2019.2.16,2019-02-16 00:00:00,NL,2019,2,16,-2.8,,-7.8,,2.2,,7,,,,,,,,15,,55,,0,,20.8,,80,,99,
-52.78333888888889,47.513355555555556,ST JOHNS WEST CLIMATE,8403603,8403603.2019.2.17,2019-02-17 00:00:00,NL,2019,2,17,-1,,-5.9,,3.9,,2.2,,,,,,,,19,,46,,0,,19,,63,,99,
-52.78333888888889,47.513355555555556,ST JOHNS WEST CLIMATE,8403603,8403603.2019.2.18,2019-02-18 00:00:00,NL,2019,2,18,-6.2,,-9.1,,-3.4,,0,,,,,,,,26,,55,,0,,24.2,,60,,76,
-52.78333888888889,47.513355555555556,ST JOHNS WEST CLIMATE,8403603,8403603.2019.2.19,2019-02-19 00:00:00,NL,2019,2,19,-7.3,,-11.1,,-3.6,,0,,,,,,,,31,,50,,0,,25.3,,58,,84,
-52.78333888888889,47.513355555555556,ST JOHNS WEST CLIMATE,8403603,8403603.2019.2.20,2019-02-20 00:00:00,NL,2019,2,20,-13.5,,-16,,-11.1,,0,,,,,,,,30,,57,,0,,31.5,,50,,79,
-52.78333888888889,47.513355555555556,ST JOHNS WEST CLIMATE,8403603,8403603.2019.2.21,2019-02-21 00:00:00,NL,2019,2,21,-12.9,,-16.1,,-9.8,,0,,,,,,,,30,,54,,0,,30.9,,53,,77,
-52.78333888888889,47.513355555555556,ST JOHNS WEST CLIMATE,8403603,8403603.2019.2.22,2019-02-22 00:00:00,NL,2019,2,22,-9.8,,-12.2,,-7.5,,0,,,,,,,,29,,41,,0,,27.8,,44,,75,
-52.78333888888889,47.513355555555556,ST JOHNS WEST CLIMATE,8403603,8403603.2019.2.23,2019-02-23 00:00:00,NL,2019,2,23,-12.6,,-14.8,,-10.4,,0,,,,,,,,29,,51,,0,,30.6,,48,,71,
-52.78333888888889,47.513355555555556,ST JOHNS WEST CLIMATE,8403603,8403603.2019.2.24,2019-02-24 00:00:00,NL,2019,2,24,-12.4,,-16.7,,-8,,0,,,,,,,,29,,48,,0,,30.4,,45,,82,
-52.78333888888889,47.513355555555556,ST JOHNS WEST CLIMATE,8403603,8403603.2019.2.25,2019-02-25 00:00:00,NL,2019,2,25,-9.3,,-18,,-0.5,,4.8,,,,,,,,14,,72,,0,,27.3,,69,,99,
-52.78333888888889,47.513355555555556,ST JOHNS WEST CLIMATE,8403603,8403603.2019.2.26,2019-02-26 00:00:00,NL,2019,2,26,-5,,-9.1,,-0.9,,2.2,,,,,,,,25,,63,,0,,23,,76,,95,
-52.78333888888889,47.513355555555556,ST JOHNS WEST CLIMATE,8403603,8403603.2019.2.27,2019-02-27 00:00:00,NL,2019,2,27,-5.9,,-9.7,,-2.1,,2.5,,,,,,,,31,,67,,0,,23.9,,65,,87,
-52.78333888888889,47.513355555555556,ST JOHNS WEST CLIMATE,8403603,8403603.2019.2.28,2019-02-28 00:00:00,NL,2019,2,28,-5.5,,-8.4,,-2.7,,0,,,,,,,,28,,71,,0,,23.5,,63,,76,
-52.78333888888889,47.513355555555556,ST JOHNS WEST CLIMATE,8403603,8403603.2019.3.1,2019-03-01 00:00:00,NL,2019,3,1,-6,,-8,,-4,,0,,,,,,,,29,,55,,0,,24,,54,,81,
-52.78333888888889,47.513355555555556,ST JOHNS WEST CLIMATE,8403603,8403603.2019.3.2,2019-03-02 00:00:00,NL,2019,3,2,-5.4,,-9.2,,-1.7,,0,,,,,,,,29,,67,,0,,23.4,,41,,80,
-52.78333888888889,47.513355555555556,ST JOHNS WEST CLIMATE,8403603,8403603.2019.3.3,2019-03-03 00:00:00,NL,2019,3,3,-7.1,,-10.3,,-3.9,,3.2,,,,,,,,26,,45,,0,,25.1,,76,,93,
-52.78333888888889,47.513355555555556,ST JOHNS WEST CLIMATE,8403603,8403603.2019.3.4,2019-03-04 00:00:00,NL,2019,3,4,-4.2,,-7.8,,-0.6,,11.2,,,,,,,,14,,70,,0,,22.2,,71,,97,
-52.78333888888889,47.513355555555556,ST JOHNS WEST CLIMATE,8403603,8403603.2019.3.5,2019-03-05 00:00:00,NL,2019,3,5,-0.8,,-5.3,,3.8,,1,,,,,,,,24,,82,,0,,18.8,,64,,99,
-52.78333888888889,47.513355555555556,ST JOHNS WEST CLIMATE,8403603,8403603.2019.3.6,2019-03-06 00:00:00,NL,2019,3,6,-6.8,,-10.2,,-3.4,,6.5,,,,,,,,,,,,0,,24.8,,58,,95,
-52.78333888888889,47.513355555555556,ST JOHNS WEST CLIMATE,8403603,8403603.2019.3.7,2019-03-07 00:00:00,NL,2019,3,7,-8.9,,-11.9,,-6,,1.6,,,,,,,,26,,57,,0,,26.9,,47,,87,
-52.78333888888889,47.513355555555556,ST JOHNS WEST CLIMATE,8403603,8403603.2019.3.8,2019-03-08 00:00:00,NL,2019,3,8,-8.9,,-11.6,,-6.2,,1.7,,,,,,,,25,,48,,0,,26.9,,48,,87,
-52.78333888888889,47.513355555555556,ST JOHNS WEST CLIMATE,8403603,8403603.2019.3.9,2019-03-09 00:00:00,NL,2019,3,9,-6.4,,-11.6,,-1.2,,0,,,,,,,,21,,53,,0,,24.4,,62,,86,
-52.78333888888889,47.513355555555556,ST JOHNS WEST CLIMATE,8403603,8403603.2019.3.10,2019-03-10 00:00:00,NL,2019,3,10,-5.8,,-11,,-0.7,,0,,,,,,,,29,,41,,0,,23.8,,58,,89,
-52.78333888888889,47.513355555555556,ST JOHNS WEST CLIMATE,8403603,8403603.2019.3.11,2019-03-11 00:00:00,NL,2019,3,11,-3.8,,-11,,3.4,,27.1,,,,,,,,17,,66,,0,,21.8,,82,,99,
-52.78333888888889,47.513355555555556,ST JOHNS WEST CLIMATE,8403603,8403603.2019.3.12,2019-03-12 00:00:00,NL,2019,3,12,1.3,,-2.6,,5.1,,0.2,,,,,,,,23,,55,,0,,16.7,,53,,98,
-52.78333888888889,47.513355555555556,ST JOHNS WEST CLIMATE,8403603,8403603.2019.3.13,2019-03-13 00:00:00,NL,2019,3,13,-2.4,,-6.5,,1.7,,0,,,,,,,,,,,,0,,20.4,,60,,93,
-52.78333888888889,47.513355555555556,ST JOHNS WEST CLIMATE,8403603,8403603.2019.3.14,2019-03-14 00:00:00,NL,2019,3,14,-2.4,,-8.2,,3.4,,0,,,,,,,,,,,,0,,20.4,,44,,98,
-52.78333888888889,47.513355555555556,ST JOHNS WEST CLIMATE,8403603,8403603.2019.3.15,2019-03-15 00:00:00,NL,2019,3,15,-2.6,,-7.2,,2.1,,0,,,,,,,,19,,32,,0,,20.6,,49,,88,
-52.78333888888889,47.513355555555556,ST JOHNS WEST CLIMATE,8403603,8403603.2019.3.16,2019-03-16 00:00:00,NL,2019,3,16,3.3,,0.1,,6.5,,8.2,,,,,,,,20,,53,,0,,14.7,,75,,98,
-52.78333888888889,47.513355555555556,ST JOHNS WEST CLIMATE,8403603,8403603.2019.3.17,2019-03-17 00:00:00,NL,2019,3,17,-0.2,,-4.8,,4.4,,0.4,,,,,,,,26,,56,,0,,18.2,,60,,98,
-52.78333888888889,47.513355555555556,ST JOHNS WEST CLIMATE,8403603,8403603.2019.3.18,2019-03-18 00:00:00,NL,2019,3,18,-4.1,,-8.9,,0.7,,0,,,,,,,,25,,45,,0,,22.1,,47,,90,
-52.78333888888889,47.513355555555556,ST JOHNS WEST CLIMATE,8403603,8403603.2019.3.19,2019-03-19 00:00:00,NL,2019,3,19,-6.6,,-10.1,,-3.1,,0.5,,,,,,,,29,,33,,0,,24.6,,49,,94,
-52.78333888888889,47.513355555555556,ST JOHNS WEST CLIMATE,8403603,8403603.2019.3.20,2019-03-20 00:00:00,NL,2019,3,20,-4.9,,-8,,-1.9,,0,,,,,,,,25,,38,,0,,22.9,,51,,89,
-52.78333888888889,47.513355555555556,ST JOHNS WEST CLIMATE,8403603,8403603.2019.3.21,2019-03-21 00:00:00,NL,2019,3,21,-0.5,,-5.6,,4.6,,0,,,,,,,,25,,42,,0,,18.5,,37,,83,
-52.78333888888889,47.513355555555556,ST JOHNS WEST CLIMATE,8403603,8403603.2019.3.22,2019-03-22 00:00:00,NL,2019,3,22,0.2,,-3,,3.5,,23.4,,,,,,,,15,,59,,0,,17.8,,68,,99,
-52.78333888888889,47.513355555555556,ST JOHNS WEST CLIMATE,8403603,8403603.2019.3.23,2019-03-23 00:00:00,NL,2019,3,23,6.3,,1,,11.7,,21,,,,,,,,24,,55,,0,,11.7,,60,,99,
-52.78333888888889,47.513355555555556,ST JOHNS WEST CLIMATE,8403603,8403603.2019.3.24,2019-03-24 00:00:00,NL,2019,3,24,1.1,,-1.8,,4,,0.2,,,,,,,,24,,42,,0,,16.9,,77,,96,
-52.78333888888889,47.513355555555556,ST JOHNS WEST CLIMATE,8403603,8403603.2019.3.25,2019-03-25 00:00:00,NL,2019,3,25,1.2,,-3.3,,5.7,,0,,,,,,,,19,,42,,0,,16.8,,56,,89,
-52.78333888888889,47.513355555555556,ST JOHNS WEST CLIMATE,8403603,8403603.2019.3.26,2019-03-26 00:00:00,NL,2019,3,26,-4,,-5.8,,-2.1,,0,,,,,,,,27,,32,,0,,22,,38,,81,
-52.78333888888889,47.513355555555556,ST JOHNS WEST CLIMATE,8403603,8403603.2019.3.27,2019-03-27 00:00:00,NL,2019,3,27,-8.1,,-11.7,,-4.4,,0.2,,,,,,,,32,,35,,0,,26.1,,38,,84,
-52.78333888888889,47.513355555555556,ST JOHNS WEST CLIMATE,8403603,8403603.2019.3.28,2019-03-28 00:00:00,NL,2019,3,28,-5.1,,-12.6,,2.3,,0,,,,,,,,,,,,0,,23.1,,28,,85,
-52.78333888888889,47.513355555555556,ST JOHNS WEST CLIMATE,8403603,8403603.2019.3.29,2019-03-29 00:00:00,NL,2019,3,29,-0.9,,-6.9,,5.1,,0,,,,,,,,20,,37,,0,,18.9,,46,,92,
-52.78333888888889,47.513355555555556,ST JOHNS WEST CLIMATE,8403603,8403603.2019.3.30,2019-03-30 00:00:00,NL,2019,3,30,4.9,,0.4,,9.4,,0,,,,,,,,,,,,0,,13.1,,67,,99,
-52.78333888888889,47.513355555555556,ST JOHNS WEST CLIMATE,8403603,8403603.2019.3.31,2019-03-31 00:00:00,NL,2019,3,31,7.5,,1.8,,13.2,,0,,,,,,,,18,,35,,0,,10.5,,53,,100,
-52.78333888888889,47.513355555555556,ST JOHNS WEST CLIMATE,8403603,8403603.2019.4.1,2019-04-01 00:00:00,NL,2019,4,1,8,,-0.9,,16.9,,12.4,,,,,,,,25,,58,,0,,10,,71,,100,
-52.78333888888889,47.513355555555556,ST JOHNS WEST CLIMATE,8403603,8403603.2019.4.2,2019-04-02 00:00:00,NL,2019,4,2,0.1,,-3,,3.2,,0,,,,,,,,27,,63,,0,,17.9,,41,,90,
-52.78333888888889,47.513355555555556,ST JOHNS WEST CLIMATE,8403603,8403603.2019.4.3,2019-04-03 00:00:00,NL,2019,4,3,1.5,,-4.5,,7.4,,18.9,,,,,,,,12,,63,,0,,16.5,,32,,99,
-52.78333888888889,47.513355555555556,ST JOHNS WEST CLIMATE,8403603,8403603.2019.4.4,2019-04-04 00:00:00,NL,2019,4,4,2.7,,-1.4,,6.7,,0.3,,,,,,,,23,,83,,0,,15.3,,49,,97,
-52.78333888888889,47.513355555555556,ST JOHNS WEST CLIMATE,8403603,8403603.2019.4.5,2019-04-05 00:00:00,NL,2019,4,5,-2,,-4.5,,0.5,,0,,,,,,,,27,,67,,0,,20,,58,,72,
-52.78333888888889,47.513355555555556,ST JOHNS WEST CLIMATE,8403603,8403603.2019.4.6,2019-04-06 00:00:00,NL,2019,4,6,-0.1,,-5.1,,4.9,,2.8,,,,,,,,25,,42,,0,,18.1,,29,,97,
-52.78333888888889,47.513355555555556,ST JOHNS WEST CLIMATE,8403603,8403603.2019.4.7,2019-04-07 00:00:00,NL,2019,4,7,-0.9,,-3,,1.2,,3,,,,,,,,28,,53,,0,,18.9,,66,,99,
-52.78333888888889,47.513355555555556,ST JOHNS WEST CLIMATE,8403603,8403603.2019.4.8,2019-04-08 00:00:00,NL,2019,4,8,-3.4,,-6.1,,-0.7,,1.3,,,,,,,,28,,55,,0,,21.4,,57,,86,
-52.78333888888889,47.513355555555556,ST JOHNS WEST CLIMATE,8403603,8403603.2019.4.9,2019-04-09 00:00:00,NL,2019,4,9,-2.7,,-7.3,,1.8,,0,,,,,,,,29,,44,,0,,20.7,,33,,78,
-52.78333888888889,47.513355555555556,ST JOHNS WEST CLIMATE,8403603,8403603.2019.4.10,2019-04-10 00:00:00,NL,2019,4,10,0,,-3.7,,3.6,,1.4,,,,,,,,29,,37,,0,,18,,63,,97,
-52.78333888888889,47.513355555555556,ST JOHNS WEST CLIMATE,8403603,8403603.2019.4.11,2019-04-11 00:00:00,NL,2019,4,11,2.1,,-0.1,,4.3,,0.2,,,,,,,,33,,49,,0,,15.9,,65,,92,
-52.78333888888889,47.513355555555556,ST JOHNS WEST CLIMATE,8403603,8403603.2019.4.12,2019-04-12 00:00:00,NL,2019,4,12,1.2,,-4.1,,6.5,,0.2,,,,,,,,30,,47,,0,,16.8,,50,,87,
-52.78333888888889,47.513355555555556,ST JOHNS WEST CLIMATE,8403603,8403603.2019.4.13,2019-04-13 00:00:00,NL,2019,4,13,1.8,,-3.5,,7.2,,0,,,,,,,,25,,36,,0,,16.2,,30,,94,
-52.78333888888889,47.513355555555556,ST JOHNS WEST CLIMATE,8403603,8403603.2019.4.14,2019-04-14 00:00:00,NL,2019,4,14,4.7,,-0.8,,10.2,,0,,,,,,,,30,,53,,0,,13.3,,56,,98,
-52.78333888888889,47.513355555555556,ST JOHNS WEST CLIMATE,8403603,8403603.2019.4.15,2019-04-15 00:00:00,NL,2019,4,15,1.7,,-2.6,,6,,3.7,,,,,,,,19,,33,,0,,16.3,,45,,99,
-52.78333888888889,47.513355555555556,ST JOHNS WEST CLIMATE,8403603,8403603.2019.4.16,2019-04-16 00:00:00,NL,2019,4,16,4.1,,-0.6,,8.7,,7.8,,,,,,,,22,,40,,0,,13.9,,91,,99,
-52.78333888888889,47.513355555555556,ST JOHNS WEST CLIMATE,8403603,8403603.2019.4.17,2019-04-17 00:00:00,NL,2019,4,17,0.1,,-1.1,,1.3,,1.4,,,,,,,,1,,67,,0,,17.9,,81,,94,
-52.78333888888889,47.513355555555556,ST JOHNS WEST CLIMATE,8403603,8403603.2019.4.18,2019-04-18 00:00:00,NL,2019,4,18,-2.6,,-6.4,,1.3,,0,,,,,,,,35,,49,,0,,20.6,,63,,91,
-52.78333888888889,47.513355555555556,ST JOHNS WEST CLIMATE,8403603,8403603.2019.4.19,2019-04-19 00:00:00,NL,2019,4,19,-0.5,,-6.6,,5.6,,3.7,,,,,,,,18,,53,,0,,18.5,,45,,98,
-52.78333888888889,47.513355555555556,ST JOHNS WEST CLIMATE,8403603,8403603.2019.4.20,2019-04-20 00:00:00,NL,2019,4,20,4.5,,1.9,,7.1,,4.9,,,,,,,,25,,42,,0,,13.5,,91,,100,
-52.78333888888889,47.513355555555556,ST JOHNS WEST CLIMATE,8403603,8403603.2019.4.21,2019-04-21 00:00:00,NL,2019,4,21,7.5,,0.4,,14.5,,1.4,,,,,,,,25,,59,,0,,10.5,,73,,100,
-52.78333888888889,47.513355555555556,ST JOHNS WEST CLIMATE,8403603,8403603.2019.4.22,2019-04-22 00:00:00,NL,2019,4,22,11,,6.5,,15.5,,1,,,,,,,,26,,58,,0,,7,,80,,99,
-52.78333888888889,47.513355555555556,ST JOHNS WEST CLIMATE,8403603,8403603.2019.4.23,2019-04-23 00:00:00,NL,2019,4,23,2.6,,-1.3,,6.5,,0.4,,,,,,,,,,,,0,,15.4,,59,,95,
-52.78333888888889,47.513355555555556,ST JOHNS WEST CLIMATE,8403603,8403603.2019.4.24,2019-04-24 00:00:00,NL,2019,4,24,-0.8,,-1.6,,0.1,,13.6,,,,,,,,7,,33,,0,,18.8,,86,,100,
-52.78333888888889,47.513355555555556,ST JOHNS WEST CLIMATE,8403603,8403603.2019.4.25,2019-04-25 00:00:00,NL,2019,4,25,0,,-0.8,,0.8,,18,,,,,,,,7,,47,,0,,18,,93,,99,
-52.78333888888889,47.513355555555556,ST JOHNS WEST CLIMATE,8403603,8403603.2019.4.26,2019-04-26 00:00:00,NL,2019,4,26,0.8,,-0.2,,1.7,,0.2,,,,,,,,35,,48,,0,,17.2,,92,,100,
-52.78333888888889,47.513355555555556,ST JOHNS WEST CLIMATE,8403603,8403603.2019.4.27,2019-04-27 00:00:00,NL,2019,4,27,1.5,,-1.6,,4.6,,0,,,,,,,,,,,,0,,16.5,,69,,99,
-52.78333888888889,47.513355555555556,ST JOHNS WEST CLIMATE,8403603,8403603.2019.4.28,2019-04-28 00:00:00,NL,2019,4,28,2.5,,-0.2,,5.2,,0.5,,,,,,,,16,,44,,0,,15.5,,87,,100,
-52.78333888888889,47.513355555555556,ST JOHNS WEST CLIMATE,8403603,8403603.2019.4.29,2019-04-29 00:00:00,NL,2019,4,29,4.8,,-0.6,,10.1,,0,,,,,,,,26,,61,,0,,13.2,,56,,98,
-52.78333888888889,47.513355555555556,ST JOHNS WEST CLIMATE,8403603,8403603.2019.4.30,2019-04-30 00:00:00,NL,2019,4,30,0.6,,-2,,3.2,,0,,,,,,,,26,,73,,0,,17.4,,49,,76,
-52.78333888888889,47.513355555555556,ST JOHNS WEST CLIMATE,8403603,8403603.2019.5.1,2019-05-01 00:00:00,NL,2019,5,1,2.2,,-2.2,,6.5,,0,,,,,,,,28,,60,,0,,15.8,,56,,91,
-52.78333888888889,47.513355555555556,ST JOHNS WEST CLIMATE,8403603,8403603.2019.5.2,2019-05-02 00:00:00,NL,2019,5,2,3.2,,0.6,,5.8,,0.5,,,,,,,,32,,48,,0,,14.8,,63,,91,
-52.78333888888889,47.513355555555556,ST JOHNS WEST CLIMATE,8403603,8403603.2019.5.3,2019-05-03 00:00:00,NL,2019,5,3,3,,1.3,,4.6,,0.2,,,,,,,,31,,61,,0,,15,,68,,92,
-52.78333888888889,47.513355555555556,ST JOHNS WEST CLIMATE,8403603,8403603.2019.5.4,2019-05-04 00:00:00,NL,2019,5,4,6.5,,1.8,,11.3,,0.3,,,,,,,,32,,36,,0,,11.5,,48,,95,
-52.78333888888889,47.513355555555556,ST JOHNS WEST CLIMATE,8403603,8403603.2019.5.5,2019-05-05 00:00:00,NL,2019,5,5,6.9,,2.3,,11.5,,0,,,,,,,,30,,33,,0,,11.1,,47,,93,
-52.78333888888889,47.513355555555556,ST JOHNS WEST CLIMATE,8403603,8403603.2019.5.6,2019-05-06 00:00:00,NL,2019,5,6,5.5,,0.7,,10.4,,0,,,,,,,,32,,42,,0,,12.5,,51,,88,
-52.78333888888889,47.513355555555556,ST JOHNS WEST CLIMATE,8403603,8403603.2019.5.7,2019-05-07 00:00:00,NL,2019,5,7,4.9,,2,,7.8,,0,,,,,,,,33,,47,,0,,13.1,,68,,98,
-52.78333888888889,47.513355555555556,ST JOHNS WEST CLIMATE,8403603,8403603.2019.5.8,2019-05-08 00:00:00,NL,2019,5,8,3.9,,0.2,,7.7,,1.5,,,,,,,,32,,31,,0,,14.1,,72,,100,
-52.78333888888889,47.513355555555556,ST JOHNS WEST CLIMATE,8403603,8403603.2019.5.9,2019-05-09 00:00:00,NL,2019,5,9,2.6,,0.2,,5,,3.7,,,,,,,,36,,49,,0,,15.4,,89,,100,
-52.78333888888889,47.513355555555556,ST JOHNS WEST CLIMATE,8403603,8403603.2019.5.10,2019-05-10 00:00:00,NL,2019,5,10,3.1,,0.7,,5.6,,0.2,,,,,,,,3,,46,,0,,14.9,,74,,96,
-52.78333888888889,47.513355555555556,ST JOHNS WEST CLIMATE,8403603,8403603.2019.5.11,2019-05-11 00:00:00,NL,2019,5,11,2.8,,-0.1,,5.7,,0,,,,,,,,,,,,0,,15.2,,66,,89,
-52.78333888888889,47.513355555555556,ST JOHNS WEST CLIMATE,8403603,8403603.2019.5.12,2019-05-12 00:00:00,NL,2019,5,12,2.5,,-0.2,,5.1,,0.2,,,,,,,,35,,48,,0,,15.5,,60,,93,
-52.78333888888889,47.513355555555556,ST JOHNS WEST CLIMATE,8403603,8403603.2019.5.13,2019-05-13 00:00:00,NL,2019,5,13,4.3,,0.4,,8.1,,0,,,,,,,,32,,52,,0,,13.7,,46,,90,
-52.78333888888889,47.513355555555556,ST JOHNS WEST CLIMATE,8403603,8403603.2019.5.14,2019-05-14 00:00:00,NL,2019,5,14,,M,,M,,M,,M,,,,,,,,M,,M,,M,,M,,M,,M
-52.78333888888889,47.513355555555556,ST JOHNS WEST CLIMATE,8403603,8403603.2019.5.15,2019-05-15 00:00:00,NL,2019,5,15,,M,,M,,M,,M,,,,,,,,M,,M,,M,,M,,M,,M
-52.78333888888889,47.513355555555556,ST JOHNS WEST CLIMATE,8403603,8403603.2019.5.16,2019-05-16 00:00:00,NL,2019,5,16,6.1,,1.5,,10.7,,0,,,,,,,,22,,41,,0,,11.9,,67,,100,
-52.78333888888889,47.513355555555556,ST JOHNS WEST CLIMATE,8403603,8403603.2019.5.17,2019-05-17 00:00:00,NL,2019,5,17,7.5,,2.2,,12.7,,0,,,,,,,,23,,34,,0,,10.5,,50,,91,
-52.78333888888889,47.513355555555556,ST JOHNS WEST CLIMATE,8403603,8403603.2019.5.18,2019-05-18 00:00:00,NL,2019,5,18,8.2,,2.7,,13.8,,25.8,,,,,,,,8,,39,,0,,9.8,,57,,99,
-52.78333888888889,47.513355555555556,ST JOHNS WEST CLIMATE,8403603,8403603.2019.5.19,2019-05-19 00:00:00,NL,2019,5,19,2.6,,2.1,,3.1,,2,,,,,,,,30,,65,,0,,15.4,,88,,100,
-52.78333888888889,47.513355555555556,ST JOHNS WEST CLIMATE,8403603,8403603.2019.5.20,2019-05-20 00:00:00,NL,2019,5,20,4.6,,0.5,,8.7,,0,,,,,,,,31,,54,,0,,13.4,,59,,91,
-52.78333888888889,47.513355555555556,ST JOHNS WEST CLIMATE,8403603,8403603.2019.5.21,2019-05-21 00:00:00,NL,2019,5,21,4.6,,0.2,,9,,0,,,,,,,,6,,36,,0,,13.4,,68,,100,
-52.78333888888889,47.513355555555556,ST JOHNS WEST CLIMATE,8403603,8403603.2019.5.22,2019-05-22 00:00:00,NL,2019,5,22,1.6,,0.4,,2.7,,17.9,,,,,,,,32,,60,,0,,16.4,,96,,100,
-52.78333888888889,47.513355555555556,ST JOHNS WEST CLIMATE,8403603,8403603.2019.5.23,2019-05-23 00:00:00,NL,2019,5,23,3.3,,1.6,,5,,3.4,,,,,,,,31,,55,,0,,14.7,,90,,96,
-52.78333888888889,47.513355555555556,ST JOHNS WEST CLIMATE,8403603,8403603.2019.5.24,2019-05-24 00:00:00,NL,2019,5,24,5.6,,2.1,,9,,0.2,,,,,,,,30,,39,,0,,12.4,,69,,94,
-52.78333888888889,47.513355555555556,ST JOHNS WEST CLIMATE,8403603,8403603.2019.5.25,2019-05-25 00:00:00,NL,2019,5,25,5.9,,0.1,,11.6,,0,,,,,,,,6,,33,,0,,12.1,,56,,98,
-52.78333888888889,47.513355555555556,ST JOHNS WEST CLIMATE,8403603,8403603.2019.5.26,2019-05-26 00:00:00,NL,2019,5,26,5,,-0.5,,10.5,,0,,,,,,,,5,,35,,0,,13,,63,,100,
-52.78333888888889,47.513355555555556,ST JOHNS WEST CLIMATE,8403603,8403603.2019.5.27,2019-05-27 00:00:00,NL,2019,5,27,2.3,,-0.2,,4.8,,0.2,,,,,,,,4,,37,,0,,15.7,,86,,100,
-52.78333888888889,47.513355555555556,ST JOHNS WEST CLIMATE,8403603,8403603.2019.5.28,2019-05-28 00:00:00,NL,2019,5,28,4.6,,2.2,,6.9,,0.2,,,,,,,,,,,,0,,13.4,,73,,99,
-52.78333888888889,47.513355555555556,ST JOHNS WEST CLIMATE,8403603,8403603.2019.5.29,2019-05-29 00:00:00,NL,2019,5,29,8.3,,3.2,,13.4,,0,,,,,,,,28,,32,,0,,9.7,,45,,93,
-52.78333888888889,47.513355555555556,ST JOHNS WEST CLIMATE,8403603,8403603.2019.5.30,2019-05-30 00:00:00,NL,2019,5,30,7.4,,0.5,,14.3,,0,,,,,,,,,,,,0,,10.6,,44,,99,
-52.78333888888889,47.513355555555556,ST JOHNS WEST CLIMATE,8403603,8403603.2019.5.31,2019-05-31 00:00:00,NL,2019,5,31,2.6,,-0.4,,5.6,,0,,,,,,,,,,,,0,,15.4,,80,,100,
-52.78333888888889,47.513355555555556,ST JOHNS WEST CLIMATE,8403603,8403603.2019.6.1,2019-06-01 00:00:00,NL,2019,6,1,3.9,,0.8,,7.1,,0.9,,,,,,,,,,,,0,,14.1,,81,,100,
-52.78333888888889,47.513355555555556,ST JOHNS WEST CLIMATE,8403603,8403603.2019.6.2,2019-06-02 00:00:00,NL,2019,6,2,8.2,,3.1,,13.3,,0.6,,,,,,,,,,,,0,,9.8,,64,,99,
-52.78333888888889,47.513355555555556,ST JOHNS WEST CLIMATE,8403603,8403603.2019.6.3,2019-06-03 00:00:00,NL,2019,6,3,9.4,,3,,15.8,,8.5,,,,,,,,13,,36,,0,,8.6,,91,,100,
-52.78333888888889,47.513355555555556,ST JOHNS WEST CLIMATE,8403603,8403603.2019.6.4,2019-06-04 00:00:00,NL,2019,6,4,14.1,,10.2,,18,,10,,,,,,,,20,,35,,0,,3.9,,91,,99,
-52.78333888888889,47.513355555555556,ST JOHNS WEST CLIMATE,8403603,8403603.2019.6.5,2019-06-05 00:00:00,NL,2019,6,5,12.9,,7.6,,18.2,,0,,,,,,,,23,,36,,0,,5.1,,42,,90,
-52.78333888888889,47.513355555555556,ST JOHNS WEST CLIMATE,8403603,8403603.2019.6.6,2019-06-06 00:00:00,NL,2019,6,6,11.6,,8.3,,14.8,,6.2,,,,,,,,22,,46,,0,,6.4,,74,,97,
-52.78333888888889,47.513355555555556,ST JOHNS WEST CLIMATE,8403603,8403603.2019.6.7,2019-06-07 00:00:00,NL,2019,6,7,12.8,,9.2,,16.4,,8.9,,,,,,,,23,,43,,0,,5.2,,74,,100,
-52.78333888888889,47.513355555555556,ST JOHNS WEST CLIMATE,8403603,8403603.2019.6.8,2019-06-08 00:00:00,NL,2019,6,8,13.2,,8.5,,17.8,,0.5,,,,,,,,27,,32,,0,,4.8,,30,,100,
-52.78333888888889,47.513355555555556,ST JOHNS WEST CLIMATE,8403603,8403603.2019.6.9,2019-06-09 00:00:00,NL,2019,6,9,6.2,,3.9,,8.5,,7,,,,,,,,31,,49,,0,,11.8,,91,,98,
-52.78333888888889,47.513355555555556,ST JOHNS WEST CLIMATE,8403603,8403603.2019.6.10,2019-06-10 00:00:00,NL,2019,6,10,5.8,,3.9,,7.7,,0.7,,,,,,,,32,,43,,0,,12.2,,73,,96,
-52.78333888888889,47.513355555555556,ST JOHNS WEST CLIMATE,8403603,8403603.2019.6.11,2019-06-11 00:00:00,NL,2019,6,11,9.5,,4.4,,14.7,,0,,,,,,,,29,,39,,0,,8.5,,55,,84,
-52.78333888888889,47.513355555555556,ST JOHNS WEST CLIMATE,8403603,8403603.2019.6.12,2019-06-12 00:00:00,NL,2019,6,12,10.4,,4,,16.8,,8.8,,,,,,,,17,,44,,0,,7.6,,56,,98,
-52.78333888888889,47.513355555555556,ST JOHNS WEST CLIMATE,8403603,8403603.2019.6.13,2019-06-13 00:00:00,NL,2019,6,13,10.8,,5.7,,15.9,,0,,,,,,,,28,,56,,0,,7.2,,51,,88,
-52.78333888888889,47.513355555555556,ST JOHNS WEST CLIMATE,8403603,8403603.2019.6.14,2019-06-14 00:00:00,NL,2019,6,14,8.9,,4.2,,13.5,,0,,,,,,,,6,,32,,0,,9.1,,63,,100,
-52.78333888888889,47.513355555555556,ST JOHNS WEST CLIMATE,8403603,8403603.2019.6.15,2019-06-15 00:00:00,NL,2019,6,15,5.8,,4.2,,7.5,,2.8,,,,,,,,,,,,0,,12.2,,91,,100,
-52.78333888888889,47.513355555555556,ST JOHNS WEST CLIMATE,8403603,8403603.2019.6.16,2019-06-16 00:00:00,NL,2019,6,16,8.9,,4.8,,13,,0.9,,,,,,,,,,,,0,,9.1,,75,,99,
-52.78333888888889,47.513355555555556,ST JOHNS WEST CLIMATE,8403603,8403603.2019.6.17,2019-06-17 00:00:00,NL,2019,6,17,8.7,,7.2,,10.2,,0,,,,,,,,,,,,0,,9.3,,87,,95,
-52.78333888888889,47.513355555555556,ST JOHNS WEST CLIMATE,8403603,8403603.2019.6.18,2019-06-18 00:00:00,NL,2019,6,18,12.5,,7.9,,17.2,,0.7,,,,,,,,28,,35,,0,,5.5,,62,,95,
-52.78333888888889,47.513355555555556,ST JOHNS WEST CLIMATE,8403603,8403603.2019.6.19,2019-06-19 00:00:00,NL,2019,6,19,13.4,,7,,19.9,,0,,,,,,,,30,,36,,0,,4.6,,54,,90,
-52.78333888888889,47.513355555555556,ST JOHNS WEST CLIMATE,8403603,8403603.2019.6.20,2019-06-20 00:00:00,NL,2019,6,20,13.4,,6.2,,20.6,,0,,,,,,,,,,,,0,,4.6,,49,,92,
-52.78333888888889,47.513355555555556,ST JOHNS WEST CLIMATE,8403603,8403603.2019.6.21,2019-06-21 00:00:00,NL,2019,6,21,8.6,,6,,11.2,,1.2,,,,,,,,13,,39,,0,,9.4,,83,,96,
-52.78333888888889,47.513355555555556,ST JOHNS WEST CLIMATE,8403603,8403603.2019.6.22,2019-06-22 00:00:00,NL,2019,6,22,13.9,,6.5,,21.4,,4.7,,,,,,,,20,,43,,0,,4.1,,81,,96,
-52.78333888888889,47.513355555555556,ST JOHNS WEST CLIMATE,8403603,8403603.2019.6.23,2019-06-23 00:00:00,NL,2019,6,23,9.4,,7.6,,11.3,,0.6,,,,,,,,22,,74,,0,,8.6,,74,,94,
-52.78333888888889,47.513355555555556,ST JOHNS WEST CLIMATE,8403603,8403603.2019.6.24,2019-06-24 00:00:00,NL,2019,6,24,13.1,,7.7,,18.5,,3.3,,,,,,,,23,,45,,0,,4.9,,53,,93,
-52.78333888888889,47.513355555555556,ST JOHNS WEST CLIMATE,8403603,8403603.2019.6.25,2019-06-25 00:00:00,NL,2019,6,25,10.9,,4.9,,16.9,,6.3,,,,,,,,,,,,0,,7.1,,59,,96,
-52.78333888888889,47.513355555555556,ST JOHNS WEST CLIMATE,8403603,8403603.2019.6.26,2019-06-26 00:00:00,NL,2019,6,26,9.9,,3.9,,15.9,,0,,,,,,,,,,,,0,,8.1,,58,,98,
-52.78333888888889,47.513355555555556,ST JOHNS WEST CLIMATE,8403603,8403603.2019.6.27,2019-06-27 00:00:00,NL,2019,6,27,10.8,,4.1,,17.5,,0,,,,,,,,,,,,0,,7.2,,44,,96,
-52.78333888888889,47.513355555555556,ST JOHNS WEST CLIMATE,8403603,8403603.2019.6.28,2019-06-28 00:00:00,NL,2019,6,28,12.5,,10,,15,,1,,,,,,,,,,,,0,,5.5,,78,,95,
-52.78333888888889,47.513355555555556,ST JOHNS WEST CLIMATE,8403603,8403603.2019.6.29,2019-06-29 00:00:00,NL,2019,6,29,12.8,,6.9,,18.7,,0,,,,,,,,,,,,0,,5.2,,66,,97,
-52.78333888888889,47.513355555555556,ST JOHNS WEST CLIMATE,8403603,8403603.2019.6.30,2019-06-30 00:00:00,NL,2019,6,30,12.6,,6.3,,18.9,,0,,,,,,,,,,,,0,,5.4,,62,,99,
-52.78333888888889,47.513355555555556,ST JOHNS WEST CLIMATE,8403603,8403603.2019.7.1,2019-07-01 00:00:00,NL,2019,7,1,11.3,,10,,12.6,,30.5,,,,,,,,,,,,0,,6.7,,90,,97,
-52.78333888888889,47.513355555555556,ST JOHNS WEST CLIMATE,8403603,8403603.2019.7.2,2019-07-02 00:00:00,NL,2019,7,2,15.7,,10.1,,21.3,,3,,,,,,,,18,,36,,0,,2.3,,87,,99,
-52.78333888888889,47.513355555555556,ST JOHNS WEST CLIMATE,8403603,8403603.2019.7.3,2019-07-03 00:00:00,NL,2019,7,3,13.1,,9.8,,16.5,,0,,,,,,,,23,,33,,0,,4.9,,77,,100,
-52.78333888888889,47.513355555555556,ST JOHNS WEST CLIMATE,8403603,8403603.2019.7.4,2019-07-04 00:00:00,NL,2019,7,4,11.2,,9.2,,13.2,,1,,,,,,,,,,,,0,,6.8,,82,,96,
-52.78333888888889,47.513355555555556,ST JOHNS WEST CLIMATE,8403603,8403603.2019.7.5,2019-07-05 00:00:00,NL,2019,7,5,11,,7.3,,14.6,,0.2,,,,,,,,31,,34,,0,,7,,78,,98,
-52.78333888888889,47.513355555555556,ST JOHNS WEST CLIMATE,8403603,8403603.2019.7.6,2019-07-06 00:00:00,NL,2019,7,6,13.8,,8.1,,19.5,,0,,,,,,,,,,,,0,,4.2,,74,,97,
-52.78333888888889,47.513355555555556,ST JOHNS WEST CLIMATE,8403603,8403603.2019.7.7,2019-07-07 00:00:00,NL,2019,7,7,16.8,,10.1,,23.6,,0.8,,,,,,,,28,,39,,0,,1.2,,63,,99,
-52.78333888888889,47.513355555555556,ST JOHNS WEST CLIMATE,8403603,8403603.2019.7.8,2019-07-08 00:00:00,NL,2019,7,8,16.2,,9.2,,23.2,,0,,,,,,,,29,,34,,0,,1.8,,34,,97,
-52.78333888888889,47.513355555555556,ST JOHNS WEST CLIMATE,8403603,8403603.2019.7.9,2019-07-09 00:00:00,NL,2019,7,9,17.2,,9.7,,24.6,,0,,,,,,,,24,,49,,0,,0.8,,35,,88,
-52.78333888888889,47.513355555555556,ST JOHNS WEST CLIMATE,8403603,8403603.2019.7.10,2019-07-10 00:00:00,NL,2019,7,10,11.2,,7.5,,14.9,,3.4,,,,,,,,,,,,0,,6.8,,71,,95,
-52.78333888888889,47.513355555555556,ST JOHNS WEST CLIMATE,8403603,8403603.2019.7.11,2019-07-11 00:00:00,NL,2019,7,11,9.6,,7.6,,11.7,,0.6,,,,,,,,35,,33,,0,,8.4,,82,,97,
-52.78333888888889,47.513355555555556,ST JOHNS WEST CLIMATE,8403603,8403603.2019.7.12,2019-07-12 00:00:00,NL,2019,7,12,12.2,,7.4,,17,,0,,,,,,,,,,,,0,,5.8,,62,,97,
-52.78333888888889,47.513355555555556,ST JOHNS WEST CLIMATE,8403603,8403603.2019.7.13,2019-07-13 00:00:00,NL,2019,7,13,11.9,,6.8,,17.1,,11.6,,,,,,,,11,,36,,0,,6.1,,66,,99,
-52.78333888888889,47.513355555555556,ST JOHNS WEST CLIMATE,8403603,8403603.2019.7.14,2019-07-14 00:00:00,NL,2019,7,14,12,,10.1,,13.8,,8.7,,,,,,,,10,,34,,0,,6,,87,,97,
-52.78333888888889,47.513355555555556,ST JOHNS WEST CLIMATE,8403603,8403603.2019.7.15,2019-07-15 00:00:00,NL,2019,7,15,14.6,,10.4,,18.8,,18.8,,,,,,,,,,,,0,,3.4,,80,,96,
-52.78333888888889,47.513355555555556,ST JOHNS WEST CLIMATE,8403603,8403603.2019.7.16,2019-07-16 00:00:00,NL,2019,7,16,15.5,,11.1,,19.9,,0,,,,,,,,,,,,0,,2.5,,80,,96,
-52.78333888888889,47.513355555555556,ST JOHNS WEST CLIMATE,8403603,8403603.2019.7.17,2019-07-17 00:00:00,NL,2019,7,17,17,,12.2,,21.8,,0,,,,,,,,,,,,0,,1,,74,,95,
-52.78333888888889,47.513355555555556,ST JOHNS WEST CLIMATE,8403603,8403603.2019.7.18,2019-07-18 00:00:00,NL,2019,7,18,17.3,,12.8,,21.8,,6.9,,,,,,,,30,,48,,0,,0.7,,50,,95,
-52.78333888888889,47.513355555555556,ST JOHNS WEST CLIMATE,8403603,8403603.2019.7.19,2019-07-19 00:00:00,NL,2019,7,19,16.3,,9.2,,23.4,,0,,,,,,,,29,,61,,0,,1.7,,46,,90,
-52.78333888888889,47.513355555555556,ST JOHNS WEST CLIMATE,8403603,8403603.2019.7.20,2019-07-20 00:00:00,NL,2019,7,20,12.8,,8.3,,17.3,,0,,,,,,,,,,,,0,,5.2,,67,,92,
-52.78333888888889,47.513355555555556,ST JOHNS WEST CLIMATE,8403603,8403603.2019.7.21,2019-07-21 00:00:00,NL,2019,7,21,10.7,,8.2,,13.3,,2.6,,,,,,,,,,,,0,,7.3,,81,,96,
-52.78333888888889,47.513355555555556,ST JOHNS WEST CLIMATE,8403603,8403603.2019.7.22,2019-07-22 00:00:00,NL,2019,7,22,14.9,,10.3,,19.6,,1.5,,,,,,,,30,,37,,0,,3.1,,77,,97,
-52.78333888888889,47.513355555555556,ST JOHNS WEST CLIMATE,8403603,8403603.2019.7.23,2019-07-23 00:00:00,NL,2019,7,23,14.2,,9.4,,19,,11.6,,,,,,,,17,,40,,0,,3.8,,77,,97,
-52.78333888888889,47.513355555555556,ST JOHNS WEST CLIMATE,8403603,8403603.2019.7.24,2019-07-24 00:00:00,NL,2019,7,24,16.7,,11.6,,21.9,,0.9,,,,,,,,26,,36,,0,,1.3,,81,,98,
-52.78333888888889,47.513355555555556,ST JOHNS WEST CLIMATE,8403603,8403603.2019.7.25,2019-07-25 00:00:00,NL,2019,7,25,13.2,,10.6,,15.8,,3.2,,,,,,,,,,,,0,,4.8,,91,,97,
-52.78333888888889,47.513355555555556,ST JOHNS WEST CLIMATE,8403603,8403603.2019.7.26,2019-07-26 00:00:00,NL,2019,7,26,16.5,,10.8,,22.2,,0,,,,,,,,,,,,0,,1.5,,72,,96,
-52.78333888888889,47.513355555555556,ST JOHNS WEST CLIMATE,8403603,8403603.2019.7.27,2019-07-27 00:00:00,NL,2019,7,27,18.6,,10.2,,27.1,,0,,,,,,,,28,,35,,0.6,,0,,35,,91,
-52.78333888888889,47.513355555555556,ST JOHNS WEST CLIMATE,8403603,8403603.2019.7.28,2019-07-28 00:00:00,NL,2019,7,28,18,,13.6,,22.4,,0,,,,,,,,25,,35,,0,,0,,46,,92,
-52.78333888888889,47.513355555555556,ST JOHNS WEST CLIMATE,8403603,8403603.2019.7.29,2019-07-29 00:00:00,NL,2019,7,29,16.5,,11.9,,21.1,,0,,,,,,,,13,,31,,0,,1.5,,65,,95,
-52.78333888888889,47.513355555555556,ST JOHNS WEST CLIMATE,8403603,8403603.2019.7.30,2019-07-30 00:00:00,NL,2019,7,30,19.3,,11.7,,27,,0,,,,,,,,29,,42,,1.3,,0,,51,,92,
-52.78333888888889,47.513355555555556,ST JOHNS WEST CLIMATE,8403603,8403603.2019.7.31,2019-07-31 00:00:00,NL,2019,7,31,19.4,,12.1,,26.7,,0,,,,,,,,,,,,1.4,,0,,58,,94,
-52.78333888888889,47.513355555555556,ST JOHNS WEST CLIMATE,8403603,8403603.2019.8.1,2019-08-01 00:00:00,NL,2019,8,1,22.7,,17.1,,28.3,,0,,,,,,,,,,,,4.7,,0,,55,,95,
-52.78333888888889,47.513355555555556,ST JOHNS WEST CLIMATE,8403603,8403603.2019.8.2,2019-08-02 00:00:00,NL,2019,8,2,20.9,,16.5,,25.4,,0,,,,,,,,29,,42,,2.9,,0,,39,,95,
-52.78333888888889,47.513355555555556,ST JOHNS WEST CLIMATE,8403603,8403603.2019.8.3,2019-08-03 00:00:00,NL,2019,8,3,19.8,,15,,24.6,,0,,,,,,,,26,,36,,1.8,,0,,41,,80,
-52.78333888888889,47.513355555555556,ST JOHNS WEST CLIMATE,8403603,8403603.2019.8.4,2019-08-04 00:00:00,NL,2019,8,4,20.2,,13,,27.3,,0,,,,,,,,22,,32,,2.2,,0,,32,,89,
-52.78333888888889,47.513355555555556,ST JOHNS WEST CLIMATE,8403603,8403603.2019.8.5,2019-08-05 00:00:00,NL,2019,8,5,15.3,,12.7,,18,,1,,,,,,,,27,,31,,0,,2.7,,80,,93,
-52.78333888888889,47.513355555555556,ST JOHNS WEST CLIMATE,8403603,8403603.2019.8.6,2019-08-06 00:00:00,NL,2019,8,6,14.8,,10.9,,18.7,,0.3,,,,,,,,31,,36,,0,,3.2,,69,,95,
-52.78333888888889,47.513355555555556,ST JOHNS WEST CLIMATE,8403603,8403603.2019.8.7,2019-08-07 00:00:00,NL,2019,8,7,14.2,,9.2,,19.2,,0,,,,,,,,,,,,0,,3.8,,67,,99,
-52.78333888888889,47.513355555555556,ST JOHNS WEST CLIMATE,8403603,8403603.2019.8.8,2019-08-08 00:00:00,NL,2019,8,8,15.2,,11.7,,18.7,,0,,,,,,,,,,,,0,,2.8,,69,,100,
-52.78333888888889,47.513355555555556,ST JOHNS WEST CLIMATE,8403603,8403603.2019.8.9,2019-08-09 00:00:00,NL,2019,8,9,13.8,,11.9,,15.8,,14.8,,,,,,,,14,,39,,0,,4.2,,87,,100,
-52.78333888888889,47.513355555555556,ST JOHNS WEST CLIMATE,8403603,8403603.2019.8.10,2019-08-10 00:00:00,NL,2019,8,10,20.5,,15.4,,25.7,,3.2,,,,,,,,,,,,2.5,,0,,69,,100,
-52.78333888888889,47.513355555555556,ST JOHNS WEST CLIMATE,8403603,8403603.2019.8.11,2019-08-11 00:00:00,NL,2019,8,11,20.6,,15.1,,26.1,,0,,,,,,,,24,,37,,2.6,,0,,46,,93,
-52.78333888888889,47.513355555555556,ST JOHNS WEST CLIMATE,8403603,8403603.2019.8.12,2019-08-12 00:00:00,NL,2019,8,12,19,,14.8,,23.3,,0,,,,,,,,25,,44,,1,,0,,52,,89,
-52.78333888888889,47.513355555555556,ST JOHNS WEST CLIMATE,8403603,8403603.2019.8.13,2019-08-13 00:00:00,NL,2019,8,13,18.6,,15.2,,22,,6.7,,,,,,,,21,,44,,0.6,,0,,65,,96,
-52.78333888888889,47.513355555555556,ST JOHNS WEST CLIMATE,8403603,8403603.2019.8.14,2019-08-14 00:00:00,NL,2019,8,14,16.8,,11.2,,22.3,,0,,,,,,,,27,,37,,0,,1.2,,49,,95,
-52.78333888888889,47.513355555555556,ST JOHNS WEST CLIMATE,8403603,8403603.2019.8.15,2019-08-15 00:00:00,NL,2019,8,15,14.5,,9.7,,19.4,,0.2,,,,,,,,,,,,0,,3.5,,56,,97,
-52.78333888888889,47.513355555555556,ST JOHNS WEST CLIMATE,8403603,8403603.2019.8.16,2019-08-16 00:00:00,NL,2019,8,16,14.1,,12.4,,15.8,,0,,,,,,,,,,,,0,,3.9,,80,,95,
-52.78333888888889,47.513355555555556,ST JOHNS WEST CLIMATE,8403603,8403603.2019.8.17,2019-08-17 00:00:00,NL,2019,8,17,11.6,,8.4,,14.9,,0,,,,,,,,,,,,0,,6.4,,83,,99,
-52.78333888888889,47.513355555555556,ST JOHNS WEST CLIMATE,8403603,8403603.2019.8.18,2019-08-18 00:00:00,NL,2019,8,18,15.5,,7.6,,23.4,,0,,,,,,,,,,,,0,,2.5,,54,,100,
-52.78333888888889,47.513355555555556,ST JOHNS WEST CLIMATE,8403603,8403603.2019.8.19,2019-08-19 00:00:00,NL,2019,8,19,19.3,,13.3,,25.3,,0,,,,,,,,,,,,1.3,,0,,47,,96,
-52.78333888888889,47.513355555555556,ST JOHNS WEST CLIMATE,8403603,8403603.2019.8.20,2019-08-20 00:00:00,NL,2019,8,20,16.9,,12.8,,21.1,,2.1,,,,,,,,24,,39,,0,,1.1,,74,,97,
-52.78333888888889,47.513355555555556,ST JOHNS WEST CLIMATE,8403603,8403603.2019.8.21,2019-08-21 00:00:00,NL,2019,8,21,19.6,,13.3,,25.9,,0,,,,,,,,28,,37,,1.6,,0,,44,,92,
-52.78333888888889,47.513355555555556,ST JOHNS WEST CLIMATE,8403603,8403603.2019.8.22,2019-08-22 00:00:00,NL,2019,8,22,15.1,,13.1,,17.2,,16.2,,,,,,,,16,,36,,0,,2.9,,79,,98,
-52.78333888888889,47.513355555555556,ST JOHNS WEST CLIMATE,8403603,8403603.2019.8.23,2019-08-23 00:00:00,NL,2019,8,23,20.8,,16,,25.7,,1.3,,,,,,,,25,,36,,2.8,,0,,72,,99,
-52.78333888888889,47.513355555555556,ST JOHNS WEST CLIMATE,8403603,8403603.2019.8.24,2019-08-24 00:00:00,NL,2019,8,24,12.7,,7.1,,18.3,,0,,,,,,,,35,,41,,0,,5.3,,71,,86,
-52.78333888888889,47.513355555555556,ST JOHNS WEST CLIMATE,8403603,8403603.2019.8.25,2019-08-25 00:00:00,NL,2019,8,25,11.6,,4.6,,18.7,,0,,,,,,,,,,,,0,,6.4,,32,,94,
-52.78333888888889,47.513355555555556,ST JOHNS WEST CLIMATE,8403603,8403603.2019.8.26,2019-08-26 00:00:00,NL,2019,8,26,15.9,,9.1,,22.6,,0,,,,,,,,,,,,0,,2.1,,39,,88,
-52.78333888888889,47.513355555555556,ST JOHNS WEST CLIMATE,8403603,8403603.2019.8.27,2019-08-27 00:00:00,NL,2019,8,27,13.5,,9.7,,17.3,,2.9,,,,,,,,15,,39,,0,,4.5,,86,,97,
-52.78333888888889,47.513355555555556,ST JOHNS WEST CLIMATE,8403603,8403603.2019.8.28,2019-08-28 00:00:00,NL,2019,8,28,13.6,,9.5,,17.7,,0.3,,,,,,,,,,,,0,,4.4,,84,,99,
-52.78333888888889,47.513355555555556,ST JOHNS WEST CLIMATE,8403603,8403603.2019.8.29,2019-08-29 00:00:00,NL,2019,8,29,12.8,,11.7,,14,,0.2,,,,,,,,,,,,0,,5.2,,83,,99,
-52.78333888888889,47.513355555555556,ST JOHNS WEST CLIMATE,8403603,8403603.2019.8.30,2019-08-30 00:00:00,NL,2019,8,30,15.8,,12.3,,19.3,,10,,,,,,,,18,,46,,0,,2.2,,79,,99,
-52.78333888888889,47.513355555555556,ST JOHNS WEST CLIMATE,8403603,8403603.2019.8.31,2019-08-31 00:00:00,NL,2019,8,31,19.5,,14.4,,24.6,,0.2,,,,,,,,25,,39,,1.5,,0,,62,,98,
-52.78333888888889,47.513355555555556,ST JOHNS WEST CLIMATE,8403603,8403603.2019.9.1,2019-09-01 00:00:00,NL,2019,9,1,13.2,,5.4,,20.9,,0,,,,,,,,31,,40,,0,,4.8,,42,,97,
-52.78333888888889,47.513355555555556,ST JOHNS WEST CLIMATE,8403603,8403603.2019.9.2,2019-09-02 00:00:00,NL,2019,9,2,11.1,,4.6,,17.7,,0,,,,,,,,18,,31,,0,,6.9,,55,,98,
-52.78333888888889,47.513355555555556,ST JOHNS WEST CLIMATE,8403603,8403603.2019.9.3,2019-09-03 00:00:00,NL,2019,9,3,15.6,,13.3,,17.9,,14.1,,,,,,,,18,,52,,0,,2.4,,67,,99,
-52.78333888888889,47.513355555555556,ST JOHNS WEST CLIMATE,8403603,8403603.2019.9.4,2019-09-04 00:00:00,NL,2019,9,4,19,,16.4,,21.6,,1.9,,,,,,,,,,,,1,,0,,81,,98,
-52.78333888888889,47.513355555555556,ST JOHNS WEST CLIMATE,8403603,8403603.2019.9.5,2019-09-05 00:00:00,NL,2019,9,5,18.2,,12.9,,23.5,,0,,,,,,,,21,,50,,0.2,,0,,77,,97,
-52.78333888888889,47.513355555555556,ST JOHNS WEST CLIMATE,8403603,8403603.2019.9.6,2019-09-06 00:00:00,NL,2019,9,6,12.8,,6.8,,18.7,,,M,,,,,,,31,,32,,0,,5.2,,40,,94,
-52.78333888888889,47.513355555555556,ST JOHNS WEST CLIMATE,8403603,8403603.2019.9.7,2019-09-07 00:00:00,NL,2019,9,7,10,,4.6,,15.5,,11,,,,,,,,10,,56,,0,,8,,63,,99,
-52.78333888888889,47.513355555555556,ST JOHNS WEST CLIMATE,8403603,8403603.2019.9.8,2019-09-08 00:00:00,NL,2019,9,8,15.4,,11.4,,19.3,,0,,,,,,,,25,,68,,0,,2.6,,62,,100,
-52.78333888888889,47.513355555555556,ST JOHNS WEST CLIMATE,8403603,8403603.2019.9.9,2019-09-09 00:00:00,NL,2019,9,9,9.9,,6.3,,13.5,,0,,,,,,,,27,,53,,0,,8.1,,50,,95,
-52.78333888888889,47.513355555555556,ST JOHNS WEST CLIMATE,8403603,8403603.2019.9.10,2019-09-10 00:00:00,NL,2019,9,10,10.6,,4.3,,16.9,,0,,,,,,,,,,,,0,,7.4,,48,,98,
-52.78333888888889,47.513355555555556,ST JOHNS WEST CLIMATE,8403603,8403603.2019.9.11,2019-09-11 00:00:00,NL,2019,9,11,12.9,,9.1,,16.6,,20.4,,,,,,,,,,,,0,,5.1,,56,,99,
-52.78333888888889,47.513355555555556,ST JOHNS WEST CLIMATE,8403603,8403603.2019.9.12,2019-09-12 00:00:00,NL,2019,9,12,11.5,,7.1,,15.8,,9,,,,,,,,24,,40,,0,,6.5,,92,,98,
-52.78333888888889,47.513355555555556,ST JOHNS WEST CLIMATE,8403603,8403603.2019.9.13,2019-09-13 00:00:00,NL,2019,9,13,8.1,,5.4,,10.7,,0,,,,,,,,2,,36,,0,,9.9,,64,,94,
-52.78333888888889,47.513355555555556,ST JOHNS WEST CLIMATE,8403603,8403603.2019.9.14,2019-09-14 00:00:00,NL,2019,9,14,7.5,,1,,13.9,,0,,,,,,,,,,,,0,,10.5,,47,,95,
-52.78333888888889,47.513355555555556,ST JOHNS WEST CLIMATE,8403603,8403603.2019.9.15,2019-09-15 00:00:00,NL,2019,9,15,9.8,,1.5,,18.2,,0,,,,,,,,,,,,0,,8.2,,43,,96,
-52.78333888888889,47.513355555555556,ST JOHNS WEST CLIMATE,8403603,8403603.2019.9.16,2019-09-16 00:00:00,NL,2019,9,16,15.5,,12.4,,18.6,,0,,,,,,,,,,,,0,,2.5,,68,,99,
-52.78333888888889,47.513355555555556,ST JOHNS WEST CLIMATE,8403603,8403603.2019.9.17,2019-09-17 00:00:00,NL,2019,9,17,9.8,,7.2,,12.4,,2,,,,,,,,1,,35,,0,,8.2,,82,,99,
-52.78333888888889,47.513355555555556,ST JOHNS WEST CLIMATE,8403603,8403603.2019.9.18,2019-09-18 00:00:00,NL,2019,9,18,7.7,,5.6,,9.8,,10.1,,,,,,,,36,,49,,0,,10.3,,75,,97,
-52.78333888888889,47.513355555555556,ST JOHNS WEST CLIMATE,8403603,8403603.2019.9.19,2019-09-19 00:00:00,NL,2019,9,19,9.6,,4.5,,14.7,,0,,,,,,,,28,,31,,0,,8.4,,52,,90,
-52.78333888888889,47.513355555555556,ST JOHNS WEST CLIMATE,8403603,8403603.2019.9.20,2019-09-20 00:00:00,NL,2019,9,20,13.1,,5.7,,20.4,,6.5,,,,,,,,,,,,0,,4.9,,47,,100,
-52.78333888888889,47.513355555555556,ST JOHNS WEST CLIMATE,8403603,8403603.2019.9.21,2019-09-21 00:00:00,NL,2019,9,21,8.7,,5.1,,12.3,,4.9,,,,,,,,35,,57,,0,,9.3,,80,,100,
-52.78333888888889,47.513355555555556,ST JOHNS WEST CLIMATE,8403603,8403603.2019.9.22,2019-09-22 00:00:00,NL,2019,9,22,10.6,,5.1,,16.1,,0,,,,,,,,27,,46,,0,,7.4,,52,,92,
-52.78333888888889,47.513355555555556,ST JOHNS WEST CLIMATE,8403603,8403603.2019.9.23,2019-09-23 00:00:00,NL,2019,9,23,15.3,,13.1,,17.5,,0.7,,,,,,,,25,,62,,0,,2.7,,75,,95,
-52.78333888888889,47.513355555555556,ST JOHNS WEST CLIMATE,8403603,8403603.2019.9.24,2019-09-24 00:00:00,NL,2019,9,24,10.7,,6.3,,15.1,,6.3,,,,,,,,5,,31,,0,,7.3,,78,,99,
-52.78333888888889,47.513355555555556,ST JOHNS WEST CLIMATE,8403603,8403603.2019.9.25,2019-09-25 00:00:00,NL,2019,9,25,9.8,,6.9,,12.7,,18.7,,,,,,,,10,,35,,0,,8.2,,97,,100,
-52.78333888888889,47.513355555555556,ST JOHNS WEST CLIMATE,8403603,8403603.2019.9.26,2019-09-26 00:00:00,NL,2019,9,26,11.2,,9.5,,12.9,,13,,,,,,,,31,,35,,0,,6.8,,96,,100,
-52.78333888888889,47.513355555555556,ST JOHNS WEST CLIMATE,8403603,8403603.2019.9.27,2019-09-27 00:00:00,NL,2019,9,27,11.2,,9.4,,12.9,,0,,,,,,,,27,,37,,0,,6.8,,92,,100,
-52.78333888888889,47.513355555555556,ST JOHNS WEST CLIMATE,8403603,8403603.2019.9.28,2019-09-28 00:00:00,NL,2019,9,28,11.4,,8,,14.8,,0,,,,,,,,27,,41,,0,,6.6,,76,,99,
-52.78333888888889,47.513355555555556,ST JOHNS WEST CLIMATE,8403603,8403603.2019.9.29,2019-09-29 00:00:00,NL,2019,9,29,10.6,,8.4,,12.8,,0.9,,,,,,,,28,,54,,0,,7.4,,79,,98,
-52.78333888888889,47.513355555555556,ST JOHNS WEST CLIMATE,8403603,8403603.2019.9.30,2019-09-30 00:00:00,NL,2019,9,30,7.4,,5.7,,9,,2.2,,,,,,,,32,,57,,0,,10.6,,64,,95,
-52.78333888888889,47.513355555555556,ST JOHNS WEST CLIMATE,8403603,8403603.2019.10.1,2019-10-01 00:00:00,NL,2019,10,1,6.2,,3.1,,9.2,,0,,,,,,,,29,,41,,0,,11.8,,57,,87,
-52.78333888888889,47.513355555555556,ST JOHNS WEST CLIMATE,8403603,8403603.2019.10.2,2019-10-02 00:00:00,NL,2019,10,2,4.4,,3.2,,5.6,,2.7,,,,,,,,32,,32,,0,,13.6,,81,,94,
-52.78333888888889,47.513355555555556,ST JOHNS WEST CLIMATE,8403603,8403603.2019.10.3,2019-10-03 00:00:00,NL,2019,10,3,6.1,,3.4,,8.9,,2,,,,,,,,27,,52,,0,,11.9,,48,,94,
-52.78333888888889,47.513355555555556,ST JOHNS WEST CLIMATE,8403603,8403603.2019.10.4,2019-10-04 00:00:00,NL,2019,10,4,3.6,,-0.4,,7.6,,0,,,,,,,,29,,36,,0,,14.4,,48,,90,
-52.78333888888889,47.513355555555556,ST JOHNS WEST CLIMATE,8403603,8403603.2019.10.5,2019-10-05 00:00:00,NL,2019,10,5,4.2,,1.9,,6.5,,2.6,,,,,,,,32,,45,,0,,13.8,,67,,91,
-52.78333888888889,47.513355555555556,ST JOHNS WEST CLIMATE,8403603,8403603.2019.10.6,2019-10-06 00:00:00,NL,2019,10,6,6,,2.1,,9.9,,0,,,,,,,,30,,36,,0,,12,,53,,95,
-52.78333888888889,47.513355555555556,ST JOHNS WEST CLIMATE,8403603,8403603.2019.10.7,2019-10-07 00:00:00,NL,2019,10,7,9.6,,4.3,,15,,0,,,,,,,,25,,51,,0,,8.4,,64,,92,
-52.78333888888889,47.513355555555556,ST JOHNS WEST CLIMATE,8403603,8403603.2019.10.8,2019-10-08 00:00:00,NL,2019,10,8,13.2,,9.1,,17.3,,4.2,,,,,,,,26,,57,,0,,4.8,,74,,96,
-52.78333888888889,47.513355555555556,ST JOHNS WEST CLIMATE,8403603,8403603.2019.10.9,2019-10-09 00:00:00,NL,2019,10,9,7.2,,1.7,,12.6,,0,,,,,,,,29,,33,,0,,10.8,,55,,97,
-52.78333888888889,47.513355555555556,ST JOHNS WEST CLIMATE,8403603,8403603.2019.10.10,2019-10-10 00:00:00,NL,2019,10,10,5.9,,-0.7,,12.6,,0.2,,,,,,,,,,,,0,,12.1,,57,,98,
-52.78333888888889,47.513355555555556,ST JOHNS WEST CLIMATE,8403603,8403603.2019.10.11,2019-10-11 00:00:00,NL,2019,10,11,6.1,,-1.8,,14,,0,,,,,,,,,,,,0,,11.9,,56,,97,
-52.78333888888889,47.513355555555556,ST JOHNS WEST CLIMATE,8403603,8403603.2019.10.12,2019-10-12 00:00:00,NL,2019,10,12,7.3,,1.4,,13.1,,11.8,,,,,,,,13,,40,,0,,10.7,,64,,99,
-52.78333888888889,47.513355555555556,ST JOHNS WEST CLIMATE,8403603,8403603.2019.10.13,2019-10-13 00:00:00,NL,2019,10,13,13.9,,8,,19.9,,2.4,,,,,,,,23,,39,,0,,4.1,,88,,99,
-52.78333888888889,47.513355555555556,ST JOHNS WEST CLIMATE,8403603,8403603.2019.10.14,2019-10-14 00:00:00,NL,2019,10,14,6.6,,5,,8.1,,1,,,,,,,,36,,41,,0,,11.4,,76,,99,
-52.78333888888889,47.513355555555556,ST JOHNS WEST CLIMATE,8403603,8403603.2019.10.15,2019-10-15 00:00:00,NL,2019,10,15,7,,5,,9,,0,,,,,,,,,,,,0,,11,,71,,96,
-52.78333888888889,47.513355555555556,ST JOHNS WEST CLIMATE,8403603,8403603.2019.10.16,2019-10-16 00:00:00,NL,2019,10,16,7.9,,2.1,,13.6,,2,,,,,,,,1,,36,,0,,10.1,,81,,99,
-52.78333888888889,47.513355555555556,ST JOHNS WEST CLIMATE,8403603,8403603.2019.10.17,2019-10-17 00:00:00,NL,2019,10,17,5,,-0.2,,10.1,,0.4,,,,,,,,13,,45,,0,,13,,68,,100,
-52.78333888888889,47.513355555555556,ST JOHNS WEST CLIMATE,8403603,8403603.2019.10.18,2019-10-18 00:00:00,NL,2019,10,18,12.6,,8.6,,16.6,,20.3,,,,,,,,14,,44,,0,,5.4,,100,,100,
-52.78333888888889,47.513355555555556,ST JOHNS WEST CLIMATE,8403603,8403603.2019.10.19,2019-10-19 00:00:00,NL,2019,10,19,11.4,,6.2,,16.5,,0.3,,,,,,,,25,,33,,0,,6.6,,66,,100,
-52.78333888888889,47.513355555555556,ST JOHNS WEST CLIMATE,8403603,8403603.2019.10.20,2019-10-20 00:00:00,NL,2019,10,20,8.1,,5.5,,10.8,,1.3,,,,,,,,25,,44,,0,,9.9,,66,,99,
-52.78333888888889,47.513355555555556,ST JOHNS WEST CLIMATE,8403603,8403603.2019.10.21,2019-10-21 00:00:00,NL,2019,10,21,7.6,,5.3,,9.8,,0,,,,,,,,28,,40,,0,,10.4,,68,,100,
-52.78333888888889,47.513355555555556,ST JOHNS WEST CLIMATE,8403603,8403603.2019.10.22,2019-10-22 00:00:00,NL,2019,10,22,6,,4.8,,7.1,,1.5,,,,,,,,3,,33,,0,,12,,69,,100,
-52.78333888888889,47.513355555555556,ST JOHNS WEST CLIMATE,8403603,8403603.2019.10.23,2019-10-23 00:00:00,NL,2019,10,23,5.6,,3.1,,8,,0.6,,,,,,,,6,,33,,0,,12.4,,79,,100,
-52.78333888888889,47.513355555555556,ST JOHNS WEST CLIMATE,8403603,8403603.2019.10.24,2019-10-24 00:00:00,NL,2019,10,24,8.3,,6.8,,9.7,,0.7,,,,,,,,22,,42,,0,,9.7,,74,,100,
-52.78333888888889,47.513355555555556,ST JOHNS WEST CLIMATE,8403603,8403603.2019.10.25,2019-10-25 00:00:00,NL,2019,10,25,8.8,,4.4,,13.1,,0,,,,,,,,25,,36,,0,,9.2,,65,,100,
-52.78333888888889,47.513355555555556,ST JOHNS WEST CLIMATE,8403603,8403603.2019.10.26,2019-10-26 00:00:00,NL,2019,10,26,5.4,,2.4,,8.5,,0.8,,,,,,,,,,,,0,,12.6,,66,,100,
-52.78333888888889,47.513355555555556,ST JOHNS WEST CLIMATE,8403603,8403603.2019.10.27,2019-10-27 00:00:00,NL,2019,10,27,4,,2.3,,5.6,,6.4,,,,,,,,35,,40,,0,,14,,63,,100,
-52.78333888888889,47.513355555555556,ST JOHNS WEST CLIMATE,8403603,8403603.2019.10.28,2019-10-28 00:00:00,NL,2019,10,28,4.2,,3.3,,5.1,,0.7,,,,,,,,1,,58,,0,,13.8,,79,,100,
-52.78333888888889,47.513355555555556,ST JOHNS WEST CLIMATE,8403603,8403603.2019.10.29,2019-10-29 00:00:00,NL,2019,10,29,5.4,,3.7,,7,,0,,,,,,,,35,,70,,0,,12.6,,80,,100,
-52.78333888888889,47.513355555555556,ST JOHNS WEST CLIMATE,8403603,8403603.2019.10.30,2019-10-30 00:00:00,NL,2019,10,30,2.7,,-0.3,,5.7,,0,,,,,,,,36,,32,,0,,15.3,,82,,100,
-52.78333888888889,47.513355555555556,ST JOHNS WEST CLIMATE,8403603,8403603.2019.10.31,2019-10-31 00:00:00,NL,2019,10,31,6.7,,2.5,,10.9,,0.2,,,,,,,,22,,55,,0,,11.3,,72,,100,
-52.78333888888889,47.513355555555556,ST JOHNS WEST CLIMATE,8403603,8403603.2019.11.1,2019-11-01 00:00:00,NL,2019,11,1,14.7,,10.5,,19,,0.5,,,,,,,,24,,77,,0,,3.3,,75,,100,
-52.78333888888889,47.513355555555556,ST JOHNS WEST CLIMATE,8403603,8403603.2019.11.2,2019-11-02 00:00:00,NL,2019,11,2,4.4,,-1.7,,10.5,,0,,,,,,,,25,,58,,0,,13.6,,61,,100,
-52.78333888888889,47.513355555555556,ST JOHNS WEST CLIMATE,8403603,8403603.2019.11.3,2019-11-03 00:00:00,NL,2019,11,3,6.4,,-1.8,,14.5,,9.4,,,,,,,,23,,49,,0,,11.6,,86,,100,
-52.78333888888889,47.513355555555556,ST JOHNS WEST CLIMATE,8403603,8403603.2019.11.4,2019-11-04 00:00:00,NL,2019,11,4,3.9,,-0.4,,8.2,,0,,,,,,,,28,,36,,0,,14.1,,57,,100,
-52.78333888888889,47.513355555555556,ST JOHNS WEST CLIMATE,8403603,8403603.2019.11.5,2019-11-05 00:00:00,NL,2019,11,5,3.3,,-1.6,,8.1,,0,,,,,,,,,,,,0,,14.7,,48,,100,
-52.78333888888889,47.513355555555556,ST JOHNS WEST CLIMATE,8403603,8403603.2019.11.6,2019-11-06 00:00:00,NL,2019,11,6,7.1,,1.5,,12.8,,3.1,,,,,,,,26,,60,,0,,10.9,,64,,100,
-52.78333888888889,47.513355555555556,ST JOHNS WEST CLIMATE,8403603,8403603.2019.11.7,2019-11-07 00:00:00,NL,2019,11,7,3.6,,0.8,,6.4,,0,,,,,,,,25,,67,,0,,14.4,,52,,85,
-52.78333888888889,47.513355555555556,ST JOHNS WEST CLIMATE,8403603,8403603.2019.11.8,2019-11-08 00:00:00,NL,2019,11,8,6.7,,2.3,,11.1,,4.9,,,,,,,,17,,52,,0,,11.3,,81,,100,
-52.78333888888889,47.513355555555556,ST JOHNS WEST CLIMATE,8403603,8403603.2019.11.9,2019-11-09 00:00:00,NL,2019,11,9,3.1,,-2.9,,9,,0.6,,,,,,,,23,,68,,0,,14.9,,52,,100,
-52.78333888888889,47.513355555555556,ST JOHNS WEST CLIMATE,8403603,8403603.2019.11.10,2019-11-10 00:00:00,NL,2019,11,10,-0.3,,-4.6,,4.1,,0,,,,,,,,,,,,0,,18.3,,60,,100,
-52.78333888888889,47.513355555555556,ST JOHNS WEST CLIMATE,8403603,8403603.2019.11.11,2019-11-11 00:00:00,NL,2019,11,11,2.4,,-3.3,,8.1,,0.5,,,,,,,,21,,44,,0,,15.6,,71,,100,
-52.78333888888889,47.513355555555556,ST JOHNS WEST CLIMATE,8403603,8403603.2019.11.12,2019-11-12 00:00:00,NL,2019,11,12,4.4,,-1.8,,10.5,,0,,,,,,,,19,,42,,0,,13.6,,61,,100,
-52.78333888888889,47.513355555555556,ST JOHNS WEST CLIMATE,8403603,8403603.2019.11.13,2019-11-13 00:00:00,NL,2019,11,13,8.3,,0.3,,16.3,,10.4,,,,,,,,22,,68,,0,,9.7,,71,,100,
-52.78333888888889,47.513355555555556,ST JOHNS WEST CLIMATE,8403603,8403603.2019.11.14,2019-11-14 00:00:00,NL,2019,11,14,-1.9,,-5,,1.2,,0,,,,,,,,25,,54,,0,,19.9,,52,,88,
-52.78333888888889,47.513355555555556,ST JOHNS WEST CLIMATE,8403603,8403603.2019.11.15,2019-11-15 00:00:00,NL,2019,11,15,-0.5,,-5.3,,4.3,,0,,,,,,,,17,,51,,0,,18.5,,56,,85,
-52.78333888888889,47.513355555555556,ST JOHNS WEST CLIMATE,8403603,8403603.2019.11.16,2019-11-16 00:00:00,NL,2019,11,16,3,,-2.7,,8.7,,6.2,,,,,,,,26,,61,,0,,15,,58,,100,
-52.78333888888889,47.513355555555556,ST JOHNS WEST CLIMATE,8403603,8403603.2019.11.17,2019-11-17 00:00:00,NL,2019,11,17,0.2,,-2.4,,2.9,,0,,,,,,,,28,,57,,0,,17.8,,51,,70,
-52.78333888888889,47.513355555555556,ST JOHNS WEST CLIMATE,8403603,8403603.2019.11.18,2019-11-18 00:00:00,NL,2019,11,18,1.1,,-2.9,,5.1,,0,,,,,,,,,,,,0,,16.9,,27,,90,
-52.78333888888889,47.513355555555556,ST JOHNS WEST CLIMATE,8403603,8403603.2019.11.19,2019-11-19 00:00:00,NL,2019,11,19,6.5,,2.1,,10.9,,14.3,,,,,,,,25,,54,,0,,11.5,,88,,100,
-52.78333888888889,47.513355555555556,ST JOHNS WEST CLIMATE,8403603,8403603.2019.11.20,2019-11-20 00:00:00,NL,2019,11,20,3.8,,2,,5.6,,2.4,,,,,,,,27,,53,,0,,14.2,,86,,100,
-52.78333888888889,47.513355555555556,ST JOHNS WEST CLIMATE,8403603,8403603.2019.11.21,2019-11-21 00:00:00,NL,2019,11,21,3.3,,2.8,,3.8,,62.1,,,,,,,,6,,68,,0,,14.7,,100,,100,
-52.78333888888889,47.513355555555556,ST JOHNS WEST CLIMATE,8403603,8403603.2019.11.22,2019-11-22 00:00:00,NL,2019,11,22,2.7,,1.8,,3.6,,10.7,,,,,,,,2,,69,,0,,15.3,,100,,100,
-52.78333888888889,47.513355555555556,ST JOHNS WEST CLIMATE,8403603,8403603.2019.11.23,2019-11-23 00:00:00,NL,2019,11,23,3,,0.3,,5.6,,1.6,,,,,,,,30,,31,,0,,15,,100,,100,
-52.78333888888889,47.513355555555556,ST JOHNS WEST CLIMATE,8403603,8403603.2019.11.24,2019-11-24 00:00:00,NL,2019,11,24,2.2,,0.7,,3.7,,1.5,,,,,,,,29,,50,,0,,15.8,,76,,100,
-52.78333888888889,47.513355555555556,ST JOHNS WEST CLIMATE,8403603,8403603.2019.11.25,2019-11-25 00:00:00,NL,2019,11,25,3.9,,0.6,,7.2,,9.8,,,,,,,,12,,45,,0,,14.1,,100,,100,
-52.78333888888889,47.513355555555556,ST JOHNS WEST CLIMATE,8403603,8403603.2019.11.26,2019-11-26 00:00:00,NL,2019,11,26,3.4,,1.9,,4.9,,0.4,,,,,,,,28,,58,,0,,14.6,,72,,100,
-52.78333888888889,47.513355555555556,ST JOHNS WEST CLIMATE,8403603,8403603.2019.11.27,2019-11-27 00:00:00,NL,2019,11,27,3.4,,1.9,,4.9,,0.7,,,,,,,,23,,44,,0,,14.6,,78,,100,
-52.78333888888889,47.513355555555556,ST JOHNS WEST CLIMATE,8403603,8403603.2019.11.28,2019-11-28 00:00:00,NL,2019,11,28,2.2,,0.6,,3.7,,0.5,,,,,,,,29,,37,,0,,15.8,,86,,100,
-52.78333888888889,47.513355555555556,ST JOHNS WEST CLIMATE,8403603,8403603.2019.11.29,2019-11-29 00:00:00,NL,2019,11,29,2.5,,0,,5,,27.9,,,,,,2,,3,,57,,0,,15.5,,100,,100,
-52.78333888888889,47.513355555555556,ST JOHNS WEST CLIMATE,8403603,8403603.2019.11.30,2019-11-30 00:00:00,NL,2019,11,30,4,,1.5,,6.4,,7.4,,,,,,,,21,,38,,0,,14,,100,,100,
-52.78333888888889,47.513355555555556,ST JOHNS WEST CLIMATE,8403603,8403603.2019.12.1,2019-12-01 00:00:00,NL,2019,12,1,-0.4,,-2.7,,1.9,,1.1,,,,,,0,,33,,33,,0,,18.4,,73,,100,
-52.78333888888889,47.513355555555556,ST JOHNS WEST CLIMATE,8403603,8403603.2019.12.2,2019-12-02 00:00:00,NL,2019,12,2,-2.6,,-4.6,,-0.5,,0.2,,,,,,0,,,,,,0,,20.6,,65,,96,
-52.78333888888889,47.513355555555556,ST JOHNS WEST CLIMATE,8403603,8403603.2019.12.3,2019-12-03 00:00:00,NL,2019,12,3,2.1,,-5.6,,9.8,,9.3,,,,,,0,,9,,31,,0,,15.9,,98,,100,
-52.78333888888889,47.513355555555556,ST JOHNS WEST CLIMATE,8403603,8403603.2019.12.4,2019-12-04 00:00:00,NL,2019,12,4,7,,3,,10.9,,0.9,,,,,,0,,22,,66,,0,,11,,85,,100,
-52.78333888888889,47.513355555555556,ST JOHNS WEST CLIMATE,8403603,8403603.2019.12.5,2019-12-05 00:00:00,NL,2019,12,5,5.8,,0.9,,10.6,,13.2,,,,,,0,,24,,62,,0,,12.2,,89,,100,
-52.78333888888889,47.513355555555556,ST JOHNS WEST CLIMATE,8403603,8403603.2019.12.6,2019-12-06 00:00:00,NL,2019,12,6,1.3,,-0.5,,3.2,,1.3,,,,,,,,24,,36,,0,,16.7,,88,,100,
-52.78333888888889,47.513355555555556,ST JOHNS WEST CLIMATE,8403603,8403603.2019.12.7,2019-12-07 00:00:00,NL,2019,12,7,-0.8,,-4.1,,2.6,,6.2,,,,,,,,28,,47,,0,,18.8,,71,,100,
-52.78333888888889,47.513355555555556,ST JOHNS WEST CLIMATE,8403603,8403603.2019.12.8,2019-12-08 00:00:00,NL,2019,12,8,-3.7,,-5.2,,-2.2,,0,,,,,,4,,29,,41,,0,,21.7,,63,,79,
-52.78333888888889,47.513355555555556,ST JOHNS WEST CLIMATE,8403603,8403603.2019.12.9,2019-12-09 00:00:00,NL,2019,12,9,0.1,,-4.6,,4.9,,1.2,,,,,,3,,24,,47,,0,,17.9,,76,,100,
-52.78333888888889,47.513355555555556,ST JOHNS WEST CLIMATE,8403603,8403603.2019.12.10,2019-12-10 00:00:00,NL,2019,12,10,8.9,,4.8,,13.1,,20.2,,,,,,0,,24,,80,,0,,9.1,,89,,100,
-52.78333888888889,47.513355555555556,ST JOHNS WEST CLIMATE,8403603,8403603.2019.12.11,2019-12-11 00:00:00,NL,2019,12,11,5.2,,-2.3,,12.6,,13,,,,,,,,23,,70,,0,,12.8,,90,,100,
-52.78333888888889,47.513355555555556,ST JOHNS WEST CLIMATE,8403603,8403603.2019.12.12,2019-12-12 00:00:00,NL,2019,12,12,-4.9,,-7.7,,-2.1,,0.6,,,,,,2,,26,,62,,0,,22.9,,58,,94,
-52.78333888888889,47.513355555555556,ST JOHNS WEST CLIMATE,8403603,8403603.2019.12.13,2019-12-13 00:00:00,NL,2019,12,13,-7.2,,-8.4,,-5.9,,0,,,,,,4,,28,,55,,0,,25.2,,55,,71,
-52.78333888888889,47.513355555555556,ST JOHNS WEST CLIMATE,8403603,8403603.2019.12.14,2019-12-14 00:00:00,NL,2019,12,14,-4.7,,-10.1,,0.7,,7,,,,,,4,,13,,56,,0,,22.7,,65,,100,
-52.78333888888889,47.513355555555556,ST JOHNS WEST CLIMATE,8403603,8403603.2019.12.15,2019-12-15 00:00:00,NL,2019,12,15,7.3,,0.7,,14,,13.7,,,,,,4,,25,,67,,0,,10.7,,87,,100,
-52.78333888888889,47.513355555555556,ST JOHNS WEST CLIMATE,8403603,8403603.2019.12.16,2019-12-16 00:00:00,NL,2019,12,16,0.5,,-3.7,,4.7,,1.5,,,,,,0,,27,,64,,0,,17.5,,63,,98,
-52.78333888888889,47.513355555555556,ST JOHNS WEST CLIMATE,8403603,8403603.2019.12.17,2019-12-17 00:00:00,NL,2019,12,17,-2,,-4,,0,,0.2,,,,,,,,27,,73,,0,,20,,59,,82,
-52.78333888888889,47.513355555555556,ST JOHNS WEST CLIMATE,8403603,8403603.2019.12.18,2019-12-18 00:00:00,NL,2019,12,18,-4.8,,-6.3,,-3.2,,0,,,,,,,,28,,38,,0,,22.8,,66,,86,
-52.78333888888889,47.513355555555556,ST JOHNS WEST CLIMATE,8403603,8403603.2019.12.19,2019-12-19 00:00:00,NL,2019,12,19,-3.3,,-5.7,,-0.9,,0,,,,,,,,,,,,0,,21.3,,74,,87,
-52.78333888888889,47.513355555555556,ST JOHNS WEST CLIMATE,8403603,8403603.2019.12.20,2019-12-20 00:00:00,NL,2019,12,20,-2.2,,-5.2,,0.8,,4.6,,,,,,0,,33,,56,,0,,20.2,,68,,100,
-52.78333888888889,47.513355555555556,ST JOHNS WEST CLIMATE,8403603,8403603.2019.12.21,2019-12-21 00:00:00,NL,2019,12,21,-1.1,,-2.7,,0.5,,2.7,,,,,,6,,33,,52,,0,,19.1,,81,,100,
-52.78333888888889,47.513355555555556,ST JOHNS WEST CLIMATE,8403603,8403603.2019.12.22,2019-12-22 00:00:00,NL,2019,12,22,-6.7,,-10.6,,-2.7,,0,,,,,,7,,,,,,0,,24.7,,67,,99,
-52.78333888888889,47.513355555555556,ST JOHNS WEST CLIMATE,8403603,8403603.2019.12.23,2019-12-23 00:00:00,NL,2019,12,23,-9.5,,-15.2,,-3.9,,0,,,,,,7,,,,,,0,,27.5,,64,,100,
-52.78333888888889,47.513355555555556,ST JOHNS WEST CLIMATE,8403603,8403603.2019.12.24,2019-12-24 00:00:00,NL,2019,12,24,-2.1,,-4.3,,0.1,,13.8,,,,,,14,,36,,64,,0,,20.1,,99,,100,
-52.78333888888889,47.513355555555556,ST JOHNS WEST CLIMATE,8403603,8403603.2019.12.25,2019-12-25 00:00:00,NL,2019,12,25,-2.1,,-3.9,,-0.2,,0.7,,,,,,29,,32,,67,,0,,20.1,,93,,100,
-52.78333888888889,47.513355555555556,ST JOHNS WEST CLIMATE,8403603,8403603.2019.12.26,2019-12-26 00:00:00,NL,2019,12,26,-1.7,,-4.7,,1.3,,8.5,,,,,,27,,33,,66,,0,,19.7,,85,,100,
-52.78333888888889,47.513355555555556,ST JOHNS WEST CLIMATE,8403603,8403603.2019.12.27,2019-12-27 00:00:00,NL,2019,12,27,-4.3,,-8.8,,0.2,,0.5,,,,,,35,,32,,59,,0,,22.3,,73,,100,
-52.78333888888889,47.513355555555556,ST JOHNS WEST CLIMATE,8403603,8403603.2019.12.28,2019-12-28 00:00:00,NL,2019,12,28,-4.3,,-8.8,,0.2,,5.3,,,,,,33,,,,,,0,,22.3,,92,,100,
-52.78333888888889,47.513355555555556,ST JOHNS WEST CLIMATE,8403603,8403603.2019.12.29,2019-12-29 00:00:00,NL,2019,12,29,-0.9,,-1.7,,0,,5.6,,,,,,41,,33,,51,,0,,18.9,,93,,100,
-52.78333888888889,47.513355555555556,ST JOHNS WEST CLIMATE,8403603,8403603.2019.12.30,2019-12-30 00:00:00,NL,2019,12,30,-0.7,,-1.5,,0.2,,0.7,,,,,,45,,1,,55,,0,,18.7,,79,,100,
-52.78333888888889,47.513355555555556,ST JOHNS WEST CLIMATE,8403603,8403603.2019.12.31,2019-12-31 00:00:00,NL,2019,12,31,-1.2,,-2.5,,0,,0,,,,,,43,,35,,49,,0,,19.2,,79,,100,
-52.78333888888889,47.513355555555556,ST JOHNS WEST CLIMATE,8403603,8403603.2020.1.1,2020-01-01 00:00:00,NL,2020,1,1,-0.4,,-2.4,,1.6,,6.4,,,,,,41,,13,,60,,0,,18.4,,92,,100,
-52.78333888888889,47.513355555555556,ST JOHNS WEST CLIMATE,8403603,8403603.2020.1.2,2020-01-02 00:00:00,NL,2020,1,2,0.2,,-1.6,,1.9,,0.4,,,,,,38,,26,,38,,0,,17.8,,76,,100,
-52.78333888888889,47.513355555555556,ST JOHNS WEST CLIMATE,8403603,8403603.2020.1.3,2020-01-03 00:00:00,NL,2020,1,3,-0.9,,-1.8,,0,,0.2,,,,,,34,,25,,47,,0,,18.9,,77,,100,
-52.78333888888889,47.513355555555556,ST JOHNS WEST CLIMATE,8403603,8403603.2020.1.4,2020-01-04 00:00:00,NL,2020,1,4,-0.7,,-2.7,,1.2,,1.1,,,,,,33,,,,,,0,,18.7,,95,,100,
-52.78333888888889,47.513355555555556,ST JOHNS WEST CLIMATE,8403603,8403603.2020.1.5,2020-01-05 00:00:00,NL,2020,1,5,-1.6,,-2.8,,-0.3,,10.8,,,,,,33,,4,,76,,0,,19.6,,96,,100,
-52.78333888888889,47.513355555555556,ST JOHNS WEST CLIMATE,8403603,8403603.2020.1.6,2020-01-06 00:00:00,NL,2020,1,6,-2.8,,-5,,-0.6,,8.5,,,,,,44,,1,,68,,0,,20.8,,100,,100,
-52.78333888888889,47.513355555555556,ST JOHNS WEST CLIMATE,8403603,8403603.2020.1.7,2020-01-07 00:00:00,NL,2020,1,7,-4.5,,-7.5,,-1.4,,4.2,,,,,,43,,,,,,0,,22.5,,96,,100,
-52.78333888888889,47.513355555555556,ST JOHNS WEST CLIMATE,8403603,8403603.2020.1.8,2020-01-08 00:00:00,NL,2020,1,8,-3.5,,-10,,2.9,,12.2,,,,,,42,,21,,68,,0,,21.5,,97,,100,
-52.78333888888889,47.513355555555556,ST JOHNS WEST CLIMATE,8403603,8403603.2020.1.9,2020-01-09 00:00:00,NL,2020,1,9,-4.9,,-10.6,,0.7,,2.4,,,,,,42,,21,,73,,0,,22.9,,74,,100,
-52.78333888888889,47.513355555555556,ST JOHNS WEST CLIMATE,8403603,8403603.2020.1.10,2020-01-10 00:00:00,NL,2020,1,10,-8.1,,-12.8,,-3.3,,0.5,,,,,,43,,29,,59,,0,,26.1,,58,,100,
-52.78333888888889,47.513355555555556,ST JOHNS WEST CLIMATE,8403603,8403603.2020.1.11,2020-01-11 00:00:00,NL,2020,1,11,1.1,,-3.4,,5.6,,8.5,,,,,,43,,26,,56,,0,,16.9,,72,,100,
-52.78333888888889,47.513355555555556,ST JOHNS WEST CLIMATE,8403603,8403603.2020.1.12,2020-01-12 00:00:00,NL,2020,1,12,-1.5,,-7.9,,4.9,,5.2,,,,,,37,,29,,49,,0,,19.5,,66,,100,
-52.78333888888889,47.513355555555556,ST JOHNS WEST CLIMATE,8403603,8403603.2020.1.13,2020-01-13 00:00:00,NL,2020,1,13,-7.6,,-10.8,,-4.3,,0.4,,,,,,43,,36,,39,,0,,25.6,,63,,96,
-52.78333888888889,47.513355555555556,ST JOHNS WEST CLIMATE,8403603,8403603.2020.1.14,2020-01-14 00:00:00,NL,2020,1,14,-10.6,,-13.1,,-8.1,,0,,,,,,41,,31,,38,,0,,28.6,,64,,79,
-52.78333888888889,47.513355555555556,ST JOHNS WEST CLIMATE,8403603,8403603.2020.1.15,2020-01-15 00:00:00,NL,2020,1,15,-12.3,,-17.3,,-7.3,,1.5,,,,,,42,,,,,,0,,30.3,,57,,100,
-52.78333888888889,47.513355555555556,ST JOHNS WEST CLIMATE,8403603,8403603.2020.1.16,2020-01-16 00:00:00,NL,2020,1,16,-10.7,,-16,,-5.3,,0.2,,,,,,44,,,,,,0,,28.7,,63,,100,
-52.78333888888889,47.513355555555556,ST JOHNS WEST CLIMATE,8403603,8403603.2020.1.17,2020-01-17 00:00:00,NL,2020,1,17,-5.6,,-8.9,,-2.3,,30.8,,,,,,49,,35,,105,,0,,23.6,,99,,100,
-52.78333888888889,47.513355555555556,ST JOHNS WEST CLIMATE,8403603,8403603.2020.1.18,2020-01-18 00:00:00,NL,2020,1,18,-9.4,,-14.5,,-4.2,,1.8,,,,,,35,,32,,82,,0,,27.4,,66,,96,
-52.78333888888889,47.513355555555556,ST JOHNS WEST CLIMATE,8403603,8403603.2020.1.19,2020-01-19 00:00:00,NL,2020,1,19,-7.5,,-17,,1.9,,9.8,,,,,,35,,13,,73,,0,,25.5,,54,,100,
-52.78333888888889,47.513355555555556,ST JOHNS WEST CLIMATE,8403603,8403603.2020.1.20,2020-01-20 00:00:00,NL,2020,1,20,-1.9,,-6.3,,2.4,,1.9,,,,,,38,,24,,53,,0,,19.9,,85,,100,
-52.78333888888889,47.513355555555556,ST JOHNS WEST CLIMATE,8403603,8403603.2020.1.21,2020-01-21 00:00:00,NL,2020,1,21,-10.5,,-17.4,,-3.6,,0.3,,,,,,38,,29,,38,,0,,28.5,,65,,98,
-52.78333888888889,47.513355555555556,ST JOHNS WEST CLIMATE,8403603,8403603.2020.1.22,2020-01-22 00:00:00,NL,2020,1,22,-12.6,,-20.6,,-4.5,,0.2,,,,,,38,,,,,,0,,30.6,,57,,85,
-52.78333888888889,47.513355555555556,ST JOHNS WEST CLIMATE,8403603,8403603.2020.1.23,2020-01-23 00:00:00,NL,2020,1,23,-4.1,,-7.6,,-0.6,,0,,,,,,38,,28,,46,,0,,22.1,,68,,97,
-52.78333888888889,47.513355555555556,ST JOHNS WEST CLIMATE,8403603,8403603.2020.1.24,2020-01-24 00:00:00,NL,2020,1,24,-4.3,,-9.9,,1.2,,0,,,,,,38,,27,,48,,0,,22.3,,60,,100,
-52.78333888888889,47.513355555555556,ST JOHNS WEST CLIMATE,8403603,8403603.2020.1.25,2020-01-25 00:00:00,NL,2020,1,25,-9.4,,-14.1,,-4.8,,0,,,,,,38,,,,,,0,,27.4,,44,,92,
-52.78333888888889,47.513355555555556,ST JOHNS WEST CLIMATE,8403603,8403603.2020.1.26,2020-01-26 00:00:00,NL,2020,1,26,-4,,-9.6,,1.7,,0,,,,,,38,,,,,,0,,22,,37,,100,
-52.78333888888889,47.513355555555556,ST JOHNS WEST CLIMATE,8403603,8403603.2020.1.27,2020-01-27 00:00:00,NL,2020,1,27,1.9,,-1,,4.8,,7.7,,,,,,38,,20,,43,,0,,16.1,,100,,100,
-52.78333888888889,47.513355555555556,ST JOHNS WEST CLIMATE,8403603,8403603.2020.1.28,2020-01-28 00:00:00,NL,2020,1,28,-1,,-2.4,,0.5,,1.4,,,,,,36,,,,,,0,,19,,97,,100,
-52.78333888888889,47.513355555555556,ST JOHNS WEST CLIMATE,8403603,8403603.2020.1.29,2020-01-29 00:00:00,NL,2020,1,29,-1.8,,-2.8,,-0.9,,1.3,,,,,,37,,1,,31,,0,,19.8,,88,,100,
-52.78333888888889,47.513355555555556,ST JOHNS WEST CLIMATE,8403603,8403603.2020.1.30,2020-01-30 00:00:00,NL,2020,1,30,-3,,-5.6,,-0.4,,1.5,,,,,,37,,1,,38,,0,,21,,75,,100,
-52.78333888888889,47.513355555555556,ST JOHNS WEST CLIMATE,8403603,8403603.2020.1.31,2020-01-31 00:00:00,NL,2020,1,31,-6.3,,-8.3,,-4.2,,0.2,,,,,,38,,32,,42,,0,,24.3,,63,,100,
-52.78333888888889,47.513355555555556,ST JOHNS WEST CLIMATE,8403603,8403603.2020.2.1,2020-02-01 00:00:00,NL,2020,2,1,-9.5,,-13.9,,-5,,0,,,,,,44,,31,,41,,0,,27.5,,63,,89,
-52.78333888888889,47.513355555555556,ST JOHNS WEST CLIMATE,8403603,8403603.2020.2.2,2020-02-02 00:00:00,NL,2020,2,2,-2.9,,-10.6,,4.7,,45.7,,,,,,47,,14,,69,,0,,20.9,,86,,100,
-52.78333888888889,47.513355555555556,ST JOHNS WEST CLIMATE,8403603,8403603.2020.2.3,2020-02-03 00:00:00,NL,2020,2,3,-1.9,,-3.3,,-0.6,,0,,,,,,45,,25,,67,,0,,19.9,,66,,100,
-52.78333888888889,47.513355555555556,ST JOHNS WEST CLIMATE,8403603,8403603.2020.2.4,2020-02-04 00:00:00,NL,2020,2,4,-2,,-4.3,,0.3,,0,,,,,,45,,25,,41,,0,,20,,60,,81,
-52.78333888888889,47.513355555555556,ST JOHNS WEST CLIMATE,8403603,8403603.2020.2.5,2020-02-05 00:00:00,NL,2020,2,5,-3.8,,-7,,-0.6,,1,,,,,,44,,27,,54,,0,,21.8,,62,,100,
-52.78333888888889,47.513355555555556,ST JOHNS WEST CLIMATE,8403603,8403603.2020.2.6,2020-02-06 00:00:00,NL,2020,2,6,-5.2,,-7,,-3.4,,1,,,,,,44,,29,,58,,0,,23.2,,56,,100,
-52.78333888888889,47.513355555555556,ST JOHNS WEST CLIMATE,8403603,8403603.2020.2.7,2020-02-07 00:00:00,NL,2020,2,7,2.2,,-4.4,,8.8,,21.7,,,,,,52,,25,,57,,0,,15.8,,100,,100,
-52.78333888888889,47.513355555555556,ST JOHNS WEST CLIMATE,8403603,8403603.2020.2.8,2020-02-08 00:00:00,NL,2020,2,8,1.3,,-6,,8.7,,2.1,,,,,,51,,26,,84,,0,,16.7,,62,,100,
-52.78333888888889,47.513355555555556,ST JOHNS WEST CLIMATE,8403603,8403603.2020.2.9,2020-02-09 00:00:00,NL,2020,2,9,-8.4,,-12,,-4.9,,0.7,,,,,,50,,29,,49,,0,,26.4,,45,,97,
-52.78333888888889,47.513355555555556,ST JOHNS WEST CLIMATE,8403603,8403603.2020.2.10,2020-02-10 00:00:00,NL,2020,2,10,-5.8,,-10.8,,-0.7,,2.8,,,,,,49,,23,,46,,0,,23.8,,60,,100,
-52.78333888888889,47.513355555555556,ST JOHNS WEST CLIMATE,8403603,8403603.2020.2.11,2020-02-11 00:00:00,NL,2020,2,11,-1.5,,-4.5,,1.4,,2.4,,,,,,52,,32,,50,,0,,19.5,,78,,100,
-52.78333888888889,47.513355555555556,ST JOHNS WEST CLIMATE,8403603,8403603.2020.2.12,2020-02-12 00:00:00,NL,2020,2,12,-3.4,,-6,,-0.9,,8.2,,,,,,55,,32,,67,,0,,21.4,,80,,100,
-52.78333888888889,47.513355555555556,ST JOHNS WEST CLIMATE,8403603,8403603.2020.2.13,2020-02-13 00:00:00,NL,2020,2,13,-3.5,,-6.6,,-0.4,,1.8,,,,,,56,,23,,58,,0,,21.5,,81,,100,
-52.78333888888889,47.513355555555556,ST JOHNS WEST CLIMATE,8403603,8403603.2020.2.14,2020-02-14 00:00:00,NL,2020,2,14,-9.7,,-16.5,,-2.9,,0.2,,,,,,57,,27,,57,,0,,27.7,,49,,93,
-52.78333888888889,47.513355555555556,ST JOHNS WEST CLIMATE,8403603,8403603.2020.2.15,2020-02-15 00:00:00,NL,2020,2,15,-10.6,,-15.4,,-5.8,,0,,,,,,55,,30,,57,,0,,28.6,,45,,72,
-52.78333888888889,47.513355555555556,ST JOHNS WEST CLIMATE,8403603,8403603.2020.2.16,2020-02-16 00:00:00,NL,2020,2,16,-3,,-6.2,,0.1,,0.2,,,,,,55,,24,,60,,0,,21,,68,,100,
-52.78333888888889,47.513355555555556,ST JOHNS WEST CLIMATE,8403603,8403603.2020.2.17,2020-02-17 00:00:00,NL,2020,2,17,-0.2,,-2.8,,2.3,,6,,,,,,55,,,,,,0,,18.2,,100,,100,
-52.78333888888889,47.513355555555556,ST JOHNS WEST CLIMATE,8403603,8403603.2020.2.18,2020-02-18 00:00:00,NL,2020,2,18,-8.5,,-14.2,,-2.8,,0.7,,,,,,54,,34,,59,,0,,26.5,,63,,100,
-52.78333888888889,47.513355555555556,ST JOHNS WEST CLIMATE,8403603,8403603.2020.2.19,2020-02-19 00:00:00,NL,2020,2,19,-4,,-13.3,,5.4,,18.7,,,,,,54,,18,,69,,0,,22,,68,,100,
-52.78333888888889,47.513355555555556,ST JOHNS WEST CLIMATE,8403603,8403603.2020.2.20,2020-02-20 00:00:00,NL,2020,2,20,-7.5,,-12.4,,-2.6,,0.5,,,,,,57,,28,,62,,0,,25.5,,53,,100,
-52.78333888888889,47.513355555555556,ST JOHNS WEST CLIMATE,8403603,8403603.2020.2.21,2020-02-21 00:00:00,NL,2020,2,21,-11.4,,-15.3,,-7.5,,0,,,,,,57,,29,,46,,0,,29.4,,43,,81,
-52.78333888888889,47.513355555555556,ST JOHNS WEST CLIMATE,8403603,8403603.2020.2.22,2020-02-22 00:00:00,NL,2020,2,22,-10.1,,-17.9,,-2.2,,0,,,,,,57,,25,,36,,0,,28.1,,54,,87,
-52.78333888888889,47.513355555555556,ST JOHNS WEST CLIMATE,8403603,8403603.2020.2.23,2020-02-23 00:00:00,NL,2020,2,23,-1.5,,-5.2,,2.2,,0.2,,,,,,57,,24,,44,,0,,19.5,,62,,100,
-52.78333888888889,47.513355555555556,ST JOHNS WEST CLIMATE,8403603,8403603.2020.2.24,2020-02-24 00:00:00,NL,2020,2,24,-2.5,,-8.6,,3.6,,0,,,,,,57,,,,,,0,,20.5,,48,,100,
-52.78333888888889,47.513355555555556,ST JOHNS WEST CLIMATE,8403603,8403603.2020.2.25,2020-02-25 00:00:00,NL,2020,2,25,1.7,,-2,,5.4,,0,,,,,,56,,,,,,0,,16.3,,60,,100,
-52.78333888888889,47.513355555555556,ST JOHNS WEST CLIMATE,8403603,8403603.2020.2.26,2020-02-26 00:00:00,NL,2020,2,26,-0.3,,-3.3,,2.7,,0.9,,,,,,55,,,,,,0,,18.3,,75,,100,
-52.78333888888889,47.513355555555556,ST JOHNS WEST CLIMATE,8403603,8403603.2020.2.27,2020-02-27 00:00:00,NL,2020,2,27,-5.3,,-7.4,,-3.2,,0,,,,,,55,,9,,43,,0,,23.3,,71,,100,
-52.78333888888889,47.513355555555556,ST JOHNS WEST CLIMATE,8403603,8403603.2020.2.28,2020-02-28 00:00:00,NL,2020,2,28,-1.8,,-4.9,,1.4,,5.9,,,,,,58,,11,,64,,0,,19.8,,69,,100,
-52.78333888888889,47.513355555555556,ST JOHNS WEST CLIMATE,8403603,8403603.2020.2.29,2020-02-29 00:00:00,NL,2020,2,29,-5.6,,-11.9,,0.7,,0.2,,,,,,55,,29,,31,,0,,23.6,,42,,100,
-52.78333888888889,47.513355555555556,ST JOHNS WEST CLIMATE,8403603,8403603.2020.3.1,2020-03-01 00:00:00,NL,2020,3,1,-7.2,,-13,,-1.4,,7.8,,,,,,56,,5,,50,,0,,25.2,,69,,100,
-52.78333888888889,47.513355555555556,ST JOHNS WEST CLIMATE,8403603,8403603.2020.3.2,2020-03-02 00:00:00,NL,2020,3,2,-6.6,,-11.5,,-1.8,,3.8,,,,,,61,,3,,52,,0,,24.6,,93,,100,
-52.78333888888889,47.513355555555556,ST JOHNS WEST CLIMATE,8403603,8403603.2020.3.3,2020-03-03 00:00:00,NL,2020,3,3,-5.9,,-15.1,,3.3,,2.2,,,,,,59,,19,,41,,0,,23.9,,83,,100,
-52.78333888888889,47.513355555555556,ST JOHNS WEST CLIMATE,8403603,8403603.2020.3.4,2020-03-04 00:00:00,NL,2020,3,4,4.3,,1.1,,7.5,,20.2,,,,,,55,,21,,61,,0,,13.7,,94,,100,
-52.78333888888889,47.513355555555556,ST JOHNS WEST CLIMATE,8403603,8403603.2020.3.5,2020-03-05 00:00:00,NL,2020,3,5,0.5,,-1.6,,2.5,,0.9,,,,,,51,,23,,67,,0,,17.5,,65,,99,
-52.78333888888889,47.513355555555556,ST JOHNS WEST CLIMATE,8403603,8403603.2020.3.6,2020-03-06 00:00:00,NL,2020,3,6,-3.3,,-7.2,,0.5,,0,,,,,,50,,28,,60,,0,,21.3,,57,,81,
-52.78333888888889,47.513355555555556,ST JOHNS WEST CLIMATE,8403603,8403603.2020.3.7,2020-03-07 00:00:00,NL,2020,3,7,-7,,-10.9,,-3.1,,8.7,,,,,,50,,2,,48,,0,,25,,71,,100,
-52.78333888888889,47.513355555555556,ST JOHNS WEST CLIMATE,8403603,8403603.2020.3.8,2020-03-08 00:00:00,NL,2020,3,8,-4.6,,-8.7,,-0.6,,2.8,,,,,,49,,1,,61,,0,,22.6,,67,,100,
-52.78333888888889,47.513355555555556,ST JOHNS WEST CLIMATE,8403603,8403603.2020.3.9,2020-03-09 00:00:00,NL,2020,3,9,-8.8,,-14,,-3.6,,0.2,,,,,,61,,30,,46,,0,,26.8,,45,,84,
-52.78333888888889,47.513355555555556,ST JOHNS WEST CLIMATE,8403603,8403603.2020.3.10,2020-03-10 00:00:00,NL,2020,3,10,-9.6,,-14.2,,-5,,0.2,,,,,,61,,,,,,0,,27.6,,37,,100,
-52.78333888888889,47.513355555555556,ST JOHNS WEST CLIMATE,8403603,8403603.2020.3.11,2020-03-11 00:00:00,NL,2020,3,11,-0.1,,-5,,4.8,,1.8,,,,,,62,,26,,40,,0,,18.1,,97,,100,
-52.78333888888889,47.513355555555556,ST JOHNS WEST CLIMATE,8403603,8403603.2020.3.12,2020-03-12 00:00:00,NL,2020,3,12,-3.8,,-5.8,,-1.8,,0,,,,,,57,,,,,,0,,21.8,,70,,100,
-52.78333888888889,47.513355555555556,ST JOHNS WEST CLIMATE,8403603,8403603.2020.3.13,2020-03-13 00:00:00,NL,2020,3,13,-5.4,,-8.8,,-1.9,,0,,,,,,57,,16,,34,,0,,23.4,,44,,85,
-52.78333888888889,47.513355555555556,ST JOHNS WEST CLIMATE,8403603,8403603.2020.3.14,2020-03-14 00:00:00,NL,2020,3,14,0.6,,-3.4,,4.6,,10.7,,,,,,57,,15,,67,,0,,17.4,,70,,100,
-52.78333888888889,47.513355555555556,ST JOHNS WEST CLIMATE,8403603,8403603.2020.3.15,2020-03-15 00:00:00,NL,2020,3,15,-3.5,,-6.9,,-0.1,,0.2,,,,,,55,,25,,54,,0,,21.5,,51,,86,
-52.78333888888889,47.513355555555556,ST JOHNS WEST CLIMATE,8403603,8403603.2020.3.16,2020-03-16 00:00:00,NL,2020,3,16,-9,,-14.3,,-3.7,,0.2,,,,,,54,,31,,31,,0,,27,,40,,90,
-52.78333888888889,47.513355555555556,ST JOHNS WEST CLIMATE,8403603,8403603.2020.3.17,2020-03-17 00:00:00,NL,2020,3,17,-8.1,,-15.5,,-0.6,,0,,,,,,54,,15,,38,,0,,26.1,,38,,93,
-52.78333888888889,47.513355555555556,ST JOHNS WEST CLIMATE,8403603,8403603.2020.3.18,2020-03-18 00:00:00,NL,2020,3,18,0.4,,-4.2,,4.9,,7.5,,,,,,54,,21,,58,,0,,17.6,,61,,100,
-52.78333888888889,47.513355555555556,ST JOHNS WEST CLIMATE,8403603,8403603.2020.3.19,2020-03-19 00:00:00,NL,2020,3,19,-4.7,,-9,,-0.3,,0,,,,,,52,,30,,33,,0,,22.7,,48,,84,
-52.78333888888889,47.513355555555556,ST JOHNS WEST CLIMATE,8403603,8403603.2020.3.20,2020-03-20 00:00:00,NL,2020,3,20,-1.8,,-9,,5.4,,13.3,,,,,,51,,18,,74,,0,,19.8,,62,,100,
-52.78333888888889,47.513355555555556,ST JOHNS WEST CLIMATE,8403603,8403603.2020.3.21,2020-03-21 00:00:00,NL,2020,3,21,1.1,,-5.1,,7.2,,4.9,,,,,,47,,24,,78,,0,,16.9,,52,,100,
-52.78333888888889,47.513355555555556,ST JOHNS WEST CLIMATE,8403603,8403603.2020.3.22,2020-03-22 00:00:00,NL,2020,3,22,-5.7,,-7.3,,-4.1,,0,,,,,,41,,29,,42,,0,,23.7,,49,,79,
-52.78333888888889,47.513355555555556,ST JOHNS WEST CLIMATE,8403603,8403603.2020.3.23,2020-03-23 00:00:00,NL,2020,3,23,-4.5,,-9.5,,0.4,,0,,,,,,43,,28,,44,,0,,22.5,,36,,82,
-52.78333888888889,47.513355555555556,ST JOHNS WEST CLIMATE,8403603,8403603.2020.3.24,2020-03-24 00:00:00,NL,2020,3,24,-4.5,,-9.7,,0.6,,13.5,,,,,,42,,11,,62,,0,,22.5,,61,,100,
-52.78333888888889,47.513355555555556,ST JOHNS WEST CLIMATE,8403603,8403603.2020.3.25,2020-03-25 00:00:00,NL,2020,3,25,-1.3,,-3.3,,0.6,,5.9,,,,,,45,,31,,69,,0,,19.3,,82,,100,
-52.78333888888889,47.513355555555556,ST JOHNS WEST CLIMATE,8403603,8403603.2020.3.26,2020-03-26 00:00:00,NL,2020,3,26,-1.7,,-4.5,,1.1,,0,,,,,,45,,12,,33,,0,,19.7,,67,,100,
-52.78333888888889,47.513355555555556,ST JOHNS WEST CLIMATE,8403603,8403603.2020.3.27,2020-03-27 00:00:00,NL,2020,3,27,1.7,,-0.8,,4.3,,31.4,,,,,,45,,22,,55,,0,,16.3,,100,,100,
-52.78333888888889,47.513355555555556,ST JOHNS WEST CLIMATE,8403603,8403603.2020.3.28,2020-03-28 00:00:00,NL,2020,3,28,1,,-0.8,,2.9,,1.7,,,,,,41,,1,,33,,0,,17,,77,,100,
-52.78333888888889,47.513355555555556,ST JOHNS WEST CLIMATE,8403603,8403603.2020.3.29,2020-03-29 00:00:00,NL,2020,3,29,-0.9,,-2.1,,0.2,,6.5,,,,,,40,,1,,53,,0,,18.9,,90,,100,
-52.78333888888889,47.513355555555556,ST JOHNS WEST CLIMATE,8403603,8403603.2020.3.30,2020-03-30 00:00:00,NL,2020,3,30,-0.2,,-1.2,,0.8,,3.5,,,,,,41,,1,,46,,0,,18.2,,100,,100,
-52.78333888888889,47.513355555555556,ST JOHNS WEST CLIMATE,8403603,8403603.2020.3.31,2020-03-31 00:00:00,NL,2020,3,31,1.7,,-1.2,,4.7,,4.2,,,,,,41,,,,,,0,,16.3,,87,,100,
-52.78333888888889,47.513355555555556,ST JOHNS WEST CLIMATE,8403603,8403603.2020.4.1,2020-04-01 00:00:00,NL,2020,4,1,3.4,,0.4,,6.3,,0,,,,,,35,,11,,39,,0,,14.6,,98,,100,
-52.78333888888889,47.513355555555556,ST JOHNS WEST CLIMATE,8403603,8403603.2020.4.2,2020-04-02 00:00:00,NL,2020,4,2,2.3,,0.4,,4.1,,0.5,,,,,,32,,8,,34,,0,,15.7,,100,,100,
-52.78333888888889,47.513355555555556,ST JOHNS WEST CLIMATE,8403603,8403603.2020.4.3,2020-04-03 00:00:00,NL,2020,4,3,0.4,,-1.4,,2.2,,0.5,,,,,,24,,4,,43,,0,,17.6,,85,,100,
-52.78333888888889,47.513355555555556,ST JOHNS WEST CLIMATE,8403603,8403603.2020.4.4,2020-04-04 00:00:00,NL,2020,4,4,-1.3,,-3.3,,0.7,,0,,,,,,22,,4,,31,,0,,19.3,,71,,97,
-52.78333888888889,47.513355555555556,ST JOHNS WEST CLIMATE,8403603,8403603.2020.4.5,2020-04-05 00:00:00,NL,2020,4,5,-3.2,,-5.8,,-0.7,,0,,,,,,21,,,,,,0,,21.2,,63,,100,
-52.78333888888889,47.513355555555556,ST JOHNS WEST CLIMATE,8403603,8403603.2020.4.6,2020-04-06 00:00:00,NL,2020,4,6,-1.5,,-4.3,,1.4,,0,,,,,,21,,22,,42,,0,,19.5,,62,,100,
-52.78333888888889,47.513355555555556,ST JOHNS WEST CLIMATE,8403603,8403603.2020.4.7,2020-04-07 00:00:00,NL,2020,4,7,-0.5,,-3.9,,2.9,,0.2,,,,,,21,,23,,45,,0,,18.5,,47,,100,
-52.78333888888889,47.513355555555556,ST JOHNS WEST CLIMATE,8403603,8403603.2020.4.8,2020-04-08 00:00:00,NL,2020,4,8,-1.8,,-5.3,,1.7,,0.3,,,,,,21,,,,,,0,,19.8,,42,,100,
-52.78333888888889,47.513355555555556,ST JOHNS WEST CLIMATE,8403603,8403603.2020.4.9,2020-04-09 00:00:00,NL,2020,4,9,-1.2,,-5.5,,3.1,,0,,,,,,21,,,,,,0,,19.2,,39,,100,
-52.78333888888889,47.513355555555556,ST JOHNS WEST CLIMATE,8403603,8403603.2020.4.10,2020-04-10 00:00:00,NL,2020,4,10,-1.2,,-6.4,,4,,17.9,,,,,,20,,12,,58,,0,,19.2,,81,,100,
-52.78333888888889,47.513355555555556,ST JOHNS WEST CLIMATE,8403603,8403603.2020.4.11,2020-04-11 00:00:00,NL,2020,4,11,3.7,,-0.2,,7.7,,0,,,,,,17,,23,,48,,0,,14.3,,56,,100,
-52.78333888888889,47.513355555555556,ST JOHNS WEST CLIMATE,8403603,8403603.2020.4.12,2020-04-12 00:00:00,NL,2020,4,12,2.5,,-2.1,,7.1,,0,,,,,,13,,25,,38,,0,,15.5,,43,,100,
-52.78333888888889,47.513355555555556,ST JOHNS WEST CLIMATE,8403603,8403603.2020.4.13,2020-04-13 00:00:00,NL,2020,4,13,3.1,,-2.3,,8.4,,0,,,,,,8,,29,,33,,0,,14.9,,39,,87,
-52.78333888888889,47.513355555555556,ST JOHNS WEST CLIMATE,8403603,8403603.2020.4.14,2020-04-14 00:00:00,NL,2020,4,14,5,,0.9,,9.1,,4.1,,,,,,,,24,,51,,0,,13,,73,,100,
-52.78333888888889,47.513355555555556,ST JOHNS WEST CLIMATE,8403603,8403603.2020.4.15,2020-04-15 00:00:00,NL,2020,4,15,4.8,,0.9,,8.8,,21.9,,,,,,,,28,,34,,0,,13.2,,45,,100,
-52.78333888888889,47.513355555555556,ST JOHNS WEST CLIMATE,8403603,8403603.2020.4.16,2020-04-16 00:00:00,NL,2020,4,16,1.8,,-2.9,,6.4,,0.8,,,,,,,,28,,50,,0,,16.2,,53,,100,
-52.78333888888889,47.513355555555556,ST JOHNS WEST CLIMATE,8403603,8403603.2020.4.17,2020-04-17 00:00:00,NL,2020,4,17,0.3,,-3.3,,4,,0,,,,,,,,25,,37,,0,,17.7,,37,,85,
-52.78333888888889,47.513355555555556,ST JOHNS WEST CLIMATE,8403603,8403603.2020.4.18,2020-04-18 00:00:00,NL,2020,4,18,0,,-4.4,,4.4,,0,,,,,,,,27,,42,,0,,18,,39,,96,
-52.78333888888889,47.513355555555556,ST JOHNS WEST CLIMATE,8403603,8403603.2020.4.19,2020-04-19 00:00:00,NL,2020,4,19,-0.7,,-3.7,,2.3,,27.7,,,,,,,,10,,80,,0,,18.7,,100,,100,
-52.78333888888889,47.513355555555556,ST JOHNS WEST CLIMATE,8403603,8403603.2020.4.20,2020-04-20 00:00:00,NL,2020,4,20,,M,,M,,M,,M,,,,,3,,,M,,M,,M,,M,,M,,M
-52.78333888888889,47.513355555555556,ST JOHNS WEST CLIMATE,8403603,8403603.2020.4.21,2020-04-21 00:00:00,NL,2020,4,21,-0.1,,-2.3,,2.1,,7.7,,,,,,,,1,,44,,0,,18.1,,81,,100,
-52.78333888888889,47.513355555555556,ST JOHNS WEST CLIMATE,8403603,8403603.2020.4.22,2020-04-22 00:00:00,NL,2020,4,22,2.1,,-3.3,,7.5,,2.1,,,,,,0,,15,,49,,0,,15.9,,46,,100,
-52.78333888888889,47.513355555555556,ST JOHNS WEST CLIMATE,8403603,8403603.2020.4.23,2020-04-23 00:00:00,NL,2020,4,23,2.8,,-0.5,,6.2,,2.6,,,,,,,,23,,55,,0,,15.2,,47,,100,
-52.78333888888889,47.513355555555556,ST JOHNS WEST CLIMATE,8403603,8403603.2020.4.24,2020-04-24 00:00:00,NL,2020,4,24,3.1,,-1.2,,7.5,,0.6,,,,,,,,23,,57,,0,,14.9,,40,,100,
-52.78333888888889,47.513355555555556,ST JOHNS WEST CLIMATE,8403603,8403603.2020.4.25,2020-04-25 00:00:00,NL,2020,4,25,1.9,,-1,,4.8,,17.4,,,,,,3,,32,,44,,0,,16.1,,69,,100,
-52.78333888888889,47.513355555555556,ST JOHNS WEST CLIMATE,8403603,8403603.2020.4.26,2020-04-26 00:00:00,NL,2020,4,26,4,,-1.7,,9.6,,0,,,,,,0,,24,,39,,0,,14,,37,,82,
-52.78333888888889,47.513355555555556,ST JOHNS WEST CLIMATE,8403603,8403603.2020.4.27,2020-04-27 00:00:00,NL,2020,4,27,3.2,,-1,,7.4,,0,,,,,,,,,,,,0,,14.8,,29,,93,
-52.78333888888889,47.513355555555556,ST JOHNS WEST CLIMATE,8403603,8403603.2020.4.28,2020-04-28 00:00:00,NL,2020,4,28,0.8,,-0.7,,2.3,,0,,,,,,0,,1,,51,,0,,17.2,,70,,100,
-52.78333888888889,47.513355555555556,ST JOHNS WEST CLIMATE,8403603,8403603.2020.4.29,2020-04-29 00:00:00,NL,2020,4,29,1.9,,-0.6,,4.3,,0,,,,,,0,,2,,57,,0,,16.1,,63,,100,
-52.78333888888889,47.513355555555556,ST JOHNS WEST CLIMATE,8403603,8403603.2020.4.30,2020-04-30 00:00:00,NL,2020,4,30,2.8,,-2.1,,7.7,,0,,,,,,0,,34,,45,,0,,15.2,,45,,100,
-52.78333888888889,47.513355555555556,ST JOHNS WEST CLIMATE,8403603,8403603.2020.5.1,2020-05-01 00:00:00,NL,2020,5,1,8.1,,-0.7,,17,,0,,,,,,,,28,,36,,0,,9.9,,11,,67,
-52.78333888888889,47.513355555555556,ST JOHNS WEST CLIMATE,8403603,8403603.2020.5.2,2020-05-02 00:00:00,NL,2020,5,2,9.8,,3.5,,16.2,,2.7,,,,,,,,18,,51,,0,,8.2,,54,,100,
-52.78333888888889,47.513355555555556,ST JOHNS WEST CLIMATE,8403603,8403603.2020.5.3,2020-05-03 00:00:00,NL,2020,5,3,4.1,,1,,7.2,,15,,,,,,,,19,,44,,0,,13.9,,100,,100,
-52.78333888888889,47.513355555555556,ST JOHNS WEST CLIMATE,8403603,8403603.2020.5.4,2020-05-04 00:00:00,NL,2020,5,4,3.1,,-0.1,,6.3,,0.2,,,,,,,,28,,38,,0,,14.9,,65,,100,
-52.78333888888889,47.513355555555556,ST JOHNS WEST CLIMATE,8403603,8403603.2020.5.5,2020-05-05 00:00:00,NL,2020,5,5,3,,0.9,,5.2,,29.8,,,,,,,,14,,59,,0,,15,,100,,100,
-52.78333888888889,47.513355555555556,ST JOHNS WEST CLIMATE,8403603,8403603.2020.5.6,2020-05-06 00:00:00,NL,2020,5,6,3.8,,0.9,,6.6,,0.3,,,,,,,,23,,35,,0,,14.2,,75,,100,
-52.78333888888889,47.513355555555556,ST JOHNS WEST CLIMATE,8403603,8403603.2020.5.7,2020-05-07 00:00:00,NL,2020,5,7,5.1,,0.6,,9.7,,9.4,,,,,,,,9,,47,,0,,12.9,,57,,100,
-52.78333888888889,47.513355555555556,ST JOHNS WEST CLIMATE,8403603,8403603.2020.5.8,2020-05-08 00:00:00,NL,2020,5,8,4.8,,0.8,,8.9,,0.3,,,,,,,,29,,55,,0,,13.2,,69,,100,
-52.78333888888889,47.513355555555556,ST JOHNS WEST CLIMATE,8403603,8403603.2020.5.9,2020-05-09 00:00:00,NL,2020,5,9,8.6,,3.3,,13.9,,16,,,,,,,,18,,65,,0,,9.4,,33,,100,
-52.78333888888889,47.513355555555556,ST JOHNS WEST CLIMATE,8403603,8403603.2020.5.10,2020-05-10 00:00:00,NL,2020,5,10,4.7,,1.4,,8,,0.4,,,,,,,,23,,77,,0,,13.3,,49,,93,
-52.78333888888889,47.513355555555556,ST JOHNS WEST CLIMATE,8403603,8403603.2020.5.11,2020-05-11 00:00:00,NL,2020,5,11,4.4,,-1.1,,10,,0,,,,,,,,21,,49,,0,,13.6,,45,,98,
-52.78333888888889,47.513355555555556,ST JOHNS WEST CLIMATE,8403603,8403603.2020.5.12,2020-05-12 00:00:00,NL,2020,5,12,3.5,,-1.8,,8.7,,24.8,,,,,,,,18,,45,,0,,14.5,,71,,97,
-52.78333888888889,47.513355555555556,ST JOHNS WEST CLIMATE,8403603,8403603.2020.5.13,2020-05-13 00:00:00,NL,2020,5,13,,M,,M,,M,,M,,,,,,,,M,,M,,M,,M,,M,,M
-52.78333888888889,47.513355555555556,ST JOHNS WEST CLIMATE,8403603,8403603.2020.5.14,2020-05-14 00:00:00,NL,2020,5,14,4.1,,0.4,,7.9,,0,,,,,,,,23,,61,,0,,13.9,,39,,95,
-52.78333888888889,47.513355555555556,ST JOHNS WEST CLIMATE,8403603,8403603.2020.5.15,2020-05-15 00:00:00,NL,2020,5,15,4.1,,0.8,,7.3,,0.3,,,,,,,,30,,47,,0,,13.9,,57,,93,
-52.78333888888889,47.513355555555556,ST JOHNS WEST CLIMATE,8403603,8403603.2020.5.16,2020-05-16 00:00:00,NL,2020,5,16,3.4,,-0.9,,7.6,,0,,,,,,,,,,,,0,,14.6,,60,,93,
-52.78333888888889,47.513355555555556,ST JOHNS WEST CLIMATE,8403603,8403603.2020.5.17,2020-05-17 00:00:00,NL,2020,5,17,4.3,,0.7,,7.9,,0,,,,,,,,,,,,0,,13.7,,57,,95,
-52.78333888888889,47.513355555555556,ST JOHNS WEST CLIMATE,8403603,8403603.2020.5.18,2020-05-18 00:00:00,NL,2020,5,18,3.5,,-0.7,,7.7,,0,,,,,,,,,,,,0,,14.5,,54,,95,
-52.78333888888889,47.513355555555556,ST JOHNS WEST CLIMATE,8403603,8403603.2020.5.19,2020-05-19 00:00:00,NL,2020,5,19,1.3,,-1.1,,3.7,,1.1,,,,,,,,,,,,0,,16.7,,75,,95,
-52.78333888888889,47.513355555555556,ST JOHNS WEST CLIMATE,8403603,8403603.2020.5.20,2020-05-20 00:00:00,NL,2020,5,20,4.7,,-1.1,,10.5,,0,,,,,,,,,,,,0,,13.3,,42,,90,
-52.78333888888889,47.513355555555556,ST JOHNS WEST CLIMATE,8403603,8403603.2020.5.21,2020-05-21 00:00:00,NL,2020,5,21,11.1,,5.2,,17,,0,,,,,,,,26,,58,,0,,6.9,,32,,65,
-52.78333888888889,47.513355555555556,ST JOHNS WEST CLIMATE,8403603,8403603.2020.5.22,2020-05-22 00:00:00,NL,2020,5,22,7.8,,0,,15.7,,0.4,,,,,,,,25,,58,,0,,10.2,,47,,81,
-52.78333888888889,47.513355555555556,ST JOHNS WEST CLIMATE,8403603,8403603.2020.5.23,2020-05-23 00:00:00,NL,2020,5,23,3.6,,0,,7.3,,0,,,,,,,,28,,60,,0,,14.4,,38,,65,
-52.78333888888889,47.513355555555556,ST JOHNS WEST CLIMATE,8403603,8403603.2020.5.24,2020-05-24 00:00:00,NL,2020,5,24,6,,0.9,,11,,0,,,,,,,,32,,39,,0,,12,,41,,85,
-52.78333888888889,47.513355555555556,ST JOHNS WEST CLIMATE,8403603,8403603.2020.5.25,2020-05-25 00:00:00,NL,2020,5,25,9,,0.6,,17.4,,0,,,,,,,,29,,41,,0,,9,,21,,98,
-52.78333888888889,47.513355555555556,ST JOHNS WEST CLIMATE,8403603,8403603.2020.5.26,2020-05-26 00:00:00,NL,2020,5,26,,M,,M,,M,,M,,,,,,,,M,,M,,M,,M,,M,,M
-52.78333888888889,47.513355555555556,ST JOHNS WEST CLIMATE,8403603,8403603.2020.5.27,2020-05-27 00:00:00,NL,2020,5,27,5.6,,0.3,,11,,0.7,,,,,,,,5,,33,,0,,12.4,,56,,96,
-52.78333888888889,47.513355555555556,ST JOHNS WEST CLIMATE,8403603,8403603.2020.5.28,2020-05-28 00:00:00,NL,2020,5,28,,M,,M,,M,,M,,,,,,,,M,,M,,M,,M,,M,,M
-52.78333888888889,47.513355555555556,ST JOHNS WEST CLIMATE,8403603,8403603.2020.5.29,2020-05-29 00:00:00,NL,2020,5,29,18.1,,9.7,,26.6,,0,,,,,,,,25,,50,,0.1,,0,,52,,100,
-52.78333888888889,47.513355555555556,ST JOHNS WEST CLIMATE,8403603,8403603.2020.5.30,2020-05-30 00:00:00,NL,2020,5,30,17.8,,12.4,,23.3,,0,,,,,,,,25,,66,,0,,0.2,,66,,100,
-52.78333888888889,47.513355555555556,ST JOHNS WEST CLIMATE,8403603,8403603.2020.5.31,2020-05-31 00:00:00,NL,2020,5,31,17.7,,13,,22.3,,0,,,,,,,,22,,57,,0,,0.3,,65,,100,
-52.78333888888889,47.513355555555556,ST JOHNS WEST CLIMATE,8403603,8403603.2020.6.1,2020-06-01 00:00:00,NL,2020,6,1,14.1,,8.9,,19.3,,1.8,,,,,,,,20,,46,,0,,3.9,,76,,100,
-52.78333888888889,47.513355555555556,ST JOHNS WEST CLIMATE,8403603,8403603.2020.6.2,2020-06-02 00:00:00,NL,2020,6,2,9.4,,7.5,,11.3,,28,,,,,,,,12,,59,,0,,8.6,,96,,97,
-52.78333888888889,47.513355555555556,ST JOHNS WEST CLIMATE,8403603,8403603.2020.6.3,2020-06-03 00:00:00,NL,2020,6,3,10,,6.8,,13.2,,8.5,,,,,,,,23,,54,,0,,8,,53,,98,
-52.78333888888889,47.513355555555556,ST JOHNS WEST CLIMATE,8403603,8403603.2020.6.4,2020-06-04 00:00:00,NL,2020,6,4,11.5,,9,,14,,34.8,,,,,,,,18,,56,,0,,6.5,,,M,,M
-52.78333888888889,47.513355555555556,ST JOHNS WEST CLIMATE,8403603,8403603.2020.6.5,2020-06-05 00:00:00,NL,2020,6,5,15.6,,8.5,,22.6,,0,,,,,,,,23,,39,,0,,2.4,,48,,100,
-52.78333888888889,47.513355555555556,ST JOHNS WEST CLIMATE,8403603,8403603.2020.6.6,2020-06-06 00:00:00,NL,2020,6,6,17.6,,12,,23.1,,2.9,,,,,,,,25,,40,,0,,0.4,,60,,100,
-52.78333888888889,47.513355555555556,ST JOHNS WEST CLIMATE,8403603,8403603.2020.6.7,2020-06-07 00:00:00,NL,2020,6,7,12.2,,10.3,,14,,36.2,,,,,,,,,,,,0,,5.8,,95,,97,
-52.78333888888889,47.513355555555556,ST JOHNS WEST CLIMATE,8403603,8403603.2020.6.8,2020-06-08 00:00:00,NL,2020,6,8,12.5,,7.1,,17.9,,1.5,,,,,,,,22,,39,,0,,5.5,,,M,,M
-52.78333888888889,47.513355555555556,ST JOHNS WEST CLIMATE,8403603,8403603.2020.6.9,2020-06-09 00:00:00,NL,2020,6,9,5.8,,2,,9.5,,0.4,,,,,,,,31,,31,,0,,12.2,,69,,99,
-52.78333888888889,47.513355555555556,ST JOHNS WEST CLIMATE,8403603,8403603.2020.6.10,2020-06-10 00:00:00,NL,2020,6,10,,M,,M,,M,,M,,,,,,,,M,,M,,M,,M,,M,,M
-52.78333888888889,47.513355555555556,ST JOHNS WEST CLIMATE,8403603,8403603.2020.6.11,2020-06-11 00:00:00,NL,2020,6,11,,M,,M,,M,,M,,,,,,,,M,,M,,M,,M,,M,,M
-52.78333888888889,47.513355555555556,ST JOHNS WEST CLIMATE,8403603,8403603.2020.6.12,2020-06-12 00:00:00,NL,2020,6,12,,M,,M,,M,,M,,,,,,,,M,,M,,M,,M,,M,,M
-52.78333888888889,47.513355555555556,ST JOHNS WEST CLIMATE,8403603,8403603.2020.6.13,2020-06-13 00:00:00,NL,2020,6,13,17.9,,12.5,,23.4,,0,,,,,,,,21,,46,,0,,0.1,,,M,,M
-52.78333888888889,47.513355555555556,ST JOHNS WEST CLIMATE,8403603,8403603.2020.6.14,2020-06-14 00:00:00,NL,2020,6,14,12,,6,,18.1,,21.8,,,,,,,,,,,,0,,6,,96,,99,
-52.78333888888889,47.513355555555556,ST JOHNS WEST CLIMATE,8403603,8403603.2020.6.15,2020-06-15 00:00:00,NL,2020,6,15,8.8,,5.9,,11.7,,13.1,,,,,,,,,,,,0,,9.2,,,M,,M
-52.78333888888889,47.513355555555556,ST JOHNS WEST CLIMATE,8403603,8403603.2020.6.16,2020-06-16 00:00:00,NL,2020,6,16,16,,10.2,,21.8,,3.1,,,,,,,,30,,36,,0,,2,,,M,,M
-52.78333888888889,47.513355555555556,ST JOHNS WEST CLIMATE,8403603,8403603.2020.6.17,2020-06-17 00:00:00,NL,2020,6,17,17.7,,11.3,,24,,0,,,,,,,,25,,46,,0,,0.3,,30,,62,
-52.78333888888889,47.513355555555556,ST JOHNS WEST CLIMATE,8403603,8403603.2020.6.18,2020-06-18 00:00:00,NL,2020,6,18,18.6,,14.6,,22.6,,0,,,,,,,,26,,36,,0.6,,0,,52,,80,
-52.78333888888889,47.513355555555556,ST JOHNS WEST CLIMATE,8403603,8403603.2020.6.19,2020-06-19 00:00:00,NL,2020,6,19,12.2,,6.1,,18.2,,0,,,,,,,,,,,,0,,5.8,,69,,98,
-52.78333888888889,47.513355555555556,ST JOHNS WEST CLIMATE,8403603,8403603.2020.6.20,2020-06-20 00:00:00,NL,2020,6,20,4.6,,0.5,,8.7,,0.5,,,,,,,,,,,,0,,13.4,,79,,98,
-52.78333888888889,47.513355555555556,ST JOHNS WEST CLIMATE,8403603,8403603.2020.6.21,2020-06-21 00:00:00,NL,2020,6,21,7,,0.4,,13.6,,0,,,,,,,,,,,,0,,11,,48,,97,
-52.78333888888889,47.513355555555556,ST JOHNS WEST CLIMATE,8403603,8403603.2020.6.22,2020-06-22 00:00:00,NL,2020,6,22,10.8,,4.3,,17.4,,0,,,,,,,,24,,33,,0,,7.2,,42,,98,
-52.78333888888889,47.513355555555556,ST JOHNS WEST CLIMATE,8403603,8403603.2020.6.23,2020-06-23 00:00:00,NL,2020,6,23,21.5,,16.5,,26.6,,0,,,,,,,,25,,39,,3.5,,0,,61,,99,
-52.78333888888889,47.513355555555556,ST JOHNS WEST CLIMATE,8403603,8403603.2020.6.24,2020-06-24 00:00:00,NL,2020,6,24,22.2,,17.8,,26.5,,0,,,,,,,,23,,37,,4.2,,0,,65,,98,
-52.78333888888889,47.513355555555556,ST JOHNS WEST CLIMATE,8403603,8403603.2020.6.25,2020-06-25 00:00:00,NL,2020,6,25,21.3,,16,,26.6,,0.2,,,,,,,,29,,36,,3.3,,0,,60,,98,
-52.78333888888889,47.513355555555556,ST JOHNS WEST CLIMATE,8403603,8403603.2020.6.26,2020-06-26 00:00:00,NL,2020,6,26,20.2,,14.5,,25.8,,0,,,,,,,,24,,42,,2.2,,0,,48,,97,
-52.78333888888889,47.513355555555556,ST JOHNS WEST CLIMATE,8403603,8403603.2020.6.27,2020-06-27 00:00:00,NL,2020,6,27,14.1,,9.4,,18.7,,3,,,,,,,,2,,42,,0,,3.9,,78,,97,
-52.78333888888889,47.513355555555556,ST JOHNS WEST CLIMATE,8403603,8403603.2020.6.28,2020-06-28 00:00:00,NL,2020,6,28,14,,9.2,,18.9,,0.2,,,,,,,,,,,,0,,4,,84,,100,
-52.78333888888889,47.513355555555556,ST JOHNS WEST CLIMATE,8403603,8403603.2020.6.29,2020-06-29 00:00:00,NL,2020,6,29,16.9,,13.6,,20.2,,11.1,,,,,,,,,,,,0,,1.1,,,M,,M
-52.78333888888889,47.513355555555556,ST JOHNS WEST CLIMATE,8403603,8403603.2020.6.30,2020-06-30 00:00:00,NL,2020,6,30,18.6,,13.7,,23.5,,0.2,,,,,,,,25,,33,,0.6,,0,,,M,,M
-52.78333888888889,47.513355555555556,ST JOHNS WEST CLIMATE,8403603,8403603.2020.7.1,2020-07-01 00:00:00,NL,2020,7,1,22.1,,17.7,,26.5,,2.2,,,,,,,,24,,48,,4.1,,0,,,M,,M
-52.78333888888889,47.513355555555556,ST JOHNS WEST CLIMATE,8403603,8403603.2020.7.2,2020-07-02 00:00:00,NL,2020,7,2,13.9,,9.4,,18.5,,0,,,,,,,,1,,32,,0,,4.1,,,M,,M
-52.78333888888889,47.513355555555556,ST JOHNS WEST CLIMATE,8403603,8403603.2020.7.3,2020-07-03 00:00:00,NL,2020,7,3,8.4,,7.1,,9.7,,2.1,,,,,,,,3,,37,,0,,9.6,,,M,,M
-52.78333888888889,47.513355555555556,ST JOHNS WEST CLIMATE,8403603,8403603.2020.7.4,2020-07-04 00:00:00,NL,2020,7,4,8.2,,6.3,,10.2,,0,,,,,,,,,,,,0,,9.8,,76,,99,
-52.78333888888889,47.513355555555556,ST JOHNS WEST CLIMATE,8403603,8403603.2020.7.5,2020-07-05 00:00:00,NL,2020,7,5,10,,8.3,,11.7,,0,,,,,,,,,,,,0,,8,,,M,,M
-52.78333888888889,47.513355555555556,ST JOHNS WEST CLIMATE,8403603,8403603.2020.7.6,2020-07-06 00:00:00,NL,2020,7,6,8.2,,3.5,,12.8,,0,,,,,,,,,,,,0,,9.8,,,M,,M
-52.78333888888889,47.513355555555556,ST JOHNS WEST CLIMATE,8403603,8403603.2020.7.7,2020-07-07 00:00:00,NL,2020,7,7,9.2,,3.7,,14.7,,0,,,,,,,,,,,,0,,8.8,,67,,97,
-52.78333888888889,47.513355555555556,ST JOHNS WEST CLIMATE,8403603,8403603.2020.7.8,2020-07-08 00:00:00,NL,2020,7,8,12.1,,7.1,,17.1,,0,,,,,,,,,,,,0,,5.9,,70,,97,
-52.78333888888889,47.513355555555556,ST JOHNS WEST CLIMATE,8403603,8403603.2020.7.9,2020-07-09 00:00:00,NL,2020,7,9,13.5,,9.2,,17.8,,0,,,,,,,,,,,,0,,4.5,,65,,94,
-52.78333888888889,47.513355555555556,ST JOHNS WEST CLIMATE,8403603,8403603.2020.7.10,2020-07-10 00:00:00,NL,2020,7,10,12,,8.7,,15.4,,0,,,,,,,,,,,,0,,6,,72,,98,
-52.78333888888889,47.513355555555556,ST JOHNS WEST CLIMATE,8403603,8403603.2020.7.11,2020-07-11 00:00:00,NL,2020,7,11,14,,8.6,,19.5,,0,,,,,,,,,,,,0,,4,,71,,97,
-52.78333888888889,47.513355555555556,ST JOHNS WEST CLIMATE,8403603,8403603.2020.7.12,2020-07-12 00:00:00,NL,2020,7,12,15.6,,11.8,,19.3,,0,,,,,,,,18,,48,,0,,2.4,,72,,98,
-52.78333888888889,47.513355555555556,ST JOHNS WEST CLIMATE,8403603,8403603.2020.7.13,2020-07-13 00:00:00,NL,2020,7,13,18.3,,12.3,,24.3,,0,,,,,,,,19,,50,,0.3,,0,,,M,,M
-52.78333888888889,47.513355555555556,ST JOHNS WEST CLIMATE,8403603,8403603.2020.7.14,2020-07-14 00:00:00,NL,2020,7,14,15.4,,9.5,,21.2,,0,,,,,,,,1,,33,,0,,2.6,,77,,100,
-52.78333888888889,47.513355555555556,ST JOHNS WEST CLIMATE,8403603,8403603.2020.7.15,2020-07-15 00:00:00,NL,2020,7,15,9.4,,8.9,,9.8,,58.6,,,,,,,,5,,49,,0,,8.6,,,M,,M
-52.78333888888889,47.513355555555556,ST JOHNS WEST CLIMATE,8403603,8403603.2020.7.16,2020-07-16 00:00:00,NL,2020,7,16,9.4,,9.1,,9.8,,21.3,,,,,,,,5,,46,,0,,8.6,,,M,,M
-52.78333888888889,47.513355555555556,ST JOHNS WEST CLIMATE,8403603,8403603.2020.7.17,2020-07-17 00:00:00,NL,2020,7,17,10.3,,9.1,,11.5,,3.7,,,,,,,,3,,42,,0,,7.7,,,M,,M
-52.78333888888889,47.513355555555556,ST JOHNS WEST CLIMATE,8403603,8403603.2020.7.18,2020-07-18 00:00:00,NL,2020,7,18,14.5,,8.5,,20.5,,0,,,,,,,,,,,,0,,3.5,,,M,,M
-52.78333888888889,47.513355555555556,ST JOHNS WEST CLIMATE,8403603,8403603.2020.7.19,2020-07-19 00:00:00,NL,2020,7,19,18,,12.6,,23.5,,0,,,,,,,,,,,,0,,0,,46,,97,
-52.78333888888889,47.513355555555556,ST JOHNS WEST CLIMATE,8403603,8403603.2020.7.20,2020-07-20 00:00:00,NL,2020,7,20,19.8,,12.9,,26.7,,0,,,,,,,,23,,46,,1.8,,0,,49,,99,
-52.78333888888889,47.513355555555556,ST JOHNS WEST CLIMATE,8403603,8403603.2020.7.21,2020-07-21 00:00:00,NL,2020,7,21,21,,16.1,,26,,0,,,,,,,,23,,46,,3,,0,,62,,100,
-52.78333888888889,47.513355555555556,ST JOHNS WEST CLIMATE,8403603,8403603.2020.7.22,2020-07-22 00:00:00,NL,2020,7,22,19.5,,14.6,,24.3,,0,,,,,,,,29,,39,,1.5,,0,,44,,90,
-52.78333888888889,47.513355555555556,ST JOHNS WEST CLIMATE,8403603,8403603.2020.7.23,2020-07-23 00:00:00,NL,2020,7,23,18.1,,11.5,,24.8,,0.4,,,,,,,,28,,35,,0.1,,0,,47,,97,
-52.78333888888889,47.513355555555556,ST JOHNS WEST CLIMATE,8403603,8403603.2020.7.24,2020-07-24 00:00:00,NL,2020,7,24,14.4,,12.1,,16.6,,18.8,,,,,,,,,,,,0,,3.6,,96,,99,
-52.78333888888889,47.513355555555556,ST JOHNS WEST CLIMATE,8403603,8403603.2020.7.25,2020-07-25 00:00:00,NL,2020,7,25,15.7,,11.6,,19.7,,0.2,,,,,,,,,,,,0,,2.3,,,M,,M
-52.78333888888889,47.513355555555556,ST JOHNS WEST CLIMATE,8403603,8403603.2020.7.26,2020-07-26 00:00:00,NL,2020,7,26,15.7,,12,,19.5,,13.3,,,,,,,,19,,33,,0,,2.3,,75,,100,
-52.78333888888889,47.513355555555556,ST JOHNS WEST CLIMATE,8403603,8403603.2020.7.27,2020-07-27 00:00:00,NL,2020,7,27,14.9,,12.9,,16.9,,0.5,,,,,,,,,,,,0,,3.1,,,M,,M
-52.78333888888889,47.513355555555556,ST JOHNS WEST CLIMATE,8403603,8403603.2020.7.28,2020-07-28 00:00:00,NL,2020,7,28,14.8,,9.5,,20.1,,0,,,,,,,,,,,,0,,3.2,,,M,,M
-52.78333888888889,47.513355555555556,ST JOHNS WEST CLIMATE,8403603,8403603.2020.7.29,2020-07-29 00:00:00,NL,2020,7,29,13.8,,10.7,,17,,0,,,,,,,,,,,,0,,4.2,,,M,,M
-52.78333888888889,47.513355555555556,ST JOHNS WEST CLIMATE,8403603,8403603.2020.7.30,2020-07-30 00:00:00,NL,2020,7,30,13.6,,11.9,,15.4,,8,,,,,,,,,,,,0,,4.4,,,M,,M
-52.78333888888889,47.513355555555556,ST JOHNS WEST CLIMATE,8403603,8403603.2020.7.31,2020-07-31 00:00:00,NL,2020,7,31,17.3,,14.3,,20.4,,0.2,,,,,,,,,,,,0,,0.7,,,M,,M
-52.78333888888889,47.513355555555556,ST JOHNS WEST CLIMATE,8403603,8403603.2020.8.1,2020-08-01 00:00:00,NL,2020,8,1,17.7,,13.8,,21.6,,0,,,,,,,,,,,,0,,0.3,,,M,,M
-52.78333888888889,47.513355555555556,ST JOHNS WEST CLIMATE,8403603,8403603.2020.8.2,2020-08-02 00:00:00,NL,2020,8,2,14.4,,11.1,,17.7,,0,,,,,,,,31,,36,,0,,3.6,,,M,,M
-52.78333888888889,47.513355555555556,ST JOHNS WEST CLIMATE,8403603,8403603.2020.8.3,2020-08-03 00:00:00,NL,2020,8,3,19.4,,10.4,,28.4,,0,,,,,,,,26,,39,,1.4,,0,,,M,,M
-52.78333888888889,47.513355555555556,ST JOHNS WEST CLIMATE,8403603,8403603.2020.8.4,2020-08-04 00:00:00,NL,2020,8,4,18.7,,11.1,,26.3,,2.4,,,,,,,,28,,42,,0.7,,0,,,M,,M
-52.78333888888889,47.513355555555556,ST JOHNS WEST CLIMATE,8403603,8403603.2020.8.5,2020-08-05 00:00:00,NL,2020,8,5,16.2,,10.9,,21.5,,0,,,,,,,,,,,,0,,1.8,,57,,99,
-52.78333888888889,47.513355555555556,ST JOHNS WEST CLIMATE,8403603,8403603.2020.8.6,2020-08-06 00:00:00,NL,2020,8,6,20.5,,13,,27.9,,0,,,,,,,,25,,40,,2.5,,0,,66,,98,
-52.78333888888889,47.513355555555556,ST JOHNS WEST CLIMATE,8403603,8403603.2020.8.7,2020-08-07 00:00:00,NL,2020,8,7,19.1,,14.5,,23.8,,0,,,,,,,,28,,52,,1.1,,0,,57,,97,
-52.78333888888889,47.513355555555556,ST JOHNS WEST CLIMATE,8403603,8403603.2020.8.8,2020-08-08 00:00:00,NL,2020,8,8,18.9,,12.8,,25,,0,,,,,,,,,,,,0.9,,0,,54,,98,
-52.78333888888889,47.513355555555556,ST JOHNS WEST CLIMATE,8403603,8403603.2020.8.9,2020-08-09 00:00:00,NL,2020,8,9,19.7,,14.9,,24.6,,6.1,,,,,,,,27,,34,,1.7,,0,,57,,99,
-52.78333888888889,47.513355555555556,ST JOHNS WEST CLIMATE,8403603,8403603.2020.8.10,2020-08-10 00:00:00,NL,2020,8,10,21.7,,15.3,,28.2,,0,,,,,,,,,,,,3.7,,0,,48,,97,
-52.78333888888889,47.513355555555556,ST JOHNS WEST CLIMATE,8403603,8403603.2020.8.11,2020-08-11 00:00:00,NL,2020,8,11,22.4,,17.4,,27.5,,0,,,,,,,,25,,36,,4.4,,0,,58,,98,
-52.78333888888889,47.513355555555556,ST JOHNS WEST CLIMATE,8403603,8403603.2020.8.12,2020-08-12 00:00:00,NL,2020,8,12,22.5,,17,,27.9,,0,,,,,,,,22,,42,,4.5,,0,,51,,98,
-52.78333888888889,47.513355555555556,ST JOHNS WEST CLIMATE,8403603,8403603.2020.8.13,2020-08-13 00:00:00,NL,2020,8,13,20.6,,16.3,,25,,4.5,,,,,,,,20,,33,,2.6,,0,,81,,99,
-52.78333888888889,47.513355555555556,ST JOHNS WEST CLIMATE,8403603,8403603.2020.8.14,2020-08-14 00:00:00,NL,2020,8,14,15.9,,11.2,,20.7,,0,,,,,,,,1,,31,,0,,2.1,,88,,100,
-52.78333888888889,47.513355555555556,ST JOHNS WEST CLIMATE,8403603,8403603.2020.8.15,2020-08-15 00:00:00,NL,2020,8,15,10.5,,4.4,,16.5,,0,,,,,,,,,,,,0,,7.5,,55,,100,
-52.78333888888889,47.513355555555556,ST JOHNS WEST CLIMATE,8403603,8403603.2020.8.16,2020-08-16 00:00:00,NL,2020,8,16,12.8,,4.2,,21.4,,0,,,,,,,,,,,,0,,5.2,,43,,100,
-52.78333888888889,47.513355555555556,ST JOHNS WEST CLIMATE,8403603,8403603.2020.8.17,2020-08-17 00:00:00,NL,2020,8,17,17.5,,9.4,,25.5,,0,,,,,,,,,,,,0,,0.5,,36,,87,
-52.78333888888889,47.513355555555556,ST JOHNS WEST CLIMATE,8403603,8403603.2020.8.18,2020-08-18 00:00:00,NL,2020,8,18,15.3,,13.1,,17.5,,7.6,,,,,,,,13,,48,,0,,2.7,,55,,97,
-52.78333888888889,47.513355555555556,ST JOHNS WEST CLIMATE,8403603,8403603.2020.8.19,2020-08-19 00:00:00,NL,2020,8,19,17.4,,13.2,,21.6,,2.5,,,,,,,,29,,50,,0,,0.6,,,M,,M
-52.78333888888889,47.513355555555556,ST JOHNS WEST CLIMATE,8403603,8403603.2020.8.20,2020-08-20 00:00:00,NL,2020,8,20,18.3,,12.8,,23.8,,0,,,,,,,,24,,38,,0.3,,0,,48,,96,
-52.78333888888889,47.513355555555556,ST JOHNS WEST CLIMATE,8403603,8403603.2020.8.21,2020-08-21 00:00:00,NL,2020,8,21,17.8,,13.9,,21.7,,0,,,,,,,,27,,50,,0,,0.2,,41,,98,
-52.78333888888889,47.513355555555556,ST JOHNS WEST CLIMATE,8403603,8403603.2020.8.22,2020-08-22 00:00:00,NL,2020,8,22,16.2,,11.6,,20.7,,0.5,,,,,,,,26,,32,,0,,1.8,,44,,98,
-52.78333888888889,47.513355555555556,ST JOHNS WEST CLIMATE,8403603,8403603.2020.8.23,2020-08-23 00:00:00,NL,2020,8,23,16.8,,12.1,,21.5,,0,,,,,,,,,,,,0,,1.2,,42,,92,
-52.78333888888889,47.513355555555556,ST JOHNS WEST CLIMATE,8403603,8403603.2020.8.24,2020-08-24 00:00:00,NL,2020,8,24,14.6,,10.6,,18.6,,16.3,,,,,,,,,,,,0,,3.4,,69,,100,
-52.78333888888889,47.513355555555556,ST JOHNS WEST CLIMATE,8403603,8403603.2020.8.25,2020-08-25 00:00:00,NL,2020,8,25,14.2,,10.7,,17.6,,0,,,,,,,,16,,36,,0,,3.8,,64,,97,
-52.78333888888889,47.513355555555556,ST JOHNS WEST CLIMATE,8403603,8403603.2020.8.26,2020-08-26 00:00:00,NL,2020,8,26,15.1,,13.2,,17.1,,41.7,,,,,,,,14,,57,,0,,2.9,,90,,99,
-52.78333888888889,47.513355555555556,ST JOHNS WEST CLIMATE,8403603,8403603.2020.8.27,2020-08-27 00:00:00,NL,2020,8,27,14.3,,9.2,,19.5,,0.2,,,,,,,,22,,39,,0,,3.7,,42,,98,
-52.78333888888889,47.513355555555556,ST JOHNS WEST CLIMATE,8403603,8403603.2020.8.28,2020-08-28 00:00:00,NL,2020,8,28,15.5,,11.3,,19.7,,1.2,,,,,,,,23,,44,,0,,2.5,,54,,98,
-52.78333888888889,47.513355555555556,ST JOHNS WEST CLIMATE,8403603,8403603.2020.8.29,2020-08-29 00:00:00,NL,2020,8,29,15.4,,11.4,,19.4,,0,,,,,,,,25,,47,,0,,2.6,,51,,92,
-52.78333888888889,47.513355555555556,ST JOHNS WEST CLIMATE,8403603,8403603.2020.8.30,2020-08-30 00:00:00,NL,2020,8,30,17.4,,12.9,,21.9,,36.9,,,,,,,,13,,48,,0,,0.6,,,M,,M
-52.78333888888889,47.513355555555556,ST JOHNS WEST CLIMATE,8403603,8403603.2020.8.31,2020-08-31 00:00:00,NL,2020,8,31,14.6,,10.6,,18.5,,0.5,,,,,,,,26,,59,,0,,3.4,,,M,,M
-52.78333888888889,47.513355555555556,ST JOHNS WEST CLIMATE,8403603,8403603.2020.9.1,2020-09-01 00:00:00,NL,2020,9,1,11.2,,6.5,,15.9,,0.3,,,,,,,,32,,34,,0,,6.8,,63,,100,
-52.78333888888889,47.513355555555556,ST JOHNS WEST CLIMATE,8403603,8403603.2020.9.2,2020-09-02 00:00:00,NL,2020,9,2,12.6,,5.6,,19.6,,0.2,,,,,,,,,,,,0,,5.4,,50,,100,
-52.78333888888889,47.513355555555556,ST JOHNS WEST CLIMATE,8403603,8403603.2020.9.3,2020-09-03 00:00:00,NL,2020,9,3,14.5,,9.2,,19.8,,0,,,,,,,,19,,41,,0,,3.5,,63,,98,
-52.78333888888889,47.513355555555556,ST JOHNS WEST CLIMATE,8403603,8403603.2020.9.4,2020-09-04 00:00:00,NL,2020,9,4,18.4,,15,,21.7,,0,,,,,,,,18,,39,,0.4,,0,,,M,,M
-52.78333888888889,47.513355555555556,ST JOHNS WEST CLIMATE,8403603,8403603.2020.9.5,2020-09-05 00:00:00,NL,2020,9,5,20,,14.2,,25.8,,2.3,,,,,,,,21,,54,,2,,0,,,M,,M
-52.78333888888889,47.513355555555556,ST JOHNS WEST CLIMATE,8403603,8403603.2020.9.6,2020-09-06 00:00:00,NL,2020,9,6,15,,8.9,,21.2,,0,,,,,,,,,,,,0,,3,,,M,,M
-52.78333888888889,47.513355555555556,ST JOHNS WEST CLIMATE,8403603,8403603.2020.9.7,2020-09-07 00:00:00,NL,2020,9,7,13.4,,6.5,,20.4,,0,,,,,,,,,,,,0,,4.6,,46,,97,
-52.78333888888889,47.513355555555556,ST JOHNS WEST CLIMATE,8403603,8403603.2020.9.8,2020-09-08 00:00:00,NL,2020,9,8,12.8,,5.2,,20.4,,0,,,,,,,,17,,41,,0,,5.2,,47,,100,
-52.78333888888889,47.513355555555556,ST JOHNS WEST CLIMATE,8403603,8403603.2020.9.9,2020-09-09 00:00:00,NL,2020,9,9,20.5,,15.5,,25.5,,0,,,,,,,,,,,,2.5,,0,,57,,99,
-52.78333888888889,47.513355555555556,ST JOHNS WEST CLIMATE,8403603,8403603.2020.9.10,2020-09-10 00:00:00,NL,2020,9,10,16.9,,14.3,,19.4,,0,,,,,,,,,,,,0,,1.1,,52,,98,
-52.78333888888889,47.513355555555556,ST JOHNS WEST CLIMATE,8403603,8403603.2020.9.11,2020-09-11 00:00:00,NL,2020,9,11,13.9,,8.4,,19.5,,10.2,,,,,,,,1,,39,,0,,4.1,,85,,99,
-52.78333888888889,47.513355555555556,ST JOHNS WEST CLIMATE,8403603,8403603.2020.9.12,2020-09-12 00:00:00,NL,2020,9,12,11.2,,6.6,,15.8,,0,,,,,,,,26,,32,,0,,6.8,,39,,95,
-52.78333888888889,47.513355555555556,ST JOHNS WEST CLIMATE,8403603,8403603.2020.9.13,2020-09-13 00:00:00,NL,2020,9,13,12.1,,7.2,,17,,0,,,,,,,,,,,,0,,5.9,,41,,97,
-52.78333888888889,47.513355555555556,ST JOHNS WEST CLIMATE,8403603,8403603.2020.9.14,2020-09-14 00:00:00,NL,2020,9,14,15.5,,11.3,,19.6,,6.5,,,,,,,,18,,50,,0,,2.5,,,M,,M
-52.78333888888889,47.513355555555556,ST JOHNS WEST CLIMATE,8403603,8403603.2020.9.15,2020-09-15 00:00:00,NL,2020,9,15,11.1,,7.1,,15,,0,,,,,,,,31,,39,,0,,6.9,,48,,93,
-52.78333888888889,47.513355555555556,ST JOHNS WEST CLIMATE,8403603,8403603.2020.9.16,2020-09-16 00:00:00,NL,2020,9,16,10.1,,4.9,,15.4,,0,,,,,,,,31,,35,,0,,7.9,,32,,97,
-52.78333888888889,47.513355555555556,ST JOHNS WEST CLIMATE,8403603,8403603.2020.9.17,2020-09-17 00:00:00,NL,2020,9,17,14.3,,9.2,,19.4,,0.3,,,,,,,,22,,65,,0,,3.7,,63,,98,
-52.78333888888889,47.513355555555556,ST JOHNS WEST CLIMATE,8403603,8403603.2020.9.18,2020-09-18 00:00:00,NL,2020,9,18,17.7,,14.1,,21.4,,12.3,,,,,,,,19,,55,,0,,0.3,,73,,100,
-52.78333888888889,47.513355555555556,ST JOHNS WEST CLIMATE,8403603,8403603.2020.9.19,2020-09-19 00:00:00,NL,2020,9,19,12.1,,7,,17.3,,47.7,,,,,,,,18,,57,,0,,5.9,,,M,,M
-52.78333888888889,47.513355555555556,ST JOHNS WEST CLIMATE,8403603,8403603.2020.9.20,2020-09-20 00:00:00,NL,2020,9,20,5.9,,1.3,,10.5,,0,,,,,,,,2,,35,,0,,12.1,,62,,100,
-52.78333888888889,47.513355555555556,ST JOHNS WEST CLIMATE,8403603,8403603.2020.9.21,2020-09-21 00:00:00,NL,2020,9,21,7.7,,1.8,,13.6,,0,,,,,,,,,,,,0,,10.3,,37,,100,
-52.78333888888889,47.513355555555556,ST JOHNS WEST CLIMATE,8403603,8403603.2020.9.22,2020-09-22 00:00:00,NL,2020,9,22,8.5,,3.3,,13.8,,2.8,,,,,,,,12,,36,,0,,9.5,,57,,100,
-52.78333888888889,47.513355555555556,ST JOHNS WEST CLIMATE,8403603,8403603.2020.9.23,2020-09-23 00:00:00,NL,2020,9,23,16.3,,13.8,,18.8,,20,,,,,,,,16,,53,,0,,1.7,,91,,100,
-52.78333888888889,47.513355555555556,ST JOHNS WEST CLIMATE,8403603,8403603.2020.9.24,2020-09-24 00:00:00,NL,2020,9,24,15.4,,11.6,,19.3,,0,,,,,,,,25,,51,,0,,2.6,,58,,100,
-52.78333888888889,47.513355555555556,ST JOHNS WEST CLIMATE,8403603,8403603.2020.9.25,2020-09-25 00:00:00,NL,2020,9,25,13.4,,8.2,,18.6,,0,,,,,,,,25,,47,,0,,4.6,,43,,98,
-52.78333888888889,47.513355555555556,ST JOHNS WEST CLIMATE,8403603,8403603.2020.9.26,2020-09-26 00:00:00,NL,2020,9,26,10.6,,5.7,,15.6,,0,,,,,,,,28,,49,,0,,7.4,,40,,80,
-52.78333888888889,47.513355555555556,ST JOHNS WEST CLIMATE,8403603,8403603.2020.9.27,2020-09-27 00:00:00,NL,2020,9,27,16.1,,11.1,,21.2,,0,,,,,,,,25,,46,,0,,1.9,,61,,98,
-52.78333888888889,47.513355555555556,ST JOHNS WEST CLIMATE,8403603,8403603.2020.9.28,2020-09-28 00:00:00,NL,2020,9,28,18,,15.6,,20.3,,0,,,,,,,,25,,48,,0,,0,,80,,98,
-52.78333888888889,47.513355555555556,ST JOHNS WEST CLIMATE,8403603,8403603.2020.9.29,2020-09-29 00:00:00,NL,2020,9,29,20.3,,17.6,,23.1,,0,,,,,,,,25,,47,,2.3,,0,,78,,100,
-52.78333888888889,47.513355555555556,ST JOHNS WEST CLIMATE,8403603,8403603.2020.9.30,2020-09-30 00:00:00,NL,2020,9,30,21.6,,18.4,,24.8,,0,,,,,,,,21,,43,,3.6,,0,,,M,,M
-52.78333888888889,47.513355555555556,ST JOHNS WEST CLIMATE,8403603,8403603.2020.10.1,2020-10-01 00:00:00,NL,2020,10,1,18.8,,15.2,,22.4,,0.9,,,,,,,,24,,50,,0.8,,0,,,M,,M
-52.78333888888889,47.513355555555556,ST JOHNS WEST CLIMATE,8403603,8403603.2020.10.2,2020-10-02 00:00:00,NL,2020,10,2,15.9,,13.4,,18.4,,30.4,,,,,,,,,,,,0,,2.1,,,M,,M
-52.78333888888889,47.513355555555556,ST JOHNS WEST CLIMATE,8403603,8403603.2020.10.3,2020-10-03 00:00:00,NL,2020,10,3,16.9,,12.6,,21.2,,4.8,,,,,,,,24,,55,,0,,1.1,,,M,,M
-52.78333888888889,47.513355555555556,ST JOHNS WEST CLIMATE,8403603,8403603.2020.10.4,2020-10-04 00:00:00,NL,2020,10,4,8.9,,5.2,,12.6,,0,,,,,,,,,,,,0,,9.1,,78,,97,
-52.78333888888889,47.513355555555556,ST JOHNS WEST CLIMATE,8403603,8403603.2020.10.5,2020-10-05 00:00:00,NL,2020,10,5,7.8,,5.9,,9.7,,0,,,,,,,,,,,,0,,10.2,,72,,98,
-52.78333888888889,47.513355555555556,ST JOHNS WEST CLIMATE,8403603,8403603.2020.10.6,2020-10-06 00:00:00,NL,2020,10,6,7.1,,2.4,,11.9,,0,,,,,,,,,,,,0,,10.9,,50,,100,
-52.78333888888889,47.513355555555556,ST JOHNS WEST CLIMATE,8403603,8403603.2020.10.7,2020-10-07 00:00:00,NL,2020,10,7,11.3,,7.5,,15,,1.3,,,,,,,,17,,52,,0,,6.7,,62,,100,
-52.78333888888889,47.513355555555556,ST JOHNS WEST CLIMATE,8403603,8403603.2020.10.8,2020-10-08 00:00:00,NL,2020,10,8,12.3,,9.5,,15.2,,3.7,,,,,,,,23,,68,,0,,5.7,,79,,98,
-52.78333888888889,47.513355555555556,ST JOHNS WEST CLIMATE,8403603,8403603.2020.10.9,2020-10-09 00:00:00,NL,2020,10,9,7.4,,4.1,,10.6,,0.4,,,,,,,,24,,63,,0,,10.6,,51,,87,
-52.78333888888889,47.513355555555556,ST JOHNS WEST CLIMATE,8403603,8403603.2020.10.10,2020-10-10 00:00:00,NL,2020,10,10,8.8,,4.9,,12.8,,0,,,,,,,,24,,55,,0,,9.2,,46,,90,
-52.78333888888889,47.513355555555556,ST JOHNS WEST CLIMATE,8403603,8403603.2020.10.11,2020-10-11 00:00:00,NL,2020,10,11,11,,2.7,,19.3,,12.4,,,,,,,,21,,60,,0,,7,,71,,98,
-52.78333888888889,47.513355555555556,ST JOHNS WEST CLIMATE,8403603,8403603.2020.10.12,2020-10-12 00:00:00,NL,2020,10,12,5.7,,2.1,,9.4,,0.2,,,,,,,,29,,41,,0,,12.3,,55,,100,
-52.78333888888889,47.513355555555556,ST JOHNS WEST CLIMATE,8403603,8403603.2020.10.13,2020-10-13 00:00:00,NL,2020,10,13,5.3,,-0.7,,11.3,,0,,,,,,,,,,,,0,,12.7,,47,,100,
-52.78333888888889,47.513355555555556,ST JOHNS WEST CLIMATE,8403603,8403603.2020.10.14,2020-10-14 00:00:00,NL,2020,10,14,5.6,,-1.2,,12.4,,0,,,,,,,,15,,40,,0,,12.4,,71,,100,
-52.78333888888889,47.513355555555556,ST JOHNS WEST CLIMATE,8403603,8403603.2020.10.15,2020-10-15 00:00:00,NL,2020,10,15,13.4,,11.6,,15.3,,2.2,,,,,,,,15,,43,,0,,4.6,,96,,100,
-52.78333888888889,47.513355555555556,ST JOHNS WEST CLIMATE,8403603,8403603.2020.10.16,2020-10-16 00:00:00,NL,2020,10,16,11.6,,7.7,,15.4,,0,,,,,,,,,,,,0,,6.4,,94,,100,
-52.78333888888889,47.513355555555556,ST JOHNS WEST CLIMATE,8403603,8403603.2020.10.17,2020-10-17 00:00:00,NL,2020,10,17,11.6,,8.3,,14.9,,0.4,,,,,,,,,,,,0,,6.4,,100,,100,
-52.78333888888889,47.513355555555556,ST JOHNS WEST CLIMATE,8403603,8403603.2020.10.18,2020-10-18 00:00:00,NL,2020,10,18,11.7,,8.6,,14.8,,0.2,,,,,,,,,,,,0,,6.3,,82,,100,
-52.78333888888889,47.513355555555556,ST JOHNS WEST CLIMATE,8403603,8403603.2020.10.19,2020-10-19 00:00:00,NL,2020,10,19,11,,6.3,,15.7,,0.2,,,,,,,,,,,,0,,7,,68,,100,
-52.78333888888889,47.513355555555556,ST JOHNS WEST CLIMATE,8403603,8403603.2020.10.20,2020-10-20 00:00:00,NL,2020,10,20,11.4,,5.9,,16.8,,0,,,,,,,,25,,34,,0,,6.6,,64,,100,
-52.78333888888889,47.513355555555556,ST JOHNS WEST CLIMATE,8403603,8403603.2020.10.21,2020-10-21 00:00:00,NL,2020,10,21,12.2,,7.6,,16.9,,0,,,,,,,,24,,48,,0,,5.8,,68,,100,
-52.78333888888889,47.513355555555556,ST JOHNS WEST CLIMATE,8403603,8403603.2020.10.22,2020-10-22 00:00:00,NL,2020,10,22,11.8,,5.2,,18.4,,0,,,,,,,,24,,57,,0,,6.2,,60,,100,
-52.78333888888889,47.513355555555556,ST JOHNS WEST CLIMATE,8403603,8403603.2020.10.23,2020-10-23 00:00:00,NL,2020,10,23,3.3,,-0.9,,7.6,,0,,,,,,,,,,,,0,,14.7,,56,,100,
-52.78333888888889,47.513355555555556,ST JOHNS WEST CLIMATE,8403603,8403603.2020.10.24,2020-10-24 00:00:00,NL,2020,10,24,5.6,,0.1,,11.1,,15.9,,,,,,,,14,,42,,0,,12.4,,72,,100,
-52.78333888888889,47.513355555555556,ST JOHNS WEST CLIMATE,8403603,8403603.2020.10.25,2020-10-25 00:00:00,NL,2020,10,25,6.7,,2.5,,11,,3.8,,,,,,,,33,,61,,0,,11.3,,60,,100,
-52.78333888888889,47.513355555555556,ST JOHNS WEST CLIMATE,8403603,8403603.2020.10.26,2020-10-26 00:00:00,NL,2020,10,26,2.7,,0.4,,5,,0,,,,,,,,30,,42,,0,,15.3,,41,,79,
-52.78333888888889,47.513355555555556,ST JOHNS WEST CLIMATE,8403603,8403603.2020.10.27,2020-10-27 00:00:00,NL,2020,10,27,5.3,,2.4,,8.3,,14.1,,,,,,,,,,,,0,,12.7,,80,,100,
-52.78333888888889,47.513355555555556,ST JOHNS WEST CLIMATE,8403603,8403603.2020.10.28,2020-10-28 00:00:00,NL,2020,10,28,0.9,,-2.5,,4.2,,1.7,,,,,,,,,,,,0,,17.1,,75,,100,
-52.78333888888889,47.513355555555556,ST JOHNS WEST CLIMATE,8403603,8403603.2020.10.29,2020-10-29 00:00:00,NL,2020,10,29,1.3,,-2.1,,4.8,,0.9,,,,,,,,,,,,0,,16.7,,62,,100,
-52.78333888888889,47.513355555555556,ST JOHNS WEST CLIMATE,8403603,8403603.2020.10.30,2020-10-30 00:00:00,NL,2020,10,30,2.2,,0.5,,3.9,,0,,,,,,,,33,,42,,0,,15.8,,44,,90,
-52.78333888888889,47.513355555555556,ST JOHNS WEST CLIMATE,8403603,8403603.2020.10.31,2020-10-31 00:00:00,NL,2020,10,31,0.5,,-1.1,,2.1,,0.5,,,,,,,,31,,39,,0,,17.5,,53,,78,
-52.78333888888889,47.513355555555556,ST JOHNS WEST CLIMATE,8403603,8403603.2020.11.1,2020-11-01 00:00:00,NL,2020,11,1,2.4,,-0.8,,5.6,,0,,,,,,,,29,,38,,0,,15.6,,45,,97,
-52.78333888888889,47.513355555555556,ST JOHNS WEST CLIMATE,8403603,8403603.2020.11.2,2020-11-02 00:00:00,NL,2020,11,2,8.5,,1.9,,15.2,,26.3,,,,,,,,18,,84,,0,,9.5,,87,,100,
-52.78333888888889,47.513355555555556,ST JOHNS WEST CLIMATE,8403603,8403603.2020.11.3,2020-11-03 00:00:00,NL,2020,11,3,4.4,,-0.4,,9.2,,13.4,,,,,,,,10,,47,,0,,13.6,,73,,100,
-52.78333888888889,47.513355555555556,ST JOHNS WEST CLIMATE,8403603,8403603.2020.11.4,2020-11-04 00:00:00,NL,2020,11,4,2.6,,-3.3,,8.6,,5.6,,,,,,,,30,,63,,0,,15.4,,50,,100,
-52.78333888888889,47.513355555555556,ST JOHNS WEST CLIMATE,8403603,8403603.2020.11.5,2020-11-05 00:00:00,NL,2020,11,5,0.8,,-2.5,,4.1,,0,,,,,,,,20,,34,,0,,17.2,,44,,83,
-52.78333888888889,47.513355555555556,ST JOHNS WEST CLIMATE,8403603,8403603.2020.11.6,2020-11-06 00:00:00,NL,2020,11,6,8.3,,4.1,,12.5,,0,,,,,,,,24,,51,,0,,9.7,,73,,100,
-52.78333888888889,47.513355555555556,ST JOHNS WEST CLIMATE,8403603,8403603.2020.11.7,2020-11-07 00:00:00,NL,2020,11,7,7.2,,0.7,,13.6,,3.8,,,,,,,,24,,76,,0,,10.8,,69,,100,
-52.78333888888889,47.513355555555556,ST JOHNS WEST CLIMATE,8403603,8403603.2020.11.8,2020-11-08 00:00:00,NL,2020,11,8,0,,-3.5,,3.5,,1,,,,,,,,31,,32,,0,,18,,48,,90,
-52.78333888888889,47.513355555555556,ST JOHNS WEST CLIMATE,8403603,8403603.2020.11.9,2020-11-09 00:00:00,NL,2020,11,9,1,,-3.3,,5.3,,0,,,,,,,,25,,36,,0,,17,,63,,100,
-52.78333888888889,47.513355555555556,ST JOHNS WEST CLIMATE,8403603,8403603.2020.11.10,2020-11-10 00:00:00,NL,2020,11,10,9.1,,5.2,,13,,0,,,,,,,,26,,47,,0,,8.9,,76,,100,
-52.78333888888889,47.513355555555556,ST JOHNS WEST CLIMATE,8403603,8403603.2020.11.11,2020-11-11 00:00:00,NL,2020,11,11,8.1,,3.6,,12.6,,0,,,,,,,,23,,48,,0,,9.9,,72,,100,
-52.78333888888889,47.513355555555556,ST JOHNS WEST CLIMATE,8403603,8403603.2020.11.12,2020-11-12 00:00:00,NL,2020,11,12,9.3,,4.1,,14.6,,0.2,,,,,,,,27,,59,,0,,8.7,,77,,100,
-52.78333888888889,47.513355555555556,ST JOHNS WEST CLIMATE,8403603,8403603.2020.11.13,2020-11-13 00:00:00,NL,2020,11,13,3.2,,0,,6.4,,0.2,,,,,,,,32,,34,,0,,14.8,,65,,99,
-52.78333888888889,47.513355555555556,ST JOHNS WEST CLIMATE,8403603,8403603.2020.11.14,2020-11-14 00:00:00,NL,2020,11,14,1.4,,0.2,,2.5,,24.5,,,,,,,,7,,60,,0,,16.6,,74,,100,
-52.78333888888889,47.513355555555556,ST JOHNS WEST CLIMATE,8403603,8403603.2020.11.15,2020-11-15 00:00:00,NL,2020,11,15,1.1,,0,,2.1,,7.3,,,,,,3,,35,,48,,0,,16.9,,76,,100,
-52.78333888888889,47.513355555555556,ST JOHNS WEST CLIMATE,8403603,8403603.2020.11.16,2020-11-16 00:00:00,NL,2020,11,16,3.1,,-0.2,,6.3,,11.2,,,,,,1,,18,,62,,0,,14.9,,74,,100,
-52.78333888888889,47.513355555555556,ST JOHNS WEST CLIMATE,8403603,8403603.2020.11.17,2020-11-17 00:00:00,NL,2020,11,17,4.7,,0.4,,8.9,,5.3,,,,,,,,19,,52,,0,,13.3,,63,,100,
-52.78333888888889,47.513355555555556,ST JOHNS WEST CLIMATE,8403603,8403603.2020.11.18,2020-11-18 00:00:00,NL,2020,11,18,1.9,,-2.1,,5.8,,1.5,,,,,,,,,,,,0,,16.1,,61,,100,
-52.78333888888889,47.513355555555556,ST JOHNS WEST CLIMATE,8403603,8403603.2020.11.19,2020-11-19 00:00:00,NL,2020,11,19,-1.4,,-3.5,,0.8,,0.4,,,,,,,,31,,45,,0,,19.4,,48,,97,
-52.78333888888889,47.513355555555556,ST JOHNS WEST CLIMATE,8403603,8403603.2020.11.20,2020-11-20 00:00:00,NL,2020,11,20,1.6,,-4.4,,7.6,,2.8,,,,,,,,23,,35,,0,,16.4,,55,,100,
-52.78333888888889,47.513355555555556,ST JOHNS WEST CLIMATE,8403603,8403603.2020.11.21,2020-11-21 00:00:00,NL,2020,11,21,5.8,,1.9,,9.8,,0.2,,,,,,,,27,,58,,0,,12.2,,65,,100,
-52.78333888888889,47.513355555555556,ST JOHNS WEST CLIMATE,8403603,8403603.2020.11.22,2020-11-22 00:00:00,NL,2020,11,22,-2.8,,-7.6,,2,,0,,,,,,,,28,,41,,0,,20.8,,59,,88,
-52.78333888888889,47.513355555555556,ST JOHNS WEST CLIMATE,8403603,8403603.2020.11.23,2020-11-23 00:00:00,NL,2020,11,23,-1.9,,-8.7,,5,,0,,,,,,,,14,,55,,0,,19.9,,58,,96,
-52.78333888888889,47.513355555555556,ST JOHNS WEST CLIMATE,8403603,8403603.2020.11.24,2020-11-24 00:00:00,NL,2020,11,24,6.2,,-1,,13.3,,32.1,,,,,,,,14,,78,,0,,11.8,,55,,100,
-52.78333888888889,47.513355555555556,ST JOHNS WEST CLIMATE,8403603,8403603.2020.11.25,2020-11-25 00:00:00,NL,2020,11,25,-2.8,,-4.7,,-0.8,,0,,,,,,,,27,,57,,0,,20.8,,47,,78,
-52.78333888888889,47.513355555555556,ST JOHNS WEST CLIMATE,8403603,8403603.2020.11.26,2020-11-26 00:00:00,NL,2020,11,26,1.3,,-2.4,,4.9,,0,,,,,,,,,,,,0,,16.7,,70,,100,
-52.78333888888889,47.513355555555556,ST JOHNS WEST CLIMATE,8403603,8403603.2020.11.27,2020-11-27 00:00:00,NL,2020,11,27,7.2,,2.4,,11.9,,,M,,,,,,,22,,47,,0,,10.8,,90,,100,
-52.78333888888889,47.513355555555556,ST JOHNS WEST CLIMATE,8403603,8403603.2020.11.28,2020-11-28 00:00:00,NL,2020,11,28,11,,7.5,,14.4,,7.1,,,,,,,,19,,36,,0,,7,,93,,100,
-52.78333888888889,47.513355555555556,ST JOHNS WEST CLIMATE,8403603,8403603.2020.11.29,2020-11-29 00:00:00,NL,2020,11,29,4.5,,0.7,,8.4,,12.9,,,,,,,,29,,49,,0,,13.5,,77,,100,
-52.78333888888889,47.513355555555556,ST JOHNS WEST CLIMATE,8403603,8403603.2020.11.30,2020-11-30 00:00:00,NL,2020,11,30,-0.3,,-4.2,,3.6,,0,,,,,,,,28,,46,,0,,18.3,,59,,100,
-52.78333888888889,47.513355555555556,ST JOHNS WEST CLIMATE,8403603,8403603.2020.12.1,2020-12-01 00:00:00,NL,2020,12,1,2,,-3,,7,,0,,,,,,,,16,,37,,0,,16,,78,,100,
-52.78333888888889,47.513355555555556,ST JOHNS WEST CLIMATE,8403603,8403603.2020.12.2,2020-12-02 00:00:00,NL,2020,12,2,9.5,,6.6,,12.4,,1.4,,,,,,,,18,,46,,0,,8.5,,99,,100,
-52.78333888888889,47.513355555555556,ST JOHNS WEST CLIMATE,8403603,8403603.2020.12.3,2020-12-03 00:00:00,NL,2020,12,3,11.6,,9.3,,13.9,,21.1,,,,,,,,18,,48,,0,,6.4,,100,,100,
-52.78333888888889,47.513355555555556,ST JOHNS WEST CLIMATE,8403603,8403603.2020.12.4,2020-12-04 00:00:00,NL,2020,12,4,4.6,,-0.1,,9.4,,0,,,,,,,,,,,,0,,13.4,,75,,100,
-52.78333888888889,47.513355555555556,ST JOHNS WEST CLIMATE,8403603,8403603.2020.12.5,2020-12-05 00:00:00,NL,2020,12,5,5.3,,0.1,,10.4,,0.2,,,,,,,,18,,32,,0,,12.7,,93,,100,
-52.78333888888889,47.513355555555556,ST JOHNS WEST CLIMATE,8403603,8403603.2020.12.6,2020-12-06 00:00:00,NL,2020,12,6,6.9,,3.8,,10,,1.6,,,,,,,,,,,,0,,11.1,,100,,100,
-52.78333888888889,47.513355555555556,ST JOHNS WEST CLIMATE,8403603,8403603.2020.12.7,2020-12-07 00:00:00,NL,2020,12,7,7.6,,3.3,,11.9,,6,,,,,,,,22,,33,,0,,10.4,,88,,100,
-52.78333888888889,47.513355555555556,ST JOHNS WEST CLIMATE,8403603,8403603.2020.12.8,2020-12-08 00:00:00,NL,2020,12,8,3.9,,2.2,,5.5,,18.9,,,,,,,,5,,53,,0,,14.1,,75,,100,
-52.78333888888889,47.513355555555556,ST JOHNS WEST CLIMATE,8403603,8403603.2020.12.9,2020-12-09 00:00:00,NL,2020,12,9,2.9,,0.9,,5,,12.3,,,,,,,,29,,65,,0,,15.1,,82,,100,
-52.78333888888889,47.513355555555556,ST JOHNS WEST CLIMATE,8403603,8403603.2020.12.10,2020-12-10 00:00:00,NL,2020,12,10,1.6,,-0.3,,3.5,,0,,,,,,,,29,,34,,0,,16.4,,80,,100,
-52.78333888888889,47.513355555555556,ST JOHNS WEST CLIMATE,8403603,8403603.2020.12.11,2020-12-11 00:00:00,NL,2020,12,11,1.1,,-0.4,,2.6,,2,,,,,,,,33,,42,,0,,16.9,,84,,100,
-52.78333888888889,47.513355555555556,ST JOHNS WEST CLIMATE,8403603,8403603.2020.12.12,2020-12-12 00:00:00,NL,2020,12,12,0.4,,-2,,2.8,,0,,,,,,,,32,,33,,0,,17.6,,66,,95,
-52.78333888888889,47.513355555555556,ST JOHNS WEST CLIMATE,8403603,8403603.2020.12.13,2020-12-13 00:00:00,NL,2020,12,13,-0.9,,-2.2,,0.3,,9.5,,,,,,,,8,,43,,0,,18.9,,79,,100,
-52.78333888888889,47.513355555555556,ST JOHNS WEST CLIMATE,8403603,8403603.2020.12.14,2020-12-14 00:00:00,NL,2020,12,14,0.7,,-1,,2.4,,5.2,,,,,,12,,7,,37,,0,,17.3,,99,,100,
-52.78333888888889,47.513355555555556,ST JOHNS WEST CLIMATE,8403603,8403603.2020.12.15,2020-12-15 00:00:00,NL,2020,12,15,0.7,,-2.1,,3.6,,32.2,,,,,,4,,25,,82,,0,,17.3,,59,,100,
-52.78333888888889,47.513355555555556,ST JOHNS WEST CLIMATE,8403603,8403603.2020.12.16,2020-12-16 00:00:00,NL,2020,12,16,-1.6,,-3.4,,0.3,,0,,,,,,,,29,,78,,0,,19.6,,61,,76,
-52.78333888888889,47.513355555555556,ST JOHNS WEST CLIMATE,8403603,8403603.2020.12.17,2020-12-17 00:00:00,NL,2020,12,17,-1.9,,-3.4,,-0.5,,0,,,,,,,,30,,51,,0,,19.9,,78,,99,
-52.78333888888889,47.513355555555556,ST JOHNS WEST CLIMATE,8403603,8403603.2020.12.18,2020-12-18 00:00:00,NL,2020,12,18,0.2,,-0.7,,1.1,,0.4,,,,,,,,5,,38,,0,,17.8,,80,,100,
-52.78333888888889,47.513355555555556,ST JOHNS WEST CLIMATE,8403603,8403603.2020.12.19,2020-12-19 00:00:00,NL,2020,12,19,-0.4,,-2.5,,1.6,,1.1,,,,,,,,4,,49,,0,,18.4,,87,,100,
-52.78333888888889,47.513355555555556,ST JOHNS WEST CLIMATE,8403603,8403603.2020.12.20,2020-12-20 00:00:00,NL,2020,12,20,-5.4,,-8.4,,-2.4,,0,,,,,,,,,,,,0,,23.4,,78,,97,
-52.78333888888889,47.513355555555556,ST JOHNS WEST CLIMATE,8403603,8403603.2020.12.21,2020-12-21 00:00:00,NL,2020,12,21,-2.9,,-8.9,,3.2,,3.3,,,,,,,,15,,42,,0,,20.9,,91,,100,
-52.78333888888889,47.513355555555556,ST JOHNS WEST CLIMATE,8403603,8403603.2020.12.22,2020-12-22 00:00:00,NL,2020,12,22,7,,2.7,,11.4,,35,,,,,,,,13,,71,,0,,11,,81,,100,
-52.78333888888889,47.513355555555556,ST JOHNS WEST CLIMATE,8403603,8403603.2020.12.23,2020-12-23 00:00:00,NL,2020,12,23,1.9,,-0.9,,4.7,,0.2,,,,,,,,24,,36,,0,,16.1,,63,,93,
-52.78333888888889,47.513355555555556,ST JOHNS WEST CLIMATE,8403603,8403603.2020.12.24,2020-12-24 00:00:00,NL,2020,12,24,-0.6,,-2.9,,1.8,,0,,,,,,,,,,,,0,,18.6,,55,,89,
-52.78333888888889,47.513355555555556,ST JOHNS WEST CLIMATE,8403603,8403603.2020.12.25,2020-12-25 00:00:00,NL,2020,12,25,2.8,,-1.7,,7.3,,0,,,,,,,,,,,,0,,15.2,,73,,100,
-52.78333888888889,47.513355555555556,ST JOHNS WEST CLIMATE,8403603,8403603.2020.12.26,2020-12-26 00:00:00,NL,2020,12,26,4,,-1.4,,9.3,,0.4,,,,,,,,16,,46,,0,,14,,80,,100,
-52.78333888888889,47.513355555555556,ST JOHNS WEST CLIMATE,8403603,8403603.2020.12.27,2020-12-27 00:00:00,NL,2020,12,27,5.1,,0.5,,9.6,,5,,,,,,,,18,,57,,0,,12.9,,85,,100,
-52.78333888888889,47.513355555555556,ST JOHNS WEST CLIMATE,8403603,8403603.2020.12.28,2020-12-28 00:00:00,NL,2020,12,28,-2.5,,-6,,1,,0.2,,,,,,,,,,,,0,,20.5,,62,,100,
-52.78333888888889,47.513355555555556,ST JOHNS WEST CLIMATE,8403603,8403603.2020.12.29,2020-12-29 00:00:00,NL,2020,12,29,-0.1,,-5.8,,5.5,,4.3,,,,,,,,,,,,0,,18.1,,82,,100,
-52.78333888888889,47.513355555555556,ST JOHNS WEST CLIMATE,8403603,8403603.2020.12.30,2020-12-30 00:00:00,NL,2020,12,30,1.6,,-2.9,,6.1,,1.9,,,,,,,,29,,47,,0,,16.4,,63,,100,
-52.78333888888889,47.513355555555556,ST JOHNS WEST CLIMATE,8403603,8403603.2020.12.31,2020-12-31 00:00:00,NL,2020,12,31,-0.1,,-5.4,,5.2,,6.9,,,,,,,,19,,54,,0,,18.1,,70,,100,
-52.78333888888889,47.513355555555556,ST JOHNS WEST CLIMATE,8403603,8403603.2021.1.1,2021-01-01 00:00:00,NL,2021,1,1,-2,,-5.7,,1.7,,0,,,,,,,,29,,47,,0,,20,,58,,92,
-52.78333888888889,47.513355555555556,ST JOHNS WEST CLIMATE,8403603,8403603.2021.1.2,2021-01-02 00:00:00,NL,2021,1,2,-3.6,,-5.6,,-1.7,,0,,,,,,,,31,,35,,0,,21.6,,61,,86,
-52.78333888888889,47.513355555555556,ST JOHNS WEST CLIMATE,8403603,8403603.2021.1.3,2021-01-03 00:00:00,NL,2021,1,3,-1.1,,-2.1,,-0.1,,5.8,,,,,,6,,5,,53,,0,,19.1,,90,,100,
-52.78333888888889,47.513355555555556,ST JOHNS WEST CLIMATE,8403603,8403603.2021.1.4,2021-01-04 00:00:00,NL,2021,1,4,-0.1,,-0.7,,0.5,,0.2,,,,,,10,,3,,36,,0,,18.1,,94,,100,
-52.78333888888889,47.513355555555556,ST JOHNS WEST CLIMATE,8403603,8403603.2021.1.5,2021-01-05 00:00:00,NL,2021,1,5,0.7,,-1,,2.3,,8.2,,,,,,12,,5,,48,,0,,17.3,,94,,100,
-52.78333888888889,47.513355555555556,ST JOHNS WEST CLIMATE,8403603,8403603.2021.1.6,2021-01-06 00:00:00,NL,2021,1,6,4.6,,2.1,,7.1,,10.2,,,,,,4,,11,,36,,0,,13.4,,100,,100,
-52.78333888888889,47.513355555555556,ST JOHNS WEST CLIMATE,8403603,8403603.2021.1.7,2021-01-07 00:00:00,NL,2021,1,7,6.4,,4.9,,7.9,,15.7,,,,,,,,11,,63,,0,,11.6,,100,,100,
-52.78333888888889,47.513355555555556,ST JOHNS WEST CLIMATE,8403603,8403603.2021.1.8,2021-01-08 00:00:00,NL,2021,1,8,3.4,,1.1,,5.7,,1.3,,,,,,,,24,,38,,0,,14.6,,90,,100,
-52.78333888888889,47.513355555555556,ST JOHNS WEST CLIMATE,8403603,8403603.2021.1.9,2021-01-09 00:00:00,NL,2021,1,9,-0.6,,-3.4,,2.2,,0,,,,,,,,24,,46,,0,,18.6,,81,,100,
-52.78333888888889,47.513355555555556,ST JOHNS WEST CLIMATE,8403603,8403603.2021.1.10,2021-01-10 00:00:00,NL,2021,1,10,-1.6,,-2.9,,-0.3,,0.2,,,,,,,,35,,49,,0,,19.6,,94,,100,
-52.78333888888889,47.513355555555556,ST JOHNS WEST CLIMATE,8403603,8403603.2021.1.11,2021-01-11 00:00:00,NL,2021,1,11,-2.1,,-3.6,,-0.5,,0.9,,,,,,,,33,,46,,0,,20.1,,80,,93,
-52.78333888888889,47.513355555555556,ST JOHNS WEST CLIMATE,8403603,8403603.2021.1.12,2021-01-12 00:00:00,NL,2021,1,12,-2.7,,-4.3,,-1.1,,0,,,,,,,,,,,,0,,20.7,,74,,97,
-52.78333888888889,47.513355555555556,ST JOHNS WEST CLIMATE,8403603,8403603.2021.1.13,2021-01-13 00:00:00,NL,2021,1,13,-3.1,,-5,,-1.3,,0,,,,,,,,,,,,0,,21.1,,81,,100,
-52.78333888888889,47.513355555555556,ST JOHNS WEST CLIMATE,8403603,8403603.2021.1.14,2021-01-14 00:00:00,NL,2021,1,14,0,,-2.3,,2.2,,2.6,,,,,,,,17,,32,,0,,18,,92,,100,
-52.78333888888889,47.513355555555556,ST JOHNS WEST CLIMATE,8403603,8403603.2021.1.15,2021-01-15 00:00:00,NL,2021,1,15,-1.2,,-2,,-0.5,,8,,,,,,3,,1,,71,,0,,19.2,,88,,100,
-52.78333888888889,47.513355555555556,ST JOHNS WEST CLIMATE,8403603,8403603.2021.1.16,2021-01-16 00:00:00,NL,2021,1,16,-0.6,,-1.4,,0.1,,0.5,,,,,,14,,2,,78,,0,,18.6,,89,,100,
-52.78333888888889,47.513355555555556,ST JOHNS WEST CLIMATE,8403603,8403603.2021.1.17,2021-01-17 00:00:00,NL,2021,1,17,1.9,,0,,3.7,,4.7,,,,,,10,,12,,36,,0,,16.1,,93,,100,
-52.78333888888889,47.513355555555556,ST JOHNS WEST CLIMATE,8403603,8403603.2021.1.18,2021-01-18 00:00:00,NL,2021,1,18,2.7,,-0.5,,5.9,,1.2,,,,,,5,,23,,34,,0,,15.3,,74,,100,
-52.78333888888889,47.513355555555556,ST JOHNS WEST CLIMATE,8403603,8403603.2021.1.19,2021-01-19 00:00:00,NL,2021,1,19,0.5,,-2.4,,3.3,,8.3,,,,,,,,25,,36,,0,,17.5,,79,,100,
-52.78333888888889,47.513355555555556,ST JOHNS WEST CLIMATE,8403603,8403603.2021.1.20,2021-01-20 00:00:00,NL,2021,1,20,-2.9,,-3.8,,-2.1,,0.9,,,,,,,,25,,52,,0,,20.9,,66,,92,
-52.78333888888889,47.513355555555556,ST JOHNS WEST CLIMATE,8403603,8403603.2021.1.21,2021-01-21 00:00:00,NL,2021,1,21,-3.3,,-6,,-0.6,,14.4,,,,,,,,2,,69,,0,,21.3,,69,,100,
-52.78333888888889,47.513355555555556,ST JOHNS WEST CLIMATE,8403603,8403603.2021.1.22,2021-01-22 00:00:00,NL,2021,1,22,-3.7,,-6.5,,-0.8,,7.3,,,,,,35,,28,,58,,0,,21.7,,77,,100,
-52.78333888888889,47.513355555555556,ST JOHNS WEST CLIMATE,8403603,8403603.2021.1.23,2021-01-23 00:00:00,NL,2021,1,23,-4.6,,-6.2,,-2.9,,0,,,,,,29,,28,,44,,0,,22.6,,80,,99,
-52.78333888888889,47.513355555555556,ST JOHNS WEST CLIMATE,8403603,8403603.2021.1.24,2021-01-24 00:00:00,NL,2021,1,24,-3.8,,-8.3,,0.7,,0,,,,,,27,,27,,37,,0,,21.8,,63,,97,
-52.78333888888889,47.513355555555556,ST JOHNS WEST CLIMATE,8403603,8403603.2021.1.25,2021-01-25 00:00:00,NL,2021,1,25,-5.2,,-9.1,,-1.3,,0,,,,,,26,,,,,,0,,23.2,,75,,98,
-52.78333888888889,47.513355555555556,ST JOHNS WEST CLIMATE,8403603,8403603.2021.1.26,2021-01-26 00:00:00,NL,2021,1,26,-0.4,,-1.7,,1,,5,,,,,,24,,36,,52,,0,,18.4,,96,,100,
-52.78333888888889,47.513355555555556,ST JOHNS WEST CLIMATE,8403603,8403603.2021.1.27,2021-01-27 00:00:00,NL,2021,1,27,-3.4,,-6.5,,-0.3,,0,,,,,,27,,1,,41,,0,,21.4,,75,,96,
-52.78333888888889,47.513355555555556,ST JOHNS WEST CLIMATE,8403603,8403603.2021.1.28,2021-01-28 00:00:00,NL,2021,1,28,-5.4,,-10.4,,-0.4,,1.7,,,,,,25,,,,,,0,,23.4,,66,,98,
-52.78333888888889,47.513355555555556,ST JOHNS WEST CLIMATE,8403603,8403603.2021.1.29,2021-01-29 00:00:00,NL,2021,1,29,-6.6,,-10.3,,-3,,0.2,,,,,,27,,35,,46,,0,,24.6,,72,,96,
-52.78333888888889,47.513355555555556,ST JOHNS WEST CLIMATE,8403603,8403603.2021.1.30,2021-01-30 00:00:00,NL,2021,1,30,-2.4,,-3.1,,-1.7,,0.9,,,,,,27,,35,,42,,0,,20.4,,86,,100,
-52.78333888888889,47.513355555555556,ST JOHNS WEST CLIMATE,8403603,8403603.2021.1.31,2021-01-31 00:00:00,NL,2021,1,31,-0.8,,-2.3,,0.6,,1.2,,,,,,25,,34,,39,,0,,18.8,,87,,100,
-52.78333888888889,47.513355555555556,ST JOHNS WEST CLIMATE,8403603,8403603.2021.2.1,2021-02-01 00:00:00,NL,2021,2,1,-2.6,,-3.4,,-1.7,,0.4,,,,,,29,,32,,41,,0,,20.6,,74,,90,
-52.78333888888889,47.513355555555556,ST JOHNS WEST CLIMATE,8403603,8403603.2021.2.2,2021-02-02 00:00:00,NL,2021,2,2,-3,,-4.1,,-1.9,,0,,,,,,29,,12,,36,,0,,21,,69,,87,
-52.78333888888889,47.513355555555556,ST JOHNS WEST CLIMATE,8403603,8403603.2021.2.3,2021-02-03 00:00:00,NL,2021,2,3,3.7,,-2,,9.4,,18.1,,,,,,26,,12,,63,,0,,14.3,,90,,100,
-52.78333888888889,47.513355555555556,ST JOHNS WEST CLIMATE,8403603,8403603.2021.2.4,2021-02-04 00:00:00,NL,2021,2,4,6.1,,2.4,,9.8,,6,,,,,,13,,,,,,0,,11.9,,100,,100,
-52.78333888888889,47.513355555555556,ST JOHNS WEST CLIMATE,8403603,8403603.2021.2.5,2021-02-05 00:00:00,NL,2021,2,5,4.3,,0.4,,8.3,,1.9,,,,,,8,,29,,47,,0,,13.7,,72,,100,
-52.78333888888889,47.513355555555556,ST JOHNS WEST CLIMATE,8403603,8403603.2021.2.6,2021-02-06 00:00:00,NL,2021,2,6,3.4,,-0.5,,7.3,,5.8,,,,,,7,,29,,49,,0,,14.6,,80,,100,
-52.78333888888889,47.513355555555556,ST JOHNS WEST CLIMATE,8403603,8403603.2021.2.7,2021-02-07 00:00:00,NL,2021,2,7,0,,-2.1,,2.1,,0.2,,,,,,4,,26,,70,,0,,18,,53,,92,
-52.78333888888889,47.513355555555556,ST JOHNS WEST CLIMATE,8403603,8403603.2021.2.8,2021-02-08 00:00:00,NL,2021,2,8,-1.2,,-2.6,,0.2,,25,,,,,,7,,30,,64,,0,,19.2,,84,,100,
-52.78333888888889,47.513355555555556,ST JOHNS WEST CLIMATE,8403603,8403603.2021.2.9,2021-02-09 00:00:00,NL,2021,2,9,-1.4,,-3,,0.2,,6.5,,,,,,17,,31,,65,,0,,19.4,,88,,100,
-52.78333888888889,47.513355555555556,ST JOHNS WEST CLIMATE,8403603,8403603.2021.2.10,2021-02-10 00:00:00,NL,2021,2,10,-5.3,,-7.7,,-2.9,,0,,,,,,17,,30,,60,,0,,23.3,,69,,88,
-52.78333888888889,47.513355555555556,ST JOHNS WEST CLIMATE,8403603,8403603.2021.2.11,2021-02-11 00:00:00,NL,2021,2,11,-6.6,,-8,,-5.2,,16.7,,,,,,15,,28,,72,,0,,24.6,,71,,92,
-52.78333888888889,47.513355555555556,ST JOHNS WEST CLIMATE,8403603,8403603.2021.2.12,2021-02-12 00:00:00,NL,2021,2,12,-2.7,,-5.2,,-0.2,,6.5,,,,,,18,,31,,61,,0,,20.7,,84,,100,
-52.78333888888889,47.513355555555556,ST JOHNS WEST CLIMATE,8403603,8403603.2021.2.13,2021-02-13 00:00:00,NL,2021,2,13,-4.2,,-6.2,,-2.2,,0,,,,,,19,,30,,49,,0,,22.2,,66,,85,
-52.78333888888889,47.513355555555556,ST JOHNS WEST CLIMATE,8403603,8403603.2021.2.14,2021-02-14 00:00:00,NL,2021,2,14,-5.7,,-8.7,,-2.8,,0,,,,,,18,,33,,33,,0,,23.7,,61,,83,
-52.78333888888889,47.513355555555556,ST JOHNS WEST CLIMATE,8403603,8403603.2021.2.15,2021-02-15 00:00:00,NL,2021,2,15,-3.6,,-5.6,,-1.5,,0,,,,,,17,,28,,34,,0,,21.6,,61,,90,
-52.78333888888889,47.513355555555556,ST JOHNS WEST CLIMATE,8403603,8403603.2021.2.16,2021-02-16 00:00:00,NL,2021,2,16,-3.8,,-6.3,,-1.2,,10.9,,,,,,17,,12,,37,,0,,21.8,,58,,100,
-52.78333888888889,47.513355555555556,ST JOHNS WEST CLIMATE,8403603,8403603.2021.2.17,2021-02-17 00:00:00,NL,2021,2,17,0.9,,-3.5,,5.3,,6.1,,,,,,20,,29,,67,,0,,17.1,,77,,100,
-52.78333888888889,47.513355555555556,ST JOHNS WEST CLIMATE,8403603,8403603.2021.2.18,2021-02-18 00:00:00,NL,2021,2,18,-5.1,,-8,,-2.3,,0.9,,,,,,18,,29,,44,,0,,23.1,,61,,85,
-52.78333888888889,47.513355555555556,ST JOHNS WEST CLIMATE,8403603,8403603.2021.2.19,2021-02-19 00:00:00,NL,2021,2,19,-8.6,,-12.2,,-5,,0,,,,,,21,,29,,31,,0,,26.6,,60,,94,
-52.78333888888889,47.513355555555556,ST JOHNS WEST CLIMATE,8403603,8403603.2021.2.20,2021-02-20 00:00:00,NL,2021,2,20,-5.1,,-6.2,,-4.1,,0.6,,,,,,20,,36,,33,,0,,23.1,,68,,95,
-52.78333888888889,47.513355555555556,ST JOHNS WEST CLIMATE,8403603,8403603.2021.2.21,2021-02-21 00:00:00,NL,2021,2,21,-8.9,,-12.3,,-5.5,,0.5,,,,,,22,,32,,51,,0,,26.9,,53,,85,
-52.78333888888889,47.513355555555556,ST JOHNS WEST CLIMATE,8403603,8403603.2021.2.22,2021-02-22 00:00:00,NL,2021,2,22,-8.1,,-12.3,,-4,,0,,,,,,20,,32,,47,,0,,26.1,,53,,81,
-52.78333888888889,47.513355555555556,ST JOHNS WEST CLIMATE,8403603,8403603.2021.2.23,2021-02-23 00:00:00,NL,2021,2,23,-1.4,,-5.8,,2.9,,8.8,,,,,,19,,14,,57,,0,,19.4,,63,,100,
-52.78333888888889,47.513355555555556,ST JOHNS WEST CLIMATE,8403603,8403603.2021.2.24,2021-02-24 00:00:00,NL,2021,2,24,-0.2,,-1.5,,1.1,,0.2,,,,,,20,,30,,48,,0,,18.2,,75,,100,
-52.78333888888889,47.513355555555556,ST JOHNS WEST CLIMATE,8403603,8403603.2021.2.25,2021-02-25 00:00:00,NL,2021,2,25,0.6,,-2.7,,3.8,,5.7,,,,,,18,,29,,57,,0,,17.4,,72,,100,
-52.78333888888889,47.513355555555556,ST JOHNS WEST CLIMATE,8403603,8403603.2021.2.26,2021-02-26 00:00:00,NL,2021,2,26,-4,,-8.4,,0.5,,2,,,,,,19,,28,,52,,0,,22,,64,,96,
-52.78333888888889,47.513355555555556,ST JOHNS WEST CLIMATE,8403603,8403603.2021.2.27,2021-02-27 00:00:00,NL,2021,2,27,-6.4,,-9,,-3.7,,0,,,,,,20,,29,,33,,0,,24.4,,43,,82,
-52.78333888888889,47.513355555555556,ST JOHNS WEST CLIMATE,8403603,8403603.2021.2.28,2021-02-28 00:00:00,NL,2021,2,28,-3,,-5.8,,-0.1,,11,,,,,,20,,13,,62,,0,,21,,81,,100,
-52.78333888888889,47.513355555555556,ST JOHNS WEST CLIMATE,8403603,8403603.2021.3.1,2021-03-01 00:00:00,NL,2021,3,1,-1.2,,-2.8,,0.5,,1.4,,,,,,36,,36,,53,,0,,19.2,,82,,100,
-52.78333888888889,47.513355555555556,ST JOHNS WEST CLIMATE,8403603,8403603.2021.3.2,2021-03-02 00:00:00,NL,2021,3,2,-2.7,,-6.9,,1.6,,11.7,,,,,,39,,10,,67,,0,,20.7,,86,,100,
-52.78333888888889,47.513355555555556,ST JOHNS WEST CLIMATE,8403603,8403603.2021.3.3,2021-03-03 00:00:00,NL,2021,3,3,-6.7,,-10.5,,-3,,3.2,,,,,,37,,27,,59,,0,,24.7,,57,,93,
-52.78333888888889,47.513355555555556,ST JOHNS WEST CLIMATE,8403603,8403603.2021.3.4,2021-03-04 00:00:00,NL,2021,3,4,-3.3,,-7.6,,1,,0.2,,,,,,47,,23,,52,,0,,21.3,,69,,98,
-52.78333888888889,47.513355555555556,ST JOHNS WEST CLIMATE,8403603,8403603.2021.3.5,2021-03-05 00:00:00,NL,2021,3,5,-0.1,,-3.8,,3.6,,0,,,,,,44,,22,,35,,0,,18.1,,63,,100,
-52.78333888888889,47.513355555555556,ST JOHNS WEST CLIMATE,8403603,8403603.2021.3.6,2021-03-06 00:00:00,NL,2021,3,6,-1.1,,-4,,1.8,,0,,,,,,40,,21,,59,,0,,19.1,,58,,100,
-52.78333888888889,47.513355555555556,ST JOHNS WEST CLIMATE,8403603,8403603.2021.3.7,2021-03-07 00:00:00,NL,2021,3,7,-2.1,,-5,,0.9,,0,,,,,,39,,24,,38,,0,,20.1,,59,,85,
-52.78333888888889,47.513355555555556,ST JOHNS WEST CLIMATE,8403603,8403603.2021.3.8,2021-03-08 00:00:00,NL,2021,3,8,-5.8,,-11.2,,-0.5,,0,,,,,,38,,,,,,0,,23.8,,49,,95,
-52.78333888888889,47.513355555555556,ST JOHNS WEST CLIMATE,8403603,8403603.2021.3.9,2021-03-09 00:00:00,NL,2021,3,9,-4.4,,-7.4,,-1.4,,0,,,,,,38,,32,,40,,0,,22.4,,67,,92,
-52.78333888888889,47.513355555555556,ST JOHNS WEST CLIMATE,8403603,8403603.2021.3.10,2021-03-10 00:00:00,NL,2021,3,10,-2.1,,-6.2,,2,,0,,,,,,38,,28,,34,,0,,20.1,,54,,91,
-52.78333888888889,47.513355555555556,ST JOHNS WEST CLIMATE,8403603,8403603.2021.3.11,2021-03-11 00:00:00,NL,2021,3,11,-0.5,,-4.9,,4,,0,,,,,,37,,23,,51,,0,,18.5,,48,,99,
-52.78333888888889,47.513355555555556,ST JOHNS WEST CLIMATE,8403603,8403603.2021.3.12,2021-03-12 00:00:00,NL,2021,3,12,4.2,,0.8,,7.5,,0,,,,,,35,,22,,57,,0,,13.8,,71,,100,
-52.78333888888889,47.513355555555556,ST JOHNS WEST CLIMATE,8403603,8403603.2021.3.13,2021-03-13 00:00:00,NL,2021,3,13,1.7,,-4,,7.5,,0.3,,,,,,22,,23,,42,,0,,16.3,,34,,100,
-52.78333888888889,47.513355555555556,ST JOHNS WEST CLIMATE,8403603,8403603.2021.3.14,2021-03-14 00:00:00,NL,2021,3,14,-4.5,,-8.3,,-0.8,,4.4,,,,,,26,,30,,45,,0,,22.5,,62,,100,
-52.78333888888889,47.513355555555556,ST JOHNS WEST CLIMATE,8403603,8403603.2021.3.15,2021-03-15 00:00:00,NL,2021,3,15,-6.2,,-10.8,,-1.5,,0.8,,,,,,23,,1,,31,,0,,24.2,,52,,97,
-52.78333888888889,47.513355555555556,ST JOHNS WEST CLIMATE,8403603,8403603.2021.3.16,2021-03-16 00:00:00,NL,2021,3,16,-4.2,,-6.3,,-2.2,,2.3,,,,,,24,,32,,62,,0,,22.2,,72,,93,
-52.78333888888889,47.513355555555556,ST JOHNS WEST CLIMATE,8403603,8403603.2021.3.17,2021-03-17 00:00:00,NL,2021,3,17,-6.3,,-11.5,,-1.1,,0.2,,,,,,23,,30,,47,,0,,24.3,,38,,87,
-52.78333888888889,47.513355555555556,ST JOHNS WEST CLIMATE,8403603,8403603.2021.3.18,2021-03-18 00:00:00,NL,2021,3,18,-4,,-11.4,,3.3,,1.3,,,,,,23,,19,,47,,0,,22,,56,,100,
-52.78333888888889,47.513355555555556,ST JOHNS WEST CLIMATE,8403603,8403603.2021.3.19,2021-03-19 00:00:00,NL,2021,3,19,2.7,,-1.4,,6.9,,31.6,,,,,,20,,20,,72,,0,,15.3,,94,,100,
-52.78333888888889,47.513355555555556,ST JOHNS WEST CLIMATE,8403603,8403603.2021.3.20,2021-03-20 00:00:00,NL,2021,3,20,-3.7,,-6,,-1.4,,1,,,,,,12,,29,,41,,0,,21.7,,61,,100,
-52.78333888888889,47.513355555555556,ST JOHNS WEST CLIMATE,8403603,8403603.2021.3.21,2021-03-21 00:00:00,NL,2021,3,21,-2.3,,-7.4,,2.8,,0,,,,,,12,,28,,35,,0,,20.3,,51,,81,
-52.78333888888889,47.513355555555556,ST JOHNS WEST CLIMATE,8403603,8403603.2021.3.22,2021-03-22 00:00:00,NL,2021,3,22,6.6,,2.6,,10.7,,0,,,,,,11,,29,,49,,0,,11.4,,35,,68,
-52.78333888888889,47.513355555555556,ST JOHNS WEST CLIMATE,8403603,8403603.2021.3.23,2021-03-23 00:00:00,NL,2021,3,23,9.2,,3,,15.4,,0,,,,,,7,,26,,52,,0,,8.8,,20,,54,
-52.78333888888889,47.513355555555556,ST JOHNS WEST CLIMATE,8403603,8403603.2021.3.24,2021-03-24 00:00:00,NL,2021,3,24,7.6,,0.6,,14.6,,0,,,,,,1,,29,,41,,0,,10.4,,28,,76,
-52.78333888888889,47.513355555555556,ST JOHNS WEST CLIMATE,8403603,8403603.2021.3.25,2021-03-25 00:00:00,NL,2021,3,25,4.4,,-1.6,,10.3,,0,,,,,,,,,,,,0,,13.6,,64,,100,
-52.78333888888889,47.513355555555556,ST JOHNS WEST CLIMATE,8403603,8403603.2021.3.26,2021-03-26 00:00:00,NL,2021,3,26,5.6,,-0.4,,11.5,,8.6,,,,,,,,24,,40,,0,,12.4,,74,,100,
-52.78333888888889,47.513355555555556,ST JOHNS WEST CLIMATE,8403603,8403603.2021.3.27,2021-03-27 00:00:00,NL,2021,3,27,-1.8,,-3.4,,-0.2,,14.9,,,,,,3,,,,,,0,,19.8,,82,,100,
-52.78333888888889,47.513355555555556,ST JOHNS WEST CLIMATE,8403603,8403603.2021.3.28,2021-03-28 00:00:00,NL,2021,3,28,-3.8,,-5.4,,-2.1,,1.4,,,,,,13,,,,,,0,,21.8,,64,,87,
-52.78333888888889,47.513355555555556,ST JOHNS WEST CLIMATE,8403603,8403603.2021.3.29,2021-03-29 00:00:00,NL,2021,3,29,0.5,,-3.9,,4.9,,15.5,,,,,,13,,16,,69,,0,,17.5,,82,,100,
-52.78333888888889,47.513355555555556,ST JOHNS WEST CLIMATE,8403603,8403603.2021.3.30,2021-03-30 00:00:00,NL,2021,3,30,-1.2,,-4.2,,1.9,,0,,,,,,12,,26,,64,,0,,19.2,,50,,87,
-52.78333888888889,47.513355555555556,ST JOHNS WEST CLIMATE,8403603,8403603.2021.3.31,2021-03-31 00:00:00,NL,2021,3,31,-1.9,,-5.3,,1.6,,0,,,,,,11,,34,,39,,0,,19.9,,53,,81,
-52.78333888888889,47.513355555555556,ST JOHNS WEST CLIMATE,8403603,8403603.2021.4.1,2021-04-01 00:00:00,NL,2021,4,1,1.4,,-5.6,,8.5,,0,,,,,,10,,,,,,0,,16.6,,41,,85,
-52.78333888888889,47.513355555555556,ST JOHNS WEST CLIMATE,8403603,8403603.2021.4.2,2021-04-02 00:00:00,NL,2021,4,2,3.7,,-2.5,,9.9,,0,,,,,,6,,,,,,0,,14.3,,65,,100,
-52.78333888888889,47.513355555555556,ST JOHNS WEST CLIMATE,8403603,8403603.2021.4.3,2021-04-03 00:00:00,NL,2021,4,3,5.1,,1.5,,8.7,,0,,,,,,,,,,,,0,,12.9,,81,,100,
-52.78333888888889,47.513355555555556,ST JOHNS WEST CLIMATE,8403603,8403603.2021.4.4,2021-04-04 00:00:00,NL,2021,4,4,4,,1.6,,6.5,,0.4,,,,,,,,11,,38,,0,,14,,100,,100,
-52.78333888888889,47.513355555555556,ST JOHNS WEST CLIMATE,8403603,8403603.2021.4.5,2021-04-05 00:00:00,NL,2021,4,5,4.6,,3.1,,6.1,,11.8,,,,,,,,10,,34,,0,,13.4,,100,,100,
-52.78333888888889,47.513355555555556,ST JOHNS WEST CLIMATE,8403603,8403603.2021.4.6,2021-04-06 00:00:00,NL,2021,4,6,3.8,,1.8,,5.8,,13,,,,,,,,9,,35,,0,,14.2,,100,,100,
-52.78333888888889,47.513355555555556,ST JOHNS WEST CLIMATE,8403603,8403603.2021.4.7,2021-04-07 00:00:00,NL,2021,4,7,3,,1.8,,4.2,,5.1,,,,,,,,5,,34,,0,,15,,100,,100,
-52.78333888888889,47.513355555555556,ST JOHNS WEST CLIMATE,8403603,8403603.2021.4.8,2021-04-08 00:00:00,NL,2021,4,8,4.2,,3.2,,5.1,,1.7,,,,,,,,5,,37,,0,,13.8,,100,,100,
-52.78333888888889,47.513355555555556,ST JOHNS WEST CLIMATE,8403603,8403603.2021.4.9,2021-04-09 00:00:00,NL,2021,4,9,2.9,,0.5,,5.3,,19.7,,,,,,,,4,,34,,0,,15.1,,100,,100,
-52.78333888888889,47.513355555555556,ST JOHNS WEST CLIMATE,8403603,8403603.2021.4.10,2021-04-10 00:00:00,NL,2021,4,10,0.6,,0,,1.2,,40.8,,,,,,,,35,,38,,0,,17.4,,100,,100,
-52.78333888888889,47.513355555555556,ST JOHNS WEST CLIMATE,8403603,8403603.2021.4.11,2021-04-11 00:00:00,NL,2021,4,11,0.7,,-0.8,,2.3,,16.6,,,,,,,,,,,,0,,17.3,,100,,100,
-52.78333888888889,47.513355555555556,ST JOHNS WEST CLIMATE,8403603,8403603.2021.4.12,2021-04-12 00:00:00,NL,2021,4,12,1.2,,-0.8,,3.2,,34.5,,,,,,,,7,,52,,0,,16.8,,100,,100,
-52.78333888888889,47.513355555555556,ST JOHNS WEST CLIMATE,8403603,8403603.2021.4.13,2021-04-13 00:00:00,NL,2021,4,13,2.7,,0.7,,4.6,,3.7,,,,,,,,5,,65,,0,,15.3,,84,,100,
-52.78333888888889,47.513355555555556,ST JOHNS WEST CLIMATE,8403603,8403603.2021.4.14,2021-04-14 00:00:00,NL,2021,4,14,0.7,,-1.1,,2.5,,0,,,,,,,,3,,41,,0,,17.3,,78,,100,
-52.78333888888889,47.513355555555556,ST JOHNS WEST CLIMATE,8403603,8403603.2021.4.15,2021-04-15 00:00:00,NL,2021,4,15,0.3,,-1.2,,1.7,,0.7,,,,,,,,3,,45,,0,,17.7,,77,,100,
-52.78333888888889,47.513355555555556,ST JOHNS WEST CLIMATE,8403603,8403603.2021.4.16,2021-04-16 00:00:00,NL,2021,4,16,0.8,,-0.3,,1.9,,0.3,,,,,,,,3,,54,,0,,17.2,,82,,100,
-52.78333888888889,47.513355555555556,ST JOHNS WEST CLIMATE,8403603,8403603.2021.4.17,2021-04-17 00:00:00,NL,2021,4,17,2.1,,0.1,,4.1,,0.2,,,,,,,,9,,40,,0,,15.9,,82,,100,
-52.78333888888889,47.513355555555556,ST JOHNS WEST CLIMATE,8403603,8403603.2021.4.18,2021-04-18 00:00:00,NL,2021,4,18,2.9,,1.5,,4.4,,32.9,,,,,,,,10,,46,,0,,15.1,,100,,100,
-52.78333888888889,47.513355555555556,ST JOHNS WEST CLIMATE,8403603,8403603.2021.4.19,2021-04-19 00:00:00,NL,2021,4,19,5.7,,2.1,,9.4,,0.2,,,,,,,,31,,37,,0,,12.3,,65,,100,
-52.78333888888889,47.513355555555556,ST JOHNS WEST CLIMATE,8403603,8403603.2021.4.20,2021-04-20 00:00:00,NL,2021,4,20,3.4,,1.1,,5.7,,4.1,,,,,,,,32,,58,,0,,14.6,,80,,100,
-52.78333888888889,47.513355555555556,ST JOHNS WEST CLIMATE,8403603,8403603.2021.4.21,2021-04-21 00:00:00,NL,2021,4,21,5.1,,-0.4,,10.6,,0,,,,,,,,29,,40,,0,,12.9,,55,,100,
-52.78333888888889,47.513355555555556,ST JOHNS WEST CLIMATE,8403603,8403603.2021.4.22,2021-04-22 00:00:00,NL,2021,4,22,6.5,,-0.8,,13.8,,11.5,,,,,,,,14,,67,,0,,11.5,,32,,100,
-52.78333888888889,47.513355555555556,ST JOHNS WEST CLIMATE,8403603,8403603.2021.4.23,2021-04-23 00:00:00,NL,2021,4,23,5.2,,0.8,,9.6,,0.2,,,,,,,,22,,50,,0,,12.8,,54,,100,
-52.78333888888889,47.513355555555556,ST JOHNS WEST CLIMATE,8403603,8403603.2021.4.24,2021-04-24 00:00:00,NL,2021,4,24,6.8,,1.3,,12.4,,0,,,,,,,,22,,61,,0,,11.2,,36,,100,
-52.78333888888889,47.513355555555556,ST JOHNS WEST CLIMATE,8403603,8403603.2021.4.25,2021-04-25 00:00:00,NL,2021,4,25,6.4,,0,,12.7,,0,,,,,,,,22,,40,,0,,11.6,,34,,96,
-52.78333888888889,47.513355555555556,ST JOHNS WEST CLIMATE,8403603,8403603.2021.4.26,2021-04-26 00:00:00,NL,2021,4,26,6,,1.7,,10.3,,15.8,,,,,,,,12,,54,,0,,12,,47,,100,
-52.78333888888889,47.513355555555556,ST JOHNS WEST CLIMATE,8403603,8403603.2021.4.27,2021-04-27 00:00:00,NL,2021,4,27,6,,3.4,,8.6,,41.2,,,,,,,,13,,58,,0,,12,,100,,100,
-52.78333888888889,47.513355555555556,ST JOHNS WEST CLIMATE,8403603,8403603.2021.4.28,2021-04-28 00:00:00,NL,2021,4,28,6.2,,2.1,,10.2,,0,,,,,,,,17,,36,,0,,11.8,,72,,100,
-52.78333888888889,47.513355555555556,ST JOHNS WEST CLIMATE,8403603,8403603.2021.4.29,2021-04-29 00:00:00,NL,2021,4,29,4.4,,-1.2,,10.1,,0,,,,,,,,,,,,0,,13.6,,59,,100,
-52.78333888888889,47.513355555555556,ST JOHNS WEST CLIMATE,8403603,8403603.2021.4.30,2021-04-30 00:00:00,NL,2021,4,30,4.6,,-1.4,,10.7,,7.1,,,,,,,,11,,48,,0,,13.4,,60,,100,
-52.78333888888889,47.513355555555556,ST JOHNS WEST CLIMATE,8403603,8403603.2021.5.1,2021-05-01 00:00:00,NL,2021,5,1,8.8,,2.5,,15,,0.2,,,,,,,,20,,68,,0,,9.2,,64,,100,
-52.78333888888889,47.513355555555556,ST JOHNS WEST CLIMATE,8403603,8403603.2021.5.2,2021-05-02 00:00:00,NL,2021,5,2,5.9,,2.6,,9.1,,0,,,,,,,,24,,61,,0,,12.1,,44,,100,
-52.78333888888889,47.513355555555556,ST JOHNS WEST CLIMATE,8403603,8403603.2021.5.3,2021-05-03 00:00:00,NL,2021,5,3,6.6,,1.6,,11.5,,1.6,,,,,,,,24,,52,,0,,11.4,,54,,100,
-52.78333888888889,47.513355555555556,ST JOHNS WEST CLIMATE,8403603,8403603.2021.5.4,2021-05-04 00:00:00,NL,2021,5,4,6.6,,1.5,,11.8,,0,,,,,,,,25,,46,,0,,11.4,,42,,91,
-52.78333888888889,47.513355555555556,ST JOHNS WEST CLIMATE,8403603,8403603.2021.5.5,2021-05-05 00:00:00,NL,2021,5,5,5.6,,1.9,,9.3,,0,,,,,,,,,,,,0,,12.4,,61,,91,
-52.78333888888889,47.513355555555556,ST JOHNS WEST CLIMATE,8403603,8403603.2021.5.6,2021-05-06 00:00:00,NL,2021,5,6,3.9,,1.3,,6.4,,0,,,,,,,,,,,,0,,14.1,,76,,100,
-52.78333888888889,47.513355555555556,ST JOHNS WEST CLIMATE,8403603,8403603.2021.5.7,2021-05-07 00:00:00,NL,2021,5,7,4.4,,1.3,,7.5,,0,,,,,,,,,,,,0,,13.6,,81,,100,
-52.78333888888889,47.513355555555556,ST JOHNS WEST CLIMATE,8403603,8403603.2021.5.8,2021-05-08 00:00:00,NL,2021,5,8,5.1,,2.9,,7.3,,7.2,,,,,,,,11,,53,,0,,12.9,,87,,100,
-52.78333888888889,47.513355555555556,ST JOHNS WEST CLIMATE,8403603,8403603.2021.5.9,2021-05-09 00:00:00,NL,2021,5,9,7.8,,3.3,,12.2,,0.2,,,,,,,,21,,62,,0,,10.2,,61,,100,
-52.78333888888889,47.513355555555556,ST JOHNS WEST CLIMATE,8403603,8403603.2021.5.10,2021-05-10 00:00:00,NL,2021,5,10,6.7,,2.7,,10.6,,0,,,,,,,,27,,51,,0,,11.3,,58,,100,
-52.78333888888889,47.513355555555556,ST JOHNS WEST CLIMATE,8403603,8403603.2021.5.11,2021-05-11 00:00:00,NL,2021,5,11,7.9,,4,,11.9,,0,,,,,,,,28,,42,,0,,10.1,,56,,100,
-52.78333888888889,47.513355555555556,ST JOHNS WEST CLIMATE,8403603,8403603.2021.5.12,2021-05-12 00:00:00,NL,2021,5,12,7.3,,3.2,,11.4,,0,,,,,,,,23,,38,,0,,10.7,,47,,100,
-52.78333888888889,47.513355555555556,ST JOHNS WEST CLIMATE,8403603,8403603.2021.5.13,2021-05-13 00:00:00,NL,2021,5,13,6.1,,3.1,,9,,0.2,,,,,,,,28,,45,,0,,11.9,,59,,100,
-52.78333888888889,47.513355555555556,ST JOHNS WEST CLIMATE,8403603,8403603.2021.5.14,2021-05-14 00:00:00,NL,2021,5,14,7.2,,2.8,,11.6,,0,,,,,,,,30,,32,,0,,10.8,,53,,100,
-52.78333888888889,47.513355555555556,ST JOHNS WEST CLIMATE,8403603,8403603.2021.5.15,2021-05-15 00:00:00,NL,2021,5,15,6.8,,2.6,,11,,0,,,,,,,,,,,,0,,11.2,,57,,100,
-52.78333888888889,47.513355555555556,ST JOHNS WEST CLIMATE,8403603,8403603.2021.5.16,2021-05-16 00:00:00,NL,2021,5,16,4.1,,-0.7,,8.9,,0,,,,,,,,36,,45,,0,,13.9,,56,,100,
-52.78333888888889,47.513355555555556,ST JOHNS WEST CLIMATE,8403603,8403603.2021.5.17,2021-05-17 00:00:00,NL,2021,5,17,2.6,,-2.5,,7.6,,0,,,,,,,,,,,,0,,15.4,,49,,100,
-52.78333888888889,47.513355555555556,ST JOHNS WEST CLIMATE,8403603,8403603.2021.5.18,2021-05-18 00:00:00,NL,2021,5,18,5.2,,-0.4,,10.8,,0,,,,,,,,,,,,0,,12.8,,58,,100,
-52.78333888888889,47.513355555555556,ST JOHNS WEST CLIMATE,8403603,8403603.2021.5.19,2021-05-19 00:00:00,NL,2021,5,19,6.3,,0.5,,12.1,,0,,,,,,,,,,,,0,,11.7,,48,,100,
-52.78333888888889,47.513355555555556,ST JOHNS WEST CLIMATE,8403603,8403603.2021.5.20,2021-05-20 00:00:00,NL,2021,5,20,6.6,,0.5,,12.8,,0,,,,,,,,18,,35,,0,,11.4,,48,,100,
-52.78333888888889,47.513355555555556,ST JOHNS WEST CLIMATE,8403603,8403603.2021.5.21,2021-05-21 00:00:00,NL,2021,5,21,13.9,,5.4,,22.5,,0,,,,,,,,27,,44,,0,,4.1,,32,,100,
-52.78333888888889,47.513355555555556,ST JOHNS WEST CLIMATE,8403603,8403603.2021.5.22,2021-05-22 00:00:00,NL,2021,5,22,15.2,,10.8,,19.6,,0,,,,,,,,22,,58,,0,,2.8,,41,,100,
-52.78333888888889,47.513355555555556,ST JOHNS WEST CLIMATE,8403603,8403603.2021.5.23,2021-05-23 00:00:00,NL,2021,5,23,8.1,,0.7,,15.5,,10.5,,,,,,,,25,,63,,0,,9.9,,62,,100,
-52.78333888888889,47.513355555555556,ST JOHNS WEST CLIMATE,8403603,8403603.2021.5.24,2021-05-24 00:00:00,NL,2021,5,24,0.2,,-2.9,,3.3,,1.7,,,,,,,,36,,56,,0,,17.8,,58,,100,
-52.78333888888889,47.513355555555556,ST JOHNS WEST CLIMATE,8403603,8403603.2021.5.25,2021-05-25 00:00:00,NL,2021,5,25,5.7,,-0.8,,12.3,,2.1,,,,,,,,23,,59,,0,,12.3,,46,,100,
-52.78333888888889,47.513355555555556,ST JOHNS WEST CLIMATE,8403603,8403603.2021.5.26,2021-05-26 00:00:00,NL,2021,5,26,8.9,,6,,11.8,,0.8,,,,,,,,24,,36,,0,,9.1,,77,,100,
-52.78333888888889,47.513355555555556,ST JOHNS WEST CLIMATE,8403603,8403603.2021.5.27,2021-05-27 00:00:00,NL,2021,5,27,13.1,,8.9,,17.2,,0.3,,,,,,,,26,,55,,0,,4.9,,76,,100,
-52.78333888888889,47.513355555555556,ST JOHNS WEST CLIMATE,8403603,8403603.2021.5.28,2021-05-28 00:00:00,NL,2021,5,28,7,,2.4,,11.7,,0,,,,,,,,28,,47,,0,,11,,41,,100,
-52.78333888888889,47.513355555555556,ST JOHNS WEST CLIMATE,8403603,8403603.2021.5.29,2021-05-29 00:00:00,NL,2021,5,29,8.1,,2.4,,13.9,,0,,,,,,,,25,,56,,0,,9.9,,45,,88,
-52.78333888888889,47.513355555555556,ST JOHNS WEST CLIMATE,8403603,8403603.2021.5.30,2021-05-30 00:00:00,NL,2021,5,30,9.9,,3.6,,16.1,,0,,,,,,,,,,,,0,,8.1,,38,,90,
-52.78333888888889,47.513355555555556,ST JOHNS WEST CLIMATE,8403603,8403603.2021.5.31,2021-05-31 00:00:00,NL,2021,5,31,10.7,,3.7,,17.7,,0,,,,,,,,20,,37,,0,,7.3,,31,,100,
-52.78333888888889,47.513355555555556,ST JOHNS WEST CLIMATE,8403603,8403603.2021.6.1,2021-06-01 00:00:00,NL,2021,6,1,14.3,,7.2,,21.3,,0,,,,,,,,25,,60,,0,,3.7,,67,,100,
-52.78333888888889,47.513355555555556,ST JOHNS WEST CLIMATE,8403603,8403603.2021.6.2,2021-06-02 00:00:00,NL,2021,6,2,14.8,,7.5,,22.2,,0,,,,,,,,25,,47,,0,,3.2,,45,,100,
-52.78333888888889,47.513355555555556,ST JOHNS WEST CLIMATE,8403603,8403603.2021.6.3,2021-06-03 00:00:00,NL,2021,6,3,16.7,,9.3,,24.2,,0,,,,,,,,23,,39,,0,,1.3,,32,,83,
-52.78333888888889,47.513355555555556,ST JOHNS WEST CLIMATE,8403603,8403603.2021.6.4,2021-06-04 00:00:00,NL,2021,6,4,13.8,,11.1,,16.6,,10,,,,,,,,21,,41,,0,,4.2,,60,,97,
-52.78333888888889,47.513355555555556,ST JOHNS WEST CLIMATE,8403603,8403603.2021.6.5,2021-06-05 00:00:00,NL,2021,6,5,13,,8.8,,17.3,,0,,,,,,,,27,,33,,0,,5,,79,,100,
-52.78333888888889,47.513355555555556,ST JOHNS WEST CLIMATE,8403603,8403603.2021.6.6,2021-06-06 00:00:00,NL,2021,6,6,11.4,,2.5,,20.2,,1.6,,,,,,,,1,,36,,0,,6.6,,69,,100,
-52.78333888888889,47.513355555555556,ST JOHNS WEST CLIMATE,8403603,8403603.2021.6.7,2021-06-07 00:00:00,NL,2021,6,7,9.5,,2.4,,16.6,,0,,,,,,,,22,,44,,0,,8.5,,44,,98,
-52.78333888888889,47.513355555555556,ST JOHNS WEST CLIMATE,8403603,8403603.2021.6.8,2021-06-08 00:00:00,NL,2021,6,8,17.7,,7.1,,28.3,,0,,,,,,,,25,,52,,0,,0.3,,48,,96,
-52.78333888888889,47.513355555555556,ST JOHNS WEST CLIMATE,8403603,8403603.2021.6.9,2021-06-09 00:00:00,NL,2021,6,9,10.1,,4.7,,15.5,,0,,,,,,,,23,,36,,0,,7.9,,48,,97,
-52.78333888888889,47.513355555555556,ST JOHNS WEST CLIMATE,8403603,8403603.2021.6.10,2021-06-10 00:00:00,NL,2021,6,10,2.8,,0.3,,5.3,,17.9,,,,,,,,6,,40,,0,,15.2,,96,,99,
-52.78333888888889,47.513355555555556,ST JOHNS WEST CLIMATE,8403603,8403603.2021.6.11,2021-06-11 00:00:00,NL,2021,6,11,7.5,,2.3,,12.7,,1.7,,,,,,,,31,,42,,0,,10.5,,54,,100,
-52.78333888888889,47.513355555555556,ST JOHNS WEST CLIMATE,8403603,8403603.2021.6.12,2021-06-12 00:00:00,NL,2021,6,12,10.5,,4.7,,16.4,,0,,,,,,,,25,,37,,0,,7.5,,42,,97,
-52.78333888888889,47.513355555555556,ST JOHNS WEST CLIMATE,8403603,8403603.2021.6.13,2021-06-13 00:00:00,NL,2021,6,13,9.7,,5.3,,14.1,,0,,,,,,,,26,,38,,0,,8.3,,37,,98,
-52.78333888888889,47.513355555555556,ST JOHNS WEST CLIMATE,8403603,8403603.2021.6.14,2021-06-14 00:00:00,NL,2021,6,14,9.4,,3.5,,15.3,,0,,,,,,,,,,,,0,,8.6,,50,,97,
-52.78333888888889,47.513355555555556,ST JOHNS WEST CLIMATE,8403603,8403603.2021.6.15,2021-06-15 00:00:00,NL,2021,6,15,8.6,,3.5,,13.7,,0,,,,,,,,14,,32,,0,,9.4,,61,,98,
-52.78333888888889,47.513355555555556,ST JOHNS WEST CLIMATE,8403603,8403603.2021.6.16,2021-06-16 00:00:00,NL,2021,6,16,11,,5.3,,16.6,,2.7,,,,,,,,14,,39,,0,,7,,96,,97,
-52.78333888888889,47.513355555555556,ST JOHNS WEST CLIMATE,8403603,8403603.2021.6.17,2021-06-17 00:00:00,NL,2021,6,17,16.8,,11.8,,21.7,,0,,,,,,,,24,,43,,0,,1.2,,58,,97,
-52.78333888888889,47.513355555555556,ST JOHNS WEST CLIMATE,8403603,8403603.2021.6.18,2021-06-18 00:00:00,NL,2021,6,18,17.5,,12.2,,22.9,,0,,,,,,,,27,,44,,0,,0.5,,40,,66,
-52.78333888888889,47.513355555555556,ST JOHNS WEST CLIMATE,8403603,8403603.2021.6.19,2021-06-19 00:00:00,NL,2021,6,19,13.3,,7.8,,18.9,,0,,,,,,,,,,,,0,,4.7,,66,,89,
-52.78333888888889,47.513355555555556,ST JOHNS WEST CLIMATE,8403603,8403603.2021.6.20,2021-06-20 00:00:00,NL,2021,6,20,13.7,,6.9,,20.5,,10.7,,,,,,,,23,,43,,0,,4.3,,52,,97,
-52.78333888888889,47.513355555555556,ST JOHNS WEST CLIMATE,8403603,8403603.2021.6.21,2021-06-21 00:00:00,NL,2021,6,21,16.8,,11.8,,21.8,,0,,,,,,,,25,,35,,0,,1.2,,63,,98,
-52.78333888888889,47.513355555555556,ST JOHNS WEST CLIMATE,8403603,8403603.2021.6.22,2021-06-22 00:00:00,NL,2021,6,22,19.9,,12.9,,26.9,,0,,,,,,,,23,,38,,1.9,,0,,43,,97,
-52.78333888888889,47.513355555555556,ST JOHNS WEST CLIMATE,8403603,8403603.2021.6.23,2021-06-23 00:00:00,NL,2021,6,23,18.8,,12.5,,25,,0.9,,,,,,,,23,,54,,0.8,,0,,74,,99,
-52.78333888888889,47.513355555555556,ST JOHNS WEST CLIMATE,8403603,8403603.2021.6.24,2021-06-24 00:00:00,NL,2021,6,24,14.5,,8.2,,20.9,,0,,,,,,,,30,,36,,0,,3.5,,48,,97,
-52.78333888888889,47.513355555555556,ST JOHNS WEST CLIMATE,8403603,8403603.2021.6.25,2021-06-25 00:00:00,NL,2021,6,25,16.2,,7.3,,25.1,,0,,,,,,,,,,,,0,,1.8,,30,,96,
-52.78333888888889,47.513355555555556,ST JOHNS WEST CLIMATE,8403603,8403603.2021.6.26,2021-06-26 00:00:00,NL,2021,6,26,16.7,,10.8,,22.6,,0,,,,,,,,29,,38,,0,,1.3,,44,,97,
-52.78333888888889,47.513355555555556,ST JOHNS WEST CLIMATE,8403603,8403603.2021.6.27,2021-06-27 00:00:00,NL,2021,6,27,18.5,,13.8,,23.1,,6.4,,,,,,,,24,,47,,0.5,,0,,65,,97,
-52.78333888888889,47.513355555555556,ST JOHNS WEST CLIMATE,8403603,8403603.2021.6.28,2021-06-28 00:00:00,NL,2021,6,28,11.5,,5.2,,17.8,,17.7,,,,,,,,24,,59,,0,,6.5,,84,,100,
-52.78333888888889,47.513355555555556,ST JOHNS WEST CLIMATE,8403603,8403603.2021.6.29,2021-06-29 00:00:00,NL,2021,6,29,9.2,,5.4,,13,,0,,,,,,,,,,,,0,,8.8,,55,,98,
-52.78333888888889,47.513355555555556,ST JOHNS WEST CLIMATE,8403603,8403603.2021.6.30,2021-06-30 00:00:00,NL,2021,6,30,13.3,,6.4,,20.2,,0,,,,,,,,,,,,0,,4.7,,37,,99,
-52.78333888888889,47.513355555555556,ST JOHNS WEST CLIMATE,8403603,8403603.2021.7.1,2021-07-01 00:00:00,NL,2021,7,1,9.5,,7.5,,11.5,,9.8,,,,,,,,4,,31,,0,,8.5,,95,,97,
-52.78333888888889,47.513355555555556,ST JOHNS WEST CLIMATE,8403603,8403603.2021.7.2,2021-07-02 00:00:00,NL,2021,7,2,8.5,,7.3,,9.7,,3.2,,,,,,,,,,,,0,,9.5,,88,,97,
-52.78333888888889,47.513355555555556,ST JOHNS WEST CLIMATE,8403603,8403603.2021.7.3,2021-07-03 00:00:00,NL,2021,7,3,10.8,,7.3,,14.3,,0.2,,,,,,,,,,,,0,,7.2,,61,,97,
-52.78333888888889,47.513355555555556,ST JOHNS WEST CLIMATE,8403603,8403603.2021.7.4,2021-07-04 00:00:00,NL,2021,7,4,8.8,,7.3,,10.2,,7.4,,,,,,,,6,,37,,0,,9.2,,81,,96,
-52.78333888888889,47.513355555555556,ST JOHNS WEST CLIMATE,8403603,8403603.2021.7.5,2021-07-05 00:00:00,NL,2021,7,5,13.6,,8.6,,18.6,,0.7,,,,,,,,22,,40,,0,,4.4,,,M,,M
-52.78333888888889,47.513355555555556,ST JOHNS WEST CLIMATE,8403603,8403603.2021.7.6,2021-07-06 00:00:00,NL,2021,7,6,16.2,,10.2,,22.2,,0,,,,,,,,25,,50,,0,,1.8,,54,,97,
-52.78333888888889,47.513355555555556,ST JOHNS WEST CLIMATE,8403603,8403603.2021.7.7,2021-07-07 00:00:00,NL,2021,7,7,16.4,,13.5,,19.4,,0,,,,,,,,24,,52,,0,,1.6,,84,,99,
-52.78333888888889,47.513355555555556,ST JOHNS WEST CLIMATE,8403603,8403603.2021.7.8,2021-07-08 00:00:00,NL,2021,7,8,12.3,,4.3,,20.4,,0,,,,,,,,28,,42,,0,,5.7,,59,,100,
-52.78333888888889,47.513355555555556,ST JOHNS WEST CLIMATE,8403603,8403603.2021.7.9,2021-07-09 00:00:00,NL,2021,7,9,10.4,,3.4,,17.4,,0,,,,,,,,17,,41,,0,,7.6,,59,,100,
-52.78333888888889,47.513355555555556,ST JOHNS WEST CLIMATE,8403603,8403603.2021.7.10,2021-07-10 00:00:00,NL,2021,7,10,19,,13,,25,,0,,,,,,,,21,,65,,1,,0,,,M,,M
-52.78333888888889,47.513355555555556,ST JOHNS WEST CLIMATE,8403603,8403603.2021.7.11,2021-07-11 00:00:00,NL,2021,7,11,14.3,,10.5,,18.1,,1.8,,,,,,,,,,,,0,,3.7,,,M,,M
-52.78333888888889,47.513355555555556,ST JOHNS WEST CLIMATE,8403603,8403603.2021.7.12,2021-07-12 00:00:00,NL,2021,7,12,15.3,,8,,22.6,,0.2,,,,,,,,34,,51,,0,,2.7,,,M,,M
-52.78333888888889,47.513355555555556,ST JOHNS WEST CLIMATE,8403603,8403603.2021.7.13,2021-07-13 00:00:00,NL,2021,7,13,,M,,M,,M,,M,,,,,,,,M,,M,,M,,M,,M,,M
-52.78333888888889,47.513355555555556,ST JOHNS WEST CLIMATE,8403603,8403603.2021.7.14,2021-07-14 00:00:00,NL,2021,7,14,,M,,M,,M,,M,,,,,,,,M,,M,,M,,M,,M,,M
-52.78333888888889,47.513355555555556,ST JOHNS WEST CLIMATE,8403603,8403603.2021.7.15,2021-07-15 00:00:00,NL,2021,7,15,,M,,M,,M,,M,,,,,,,,M,,M,,M,,M,,M,,M
-52.78333888888889,47.513355555555556,ST JOHNS WEST CLIMATE,8403603,8403603.2021.7.16,2021-07-16 00:00:00,NL,2021,7,16,18.9,,13,,24.7,,0,,,,,,,,22,,40,,0.9,,0,,65,,96,
-52.78333888888889,47.513355555555556,ST JOHNS WEST CLIMATE,8403603,8403603.2021.7.17,2021-07-17 00:00:00,NL,2021,7,17,20.8,,14.9,,26.7,,0,,,,,,,,22,,45,,2.8,,0,,72,,99,
-52.78333888888889,47.513355555555556,ST JOHNS WEST CLIMATE,8403603,8403603.2021.7.18,2021-07-18 00:00:00,NL,2021,7,18,20.2,,14.4,,26.1,,0,,,,,,,,28,,42,,2.2,,0,,48,,86,
-52.78333888888889,47.513355555555556,ST JOHNS WEST CLIMATE,8403603,8403603.2021.7.19,2021-07-19 00:00:00,NL,2021,7,19,18.5,,12.9,,24.1,,0,,,,,,,,,,,,0.5,,0,,51,,96,
-52.78333888888889,47.513355555555556,ST JOHNS WEST CLIMATE,8403603,8403603.2021.7.20,2021-07-20 00:00:00,NL,2021,7,20,20,,14.6,,25.3,,46.9,,,,,,,,21,,33,,2,,0,,,M,,M
-52.78333888888889,47.513355555555556,ST JOHNS WEST CLIMATE,8403603,8403603.2021.7.21,2021-07-21 00:00:00,NL,2021,7,21,15.1,,9.1,,21,,7.4,,,,,,,,1,,33,,0,,2.9,,,M,,M
-52.78333888888889,47.513355555555556,ST JOHNS WEST CLIMATE,8403603,8403603.2021.7.22,2021-07-22 00:00:00,NL,2021,7,22,10.6,,9.1,,12.2,,0.2,,,,,,,,,,,,0,,7.4,,,M,,M
-52.78333888888889,47.513355555555556,ST JOHNS WEST CLIMATE,8403603,8403603.2021.7.23,2021-07-23 00:00:00,NL,2021,7,23,14,,10.6,,17.3,,0.4,,,,,,,,,,,,0,,4,,,M,,M
-52.78333888888889,47.513355555555556,ST JOHNS WEST CLIMATE,8403603,8403603.2021.7.24,2021-07-24 00:00:00,NL,2021,7,24,16.4,,12.2,,20.5,,0.2,,,,,,,,24,,37,,0,,1.6,,,M,,M
-52.78333888888889,47.513355555555556,ST JOHNS WEST CLIMATE,8403603,8403603.2021.7.25,2021-07-25 00:00:00,NL,2021,7,25,14.1,,11.7,,16.4,,0,,,,,,,,,,,,0,,3.9,,,M,,M
-52.78333888888889,47.513355555555556,ST JOHNS WEST CLIMATE,8403603,8403603.2021.7.26,2021-07-26 00:00:00,NL,2021,7,26,14.7,,10.5,,18.9,,0.2,,,,,,,,,,,,0,,3.3,,,M,,M
-52.78333888888889,47.513355555555556,ST JOHNS WEST CLIMATE,8403603,8403603.2021.7.27,2021-07-27 00:00:00,NL,2021,7,27,,M,,M,,M,,M,,,,,,,,M,,M,,M,,M,,M,,M
-52.78333888888889,47.513355555555556,ST JOHNS WEST CLIMATE,8403603,8403603.2021.7.28,2021-07-28 00:00:00,NL,2021,7,28,,M,,M,,M,,M,,,,,,,,M,,M,,M,,M,,M,,M
-52.78333888888889,47.513355555555556,ST JOHNS WEST CLIMATE,8403603,8403603.2021.7.29,2021-07-29 00:00:00,NL,2021,7,29,17.5,,13,,22,,0,,,,,,,,27,,37,,0,,0.5,,44,,95,
-52.78333888888889,47.513355555555556,ST JOHNS WEST CLIMATE,8403603,8403603.2021.7.30,2021-07-30 00:00:00,NL,2021,7,30,17.1,,12.4,,21.8,,11.1,,,,,,,,19,,44,,0,,0.9,,47,,98,
-52.78333888888889,47.513355555555556,ST JOHNS WEST CLIMATE,8403603,8403603.2021.7.31,2021-07-31 00:00:00,NL,2021,7,31,18.3,,14.7,,21.8,,6.9,,,,,,,,22,,54,,0.3,,0,,71,,99,
-52.78333888888889,47.513355555555556,ST JOHNS WEST CLIMATE,8403603,8403603.2021.8.1,2021-08-01 00:00:00,NL,2021,8,1,17.6,,12.9,,22.3,,0,,,,,,,,24,,44,,0,,0.4,,56,,93,
-52.78333888888889,47.513355555555556,ST JOHNS WEST CLIMATE,8403603,8403603.2021.8.2,2021-08-02 00:00:00,NL,2021,8,2,17.6,,11,,24.3,,1,,,,,,,,14,,31,,0,,0.4,,39,,97,
-52.78333888888889,47.513355555555556,ST JOHNS WEST CLIMATE,8403603,8403603.2021.8.3,2021-08-03 00:00:00,NL,2021,8,3,17.3,,12.9,,21.8,,0,,,,,,,,28,,76,,0,,0.7,,56,,98,
-52.78333888888889,47.513355555555556,ST JOHNS WEST CLIMATE,8403603,8403603.2021.8.4,2021-08-04 00:00:00,NL,2021,8,4,19.3,,14.5,,24,,0,,,,,,,,25,,51,,1.3,,0,,50,,89,
-52.78333888888889,47.513355555555556,ST JOHNS WEST CLIMATE,8403603,8403603.2021.8.5,2021-08-05 00:00:00,NL,2021,8,5,19.1,,14,,24.1,,0,,,,,,,,23,,33,,1.1,,0,,33,,83,
-52.78333888888889,47.513355555555556,ST JOHNS WEST CLIMATE,8403603,8403603.2021.8.6,2021-08-06 00:00:00,NL,2021,8,6,22.4,,18,,26.8,,0,,,,,,,,25,,53,,4.4,,0,,66,,95,
-52.78333888888889,47.513355555555556,ST JOHNS WEST CLIMATE,8403603,8403603.2021.8.7,2021-08-07 00:00:00,NL,2021,8,7,21.7,,17.8,,25.7,,9.8,,,,,,,,24,,57,,3.7,,0,,67,,96,
-52.78333888888889,47.513355555555556,ST JOHNS WEST CLIMATE,8403603,8403603.2021.8.8,2021-08-08 00:00:00,NL,2021,8,8,18.1,,10.6,,25.5,,9.3,,,,,,,,25,,41,,0.1,,0,,70,,97,
-52.78333888888889,47.513355555555556,ST JOHNS WEST CLIMATE,8403603,8403603.2021.8.9,2021-08-09 00:00:00,NL,2021,8,9,11,,4.7,,17.2,,0,,,,,,,,,,,,0,,7,,51,,97,
-52.78333888888889,47.513355555555556,ST JOHNS WEST CLIMATE,8403603,8403603.2021.8.10,2021-08-10 00:00:00,NL,2021,8,10,12.8,,3.8,,21.9,,0,,,,,,,,19,,36,,0,,5.2,,52,,99,
-52.78333888888889,47.513355555555556,ST JOHNS WEST CLIMATE,8403603,8403603.2021.8.11,2021-08-11 00:00:00,NL,2021,8,11,18.5,,14.2,,22.7,,0,,,,,,,,,,,,0.5,,0,,71,,98,
-52.78333888888889,47.513355555555556,ST JOHNS WEST CLIMATE,8403603,8403603.2021.8.12,2021-08-12 00:00:00,NL,2021,8,12,15.4,,13.1,,17.6,,0.3,,,,,,,,,,,,0,,2.6,,66,,97,
-52.78333888888889,47.513355555555556,ST JOHNS WEST CLIMATE,8403603,8403603.2021.8.13,2021-08-13 00:00:00,NL,2021,8,13,16.7,,14.1,,19.2,,0.4,,,,,,,,17,,31,,0,,1.3,,82,,99,
-52.78333888888889,47.513355555555556,ST JOHNS WEST CLIMATE,8403603,8403603.2021.8.14,2021-08-14 00:00:00,NL,2021,8,14,21.3,,16.7,,25.9,,0.2,,,,,,,,,,,,3.3,,0,,81,,99,
-52.78333888888889,47.513355555555556,ST JOHNS WEST CLIMATE,8403603,8403603.2021.8.15,2021-08-15 00:00:00,NL,2021,8,15,23.4,,18.9,,27.8,,0,,,,,,,,,,,,5.4,,0,,70,,98,
-52.78333888888889,47.513355555555556,ST JOHNS WEST CLIMATE,8403603,8403603.2021.8.16,2021-08-16 00:00:00,NL,2021,8,16,17.9,,11.2,,24.6,,0,,,,,,,,33,,37,,0,,0.1,,51,,99,
-52.78333888888889,47.513355555555556,ST JOHNS WEST CLIMATE,8403603,8403603.2021.8.17,2021-08-17 00:00:00,NL,2021,8,17,18.3,,12.9,,23.8,,0,,,,,,,,25,,38,,0.3,,0,,43,,99,
-52.78333888888889,47.513355555555556,ST JOHNS WEST CLIMATE,8403603,8403603.2021.8.18,2021-08-18 00:00:00,NL,2021,8,18,23,,17.3,,28.6,,0,,,,,,,,29,,37,,5,,0,,50,,83,
-52.78333888888889,47.513355555555556,ST JOHNS WEST CLIMATE,8403603,8403603.2021.8.19,2021-08-19 00:00:00,NL,2021,8,19,22,,16.7,,27.3,,0,,,,,,,,27,,46,,4,,0,,45,,91,
-52.78333888888889,47.513355555555556,ST JOHNS WEST CLIMATE,8403603,8403603.2021.8.20,2021-08-20 00:00:00,NL,2021,8,20,16.4,,11.8,,21.1,,37.8,,,,,,,,36,,39,,0,,1.6,,82,,98,
-52.78333888888889,47.513355555555556,ST JOHNS WEST CLIMATE,8403603,8403603.2021.8.21,2021-08-21 00:00:00,NL,2021,8,21,13,,9.5,,16.5,,0.9,,,,,,,,,,,,0,,5,,67,,98,
-52.78333888888889,47.513355555555556,ST JOHNS WEST CLIMATE,8403603,8403603.2021.8.22,2021-08-22 00:00:00,NL,2021,8,22,11.5,,8.2,,14.8,,0.3,,,,,,,,31,,41,,0,,6.5,,65,,95,
-52.78333888888889,47.513355555555556,ST JOHNS WEST CLIMATE,8403603,8403603.2021.8.23,2021-08-23 00:00:00,NL,2021,8,23,14.1,,7.5,,20.8,,0,,,,,,,,29,,35,,0,,3.9,,46,,96,
-52.78333888888889,47.513355555555556,ST JOHNS WEST CLIMATE,8403603,8403603.2021.8.24,2021-08-24 00:00:00,NL,2021,8,24,20.5,,16.5,,24.4,,11,,,,,,,,21,,53,,2.5,,0,,53,,95,
-52.78333888888889,47.513355555555556,ST JOHNS WEST CLIMATE,8403603,8403603.2021.8.25,2021-08-25 00:00:00,NL,2021,8,25,18.5,,12.5,,24.5,,0,,,,,,,,24,,40,,0.5,,0,,73,,96,
-52.78333888888889,47.513355555555556,ST JOHNS WEST CLIMATE,8403603,8403603.2021.8.26,2021-08-26 00:00:00,NL,2021,8,26,13.6,,9.8,,17.4,,0,,,,,,,,,,,,0,,4.4,,62,,95,
-52.78333888888889,47.513355555555556,ST JOHNS WEST CLIMATE,8403603,8403603.2021.8.27,2021-08-27 00:00:00,NL,2021,8,27,14.9,,11.1,,18.7,,0,,,,,,,,18,,48,,0,,3.1,,76,,98,
-52.78333888888889,47.513355555555556,ST JOHNS WEST CLIMATE,8403603,8403603.2021.8.28,2021-08-28 00:00:00,NL,2021,8,28,13.8,,10.8,,16.9,,3.7,,,,,,,,36,,53,,0,,4.2,,66,,94,
-52.78333888888889,47.513355555555556,ST JOHNS WEST CLIMATE,8403603,8403603.2021.8.29,2021-08-29 00:00:00,NL,2021,8,29,12.9,,10.5,,15.2,,1.5,,,,,,,,34,,57,,0,,5.1,,57,,94,
-52.78333888888889,47.513355555555556,ST JOHNS WEST CLIMATE,8403603,8403603.2021.8.30,2021-08-30 00:00:00,NL,2021,8,30,11.2,,7,,15.4,,0.4,,,,,,,,35,,42,,0,,6.8,,71,,98,
-52.78333888888889,47.513355555555556,ST JOHNS WEST CLIMATE,8403603,8403603.2021.8.31,2021-08-31 00:00:00,NL,2021,8,31,12.2,,8.5,,15.9,,2.1,,,,,,,,,,,,0,,5.8,,92,,99,
-52.78333888888889,47.513355555555556,ST JOHNS WEST CLIMATE,8403603,8403603.2021.9.1,2021-09-01 00:00:00,NL,2021,9,1,13.9,,10,,17.7,,0.2,,,,,,,,,,,,0,,4.1,,85,,99,
-52.78333888888889,47.513355555555556,ST JOHNS WEST CLIMATE,8403603,8403603.2021.9.2,2021-09-02 00:00:00,NL,2021,9,2,16,,12,,20,,0,,,,,,,,,,,,0,,2,,77,,99,
-52.78333888888889,47.513355555555556,ST JOHNS WEST CLIMATE,8403603,8403603.2021.9.3,2021-09-03 00:00:00,NL,2021,9,3,18.9,,14.7,,23,,13.2,,,,,,,,21,,36,,0.9,,0,,91,,100,
-52.78333888888889,47.513355555555556,ST JOHNS WEST CLIMATE,8403603,8403603.2021.9.4,2021-09-04 00:00:00,NL,2021,9,4,17,,13.2,,20.9,,0.5,,,,,,,,22,,38,,0,,1,,65,,98,
-52.78333888888889,47.513355555555556,ST JOHNS WEST CLIMATE,8403603,8403603.2021.9.5,2021-09-05 00:00:00,NL,2021,9,5,13.7,,9.7,,17.8,,1.3,,,,,,,,35,,34,,0,,4.3,,71,,98,
-52.78333888888889,47.513355555555556,ST JOHNS WEST CLIMATE,8403603,8403603.2021.9.6,2021-09-06 00:00:00,NL,2021,9,6,10.8,,7.5,,14.1,,0,,,,,,,,,,,,0,,7.2,,67,,97,
-52.78333888888889,47.513355555555556,ST JOHNS WEST CLIMATE,8403603,8403603.2021.9.7,2021-09-07 00:00:00,NL,2021,9,7,14,,11.6,,16.4,,3.8,,,,,,,,17,,51,,0,,4,,92,,98,
-52.78333888888889,47.513355555555556,ST JOHNS WEST CLIMATE,8403603,8403603.2021.9.8,2021-09-08 00:00:00,NL,2021,9,8,16.4,,11.2,,21.7,,0,,,,,,,,25,,46,,0,,1.6,,61,,94,
-52.78333888888889,47.513355555555556,ST JOHNS WEST CLIMATE,8403603,8403603.2021.9.9,2021-09-09 00:00:00,NL,2021,9,9,14.5,,7.9,,21.2,,0,,,,,,,,,,,,0,,3.5,,63,,97,
-52.78333888888889,47.513355555555556,ST JOHNS WEST CLIMATE,8403603,8403603.2021.9.10,2021-09-10 00:00:00,NL,2021,9,10,17.5,,11.7,,23.4,,25,,,,,,,,16,,116,,0,,0.5,,70,,98,
-52.78333888888889,47.513355555555556,ST JOHNS WEST CLIMATE,8403603,8403603.2021.9.11,2021-09-11 00:00:00,NL,2021,9,11,17,,12.9,,21.1,,0.2,,,,,,,,22,,91,,0,,1,,61,,91,
-52.78333888888889,47.513355555555556,ST JOHNS WEST CLIMATE,8403603,8403603.2021.9.12,2021-09-12 00:00:00,NL,2021,9,12,15.7,,10.7,,20.8,,0,,,,,,,,,,,,0,,2.3,,47,,93,
-52.78333888888889,47.513355555555556,ST JOHNS WEST CLIMATE,8403603,8403603.2021.9.13,2021-09-13 00:00:00,NL,2021,9,13,16.7,,12.2,,21.2,,0,,,,,,,,23,,50,,0,,1.3,,54,,91,
-52.78333888888889,47.513355555555556,ST JOHNS WEST CLIMATE,8403603,8403603.2021.9.14,2021-09-14 00:00:00,NL,2021,9,14,13.9,,7.8,,20,,1,,,,,,,,26,,34,,0,,4.1,,55,,92,
-52.78333888888889,47.513355555555556,ST JOHNS WEST CLIMATE,8403603,8403603.2021.9.15,2021-09-15 00:00:00,NL,2021,9,15,9.8,,6.7,,12.9,,0.3,,,,,,,,,,,,0,,8.2,,56,,90,
-52.78333888888889,47.513355555555556,ST JOHNS WEST CLIMATE,8403603,8403603.2021.9.16,2021-09-16 00:00:00,NL,2021,9,16,14.3,,9.3,,19.4,,0.3,,,,,,,,21,,53,,0,,3.7,,66,,94,
-52.78333888888889,47.513355555555556,ST JOHNS WEST CLIMATE,8403603,8403603.2021.9.17,2021-09-17 00:00:00,NL,2021,9,17,15.1,,9.7,,20.6,,0,,,,,,,,,,,,0,,2.9,,41,,90,
-52.78333888888889,47.513355555555556,ST JOHNS WEST CLIMATE,8403603,8403603.2021.9.18,2021-09-18 00:00:00,NL,2021,9,18,14.6,,7.2,,22,,0,,,,,,,,26,,40,,0,,3.4,,58,,96,
-52.78333888888889,47.513355555555556,ST JOHNS WEST CLIMATE,8403603,8403603.2021.9.19,2021-09-19 00:00:00,NL,2021,9,19,15.1,,10.7,,19.5,,48.4,,,,,,,,3,,60,,0,,2.9,,74,,96,
-52.78333888888889,47.513355555555556,ST JOHNS WEST CLIMATE,8403603,8403603.2021.9.20,2021-09-20 00:00:00,NL,2021,9,20,8,,5.2,,10.9,,0.9,,,,,,,,1,,71,,0,,10,,62,,94,
-52.78333888888889,47.513355555555556,ST JOHNS WEST CLIMATE,8403603,8403603.2021.9.21,2021-09-21 00:00:00,NL,2021,9,21,9.9,,2.8,,17,,0,,,,,,,,26,,31,,0,,8.1,,43,,95,
-52.78333888888889,47.513355555555556,ST JOHNS WEST CLIMATE,8403603,8403603.2021.9.22,2021-09-22 00:00:00,NL,2021,9,22,17.8,,11.7,,23.9,,0,,,,,,,,29,,37,,0,,0.2,,30,,93,
-52.78333888888889,47.513355555555556,ST JOHNS WEST CLIMATE,8403603,8403603.2021.9.23,2021-09-23 00:00:00,NL,2021,9,23,16,,10.4,,21.6,,0,,,,,,,,27,,31,,0,,2,,66,,96,
-52.78333888888889,47.513355555555556,ST JOHNS WEST CLIMATE,8403603,8403603.2021.9.24,2021-09-24 00:00:00,NL,2021,9,24,8.1,,3.7,,12.5,,0,,,,,,,,1,,34,,0,,9.9,,61,,93,
-52.78333888888889,47.513355555555556,ST JOHNS WEST CLIMATE,8403603,8403603.2021.9.25,2021-09-25 00:00:00,NL,2021,9,25,7.5,,2.5,,12.5,,0,,,,,,,,,,,,0,,10.5,,63,,94,
-52.78333888888889,47.513355555555556,ST JOHNS WEST CLIMATE,8403603,8403603.2021.9.26,2021-09-26 00:00:00,NL,2021,9,26,11.9,,6.2,,17.7,,0,,,,,,,,24,,32,,0,,6.1,,51,,98,
-52.78333888888889,47.513355555555556,ST JOHNS WEST CLIMATE,8403603,8403603.2021.9.27,2021-09-27 00:00:00,NL,2021,9,27,15.2,,11.3,,19,,5.7,,,,,,,,18,,44,,0,,2.8,,89,,97,
-52.78333888888889,47.513355555555556,ST JOHNS WEST CLIMATE,8403603,8403603.2021.9.28,2021-09-28 00:00:00,NL,2021,9,28,13.9,,8.4,,19.5,,0,,,,,,,,23,,44,,0,,4.1,,47,,94,
-52.78333888888889,47.513355555555556,ST JOHNS WEST CLIMATE,8403603,8403603.2021.9.29,2021-09-29 00:00:00,NL,2021,9,29,17.3,,13.2,,21.3,,7.3,,,,,,,,22,,43,,0,,0.7,,75,,96,
-52.78333888888889,47.513355555555556,ST JOHNS WEST CLIMATE,8403603,8403603.2021.9.30,2021-09-30 00:00:00,NL,2021,9,30,15.5,,12.4,,18.7,,8.8,,,,,,,,,,,,0,,2.5,,94,,98,
-52.78333888888889,47.513355555555556,ST JOHNS WEST CLIMATE,8403603,8403603.2021.10.1,2021-10-01 00:00:00,NL,2021,10,1,15.1,,12.5,,17.7,,25.1,,,,,,,,,,,,0,,2.9,,90,,98,
-52.78333888888889,47.513355555555556,ST JOHNS WEST CLIMATE,8403603,8403603.2021.10.2,2021-10-02 00:00:00,NL,2021,10,2,13.2,,8.6,,17.8,,0.2,,,,,,,,,,,,0,,4.8,,56,,98,
-52.78333888888889,47.513355555555556,ST JOHNS WEST CLIMATE,8403603,8403603.2021.10.3,2021-10-03 00:00:00,NL,2021,10,3,12.3,,8.1,,16.5,,0,,,,,,,,,,,,0,,5.7,,46,,99,
-52.78333888888889,47.513355555555556,ST JOHNS WEST CLIMATE,8403603,8403603.2021.10.4,2021-10-04 00:00:00,NL,2021,10,4,8.2,,6.4,,10,,2,,,,,,,,32,,40,,0,,9.8,,75,,93,
-52.78333888888889,47.513355555555556,ST JOHNS WEST CLIMATE,8403603,8403603.2021.10.5,2021-10-05 00:00:00,NL,2021,10,5,,M,,M,,M,,M,,,,,,,,M,,M,,M,,M,,M,,M
-52.78333888888889,47.513355555555556,ST JOHNS WEST CLIMATE,8403603,8403603.2021.10.6,2021-10-06 00:00:00,NL,2021,10,6,9.7,,1.9,,17.5,,0,,,,,,,,27,,41,,0,,8.3,,45,,95,
-52.78333888888889,47.513355555555556,ST JOHNS WEST CLIMATE,8403603,8403603.2021.10.7,2021-10-07 00:00:00,NL,2021,10,7,9.7,,5.7,,13.7,,0,,,,,,,,31,,36,,0,,8.3,,44,,94,
-52.78333888888889,47.513355555555556,ST JOHNS WEST CLIMATE,8403603,8403603.2021.10.8,2021-10-08 00:00:00,NL,2021,10,8,6.2,,5.1,,7.3,,22.5,,,,,,,,36,,87,,0,,11.8,,73,,97,
-52.78333888888889,47.513355555555556,ST JOHNS WEST CLIMATE,8403603,8403603.2021.10.9,2021-10-09 00:00:00,NL,2021,10,9,6.6,,4.8,,8.4,,3.5,,,,,,,,36,,80,,0,,11.4,,68,,87,
-52.78333888888889,47.513355555555556,ST JOHNS WEST CLIMATE,8403603,8403603.2021.10.10,2021-10-10 00:00:00,NL,2021,10,10,6.4,,4.7,,8.1,,0.2,,,,,,,,35,,62,,0,,11.6,,66,,90,
-52.78333888888889,47.513355555555556,ST JOHNS WEST CLIMATE,8403603,8403603.2021.10.11,2021-10-11 00:00:00,NL,2021,10,11,7.6,,4.1,,11.1,,0,,,,,,,,30,,32,,0,,10.4,,74,,94,
-52.78333888888889,47.513355555555556,ST JOHNS WEST CLIMATE,8403603,8403603.2021.10.12,2021-10-12 00:00:00,NL,2021,10,12,6.8,,5,,8.6,,0.7,,,,,,,,32,,43,,0,,11.2,,81,,96,
-52.78333888888889,47.513355555555556,ST JOHNS WEST CLIMATE,8403603,8403603.2021.10.13,2021-10-13 00:00:00,NL,2021,10,13,7.3,,5.7,,8.8,,1.1,,,,,,,,35,,46,,0,,10.7,,78,,97,
-52.78333888888889,47.513355555555556,ST JOHNS WEST CLIMATE,8403603,8403603.2021.10.14,2021-10-14 00:00:00,NL,2021,10,14,7.1,,5.4,,8.8,,5.5,,,,,,,,32,,61,,0,,10.9,,87,,97,
-52.78333888888889,47.513355555555556,ST JOHNS WEST CLIMATE,8403603,8403603.2021.10.15,2021-10-15 00:00:00,NL,2021,10,15,7.9,,7,,8.8,,8.8,,,,,,,,32,,75,,0,,10.1,,92,,97,
-52.78333888888889,47.513355555555556,ST JOHNS WEST CLIMATE,8403603,8403603.2021.10.16,2021-10-16 00:00:00,NL,2021,10,16,7,,5.5,,8.4,,4.1,,,,,,,,35,,53,,0,,11,,92,,96,
-52.78333888888889,47.513355555555556,ST JOHNS WEST CLIMATE,8403603,8403603.2021.10.17,2021-10-17 00:00:00,NL,2021,10,17,5,,3.8,,6.2,,0,,,,,,,,32,,41,,0,,13,,84,,98,
-52.78333888888889,47.513355555555556,ST JOHNS WEST CLIMATE,8403603,8403603.2021.10.18,2021-10-18 00:00:00,NL,2021,10,18,6.4,,4.3,,8.4,,10.6,,,,,,,,11,,42,,0,,11.6,,80,,99,
-52.78333888888889,47.513355555555556,ST JOHNS WEST CLIMATE,8403603,8403603.2021.10.19,2021-10-19 00:00:00,NL,2021,10,19,10.8,,6.2,,15.4,,1.4,,,,,,,,15,,33,,0,,7.2,,58,,99,
-52.78333888888889,47.513355555555556,ST JOHNS WEST CLIMATE,8403603,8403603.2021.10.20,2021-10-20 00:00:00,NL,2021,10,20,8.8,,7.8,,9.8,,9.8,,,,,,,,28,,31,,0,,9.2,,92,,99,
-52.78333888888889,47.513355555555556,ST JOHNS WEST CLIMATE,8403603,8403603.2021.10.21,2021-10-21 00:00:00,NL,2021,10,21,7.9,,4.8,,11.1,,2.3,,,,,,,,26,,56,,0,,10.1,,65,,94,
-52.78333888888889,47.513355555555556,ST JOHNS WEST CLIMATE,8403603,8403603.2021.10.22,2021-10-22 00:00:00,NL,2021,10,22,7.8,,2.5,,13,,0,,,,,,,,29,,32,,0,,10.2,,59,,97,
-52.78333888888889,47.513355555555556,ST JOHNS WEST CLIMATE,8403603,8403603.2021.10.23,2021-10-23 00:00:00,NL,2021,10,23,14.2,,10.4,,18,,6.7,,,,,,,,23,,38,,0,,3.8,,85,,98,
-52.78333888888889,47.513355555555556,ST JOHNS WEST CLIMATE,8403603,8403603.2021.10.24,2021-10-24 00:00:00,NL,2021,10,24,13.1,,9.2,,17,,12.3,,,,,,,,23,,62,,0,,4.9,,82,,98,
-52.78333888888889,47.513355555555556,ST JOHNS WEST CLIMATE,8403603,8403603.2021.10.25,2021-10-25 00:00:00,NL,2021,10,25,6.3,,2.9,,9.8,,10.9,,,,,,,,32,,66,,0,,11.7,,67,,94,
-52.78333888888889,47.513355555555556,ST JOHNS WEST CLIMATE,8403603,8403603.2021.10.26,2021-10-26 00:00:00,NL,2021,10,26,4,,2,,6,,1,,,,,,,,31,,35,,0,,14,,66,,93,
-52.78333888888889,47.513355555555556,ST JOHNS WEST CLIMATE,8403603,8403603.2021.10.27,2021-10-27 00:00:00,NL,2021,10,27,2.2,,-1.4,,5.9,,0.2,,,,,,,,5,,34,,0,,15.8,,66,,96,
-52.78333888888889,47.513355555555556,ST JOHNS WEST CLIMATE,8403603,8403603.2021.10.28,2021-10-28 00:00:00,NL,2021,10,28,2.9,,2.3,,3.5,,0.2,,,,,,,,5,,42,,0,,15.1,,78,,96,
-52.78333888888889,47.513355555555556,ST JOHNS WEST CLIMATE,8403603,8403603.2021.10.29,2021-10-29 00:00:00,NL,2021,10,29,3.8,,2.8,,4.8,,0.2,,,,,,,,4,,42,,0,,14.2,,86,,97,
-52.78333888888889,47.513355555555556,ST JOHNS WEST CLIMATE,8403603,8403603.2021.10.30,2021-10-30 00:00:00,NL,2021,10,30,4,,-3.4,,11.4,,0,,,,,,,,,,,,0,,14,,33,,95,
-52.78333888888889,47.513355555555556,ST JOHNS WEST CLIMATE,8403603,8403603.2021.10.31,2021-10-31 00:00:00,NL,2021,10,31,1.8,,-3.8,,7.4,,0,,,,,,,,,,,,0,,16.2,,85,,99,
-52.78333888888889,47.513355555555556,ST JOHNS WEST CLIMATE,8403603,8403603.2021.11.1,2021-11-01 00:00:00,NL,2021,11,1,8.5,,6.7,,10.4,,0.6,,,,,,,,16,,39,,0,,9.5,,96,,99,
-52.78333888888889,47.513355555555556,ST JOHNS WEST CLIMATE,8403603,8403603.2021.11.2,2021-11-02 00:00:00,NL,2021,11,2,7,,0.8,,13.2,,0,,,,,,,,,,,,0,,11,,66,,99,
-52.78333888888889,47.513355555555556,ST JOHNS WEST CLIMATE,8403603,8403603.2021.11.3,2021-11-03 00:00:00,NL,2021,11,3,5.1,,-0.7,,10.9,,0,,,,,,,,,,,,0,,12.9,,44,,98,
-52.78333888888889,47.513355555555556,ST JOHNS WEST CLIMATE,8403603,8403603.2021.11.4,2021-11-04 00:00:00,NL,2021,11,4,5.5,,-0.1,,11.1,,0,,,,,,,,25,,57,,0,,12.5,,64,,99,
-52.78333888888889,47.513355555555556,ST JOHNS WEST CLIMATE,8403603,8403603.2021.11.5,2021-11-05 00:00:00,NL,2021,11,5,2,,-1.7,,5.7,,13.6,,,,,,,,,,,,0,,16,,56,,99,
-52.78333888888889,47.513355555555556,ST JOHNS WEST CLIMATE,8403603,8403603.2021.11.6,2021-11-06 00:00:00,NL,2021,11,6,2.5,,0.5,,4.5,,6.8,,,,,,11,,32,,41,,0,,15.5,,66,,96,
-52.78333888888889,47.513355555555556,ST JOHNS WEST CLIMATE,8403603,8403603.2021.11.7,2021-11-07 00:00:00,NL,2021,11,7,7,,3.9,,10,,0,,,,,,1,,25,,51,,0,,11,,64,,88,
-52.78333888888889,47.513355555555556,ST JOHNS WEST CLIMATE,8403603,8403603.2021.11.8,2021-11-08 00:00:00,NL,2021,11,8,5.6,,0.6,,10.7,,0,,,,,,,,25,,34,,0,,12.4,,64,,98,
-52.78333888888889,47.513355555555556,ST JOHNS WEST CLIMATE,8403603,8403603.2021.11.9,2021-11-09 00:00:00,NL,2021,11,9,5.4,,0.5,,10.3,,0,,,,,,,,,,,,0,,12.6,,65,,98,
-52.78333888888889,47.513355555555556,ST JOHNS WEST CLIMATE,8403603,8403603.2021.11.10,2021-11-10 00:00:00,NL,2021,11,10,6.3,,3.4,,9.3,,0,,,,,,,,28,,35,,0,,11.7,,53,,93,
-52.78333888888889,47.513355555555556,ST JOHNS WEST CLIMATE,8403603,8403603.2021.11.11,2021-11-11 00:00:00,NL,2021,11,11,3.7,,2,,5.5,,18.1,,,,,,,,34,,73,,0,,14.3,,82,,94,
-52.78333888888889,47.513355555555556,ST JOHNS WEST CLIMATE,8403603,8403603.2021.11.12,2021-11-12 00:00:00,NL,2021,11,12,0.5,,-2.1,,3,,1.8,,,,,,,,32,,64,,0,,17.5,,70,,90,
-52.78333888888889,47.513355555555556,ST JOHNS WEST CLIMATE,8403603,8403603.2021.11.13,2021-11-13 00:00:00,NL,2021,11,13,4.4,,-3.5,,12.3,,10.8,,,,,,,,18,,54,,0,,13.6,,76,,96,
-52.78333888888889,47.513355555555556,ST JOHNS WEST CLIMATE,8403603,8403603.2021.11.14,2021-11-14 00:00:00,NL,2021,11,14,10.6,,7.2,,14.1,,9.1,,,,,,,,22,,66,,0,,7.4,,84,,96,
-52.78333888888889,47.513355555555556,ST JOHNS WEST CLIMATE,8403603,8403603.2021.11.15,2021-11-15 00:00:00,NL,2021,11,15,5.6,,3.2,,7.9,,10.7,,,,,,,,26,,48,,0,,12.4,,75,,98,
-52.78333888888889,47.513355555555556,ST JOHNS WEST CLIMATE,8403603,8403603.2021.11.16,2021-11-16 00:00:00,NL,2021,11,16,6.4,,2.9,,9.9,,9.4,,,,,,0,,24,,66,,0,,11.6,,64,,98,
-52.78333888888889,47.513355555555556,ST JOHNS WEST CLIMATE,8403603,8403603.2021.11.17,2021-11-17 00:00:00,NL,2021,11,17,3.1,,0.3,,5.9,,1,,,,,,,,25,,51,,0,,14.9,,70,,88,
-52.78333888888889,47.513355555555556,ST JOHNS WEST CLIMATE,8403603,8403603.2021.11.18,2021-11-18 00:00:00,NL,2021,11,18,-1.5,,-5,,1.9,,0,,,,,,,,31,,34,,0,,19.5,,54,,86,
-52.78333888888889,47.513355555555556,ST JOHNS WEST CLIMATE,8403603,8403603.2021.11.19,2021-11-19 00:00:00,NL,2021,11,19,4.9,,-0.3,,10.1,,4.2,,,,,,,,17,,59,,0,,13.1,,83,,97,
-52.78333888888889,47.513355555555556,ST JOHNS WEST CLIMATE,8403603,8403603.2021.11.20,2021-11-20 00:00:00,NL,2021,11,20,5.4,,0.2,,10.5,,17.8,,,,,,,,17,,64,,0,,12.6,,66,,97,
-52.78333888888889,47.513355555555556,ST JOHNS WEST CLIMATE,8403603,8403603.2021.11.21,2021-11-21 00:00:00,NL,2021,11,21,-2.3,,-5.9,,1.3,,0.2,,,,,,,,,,,,0,,20.3,,55,,92,
-52.78333888888889,47.513355555555556,ST JOHNS WEST CLIMATE,8403603,8403603.2021.11.22,2021-11-22 00:00:00,NL,2021,11,22,0.3,,-5.8,,6.4,,0,,,,,,,,,,,,0,,17.7,,58,,95,
-52.78333888888889,47.513355555555556,ST JOHNS WEST CLIMATE,8403603,8403603.2021.11.23,2021-11-23 00:00:00,NL,2021,11,23,3.6,,1.3,,5.9,,0,,,,,,,,16,,56,,0,,14.4,,80,,99,
-52.78333888888889,47.513355555555556,ST JOHNS WEST CLIMATE,8403603,8403603.2021.11.24,2021-11-24 00:00:00,NL,2021,11,24,7.1,,5.8,,8.5,,2.1,,,,,,,,13,,51,,0,,10.9,,99,,100,
-52.78333888888889,47.513355555555556,ST JOHNS WEST CLIMATE,8403603,8403603.2021.11.25,2021-11-25 00:00:00,NL,2021,11,25,8.9,,8.1,,9.8,,17.2,,,,,,,,13,,55,,0,,9.1,,100,,100,
-52.78333888888889,47.513355555555556,ST JOHNS WEST CLIMATE,8403603,8403603.2021.11.26,2021-11-26 00:00:00,NL,2021,11,26,7.8,,5.6,,10,,6.4,,,,,,,,13,,35,,0,,10.2,,98,,100,
-52.78333888888889,47.513355555555556,ST JOHNS WEST CLIMATE,8403603,8403603.2021.11.27,2021-11-27 00:00:00,NL,2021,11,27,8.3,,5.2,,11.5,,7.5,,,,,,,,18,,48,,0,,9.7,,87,,100,
-52.78333888888889,47.513355555555556,ST JOHNS WEST CLIMATE,8403603,8403603.2021.11.28,2021-11-28 00:00:00,NL,2021,11,28,6.8,,2.9,,10.7,,0,,,,,,,,22,,43,,0,,11.2,,65,,99,
-52.78333888888889,47.513355555555556,ST JOHNS WEST CLIMATE,8403603,8403603.2021.11.29,2021-11-29 00:00:00,NL,2021,11,29,5.7,,2.3,,9.2,,0,,,,,,,,14,,46,,0,,12.3,,66,,99,
-52.78333888888889,47.513355555555556,ST JOHNS WEST CLIMATE,8403603,8403603.2021.11.30,2021-11-30 00:00:00,NL,2021,11,30,7.8,,3.2,,12.4,,24.6,,,,,,,,16,,70,,0,,10.2,,80,,99,
-52.78333888888889,47.513355555555556,ST JOHNS WEST CLIMATE,8403603,8403603.2021.12.1,2021-12-01 00:00:00,NL,2021,12,1,,M,,M,,M,,M,,,,,,,,M,,M,,M,,M,,M,,M
-52.78333888888889,47.513355555555556,ST JOHNS WEST CLIMATE,8403603,8403603.2021.12.2,2021-12-02 00:00:00,NL,2021,12,2,4.1,,1.6,,6.7,,0.8,,,,,,0,,22,,41,,0,,13.9,,59,,96,
-52.78333888888889,47.513355555555556,ST JOHNS WEST CLIMATE,8403603,8403603.2021.12.3,2021-12-03 00:00:00,NL,2021,12,3,7.8,,4.2,,11.5,,29.6,,,,,,1,,20,,65,,0,,10.2,,81,,98,
-52.78333888888889,47.513355555555556,ST JOHNS WEST CLIMATE,8403603,8403603.2021.12.4,2021-12-04 00:00:00,NL,2021,12,4,-0.1,,-4.5,,4.2,,1.5,,,,,,1,,25,,62,,0,,18.1,,40,,87,
-52.78333888888889,47.513355555555556,ST JOHNS WEST CLIMATE,8403603,8403603.2021.12.5,2021-12-05 00:00:00,NL,2021,12,5,-2.2,,-6.7,,2.3,,0.5,,,,,,1,,28,,38,,0,,20.2,,50,,93,
-52.78333888888889,47.513355555555556,ST JOHNS WEST CLIMATE,8403603,8403603.2021.12.6,2021-12-06 00:00:00,NL,2021,12,6,0.4,,-3.2,,4,,0,,,,,,1,,19,,47,,0,,17.6,,54,,86,
-52.78333888888889,47.513355555555556,ST JOHNS WEST CLIMATE,8403603,8403603.2021.12.7,2021-12-07 00:00:00,NL,2021,12,7,7.9,,0.6,,15.1,,3.7,,,,,,1,,20,,76,,0,,10.1,,53,,97,
-52.78333888888889,47.513355555555556,ST JOHNS WEST CLIMATE,8403603,8403603.2021.12.8,2021-12-08 00:00:00,NL,2021,12,8,-0.4,,-3,,2.1,,0,,,,,,0,,29,,32,,0,,18.4,,54,,92,
-52.78333888888889,47.513355555555556,ST JOHNS WEST CLIMATE,8403603,8403603.2021.12.9,2021-12-09 00:00:00,NL,2021,12,9,-0.3,,-3.2,,2.6,,21.2,,,,,,7,,31,,97,,0,,18.3,,77,,99,
-52.78333888888889,47.513355555555556,ST JOHNS WEST CLIMATE,8403603,8403603.2021.12.10,2021-12-10 00:00:00,NL,2021,12,10,-6,,-9.1,,-2.9,,0,,,,,,7,,29,,54,,0,,24,,62,,78,
-52.78333888888889,47.513355555555556,ST JOHNS WEST CLIMATE,8403603,8403603.2021.12.11,2021-12-11 00:00:00,NL,2021,12,11,-3.1,,-9.1,,2.9,,1.2,,,,,,7,,,,,,0,,21.1,,74,,98,
-52.78333888888889,47.513355555555556,ST JOHNS WEST CLIMATE,8403603,8403603.2021.12.12,2021-12-12 00:00:00,NL,2021,12,12,7.9,,2.1,,13.7,,8.8,,,,,,5,,23,,77,,0,,10.1,,65,,98,
-52.78333888888889,47.513355555555556,ST JOHNS WEST CLIMATE,8403603,8403603.2021.12.13,2021-12-13 00:00:00,NL,2021,12,13,3.9,,2,,5.8,,0.2,,,,,,0,,25,,58,,0,,14.1,,57,,85,
-52.78333888888889,47.513355555555556,ST JOHNS WEST CLIMATE,8403603,8403603.2021.12.14,2021-12-14 00:00:00,NL,2021,12,14,-1.3,,-5.1,,2.6,,3.3,,,,,,0,,30,,51,,0,,19.3,,72,,96,
-52.78333888888889,47.513355555555556,ST JOHNS WEST CLIMATE,8403603,8403603.2021.12.15,2021-12-15 00:00:00,NL,2021,12,15,-4.9,,-6.5,,-3.4,,0.5,,,,,,5,,32,,60,,0,,22.9,,60,,84,
-52.78333888888889,47.513355555555556,ST JOHNS WEST CLIMATE,8403603,8403603.2021.12.16,2021-12-16 00:00:00,NL,2021,12,16,-9.7,,-13.2,,-6.1,,0,,,,,,2,,31,,37,,0,,27.7,,64,,89,
-52.78333888888889,47.513355555555556,ST JOHNS WEST CLIMATE,8403603,8403603.2021.12.17,2021-12-17 00:00:00,NL,2021,12,17,-4.3,,-12.4,,3.8,,15.9,,,,,,2,,13,,68,,0,,22.3,,73,,99,
-52.78333888888889,47.513355555555556,ST JOHNS WEST CLIMATE,8403603,8403603.2021.12.18,2021-12-18 00:00:00,NL,2021,12,18,-1.2,,-4.4,,2.1,,4,,,,,,9,,29,,69,,0,,19.2,,66,,94,
-52.78333888888889,47.513355555555556,ST JOHNS WEST CLIMATE,8403603,8403603.2021.12.19,2021-12-19 00:00:00,NL,2021,12,19,-5.6,,-7,,-4.3,,0,,,,,,8,,28,,69,,0,,23.6,,63,,79,
-52.78333888888889,47.513355555555556,ST JOHNS WEST CLIMATE,8403603,8403603.2021.12.20,2021-12-20 00:00:00,NL,2021,12,20,-6.4,,-8.7,,-4.1,,0,,,,,,8,,29,,32,,0,,24.4,,69,,86,
-52.78333888888889,47.513355555555556,ST JOHNS WEST CLIMATE,8403603,8403603.2021.12.21,2021-12-21 00:00:00,NL,2021,12,21,-3.3,,-7.9,,1.2,,1.6,,,,,,8,,29,,59,,0,,21.3,,58,,97,
-52.78333888888889,47.513355555555556,ST JOHNS WEST CLIMATE,8403603,8403603.2021.12.22,2021-12-22 00:00:00,NL,2021,12,22,-4.2,,-7.5,,-0.8,,0,,,,,,8,,11,,47,,0,,22.2,,64,,89,
-52.78333888888889,47.513355555555556,ST JOHNS WEST CLIMATE,8403603,8403603.2021.12.23,2021-12-23 00:00:00,NL,2021,12,23,1,,-2.8,,4.7,,20.4,,,,,,7,,26,,72,,0,,17,,67,,98,
-52.78333888888889,47.513355555555556,ST JOHNS WEST CLIMATE,8403603,8403603.2021.12.24,2021-12-24 00:00:00,NL,2021,12,24,-3.6,,-5.2,,-2,,2.2,,,,,,3,,25,,67,,0,,21.6,,55,,91,
-52.78333888888889,47.513355555555556,ST JOHNS WEST CLIMATE,8403603,8403603.2021.12.25,2021-12-25 00:00:00,NL,2021,12,25,-3.6,,-5.2,,-2,,5.3,,,,,,9,,31,,42,,0,,21.6,,70,,94,
-52.78333888888889,47.513355555555556,ST JOHNS WEST CLIMATE,8403603,8403603.2021.12.26,2021-12-26 00:00:00,NL,2021,12,26,-1.7,,-4,,0.7,,0.5,,,,,,14,,31,,41,,0,,19.7,,65,,97,
-52.78333888888889,47.513355555555556,ST JOHNS WEST CLIMATE,8403603,8403603.2021.12.27,2021-12-27 00:00:00,NL,2021,12,27,0.6,,-1,,2.3,,10.1,,,,,,13,,1,,62,,0,,17.4,,94,,97,
-52.78333888888889,47.513355555555556,ST JOHNS WEST CLIMATE,8403603,8403603.2021.12.28,2021-12-28 00:00:00,NL,2021,12,28,0.7,,-0.3,,1.6,,3.1,,,,,,6,,32,,57,,0,,17.3,,82,,95,
-52.78333888888889,47.513355555555556,ST JOHNS WEST CLIMATE,8403603,8403603.2021.12.29,2021-12-29 00:00:00,NL,2021,12,29,1,,0.7,,1.3,,1.9,,,,,,7,,33,,43,,0,,17,,91,,97,
-52.78333888888889,47.513355555555556,ST JOHNS WEST CLIMATE,8403603,8403603.2021.12.30,2021-12-30 00:00:00,NL,2021,12,30,-0.7,,-2.5,,1.2,,0.6,,,,,,7,,1,,38,,0,,18.7,,80,,94,
-52.78333888888889,47.513355555555556,ST JOHNS WEST CLIMATE,8403603,8403603.2021.12.31,2021-12-31 00:00:00,NL,2021,12,31,-3,,-4.1,,-1.9,,0,,,,,,6,,,,,,0,,21,,76,,90,
-52.78333888888889,47.513355555555556,ST JOHNS WEST CLIMATE,8403603,8403603.2022.1.1,2022-01-01 00:00:00,NL,2022,1,1,-2.5,,-4.5,,-0.5,,0,,,,,,6,,,,,,0,,20.5,,77,,98,
-52.78333888888889,47.513355555555556,ST JOHNS WEST CLIMATE,8403603,8403603.2022.1.2,2022-01-02 00:00:00,NL,2022,1,2,2.2,,-1.7,,6.2,,12.6,,,,,,6,,19,,61,,0,,15.8,,85,,98,
-52.78333888888889,47.513355555555556,ST JOHNS WEST CLIMATE,8403603,8403603.2022.1.3,2022-01-03 00:00:00,NL,2022,1,3,0.4,,-6.2,,7,,0.5,,,,,,0,,29,,56,,0,,17.6,,56,,97,
-52.78333888888889,47.513355555555556,ST JOHNS WEST CLIMATE,8403603,8403603.2022.1.4,2022-01-04 00:00:00,NL,2022,1,4,-9.2,,-12.5,,-5.9,,6.4,,,,,,0,,33,,63,,0,,27.2,,70,,91,
-52.78333888888889,47.513355555555556,ST JOHNS WEST CLIMATE,8403603,8403603.2022.1.5,2022-01-05 00:00:00,NL,2022,1,5,-4.2,,-10.8,,2.5,,0,,,,,,10,,29,,51,,0,,22.2,,62,,84,
-52.78333888888889,47.513355555555556,ST JOHNS WEST CLIMATE,8403603,8403603.2022.1.6,2022-01-06 00:00:00,NL,2022,1,6,3.9,,-1.1,,9,,9,,,,,,7,,26,,63,,0,,14.1,,71,,97,
-52.78333888888889,47.513355555555556,ST JOHNS WEST CLIMATE,8403603,8403603.2022.1.7,2022-01-07 00:00:00,NL,2022,1,7,-1.3,,-3.2,,0.6,,3.1,,,,,,0,,10,,51,,0,,19.3,,69,,98,
-52.78333888888889,47.513355555555556,ST JOHNS WEST CLIMATE,8403603,8403603.2022.1.8,2022-01-08 00:00:00,NL,2022,1,8,-2.4,,-8.7,,3.9,,2.4,,,,,,2,,30,,81,,0,,20.4,,71,,99,
-52.78333888888889,47.513355555555556,ST JOHNS WEST CLIMATE,8403603,8403603.2022.1.9,2022-01-09 00:00:00,NL,2022,1,9,-4.5,,-9.1,,0.2,,0.2,,,,,,1,,29,,47,,0,,22.5,,54,,95,
-52.78333888888889,47.513355555555556,ST JOHNS WEST CLIMATE,8403603,8403603.2022.1.10,2022-01-10 00:00:00,NL,2022,1,10,1.3,,-3.9,,6.5,,6.5,,,,,,0,,24,,56,,0,,16.7,,72,,95,
-52.78333888888889,47.513355555555556,ST JOHNS WEST CLIMATE,8403603,8403603.2022.1.11,2022-01-11 00:00:00,NL,2022,1,11,-7.2,,-10.4,,-3.9,,0.5,,,,,,0,,28,,34,,0,,25.2,,57,,86,
-52.78333888888889,47.513355555555556,ST JOHNS WEST CLIMATE,8403603,8403603.2022.1.12,2022-01-12 00:00:00,NL,2022,1,12,-8.5,,-11.3,,-5.8,,0,,,,,,1,,,,,,0,,26.5,,50,,81,
-52.78333888888889,47.513355555555556,ST JOHNS WEST CLIMATE,8403603,8403603.2022.1.13,2022-01-13 00:00:00,NL,2022,1,13,-1.1,,-6.2,,3.9,,7.3,,,,,,2,,19,,39,,0,,19.1,,80,,97,
-52.78333888888889,47.513355555555556,ST JOHNS WEST CLIMATE,8403603,8403603.2022.1.14,2022-01-14 00:00:00,NL,2022,1,14,4.7,,2.4,,7.1,,1.9,,,,,,1,,13,,54,,0,,13.3,,86,,98,
-52.78333888888889,47.513355555555556,ST JOHNS WEST CLIMATE,8403603,8403603.2022.1.15,2022-01-15 00:00:00,NL,2022,1,15,1.8,,-3.8,,7.4,,51.4,,,,,,1,,22,,82,,0,,16.2,,68,,99,
-52.78333888888889,47.513355555555556,ST JOHNS WEST CLIMATE,8403603,8403603.2022.1.16,2022-01-16 00:00:00,NL,2022,1,16,-5.5,,-7.9,,-3.2,,1.1,,,,,,1,,23,,69,,0,,23.5,,57,,80,
-52.78333888888889,47.513355555555556,ST JOHNS WEST CLIMATE,8403603,8403603.2022.1.17,2022-01-17 00:00:00,NL,2022,1,17,-4.7,,-8.8,,-0.7,,0,,,,,,,,16,,40,,0,,22.7,,48,,86,
-52.78333888888889,47.513355555555556,ST JOHNS WEST CLIMATE,8403603,8403603.2022.1.18,2022-01-18 00:00:00,NL,2022,1,18,2.3,,-1.1,,5.6,,36.8,,,,,,1,,15,,68,,0,,15.7,,77,,98,
-52.78333888888889,47.513355555555556,ST JOHNS WEST CLIMATE,8403603,8403603.2022.1.19,2022-01-19 00:00:00,NL,2022,1,19,-0.3,,-4.5,,3.9,,0.4,,,,,,1,,24,,54,,0,,18.3,,57,,94,
-52.78333888888889,47.513355555555556,ST JOHNS WEST CLIMATE,8403603,8403603.2022.1.20,2022-01-20 00:00:00,NL,2022,1,20,2.4,,-2.8,,7.5,,5.9,,,,,,1,,22,,46,,0,,15.6,,73,,95,
-52.78333888888889,47.513355555555556,ST JOHNS WEST CLIMATE,8403603,8403603.2022.1.21,2022-01-21 00:00:00,NL,2022,1,21,-1.4,,-7.5,,4.8,,5.8,,,,,,1,,,,,,0,,19.4,,76,,97,
-52.78333888888889,47.513355555555556,ST JOHNS WEST CLIMATE,8403603,8403603.2022.1.22,2022-01-22 00:00:00,NL,2022,1,22,-8,,-11.5,,-4.4,,0,,,,,,6,,,,,,0,,26,,62,,89,
-52.78333888888889,47.513355555555556,ST JOHNS WEST CLIMATE,8403603,8403603.2022.1.23,2022-01-23 00:00:00,NL,2022,1,23,-4.2,,-6.5,,-1.9,,7.2,,,,,,19,,31,,45,,0,,22.2,,76,,96,
-52.78333888888889,47.513355555555556,ST JOHNS WEST CLIMATE,8403603,8403603.2022.1.24,2022-01-24 00:00:00,NL,2022,1,24,-1.7,,-5,,1.5,,6.5,,,,,,17,,13,,56,,0,,19.7,,83,,99,
-52.78333888888889,47.513355555555556,ST JOHNS WEST CLIMATE,8403603,8403603.2022.1.25,2022-01-25 00:00:00,NL,2022,1,25,-1.8,,-5.4,,1.9,,0.2,,,,,,16,,29,,40,,0,,19.8,,73,,99,
-52.78333888888889,47.513355555555556,ST JOHNS WEST CLIMATE,8403603,8403603.2022.1.26,2022-01-26 00:00:00,NL,2022,1,26,-0.2,,-3.5,,3.1,,8,,,,,,17,,17,,49,,0,,18.2,,89,,98,
-52.78333888888889,47.513355555555556,ST JOHNS WEST CLIMATE,8403603,8403603.2022.1.27,2022-01-27 00:00:00,NL,2022,1,27,-9.1,,-14.9,,-3.3,,3.4,,,,,,20,,36,,36,,0,,27.1,,68,,92,
-52.78333888888889,47.513355555555556,ST JOHNS WEST CLIMATE,8403603,8403603.2022.1.28,2022-01-28 00:00:00,NL,2022,1,28,-10,,-17.9,,-2.1,,0,,,,,,22,,,,,,0,,28,,74,,89,
-52.78333888888889,47.513355555555556,ST JOHNS WEST CLIMATE,8403603,8403603.2022.1.29,2022-01-29 00:00:00,NL,2022,1,29,2,,-2.5,,6.5,,43.5,,,,,,19,,14,,71,,0,,16,,67,,98,
-52.78333888888889,47.513355555555556,ST JOHNS WEST CLIMATE,8403603,8403603.2022.1.30,2022-01-30 00:00:00,NL,2022,1,30,5.9,,0.8,,10.9,,35.5,,,,,,0,,22,,64,,0,,12.1,,75,,98,
-52.78333888888889,47.513355555555556,ST JOHNS WEST CLIMATE,8403603,8403603.2022.1.31,2022-01-31 00:00:00,NL,2022,1,31,1.2,,-1.6,,3.9,,0,,,,,,1,,25,,43,,0,,16.8,,57,,81,
-52.78333888888889,47.513355555555556,ST JOHNS WEST CLIMATE,8403603,8403603.2022.2.1,2022-02-01 00:00:00,NL,2022,2,1,-5.3,,-9.2,,-1.5,,0,,,,,,0,,30,,38,,0,,23.3,,48,,77,
-52.78333888888889,47.513355555555556,ST JOHNS WEST CLIMATE,8403603,8403603.2022.2.2,2022-02-02 00:00:00,NL,2022,2,2,-5,,-9,,-0.9,,0,,,,,,1,,33,,32,,0,,23,,64,,91,
-52.78333888888889,47.513355555555556,ST JOHNS WEST CLIMATE,8403603,8403603.2022.2.3,2022-02-03 00:00:00,NL,2022,2,3,-0.4,,-4.2,,3.4,,0,,,,,,1,,22,,52,,0,,18.4,,68,,94,
-52.78333888888889,47.513355555555556,ST JOHNS WEST CLIMATE,8403603,8403603.2022.2.4,2022-02-04 00:00:00,NL,2022,2,4,1.9,,-0.7,,4.5,,34.3,,,,,,1,,,M,,M,0,,16.1,,93,,98,
-52.78333888888889,47.513355555555556,ST JOHNS WEST CLIMATE,8403603,8403603.2022.2.5,2022-02-05 00:00:00,NL,2022,2,5,4.1,,-1.8,,10.1,,63.6,,,,,,1,,,M,,M,0,,13.9,,93,,99,
-52.78333888888889,47.513355555555556,ST JOHNS WEST CLIMATE,8403603,8403603.2022.2.6,2022-02-06 00:00:00,NL,2022,2,6,-6.9,,-12.1,,-1.6,,2.1,,,,,,4,,31,,65,,0,,24.9,,59,,95,
-52.78333888888889,47.513355555555556,ST JOHNS WEST CLIMATE,8403603,8403603.2022.2.7,2022-02-07 00:00:00,NL,2022,2,7,-8.9,,-13.2,,-4.6,,0,,,,,,3,,,,,,0,,26.9,,46,,89,
-52.78333888888889,47.513355555555556,ST JOHNS WEST CLIMATE,8403603,8403603.2022.2.8,2022-02-08 00:00:00,NL,2022,2,8,-2.1,,-4.6,,0.5,,3.1,,,,,,2,,12,,71,,0,,20.1,,72,,97,
-52.78333888888889,47.513355555555556,ST JOHNS WEST CLIMATE,8403603,8403603.2022.2.9,2022-02-09 00:00:00,NL,2022,2,9,3.3,,0.1,,6.4,,14.4,,,,,,,,11,,69,,0,,14.7,,83,,99,
-52.78333888888889,47.513355555555556,ST JOHNS WEST CLIMATE,8403603,8403603.2022.2.10,2022-02-10 00:00:00,NL,2022,2,10,2.3,,-1.7,,6.3,,0,,,,,,1,,30,,51,,0,,15.7,,59,,96,
-52.78333888888889,47.513355555555556,ST JOHNS WEST CLIMATE,8403603,8403603.2022.2.11,2022-02-11 00:00:00,NL,2022,2,11,2.9,,-0.3,,6.1,,0,,,,,,0,,25,,49,,0,,15.1,,68,,96,
-52.78333888888889,47.513355555555556,ST JOHNS WEST CLIMATE,8403603,8403603.2022.2.12,2022-02-12 00:00:00,NL,2022,2,12,3,,-1.2,,7.2,,0.3,,,,,,,,21,,45,,0,,15,,65,,96,
-52.78333888888889,47.513355555555556,ST JOHNS WEST CLIMATE,8403603,8403603.2022.2.13,2022-02-13 00:00:00,NL,2022,2,13,2.9,,-3,,8.7,,0.7,,,,,,0,,27,,50,,0,,15.1,,51,,98,
-52.78333888888889,47.513355555555556,ST JOHNS WEST CLIMATE,8403603,8403603.2022.2.14,2022-02-14 00:00:00,NL,2022,2,14,-4,,-5.1,,-2.9,,12.8,,,,,,18,,1,,53,,0,,22,,87,,95,
-52.78333888888889,47.513355555555556,ST JOHNS WEST CLIMATE,8403603,8403603.2022.2.15,2022-02-15 00:00:00,NL,2022,2,15,-8.1,,-11.6,,-4.6,,3.4,,,,,,21,,32,,45,,0,,26.1,,59,,93,
-52.78333888888889,47.513355555555556,ST JOHNS WEST CLIMATE,8403603,8403603.2022.2.16,2022-02-16 00:00:00,NL,2022,2,16,-11.2,,-13.8,,-8.6,,0.2,,,,,,20,,29,,64,,0,,29.2,,52,,80,
-52.78333888888889,47.513355555555556,ST JOHNS WEST CLIMATE,8403603,8403603.2022.2.17,2022-02-17 00:00:00,NL,2022,2,17,-2.4,,-12.3,,7.4,,0.2,,,,,,22,,24,,76,,0,,20.4,,78,,88,
-52.78333888888889,47.513355555555556,ST JOHNS WEST CLIMATE,8403603,8403603.2022.2.18,2022-02-18 00:00:00,NL,2022,2,18,7.7,,3.4,,12.1,,20.4,,,,,,1,,19,,93,,0,,10.3,,81,,94,
-52.78333888888889,47.513355555555556,ST JOHNS WEST CLIMATE,8403603,8403603.2022.2.19,2022-02-19 00:00:00,NL,2022,2,19,-1.4,,-6.3,,3.4,,0.4,,,,,,,,25,,49,,0,,19.4,,59,,90,
-52.78333888888889,47.513355555555556,ST JOHNS WEST CLIMATE,8403603,8403603.2022.2.20,2022-02-20 00:00:00,NL,2022,2,20,-4.1,,-5.8,,-2.4,,0.2,,,,,,,,32,,40,,0,,22.1,,56,,91,
-52.78333888888889,47.513355555555556,ST JOHNS WEST CLIMATE,8403603,8403603.2022.2.21,2022-02-21 00:00:00,NL,2022,2,21,-2.3,,-6.9,,2.3,,0,,,,,,1,,22,,59,,0,,20.3,,64,,86,
-52.78333888888889,47.513355555555556,ST JOHNS WEST CLIMATE,8403603,8403603.2022.2.22,2022-02-22 00:00:00,NL,2022,2,22,-3.6,,-7,,-0.2,,0,,,,,,,,28,,38,,0,,21.6,,37,,75,
-52.78333888888889,47.513355555555556,ST JOHNS WEST CLIMATE,8403603,8403603.2022.2.23,2022-02-23 00:00:00,NL,2022,2,23,2.2,,-5,,9.4,,10.5,,,,,,,,19,,59,,0,,15.8,,76,,98,
-52.78333888888889,47.513355555555556,ST JOHNS WEST CLIMATE,8403603,8403603.2022.2.24,2022-02-24 00:00:00,NL,2022,2,24,0.8,,-7,,8.6,,0.4,,,,,,0,,25,,73,,0,,17.2,,51,,94,
-52.78333888888889,47.513355555555556,ST JOHNS WEST CLIMATE,8403603,8403603.2022.2.25,2022-02-25 00:00:00,NL,2022,2,25,-5.9,,-8,,-3.8,,0,,,,,,,,26,,49,,0,,23.9,,36,,87,
-52.78333888888889,47.513355555555556,ST JOHNS WEST CLIMATE,8403603,8403603.2022.2.26,2022-02-26 00:00:00,NL,2022,2,26,-9.5,,-11.9,,-7.1,,2.5,,,,,,16,,2,,42,,0,,27.5,,51,,90,
-52.78333888888889,47.513355555555556,ST JOHNS WEST CLIMATE,8403603,8403603.2022.2.27,2022-02-27 00:00:00,NL,2022,2,27,-6.9,,-11.5,,-2.3,,0,,,,,,11,,24,,43,,0,,24.9,,50,,90,
-52.78333888888889,47.513355555555556,ST JOHNS WEST CLIMATE,8403603,8403603.2022.2.28,2022-02-28 00:00:00,NL,2022,2,28,-5.5,,-10,,-1.1,,4.9,,,,,,14,,30,,49,,0,,23.5,,48,,96,
-52.78333888888889,47.513355555555556,ST JOHNS WEST CLIMATE,8403603,8403603.2022.3.1,2022-03-01 00:00:00,NL,2022,3,1,-9.1,,-11.6,,-6.7,,0.2,,,,,,12,,30,,56,,0,,27.1,,44,,75,
-52.78333888888889,47.513355555555556,ST JOHNS WEST CLIMATE,8403603,8403603.2022.3.2,2022-03-02 00:00:00,NL,2022,3,2,-5.5,,-11.1,,0.1,,1.4,,,,,,9,,16,,49,,0,,23.5,,59,,98,
-52.78333888888889,47.513355555555556,ST JOHNS WEST CLIMATE,8403603,8403603.2022.3.3,2022-03-03 00:00:00,NL,2022,3,3,-1.5,,-4.4,,1.3,,7.4,,,,,,13,,26,,39,,0,,19.5,,58,,99,
-52.78333888888889,47.513355555555556,ST JOHNS WEST CLIMATE,8403603,8403603.2022.3.4,2022-03-04 00:00:00,NL,2022,3,4,-7.7,,-11.6,,-3.9,,2.4,,,,,,28,,29,,47,,0,,25.7,,52,,92,
-52.78333888888889,47.513355555555556,ST JOHNS WEST CLIMATE,8403603,8403603.2022.3.5,2022-03-05 00:00:00,NL,2022,3,5,-7.4,,-11.4,,-3.5,,0.7,,,,,,25,,25,,47,,0,,25.4,,53,,86,
-52.78333888888889,47.513355555555556,ST JOHNS WEST CLIMATE,8403603,8403603.2022.3.6,2022-03-06 00:00:00,NL,2022,3,6,-5.8,,-8.5,,-3,,2.4,,,,,,22,,29,,47,,0,,23.8,,37,,95,
-52.78333888888889,47.513355555555556,ST JOHNS WEST CLIMATE,8403603,8403603.2022.3.7,2022-03-07 00:00:00,NL,2022,3,7,-2.9,,-4.2,,-1.6,,3.4,,,,,,25,,10,,41,,0,,20.9,,91,,97,
-52.78333888888889,47.513355555555556,ST JOHNS WEST CLIMATE,8403603,8403603.2022.3.8,2022-03-08 00:00:00,NL,2022,3,8,1.6,,-2,,5.2,,8.1,,,,,,22,,28,,88,,0,,16.4,,59,,98,
-52.78333888888889,47.513355555555556,ST JOHNS WEST CLIMATE,8403603,8403603.2022.3.9,2022-03-09 00:00:00,NL,2022,3,9,-3.3,,-7.1,,0.5,,0,,,,,,18,,28,,87,,0,,21.3,,48,,84,
-52.78333888888889,47.513355555555556,ST JOHNS WEST CLIMATE,8403603,8403603.2022.3.10,2022-03-10 00:00:00,NL,2022,3,10,,M,,M,,M,,M,,,,,17,,,M,,M,,M,,M,,M,,M
-52.78333888888889,47.513355555555556,ST JOHNS WEST CLIMATE,8403603,8403603.2022.3.11,2022-03-11 00:00:00,NL,2022,3,11,-0.5,,-4.7,,3.8,,0,,,,,,17,,27,,50,,0,,18.5,,43,,87,
-52.78333888888889,47.513355555555556,ST JOHNS WEST CLIMATE,8403603,8403603.2022.3.12,2022-03-12 00:00:00,NL,2022,3,12,1.3,,-7.1,,9.6,,14.6,,,,,,15,,17,,67,,0,,16.7,,42,,98,
-52.78333888888889,47.513355555555556,ST JOHNS WEST CLIMATE,8403603,8403603.2022.3.13,2022-03-13 00:00:00,NL,2022,3,13,2.9,,-6.5,,12.3,,15.9,,,,,,,,23,,88,,0,,15.1,,46,,96,
-52.78333888888889,47.513355555555556,ST JOHNS WEST CLIMATE,8403603,8403603.2022.3.14,2022-03-14 00:00:00,NL,2022,3,14,-3.5,,-5.5,,-1.5,,0.2,,,,,,,,25,,65,,0,,21.5,,48,,79,
-52.78333888888889,47.513355555555556,ST JOHNS WEST CLIMATE,8403603,8403603.2022.3.15,2022-03-15 00:00:00,NL,2022,3,15,-1.2,,-5.7,,3.4,,0,,,,,,0,,24,,59,,0,,19.2,,55,,88,
-52.78333888888889,47.513355555555556,ST JOHNS WEST CLIMATE,8403603,8403603.2022.3.16,2022-03-16 00:00:00,NL,2022,3,16,-6.1,,-10.3,,-1.9,,0,,,,,,1,,29,,39,,0,,24.1,,35,,87,
-52.78333888888889,47.513355555555556,ST JOHNS WEST CLIMATE,8403603,8403603.2022.3.17,2022-03-17 00:00:00,NL,2022,3,17,-3.7,,-10.6,,3.2,,0.2,,,,,,1,,20,,40,,0,,21.7,,52,,94,
-52.78333888888889,47.513355555555556,ST JOHNS WEST CLIMATE,8403603,8403603.2022.3.18,2022-03-18 00:00:00,NL,2022,3,18,5,,1.1,,8.9,,3.2,,,,,,0,,23,,51,,0,,13,,84,,98,
-52.78333888888889,47.513355555555556,ST JOHNS WEST CLIMATE,8403603,8403603.2022.3.19,2022-03-19 00:00:00,NL,2022,3,19,-1.6,,-5.9,,2.7,,0.2,,,,,,0,,32,,58,,0,,19.6,,50,,96,
-52.78333888888889,47.513355555555556,ST JOHNS WEST CLIMATE,8403603,8403603.2022.3.20,2022-03-20 00:00:00,NL,2022,3,20,-4.1,,-7.8,,-0.3,,5.4,,,,,,0,,10,,40,,0,,22.1,,53,,97,
-52.78333888888889,47.513355555555556,ST JOHNS WEST CLIMATE,8403603,8403603.2022.3.21,2022-03-21 00:00:00,NL,2022,3,21,1.8,,-0.8,,4.5,,14,,,,,,10,,25,,47,,0,,16.2,,88,,99,
-52.78333888888889,47.513355555555556,ST JOHNS WEST CLIMATE,8403603,8403603.2022.3.22,2022-03-22 00:00:00,NL,2022,3,22,0.5,,-2.2,,3.2,,0.6,,,,,,6,,22,,59,,0,,17.5,,61,,86,
-52.78333888888889,47.513355555555556,ST JOHNS WEST CLIMATE,8403603,8403603.2022.3.23,2022-03-23 00:00:00,NL,2022,3,23,-0.8,,-2.9,,1.3,,1.4,,,,,,4,,33,,44,,0,,18.8,,68,,92,
-52.78333888888889,47.513355555555556,ST JOHNS WEST CLIMATE,8403603,8403603.2022.3.24,2022-03-24 00:00:00,NL,2022,3,24,-2.1,,-4,,-0.1,,0.2,,,,,,5,,31,,58,,0,,20.1,,67,,90,
-52.78333888888889,47.513355555555556,ST JOHNS WEST CLIMATE,8403603,8403603.2022.3.25,2022-03-25 00:00:00,NL,2022,3,25,-1.4,,-4.2,,1.4,,0,,,,,,5,,33,,35,,0,,19.4,,49,,94,
-52.78333888888889,47.513355555555556,ST JOHNS WEST CLIMATE,8403603,8403603.2022.3.26,2022-03-26 00:00:00,NL,2022,3,26,0.6,,-2.2,,3.4,,15.3,,,,,,7,,10,,46,,0,,17.4,,89,,97,
-52.78333888888889,47.513355555555556,ST JOHNS WEST CLIMATE,8403603,8403603.2022.3.27,2022-03-27 00:00:00,NL,2022,3,27,3.7,,-0.6,,8.1,,4.1,,,,,,6,,13,,46,,0,,14.3,,70,,98,
-52.78333888888889,47.513355555555556,ST JOHNS WEST CLIMATE,8403603,8403603.2022.3.28,2022-03-28 00:00:00,NL,2022,3,28,5.8,,0.6,,10.9,,0.8,,,,,,0,,28,,36,,0,,12.2,,56,,99,
-52.78333888888889,47.513355555555556,ST JOHNS WEST CLIMATE,8403603,8403603.2022.3.29,2022-03-29 00:00:00,NL,2022,3,29,1.7,,-1.5,,5,,9.7,,,,,,0,,25,,33,,0,,16.3,,67,,98,
-52.78333888888889,47.513355555555556,ST JOHNS WEST CLIMATE,8403603,8403603.2022.3.30,2022-03-30 00:00:00,NL,2022,3,30,-0.4,,-2,,1.2,,3.1,,,,,,13,,24,,52,,0,,18.4,,72,,89,
-52.78333888888889,47.513355555555556,ST JOHNS WEST CLIMATE,8403603,8403603.2022.3.31,2022-03-31 00:00:00,NL,2022,3,31,2.4,,-0.5,,5.2,,0,,,,,,10,,32,,49,,0,,15.6,,59,,94,
-52.78333888888889,47.513355555555556,ST JOHNS WEST CLIMATE,8403603,8403603.2022.4.1,2022-04-01 00:00:00,NL,2022,4,1,2.5,,-1.3,,6.3,,5.1,,,,,,4,,15,,38,,0,,15.5,,63,,99,
-52.78333888888889,47.513355555555556,ST JOHNS WEST CLIMATE,8403603,8403603.2022.4.2,2022-04-02 00:00:00,NL,2022,4,2,4.8,,0.5,,9.1,,2.6,,,,,,,,21,,54,,0,,13.2,,85,,99,
-52.78333888888889,47.513355555555556,ST JOHNS WEST CLIMATE,8403603,8403603.2022.4.3,2022-04-03 00:00:00,NL,2022,4,3,2.8,,-0.1,,5.6,,0.5,,,,,,,,26,,58,,0,,15.2,,64,,93,
-52.78333888888889,47.513355555555556,ST JOHNS WEST CLIMATE,8403603,8403603.2022.4.4,2022-04-04 00:00:00,NL,2022,4,4,4.3,,-1.3,,9.9,,31.1,,,,,,,,8,,55,,0,,13.7,,47,,99,
-52.78333888888889,47.513355555555556,ST JOHNS WEST CLIMATE,8403603,8403603.2022.4.5,2022-04-05 00:00:00,NL,2022,4,5,2.9,,-0.1,,6,,3.6,,,,,,,,28,,49,,0,,15.1,,76,,99,
-52.78333888888889,47.513355555555556,ST JOHNS WEST CLIMATE,8403603,8403603.2022.4.6,2022-04-06 00:00:00,NL,2022,4,6,1.6,,-0.4,,3.7,,7.3,,,,,,3,,29,,55,,0,,16.4,,81,,97,
-52.78333888888889,47.513355555555556,ST JOHNS WEST CLIMATE,8403603,8403603.2022.4.7,2022-04-07 00:00:00,NL,2022,4,7,1.4,,0.2,,2.6,,0.7,,,,,,0,,32,,44,,0,,16.6,,92,,97,
-52.78333888888889,47.513355555555556,ST JOHNS WEST CLIMATE,8403603,8403603.2022.4.8,2022-04-08 00:00:00,NL,2022,4,8,1.3,,-2.2,,4.8,,0,,,,,,1,,,,,,0,,16.7,,66,,96,
-52.78333888888889,47.513355555555556,ST JOHNS WEST CLIMATE,8403603,8403603.2022.4.9,2022-04-09 00:00:00,NL,2022,4,9,-0.1,,-2.7,,2.4,,8.9,,,,,,,,17,,39,,0,,18.1,,81,,99,
-52.78333888888889,47.513355555555556,ST JOHNS WEST CLIMATE,8403603,8403603.2022.4.10,2022-04-10 00:00:00,NL,2022,4,10,4,,-0.6,,8.5,,6.6,,,,,,,,10,,38,,0,,14,,79,,99,
-52.78333888888889,47.513355555555556,ST JOHNS WEST CLIMATE,8403603,8403603.2022.4.11,2022-04-11 00:00:00,NL,2022,4,11,1,,-0.6,,2.7,,4.8,,,,,,0,,32,,63,,0,,17,,85,,99,
-52.78333888888889,47.513355555555556,ST JOHNS WEST CLIMATE,8403603,8403603.2022.4.12,2022-04-12 00:00:00,NL,2022,4,12,2,,0.1,,3.8,,0,,,,,,,,32,,60,,0,,16,,70,,91,
-52.78333888888889,47.513355555555556,ST JOHNS WEST CLIMATE,8403603,8403603.2022.4.13,2022-04-13 00:00:00,NL,2022,4,13,0.7,,-0.4,,1.9,,1.7,,,,,,,,34,,51,,0,,17.3,,86,,94,
-52.78333888888889,47.513355555555556,ST JOHNS WEST CLIMATE,8403603,8403603.2022.4.14,2022-04-14 00:00:00,NL,2022,4,14,0.2,,-2.6,,3.1,,0,,,,,,,,31,,55,,0,,17.8,,62,,86,
-52.78333888888889,47.513355555555556,ST JOHNS WEST CLIMATE,8403603,8403603.2022.4.15,2022-04-15 00:00:00,NL,2022,4,15,1.4,,-3.8,,6.6,,0,,,,,,0,,17,,32,,0,,16.6,,53,,88,
-52.78333888888889,47.513355555555556,ST JOHNS WEST CLIMATE,8403603,8403603.2022.4.16,2022-04-16 00:00:00,NL,2022,4,16,7.3,,0.5,,14.2,,3.6,,,,,,0,,28,,57,,0,,10.7,,34,,97,
-52.78333888888889,47.513355555555556,ST JOHNS WEST CLIMATE,8403603,8403603.2022.4.17,2022-04-17 00:00:00,NL,2022,4,17,7.5,,3.7,,11.3,,0.6,,,,,,0,,15,,60,,0,,10.5,,50,,98,
-52.78333888888889,47.513355555555556,ST JOHNS WEST CLIMATE,8403603,8403603.2022.4.18,2022-04-18 00:00:00,NL,2022,4,18,3.8,,-1,,8.6,,1.7,,,,,,0,,24,,61,,0,,14.2,,45,,92,
-52.78333888888889,47.513355555555556,ST JOHNS WEST CLIMATE,8403603,8403603.2022.4.19,2022-04-19 00:00:00,NL,2022,4,19,0.1,,-3,,3.1,,0,,,,,,1,,13,,36,,0,,17.9,,48,,86,
-52.78333888888889,47.513355555555556,ST JOHNS WEST CLIMATE,8403603,8403603.2022.4.20,2022-04-20 00:00:00,NL,2022,4,20,2.2,,-1.9,,6.4,,2.4,,,,,,,,16,,56,,0,,15.8,,84,,97,
-52.78333888888889,47.513355555555556,ST JOHNS WEST CLIMATE,8403603,8403603.2022.4.21,2022-04-21 00:00:00,NL,2022,4,21,2.6,,-3.4,,8.7,,0,,,,,,0,,28,,46,,0,,15.4,,51,,92,
-52.78333888888889,47.513355555555556,ST JOHNS WEST CLIMATE,8403603,8403603.2022.4.22,2022-04-22 00:00:00,NL,2022,4,22,3.2,,-3.9,,10.3,,0,,,,,,0,,18,,31,,0,,14.8,,36,,94,
-52.78333888888889,47.513355555555556,ST JOHNS WEST CLIMATE,8403603,8403603.2022.4.23,2022-04-23 00:00:00,NL,2022,4,23,2.7,,0.1,,5.3,,24.5,,,,,,,,14,,44,,0,,15.3,,73,,98,
-52.78333888888889,47.513355555555556,ST JOHNS WEST CLIMATE,8403603,8403603.2022.4.24,2022-04-24 00:00:00,NL,2022,4,24,1.5,,0.3,,2.7,,34.4,,,,,,3,,11,,48,,0,,16.5,,97,,99,
-52.78333888888889,47.513355555555556,ST JOHNS WEST CLIMATE,8403603,8403603.2022.4.25,2022-04-25 00:00:00,NL,2022,4,25,4.3,,1.9,,6.8,,0,,,,,,,,6,,45,,0,,13.7,,82,,100,
-52.78333888888889,47.513355555555556,ST JOHNS WEST CLIMATE,8403603,8403603.2022.4.26,2022-04-26 00:00:00,NL,2022,4,26,3.6,,0.9,,6.2,,0,,,,,,,,5,,32,,0,,14.4,,78,,99,
-52.78333888888889,47.513355555555556,ST JOHNS WEST CLIMATE,8403603,8403603.2022.4.27,2022-04-27 00:00:00,NL,2022,4,27,3.2,,-1.2,,7.7,,0,,,,,,0,,,,,,0,,14.8,,68,,96,
-52.78333888888889,47.513355555555556,ST JOHNS WEST CLIMATE,8403603,8403603.2022.4.28,2022-04-28 00:00:00,NL,2022,4,28,3.7,,-1.5,,8.9,,0,,,,,,0,,,,,,0,,14.3,,69,,96,
-52.78333888888889,47.513355555555556,ST JOHNS WEST CLIMATE,8403603,8403603.2022.4.29,2022-04-29 00:00:00,NL,2022,4,29,5.3,,2.6,,8,,0,,,,,,0,,,,,,0,,12.7,,83,,99,
-52.78333888888889,47.513355555555556,ST JOHNS WEST CLIMATE,8403603,8403603.2022.4.30,2022-04-30 00:00:00,NL,2022,4,30,5.2,,3.2,,7.2,,4.1,,,,,,0,,,,,,0,,12.8,,84,,99,
-52.78333888888889,47.513355555555556,ST JOHNS WEST CLIMATE,8403603,8403603.2022.5.1,2022-05-01 00:00:00,NL,2022,5,1,7.7,,2.8,,12.6,,0.2,,,,,,,,,,,,0,,10.3,,67,,97,
-52.78333888888889,47.513355555555556,ST JOHNS WEST CLIMATE,8403603,8403603.2022.5.2,2022-05-02 00:00:00,NL,2022,5,2,,M,,M,,M,,M,,,,,,,,M,,M,,M,,M,,M,,M
-52.78333888888889,47.513355555555556,ST JOHNS WEST CLIMATE,8403603,8403603.2022.5.3,2022-05-03 00:00:00,NL,2022,5,3,,M,,M,,M,,M,,,,,,,,M,,M,,M,,M,,M,,M
-52.78333888888889,47.513355555555556,ST JOHNS WEST CLIMATE,8403603,8403603.2022.5.4,2022-05-04 00:00:00,NL,2022,5,4,5,,1.7,,8.3,,0,,,,,,,,,,,,0,,13,,71,,98,
-52.78333888888889,47.513355555555556,ST JOHNS WEST CLIMATE,8403603,8403603.2022.5.5,2022-05-05 00:00:00,NL,2022,5,5,6.3,,2.9,,9.6,,12.1,,,,,,,,24,,35,,0,,11.7,,66,,99,
-52.78333888888889,47.513355555555556,ST JOHNS WEST CLIMATE,8403603,8403603.2022.5.6,2022-05-06 00:00:00,NL,2022,5,6,2.8,,0.4,,5.3,,5.1,,,,,,,,31,,39,,0,,15.2,,83,,99,
-52.78333888888889,47.513355555555556,ST JOHNS WEST CLIMATE,8403603,8403603.2022.5.7,2022-05-07 00:00:00,NL,2022,5,7,2.1,,-2.1,,6.3,,0,,,,,,,,27,,47,,0,,15.9,,52,,91,
-52.78333888888889,47.513355555555556,ST JOHNS WEST CLIMATE,8403603,8403603.2022.5.8,2022-05-08 00:00:00,NL,2022,5,8,3.7,,-2.5,,10,,0,,,,,,,,25,,31,,0,,14.3,,38,,93,
-52.78333888888889,47.513355555555556,ST JOHNS WEST CLIMATE,8403603,8403603.2022.5.9,2022-05-09 00:00:00,NL,2022,5,9,3.4,,-2.5,,9.2,,0,,,,,,,,2,,32,,0,,14.6,,36,,91,
-52.78333888888889,47.513355555555556,ST JOHNS WEST CLIMATE,8403603,8403603.2022.5.10,2022-05-10 00:00:00,NL,2022,5,10,5.1,,-2.8,,13,,0,,,,,,,,,,,,0,,12.9,,34,,70,
-52.78333888888889,47.513355555555556,ST JOHNS WEST CLIMATE,8403603,8403603.2022.5.11,2022-05-11 00:00:00,NL,2022,5,11,11.4,,4.1,,18.7,,0,,,,,,,,25,,42,,0,,6.6,,18,,94,
-52.78333888888889,47.513355555555556,ST JOHNS WEST CLIMATE,8403603,8403603.2022.5.12,2022-05-12 00:00:00,NL,2022,5,12,10.2,,-0.1,,20.5,,0.7,,,,,,,,35,,44,,0,,7.8,,57,,95,
-52.78333888888889,47.513355555555556,ST JOHNS WEST CLIMATE,8403603,8403603.2022.5.13,2022-05-13 00:00:00,NL,2022,5,13,6.5,,0.1,,12.9,,0,,,,,,,,,,,,0,,11.5,,46,,91,
-52.78333888888889,47.513355555555556,ST JOHNS WEST CLIMATE,8403603,8403603.2022.5.14,2022-05-14 00:00:00,NL,2022,5,14,1.5,,-0.9,,4,,7.6,,,,,,,,5,,31,,0,,16.5,,65,,98,
-52.78333888888889,47.513355555555556,ST JOHNS WEST CLIMATE,8403603,8403603.2022.5.15,2022-05-15 00:00:00,NL,2022,5,15,1.7,,-2.9,,6.3,,0,,,,,,,,29,,36,,0,,16.3,,67,,93,
-52.78333888888889,47.513355555555556,ST JOHNS WEST CLIMATE,8403603,8403603.2022.5.16,2022-05-16 00:00:00,NL,2022,5,16,4.5,,-1.2,,10.1,,0,,,,,,,,,,,,0,,13.5,,58,,93,
-52.78333888888889,47.513355555555556,ST JOHNS WEST CLIMATE,8403603,8403603.2022.5.17,2022-05-17 00:00:00,NL,2022,5,17,5.4,,1.6,,9.1,,0,,,,,,,,15,,36,,0,,12.6,,60,,94,
-52.78333888888889,47.513355555555556,ST JOHNS WEST CLIMATE,8403603,8403603.2022.5.18,2022-05-18 00:00:00,NL,2022,5,18,10.3,,3.5,,17.1,,13.6,,,,,,,,15,,44,,0,,7.7,,61,,97,
-52.78333888888889,47.513355555555556,ST JOHNS WEST CLIMATE,8403603,8403603.2022.5.19,2022-05-19 00:00:00,NL,2022,5,19,7.6,,3.3,,11.9,,0,,,,,,,,30,,46,,0,,10.4,,61,,97,
-52.78333888888889,47.513355555555556,ST JOHNS WEST CLIMATE,8403603,8403603.2022.5.20,2022-05-20 00:00:00,NL,2022,5,20,7.3,,0.4,,14.1,,0,,,,,,,,,,,,0,,10.7,,47,,89,
-52.78333888888889,47.513355555555556,ST JOHNS WEST CLIMATE,8403603,8403603.2022.5.21,2022-05-21 00:00:00,NL,2022,5,21,8.7,,-0.3,,17.7,,0,,,,,,,,,,,,0,,9.3,,33,,91,
-52.78333888888889,47.513355555555556,ST JOHNS WEST CLIMATE,8403603,8403603.2022.5.22,2022-05-22 00:00:00,NL,2022,5,22,12.8,,8.8,,16.8,,0,,,,,,,,22,,36,,0,,5.2,,32,,69,
-52.78333888888889,47.513355555555556,ST JOHNS WEST CLIMATE,8403603,8403603.2022.5.23,2022-05-23 00:00:00,NL,2022,5,23,12.4,,3,,21.9,,10.9,,,,,,,,22,,60,,0,,5.6,,24,,97,
-52.78333888888889,47.513355555555556,ST JOHNS WEST CLIMATE,8403603,8403603.2022.5.24,2022-05-24 00:00:00,NL,2022,5,24,4,,0.7,,7.2,,2.3,,,,,,,,1,,50,,0,,14,,51,,97,
-52.78333888888889,47.513355555555556,ST JOHNS WEST CLIMATE,8403603,8403603.2022.5.25,2022-05-25 00:00:00,NL,2022,5,25,4.5,,-0.2,,9.2,,0,,,,,,,,,,,,0,,13.5,,42,,88,
-52.78333888888889,47.513355555555556,ST JOHNS WEST CLIMATE,8403603,8403603.2022.5.26,2022-05-26 00:00:00,NL,2022,5,26,6.3,,-0.2,,12.8,,0,,,,,,,,28,,41,,0,,11.7,,50,,80,
-52.78333888888889,47.513355555555556,ST JOHNS WEST CLIMATE,8403603,8403603.2022.5.27,2022-05-27 00:00:00,NL,2022,5,27,4.7,,0.7,,8.7,,0,,,,,,,,,,,,0,,13.3,,42,,89,
-52.78333888888889,47.513355555555556,ST JOHNS WEST CLIMATE,8403603,8403603.2022.5.28,2022-05-28 00:00:00,NL,2022,5,28,4.7,,1.9,,7.6,,26.4,,,,,,,,15,,52,,0,,13.3,,55,,97,
-52.78333888888889,47.513355555555556,ST JOHNS WEST CLIMATE,8403603,8403603.2022.5.29,2022-05-29 00:00:00,NL,2022,5,29,11.9,,3.9,,19.9,,12.3,,,,,,,,16,,37,,0,,6.1,,57,,99,
-52.78333888888889,47.513355555555556,ST JOHNS WEST CLIMATE,8403603,8403603.2022.5.30,2022-05-30 00:00:00,NL,2022,5,30,12.6,,4.2,,21,,0,,,,,,,,29,,36,,0,,5.4,,26,,97,
-52.78333888888889,47.513355555555556,ST JOHNS WEST CLIMATE,8403603,8403603.2022.5.31,2022-05-31 00:00:00,NL,2022,5,31,9.7,,4,,15.4,,1.4,,,,,,,,34,,45,,0,,8.3,,59,,97,
-52.78333888888889,47.513355555555556,ST JOHNS WEST CLIMATE,8403603,8403603.2022.6.1,2022-06-01 00:00:00,NL,2022,6,1,4.6,,3.1,,6.1,,14,,,,,,,,34,,43,,0,,13.4,,93,,99,
-52.78333888888889,47.513355555555556,ST JOHNS WEST CLIMATE,8403603,8403603.2022.6.2,2022-06-02 00:00:00,NL,2022,6,2,4.9,,3.7,,6.1,,13.1,,,,,,,,2,,48,,0,,13.1,,91,,99,
-52.78333888888889,47.513355555555556,ST JOHNS WEST CLIMATE,8403603,8403603.2022.6.3,2022-06-03 00:00:00,NL,2022,6,3,5.5,,3.5,,7.5,,0.2,,,,,,,,33,,61,,0,,12.5,,87,,98,
-52.78333888888889,47.513355555555556,ST JOHNS WEST CLIMATE,8403603,8403603.2022.6.4,2022-06-04 00:00:00,NL,2022,6,4,7.4,,3.6,,11.2,,0,,,,,,,,29,,39,,0,,10.6,,63,,91,
-52.78333888888889,47.513355555555556,ST JOHNS WEST CLIMATE,8403603,8403603.2022.6.5,2022-06-05 00:00:00,NL,2022,6,5,7.7,,5.1,,10.3,,0,,,,,,,,27,,42,,0,,10.3,,67,,87,
-52.78333888888889,47.513355555555556,ST JOHNS WEST CLIMATE,8403603,8403603.2022.6.6,2022-06-06 00:00:00,NL,2022,6,6,10.3,,3.6,,16.9,,0,,,,,,,,,,,,0,,7.7,,48,,83,
-52.78333888888889,47.513355555555556,ST JOHNS WEST CLIMATE,8403603,8403603.2022.6.7,2022-06-07 00:00:00,NL,2022,6,7,4,,1.8,,6.1,,0,,,,,,,,1,,47,,0,,14,,59,,95,
-52.78333888888889,47.513355555555556,ST JOHNS WEST CLIMATE,8403603,8403603.2022.6.8,2022-06-08 00:00:00,NL,2022,6,8,7.3,,0.3,,14.4,,0,,,,,,,,32,,32,,0,,10.7,,32,,95,
-52.78333888888889,47.513355555555556,ST JOHNS WEST CLIMATE,8403603,8403603.2022.6.9,2022-06-09 00:00:00,NL,2022,6,9,7.5,,0.1,,15,,0,,,,,,,,,,,,0,,10.5,,49,,98,
-52.78333888888889,47.513355555555556,ST JOHNS WEST CLIMATE,8403603,8403603.2022.6.10,2022-06-10 00:00:00,NL,2022,6,10,11.2,,8.1,,14.4,,28.4,,,,,,,,18,,42,,0,,6.8,,95,,99,
-52.78333888888889,47.513355555555556,ST JOHNS WEST CLIMATE,8403603,8403603.2022.6.11,2022-06-11 00:00:00,NL,2022,6,11,17.5,,13.1,,22,,5.5,,,,,,,,19,,47,,0,,0.5,,52,,98,
-52.78333888888889,47.513355555555556,ST JOHNS WEST CLIMATE,8403603,8403603.2022.6.12,2022-06-12 00:00:00,NL,2022,6,12,14.6,,5.7,,23.5,,0,,,,,,,,24,,32,,0,,3.4,,50,,95,
-52.78333888888889,47.513355555555556,ST JOHNS WEST CLIMATE,8403603,8403603.2022.6.13,2022-06-13 00:00:00,NL,2022,6,13,8.5,,2.8,,14.2,,0,,,,,,,,,,,,0,,9.5,,60,,99,
-52.78333888888889,47.513355555555556,ST JOHNS WEST CLIMATE,8403603,8403603.2022.6.14,2022-06-14 00:00:00,NL,2022,6,14,4.9,,2.4,,7.5,,0,,,,,,,,,,,,0,,13.1,,83,,99,
-52.78333888888889,47.513355555555556,ST JOHNS WEST CLIMATE,8403603,8403603.2022.6.15,2022-06-15 00:00:00,NL,2022,6,15,8,,1.8,,14.3,,0,,,,,,,,36,,33,,0,,10,,51,,92,
-52.78333888888889,47.513355555555556,ST JOHNS WEST CLIMATE,8403603,8403603.2022.6.16,2022-06-16 00:00:00,NL,2022,6,16,10.6,,0.9,,20.3,,0,,,,,,,,,,,,0,,7.4,,43,,98,
-52.78333888888889,47.513355555555556,ST JOHNS WEST CLIMATE,8403603,8403603.2022.6.17,2022-06-17 00:00:00,NL,2022,6,17,11.2,,4.3,,18.1,,0,,,,,,,,,,,,0,,6.8,,47,,99,
-52.78333888888889,47.513355555555556,ST JOHNS WEST CLIMATE,8403603,8403603.2022.6.18,2022-06-18 00:00:00,NL,2022,6,18,14.9,,9.1,,20.7,,0,,,,,,,,22,,66,,0,,3.1,,41,,93,
-52.78333888888889,47.513355555555556,ST JOHNS WEST CLIMATE,8403603,8403603.2022.6.19,2022-06-19 00:00:00,NL,2022,6,19,16.7,,12,,21.4,,0,,,,,,,,17,,38,,0,,1.3,,67,,99,
-52.78333888888889,47.513355555555556,ST JOHNS WEST CLIMATE,8403603,8403603.2022.6.20,2022-06-20 00:00:00,NL,2022,6,20,13.4,,11.5,,15.3,,2.3,,,,,,,,18,,39,,0,,4.6,,87,,99,
-52.78333888888889,47.513355555555556,ST JOHNS WEST CLIMATE,8403603,8403603.2022.6.21,2022-06-21 00:00:00,NL,2022,6,21,16.9,,13.1,,20.7,,7.1,,,,,,,,,,,,0,,1.1,,86,,99,
-52.78333888888889,47.513355555555556,ST JOHNS WEST CLIMATE,8403603,8403603.2022.6.22,2022-06-22 00:00:00,NL,2022,6,22,17.5,,11.9,,23.2,,0,,,,,,,,30,,35,,0,,0.5,,47,,94,
-52.78333888888889,47.513355555555556,ST JOHNS WEST CLIMATE,8403603,8403603.2022.6.23,2022-06-23 00:00:00,NL,2022,6,23,18.8,,12.4,,25.1,,0,,,,,,,,24,,43,,0.8,,0,,66,,93,
-52.78333888888889,47.513355555555556,ST JOHNS WEST CLIMATE,8403603,8403603.2022.6.24,2022-06-24 00:00:00,NL,2022,6,24,21.3,,16.8,,25.9,,0,,,,,,,,25,,38,,3.3,,0,,59,,95,
-52.78333888888889,47.513355555555556,ST JOHNS WEST CLIMATE,8403603,8403603.2022.6.25,2022-06-25 00:00:00,NL,2022,6,25,21.2,,17.2,,25.3,,2.8,,,,,,,,21,,52,,3.2,,0,,64,,96,
-52.78333888888889,47.513355555555556,ST JOHNS WEST CLIMATE,8403603,8403603.2022.6.26,2022-06-26 00:00:00,NL,2022,6,26,22,,17.1,,27,,0,,,,,,,,,,,,4,,0,,55,,97,
-52.78333888888889,47.513355555555556,ST JOHNS WEST CLIMATE,8403603,8403603.2022.6.27,2022-06-27 00:00:00,NL,2022,6,27,19.8,,14.7,,24.9,,0,,,,,,,,23,,41,,1.8,,0,,66,,93,
-52.78333888888889,47.513355555555556,ST JOHNS WEST CLIMATE,8403603,8403603.2022.6.28,2022-06-28 00:00:00,NL,2022,6,28,20.8,,16.4,,25.1,,0,,,,,,,,23,,52,,2.8,,0,,58,,94,
-52.78333888888889,47.513355555555556,ST JOHNS WEST CLIMATE,8403603,8403603.2022.6.29,2022-06-29 00:00:00,NL,2022,6,29,20.8,,17.1,,24.6,,1.6,,,,,,,,27,,37,,2.8,,0,,71,,98,
-52.78333888888889,47.513355555555556,ST JOHNS WEST CLIMATE,8403603,8403603.2022.6.30,2022-06-30 00:00:00,NL,2022,6,30,18.2,,13.6,,22.8,,0.3,,,,,,,,,,,,0.2,,0,,71,,99,
-52.78333888888889,47.513355555555556,ST JOHNS WEST CLIMATE,8403603,8403603.2022.7.1,2022-07-01 00:00:00,NL,2022,7,1,16.7,,12.5,,20.9,,0,,,,,,,,20,,33,,0,,1.3,,72,,99,
-52.78333888888889,47.513355555555556,ST JOHNS WEST CLIMATE,8403603,8403603.2022.7.2,2022-07-02 00:00:00,NL,2022,7,2,19.3,,13.1,,25.4,,0,,,,,,,,22,,41,,1.3,,0,,47,,98,
-52.78333888888889,47.513355555555556,ST JOHNS WEST CLIMATE,8403603,8403603.2022.7.3,2022-07-03 00:00:00,NL,2022,7,3,19.6,,16,,23.3,,1,,,,,,,,22,,46,,1.6,,0,,72,,96,
-52.78333888888889,47.513355555555556,ST JOHNS WEST CLIMATE,8403603,8403603.2022.7.4,2022-07-04 00:00:00,NL,2022,7,4,18.2,,11.5,,24.9,,0,,,,,,,,24,,38,,0.2,,0,,51,,96,
-52.78333888888889,47.513355555555556,ST JOHNS WEST CLIMATE,8403603,8403603.2022.7.5,2022-07-05 00:00:00,NL,2022,7,5,16.2,,10.9,,21.5,,0,,,,,,,,23,,42,,0,,1.8,,41,,83,
-52.78333888888889,47.513355555555556,ST JOHNS WEST CLIMATE,8403603,8403603.2022.7.6,2022-07-06 00:00:00,NL,2022,7,6,18.3,,12.1,,24.4,,1.1,,,,,,,,20,,45,,0.3,,0,,39,,99,
-52.78333888888889,47.513355555555556,ST JOHNS WEST CLIMATE,8403603,8403603.2022.7.7,2022-07-07 00:00:00,NL,2022,7,7,15.7,,11.2,,20.2,,9.3,,,,,,,,25,,47,,0,,2.3,,80,,99,
-52.78333888888889,47.513355555555556,ST JOHNS WEST CLIMATE,8403603,8403603.2022.7.8,2022-07-08 00:00:00,NL,2022,7,8,13.1,,7.9,,18.3,,0,,,,,,,,29,,35,,0,,4.9,,60,,98,
-52.78333888888889,47.513355555555556,ST JOHNS WEST CLIMATE,8403603,8403603.2022.7.9,2022-07-09 00:00:00,NL,2022,7,9,13.1,,6.6,,19.6,,0,,,,,,,,,,,,0,,4.9,,64,,99,
-52.78333888888889,47.513355555555556,ST JOHNS WEST CLIMATE,8403603,8403603.2022.7.10,2022-07-10 00:00:00,NL,2022,7,10,16,,10.8,,21.1,,0,,,,,,,,24,,56,,0,,2,,41,,89,
-52.78333888888889,47.513355555555556,ST JOHNS WEST CLIMATE,8403603,8403603.2022.7.11,2022-07-11 00:00:00,NL,2022,7,11,16.1,,9.1,,23.1,,0,,,,,,,,29,,37,,0,,1.9,,38,,94,
-52.78333888888889,47.513355555555556,ST JOHNS WEST CLIMATE,8403603,8403603.2022.7.12,2022-07-12 00:00:00,NL,2022,7,12,16.9,,10.3,,23.6,,0,,,,,,,,17,,35,,0,,1.1,,38,,99,
-52.78333888888889,47.513355555555556,ST JOHNS WEST CLIMATE,8403603,8403603.2022.7.13,2022-07-13 00:00:00,NL,2022,7,13,17.9,,12.1,,23.8,,0,,,,,,,,22,,41,,0,,0.1,,56,,99,
-52.78333888888889,47.513355555555556,ST JOHNS WEST CLIMATE,8403603,8403603.2022.7.14,2022-07-14 00:00:00,NL,2022,7,14,19.5,,13.3,,25.7,,0,,,,,,,,30,,32,,1.5,,0,,46,,99,
-52.78333888888889,47.513355555555556,ST JOHNS WEST CLIMATE,8403603,8403603.2022.7.15,2022-07-15 00:00:00,NL,2022,7,15,18.4,,13.1,,23.6,,0.2,,,,,,,,27,,38,,0.4,,0,,71,,99,
-52.78333888888889,47.513355555555556,ST JOHNS WEST CLIMATE,8403603,8403603.2022.7.16,2022-07-16 00:00:00,NL,2022,7,16,19.1,,14.2,,24,,0.7,,,,,,,,28,,45,,1.1,,0,,41,,96,
-52.78333888888889,47.513355555555556,ST JOHNS WEST CLIMATE,8403603,8403603.2022.7.17,2022-07-17 00:00:00,NL,2022,7,17,19.3,,13.5,,25.2,,0,,,,,,,,23,,31,,1.3,,0,,45,,81,
-52.78333888888889,47.513355555555556,ST JOHNS WEST CLIMATE,8403603,8403603.2022.7.18,2022-07-18 00:00:00,NL,2022,7,18,20.4,,14.6,,26.2,,0,,,,,,,,23,,44,,2.4,,0,,47,,90,
-52.78333888888889,47.513355555555556,ST JOHNS WEST CLIMATE,8403603,8403603.2022.7.19,2022-07-19 00:00:00,NL,2022,7,19,18.8,,15.3,,22.3,,41,,,,,,,,25,,38,,0.8,,0,,79,,99,
-52.78333888888889,47.513355555555556,ST JOHNS WEST CLIMATE,8403603,8403603.2022.7.20,2022-07-20 00:00:00,NL,2022,7,20,19.1,,15.9,,22.3,,2.7,,,,,,,,25,,53,,1.1,,0,,72,,97,
-52.78333888888889,47.513355555555556,ST JOHNS WEST CLIMATE,8403603,8403603.2022.7.21,2022-07-21 00:00:00,NL,2022,7,21,19.3,,13.2,,25.3,,0,,,,,,,,28,,49,,1.3,,0,,58,,93,
-52.78333888888889,47.513355555555556,ST JOHNS WEST CLIMATE,8403603,8403603.2022.7.22,2022-07-22 00:00:00,NL,2022,7,22,18.9,,11.6,,26.2,,0,,,,,,,,,M,,M,0.9,,0,,55,,96,
-52.78333888888889,47.513355555555556,ST JOHNS WEST CLIMATE,8403603,8403603.2022.7.23,2022-07-23 00:00:00,NL,2022,7,23,23.2,,18.2,,28.1,,0,,,,,,,,,M,,M,5.2,,0,,59,,98,
-52.78333888888889,47.513355555555556,ST JOHNS WEST CLIMATE,8403603,8403603.2022.7.24,2022-07-24 00:00:00,NL,2022,7,24,23.3,,16,,30.6,,0,,,,,,,,28,,32,,5.3,,0,,38,,93,
-52.78333888888889,47.513355555555556,ST JOHNS WEST CLIMATE,8403603,8403603.2022.7.25,2022-07-25 00:00:00,NL,2022,7,25,23.8,,17.6,,30,,0,,,,,,,,25,,41,,5.8,,0,,48,,94,
-52.78333888888889,47.513355555555556,ST JOHNS WEST CLIMATE,8403603,8403603.2022.7.26,2022-07-26 00:00:00,NL,2022,7,26,22.2,,18.7,,25.8,,0,,,,,,,,25,,51,,4.2,,0,,73,,95,
-52.78333888888889,47.513355555555556,ST JOHNS WEST CLIMATE,8403603,8403603.2022.7.27,2022-07-27 00:00:00,NL,2022,7,27,19.2,,15.1,,23.3,,7.1,,,,,,,,,,,,1.2,,0,,76,,96,
-52.78333888888889,47.513355555555556,ST JOHNS WEST CLIMATE,8403603,8403603.2022.7.28,2022-07-28 00:00:00,NL,2022,7,28,16.7,,10.9,,22.5,,0,,,,,,,,,,,,0,,1.3,,68,,98,
-52.78333888888889,47.513355555555556,ST JOHNS WEST CLIMATE,8403603,8403603.2022.7.29,2022-07-29 00:00:00,NL,2022,7,29,15.1,,11,,19.3,,0.2,,,,,,,,,,,,0,,2.9,,65,,98,
-52.78333888888889,47.513355555555556,ST JOHNS WEST CLIMATE,8403603,8403603.2022.7.30,2022-07-30 00:00:00,NL,2022,7,30,16.8,,13.2,,20.4,,1.2,,,,,,,,19,,36,,0,,1.2,,85,,99,
-52.78333888888889,47.513355555555556,ST JOHNS WEST CLIMATE,8403603,8403603.2022.7.31,2022-07-31 00:00:00,NL,2022,7,31,20.6,,16.5,,24.8,,0,,,,,,,,24,,44,,2.6,,0,,55,,90,
-52.78333888888889,47.513355555555556,ST JOHNS WEST CLIMATE,8403603,8403603.2022.8.1,2022-08-01 00:00:00,NL,2022,8,1,21.7,,15.7,,27.6,,0,,,,,,,,,,,,3.7,,0,,42,,87,
-52.78333888888889,47.513355555555556,ST JOHNS WEST CLIMATE,8403603,8403603.2022.8.2,2022-08-02 00:00:00,NL,2022,8,2,21.2,,14.1,,28.2,,0,,,,,,,,,,,,3.2,,0,,47,,95,
-52.78333888888889,47.513355555555556,ST JOHNS WEST CLIMATE,8403603,8403603.2022.8.3,2022-08-03 00:00:00,NL,2022,8,3,20.1,,15.5,,24.7,,0,,,,,,,,21,,43,,2.1,,0,,74,,99,
-52.78333888888889,47.513355555555556,ST JOHNS WEST CLIMATE,8403603,8403603.2022.8.4,2022-08-04 00:00:00,NL,2022,8,4,19.9,,15.3,,24.5,,0,,,,,,,,,,,,1.9,,0,,54,,97,
-52.78333888888889,47.513355555555556,ST JOHNS WEST CLIMATE,8403603,8403603.2022.8.5,2022-08-05 00:00:00,NL,2022,8,5,23.5,,17.2,,29.9,,0,,,,,,,,25,,37,,5.5,,0,,36,,92,
-52.78333888888889,47.513355555555556,ST JOHNS WEST CLIMATE,8403603,8403603.2022.8.6,2022-08-06 00:00:00,NL,2022,8,6,19.9,,14.1,,25.8,,0,,,,,,,,,,,,1.9,,0,,52,,99,
-52.78333888888889,47.513355555555556,ST JOHNS WEST CLIMATE,8403603,8403603.2022.8.7,2022-08-07 00:00:00,NL,2022,8,7,20.9,,14.2,,27.5,,0,,,,,,,,21,,48,,2.9,,0,,44,,99,
-52.78333888888889,47.513355555555556,ST JOHNS WEST CLIMATE,8403603,8403603.2022.8.8,2022-08-08 00:00:00,NL,2022,8,8,17.9,,13.4,,22.4,,2.2,,,,,,,,4,,34,,0,,0.1,,71,,93,
-52.78333888888889,47.513355555555556,ST JOHNS WEST CLIMATE,8403603,8403603.2022.8.9,2022-08-09 00:00:00,NL,2022,8,9,13.1,,12.1,,14.1,,38.8,,,,,,,,7,,49,,0,,4.9,,86,,97,
-52.78333888888889,47.513355555555556,ST JOHNS WEST CLIMATE,8403603,8403603.2022.8.10,2022-08-10 00:00:00,NL,2022,8,10,13.6,,12.4,,14.8,,3.6,,,,,,,,2,,39,,0,,4.4,,82,,98,
-52.78333888888889,47.513355555555556,ST JOHNS WEST CLIMATE,8403603,8403603.2022.8.11,2022-08-11 00:00:00,NL,2022,8,11,14.1,,12.4,,15.7,,0.2,,,,,,,,,,,,0,,3.9,,82,,99,
-52.78333888888889,47.513355555555556,ST JOHNS WEST CLIMATE,8403603,8403603.2022.8.12,2022-08-12 00:00:00,NL,2022,8,12,15.6,,13.2,,18,,8.2,,,,,,,,,,,,0,,2.4,,83,,99,
-52.78333888888889,47.513355555555556,ST JOHNS WEST CLIMATE,8403603,8403603.2022.8.13,2022-08-13 00:00:00,NL,2022,8,13,18.5,,14.4,,22.6,,0.3,,,,,,,,,,,,0.5,,0,,75,,99,
-52.78333888888889,47.513355555555556,ST JOHNS WEST CLIMATE,8403603,8403603.2022.8.14,2022-08-14 00:00:00,NL,2022,8,14,17.6,,14.5,,20.7,,0,,,,,,,,,,,,0,,0.4,,89,,98,
-52.78333888888889,47.513355555555556,ST JOHNS WEST CLIMATE,8403603,8403603.2022.8.15,2022-08-15 00:00:00,NL,2022,8,15,21.1,,16.1,,26,,0,,,,,,,,24,,33,,3.1,,0,,66,,98,
-52.78333888888889,47.513355555555556,ST JOHNS WEST CLIMATE,8403603,8403603.2022.8.16,2022-08-16 00:00:00,NL,2022,8,16,16.3,,14.8,,17.9,,0,,,,,,,,,,,,0,,1.7,,82,,94,
-52.78333888888889,47.513355555555556,ST JOHNS WEST CLIMATE,8403603,8403603.2022.8.17,2022-08-17 00:00:00,NL,2022,8,17,15.8,,14.9,,16.6,,21.1,,,,,,,,4,,40,,0,,2.2,,89,,97,
-52.78333888888889,47.513355555555556,ST JOHNS WEST CLIMATE,8403603,8403603.2022.8.18,2022-08-18 00:00:00,NL,2022,8,18,17.2,,15.1,,19.4,,9.4,,,,,,,,,,,,0,,0.8,,87,,98,
-52.78333888888889,47.513355555555556,ST JOHNS WEST CLIMATE,8403603,8403603.2022.8.19,2022-08-19 00:00:00,NL,2022,8,19,21.6,,17.5,,25.7,,16.2,,,,,,,,25,,49,,3.6,,0,,61,,99,
-52.78333888888889,47.513355555555556,ST JOHNS WEST CLIMATE,8403603,8403603.2022.8.20,2022-08-20 00:00:00,NL,2022,8,20,18.5,,13.8,,23.2,,0.6,,,,,,,,26,,38,,0.5,,0,,69,,96,
-52.78333888888889,47.513355555555556,ST JOHNS WEST CLIMATE,8403603,8403603.2022.8.21,2022-08-21 00:00:00,NL,2022,8,21,14.2,,11,,17.3,,0,,,,,,,,,,,,0,,3.8,,72,,97,
-52.78333888888889,47.513355555555556,ST JOHNS WEST CLIMATE,8403603,8403603.2022.8.22,2022-08-22 00:00:00,NL,2022,8,22,17.6,,11,,24.2,,0,,,,,,,,25,,31,,0,,0.4,,66,,96,
-52.78333888888889,47.513355555555556,ST JOHNS WEST CLIMATE,8403603,8403603.2022.8.23,2022-08-23 00:00:00,NL,2022,8,23,17,,11,,23,,3.6,,,,,,,,15,,41,,0,,1,,67,,97,
-52.78333888888889,47.513355555555556,ST JOHNS WEST CLIMATE,8403603,8403603.2022.8.24,2022-08-24 00:00:00,NL,2022,8,24,20.9,,17.1,,24.7,,6.3,,,,,,,,21,,43,,2.9,,0,,87,,97,
-52.78333888888889,47.513355555555556,ST JOHNS WEST CLIMATE,8403603,8403603.2022.8.25,2022-08-25 00:00:00,NL,2022,8,25,21.5,,18.9,,24.1,,0,,,,,,,,,,,,3.5,,0,,78,,99,
-52.78333888888889,47.513355555555556,ST JOHNS WEST CLIMATE,8403603,8403603.2022.8.26,2022-08-26 00:00:00,NL,2022,8,26,20.5,,14.9,,26.1,,0,,,,,,,,,,,,2.5,,0,,57,,99,
-52.78333888888889,47.513355555555556,ST JOHNS WEST CLIMATE,8403603,8403603.2022.8.27,2022-08-27 00:00:00,NL,2022,8,27,18.9,,12.6,,25.2,,0,,,,,,,,22,,43,,0.9,,0,,51,,96,
-52.78333888888889,47.513355555555556,ST JOHNS WEST CLIMATE,8403603,8403603.2022.8.28,2022-08-28 00:00:00,NL,2022,8,28,16.1,,11.5,,20.8,,0,,,,,,,,,,,,0,,1.9,,54,,94,
-52.78333888888889,47.513355555555556,ST JOHNS WEST CLIMATE,8403603,8403603.2022.8.29,2022-08-29 00:00:00,NL,2022,8,29,18.7,,13.8,,23.6,,0,,,,,,,,24,,41,,0.7,,0,,55,,91,
-52.78333888888889,47.513355555555556,ST JOHNS WEST CLIMATE,8403603,8403603.2022.8.30,2022-08-30 00:00:00,NL,2022,8,30,19.6,,14.2,,24.9,,0,,,,,,,,23,,33,,1.6,,0,,59,,95,
-52.78333888888889,47.513355555555556,ST JOHNS WEST CLIMATE,8403603,8403603.2022.8.31,2022-08-31 00:00:00,NL,2022,8,31,20.6,,14.3,,27,,0,,,,,,,,22,,37,,2.6,,0,,57,,97,
-52.78333888888889,47.513355555555556,ST JOHNS WEST CLIMATE,8403603,8403603.2022.9.1,2022-09-01 00:00:00,NL,2022,9,1,21.3,,19,,23.6,,2.1,,,,,,,,16,,43,,3.3,,0,,,M,,M
-52.78333888888889,47.513355555555556,ST JOHNS WEST CLIMATE,8403603,8403603.2022.9.2,2022-09-02 00:00:00,NL,2022,9,2,20.2,,14,,26.4,,3.6,,,,,,,,19,,36,,2.2,,0,,,M,,M
-52.78333888888889,47.513355555555556,ST JOHNS WEST CLIMATE,8403603,8403603.2022.9.3,2022-09-03 00:00:00,NL,2022,9,3,18.2,,14,,22.4,,0,,,,,,,,,,,,0.2,,0,,80,,98,
-52.78333888888889,47.513355555555556,ST JOHNS WEST CLIMATE,8403603,8403603.2022.9.4,2022-09-04 00:00:00,NL,2022,9,4,16.5,,13.1,,20,,0,,,,,,,,,,,,0,,1.5,,80,,98,
-52.78333888888889,47.513355555555556,ST JOHNS WEST CLIMATE,8403603,8403603.2022.9.5,2022-09-05 00:00:00,NL,2022,9,5,17.6,,14.1,,21.1,,1.2,,,,,,,,,,,,0,,0.4,,73,,98,
-52.78333888888889,47.513355555555556,ST JOHNS WEST CLIMATE,8403603,8403603.2022.9.6,2022-09-06 00:00:00,NL,2022,9,6,14.3,,12.9,,15.6,,0.4,,,,,,,,,M,,M,0,,3.7,,87,,95,
-52.78333888888889,47.513355555555556,ST JOHNS WEST CLIMATE,8403603,8403603.2022.9.7,2022-09-07 00:00:00,NL,2022,9,7,12.4,,10.9,,14,,2.6,,,,,,,,1,,36,,0,,5.6,,67,,95,
-52.78333888888889,47.513355555555556,ST JOHNS WEST CLIMATE,8403603,8403603.2022.9.8,2022-09-08 00:00:00,NL,2022,9,8,11.5,,8.2,,14.7,,0.5,,,,,,,,33,,39,,0,,6.5,,64,,89,
-52.78333888888889,47.513355555555556,ST JOHNS WEST CLIMATE,8403603,8403603.2022.9.9,2022-09-09 00:00:00,NL,2022,9,9,12.1,,8.5,,15.7,,0,,,,,,,,,,,,0,,5.9,,58,,97,
-52.78333888888889,47.513355555555556,ST JOHNS WEST CLIMATE,8403603,8403603.2022.9.10,2022-09-10 00:00:00,NL,2022,9,10,13.8,,12.9,,14.8,,49.8,,,,,,,,4,,69,,0,,4.2,,85,,97,
-52.78333888888889,47.513355555555556,ST JOHNS WEST CLIMATE,8403603,8403603.2022.9.11,2022-09-11 00:00:00,NL,2022,9,11,14.4,,14.1,,14.7,,92.8,,,,,,,,4,,67,,0,,3.6,,97,,99,
-52.78333888888889,47.513355555555556,ST JOHNS WEST CLIMATE,8403603,8403603.2022.9.12,2022-09-12 00:00:00,NL,2022,9,12,14.7,,13.6,,15.9,,52.5,,,,,,,,33,,44,,0,,3.3,,96,,99,
-52.78333888888889,47.513355555555556,ST JOHNS WEST CLIMATE,8403603,8403603.2022.9.13,2022-09-13 00:00:00,NL,2022,9,13,13.6,,12.5,,14.8,,0.7,,,,,,,,34,,51,,0,,4.4,,94,,97,
-52.78333888888889,47.513355555555556,ST JOHNS WEST CLIMATE,8403603,8403603.2022.9.14,2022-09-14 00:00:00,NL,2022,9,14,14.2,,10.1,,18.3,,0,,,,,,,,33,,38,,0,,3.8,,72,,99,
-52.78333888888889,47.513355555555556,ST JOHNS WEST CLIMATE,8403603,8403603.2022.9.15,2022-09-15 00:00:00,NL,2022,9,15,16.8,,11.6,,22,,0,,,,,,,,25,,36,,0,,1.2,,59,,99,
-52.78333888888889,47.513355555555556,ST JOHNS WEST CLIMATE,8403603,8403603.2022.9.16,2022-09-16 00:00:00,NL,2022,9,16,13.4,,10.8,,16,,0.8,,,,,,,,24,,46,,0,,4.6,,71,,97,
-52.78333888888889,47.513355555555556,ST JOHNS WEST CLIMATE,8403603,8403603.2022.9.17,2022-09-17 00:00:00,NL,2022,9,17,12.4,,9.3,,15.4,,0,,,,,,,,28,,52,,0,,5.6,,61,,89,
-52.78333888888889,47.513355555555556,ST JOHNS WEST CLIMATE,8403603,8403603.2022.9.18,2022-09-18 00:00:00,NL,2022,9,18,11.7,,7.3,,16.2,,1.9,,,,,,,,29,,57,,0,,6.3,,55,,90,
-52.78333888888889,47.513355555555556,ST JOHNS WEST CLIMATE,8403603,8403603.2022.9.19,2022-09-19 00:00:00,NL,2022,9,19,10.9,,7,,14.8,,0,,,,,,,,27,,36,,0,,7.1,,60,,96,
-52.78333888888889,47.513355555555556,ST JOHNS WEST CLIMATE,8403603,8403603.2022.9.20,2022-09-20 00:00:00,NL,2022,9,20,7.5,,2.1,,12.8,,0,,,,,,,,,,,,0,,10.5,,61,,98,
-52.78333888888889,47.513355555555556,ST JOHNS WEST CLIMATE,8403603,8403603.2022.9.21,2022-09-21 00:00:00,NL,2022,9,21,7.7,,1.2,,14.2,,0,,,,,,,,16,,37,,0,,10.3,,61,,98,
-52.78333888888889,47.513355555555556,ST JOHNS WEST CLIMATE,8403603,8403603.2022.9.22,2022-09-22 00:00:00,NL,2022,9,22,13.8,,12.3,,15.4,,1.7,,,,,,,,14,,45,,0,,4.2,,90,,99,
-52.78333888888889,47.513355555555556,ST JOHNS WEST CLIMATE,8403603,8403603.2022.9.23,2022-09-23 00:00:00,NL,2022,9,23,16.4,,12.6,,20.3,,0.5,,,,,,,,13,,48,,0,,1.6,,77,,100,
-52.78333888888889,47.513355555555556,ST JOHNS WEST CLIMATE,8403603,8403603.2022.9.24,2022-09-24 00:00:00,NL,2022,9,24,16.4,,13,,19.8,,0.8,,,,,,,,17,,57,,0,,1.6,,74,,100,
-52.78333888888889,47.513355555555556,ST JOHNS WEST CLIMATE,8403603,8403603.2022.9.25,2022-09-25 00:00:00,NL,2022,9,25,11.4,,7.8,,15.1,,0,,,,,,,,20,,45,,0,,6.6,,66,,97,
-52.78333888888889,47.513355555555556,ST JOHNS WEST CLIMATE,8403603,8403603.2022.9.26,2022-09-26 00:00:00,NL,2022,9,26,14.3,,7.3,,21.3,,2.9,,,,,,,,20,,36,,0,,3.7,,63,,98,
-52.78333888888889,47.513355555555556,ST JOHNS WEST CLIMATE,8403603,8403603.2022.9.27,2022-09-27 00:00:00,NL,2022,9,27,20.7,,17.2,,24.2,,1.3,,,,,,,,23,,44,,2.7,,0,,70,,97,
-52.78333888888889,47.513355555555556,ST JOHNS WEST CLIMATE,8403603,8403603.2022.9.28,2022-09-28 00:00:00,NL,2022,9,28,18.6,,17.1,,20.2,,31.1,,,,,,,,22,,52,,0.6,,0,,94,,98,
-52.78333888888889,47.513355555555556,ST JOHNS WEST CLIMATE,8403603,8403603.2022.9.29,2022-09-29 00:00:00,NL,2022,9,29,14.4,,11.6,,17.1,,0,,,,,,,,27,,32,,0,,3.6,,79,,98,
-52.78333888888889,47.513355555555556,ST JOHNS WEST CLIMATE,8403603,8403603.2022.9.30,2022-09-30 00:00:00,NL,2022,9,30,11.7,,8,,15.4,,0,,,,,,,,30,,34,,0,,6.3,,55,,96,
-52.78333888888889,47.513355555555556,ST JOHNS WEST CLIMATE,8403603,8403603.2022.10.1,2022-10-01 00:00:00,NL,2022,10,1,13.4,,8.4,,18.4,,0,,,,,,,,24,,47,,0,,4.6,,43,,92,
-52.78333888888889,47.513355555555556,ST JOHNS WEST CLIMATE,8403603,8403603.2022.10.2,2022-10-02 00:00:00,NL,2022,10,2,7.6,,4.5,,10.8,,0,,,,,,,,29,,31,,0,,10.4,,47,,91,
-52.78333888888889,47.513355555555556,ST JOHNS WEST CLIMATE,8403603,8403603.2022.10.3,2022-10-03 00:00:00,NL,2022,10,3,5.4,,0.7,,10.1,,0,,,,,,,,28,,36,,0,,12.6,,48,,90,
-52.78333888888889,47.513355555555556,ST JOHNS WEST CLIMATE,8403603,8403603.2022.10.4,2022-10-04 00:00:00,NL,2022,10,4,7.1,,-0.7,,15,,0,,,,,,,,23,,43,,0,,10.9,,42,,95,
-52.78333888888889,47.513355555555556,ST JOHNS WEST CLIMATE,8403603,8403603.2022.10.5,2022-10-05 00:00:00,NL,2022,10,5,11.4,,4.9,,17.8,,0,,,,,,,,24,,31,,0,,6.6,,41,,96,
-52.78333888888889,47.513355555555556,ST JOHNS WEST CLIMATE,8403603,8403603.2022.10.6,2022-10-06 00:00:00,NL,2022,10,6,10.7,,6.3,,15,,0,,,,,,,,,,,,0,,7.3,,81,,100,
-52.78333888888889,47.513355555555556,ST JOHNS WEST CLIMATE,8403603,8403603.2022.10.7,2022-10-07 00:00:00,NL,2022,10,7,11.9,,9,,14.8,,7.9,,,,,,,,4,,33,,0,,6.1,,88,,100,
-52.78333888888889,47.513355555555556,ST JOHNS WEST CLIMATE,8403603,8403603.2022.10.8,2022-10-08 00:00:00,NL,2022,10,8,10.7,,9,,12.4,,0,,,,,,,,26,,37,,0,,7.3,,90,,99,
-52.78333888888889,47.513355555555556,ST JOHNS WEST CLIMATE,8403603,8403603.2022.10.9,2022-10-09 00:00:00,NL,2022,10,9,9.2,,3,,15.4,,0,,,,,,,,26,,33,,0,,8.8,,54,,97,
-52.78333888888889,47.513355555555556,ST JOHNS WEST CLIMATE,8403603,8403603.2022.10.10,2022-10-10 00:00:00,NL,2022,10,10,9.4,,5,,13.7,,0,,,,,,,,27,,57,,0,,8.6,,43,,89,
-52.78333888888889,47.513355555555556,ST JOHNS WEST CLIMATE,8403603,8403603.2022.10.11,2022-10-11 00:00:00,NL,2022,10,11,7.3,,2.1,,12.5,,0,,,,,,,,27,,46,,0,,10.7,,52,,91,
-52.78333888888889,47.513355555555556,ST JOHNS WEST CLIMATE,8403603,8403603.2022.10.12,2022-10-12 00:00:00,NL,2022,10,12,8.1,,3.6,,12.7,,0,,,,,,,,24,,33,,0,,9.9,,51,,98,
-52.78333888888889,47.513355555555556,ST JOHNS WEST CLIMATE,8403603,8403603.2022.10.13,2022-10-13 00:00:00,NL,2022,10,13,10.1,,4,,16.1,,0,,,,,,,,,,,,0,,7.9,,51,,98,
-52.78333888888889,47.513355555555556,ST JOHNS WEST CLIMATE,8403603,8403603.2022.10.14,2022-10-14 00:00:00,NL,2022,10,14,10.1,,3.3,,17,,0,,,,,,,,,,,,0,,7.9,,49,,99,
-52.78333888888889,47.513355555555556,ST JOHNS WEST CLIMATE,8403603,8403603.2022.10.15,2022-10-15 00:00:00,NL,2022,10,15,9.5,,2.5,,16.4,,0,,,,,,,,,,,,0,,8.5,,64,,99,
-52.78333888888889,47.513355555555556,ST JOHNS WEST CLIMATE,8403603,8403603.2022.10.16,2022-10-16 00:00:00,NL,2022,10,16,8.3,,4,,12.6,,0.9,,,,,,,,12,,42,,0,,9.7,,80,,100,
-52.78333888888889,47.513355555555556,ST JOHNS WEST CLIMATE,8403603,8403603.2022.10.17,2022-10-17 00:00:00,NL,2022,10,17,13.1,,10.3,,15.8,,30,,,,,,,,16,,47,,0,,4.9,,96,,99,
-52.78333888888889,47.513355555555556,ST JOHNS WEST CLIMATE,8403603,8403603.2022.10.18,2022-10-18 00:00:00,NL,2022,10,18,11.4,,9.4,,13.4,,0.2,,,,,,,,,,,,0,,6.6,,89,,100,
-52.78333888888889,47.513355555555556,ST JOHNS WEST CLIMATE,8403603,8403603.2022.10.19,2022-10-19 00:00:00,NL,2022,10,19,13.7,,10.8,,16.5,,0.4,,,,,,,,,,,,0,,4.3,,82,,100,
-52.78333888888889,47.513355555555556,ST JOHNS WEST CLIMATE,8403603,8403603.2022.10.20,2022-10-20 00:00:00,NL,2022,10,20,14.4,,12.6,,16.3,,2.9,,,,,,,,17,,43,,0,,3.6,,88,,99,
-52.78333888888889,47.513355555555556,ST JOHNS WEST CLIMATE,8403603,8403603.2022.10.21,2022-10-21 00:00:00,NL,2022,10,21,12.1,,9.1,,15.2,,0,,,,,,,,28,,33,,0,,5.9,,52,,96,
-52.78333888888889,47.513355555555556,ST JOHNS WEST CLIMATE,8403603,8403603.2022.10.22,2022-10-22 00:00:00,NL,2022,10,22,10.5,,5.3,,15.6,,0,,,,,,,,26,,35,,0,,7.5,,55,,97,
-52.78333888888889,47.513355555555556,ST JOHNS WEST CLIMATE,8403603,8403603.2022.10.23,2022-10-23 00:00:00,NL,2022,10,23,12.4,,8.3,,16.5,,0,,,,,,,,27,,45,,0,,5.6,,58,,95,
-52.78333888888889,47.513355555555556,ST JOHNS WEST CLIMATE,8403603,8403603.2022.10.24,2022-10-24 00:00:00,NL,2022,10,24,9.4,,4.9,,13.9,,0,,,,,,,,,,,,0,,8.6,,60,,97,
-52.78333888888889,47.513355555555556,ST JOHNS WEST CLIMATE,8403603,8403603.2022.10.25,2022-10-25 00:00:00,NL,2022,10,25,11,,5,,17.1,,0,,,,,,,,28,,34,,0,,7,,55,,92,
-52.78333888888889,47.513355555555556,ST JOHNS WEST CLIMATE,8403603,8403603.2022.10.26,2022-10-26 00:00:00,NL,2022,10,26,13.6,,10.7,,16.4,,0,,,,,,,,,,,,0,,4.4,,83,,97,
-52.78333888888889,47.513355555555556,ST JOHNS WEST CLIMATE,8403603,8403603.2022.10.27,2022-10-27 00:00:00,NL,2022,10,27,16.2,,11.3,,21,,4.9,,,,,,,,29,,36,,0,,1.8,,68,,99,
-52.78333888888889,47.513355555555556,ST JOHNS WEST CLIMATE,8403603,8403603.2022.10.28,2022-10-28 00:00:00,NL,2022,10,28,9,,2.7,,15.3,,0,,,,,,,,32,,43,,0,,9,,49,,99,
-52.78333888888889,47.513355555555556,ST JOHNS WEST CLIMATE,8403603,8403603.2022.10.29,2022-10-29 00:00:00,NL,2022,10,29,6.2,,0.4,,12,,0,,,,,,,,26,,44,,0,,11.8,,46,,86,
-52.78333888888889,47.513355555555556,ST JOHNS WEST CLIMATE,8403603,8403603.2022.10.30,2022-10-30 00:00:00,NL,2022,10,30,9.2,,5.4,,13,,0,,,,,,,,24,,50,,0,,8.8,,61,,88,
-52.78333888888889,47.513355555555556,ST JOHNS WEST CLIMATE,8403603,8403603.2022.10.31,2022-10-31 00:00:00,NL,2022,10,31,8.4,,2.7,,14.1,,0,,,,,,,,22,,46,,0,,9.6,,56,,90,
-52.78333888888889,47.513355555555556,ST JOHNS WEST CLIMATE,8403603,8403603.2022.11.1,2022-11-01 00:00:00,NL,2022,11,1,4.6,,1.7,,7.5,,0,,,,,,1,,,,,,0,,13.4,,67,,94,
-52.78333888888889,47.513355555555556,ST JOHNS WEST CLIMATE,8403603,8403603.2022.11.2,2022-11-02 00:00:00,NL,2022,11,2,7.2,,2.3,,12.1,,7.5,,,,,,1,,28,,50,,0,,10.8,,72,,95,
-52.78333888888889,47.513355555555556,ST JOHNS WEST CLIMATE,8403603,8403603.2022.11.3,2022-11-03 00:00:00,NL,2022,11,3,2.3,,0.5,,4,,1.2,,,,,,3,,30,,58,,0,,15.7,,51,,90,
-52.78333888888889,47.513355555555556,ST JOHNS WEST CLIMATE,8403603,8403603.2022.11.4,2022-11-04 00:00:00,NL,2022,11,4,7.1,,2.5,,11.7,,0,,,,,,2,,28,,31,,0,,10.9,,60,,99,
-52.78333888888889,47.513355555555556,ST JOHNS WEST CLIMATE,8403603,8403603.2022.11.5,2022-11-05 00:00:00,NL,2022,11,5,10.6,,4.6,,16.6,,0,,,,,,1,,24,,45,,0,,7.4,,56,,98,
-52.78333888888889,47.513355555555556,ST JOHNS WEST CLIMATE,8403603,8403603.2022.11.6,2022-11-06 00:00:00,NL,2022,11,6,10.5,,5.8,,15.3,,0,,,,,,2,,26,,42,,0,,7.5,,81,,99,
-52.78333888888889,47.513355555555556,ST JOHNS WEST CLIMATE,8403603,8403603.2022.11.7,2022-11-07 00:00:00,NL,2022,11,7,14.5,,13.1,,15.9,,2.6,,,,,,2,,24,,52,,0,,3.5,,84,,96,
-52.78333888888889,47.513355555555556,ST JOHNS WEST CLIMATE,8403603,8403603.2022.11.8,2022-11-08 00:00:00,NL,2022,11,8,7.9,,2.8,,13.1,,0.2,,,,,,1,,30,,56,,0,,10.1,,46,,86,
-52.78333888888889,47.513355555555556,ST JOHNS WEST CLIMATE,8403603,8403603.2022.11.9,2022-11-09 00:00:00,NL,2022,11,9,1.6,,-0.4,,3.6,,0.2,,,,,,2,,32,,67,,0,,16.4,,57,,76,
-52.78333888888889,47.513355555555556,ST JOHNS WEST CLIMATE,8403603,8403603.2022.11.10,2022-11-10 00:00:00,NL,2022,11,10,2.6,,-1.6,,6.7,,0.3,,,,,,2,,28,,51,,0,,15.4,,60,,89,
-52.78333888888889,47.513355555555556,ST JOHNS WEST CLIMATE,8403603,8403603.2022.11.11,2022-11-11 00:00:00,NL,2022,11,11,3.7,,0.6,,6.7,,2.7,,,,,,2,,,,,,0,,14.3,,63,,98,
-52.78333888888889,47.513355555555556,ST JOHNS WEST CLIMATE,8403603,8403603.2022.11.12,2022-11-12 00:00:00,NL,2022,11,12,7.2,,0.5,,13.9,,40.3,,,,,,2,,12,,40,,0,,10.8,,93,,99,
-52.78333888888889,47.513355555555556,ST JOHNS WEST CLIMATE,8403603,8403603.2022.11.13,2022-11-13 00:00:00,NL,2022,11,13,3.5,,0.8,,6.3,,0.9,,,,,,2,,2,,64,,0,,14.5,,76,,96,
-52.78333888888889,47.513355555555556,ST JOHNS WEST CLIMATE,8403603,8403603.2022.11.14,2022-11-14 00:00:00,NL,2022,11,14,4.2,,0.8,,7.6,,6.8,,,,,,2,,25,,63,,0,,13.8,,78,,98,
-52.78333888888889,47.513355555555556,ST JOHNS WEST CLIMATE,8403603,8403603.2022.11.15,2022-11-15 00:00:00,NL,2022,11,15,1.9,,-1.4,,5.2,,0.2,,,,,,1,,29,,66,,0,,16.1,,68,,88,
-52.78333888888889,47.513355555555556,ST JOHNS WEST CLIMATE,8403603,8403603.2022.11.16,2022-11-16 00:00:00,NL,2022,11,16,-0.1,,-1.9,,1.7,,0,,,,,,2,,31,,33,,0,,18.1,,69,,89,
-52.78333888888889,47.513355555555556,ST JOHNS WEST CLIMATE,8403603,8403603.2022.11.17,2022-11-17 00:00:00,NL,2022,11,17,6.5,,0.4,,12.6,,8.4,,,,,,1,,22,,61,,0,,11.5,,73,,98,
-52.78333888888889,47.513355555555556,ST JOHNS WEST CLIMATE,8403603,8403603.2022.11.18,2022-11-18 00:00:00,NL,2022,11,18,3.1,,1,,5.2,,0.7,,,,,,2,,26,,53,,0,,14.9,,67,,91,
-52.78333888888889,47.513355555555556,ST JOHNS WEST CLIMATE,8403603,8403603.2022.11.19,2022-11-19 00:00:00,NL,2022,11,19,1.9,,-0.6,,4.5,,0.2,,,,,,2,,28,,38,,0,,16.1,,63,,93,
-52.78333888888889,47.513355555555556,ST JOHNS WEST CLIMATE,8403603,8403603.2022.11.20,2022-11-20 00:00:00,NL,2022,11,20,1.6,,-4.4,,7.6,,21.3,,,,,,2,,13,,65,,0,,16.4,,60,,97,
-52.78333888888889,47.513355555555556,ST JOHNS WEST CLIMATE,8403603,8403603.2022.11.21,2022-11-21 00:00:00,NL,2022,11,21,1.9,,-2,,5.9,,1,,,,,,2,,24,,80,,0,,16.1,,57,,86,
-52.78333888888889,47.513355555555556,ST JOHNS WEST CLIMATE,8403603,8403603.2022.11.22,2022-11-22 00:00:00,NL,2022,11,22,-0.3,,-3.6,,3.1,,,M,,,,,1,,33,,80,,0,,18.3,,62,,99,
-52.78333888888889,47.513355555555556,ST JOHNS WEST CLIMATE,8403603,8403603.2022.11.23,2022-11-23 00:00:00,NL,2022,11,23,-1.6,,-4.9,,1.8,,2.7,,,,,,10,,29,,45,,0,,19.6,,70,,97,
-52.78333888888889,47.513355555555556,ST JOHNS WEST CLIMATE,8403603,8403603.2022.11.24,2022-11-24 00:00:00,NL,2022,11,24,-4.4,,-6.9,,-2,,1.4,,,,,,7,,26,,85,,0,,22.4,,55,,87,
-52.78333888888889,47.513355555555556,ST JOHNS WEST CLIMATE,8403603,8403603.2022.11.25,2022-11-25 00:00:00,NL,2022,11,25,-0.4,,-2.7,,2,,1.7,,,,,,7,,32,,70,,0,,18.4,,80,,95,
-52.78333888888889,47.513355555555556,ST JOHNS WEST CLIMATE,8403603,8403603.2022.11.26,2022-11-26 00:00:00,NL,2022,11,26,-0.1,,-4.3,,4,,4.3,,,,,,6,,9,,60,,0,,18.1,,84,,97,
-52.78333888888889,47.513355555555556,ST JOHNS WEST CLIMATE,8403603,8403603.2022.11.27,2022-11-27 00:00:00,NL,2022,11,27,4.5,,3.2,,5.8,,26.2,,,,,,1,,8,,64,,0,,13.5,,97,,99,
-52.78333888888889,47.513355555555556,ST JOHNS WEST CLIMATE,8403603,8403603.2022.11.28,2022-11-28 00:00:00,NL,2022,11,28,5.4,,2.1,,8.6,,4.9,,,,,,2,,24,,54,,0,,12.6,,89,,99,
-52.78333888888889,47.513355555555556,ST JOHNS WEST CLIMATE,8403603,8403603.2022.11.29,2022-11-29 00:00:00,NL,2022,11,29,0,,-3.4,,3.4,,0.2,,,,,,2,,29,,62,,0,,18,,61,,91,
-52.78333888888889,47.513355555555556,ST JOHNS WEST CLIMATE,8403603,8403603.2022.11.30,2022-11-30 00:00:00,NL,2022,11,30,-6.2,,-9.2,,-3.1,,0,,,,,,1,,29,,38,,0,,24.2,,63,,92,
-52.78333888888889,47.513355555555556,ST JOHNS WEST CLIMATE,8403603,8403603.2022.12.1,2022-12-01 00:00:00,NL,2022,12,1,1.3,,-4.8,,7.4,,12.5,,,,,,2,,15,,60,,0,,16.7,,83,,97,
-52.78333888888889,47.513355555555556,ST JOHNS WEST CLIMATE,8403603,8403603.2022.12.2,2022-12-02 00:00:00,NL,2022,12,2,0.6,,-1.8,,3,,0.6,,,,,,2,,27,,43,,0,,17.4,,55,,96,
-52.78333888888889,47.513355555555556,ST JOHNS WEST CLIMATE,8403603,8403603.2022.12.3,2022-12-03 00:00:00,NL,2022,12,3,-0.4,,-2,,1.3,,0,,,,,,1,,,,,,0,,18.4,,56,,82,
-52.78333888888889,47.513355555555556,ST JOHNS WEST CLIMATE,8403603,8403603.2022.12.4,2022-12-04 00:00:00,NL,2022,12,4,0.4,,-2.2,,3,,0,,,,,,2,,15,,45,,0,,17.6,,74,,90,
-52.78333888888889,47.513355555555556,ST JOHNS WEST CLIMATE,8403603,8403603.2022.12.5,2022-12-05 00:00:00,NL,2022,12,5,2.6,,1.5,,3.7,,1.1,,,,,,2,,15,,40,,0,,15.4,,92,,99,
-52.78333888888889,47.513355555555556,ST JOHNS WEST CLIMATE,8403603,8403603.2022.12.6,2022-12-06 00:00:00,NL,2022,12,6,1.6,,0.4,,2.8,,0.8,,,,,,3,,,,,,0,,16.4,,99,,100,
-52.78333888888889,47.513355555555556,ST JOHNS WEST CLIMATE,8403603,8403603.2022.12.7,2022-12-07 00:00:00,NL,2022,12,7,2.7,,1.2,,4.2,,1.5,,,,,,3,,,,,,0,,15.3,,99,,100,
-52.78333888888889,47.513355555555556,ST JOHNS WEST CLIMATE,8403603,8403603.2022.12.8,2022-12-08 00:00:00,NL,2022,12,8,2.9,,1.6,,4.2,,1.8,,,,,,0,,,,,,0,,15.1,,97,,100,
-52.78333888888889,47.513355555555556,ST JOHNS WEST CLIMATE,8403603,8403603.2022.12.9,2022-12-09 00:00:00,NL,2022,12,9,2.9,,2.2,,3.6,,0.9,,,,,,3,,,,,,0,,15.1,,96,,100,
-52.78333888888889,47.513355555555556,ST JOHNS WEST CLIMATE,8403603,8403603.2022.12.10,2022-12-10 00:00:00,NL,2022,12,10,1.9,,0.8,,3.1,,2.1,,,,,,4,,4,,37,,0,,16.1,,93,,99,
-52.78333888888889,47.513355555555556,ST JOHNS WEST CLIMATE,8403603,8403603.2022.12.11,2022-12-11 00:00:00,NL,2022,12,11,-0.8,,-2.4,,0.8,,0.8,,,,,,2,,1,,40,,0,,18.8,,86,,95,
-52.78333888888889,47.513355555555556,ST JOHNS WEST CLIMATE,8403603,8403603.2022.12.12,2022-12-12 00:00:00,NL,2022,12,12,-1,,-2.4,,0.5,,0.7,,,,,,6,,,,,,0,,19,,77,,99,
-52.78333888888889,47.513355555555556,ST JOHNS WEST CLIMATE,8403603,8403603.2022.12.13,2022-12-13 00:00:00,NL,2022,12,13,2.4,,0.4,,4.5,,15.4,,,,,,3,,8,,67,,0,,15.6,,89,,100,
-52.78333888888889,47.513355555555556,ST JOHNS WEST CLIMATE,8403603,8403603.2022.12.14,2022-12-14 00:00:00,NL,2022,12,14,3.8,,2.6,,4.9,,22.3,,,,,,2,,4,,52,,0,,14.2,,93,,99,
-52.78333888888889,47.513355555555556,ST JOHNS WEST CLIMATE,8403603,8403603.2022.12.15,2022-12-15 00:00:00,NL,2022,12,15,3,,2.2,,3.8,,4.7,,,,,,3,,3,,60,,0,,15,,96,,100,
-52.78333888888889,47.513355555555556,ST JOHNS WEST CLIMATE,8403603,8403603.2022.12.16,2022-12-16 00:00:00,NL,2022,12,16,2,,1.3,,2.8,,1.1,,,,,,2,,3,,56,,0,,16,,82,,96,
-52.78333888888889,47.513355555555556,ST JOHNS WEST CLIMATE,8403603,8403603.2022.12.17,2022-12-17 00:00:00,NL,2022,12,17,1.2,,0,,2.3,,1.5,,,,,,1,,7,,33,,0,,16.8,,85,,98,
-52.78333888888889,47.513355555555556,ST JOHNS WEST CLIMATE,8403603,8403603.2022.12.18,2022-12-18 00:00:00,NL,2022,12,18,2.8,,2.2,,3.3,,16.8,,,,,,2,,9,,46,,0,,15.2,,92,,98,
-52.78333888888889,47.513355555555556,ST JOHNS WEST CLIMATE,8403603,8403603.2022.12.19,2022-12-19 00:00:00,NL,2022,12,19,2.1,,1.2,,3,,22.8,,,,,,2,,9,,58,,0,,15.9,,93,,100,
-52.78333888888889,47.513355555555556,ST JOHNS WEST CLIMATE,8403603,8403603.2022.12.20,2022-12-20 00:00:00,NL,2022,12,20,1.5,,0.2,,2.9,,7.5,,,,,,2,,6,,52,,0,,16.5,,80,,99,
-52.78333888888889,47.513355555555556,ST JOHNS WEST CLIMATE,8403603,8403603.2022.12.21,2022-12-21 00:00:00,NL,2022,12,21,0.6,,-0.7,,1.8,,1.2,,,,,,1,,1,,42,,0,,17.4,,73,,89,
-52.78333888888889,47.513355555555556,ST JOHNS WEST CLIMATE,8403603,8403603.2022.12.22,2022-12-22 00:00:00,NL,2022,12,22,-1.9,,-3.5,,-0.4,,0,,,,,,3,,31,,39,,0,,19.9,,58,,89,
-52.78333888888889,47.513355555555556,ST JOHNS WEST CLIMATE,8403603,8403603.2022.12.23,2022-12-23 00:00:00,NL,2022,12,23,-2.3,,-3.9,,-0.7,,0,,,,,,3,,,,,,0,,20.3,,69,,93,
-52.78333888888889,47.513355555555556,ST JOHNS WEST CLIMATE,8403603,8403603.2022.12.24,2022-12-24 00:00:00,NL,2022,12,24,4.3,,-0.9,,9.5,,16.6,,,,,,2,,13,,61,,0,,13.7,,77,,100,
-52.78333888888889,47.513355555555556,ST JOHNS WEST CLIMATE,8403603,8403603.2022.12.25,2022-12-25 00:00:00,NL,2022,12,25,4.9,,0.9,,8.9,,0.6,,,,,,2,,30,,59,,0,,13.1,,84,,95,
-52.78333888888889,47.513355555555556,ST JOHNS WEST CLIMATE,8403603,8403603.2022.12.26,2022-12-26 00:00:00,NL,2022,12,26,1,,-1.9,,3.8,,0.3,,,,,,2,,28,,40,,0,,17,,62,,92,
-52.78333888888889,47.513355555555556,ST JOHNS WEST CLIMATE,8403603,8403603.2022.12.27,2022-12-27 00:00:00,NL,2022,12,27,0.2,,-2.7,,3.1,,2.7,,,,,,2,,23,,40,,0,,17.8,,62,,96,
-52.78333888888889,47.513355555555556,ST JOHNS WEST CLIMATE,8403603,8403603.2022.12.28,2022-12-28 00:00:00,NL,2022,12,28,-1.9,,-5.7,,1.9,,0.2,,,,,,1,,25,,54,,0,,19.9,,54,,92,
-52.78333888888889,47.513355555555556,ST JOHNS WEST CLIMATE,8403603,8403603.2022.12.29,2022-12-29 00:00:00,NL,2022,12,29,-5.9,,-7.2,,-4.5,,0,,,,,,2,,30,,59,,0,,23.9,,57,,76,
-52.78333888888889,47.513355555555556,ST JOHNS WEST CLIMATE,8403603,8403603.2022.12.30,2022-12-30 00:00:00,NL,2022,12,30,-4.2,,-7,,-1.5,,0,,,,,,1,,,,,,0,,22.2,,65,,86,
-52.78333888888889,47.513355555555556,ST JOHNS WEST CLIMATE,8403603,8403603.2022.12.31,2022-12-31 00:00:00,NL,2022,12,31,2.3,,-1.5,,6.2,,0.7,,,,,,2,,26,,53,,0,,15.7,,85,,98,
-52.78333888888889,47.513355555555556,ST JOHNS WEST CLIMATE,8403603,8403603.2023.1.1,2023-01-01 00:00:00,NL,2023,1,1,4.3,,2.8,,5.8,,23.4,,,,,,2,,,,,,0,,13.7,,98,,100,
-52.78333888888889,47.513355555555556,ST JOHNS WEST CLIMATE,8403603,8403603.2023.1.2,2023-01-02 00:00:00,NL,2023,1,2,0.9,,-2,,3.9,,1.5,,,,,,3,,36,,58,,0,,17.1,,83,,99,
-52.78333888888889,47.513355555555556,ST JOHNS WEST CLIMATE,8403603,8403603.2023.1.3,2023-01-03 00:00:00,NL,2023,1,3,-2,,-3.2,,-0.8,,0,,,,,,5,,29,,34,,0,,20,,70,,92,
-52.78333888888889,47.513355555555556,ST JOHNS WEST CLIMATE,8403603,8403603.2023.1.4,2023-01-04 00:00:00,NL,2023,1,4,0,,-3.1,,3.1,,0.5,,,,,,4,,30,,47,,0,,18,,78,,96,
-52.78333888888889,47.513355555555556,ST JOHNS WEST CLIMATE,8403603,8403603.2023.1.5,2023-01-05 00:00:00,NL,2023,1,5,-4.2,,-8.4,,-0.1,,0,,,,,,3,,32,,40,,0,,22.2,,57,,76,
-52.78333888888889,47.513355555555556,ST JOHNS WEST CLIMATE,8403603,8403603.2023.1.6,2023-01-06 00:00:00,NL,2023,1,6,-5.8,,-9,,-2.6,,0,,,,,,4,,,,,,0,,23.8,,59,,92,
-52.78333888888889,47.513355555555556,ST JOHNS WEST CLIMATE,8403603,8403603.2023.1.7,2023-01-07 00:00:00,NL,2023,1,7,-2.8,,-4.6,,-1,,0,,,,,,2,,,,,,0,,20.8,,76,,92,
-52.78333888888889,47.513355555555556,ST JOHNS WEST CLIMATE,8403603,8403603.2023.1.8,2023-01-08 00:00:00,NL,2023,1,8,-2.3,,-4.7,,0,,2.7,,,,,,2,,31,,39,,0,,20.3,,67,,96,
-52.78333888888889,47.513355555555556,ST JOHNS WEST CLIMATE,8403603,8403603.2023.1.9,2023-01-09 00:00:00,NL,2023,1,9,-4.1,,-8.2,,-0.1,,0.2,,,,,,9,,27,,56,,0,,22.1,,63,,84,
-52.78333888888889,47.513355555555556,ST JOHNS WEST CLIMATE,8403603,8403603.2023.1.10,2023-01-10 00:00:00,NL,2023,1,10,-4.5,,-5.4,,-3.5,,5.1,,,,,,7,,3,,40,,0,,22.5,,75,,96,
-52.78333888888889,47.513355555555556,ST JOHNS WEST CLIMATE,8403603,8403603.2023.1.11,2023-01-11 00:00:00,NL,2023,1,11,-8.1,,-12.7,,-3.4,,1.1,,,,,,14,,28,,35,,0,,26.1,,69,,93,
-52.78333888888889,47.513355555555556,ST JOHNS WEST CLIMATE,8403603,8403603.2023.1.12,2023-01-12 00:00:00,NL,2023,1,12,-11.2,,-15.7,,-6.7,,0,,,,,,13,,29,,42,,0,,29.2,,65,,90,
-52.78333888888889,47.513355555555556,ST JOHNS WEST CLIMATE,8403603,8403603.2023.1.13,2023-01-13 00:00:00,NL,2023,1,13,-7.4,,-17,,2.2,,0.7,,,,,,12,,17,,59,,0,,25.4,,80,,95,
-52.78333888888889,47.513355555555556,ST JOHNS WEST CLIMATE,8403603,8403603.2023.1.14,2023-01-14 00:00:00,NL,2023,1,14,7.7,,2.1,,13.3,,3.7,,,,,,3,,22,,63,,0,,10.3,,85,,96,
-52.78333888888889,47.513355555555556,ST JOHNS WEST CLIMATE,8403603,8403603.2023.1.15,2023-01-15 00:00:00,NL,2023,1,15,6.8,,0.2,,13.4,,26.1,,,,,,2,,22,,49,,0,,11.2,,91,,99,
-52.78333888888889,47.513355555555556,ST JOHNS WEST CLIMATE,8403603,8403603.2023.1.16,2023-01-16 00:00:00,NL,2023,1,16,4.5,,0.4,,8.6,,13.2,,,,,,2,,5,,43,,0,,13.5,,99,,100,
-52.78333888888889,47.513355555555556,ST JOHNS WEST CLIMATE,8403603,8403603.2023.1.17,2023-01-17 00:00:00,NL,2023,1,17,7.2,,5.2,,9.3,,4.8,,,,,,1,,18,,35,,0,,10.8,,99,,100,
-52.78333888888889,47.513355555555556,ST JOHNS WEST CLIMATE,8403603,8403603.2023.1.18,2023-01-18 00:00:00,NL,2023,1,18,5,,2.7,,7.4,,7.8,,,,,,2,,21,,47,,0,,13,,87,,100,
-52.78333888888889,47.513355555555556,ST JOHNS WEST CLIMATE,8403603,8403603.2023.1.19,2023-01-19 00:00:00,NL,2023,1,19,1.6,,-0.1,,3.3,,6.1,,,,,,3,,26,,45,,0,,16.4,,88,,98,
-52.78333888888889,47.513355555555556,ST JOHNS WEST CLIMATE,8403603,8403603.2023.1.20,2023-01-20 00:00:00,NL,2023,1,20,-0.4,,-0.7,,0,,7.2,,,,,,1,,5,,39,,0,,18.4,,92,,100,
-52.78333888888889,47.513355555555556,ST JOHNS WEST CLIMATE,8403603,8403603.2023.1.21,2023-01-21 00:00:00,NL,2023,1,21,-0.5,,-1,,0.1,,13.5,,,,,,14,,2,,70,,0,,18.5,,99,,100,
-52.78333888888889,47.513355555555556,ST JOHNS WEST CLIMATE,8403603,8403603.2023.1.22,2023-01-22 00:00:00,NL,2023,1,22,-3.4,,-5.8,,-0.9,,1.9,,,,,,26,,34,,61,,0,,21.4,,95,,99,
-52.78333888888889,47.513355555555556,ST JOHNS WEST CLIMATE,8403603,8403603.2023.1.23,2023-01-23 00:00:00,NL,2023,1,23,-1.6,,-4.9,,1.8,,14,,,,,,29,,15,,66,,0,,19.6,,94,,99,
-52.78333888888889,47.513355555555556,ST JOHNS WEST CLIMATE,8403603,8403603.2023.1.24,2023-01-24 00:00:00,NL,2023,1,24,,M,,M,,M,,M,,,,,16,,,M,,M,,M,,M,,M,,M
-52.78333888888889,47.513355555555556,ST JOHNS WEST CLIMATE,8403603,8403603.2023.1.25,2023-01-25 00:00:00,NL,2023,1,25,-2,,-6.1,,2.2,,0,,,,,,12,,27,,49,,0,,20,,51,,80,
-52.78333888888889,47.513355555555556,ST JOHNS WEST CLIMATE,8403603,8403603.2023.1.26,2023-01-26 00:00:00,NL,2023,1,26,-1.3,,-6.4,,3.8,,0.9,,,,,,12,,17,,60,,0,,19.3,,67,,97,
-52.78333888888889,47.513355555555556,ST JOHNS WEST CLIMATE,8403603,8403603.2023.1.27,2023-01-27 00:00:00,NL,2023,1,27,3.3,,-1.1,,7.6,,11.4,,,,,,6,,17,,62,,0,,14.7,,65,,98,
-52.78333888888889,47.513355555555556,ST JOHNS WEST CLIMATE,8403603,8403603.2023.1.28,2023-01-28 00:00:00,NL,2023,1,28,-3.2,,-5.6,,-0.8,,0,,,,,,5,,30,,36,,0,,21.2,,50,,83,
-52.78333888888889,47.513355555555556,ST JOHNS WEST CLIMATE,8403603,8403603.2023.1.29,2023-01-29 00:00:00,NL,2023,1,29,,M,,M,,M,,M,,,,,5,,,M,,M,,M,,M,,M,,M
-52.78333888888889,47.513355555555556,ST JOHNS WEST CLIMATE,8403603,8403603.2023.1.30,2023-01-30 00:00:00,NL,2023,1,30,1.2,,-4.3,,6.6,,9.5,,,,,,5,,24,,46,,0,,16.8,,82,,98,
-52.78333888888889,47.513355555555556,ST JOHNS WEST CLIMATE,8403603,8403603.2023.1.31,2023-01-31 00:00:00,NL,2023,1,31,,M,,M,,M,,M,,,,,2,,,M,,M,,M,,M,,M,,M
-52.78333888888889,47.513355555555556,ST JOHNS WEST CLIMATE,8403603,8403603.2023.2.1,2023-02-01 00:00:00,NL,2023,2,1,-9.7,,-16.6,,-2.8,,0.5,,,,,,11,,31,,49,,0,,27.7,,54,,89,
-52.78333888888889,47.513355555555556,ST JOHNS WEST CLIMATE,8403603,8403603.2023.2.2,2023-02-02 00:00:00,NL,2023,2,2,-11.8,,-16.4,,-7.3,,1.1,,,,,,9,,32,,33,,0,,29.8,,51,,91,
-52.78333888888889,47.513355555555556,ST JOHNS WEST CLIMATE,8403603,8403603.2023.2.3,2023-02-03 00:00:00,NL,2023,2,3,-2.7,,-7.9,,2.5,,25.1,,,,,,8,,23,,74,,0,,20.7,,70,,99,
-52.78333888888889,47.513355555555556,ST JOHNS WEST CLIMATE,8403603,8403603.2023.2.4,2023-02-04 00:00:00,NL,2023,2,4,-10.5,,-15,,-6.1,,1.4,,,,,,13,,23,,82,,0,,28.5,,46,,87,
-52.78333888888889,47.513355555555556,ST JOHNS WEST CLIMATE,8403603,8403603.2023.2.5,2023-02-05 00:00:00,NL,2023,2,5,-4.6,,-8.4,,-0.8,,0,,,,,,14,,29,,65,,0,,22.6,,62,,95,
-52.78333888888889,47.513355555555556,ST JOHNS WEST CLIMATE,8403603,8403603.2023.2.6,2023-02-06 00:00:00,NL,2023,2,6,,M,,M,,M,,M,,,,,14,,,M,,M,,M,,M,,M,,M
-52.78333888888889,47.513355555555556,ST JOHNS WEST CLIMATE,8403603,8403603.2023.2.7,2023-02-07 00:00:00,NL,2023,2,7,-4.2,,-5.8,,-2.6,,0.2,,,,,,11,,4,,53,,0,,22.2,,69,,90,
-52.78333888888889,47.513355555555556,ST JOHNS WEST CLIMATE,8403603,8403603.2023.2.8,2023-02-08 00:00:00,NL,2023,2,8,,M,,M,,M,,M,,,,,13,,,M,,M,,M,,M,,M,,M
-52.78333888888889,47.513355555555556,ST JOHNS WEST CLIMATE,8403603,8403603.2023.2.9,2023-02-09 00:00:00,NL,2023,2,9,-6.4,,-11.3,,-1.4,,1.1,,,,,,17,,32,,43,,0,,24.4,,62,,93,
-52.78333888888889,47.513355555555556,ST JOHNS WEST CLIMATE,8403603,8403603.2023.2.10,2023-02-10 00:00:00,NL,2023,2,10,,M,,M,,M,,M,,,,,17,,,M,,M,,M,,M,,M,,M
-52.78333888888889,47.513355555555556,ST JOHNS WEST CLIMATE,8403603,8403603.2023.2.11,2023-02-11 00:00:00,NL,2023,2,11,-3.8,,-10,,2.3,,1.2,,,,,,16,,23,,64,,0,,21.8,,68,,98,
-52.78333888888889,47.513355555555556,ST JOHNS WEST CLIMATE,8403603,8403603.2023.2.12,2023-02-12 00:00:00,NL,2023,2,12,-6.9,,-11,,-2.7,,0.4,,,,,,16,,31,,67,,0,,24.9,,52,,94,
-52.78333888888889,47.513355555555556,ST JOHNS WEST CLIMATE,8403603,8403603.2023.2.13,2023-02-13 00:00:00,NL,2023,2,13,-4.1,,-7.8,,-0.4,,1.2,,,,,,16,,8,,45,,0,,22.1,,50,,93,
-52.78333888888889,47.513355555555556,ST JOHNS WEST CLIMATE,8403603,8403603.2023.2.14,2023-02-14 00:00:00,NL,2023,2,14,-2.6,,-4.5,,-0.6,,21.6,,,,,,16,,36,,78,,0,,20.6,,93,,97,
-52.78333888888889,47.513355555555556,ST JOHNS WEST CLIMATE,8403603,8403603.2023.2.15,2023-02-15 00:00:00,NL,2023,2,15,-3.5,,-6.5,,-0.6,,1.4,,,,,,16,,35,,86,,0,,21.5,,73,,96,
-52.78333888888889,47.513355555555556,ST JOHNS WEST CLIMATE,8403603,8403603.2023.2.16,2023-02-16 00:00:00,NL,2023,2,16,-1.5,,-5.8,,2.8,,0.5,,,,,,16,,19,,46,,0,,19.5,,59,,99,
-52.78333888888889,47.513355555555556,ST JOHNS WEST CLIMATE,8403603,8403603.2023.2.17,2023-02-17 00:00:00,NL,2023,2,17,2,,-0.9,,5,,7,,,,,,15,,25,,49,,0,,16,,39,,99,
-52.78333888888889,47.513355555555556,ST JOHNS WEST CLIMATE,8403603,8403603.2023.2.18,2023-02-18 00:00:00,NL,2023,2,18,-7,,-13.1,,-0.9,,10.4,,,,,,15,,,,,,0,,25,,81,,98,
-52.78333888888889,47.513355555555556,ST JOHNS WEST CLIMATE,8403603,8403603.2023.2.19,2023-02-19 00:00:00,NL,2023,2,19,-8.4,,-13.3,,-3.5,,0.2,,,,,,18,,,,,,0,,26.4,,73,,92,
-52.78333888888889,47.513355555555556,ST JOHNS WEST CLIMATE,8403603,8403603.2023.2.20,2023-02-20 00:00:00,NL,2023,2,20,-5.9,,-13.2,,1.5,,4.1,,,,,,18,,16,,52,,0,,23.9,,76,,98,
-52.78333888888889,47.513355555555556,ST JOHNS WEST CLIMATE,8403603,8403603.2023.2.21,2023-02-21 00:00:00,NL,2023,2,21,3.1,,-0.2,,6.3,,17.4,,,,,,15,,18,,64,,0,,14.9,,92,,100,
-52.78333888888889,47.513355555555556,ST JOHNS WEST CLIMATE,8403603,8403603.2023.2.22,2023-02-22 00:00:00,NL,2023,2,22,-3.2,,-6.8,,0.4,,8.6,,,,,,13,,33,,54,,0,,21.2,,76,,99,
-52.78333888888889,47.513355555555556,ST JOHNS WEST CLIMATE,8403603,8403603.2023.2.23,2023-02-23 00:00:00,NL,2023,2,23,-10.7,,-15.8,,-5.5,,0.2,,,,,,17,,29,,65,,0,,28.7,,50,,75,
-52.78333888888889,47.513355555555556,ST JOHNS WEST CLIMATE,8403603,8403603.2023.2.24,2023-02-24 00:00:00,NL,2023,2,24,-14.1,,-16,,-12.2,,0,,,,,,14,,32,,36,,0,,32.1,,54,,73,
-52.78333888888889,47.513355555555556,ST JOHNS WEST CLIMATE,8403603,8403603.2023.2.25,2023-02-25 00:00:00,NL,2023,2,25,-13.8,,-15.1,,-12.5,,0,,,,,,13,,33,,43,,0,,31.8,,60,,75,
-52.78333888888889,47.513355555555556,ST JOHNS WEST CLIMATE,8403603,8403603.2023.2.26,2023-02-26 00:00:00,NL,2023,2,26,-14.1,,-16.1,,-12.1,,0.2,,,,,,14,,31,,47,,0,,32.1,,50,,82,
-52.78333888888889,47.513355555555556,ST JOHNS WEST CLIMATE,8403603,8403603.2023.2.27,2023-02-27 00:00:00,NL,2023,2,27,-13.4,,-16.9,,-10,,0,,,,,,14,,28,,36,,0,,31.4,,46,,75,
-52.78333888888889,47.513355555555556,ST JOHNS WEST CLIMATE,8403603,8403603.2023.2.28,2023-02-28 00:00:00,NL,2023,2,28,-14.1,,-18.7,,-9.4,,0,,,,,,14,,32,,33,,0,,32.1,,52,,82,
-52.78333888888889,47.513355555555556,ST JOHNS WEST CLIMATE,8403603,8403603.2023.3.1,2023-03-01 00:00:00,NL,2023,3,1,-9.1,,-11.3,,-6.9,,0,,,,,,14,,32,,51,,0,,27.1,,52,,76,
-52.78333888888889,47.513355555555556,ST JOHNS WEST CLIMATE,8403603,8403603.2023.3.2,2023-03-02 00:00:00,NL,2023,3,2,-6.9,,-10.6,,-3.2,,0,,,,,,14,,28,,50,,0,,24.9,,38,,77,
-52.78333888888889,47.513355555555556,ST JOHNS WEST CLIMATE,8403603,8403603.2023.3.3,2023-03-03 00:00:00,NL,2023,3,3,-7.9,,-13.3,,-2.4,,0,,,,,,13,,32,,41,,0,,25.9,,48,,88,
-52.78333888888889,47.513355555555556,ST JOHNS WEST CLIMATE,8403603,8403603.2023.3.4,2023-03-04 00:00:00,NL,2023,3,4,-6.5,,-10,,-2.9,,0,,,,,,14,,33,,54,,0,,24.5,,47,,79,
-52.78333888888889,47.513355555555556,ST JOHNS WEST CLIMATE,8403603,8403603.2023.3.5,2023-03-05 00:00:00,NL,2023,3,5,-7.5,,-12.9,,-2.1,,0,,,,,,14,,,,,,0,,25.5,,42,,90,
-52.78333888888889,47.513355555555556,ST JOHNS WEST CLIMATE,8403603,8403603.2023.3.6,2023-03-06 00:00:00,NL,2023,3,6,-3.1,,-5.4,,-0.9,,0,,,,,,14,,,,,,0,,21.1,,77,,96,
-52.78333888888889,47.513355555555556,ST JOHNS WEST CLIMATE,8403603,8403603.2023.3.7,2023-03-07 00:00:00,NL,2023,3,7,-0.9,,-3.7,,1.9,,9.5,,,,,,14,,3,,46,,0,,18.9,,83,,99,
-52.78333888888889,47.513355555555556,ST JOHNS WEST CLIMATE,8403603,8403603.2023.3.8,2023-03-08 00:00:00,NL,2023,3,8,0.6,,0,,1.1,,0.2,,,,,,13,,4,,64,,0,,17.4,,88,,97,
-52.78333888888889,47.513355555555556,ST JOHNS WEST CLIMATE,8403603,8403603.2023.3.9,2023-03-09 00:00:00,NL,2023,3,9,,M,,M,,M,,M,,,,,12,,,M,,M,,M,,M,,M,,M
-52.78333888888889,47.513355555555556,ST JOHNS WEST CLIMATE,8403603,8403603.2023.3.10,2023-03-10 00:00:00,NL,2023,3,10,-0.7,,-2,,0.7,,8.1,,,,,,14,,32,,55,,0,,18.7,,88,,98,
-52.78333888888889,47.513355555555556,ST JOHNS WEST CLIMATE,8403603,8403603.2023.3.11,2023-03-11 00:00:00,NL,2023,3,11,0.3,,-0.4,,1,,10.1,,,,,,22,,1,,63,,0,,17.7,,86,,99,
-52.78333888888889,47.513355555555556,ST JOHNS WEST CLIMATE,8403603,8403603.2023.3.12,2023-03-12 00:00:00,NL,2023,3,12,-0.7,,-1.8,,0.4,,0,,,,,,19,,36,,53,,0,,18.7,,81,,98,
-52.78333888888889,47.513355555555556,ST JOHNS WEST CLIMATE,8403603,8403603.2023.3.13,2023-03-13 00:00:00,NL,2023,3,13,-0.6,,-2.8,,1.6,,0,,,,,,19,,36,,52,,0,,18.6,,74,,92,
-52.78333888888889,47.513355555555556,ST JOHNS WEST CLIMATE,8403603,8403603.2023.3.14,2023-03-14 00:00:00,NL,2023,3,14,-1.4,,-4.3,,1.4,,0,,,,,,19,,32,,35,,0,,19.4,,58,,91,
-52.78333888888889,47.513355555555556,ST JOHNS WEST CLIMATE,8403603,8403603.2023.3.15,2023-03-15 00:00:00,NL,2023,3,15,-2.4,,-4.3,,-0.6,,2,,,,,,18,,10,,50,,0,,20.4,,84,,99,
-52.78333888888889,47.513355555555556,ST JOHNS WEST CLIMATE,8403603,8403603.2023.3.16,2023-03-16 00:00:00,NL,2023,3,16,0.3,,-0.7,,1.2,,18.6,,,,,,28,,8,,48,,0,,17.7,,97,,100,
-52.78333888888889,47.513355555555556,ST JOHNS WEST CLIMATE,8403603,8403603.2023.3.17,2023-03-17 00:00:00,NL,2023,3,17,0.4,,-0.7,,1.5,,2.8,,,,,,24,,30,,37,,0,,17.6,,97,,100,
-52.78333888888889,47.513355555555556,ST JOHNS WEST CLIMATE,8403603,8403603.2023.3.18,2023-03-18 00:00:00,NL,2023,3,18,0.8,,-1,,2.6,,1.1,,,,,,25,,29,,34,,0,,17.2,,90,,100,
-52.78333888888889,47.513355555555556,ST JOHNS WEST CLIMATE,8403603,8403603.2023.3.19,2023-03-19 00:00:00,NL,2023,3,19,1.9,,-1.4,,5.1,,5.9,,,,,,22,,24,,59,,0,,16.1,,66,,100,
-52.78333888888889,47.513355555555556,ST JOHNS WEST CLIMATE,8403603,8403603.2023.3.20,2023-03-20 00:00:00,NL,2023,3,20,-1,,-2.7,,0.7,,0.2,,,,,,19,,25,,85,,0,,19,,53,,80,
-52.78333888888889,47.513355555555556,ST JOHNS WEST CLIMATE,8403603,8403603.2023.3.21,2023-03-21 00:00:00,NL,2023,3,21,0.1,,-1.9,,2.1,,0,,,,,,20,,26,,67,,0,,17.9,,61,,86,
-52.78333888888889,47.513355555555556,ST JOHNS WEST CLIMATE,8403603,8403603.2023.3.22,2023-03-22 00:00:00,NL,2023,3,22,0.1,,-3.7,,3.9,,1.9,,,,,,18,,29,,33,,0,,17.9,,52,,100,
-52.78333888888889,47.513355555555556,ST JOHNS WEST CLIMATE,8403603,8403603.2023.3.23,2023-03-23 00:00:00,NL,2023,3,23,-6,,-11.9,,-0.2,,4.7,,,,,,26,,30,,49,,0,,24,,57,,100,
-52.78333888888889,47.513355555555556,ST JOHNS WEST CLIMATE,8403603,8403603.2023.3.24,2023-03-24 00:00:00,NL,2023,3,24,-6.5,,-11.9,,-1.1,,7.6,,,,,,26,,5,,77,,0,,24.5,,75,,100,
-52.78333888888889,47.513355555555556,ST JOHNS WEST CLIMATE,8403603,8403603.2023.3.25,2023-03-25 00:00:00,NL,2023,3,25,0.1,,-1.1,,1.3,,4.3,,,,,,43,,1,,77,,0,,17.9,,88,,100,
-52.78333888888889,47.513355555555556,ST JOHNS WEST CLIMATE,8403603,8403603.2023.3.26,2023-03-26 00:00:00,NL,2023,3,26,0,,-1.4,,1.3,,0,,,,,,44,,34,,51,,0,,18,,78,,100,
-52.78333888888889,47.513355555555556,ST JOHNS WEST CLIMATE,8403603,8403603.2023.3.27,2023-03-27 00:00:00,NL,2023,3,27,-0.1,,-1.6,,1.4,,0,,,,,,41,,32,,43,,0,,18.1,,89,,100,
-52.78333888888889,47.513355555555556,ST JOHNS WEST CLIMATE,8403603,8403603.2023.3.28,2023-03-28 00:00:00,NL,2023,3,28,0.1,,-1.1,,1.3,,0,,,,,,37,,32,,38,,0,,17.9,,82,,100,
-52.78333888888889,47.513355555555556,ST JOHNS WEST CLIMATE,8403603,8403603.2023.3.29,2023-03-29 00:00:00,NL,2023,3,29,-1,,-2.7,,0.7,,0,,,,,,36,,33,,43,,0,,19,,84,,100,
-52.78333888888889,47.513355555555556,ST JOHNS WEST CLIMATE,8403603,8403603.2023.3.30,2023-03-30 00:00:00,NL,2023,3,30,-0.7,,-5.6,,4.1,,0,,,,,,34,,,,,,0,,18.7,,48,,100,
-52.78333888888889,47.513355555555556,ST JOHNS WEST CLIMATE,8403603,8403603.2023.3.31,2023-03-31 00:00:00,NL,2023,3,31,-2.5,,-5.9,,0.8,,0,,,,,,34,,,,,,0,,20.5,,49,,100,
-52.78333888888889,47.513355555555556,ST JOHNS WEST CLIMATE,8403603,8403603.2023.4.1,2023-04-01 00:00:00,NL,2023,4,1,-0.2,,-5.9,,5.6,,3.2,,,,,,33,,14,,50,,0,,18.2,,38,,100,
-52.78333888888889,47.513355555555556,ST JOHNS WEST CLIMATE,8403603,8403603.2023.4.2,2023-04-02 00:00:00,NL,2023,4,2,4.4,,-0.6,,9.5,,3,,,,,,40,,27,,53,,0,,13.6,,65,,100,
-52.78333888888889,47.513355555555556,ST JOHNS WEST CLIMATE,8403603,8403603.2023.4.3,2023-04-03 00:00:00,NL,2023,4,3,-0.6,,-2,,0.8,,0,,,,,,30,,25,,56,,0,,18.6,,59,,81,
-52.78333888888889,47.513355555555556,ST JOHNS WEST CLIMATE,8403603,8403603.2023.4.4,2023-04-04 00:00:00,NL,2023,4,4,0.8,,-1.9,,3.5,,1.2,,,,,,30,,25,,46,,0,,17.2,,59,,100,
-52.78333888888889,47.513355555555556,ST JOHNS WEST CLIMATE,8403603,8403603.2023.4.5,2023-04-05 00:00:00,NL,2023,4,5,-1.1,,-4.9,,2.8,,1.5,,,,,,29,,28,,57,,0,,19.1,,46,,100,
-52.78333888888889,47.513355555555556,ST JOHNS WEST CLIMATE,8403603,8403603.2023.4.6,2023-04-06 00:00:00,NL,2023,4,6,-1,,-5.6,,3.5,,0,,,,,,30,,28,,39,,0,,19,,47,,84,
-52.78333888888889,47.513355555555556,ST JOHNS WEST CLIMATE,8403603,8403603.2023.4.7,2023-04-07 00:00:00,NL,2023,4,7,2.8,,-1.2,,6.7,,0.5,,,,,,28,,26,,47,,0,,15.2,,70,,100,
-52.78333888888889,47.513355555555556,ST JOHNS WEST CLIMATE,8403603,8403603.2023.4.8,2023-04-08 00:00:00,NL,2023,4,8,-1.7,,-5.2,,1.7,,0,,,,,,24,,28,,43,,0,,19.7,,50,,75,
-52.78333888888889,47.513355555555556,ST JOHNS WEST CLIMATE,8403603,8403603.2023.4.9,2023-04-09 00:00:00,NL,2023,4,9,-3.4,,-6.7,,-0.2,,0,,,,,,23,,28,,42,,0,,21.4,,43,,68,
-52.78333888888889,47.513355555555556,ST JOHNS WEST CLIMATE,8403603,8403603.2023.4.10,2023-04-10 00:00:00,NL,2023,4,10,-0.2,,-5.9,,5.5,,1.3,,,,,,23,,23,,46,,0,,18.2,,58,,94,
-52.78333888888889,47.513355555555556,ST JOHNS WEST CLIMATE,8403603,8403603.2023.4.11,2023-04-11 00:00:00,NL,2023,4,11,5.4,,0.2,,10.5,,0,,,,,,21,,23,,42,,0,,12.6,,31,,83,
-52.78333888888889,47.513355555555556,ST JOHNS WEST CLIMATE,8403603,8403603.2023.4.12,2023-04-12 00:00:00,NL,2023,4,12,4,,-0.4,,8.4,,1.1,,,,,,16,,,,,,0,,14,,47,,100,
-52.78333888888889,47.513355555555556,ST JOHNS WEST CLIMATE,8403603,8403603.2023.4.13,2023-04-13 00:00:00,NL,2023,4,13,0.7,,-0.6,,2,,0,,,,,,11,,36,,36,,0,,17.3,,93,,100,
-52.78333888888889,47.513355555555556,ST JOHNS WEST CLIMATE,8403603,8403603.2023.4.14,2023-04-14 00:00:00,NL,2023,4,14,2.9,,0.8,,5.1,,0.3,,,,,,9,,35,,48,,0,,15.1,,75,,98,
-52.78333888888889,47.513355555555556,ST JOHNS WEST CLIMATE,8403603,8403603.2023.4.15,2023-04-15 00:00:00,NL,2023,4,15,3.3,,0.4,,6.2,,0,,,,,,2,,33,,61,,0,,14.7,,56,,85,
-52.78333888888889,47.513355555555556,ST JOHNS WEST CLIMATE,8403603,8403603.2023.4.16,2023-04-16 00:00:00,NL,2023,4,16,3,,-3.4,,9.4,,0,,,,,,2,,1,,31,,0,,15,,43,,100,
-52.78333888888889,47.513355555555556,ST JOHNS WEST CLIMATE,8403603,8403603.2023.4.17,2023-04-17 00:00:00,NL,2023,4,17,-1,,-5.3,,3.3,,0.7,,,,,,2,,,,,,0,,19,,60,,100,
-52.78333888888889,47.513355555555556,ST JOHNS WEST CLIMATE,8403603,8403603.2023.4.18,2023-04-18 00:00:00,NL,2023,4,18,-1.3,,-6.3,,3.7,,0,,,,,,2,,12,,36,,0,,19.3,,57,,100,
-52.78333888888889,47.513355555555556,ST JOHNS WEST CLIMATE,8403603,8403603.2023.4.19,2023-04-19 00:00:00,NL,2023,4,19,1.3,,-1,,3.6,,2.5,,,,,,1,,13,,47,,0,,16.7,,81,,100,
-52.78333888888889,47.513355555555556,ST JOHNS WEST CLIMATE,8403603,8403603.2023.4.20,2023-04-20 00:00:00,NL,2023,4,20,2.1,,0.3,,3.8,,36.9,,,,,,1,,9,,56,,0,,15.9,,100,,100,
-52.78333888888889,47.513355555555556,ST JOHNS WEST CLIMATE,8403603,8403603.2023.4.21,2023-04-21 00:00:00,NL,2023,4,21,2.1,,0.7,,3.5,,9.8,,,,,,2,,3,,51,,0,,15.9,,96,,100,
-52.78333888888889,47.513355555555556,ST JOHNS WEST CLIMATE,8403603,8403603.2023.4.22,2023-04-22 00:00:00,NL,2023,4,22,2.5,,1.1,,3.9,,8.5,,,,,,2,,1,,67,,0,,15.5,,100,,100,
-52.78333888888889,47.513355555555556,ST JOHNS WEST CLIMATE,8403603,8403603.2023.4.23,2023-04-23 00:00:00,NL,2023,4,23,2.9,,1.8,,4,,0.2,,,,,,2,,2,,51,,0,,15.1,,100,,100,
-52.78333888888889,47.513355555555556,ST JOHNS WEST CLIMATE,8403603,8403603.2023.4.24,2023-04-24 00:00:00,NL,2023,4,24,2.7,,1.3,,4.2,,0.4,,,,,,1,,1,,50,,0,,15.3,,89,,100,
-52.78333888888889,47.513355555555556,ST JOHNS WEST CLIMATE,8403603,8403603.2023.4.25,2023-04-25 00:00:00,NL,2023,4,25,1.8,,0.7,,2.8,,0.9,,,,,,1,,36,,41,,0,,16.2,,100,,100,
-52.78333888888889,47.513355555555556,ST JOHNS WEST CLIMATE,8403603,8403603.2023.4.26,2023-04-26 00:00:00,NL,2023,4,26,2.4,,0.4,,4.4,,0.2,,,,,,2,,36,,44,,0,,15.6,,72,,100,
-52.78333888888889,47.513355555555556,ST JOHNS WEST CLIMATE,8403603,8403603.2023.4.27,2023-04-27 00:00:00,NL,2023,4,27,2.3,,-0.8,,5.4,,0.2,,,,,,2,,36,,39,,0,,15.7,,67,,100,
-52.78333888888889,47.513355555555556,ST JOHNS WEST CLIMATE,8403603,8403603.2023.4.28,2023-04-28 00:00:00,NL,2023,4,28,1.7,,-0.8,,4.2,,0.3,,,,,,2,,34,,48,,0,,16.3,,75,,100,
-52.78333888888889,47.513355555555556,ST JOHNS WEST CLIMATE,8403603,8403603.2023.4.29,2023-04-29 00:00:00,NL,2023,4,29,1.4,,0.1,,2.7,,0.5,,,,,,3,,34,,54,,0,,16.6,,75,,100,
-52.78333888888889,47.513355555555556,ST JOHNS WEST CLIMATE,8403603,8403603.2023.4.30,2023-04-30 00:00:00,NL,2023,4,30,1.5,,-0.1,,3.1,,0,,,,,,1,,33,,54,,0,,16.5,,76,,100,
-52.78333888888889,47.513355555555556,ST JOHNS WEST CLIMATE,8403603,8403603.2023.5.1,2023-05-01 00:00:00,NL,2023,5,1,2.1,,-0.1,,4.2,,0,,,,,,,,35,,52,,0,,15.9,,78,,100,
-52.78333888888889,47.513355555555556,ST JOHNS WEST CLIMATE,8403603,8403603.2023.5.2,2023-05-02 00:00:00,NL,2023,5,2,2.4,,-0.9,,5.7,,0,,,,,,,,1,,42,,0,,15.6,,65,,100,
-52.78333888888889,47.513355555555556,ST JOHNS WEST CLIMATE,8403603,8403603.2023.5.3,2023-05-03 00:00:00,NL,2023,5,3,2.8,,0,,5.6,,1.2,,,,,,,,,,,,0,,15.2,,73,,100,
-52.78333888888889,47.513355555555556,ST JOHNS WEST CLIMATE,8403603,8403603.2023.5.4,2023-05-04 00:00:00,NL,2023,5,4,2.8,,1.5,,4.1,,9.5,,,,,,,,3,,46,,0,,15.2,,100,,100,
-52.78333888888889,47.513355555555556,ST JOHNS WEST CLIMATE,8403603,8403603.2023.5.5,2023-05-05 00:00:00,NL,2023,5,5,1,,-0.8,,2.8,,5,,,,,,,,1,,61,,0,,17,,68,,100,
-52.78333888888889,47.513355555555556,ST JOHNS WEST CLIMATE,8403603,8403603.2023.5.6,2023-05-06 00:00:00,NL,2023,5,6,2.2,,-0.5,,4.8,,0,,,,,,,,33,,43,,0,,15.8,,73,,100,
-52.78333888888889,47.513355555555556,ST JOHNS WEST CLIMATE,8403603,8403603.2023.5.7,2023-05-07 00:00:00,NL,2023,5,7,6,,1,,11,,0,,,,,,,,25,,38,,0,,12,,44,,100,
-52.78333888888889,47.513355555555556,ST JOHNS WEST CLIMATE,8403603,8403603.2023.5.8,2023-05-08 00:00:00,NL,2023,5,8,7.4,,3.2,,11.6,,3,,,,,,,,19,,53,,0,,10.6,,43,,100,
-52.78333888888889,47.513355555555556,ST JOHNS WEST CLIMATE,8403603,8403603.2023.5.9,2023-05-09 00:00:00,NL,2023,5,9,4.7,,2.1,,7.4,,1.5,,,,,,,,24,,62,,0,,13.3,,70,,100,
-52.78333888888889,47.513355555555556,ST JOHNS WEST CLIMATE,8403603,8403603.2023.5.10,2023-05-10 00:00:00,NL,2023,5,10,4.4,,-0.5,,9.3,,0,,,,,,,,26,,60,,0,,13.6,,29,,100,
-52.78333888888889,47.513355555555556,ST JOHNS WEST CLIMATE,8403603,8403603.2023.5.11,2023-05-11 00:00:00,NL,2023,5,11,5.1,,-1.1,,11.4,,0,,,,,,,,27,,40,,0,,12.9,,29,,100,
-52.78333888888889,47.513355555555556,ST JOHNS WEST CLIMATE,8403603,8403603.2023.5.12,2023-05-12 00:00:00,NL,2023,5,12,3.7,,-1.3,,8.7,,0,,,,,,,,,,,,0,,14.3,,41,,100,
-52.78333888888889,47.513355555555556,ST JOHNS WEST CLIMATE,8403603,8403603.2023.5.13,2023-05-13 00:00:00,NL,2023,5,13,5,,-1.8,,11.8,,5.9,,,,,,,,18,,43,,0,,13,,31,,100,
-52.78333888888889,47.513355555555556,ST JOHNS WEST CLIMATE,8403603,8403603.2023.5.14,2023-05-14 00:00:00,NL,2023,5,14,7.4,,3.4,,11.5,,4.2,,,,,,,,26,,53,,0,,10.6,,60,,100,
-52.78333888888889,47.513355555555556,ST JOHNS WEST CLIMATE,8403603,8403603.2023.5.15,2023-05-15 00:00:00,NL,2023,5,15,7.5,,3.4,,11.7,,0,,,,,,,,23,,47,,0,,10.5,,51,,100,
-52.78333888888889,47.513355555555556,ST JOHNS WEST CLIMATE,8403603,8403603.2023.5.16,2023-05-16 00:00:00,NL,2023,5,16,10.3,,5.4,,15.1,,0,,,,,,,,23,,45,,0,,7.7,,57,,95,
-52.78333888888889,47.513355555555556,ST JOHNS WEST CLIMATE,8403603,8403603.2023.5.17,2023-05-17 00:00:00,NL,2023,5,17,9.4,,5.1,,13.6,,10.5,,,,,,,,20,,56,,0,,8.6,,76,,100,
-52.78333888888889,47.513355555555556,ST JOHNS WEST CLIMATE,8403603,8403603.2023.5.18,2023-05-18 00:00:00,NL,2023,5,18,5.7,,1.6,,9.7,,2.5,,,,,,,,31,,53,,0,,12.3,,52,,100,
-52.78333888888889,47.513355555555556,ST JOHNS WEST CLIMATE,8403603,8403603.2023.5.19,2023-05-19 00:00:00,NL,2023,5,19,8.1,,2,,14.2,,0,,,,,,,,24,,54,,0,,9.9,,33,,82,
-52.78333888888889,47.513355555555556,ST JOHNS WEST CLIMATE,8403603,8403603.2023.5.20,2023-05-20 00:00:00,NL,2023,5,20,8.8,,3.9,,13.7,,0,,,,,,,,23,,60,,0,,9.2,,53,,93,
-52.78333888888889,47.513355555555556,ST JOHNS WEST CLIMATE,8403603,8403603.2023.5.21,2023-05-21 00:00:00,NL,2023,5,21,12.3,,7.9,,16.7,,0,,,,,,,,23,,54,,0,,5.7,,29,,100,
-52.78333888888889,47.513355555555556,ST JOHNS WEST CLIMATE,8403603,8403603.2023.5.22,2023-05-22 00:00:00,NL,2023,5,22,7.9,,1.5,,14.3,,6.9,,,,,,,,3,,40,,0,,10.1,,82,,100,
-52.78333888888889,47.513355555555556,ST JOHNS WEST CLIMATE,8403603,8403603.2023.5.23,2023-05-23 00:00:00,NL,2023,5,23,2.6,,1.5,,3.7,,14.8,,,,,,,,3,,42,,0,,15.4,,98,,100,
-52.78333888888889,47.513355555555556,ST JOHNS WEST CLIMATE,8403603,8403603.2023.5.24,2023-05-24 00:00:00,NL,2023,5,24,5.9,,0,,11.8,,0,,,,,,,,,,,,0,,12.1,,45,,100,
-52.78333888888889,47.513355555555556,ST JOHNS WEST CLIMATE,8403603,8403603.2023.5.25,2023-05-25 00:00:00,NL,2023,5,25,5.3,,-0.2,,10.7,,10.9,,,,,,,,16,,32,,0,,12.7,,35,,100,
-52.78333888888889,47.513355555555556,ST JOHNS WEST CLIMATE,8403603,8403603.2023.5.26,2023-05-26 00:00:00,NL,2023,5,26,7.8,,2.5,,13.1,,14.3,,,,,,,,10,,43,,0,,10.2,,100,,100,
-52.78333888888889,47.513355555555556,ST JOHNS WEST CLIMATE,8403603,8403603.2023.5.27,2023-05-27 00:00:00,NL,2023,5,27,7.7,,4.6,,10.9,,0,,,,,,,,23,,46,,0,,10.3,,64,,100,
-52.78333888888889,47.513355555555556,ST JOHNS WEST CLIMATE,8403603,8403603.2023.5.28,2023-05-28 00:00:00,NL,2023,5,28,11.8,,5.1,,18.5,,0,,,,,,,,23,,47,,0,,6.2,,42,,92,
-52.78333888888889,47.513355555555556,ST JOHNS WEST CLIMATE,8403603,8403603.2023.5.29,2023-05-29 00:00:00,NL,2023,5,29,6.1,,1.1,,11,,0,,,,,,,,32,,37,,0,,11.9,,71,,100,
-52.78333888888889,47.513355555555556,ST JOHNS WEST CLIMATE,8403603,8403603.2023.5.30,2023-05-30 00:00:00,NL,2023,5,30,4.3,,-1.1,,9.6,,0,,,,,,,,26,,31,,0,,13.7,,48,,100,
-52.78333888888889,47.513355555555556,ST JOHNS WEST CLIMATE,8403603,8403603.2023.5.31,2023-05-31 00:00:00,NL,2023,5,31,7.8,,1.1,,14.5,,0,,,,,,,,,,,,0,,10.2,,58,,100,
-52.78333888888889,47.513355555555556,ST JOHNS WEST CLIMATE,8403603,8403603.2023.6.1,2023-06-01 00:00:00,NL,2023,6,1,8.2,,2,,14.4,,0,,,,,,,,,,,,0,,9.8,,69,,100,
-52.78333888888889,47.513355555555556,ST JOHNS WEST CLIMATE,8403603,8403603.2023.6.2,2023-06-02 00:00:00,NL,2023,6,2,8,,5.5,,10.5,,0,,,,,,,,,,,,0,,10,,100,,100,
-52.78333888888889,47.513355555555556,ST JOHNS WEST CLIMATE,8403603,8403603.2023.6.3,2023-06-03 00:00:00,NL,2023,6,3,6.2,,4.6,,7.7,,4.5,,,,,,,,,,,,0,,11.8,,100,,100,
-52.78333888888889,47.513355555555556,ST JOHNS WEST CLIMATE,8403603,8403603.2023.6.4,2023-06-04 00:00:00,NL,2023,6,4,6.5,,4,,9,,0.4,,,,,,,,,,,,0,,11.5,,90,,100,
-52.78333888888889,47.513355555555556,ST JOHNS WEST CLIMATE,8403603,8403603.2023.6.5,2023-06-05 00:00:00,NL,2023,6,5,6.8,,4,,9.5,,0.2,,,,,,,,,,,,0,,11.2,,92,,100,
-52.78333888888889,47.513355555555556,ST JOHNS WEST CLIMATE,8403603,8403603.2023.6.6,2023-06-06 00:00:00,NL,2023,6,6,7.8,,5.7,,9.8,,13.4,,,,,,,,12,,44,,0,,10.2,,100,,100,
-52.78333888888889,47.513355555555556,ST JOHNS WEST CLIMATE,8403603,8403603.2023.6.7,2023-06-07 00:00:00,NL,2023,6,7,9.4,,6.9,,11.9,,0.2,,,,,,,,,,,,0,,8.6,,97,,100,
-52.78333888888889,47.513355555555556,ST JOHNS WEST CLIMATE,8403603,8403603.2023.6.8,2023-06-08 00:00:00,NL,2023,6,8,13.3,,8.2,,18.3,,1.7,,,,,,,,,,,,0,,4.7,,68,,100,
-52.78333888888889,47.513355555555556,ST JOHNS WEST CLIMATE,8403603,8403603.2023.6.9,2023-06-09 00:00:00,NL,2023,6,9,9.7,,6,,13.5,,12.2,,,,,,,,4,,32,,0,,8.3,,90,,100,
-52.78333888888889,47.513355555555556,ST JOHNS WEST CLIMATE,8403603,8403603.2023.6.10,2023-06-10 00:00:00,NL,2023,6,10,8.8,,5.9,,11.7,,29.9,,,,,,,,4,,33,,0,,9.2,,90,,100,
-52.78333888888889,47.513355555555556,ST JOHNS WEST CLIMATE,8403603,8403603.2023.6.11,2023-06-11 00:00:00,NL,2023,6,11,7.2,,5,,9.5,,7.3,,,,,,,,33,,52,,0,,10.8,,80,,100,
-52.78333888888889,47.513355555555556,ST JOHNS WEST CLIMATE,8403603,8403603.2023.6.12,2023-06-12 00:00:00,NL,2023,6,12,6.3,,4.2,,8.4,,1.7,,,,,,,,32,,51,,0,,11.7,,88,,100,
-52.78333888888889,47.513355555555556,ST JOHNS WEST CLIMATE,8403603,8403603.2023.6.13,2023-06-13 00:00:00,NL,2023,6,13,6.5,,3.5,,9.5,,,M,,,,,,,32,,51,,0,,11.5,,88,,100,
-52.78333888888889,47.513355555555556,ST JOHNS WEST CLIMATE,8403603,8403603.2023.6.14,2023-06-14 00:00:00,NL,2023,6,14,7.3,,1.5,,13.2,,0,,,,,,,,,,,,0,,10.7,,69,,100,
-52.78333888888889,47.513355555555556,ST JOHNS WEST CLIMATE,8403603,8403603.2023.6.15,2023-06-15 00:00:00,NL,2023,6,15,9.5,,4.1,,14.8,,0,,,,,,,,,,,,0,,8.5,,63,,100,
-52.78333888888889,47.513355555555556,ST JOHNS WEST CLIMATE,8403603,8403603.2023.6.16,2023-06-16 00:00:00,NL,2023,6,16,6.3,,4.2,,8.3,,0.7,,,,,,,,12,,32,,0,,11.7,,100,,100,
-52.78333888888889,47.513355555555556,ST JOHNS WEST CLIMATE,8403603,8403603.2023.6.17,2023-06-17 00:00:00,NL,2023,6,17,10.9,,6.4,,15.4,,0,,,,,,,,,,,,0,,7.1,,72,,100,
-52.78333888888889,47.513355555555556,ST JOHNS WEST CLIMATE,8403603,8403603.2023.6.18,2023-06-18 00:00:00,NL,2023,6,18,6.2,,3.6,,8.8,,0,,,,,,,,,,,,0,,11.8,,88,,100,
-52.78333888888889,47.513355555555556,ST JOHNS WEST CLIMATE,8403603,8403603.2023.6.19,2023-06-19 00:00:00,NL,2023,6,19,7.3,,3.5,,11,,17.4,,,,,,,,,,,,0,,10.7,,85,,100,
-52.78333888888889,47.513355555555556,ST JOHNS WEST CLIMATE,8403603,8403603.2023.6.20,2023-06-20 00:00:00,NL,2023,6,20,6,,3.8,,8.2,,1.6,,,,,,,,1,,40,,0,,12,,100,,100,
-52.78333888888889,47.513355555555556,ST JOHNS WEST CLIMATE,8403603,8403603.2023.6.21,2023-06-21 00:00:00,NL,2023,6,21,11.4,,3.3,,19.6,,0,,,,,,,,36,,33,,0,,6.6,,26,,100,
-52.78333888888889,47.513355555555556,ST JOHNS WEST CLIMATE,8403603,8403603.2023.6.22,2023-06-22 00:00:00,NL,2023,6,22,17.9,,11.6,,24.1,,0,,,,,,,,29,,38,,0,,0.1,,51,,100,
-52.78333888888889,47.513355555555556,ST JOHNS WEST CLIMATE,8403603,8403603.2023.6.23,2023-06-23 00:00:00,NL,2023,6,23,19.2,,14.8,,23.6,,0,,,,,,,,27,,43,,1.2,,0,,50,,71,
-52.78333888888889,47.513355555555556,ST JOHNS WEST CLIMATE,8403603,8403603.2023.6.24,2023-06-24 00:00:00,NL,2023,6,24,20.5,,14.1,,26.9,,0,,,,,,,,23,,35,,2.5,,0,,39,,85,
-52.78333888888889,47.513355555555556,ST JOHNS WEST CLIMATE,8403603,8403603.2023.6.25,2023-06-25 00:00:00,NL,2023,6,25,16.1,,6.9,,25.2,,7.8,,,,,,,,23,,56,,0,,1.9,,53,,100,
-52.78333888888889,47.513355555555556,ST JOHNS WEST CLIMATE,8403603,8403603.2023.6.26,2023-06-26 00:00:00,NL,2023,6,26,7,,2.6,,11.3,,0,,,,,,,,3,,31,,0,,11,,52,,100,
-52.78333888888889,47.513355555555556,ST JOHNS WEST CLIMATE,8403603,8403603.2023.6.27,2023-06-27 00:00:00,NL,2023,6,27,,M,,M,,M,,M,,,,,,,,M,,M,,M,,M,,M,,M
-52.78333888888889,47.513355555555556,ST JOHNS WEST CLIMATE,8403603,8403603.2023.6.28,2023-06-28 00:00:00,NL,2023,6,28,17.9,,9.9,,25.9,,2.3,,,,,,,,18,,32,,0,,0.1,,69,,99,
-52.78333888888889,47.513355555555556,ST JOHNS WEST CLIMATE,8403603,8403603.2023.6.29,2023-06-29 00:00:00,NL,2023,6,29,22.7,,18.3,,27.1,,0,,,,,,,,24,,35,,4.7,,0,,69,,100,
-52.78333888888889,47.513355555555556,ST JOHNS WEST CLIMATE,8403603,8403603.2023.6.30,2023-06-30 00:00:00,NL,2023,6,30,20.7,,16.2,,25.3,,0,,,,,,,,23,,33,,2.7,,0,,67,,98,
-52.78333888888889,47.513355555555556,ST JOHNS WEST CLIMATE,8403603,8403603.2023.7.1,2023-07-01 00:00:00,NL,2023,7,1,18.7,,14.5,,22.9,,0,,,,,,,,24,,33,,0.7,,0,,62,,95,
-52.78333888888889,47.513355555555556,ST JOHNS WEST CLIMATE,8403603,8403603.2023.7.2,2023-07-02 00:00:00,NL,2023,7,2,19.6,,14.4,,24.8,,0,,,,,,,,23,,34,,1.6,,0,,65,,97,
-52.78333888888889,47.513355555555556,ST JOHNS WEST CLIMATE,8403603,8403603.2023.7.3,2023-07-03 00:00:00,NL,2023,7,3,20.5,,15.6,,25.3,,0,,,,,,,,18,,37,,2.5,,0,,61,,100,
-52.78333888888889,47.513355555555556,ST JOHNS WEST CLIMATE,8403603,8403603.2023.7.4,2023-07-04 00:00:00,NL,2023,7,4,17.9,,14.6,,21.2,,28.8,,,,,,,,,,,,0,,0.1,,93,,100,
-52.78333888888889,47.513355555555556,ST JOHNS WEST CLIMATE,8403603,8403603.2023.7.5,2023-07-05 00:00:00,NL,2023,7,5,20,,16.8,,23.2,,0,,,,,,,,23,,39,,2,,0,,77,,99,
-52.78333888888889,47.513355555555556,ST JOHNS WEST CLIMATE,8403603,8403603.2023.7.6,2023-07-06 00:00:00,NL,2023,7,6,18.4,,14.6,,22.2,,4.2,,,,,,,,,,,,0.4,,0,,88,,100,
-52.78333888888889,47.513355555555556,ST JOHNS WEST CLIMATE,8403603,8403603.2023.7.7,2023-07-07 00:00:00,NL,2023,7,7,17.2,,14.3,,20,,0.2,,,,,,,,,,,,0,,0.8,,84,,100,
-52.78333888888889,47.513355555555556,ST JOHNS WEST CLIMATE,8403603,8403603.2023.7.8,2023-07-08 00:00:00,NL,2023,7,8,19.3,,15.4,,23.3,,0.8,,,,,,,,,,,,1.3,,0,,75,,100,
-52.78333888888889,47.513355555555556,ST JOHNS WEST CLIMATE,8403603,8403603.2023.7.9,2023-07-09 00:00:00,NL,2023,7,9,15.8,,11,,20.7,,0,,,,,,,,,,,,0,,2.2,,82,,100,
-52.78333888888889,47.513355555555556,ST JOHNS WEST CLIMATE,8403603,8403603.2023.7.10,2023-07-10 00:00:00,NL,2023,7,10,12.8,,10.6,,15,,0,,,,,,,,,,,,0,,5.2,,89,,100,
-52.78333888888889,47.513355555555556,ST JOHNS WEST CLIMATE,8403603,8403603.2023.7.11,2023-07-11 00:00:00,NL,2023,7,11,13.1,,10.7,,15.5,,0,,,,,,,,,,,,0,,4.9,,91,,100,
-52.78333888888889,47.513355555555556,ST JOHNS WEST CLIMATE,8403603,8403603.2023.7.12,2023-07-12 00:00:00,NL,2023,7,12,14.4,,9.5,,19.3,,0,,,,,,,,19,,31,,0,,3.6,,72,,100,
-52.78333888888889,47.513355555555556,ST JOHNS WEST CLIMATE,8403603,8403603.2023.7.13,2023-07-13 00:00:00,NL,2023,7,13,15.6,,8.7,,22.4,,0,,,,,,,,,,,,0,,2.4,,66,,100,
-52.78333888888889,47.513355555555556,ST JOHNS WEST CLIMATE,8403603,8403603.2023.7.14,2023-07-14 00:00:00,NL,2023,7,14,18.8,,14.5,,23.1,,0,,,,,,,,21,,37,,0.8,,0,,70,,100,
-52.78333888888889,47.513355555555556,ST JOHNS WEST CLIMATE,8403603,8403603.2023.7.15,2023-07-15 00:00:00,NL,2023,7,15,20.6,,14.4,,26.9,,0,,,,,,,,23,,36,,2.6,,0,,57,,100,
-52.78333888888889,47.513355555555556,ST JOHNS WEST CLIMATE,8403603,8403603.2023.7.16,2023-07-16 00:00:00,NL,2023,7,16,20.1,,13.4,,26.9,,0,,,,,,,,,,,,2.1,,0,,56,,100,
-52.78333888888889,47.513355555555556,ST JOHNS WEST CLIMATE,8403603,8403603.2023.7.17,2023-07-17 00:00:00,NL,2023,7,17,23.4,,17.8,,28.9,,0,,,,,,,,25,,39,,5.4,,0,,55,,97,
-52.78333888888889,47.513355555555556,ST JOHNS WEST CLIMATE,8403603,8403603.2023.7.18,2023-07-18 00:00:00,NL,2023,7,18,24.5,,20.5,,28.4,,0,,,,,,,,26,,43,,6.5,,0,,71,,98,
-52.78333888888889,47.513355555555556,ST JOHNS WEST CLIMATE,8403603,8403603.2023.7.19,2023-07-19 00:00:00,NL,2023,7,19,24.5,,20.6,,28.4,,0,,,,,,,,27,,41,,6.5,,0,,72,,97,
-52.78333888888889,47.513355555555556,ST JOHNS WEST CLIMATE,8403603,8403603.2023.7.20,2023-07-20 00:00:00,NL,2023,7,20,23.3,,18.5,,28.1,,0,,,,,,,,21,,46,,5.3,,0,,62,,100,
-52.78333888888889,47.513355555555556,ST JOHNS WEST CLIMATE,8403603,8403603.2023.7.21,2023-07-21 00:00:00,NL,2023,7,21,23.2,,18.1,,28.3,,0,,,,,,,,25,,44,,5.2,,0,,56,,97,
-52.78333888888889,47.513355555555556,ST JOHNS WEST CLIMATE,8403603,8403603.2023.7.22,2023-07-22 00:00:00,NL,2023,7,22,22.1,,18,,26.3,,0,,,,,,,,19,,38,,4.1,,0,,70,,100,
-52.78333888888889,47.513355555555556,ST JOHNS WEST CLIMATE,8403603,8403603.2023.7.23,2023-07-23 00:00:00,NL,2023,7,23,22,,17.9,,26.1,,0.8,,,,,,,,,,,,4,,0,,76,,100,
-52.78333888888889,47.513355555555556,ST JOHNS WEST CLIMATE,8403603,8403603.2023.7.24,2023-07-24 00:00:00,NL,2023,7,24,22.7,,19.3,,26.1,,1.2,,,,,,,,24,,45,,4.7,,0,,74,,100,
-52.78333888888889,47.513355555555556,ST JOHNS WEST CLIMATE,8403603,8403603.2023.7.25,2023-07-25 00:00:00,NL,2023,7,25,21.8,,15,,28.6,,0,,,,,,,,,,,,3.8,,0,,47,,98,
-52.78333888888889,47.513355555555556,ST JOHNS WEST CLIMATE,8403603,8403603.2023.7.26,2023-07-26 00:00:00,NL,2023,7,26,22.1,,15,,29.1,,0,,,,,,,,25,,34,,4.1,,0,,41,,98,
-52.78333888888889,47.513355555555556,ST JOHNS WEST CLIMATE,8403603,8403603.2023.7.27,2023-07-27 00:00:00,NL,2023,7,27,22.6,,17,,28.2,,0,,,,,,,,25,,44,,4.6,,0,,52,,93,
-52.78333888888889,47.513355555555556,ST JOHNS WEST CLIMATE,8403603,8403603.2023.7.28,2023-07-28 00:00:00,NL,2023,7,28,18.1,,11.9,,24.2,,9.8,,,,,,,,27,,32,,0.1,,0,,68,,98,
-52.78333888888889,47.513355555555556,ST JOHNS WEST CLIMATE,8403603,8403603.2023.7.29,2023-07-29 00:00:00,NL,2023,7,29,18,,11.3,,24.6,,0,,,,,,,,24,,43,,0,,0,,53,,96,
-52.78333888888889,47.513355555555556,ST JOHNS WEST CLIMATE,8403603,8403603.2023.7.30,2023-07-30 00:00:00,NL,2023,7,30,16.6,,14.1,,19,,14.6,,,,,,,,,,,,0,,1.4,,85,,100,
-52.78333888888889,47.513355555555556,ST JOHNS WEST CLIMATE,8403603,8403603.2023.7.31,2023-07-31 00:00:00,NL,2023,7,31,15.9,,11.2,,20.5,,0.2,,,,,,,,,,,,0,,2.1,,76,,100,
-52.78333888888889,47.513355555555556,ST JOHNS WEST CLIMATE,8403603,8403603.2023.8.1,2023-08-01 00:00:00,NL,2023,8,1,15.3,,10.7,,19.9,,0.2,,,,,,,,,,,,0,,2.7,,76,,100,
-52.78333888888889,47.513355555555556,ST JOHNS WEST CLIMATE,8403603,8403603.2023.8.2,2023-08-02 00:00:00,NL,2023,8,2,16.9,,13.8,,20,,0,,,,,,,,,,,,0,,1.1,,72,,99,
-52.78333888888889,47.513355555555556,ST JOHNS WEST CLIMATE,8403603,8403603.2023.8.3,2023-08-03 00:00:00,NL,2023,8,3,17.4,,11,,23.8,,0,,,,,,,,,,,,0,,0.6,,38,,98,
-52.78333888888889,47.513355555555556,ST JOHNS WEST CLIMATE,8403603,8403603.2023.8.4,2023-08-04 00:00:00,NL,2023,8,4,15,,8.9,,21.2,,0,,,,,,,,,,,,0,,3,,54,,98,
-52.78333888888889,47.513355555555556,ST JOHNS WEST CLIMATE,8403603,8403603.2023.8.5,2023-08-05 00:00:00,NL,2023,8,5,14.8,,12.2,,17.5,,0,,,,,,,,,,,,0,,3.2,,74,,96,
-52.78333888888889,47.513355555555556,ST JOHNS WEST CLIMATE,8403603,8403603.2023.8.6,2023-08-06 00:00:00,NL,2023,8,6,15,,14.1,,16,,8.7,,,,,,,,10,,34,,0,,3,,91,,100,
-52.78333888888889,47.513355555555556,ST JOHNS WEST CLIMATE,8403603,8403603.2023.8.7,2023-08-07 00:00:00,NL,2023,8,7,14.6,,13,,16.2,,1.3,,,,,,,,33,,48,,0,,3.4,,88,,100,
-52.78333888888889,47.513355555555556,ST JOHNS WEST CLIMATE,8403603,8403603.2023.8.8,2023-08-08 00:00:00,NL,2023,8,8,13.6,,11.1,,16,,0,,,,,,,,35,,40,,0,,4.4,,73,,94,
-52.78333888888889,47.513355555555556,ST JOHNS WEST CLIMATE,8403603,8403603.2023.8.9,2023-08-09 00:00:00,NL,2023,8,9,13.2,,11.4,,14.9,,9,,,,,,,,10,,43,,0,,4.8,,80,,97,
-52.78333888888889,47.513355555555556,ST JOHNS WEST CLIMATE,8403603,8403603.2023.8.10,2023-08-10 00:00:00,NL,2023,8,10,16,,11.7,,20.4,,10.7,,,,,,,,14,,46,,0,,2,,89,,100,
-52.78333888888889,47.513355555555556,ST JOHNS WEST CLIMATE,8403603,8403603.2023.8.11,2023-08-11 00:00:00,NL,2023,8,11,17.5,,14.2,,20.9,,0,,,,,,,,23,,31,,0,,0.5,,77,,100,
-52.78333888888889,47.513355555555556,ST JOHNS WEST CLIMATE,8403603,8403603.2023.8.12,2023-08-12 00:00:00,NL,2023,8,12,19.1,,15.6,,22.6,,6.8,,,,,,,,25,,57,,1.1,,0,,65,,100,
-52.78333888888889,47.513355555555556,ST JOHNS WEST CLIMATE,8403603,8403603.2023.8.13,2023-08-13 00:00:00,NL,2023,8,13,18.1,,13.5,,22.8,,0,,,,,,,,27,,43,,0.1,,0,,54,,98,
-52.78333888888889,47.513355555555556,ST JOHNS WEST CLIMATE,8403603,8403603.2023.8.14,2023-08-14 00:00:00,NL,2023,8,14,17.7,,12.4,,23.1,,0,,,,,,,,,,,,0,,0.3,,68,,100,
-52.78333888888889,47.513355555555556,ST JOHNS WEST CLIMATE,8403603,8403603.2023.8.15,2023-08-15 00:00:00,NL,2023,8,15,16.3,,14.2,,18.4,,2.5,,,,,,,,,,,,0,,1.7,,86,,100,
-52.78333888888889,47.513355555555556,ST JOHNS WEST CLIMATE,8403603,8403603.2023.8.16,2023-08-16 00:00:00,NL,2023,8,16,15.9,,12,,19.8,,0,,,,,,,,,,,,0,,2.1,,82,,100,
-52.78333888888889,47.513355555555556,ST JOHNS WEST CLIMATE,8403603,8403603.2023.8.17,2023-08-17 00:00:00,NL,2023,8,17,14.6,,10,,19.1,,0,,,,,,,,,,,,0,,3.4,,63,,100,
-52.78333888888889,47.513355555555556,ST JOHNS WEST CLIMATE,8403603,8403603.2023.8.18,2023-08-18 00:00:00,NL,2023,8,18,16.3,,9.8,,22.8,,0,,,,,,,,,,,,0,,1.7,,59,,100,
-52.78333888888889,47.513355555555556,ST JOHNS WEST CLIMATE,8403603,8403603.2023.8.19,2023-08-19 00:00:00,NL,2023,8,19,15.2,,13.5,,16.9,,4.5,,,,,,,,19,,34,,0,,2.8,,89,,100,
-52.78333888888889,47.513355555555556,ST JOHNS WEST CLIMATE,8403603,8403603.2023.8.20,2023-08-20 00:00:00,NL,2023,8,20,19.4,,15.7,,23.1,,12.1,,,,,,,,,,,,1.4,,0,,91,,100,
-52.78333888888889,47.513355555555556,ST JOHNS WEST CLIMATE,8403603,8403603.2023.8.21,2023-08-21 00:00:00,NL,2023,8,21,20,,17.4,,22.7,,0,,,,,,,,22,,36,,2,,0,,69,,98,
-52.78333888888889,47.513355555555556,ST JOHNS WEST CLIMATE,8403603,8403603.2023.8.22,2023-08-22 00:00:00,NL,2023,8,22,16.6,,15.2,,18,,12.9,,,,,,,,,,,,0,,1.4,,94,,100,
-52.78333888888889,47.513355555555556,ST JOHNS WEST CLIMATE,8403603,8403603.2023.8.23,2023-08-23 00:00:00,NL,2023,8,23,15.7,,13.4,,18.1,,3.6,,,,,,,,,,,,0,,2.3,,85,,100,
-52.78333888888889,47.513355555555556,ST JOHNS WEST CLIMATE,8403603,8403603.2023.8.24,2023-08-24 00:00:00,NL,2023,8,24,15.1,,13,,17.1,,0,,,,,,,,,,,,0,,2.9,,87,,100,
-52.78333888888889,47.513355555555556,ST JOHNS WEST CLIMATE,8403603,8403603.2023.8.25,2023-08-25 00:00:00,NL,2023,8,25,15.1,,10.7,,19.5,,0,,,,,,,,,,,,0,,2.9,,70,,100,
-52.78333888888889,47.513355555555556,ST JOHNS WEST CLIMATE,8403603,8403603.2023.8.26,2023-08-26 00:00:00,NL,2023,8,26,13.7,,8.2,,19.1,,0,,,,,,,,,,,,0,,4.3,,71,,100,
-52.78333888888889,47.513355555555556,ST JOHNS WEST CLIMATE,8403603,8403603.2023.8.27,2023-08-27 00:00:00,NL,2023,8,27,13.4,,7.6,,19.1,,0.4,,,,,,,,,,,,0,,4.6,,69,,100,
-52.78333888888889,47.513355555555556,ST JOHNS WEST CLIMATE,8403603,8403603.2023.8.28,2023-08-28 00:00:00,NL,2023,8,28,18.6,,14.1,,23,,3.1,,,,,,,,28,,38,,0.6,,0,,68,,100,
-52.78333888888889,47.513355555555556,ST JOHNS WEST CLIMATE,8403603,8403603.2023.8.29,2023-08-29 00:00:00,NL,2023,8,29,16.9,,10.9,,22.8,,0,,,,,,,,29,,32,,0,,1.1,,53,,100,
-52.78333888888889,47.513355555555556,ST JOHNS WEST CLIMATE,8403603,8403603.2023.8.30,2023-08-30 00:00:00,NL,2023,8,30,16.7,,10.8,,22.7,,11.9,,,,,,,,22,,40,,0,,1.3,,68,,100,
-52.78333888888889,47.513355555555556,ST JOHNS WEST CLIMATE,8403603,8403603.2023.8.31,2023-08-31 00:00:00,NL,2023,8,31,15.8,,9.5,,22,,33.5,,,,,,,,23,,52,,0,,2.2,,78,,98,
-52.78333888888889,47.513355555555556,ST JOHNS WEST CLIMATE,8403603,8403603.2023.9.1,2023-09-01 00:00:00,NL,2023,9,1,8.2,,3.5,,12.8,,0,,,,,,,,,,,,0,,9.8,,53,,96,
-52.78333888888889,47.513355555555556,ST JOHNS WEST CLIMATE,8403603,8403603.2023.9.2,2023-09-02 00:00:00,NL,2023,9,2,11.1,,3,,19.1,,0,,,,,,,,,,,,0,,6.9,,47,,96,
-52.78333888888889,47.513355555555556,ST JOHNS WEST CLIMATE,8403603,8403603.2023.9.3,2023-09-03 00:00:00,NL,2023,9,3,17.3,,12.2,,22.5,,0,,,,,,,,24,,39,,0,,0.7,,60,,96,
-52.78333888888889,47.513355555555556,ST JOHNS WEST CLIMATE,8403603,8403603.2023.9.4,2023-09-04 00:00:00,NL,2023,9,4,16,,11.4,,20.7,,0,,,,,,,,,M,,M,0,,2,,42,,100,
-52.78333888888889,47.513355555555556,ST JOHNS WEST CLIMATE,8403603,8403603.2023.9.5,2023-09-05 00:00:00,NL,2023,9,5,15.5,,12.8,,18.3,,3.8,,,,,,,,,,,,0,,2.5,,96,,100,
-52.78333888888889,47.513355555555556,ST JOHNS WEST CLIMATE,8403603,8403603.2023.9.6,2023-09-06 00:00:00,NL,2023,9,6,19.3,,12.6,,26,,0,,,,,,,,,,,,1.3,,0,,71,,100,
-52.78333888888889,47.513355555555556,ST JOHNS WEST CLIMATE,8403603,8403603.2023.9.7,2023-09-07 00:00:00,NL,2023,9,7,21.5,,18.3,,24.7,,17.4,,,,,,,,,,,,3.5,,0,,86,,100,
-52.78333888888889,47.513355555555556,ST JOHNS WEST CLIMATE,8403603,8403603.2023.9.8,2023-09-08 00:00:00,NL,2023,9,8,17.6,,13.7,,21.5,,6.8,,,,,,,,31,,36,,0,,0.4,,89,,100,
-52.78333888888889,47.513355555555556,ST JOHNS WEST CLIMATE,8403603,8403603.2023.9.9,2023-09-09 00:00:00,NL,2023,9,9,17,,13.2,,20.7,,0,,,,,,,,,,,,0,,1,,81,,100,
-52.78333888888889,47.513355555555556,ST JOHNS WEST CLIMATE,8403603,8403603.2023.9.10,2023-09-10 00:00:00,NL,2023,9,10,21.5,,16.2,,26.8,,0,,,,,,,,25,,31,,3.5,,0,,70,,100,
-52.78333888888889,47.513355555555556,ST JOHNS WEST CLIMATE,8403603,8403603.2023.9.11,2023-09-11 00:00:00,NL,2023,9,11,15.2,,12.8,,17.7,,0,,,,,,,,,,,,0,,2.8,,76,,100,
-52.78333888888889,47.513355555555556,ST JOHNS WEST CLIMATE,8403603,8403603.2023.9.12,2023-09-12 00:00:00,NL,2023,9,12,13.9,,12.9,,15,,7.5,,,,,,,,10,,31,,0,,4.1,,93,,100,
-52.78333888888889,47.513355555555556,ST JOHNS WEST CLIMATE,8403603,8403603.2023.9.13,2023-09-13 00:00:00,NL,2023,9,13,14.9,,13.4,,16.4,,0.8,,,,,,,,,,,,0,,3.1,,90,,100,
-52.78333888888889,47.513355555555556,ST JOHNS WEST CLIMATE,8403603,8403603.2023.9.14,2023-09-14 00:00:00,NL,2023,9,14,16.6,,15.4,,17.9,,1.3,,,,,,,,,,,,0,,1.4,,93,,100,
-52.78333888888889,47.513355555555556,ST JOHNS WEST CLIMATE,8403603,8403603.2023.9.15,2023-09-15 00:00:00,NL,2023,9,15,20,,17.4,,22.6,,1.1,,,,,,,,,,,,2,,0,,88,,100,
-52.78333888888889,47.513355555555556,ST JOHNS WEST CLIMATE,8403603,8403603.2023.9.16,2023-09-16 00:00:00,NL,2023,9,16,20.7,,17.4,,24,,0.5,,,,,,,,18,,33,,2.7,,0,,82,,100,
-52.78333888888889,47.513355555555556,ST JOHNS WEST CLIMATE,8403603,8403603.2023.9.17,2023-09-17 00:00:00,NL,2023,9,17,21,,17,,25,,9.7,,,,,,,,21,,54,,3,,0,,64,,100,
-52.78333888888889,47.513355555555556,ST JOHNS WEST CLIMATE,8403603,8403603.2023.9.18,2023-09-18 00:00:00,NL,2023,9,18,14.8,,10.1,,19.5,,0,,,,,,,,27,,51,,0,,3.2,,70,,97,
-52.78333888888889,47.513355555555556,ST JOHNS WEST CLIMATE,8403603,8403603.2023.9.19,2023-09-19 00:00:00,NL,2023,9,19,13.7,,10.3,,17.1,,10.7,,,,,,,,16,,44,,0,,4.3,,95,,100,
-52.78333888888889,47.513355555555556,ST JOHNS WEST CLIMATE,8403603,8403603.2023.9.20,2023-09-20 00:00:00,NL,2023,9,20,17.7,,14.8,,20.5,,12.2,,,,,,,,18,,42,,0,,0.3,,65,,100,
-52.78333888888889,47.513355555555556,ST JOHNS WEST CLIMATE,8403603,8403603.2023.9.21,2023-09-21 00:00:00,NL,2023,9,21,11.4,,7.7,,15.2,,5.9,,,,,,,,34,,58,,0,,6.6,,79,,98,
-52.78333888888889,47.513355555555556,ST JOHNS WEST CLIMATE,8403603,8403603.2023.9.22,2023-09-22 00:00:00,NL,2023,9,22,6.3,,3.3,,9.3,,1.1,,,,,,,,32,,52,,0,,11.7,,58,,95,
-52.78333888888889,47.513355555555556,ST JOHNS WEST CLIMATE,8403603,8403603.2023.9.23,2023-09-23 00:00:00,NL,2023,9,23,11.4,,5.2,,17.7,,4.2,,,,,,,,23,,50,,0,,6.6,,53,,96,
-52.78333888888889,47.513355555555556,ST JOHNS WEST CLIMATE,8403603,8403603.2023.9.24,2023-09-24 00:00:00,NL,2023,9,24,12.3,,9.2,,15.5,,0.3,,,,,,,,,,,,0,,5.7,,57,,99,
-52.78333888888889,47.513355555555556,ST JOHNS WEST CLIMATE,8403603,8403603.2023.9.25,2023-09-25 00:00:00,NL,2023,9,25,9,,5.7,,12.3,,1.1,,,,,,,,1,,39,,0,,9,,68,,98,
-52.78333888888889,47.513355555555556,ST JOHNS WEST CLIMATE,8403603,8403603.2023.9.26,2023-09-26 00:00:00,NL,2023,9,26,9.5,,4.4,,14.5,,0,,,,,,,,1,,35,,0,,8.5,,56,,91,
-52.78333888888889,47.513355555555556,ST JOHNS WEST CLIMATE,8403603,8403603.2023.9.27,2023-09-27 00:00:00,NL,2023,9,27,8.8,,6.7,,10.9,,0,,,,,,,,26,,32,,0,,9.2,,70,,94,
-52.78333888888889,47.513355555555556,ST JOHNS WEST CLIMATE,8403603,8403603.2023.9.28,2023-09-28 00:00:00,NL,2023,9,28,9.7,,5.1,,14.4,,0,,,,,,,,31,,35,,0,,8.3,,53,,91,
-52.78333888888889,47.513355555555556,ST JOHNS WEST CLIMATE,8403603,8403603.2023.9.29,2023-09-29 00:00:00,NL,2023,9,29,11.5,,4.6,,18.3,,0,,,,,,,,27,,42,,0,,6.5,,52,,98,
-52.78333888888889,47.513355555555556,ST JOHNS WEST CLIMATE,8403603,8403603.2023.9.30,2023-09-30 00:00:00,NL,2023,9,30,9.9,,3.9,,16,,0,,,,,,,,,,,,0,,8.1,,71,,100,
-52.78333888888889,47.513355555555556,ST JOHNS WEST CLIMATE,8403603,8403603.2023.10.1,2023-10-01 00:00:00,NL,2023,10,1,12.6,,5.8,,19.4,,0,,,,,,,,24,,34,,0,,5.4,,41,,100,
-52.78333888888889,47.513355555555556,ST JOHNS WEST CLIMATE,8403603,8403603.2023.10.2,2023-10-02 00:00:00,NL,2023,10,2,9.6,,3.4,,15.8,,0,,,,,,,,,,,,0,,8.4,,77,,100,
-52.78333888888889,47.513355555555556,ST JOHNS WEST CLIMATE,8403603,8403603.2023.10.3,2023-10-03 00:00:00,NL,2023,10,3,11.3,,4.4,,18.3,,0,,,,,,,,1,,39,,0,,6.7,,49,,100,
-52.78333888888889,47.513355555555556,ST JOHNS WEST CLIMATE,8403603,8403603.2023.10.4,2023-10-04 00:00:00,NL,2023,10,4,7.6,,5.7,,9.6,,0.5,,,,,,,,35,,41,,0,,10.4,,63,,87,
-52.78333888888889,47.513355555555556,ST JOHNS WEST CLIMATE,8403603,8403603.2023.10.5,2023-10-05 00:00:00,NL,2023,10,5,7.6,,5.8,,9.4,,0,,,,,,,,34,,36,,0,,10.4,,72,,93,
-52.78333888888889,47.513355555555556,ST JOHNS WEST CLIMATE,8403603,8403603.2023.10.6,2023-10-06 00:00:00,NL,2023,10,6,11.1,,7.9,,14.2,,0.2,,,,,,,,,,,,0,,6.9,,80,,100,
-52.78333888888889,47.513355555555556,ST JOHNS WEST CLIMATE,8403603,8403603.2023.10.7,2023-10-07 00:00:00,NL,2023,10,7,11.4,,9.9,,12.9,,0.2,,,,,,,,,,,,0,,6.6,,97,,100,
-52.78333888888889,47.513355555555556,ST JOHNS WEST CLIMATE,8403603,8403603.2023.10.8,2023-10-08 00:00:00,NL,2023,10,8,10,,8.4,,11.5,,0.2,,,,,,,,,,,,0,,8,,80,,100,
-52.78333888888889,47.513355555555556,ST JOHNS WEST CLIMATE,8403603,8403603.2023.10.9,2023-10-09 00:00:00,NL,2023,10,9,9.5,,8,,10.9,,0.4,,,,,,,,,,,,0,,8.5,,96,,100,
-52.78333888888889,47.513355555555556,ST JOHNS WEST CLIMATE,8403603,8403603.2023.10.10,2023-10-10 00:00:00,NL,2023,10,10,10.3,,8.5,,12,,0.4,,,,,,,,,,,,0,,7.7,,96,,100,
-52.78333888888889,47.513355555555556,ST JOHNS WEST CLIMATE,8403603,8403603.2023.10.11,2023-10-11 00:00:00,NL,2023,10,11,12.6,,10.8,,14.4,,0.2,,,,,,,,,,,,0,,5.4,,94,,100,
-52.78333888888889,47.513355555555556,ST JOHNS WEST CLIMATE,8403603,8403603.2023.10.12,2023-10-12 00:00:00,NL,2023,10,12,12,,10,,14,,0.2,,,,,,,,,,,,0,,6,,94,,100,
-52.78333888888889,47.513355555555556,ST JOHNS WEST CLIMATE,8403603,8403603.2023.10.13,2023-10-13 00:00:00,NL,2023,10,13,11.7,,10.5,,12.8,,0.8,,,,,,,,12,,38,,0,,6.3,,93,,100,
-52.78333888888889,47.513355555555556,ST JOHNS WEST CLIMATE,8403603,8403603.2023.10.14,2023-10-14 00:00:00,NL,2023,10,14,11.2,,8.7,,13.6,,7.5,,,,,,,,10,,55,,0,,6.8,,100,,100,
-52.78333888888889,47.513355555555556,ST JOHNS WEST CLIMATE,8403603,8403603.2023.10.15,2023-10-15 00:00:00,NL,2023,10,15,11.1,,6.4,,15.7,,0.2,,,,,,,,25,,31,,0,,6.9,,62,,100,
-52.78333888888889,47.513355555555556,ST JOHNS WEST CLIMATE,8403603,8403603.2023.10.16,2023-10-16 00:00:00,NL,2023,10,16,10.7,,7.7,,13.7,,48.7,,,,,,,,1,,58,,0,,7.3,,97,,100,
-52.78333888888889,47.513355555555556,ST JOHNS WEST CLIMATE,8403603,8403603.2023.10.17,2023-10-17 00:00:00,NL,2023,10,17,5.1,,2.4,,7.7,,1.5,,,,,,,,34,,43,,0,,12.9,,81,,97,
-52.78333888888889,47.513355555555556,ST JOHNS WEST CLIMATE,8403603,8403603.2023.10.18,2023-10-18 00:00:00,NL,2023,10,18,4.7,,-0.1,,9.5,,0,,,,,,,,29,,39,,0,,13.3,,57,,98,
-52.78333888888889,47.513355555555556,ST JOHNS WEST CLIMATE,8403603,8403603.2023.10.19,2023-10-19 00:00:00,NL,2023,10,19,7.8,,2.5,,13.1,,0,,,,,,,,29,,43,,0,,10.2,,57,,93,
-52.78333888888889,47.513355555555556,ST JOHNS WEST CLIMATE,8403603,8403603.2023.10.20,2023-10-20 00:00:00,NL,2023,10,20,11.4,,7.4,,15.4,,0,,,,,,,,27,,44,,0,,6.6,,54,,99,
-52.78333888888889,47.513355555555556,ST JOHNS WEST CLIMATE,8403603,8403603.2023.10.21,2023-10-21 00:00:00,NL,2023,10,21,12.9,,8.1,,17.8,,21.5,,,,,,,,16,,60,,0,,5.1,,90,,100,
-52.78333888888889,47.513355555555556,ST JOHNS WEST CLIMATE,8403603,8403603.2023.10.22,2023-10-22 00:00:00,NL,2023,10,22,12.7,,7.3,,18.2,,8.3,,,,,,,,23,,57,,0,,5.3,,81,,100,
-52.78333888888889,47.513355555555556,ST JOHNS WEST CLIMATE,8403603,8403603.2023.10.23,2023-10-23 00:00:00,NL,2023,10,23,6,,4.7,,7.3,,1.8,,,,,,,,1,,38,,0,,12,,88,,98,
-52.78333888888889,47.513355555555556,ST JOHNS WEST CLIMATE,8403603,8403603.2023.10.24,2023-10-24 00:00:00,NL,2023,10,24,4.1,,1.7,,6.4,,0.4,,,,,,,,35,,33,,0,,13.9,,68,,97,
-52.78333888888889,47.513355555555556,ST JOHNS WEST CLIMATE,8403603,8403603.2023.10.25,2023-10-25 00:00:00,NL,2023,10,25,8.3,,4.3,,12.3,,0.9,,,,,,,,27,,47,,0,,9.7,,61,,98,
-52.78333888888889,47.513355555555556,ST JOHNS WEST CLIMATE,8403603,8403603.2023.10.26,2023-10-26 00:00:00,NL,2023,10,26,9.6,,6,,13.3,,5.6,,,,,,,,22,,34,,0,,8.4,,82,,98,
-52.78333888888889,47.513355555555556,ST JOHNS WEST CLIMATE,8403603,8403603.2023.10.27,2023-10-27 00:00:00,NL,2023,10,27,6.2,,2.8,,9.6,,0.8,,,,,,,,,,,,0,,11.8,,58,,96,
-52.78333888888889,47.513355555555556,ST JOHNS WEST CLIMATE,8403603,8403603.2023.10.28,2023-10-28 00:00:00,NL,2023,10,28,9.7,,5.1,,14.2,,10.4,,,,,,,,24,,40,,0,,8.3,,82,,100,
-52.78333888888889,47.513355555555556,ST JOHNS WEST CLIMATE,8403603,8403603.2023.10.29,2023-10-29 00:00:00,NL,2023,10,29,8.4,,3.7,,13.1,,0,,,,,,,,28,,54,,0,,9.6,,52,,93,
-52.78333888888889,47.513355555555556,ST JOHNS WEST CLIMATE,8403603,8403603.2023.10.30,2023-10-30 00:00:00,NL,2023,10,30,,M,,M,,M,,M,,,,,,,,M,,M,,M,,M,,M,,M
-52.78333888888889,47.513355555555556,ST JOHNS WEST CLIMATE,8403603,8403603.2023.10.31,2023-10-31 00:00:00,NL,2023,10,31,0.8,,-2,,3.6,,7.1,,,,,,,,,,,,0,,17.2,,79,,100,
-52.78333888888889,47.513355555555556,ST JOHNS WEST CLIMATE,8403603,8403603.2023.11.1,2023-11-01 00:00:00,NL,2023,11,1,1.8,,-3,,6.5,,25.8,,,,,,1,,13,,43,,0,,16.2,,79,,100,
-52.78333888888889,47.513355555555556,ST JOHNS WEST CLIMATE,8403603,8403603.2023.11.2,2023-11-02 00:00:00,NL,2023,11,2,2.2,,-0.1,,4.5,,7.7,,,,,,,,32,,55,,0,,15.8,,63,,100,
-52.78333888888889,47.513355555555556,ST JOHNS WEST CLIMATE,8403603,8403603.2023.11.3,2023-11-03 00:00:00,NL,2023,11,3,2.8,,-1.4,,6.9,,0,,,,,,,,,,,,0,,15.2,,55,,95,
-52.78333888888889,47.513355555555556,ST JOHNS WEST CLIMATE,8403603,8403603.2023.11.4,2023-11-04 00:00:00,NL,2023,11,4,5.7,,0.1,,11.3,,0.2,,,,,,,,22,,65,,0,,12.3,,68,,100,
-52.78333888888889,47.513355555555556,ST JOHNS WEST CLIMATE,8403603,8403603.2023.11.5,2023-11-05 00:00:00,NL,2023,11,5,8.5,,7,,9.9,,7.3,,,,,,,,,,,,0,,9.5,,83,,100,
-52.78333888888889,47.513355555555556,ST JOHNS WEST CLIMATE,8403603,8403603.2023.11.6,2023-11-06 00:00:00,NL,2023,11,6,3.5,,-0.5,,7.5,,0,,,,,,,,30,,40,,0,,14.5,,43,,94,
-52.78333888888889,47.513355555555556,ST JOHNS WEST CLIMATE,8403603,8403603.2023.11.7,2023-11-07 00:00:00,NL,2023,11,7,2.5,,-0.8,,5.9,,0.7,,,,,,,,15,,38,,0,,15.5,,43,,93,
-52.78333888888889,47.513355555555556,ST JOHNS WEST CLIMATE,8403603,8403603.2023.11.8,2023-11-08 00:00:00,NL,2023,11,8,5.6,,3.7,,7.4,,22.7,,,,,,,,12,,57,,0,,12.4,,94,,100,
-52.78333888888889,47.513355555555556,ST JOHNS WEST CLIMATE,8403603,8403603.2023.11.9,2023-11-09 00:00:00,NL,2023,11,9,4.7,,2.6,,6.9,,6,,,,,,,,32,,62,,0,,13.3,,88,,100,
-52.78333888888889,47.513355555555556,ST JOHNS WEST CLIMATE,8403603,8403603.2023.11.10,2023-11-10 00:00:00,NL,2023,11,10,3.3,,1.6,,5,,1.6,,,,,,,,30,,61,,0,,14.7,,79,,93,
-52.78333888888889,47.513355555555556,ST JOHNS WEST CLIMATE,8403603,8403603.2023.11.11,2023-11-11 00:00:00,NL,2023,11,11,2.1,,0.9,,3.2,,13.9,,,,,,,,29,,48,,0,,15.9,,90,,97,
-52.78333888888889,47.513355555555556,ST JOHNS WEST CLIMATE,8403603,8403603.2023.11.12,2023-11-12 00:00:00,NL,2023,11,12,-0.3,,-2.2,,1.7,,3.9,,,,,,,,31,,39,,0,,18.3,,76,,96,
-52.78333888888889,47.513355555555556,ST JOHNS WEST CLIMATE,8403603,8403603.2023.11.13,2023-11-13 00:00:00,NL,2023,11,13,-1.2,,-2.1,,-0.3,,0,,,,,,,,32,,32,,0,,19.2,,73,,82,
-52.78333888888889,47.513355555555556,ST JOHNS WEST CLIMATE,8403603,8403603.2023.11.14,2023-11-14 00:00:00,NL,2023,11,14,-0.2,,-1,,0.6,,0,,,,,,,,,,,,0,,18.2,,73,,96,
-52.78333888888889,47.513355555555556,ST JOHNS WEST CLIMATE,8403603,8403603.2023.11.15,2023-11-15 00:00:00,NL,2023,11,15,-0.4,,-1.3,,0.5,,0,,,,,,,,5,,35,,0,,18.4,,66,,80,
-52.78333888888889,47.513355555555556,ST JOHNS WEST CLIMATE,8403603,8403603.2023.11.16,2023-11-16 00:00:00,NL,2023,11,16,-0.4,,-2.1,,1.2,,0,,,,,,,,,,,,0,,18.4,,71,,91,
-52.78333888888889,47.513355555555556,ST JOHNS WEST CLIMATE,8403603,8403603.2023.11.17,2023-11-17 00:00:00,NL,2023,11,17,1.1,,-1.2,,3.4,,0.8,,,,,,,,,,,,0,,16.9,,84,,97,
-52.78333888888889,47.513355555555556,ST JOHNS WEST CLIMATE,8403603,8403603.2023.11.18,2023-11-18 00:00:00,NL,2023,11,18,6.1,,0.9,,11.3,,0,,,,,,,,16,,53,,0,,11.9,,80,,98,
-52.78333888888889,47.513355555555556,ST JOHNS WEST CLIMATE,8403603,8403603.2023.11.19,2023-11-19 00:00:00,NL,2023,11,19,7.5,,1.2,,13.7,,17.6,,,,,,,,16,,68,,0,,10.5,,79,,100,
-52.78333888888889,47.513355555555556,ST JOHNS WEST CLIMATE,8403603,8403603.2023.11.20,2023-11-20 00:00:00,NL,2023,11,20,-0.2,,-3.7,,3.3,,0,,,,,,,,,,,,0,,18.2,,54,,94,
-52.78333888888889,47.513355555555556,ST JOHNS WEST CLIMATE,8403603,8403603.2023.11.21,2023-11-21 00:00:00,NL,2023,11,21,-0.8,,-3.3,,1.8,,0,,,,,,,,,,,,0,,18.8,,59,,97,
-52.78333888888889,47.513355555555556,ST JOHNS WEST CLIMATE,8403603,8403603.2023.11.22,2023-11-22 00:00:00,NL,2023,11,22,-0.9,,-2.3,,0.6,,1.2,,,,,,,,2,,42,,0,,18.9,,64,,95,
-52.78333888888889,47.513355555555556,ST JOHNS WEST CLIMATE,8403603,8403603.2023.11.23,2023-11-23 00:00:00,NL,2023,11,23,-0.2,,-3.5,,3.2,,0,,,,,,,,15,,40,,0,,18.2,,67,,98,
-52.78333888888889,47.513355555555556,ST JOHNS WEST CLIMATE,8403603,8403603.2023.11.24,2023-11-24 00:00:00,NL,2023,11,24,5.3,,-0.2,,10.8,,4.8,,,,,,,,28,,48,,0,,12.7,,66,,100,
-52.78333888888889,47.513355555555556,ST JOHNS WEST CLIMATE,8403603,8403603.2023.11.25,2023-11-25 00:00:00,NL,2023,11,25,-3,,-6.8,,0.8,,0.5,,,,,,,,,,,,0,,21,,58,,96,
-52.78333888888889,47.513355555555556,ST JOHNS WEST CLIMATE,8403603,8403603.2023.11.26,2023-11-26 00:00:00,NL,2023,11,26,-3.2,,-7.6,,1.1,,0,,,,,,,,,,,,0,,21.2,,68,,93,
-52.78333888888889,47.513355555555556,ST JOHNS WEST CLIMATE,8403603,8403603.2023.11.27,2023-11-27 00:00:00,NL,2023,11,27,1.4,,-0.5,,3.2,,0,,,,,,,,13,,42,,0,,16.6,,67,,94,
-52.78333888888889,47.513355555555556,ST JOHNS WEST CLIMATE,8403603,8403603.2023.11.28,2023-11-28 00:00:00,NL,2023,11,28,5.6,,2.2,,9.1,,47.6,,,,,,,,12,,70,,0,,12.4,,90,,100,
-52.78333888888889,47.513355555555556,ST JOHNS WEST CLIMATE,8403603,8403603.2023.11.29,2023-11-29 00:00:00,NL,2023,11,29,0.6,,-2.7,,4,,4.8,,,,,,,,28,,66,,0,,17.4,,90,,100,
-52.78333888888889,47.513355555555556,ST JOHNS WEST CLIMATE,8403603,8403603.2023.11.30,2023-11-30 00:00:00,NL,2023,11,30,-2.2,,-5.3,,0.9,,5.2,,,,,,4,,24,,35,,0,,20.2,,77,,98,
-52.78333888888889,47.513355555555556,ST JOHNS WEST CLIMATE,8403603,8403603.2023.12.1,2023-12-01 00:00:00,NL,2023,12,1,-1.1,,-7.2,,5,,0.7,,,,,,4,,19,,32,,0,,19.1,,76,,98,
-52.78333888888889,47.513355555555556,ST JOHNS WEST CLIMATE,8403603,8403603.2023.12.2,2023-12-02 00:00:00,NL,2023,12,2,2.7,,-0.3,,5.7,,0,,,,,,,,,,,,0,,15.3,,87,,100,
-52.78333888888889,47.513355555555556,ST JOHNS WEST CLIMATE,8403603,8403603.2023.12.3,2023-12-03 00:00:00,NL,2023,12,3,0.2,,-1.7,,2.1,,0,,,,,,,,,,,,0,,17.8,,69,,93,
-52.78333888888889,47.513355555555556,ST JOHNS WEST CLIMATE,8403603,8403603.2023.12.4,2023-12-04 00:00:00,NL,2023,12,4,-0.8,,-2,,0.3,,3.5,,,,,,,,2,,34,,0,,18.8,,84,,100,
-52.78333888888889,47.513355555555556,ST JOHNS WEST CLIMATE,8403603,8403603.2023.12.5,2023-12-05 00:00:00,NL,2023,12,5,-1.5,,-2.9,,-0.1,,5.2,,,,,,5,,,,,,0,,19.5,,79,,100,
-52.78333888888889,47.513355555555556,ST JOHNS WEST CLIMATE,8403603,8403603.2023.12.6,2023-12-06 00:00:00,NL,2023,12,6,-5.5,,-9.2,,-1.7,,0.5,,,,,,5,,26,,33,,0,,23.5,,69,,98,
-52.78333888888889,47.513355555555556,ST JOHNS WEST CLIMATE,8403603,8403603.2023.12.7,2023-12-07 00:00:00,NL,2023,12,7,-4.7,,-7.4,,-2.1,,1.6,,,,,,4,,30,,56,,0,,22.7,,68,,97,
-52.78333888888889,47.513355555555556,ST JOHNS WEST CLIMATE,8403603,8403603.2023.12.8,2023-12-08 00:00:00,NL,2023,12,8,-1.2,,-4.3,,2,,2.2,,,,,,3,,27,,58,,0,,19.2,,71,,95,
-52.78333888888889,47.513355555555556,ST JOHNS WEST CLIMATE,8403603,8403603.2023.12.9,2023-12-09 00:00:00,NL,2023,12,9,1.5,,0.6,,2.5,,5.9,,,,,,,,32,,62,,0,,16.5,,83,,94,
-52.78333888888889,47.513355555555556,ST JOHNS WEST CLIMATE,8403603,8403603.2023.12.10,2023-12-10 00:00:00,NL,2023,12,10,-1.1,,-3.7,,1.5,,0,,,,,,,,33,,32,,0,,19.1,,76,,98,
-52.78333888888889,47.513355555555556,ST JOHNS WEST CLIMATE,8403603,8403603.2023.12.11,2023-12-11 00:00:00,NL,2023,12,11,6.4,,0.2,,12.5,,0.6,,,,,,,,18,,61,,0,,11.6,,88,,100,
-52.78333888888889,47.513355555555556,ST JOHNS WEST CLIMATE,8403603,8403603.2023.12.12,2023-12-12 00:00:00,NL,2023,12,12,6.8,,1.1,,12.5,,4.6,,,,,,,,21,,69,,0,,11.2,,72,,99,
-52.78333888888889,47.513355555555556,ST JOHNS WEST CLIMATE,8403603,8403603.2023.12.13,2023-12-13 00:00:00,NL,2023,12,13,2,,0.5,,3.4,,0,,,,,,,,24,,37,,0,,16,,66,,95,
-52.78333888888889,47.513355555555556,ST JOHNS WEST CLIMATE,8403603,8403603.2023.12.14,2023-12-14 00:00:00,NL,2023,12,14,-1.1,,-5.8,,3.5,,0.7,,,,,,,,27,,49,,0,,19.1,,45,,93,
-52.78333888888889,47.513355555555556,ST JOHNS WEST CLIMATE,8403603,8403603.2023.12.15,2023-12-15 00:00:00,NL,2023,12,15,-1.6,,-5.6,,2.4,,0.7,,,,,,,,23,,61,,0,,19.6,,56,,94,
-52.78333888888889,47.513355555555556,ST JOHNS WEST CLIMATE,8403603,8403603.2023.12.16,2023-12-16 00:00:00,NL,2023,12,16,-0.4,,-4.8,,4,,0,,,,,,,,31,,57,,0,,18.4,,46,,87,
-52.78333888888889,47.513355555555556,ST JOHNS WEST CLIMATE,8403603,8403603.2023.12.17,2023-12-17 00:00:00,NL,2023,12,17,-2.8,,-7.1,,1.6,,0,,,,,,,,29,,40,,0,,20.8,,43,,85,
-52.78333888888889,47.513355555555556,ST JOHNS WEST CLIMATE,8403603,8403603.2023.12.18,2023-12-18 00:00:00,NL,2023,12,18,3.8,,1.5,,6.2,,0,,,,,,,,17,,55,,0,,14.2,,67,,95,
-52.78333888888889,47.513355555555556,ST JOHNS WEST CLIMATE,8403603,8403603.2023.12.19,2023-12-19 00:00:00,NL,2023,12,19,7.8,,5.7,,9.9,,0,,,,,,,,18,,59,,0,,10.2,,83,,95,
-52.78333888888889,47.513355555555556,ST JOHNS WEST CLIMATE,8403603,8403603.2023.12.20,2023-12-20 00:00:00,NL,2023,12,20,9.4,,7.3,,11.4,,0,,,,,,,,17,,50,,0,,8.6,,81,,97,
-52.78333888888889,47.513355555555556,ST JOHNS WEST CLIMATE,8403603,8403603.2023.12.21,2023-12-21 00:00:00,NL,2023,12,21,7.3,,6.2,,8.5,,9.7,,,,,,,,20,,32,,0,,10.7,,98,,100,
-52.78333888888889,47.513355555555556,ST JOHNS WEST CLIMATE,8403603,8403603.2023.12.22,2023-12-22 00:00:00,NL,2023,12,22,3.6,,-0.7,,8,,6.6,,,,,,,,31,,64,,0,,14.4,,87,,100,
-52.78333888888889,47.513355555555556,ST JOHNS WEST CLIMATE,8403603,8403603.2023.12.23,2023-12-23 00:00:00,NL,2023,12,23,-2.7,,-4.9,,-0.5,,0.4,,,,,,1,,31,,48,,0,,20.7,,69,,88,
-52.78333888888889,47.513355555555556,ST JOHNS WEST CLIMATE,8403603,8403603.2023.12.24,2023-12-24 00:00:00,NL,2023,12,24,-1.1,,-4.3,,2.1,,0,,,,,,,,29,,52,,0,,19.1,,72,,85,
-52.78333888888889,47.513355555555556,ST JOHNS WEST CLIMATE,8403603,8403603.2023.12.25,2023-12-25 00:00:00,NL,2023,12,25,-4.1,,-7.2,,-1,,0,,,,,,0,,34,,32,,0,,22.1,,59,,91,
-52.78333888888889,47.513355555555556,ST JOHNS WEST CLIMATE,8403603,8403603.2023.12.26,2023-12-26 00:00:00,NL,2023,12,26,1.5,,-1.7,,4.8,,0.2,,,,,,,,27,,57,,0,,16.5,,72,,94,
-52.78333888888889,47.513355555555556,ST JOHNS WEST CLIMATE,8403603,8403603.2023.12.27,2023-12-27 00:00:00,NL,2023,12,27,-1.5,,-3.5,,0.4,,0,,,,,,,,28,,39,,0,,19.5,,63,,77,
-52.78333888888889,47.513355555555556,ST JOHNS WEST CLIMATE,8403603,8403603.2023.12.28,2023-12-28 00:00:00,NL,2023,12,28,-2.1,,-5.7,,1.6,,0,,,,,,,,,,,,0,,20.1,,64,,87,
-52.78333888888889,47.513355555555556,ST JOHNS WEST CLIMATE,8403603,8403603.2023.12.29,2023-12-29 00:00:00,NL,2023,12,29,-4.8,,-9.4,,-0.2,,9.6,,,,,,,,9,,43,,0,,22.8,,76,,100,
-52.78333888888889,47.513355555555556,ST JOHNS WEST CLIMATE,8403603,8403603.2023.12.30,2023-12-30 00:00:00,NL,2023,12,30,0.7,,-0.2,,1.7,,7.7,,,,,,7,,28,,35,,0,,17.3,,95,,100,
-52.78333888888889,47.513355555555556,ST JOHNS WEST CLIMATE,8403603,8403603.2023.12.31,2023-12-31 00:00:00,NL,2023,12,31,0.8,,-0.2,,1.7,,4.4,,,,,,6,,28,,43,,0,,17.2,,87,,100,
-52.78333888888889,47.513355555555556,ST JOHNS WEST CLIMATE,8403603,8403603.2024.1.1,2024-01-01 00:00:00,NL,2024,1,1,-2.5,,-5.2,,0.1,,0,,,,,,5,,31,,36,,0,,20.5,,71,,89,
-52.78333888888889,47.513355555555556,ST JOHNS WEST CLIMATE,8403603,8403603.2024.1.2,2024-01-02 00:00:00,NL,2024,1,2,-4.2,,-6.9,,-1.5,,0,,,,,,5,,,,,,0,,22.2,,72,,92,
-52.78333888888889,47.513355555555556,ST JOHNS WEST CLIMATE,8403603,8403603.2024.1.3,2024-01-03 00:00:00,NL,2024,1,3,0,,-1.5,,1.5,,0,,,,,,5,,,,,,0,,18,,75,,85,
-52.78333888888889,47.513355555555556,ST JOHNS WEST CLIMATE,8403603,8403603.2024.1.4,2024-01-04 00:00:00,NL,2024,1,4,-0.8,,-1.5,,-0.2,,0.2,,,,,,5,,3,,36,,0,,18.8,,90,,98,
-52.78333888888889,47.513355555555556,ST JOHNS WEST CLIMATE,8403603,8403603.2024.1.5,2024-01-05 00:00:00,NL,2024,1,5,-3.2,,-4.9,,-1.5,,16.6,,,,,,7,,31,,66,,0,,21.2,,91,,99,
-52.78333888888889,47.513355555555556,ST JOHNS WEST CLIMATE,8403603,8403603.2024.1.6,2024-01-06 00:00:00,NL,2024,1,6,-7.7,,-12.3,,-3,,1.1,,,,,,29,,32,,68,,0,,25.7,,61,,87,
-52.78333888888889,47.513355555555556,ST JOHNS WEST CLIMATE,8403603,8403603.2024.1.7,2024-01-07 00:00:00,NL,2024,1,7,-8.1,,-11.4,,-4.9,,0.2,,,,,,19,,30,,64,,0,,26.1,,58,,82,
-52.78333888888889,47.513355555555556,ST JOHNS WEST CLIMATE,8403603,8403603.2024.1.8,2024-01-08 00:00:00,NL,2024,1,8,-3.9,,-6,,-1.7,,0,,,,,,15,,31,,51,,0,,21.9,,81,,90,
-52.78333888888889,47.513355555555556,ST JOHNS WEST CLIMATE,8403603,8403603.2024.1.9,2024-01-09 00:00:00,NL,2024,1,9,-5.6,,-7.9,,-3.3,,0,,,,,,15,,30,,46,,0,,23.6,,46,,82,
-52.78333888888889,47.513355555555556,ST JOHNS WEST CLIMATE,8403603,8403603.2024.1.10,2024-01-10 00:00:00,NL,2024,1,10,-5.5,,-8.5,,-2.4,,0.6,,,,,,15,,13,,52,,0,,23.5,,59,,96,
-52.78333888888889,47.513355555555556,ST JOHNS WEST CLIMATE,8403603,8403603.2024.1.11,2024-01-11 00:00:00,NL,2024,1,11,-0.3,,-2.4,,1.9,,2.9,,,,,,15,,16,,67,,0,,18.3,,87,,100,
-52.78333888888889,47.513355555555556,ST JOHNS WEST CLIMATE,8403603,8403603.2024.1.12,2024-01-12 00:00:00,NL,2024,1,12,1,,-2.6,,4.7,,0,,,,,,12,,20,,32,,0,,17,,75,,100,
-52.78333888888889,47.513355555555556,ST JOHNS WEST CLIMATE,8403603,8403603.2024.1.13,2024-01-13 00:00:00,NL,2024,1,13,-2.1,,-3.2,,-1.1,,0,,,,,,10,,,,,,0,,20.1,,78,,99,
-52.78333888888889,47.513355555555556,ST JOHNS WEST CLIMATE,8403603,8403603.2024.1.14,2024-01-14 00:00:00,NL,2024,1,14,-0.7,,-2.8,,1.5,,1.7,,,,,,10,,17,,34,,0,,18.7,,96,,100,
-52.78333888888889,47.513355555555556,ST JOHNS WEST CLIMATE,8403603,8403603.2024.1.15,2024-01-15 00:00:00,NL,2024,1,15,0.3,,-2.3,,2.9,,0.2,,,,,,10,,25,,45,,0,,17.7,,63,,100,
-52.78333888888889,47.513355555555556,ST JOHNS WEST CLIMATE,8403603,8403603.2024.1.16,2024-01-16 00:00:00,NL,2024,1,16,-5.7,,-9.7,,-1.8,,0,,,,,,9,,26,,46,,0,,23.7,,54,,88,
-52.78333888888889,47.513355555555556,ST JOHNS WEST CLIMATE,8403603,8403603.2024.1.17,2024-01-17 00:00:00,NL,2024,1,17,0.9,,-5.3,,7.1,,16.9,,,,,,9,,26,,65,,0,,17.1,,74,,100,
-52.78333888888889,47.513355555555556,ST JOHNS WEST CLIMATE,8403603,8403603.2024.1.18,2024-01-18 00:00:00,NL,2024,1,18,-4,,-6.4,,-1.6,,2.6,,,,,,3,,25,,67,,0,,22,,60,,94,
-52.78333888888889,47.513355555555556,ST JOHNS WEST CLIMATE,8403603,8403603.2024.1.19,2024-01-19 00:00:00,NL,2024,1,19,-4.3,,-5.6,,-3,,0,,,,,,3,,25,,71,,0,,22.3,,50,,82,
-52.78333888888889,47.513355555555556,ST JOHNS WEST CLIMATE,8403603,8403603.2024.1.20,2024-01-20 00:00:00,NL,2024,1,20,-3.9,,-5.5,,-2.3,,0.6,,,,,,3,,2,,32,,0,,21.9,,80,,98,
-52.78333888888889,47.513355555555556,ST JOHNS WEST CLIMATE,8403603,8403603.2024.1.21,2024-01-21 00:00:00,NL,2024,1,21,-2.8,,-6.5,,1,,0,,,,,,3,,3,,43,,0,,20.8,,64,,98,
-52.78333888888889,47.513355555555556,ST JOHNS WEST CLIMATE,8403603,8403603.2024.1.22,2024-01-22 00:00:00,NL,2024,1,22,-3,,-5.3,,-0.7,,0,,,,,,3,,28,,47,,0,,21,,57,,83,
-52.78333888888889,47.513355555555556,ST JOHNS WEST CLIMATE,8403603,8403603.2024.1.23,2024-01-23 00:00:00,NL,2024,1,23,-7.4,,-14.3,,-0.4,,3.2,,,,,,5,,31,,62,,0,,25.4,,56,,97,
-52.78333888888889,47.513355555555556,ST JOHNS WEST CLIMATE,8403603,8403603.2024.1.24,2024-01-24 00:00:00,NL,2024,1,24,-10.4,,-15.5,,-5.4,,0,,,,,,3,,28,,67,,0,,28.4,,50,,83,
-52.78333888888889,47.513355555555556,ST JOHNS WEST CLIMATE,8403603,8403603.2024.1.25,2024-01-25 00:00:00,NL,2024,1,25,-3.3,,-7,,0.5,,2.4,,,,,,3,,24,,60,,0,,21.3,,72,,96,
-52.78333888888889,47.513355555555556,ST JOHNS WEST CLIMATE,8403603,8403603.2024.1.26,2024-01-26 00:00:00,NL,2024,1,26,-6.5,,-8.4,,-4.7,,0,,,,,,6,,1,,36,,0,,24.5,,52,,88,
-52.78333888888889,47.513355555555556,ST JOHNS WEST CLIMATE,8403603,8403603.2024.1.27,2024-01-27 00:00:00,NL,2024,1,27,-4.7,,-8.9,,-0.4,,0,,,,,,5,,,,,,0,,22.7,,57,,94,
-52.78333888888889,47.513355555555556,ST JOHNS WEST CLIMATE,8403603,8403603.2024.1.28,2024-01-28 00:00:00,NL,2024,1,28,-3.3,,-6.1,,-0.4,,0,,,,,,6,,28,,38,,0,,21.3,,76,,89,
-52.78333888888889,47.513355555555556,ST JOHNS WEST CLIMATE,8403603,8403603.2024.1.29,2024-01-29 00:00:00,NL,2024,1,29,-4,,-6.6,,-1.5,,12.8,,,,,,6,,1,,62,,0,,22,,78,,99,
-52.78333888888889,47.513355555555556,ST JOHNS WEST CLIMATE,8403603,8403603.2024.1.30,2024-01-30 00:00:00,NL,2024,1,30,-6.3,,-7.5,,-5.1,,0,,,,,,13,,1,,58,,0,,24.3,,66,,84,
-52.78333888888889,47.513355555555556,ST JOHNS WEST CLIMATE,8403603,8403603.2024.1.31,2024-01-31 00:00:00,NL,2024,1,31,-8.3,,-12,,-4.6,,0.2,,,,,,9,,36,,33,,0,,26.3,,70,,91,
-52.78333888888889,47.513355555555556,ST JOHNS WEST CLIMATE,8403603,8403603.2024.2.1,2024-02-01 00:00:00,NL,2024,2,1,-5.6,,-9.9,,-1.3,,0,,,,,,9,,28,,37,,0,,23.6,,65,,87,
-52.78333888888889,47.513355555555556,ST JOHNS WEST CLIMATE,8403603,8403603.2024.2.2,2024-02-02 00:00:00,NL,2024,2,2,-2.3,,-3.9,,-0.7,,0,,,,,,9,,,,,,0,,20.3,,73,,84,
-52.78333888888889,47.513355555555556,ST JOHNS WEST CLIMATE,8403603,8403603.2024.2.3,2024-02-03 00:00:00,NL,2024,2,3,-2,,-2.9,,-1.1,,0,,,,,,8,,3,,38,,0,,20,,80,,99,
-52.78333888888889,47.513355555555556,ST JOHNS WEST CLIMATE,8403603,8403603.2024.2.4,2024-02-04 00:00:00,NL,2024,2,4,0.1,,-1.1,,1.4,,30.9,,,,,,10,,4,,52,,0,,17.9,,98,,100,
-52.78333888888889,47.513355555555556,ST JOHNS WEST CLIMATE,8403603,8403603.2024.2.5,2024-02-05 00:00:00,NL,2024,2,5,1.2,,0.5,,1.8,,5.2,,,,,,9,,3,,47,,0,,16.8,,99,,100,
-52.78333888888889,47.513355555555556,ST JOHNS WEST CLIMATE,8403603,8403603.2024.2.6,2024-02-06 00:00:00,NL,2024,2,6,0,,-1.4,,1.5,,18.7,,,,,,5,,1,,82,,0,,18,,84,,100,
-52.78333888888889,47.513355555555556,ST JOHNS WEST CLIMATE,8403603,8403603.2024.2.7,2024-02-07 00:00:00,NL,2024,2,7,,M,,M,,M,,M,,,,,4,,,M,,M,,M,,M,,M,,M
-52.78333888888889,47.513355555555556,ST JOHNS WEST CLIMATE,8403603,8403603.2024.2.8,2024-02-08 00:00:00,NL,2024,2,8,-1.5,,-2.6,,-0.5,,0,,,,,,6,,2,,38,,0,,19.5,,86,,100,
-52.78333888888889,47.513355555555556,ST JOHNS WEST CLIMATE,8403603,8403603.2024.2.9,2024-02-09 00:00:00,NL,2024,2,9,-2.2,,-4.3,,-0.1,,0,,,,,,6,,4,,32,,0,,20.2,,93,,100,
-52.78333888888889,47.513355555555556,ST JOHNS WEST CLIMATE,8403603,8403603.2024.2.10,2024-02-10 00:00:00,NL,2024,2,10,-2.8,,-4.8,,-0.7,,0,,,,,,6,,,,,,0,,20.8,,79,,97,
-52.78333888888889,47.513355555555556,ST JOHNS WEST CLIMATE,8403603,8403603.2024.2.11,2024-02-11 00:00:00,NL,2024,2,11,-0.5,,-5.8,,4.7,,0,,,,,,6,,,,,,0,,18.5,,49,,100,
-52.78333888888889,47.513355555555556,ST JOHNS WEST CLIMATE,8403603,8403603.2024.2.12,2024-02-12 00:00:00,NL,2024,2,12,0.7,,-0.8,,2.1,,1.7,,,,,,7,,,,,,0,,17.3,,89,,100,
-52.78333888888889,47.513355555555556,ST JOHNS WEST CLIMATE,8403603,8403603.2024.2.13,2024-02-13 00:00:00,NL,2024,2,13,-0.8,,-2,,0.4,,0,,,,,,5,,28,,34,,0,,18.8,,74,,93,
-52.78333888888889,47.513355555555556,ST JOHNS WEST CLIMATE,8403603,8403603.2024.2.14,2024-02-14 00:00:00,NL,2024,2,14,-1.1,,-2.3,,0.2,,24.6,,,,,,20,,1,,72,,0,,19.1,,95,,100,
-52.78333888888889,47.513355555555556,ST JOHNS WEST CLIMATE,8403603,8403603.2024.2.15,2024-02-15 00:00:00,NL,2024,2,15,0.1,,0,,0.2,,23.2,,,,,,23,,33,,66,,0,,17.9,,97,,100,
-52.78333888888889,47.513355555555556,ST JOHNS WEST CLIMATE,8403603,8403603.2024.2.16,2024-02-16 00:00:00,NL,2024,2,16,-1.7,,-3.5,,0.1,,0.9,,,,,,31,,29,,58,,0,,19.7,,83,,99,
-52.78333888888889,47.513355555555556,ST JOHNS WEST CLIMATE,8403603,8403603.2024.2.17,2024-02-17 00:00:00,NL,2024,2,17,-4.1,,-5.9,,-2.3,,0,,,,,,30,,28,,54,,0,,22.1,,76,,93,
-52.78333888888889,47.513355555555556,ST JOHNS WEST CLIMATE,8403603,8403603.2024.2.18,2024-02-18 00:00:00,NL,2024,2,18,-4.5,,-6.7,,-2.3,,16.1,,,,,,40,,26,,66,,0,,22.5,,72,,99,
-52.78333888888889,47.513355555555556,ST JOHNS WEST CLIMATE,8403603,8403603.2024.2.19,2024-02-19 00:00:00,NL,2024,2,19,-5.4,,-8.3,,-2.5,,4.7,,,,,,38,,24,,49,,0,,23.4,,71,,96,
-52.78333888888889,47.513355555555556,ST JOHNS WEST CLIMATE,8403603,8403603.2024.2.20,2024-02-20 00:00:00,NL,2024,2,20,-6.9,,-9.5,,-4.3,,0,,,,,,44,,26,,58,,0,,24.9,,57,,88,
-52.78333888888889,47.513355555555556,ST JOHNS WEST CLIMATE,8403603,8403603.2024.2.21,2024-02-21 00:00:00,NL,2024,2,21,-10.1,,-14.1,,-6.1,,0.2,,,,,,33,,27,,52,,0,,28.1,,48,,86,
-52.78333888888889,47.513355555555556,ST JOHNS WEST CLIMATE,8403603,8403603.2024.2.22,2024-02-22 00:00:00,NL,2024,2,22,-6.5,,-12.9,,0,,4.2,,,,,,30,,14,,31,,0,,24.5,,78,,100,
-52.78333888888889,47.513355555555556,ST JOHNS WEST CLIMATE,8403603,8403603.2024.2.23,2024-02-23 00:00:00,NL,2024,2,23,-0.3,,-1.8,,1.3,,15.9,,,,,,32,,,,,,0,,18.3,,87,,100,
-52.78333888888889,47.513355555555556,ST JOHNS WEST CLIMATE,8403603,8403603.2024.2.24,2024-02-24 00:00:00,NL,2024,2,24,1.3,,-2.8,,5.5,,1.9,,,,,,29,,19,,63,,0,,16.7,,70,,100,
-52.78333888888889,47.513355555555556,ST JOHNS WEST CLIMATE,8403603,8403603.2024.2.25,2024-02-25 00:00:00,NL,2024,2,25,-0.1,,-7,,6.7,,1.6,,,,,,21,,26,,46,,0,,18.1,,60,,100,
-52.78333888888889,47.513355555555556,ST JOHNS WEST CLIMATE,8403603,8403603.2024.2.26,2024-02-26 00:00:00,NL,2024,2,26,-5.6,,-7.9,,-3.3,,8.8,,,,,,20,,,,,,0,,23.6,,78,,96,
-52.78333888888889,47.513355555555556,ST JOHNS WEST CLIMATE,8403603,8403603.2024.2.27,2024-02-27 00:00:00,NL,2024,2,27,-1.5,,-5.4,,2.5,,0.5,,,,,,30,,25,,41,,0,,19.5,,72,,93,
-52.78333888888889,47.513355555555556,ST JOHNS WEST CLIMATE,8403603,8403603.2024.2.28,2024-02-28 00:00:00,NL,2024,2,28,2.6,,-2.8,,8,,0,,,,,,26,,23,,41,,0,,15.4,,69,,98,
-52.78333888888889,47.513355555555556,ST JOHNS WEST CLIMATE,8403603,8403603.2024.2.29,2024-02-29 00:00:00,NL,2024,2,29,3.3,,-0.9,,7.6,,10.3,,,,,,16,,25,,45,,0,,14.7,,80,,100,
-52.78333888888889,47.513355555555556,ST JOHNS WEST CLIMATE,8403603,8403603.2024.3.1,2024-03-01 00:00:00,NL,2024,3,1,-5.2,,-9.4,,-1,,6.7,,,,,,9,,26,,61,,0,,23.2,,58,,91,
-52.78333888888889,47.513355555555556,ST JOHNS WEST CLIMATE,8403603,8403603.2024.3.2,2024-03-02 00:00:00,NL,2024,3,2,-5.2,,-8.9,,-1.5,,0.7,,,,,,13,,27,,51,,0,,23.2,,53,,91,
-52.78333888888889,47.513355555555556,ST JOHNS WEST CLIMATE,8403603,8403603.2024.3.3,2024-03-03 00:00:00,NL,2024,3,3,2,,-1.5,,5.5,,8.9,,,,,,14,,25,,55,,0,,16,,82,,98,
-52.78333888888889,47.513355555555556,ST JOHNS WEST CLIMATE,8403603,8403603.2024.3.4,2024-03-04 00:00:00,NL,2024,3,4,-2.2,,-7.9,,3.4,,2.7,,,,,,5,,35,,51,,0,,20.2,,54,,99,
-52.78333888888889,47.513355555555556,ST JOHNS WEST CLIMATE,8403603,8403603.2024.3.5,2024-03-05 00:00:00,NL,2024,3,5,-2.7,,-9.6,,4.1,,0,,,,,,4,,27,,41,,0,,20.7,,31,,86,
-52.78333888888889,47.513355555555556,ST JOHNS WEST CLIMATE,8403603,8403603.2024.3.6,2024-03-06 00:00:00,NL,2024,3,6,2.6,,-0.6,,5.7,,5.8,,,,,,4,,22,,37,,0,,15.4,,86,,100,
-52.78333888888889,47.513355555555556,ST JOHNS WEST CLIMATE,8403603,8403603.2024.3.7,2024-03-07 00:00:00,NL,2024,3,7,-0.5,,-3.6,,2.7,,14.4,,,,,,,,6,,46,,0,,18.5,,75,,99,
-52.78333888888889,47.513355555555556,ST JOHNS WEST CLIMATE,8403603,8403603.2024.3.8,2024-03-08 00:00:00,NL,2024,3,8,-2.3,,-3.4,,-1.2,,38.3,,,,,,13,,3,,64,,0,,20.3,,96,,100,
-52.78333888888889,47.513355555555556,ST JOHNS WEST CLIMATE,8403603,8403603.2024.3.9,2024-03-09 00:00:00,NL,2024,3,9,-1.3,,-1.8,,-0.7,,2.1,,,,,,43,,2,,65,,0,,19.3,,84,,98,
-52.78333888888889,47.513355555555556,ST JOHNS WEST CLIMATE,8403603,8403603.2024.3.10,2024-03-10 00:00:00,NL,2024,3,10,-1.9,,-3.4,,-0.4,,0,,,,,,29,,2,,35,,0,,19.9,,75,,96,
-52.78333888888889,47.513355555555556,ST JOHNS WEST CLIMATE,8403603,8403603.2024.3.11,2024-03-11 00:00:00,NL,2024,3,11,0.2,,-2.1,,2.6,,27.6,,,,,,28,,10,,69,,0,,17.8,,94,,100,
-52.78333888888889,47.513355555555556,ST JOHNS WEST CLIMATE,8403603,8403603.2024.3.12,2024-03-12 00:00:00,NL,2024,3,12,2.6,,-2.3,,7.4,,8.4,,,,,,15,,10,,59,,0,,15.4,,63,,100,
-52.78333888888889,47.513355555555556,ST JOHNS WEST CLIMATE,8403603,8403603.2024.3.13,2024-03-13 00:00:00,NL,2024,3,13,1.9,,-1.6,,5.4,,2.8,,,,,,8,,,,,,0,,16.1,,74,,100,
-52.78333888888889,47.513355555555556,ST JOHNS WEST CLIMATE,8403603,8403603.2024.3.14,2024-03-14 00:00:00,NL,2024,3,14,-0.2,,-2,,1.7,,0.4,,,,,,3,,36,,45,,0,,18.2,,77,,98,
-52.78333888888889,47.513355555555556,ST JOHNS WEST CLIMATE,8403603,8403603.2024.3.15,2024-03-15 00:00:00,NL,2024,3,15,-0.5,,-2.3,,1.2,,0,,,,,,,,31,,31,,0,,18.5,,62,,94,
-52.78333888888889,47.513355555555556,ST JOHNS WEST CLIMATE,8403603,8403603.2024.3.16,2024-03-16 00:00:00,NL,2024,3,16,-0.9,,-3.6,,1.8,,0.2,,,,,,,,,,,,0,,18.9,,70,,95,
-52.78333888888889,47.513355555555556,ST JOHNS WEST CLIMATE,8403603,8403603.2024.3.17,2024-03-17 00:00:00,NL,2024,3,17,-0.9,,-5.3,,3.4,,0,,,,,,1,,,,,,0,,18.9,,54,,99,
-52.78333888888889,47.513355555555556,ST JOHNS WEST CLIMATE,8403603,8403603.2024.3.18,2024-03-18 00:00:00,NL,2024,3,18,-1.9,,-5.8,,2,,2.1,,,,,,,,13,,57,,0,,19.9,,92,,100,
-52.78333888888889,47.513355555555556,ST JOHNS WEST CLIMATE,8403603,8403603.2024.3.19,2024-03-19 00:00:00,NL,2024,3,19,2,,-0.3,,4.2,,0.5,,,,,,6,,25,,45,,0,,16,,70,,99,
-52.78333888888889,47.513355555555556,ST JOHNS WEST CLIMATE,8403603,8403603.2024.3.20,2024-03-20 00:00:00,NL,2024,3,20,0.8,,-2.3,,3.9,,0,,,,,,2,,25,,44,,0,,17.2,,61,,95,
-52.78333888888889,47.513355555555556,ST JOHNS WEST CLIMATE,8403603,8403603.2024.3.21,2024-03-21 00:00:00,NL,2024,3,21,-0.5,,-5.4,,4.4,,15.5,,,,,,1,,15,,42,,0,,18.5,,88,,100,
-52.78333888888889,47.513355555555556,ST JOHNS WEST CLIMATE,8403603,8403603.2024.3.22,2024-03-22 00:00:00,NL,2024,3,22,0.4,,-1.7,,2.4,,0.4,,,,,,,,21,,56,,0,,17.6,,62,,87,
-52.78333888888889,47.513355555555556,ST JOHNS WEST CLIMATE,8403603,8403603.2024.3.23,2024-03-23 00:00:00,NL,2024,3,23,-0.8,,-2.3,,0.8,,0.2,,,,,,1,,26,,62,,0,,18.8,,65,,84,
-52.78333888888889,47.513355555555556,ST JOHNS WEST CLIMATE,8403603,8403603.2024.3.24,2024-03-24 00:00:00,NL,2024,3,24,3.2,,-1.7,,8.1,,0,,,,,,,,18,,56,,0,,14.8,,70,,96,
-52.78333888888889,47.513355555555556,ST JOHNS WEST CLIMATE,8403603,8403603.2024.3.25,2024-03-25 00:00:00,NL,2024,3,25,-3.8,,-8.2,,0.6,,0,,,,,,,,30,,35,,0,,21.8,,41,,89,
-52.78333888888889,47.513355555555556,ST JOHNS WEST CLIMATE,8403603,8403603.2024.3.26,2024-03-26 00:00:00,NL,2024,3,26,-2.4,,-8.3,,3.5,,0,,,,,,,,,,,,0,,20.4,,38,,90,
-52.78333888888889,47.513355555555556,ST JOHNS WEST CLIMATE,8403603,8403603.2024.3.27,2024-03-27 00:00:00,NL,2024,3,27,-1.3,,-6.1,,3.5,,0,,,,,,,,,,,,0,,19.3,,36,,83,
-52.78333888888889,47.513355555555556,ST JOHNS WEST CLIMATE,8403603,8403603.2024.3.28,2024-03-28 00:00:00,NL,2024,3,28,,M,,M,,M,,M,,,,,5,,,M,,M,,M,,M,,M,,M
-52.78333888888889,47.513355555555556,ST JOHNS WEST CLIMATE,8403603,8403603.2024.3.29,2024-03-29 00:00:00,NL,2024,3,29,10.4,,6.2,,14.6,,0.3,,,,,,,,23,,33,,0,,7.6,,85,,100,
-52.78333888888889,47.513355555555556,ST JOHNS WEST CLIMATE,8403603,8403603.2024.3.30,2024-03-30 00:00:00,NL,2024,3,30,5.6,,2,,9.2,,8.8,,,,,,,,17,,31,,0,,12.4,,92,,100,
-52.78333888888889,47.513355555555556,ST JOHNS WEST CLIMATE,8403603,8403603.2024.3.31,2024-03-31 00:00:00,NL,2024,3,31,2.9,,0.4,,5.4,,0,,,,,,,,,,,,0,,15.1,,67,,96,
-52.78333888888889,47.513355555555556,ST JOHNS WEST CLIMATE,8403603,8403603.2024.4.1,2024-04-01 00:00:00,NL,2024,4,1,1.8,,0,,3.6,,0.6,,,,,,,,,,,,0,,16.2,,80,,100,
-52.78333888888889,47.513355555555556,ST JOHNS WEST CLIMATE,8403603,8403603.2024.4.2,2024-04-02 00:00:00,NL,2024,4,2,1.4,,-0.1,,2.8,,2.1,,,,,,,,35,,56,,0,,16.6,,80,,100,
-52.78333888888889,47.513355555555556,ST JOHNS WEST CLIMATE,8403603,8403603.2024.4.3,2024-04-03 00:00:00,NL,2024,4,3,0.5,,-0.5,,1.5,,7.3,,,,,,,,1,,61,,0,,17.5,,90,,100,
-52.78333888888889,47.513355555555556,ST JOHNS WEST CLIMATE,8403603,8403603.2024.4.4,2024-04-04 00:00:00,NL,2024,4,4,1.6,,0,,3.1,,0.7,,,,,,,,36,,51,,0,,16.4,,98,,100,
-52.78333888888889,47.513355555555556,ST JOHNS WEST CLIMATE,8403603,8403603.2024.4.5,2024-04-05 00:00:00,NL,2024,4,5,-1,,-2.1,,0.1,,0.4,,,,,,,,4,,36,,0,,19,,91,,100,
-52.78333888888889,47.513355555555556,ST JOHNS WEST CLIMATE,8403603,8403603.2024.4.6,2024-04-06 00:00:00,NL,2024,4,6,1,,-1.5,,3.4,,0.2,,,,,,,,5,,37,,0,,17,,74,,100,
-52.78333888888889,47.513355555555556,ST JOHNS WEST CLIMATE,8403603,8403603.2024.4.7,2024-04-07 00:00:00,NL,2024,4,7,1.4,,-0.5,,3.4,,1.2,,,,,,,,5,,45,,0,,16.6,,76,,100,
-52.78333888888889,47.513355555555556,ST JOHNS WEST CLIMATE,8403603,8403603.2024.4.8,2024-04-08 00:00:00,NL,2024,4,8,-1,,-1.7,,-0.3,,3,,,,,,5,,3,,50,,0,,19,,89,,100,
-52.78333888888889,47.513355555555556,ST JOHNS WEST CLIMATE,8403603,8403603.2024.4.9,2024-04-09 00:00:00,NL,2024,4,9,-1.2,,-1.7,,-0.6,,3.2,,,,,,4,,35,,54,,0,,19.2,,80,,91,
-52.78333888888889,47.513355555555556,ST JOHNS WEST CLIMATE,8403603,8403603.2024.4.10,2024-04-10 00:00:00,NL,2024,4,10,-1.2,,-2.8,,0.4,,0.9,,,,,,4,,32,,45,,0,,19.2,,49,,98,
-52.78333888888889,47.513355555555556,ST JOHNS WEST CLIMATE,8403603,8403603.2024.4.11,2024-04-11 00:00:00,NL,2024,4,11,2.7,,-1.4,,6.8,,0,,,,,,4,,35,,31,,0,,15.3,,49,,94,
-52.78333888888889,47.513355555555556,ST JOHNS WEST CLIMATE,8403603,8403603.2024.4.12,2024-04-12 00:00:00,NL,2024,4,12,3.8,,-0.8,,8.4,,0,,,,,,,,23,,44,,0,,14.2,,46,,90,
-52.78333888888889,47.513355555555556,ST JOHNS WEST CLIMATE,8403603,8403603.2024.4.13,2024-04-13 00:00:00,NL,2024,4,13,11.9,,7.5,,16.3,,0.3,,,,,,,,23,,49,,0,,6.1,,66,,94,
-52.78333888888889,47.513355555555556,ST JOHNS WEST CLIMATE,8403603,8403603.2024.4.14,2024-04-14 00:00:00,NL,2024,4,14,9.7,,6.5,,12.9,,5.9,,,,,,,,17,,54,,0,,8.3,,87,,100,
-52.78333888888889,47.513355555555556,ST JOHNS WEST CLIMATE,8403603,8403603.2024.4.15,2024-04-15 00:00:00,NL,2024,4,15,8.9,,5.2,,12.6,,0.8,,,,,,,,23,,45,,0,,9.1,,52,,100,
-52.78333888888889,47.513355555555556,ST JOHNS WEST CLIMATE,8403603,8403603.2024.4.16,2024-04-16 00:00:00,NL,2024,4,16,9.3,,5.9,,12.8,,6.5,,,,,,,,21,,33,,0,,8.7,,87,,100,
-52.78333888888889,47.513355555555556,ST JOHNS WEST CLIMATE,8403603,8403603.2024.4.17,2024-04-17 00:00:00,NL,2024,4,17,6.1,,1.5,,10.8,,4.5,,,,,,,,33,,34,,0,,11.9,,92,,100,
-52.78333888888889,47.513355555555556,ST JOHNS WEST CLIMATE,8403603,8403603.2024.4.18,2024-04-18 00:00:00,NL,2024,4,18,1,,-0.4,,2.4,,17,,,,,,,,34,,62,,0,,17,,95,,100,
-52.78333888888889,47.513355555555556,ST JOHNS WEST CLIMATE,8403603,8403603.2024.4.19,2024-04-19 00:00:00,NL,2024,4,19,0.4,,-1.8,,2.5,,6.6,,,,,,,,1,,66,,0,,17.6,,80,,100,
-52.78333888888889,47.513355555555556,ST JOHNS WEST CLIMATE,8403603,8403603.2024.4.20,2024-04-20 00:00:00,NL,2024,4,20,1.5,,-2.7,,5.7,,0,,,,,,,,19,,34,,0,,16.5,,53,,94,
-52.78333888888889,47.513355555555556,ST JOHNS WEST CLIMATE,8403603,8403603.2024.4.21,2024-04-21 00:00:00,NL,2024,4,21,3.2,,-0.6,,7.1,,3.1,,,,,,,,14,,44,,0,,14.8,,86,,100,
-52.78333888888889,47.513355555555556,ST JOHNS WEST CLIMATE,8403603,8403603.2024.4.22,2024-04-22 00:00:00,NL,2024,4,22,6.9,,0.5,,13.3,,0.2,,,,,,,,23,,38,,0,,11.1,,41,,100,
-52.78333888888889,47.513355555555556,ST JOHNS WEST CLIMATE,8403603,8403603.2024.4.23,2024-04-23 00:00:00,NL,2024,4,23,3.2,,-1.9,,8.3,,0,,,,,,,,28,,48,,0,,14.8,,34,,86,
-52.78333888888889,47.513355555555556,ST JOHNS WEST CLIMATE,8403603,8403603.2024.4.24,2024-04-24 00:00:00,NL,2024,4,24,5.6,,0.6,,10.6,,7.9,,,,,,,,16,,60,,0,,12.4,,73,,100,
-52.78333888888889,47.513355555555556,ST JOHNS WEST CLIMATE,8403603,8403603.2024.4.25,2024-04-25 00:00:00,NL,2024,4,25,5.6,,-1.1,,12.4,,0.2,,,,,,,,24,,52,,0,,12.4,,65,,98,
-52.78333888888889,47.513355555555556,ST JOHNS WEST CLIMATE,8403603,8403603.2024.4.26,2024-04-26 00:00:00,NL,2024,4,26,2.3,,-2,,6.5,,0,,,,,,,,21,,33,,0,,15.7,,53,,89,
-52.78333888888889,47.513355555555556,ST JOHNS WEST CLIMATE,8403603,8403603.2024.4.27,2024-04-27 00:00:00,NL,2024,4,27,1.2,,-1.2,,3.5,,0,,,,,,,,2,,45,,0,,16.8,,64,,91,
-52.78333888888889,47.513355555555556,ST JOHNS WEST CLIMATE,8403603,8403603.2024.4.28,2024-04-28 00:00:00,NL,2024,4,28,2,,-0.4,,4.3,,9.5,,,,,,,,3,,48,,0,,16,,77,,100,
-52.78333888888889,47.513355555555556,ST JOHNS WEST CLIMATE,8403603,8403603.2024.4.29,2024-04-29 00:00:00,NL,2024,4,29,6.6,,4.3,,8.9,,7.7,,,,,,,,11,,40,,0,,11.4,,100,,100,
-52.78333888888889,47.513355555555556,ST JOHNS WEST CLIMATE,8403603,8403603.2024.4.30,2024-04-30 00:00:00,NL,2024,4,30,,M,,M,,M,,M,,,,,,,,M,,M,,M,,M,,M,,M
-52.78333888888889,47.513355555555556,ST JOHNS WEST CLIMATE,8403603,8403603.2024.5.1,2024-05-01 00:00:00,NL,2024,5,1,6.8,,3.1,,10.4,,0.3,,,,,,,,,,,,0,,11.2,,100,,100,
-52.78333888888889,47.513355555555556,ST JOHNS WEST CLIMATE,8403603,8403603.2024.5.2,2024-05-02 00:00:00,NL,2024,5,2,4.3,,2.4,,6.2,,4.3,,,,,,,,33,,44,,0,,13.7,,96,,100,
-52.78333888888889,47.513355555555556,ST JOHNS WEST CLIMATE,8403603,8403603.2024.5.3,2024-05-03 00:00:00,NL,2024,5,3,4.5,,2.8,,6.2,,9.6,,,,,,,,4,,35,,0,,13.5,,94,,100,
-52.78333888888889,47.513355555555556,ST JOHNS WEST CLIMATE,8403603,8403603.2024.5.4,2024-05-04 00:00:00,NL,2024,5,4,2.8,,1.2,,4.4,,0,,,,,,,,36,,34,,0,,15.2,,88,,100,
-52.78333888888889,47.513355555555556,ST JOHNS WEST CLIMATE,8403603,8403603.2024.5.5,2024-05-05 00:00:00,NL,2024,5,5,0.8,,-2,,3.7,,0,,,,,,,,1,,35,,0,,17.2,,74,,98,
-52.78333888888889,47.513355555555556,ST JOHNS WEST CLIMATE,8403603,8403603.2024.5.6,2024-05-06 00:00:00,NL,2024,5,6,7.5,,-1.6,,16.6,,0.2,,,,,,,,23,,34,,0,,10.5,,25,,98,
-52.78333888888889,47.513355555555556,ST JOHNS WEST CLIMATE,8403603,8403603.2024.5.7,2024-05-07 00:00:00,NL,2024,5,7,6.7,,3,,10.3,,1.1,,,,,,,,,,,,0,,11.3,,85,,98,
-52.78333888888889,47.513355555555556,ST JOHNS WEST CLIMATE,8403603,8403603.2024.5.8,2024-05-08 00:00:00,NL,2024,5,8,4.9,,2.6,,7.3,,1.5,,,,,,,,35,,33,,0,,13.1,,85,,100,
-52.78333888888889,47.513355555555556,ST JOHNS WEST CLIMATE,8403603,8403603.2024.5.9,2024-05-09 00:00:00,NL,2024,5,9,6.4,,1.7,,11.1,,0,,,,,,,,,,,,0,,11.6,,54,,100,
-52.78333888888889,47.513355555555556,ST JOHNS WEST CLIMATE,8403603,8403603.2024.5.10,2024-05-10 00:00:00,NL,2024,5,10,3.1,,0.2,,6,,3.8,,,,,,,,4,,35,,0,,14.9,,80,,100,
-52.78333888888889,47.513355555555556,ST JOHNS WEST CLIMATE,8403603,8403603.2024.5.11,2024-05-11 00:00:00,NL,2024,5,11,1.9,,0,,3.8,,0.5,,,,,,,,,,,,0,,16.1,,84,,100,
-52.78333888888889,47.513355555555556,ST JOHNS WEST CLIMATE,8403603,8403603.2024.5.12,2024-05-12 00:00:00,NL,2024,5,12,5.9,,1.3,,10.5,,11.7,,,,,,,,10,,49,,0,,12.1,,89,,100,
-52.78333888888889,47.513355555555556,ST JOHNS WEST CLIMATE,8403603,8403603.2024.5.13,2024-05-13 00:00:00,NL,2024,5,13,10.3,,4,,16.5,,5.1,,,,,,,,22,,33,,0,,7.7,,59,,100,
-52.78333888888889,47.513355555555556,ST JOHNS WEST CLIMATE,8403603,8403603.2024.5.14,2024-05-14 00:00:00,NL,2024,5,14,4.6,,3.2,,5.9,,6.4,,,,,,,,6,,33,,0,,13.4,,100,,100,
-52.78333888888889,47.513355555555556,ST JOHNS WEST CLIMATE,8403603,8403603.2024.5.15,2024-05-15 00:00:00,NL,2024,5,15,8.9,,5.1,,12.7,,2.2,,,,,,,,,,,,0,,9.1,,94,,100,
-52.78333888888889,47.513355555555556,ST JOHNS WEST CLIMATE,8403603,8403603.2024.5.16,2024-05-16 00:00:00,NL,2024,5,16,9.2,,4.5,,13.9,,0,,,,,,,,,,,,0,,8.8,,80,,100,
-52.78333888888889,47.513355555555556,ST JOHNS WEST CLIMATE,8403603,8403603.2024.5.17,2024-05-17 00:00:00,NL,2024,5,17,5.4,,0.8,,10,,0,,,,,,,,,,,,0,,12.6,,78,,100,
-52.78333888888889,47.513355555555556,ST JOHNS WEST CLIMATE,8403603,8403603.2024.5.18,2024-05-18 00:00:00,NL,2024,5,18,4.6,,0.6,,8.5,,0,,,,,,,,,,,,0,,13.4,,33,,100,
-52.78333888888889,47.513355555555556,ST JOHNS WEST CLIMATE,8403603,8403603.2024.5.19,2024-05-19 00:00:00,NL,2024,5,19,4.1,,1.8,,6.4,,0,,,,,,,,,,,,0,,13.9,,73,,93,
-52.78333888888889,47.513355555555556,ST JOHNS WEST CLIMATE,8403603,8403603.2024.5.20,2024-05-20 00:00:00,NL,2024,5,20,7.2,,2.7,,11.6,,0,,,,,,,,,,,,0,,10.8,,68,,100,
-52.78333888888889,47.513355555555556,ST JOHNS WEST CLIMATE,8403603,8403603.2024.5.21,2024-05-21 00:00:00,NL,2024,5,21,13,,6.8,,19.2,,0,,,,,,,,19,,31,,0,,5,,56,,100,
-52.78333888888889,47.513355555555556,ST JOHNS WEST CLIMATE,8403603,8403603.2024.5.22,2024-05-22 00:00:00,NL,2024,5,22,8.9,,3.3,,14.5,,0,,,,,,,,34,,34,,0,,9.1,,72,,97,
-52.78333888888889,47.513355555555556,ST JOHNS WEST CLIMATE,8403603,8403603.2024.5.23,2024-05-23 00:00:00,NL,2024,5,23,5.7,,2.6,,8.8,,0,,,,,,,,35,,33,,0,,12.3,,67,,100,
-52.78333888888889,47.513355555555556,ST JOHNS WEST CLIMATE,8403603,8403603.2024.5.24,2024-05-24 00:00:00,NL,2024,5,24,6.7,,2.6,,10.9,,6.4,,,,,,,,14,,39,,0,,11.3,,98,,100,
-52.78333888888889,47.513355555555556,ST JOHNS WEST CLIMATE,8403603,8403603.2024.5.25,2024-05-25 00:00:00,NL,2024,5,25,12.7,,7.1,,18.2,,0.2,,,,,,,,29,,32,,0,,5.3,,76,,100,
-52.78333888888889,47.513355555555556,ST JOHNS WEST CLIMATE,8403603,8403603.2024.5.26,2024-05-26 00:00:00,NL,2024,5,26,4.7,,2.2,,7.2,,0,,,,,,,,29,,46,,0,,13.3,,79,,100,
-52.78333888888889,47.513355555555556,ST JOHNS WEST CLIMATE,8403603,8403603.2024.5.27,2024-05-27 00:00:00,NL,2024,5,27,3.5,,-2.1,,9,,0,,,,,,,,31,,37,,0,,14.5,,59,,98,
-52.78333888888889,47.513355555555556,ST JOHNS WEST CLIMATE,8403603,8403603.2024.5.28,2024-05-28 00:00:00,NL,2024,5,28,7,,-2.3,,16.2,,0,,,,,,,,18,,35,,0,,11,,40,,98,
-52.78333888888889,47.513355555555556,ST JOHNS WEST CLIMATE,8403603,8403603.2024.5.29,2024-05-29 00:00:00,NL,2024,5,29,8.4,,5.3,,11.5,,4.4,,,,,,,,18,,49,,0,,9.6,,92,,100,
-52.78333888888889,47.513355555555556,ST JOHNS WEST CLIMATE,8403603,8403603.2024.5.30,2024-05-30 00:00:00,NL,2024,5,30,17.7,,11.1,,24.3,,0,,,,,,,,27,,36,,0,,0.3,,43,,100,
-52.78333888888889,47.513355555555556,ST JOHNS WEST CLIMATE,8403603,8403603.2024.5.31,2024-05-31 00:00:00,NL,2024,5,31,11.7,,6.3,,17.1,,2.5,,,,,,,,,,,,0,,6.3,,84,,100,
-52.78333888888889,47.513355555555556,ST JOHNS WEST CLIMATE,8403603,8403603.2024.6.1,2024-06-01 00:00:00,NL,2024,6,1,8.5,,5.8,,11.2,,22.8,,,,,,,,13,,32,,0,,9.5,,100,,100,
-52.78333888888889,47.513355555555556,ST JOHNS WEST CLIMATE,8403603,8403603.2024.6.2,2024-06-02 00:00:00,NL,2024,6,2,9.8,,8.3,,11.3,,20.5,,,,,,,,10,,50,,0,,8.2,,100,,100,
-52.78333888888889,47.513355555555556,ST JOHNS WEST CLIMATE,8403603,8403603.2024.6.3,2024-06-03 00:00:00,NL,2024,6,3,9.6,,7.3,,11.9,,6,,,,,,,,10,,34,,0,,8.4,,100,,100,
-52.78333888888889,47.513355555555556,ST JOHNS WEST CLIMATE,8403603,8403603.2024.6.4,2024-06-04 00:00:00,NL,2024,6,4,8.5,,7,,10.1,,25.4,,,,,,,,9,,39,,0,,9.5,,100,,100,
-52.78333888888889,47.513355555555556,ST JOHNS WEST CLIMATE,8403603,8403603.2024.6.5,2024-06-05 00:00:00,NL,2024,6,5,8.8,,7,,10.7,,6.1,,,,,,,,14,,40,,0,,9.2,,100,,100,
-52.78333888888889,47.513355555555556,ST JOHNS WEST CLIMATE,8403603,8403603.2024.6.6,2024-06-06 00:00:00,NL,2024,6,6,10.4,,7.4,,13.4,,2.2,,,,,,,,16,,32,,0,,7.6,,87,,100,
-52.78333888888889,47.513355555555556,ST JOHNS WEST CLIMATE,8403603,8403603.2024.6.7,2024-06-07 00:00:00,NL,2024,6,7,12.5,,7.6,,17.3,,4.2,,,,,,,,,,,,0,,5.5,,70,,100,
-52.78333888888889,47.513355555555556,ST JOHNS WEST CLIMATE,8403603,8403603.2024.6.8,2024-06-08 00:00:00,NL,2024,6,8,12,,7.3,,16.8,,3,,,,,,,,34,,36,,0,,6,,69,,100,
-52.78333888888889,47.513355555555556,ST JOHNS WEST CLIMATE,8403603,8403603.2024.6.9,2024-06-09 00:00:00,NL,2024,6,9,12,,6.5,,17.5,,0,,,,,,,,25,,39,,0,,6,,60,,100,
-52.78333888888889,47.513355555555556,ST JOHNS WEST CLIMATE,8403603,8403603.2024.6.10,2024-06-10 00:00:00,NL,2024,6,10,,M,,M,,M,,M,,,,,,,,M,,M,,M,,M,,M,,M
-52.78333888888889,47.513355555555556,ST JOHNS WEST CLIMATE,8403603,8403603.2024.6.11,2024-06-11 00:00:00,NL,2024,6,11,15.3,,8.6,,22.1,,0,,,,,,,,23,,32,,0,,2.7,,49,,100,
-52.78333888888889,47.513355555555556,ST JOHNS WEST CLIMATE,8403603,8403603.2024.6.12,2024-06-12 00:00:00,NL,2024,6,12,17.1,,11.2,,23,,6.8,,,,,,,,15,,37,,0,,0.9,,47,,100,
-52.78333888888889,47.513355555555556,ST JOHNS WEST CLIMATE,8403603,8403603.2024.6.13,2024-06-13 00:00:00,NL,2024,6,13,13.8,,8.8,,18.8,,0.5,,,,,,,,23,,54,,0,,4.2,,68,,100,
-52.78333888888889,47.513355555555556,ST JOHNS WEST CLIMATE,8403603,8403603.2024.6.14,2024-06-14 00:00:00,NL,2024,6,14,16.1,,8.7,,23.5,,0,,,,,,,,26,,46,,0,,1.9,,48,,98,
-52.78333888888889,47.513355555555556,ST JOHNS WEST CLIMATE,8403603,8403603.2024.6.15,2024-06-15 00:00:00,NL,2024,6,15,16.8,,12.1,,21.6,,20.2,,,,,,,,22,,41,,0,,1.2,,72,,100,
-52.78333888888889,47.513355555555556,ST JOHNS WEST CLIMATE,8403603,8403603.2024.6.16,2024-06-16 00:00:00,NL,2024,6,16,13,,7,,18.9,,3,,,,,,,,4,,38,,0,,5,,76,,100,
-52.78333888888889,47.513355555555556,ST JOHNS WEST CLIMATE,8403603,8403603.2024.6.17,2024-06-17 00:00:00,NL,2024,6,17,12.5,,6.4,,18.6,,0,,,,,,,,,,,,0,,5.5,,41,,96,
-52.78333888888889,47.513355555555556,ST JOHNS WEST CLIMATE,8403603,8403603.2024.6.18,2024-06-18 00:00:00,NL,2024,6,18,17.8,,13.2,,22.4,,0,,,,,,,,23,,50,,0,,0.2,,32,,83,
-52.78333888888889,47.513355555555556,ST JOHNS WEST CLIMATE,8403603,8403603.2024.6.19,2024-06-19 00:00:00,NL,2024,6,19,17.9,,12.7,,23.1,,0,,,,,,,,29,,37,,0,,0.1,,60,,88,
-52.78333888888889,47.513355555555556,ST JOHNS WEST CLIMATE,8403603,8403603.2024.6.20,2024-06-20 00:00:00,NL,2024,6,20,24.4,,17.5,,31.3,,0,,,,,,,,24,,51,,6.4,,0,,55,,91,
-52.78333888888889,47.513355555555556,ST JOHNS WEST CLIMATE,8403603,8403603.2024.6.21,2024-06-21 00:00:00,NL,2024,6,21,16.7,,11.1,,22.4,,0,,,,,,,,,,,,0,,1.3,,52,,92,
-52.78333888888889,47.513355555555556,ST JOHNS WEST CLIMATE,8403603,8403603.2024.6.22,2024-06-22 00:00:00,NL,2024,6,22,16.8,,11,,22.7,,0,,,,,,,,25,,36,,0,,1.2,,31,,90,
-52.78333888888889,47.513355555555556,ST JOHNS WEST CLIMATE,8403603,8403603.2024.6.23,2024-06-23 00:00:00,NL,2024,6,23,18.6,,12.4,,24.8,,0,,,,,,,,24,,43,,0.6,,0,,35,,75,
-52.78333888888889,47.513355555555556,ST JOHNS WEST CLIMATE,8403603,8403603.2024.6.24,2024-06-24 00:00:00,NL,2024,6,24,14.1,,10.7,,17.6,,10.2,,,,,,,,25,,52,,0,,3.9,,91,,100,
-52.78333888888889,47.513355555555556,ST JOHNS WEST CLIMATE,8403603,8403603.2024.6.25,2024-06-25 00:00:00,NL,2024,6,25,11.5,,9.2,,13.9,,36.3,,,,,,,,,,,,0,,6.5,,98,,100,
-52.78333888888889,47.513355555555556,ST JOHNS WEST CLIMATE,8403603,8403603.2024.6.26,2024-06-26 00:00:00,NL,2024,6,26,14.6,,9.9,,19.3,,0.2,,,,,,,,,,,,0,,3.4,,87,,100,
-52.78333888888889,47.513355555555556,ST JOHNS WEST CLIMATE,8403603,8403603.2024.6.27,2024-06-27 00:00:00,NL,2024,6,27,18.3,,12.5,,24.1,,1.3,,,,,,,,24,,63,,0.3,,0,,59,,100,
-52.78333888888889,47.513355555555556,ST JOHNS WEST CLIMATE,8403603,8403603.2024.6.28,2024-06-28 00:00:00,NL,2024,6,28,14.4,,9.1,,19.6,,19.5,,,,,,,,18,,48,,0,,3.6,,94,,100,
-52.78333888888889,47.513355555555556,ST JOHNS WEST CLIMATE,8403603,8403603.2024.6.29,2024-06-29 00:00:00,NL,2024,6,29,12.1,,8.7,,15.6,,0,,,,,,,,35,,32,,0,,5.9,,56,,99,
-52.78333888888889,47.513355555555556,ST JOHNS WEST CLIMATE,8403603,8403603.2024.6.30,2024-06-30 00:00:00,NL,2024,6,30,13.7,,9.3,,18.2,,5.2,,,,,,,,21,,43,,0,,4.3,,59,,99,
-52.78333888888889,47.513355555555556,ST JOHNS WEST CLIMATE,8403603,8403603.2024.7.1,2024-07-01 00:00:00,NL,2024,7,1,17.9,,15.7,,20.2,,2.5,,,,,,,,22,,45,,0,,0.1,,89,,99,
-52.78333888888889,47.513355555555556,ST JOHNS WEST CLIMATE,8403603,8403603.2024.7.2,2024-07-02 00:00:00,NL,2024,7,2,14.5,,11.4,,17.5,,41.4,,,,,,,,4,,43,,0,,3.5,,97,,100,
-52.78333888888889,47.513355555555556,ST JOHNS WEST CLIMATE,8403603,8403603.2024.7.3,2024-07-03 00:00:00,NL,2024,7,3,12.1,,8,,16.1,,0,,,,,,,,4,,38,,0,,5.9,,80,,100,
-52.78333888888889,47.513355555555556,ST JOHNS WEST CLIMATE,8403603,8403603.2024.7.4,2024-07-04 00:00:00,NL,2024,7,4,13.4,,7.3,,19.5,,0,,,,,,,,,,,,0,,4.6,,68,,100,
-52.78333888888889,47.513355555555556,ST JOHNS WEST CLIMATE,8403603,8403603.2024.7.5,2024-07-05 00:00:00,NL,2024,7,5,18.9,,13.1,,24.7,,0.2,,,,,,,,25,,33,,0.9,,0,,68,,100,
-52.78333888888889,47.513355555555556,ST JOHNS WEST CLIMATE,8403603,8403603.2024.7.6,2024-07-06 00:00:00,NL,2024,7,6,19,,14.3,,23.8,,0,,,,,,,,24,,40,,1,,0,,54,,88,
-52.78333888888889,47.513355555555556,ST JOHNS WEST CLIMATE,8403603,8403603.2024.7.7,2024-07-07 00:00:00,NL,2024,7,7,17.2,,14.8,,19.5,,5.6,,,,,,,,24,,35,,0,,0.8,,86,,100,
-52.78333888888889,47.513355555555556,ST JOHNS WEST CLIMATE,8403603,8403603.2024.7.8,2024-07-08 00:00:00,NL,2024,7,8,21.2,,14.7,,27.6,,0,,,,,,,,,,,,3.2,,0,,33,,100,
-52.78333888888889,47.513355555555556,ST JOHNS WEST CLIMATE,8403603,8403603.2024.7.9,2024-07-09 00:00:00,NL,2024,7,9,20.9,,14.6,,27.2,,4.5,,,,,,,,21,,33,,2.9,,0,,48,,100,
-52.78333888888889,47.513355555555556,ST JOHNS WEST CLIMATE,8403603,8403603.2024.7.10,2024-07-10 00:00:00,NL,2024,7,10,21.2,,16.8,,25.6,,2.5,,,,,,,,24,,41,,3.2,,0,,69,,100,
-52.78333888888889,47.513355555555556,ST JOHNS WEST CLIMATE,8403603,8403603.2024.7.11,2024-07-11 00:00:00,NL,2024,7,11,18.1,,13.9,,22.3,,0,,,,,,,,28,,33,,0.1,,0,,72,,100,
-52.78333888888889,47.513355555555556,ST JOHNS WEST CLIMATE,8403603,8403603.2024.7.12,2024-07-12 00:00:00,NL,2024,7,12,15.3,,13,,17.6,,0,,,,,,,,,,,,0,,2.7,,87,,100,
-52.78333888888889,47.513355555555556,ST JOHNS WEST CLIMATE,8403603,8403603.2024.7.13,2024-07-13 00:00:00,NL,2024,7,13,22,,16.4,,27.6,,0,,,,,,,,26,,37,,4,,0,,35,,100,
-52.78333888888889,47.513355555555556,ST JOHNS WEST CLIMATE,8403603,8403603.2024.7.14,2024-07-14 00:00:00,NL,2024,7,14,14.5,,11.6,,17.3,,0,,,,,,,,11,,36,,0,,3.5,,59,,100,
-52.78333888888889,47.513355555555556,ST JOHNS WEST CLIMATE,8403603,8403603.2024.7.15,2024-07-15 00:00:00,NL,2024,7,15,17.7,,12.2,,23.3,,0,,,,,,,,,,,,0,,0.3,,74,,100,
-52.78333888888889,47.513355555555556,ST JOHNS WEST CLIMATE,8403603,8403603.2024.7.16,2024-07-16 00:00:00,NL,2024,7,16,21,,14.5,,27.5,,1.5,,,,,,,,25,,39,,3,,0,,51,,98,
-52.78333888888889,47.513355555555556,ST JOHNS WEST CLIMATE,8403603,8403603.2024.7.17,2024-07-17 00:00:00,NL,2024,7,17,20.3,,18,,22.7,,0.2,,,,,,,,24,,49,,2.3,,0,,82,,100,
-52.78333888888889,47.513355555555556,ST JOHNS WEST CLIMATE,8403603,8403603.2024.7.18,2024-07-18 00:00:00,NL,2024,7,18,23.4,,17.9,,28.9,,0,,,,,,,,23,,39,,5.4,,0,,58,,100,
-52.78333888888889,47.513355555555556,ST JOHNS WEST CLIMATE,8403603,8403603.2024.7.19,2024-07-19 00:00:00,NL,2024,7,19,20,,17.1,,22.8,,0.3,,,,,,,,22,,45,,2,,0,,82,,97,
-52.78333888888889,47.513355555555556,ST JOHNS WEST CLIMATE,8403603,8403603.2024.7.20,2024-07-20 00:00:00,NL,2024,7,20,20.1,,14.1,,26,,0,,,,,,,,,,,,2.1,,0,,51,,96,
-52.78333888888889,47.513355555555556,ST JOHNS WEST CLIMATE,8403603,8403603.2024.7.21,2024-07-21 00:00:00,NL,2024,7,21,20,,13.3,,26.7,,0,,,,,,,,22,,34,,2,,0,,43,,95,
-52.78333888888889,47.513355555555556,ST JOHNS WEST CLIMATE,8403603,8403603.2024.7.22,2024-07-22 00:00:00,NL,2024,7,22,18.9,,14.6,,23.3,,0,,,,,,,,29,,45,,0.9,,0,,42,,93,
-52.78333888888889,47.513355555555556,ST JOHNS WEST CLIMATE,8403603,8403603.2024.7.23,2024-07-23 00:00:00,NL,2024,7,23,18.6,,13.7,,23.4,,0,,,,,,,,24,,46,,0.6,,0,,45,,91,
-52.78333888888889,47.513355555555556,ST JOHNS WEST CLIMATE,8403603,8403603.2024.7.24,2024-07-24 00:00:00,NL,2024,7,24,17.2,,10.7,,23.8,,0,,,,,,,,,,,,0,,0.8,,44,,100,
-52.78333888888889,47.513355555555556,ST JOHNS WEST CLIMATE,8403603,8403603.2024.7.25,2024-07-25 00:00:00,NL,2024,7,25,17.3,,10.5,,24,,0.2,,,,,,,,,,,,0,,0.7,,30,,100,
-52.78333888888889,47.513355555555556,ST JOHNS WEST CLIMATE,8403603,8403603.2024.7.26,2024-07-26 00:00:00,NL,2024,7,26,15.1,,12.1,,18.1,,2.1,,,,,,,,,,,,0,,2.9,,88,,100,
-52.78333888888889,47.513355555555556,ST JOHNS WEST CLIMATE,8403603,8403603.2024.7.27,2024-07-27 00:00:00,NL,2024,7,27,14.2,,10.9,,17.5,,8.4,,,,,,,,,,,,0,,3.8,,69,,99,
-52.78333888888889,47.513355555555556,ST JOHNS WEST CLIMATE,8403603,8403603.2024.7.28,2024-07-28 00:00:00,NL,2024,7,28,17.2,,10.3,,24.1,,0,,,,,,,,29,,46,,0,,0.8,,46,,100,
-52.78333888888889,47.513355555555556,ST JOHNS WEST CLIMATE,8403603,8403603.2024.7.29,2024-07-29 00:00:00,NL,2024,7,29,24,,19.2,,28.8,,0,,,,,,,,24,,50,,6,,0,,41,,94,
-52.78333888888889,47.513355555555556,ST JOHNS WEST CLIMATE,8403603,8403603.2024.7.30,2024-07-30 00:00:00,NL,2024,7,30,,M,,M,,M,,M,,,,,,,,M,,M,,M,,M,,M,,M
-52.78333888888889,47.513355555555556,ST JOHNS WEST CLIMATE,8403603,8403603.2024.7.31,2024-07-31 00:00:00,NL,2024,7,31,,M,,M,,M,,M,,,,,,,,M,,M,,M,,M,,M,,M
-52.78333888888889,47.513355555555556,ST JOHNS WEST CLIMATE,8403603,8403603.2024.8.1,2024-08-01 00:00:00,NL,2024,8,1,24,,19,,29,,0,,,,,,,,25,,39,,6,,0,,52,,97,
-52.78333888888889,47.513355555555556,ST JOHNS WEST CLIMATE,8403603,8403603.2024.8.2,2024-08-02 00:00:00,NL,2024,8,2,18.2,,11.7,,24.7,,1.3,,,,,,,,24,,45,,0.2,,0,,82,,99,
-52.78333888888889,47.513355555555556,ST JOHNS WEST CLIMATE,8403603,8403603.2024.8.3,2024-08-03 00:00:00,NL,2024,8,3,18.4,,10.8,,26,,0,,,,,,,,28,,34,,0.4,,0,,51,,96,
-52.78333888888889,47.513355555555556,ST JOHNS WEST CLIMATE,8403603,8403603.2024.8.4,2024-08-04 00:00:00,NL,2024,8,4,18.8,,14.5,,23.1,,4.1,,,,,,,,25,,32,,0.8,,0,,84,,100,
-52.78333888888889,47.513355555555556,ST JOHNS WEST CLIMATE,8403603,8403603.2024.8.5,2024-08-05 00:00:00,NL,2024,8,5,21.8,,19.7,,23.9,,0,,,,,,,,25,,46,,3.8,,0,,82,,97,
-52.78333888888889,47.513355555555556,ST JOHNS WEST CLIMATE,8403603,8403603.2024.8.6,2024-08-06 00:00:00,NL,2024,8,6,19,,15.4,,22.5,,0.4,,,,,,,,21,,48,,1,,0,,83,,95,
-52.78333888888889,47.513355555555556,ST JOHNS WEST CLIMATE,8403603,8403603.2024.8.7,2024-08-07 00:00:00,NL,2024,8,7,18.1,,14.4,,21.7,,0,,,,,,,,22,,37,,0.1,,0,,50,,91,
-52.78333888888889,47.513355555555556,ST JOHNS WEST CLIMATE,8403603,8403603.2024.8.8,2024-08-08 00:00:00,NL,2024,8,8,18.4,,14,,22.9,,0,,,,,,,,26,,40,,0.4,,0,,40,,92,
-52.78333888888889,47.513355555555556,ST JOHNS WEST CLIMATE,8403603,8403603.2024.8.9,2024-08-09 00:00:00,NL,2024,8,9,18.7,,13.7,,23.7,,0,,,,,,,,29,,33,,0.7,,0,,41,,88,
-52.78333888888889,47.513355555555556,ST JOHNS WEST CLIMATE,8403603,8403603.2024.8.10,2024-08-10 00:00:00,NL,2024,8,10,19.1,,16,,22.3,,2.3,,,,,,,,23,,55,,1.1,,0,,78,,97,
-52.78333888888889,47.513355555555556,ST JOHNS WEST CLIMATE,8403603,8403603.2024.8.11,2024-08-11 00:00:00,NL,2024,8,11,19.8,,16.1,,23.4,,8.6,,,,,,,,24,,38,,1.8,,0,,75,,100,
-52.78333888888889,47.513355555555556,ST JOHNS WEST CLIMATE,8403603,8403603.2024.8.12,2024-08-12 00:00:00,NL,2024,8,12,20.9,,16.7,,25.1,,0,,,,,,,,22,,44,,2.9,,0,,61,,95,
-52.78333888888889,47.513355555555556,ST JOHNS WEST CLIMATE,8403603,8403603.2024.8.13,2024-08-13 00:00:00,NL,2024,8,13,17.2,,11.2,,23.2,,6,,,,,,,,6,,38,,0,,0.8,,57,,99,
-52.78333888888889,47.513355555555556,ST JOHNS WEST CLIMATE,8403603,8403603.2024.8.14,2024-08-14 00:00:00,NL,2024,8,14,,M,,M,,M,,M,,,,,,,,M,,M,,M,,M,,M,,M
-52.78333888888889,47.513355555555556,ST JOHNS WEST CLIMATE,8403603,8403603.2024.8.15,2024-08-15 00:00:00,NL,2024,8,15,12.3,,5,,19.7,,0,,,,,,,,,,,,0,,5.7,,62,,100,
-52.78333888888889,47.513355555555556,ST JOHNS WEST CLIMATE,8403603,8403603.2024.8.16,2024-08-16 00:00:00,NL,2024,8,16,16.8,,9.2,,24.3,,0,,,,,,,,,,,,0,,1.2,,53,,100,
-52.78333888888889,47.513355555555556,ST JOHNS WEST CLIMATE,8403603,8403603.2024.8.17,2024-08-17 00:00:00,NL,2024,8,17,18.4,,13.3,,23.5,,0,,,,,,,,,,,,0.4,,0,,63,,96,
-52.78333888888889,47.513355555555556,ST JOHNS WEST CLIMATE,8403603,8403603.2024.8.18,2024-08-18 00:00:00,NL,2024,8,18,20.6,,14.4,,26.7,,0,,,,,,,,28,,42,,2.6,,0,,46,,93,
-52.78333888888889,47.513355555555556,ST JOHNS WEST CLIMATE,8403603,8403603.2024.8.19,2024-08-19 00:00:00,NL,2024,8,19,18.1,,14.2,,21.9,,52.3,,,,,,,,11,,44,,0.1,,0,,92,,100,
-52.78333888888889,47.513355555555556,ST JOHNS WEST CLIMATE,8403603,8403603.2024.8.20,2024-08-20 00:00:00,NL,2024,8,20,22.7,,18.2,,27.1,,0,,,,,,,,24,,43,,4.7,,0,,72,,100,
-52.78333888888889,47.513355555555556,ST JOHNS WEST CLIMATE,8403603,8403603.2024.8.21,2024-08-21 00:00:00,NL,2024,8,21,18.9,,13.5,,24.3,,1.1,,,,,,,,24,,41,,0.9,,0,,88,,100,
-52.78333888888889,47.513355555555556,ST JOHNS WEST CLIMATE,8403603,8403603.2024.8.22,2024-08-22 00:00:00,NL,2024,8,22,13.2,,10,,16.4,,0.2,,,,,,,,,,,,0,,4.8,,75,,99,
-52.78333888888889,47.513355555555556,ST JOHNS WEST CLIMATE,8403603,8403603.2024.8.23,2024-08-23 00:00:00,NL,2024,8,23,13.8,,10.1,,17.6,,2.9,,,,,,,,13,,35,,0,,4.2,,79,,100,
-52.78333888888889,47.513355555555556,ST JOHNS WEST CLIMATE,8403603,8403603.2024.8.24,2024-08-24 00:00:00,NL,2024,8,24,18.7,,15.2,,22.2,,0,,,,,,,,25,,37,,0.7,,0,,54,,100,
-52.78333888888889,47.513355555555556,ST JOHNS WEST CLIMATE,8403603,8403603.2024.8.25,2024-08-25 00:00:00,NL,2024,8,25,20.3,,14.9,,25.7,,0,,,,,,,,31,,32,,2.3,,0,,51,,96,
-52.78333888888889,47.513355555555556,ST JOHNS WEST CLIMATE,8403603,8403603.2024.8.26,2024-08-26 00:00:00,NL,2024,8,26,20.8,,14.6,,27,,0,,,,,,,,,,,,2.8,,0,,45,,95,
-52.78333888888889,47.513355555555556,ST JOHNS WEST CLIMATE,8403603,8403603.2024.8.27,2024-08-27 00:00:00,NL,2024,8,27,17.7,,15.4,,20,,4.4,,,,,,,,25,,33,,0,,0.3,,65,,99,
-52.78333888888889,47.513355555555556,ST JOHNS WEST CLIMATE,8403603,8403603.2024.8.28,2024-08-28 00:00:00,NL,2024,8,28,19.8,,16.7,,22.9,,0.6,,,,,,,,22,,46,,1.8,,0,,63,,96,
-52.78333888888889,47.513355555555556,ST JOHNS WEST CLIMATE,8403603,8403603.2024.8.29,2024-08-29 00:00:00,NL,2024,8,29,13.9,,9.9,,17.8,,3.8,,,,,,,,34,,52,,0,,4.1,,71,,98,
-52.78333888888889,47.513355555555556,ST JOHNS WEST CLIMATE,8403603,8403603.2024.8.30,2024-08-30 00:00:00,NL,2024,8,30,14.9,,9.7,,20.2,,0,,,,,,,,29,,36,,0,,3.1,,49,,91,
-52.78333888888889,47.513355555555556,ST JOHNS WEST CLIMATE,8403603,8403603.2024.8.31,2024-08-31 00:00:00,NL,2024,8,31,16.6,,9.7,,23.4,,0,,,,,,,,24,,40,,0,,1.4,,45,,93,
-52.78333888888889,47.513355555555556,ST JOHNS WEST CLIMATE,8403603,8403603.2024.9.1,2024-09-01 00:00:00,NL,2024,9,1,17.3,,14.4,,20.1,,0,,,,,,,,23,,34,,0,,0.7,,70,,99,
-52.78333888888889,47.513355555555556,ST JOHNS WEST CLIMATE,8403603,8403603.2024.9.2,2024-09-02 00:00:00,NL,2024,9,2,20.4,,17.2,,23.7,,2.7,,,,,,,,23,,31,,2.4,,0,,81,,100,
-52.78333888888889,47.513355555555556,ST JOHNS WEST CLIMATE,8403603,8403603.2024.9.3,2024-09-03 00:00:00,NL,2024,9,3,16.1,,12.1,,20,,10.2,,,,,,,,25,,36,,0,,1.9,,90,,99,
-52.78333888888889,47.513355555555556,ST JOHNS WEST CLIMATE,8403603,8403603.2024.9.4,2024-09-04 00:00:00,NL,2024,9,4,14.2,,9.8,,18.7,,0,,,,,,,,24,,34,,0,,3.8,,51,,97,
-52.78333888888889,47.513355555555556,ST JOHNS WEST CLIMATE,8403603,8403603.2024.9.5,2024-09-05 00:00:00,NL,2024,9,5,14.8,,8.1,,21.5,,0,,,,,,,,,,,,0,,3.2,,44,,100,
-52.78333888888889,47.513355555555556,ST JOHNS WEST CLIMATE,8403603,8403603.2024.9.6,2024-09-06 00:00:00,NL,2024,9,6,18,,12.2,,23.8,,0,,,,,,,,,,,,0,,0,,47,,95,
-52.78333888888889,47.513355555555556,ST JOHNS WEST CLIMATE,8403603,8403603.2024.9.7,2024-09-07 00:00:00,NL,2024,9,7,17,,12.1,,21.9,,0,,,,,,,,,,,,0,,1,,45,,98,
-52.78333888888889,47.513355555555556,ST JOHNS WEST CLIMATE,8403603,8403603.2024.9.8,2024-09-08 00:00:00,NL,2024,9,8,18.5,,15.5,,21.5,,0,,,,,,,,,,,,0.5,,0,,88,,100,
-52.78333888888889,47.513355555555556,ST JOHNS WEST CLIMATE,8403603,8403603.2024.9.9,2024-09-09 00:00:00,NL,2024,9,9,18,,14.3,,21.6,,0.2,,,,,,,,16,,56,,0,,0,,72,,99,
-52.78333888888889,47.513355555555556,ST JOHNS WEST CLIMATE,8403603,8403603.2024.9.10,2024-09-10 00:00:00,NL,2024,9,10,16.4,,12.3,,20.4,,0,,,,,,,,21,,32,,0,,1.6,,67,,99,
-52.78333888888889,47.513355555555556,ST JOHNS WEST CLIMATE,8403603,8403603.2024.9.11,2024-09-11 00:00:00,NL,2024,9,11,16.7,,11,,22.4,,0,,,,,,,,23,,31,,0,,1.3,,45,,100,
-52.78333888888889,47.513355555555556,ST JOHNS WEST CLIMATE,8403603,8403603.2024.9.12,2024-09-12 00:00:00,NL,2024,9,12,13.9,,8.8,,18.9,,0,,,,,,,,28,,32,,0,,4.1,,51,,100,
-52.78333888888889,47.513355555555556,ST JOHNS WEST CLIMATE,8403603,8403603.2024.9.13,2024-09-13 00:00:00,NL,2024,9,13,13.9,,8.6,,19.1,,0.2,,,,,,,,,,,,0,,4.1,,39,,100,
-52.78333888888889,47.513355555555556,ST JOHNS WEST CLIMATE,8403603,8403603.2024.9.14,2024-09-14 00:00:00,NL,2024,9,14,,M,,M,,M,,M,,,,,,,,M,,M,,M,,M,,M,,M
-52.78333888888889,47.513355555555556,ST JOHNS WEST CLIMATE,8403603,8403603.2024.9.15,2024-09-15 00:00:00,NL,2024,9,15,8.6,,4.1,,13.1,,2.4,,,,,,,,36,,37,,0,,9.4,,59,,97,
-52.78333888888889,47.513355555555556,ST JOHNS WEST CLIMATE,8403603,8403603.2024.9.16,2024-09-16 00:00:00,NL,2024,9,16,11.9,,3.1,,20.6,,0,,,,,,,,25,,51,,0,,6.1,,47,,99,
-52.78333888888889,47.513355555555556,ST JOHNS WEST CLIMATE,8403603,8403603.2024.9.17,2024-09-17 00:00:00,NL,2024,9,17,19.6,,15.1,,24.1,,0.2,,,,,,,,28,,41,,1.6,,0,,54,,98,
-52.78333888888889,47.513355555555556,ST JOHNS WEST CLIMATE,8403603,8403603.2024.9.18,2024-09-18 00:00:00,NL,2024,9,18,16.9,,11.1,,22.7,,0,,,,,,,,29,,32,,0,,1.1,,69,,100,
-52.78333888888889,47.513355555555556,ST JOHNS WEST CLIMATE,8403603,8403603.2024.9.19,2024-09-19 00:00:00,NL,2024,9,19,11.9,,9.9,,13.8,,16.6,,,,,,,,,,,,0,,6.1,,93,,100,
-52.78333888888889,47.513355555555556,ST JOHNS WEST CLIMATE,8403603,8403603.2024.9.20,2024-09-20 00:00:00,NL,2024,9,20,11.1,,8.7,,13.4,,1.2,,,,,,,,36,,41,,0,,6.9,,74,,98,
-52.78333888888889,47.513355555555556,ST JOHNS WEST CLIMATE,8403603,8403603.2024.9.21,2024-09-21 00:00:00,NL,2024,9,21,9.8,,7.8,,11.9,,1.7,,,,,,,,1,,38,,0,,8.2,,76,,97,
-52.78333888888889,47.513355555555556,ST JOHNS WEST CLIMATE,8403603,8403603.2024.9.22,2024-09-22 00:00:00,NL,2024,9,22,10.1,,7.9,,12.3,,2,,,,,,,,35,,38,,0,,7.9,,76,,97,
-52.78333888888889,47.513355555555556,ST JOHNS WEST CLIMATE,8403603,8403603.2024.9.23,2024-09-23 00:00:00,NL,2024,9,23,11.1,,8.1,,14.1,,0.8,,,,,,,,30,,43,,0,,6.9,,67,,97,
-52.78333888888889,47.513355555555556,ST JOHNS WEST CLIMATE,8403603,8403603.2024.9.24,2024-09-24 00:00:00,NL,2024,9,24,10.9,,9.3,,12.5,,0.9,,,,,,,,3,,36,,0,,7.1,,80,,100,
-52.78333888888889,47.513355555555556,ST JOHNS WEST CLIMATE,8403603,8403603.2024.9.25,2024-09-25 00:00:00,NL,2024,9,25,10.8,,9,,12.6,,0.8,,,,,,,,7,,38,,0,,7.2,,76,,100,
-52.78333888888889,47.513355555555556,ST JOHNS WEST CLIMATE,8403603,8403603.2024.9.26,2024-09-26 00:00:00,NL,2024,9,26,10.3,,9.2,,11.4,,2.8,,,,,,,,,,,,0,,7.7,,97,,100,
-52.78333888888889,47.513355555555556,ST JOHNS WEST CLIMATE,8403603,8403603.2024.9.27,2024-09-27 00:00:00,NL,2024,9,27,10,,7.6,,12.4,,0.9,,,,,,,,,,,,0,,8,,82,,100,
-52.78333888888889,47.513355555555556,ST JOHNS WEST CLIMATE,8403603,8403603.2024.9.28,2024-09-28 00:00:00,NL,2024,9,28,11.4,,9.5,,13.2,,4.5,,,,,,,,7,,31,,0,,6.6,,94,,100,
-52.78333888888889,47.513355555555556,ST JOHNS WEST CLIMATE,8403603,8403603.2024.9.29,2024-09-29 00:00:00,NL,2024,9,29,,M,,M,,M,,M,,,,,,,,M,,M,,M,,M,,M,,M
-52.78333888888889,47.513355555555556,ST JOHNS WEST CLIMATE,8403603,8403603.2024.9.30,2024-09-30 00:00:00,NL,2024,9,30,,M,,M,,M,,M,,,,,,,,M,,M,,M,,M,,M,,M
-52.78333888888889,47.513355555555556,ST JOHNS WEST CLIMATE,8403603,8403603.2024.10.1,2024-10-01 00:00:00,NL,2024,10,1,10.6,,9.6,,11.6,,2.5,,,,,,,,36,,58,,0,,7.4,,88,,99,
-52.78333888888889,47.513355555555556,ST JOHNS WEST CLIMATE,8403603,8403603.2024.10.2,2024-10-02 00:00:00,NL,2024,10,2,9,,7.7,,10.3,,1.7,,,,,,,,1,,55,,0,,9,,79,,97,
-52.78333888888889,47.513355555555556,ST JOHNS WEST CLIMATE,8403603,8403603.2024.10.3,2024-10-03 00:00:00,NL,2024,10,3,9,,7.5,,10.5,,1.5,,,,,,,,31,,42,,0,,9,,80,,98,
-52.78333888888889,47.513355555555556,ST JOHNS WEST CLIMATE,8403603,8403603.2024.10.4,2024-10-04 00:00:00,NL,2024,10,4,10,,5.4,,14.7,,0,,,,,,,,,,,,0,,8,,54,,100,
-52.78333888888889,47.513355555555556,ST JOHNS WEST CLIMATE,8403603,8403603.2024.10.5,2024-10-05 00:00:00,NL,2024,10,5,13.2,,8.3,,18.1,,0,,,,,,,,,,,,0,,4.8,,58,,100,
-52.78333888888889,47.513355555555556,ST JOHNS WEST CLIMATE,8403603,8403603.2024.10.6,2024-10-06 00:00:00,NL,2024,10,6,9.6,,8.3,,10.9,,0,,,,,,,,3,,37,,0,,8.4,,81,,100,
-52.78333888888889,47.513355555555556,ST JOHNS WEST CLIMATE,8403603,8403603.2024.10.7,2024-10-07 00:00:00,NL,2024,10,7,8.8,,7.7,,9.9,,1.8,,,,,,,,5,,38,,0,,9.2,,71,,100,
-52.78333888888889,47.513355555555556,ST JOHNS WEST CLIMATE,8403603,8403603.2024.10.8,2024-10-08 00:00:00,NL,2024,10,8,8.9,,6.1,,11.7,,6.3,,,,,,,,,,,,0,,9.1,,77,,100,
-52.78333888888889,47.513355555555556,ST JOHNS WEST CLIMATE,8403603,8403603.2024.10.9,2024-10-09 00:00:00,NL,2024,10,9,9.5,,6.9,,12.2,,7.1,,,,,,,,15,,44,,0,,8.5,,82,,99,
-52.78333888888889,47.513355555555556,ST JOHNS WEST CLIMATE,8403603,8403603.2024.10.10,2024-10-10 00:00:00,NL,2024,10,10,10.2,,5.7,,14.7,,33.5,,,,,,,,14,,44,,0,,7.8,,89,,100,
-52.78333888888889,47.513355555555556,ST JOHNS WEST CLIMATE,8403603,8403603.2024.10.11,2024-10-11 00:00:00,NL,2024,10,11,8.9,,4.6,,13.3,,1.7,,,,,,,,23,,40,,0,,9.1,,63,,100,
-52.78333888888889,47.513355555555556,ST JOHNS WEST CLIMATE,8403603,8403603.2024.10.12,2024-10-12 00:00:00,NL,2024,10,12,10.1,,7.2,,13.1,,5.4,,,,,,,,23,,61,,0,,7.9,,67,,100,
-52.78333888888889,47.513355555555556,ST JOHNS WEST CLIMATE,8403603,8403603.2024.10.13,2024-10-13 00:00:00,NL,2024,10,13,9.7,,6.6,,12.8,,1.4,,,,,,,,29,,55,,0,,8.3,,65,,89,
-52.78333888888889,47.513355555555556,ST JOHNS WEST CLIMATE,8403603,8403603.2024.10.14,2024-10-14 00:00:00,NL,2024,10,14,9.3,,6.9,,11.6,,0,,,,,,,,28,,56,,0,,8.7,,64,,97,
-52.78333888888889,47.513355555555556,ST JOHNS WEST CLIMATE,8403603,8403603.2024.10.15,2024-10-15 00:00:00,NL,2024,10,15,13.8,,8.6,,18.9,,20.1,,,,,,,,20,,43,,0,,4.2,,89,,100,
-52.78333888888889,47.513355555555556,ST JOHNS WEST CLIMATE,8403603,8403603.2024.10.16,2024-10-16 00:00:00,NL,2024,10,16,9.7,,5.7,,13.7,,6.3,,,,,,,,23,,57,,0,,8.3,,49,,98,
-52.78333888888889,47.513355555555556,ST JOHNS WEST CLIMATE,8403603,8403603.2024.10.17,2024-10-17 00:00:00,NL,2024,10,17,8,,5.1,,10.8,,0.2,,,,,,,,29,,36,,0,,10,,60,,96,
-52.78333888888889,47.513355555555556,ST JOHNS WEST CLIMATE,8403603,8403603.2024.10.18,2024-10-18 00:00:00,NL,2024,10,18,7.2,,4.8,,9.7,,0,,,,,,,,32,,48,,0,,10.8,,53,,83,
-52.78333888888889,47.513355555555556,ST JOHNS WEST CLIMATE,8403603,8403603.2024.10.19,2024-10-19 00:00:00,NL,2024,10,19,7,,3.4,,10.6,,0,,,,,,,,30,,45,,0,,11,,43,,91,
-52.78333888888889,47.513355555555556,ST JOHNS WEST CLIMATE,8403603,8403603.2024.10.20,2024-10-20 00:00:00,NL,2024,10,20,12.9,,8.9,,16.9,,0,,,,,,,,27,,41,,0,,5.1,,50,,95,
-52.78333888888889,47.513355555555556,ST JOHNS WEST CLIMATE,8403603,8403603.2024.10.21,2024-10-21 00:00:00,NL,2024,10,21,11.4,,9.5,,13.3,,0.3,,,,,,,,23,,45,,0,,6.6,,80,,94,
-52.78333888888889,47.513355555555556,ST JOHNS WEST CLIMATE,8403603,8403603.2024.10.22,2024-10-22 00:00:00,NL,2024,10,22,5.1,,-0.2,,10.4,,0,,,,,,,,30,,48,,0,,12.9,,39,,92,
-52.78333888888889,47.513355555555556,ST JOHNS WEST CLIMATE,8403603,8403603.2024.10.23,2024-10-23 00:00:00,NL,2024,10,23,6,,-1.7,,13.7,,0,,,,,,,,22,,45,,0,,12,,45,,99,
-52.78333888888889,47.513355555555556,ST JOHNS WEST CLIMATE,8403603,8403603.2024.10.24,2024-10-24 00:00:00,NL,2024,10,24,14.4,,11.1,,17.6,,8,,,,,,,,20,,37,,0,,3.6,,90,,100,
-52.78333888888889,47.513355555555556,ST JOHNS WEST CLIMATE,8403603,8403603.2024.10.25,2024-10-25 00:00:00,NL,2024,10,25,14.6,,12.8,,16.4,,43.4,,,,,,,,15,,45,,0,,3.4,,96,,100,
-52.78333888888889,47.513355555555556,ST JOHNS WEST CLIMATE,8403603,8403603.2024.10.26,2024-10-26 00:00:00,NL,2024,10,26,10,,7,,12.9,,1.7,,,,,,,,29,,59,,0,,8,,75,,100,
-52.78333888888889,47.513355555555556,ST JOHNS WEST CLIMATE,8403603,8403603.2024.10.27,2024-10-27 00:00:00,NL,2024,10,27,7.1,,2.7,,11.5,,2.3,,,,,,,,24,,46,,0,,10.9,,63,,100,
-52.78333888888889,47.513355555555556,ST JOHNS WEST CLIMATE,8403603,8403603.2024.10.28,2024-10-28 00:00:00,NL,2024,10,28,4.5,,0.4,,8.5,,1.2,,,,,,,,22,,45,,0,,13.5,,62,,92,
-52.78333888888889,47.513355555555556,ST JOHNS WEST CLIMATE,8403603,8403603.2024.10.29,2024-10-29 00:00:00,NL,2024,10,29,1.7,,-1.9,,5.2,,1.1,,,,,,,,30,,32,,0,,16.3,,62,,96,
-52.78333888888889,47.513355555555556,ST JOHNS WEST CLIMATE,8403603,8403603.2024.10.30,2024-10-30 00:00:00,NL,2024,10,30,1,,-2.4,,4.4,,0.4,,,,,,,,,,,,0,,17,,61,,95,
-52.78333888888889,47.513355555555556,ST JOHNS WEST CLIMATE,8403603,8403603.2024.10.31,2024-10-31 00:00:00,NL,2024,10,31,4.5,,-1.9,,10.9,,3.9,,,,,,,,,,,,0,,13.5,,81,,100,
-52.78333888888889,47.513355555555556,ST JOHNS WEST CLIMATE,8403603,8403603.2024.11.1,2024-11-01 00:00:00,NL,2024,11,1,11.7,,8.1,,15.3,,7.8,,,,,,3,,32,,47,,0,,6.3,,91,,100,
-52.78333888888889,47.513355555555556,ST JOHNS WEST CLIMATE,8403603,8403603.2024.11.2,2024-11-02 00:00:00,NL,2024,11,2,5.3,,2.4,,8.1,,0.4,,,,,,2,,33,,47,,0,,12.7,,63,,96,
-52.78333888888889,47.513355555555556,ST JOHNS WEST CLIMATE,8403603,8403603.2024.11.3,2024-11-03 00:00:00,NL,2024,11,3,2.6,,0,,5.2,,0,,,,,,4,,,,,,0,,15.4,,48,,85,
-52.78333888888889,47.513355555555556,ST JOHNS WEST CLIMATE,8403603,8403603.2024.11.4,2024-11-04 00:00:00,NL,2024,11,4,1.1,,0,,2.3,,0,,,,,,2,,30,,41,,0,,16.9,,56,,83,
-52.78333888888889,47.513355555555556,ST JOHNS WEST CLIMATE,8403603,8403603.2024.11.5,2024-11-05 00:00:00,NL,2024,11,5,1,,-1.9,,3.8,,0.5,,,,,,2,,30,,42,,0,,17,,57,,98,
-52.78333888888889,47.513355555555556,ST JOHNS WEST CLIMATE,8403603,8403603.2024.11.6,2024-11-06 00:00:00,NL,2024,11,6,6.6,,3.1,,10.2,,16,,,,,,2,,36,,46,,0,,11.4,,91,,100,
-52.78333888888889,47.513355555555556,ST JOHNS WEST CLIMATE,8403603,8403603.2024.11.7,2024-11-07 00:00:00,NL,2024,11,7,3.6,,0.5,,6.7,,0,,,,,,3,,28,,34,,0,,14.4,,66,,94,
-52.78333888888889,47.513355555555556,ST JOHNS WEST CLIMATE,8403603,8403603.2024.11.8,2024-11-08 00:00:00,NL,2024,11,8,4.4,,2.4,,6.4,,0,,,,,,2,,27,,39,,0,,13.6,,52,,96,
-52.78333888888889,47.513355555555556,ST JOHNS WEST CLIMATE,8403603,8403603.2024.11.9,2024-11-09 00:00:00,NL,2024,11,9,5.3,,2.4,,8.1,,3.2,,,,,,4,,34,,69,,0,,12.7,,83,,97,
-52.78333888888889,47.513355555555556,ST JOHNS WEST CLIMATE,8403603,8403603.2024.11.10,2024-11-10 00:00:00,NL,2024,11,10,2,,1.4,,2.6,,1.1,,,,,,2,,32,,71,,0,,16,,48,,86,
-52.78333888888889,47.513355555555556,ST JOHNS WEST CLIMATE,8403603,8403603.2024.11.11,2024-11-11 00:00:00,NL,2024,11,11,4.6,,1.5,,7.7,,0.9,,,,,,2,,17,,38,,0,,13.4,,65,,98,
-52.78333888888889,47.513355555555556,ST JOHNS WEST CLIMATE,8403603,8403603.2024.11.12,2024-11-12 00:00:00,NL,2024,11,12,,M,,M,,M,,M,,,,,2,,,M,,M,,M,,M,,M,,M
-52.78333888888889,47.513355555555556,ST JOHNS WEST CLIMATE,8403603,8403603.2024.11.13,2024-11-13 00:00:00,NL,2024,11,13,7.1,,2.6,,11.6,,37.4,,,,,,,,1,,69,,0,,10.9,,93,,100,
-52.78333888888889,47.513355555555556,ST JOHNS WEST CLIMATE,8403603,8403603.2024.11.14,2024-11-14 00:00:00,NL,2024,11,14,7.8,,3.3,,12.4,,38.9,,,,,,,,10,,59,,0,,10.2,,99,,100,
-52.78333888888889,47.513355555555556,ST JOHNS WEST CLIMATE,8403603,8403603.2024.11.15,2024-11-15 00:00:00,NL,2024,11,15,10.2,,8.9,,11.4,,9.7,,,,,,,,13,,61,,0,,7.8,,100,,100,
-52.78333888888889,47.513355555555556,ST JOHNS WEST CLIMATE,8403603,8403603.2024.11.16,2024-11-16 00:00:00,NL,2024,11,16,11,,9,,12.9,,0.2,,,,,,,,,,,,0,,7,,96,,100,
-52.78333888888889,47.513355555555556,ST JOHNS WEST CLIMATE,8403603,8403603.2024.11.17,2024-11-17 00:00:00,NL,2024,11,17,11.2,,9.2,,13.3,,2.5,,,,,,,,,,,,0,,6.8,,100,,100,
-52.78333888888889,47.513355555555556,ST JOHNS WEST CLIMATE,8403603,8403603.2024.11.18,2024-11-18 00:00:00,NL,2024,11,18,10,,8.3,,11.7,,10.5,,,,,,,,9,,38,,0,,8,,100,,100,
-52.78333888888889,47.513355555555556,ST JOHNS WEST CLIMATE,8403603,8403603.2024.11.19,2024-11-19 00:00:00,NL,2024,11,19,9.4,,7.7,,11.1,,3.8,,,,,,,,11,,46,,0,,8.6,,100,,100,
-52.78333888888889,47.513355555555556,ST JOHNS WEST CLIMATE,8403603,8403603.2024.11.20,2024-11-20 00:00:00,NL,2024,11,20,8.9,,6.9,,10.9,,48.6,,,,,,,,6,,36,,0,,9.1,,100,,100,
-52.78333888888889,47.513355555555556,ST JOHNS WEST CLIMATE,8403603,8403603.2024.11.21,2024-11-21 00:00:00,NL,2024,11,21,7,,5.6,,8.5,,7.9,,,,,,,,1,,54,,0,,11,,99,,100,
-52.78333888888889,47.513355555555556,ST JOHNS WEST CLIMATE,8403603,8403603.2024.11.22,2024-11-22 00:00:00,NL,2024,11,22,4.6,,3.6,,5.6,,25.6,,,,,,,,4,,65,,0,,13.4,,91,,100,
-52.78333888888889,47.513355555555556,ST JOHNS WEST CLIMATE,8403603,8403603.2024.11.23,2024-11-23 00:00:00,NL,2024,11,23,6.5,,4.5,,8.5,,33.8,,,,,,,,9,,55,,0,,11.5,,87,,100,
-52.78333888888889,47.513355555555556,ST JOHNS WEST CLIMATE,8403603,8403603.2024.11.24,2024-11-24 00:00:00,NL,2024,11,24,6.9,,4.5,,9.2,,11.9,,,,,,,,27,,32,,0,,11.1,,94,,100,
-52.78333888888889,47.513355555555556,ST JOHNS WEST CLIMATE,8403603,8403603.2024.11.25,2024-11-25 00:00:00,NL,2024,11,25,5.7,,3.6,,7.7,,1.2,,,,,,,,,,,,0,,12.3,,90,,100,
-52.78333888888889,47.513355555555556,ST JOHNS WEST CLIMATE,8403603,8403603.2024.11.26,2024-11-26 00:00:00,NL,2024,11,26,4.5,,3.3,,5.7,,3.1,,,,,,0,,33,,40,,0,,13.5,,96,,100,
-52.78333888888889,47.513355555555556,ST JOHNS WEST CLIMATE,8403603,8403603.2024.11.27,2024-11-27 00:00:00,NL,2024,11,27,2.5,,1.3,,3.6,,0.4,,,,,,,,,,,,0,,15.5,,83,,100,
-52.78333888888889,47.513355555555556,ST JOHNS WEST CLIMATE,8403603,8403603.2024.11.28,2024-11-28 00:00:00,NL,2024,11,28,2.4,,1.3,,3.6,,0.6,,,,,,,,,,,,0,,15.6,,89,,100,
-52.78333888888889,47.513355555555556,ST JOHNS WEST CLIMATE,8403603,8403603.2024.11.29,2024-11-29 00:00:00,NL,2024,11,29,4.9,,2.3,,7.6,,13.5,,,,,,,,10,,54,,0,,13.1,,85,,100,
-52.78333888888889,47.513355555555556,ST JOHNS WEST CLIMATE,8403603,8403603.2024.11.30,2024-11-30 00:00:00,NL,2024,11,30,3.9,,2.7,,5.2,,3,,,,,,,,25,,45,,0,,14.1,,83,,100,
-52.78333888888889,47.513355555555556,ST JOHNS WEST CLIMATE,8403603,8403603.2024.12.1,2024-12-01 00:00:00,NL,2024,12,1,2,,-0.9,,4.8,,2.8,,,,,,,,27,,41,,0,,16,,69,,100,
-52.78333888888889,47.513355555555556,ST JOHNS WEST CLIMATE,8403603,8403603.2024.12.2,2024-12-02 00:00:00,NL,2024,12,2,2.7,,-0.7,,6.1,,2.9,,,,,,0,,20,,38,,0,,15.3,,75,,100,
-52.78333888888889,47.513355555555556,ST JOHNS WEST CLIMATE,8403603,8403603.2024.12.3,2024-12-03 00:00:00,NL,2024,12,3,-0.1,,-2.7,,2.5,,1.3,,,,,,,,,,,,0,,18.1,,75,,98,
-52.78333888888889,47.513355555555556,ST JOHNS WEST CLIMATE,8403603,8403603.2024.12.4,2024-12-04 00:00:00,NL,2024,12,4,,M,,M,,M,,M,,,,,,,,M,,M,,M,,M,,M,,M
-52.78333888888889,47.513355555555556,ST JOHNS WEST CLIMATE,8403603,8403603.2024.12.5,2024-12-05 00:00:00,NL,2024,12,5,-1.4,,-8.2,,5.4,,0,,,,,,,,15,,66,,0,,19.4,,65,,92,
-52.78333888888889,47.513355555555556,ST JOHNS WEST CLIMATE,8403603,8403603.2024.12.6,2024-12-06 00:00:00,NL,2024,12,6,4.8,,0.2,,9.4,,39.7,,,,,,,,14,,91,,0,,13.2,,74,,99,
-52.78333888888889,47.513355555555556,ST JOHNS WEST CLIMATE,8403603,8403603.2024.12.7,2024-12-07 00:00:00,NL,2024,12,7,-0.6,,-3.3,,2.1,,0.5,,,,,,,,23,,31,,0,,18.6,,69,,92,
-52.78333888888889,47.513355555555556,ST JOHNS WEST CLIMATE,8403603,8403603.2024.12.8,2024-12-08 00:00:00,NL,2024,12,8,-1.3,,-5.8,,3.1,,0.3,,,,,,,,13,,49,,0,,19.3,,44,,88,
-52.78333888888889,47.513355555555556,ST JOHNS WEST CLIMATE,8403603,8403603.2024.12.9,2024-12-09 00:00:00,NL,2024,12,9,2.9,,-1.1,,6.9,,28.6,,,,,,,,13,,81,,0,,15.1,,62,,99,
-52.78333888888889,47.513355555555556,ST JOHNS WEST CLIMATE,8403603,8403603.2024.12.10,2024-12-10 00:00:00,NL,2024,12,10,-2.3,,-5,,0.4,,0,,,,,,,,26,,40,,0,,20.3,,57,,93,
-52.78333888888889,47.513355555555556,ST JOHNS WEST CLIMATE,8403603,8403603.2024.12.11,2024-12-11 00:00:00,NL,2024,12,11,3.2,,-2.1,,8.5,,1.6,,,,,,,,12,,39,,0,,14.8,,85,,100,
-52.78333888888889,47.513355555555556,ST JOHNS WEST CLIMATE,8403603,8403603.2024.12.12,2024-12-12 00:00:00,NL,2024,12,12,11.9,,8.5,,15.3,,1.6,,,,,,,,23,,55,,0,,6.1,,93,,100,
-52.78333888888889,47.513355555555556,ST JOHNS WEST CLIMATE,8403603,8403603.2024.12.13,2024-12-13 00:00:00,NL,2024,12,13,,M,,M,,M,,M,,,,,,,,M,,M,,M,,M,,M,,M
-52.78333888888889,47.513355555555556,ST JOHNS WEST CLIMATE,8403603,8403603.2024.12.14,2024-12-14 00:00:00,NL,2024,12,14,-0.5,,-1.9,,1,,0,,,,,,0,,28,,41,,0,,18.5,,50,,78,
-52.78333888888889,47.513355555555556,ST JOHNS WEST CLIMATE,8403603,8403603.2024.12.15,2024-12-15 00:00:00,NL,2024,12,15,-2.6,,-3.9,,-1.4,,0,,,,,,0,,31,,39,,0,,20.6,,54,,81,
-52.78333888888889,47.513355555555556,ST JOHNS WEST CLIMATE,8403603,8403603.2024.12.16,2024-12-16 00:00:00,NL,2024,12,16,0.4,,-2.4,,3.1,,0,,,,,,1,,29,,33,,0,,17.6,,51,,85,
-52.78333888888889,47.513355555555556,ST JOHNS WEST CLIMATE,8403603,8403603.2024.12.17,2024-12-17 00:00:00,NL,2024,12,17,3.7,,-0.5,,7.9,,0,,,,,,1,,18,,44,,0,,14.3,,62,,96,
-52.78333888888889,47.513355555555556,ST JOHNS WEST CLIMATE,8403603,8403603.2024.12.18,2024-12-18 00:00:00,NL,2024,12,18,6.2,,2.5,,9.9,,8,,,,,,,,18,,53,,0,,11.8,,82,,97,
-52.78333888888889,47.513355555555556,ST JOHNS WEST CLIMATE,8403603,8403603.2024.12.19,2024-12-19 00:00:00,NL,2024,12,19,6.7,,1.4,,11.9,,4.8,,,,,,,,23,,62,,0,,11.3,,76,,100,
-52.78333888888889,47.513355555555556,ST JOHNS WEST CLIMATE,8403603,8403603.2024.12.20,2024-12-20 00:00:00,NL,2024,12,20,1.2,,-1,,3.4,,0,,,,,,0,,8,,37,,0,,16.8,,75,,94,
-52.78333888888889,47.513355555555556,ST JOHNS WEST CLIMATE,8403603,8403603.2024.12.21,2024-12-21 00:00:00,NL,2024,12,21,6.1,,0.5,,11.8,,21.3,,,,,,1,,20,,70,,0,,11.9,,80,,100,
-52.78333888888889,47.513355555555556,ST JOHNS WEST CLIMATE,8403603,8403603.2024.12.22,2024-12-22 00:00:00,NL,2024,12,22,-0.3,,-3.2,,2.5,,0,,,,,,,,22,,65,,0,,18.3,,61,,96,
-52.78333888888889,47.513355555555556,ST JOHNS WEST CLIMATE,8403603,8403603.2024.12.23,2024-12-23 00:00:00,NL,2024,12,23,-4,,-6.1,,-1.8,,2.1,,,,,,1,,30,,38,,0,,22,,67,,92,
-52.78333888888889,47.513355555555556,ST JOHNS WEST CLIMATE,8403603,8403603.2024.12.24,2024-12-24 00:00:00,NL,2024,12,24,-8.5,,-11.1,,-6,,0,,,,,,3,,,,,,0,,26.5,,67,,94,
-52.78333888888889,47.513355555555556,ST JOHNS WEST CLIMATE,8403603,8403603.2024.12.25,2024-12-25 00:00:00,NL,2024,12,25,-5.5,,-12.1,,1,,0,,,,,,2,,,,,,0,,23.5,,63,,99,
-52.78333888888889,47.513355555555556,ST JOHNS WEST CLIMATE,8403603,8403603.2024.12.26,2024-12-26 00:00:00,NL,2024,12,26,1.4,,0.2,,2.7,,53,,,,,,7,,3,,48,,0,,16.6,,87,,100,
-52.78333888888889,47.513355555555556,ST JOHNS WEST CLIMATE,8403603,8403603.2024.12.27,2024-12-27 00:00:00,NL,2024,12,27,1.7,,0.5,,2.9,,5.2,,,,,,1,,4,,41,,0,,16.3,,98,,100,
-52.78333888888889,47.513355555555556,ST JOHNS WEST CLIMATE,8403603,8403603.2024.12.28,2024-12-28 00:00:00,NL,2024,12,28,-0.2,,-1.4,,1,,0.2,,,,,,0,,,,,,0,,18.2,,97,,100,
-52.78333888888889,47.513355555555556,ST JOHNS WEST CLIMATE,8403603,8403603.2024.12.29,2024-12-29 00:00:00,NL,2024,12,29,-1.4,,-1.9,,-0.9,,0.9,,,,,,1,,,,,,0,,19.4,,87,,100,
-52.78333888888889,47.513355555555556,ST JOHNS WEST CLIMATE,8403603,8403603.2024.12.30,2024-12-30 00:00:00,NL,2024,12,30,-0.4,,-1.6,,0.8,,0.2,,,,,,1,,,,,,0,,18.4,,89,,100,
-52.78333888888889,47.513355555555556,ST JOHNS WEST CLIMATE,8403603,8403603.2024.12.31,2024-12-31 00:00:00,NL,2024,12,31,1.3,,-0.9,,3.5,,0.2,,,,,,1,,,,,,0,,16.7,,96,,100,
-52.78333888888889,47.513355555555556,ST JOHNS WEST CLIMATE,8403603,8403603.2025.1.1,2025-01-01 00:00:00,NL,2025,1,1,3.2,,1.7,,4.7,,0.5,,,,,,1,,11,,40,,0,,14.8,,99,,100,
-52.78333888888889,47.513355555555556,ST JOHNS WEST CLIMATE,8403603,8403603.2025.1.2,2025-01-02 00:00:00,NL,2025,1,2,4.4,,2.8,,6,,34,,,,,,1,,10,,58,,0,,13.6,,96,,100,
-52.78333888888889,47.513355555555556,ST JOHNS WEST CLIMATE,8403603,8403603.2025.1.3,2025-01-03 00:00:00,NL,2025,1,3,2,,-1.6,,5.5,,0,,,,,,0,,,,,,0,,16,,74,,100,
-52.78333888888889,47.513355555555556,ST JOHNS WEST CLIMATE,8403603,8403603.2025.1.4,2025-01-04 00:00:00,NL,2025,1,4,1.3,,-2.5,,5.1,,1.2,,,,,,0,,4,,71,,0,,16.7,,57,,100,
-52.78333888888889,47.513355555555556,ST JOHNS WEST CLIMATE,8403603,8403603.2025.1.5,2025-01-05 00:00:00,NL,2025,1,5,3.7,,1.9,,5.6,,18.2,,,,,,,,5,,83,,0,,14.3,,94,,100,
-52.78333888888889,47.513355555555556,ST JOHNS WEST CLIMATE,8403603,8403603.2025.1.6,2025-01-06 00:00:00,NL,2025,1,6,1.8,,1.2,,2.4,,2.5,,,,,,1,,16,,47,,0,,16.2,,97,,100,
-52.78333888888889,47.513355555555556,ST JOHNS WEST CLIMATE,8403603,8403603.2025.1.7,2025-01-07 00:00:00,NL,2025,1,7,1.2,,-1.7,,4.1,,0.7,,,,,,1,,,,,,0,,16.8,,90,,100,
-52.78333888888889,47.513355555555556,ST JOHNS WEST CLIMATE,8403603,8403603.2025.1.8,2025-01-08 00:00:00,NL,2025,1,8,-0.4,,-1.9,,1.1,,0.4,,,,,,0,,24,,33,,0,,18.4,,90,,100,
-52.78333888888889,47.513355555555556,ST JOHNS WEST CLIMATE,8403603,8403603.2025.1.9,2025-01-09 00:00:00,NL,2025,1,9,0.3,,-1.5,,2.1,,0.2,,,,,,0,,25,,43,,0,,17.7,,74,,96,
-52.78333888888889,47.513355555555556,ST JOHNS WEST CLIMATE,8403603,8403603.2025.1.10,2025-01-10 00:00:00,NL,2025,1,10,0.6,,-0.7,,1.8,,3.9,,,,,,1,,3,,31,,0,,17.4,,94,,100,
-52.78333888888889,47.513355555555556,ST JOHNS WEST CLIMATE,8403603,8403603.2025.1.11,2025-01-11 00:00:00,NL,2025,1,11,0.8,,0,,1.7,,1.8,,,,,,0,,29,,35,,0,,17.2,,93,,99,
-52.78333888888889,47.513355555555556,ST JOHNS WEST CLIMATE,8403603,8403603.2025.1.12,2025-01-12 00:00:00,NL,2025,1,12,-0.5,,-1.8,,0.7,,0.8,,,,,,1,,34,,35,,0,,18.5,,79,,97,
-52.78333888888889,47.513355555555556,ST JOHNS WEST CLIMATE,8403603,8403603.2025.1.13,2025-01-13 00:00:00,NL,2025,1,13,-0.5,,-1.2,,0.3,,3.1,,,,,,0,,34,,48,,0,,18.5,,87,,95,
-52.78333888888889,47.513355555555556,ST JOHNS WEST CLIMATE,8403603,8403603.2025.1.14,2025-01-14 00:00:00,NL,2025,1,14,-2.4,,-3.9,,-0.9,,0.3,,,,,,3,,,,,,0,,20.4,,77,,97,
-52.78333888888889,47.513355555555556,ST JOHNS WEST CLIMATE,8403603,8403603.2025.1.15,2025-01-15 00:00:00,NL,2025,1,15,-1.7,,-3.4,,0,,0.9,,,,,,3,,35,,31,,0,,19.7,,74,,99,
-52.78333888888889,47.513355555555556,ST JOHNS WEST CLIMATE,8403603,8403603.2025.1.16,2025-01-16 00:00:00,NL,2025,1,16,-0.6,,-1.8,,0.6,,2.6,,,,,,4,,35,,48,,0,,18.6,,85,,98,
-52.78333888888889,47.513355555555556,ST JOHNS WEST CLIMATE,8403603,8403603.2025.1.17,2025-01-17 00:00:00,NL,2025,1,17,-2.2,,-3.1,,-1.3,,0.2,,,,,,5,,33,,36,,0,,20.2,,81,,94,
-52.78333888888889,47.513355555555556,ST JOHNS WEST CLIMATE,8403603,8403603.2025.1.18,2025-01-18 00:00:00,NL,2025,1,18,-4.6,,-8,,-1.2,,0,,,,,,5,,,,,,0,,22.6,,73,,97,
-52.78333888888889,47.513355555555556,ST JOHNS WEST CLIMATE,8403603,8403603.2025.1.19,2025-01-19 00:00:00,NL,2025,1,19,0.3,,-2.8,,3.4,,0.3,,,,,,5,,15,,52,,0,,17.7,,82,,98,
-52.78333888888889,47.513355555555556,ST JOHNS WEST CLIMATE,8403603,8403603.2025.1.20,2025-01-20 00:00:00,NL,2025,1,20,4.9,,-0.5,,10.2,,11.6,,,,,,,,25,,65,,0,,13.1,,79,,100,
-52.78333888888889,47.513355555555556,ST JOHNS WEST CLIMATE,8403603,8403603.2025.1.21,2025-01-21 00:00:00,NL,2025,1,21,-5.1,,-9.7,,-0.5,,2.3,,,,,,,,24,,64,,0,,23.1,,47,,89,
-52.78333888888889,47.513355555555556,ST JOHNS WEST CLIMATE,8403603,8403603.2025.1.22,2025-01-22 00:00:00,NL,2025,1,22,-10.2,,-12.6,,-7.9,,1.9,,,,,,3,,32,,45,,0,,28.2,,51,,92,
-52.78333888888889,47.513355555555556,ST JOHNS WEST CLIMATE,8403603,8403603.2025.1.23,2025-01-23 00:00:00,NL,2025,1,23,-9.9,,-13,,-6.9,,0,,,,,,5,,30,,45,,0,,27.9,,49,,84,
-52.78333888888889,47.513355555555556,ST JOHNS WEST CLIMATE,8403603,8403603.2025.1.24,2025-01-24 00:00:00,NL,2025,1,24,-5.5,,-9.4,,-1.6,,2.4,,,,,,3,,23,,45,,0,,23.5,,66,,96,
-52.78333888888889,47.513355555555556,ST JOHNS WEST CLIMATE,8403603,8403603.2025.1.25,2025-01-25 00:00:00,NL,2025,1,25,-6.3,,-8.6,,-4.1,,0,,,,,,9,,29,,55,,0,,24.3,,58,,85,
-52.78333888888889,47.513355555555556,ST JOHNS WEST CLIMATE,8403603,8403603.2025.1.26,2025-01-26 00:00:00,NL,2025,1,26,-5.2,,-8.2,,-2.2,,0,,,,,,8,,28,,34,,0,,23.2,,66,,94,
-52.78333888888889,47.513355555555556,ST JOHNS WEST CLIMATE,8403603,8403603.2025.1.27,2025-01-27 00:00:00,NL,2025,1,27,-6.1,,-11.8,,-0.3,,3.4,,,,,,9,,26,,37,,0,,24.1,,68,,98,
-52.78333888888889,47.513355555555556,ST JOHNS WEST CLIMATE,8403603,8403603.2025.1.28,2025-01-28 00:00:00,NL,2025,1,28,-2.6,,-11.6,,6.5,,11.7,,,,,,11,,23,,73,,0,,20.6,,77,,99,
-52.78333888888889,47.513355555555556,ST JOHNS WEST CLIMATE,8403603,8403603.2025.1.29,2025-01-29 00:00:00,NL,2025,1,29,-2.4,,-4.7,,-0.1,,5.3,,,,,,0,,23,,59,,0,,20.4,,49,,100,
-52.78333888888889,47.513355555555556,ST JOHNS WEST CLIMATE,8403603,8403603.2025.1.30,2025-01-30 00:00:00,NL,2025,1,30,-3.9,,-10.7,,2.8,,4.2,,,,,,10,,28,,52,,0,,21.9,,64,,100,
-52.78333888888889,47.513355555555556,ST JOHNS WEST CLIMATE,8403603,8403603.2025.1.31,2025-01-31 00:00:00,NL,2025,1,31,-5.4,,-10.7,,0,,0.6,,,,,,9,,28,,71,,0,,23.4,,55,,96,
-52.78333888888889,47.513355555555556,ST JOHNS WEST CLIMATE,8403603,8403603.2025.2.1,2025-02-01 00:00:00,NL,2025,2,1,-4.2,,-8.4,,0.1,,2.8,,,,,,12,,31,,32,,0,,22.2,,65,,96,
-52.78333888888889,47.513355555555556,ST JOHNS WEST CLIMATE,8403603,8403603.2025.2.2,2025-02-02 00:00:00,NL,2025,2,2,-9.1,,-10.5,,-7.6,,0,,,,,,13,,29,,53,,0,,27.1,,56,,80,
-52.78333888888889,47.513355555555556,ST JOHNS WEST CLIMATE,8403603,8403603.2025.2.3,2025-02-03 00:00:00,NL,2025,2,3,-6,,-9.6,,-2.4,,1,,,,,,11,,27,,41,,0,,24,,63,,97,
-52.78333888888889,47.513355555555556,ST JOHNS WEST CLIMATE,8403603,8403603.2025.2.4,2025-02-04 00:00:00,NL,2025,2,4,-1,,-5.9,,4,,8.8,,,,,,11,,23,,57,,0,,19,,69,,100,
-52.78333888888889,47.513355555555556,ST JOHNS WEST CLIMATE,8403603,8403603.2025.2.5,2025-02-05 00:00:00,NL,2025,2,5,-8.9,,-12.6,,-5.2,,0.2,,,,,,11,,30,,50,,0,,26.9,,59,,86,
-52.78333888888889,47.513355555555556,ST JOHNS WEST CLIMATE,8403603,8403603.2025.2.6,2025-02-06 00:00:00,NL,2025,2,6,-8.9,,-12.6,,-5.1,,0.2,,,,,,10,,29,,43,,0,,26.9,,56,,87,
-52.78333888888889,47.513355555555556,ST JOHNS WEST CLIMATE,8403603,8403603.2025.2.7,2025-02-07 00:00:00,NL,2025,2,7,-0.5,,-6,,5.1,,5.2,,,,,,10,,15,,69,,0,,18.5,,81,,98,
-52.78333888888889,47.513355555555556,ST JOHNS WEST CLIMATE,8403603,8403603.2025.2.8,2025-02-08 00:00:00,NL,2025,2,8,-3.1,,-6,,-0.3,,0.2,,,,,,11,,25,,51,,0,,21.1,,58,,97,
-52.78333888888889,47.513355555555556,ST JOHNS WEST CLIMATE,8403603,8403603.2025.2.9,2025-02-09 00:00:00,NL,2025,2,9,-5,,-7.2,,-2.9,,9.6,,,,,,11,,3,,72,,0,,23,,63,,99,
-52.78333888888889,47.513355555555556,ST JOHNS WEST CLIMATE,8403603,8403603.2025.2.10,2025-02-10 00:00:00,NL,2025,2,10,-7,,-10.5,,-3.4,,6,,,,,,19,,1,,83,,0,,25,,61,,98,
-52.78333888888889,47.513355555555556,ST JOHNS WEST CLIMATE,8403603,8403603.2025.2.11,2025-02-11 00:00:00,NL,2025,2,11,-9.2,,-10.8,,-7.6,,0,,,,,,14,,29,,54,,0,,27.2,,57,,75,
-52.78333888888889,47.513355555555556,ST JOHNS WEST CLIMATE,8403603,8403603.2025.2.12,2025-02-12 00:00:00,NL,2025,2,12,-8.5,,-10.6,,-6.4,,0,,,,,,13,,29,,53,,0,,26.5,,37,,66,
-52.78333888888889,47.513355555555556,ST JOHNS WEST CLIMATE,8403603,8403603.2025.2.13,2025-02-13 00:00:00,NL,2025,2,13,-7.8,,-10.6,,-5,,0,,,,,,13,,30,,49,,0,,25.8,,47,,79,
-52.78333888888889,47.513355555555556,ST JOHNS WEST CLIMATE,8403603,8403603.2025.2.14,2025-02-14 00:00:00,NL,2025,2,14,-2.3,,-6.5,,1.9,,7.6,,,,,,12,,28,,74,,0,,20.3,,65,,96,
-52.78333888888889,47.513355555555556,ST JOHNS WEST CLIMATE,8403603,8403603.2025.2.15,2025-02-15 00:00:00,NL,2025,2,15,-5.1,,-7.8,,-2.4,,1.6,,,,,,19,,27,,75,,0,,23.1,,66,,89,
-52.78333888888889,47.513355555555556,ST JOHNS WEST CLIMATE,8403603,8403603.2025.2.16,2025-02-16 00:00:00,NL,2025,2,16,-0.8,,-3.3,,1.7,,0,,,,,,19,,27,,60,,0,,18.8,,65,,83,
-52.78333888888889,47.513355555555556,ST JOHNS WEST CLIMATE,8403603,8403603.2025.2.17,2025-02-17 00:00:00,NL,2025,2,17,-1.2,,-3.8,,1.3,,6.3,,,,,,20,,23,,51,,0,,19.2,,80,,100,
-52.78333888888889,47.513355555555556,ST JOHNS WEST CLIMATE,8403603,8403603.2025.2.18,2025-02-18 00:00:00,NL,2025,2,18,-2.5,,-5.5,,0.5,,2.1,,,,,,24,,24,,54,,0,,20.5,,61,,100,
-52.78333888888889,47.513355555555556,ST JOHNS WEST CLIMATE,8403603,8403603.2025.2.19,2025-02-19 00:00:00,NL,2025,2,19,0.3,,-2,,2.5,,2.3,,,,,,27,,30,,41,,0,,17.7,,74,,98,
-52.78333888888889,47.513355555555556,ST JOHNS WEST CLIMATE,8403603,8403603.2025.2.20,2025-02-20 00:00:00,NL,2025,2,20,-3,,-6.3,,0.3,,0,,,,,,25,,26,,41,,0,,21,,67,,94,
-52.78333888888889,47.513355555555556,ST JOHNS WEST CLIMATE,8403603,8403603.2025.2.21,2025-02-21 00:00:00,NL,2025,2,21,-4.3,,-7.1,,-1.5,,7.2,,,,,,25,,3,,65,,0,,22.3,,87,,99,
-52.78333888888889,47.513355555555556,ST JOHNS WEST CLIMATE,8403603,8403603.2025.2.22,2025-02-22 00:00:00,NL,2025,2,22,-8.2,,-14.1,,-2.4,,0.2,,,,,,31,,33,,48,,0,,26.2,,65,,93,
-52.78333888888889,47.513355555555556,ST JOHNS WEST CLIMATE,8403603,8403603.2025.2.23,2025-02-23 00:00:00,NL,2025,2,23,-8.8,,-15.2,,-2.3,,0,,,,,,31,,26,,39,,0,,26.8,,62,,94,
-52.78333888888889,47.513355555555556,ST JOHNS WEST CLIMATE,8403603,8403603.2025.2.24,2025-02-24 00:00:00,NL,2025,2,24,-3.3,,-7.5,,0.9,,0,,,,,,30,,,,,,0,,21.3,,58,,100,
-52.78333888888889,47.513355555555556,ST JOHNS WEST CLIMATE,8403603,8403603.2025.2.25,2025-02-25 00:00:00,NL,2025,2,25,-0.3,,-3.5,,2.9,,0.2,,,,,,30,,22,,49,,0,,18.3,,70,,100,
-52.78333888888889,47.513355555555556,ST JOHNS WEST CLIMATE,8403603,8403603.2025.2.26,2025-02-26 00:00:00,NL,2025,2,26,4,,0.7,,7.3,,35.6,,,,,,28,,25,,75,,0,,14,,89,,100,
-52.78333888888889,47.513355555555556,ST JOHNS WEST CLIMATE,8403603,8403603.2025.2.27,2025-02-27 00:00:00,NL,2025,2,27,-1.5,,-4.5,,1.4,,0,,,,,,16,,26,,52,,0,,19.5,,46,,88,
-52.78333888888889,47.513355555555556,ST JOHNS WEST CLIMATE,8403603,8403603.2025.2.28,2025-02-28 00:00:00,NL,2025,2,28,3.1,,-1,,7.1,,6.9,,,,,,15,,18,,60,,0,,14.9,,83,,100,
-52.78333888888889,47.513355555555556,ST JOHNS WEST CLIMATE,8403603,8403603.2025.3.1,2025-03-01 00:00:00,NL,2025,3,1,-1.6,,-4.4,,1.2,,0,,,,,,3,,24,,49,,0,,19.6,,51,,98,
-52.78333888888889,47.513355555555556,ST JOHNS WEST CLIMATE,8403603,8403603.2025.3.2,2025-03-02 00:00:00,NL,2025,3,2,3.9,,-0.4,,8.2,,3.5,,,,,,0,,25,,53,,0,,14.1,,87,,100,
-52.78333888888889,47.513355555555556,ST JOHNS WEST CLIMATE,8403603,8403603.2025.3.3,2025-03-03 00:00:00,NL,2025,3,3,-3.2,,-6,,-0.4,,0,,,,,,0,,24,,52,,0,,21.2,,59,,82,
-52.78333888888889,47.513355555555556,ST JOHNS WEST CLIMATE,8403603,8403603.2025.3.4,2025-03-04 00:00:00,NL,2025,3,4,-6.9,,-8.2,,-5.7,,0,,,,,,,,28,,44,,0,,24.9,,49,,89,
-52.78333888888889,47.513355555555556,ST JOHNS WEST CLIMATE,8403603,8403603.2025.3.5,2025-03-05 00:00:00,NL,2025,3,5,-2.4,,-6.8,,1.9,,0.3,,,,,,0,,23,,47,,0,,20.4,,70,,90,
-52.78333888888889,47.513355555555556,ST JOHNS WEST CLIMATE,8403603,8403603.2025.3.6,2025-03-06 00:00:00,NL,2025,3,6,-0.1,,-5,,4.7,,0.4,,,,,,,,16,,32,,0,,18.1,,74,,100,
-52.78333888888889,47.513355555555556,ST JOHNS WEST CLIMATE,8403603,8403603.2025.3.7,2025-03-07 00:00:00,NL,2025,3,7,4.7,,1.4,,7.9,,31.5,,,,,,0,,23,,69,,0,,13.3,,94,,100,
-52.78333888888889,47.513355555555556,ST JOHNS WEST CLIMATE,8403603,8403603.2025.3.8,2025-03-08 00:00:00,NL,2025,3,8,-0.1,,-1.7,,1.4,,1.9,,,,,,0,,21,,71,,0,,18.1,,67,,96,
-52.78333888888889,47.513355555555556,ST JOHNS WEST CLIMATE,8403603,8403603.2025.3.9,2025-03-09 00:00:00,NL,2025,3,9,-0.5,,-4.6,,3.6,,4.4,,,,,,7,,22,,33,,0,,18.5,,59,,100,
-52.78333888888889,47.513355555555556,ST JOHNS WEST CLIMATE,8403603,8403603.2025.3.10,2025-03-10 00:00:00,NL,2025,3,10,-2.7,,-5,,-0.4,,0,,,,,,2,,28,,40,,0,,20.7,,51,,90,
-52.78333888888889,47.513355555555556,ST JOHNS WEST CLIMATE,8403603,8403603.2025.3.11,2025-03-11 00:00:00,NL,2025,3,11,-3.8,,-6.2,,-1.4,,0,,,,,,1,,26,,39,,0,,21.8,,45,,78,
-52.78333888888889,47.513355555555556,ST JOHNS WEST CLIMATE,8403603,8403603.2025.3.12,2025-03-12 00:00:00,NL,2025,3,12,-0.6,,-6.3,,5.1,,0,,,,,,,,20,,43,,0,,18.6,,51,,96,
-52.78333888888889,47.513355555555556,ST JOHNS WEST CLIMATE,8403603,8403603.2025.3.13,2025-03-13 00:00:00,NL,2025,3,13,-2.2,,-6,,1.6,,2.8,,,,,,0,,2,,35,,0,,20.2,,83,,100,
-52.78333888888889,47.513355555555556,ST JOHNS WEST CLIMATE,8403603,8403603.2025.3.14,2025-03-14 00:00:00,NL,2025,3,14,-3.5,,-6.9,,-0.2,,0.2,,,,,,12,,25,,44,,0,,21.5,,44,,84,
-52.78333888888889,47.513355555555556,ST JOHNS WEST CLIMATE,8403603,8403603.2025.3.15,2025-03-15 00:00:00,NL,2025,3,15,-3.9,,-7.3,,-0.6,,0,,,,,,10,,29,,51,,0,,21.9,,41,,86,
-52.78333888888889,47.513355555555556,ST JOHNS WEST CLIMATE,8403603,8403603.2025.3.16,2025-03-16 00:00:00,NL,2025,3,16,-3.4,,-6.9,,0.1,,1.4,,,,,,9,,,,,,0,,21.4,,73,,100,
-52.78333888888889,47.513355555555556,ST JOHNS WEST CLIMATE,8403603,8403603.2025.3.17,2025-03-17 00:00:00,NL,2025,3,17,6.2,,-0.3,,12.8,,3.4,,,,,,8,,25,,60,,0,,11.8,,87,,100,
-52.78333888888889,47.513355555555556,ST JOHNS WEST CLIMATE,8403603,8403603.2025.3.18,2025-03-18 00:00:00,NL,2025,3,18,12.5,,8.4,,16.5,,0,,,,,,,,25,,54,,0,,5.5,,72,,99,
-52.78333888888889,47.513355555555556,ST JOHNS WEST CLIMATE,8403603,8403603.2025.3.19,2025-03-19 00:00:00,NL,2025,3,19,4.2,,-1.4,,9.9,,1,,,,,,0,,1,,32,,0,,13.8,,88,,100,
-52.78333888888889,47.513355555555556,ST JOHNS WEST CLIMATE,8403603,8403603.2025.3.20,2025-03-20 00:00:00,NL,2025,3,20,1.8,,-1.3,,4.9,,0,,,,,,,,12,,37,,0,,16.2,,82,,100,
-52.78333888888889,47.513355555555556,ST JOHNS WEST CLIMATE,8403603,8403603.2025.3.21,2025-03-21 00:00:00,NL,2025,3,21,8.1,,1.9,,14.3,,1.6,,,,,,0,,14,,34,,0,,9.9,,86,,100,
-52.78333888888889,47.513355555555556,ST JOHNS WEST CLIMATE,8403603,8403603.2025.3.22,2025-03-22 00:00:00,NL,2025,3,22,7,,1.3,,12.6,,12.6,,,,,,,,25,,60,,0,,11,,94,,100,
-52.78333888888889,47.513355555555556,ST JOHNS WEST CLIMATE,8403603,8403603.2025.3.23,2025-03-23 00:00:00,NL,2025,3,23,5.8,,1,,10.5,,0,,,,,,,,26,,66,,0,,12.2,,46,,97,
-52.78333888888889,47.513355555555556,ST JOHNS WEST CLIMATE,8403603,8403603.2025.3.24,2025-03-24 00:00:00,NL,2025,3,24,0.3,,-3.8,,4.4,,0,,,,,,,,29,,43,,0,,17.7,,45,,100,
-52.78333888888889,47.513355555555556,ST JOHNS WEST CLIMATE,8403603,8403603.2025.3.25,2025-03-25 00:00:00,NL,2025,3,25,2.3,,-3.9,,8.5,,11.1,,,,,,,,20,,55,,0,,15.7,,84,,99,
-52.78333888888889,47.513355555555556,ST JOHNS WEST CLIMATE,8403603,8403603.2025.3.26,2025-03-26 00:00:00,NL,2025,3,26,3.8,,-0.3,,7.9,,0,,,,,,0,,28,,35,,0,,14.2,,62,,100,
-52.78333888888889,47.513355555555556,ST JOHNS WEST CLIMATE,8403603,8403603.2025.3.27,2025-03-27 00:00:00,NL,2025,3,27,4.4,,-0.2,,9,,1.2,,,,,,,,25,,57,,0,,13.6,,84,,100,
-52.78333888888889,47.513355555555556,ST JOHNS WEST CLIMATE,8403603,8403603.2025.3.28,2025-03-28 00:00:00,NL,2025,3,28,0,,-1.4,,1.5,,,M,,,,,,,28,,39,,0,,18,,73,,100,
-52.78333888888889,47.513355555555556,ST JOHNS WEST CLIMATE,8403603,8403603.2025.3.29,2025-03-29 00:00:00,NL,2025,3,29,-1.8,,-3.4,,-0.1,,2.2,,,,,,5,,,,,,0,,19.8,,85,,100,
-52.78333888888889,47.513355555555556,ST JOHNS WEST CLIMATE,8403603,8403603.2025.3.30,2025-03-30 00:00:00,NL,2025,3,30,,M,,M,,M,,M,,,,,3,,,M,,M,,M,,M,,M,,M
-52.78333888888889,47.513355555555556,ST JOHNS WEST CLIMATE,8403603,8403603.2025.3.31,2025-03-31 00:00:00,NL,2025,3,31,1.5,,-2.1,,5.2,,4,,,,,,,,22,,31,,0,,16.5,,48,,100,
-52.78333888888889,47.513355555555556,ST JOHNS WEST CLIMATE,8403603,8403603.2025.4.1,2025-04-01 00:00:00,NL,2025,4,1,9,,4.5,,13.4,,5.5,,,,,,,,24,,67,,0,,9,,91,,100,
-52.78333888888889,47.513355555555556,ST JOHNS WEST CLIMATE,8403603,8403603.2025.4.2,2025-04-02 00:00:00,NL,2025,4,2,0.2,,-4.1,,4.5,,0,,,,,,,,30,,58,,0,,17.8,,47,,92,
-52.78333888888889,47.513355555555556,ST JOHNS WEST CLIMATE,8403603,8403603.2025.4.3,2025-04-03 00:00:00,NL,2025,4,3,-1,,-3.7,,1.7,,0,,,,,,,,28,,42,,0,,19,,37,,85,
-52.78333888888889,47.513355555555556,ST JOHNS WEST CLIMATE,8403603,8403603.2025.4.4,2025-04-04 00:00:00,NL,2025,4,4,-2.8,,-3.8,,-1.7,,5.9,,,,,,7,,5,,49,,0,,20.8,,69,,97,
-52.78333888888889,47.513355555555556,ST JOHNS WEST CLIMATE,8403603,8403603.2025.4.5,2025-04-05 00:00:00,NL,2025,4,5,-1.6,,-3.9,,0.8,,0,,,,,,12,,1,,52,,0,,19.6,,64,,91,
-52.78333888888889,47.513355555555556,ST JOHNS WEST CLIMATE,8403603,8403603.2025.4.6,2025-04-06 00:00:00,NL,2025,4,6,-1.1,,-3.9,,1.7,,3.4,,,,,,8,,15,,37,,0,,19.1,,56,,97,
-52.78333888888889,47.513355555555556,ST JOHNS WEST CLIMATE,8403603,8403603.2025.4.7,2025-04-07 00:00:00,NL,2025,4,7,1.8,,-2.1,,5.6,,1,,,,,,9,,14,,37,,0,,16.2,,67,,99,
-52.78333888888889,47.513355555555556,ST JOHNS WEST CLIMATE,8403603,8403603.2025.4.8,2025-04-08 00:00:00,NL,2025,4,8,-0.8,,-2.3,,0.7,,2.4,,,,,,4,,,,,,0,,18.8,,63,,100,
-52.78333888888889,47.513355555555556,ST JOHNS WEST CLIMATE,8403603,8403603.2025.4.9,2025-04-09 00:00:00,NL,2025,4,9,,M,,M,,M,,M,,,,,5,,,M,,M,,M,,M,,M,,M
-52.78333888888889,47.513355555555556,ST JOHNS WEST CLIMATE,8403603,8403603.2025.4.10,2025-04-10 00:00:00,NL,2025,4,10,2.4,,-1.4,,6.2,,0,,,,,,,,24,,58,,0,,15.6,,47,,88,
-52.78333888888889,47.513355555555556,ST JOHNS WEST CLIMATE,8403603,8403603.2025.4.11,2025-04-11 00:00:00,NL,2025,4,11,3.5,,-2.9,,9.8,,0,,,,,,,,24,,45,,0,,14.5,,29,,92,
-52.78333888888889,47.513355555555556,ST JOHNS WEST CLIMATE,8403603,8403603.2025.4.12,2025-04-12 00:00:00,NL,2025,4,12,4.3,,-2.5,,11,,0,,,,,,0,,,,,,0,,13.7,,24,,96,
-52.78333888888889,47.513355555555556,ST JOHNS WEST CLIMATE,8403603,8403603.2025.4.13,2025-04-13 00:00:00,NL,2025,4,13,5.3,,0.8,,9.9,,5.8,,,,,,1,,15,,33,,0,,12.7,,22,,100,
-52.78333888888889,47.513355555555556,ST JOHNS WEST CLIMATE,8403603,8403603.2025.4.14,2025-04-14 00:00:00,NL,2025,4,14,6.6,,1.7,,11.5,,24.4,,,,,,0,,15,,50,,0,,11.4,,99,,100,
-52.78333888888889,47.513355555555556,ST JOHNS WEST CLIMATE,8403603,8403603.2025.4.15,2025-04-15 00:00:00,NL,2025,4,15,3.2,,1,,5.4,,2.4,,,,,,,,18,,31,,0,,14.8,,86,,100,
-52.78333888888889,47.513355555555556,ST JOHNS WEST CLIMATE,8403603,8403603.2025.4.16,2025-04-16 00:00:00,NL,2025,4,16,6,,0.1,,12,,0.3,,,,,,0,,17,,43,,0,,12,,69,,100,
-52.78333888888889,47.513355555555556,ST JOHNS WEST CLIMATE,8403603,8403603.2025.4.17,2025-04-17 00:00:00,NL,2025,4,17,6,,0.5,,11.4,,0,,,,,,0,,22,,61,,0,,12,,41,,100,
-52.78333888888889,47.513355555555556,ST JOHNS WEST CLIMATE,8403603,8403603.2025.4.18,2025-04-18 00:00:00,NL,2025,4,18,5,,0.1,,9.9,,0,,,,,,1,,24,,38,,0,,13,,58,,95,
-52.78333888888889,47.513355555555556,ST JOHNS WEST CLIMATE,8403603,8403603.2025.4.19,2025-04-19 00:00:00,NL,2025,4,19,6.3,,-0.3,,13,,4.7,,,,,,1,,25,,51,,0,,11.7,,43,,100,
-52.78333888888889,47.513355555555556,ST JOHNS WEST CLIMATE,8403603,8403603.2025.4.20,2025-04-20 00:00:00,NL,2025,4,20,4.8,,1.1,,8.5,,7.1,,,,,,0,,24,,54,,0,,13.2,,92,,100,
-52.78333888888889,47.513355555555556,ST JOHNS WEST CLIMATE,8403603,8403603.2025.4.21,2025-04-21 00:00:00,NL,2025,4,21,2.5,,0.5,,4.4,,7.2,,,,,,1,,32,,62,,0,,15.5,,77,,98,
-52.78333888888889,47.513355555555556,ST JOHNS WEST CLIMATE,8403603,8403603.2025.4.22,2025-04-22 00:00:00,NL,2025,4,22,1.4,,-0.5,,3.2,,2.7,,,,,,,,33,,71,,0,,16.6,,84,,98,
-52.78333888888889,47.513355555555556,ST JOHNS WEST CLIMATE,8403603,8403603.2025.4.23,2025-04-23 00:00:00,NL,2025,4,23,3.6,,-0.9,,8.1,,0,,,,,,0,,,,,,0,,14.4,,61,,97,
-52.78333888888889,47.513355555555556,ST JOHNS WEST CLIMATE,8403603,8403603.2025.4.24,2025-04-24 00:00:00,NL,2025,4,24,-0.6,,-2.7,,1.4,,6,,,,,,1,,4,,34,,0,,18.6,,90,,100,
-52.78333888888889,47.513355555555556,ST JOHNS WEST CLIMATE,8403603,8403603.2025.4.25,2025-04-25 00:00:00,NL,2025,4,25,1.8,,-2.7,,6.3,,0,,,,,,2,,,,,,0,,16.2,,74,,94,
-52.78333888888889,47.513355555555556,ST JOHNS WEST CLIMATE,8403603,8403603.2025.4.26,2025-04-26 00:00:00,NL,2025,4,26,3.4,,-0.9,,7.7,,0,,,,,,,,,,,,0,,14.6,,61,,99,
-52.78333888888889,47.513355555555556,ST JOHNS WEST CLIMATE,8403603,8403603.2025.4.27,2025-04-27 00:00:00,NL,2025,4,27,5.8,,0.1,,11.6,,26,,,,,,1,,20,,58,,0,,12.2,,95,,100,
-52.78333888888889,47.513355555555556,ST JOHNS WEST CLIMATE,8403603,8403603.2025.4.28,2025-04-28 00:00:00,NL,2025,4,28,5.4,,-0.7,,11.6,,11.2,,,,,,0,,3,,53,,0,,12.6,,92,,100,
-52.78333888888889,47.513355555555556,ST JOHNS WEST CLIMATE,8403603,8403603.2025.4.29,2025-04-29 00:00:00,NL,2025,4,29,1.2,,-0.6,,2.9,,0,,,,,,0,,5,,42,,0,,16.8,,79,,100,
-52.78333888888889,47.513355555555556,ST JOHNS WEST CLIMATE,8403603,8403603.2025.4.30,2025-04-30 00:00:00,NL,2025,4,30,6.9,,0.8,,13.1,,2.9,,,,,,0,,17,,40,,0,,11.1,,37,,100,
-52.78333888888889,47.513355555555556,ST JOHNS WEST CLIMATE,8403603,8403603.2025.5.1,2025-05-01 00:00:00,NL,2025,5,1,,M,,M,,M,,M,,,,,,,,M,,M,,M,,M,,M,,M
-52.78333888888889,47.513355555555556,ST JOHNS WEST CLIMATE,8403603,8403603.2025.5.2,2025-05-02 00:00:00,NL,2025,5,2,3.2,,-0.1,,6.4,,0.2,,,,,,,,31,,54,,0,,14.8,,63,,97,
-52.78333888888889,47.513355555555556,ST JOHNS WEST CLIMATE,8403603,8403603.2025.5.3,2025-05-03 00:00:00,NL,2025,5,3,5.8,,0.4,,11.1,,0.5,,,,,,,,23,,33,,0,,12.2,,51,,98,
-52.78333888888889,47.513355555555556,ST JOHNS WEST CLIMATE,8403603,8403603.2025.5.4,2025-05-04 00:00:00,NL,2025,5,4,9.7,,5.9,,13.5,,2.5,,,,,,,,25,,31,,0,,8.3,,82,,99,
-52.78333888888889,47.513355555555556,ST JOHNS WEST CLIMATE,8403603,8403603.2025.5.5,2025-05-05 00:00:00,NL,2025,5,5,5.2,,-1.5,,12,,0.6,,,,,,,,32,,62,,0,,12.8,,31,,96,
-52.78333888888889,47.513355555555556,ST JOHNS WEST CLIMATE,8403603,8403603.2025.5.6,2025-05-06 00:00:00,NL,2025,5,6,5.3,,-2.1,,12.6,,0,,,,,,,,27,,58,,0,,12.7,,33,,90,
-52.78333888888889,47.513355555555556,ST JOHNS WEST CLIMATE,8403603,8403603.2025.5.7,2025-05-07 00:00:00,NL,2025,5,7,11.9,,6.3,,17.6,,0,,,,,,,,29,,47,,0,,6.1,,22,,99,
-52.78333888888889,47.513355555555556,ST JOHNS WEST CLIMATE,8403603,8403603.2025.5.8,2025-05-08 00:00:00,NL,2025,5,8,11.6,,3.4,,19.7,,14.2,,,,,,,,23,,44,,0,,6.4,,74,,100,
-52.78333888888889,47.513355555555556,ST JOHNS WEST CLIMATE,8403603,8403603.2025.5.9,2025-05-09 00:00:00,NL,2025,5,9,,M,,M,,M,,M,,,,,,,,M,,M,,M,,M,,M,,M
-52.78333888888889,47.513355555555556,ST JOHNS WEST CLIMATE,8403603,8403603.2025.5.10,2025-05-10 00:00:00,NL,2025,5,10,5,,2.1,,7.9,,4.2,,,,,,,,,,,,0,,13,,88,,100,
-52.78333888888889,47.513355555555556,ST JOHNS WEST CLIMATE,8403603,8403603.2025.5.11,2025-05-11 00:00:00,NL,2025,5,11,7.4,,2.4,,12.4,,0.5,,,,,,,,25,,59,,0,,10.6,,78,,100,
-52.78333888888889,47.513355555555556,ST JOHNS WEST CLIMATE,8403603,8403603.2025.5.12,2025-05-12 00:00:00,NL,2025,5,12,0.8,,-2,,3.6,,1.5,,,,,,,,29,,51,,0,,17.2,,76,,94,
-52.78333888888889,47.513355555555556,ST JOHNS WEST CLIMATE,8403603,8403603.2025.5.13,2025-05-13 00:00:00,NL,2025,5,13,1.6,,-1.5,,4.7,,0.2,,,,,,,,36,,34,,0,,16.4,,63,,94,
-52.78333888888889,47.513355555555556,ST JOHNS WEST CLIMATE,8403603,8403603.2025.5.14,2025-05-14 00:00:00,NL,2025,5,14,4.4,,-0.7,,9.5,,0.4,,,,,,,,32,,49,,0,,13.6,,34,,97,
-52.78333888888889,47.513355555555556,ST JOHNS WEST CLIMATE,8403603,8403603.2025.5.15,2025-05-15 00:00:00,NL,2025,5,15,7.3,,1.8,,12.7,,0,,,,,,,,36,,34,,0,,10.7,,60,,94,
-52.78333888888889,47.513355555555556,ST JOHNS WEST CLIMATE,8403603,8403603.2025.5.16,2025-05-16 00:00:00,NL,2025,5,16,4.9,,-3.4,,13.2,,0,,,,,,,,2,,44,,0,,13.1,,36,,86,
-52.78333888888889,47.513355555555556,ST JOHNS WEST CLIMATE,8403603,8403603.2025.5.17,2025-05-17 00:00:00,NL,2025,5,17,3.9,,-2.7,,10.6,,0,,,,,,,,,,,,0,,14.1,,38,,89,
-52.78333888888889,47.513355555555556,ST JOHNS WEST CLIMATE,8403603,8403603.2025.5.18,2025-05-18 00:00:00,NL,2025,5,18,6.8,,0.3,,13.3,,0,,,,,,,,,,,,0,,11.2,,39,,95,
-52.78333888888889,47.513355555555556,ST JOHNS WEST CLIMATE,8403603,8403603.2025.5.19,2025-05-19 00:00:00,NL,2025,5,19,4.5,,1.9,,7.1,,3.2,,,,,,,,,,,,0,,13.5,,76,,100,
-52.78333888888889,47.513355555555556,ST JOHNS WEST CLIMATE,8403603,8403603.2025.5.20,2025-05-20 00:00:00,NL,2025,5,20,3.9,,1.5,,6.2,,0,,,,,,,,34,,34,,0,,14.1,,84,,100,
-52.78333888888889,47.513355555555556,ST JOHNS WEST CLIMATE,8403603,8403603.2025.5.21,2025-05-21 00:00:00,NL,2025,5,21,4.5,,2.1,,6.9,,0.2,,,,,,,,36,,38,,0,,13.5,,84,,100,
-52.78333888888889,47.513355555555556,ST JOHNS WEST CLIMATE,8403603,8403603.2025.5.22,2025-05-22 00:00:00,NL,2025,5,22,3.4,,1.3,,5.4,,0.2,,,,,,,,2,,35,,0,,14.6,,89,,100,
-52.78333888888889,47.513355555555556,ST JOHNS WEST CLIMATE,8403603,8403603.2025.5.23,2025-05-23 00:00:00,NL,2025,5,23,4.7,,1.5,,7.8,,0.2,,,,,,,,16,,34,,0,,13.3,,64,,100,
-52.78333888888889,47.513355555555556,ST JOHNS WEST CLIMATE,8403603,8403603.2025.5.24,2025-05-24 00:00:00,NL,2025,5,24,7,,2.5,,11.5,,7.4,,,,,,,,10,,32,,0,,11,,79,,100,
-52.78333888888889,47.513355555555556,ST JOHNS WEST CLIMATE,8403603,8403603.2025.5.25,2025-05-25 00:00:00,NL,2025,5,25,5.7,,1.8,,9.7,,0.2,,,,,,,,32,,33,,0,,12.3,,87,,100,
-52.78333888888889,47.513355555555556,ST JOHNS WEST CLIMATE,8403603,8403603.2025.5.26,2025-05-26 00:00:00,NL,2025,5,26,3.5,,0.4,,6.5,,0,,,,,,,,,,,,0,,14.5,,71,,100,
-52.78333888888889,47.513355555555556,ST JOHNS WEST CLIMATE,8403603,8403603.2025.5.27,2025-05-27 00:00:00,NL,2025,5,27,5.6,,-0.6,,11.7,,0,,,,,,,,,,,,0,,12.4,,47,,100,
-52.78333888888889,47.513355555555556,ST JOHNS WEST CLIMATE,8403603,8403603.2025.5.28,2025-05-28 00:00:00,NL,2025,5,28,10.3,,3.4,,17.2,,0,,,,,,,,26,,49,,0,,7.7,,39,,91,
-52.78333888888889,47.513355555555556,ST JOHNS WEST CLIMATE,8403603,8403603.2025.5.29,2025-05-29 00:00:00,NL,2025,5,29,15.8,,7.8,,23.8,,0,,,,,,,,29,,39,,0,,2.2,,29,,71,
-52.78333888888889,47.513355555555556,ST JOHNS WEST CLIMATE,8403603,8403603.2025.5.30,2025-05-30 00:00:00,NL,2025,5,30,14.4,,7.6,,21.3,,0,,,,,,,,22,,49,,0,,3.6,,40,,100,
-52.78333888888889,47.513355555555556,ST JOHNS WEST CLIMATE,8403603,8403603.2025.5.31,2025-05-31 00:00:00,NL,2025,5,31,15.2,,9.3,,21.1,,1.2,,,,,,,,,,,,0,,2.8,,61,,100,
-52.78333888888889,47.513355555555556,ST JOHNS WEST CLIMATE,8403603,8403603.2025.6.1,2025-06-01 00:00:00,NL,2025,6,1,15.6,,11.5,,19.8,,6.2,,,,,,,,22,,51,,0,,2.4,,82,,100,
-52.78333888888889,47.513355555555556,ST JOHNS WEST CLIMATE,8403603,8403603.2025.6.2,2025-06-02 00:00:00,NL,2025,6,2,16.3,,11,,21.5,,0.7,,,,,,,,23,,50,,0,,1.7,,52,,99,
-52.78333888888889,47.513355555555556,ST JOHNS WEST CLIMATE,8403603,8403603.2025.6.3,2025-06-03 00:00:00,NL,2025,6,3,15.7,,10.3,,21.2,,0.4,,,,,,,,22,,39,,0,,2.3,,39,,94,
-52.78333888888889,47.513355555555556,ST JOHNS WEST CLIMATE,8403603,8403603.2025.6.4,2025-06-04 00:00:00,NL,2025,6,4,13.2,,7.4,,18.9,,0,,,,,,,,,,,,0,,4.8,,49,,88,
-52.78333888888889,47.513355555555556,ST JOHNS WEST CLIMATE,8403603,8403603.2025.6.5,2025-06-05 00:00:00,NL,2025,6,5,16.7,,7.1,,26.4,,0,,,,,,,,25,,42,,0,,1.3,,39,,98,
-52.78333888888889,47.513355555555556,ST JOHNS WEST CLIMATE,8403603,8403603.2025.6.6,2025-06-06 00:00:00,NL,2025,6,6,19.4,,14.1,,24.8,,0,,,,,,,,24,,38,,1.4,,0,,60,,99,
-52.78333888888889,47.513355555555556,ST JOHNS WEST CLIMATE,8403603,8403603.2025.6.7,2025-06-07 00:00:00,NL,2025,6,7,17.6,,12.7,,22.5,,0,,,,,,,,24,,33,,0,,0.4,,61,,100,
-52.78333888888889,47.513355555555556,ST JOHNS WEST CLIMATE,8403603,8403603.2025.6.8,2025-06-08 00:00:00,NL,2025,6,8,11.4,,6.5,,16.4,,8.1,,,,,,,,21,,59,,0,,6.6,,92,,100,
-52.78333888888889,47.513355555555556,ST JOHNS WEST CLIMATE,8403603,8403603.2025.6.9,2025-06-09 00:00:00,NL,2025,6,9,11.6,,6.2,,17.1,,0,,,,,,,,30,,40,,0,,6.4,,47,,95,
-52.78333888888889,47.513355555555556,ST JOHNS WEST CLIMATE,8403603,8403603.2025.6.10,2025-06-10 00:00:00,NL,2025,6,10,14.7,,6.8,,22.6,,0,,,,,,,,,,,,0,,3.3,,36,,82,
-52.78333888888889,47.513355555555556,ST JOHNS WEST CLIMATE,8403603,8403603.2025.6.11,2025-06-11 00:00:00,NL,2025,6,11,10.8,,6.1,,15.5,,2.5,,,,,,,,18,,49,,0,,7.2,,53,,100,
-52.78333888888889,47.513355555555556,ST JOHNS WEST CLIMATE,8403603,8403603.2025.6.12,2025-06-12 00:00:00,NL,2025,6,12,,M,,M,,M,,M,,,,,,,,M,,M,,M,,M,,M,,M
-52.78333888888889,47.513355555555556,ST JOHNS WEST CLIMATE,8403603,8403603.2025.6.13,2025-06-13 00:00:00,NL,2025,6,13,11.8,,4.3,,19.2,,0,,,,,,,,24,,42,,0,,6.2,,55,,97,
-52.78333888888889,47.513355555555556,ST JOHNS WEST CLIMATE,8403603,8403603.2025.6.14,2025-06-14 00:00:00,NL,2025,6,14,9.8,,3.9,,15.8,,0,,,,,,,,26,,33,,0,,8.2,,47,,84,
-52.78333888888889,47.513355555555556,ST JOHNS WEST CLIMATE,8403603,8403603.2025.6.15,2025-06-15 00:00:00,NL,2025,6,15,12.9,,7.2,,18.6,,0,,,,,,,,,,,,0,,5.1,,42,,86,
-52.78333888888889,47.513355555555556,ST JOHNS WEST CLIMATE,8403603,8403603.2025.6.16,2025-06-16 00:00:00,NL,2025,6,16,13.5,,6.4,,20.6,,0,,,,,,,,28,,36,,0,,4.5,,32,,95,
-52.78333888888889,47.513355555555556,ST JOHNS WEST CLIMATE,8403603,8403603.2025.6.17,2025-06-17 00:00:00,NL,2025,6,17,13.5,,5.8,,21.3,,0,,,,,,,,23,,48,,0,,4.5,,41,,96,
-52.78333888888889,47.513355555555556,ST JOHNS WEST CLIMATE,8403603,8403603.2025.6.18,2025-06-18 00:00:00,NL,2025,6,18,,M,,M,,M,,M,,,,,,,,M,,M,,M,,M,,M,,M
-52.78333888888889,47.513355555555556,ST JOHNS WEST CLIMATE,8403603,8403603.2025.6.19,2025-06-19 00:00:00,NL,2025,6,19,17.9,,15.4,,20.4,,3.8,,,,,,,,24,,56,,0,,0.1,,80,,97,
-52.78333888888889,47.513355555555556,ST JOHNS WEST CLIMATE,8403603,8403603.2025.6.20,2025-06-20 00:00:00,NL,2025,6,20,19.8,,15.7,,23.9,,0.4,,,,,,,,21,,41,,1.8,,0,,84,,99,
-52.78333888888889,47.513355555555556,ST JOHNS WEST CLIMATE,8403603,8403603.2025.6.21,2025-06-21 00:00:00,NL,2025,6,21,14.4,,8.4,,20.5,,0,,,,,,,,22,,67,,0,,3.6,,60,,99,
-52.78333888888889,47.513355555555556,ST JOHNS WEST CLIMATE,8403603,8403603.2025.6.22,2025-06-22 00:00:00,NL,2025,6,22,12.6,,7.9,,17.3,,0,,,,,,,,23,,49,,0,,5.4,,51,,89,
-52.78333888888889,47.513355555555556,ST JOHNS WEST CLIMATE,8403603,8403603.2025.6.23,2025-06-23 00:00:00,NL,2025,6,23,14.7,,8.7,,20.6,,0,,,,,,,,23,,51,,0,,3.3,,53,,98,
-52.78333888888889,47.513355555555556,ST JOHNS WEST CLIMATE,8403603,8403603.2025.6.24,2025-06-24 00:00:00,NL,2025,6,24,14.1,,10.9,,17.3,,0,,,,,,,,,,,,0,,3.9,,77,,99,
-52.78333888888889,47.513355555555556,ST JOHNS WEST CLIMATE,8403603,8403603.2025.6.25,2025-06-25 00:00:00,NL,2025,6,25,17.1,,7.4,,26.7,,0.2,,,,,,,,28,,48,,0,,0.9,,41,,100,
-52.78333888888889,47.513355555555556,ST JOHNS WEST CLIMATE,8403603,8403603.2025.6.26,2025-06-26 00:00:00,NL,2025,6,26,10.4,,5,,15.7,,7.7,,,,,,,,35,,33,,0,,7.6,,50,,100,
-52.78333888888889,47.513355555555556,ST JOHNS WEST CLIMATE,8403603,8403603.2025.6.27,2025-06-27 00:00:00,NL,2025,6,27,7.4,,1.4,,13.5,,3,,,,,,,,34,,49,,0,,10.6,,69,,100,
-52.78333888888889,47.513355555555556,ST JOHNS WEST CLIMATE,8403603,8403603.2025.6.28,2025-06-28 00:00:00,NL,2025,6,28,11.4,,3.6,,19.3,,0,,,,,,,,28,,33,,0,,6.6,,40,,91,
-52.78333888888889,47.513355555555556,ST JOHNS WEST CLIMATE,8403603,8403603.2025.6.29,2025-06-29 00:00:00,NL,2025,6,29,16.5,,8.8,,24.2,,0,,,,,,,,25,,38,,0,,1.5,,36,,93,
-52.78333888888889,47.513355555555556,ST JOHNS WEST CLIMATE,8403603,8403603.2025.6.30,2025-06-30 00:00:00,NL,2025,6,30,15.2,,9.9,,20.6,,2.6,,,,,,,,18,,48,,0,,2.8,,55,,100,
-52.78333888888889,47.513355555555556,ST JOHNS WEST CLIMATE,8403603,8403603.2025.7.1,2025-07-01 00:00:00,NL,2025,7,1,17.6,,12.6,,22.5,,0,,,,,,,,,,,,0,,0.4,,67,,100,
-52.78333888888889,47.513355555555556,ST JOHNS WEST CLIMATE,8403603,8403603.2025.7.2,2025-07-02 00:00:00,NL,2025,7,2,18.9,,13.5,,24.2,,0,,,,,,,,22,,50,,0.9,,0,,71,,100,
-52.78333888888889,47.513355555555556,ST JOHNS WEST CLIMATE,8403603,8403603.2025.7.3,2025-07-03 00:00:00,NL,2025,7,3,23.5,,17.3,,29.8,,10.5,,,,,,,,25,,32,,5.5,,0,,44,,100,
-52.78333888888889,47.513355555555556,ST JOHNS WEST CLIMATE,8403603,8403603.2025.7.4,2025-07-04 00:00:00,NL,2025,7,4,20.1,,16.7,,23.5,,2.6,,,,,,,,21,,40,,2.1,,0,,87,,100,
-52.78333888888889,47.513355555555556,ST JOHNS WEST CLIMATE,8403603,8403603.2025.7.5,2025-07-05 00:00:00,NL,2025,7,5,17.5,,12.4,,22.7,,1.3,,,,,,,,23,,32,,0,,0.5,,80,,100,
-52.78333888888889,47.513355555555556,ST JOHNS WEST CLIMATE,8403603,8403603.2025.7.6,2025-07-06 00:00:00,NL,2025,7,6,16.7,,12.1,,21.3,,0,,,,,,,,23,,41,,0,,1.3,,64,,100,
-52.78333888888889,47.513355555555556,ST JOHNS WEST CLIMATE,8403603,8403603.2025.7.7,2025-07-07 00:00:00,NL,2025,7,7,19.7,,14.8,,24.6,,6.9,,,,,,,,21,,43,,1.7,,0,,66,,100,
-52.78333888888889,47.513355555555556,ST JOHNS WEST CLIMATE,8403603,8403603.2025.7.8,2025-07-08 00:00:00,NL,2025,7,8,15.1,,9.7,,20.4,,0,,,,,,,,23,,31,,0,,2.9,,54,,100,
-52.78333888888889,47.513355555555556,ST JOHNS WEST CLIMATE,8403603,8403603.2025.7.9,2025-07-09 00:00:00,NL,2025,7,9,14.1,,7.9,,20.2,,0,,,,,,,,,,,,0,,3.9,,51,,100,
-52.78333888888889,47.513355555555556,ST JOHNS WEST CLIMATE,8403603,8403603.2025.7.10,2025-07-10 00:00:00,NL,2025,7,10,16.9,,10.4,,23.4,,0,,,,,,,,,,,,0,,1.1,,39,,100,
-52.78333888888889,47.513355555555556,ST JOHNS WEST CLIMATE,8403603,8403603.2025.7.11,2025-07-11 00:00:00,NL,2025,7,11,16.8,,9.4,,24.1,,4,,,,,,,,,,,,0,,1.2,,40,,100,
-52.78333888888889,47.513355555555556,ST JOHNS WEST CLIMATE,8403603,8403603.2025.7.12,2025-07-12 00:00:00,NL,2025,7,12,13.8,,11.3,,16.3,,8,,,,,,,,1,,45,,0,,4.2,,71,,100,
-52.78333888888889,47.513355555555556,ST JOHNS WEST CLIMATE,8403603,8403603.2025.7.13,2025-07-13 00:00:00,NL,2025,7,13,19.2,,12,,26.4,,0,,,,,,,,,,,,1.2,,0,,30,,91,
-52.78333888888889,47.513355555555556,ST JOHNS WEST CLIMATE,8403603,8403603.2025.7.14,2025-07-14 00:00:00,NL,2025,7,14,21.6,,13.1,,30.1,,0,,,,,,,,,,,,3.6,,0,,32,,93,
-52.78333888888889,47.513355555555556,ST JOHNS WEST CLIMATE,8403603,8403603.2025.7.15,2025-07-15 00:00:00,NL,2025,7,15,20.3,,16.4,,24.1,,0,,,,,,,,20,,41,,2.3,,0,,62,,98,
-52.78333888888889,47.513355555555556,ST JOHNS WEST CLIMATE,8403603,8403603.2025.7.16,2025-07-16 00:00:00,NL,2025,7,16,19.8,,15,,24.7,,0,,,,,,,,28,,35,,1.8,,0,,67,,100,
-52.78333888888889,47.513355555555556,ST JOHNS WEST CLIMATE,8403603,8403603.2025.7.17,2025-07-17 00:00:00,NL,2025,7,17,23.3,,15.9,,30.8,,0,,,,,,,,24,,48,,5.3,,0,,46,,97,
-52.78333888888889,47.513355555555556,ST JOHNS WEST CLIMATE,8403603,8403603.2025.7.18,2025-07-18 00:00:00,NL,2025,7,18,22.2,,17.8,,26.6,,0.3,,,,,,,,22,,50,,4.2,,0,,74,,99,
-52.78333888888889,47.513355555555556,ST JOHNS WEST CLIMATE,8403603,8403603.2025.7.19,2025-07-19 00:00:00,NL,2025,7,19,20.3,,14.9,,25.7,,0,,,,,,,,30,,35,,2.3,,0,,38,,92,
-52.78333888888889,47.513355555555556,ST JOHNS WEST CLIMATE,8403603,8403603.2025.7.20,2025-07-20 00:00:00,NL,2025,7,20,21.3,,15.1,,27.5,,0,,,,,,,,23,,41,,3.3,,0,,39,,71,
-52.78333888888889,47.513355555555556,ST JOHNS WEST CLIMATE,8403603,8403603.2025.7.21,2025-07-21 00:00:00,NL,2025,7,21,19,,13.8,,24.2,,6,,,,,,,,,,,,1,,0,,58,,100,
-52.78333888888889,47.513355555555556,ST JOHNS WEST CLIMATE,8403603,8403603.2025.7.22,2025-07-22 00:00:00,NL,2025,7,22,11.9,,7.2,,16.6,,2,,,,,,,,35,,61,,0,,6.1,,78,,100,
-52.78333888888889,47.513355555555556,ST JOHNS WEST CLIMATE,8403603,8403603.2025.7.23,2025-07-23 00:00:00,NL,2025,7,23,15.7,,10.2,,21.1,,0,,,,,,,,29,,37,,0,,2.3,,42,,93,
-52.78333888888889,47.513355555555556,ST JOHNS WEST CLIMATE,8403603,8403603.2025.7.24,2025-07-24 00:00:00,NL,2025,7,24,16.9,,10.3,,23.5,,0,,,,,,,,23,,41,,0,,1.1,,45,,85,
-52.78333888888889,47.513355555555556,ST JOHNS WEST CLIMATE,8403603,8403603.2025.7.25,2025-07-25 00:00:00,NL,2025,7,25,19.5,,14.7,,24.2,,0,,,,,,,,23,,58,,1.5,,0,,50,,94,
-52.78333888888889,47.513355555555556,ST JOHNS WEST CLIMATE,8403603,8403603.2025.7.26,2025-07-26 00:00:00,NL,2025,7,26,16.7,,11.9,,21.5,,1.5,,,,,,,,22,,43,,0,,1.3,,84,,97,
-52.78333888888889,47.513355555555556,ST JOHNS WEST CLIMATE,8403603,8403603.2025.7.27,2025-07-27 00:00:00,NL,2025,7,27,17.9,,11.4,,24.3,,0,,,,,,,,28,,38,,0,,0.1,,47,,97,
-52.78333888888889,47.513355555555556,ST JOHNS WEST CLIMATE,8403603,8403603.2025.7.28,2025-07-28 00:00:00,NL,2025,7,28,19.6,,14.5,,24.7,,0,,,,,,,,24,,46,,1.6,,0,,42,,93,
-52.78333888888889,47.513355555555556,ST JOHNS WEST CLIMATE,8403603,8403603.2025.7.29,2025-07-29 00:00:00,NL,2025,7,29,19.4,,14.6,,24.2,,0,,,,,,,,,,,,1.4,,0,,59,,98,
-52.78333888888889,47.513355555555556,ST JOHNS WEST CLIMATE,8403603,8403603.2025.7.30,2025-07-30 00:00:00,NL,2025,7,30,21.3,,14.7,,27.9,,5.4,,,,,,,,19,,40,,3.3,,0,,55,,99,
-52.78333888888889,47.513355555555556,ST JOHNS WEST CLIMATE,8403603,8403603.2025.7.31,2025-07-31 00:00:00,NL,2025,7,31,19.8,,15,,24.5,,0,,,,,,,,23,,35,,1.8,,0,,68,,99,
-52.78333888888889,47.513355555555556,ST JOHNS WEST CLIMATE,8403603,8403603.2025.8.1,2025-08-01 00:00:00,NL,2025,8,1,16.7,,11.2,,22.3,,0,,,,,,,,,,,,0,,1.3,,31,,100,
-52.78333888888889,47.513355555555556,ST JOHNS WEST CLIMATE,8403603,8403603.2025.8.2,2025-08-02 00:00:00,NL,2025,8,2,14.2,,8.4,,20,,0,,,,,,,,,,,,0,,3.8,,42,,100,
-52.78333888888889,47.513355555555556,ST JOHNS WEST CLIMATE,8403603,8403603.2025.8.3,2025-08-03 00:00:00,NL,2025,8,3,16.5,,8.7,,24.4,,0,,,,,,,,24,,40,,0,,1.5,,30,,98,
-52.78333888888889,47.513355555555556,ST JOHNS WEST CLIMATE,8403603,8403603.2025.8.4,2025-08-04 00:00:00,NL,2025,8,4,16.3,,8.7,,23.8,,0,,,,,,,,21,,35,,0,,1.7,,34,,100,
-52.78333888888889,47.513355555555556,ST JOHNS WEST CLIMATE,8403603,8403603.2025.8.5,2025-08-05 00:00:00,NL,2025,8,5,14.5,,6.3,,22.7,,0,,,,,,,,32,,32,,0,,3.5,,39,,99,
-52.78333888888889,47.513355555555556,ST JOHNS WEST CLIMATE,8403603,8403603.2025.8.6,2025-08-06 00:00:00,NL,2025,8,6,14.3,,5.3,,23.3,,0,,,,,,,,14,,32,,0,,3.7,,29,,100,
-52.78333888888889,47.513355555555556,ST JOHNS WEST CLIMATE,8403603,8403603.2025.8.7,2025-08-07 00:00:00,NL,2025,8,7,18.2,,11.4,,24.9,,0,,,,,,,,29,,33,,0.2,,0,,31,,79,
-52.78333888888889,47.513355555555556,ST JOHNS WEST CLIMATE,8403603,8403603.2025.8.8,2025-08-08 00:00:00,NL,2025,8,8,19.5,,13.8,,25.3,,0,,,,,,,,,,,,1.5,,0,,46,,88,
-52.78333888888889,47.513355555555556,ST JOHNS WEST CLIMATE,8403603,8403603.2025.8.9,2025-08-09 00:00:00,NL,2025,8,9,21.8,,13.1,,30.4,,0,,,,,,,,28,,34,,3.8,,0,,34,,92,
-52.78333888888889,47.513355555555556,ST JOHNS WEST CLIMATE,8403603,8403603.2025.8.10,2025-08-10 00:00:00,NL,2025,8,10,20.9,,13.8,,28,,0,,,,,,,,28,,32,,2.9,,0,,45,,96,
-52.78333888888889,47.513355555555556,ST JOHNS WEST CLIMATE,8403603,8403603.2025.8.11,2025-08-11 00:00:00,NL,2025,8,11,22.6,,16.8,,28.5,,0,,,,,,,,24,,40,,4.6,,0,,31,,67,
-52.78333888888889,47.513355555555556,ST JOHNS WEST CLIMATE,8403603,8403603.2025.8.12,2025-08-12 00:00:00,NL,2025,8,12,25,,18.8,,31.2,,0,,,,,,,,27,,37,,7,,0,,29,,69,
-52.78333888888889,47.513355555555556,ST JOHNS WEST CLIMATE,8403603,8403603.2025.8.13,2025-08-13 00:00:00,NL,2025,8,13,23.5,,16.9,,30.1,,0.2,,,,,,,,22,,33,,5.5,,0,,40,,96,
-52.78333888888889,47.513355555555556,ST JOHNS WEST CLIMATE,8403603,8403603.2025.8.14,2025-08-14 00:00:00,NL,2025,8,14,21.9,,16.6,,27.3,,0,,,,,,,,22,,43,,3.9,,0,,62,,99,
-52.78333888888889,47.513355555555556,ST JOHNS WEST CLIMATE,8403603,8403603.2025.8.15,2025-08-15 00:00:00,NL,2025,8,15,20.5,,12.4,,28.7,,0.9,,,,,,,,23,,36,,2.5,,0,,55,,99,
-52.78333888888889,47.513355555555556,ST JOHNS WEST CLIMATE,8403603,8403603.2025.8.16,2025-08-16 00:00:00,NL,2025,8,16,9.3,,4.7,,13.9,,0,,,,,,,,1,,39,,0,,8.7,,64,,97,
-52.78333888888889,47.513355555555556,ST JOHNS WEST CLIMATE,8403603,8403603.2025.8.17,2025-08-17 00:00:00,NL,2025,8,17,10.8,,3.8,,17.9,,0,,,,,,,,,,,,0,,7.2,,53,,100,
-52.78333888888889,47.513355555555556,ST JOHNS WEST CLIMATE,8403603,8403603.2025.8.18,2025-08-18 00:00:00,NL,2025,8,18,15.6,,9.7,,21.5,,0,,,,,,,,12,,31,,0,,2.4,,60,,100,
-52.78333888888889,47.513355555555556,ST JOHNS WEST CLIMATE,8403603,8403603.2025.8.19,2025-08-19 00:00:00,NL,2025,8,19,12.7,,10.3,,15.2,,17.7,,,,,,,,1,,42,,0,,5.3,,91,,99,
-52.78333888888889,47.513355555555556,ST JOHNS WEST CLIMATE,8403603,8403603.2025.8.20,2025-08-20 00:00:00,NL,2025,8,20,11.1,,6.9,,15.2,,0.3,,,,,,,,31,,48,,0,,6.9,,67,,96,
-52.78333888888889,47.513355555555556,ST JOHNS WEST CLIMATE,8403603,8403603.2025.8.21,2025-08-21 00:00:00,NL,2025,8,21,14,,7.3,,20.8,,0,,,,,,,,28,,50,,0,,4,,33,,94,
-52.78333888888889,47.513355555555556,ST JOHNS WEST CLIMATE,8403603,8403603.2025.8.22,2025-08-22 00:00:00,NL,2025,8,22,11.2,,7.9,,14.6,,0,,,,,,,,35,,34,,0,,6.8,,75,,90,
-52.78333888888889,47.513355555555556,ST JOHNS WEST CLIMATE,8403603,8403603.2025.8.23,2025-08-23 00:00:00,NL,2025,8,23,9.3,,7,,11.5,,0,,,,,,,,1,,50,,0,,8.7,,78,,96,
-52.78333888888889,47.513355555555556,ST JOHNS WEST CLIMATE,8403603,8403603.2025.8.24,2025-08-24 00:00:00,NL,2025,8,24,16,,8.9,,23.2,,0,,,,,,,,26,,46,,0,,2,,52,,92,
-52.78333888888889,47.513355555555556,ST JOHNS WEST CLIMATE,8403603,8403603.2025.8.25,2025-08-25 00:00:00,NL,2025,8,25,20,,15.4,,24.6,,0,,,,,,,,23,,49,,2,,0,,53,,97,
-52.78333888888889,47.513355555555556,ST JOHNS WEST CLIMATE,8403603,8403603.2025.8.26,2025-08-26 00:00:00,NL,2025,8,26,18.8,,15.4,,22.2,,23.9,,,,,,,,21,,54,,0.8,,0,,88,,100,
-52.78333888888889,47.513355555555556,ST JOHNS WEST CLIMATE,8403603,8403603.2025.8.27,2025-08-27 00:00:00,NL,2025,8,27,19,,15.7,,22.3,,0,,,,,,,,,,,,1,,0,,73,,98,
-52.78333888888889,47.513355555555556,ST JOHNS WEST CLIMATE,8403603,8403603.2025.8.28,2025-08-28 00:00:00,NL,2025,8,28,16.1,,11.5,,20.6,,3.4,,,,,,,,,,,,0,,1.9,,69,,100,
-52.78333888888889,47.513355555555556,ST JOHNS WEST CLIMATE,8403603,8403603.2025.8.29,2025-08-29 00:00:00,NL,2025,8,29,14.9,,11.1,,18.6,,0,,,,,,,,,,,,0,,3.1,,77,,100,
-52.78333888888889,47.513355555555556,ST JOHNS WEST CLIMATE,8403603,8403603.2025.8.30,2025-08-30 00:00:00,NL,2025,8,30,15.4,,12.4,,18.4,,24.7,,,,,,,,12,,60,,0,,2.6,,87,,100,
-52.78333888888889,47.513355555555556,ST JOHNS WEST CLIMATE,8403603,8403603.2025.8.31,2025-08-31 00:00:00,NL,2025,8,31,16.4,,10.9,,21.9,,5.3,,,,,,,,26,,34,,0,,1.6,,57,,100,
-52.78333888888889,47.513355555555556,ST JOHNS WEST CLIMATE,8403603,8403603.2025.9.1,2025-09-01 00:00:00,NL,2025,9,1,10,,5.1,,14.8,,0.4,,,,,,,,34,,33,,0,,8,,61,,100,
-52.78333888888889,47.513355555555556,ST JOHNS WEST CLIMATE,8403603,8403603.2025.9.2,2025-09-02 00:00:00,NL,2025,9,2,15,,7.8,,22.2,,0,,,,,,,,,,,,0,,3,,51,,100,
-52.78333888888889,47.513355555555556,ST JOHNS WEST CLIMATE,8403603,8403603.2025.9.3,2025-09-03 00:00:00,NL,2025,9,3,14.7,,8.1,,21.3,,0,,,,,,,,,,,,0,,3.3,,44,,100,
-52.78333888888889,47.513355555555556,ST JOHNS WEST CLIMATE,8403603,8403603.2025.9.4,2025-09-04 00:00:00,NL,2025,9,4,15.7,,9,,22.3,,0,,,,,,,,,,,,0,,2.3,,59,,100,
-52.78333888888889,47.513355555555556,ST JOHNS WEST CLIMATE,8403603,8403603.2025.9.5,2025-09-05 00:00:00,NL,2025,9,5,15,,10.6,,19.3,,0,,,,,,,,,,,,0,,3,,70,,100,
-52.78333888888889,47.513355555555556,ST JOHNS WEST CLIMATE,8403603,8403603.2025.9.6,2025-09-06 00:00:00,NL,2025,9,6,17.2,,11.7,,22.7,,0,,,,,,,,,,,,0,,0.8,,58,,100,
-52.78333888888889,47.513355555555556,ST JOHNS WEST CLIMATE,8403603,8403603.2025.9.7,2025-09-07 00:00:00,NL,2025,9,7,20.8,,15.7,,25.8,,0,,,,,,,,23,,48,,2.8,,0,,58,,100,
-52.78333888888889,47.513355555555556,ST JOHNS WEST CLIMATE,8403603,8403603.2025.9.8,2025-09-08 00:00:00,NL,2025,9,8,19.7,,15.3,,24.2,,3.2,,,,,,,,24,,52,,1.7,,0,,68,,99,
-52.78333888888889,47.513355555555556,ST JOHNS WEST CLIMATE,8403603,8403603.2025.9.9,2025-09-09 00:00:00,NL,2025,9,9,12.9,,7.6,,18.2,,0.2,,,,,,,,,,,,0,,5.1,,51,,96,
-52.78333888888889,47.513355555555556,ST JOHNS WEST CLIMATE,8403603,8403603.2025.9.10,2025-09-10 00:00:00,NL,2025,9,10,12.5,,5.7,,19.2,,0,,,,,,,,,,,,0,,5.5,,44,,100,
-52.78333888888889,47.513355555555556,ST JOHNS WEST CLIMATE,8403603,8403603.2025.9.11,2025-09-11 00:00:00,NL,2025,9,11,11.5,,8.6,,14.4,,9.8,,,,,,,,5,,32,,0,,6.5,,85,,100,
-52.78333888888889,47.513355555555556,ST JOHNS WEST CLIMATE,8403603,8403603.2025.9.12,2025-09-12 00:00:00,NL,2025,9,12,11.3,,7.6,,14.9,,1.9,,,,,,,,31,,44,,0,,6.7,,81,,100,
-52.78333888888889,47.513355555555556,ST JOHNS WEST CLIMATE,8403603,8403603.2025.9.13,2025-09-13 00:00:00,NL,2025,9,13,8.5,,4,,13,,0.5,,,,,,,,,,,,0,,9.5,,67,,99,
-52.78333888888889,47.513355555555556,ST JOHNS WEST CLIMATE,8403603,8403603.2025.9.14,2025-09-14 00:00:00,NL,2025,9,14,9.1,,3.2,,15.1,,0,,,,,,,,15,,32,,0,,8.9,,65,,100,
-52.78333888888889,47.513355555555556,ST JOHNS WEST CLIMATE,8403603,8403603.2025.9.15,2025-09-15 00:00:00,NL,2025,9,15,12.6,,7.8,,17.4,,0.7,,,,,,,,,,,,0,,5.4,,68,,100,
-52.78333888888889,47.513355555555556,ST JOHNS WEST CLIMATE,8403603,8403603.2025.9.16,2025-09-16 00:00:00,NL,2025,9,16,11.7,,5.8,,17.5,,0.9,,,,,,,,35,,41,,0,,6.3,,69,,100,
-52.78333888888889,47.513355555555556,ST JOHNS WEST CLIMATE,8403603,8403603.2025.9.17,2025-09-17 00:00:00,NL,2025,9,17,12.9,,7.3,,18.5,,0,,,,,,,,28,,37,,0,,5.1,,56,,92,
-52.78333888888889,47.513355555555556,ST JOHNS WEST CLIMATE,8403603,8403603.2025.9.18,2025-09-18 00:00:00,NL,2025,9,18,15.8,,9.3,,22.4,,0,,,,,,,,22,,44,,0,,2.2,,53,,99,
-52.78333888888889,47.513355555555556,ST JOHNS WEST CLIMATE,8403603,8403603.2025.9.19,2025-09-19 00:00:00,NL,2025,9,19,15.7,,11.6,,19.8,,2.4,,,,,,,,,,,,0,,2.3,,87,,100,
-52.78333888888889,47.513355555555556,ST JOHNS WEST CLIMATE,8403603,8403603.2025.9.20,2025-09-20 00:00:00,NL,2025,9,20,11.2,,7.6,,14.8,,0.2,,,,,,,,25,,40,,0,,6.8,,44,,96,
-52.78333888888889,47.513355555555556,ST JOHNS WEST CLIMATE,8403603,8403603.2025.9.21,2025-09-21 00:00:00,NL,2025,9,21,10.9,,7.8,,14.1,,0,,,,,,,,30,,44,,0,,7.1,,41,,80,
-52.78333888888889,47.513355555555556,ST JOHNS WEST CLIMATE,8403603,8403603.2025.9.22,2025-09-22 00:00:00,NL,2025,9,22,14.4,,10,,18.8,,0,,,,,,,,26,,43,,0,,3.6,,46,,97,
-52.78333888888889,47.513355555555556,ST JOHNS WEST CLIMATE,8403603,8403603.2025.9.23,2025-09-23 00:00:00,NL,2025,9,23,14.2,,10.3,,18.1,,0,,,,,,,,,,,,0,,3.8,,59,,98,
-52.78333888888889,47.513355555555556,ST JOHNS WEST CLIMATE,8403603,8403603.2025.9.24,2025-09-24 00:00:00,NL,2025,9,24,8,,2.3,,13.6,,0,,,,,,,,1,,33,,0,,10,,73,,99,
-52.78333888888889,47.513355555555556,ST JOHNS WEST CLIMATE,8403603,8403603.2025.9.25,2025-09-25 00:00:00,NL,2025,9,25,11,,3.3,,18.6,,0,,,,,,,,28,,42,,0,,7,,35,,98,
-52.78333888888889,47.513355555555556,ST JOHNS WEST CLIMATE,8403603,8403603.2025.9.26,2025-09-26 00:00:00,NL,2025,9,26,13.8,,8.8,,18.7,,13.4,,,,,,,,20,,54,,0,,4.2,,72,,99,
-52.78333888888889,47.513355555555556,ST JOHNS WEST CLIMATE,8403603,8403603.2025.9.27,2025-09-27 00:00:00,NL,2025,9,27,13.6,,8.2,,19.1,,0,,,,,,,,29,,42,,0,,4.4,,54,,97,
-52.78333888888889,47.513355555555556,ST JOHNS WEST CLIMATE,8403603,8403603.2025.9.28,2025-09-28 00:00:00,NL,2025,9,28,10,,5.5,,14.5,,0,,,,,,,,22,,40,,0,,8,,60,,100,
-52.78333888888889,47.513355555555556,ST JOHNS WEST CLIMATE,8403603,8403603.2025.9.29,2025-09-29 00:00:00,NL,2025,9,29,13.5,,10.5,,16.4,,0.9,,,,,,,,30,,54,,0,,4.5,,61,,96,
-52.78333888888889,47.513355555555556,ST JOHNS WEST CLIMATE,8403603,8403603.2025.9.30,2025-09-30 00:00:00,NL,2025,9,30,6.7,,1.4,,12,,0.9,,,,,,,,30,,42,,0,,11.3,,62,,100,
-52.78333888888889,47.513355555555556,ST JOHNS WEST CLIMATE,8403603,8403603.2025.10.1,2025-10-01 00:00:00,NL,2025,10,1,5.1,,0.9,,9.4,,1.5,,,,,,,,32,,35,,0,,12.9,,68,,99,
-52.78333888888889,47.513355555555556,ST JOHNS WEST CLIMATE,8403603,8403603.2025.10.2,2025-10-02 00:00:00,NL,2025,10,2,3.4,,-0.5,,7.4,,1.9,,,,,,,,1,,46,,0,,14.6,,63,,97,
-52.78333888888889,47.513355555555556,ST JOHNS WEST CLIMATE,8403603,8403603.2025.10.3,2025-10-03 00:00:00,NL,2025,10,3,10.6,,3.6,,17.6,,0,,,,,,,,24,,34,,0,,7.4,,46,,99,
-52.78333888888889,47.513355555555556,ST JOHNS WEST CLIMATE,8403603,8403603.2025.10.4,2025-10-04 00:00:00,NL,2025,10,4,10.3,,4.3,,16.4,,2.5,,,,,,,,33,,46,,0,,7.7,,53,,100,
-52.78333888888889,47.513355555555556,ST JOHNS WEST CLIMATE,8403603,8403603.2025.10.5,2025-10-05 00:00:00,NL,2025,10,5,4.8,,1.3,,8.4,,0.2,,,,,,,,34,,41,,0,,13.2,,65,,96,
-52.78333888888889,47.513355555555556,ST JOHNS WEST CLIMATE,8403603,8403603.2025.10.6,2025-10-06 00:00:00,NL,2025,10,6,6.8,,-0.9,,14.4,,0,,,,,,,,22,,35,,0,,11.2,,50,,99,
-52.78333888888889,47.513355555555556,ST JOHNS WEST CLIMATE,8403603,8403603.2025.10.7,2025-10-07 00:00:00,NL,2025,10,7,15.7,,9.5,,21.9,,0,,,,,,,,22,,37,,0,,2.3,,67,,100,
-52.78333888888889,47.513355555555556,ST JOHNS WEST CLIMATE,8403603,8403603.2025.10.8,2025-10-08 00:00:00,NL,2025,10,8,,M,,M,,M,,M,,,,,,,,M,,M,,M,,M,,M,,M
-52.78333888888889,47.513355555555556,ST JOHNS WEST CLIMATE,8403603,8403603.2025.10.9,2025-10-09 00:00:00,NL,2025,10,9,12.7,,5.2,,20.2,,4.8,,,,,,,,19,,67,,0,,5.3,,81,,97,
-52.78333888888889,47.513355555555556,ST JOHNS WEST CLIMATE,8403603,8403603.2025.10.10,2025-10-10 00:00:00,NL,2025,10,10,4.7,,1.9,,7.6,,1.6,,,,,,,,30,,39,,0,,13.3,,53,,93,
-52.78333888888889,47.513355555555556,ST JOHNS WEST CLIMATE,8403603,8403603.2025.10.11,2025-10-11 00:00:00,NL,2025,10,11,10.5,,6.1,,14.9,,0.3,,,,,,,,31,,48,,0,,7.5,,49,,83,
-52.78333888888889,47.513355555555556,ST JOHNS WEST CLIMATE,8403603,8403603.2025.10.12,2025-10-12 00:00:00,NL,2025,10,12,4.6,,1.8,,7.4,,0,,,,,,,,32,,48,,0,,13.4,,52,,84,
-52.78333888888889,47.513355555555556,ST JOHNS WEST CLIMATE,8403603,8403603.2025.10.13,2025-10-13 00:00:00,NL,2025,10,13,7.4,,3.2,,11.6,,0,,,,,,,,31,,37,,0,,10.6,,41,,85,
-52.78333888888889,47.513355555555556,ST JOHNS WEST CLIMATE,8403603,8403603.2025.10.14,2025-10-14 00:00:00,NL,2025,10,14,7.2,,5.6,,8.8,,0,,,,,,,,36,,39,,0,,10.8,,67,,97,
-52.78333888888889,47.513355555555556,ST JOHNS WEST CLIMATE,8403603,8403603.2025.10.15,2025-10-15 00:00:00,NL,2025,10,15,7.2,,5.2,,9.2,,0,,,,,,,,,,,,0,,10.8,,82,,99,
-52.78333888888889,47.513355555555556,ST JOHNS WEST CLIMATE,8403603,8403603.2025.10.16,2025-10-16 00:00:00,NL,2025,10,16,7.5,,5.5,,9.5,,0,,,,,,,,,,,,0,,10.5,,89,,99,
-52.78333888888889,47.513355555555556,ST JOHNS WEST CLIMATE,8403603,8403603.2025.10.17,2025-10-17 00:00:00,NL,2025,10,17,8,,6.4,,9.6,,0,,,,,,,,,,,,0,,10,,90,,100,
-52.78333888888889,47.513355555555556,ST JOHNS WEST CLIMATE,8403603,8403603.2025.10.18,2025-10-18 00:00:00,NL,2025,10,18,7.5,,6.4,,8.7,,1.1,,,,,,,,5,,38,,0,,10.5,,99,,100,
-52.78333888888889,47.513355555555556,ST JOHNS WEST CLIMATE,8403603,8403603.2025.10.19,2025-10-19 00:00:00,NL,2025,10,19,6.8,,4.7,,8.9,,1.1,,,,,,,,1,,44,,0,,11.2,,96,,100,
-52.78333888888889,47.513355555555556,ST JOHNS WEST CLIMATE,8403603,8403603.2025.10.20,2025-10-20 00:00:00,NL,2025,10,20,5.8,,2.2,,9.3,,0.2,,,,,,,,,,,,0,,12.2,,84,,100,
-52.78333888888889,47.513355555555556,ST JOHNS WEST CLIMATE,8403603,8403603.2025.10.21,2025-10-21 00:00:00,NL,2025,10,21,6.8,,0.2,,13.4,,0,,,,,,,,,,,,0,,11.2,,72,,100,
-52.78333888888889,47.513355555555556,ST JOHNS WEST CLIMATE,8403603,8403603.2025.10.22,2025-10-22 00:00:00,NL,2025,10,22,9.3,,6.2,,12.4,,0,,,,,,,,20,,35,,0,,8.7,,72,,98,
-52.78333888888889,47.513355555555556,ST JOHNS WEST CLIMATE,8403603,8403603.2025.10.23,2025-10-23 00:00:00,NL,2025,10,23,13.9,,10.4,,17.4,,8.3,,,,,,,,18,,37,,0,,4.1,,81,,99,
-52.78333888888889,47.513355555555556,ST JOHNS WEST CLIMATE,8403603,8403603.2025.10.24,2025-10-24 00:00:00,NL,2025,10,24,15.2,,13.6,,16.8,,38,,,,,,,,,,,,0,,2.8,,96,,99,
-52.78333888888889,47.513355555555556,ST JOHNS WEST CLIMATE,8403603,8403603.2025.10.25,2025-10-25 00:00:00,NL,2025,10,25,10.2,,3.8,,16.6,,1.6,,,,,,,,24,,44,,0,,7.8,,85,,99,
-52.78333888888889,47.513355555555556,ST JOHNS WEST CLIMATE,8403603,8403603.2025.10.26,2025-10-26 00:00:00,NL,2025,10,26,9.2,,4,,14.4,,0,,,,,,,,,,,,0,,8.8,,68,,100,
-52.78333888888889,47.513355555555556,ST JOHNS WEST CLIMATE,8403603,8403603.2025.10.27,2025-10-27 00:00:00,NL,2025,10,27,7.2,,5.3,,9.2,,0,,,,,,,,,,,,0,,10.8,,79,,98,
-52.78333888888889,47.513355555555556,ST JOHNS WEST CLIMATE,8403603,8403603.2025.10.28,2025-10-28 00:00:00,NL,2025,10,28,4.6,,2.4,,6.8,,0,,,,,,,,7,,33,,0,,13.4,,80,,94,
-52.78333888888889,47.513355555555556,ST JOHNS WEST CLIMATE,8403603,8403603.2025.10.29,2025-10-29 00:00:00,NL,2025,10,29,5.2,,0.2,,10.2,,0,,,,,,,,,,,,0,,12.8,,64,,97,
-52.78333888888889,47.513355555555556,ST JOHNS WEST CLIMATE,8403603,8403603.2025.10.30,2025-10-30 00:00:00,NL,2025,10,30,6.8,,2,,11.5,,0,,,,,,,,,,,,0,,11.2,,62,,99,
-52.78333888888889,47.513355555555556,ST JOHNS WEST CLIMATE,8403603,8403603.2025.10.31,2025-10-31 00:00:00,NL,2025,10,31,5.7,,1,,10.4,,38.2,,,,,,,,8,,60,,0,,12.3,,79,,99,
-52.78333888888889,47.513355555555556,ST JOHNS WEST CLIMATE,8403603,8403603.2025.11.1,2025-11-01 00:00:00,NL,2025,11,1,11.1,,8.8,,13.3,,1.8,,,,,,0,,24,,67,,0,,6.9,,69,,99,
-52.78333888888889,47.513355555555556,ST JOHNS WEST CLIMATE,8403603,8403603.2025.11.2,2025-11-02 00:00:00,NL,2025,11,2,6.4,,3.5,,9.4,,2.8,,,,,,0,,24,,50,,0,,11.6,,73,,95,
-52.78333888888889,47.513355555555556,ST JOHNS WEST CLIMATE,8403603,8403603.2025.11.3,2025-11-03 00:00:00,NL,2025,11,3,1.2,,-2.9,,5.3,,3.6,,,,,,0,,31,,34,,0,,16.8,,59,,96,
-52.78333888888889,47.513355555555556,ST JOHNS WEST CLIMATE,8403603,8403603.2025.11.4,2025-11-04 00:00:00,NL,2025,11,4,4.3,,-0.7,,9.3,,37.1,,,,,,0,,16,,91,,0,,13.7,,82,,97,
-52.78333888888889,47.513355555555556,ST JOHNS WEST CLIMATE,8403603,8403603.2025.11.5,2025-11-05 00:00:00,NL,2025,11,5,4.4,,2.1,,6.7,,2.3,,,,,,,,29,,78,,0,,13.6,,59,,92,
-52.78333888888889,47.513355555555556,ST JOHNS WEST CLIMATE,8403603,8403603.2025.11.6,2025-11-06 00:00:00,NL,2025,11,6,3.9,,0.2,,7.6,,23.9,,,,,,,,35,,60,,0,,14.1,,59,,98,
-52.78333888888889,47.513355555555556,ST JOHNS WEST CLIMATE,8403603,8403603.2025.11.7,2025-11-07 00:00:00,NL,2025,11,7,3.6,,1.5,,5.6,,0.2,,,,,,4,,27,,71,,0,,14.4,,48,,80,
-52.78333888888889,47.513355555555556,ST JOHNS WEST CLIMATE,8403603,8403603.2025.11.8,2025-11-08 00:00:00,NL,2025,11,8,5.8,,1.3,,10.3,,5.2,,,,,,0,,30,,50,,0,,12.2,,47,,98,
-52.78333888888889,47.513355555555556,ST JOHNS WEST CLIMATE,8403603,8403603.2025.11.9,2025-11-09 00:00:00,NL,2025,11,9,8.1,,4.6,,11.6,,12.7,,,,,,1,,34,,37,,0,,9.9,,86,,99,
-52.78333888888889,47.513355555555556,ST JOHNS WEST CLIMATE,8403603,8403603.2025.11.10,2025-11-10 00:00:00,NL,2025,11,10,3.8,,2.6,,5,,0,,,,,,,,,,,,0,,14.2,,76,,94,
-52.78333888888889,47.513355555555556,ST JOHNS WEST CLIMATE,8403603,8403603.2025.11.11,2025-11-11 00:00:00,NL,2025,11,11,7.6,,3.2,,12,,41.1,,,,,,0,,17,,62,,0,,10.4,,91,,99,
-52.78333888888889,47.513355555555556,ST JOHNS WEST CLIMATE,8403603,8403603.2025.11.12,2025-11-12 00:00:00,NL,2025,11,12,6.6,,0,,13.3,,9.9,,,,,,0,,19,,61,,0,,11.4,,58,,97,
-52.78333888888889,47.513355555555556,ST JOHNS WEST CLIMATE,8403603,8403603.2025.11.13,2025-11-13 00:00:00,NL,2025,11,13,3.9,,0.3,,7.5,,26.2,,,,,,0,,9,,65,,0,,14.1,,85,,99,
-52.78333888888889,47.513355555555556,ST JOHNS WEST CLIMATE,8403603,8403603.2025.11.14,2025-11-14 00:00:00,NL,2025,11,14,6.5,,4.4,,8.7,,11.5,,,,,,0,,17,,62,,0,,11.5,,87,,99,
-52.78333888888889,47.513355555555556,ST JOHNS WEST CLIMATE,8403603,8403603.2025.11.15,2025-11-15 00:00:00,NL,2025,11,15,3.6,,-0.6,,7.7,,0,,,,,,0,,19,,34,,0,,14.4,,65,,97,
-52.78333888888889,47.513355555555556,ST JOHNS WEST CLIMATE,8403603,8403603.2025.11.16,2025-11-16 00:00:00,NL,2025,11,16,2.4,,-0.4,,5.3,,0,,,,,,0,,,,,,0,,15.6,,79,,100,
-52.78333888888889,47.513355555555556,ST JOHNS WEST CLIMATE,8403603,8403603.2025.11.17,2025-11-17 00:00:00,NL,2025,11,17,8.5,,4.2,,12.7,,30.5,,,,,,1,,12,,65,,0,,9.5,,90,,99,
-52.78333888888889,47.513355555555556,ST JOHNS WEST CLIMATE,8403603,8403603.2025.11.18,2025-11-18 00:00:00,NL,2025,11,18,5.3,,2.1,,8.4,,0.6,,,,,,1,,21,,51,,0,,12.7,,69,,96,
-52.78333888888889,47.513355555555556,ST JOHNS WEST CLIMATE,8403603,8403603.2025.11.19,2025-11-19 00:00:00,NL,2025,11,19,5.1,,2.6,,7.5,,0.5,,,,,,1,,21,,47,,0,,12.9,,69,,91,
-52.78333888888889,47.513355555555556,ST JOHNS WEST CLIMATE,8403603,8403603.2025.11.20,2025-11-20 00:00:00,NL,2025,11,20,3.3,,-1.7,,8.2,,0,,,,,,1,,,,,,0,,14.7,,61,,95,
-52.78333888888889,47.513355555555556,ST JOHNS WEST CLIMATE,8403603,8403603.2025.11.21,2025-11-21 00:00:00,NL,2025,11,21,3.1,,-0.6,,6.7,,2.7,,,,,,2,,,,,,0,,14.9,,64,,96,
-52.78333888888889,47.513355555555556,ST JOHNS WEST CLIMATE,8403603,8403603.2025.11.22,2025-11-22 00:00:00,NL,2025,11,22,5.9,,3.4,,8.4,,3.2,,,,,,1,,11,,44,,0,,12.1,,91,,99,
-52.78333888888889,47.513355555555556,ST JOHNS WEST CLIMATE,8403603,8403603.2025.11.23,2025-11-23 00:00:00,NL,2025,11,23,5.4,,-0.6,,11.3,,9.7,,,,,,0,,29,,60,,0,,12.6,,74,,98,
-52.78333888888889,47.513355555555556,ST JOHNS WEST CLIMATE,8403603,8403603.2025.11.24,2025-11-24 00:00:00,NL,2025,11,24,2.2,,-1.3,,5.8,,0,,,,,,0,,,,,,0,,15.8,,72,,97,
-52.78333888888889,47.513355555555556,ST JOHNS WEST CLIMATE,8403603,8403603.2025.11.25,2025-11-25 00:00:00,NL,2025,11,25,2.3,,0.1,,4.6,,1.7,,,,,,,,28,,38,,0,,15.7,,61,,95,
-52.78333888888889,47.513355555555556,ST JOHNS WEST CLIMATE,8403603,8403603.2025.11.26,2025-11-26 00:00:00,NL,2025,11,26,2.7,,0.2,,5.3,,7.7,,,,,,,,29,,37,,0,,15.3,,74,,99,
-52.78333888888889,47.513355555555556,ST JOHNS WEST CLIMATE,8403603,8403603.2025.11.27,2025-11-27 00:00:00,NL,2025,11,27,5,,2.6,,7.5,,7.6,,,,,,0,,6,,32,,0,,13,,97,,100,
-52.78333888888889,47.513355555555556,ST JOHNS WEST CLIMATE,8403603,8403603.2025.11.28,2025-11-28 00:00:00,NL,2025,11,28,5.8,,3.9,,7.8,,7.6,,,,,,,,23,,44,,0,,12.2,,90,,99,
-52.78333888888889,47.513355555555556,ST JOHNS WEST CLIMATE,8403603,8403603.2025.11.29,2025-11-29 00:00:00,NL,2025,11,29,3.3,,0.1,,6.4,,1.2,,,,,,,,23,,57,,0,,14.7,,58,,89,
-52.78333888888889,47.513355555555556,ST JOHNS WEST CLIMATE,8403603,8403603.2025.11.30,2025-11-30 00:00:00,NL,2025,11,30,0.3,,-1.9,,2.4,,0,,,,,,,,28,,58,,0,,17.7,,64,,81,
-52.78333888888889,47.513355555555556,ST JOHNS WEST CLIMATE,8403603,8403603.2025.12.1,2025-12-01 00:00:00,NL,2025,12,1,3.4,,-2.5,,9.3,,13.6,,,,,,,,18,,54,,0,,14.6,,78,,98,
